дата;домен;
2024-01-03;0701198199.ru;
2024-01-03;0RL0VA.ru;
2024-01-03;1000-RASKRASKA.ru;
2024-01-03;1000I1KNIGI.ru;
2024-01-03;101RECIPES.ru;
2024-01-03;15-CODD.ru;
2024-01-03;15CODD.ru;
2024-01-03;177TV.ru;
2024-01-03;1900SPB.ru;
2024-01-03;1PIN-UP24.ru;
2024-01-03;1PINUP24.ru;
2024-01-03;1TO12.ru;
2024-01-03;1WHALE.ru;
2024-01-03;1WIN-2023-GO.ru;
2024-01-03;1WIN-2024-AKE.ru;
2024-01-03;1WIN-2024-AKG.ru;
2024-01-03;1WIN-2024-STQ.ru;
2024-01-03;1WIN-2024-STX.ru;
2024-01-03;1WIN-2024-STZ.ru;
2024-01-03;1XSLOTSCASINO7.ru;
2024-01-03;2023-YEAR.ru;
2024-01-03;22COPY.ru;
2024-01-03;24NEWYEARSHOP.ru;
2024-01-03;24SURGUT-PND.ru;
2024-01-03;2FDZEN.ru;
2024-01-03;2FMAIL.ru;
2024-01-03;2FWILDBERRIES.ru;
2024-01-03;2GIS-ANDERTUSHKA.ru;
2024-01-03;2KVR.ru;
2024-01-03;2MOTORA.ru;
2024-01-03;3333222.ru;
2024-01-03;3D-SAD.ru;
2024-01-03;42AGENCY.ru;
2024-01-03;5FERA.ru;
2024-01-03;5ZVEZDOCHEK.ru;
2024-01-03;7-SABER.ru;
2024-01-03;71144.ru;
2024-01-03;74GOV.ru;
2024-01-03;75KVARTAL.ru;
2024-01-03;777CASIA.ru;
2024-01-03;777CASIB.ru;
2024-01-03;777CASIC.ru;
2024-01-03;777CASID.ru;
2024-01-03;777CASIE.ru;
2024-01-03;7901.ru;
2024-01-03;7E5.ru;
2024-01-03;7K7CASINO7.ru;
2024-01-03;7KCASINO7.ru;
2024-01-03;85CALC.ru;
2024-01-03;89063223838.ru;
2024-01-03;8ROCK.ru;
2024-01-03;9713333.ru;
2024-01-03;A807.ru;
2024-01-03;ABLEPSYCLI.ru;
2024-01-03;ABOBRYSHEV.ru;
2024-01-03;ABRISER.ru;
2024-01-03;ABSCRIPT.ru;
2024-01-03;AC-LADAIRK.ru;
2024-01-03;ACCESS4YOU.ru;
2024-01-03;ACEMOLD.ru;
2024-01-03;ACTIVELIFE-54.ru;
2024-01-03;AD-VENT.ru;
2024-01-03;ADAGYZOVA.ru;
2024-01-03;ADJARIA.ru;
2024-01-03;ADMDRAGUNKA.ru;
2024-01-03;ADWILD.ru;
2024-01-03;AFASTRAH.ru;
2024-01-03;AFFILIATE-PRO.ru;
2024-01-03;AFTERHOLIDAYS.ru;
2024-01-03;AGENCY42.ru;
2024-01-03;AGENTBANKA.ru;
2024-01-03;AGK-TEST-SITE.ru;
2024-01-03;AGROKINO.ru;
2024-01-03;AGUANIA.ru;
2024-01-03;AHIM-INVEST.ru;
2024-01-03;AI-BLOGGER.ru;
2024-01-03;AIBRAINCONTENT.ru;
2024-01-03;AIDEEL.ru;
2024-01-03;AIIGERISHA.ru;
2024-01-03;AIKEYAI.ru;
2024-01-03;AINOTES.ru;
2024-01-03;AINUDE.ru;
2024-01-03;AITHREADS.ru;
2024-01-03;AKI-OTYR.ru;
2024-01-03;AKIUSHKIN.ru;
2024-01-03;AKKKMMM.ru;
2024-01-03;AKPAEV.ru;
2024-01-03;AKTIVV.ru;
2024-01-03;AKURITSYNA.ru;
2024-01-03;AKVAHIT-RUSSIA.ru;
2024-01-03;AL1CERUN.ru;
2024-01-03;ALASTRAH.ru;
2024-01-03;ALBOMQ.ru;
2024-01-03;ALBREHT-1.ru;
2024-01-03;ALBUMQ.ru;
2024-01-03;ALEALESHE.ru;
2024-01-03;ALEKSANDRTRIFONOV.ru;
2024-01-03;ALEKSEJVESELOV.ru;
2024-01-03;ALEKSEY-1809.ru;
2024-01-03;ALEKSEY-77.ru;
2024-01-03;ALEKSPRESS.ru;
2024-01-03;ALEMMTV.ru;
2024-01-03;ALENAIVOCHKINA.ru;
2024-01-03;ALESIAPOPOVA.ru;
2024-01-03;ALEXEYKRYLOVSKIY.ru;
2024-01-03;ALEXEYROMANOV.ru;
2024-01-03;ALEXQUS64.ru;
2024-01-03;ALEXSMITH-PRO.ru;
2024-01-03;ALFAPARALLEL.ru;
2024-01-03;ALFAPOLICY.ru;
2024-01-03;ALFASOCHISEMINAR261023.ru;
2024-01-03;ALFASOCHISEMINAR301123.ru;
2024-01-03;ALFASTRASH.ru;
2024-01-03;ALFASTRH.ru;
2024-01-03;ALFASTTAH.ru;
2024-01-03;ALIBESTSHOP.ru;
2024-01-03;ALIEXPRESSPHOTO.ru;
2024-01-03;ALIMOVICH.ru;
2024-01-03;ALISALAPINA.ru;
2024-01-03;ALKOLEKAR.ru;
2024-01-03;ALLALTMEDICINE.ru;
2024-01-03;ALLCAPTAINS.ru;
2024-01-03;ALLCARAVANERS.ru;
2024-01-03;ALLIEXPRES.ru;
2024-01-03;ALLSALMON.ru;
2024-01-03;ALPHAPARALLEL.ru;
2024-01-03;ALSEZ.ru;
2024-01-03;ALTAIR-TV.ru;
2024-01-03;ALTEMTOP.ru;
2024-01-03;ALUMINIUM-ROSTOV.ru;
2024-01-03;ALUMINIUMMAX.ru;
2024-01-03;AMAGALL.ru;
2024-01-03;AMARKHANOVA.ru;
2024-01-03;AMAZONASNEW.ru;
2024-01-03;AMGDESIGNER.ru;
2024-01-03;AMPLIQ.ru;
2024-01-03;AMSKV.ru;
2024-01-03;ANALIZCOM.ru;
2024-01-03;ANAPA-DOSUG.ru;
2024-01-03;ANAVIS.ru;
2024-01-03;ANCOPY.ru;
2024-01-03;ANDEWOO.ru;
2024-01-03;ANDREJWARVAR.ru;
2024-01-03;ANDREYKOSOV.ru;
2024-01-03;ANDREYPAVLOV76.ru;
2024-01-03;ANGARSK-38.ru;
2024-01-03;ANGELSBAR.ru;
2024-01-03;ANGELSCLUBESCORT.ru;
2024-01-03;ANGRYPC.ru;
2024-01-03;ANIMALWORLDWIDE.ru;
2024-01-03;ANIMATIONWEBSITEPTV.ru;
2024-01-03;ANIRAID.ru;
2024-01-03;ANK713.ru;
2024-01-03;ANNA-AVERINA.ru;
2024-01-03;ANNA-SILANTEVA.ru;
2024-01-03;ANNA45.ru;
2024-01-03;ANNASTREAM.ru;
2024-01-03;ANNUUR.ru;
2024-01-03;ANTIGSAM606.ru;
2024-01-03;ANTOKHIN1.ru;
2024-01-03;ANTOSIKRIMA.ru;
2024-01-03;ANTYQUA.ru;
2024-01-03;AORTEGA.ru;
2024-01-03;APMAD.ru;
2024-01-03;APPLEIPHONE16.ru;
2024-01-03;APRICOT-VALLEY.ru;
2024-01-03;APTEKAKERA.ru;
2024-01-03;ARASERJ.ru;
2024-01-03;ARBITLIGHT.ru;
2024-01-03;ARCHIMED-PROJECT.ru;
2024-01-03;ARETKSX.ru;
2024-01-03;ARI-RITUAL.ru;
2024-01-03;ARIDEYA-RUSSIA.ru;
2024-01-03;ARIEL-NSK.ru;
2024-01-03;ARIELNSK.ru;
2024-01-03;ARIZONA-STUDIO.ru;
2024-01-03;ARIZONA-WEST.ru;
2024-01-03;ARKGAMECAG.ru;
2024-01-03;ARMUSTRUST.ru;
2024-01-03;ART-CULT.ru;
2024-01-03;ART4ME.ru;
2024-01-03;ARTEKS-BATLES.ru;
2024-01-03;ARTEMBABANSKII.ru;
2024-01-03;ARTEMBABANSKIY.ru;
2024-01-03;ARTEMBABANSKY.ru;
2024-01-03;ARTHALLSGALLERIES.ru;
2024-01-03;ARTLINE-MARKET.ru;
2024-01-03;ARZ-SAMURAI.ru;
2024-01-03;ASGARD-MP.ru;
2024-01-03;ASLAYA-AMS.ru;
2024-01-03;ASLAYA-AMS-FINANS.ru;
2024-01-03;ASOSHKA.ru;
2024-01-03;ASSADYKOVA.ru;
2024-01-03;ASSTRAL29.ru;
2024-01-03;ASTAKHOV-VIKTOR.ru;
2024-01-03;ASTAPOV-7.ru;
2024-01-03;ASTLAN.ru;
2024-01-03;ATAKDOMAIN.ru;
2024-01-03;ATHDD.ru;
2024-01-03;ATOMY-UFA.ru;
2024-01-03;ATS-UTC.ru;
2024-01-03;AUCTION-TRADER.ru;
2024-01-03;AUDIT-BANKROTSTVO.ru;
2024-01-03;AUTO-HELP72.ru;
2024-01-03;AUTONICS-RUSSIA.ru;
2024-01-03;AUTOPODBORCHELNY.ru;
2024-01-03;AUTOPODBORNIZHNIJ.ru;
2024-01-03;AUTOPODBORROSTOV.ru;
2024-01-03;AUTOPROGRAMS.ru;
2024-01-03;AUTOROOFRACK.ru;
2024-01-03;AUTOSALON-TULA.ru;
2024-01-03;AUTOSOS76.ru;
2024-01-03;AUTOVYKUP78.ru;
2024-01-03;AVEDAFOOD.ru;
2024-01-03;AVIATION-GIN.ru;
2024-01-03;AVIRAKHOVSKIY.ru;
2024-01-03;AVISLIA.ru;
2024-01-03;AVITOLOG2024.ru;
2024-01-03;AVKOPT.ru;
2024-01-03;AVTO-VYKUP-SPB.ru;
2024-01-03;AVTOCAMPING.ru;
2024-01-03;AVTOSHKOLA-MGN.ru;
2024-01-03;AXIOMCRM24.ru;
2024-01-03;AZARIO-RUSSIA.ru;
2024-01-03;AZHOLTIKOV.ru;
2024-01-03;BABESTATION.ru;
2024-01-03;BABKINAME.ru;
2024-01-03;BABKIUDOMA.ru;
2024-01-03;BADGODMAN.ru;
2024-01-03;BAGTT.ru;
2024-01-03;BAIDINRG.ru;
2024-01-03;BAIKALIANA.ru;
2024-01-03;BALBEKOVS.ru;
2024-01-03;BALUMAUGLI82.ru;
2024-01-03;BANANA-TON.ru;
2024-01-03;BANKI-SKLIANKI.ru;
2024-01-03;BARBIELISS.ru;
2024-01-03;BARCA-SERVER-MYAPP.ru;
2024-01-03;BARIDA.ru;
2024-01-03;BARNAUL-INDI.ru;
2024-01-03;BAROTOV.ru;
2024-01-03;BARSOFRUSSIA.ru;
2024-01-03;BAYARD55.ru;
2024-01-03;BAZA-21.ru;
2024-01-03;BAZA21.ru;
2024-01-03;BAZALEX.ru;
2024-01-03;BDUMA.ru;
2024-01-03;BEAUTY-365.ru;
2024-01-03;BEAUTY-VOTES.ru;
2024-01-03;BEBERASHVILI.ru;
2024-01-03;BEKRUZIBOEV.ru;
2024-01-03;BELVICS71TULA.ru;
2024-01-03;BEN-SERVICE.ru;
2024-01-03;BENCURAH.ru;
2024-01-03;BEREZHNOY1994.ru;
2024-01-03;BERGERR-RUSSIA.ru;
2024-01-03;BEST-NARKOLOG.ru;
2024-01-03;BETONIRK-ONLINE.ru;
2024-01-03;BIBIBAG.ru;
2024-01-03;BIBLIO-LITRES.ru;
2024-01-03;BICYCLEPEDALING.ru;
2024-01-03;BIGMONEYCODE.ru;
2024-01-03;BIKERSWAY.ru;
2024-01-03;BIRDFORUM.ru;
2024-01-03;BIZNESSNATALIEI.ru;
2024-01-03;BIZON-365.ru;
2024-01-03;BIZZON365.ru;
2024-01-03;BKKONTORA.ru;
2024-01-03;BLACK-NOTE.ru;
2024-01-03;BLACKENEDWHISKEY.ru;
2024-01-03;BLISSFULCREAMS.ru;
2024-01-03;BLOCK-MINE.ru;
2024-01-03;BLOOMIANA.ru;
2024-01-03;BLOSSOMNAIL.ru;
2024-01-03;BLOUSTAICI.ru;
2024-01-03;BLUE-WAVE.ru;
2024-01-03;BMSTU-DATE.ru;
2024-01-03;BOATCAMP.ru;
2024-01-03;BOGINYA-TLT.ru;
2024-01-03;BOLSHAKOVAV.ru;
2024-01-03;BONAPPETITEGAME.ru;
2024-01-03;BOOKOVO.ru;
2024-01-03;BOOMS-BEST.ru;
2024-01-03;BORISOV-EGOR.ru;
2024-01-03;BOSOVA11.ru;
2024-01-03;BOT-ROYALE.ru;
2024-01-03;BOYCHECHAK.ru;
2024-01-03;BRATIASUN.ru;
2024-01-03;BREMENSKIEMUZIKAN.ru;
2024-01-03;BREMENSKIEMUZIKANT.ru;
2024-01-03;BREMENSKIEMUZIKANTY.ru;
2024-01-03;BREMENSKIEMUZYKANTY2023.ru;
2024-01-03;BREMENSKIEMUZYKANTY2024.ru;
2024-01-03;BRONOHOTA.ru;
2024-01-03;BRUGMAN-RUSSIA.ru;
2024-01-03;BRUNI-SARABYANOV.ru;
2024-01-03;BUILDINGMIA.ru;
2024-01-03;BURDELNYJ.ru;
2024-01-03;BURGER-BOT.ru;
2024-01-03;BURLAKOVA-7.ru;
2024-01-03;BUS102-2024.ru;
2024-01-03;BUSHNELL-24.ru;
2024-01-03;BUTANAEVA.ru;
2024-01-03;BUYSIBERIAN.ru;
2024-01-03;BVB-KD.ru;
2024-01-03;BVBKB.ru;
2024-01-03;BY-AUTO-PARTS.ru;
2024-01-03;BY2BRO.ru;
2024-01-03;BYVSHIH.ru;
2024-01-03;CAKESTICKERS.ru;
2024-01-03;CALL4FREE.ru;
2024-01-03;CAMPINGI.ru;
2024-01-03;CANDELABRUMS.ru;
2024-01-03;CARHEALTHCHECK.ru;
2024-01-03;CARSSHOPING.ru;
2024-01-03;CASHYM.ru;
2024-01-03;CASINO7K7.ru;
2024-01-03;CASSA-TELLERS.ru;
2024-01-03;CATELAPINA.ru;
2024-01-03;CAZZANIGA.ru;
2024-01-03;CELEBRITY-LOUNGE.ru;
2024-01-03;CELESTIAVANILLA.ru;
2024-01-03;CENTER-COURSE.ru;
2024-01-03;CENTR-MAXI.ru;
2024-01-03;CENTR-MED-NOOVOSIBIRSK.ru;
2024-01-03;CERNIA.ru;
2024-01-03;CHARSTAR.ru;
2024-01-03;CHASOVO.ru;
2024-01-03;CHATROULETTE-GIRLS.ru;
2024-01-03;CHAWOOD.ru;
2024-01-03;CHEMSTAV.ru;
2024-01-03;CHIC-N-CHARME.ru;
2024-01-03;CHICGO.ru;
2024-01-03;CHILI-PEPPER.ru;
2024-01-03;CHILLERPUMP.ru;
2024-01-03;CHINALIZA.ru;
2024-01-03;CHINIMSERVICE.ru;
2024-01-03;CHOKUPIL.ru;
2024-01-03;CHONICHO.ru;
2024-01-03;CHSVSTICH.ru;
2024-01-03;CIELLULULASER.ru;
2024-01-03;CIRKUS-SOCHINSKII.ru;
2024-01-03;CIRQ-SOCHINSKII.ru;
2024-01-03;CITADEL-PROTECTION.ru;
2024-01-03;CIVZAPP.ru;
2024-01-03;CLASSTOP.ru;
2024-01-03;CLC79.ru;
2024-01-03;CLIMALAND.ru;
2024-01-03;CLOVERCUBES.ru;
2024-01-03;COBB15.ru;
2024-01-03;CODD15RU.ru;
2024-01-03;CODDD15.ru;
2024-01-03;CODDE15.ru;
2024-01-03;CODENAME-FLANKER.ru;
2024-01-03;COFFEEBSK.ru;
2024-01-03;COFFEELITE.ru;
2024-01-03;COI1I.ru;
2024-01-03;COLDBLUD.ru;
2024-01-03;COMFORTCATS.ru;
2024-01-03;COMPAS-AUTOCENTER.ru;
2024-01-03;COMPAS-EXPERT.ru;
2024-01-03;CONMC.ru;
2024-01-03;CONNECTOR73.ru;
2024-01-03;COPYRIGHT-CHU.ru;
2024-01-03;CORDX.ru;
2024-01-03;COSMETOLOG-365.ru;
2024-01-03;COSMETOLOG365.ru;
2024-01-03;COSMETOLOGY-365.ru;
2024-01-03;COSMETOLOGY365.ru;
2024-01-03;COSMOPYOS.ru;
2024-01-03;COUNT-HOST.ru;
2024-01-03;COVENANTMY.ru;
2024-01-03;CRAAAZYGAMES.ru;
2024-01-03;CRASHLIST1.ru;
2024-01-03;CREAMCRAFTS.ru;
2024-01-03;CREAMENCHANTMENT.ru;
2024-01-03;CREAMYELEGANCE.ru;
2024-01-03;CREATORSPACE.ru;
2024-01-03;CREDITZAYKA.ru;
2024-01-03;CRIMEANFACES.ru;
2024-01-03;CRUSHON.ru;
2024-01-03;CRYSTALBRIDE.ru;
2024-01-03;CS2BASE.ru;
2024-01-03;CUREMATE.ru;
2024-01-03;CURLYCHRISFOR.ru;
2024-01-03;DA-JIA.ru;
2024-01-03;DAGIROVSH.ru;
2024-01-03;DAJIA.ru;
2024-01-03;DAJIAXUEXIAO.ru;
2024-01-03;DALNIKOV.ru;
2024-01-03;DALNIKOVA.ru;
2024-01-03;DANIL-SOLOVYEV.ru;
2024-01-03;DANILAANDREEV.ru;
2024-01-03;DANILENKO-NUTRITION.ru;
2024-01-03;DANZHELTOV.ru;
2024-01-03;DAO-SAMA.ru;
2024-01-03;DAR-ZEMLI.ru;
2024-01-03;DARK-STORY.ru;
2024-01-03;DARKFANTI.ru;
2024-01-03;DARKTSTORY.ru;
2024-01-03;DARLINGUE.ru;
2024-01-03;DARRUSSIA.ru;
2024-01-03;DASHKEEERS.ru;
2024-01-03;DATADRIVENRETAIL.ru;
2024-01-03;DATADRIVENRETAILING.ru;
2024-01-03;DATARASYUK.ru;
2024-01-03;DAYZCLASSICMTA.ru;
2024-01-03;DBAYULDASHEV.ru;
2024-01-03;DCHETYRIN.ru;
2024-01-03;DDAKON.ru;
2024-01-03;DEBITOV.ru;
2024-01-03;DECODEMYDREAM.ru;
2024-01-03;DELIVERY-4546.ru;
2024-01-03;DELIVERY214.ru;
2024-01-03;DELTIC.ru;
2024-01-03;DELTIK.ru;
2024-01-03;DEN797.ru;
2024-01-03;DENBEND.ru;
2024-01-03;DENGISLOVO.ru;
2024-01-03;DENGIV.ru;
2024-01-03;DENGIVB.ru;
2024-01-03;DERATERSVI.ru;
2024-01-03;DESKTOP-TLGRAM.ru;
2024-01-03;DETIVFOKUSE.ru;
2024-01-03;DEV-GUILD.ru;
2024-01-03;DEV-PROGER.ru;
2024-01-03;DEV52.ru;
2024-01-03;DEVIJOE.ru;
2024-01-03;DEVOPS-FOR-PROGRAMMERS-PROJECT-76.ru;
2024-01-03;DGLAZUNOVA.ru;
2024-01-03;DGSPORTS.ru;
2024-01-03;DGVJ.ru;
2024-01-03;DHRABROV.ru;
2024-01-03;DIAL-RUSSIA.ru;
2024-01-03;DIAMOND-7.ru;
2024-01-03;DIANAKORNEVA.ru;
2024-01-03;DIBIPSICOLOGIA.ru;
2024-01-03;DIETOLOG-MOSCOW.ru;
2024-01-03;DIMVS80.ru;
2024-01-03;DIRINA-SM.ru;
2024-01-03;DIVIB.ru;
2024-01-03;DIZAIN-REMONT32.ru;
2024-01-03;DJMEGABYTE.ru;
2024-01-03;DJPROSPB.ru;
2024-01-03;DKINER.ru;
2024-01-03;DMSUPPLY.ru;
2024-01-03;DNESSCO.ru;
2024-01-03;DNK-ALLIANCE.ru;
2024-01-03;DOBROLIZING.ru;
2024-01-03;DOK-MEBEL-FRANSHIZA.ru;
2024-01-03;DOKTEH.ru;
2024-01-03;DOM11B.ru;
2024-01-03;DOMENSPORT.ru;
2024-01-03;DON019.ru;
2024-01-03;DONAVITO.ru;
2024-01-03;DOSPORTOS77.ru;
2024-01-03;DOSTAVKA-4547.ru;
2024-01-03;DOSUG-BARNAUL.ru;
2024-01-03;DOSVIDARY.ru;
2024-01-03;DRAZVALYAEV.ru;
2024-01-03;DREAMYCREAMS.ru;
2024-01-03;DREVOHOBBY.ru;
2024-01-03;DRIPALA.ru;
2024-01-03;DROORG.ru;
2024-01-03;DTCHERNONOG.ru;
2024-01-03;DTISHKIN.ru;
2024-01-03;DTK-BOREY.ru;
2024-01-03;DUBAI-PRIME.ru;
2024-01-03;DUBAI-REG.ru;
2024-01-03;DUBAI-SEA.ru;
2024-01-03;DUBAI-TRANSFER.ru;
2024-01-03;DUBAISEA.ru;
2024-01-03;DUBLIKATKLYCHA.ru;
2024-01-03;DUMHAMMER28.ru;
2024-01-03;DUMOS.ru;
2024-01-03;DUO-COFFEE.ru;
2024-01-03;DUSSE.ru;
2024-01-03;DUTYSTYLE.ru;
2024-01-03;DV-FLOWERS.ru;
2024-01-03;DVNAN.ru;
2024-01-03;DXB-SHOP.ru;
2024-01-03;DYNCRUGHAM.ru;
2024-01-03;DZENKOVICH.ru;
2024-01-03;DZIANIS.ru;
2024-01-03;E-ARC.ru;
2024-01-03;E-LNK.ru;
2024-01-03;EADODERACT.ru;
2024-01-03;EALEKSIN.ru;
2024-01-03;EASY-DROP-PROMOCOD.ru;
2024-01-03;EASYDONATESHOP.ru;
2024-01-03;ECONOMOSAGO.ru;
2024-01-03;EDBESSERMAN.ru;
2024-01-03;EDINOZHDYSOLGAV.ru;
2024-01-03;EDNA-FRILANS.ru;
2024-01-03;EDUCATIONINNOVATE.ru;
2024-01-03;EDUNEXTSTEPS.ru;
2024-01-03;EFIM0V.ru;
2024-01-03;EFORAL.ru;
2024-01-03;EGORLUN.ru;
2024-01-03;EIEYACHTS.ru;
2024-01-03;EIPTS.ru;
2024-01-03;EK-MIGUNOVA.ru;
2024-01-03;EKATERINA-LI.ru;
2024-01-03;EKATERINAFIL07.ru;
2024-01-03;EKATERINBURG-DOSUG.ru;
2024-01-03;ELATI.ru;
2024-01-03;ELEGRUM-SPB.ru;
2024-01-03;ELENA-KOSTINA.ru;
2024-01-03;ELENABEZRUKOVA93.ru;
2024-01-03;ELENY.ru;
2024-01-03;ELFAPERM.ru;
2024-01-03;ELFIDREAMER.ru;
2024-01-03;ELGISZ.ru;
2024-01-03;ELGUSTO11.ru;
2024-01-03;ELISKIN.ru;
2024-01-03;ELMIRACHIZH.ru;
2024-01-03;ELPST.ru;
2024-01-03;ELSEN-RUSSIA.ru;
2024-01-03;ELTPS.ru;
2024-01-03;EMAIL-OEZCOKUN.ru;
2024-01-03;EMELYANOV1989.ru;
2024-01-03;EMKAT.ru;
2024-01-03;EMKAZAKOV.ru;
2024-01-03;ENDURKINO.ru;
2024-01-03;ENDUROTEKA.ru;
2024-01-03;ENERGY-TM.ru;
2024-01-03;ENGLISH8.ru;
2024-01-03;ENRIKIESNO.ru;
2024-01-03;EOGEN.ru;
2024-01-03;EPIANGELS.ru;
2024-01-03;EPLTS.ru;
2024-01-03;EPOXY-STYLE.ru;
2024-01-03;EPSON-RICOH.ru;
2024-01-03;EROHIN-SB.ru;
2024-01-03;ESHATOS-LIB.ru;
2024-01-03;ESHISHKUTOVA.ru;
2024-01-03;ESHONFOOD.ru;
2024-01-03;ESPIUS.ru;
2024-01-03;ESPUS.ru;
2024-01-03;ESSENSVIP24.ru;
2024-01-03;ESSENSVIP61.ru;
2024-01-03;ESUCHKOVA.ru;
2024-01-03;ETOTOLKOTANEZ.ru;
2024-01-03;EUBLEFA.ru;
2024-01-03;EV-MEDIA.ru;
2024-01-03;EVA-DEMO1.ru;
2024-01-03;EVERLEST.ru;
2024-01-03;EVIDENCEMED.ru;
2024-01-03;EX-GRIEF.ru;
2024-01-03;EXAMIFY.ru;
2024-01-03;EXPRESSREST.ru;
2024-01-03;EYES-NSK.ru;
2024-01-03;EZHISCHE.ru;
2024-01-03;FABERLIC-NAFIKOVA.ru;
2024-01-03;FACENBASE.ru;
2024-01-03;FALLKICASE.ru;
2024-01-03;FAMIDOLLPROJECT.ru;
2024-01-03;FAMILY-ORGANIC.ru;
2024-01-03;FANFLOW.ru;
2024-01-03;FANOFFSILYBOYS.ru;
2024-01-03;FANTRIBE.ru;
2024-01-03;FANVIBE.ru;
2024-01-03;FARTYDICE.ru;
2024-01-03;FASTMI.ru;
2024-01-03;FEDINA-1.ru;
2024-01-03;FEDRESURSRF41.ru;
2024-01-03;FEDRESURSRF42.ru;
2024-01-03;FELDSHER03.ru;
2024-01-03;FES-DESIGN.ru;
2024-01-03;FFENNECHEK.ru;
2024-01-03;FIKFAP.ru;
2024-01-03;FILEPC.ru;
2024-01-03;FINADEMY.ru;
2024-01-03;FINAL-STROY.ru;
2024-01-03;FIRE-NEX.ru;
2024-01-03;FIRETEKNO.ru;
2024-01-03;FIRMA-OPTIC.ru;
2024-01-03;FISHANDRICE.ru;
2024-01-03;FITAKA.ru;
2024-01-03;FITROX.ru;
2024-01-03;FITVERONIKA.ru;
2024-01-03;FIVESAMP-RP.ru;
2024-01-03;FIZTECH-RUSSIA.ru;
2024-01-03;FL-MAR.ru;
2024-01-03;FLEXPRESS.ru;
2024-01-03;FLUPREDKLIO.ru;
2024-01-03;FNGINEER.ru;
2024-01-03;FOBOZ.ru;
2024-01-03;FOCUSLC.ru;
2024-01-03;FOCUSLEX.ru;
2024-01-03;FOKUSLEX.ru;
2024-01-03;FOLLYA.ru;
2024-01-03;FOMSOFT.ru;
2024-01-03;FORLETTER.ru;
2024-01-03;FORMAGINA.ru;
2024-01-03;FORUM-GRINCH-RP.ru;
2024-01-03;FORUMS-GUNZA.ru;
2024-01-03;FORYOU-4U.ru;
2024-01-03;FOTOMARI.ru;
2024-01-03;FOTOSTRELKAFEST.ru;
2024-01-03;FPV-FLY.ru;
2024-01-03;FRADAIKINA.ru;
2024-01-03;FRANKEEN.ru;
2024-01-03;FREECAM8.ru;
2024-01-03;FRESHHAUS.ru;
2024-01-03;FRUITGO.ru;
2024-01-03;FULLPAN.ru;
2024-01-03;FURAEV-1.ru;
2024-01-03;FUTBOTEKA.ru;
2024-01-03;FUTKINO.ru;
2024-01-03;FUTUREMINDEDU.ru;
2024-01-03;FXPROMAG.ru;
2024-01-03;GACHIRADIO.ru;
2024-01-03;GAGARIA.ru;
2024-01-03;GAIBOV1.ru;
2024-01-03;GALIEV-TOP.ru;
2024-01-03;GALLERY-FOUNTAIN.ru;
2024-01-03;GAME-COIN.ru;
2024-01-03;GAMEAVERAGE.ru;
2024-01-03;GAMEXTAZY.ru;
2024-01-03;GARILLACASINO8.ru;
2024-01-03;GARMONIA34.ru;
2024-01-03;GATESOFOLYMPUS2024.ru;
2024-01-03;GAZENKAMPF.ru;
2024-01-03;GC-EXPERT.ru;
2024-01-03;GEJNERT.ru;
2024-01-03;GELOPAY.ru;
2024-01-03;GEMA66.ru;
2024-01-03;GENERALCUBESON.ru;
2024-01-03;GENERALRAIN.ru;
2024-01-03;GENESISARENA.ru;
2024-01-03;GENEVIANA.ru;
2024-01-03;GET-ENGLISH.ru;
2024-01-03;GIDKAVKAZ.ru;
2024-01-03;GIS031.ru;
2024-01-03;GLAMPHOTEL.ru;
2024-01-03;GLAMPINGHOTEL.ru;
2024-01-03;GLASBOGA.ru;
2024-01-03;GLAVERSONPIT.ru;
2024-01-03;GLAVNOE-PRO-PENSUY-NEWS.ru;
2024-01-03;GLAZABOGATG.ru;
2024-01-03;GLAZBOGAOFICIAL.ru;
2024-01-03;GLOBALPARALLEL.ru;
2024-01-03;GLOBALTALENTSOLUTION.ru;
2024-01-03;GLS360.ru;
2024-01-03;GOBLAB.ru;
2024-01-03;GOBODEN.ru;
2024-01-03;GOJISTORE.ru;
2024-01-03;GOLDAPPLEINFO.ru;
2024-01-03;GOLDCYPRUS.ru;
2024-01-03;GOOPIIPD.ru;
2024-01-03;GOOTA.ru;
2024-01-03;GORILLACASINO7.ru;
2024-01-03;GORO-NEWS2024.ru;
2024-01-03;GOROD-MASTEROV1.ru;
2024-01-03;GORONIA.ru;
2024-01-03;GOROSKOPE2024.ru;
2024-01-03;GOSAUDIA.ru;
2024-01-03;GOSNSLUGI.ru;
2024-01-03;GPT-ASSISTANTS.ru;
2024-01-03;GRANCORAMINO.ru;
2024-01-03;GRANI-PRO.ru;
2024-01-03;GRAPHICDESIGN101.ru;
2024-01-03;GRCODER.ru;
2024-01-03;GRIFONVN.ru;
2024-01-03;GRIMCAST.ru;
2024-01-03;GRINCH2018.ru;
2024-01-03;GRISHINALEX82.ru;
2024-01-03;GROBITEL.ru;
2024-01-03;GRUZPER.ru;
2024-01-03;GRYPHCLUB.ru;
2024-01-03;GSKSB.ru;
2024-01-03;GUBERNYAN.ru;
2024-01-03;GUNFLEX.ru;
2024-01-03;GYMBOPRO.ru;
2024-01-03;GYMBOSPORTS.ru;
2024-01-03;GZHKU.ru;
2024-01-03;HACHATRJAN-7.ru;
2024-01-03;HACK-SKILL.ru;
2024-01-03;HAIREXPERTDOCTOR.ru;
2024-01-03;HANDYARI.ru;
2024-01-03;HARMONYCREAMS.ru;
2024-01-03;HARYOONLEE.ru;
2024-01-03;HAYRAPETYAN-1.ru;
2024-01-03;HEDGEBOOK.ru;
2024-01-03;HERBIANA.ru;
2024-01-03;HHOLOP2.ru;
2024-01-03;HIJAMA-AMINA.ru;
2024-01-03;HITMANS-SINDICATS-RUSSIA.ru;
2024-01-03;HITMANS-TIMA-MOSCOWS.ru;
2024-01-03;HITMANS-TIMA-MOSCOWSS.ru;
2024-01-03;HITUN.ru;
2024-01-03;HL-CS.ru;
2024-01-03;HOCHU-SEX-EKATERINBURG.ru;
2024-01-03;HOCKEYALEX.ru;
2024-01-03;HOLAF-TECH.ru;
2024-01-03;HOLD-6457.ru;
2024-01-03;HOLLOP-2.ru;
2024-01-03;HOLLOP-2-2024.ru;
2024-01-03;HOLLOP2.ru;
2024-01-03;HOLLOP2-2024.ru;
2024-01-03;HOLOP-2-2024.ru;
2024-01-03;HOLOP2-2024.ru;
2024-01-03;HOLOP2-FILM.ru;
2024-01-03;HOLOP2-KINO.ru;
2024-01-03;HOLOP2-SMOTRET.ru;
2024-01-03;HOLOP2023HD.ru;
2024-01-03;HOLOP2024.ru;
2024-01-03;HOLOP22023.ru;
2024-01-03;HOLOPHD.ru;
2024-01-03;HOLOPO2.ru;
2024-01-03;HOLOPP2HD.ru;
2024-01-03;HOLOPPE2.ru;
2024-01-03;HOLOPPI2.ru;
2024-01-03;HOLOPS2.ru;
2024-01-03;HOMEBEKA.ru;
2024-01-03;HOPEMAKAROVA.ru;
2024-01-03;HOROSHAYA-GADALKA.ru;
2024-01-03;HOROSHAYA-MASTERSKAYA.ru;
2024-01-03;HORSESECRETS.ru;
2024-01-03;HOSTELZAMZAM.ru;
2024-01-03;HOTELSTEC.ru;
2024-01-03;HUESTORE.ru;
2024-01-03;HUGEPETS.ru;
2024-01-03;HUMANGPT.ru;
2024-01-03;HUNTERSGOOD.ru;
2024-01-03;HUNTHELPER.ru;
2024-01-03;HUSEYNZADEE.ru;
2024-01-03;HUTSAU.ru;
2024-01-03;HYPERSHARK.ru;
2024-01-03;I-AM-HERE.ru;
2024-01-03;IA2024.ru;
2024-01-03;IAKKONEN.ru;
2024-01-03;IANPERN.ru;
2024-01-03;IAVICH.ru;
2024-01-03;ID-CRM.ru;
2024-01-03;ID-TECHNOLOGY.ru;
2024-01-03;ID-VPS.ru;
2024-01-03;ID0459.ru;
2024-01-03;ID04598.ru;
2024-01-03;ID332.ru;
2024-01-03;ID58059.ru;
2024-01-03;ID58060.ru;
2024-01-03;ID58061.ru;
2024-01-03;ID58062.ru;
2024-01-03;ID5932.ru;
2024-01-03;ID5935.ru;
2024-01-03;ID954737.ru;
2024-01-03;IECTA.ru;
2024-01-03;IERENBURG.ru;
2024-01-03;IFLARE.ru;
2024-01-03;IGORROMANENKO.ru;
2024-01-03;IKARPOVA.ru;
2024-01-03;IL-HELLO.ru;
2024-01-03;ILYA-KUZNETSOV.ru;
2024-01-03;ILYATESTER.ru;
2024-01-03;IMPERIAL-STATE-MC.ru;
2024-01-03;IMPERTAXI.ru;
2024-01-03;INCONDAST.ru;
2024-01-03;INDI-KURSK1.ru;
2024-01-03;INDIA-RUSSIA.ru;
2024-01-03;INDIVIDUALKI-ANAPA.ru;
2024-01-03;INDIVIDUALKI-BELGOROD.ru;
2024-01-03;INDIVIDUALKI-BELGORODA.ru;
2024-01-03;INDOGGOGIN.ru;
2024-01-03;INFEPOL.ru;
2024-01-03;INFOBOTRU.ru;
2024-01-03;INFOPUNK.ru;
2024-01-03;INNABOND.ru;
2024-01-03;INNAYABANYA.ru;
2024-01-03;INTEGRALHUMAN.ru;
2024-01-03;INTELLSOFA.ru;
2024-01-03;INTERMPLASTIC.ru;
2024-01-03;INTEXXX.ru;
2024-01-03;INTIM-PROSTITUTKI-EKATERINBURGA.ru;
2024-01-03;INVALIDNOST-OFFICIALNAYA.ru;
2024-01-03;IODKO-7.ru;
2024-01-03;IPGRISHMANOVA.ru;
2024-01-03;IPSISSIMUSDIGITAL.ru;
2024-01-03;IRAIDA-FEDORCHENKO.ru;
2024-01-03;IRAIRA679.ru;
2024-01-03;IRINAFIRE.ru;
2024-01-03;IRINAGLEBOVA.ru;
2024-01-03;IRINASIDORENKO.ru;
2024-01-03;IRISDISTRIBUTION.ru;
2024-01-03;IRK-PDRC.ru;
2024-01-03;IRKUTSK-HYUNDAI.ru;
2024-01-03;IRSAUTO.ru;
2024-01-03;ISSAEFF.ru;
2024-01-03;ISTAP.ru;
2024-01-03;IT-BLOCKNOTE.ru;
2024-01-03;IT-BLOKNOTE.ru;
2024-01-03;IT-CRUNCH.ru;
2024-01-03;IT-GEOFORM.ru;
2024-01-03;IT-OSMA.ru;
2024-01-03;ITARCHMAGAZINE.ru;
2024-01-03;ITAUSHKANOV.ru;
2024-01-03;ITBLOCKNOTE.ru;
2024-01-03;ITBLOKNOTE.ru;
2024-01-03;ITCOMING.ru;
2024-01-03;ITSVARKA.ru;
2024-01-03;IVANBORODA.ru;
2024-01-03;IVANKANEV.ru;
2024-01-03;IVESOCCER.ru;
2024-01-03;IVLEEVALOTO2024.ru;
2024-01-03;IWANNAFEN.ru;
2024-01-03;IZHARKIKH.ru;
2024-01-03;IZHBER.ru;
2024-01-03;J1S.ru;
2024-01-03;JAECOO-AVN.ru;
2024-01-03;JAKUSHEV-PRO.ru;
2024-01-03;JERRA-777.ru;
2024-01-03;JET-LUCKI.ru;
2024-01-03;JIKLO.ru;
2024-01-03;JIVA-SPB.ru;
2024-01-03;JOBLAD.ru;
2024-01-03;JODLAD.ru;
2024-01-03;JODLEX.ru;
2024-01-03;JOINGO.ru;
2024-01-03;JOKERNULLSBAGG.ru;
2024-01-03;JUBELOCHKINA-BELOCHKINA.ru;
2024-01-03;JULIANABORISOVA.ru;
2024-01-03;JULIETTPOLISHUK.ru;
2024-01-03;JUMPGO.ru;
2024-01-03;JUST-MINE.ru;
2024-01-03;KADALIER.ru;
2024-01-03;KAIROSNETWORK.ru;
2024-01-03;KALININMAX.ru;
2024-01-03;KALOUNIVOA.ru;
2024-01-03;KAMINEXT.ru;
2024-01-03;KANIKEEV.ru;
2024-01-03;KARABET.ru;
2024-01-03;KARAMANFIX.ru;
2024-01-03;KARTA-ITUNES.ru;
2024-01-03;KARTINKI1.ru;
2024-01-03;KAUSX1488.ru;
2024-01-03;KAYYA.ru;
2024-01-03;KAZAK-TKV.ru;
2024-01-03;KB-FORMAT.ru;
2024-01-03;KB640.ru;
2024-01-03;KBOCHKAREVA.ru;
2024-01-03;KDCRASSVET.ru;
2024-01-03;KDCUSTOM.ru;
2024-01-03;KEDROVY-KADET24.ru;
2024-01-03;KEYBADGE.ru;
2024-01-03;KHARITONOVA-EXPERT.ru;
2024-01-03;KIBERKISKA.ru;
2024-01-03;KING-ARIZONA.ru;
2024-01-03;KINO-FILMS.ru;
2024-01-03;KINO-TELLERS.ru;
2024-01-03;KINOKOKI.ru;
2024-01-03;KIPRVILLA.ru;
2024-01-03;KIRILL-39.ru;
2024-01-03;KIRILL-ZAKHAROV.ru;
2024-01-03;KIRPI4X.ru;
2024-01-03;KIRSHENMAN.ru;
2024-01-03;KISSASIANTV.ru;
2024-01-03;KKCOPY.ru;
2024-01-03;KLEIN-1.ru;
2024-01-03;KLSMYGOLOSOK.ru;
2024-01-03;KMD96.ru;
2024-01-03;KNIGATOP.ru;
2024-01-03;KNOWLEDGEBOOST.ru;
2024-01-03;KOBB15.ru;
2024-01-03;KOCOU79.ru;
2024-01-03;KOD-15.ru;
2024-01-03;KOD15.ru;
2024-01-03;KODD15.ru;
2024-01-03;KOLOGRIVYYNIKITA.ru;
2024-01-03;KOLOVER.ru;
2024-01-03;KOM-MUN-AR.ru;
2024-01-03;KOMAROVAANNA12.ru;
2024-01-03;KOMLOV.ru;
2024-01-03;KONKURS-INFORM.ru;
2024-01-03;KONON-MOBI.ru;
2024-01-03;KONOPACH.ru;
2024-01-03;KONSTANTIN-KOKOREV.ru;
2024-01-03;KONSULTACIYA-YURISTA5.ru;
2024-01-03;KORZIS.ru;
2024-01-03;KOSIAKOV.ru;
2024-01-03;KOSMETIKA-ALTAI.ru;
2024-01-03;KOSMETIKA-BAIKAL.ru;
2024-01-03;KOSMETIKA-KAVKAZA.ru;
2024-01-03;KOSMETIKA-RUSSIA.ru;
2024-01-03;KOSMOTATTOO1.ru;
2024-01-03;KOSTYLEV-PHOTO.ru;
2024-01-03;KOVALENKOA.ru;
2024-01-03;KOZIN-7.ru;
2024-01-03;KPBAG.ru;
2024-01-03;KRASOTVET.ru;
2024-01-03;KRATIK.ru;
2024-01-03;KRAZL-ML.ru;
2024-01-03;KREDIT-MIR.ru;
2024-01-03;KREDIT-STAY.ru;
2024-01-03;KRIMINALNOEPROSHLOE.ru;
2024-01-03;KRIVELSKIY.ru;
2024-01-03;KRUPILAD.ru;
2024-01-03;KSILENT.ru;
2024-01-03;KSP-MT.ru;
2024-01-03;KUBAI-FINANCE.ru;
2024-01-03;KUBANSKAYAPASEKA.ru;
2024-01-03;KUBASOVAREPETIT.ru;
2024-01-03;KUHNI-161.ru;
2024-01-03;KUHNI-CHERNOZEMIE.ru;
2024-01-03;KUHNYA-DESIGN-MK-PROEKT.ru;
2024-01-03;KUHNYA-DESIGN-MKPROEKT.ru;
2024-01-03;KUHNYA-DESIGNMK-PROEKT.ru;
2024-01-03;KUHNYA-DESIGNMKPROEKT.ru;
2024-01-03;KUHNYADESIGN-MK-PROEKT.ru;
2024-01-03;KUHNYADESIGN-MKPROEKT.ru;
2024-01-03;KUHNYADESIGNMK-PROEKT.ru;
2024-01-03;KUHNYADESIGNMKPROEKT.ru;
2024-01-03;KULISH27.ru;
2024-01-03;KUPIT-HAABAROVSK-MEDSPRAVKI.ru;
2024-01-03;KUPIT-VLADIVOSTOK-MEEDSPRAVKI.ru;
2024-01-03;KUPUT-KARTINU.ru;
2024-01-03;KUPUTKARTINU.ru;
2024-01-03;KURIE7237.ru;
2024-01-03;KURIE7238.ru;
2024-01-03;KURIER-YANDEXEDA.ru;
2024-01-03;KURIER7378.ru;
2024-01-03;KURSK-DOSUG.ru;
2024-01-03;KURSK-PUTANA.ru;
2024-01-03;KURSKK-MULTIMED.ru;
2024-01-03;KURTIZANKI-ANAPA.ru;
2024-01-03;KURUSH-BOOK.ru;
2024-01-03;KUTUZOVA15.ru;
2024-01-03;KUZ9000.ru;
2024-01-03;KUZMICHEVA-7.ru;
2024-01-03;KUZNETSOVDENIS76.ru;
2024-01-03;KVADRATPIFAGORA.ru;
2024-01-03;KVARTIRA-NA-SEVERNOM-KIPRE.ru;
2024-01-03;KVIDIK.ru;
2024-01-03;KVIPROKVO.ru;
2024-01-03;KVKZN.ru;
2024-01-03;KYBG.ru;
2024-01-03;L2ONS.ru;
2024-01-03;LA2-ARES.ru;
2024-01-03;LADY-CLUB0127.ru;
2024-01-03;LALILO.ru;
2024-01-03;LAMODACORP.ru;
2024-01-03;LANA-LADO.ru;
2024-01-03;LAREVECA.ru;
2024-01-03;LARTAB.ru;
2024-01-03;LASKA2000.ru;
2024-01-03;LATEGO.ru;
2024-01-03;LAWANGEL.ru;
2024-01-03;LAYSFAN.ru;
2024-01-03;LAZARLINEIKA.ru;
2024-01-03;LC-170.ru;
2024-01-03;LC170.ru;
2024-01-03;LD-57239.ru;
2024-01-03;LEAFMC.ru;
2024-01-03;LEDYS-BEAUTY.ru;
2024-01-03;LEEGO.ru;
2024-01-03;LELDER.ru;
2024-01-03;LEMAX-RUSSIA.ru;
2024-01-03;LEODARSH.ru;
2024-01-03;LEONBUKET.ru;
2024-01-03;LEONMGDN.ru;
2024-01-03;LESHUKOVA-7.ru;
2024-01-03;LESNAYA-SKAZKA09.ru;
2024-01-03;LETS-MEET.ru;
2024-01-03;LEVIKOR.ru;
2024-01-03;LEYKHTER.ru;
2024-01-03;LEZGIYAR.ru;
2024-01-03;LFASTRAH.ru;
2024-01-03;LFEODOR.ru;
2024-01-03;LICHI-SHOP.ru;
2024-01-03;LIFTINDUSTRIAL.ru;
2024-01-03;LIHANOV-1.ru;
2024-01-03;LIKE-EVENTS.ru;
2024-01-03;LIKEEVENTS.ru;
2024-01-03;LIKEMEEEE.ru;
2024-01-03;LIMBOGOR.ru;
2024-01-03;LINK-HR.ru;
2024-01-03;LINUXFORYOU.ru;
2024-01-03;LIONELLE.ru;
2024-01-03;LIPOVANKA.ru;
2024-01-03;LITTLEROCKROLL.ru;
2024-01-03;LKAVSK.ru;
2024-01-03;LLLIME.ru;
2024-01-03;LMONETERTH.ru;
2024-01-03;LND-PROD.ru;
2024-01-03;LOFTIZBA.ru;
2024-01-03;LOFTMAC.ru;
2024-01-03;LOLOPEPE.ru;
2024-01-03;LOM-METAL-PITER-PRIEM.ru;
2024-01-03;LOM-METAL-PITERPRIEM.ru;
2024-01-03;LOM-METALPITER-PRIEM.ru;
2024-01-03;LOM-METALPITERPRIEM.ru;
2024-01-03;LOM-PITER-METAL-PRIEM.ru;
2024-01-03;LOM-PITER-METALPRIEM.ru;
2024-01-03;LOM-PITER-PRIEM-METAL.ru;
2024-01-03;LOM-PITER-PRIEMMETAL.ru;
2024-01-03;LOM-PITERMETAL-PRIEM.ru;
2024-01-03;LOM-PITERMETALPRIEM.ru;
2024-01-03;LOM-PITERPRIEM-METAL.ru;
2024-01-03;LOM-PITERPRIEMMETAL.ru;
2024-01-03;LOMMETAL-PITER-PRIEM.ru;
2024-01-03;LOMMETAL-PITERPRIEM.ru;
2024-01-03;LOMMETALPITER-PRIEM.ru;
2024-01-03;LOMMETALPITERPRIEM.ru;
2024-01-03;LOMPITER-METAL-PRIEM.ru;
2024-01-03;LOMPITER-METALPRIEM.ru;
2024-01-03;LOMPITER-PRIEM-METAL.ru;
2024-01-03;LOMPITER-PRIEMMETAL.ru;
2024-01-03;LOMPITERMETAL-PRIEM.ru;
2024-01-03;LOMPITERMETALPRIEM.ru;
2024-01-03;LOMPITERPRIEM-METAL.ru;
2024-01-03;LOMPITERPRIEMMETAL.ru;
2024-01-03;LONE-SERVER.ru;
2024-01-03;LONGBRANCHBOURBON.ru;
2024-01-03;LORSHACHNEV.ru;
2024-01-03;LOTOIVLEEVA.ru;
2024-01-03;LOVE-SUITS.ru;
2024-01-03;LOVELEAD.ru;
2024-01-03;LOVESCRAFT.ru;
2024-01-03;LOVIANA.ru;
2024-01-03;LSGUD.ru;
2024-01-03;LSPOTOLKI.ru;
2024-01-03;LTAMI.ru;
2024-01-03;LUBOVSH.ru;
2024-01-03;LUCHSHIJ-IRRIGATOR.ru;
2024-01-03;LUCKI-JET.ru;
2024-01-03;LUKOVECKOE.ru;
2024-01-03;LUKUM-KRD.ru;
2024-01-03;LUX-STUFF.ru;
2024-01-03;LUXURYMAGG.ru;
2024-01-03;LUXURYMAGICC.ru;
2024-01-03;LVIRINA.ru;
2024-01-03;LVOVALEXEY.ru;
2024-01-03;LYOLLIX.ru;
2024-01-03;LYRURUS.ru;
2024-01-03;M6KA.ru;
2024-01-03;MA-CARDS.ru;
2024-01-03;MAEVK.ru;
2024-01-03;MAGAZIN-FLAGOV.ru;
2024-01-03;MAGAZIN-RUSSIA.ru;
2024-01-03;MAGAZIN-TOP.ru;
2024-01-03;MAIAC.ru;
2024-01-03;MAILUK.ru;
2024-01-03;MAKERSMOSCOW.ru;
2024-01-03;MAKERSSS.ru;
2024-01-03;MAKKIRSANV.ru;
2024-01-03;MAKVERTONSLEW.ru;
2024-01-03;MALASHEV.ru;
2024-01-03;MALINOVSSKAYA.ru;
2024-01-03;MALOFEEF.ru;
2024-01-03;MALTALETTER.ru;
2024-01-03;MALTASERVICE.ru;
2024-01-03;MALYSHEV-INFO.ru;
2024-01-03;MAMJCHKA25.ru;
2024-01-03;MANESCORT.ru;
2024-01-03;MANOOK20.ru;
2024-01-03;MANYJOB.ru;
2024-01-03;MARGARITASHVETS.ru;
2024-01-03;MARIMURO.ru;
2024-01-03;MARINA-DAVYDOVA.ru;
2024-01-03;MARINCEK.ru;
2024-01-03;MARINDGAN79.ru;
2024-01-03;MARINE-PROJECT-TEST.ru;
2024-01-03;MARIXNODES.ru;
2024-01-03;MARJANA-GOS.ru;
2024-01-03;MARKETPLACEGOODS.ru;
2024-01-03;MARVESTGROUPE.ru;
2024-01-03;MASHABYROVA.ru;
2024-01-03;MASLO-75W90.ru;
2024-01-03;MASLO-HVLP.ru;
2024-01-03;MASLO-IGP.ru;
2024-01-03;MASLO-PROMYVOCHNOE.ru;
2024-01-03;MASTER-DELETE.ru;
2024-01-03;MASTERCH.ru;
2024-01-03;MATURKEN.ru;
2024-01-03;MATYFUN.ru;
2024-01-03;MAXKTAXI.ru;
2024-01-03;MBHAJIN.ru;
2024-01-03;MBPLEGAL.ru;
2024-01-03;MBTIME.ru;
2024-01-03;MBURYKINA.ru;
2024-01-03;MEBEL-30.ru;
2024-01-03;MEBEL-NA-ZAKAZ-LUGANSK.ru;
2024-01-03;MEBELVOVA.ru;
2024-01-03;MECHTABRAND.ru;
2024-01-03;MEDICALSOL.ru;
2024-01-03;MEDITCINSKIY-CENTR.ru;
2024-01-03;MEDKNIGKI-V-NOOVOSIBIRSKE.ru;
2024-01-03;MEDKNIGKII54.ru;
2024-01-03;MEDKNIZHKU-NOVOSIBIIRSK.ru;
2024-01-03;MEDSPRAV-IN-OMMSK.ru;
2024-01-03;MEDSPRAVKI-MEDKNIGKII-V-OMSKE.ru;
2024-01-03;MEDVEDEV-BORIS.ru;
2024-01-03;MEDVEDEV2042.ru;
2024-01-03;MEEDSPRAVKI55-ZAKAZ.ru;
2024-01-03;MEGA-PLANE.ru;
2024-01-03;MEGAFEER.ru;
2024-01-03;MEHMANJAFARI.ru;
2024-01-03;MEINTEKRI.ru;
2024-01-03;MEMBES2024.ru;
2024-01-03;MEPARTNERTEAM.ru;
2024-01-03;MERCHDIVISION.ru;
2024-01-03;MERCHWAVE.ru;
2024-01-03;METALMARTCO.ru;
2024-01-03;METARENDA.ru;
2024-01-03;METEO-GIS.ru;
2024-01-03;MEZANA.ru;
2024-01-03;MFOSHKI.ru;
2024-01-03;MG-MINE-GAAMER.ru;
2024-01-03;MGANENKOVA.ru;
2024-01-03;MGK-ALLIANCE.ru;
2024-01-03;MGVOZD.ru;
2024-01-03;MIABUILD.ru;
2024-01-03;MIACOMENANT.ru;
2024-01-03;MIDAMA.ru;
2024-01-03;MIDNIGHTINC.ru;
2024-01-03;MIFA1973.ru;
2024-01-03;MIHAJLUKOV.ru;
2024-01-03;MIHALEV-1.ru;
2024-01-03;MIKE-AROUND.ru;
2024-01-03;MIKHA-PRO.ru;
2024-01-03;MIKS-ELECTROKARTING.ru;
2024-01-03;MILLENNIUM-RUSSIA.ru;
2024-01-03;MILLIONROADS.ru;
2024-01-03;MINDRULEVA.ru;
2024-01-03;MINIPILA-ACCUM.ru;
2024-01-03;MINTGO.ru;
2024-01-03;MIQOBRAND.ru;
2024-01-03;MIR-SOBACK.ru;
2024-01-03;MIRAFOKS.ru;
2024-01-03;MIRANUBIS.ru;
2024-01-03;MIRECHI.ru;
2024-01-03;MIRKAPITANOV.ru;
2024-01-03;MIRRECHI.ru;
2024-01-03;MIRYANOCHKA.ru;
2024-01-03;MIRZVYKOV.ru;
2024-01-03;MISEL-PRO.ru;
2024-01-03;MISS-XS.ru;
2024-01-03;MISTAYODA.ru;
2024-01-03;MISTERIA2010.ru;
2024-01-03;MITLG.ru;
2024-01-03;MITROXCLOUD.ru;
2024-01-03;MIXANARCHY.ru;
2024-01-03;MJY25.ru;
2024-01-03;MKKBABKI.ru;
2024-01-03;MMEOWW.ru;
2024-01-03;MNEX.ru;
2024-01-03;MNMACHINE.ru;
2024-01-03;MODVIK.ru;
2024-01-03;MOJSAD.ru;
2024-01-03;MOKDO.ru;
2024-01-03;MOKUR.ru;
2024-01-03;MOLDASH.ru;
2024-01-03;MONENIGHTCLUB.ru;
2024-01-03;MOOKRATIBOR.ru;
2024-01-03;MOONGO.ru;
2024-01-03;MOONHACK.ru;
2024-01-03;MOOTERNARY.ru;
2024-01-03;MORE-FANTASY.ru;
2024-01-03;MOROZ-77.ru;
2024-01-03;MORT-GAMES.ru;
2024-01-03;MORTALHACKER.ru;
2024-01-03;MOSDERN.ru;
2024-01-03;MOSDOSUG4.ru;
2024-01-03;MOSSTALGRUPP.ru;
2024-01-03;MOTORSERVIC.ru;
2024-01-03;MOZHAEV-1.ru;
2024-01-03;MRJAZANOVA.ru;
2024-01-03;MRKVTS.ru;
2024-01-03;MSHAPOVALENKO.ru;
2024-01-03;MSHIKALOVA.ru;
2024-01-03;MSK-SIBENERGI.ru;
2024-01-03;MSOLNTSEVA.ru;
2024-01-03;MTAVIDEO.ru;
2024-01-03;MULTI-SERVIC.ru;
2024-01-03;MULTIDRONY.ru;
2024-01-03;MUMATY24GO.ru;
2024-01-03;MURATOVD.ru;
2024-01-03;MUSIC-IOS.ru;
2024-01-03;MUSSAGALIYEV.ru;
2024-01-03;MUSYLMAN.ru;
2024-01-03;MY-BEAUTIFUL.ru;
2024-01-03;MY-PGUPS.ru;
2024-01-03;MY-WORKSTUDIO.ru;
2024-01-03;MYDENT73.ru;
2024-01-03;MYDOGISBORYAHVH.ru;
2024-01-03;MYFOORSOFK.ru;
2024-01-03;MYGAME2.ru;
2024-01-03;MYGOLOSKAIFF2.ru;
2024-01-03;MYISTYLE.ru;
2024-01-03;MYPGUPS.ru;
2024-01-03;MYPLAYSTATION-CLUB.ru;
2024-01-03;MYREFORMA.ru;
2024-01-03;MYSMARTSHOP.ru;
2024-01-03;MYSSLEOSN.ru;
2024-01-03;MYSTICORB.ru;
2024-01-03;MYWEBMASTERQWE.ru;
2024-01-03;N-ELECTRICS.ru;
2024-01-03;NAKHOLME.ru;
2024-01-03;NAKOPETIAN.ru;
2024-01-03;NALOZNKA.ru;
2024-01-03;NAME4YOU.ru;
2024-01-03;NAMINAL.ru;
2024-01-03;NARID.ru;
2024-01-03;NARODE.ru;
2024-01-03;NASTROIKATO.ru;
2024-01-03;NASTYA-A.ru;
2024-01-03;NATALIA-SEMENOVA.ru;
2024-01-03;NATALIATREBOR.ru;
2024-01-03;NATALIAZIMENS.ru;
2024-01-03;NATI7ONOVA.ru;
2024-01-03;NATLI317-7.ru;
2024-01-03;NBOLKUNOVA.ru;
2024-01-03;NECHITAU.ru;
2024-01-03;NEFIMKINA.ru;
2024-01-03;NEIROFEED.ru;
2024-01-03;NEON1KS.ru;
2024-01-03;NEPERSONAJ.ru;
2024-01-03;NET-DOLZHNIKOFF.ru;
2024-01-03;NET-PRAV.ru;
2024-01-03;NETWORKELECTRICS.ru;
2024-01-03;NETWORKING34.ru;
2024-01-03;NEURO-DIETA.ru;
2024-01-03;NEURO-OASIS.ru;
2024-01-03;NEURO-SOLUTIONS.ru;
2024-01-03;NEUROSKAZ.ru;
2024-01-03;NEVAROTANG.ru;
2024-01-03;NEWLAND-DISCORD.ru;
2024-01-03;NEWSVS.ru;
2024-01-03;NICAMUNIFY.ru;
2024-01-03;NICULSHIN.ru;
2024-01-03;NIEKYABRAMOV.ru;
2024-01-03;NIK271195.ru;
2024-01-03;NIKITAGOGOLEV.ru;
2024-01-03;NIKKOMAROV.ru;
2024-01-03;NIKOLAIPAVLOVS.ru;
2024-01-03;NIKOLAJ-B.ru;
2024-01-03;NINAMINAEVA.ru;
2024-01-03;NINJANED.ru;
2024-01-03;NISOFTW.ru;
2024-01-03;NKARTINI.ru;
2024-01-03;NKATKOV.ru;
2024-01-03;NMERI1103.ru;
2024-01-03;NN-MED-SPRAVKII.ru;
2024-01-03;NODLEMAGAZIN.ru;
2024-01-03;NOKHOTA.ru;
2024-01-03;NOMYSE2024X.ru;
2024-01-03;NOSMOS.ru;
2024-01-03;NOVIKOVPRAVO.ru;
2024-01-03;NOVOGODNIE-RECEPTY.ru;
2024-01-03;NOVOSIBB-MEDKNIZJKI.ru;
2024-01-03;NOVOSIBIRSK-MEEDKNIGKI.ru;
2024-01-03;NOVOSIBIRSKIY-CIRQ.ru;
2024-01-03;NOVOSIBIRSKY-CIRQUE.ru;
2024-01-03;NPITOP.ru;
2024-01-03;NR-LINK.ru;
2024-01-03;NS-IIV.ru;
2024-01-03;NSHAROY.ru;
2024-01-03;NSKPRAVO.ru;
2024-01-03;NTARAZANOV.ru;
2024-01-03;NUMERYES2024.ru;
2024-01-03;NURIYA-AGLIULLINA.ru;
2024-01-03;O-LAZAREVA.ru;
2024-01-03;OBAJAN.ru;
2024-01-03;OBRABOTKA-OT-KLOPOV.ru;
2024-01-03;OBUKATOVA.ru;
2024-01-03;OCENKA-KRASNODAR.ru;
2024-01-03;OCHKINO.ru;
2024-01-03;ODLSERVER.ru;
2024-01-03;OESINA.ru;
2024-01-03;OFD-ORD2201.ru;
2024-01-03;OFD-ORD2918.ru;
2024-01-03;OFD-ORD3182.ru;
2024-01-03;OFD-ORD3356.ru;
2024-01-03;OFD-ORD6349.ru;
2024-01-03;OFD-ORD6880.ru;
2024-01-03;OFD-ORD7072.ru;
2024-01-03;OFD-ORD8233.ru;
2024-01-03;OFD-ORD8732.ru;
2024-01-03;OFD-ORD9600.ru;
2024-01-03;OFD-ORD9708.ru;
2024-01-03;OFD-ORD9805.ru;
2024-01-03;OFD1784.ru;
2024-01-03;OFD4519.ru;
2024-01-03;OFD5055.ru;
2024-01-03;OFFERSOTBANKOV.ru;
2024-01-03;OFFRE-SPECIAL.ru;
2024-01-03;OFISN.ru;
2024-01-03;OGNEVECA.ru;
2024-01-03;OISHAR.ru;
2024-01-03;OKMMSK.ru;
2024-01-03;OKNA-PROBLEM-NET.ru;
2024-01-03;OKNAOMEGA.ru;
2024-01-03;OKNICEMAN.ru;
2024-01-03;OKOLEYLO.ru;
2024-01-03;OLEG-MARTYNOV.ru;
2024-01-03;OLEGPETROV.ru;
2024-01-03;OLEGSAVELO.ru;
2024-01-03;OMITORTERH.ru;
2024-01-03;OMODA-AVN.ru;
2024-01-03;OMODA-MSK-BALTAUTO.ru;
2024-01-03;OMODEJURNAL.ru;
2024-01-03;ONESPIN.ru;
2024-01-03;ONETOTWELVE.ru;
2024-01-03;ONLYBESTSERVER.ru;
2024-01-03;ONLYRARE.ru;
2024-01-03;OOOBULAVA.ru;
2024-01-03;OOOOOOOOOOOO.ru;
2024-01-03;OP-DONATE.ru;
2024-01-03;OPENGO2024.ru;
2024-01-03;OPENMINDBOT.ru;
2024-01-03;OPENMINDE.ru;
2024-01-03;OPLATA7481.ru;
2024-01-03;OPLATA7482.ru;
2024-01-03;OPROS21.ru;
2024-01-03;OPTIK-24.ru;
2024-01-03;OPTIKS-24.ru;
2024-01-03;OPTO-PHONE.ru;
2024-01-03;ORANGEZAGAR.ru;
2024-01-03;ORD-24727.ru;
2024-01-03;ORD-24740.ru;
2024-01-03;ORD-24741.ru;
2024-01-03;ORD-24836.ru;
2024-01-03;ORDER-1316.ru;
2024-01-03;ORDER-4630.ru;
2024-01-03;ORDER-8443.ru;
2024-01-03;ORDER0247.ru;
2024-01-03;ORDER0581.ru;
2024-01-03;ORDER0689.ru;
2024-01-03;ORDER0948.ru;
2024-01-03;ORDER4078.ru;
2024-01-03;ORDER6901.ru;
2024-01-03;ORDER8476.ru;
2024-01-03;ORDER8501.ru;
2024-01-03;ORDER9041.ru;
2024-01-03;OREOS2024.ru;
2024-01-03;ORGANIC-FAMILY.ru;
2024-01-03;ORIONMETIPRED.ru;
2024-01-03;OSAGO-MIR.ru;
2024-01-03;OSIRIA.ru;
2024-01-03;OSTDEUTSCHLAND.ru;
2024-01-03;OTELIDESHEVO.ru;
2024-01-03;OTEVGENI-JEWERLY.ru;
2024-01-03;OTNOSHENIA-PRACTICE.ru;
2024-01-03;OTOPLENUEDOMA.ru;
2024-01-03;OUTLETPOSUDY.ru;
2024-01-03;OVERVOLTAGE.ru;
2024-01-03;OVINGUIDEN.ru;
2024-01-03;OVL-MEDIA.ru;
2024-01-03;OYSHAR.ru;
2024-01-03;OZEMPIC-SEMAVIC.ru;
2024-01-03;P6-UCOZ.ru;
2024-01-03;PACIF.ru;
2024-01-03;PAG3.ru;
2024-01-03;PAGE-2189.ru;
2024-01-03;PANDADRIVE.ru;
2024-01-03;PANDORAMGN.ru;
2024-01-03;PANTALONES.ru;
2024-01-03;PANTALONESTEQUILA.ru;
2024-01-03;PAPER-TIME.ru;
2024-01-03;PARADIZ-RESTAURANT.ru;
2024-01-03;PARALLELIMPORTA.ru;
2024-01-03;PARANKIN.ru;
2024-01-03;PATIMARKET.ru;
2024-01-03;PATRIKILOVERS.ru;
2024-01-03;PATTERNCREATOR.ru;
2024-01-03;PAV1.ru;
2024-01-03;PAVLUIKOVSAR.ru;
2024-01-03;PAY-ID653412.ru;
2024-01-03;PAY-ID867443.ru;
2024-01-03;PAY-ID928451.ru;
2024-01-03;PAYD07.ru;
2024-01-03;PAYFOR2024.ru;
2024-01-03;PAYLOUVE.ru;
2024-01-03;PAYMENT-243.ru;
2024-01-03;PAYMENT-245.ru;
2024-01-03;PAYMENT-246.ru;
2024-01-03;PAYMENT-247.ru;
2024-01-03;PAYRELOVUS.ru;
2024-01-03;PAYTOSBER.ru;
2024-01-03;PB-STUDIO44.ru;
2024-01-03;PBOLDAREV.ru;
2024-01-03;PEANUWUT.ru;
2024-01-03;PELYYYAAA.ru;
2024-01-03;PERESVET12.ru;
2024-01-03;PEREVOD-XIAOLONGBAO.ru;
2024-01-03;PERS-GROUP.ru;
2024-01-03;PERS-STORE.ru;
2024-01-03;PERSONAL-GARDEN.ru;
2024-01-03;PERSONAL-VALUER.ru;
2024-01-03;PETANDRENT.ru;
2024-01-03;PETHOLIDAY.ru;
2024-01-03;PETKREMACIA.ru;
2024-01-03;PETRAKARIN.ru;
2024-01-03;PETVACATION.ru;
2024-01-03;PEV56.ru;
2024-01-03;PGIPS.ru;
2024-01-03;PGYPS.ru;
2024-01-03;PHARMADRIVE.ru;
2024-01-03;PHILIPPINEESS.ru;
2024-01-03;PHLORIVER.ru;
2024-01-03;PHOTO-MAGIK.ru;
2024-01-03;PHOTOEKA.ru;
2024-01-03;PHUKET-TRANSFER.ru;
2024-01-03;PHYSMATH-ONLINE.ru;
2024-01-03;PHYTYRA.ru;
2024-01-03;PIANO-JAZZ.ru;
2024-01-03;PIKPED.ru;
2024-01-03;PINUP24.ru;
2024-01-03;PITERSMM.ru;
2024-01-03;PIXAJET.ru;
2024-01-03;PIZZA11.ru;
2024-01-03;PIZZA83.ru;
2024-01-03;PIZZA86.ru;
2024-01-03;PIZZA89.ru;
2024-01-03;PKRIKOVA.ru;
2024-01-03;PLANTGO.ru;
2024-01-03;PLASMIN.ru;
2024-01-03;PLASTICPENZA.ru;
2024-01-03;PLASTICPNZ.ru;
2024-01-03;PLATIMARCET.ru;
2024-01-03;PLATIMARKER.ru;
2024-01-03;PLAYBOYMOSCOW.ru;
2024-01-03;PLAYGEIMS.ru;
2024-01-03;PLAYLEO.ru;
2024-01-03;PLERES.ru;
2024-01-03;PLUS-1WIN.ru;
2024-01-03;PLUSHINA.ru;
2024-01-03;PNEVMOFF.ru;
2024-01-03;PNG-DESIGN.ru;
2024-01-03;POCHEMUYA.ru;
2024-01-03;POCHTA-PODSTAVKIN.ru;
2024-01-03;PODOLOG-KUDROVA.ru;
2024-01-03;PODSFBGTE.ru;
2024-01-03;POINTER-TOUR.ru;
2024-01-03;POISONN.ru;
2024-01-03;POPIK2023.ru;
2024-01-03;POPTUS.ru;
2024-01-03;POPUSH.ru;
2024-01-03;PORTALELPTS.ru;
2024-01-03;PORTLSTROU.ru;
2024-01-03;POSHATOV.ru;
2024-01-03;POSPUCH.ru;
2024-01-03;POSPUH.ru;
2024-01-03;POSTGUARD.ru;
2024-01-03;POSTPUSH.ru;
2024-01-03;POTAPOVAOLGAVLADIMIROVNA.ru;
2024-01-03;POZYTRONA.ru;
2024-01-03;PPLAUTH.ru;
2024-01-03;PRACTICAL-ENGINEERS.ru;
2024-01-03;PRANKINO.ru;
2024-01-03;PRIME-PRODUCTION.ru;
2024-01-03;PRIMEGARDENS.ru;
2024-01-03;PRIMOCLIMA-RUSSIA.ru;
2024-01-03;PRISHEPA.ru;
2024-01-03;PRIVETYADOMA.ru;
2024-01-03;PRIVGIRL.ru;
2024-01-03;PRIZE-METRO-CC.ru;
2024-01-03;PRIZE-VTB.ru;
2024-01-03;PRIZOTIVLEEVOY.ru;
2024-01-03;PRO-IAM.ru;
2024-01-03;PRO-PUSHKINA.ru;
2024-01-03;PRO-VKLAD.ru;
2024-01-03;PROARENA-CS.ru;
2024-01-03;PROEKTWEBSETIMLM.ru;
2024-01-03;PROFATTESTATGROUP.ru;
2024-01-03;PROFESSEUR96.ru;
2024-01-03;PROFICITE.ru;
2024-01-03;PROFMETALL70.ru;
2024-01-03;PROFMOTIVATION.ru;
2024-01-03;PROFTIKET.ru;
2024-01-03;PROGRUZZ.ru;
2024-01-03;PROKOPJUK-1.ru;
2024-01-03;PROKOPOVS.ru;
2024-01-03;PROKSISHOP.ru;
2024-01-03;PROMOAVIANCA-ANIVERSARIO.ru;
2024-01-03;PRONIN-DESIGN.ru;
2024-01-03;PROPACK05.ru;
2024-01-03;PROPADS.ru;
2024-01-03;PROPOKUPKIPLUS.ru;
2024-01-03;PROSPERO-STORE.ru;
2024-01-03;PROSTAWKI.ru;
2024-01-03;PROSTITUTKA-ASTRAHANI.ru;
2024-01-03;PROSTITUTKAASTRAHANI.ru;
2024-01-03;PROSTITUTKI--KURSKA.ru;
2024-01-03;PROSTITUTKI-ANAPA1.ru;
2024-01-03;PROSTITUTKI-KURSK.ru;
2024-01-03;PROSTITUTKI-KURSKA.ru;
2024-01-03;PROSTITUTKI-VLADIMIRA.ru;
2024-01-03;PROSTITUTKIBARNAUL.ru;
2024-01-03;PROSTITUTKIEKATERINBURG.ru;
2024-01-03;PROSTITUTKIKURSKA.ru;
2024-01-03;PROTEZ54.ru;
2024-01-03;PROVERKIN24.ru;
2024-01-03;PROVKLAD.ru;
2024-01-03;PSHEVSKIJ.ru;
2024-01-03;PSIHOLOGMUZH.ru;
2024-01-03;PSIHOLOGSOROKINA.ru;
2024-01-03;PSKDIR.ru;
2024-01-03;PSKOV-KEY.ru;
2024-01-03;PSY-LECTORII.ru;
2024-01-03;PSYCHOLOG-IRINA-YULDASHEVA.ru;
2024-01-03;PSYNORMANN.ru;
2024-01-03;PUDRAZHENS.ru;
2024-01-03;PUKHOVTRAVEL.ru;
2024-01-03;PURELYCREAMY.ru;
2024-01-03;PUTIN-WORK.ru;
2024-01-03;PV17.ru;
2024-01-03;PYATACH.ru;
2024-01-03;PYSKAYOUDIMVN.ru;
2024-01-03;PYTTN.ru;
2024-01-03;QEQK.ru;
2024-01-03;QMNIA.ru;
2024-01-03;QR-SITE.ru;
2024-01-03;QUAKELANDS.ru;
2024-01-03;RABOTAI24.ru;
2024-01-03;RABOTAKURYER.ru;
2024-01-03;RADIANT-DOM.ru;
2024-01-03;RADIANTCREAMS.ru;
2024-01-03;RADMIRTINS.ru;
2024-01-03;RAKISAIONJI.ru;
2024-01-03;RAMAZANOV-WEB.ru;
2024-01-03;RAMENBETRU.ru;
2024-01-03;RAMNDEWOO.ru;
2024-01-03;RAMOZA.ru;
2024-01-03;RANDEVO.ru;
2024-01-03;RANDEVUU.ru;
2024-01-03;RANDOWOO.ru;
2024-01-03;RASSADAIRK.ru;
2024-01-03;RASSAN.ru;
2024-01-03;RASTAMANTALES.ru;
2024-01-03;RAT-KZ.ru;
2024-01-03;RAVWORLD.ru;
2024-01-03;RAZAVTO.ru;
2024-01-03;RAZGOVORCLUB.ru;
2024-01-03;RBC-FRANSHIZA.ru;
2024-01-03;RBOYKOV.ru;
2024-01-03;RBP63841.ru;
2024-01-03;RCWCA.ru;
2024-01-03;RDI-STUDIOS.ru;
2024-01-03;RDN24.ru;
2024-01-03;RDONNE.ru;
2024-01-03;RDROBOTOV.ru;
2024-01-03;REALTY-G.ru;
2024-01-03;REANDEWOO.ru;
2024-01-03;RECEPTYROSTA.ru;
2024-01-03;RECITATIV.ru;
2024-01-03;REFAKTORING.ru;
2024-01-03;RELAX35.ru;
2024-01-03;REMBURTECH.ru;
2024-01-03;REMONTOSEY.ru;
2024-01-03;REMSTEEL.ru;
2024-01-03;RENDEWU.ru;
2024-01-03;RENDEZVOUSINFO.ru;
2024-01-03;RENDTIME.ru;
2024-01-03;RENFIL.ru;
2024-01-03;REPLICACROSS.ru;
2024-01-03;REQISTRAD.ru;
2024-01-03;RESMASH1.ru;
2024-01-03;RESOURCESTRATEGIES.ru;
2024-01-03;RESTYLE74.ru;
2024-01-03;REVARB-FF-QARINA.ru;
2024-01-03;REWERDS-FF-QARENA.ru;
2024-01-03;REZERVUS.ru;
2024-01-03;RICHINVESTSOCHI.ru;
2024-01-03;RIGHKOVAEKATERINA.ru;
2024-01-03;RIGURENA.ru;
2024-01-03;RIHORD-ZORGE.ru;
2024-01-03;RIHORDZORGE.ru;
2024-01-03;RINOKONLINE.ru;
2024-01-03;RIORISE.ru;
2024-01-03;RITAPOPOVA28.ru;
2024-01-03;RIYA-PSIHOLOG.ru;
2024-01-03;RNDEWOO.ru;
2024-01-03;ROBKY.ru;
2024-01-03;ROLLNPIZZA.ru;
2024-01-03;ROM-SHOP.ru;
2024-01-03;ROOMAKE2015.ru;
2024-01-03;ROONGRIEF.ru;
2024-01-03;ROOT777.ru;
2024-01-03;ROOTNOTCREATIONS.ru;
2024-01-03;ROSMA-RUSSIA.ru;
2024-01-03;ROSPALET.ru;
2024-01-03;ROSSIA19K.ru;
2024-01-03;ROTANATOUR.ru;
2024-01-03;RROSTA.ru;
2024-01-03;RRVAHITOV.ru;
2024-01-03;RU-2024OPLATA.ru;
2024-01-03;RU-ID8456.ru;
2024-01-03;RU-SECURITY8858.ru;
2024-01-03;RUK-CUTTERS.ru;
2024-01-03;RURSG.ru;
2024-01-03;RUS-2167.ru;
2024-01-03;RUS-OPT-TORG.ru;
2024-01-03;RUSSIA-RELAX-RP.ru;
2024-01-03;RUSSIANPREMIUM-IKRA.ru;
2024-01-03;RUSTLINGLEAF.ru;
2024-01-03;RUSTY7UP.ru;
2024-01-03;RUZASUP.ru;
2024-01-03;RUZBASE.ru;
2024-01-03;RWSA.ru;
2024-01-03;RYSIEVA.ru;
2024-01-03;RZNORLOV.ru;
2024-01-03;SALAMATKINA.ru;
2024-01-03;SALE-22.ru;
2024-01-03;SALEMASH.ru;
2024-01-03;SALIKOV-7.ru;
2024-01-03;SALLANA3.ru;
2024-01-03;SALLOVATO.ru;
2024-01-03;SALONSBASE.ru;
2024-01-03;SAMKUH.ru;
2024-01-03;SANDUSHNILAS.ru;
2024-01-03;SANTESIN.ru;
2024-01-03;SARACHINA.ru;
2024-01-03;SARAYAN.ru;
2024-01-03;SARIN-PRODUCTION.ru;
2024-01-03;SARMATSTORE.ru;
2024-01-03;SATAIDANA.ru;
2024-01-03;SATTIKA.ru;
2024-01-03;SAVIN-DESIGN.ru;
2024-01-03;SBDKONKYRS.ru;
2024-01-03;SBRG1.ru;
2024-01-03;SBRGEL.ru;
2024-01-03;SDELKA7368.ru;
2024-01-03;SDKONRYRS.ru;
2024-01-03;SDUBOVA.ru;
2024-01-03;SECRETYOUTUBEROOM.ru;
2024-01-03;SEDOVRE.ru;
2024-01-03;SELVAREY.ru;
2024-01-03;SEMENOVAS.ru;
2024-01-03;SEMRUST.ru;
2024-01-03;SENRK.ru;
2024-01-03;SEO-FOMIN.ru;
2024-01-03;SEOPULL.ru;
2024-01-03;SEREGEYBON.ru;
2024-01-03;SERVICE-4579.ru;
2024-01-03;SERVICE-TOTO.ru;
2024-01-03;SERVICECENTRE31.ru;
2024-01-03;SERVICFA.ru;
2024-01-03;SETUPGAMESERVER.ru;
2024-01-03;SEVASTOPOL-DENISOW.ru;
2024-01-03;SEVERA-GROUP.ru;
2024-01-03;SEVERSRV.ru;
2024-01-03;SEVNAS.ru;
2024-01-03;SFG22.ru;
2024-01-03;SH-NOV.ru;
2024-01-03;SH12-ZAOZERNOE.ru;
2024-01-03;SHABAKINA-1.ru;
2024-01-03;SHABIR-ABEDI.ru;
2024-01-03;SHAHOVA-PRO.ru;
2024-01-03;SHARKESIGN.ru;
2024-01-03;SHENKOV.ru;
2024-01-03;SHIFTYA.ru;
2024-01-03;SHLAKOBLOKLG.ru;
2024-01-03;SHOFU-MEISINGER.ru;
2024-01-03;SHPILEVSKII.ru;
2024-01-03;SILA-KAVKAZA.ru;
2024-01-03;SILENCECHEATS.ru;
2024-01-03;SILKSKINCARE.ru;
2024-01-03;SIMKABEZLIMITKA.ru;
2024-01-03;SIMPIK.ru;
2024-01-03;SINENIKOLSKY.ru;
2024-01-03;SIPERKASSA.ru;
2024-01-03;SIPTEQUILA.ru;
2024-01-03;SK-DIPLOM.ru;
2024-01-03;SK-DOMMECHTY53.ru;
2024-01-03;SKAROVSKY.ru;
2024-01-03;SKBEATMUSICPRODUCER.ru;
2024-01-03;SKOBETS.ru;
2024-01-03;SKOLKOVOLIFE.ru;
2024-01-03;SKORNIAKOV.ru;
2024-01-03;SKY05.ru;
2024-01-03;SKYWHOISTHIS.ru;
2024-01-03;SLAVA-KOROLEV.ru;
2024-01-03;SLAVICGIRL.ru;
2024-01-03;SLAVYANSKAYADEVOCHKA.ru;
2024-01-03;SLLOVO-PACANA.ru;
2024-01-03;SLLOVO-PACANNA.ru;
2024-01-03;SLOVO-PACAANA-2.ru;
2024-01-03;SLOVO-PACAANA2.ru;
2024-01-03;SLOVO-PACAANA2-8.ru;
2024-01-03;SLOVO-PACONAA.ru;
2024-01-03;SLOVO-PACONAS.ru;
2024-01-03;SLOVOPACANABA.ru;
2024-01-03;SLOVOPACANEE.ru;
2024-01-03;SLOVOPACANGT.ru;
2024-01-03;SLOVOPACANOE.ru;
2024-01-03;SLOVOPACANQE.ru;
2024-01-03;SLOVOPACANRA.ru;
2024-01-03;SLOVOPACANRU.ru;
2024-01-03;SLOVOPACANUT.ru;
2024-01-03;SLOVOPACANVEN.ru;
2024-01-03;SLOVOPACANVES.ru;
2024-01-03;SLOVOPACONBE.ru;
2024-01-03;SLOVOPACONHE.ru;
2024-01-03;SLOVOSIBIRI.ru;
2024-01-03;SLOVOZAYM.ru;
2024-01-03;SLYMOFOR.ru;
2024-01-03;SM-DPK.ru;
2024-01-03;SMARTHOMEASSISTANT.ru;
2024-01-03;SMARTLEARNINGTECH.ru;
2024-01-03;SMAZKA-LITOL.ru;
2024-01-03;SMAZKA-SOLIDOL.ru;
2024-01-03;SMAZOCHNYE-MATERIALY.ru;
2024-01-03;SMELL690.ru;
2024-01-03;SMISMILE.ru;
2024-01-03;SMMNET.ru;
2024-01-03;SMMRRR.ru;
2024-01-03;SMOBILE-SERVICE.ru;
2024-01-03;SMOLENSK-POLIFASAD.ru;
2024-01-03;SMOTRING.ru;
2024-01-03;SNFSX.ru;
2024-01-03;SNITCHES.ru;
2024-01-03;SNOWFOLD.ru;
2024-01-03;SNV-FACORY.ru;
2024-01-03;SNV-FACTORY.ru;
2024-01-03;SOBERGO.ru;
2024-01-03;SOCHIGUSEVA.ru;
2024-01-03;SOFASMM.ru;
2024-01-03;SOFIMANI.ru;
2024-01-03;SOFKMYRU.ru;
2024-01-03;SOLNUMAO.ru;
2024-01-03;SOLOHINA.ru;
2024-01-03;SOMETESTSETC.ru;
2024-01-03;SOMMELIER-SPA.ru;
2024-01-03;SONDERSTORE.ru;
2024-01-03;SONSVETLANA.ru;
2024-01-03;SOQAZ.ru;
2024-01-03;SOTEKA.ru;
2024-01-03;SOUT-PRIM.ru;
2024-01-03;SOVINVARTOUR.ru;
2024-01-03;SOZM.ru;
2024-01-03;SP-KUST.ru;
2024-01-03;SPA-TANTRA.ru;
2024-01-03;SPACE-GOLUBOVA.ru;
2024-01-03;SPACE-MACE.ru;
2024-01-03;SPAPARUS.ru;
2024-01-03;SPAS-NA-DNEPRE.ru;
2024-01-03;SPAWNP3.ru;
2024-01-03;SPETRADE.ru;
2024-01-03;SPKDZZ.ru;
2024-01-03;SPKTV.ru;
2024-01-03;SPLIT-YANDEX.ru;
2024-01-03;SPORTSCANNER.ru;
2024-01-03;SPOTBMX.ru;
2024-01-03;SPOTPARK.ru;
2024-01-03;SPRINTDRIVE.ru;
2024-01-03;SR-57.ru;
2024-01-03;SRAVNIVPS.ru;
2024-01-03;SREDALIFE.ru;
2024-01-03;SSARKISOVA.ru;
2024-01-03;SSCOPY.ru;
2024-01-03;STACYWEI.ru;
2024-01-03;STAFF-LEARNING.ru;
2024-01-03;STANDUP-TELLERS.ru;
2024-01-03;STANISLAVJUS.ru;
2024-01-03;STANKO-TOOLS.ru;
2024-01-03;STANMS.ru;
2024-01-03;STARTBIZON365.ru;
2024-01-03;STARTMVP.ru;
2024-01-03;STASIAKOKO.ru;
2024-01-03;STASOKPROD.ru;
2024-01-03;STAY-ESTATE.ru;
2024-01-03;STCLD.ru;
2024-01-03;STEAMVALUE.ru;
2024-01-03;STEMIRBOLOTOVA.ru;
2024-01-03;STERPUGOV.ru;
2024-01-03;STILLBOARD.ru;
2024-01-03;STOPS-SCAM.ru;
2024-01-03;STORIS101.ru;
2024-01-03;STORYRUST.ru;
2024-01-03;STRAH-OSAGO.ru;
2024-01-03;STRETCHINGSPB.ru;
2024-01-03;STROIKA40.ru;
2024-01-03;STROITELSVODOMOV.ru;
2024-01-03;STRSOA.ru;
2024-01-03;STTOUC.ru;
2024-01-03;SUD-ZA.ru;
2024-01-03;SUDANOV.ru;
2024-01-03;SUHAREVA-PRO.ru;
2024-01-03;SUMERGENOVA.ru;
2024-01-03;SUMKIGOLD.ru;
2024-01-03;SUMKINFM.ru;
2024-01-03;SUNFORK.ru;
2024-01-03;SUPERSITE04.ru;
2024-01-03;SURFIK.ru;
2024-01-03;SURFTIPS.ru;
2024-01-03;SUSHKOVKV.ru;
2024-01-03;SVEJENICA.ru;
2024-01-03;SVEJIANA.ru;
2024-01-03;SVETLANA-ONLINE.ru;
2024-01-03;SVETLANASOTNICH.ru;
2024-01-03;SVOICAPITAL.ru;
2024-01-03;SVOJCHUZHOJ.ru;
2024-01-03;SVOYAPIZZA.ru;
2024-01-03;SVSTUDIO24.ru;
2024-01-03;SW-RP-CORP.ru;
2024-01-03;SWALEXUPDATE.ru;
2024-01-03;SYSTEM-PTA.ru;
2024-01-03;SYSTEMA-COURSE.ru;
2024-01-03;SZHIROV.ru;
2024-01-03;SZHUMADILOV.ru;
2024-01-03;T9221112661.ru;
2024-01-03;TACMOBILE.ru;
2024-01-03;TAIBEIZAIHAEYAHC.ru;
2024-01-03;TAKEMEBACKTO2016.ru;
2024-01-03;TAKLOKOVA.ru;
2024-01-03;TAKTMEDIA.ru;
2024-01-03;TAMARAM.ru;
2024-01-03;TANGOART.ru;
2024-01-03;TANKS3D.ru;
2024-01-03;TANKSBLIZ.ru;
2024-01-03;TANYADONCH.ru;
2024-01-03;TANYAVESNAPHOTOGRAPHER.ru;
2024-01-03;TARAOPT24.ru;
2024-01-03;TARO365.ru;
2024-01-03;TAROTRABBIT.ru;
2024-01-03;TATHAT.ru;
2024-01-03;TATIANASPR.ru;
2024-01-03;TATTY-MI.ru;
2024-01-03;TATYANAIVANTSOVA.ru;
2024-01-03;TAU-COLA.ru;
2024-01-03;TAUCOLA.ru;
2024-01-03;TAXI-DRIVEE.ru;
2024-01-03;TBYSTROVA.ru;
2024-01-03;TDNANOSERVICE.ru;
2024-01-03;TECHNO-LANDS.ru;
2024-01-03;TELEGRAMETR.ru;
2024-01-03;TELEGRAMGLAZBOGA.ru;
2024-01-03;TELLERS-CASSA.ru;
2024-01-03;TELO-YA.ru;
2024-01-03;TERNOVOI.ru;
2024-01-03;TERRAVIKA.ru;
2024-01-03;TESLATEQUILA.ru;
2024-01-03;TGBOTTEST.ru;
2024-01-03;TGPREMMM.ru;
2024-01-03;THEATRE-TELLERS.ru;
2024-01-03;TIAMUN.ru;
2024-01-03;TIGRKA.ru;
2024-01-03;TIMACHLOR.ru;
2024-01-03;TIMEWEBB.ru;
2024-01-03;TINOVIKOVA.ru;
2024-01-03;TK-ASKO.ru;
2024-01-03;TKHAL.ru;
2024-01-03;TMPEKAQ.ru;
2024-01-03;TNSAMA.ru;
2024-01-03;TOCHINOG.ru;
2024-01-03;TOI-GOH.ru;
2024-01-03;TONY07.ru;
2024-01-03;TOP-BEAUTY-SALON.ru;
2024-01-03;TOP-CREDIT-CARD.ru;
2024-01-03;TOP-DEBIT-CARD.ru;
2024-01-03;TOPCARS10.ru;
2024-01-03;TOPCASTLES.ru;
2024-01-03;TORRENT-GAME.ru;
2024-01-03;TOT-BOT.ru;
2024-01-03;TR-131.ru;
2024-01-03;TR131.ru;
2024-01-03;TRANDEWOO.ru;
2024-01-03;TRETIILISHNII.ru;
2024-01-03;TRGTUNNE.ru;
2024-01-03;TRI-BOGATYRYA-I-PUP-ZEMLI-MULTFILM2023.ru;
2024-01-03;TRIP-2178.ru;
2024-01-03;TRIPS-TRAVEL.ru;
2024-01-03;TROFIMOV108.ru;
2024-01-03;TSK-APRIORI.ru;
2024-01-03;TT-KEM.ru;
2024-01-03;TTK-KONCEPT.ru;
2024-01-03;TTRANSS.ru;
2024-01-03;TULA-AUTOCENTER.ru;
2024-01-03;TULA-TWO-CARS.ru;
2024-01-03;TUNING-TELA38.ru;
2024-01-03;TUVASADIK.ru;
2024-01-03;TVOYDEN-24.ru;
2024-01-03;TVOYWOMEN-24.ru;
2024-01-03;TWIDEONLINE.ru;
2024-01-03;TYR-VYHODNOGO-DNYA.ru;
2024-01-03;UAZTEMR.ru;
2024-01-03;UBABUSHKI-AVIA.ru;
2024-01-03;UBEKACH.ru;
2024-01-03;UCH12.ru;
2024-01-03;UCHETER.ru;
2024-01-03;UL00018.ru;
2024-01-03;ULTRAGO.ru;
2024-01-03;ULTRAVER.ru;
2024-01-03;ULYANITSKAYA-ANNA.ru;
2024-01-03;UNK37.ru;
2024-01-03;UNREALDECOR.ru;
2024-01-03;UO24.ru;
2024-01-03;UOFIS.ru;
2024-01-03;URALINVESTSTROI.ru;
2024-01-03;URISTIOTVETIAT7.ru;
2024-01-03;UROFOL-PILLS.ru;
2024-01-03;USCOPY.ru;
2024-01-03;USERS1C.ru;
2024-01-03;USPLIT.ru;
2024-01-03;USSRHIGHEREDUCATION.ru;
2024-01-03;UVIMASTER.ru;
2024-01-03;UZANTERACK.ru;
2024-01-03;V-WEBDESIGN.ru;
2024-01-03;V1STA-DRAFT.ru;
2024-01-03;VAGCODING.ru;
2024-01-03;VAITKEVICHUS.ru;
2024-01-03;VALENTINAGE.ru;
2024-01-03;VALERIANOCHKA.ru;
2024-01-03;VANSOZA.ru;
2024-01-03;VASCO-OIL.ru;
2024-01-03;VASURIGLASS.ru;
2024-01-03;VAZSXAPOKIN.ru;
2024-01-03;VBTOKNEROZ.ru;
2024-01-03;VBUHAREV.ru;
2024-01-03;VECTORCVAZI.ru;
2024-01-03;VEKTOR-MODA.ru;
2024-01-03;VELVETCREAMS.ru;
2024-01-03;VERASUNG.ru;
2024-01-03;VERINISOPOE.ru;
2024-01-03;VERSHINA-CLUB.ru;
2024-01-03;VEVDOKIMOVA.ru;
2024-01-03;VHAVUZ.ru;
2024-01-03;VIDEO-FOTO-SWADBA.ru;
2024-01-03;VIEWGO.ru;
2024-01-03;VIGOLUBOVA.ru;
2024-01-03;VIKOD.ru;
2024-01-03;VIKTOR83.ru;
2024-01-03;VILLA-NA-SEVERNOM-KIPRE.ru;
2024-01-03;VIRGINIABLACKWHISKEY.ru;
2024-01-03;VISALAVISTA.ru;
2024-01-03;VISITTARUSA.ru;
2024-01-03;VISITVERKHOTURYE.ru;
2024-01-03;VITAMINEUROPE.ru;
2024-01-03;VIVATON-KEMEROVO.ru;
2024-01-03;VKKONKYRS24.ru;
2024-01-03;VKPETITIONS.ru;
2024-01-03;VKPLAY2.ru;
2024-01-03;VKPLAYCONCEPT.ru;
2024-01-03;VKUSI38.ru;
2024-01-03;VKUSNODIETA.ru;
2024-01-03;VL-001.ru;
2024-01-03;VL001.ru;
2024-01-03;VLADIMIR-I.ru;
2024-01-03;VLADIMIR-I-KRISTINA.ru;
2024-01-03;VLADIMIRMIRO.ru;
2024-01-03;VLADIMIRSTRASHNOV.ru;
2024-01-03;VLADIVOSTOKVIBES.ru;
2024-01-03;VLESHA.ru;
2024-01-03;VODART-VODYANIK.ru;
2024-01-03;VOG-PRIM.ru;
2024-01-03;VOLLEYVIBE.ru;
2024-01-03;VOLNA2807.ru;
2024-01-03;VPOLUEKTOV.ru;
2024-01-03;VRACHIVKRIZISE.ru;
2024-01-03;VRAKIN.ru;
2024-01-03;VS404.ru;
2024-01-03;VSEINDEXY.ru;
2024-01-03;VSEPO50.ru;
2024-01-03;VSESVOE2.ru;
2024-01-03;VSNIKOLAEV.ru;
2024-01-03;VSOCIUM.ru;
2024-01-03;VSSEMENOV.ru;
2024-01-03;VTOSCHEV.ru;
2024-01-03;VTUK.ru;
2024-01-03;VUECOM.ru;
2024-01-03;VUGIY.ru;
2024-01-03;VUTYNEDASXCU.ru;
2024-01-03;VVB-OD.ru;
2024-01-03;VYNOSMUSORA.ru;
2024-01-03;VYSOV.ru;
2024-01-03;VYSSHAYALIGA.ru;
2024-01-03;VZRYVNOYKLEV.ru;
2024-01-03;W-PANNEL.ru;
2024-01-03;W1TYOGO.ru;
2024-01-03;WADADA.ru;
2024-01-03;WAGNEROK-PROJECT.ru;
2024-01-03;WALAAM.ru;
2024-01-03;WATTCARS.ru;
2024-01-03;WBMAGIC.ru;
2024-01-03;WDSMARKETING.ru;
2024-01-03;WEAREMAKERS.ru;
2024-01-03;WEB4LEARN.ru;
2024-01-03;WEBINARIYM.ru;
2024-01-03;WEDDING-BEARD.ru;
2024-01-03;WEDDINGKOSTYAKRISTINA.ru;
2024-01-03;WEEPOCKET.ru;
2024-01-03;WEMAKERS.ru;
2024-01-03;WENDROPSER.ru;
2024-01-03;WHERE2GOLF.ru;
2024-01-03;WHITE-WITCH.ru;
2024-01-03;WINLINE2024.ru;
2024-01-03;WMLOANS.ru;
2024-01-03;WOMENDEN24.ru;
2024-01-03;WOODCRAFT-MEB.ru;
2024-01-03;WSHOPY.ru;
2024-01-03;WWCLRT.ru;
2024-01-03;WWW-PROFITOOL.ru;
2024-01-03;WWWEIEYACHTS.ru;
2024-01-03;WWWGTO.ru;
2024-01-03;X-VOTES.ru;
2024-01-03;X10SION.ru;
2024-01-03;XINGHUILI.ru;
2024-01-03;XISTORIA.ru;
2024-01-03;XOEXE.ru;
2024-01-03;XOLOOP2.ru;
2024-01-03;XOLOP-2-2023.ru;
2024-01-03;XOLOPI-2.ru;
2024-01-03;XOLOPP-2.ru;
2024-01-03;XOMMA.ru;
2024-01-03;XOMYAK-3V1.ru;
2024-01-03;XOMYAK-3V1-UZBEKISTAN.ru;
2024-01-03;XP-9200.ru;
2024-01-03;XP9200.ru;
2024-01-03;XSHEP.ru;
2024-01-03;XSTRIKERS.ru;
2024-01-03;XUEXIAO.ru;
2024-01-03;XXX-BARNAUL.ru;
2024-01-03;XYVEND.ru;
2024-01-03;Y0URDADDY.ru;
2024-01-03;YA-BARANOV.ru;
2024-01-03;YA-MR.ru;
2024-01-03;YABETON.ru;
2024-01-03;YAD-PROM-TORG.ru;
2024-01-03;YAKOVLEVI.ru;
2024-01-03;YAL-AVTO.ru;
2024-01-03;YAMAZUMI.ru;
2024-01-03;YAMBLY.ru;
2024-01-03;YAN-MAIL.ru;
2024-01-03;YANDEX-MPOVOLNOV.ru;
2024-01-03;YANELLA96.ru;
2024-01-03;YANKAPRIVATE.ru;
2024-01-03;YASAM64.ru;
2024-01-03;YAVEISHIS.ru;
2024-01-03;YELLOINVEST1.ru;
2024-01-03;YELLOINVEST2.ru;
2024-01-03;YELLOINVEST3.ru;
2024-01-03;YOGALINA.ru;
2024-01-03;YONICHELNY.ru;
2024-01-03;YOOSOLUTIONS.ru;
2024-01-03;YOUDUN.ru;
2024-01-03;YOUGILE4TILDA.ru;
2024-01-03;YOUGILECONNECT.ru;
2024-01-03;YOUHELPER.ru;
2024-01-03;YOUNGUNICORN.ru;
2024-01-03;YPRST.ru;
2024-01-03;YULIA-NEKIPELOVA.ru;
2024-01-03;ZAKAZ7368.ru;
2024-01-03;ZAMOKVIP.ru;
2024-01-03;ZCH-DESIGN.ru;
2024-01-03;ZELENOE-REMESLO.ru;
2024-01-03;ZELENOEREMESLO.ru;
2024-01-03;ZEMLENICHKARP.ru;
2024-01-03;ZENISHIN.ru;
2024-01-03;ZERMATCOSMETIC.ru;
2024-01-03;ZHAKLIN-A.ru;
2024-01-03;ZHARPITSTSA.ru;
2024-01-03;ZHEKH.ru;
2024-01-03;ZHENSKIYMYR.ru;
2024-01-03;ZHESHARTDOU1.ru;
2024-01-03;ZHISTOVSKIY.ru;
2024-01-03;ZHITEYSKIYE.ru;
2024-01-03;ZHORIKI.ru;
2024-01-03;ZIBRITSKY.ru;
2024-01-03;ZIMENKIPARK.ru;
2024-01-03;ZIP-TEHNIKA.ru;
2024-01-03;ZISWEETS.ru;
2024-01-03;ZK-SAMOLET-PARTNER.ru;
2024-01-03;ZNAKOMSTVAPROSTO.ru;
2024-01-03;ZNAT-POLEZNO.ru;
2024-01-03;ZOLOTAVIN.ru;
2024-01-03;ZOLOTAYA-TROYKA.ru;
2024-01-03;ZOLOTOJSTANDART.ru;
2024-01-03;ZSQAWER.ru;
2024-01-03;ZUBKINO.ru;
2024-01-03;ZUFIK08.ru;
2024-01-03;ZVUKOSTOP.ru;
2024-01-04;01-03-2024.ru;
2024-01-04;02-03-2024.ru;
2024-01-04;03-03-2024.ru;
2024-01-04;04-03-2024.ru;
2024-01-04;05-03-2024.ru;
2024-01-04;05WS.ru;
2024-01-04;06-03-2024.ru;
2024-01-04;07-03-2024.ru;
2024-01-04;08-03-2024.ru;
2024-01-04;09-03-2024.ru;
2024-01-04;10-03-2024.ru;
2024-01-04;1001BIZ.ru;
2024-01-04;101STANOK.ru;
2024-01-04;10501.ru;
2024-01-04;11-00.ru;
2024-01-04;11-03-2024.ru;
2024-01-04;1122SHOP.ru;
2024-01-04;12-03-2024.ru;
2024-01-04;13-03-2024.ru;
2024-01-04;14-03-2024.ru;
2024-01-04;15-03-2024.ru;
2024-01-04;16-03-2024.ru;
2024-01-04;17PRO.ru;
2024-01-04;17W.ru;
2024-01-04;18-03-2024.ru;
2024-01-04;19-03-2024.ru;
2024-01-04;1C-ONE.ru;
2024-01-04;1KI174.ru;
2024-01-04;1MOZHGA.ru;
2024-01-04;1VAVADACASINO2024.ru;
2024-01-04;1XBET-BONUS-ZERKALO.ru;
2024-01-04;1XSAYT.ru;
2024-01-04;1XSLOTSCASINOBONUS-PLAY.ru;
2024-01-04;1YZ.ru;
2024-01-04;20-03-2024.ru;
2024-01-04;2024-03-17.ru;
2024-01-04;2024ONLINEOUTLET.ru;
2024-01-04;21-03-2024.ru;
2024-01-04;21-12-2112.ru;
2024-01-04;2112-2112.ru;
2024-01-04;21122112.ru;
2024-01-04;22-03-2024.ru;
2024-01-04;23-03-2024.ru;
2024-01-04;23GIG.ru;
2024-01-04;24-03-2024.ru;
2024-01-04;24COMBICLEAN96.ru;
2024-01-04;24ID24.ru;
2024-01-04;24JULY2024.ru;
2024-01-04;24P1N-UP.ru;
2024-01-04;25-03-2024.ru;
2024-01-04;26-03-2024.ru;
2024-01-04;27-03-2024.ru;
2024-01-04;28-03-2024.ru;
2024-01-04;29-03-2024.ru;
2024-01-04;2BOUNTY-KAZINO-ONLINE.ru;
2024-01-04;2CAT-CASINO-ONLINE.ru;
2024-01-04;2CLICKPAY.ru;
2024-01-04;2HOLOP.ru;
2024-01-04;2KDESIGN.ru;
2024-01-04;2KX.ru;
2024-01-04;2P1.ru;
2024-01-04;2SELECTOR-CASINO-ONLINE.ru;
2024-01-04;2SYKAAA-KAZINO.ru;
2024-01-04;2TEU.ru;
2024-01-04;2TURBO-KAZINO-ONLINE.ru;
2024-01-04;30-03-2024.ru;
2024-01-04;31-03-2024.ru;
2024-01-04;322LOUNGE.ru;
2024-01-04;38-KRASOA.ru;
2024-01-04;38-KRASOTA.ru;
2024-01-04;3BOUNTY-KAZINO-ONLINE.ru;
2024-01-04;3CAT-CASINO-ONLINE.ru;
2024-01-04;3DART360.ru;
2024-01-04;3DESNITSA.ru;
2024-01-04;3LEV-KAZINO-ONLINE.ru;
2024-01-04;3SELECTOR-CASINO-ONLINE.ru;
2024-01-04;3SYKAAA-KAZINO.ru;
2024-01-04;3TURBO-KAZINO-ONLINE.ru;
2024-01-04;4CLUBNIKA-CASINO-ONLINE.ru;
2024-01-04;4LAPY-I-XVOST.ru;
2024-01-04;4LEV-KAZINO-ONLINE.ru;
2024-01-04;4YRUN.ru;
2024-01-04;51BIZ.ru;
2024-01-04;52TOP.ru;
2024-01-04;5AVENUEWORK.ru;
2024-01-04;5CLUBNIKA-CASINO-ONLINE.ru;
2024-01-04;76Y.ru;
2024-01-04;7BITCOIN.ru;
2024-01-04;7OZ.ru;
2024-01-04;7SUPER-SLOTS.ru;
2024-01-04;7TARGETGROUP.ru;
2024-01-04;8003506005.ru;
2024-01-04;8354.ru;
2024-01-04;9130.ru;
2024-01-04;9616.ru;
2024-01-04;9K-YETIRU.ru;
2024-01-04;A-BASENKO.ru;
2024-01-04;AAAGM.ru;
2024-01-04;AAGOLUBEVDEV.ru;
2024-01-04;AALEKSANDER.ru;
2024-01-04;AAMIN.ru;
2024-01-04;ABASKAKOV.ru;
2024-01-04;ABCCHAIN.ru;
2024-01-04;ABCHAIN.ru;
2024-01-04;ABK79833934977.ru;
2024-01-04;ABODUNKOVA.ru;
2024-01-04;ABSTRACTTILDAFIRE.ru;
2024-01-04;AC-TULA-CARS.ru;
2024-01-04;ACADEMYNIKAH.ru;
2024-01-04;ACADEMYOFMASTERY.ru;
2024-01-04;ACE-STREAM-PK.ru;
2024-01-04;ACETAMA.ru;
2024-01-04;ACHQULUNK.ru;
2024-01-04;ACHUDOV.ru;
2024-01-04;AD92.ru;
2024-01-04;ADMKRGR.ru;
2024-01-04;ADS-74.ru;
2024-01-04;ADVOKAT3335.ru;
2024-01-04;ADVOKATPOMOJET.ru;
2024-01-04;ADVOKATRUSTAMOVA.ru;
2024-01-04;AEG-643.ru;
2024-01-04;AESEO.ru;
2024-01-04;AFISHA1.ru;
2024-01-04;AFRANTENKO.ru;
2024-01-04;AFRIEX.ru;
2024-01-04;AGADZAOVA.ru;
2024-01-04;AGENCY-BOTT.ru;
2024-01-04;AGENT333.ru;
2024-01-04;AGERLIH.ru;
2024-01-04;AGHORASHRAM.ru;
2024-01-04;AGKRASAVIN.ru;
2024-01-04;AGVOZDEV.ru;
2024-01-04;AHINJAN.ru;
2024-01-04;AI-102.ru;
2024-01-04;AI102.ru;
2024-01-04;AIHOMELAB.ru;
2024-01-04;AIROSALES.ru;
2024-01-04;AITESTLAB.ru;
2024-01-04;AJ1407.ru;
2024-01-04;AJQULUNK.ru;
2024-01-04;AKAGANOVICH.ru;
2024-01-04;AKATEVA-PHOTO.ru;
2024-01-04;AKKORA89.ru;
2024-01-04;AKMENS.ru;
2024-01-04;AKNULUNK.ru;
2024-01-04;AKONDUR.ru;
2024-01-04;AKUYAVSKAYA.ru;
2024-01-04;AKYCH.ru;
2024-01-04;ALADKIN.ru;
2024-01-04;ALAPYNIN.ru;
2024-01-04;ALARIZZ.ru;
2024-01-04;ALBATRO3D.ru;
2024-01-04;ALBINAZHAROVA.ru;
2024-01-04;ALCOMARKET77.ru;
2024-01-04;ALEFANIYA.ru;
2024-01-04;ALEKSANDR-KOROLEV.ru;
2024-01-04;ALEKSANDRALEVINA.ru;
2024-01-04;ALEKSEI-910.ru;
2024-01-04;ALEMARV.ru;
2024-01-04;ALESHKINTYT.ru;
2024-01-04;ALEXANDER-KAZAKOV.ru;
2024-01-04;ALEXCRAZYEDITOR.ru;
2024-01-04;ALEXEYALEYNIK.ru;
2024-01-04;ALEXFRILANSER.ru;
2024-01-04;ALEXNDOROHIN.ru;
2024-01-04;ALEXSEI777.ru;
2024-01-04;ALFA003.ru;
2024-01-04;ALFAAUTOCONFERENCE2023.ru;
2024-01-04;ALGEBRAINED.ru;
2024-01-04;ALIGNPRO.ru;
2024-01-04;ALINA-ZAHAROVA.ru;
2024-01-04;ALL-FOR-LADIES.ru;
2024-01-04;ALL4GEEK.ru;
2024-01-04;ALLDNS.ru;
2024-01-04;ALLRIY.ru;
2024-01-04;ALMATYSTORE.ru;
2024-01-04;ALSITALO.ru;
2024-01-04;ALTA-MODS.ru;
2024-01-04;ALTAITORGTECHNIKA.ru;
2024-01-04;ALTAMODS.ru;
2024-01-04;ALTER-BAND.ru;
2024-01-04;ALTERNATUM.ru;
2024-01-04;AM-HOLDING.ru;
2024-01-04;AM-HOLDING-PORTAL.ru;
2024-01-04;AMAKOVEEVA.ru;
2024-01-04;AMARTMEBEL.ru;
2024-01-04;AMDUKE84.ru;
2024-01-04;AMIZEV.ru;
2024-01-04;AMMASWIDT.ru;
2024-01-04;AMONIAJEWELLERY.ru;
2024-01-04;AMPERLIFE.ru;
2024-01-04;ANALLICHE.ru;
2024-01-04;ANALYZPRO.ru;
2024-01-04;ANANDARUSSIA.ru;
2024-01-04;ANASTASIALITKE.ru;
2024-01-04;ANATOLIJZHUKOV.ru;
2024-01-04;ANDREJ-SHMIDT.ru;
2024-01-04;ANDREY-KUPIN.ru;
2024-01-04;ANDYVRN05PRO.ru;
2024-01-04;ANGELFABERLIC.ru;
2024-01-04;ANHERT4G.ru;
2024-01-04;ANKETA78.ru;
2024-01-04;ANMARINEL.ru;
2024-01-04;ANNAPRUD-DESIGN.ru;
2024-01-04;ANNYHANDS.ru;
2024-01-04;ANO-FILES.ru;
2024-01-04;ANOFILES.ru;
2024-01-04;ANTON23.ru;
2024-01-04;ANTONGLOBA.ru;
2024-01-04;ANTONOV45.ru;
2024-01-04;ANTYPLAGIAT.ru;
2024-01-04;ANVSHAPOVALOV.ru;
2024-01-04;AODTEAM.ru;
2024-01-04;APCHELIMOV.ru;
2024-01-04;APELSEAN27.ru;
2024-01-04;APERDELEANU.ru;
2024-01-04;API-EOG.ru;
2024-01-04;API4FORMS.ru;
2024-01-04;APPLEDEM.ru;
2024-01-04;APPLEKHV.ru;
2024-01-04;APPS-RUSTORE.ru;
2024-01-04;APPSOCHI.ru;
2024-01-04;APPSRUSTORE.ru;
2024-01-04;APROSKUSHINA.ru;
2024-01-04;AQUAINDUSTRIAL.ru;
2024-01-04;AQUARELLECOURSE.ru;
2024-01-04;AQUAZOO-SOCHI.ru;
2024-01-04;ARBITRIGROUP.ru;
2024-01-04;ARENDA123.ru;
2024-01-04;ARENDAKALYANABANGKOK.ru;
2024-01-04;ARENDAKALYANAPATTAYA.ru;
2024-01-04;ARENDAKALYANAPHANGAN.ru;
2024-01-04;ARENDAKALYANAPHUKET.ru;
2024-01-04;ARENDAKALYANASAMUI.ru;
2024-01-04;ARGOSDAG.ru;
2024-01-04;ARINKAVLADISLAVOVNA.ru;
2024-01-04;ARM-ELPTS.ru;
2024-01-04;ARMADA-WOODS.ru;
2024-01-04;ARMELPTS.ru;
2024-01-04;AROMA-GLORIOUS.ru;
2024-01-04;AROMARULES.ru;
2024-01-04;ARSENIUS.ru;
2024-01-04;ARTAWAY.ru;
2024-01-04;ARTDALI.ru;
2024-01-04;ARTEM2015ASYS.ru;
2024-01-04;ARTGRIE.ru;
2024-01-04;ARTIFLY.ru;
2024-01-04;ARTILLERYMAN.ru;
2024-01-04;ARTISFY.ru;
2024-01-04;ARTISTVERADMITRIEVA.ru;
2024-01-04;ARTOFCERAMICA.ru;
2024-01-04;ARTSTYLE74.ru;
2024-01-04;ARTTECH2024.ru;
2024-01-04;ARZ-DEVIL.ru;
2024-01-04;ARZ-PIZDEC.ru;
2024-01-04;ARZ-SAKURA.ru;
2024-01-04;ARZ-WELLINGTON.ru;
2024-01-04;AS-SERVICE96.ru;
2024-01-04;ASATSURA.ru;
2024-01-04;ASCESIS.ru;
2024-01-04;ASD-CLINIC.ru;
2024-01-04;ASEVASTJANOV.ru;
2024-01-04;ASHREY.ru;
2024-01-04;ASPENERGO-KELVIN.ru;
2024-01-04;ASRIBN.ru;
2024-01-04;ASSELBORN.ru;
2024-01-04;ASYAOKHOTNIKOVA.ru;
2024-01-04;ASYROVA.ru;
2024-01-04;ATAGIRA.ru;
2024-01-04;ATFOODKITCHEN.ru;
2024-01-04;ATIAKSHIN.ru;
2024-01-04;ATLANTIS-TRADE.ru;
2024-01-04;ATORSHIN.ru;
2024-01-04;ATWOWHEELS.ru;
2024-01-04;AUDEEV.ru;
2024-01-04;AUG-VRN.ru;
2024-01-04;AURORA-SAMP.ru;
2024-01-04;AURUSBET.ru;
2024-01-04;AUTHLOGINSECURE.ru;
2024-01-04;AUTODRIVEPULSE.ru;
2024-01-04;AUTOEXHIBITION.ru;
2024-01-04;AUTOMARKETPLACES.ru;
2024-01-04;AUTOPODBORPRICE.ru;
2024-01-04;AUTOPOMOSH22.ru;
2024-01-04;AUTOWEBER.ru;
2024-01-04;AUTOZARIUS.ru;
2024-01-04;AVARIYNOE-VSKRYTIE-ZAMKOV.ru;
2024-01-04;AVDIM.ru;
2024-01-04;AVITOHELPER.ru;
2024-01-04;AVITOMN.ru;
2024-01-04;AVOCADOCRAFTING.ru;
2024-01-04;AVS-1.ru;
2024-01-04;AVTO-DTP.ru;
2024-01-04;AVTOBANN.ru;
2024-01-04;AVTOMENALEXEY.ru;
2024-01-04;AVTOSTEKLO-BEVZ.ru;
2024-01-04;AVTOYURIST-MOSKVA1.ru;
2024-01-04;AVTOZARIUS.ru;
2024-01-04;AWELESSBOSS.ru;
2024-01-04;AWELMINE.ru;
2024-01-04;AXOMATRINAT.ru;
2024-01-04;AZHAL.ru;
2024-01-04;AZION-MARKET.ru;
2024-01-04;AZIONMARKET.ru;
2024-01-04;B2BHOOKAH.ru;
2024-01-04;BABANIN-1.ru;
2024-01-04;BAGROV-ELECTRONIC-LIBRARY.ru;
2024-01-04;BAJDINA-1.ru;
2024-01-04;BAKINOVSKIJ.ru;
2024-01-04;BALABASNYA.ru;
2024-01-04;BALAHONOV-ALEKSANDR.ru;
2024-01-04;BALLET-AFISH.ru;
2024-01-04;BALOV-1.ru;
2024-01-04;BALROT.ru;
2024-01-04;BALTICFON.ru;
2024-01-04;BALTICTT-CUP.ru;
2024-01-04;BANANAAI.ru;
2024-01-04;BANANACHAIN.ru;
2024-01-04;BANK-YA.ru;
2024-01-04;BANKOSAUR.ru;
2024-01-04;BANKRUPTLAWYER.ru;
2024-01-04;BANKYA.ru;
2024-01-04;BARAMIDZE.ru;
2024-01-04;BARBERSOCHI.ru;
2024-01-04;BARPMOTORS.ru;
2024-01-04;BARUSHNOV.ru;
2024-01-04;BASART.ru;
2024-01-04;BASSTOR.ru;
2024-01-04;BATLESTG.ru;
2024-01-04;BATLESVK.ru;
2024-01-04;BATMANOFF.ru;
2024-01-04;BAYCREATIVECOPPER.ru;
2024-01-04;BAZA-METIZ-OV.ru;
2024-01-04;BAZAMETIZOV.ru;
2024-01-04;BBAMBYSHEVA.ru;
2024-01-04;BBEZGIN.ru;
2024-01-04;BCTOL.ru;
2024-01-04;BE-T.ru;
2024-01-04;BEANS-COFFEE.ru;
2024-01-04;BEARCHAIN.ru;
2024-01-04;BEAUTYDROPS.ru;
2024-01-04;BEKBUZAROV.ru;
2024-01-04;BELLAGEVORGYAN.ru;
2024-01-04;BELOEATELIER.ru;
2024-01-04;BELOUSOV-ANTON.ru;
2024-01-04;BEMACHTIG-INTERNATIONAALSERVICE.ru;
2024-01-04;BEMYEMPLOYEE.ru;
2024-01-04;BENZPILA.ru;
2024-01-04;BERBUX.ru;
2024-01-04;BEREZANTSEV-NIZYAEV.ru;
2024-01-04;BESELF-BY-MAKAROVA.ru;
2024-01-04;BESPAYEVNAIL.ru;
2024-01-04;BESTDEALS2024.ru;
2024-01-04;BESTYASHA.ru;
2024-01-04;BETUNLIM-CAZINO.ru;
2024-01-04;BEVZON.ru;
2024-01-04;BEZDEPOZITA6.ru;
2024-01-04;BFELIS.ru;
2024-01-04;BFTOUR.ru;
2024-01-04;BGMAKINA.ru;
2024-01-04;BIFANDIN.ru;
2024-01-04;BIG-ALUSHTA.ru;
2024-01-04;BIG-SITE.ru;
2024-01-04;BIGDATACHAIN.ru;
2024-01-04;BIJOU-RF.ru;
2024-01-04;BILLMAKITSEN.ru;
2024-01-04;BIM2.ru;
2024-01-04;BIZNESNL.ru;
2024-01-04;BKM67.ru;
2024-01-04;BLAZERMAXB.ru;
2024-01-04;BLAZERMAXC.ru;
2024-01-04;BLAZERMAXE.ru;
2024-01-04;BLAZERMAXF.ru;
2024-01-04;BLAZERMAXH.ru;
2024-01-04;BLAZERMAXI.ru;
2024-01-04;BLAZERMAXM.ru;
2024-01-04;BLAZERMAXN.ru;
2024-01-04;BLOG-ANGE.ru;
2024-01-04;BLONDIROOM.ru;
2024-01-04;BLUEFIG.ru;
2024-01-04;BLUROCAGO.ru;
2024-01-04;BOB-PRO.ru;
2024-01-04;BOBKOV-DESIGN.ru;
2024-01-04;BOBURKHAMDAMOFF.ru;
2024-01-04;BOCHAI.ru;
2024-01-04;BODA-PRO.ru;
2024-01-04;BODAPRO.ru;
2024-01-04;BODBOD.ru;
2024-01-04;BOGGATO.ru;
2024-01-04;BONAVENTURE-RUM.ru;
2024-01-04;BONDAR11.ru;
2024-01-04;BONDAREVVVA.ru;
2024-01-04;BONDSJEWELLERY.ru;
2024-01-04;BONUSY-CASINO2024.ru;
2024-01-04;BONUSY-V-CASINO1.ru;
2024-01-04;BONUSY-V-CASINO2.ru;
2024-01-04;BOOKCHERDAK.ru;
2024-01-04;BORIS-HVAC.ru;
2024-01-04;BORNXX24.ru;
2024-01-04;BORUSDESIGN.ru;
2024-01-04;BOTMANAGER.ru;
2024-01-04;BOTNADZOR.ru;
2024-01-04;BOUNCECAMP.ru;
2024-01-04;BOYARINKOV.ru;
2024-01-04;BOYCHENKO01.ru;
2024-01-04;BPLACATALOG.ru;
2024-01-04;BPMFABRIKA.ru;
2024-01-04;BRANDPACKAGE22.ru;
2024-01-04;BRASVET.ru;
2024-01-04;BRAVO131.ru;
2024-01-04;BREMENSKIEMUZIKANTIY.ru;
2024-01-04;BREMENSKIEMUZIKANTO.ru;
2024-01-04;BREMENSKMUZIKANTY.ru;
2024-01-04;BRNCARECARRENT.ru;
2024-01-04;BRNCONQUISTAJOGOS.ru;
2024-01-04;BRNEMOCAOGAME.ru;
2024-01-04;BRNJ0GOGRAT1S.ru;
2024-01-04;BRNJOGOGRATIS.ru;
2024-01-04;BRNJOGONAVEGADOR.ru;
2024-01-04;BRNJOGOSCASI.ru;
2024-01-04;BRNJOGUEAGOR.ru;
2024-01-04;BRNNAVEGADORJGO.ru;
2024-01-04;BRUNMAIER.ru;
2024-01-04;BSHAHANOV.ru;
2024-01-04;BULAROND.ru;
2024-01-04;BULATSIN.ru;
2024-01-04;BURLAT.ru;
2024-01-04;BUSINESSTECHNIC.ru;
2024-01-04;BUSSTO82.ru;
2024-01-04;BUY-RB.ru;
2024-01-04;BUYOSAGO.ru;
2024-01-04;BVALERA842.ru;
2024-01-04;BY-NATAKA.ru;
2024-01-04;BYTEFU.ru;
2024-01-04;CAKE-MOSCOW.ru;
2024-01-04;CALENDAR-SERVICE.ru;
2024-01-04;CALLOFNORTH.ru;
2024-01-04;CAMELMILK-LIFE.ru;
2024-01-04;CAMREGION.ru;
2024-01-04;CAR--VIN.ru;
2024-01-04;CARDAPPROVED.ru;
2024-01-04;CASINO-CLUBNIKA.ru;
2024-01-04;CASINO-PLAYZZ.ru;
2024-01-04;CASINOFONTAN.ru;
2024-01-04;CASINOX731.ru;
2024-01-04;CASSA-TILL.ru;
2024-01-04;CAT-CASINO2024.ru;
2024-01-04;CAT-CASINO36.ru;
2024-01-04;CATCASINO2024.ru;
2024-01-04;CATCHAIN.ru;
2024-01-04;CATCOURSES.ru;
2024-01-04;CATKAZINO.ru;
2024-01-04;CAZINOCLUBNIKA.ru;
2024-01-04;CAZINOCRYPTOBOSS.ru;
2024-01-04;CCPOISK.ru;
2024-01-04;CDN-BILET.ru;
2024-01-04;CEYMAND4X.ru;
2024-01-04;CHAINDATA.ru;
2024-01-04;CHAINMUSIC.ru;
2024-01-04;CHAINVIDEO.ru;
2024-01-04;CHANGHUAMOTO.ru;
2024-01-04;CHARMBOT.ru;
2024-01-04;CHASTYE.ru;
2024-01-04;CHATPHUKETA.ru;
2024-01-04;CHECHEVICHI.ru;
2024-01-04;CHECKERCSGO.ru;
2024-01-04;CHEK-SPB.ru;
2024-01-04;CHEKI-RUSSIA.ru;
2024-01-04;CHEKISTOV.ru;
2024-01-04;CHEKOF.ru;
2024-01-04;CHERKASOVA-PRO.ru;
2024-01-04;CHERRY-POPRU.ru;
2024-01-04;CHERRY79.ru;
2024-01-04;CHIBVIT.ru;
2024-01-04;CHIKAGA.ru;
2024-01-04;CHINESEEVCARS.ru;
2024-01-04;CHISTIAKOW.ru;
2024-01-04;CHISTO-I-TOCHKA.ru;
2024-01-04;CHNCHAIN.ru;
2024-01-04;CHOLIQUSHI8.ru;
2024-01-04;CHOOSELIFERUS.ru;
2024-01-04;CHUBAEV.ru;
2024-01-04;CIMA-ATELIER.ru;
2024-01-04;CINEMA-COSMOS.ru;
2024-01-04;CITYROMANCE6310.ru;
2024-01-04;CJ9.ru;
2024-01-04;CLONGARSON.ru;
2024-01-04;CLOUD-CASTLE.ru;
2024-01-04;CLOUD15.ru;
2024-01-04;CLOUDLEARNING.ru;
2024-01-04;CLOUDNFT.ru;
2024-01-04;CLUBSESTRAM.ru;
2024-01-04;CNCHAIN.ru;
2024-01-04;CNONE.ru;
2024-01-04;CNYCHAIN.ru;
2024-01-04;COCODEV.ru;
2024-01-04;CODE-UNIVERSE.ru;
2024-01-04;CODEKINGS.ru;
2024-01-04;COFFEKATE.ru;
2024-01-04;COLPALANS.ru;
2024-01-04;COMBILAND.ru;
2024-01-04;CONCERT-ORG.ru;
2024-01-04;CONZECCII.ru;
2024-01-04;COOFX.ru;
2024-01-04;COOKIES-IT.ru;
2024-01-04;COOKIESIT.ru;
2024-01-04;CORNER-LAB.ru;
2024-01-04;CORNERLAB.ru;
2024-01-04;CORPORATIV-SELIGER.ru;
2024-01-04;COSMOS-BASKET.ru;
2024-01-04;COSMOS-BASKETBALL.ru;
2024-01-04;COSMOSBASKET.ru;
2024-01-04;COURSE-EGE.ru;
2024-01-04;COZYKIDSPLACE.ru;
2024-01-04;CPS-YALTA.ru;
2024-01-04;CRAFTUM-DESIGN.ru;
2024-01-04;CREABLAST.ru;
2024-01-04;CREDIT-RANKING.ru;
2024-01-04;CREDIT-REBUILD.ru;
2024-01-04;CREDIT-ZONE24.ru;
2024-01-04;CREDITRANKING.ru;
2024-01-04;CRELATA.ru;
2024-01-04;CRIMEANOVOSTROY.ru;
2024-01-04;CRIMERP.ru;
2024-01-04;CRYSTA1.ru;
2024-01-04;CS16ADM.ru;
2024-01-04;CSGOBATTLE.ru;
2024-01-04;CSTOURGO.ru;
2024-01-04;CSTRADEMS.ru;
2024-01-04;CTPPARTS.ru;
2024-01-04;CUBECHAIN.ru;
2024-01-04;CUDOHUB.ru;
2024-01-04;CUPISMELBET.ru;
2024-01-04;CURRENCYEXCHANGE23.ru;
2024-01-04;CYBER-BOARD.ru;
2024-01-04;CYBERXSTATION.ru;
2024-01-04;D-GRUPP24.ru;
2024-01-04;DADDY-CASINO-AMP12.ru;
2024-01-04;DADDY-CASINO-AMP13.ru;
2024-01-04;DADDY-CASINO-AMP14.ru;
2024-01-04;DADDY-CASINO-AMP15.ru;
2024-01-04;DAF-XF-TRUCKS.ru;
2024-01-04;DAIMILK.ru;
2024-01-04;DANIKKK.ru;
2024-01-04;DANILOVVV.ru;
2024-01-04;DANUBE-SPORTZ.ru;
2024-01-04;DAOSOV.ru;
2024-01-04;DARCIKO.ru;
2024-01-04;DARGAS.ru;
2024-01-04;DARIA-UCHAEVA.ru;
2024-01-04;DARIAPERMONENT.ru;
2024-01-04;DATA-ENGINEER-TOOLS.ru;
2024-01-04;DATA-WEB.ru;
2024-01-04;DATACLASS.ru;
2024-01-04;DATINGALLGO.ru;
2024-01-04;DAY-GOOD.ru;
2024-01-04;DBELOUSOVA.ru;
2024-01-04;DBTSKILLS.ru;
2024-01-04;DBUKOV.ru;
2024-01-04;DECOR-ACADEMY.ru;
2024-01-04;DEEPCOURSE.ru;
2024-01-04;DEKSDEN.ru;
2024-01-04;DELFIKPRO.ru;
2024-01-04;DELIVERY-4513.ru;
2024-01-04;DELIVERY-TESTING.ru;
2024-01-04;DELIVERY215.ru;
2024-01-04;DELORUSS.ru;
2024-01-04;DELTABEST.ru;
2024-01-04;DEMAMED.ru;
2024-01-04;DEMON-CSS.ru;
2024-01-04;DEMOS-MUSIC.ru;
2024-01-04;DENCEL.ru;
2024-01-04;DENGINAZEMLE.ru;
2024-01-04;DENISJOSIK.ru;
2024-01-04;DENISKAZ.ru;
2024-01-04;DENTISTB1.ru;
2024-01-04;DEPERBRGAMER.ru;
2024-01-04;DESHEVYE-PROSTITUTKI-OMSKA.ru;
2024-01-04;DESHEVYEPROSTITUTKIROSTOVA.ru;
2024-01-04;DESING-KIRJAKOVA.ru;
2024-01-04;DESOTTA1.ru;
2024-01-04;DESTYCRAFT.ru;
2024-01-04;DETALIMACHIN.ru;
2024-01-04;DETIVIT.ru;
2024-01-04;DETIVSOCHI.ru;
2024-01-04;DETSTVA-MIR.ru;
2024-01-04;DEVELOPER-BOX.ru;
2024-01-04;DEVFEEDBACK.ru;
2024-01-04;DEVOTION-ENTERTAINMENT.ru;
2024-01-04;DEVSTUDIO-K.ru;
2024-01-04;DEZZ-INFEKTOR.ru;
2024-01-04;DFGHETRH.ru;
2024-01-04;DIANAMALF-CURSES.ru;
2024-01-04;DIGCENTR.ru;
2024-01-04;DIGICHAIN.ru;
2024-01-04;DIGITAL-FEDERATION.ru;
2024-01-04;DIGITALMESS.ru;
2024-01-04;DIMA-USTINOV.ru;
2024-01-04;DIMMRUSSU.ru;
2024-01-04;DISKAMIFRA.ru;
2024-01-04;DIVAFASHION.ru;
2024-01-04;DIVAN-ON-LINE.ru;
2024-01-04;DIZELBY.ru;
2024-01-04;DJAN-GO.ru;
2024-01-04;DJBAND.ru;
2024-01-04;DJONIZ.ru;
2024-01-04;DJOURNALISTA.ru;
2024-01-04;DLAVV.ru;
2024-01-04;DLEONIDIS.ru;
2024-01-04;DMITRY1996.ru;
2024-01-04;DMTRY.ru;
2024-01-04;DN4K34.ru;
2024-01-04;DNR-180.ru;
2024-01-04;DOBROMAF.ru;
2024-01-04;DOCTORSAVKINA.ru;
2024-01-04;DOG-GLAD.ru;
2024-01-04;DOGCHAIN.ru;
2024-01-04;DOGCLOUD.ru;
2024-01-04;DOKARA.ru;
2024-01-04;DOLBIMINATYAGIVAYEM.ru;
2024-01-04;DOLBINAT.ru;
2024-01-04;DOLGI-2024-NETY.ru;
2024-01-04;DOLGI-2024-STOP.ru;
2024-01-04;DOLGOV-2024-NET.ru;
2024-01-04;DOLGOV-NET74.ru;
2024-01-04;DOLLARCHAIN.ru;
2024-01-04;DOM-CERAMICA.ru;
2024-01-04;DOM-POSUTOCHNO.ru;
2024-01-04;DOMEN-PLEX.ru;
2024-01-04;DOMEN-PROTOSENDER.ru;
2024-01-04;DOMOHTA.ru;
2024-01-04;DOMOXTA.ru;
2024-01-04;DOOLBAIIB.ru;
2024-01-04;DOOM-V-SOCHI.ru;
2024-01-04;DOOSANPARTS.ru;
2024-01-04;DOREWT24.ru;
2024-01-04;DOROHIN-PRO.ru;
2024-01-04;DOSTAVKA-7846.ru;
2024-01-04;DOSTAVKA-SAMOKAT.ru;
2024-01-04;DOTDB.ru;
2024-01-04;DP-PEREVODOV.ru;
2024-01-04;DPK-WOOD.ru;
2024-01-04;DR-PARFENOVA.ru;
2024-01-04;DRAKOSHASTOM.ru;
2024-01-04;DRAMATIC-RUSS.ru;
2024-01-04;DRINKSACADEMY.ru;
2024-01-04;DRIVEEXPERTS.ru;
2024-01-04;DRONECATALOG.ru;
2024-01-04;DROVOSEKO.ru;
2024-01-04;DS68401.ru;
2024-01-04;DSATSKEVICH.ru;
2024-01-04;DTP-AVTO.ru;
2024-01-04;DUALITYMC.ru;
2024-01-04;DUBAINOVOSTI.ru;
2024-01-04;DUHTINA.ru;
2024-01-04;DUNTSOVAINITIATIVE.ru;
2024-01-04;DUPERISE.ru;
2024-01-04;DUPLET5.ru;
2024-01-04;DUSHEVNII-BLOGING.ru;
2024-01-04;DUSHEVNIIBLOGING.ru;
2024-01-04;DUSHNOMETR.ru;
2024-01-04;DVERIKRSK.ru;
2024-01-04;DVSTREND.ru;
2024-01-04;DVYASHIN.ru;
2024-01-04;DZAVITNEVICH.ru;
2024-01-04;DZINEVICH.ru;
2024-01-04;E-ROSSTAT.ru;
2024-01-04;E-SIMONOVA.ru;
2024-01-04;E-STB.ru;
2024-01-04;E-TNS.ru;
2024-01-04;E-VOLIK.ru;
2024-01-04;EBELOKON.ru;
2024-01-04;ECOBOXFF.ru;
2024-01-04;ECOGORODNSK.ru;
2024-01-04;ECOTUTTI.ru;
2024-01-04;EDAKA.ru;
2024-01-04;EDERGUNOVA.ru;
2024-01-04;EDGARSEDOV.ru;
2024-01-04;EDJACHENKO.ru;
2024-01-04;EDUAUT.ru;
2024-01-04;EDUCATIONALBLOG.ru;
2024-01-04;EDUCATIONALPORTAL.ru;
2024-01-04;EDUCATIONJOURNEY.ru;
2024-01-04;EDUCATIONPATH.ru;
2024-01-04;EDWARDBONAVENTURE.ru;
2024-01-04;EFIMENKO-WORK.ru;
2024-01-04;EFJ24.ru;
2024-01-04;EGOISTO21.ru;
2024-01-04;EGORY74.ru;
2024-01-04;EILYASHENKO.ru;
2024-01-04;EINIE.ru;
2024-01-04;EKA-GOLOVKOVA.ru;
2024-01-04;EKATERINA-ANTYUFEEVA.ru;
2024-01-04;EKOGREENLIFE.ru;
2024-01-04;ELCON38.ru;
2024-01-04;ELECTRON-DEV.ru;
2024-01-04;ELECTRONKIBANGKOK.ru;
2024-01-04;ELECTRONKIPATTAYA.ru;
2024-01-04;ELECTRONKIPHANGAN.ru;
2024-01-04;ELECTRONKIPHUKET.ru;
2024-01-04;ELECTRONKISAMUI.ru;
2024-01-04;ELEMENTARYTV.ru;
2024-01-04;ELENA09.ru;
2024-01-04;ELENAGROD.ru;
2024-01-04;ELENAPUZANKEVICH1977.ru;
2024-01-04;ELENARTII.ru;
2024-01-04;ELEVATEDENCOUNTERS10.ru;
2024-01-04;ELEVATOREXPO.ru;
2024-01-04;ELIZAPODARKI.ru;
2024-01-04;ELKORF.ru;
2024-01-04;ELOONMUSK.ru;
2024-01-04;ELSEN-FRUKT.ru;
2024-01-04;EMAIL-AUTH.ru;
2024-01-04;EMAILAUTH.ru;
2024-01-04;EMIL-9779.ru;
2024-01-04;ENOTSTER.ru;
2024-01-04;ENTERBLOG.ru;
2024-01-04;ENTYNESI.ru;
2024-01-04;EPICDAY.ru;
2024-01-04;ERMAK-AA.ru;
2024-01-04;EROSNY.ru;
2024-01-04;ERP-C.ru;
2024-01-04;ESKDOM35.ru;
2024-01-04;ESL-TEACHING.ru;
2024-01-04;ESSENSDUHIRU.ru;
2024-01-04;ESSENSSK.ru;
2024-01-04;ESUMAROKOVA.ru;
2024-01-04;ETB-GPB.ru;
2024-01-04;ETBGPB.ru;
2024-01-04;ETP-ARMTEK.ru;
2024-01-04;ETPARMTEK.ru;
2024-01-04;ETPGBP.ru;
2024-01-04;EUBMSTU.ru;
2024-01-04;EUCHAIN.ru;
2024-01-04;EUGENEDOZ.ru;
2024-01-04;EUGETRAFF.ru;
2024-01-04;EUROPEANCHAIN.ru;
2024-01-04;EUROPECHAIN.ru;
2024-01-04;EVABREAD.ru;
2024-01-04;EVALFAMILY.ru;
2024-01-04;EVEXPO.ru;
2024-01-04;EVGEIYA16.ru;
2024-01-04;EVGEN-RECORDZ.ru;
2024-01-04;EVGEN-VASILEV.ru;
2024-01-04;EVGENIIA-BA.ru;
2024-01-04;EVGENIJAPETRENKO.ru;
2024-01-04;EVGENIJKAZANTSEV.ru;
2024-01-04;EVGENYLEPIN.ru;
2024-01-04;EWAPRODUCTS.ru;
2024-01-04;EWBA.ru;
2024-01-04;EWOBIKES.ru;
2024-01-04;EXCONSULTING.ru;
2024-01-04;EXPA40.ru;
2024-01-04;EZLAUNCHER.ru;
2024-01-04;FABERLICGLOBAL.ru;
2024-01-04;FABERLICTREE.ru;
2024-01-04;FABERLIK-SALE.ru;
2024-01-04;FABRIC-3D.ru;
2024-01-04;FACBOLLOT.ru;
2024-01-04;FACEIT-COM.ru;
2024-01-04;FACEIT-RU.ru;
2024-01-04;FAIRY-LAND.ru;
2024-01-04;FAMECRAFT.ru;
2024-01-04;FANNY-VIDEOS.ru;
2024-01-04;FARGO-TV.ru;
2024-01-04;FARTU.ru;
2024-01-04;FASAD-IKONA.ru;
2024-01-04;FASHAYAN.ru;
2024-01-04;FASHION-KINGS.ru;
2024-01-04;FASILICA.ru;
2024-01-04;FAST-COMM.ru;
2024-01-04;FASTMONEYRF.ru;
2024-01-04;FEARBOT.ru;
2024-01-04;FEDERICABUGATTI-RUSSIA.ru;
2024-01-04;FEEDOMANIA.ru;
2024-01-04;FEIFANBBQ.ru;
2024-01-04;FELVITON.ru;
2024-01-04;FENOMCRIPTA.ru;
2024-01-04;FERMALAMANCHA.ru;
2024-01-04;FEVROENERGO.ru;
2024-01-04;FFARIKAD.ru;
2024-01-04;FFGARENA.ru;
2024-01-04;FIDIGI.ru;
2024-01-04;FIGHTCLUB-CS.ru;
2024-01-04;FILMES-LOUNGE.ru;
2024-01-04;FIN-LIFEHACK.ru;
2024-01-04;FIND-GAME.ru;
2024-01-04;FINKOROSTEL.ru;
2024-01-04;FINLIFEHACK.ru;
2024-01-04;FINNEWS24.ru;
2024-01-04;FIREPHOTO.ru;
2024-01-04;FISHIKO.ru;
2024-01-04;FISHPOKER.ru;
2024-01-04;FISHSHOP32.ru;
2024-01-04;FITCHEF.ru;
2024-01-04;FITKAM.ru;
2024-01-04;FIVESTARS24.ru;
2024-01-04;FIX-PHOTO.ru;
2024-01-04;FIZMAT21.ru;
2024-01-04;FL-PLATFORM.ru;
2024-01-04;FLAMENCOLIVE.ru;
2024-01-04;FOLINA.ru;
2024-01-04;FONBET-STAVKA.ru;
2024-01-04;FOPIVGG.ru;
2024-01-04;FOR-SCAN.ru;
2024-01-04;FORM-SERVICE.ru;
2024-01-04;FORMANTY.ru;
2024-01-04;FORTNITEACCS.ru;
2024-01-04;FORUM-ARZCISCO.ru;
2024-01-04;FORUM-MELLVINE-RP.ru;
2024-01-04;FORUM-RM.ru;
2024-01-04;FORUM-ZEMLENICHKARP.ru;
2024-01-04;FOXLANG.ru;
2024-01-04;FPULATOV.ru;
2024-01-04;FRACTY.ru;
2024-01-04;FRAMEFLOW.ru;
2024-01-04;FREEBETONLINE.ru;
2024-01-04;FREECASSA.ru;
2024-01-04;FREEKACCA.ru;
2024-01-04;FREEKASA.ru;
2024-01-04;FREEKASAA.ru;
2024-01-04;FREELANCEWELDER.ru;
2024-01-04;FREESKIDKA.ru;
2024-01-04;FREKASSA.ru;
2024-01-04;FRESH-HOUSE-NN.ru;
2024-01-04;FRESH-PERSPEKTIVA.ru;
2024-01-04;FRESH-PERSPEKTIVA1.ru;
2024-01-04;FRESH-STAT4.ru;
2024-01-04;FRESH-STAT5.ru;
2024-01-04;FRIKASSA.ru;
2024-01-04;FRIZIK.ru;
2024-01-04;FRJAN-SPV.ru;
2024-01-04;FSMINGQIAN.ru;
2024-01-04;FSTEPANOV.ru;
2024-01-04;FUJI-ELECTRIC-FRENIC.ru;
2024-01-04;FUJI-FRENIC.ru;
2024-01-04;FUJIELECTRIC-FRENIC.ru;
2024-01-04;FVJAN-SPV.ru;
2024-01-04;FYY-VIP.ru;
2024-01-04;FYYSPORTS888.ru;
2024-01-04;G7-MARKET.ru;
2024-01-04;GADJIMAGOMED.ru;
2024-01-04;GALAXY-AI.ru;
2024-01-04;GAMEDETAIL.ru;
2024-01-04;GAMPARTS-GARWOOD-BUCKEYE.ru;
2024-01-04;GARAGE123.ru;
2024-01-04;GARESWDININI.ru;
2024-01-04;GARIKFTOJAN.ru;
2024-01-04;GARMONIYA-DIT.ru;
2024-01-04;GAVVY.ru;
2024-01-04;GAZ-PAY.ru;
2024-01-04;GBPCHAIN.ru;
2024-01-04;GBULAH.ru;
2024-01-04;GEBST.ru;
2024-01-04;GEGISSL.ru;
2024-01-04;GENERALSTEP.ru;
2024-01-04;GENKOR777.ru;
2024-01-04;GEOCONSALTING.ru;
2024-01-04;GEOMETRYDASH-RU.ru;
2024-01-04;GEORGIJ-GONCHAROV.ru;
2024-01-04;GEOSTAR1.ru;
2024-01-04;GERASIMENKO-PRO.ru;
2024-01-04;GERONOK.ru;
2024-01-04;GESDT.ru;
2024-01-04;GETCURCE.ru;
2024-01-04;GGMINE.ru;
2024-01-04;GHEKB.ru;
2024-01-04;GIBRIDNOEOBUCHENIE.ru;
2024-01-04;GIDPOKOREE.ru;
2024-01-04;GIFTS2B.ru;
2024-01-04;GIPSDECO.ru;
2024-01-04;GIPSVMODE.ru;
2024-01-04;GIS-UFA.ru;
2024-01-04;GLAZUNOFF-AI.ru;
2024-01-04;GLEZDENEVA.ru;
2024-01-04;GMELEHOV.ru;
2024-01-04;GOCSTOUR.ru;
2024-01-04;GODOFBLOOD.ru;
2024-01-04;GOGA07.ru;
2024-01-04;GOGLOBAL1.ru;
2024-01-04;GOLDFISHKA-KAZINO.ru;
2024-01-04;GOLDFISHKA241.ru;
2024-01-04;GOLINETS.ru;
2024-01-04;GOLUBEVAFOT.ru;
2024-01-04;GONZO-KAZINO.ru;
2024-01-04;GONZOS-QUEST.ru;
2024-01-04;GOODLIFEHUB.ru;
2024-01-04;GORODA-NA.ru;
2024-01-04;GORODARCH.ru;
2024-01-04;GORODSKAYANARKOLOGIA1.ru;
2024-01-04;GOROGORO.ru;
2024-01-04;GOSHA200018.ru;
2024-01-04;GOSSIPGIRL-TV.ru;
2024-01-04;GOSTDEREVO.ru;
2024-01-04;GOSTINCHEK.ru;
2024-01-04;GOSTINCHEKI.ru;
2024-01-04;GOTJE.ru;
2024-01-04;GPB-ETP.ru;
2024-01-04;GPCHAIN.ru;
2024-01-04;GPTCHAIN.ru;
2024-01-04;GR-WOOD.ru;
2024-01-04;GRAPEAI.ru;
2024-01-04;GRAPECHAIN.ru;
2024-01-04;GRAPECLOUD.ru;
2024-01-04;GRAPH-ANIMATION.ru;
2024-01-04;GRAZHDANSTVO-BOLGARII.ru;
2024-01-04;GREYPAY.ru;
2024-01-04;GRISH-KO.ru;
2024-01-04;GRISHCO.ru;
2024-01-04;GROMOVIGOR.ru;
2024-01-04;GRUZFACT.ru;
2024-01-04;GRYNYK.ru;
2024-01-04;GTM158.ru;
2024-01-04;GUANGZHOU-LOGIST.ru;
2024-01-04;GUILTY-PLEASURE-HOME.ru;
2024-01-04;GULYADESIGN.ru;
2024-01-04;GURLEBAUS.ru;
2024-01-04;GVLV.ru;
2024-01-04;HAHARU.ru;
2024-01-04;HAIHONG-HYDRAULIC.ru;
2024-01-04;HAIRMOSCOW.ru;
2024-01-04;HALTURINA-1.ru;
2024-01-04;HAND-TOY.ru;
2024-01-04;HANFAN.ru;
2024-01-04;HAPPYBODYLASER.ru;
2024-01-04;HARCHENKO-WORK.ru;
2024-01-04;HARDCOREGAMES.ru;
2024-01-04;HARMONYHEALTH.ru;
2024-01-04;HASLO13.ru;
2024-01-04;HASLSTROY.ru;
2024-01-04;HAYAAT.ru;
2024-01-04;HCSCLOUD.ru;
2024-01-04;HEATON-RUSSIA.ru;
2024-01-04;HEHERU.ru;
2024-01-04;HELIDRONVL.ru;
2024-01-04;HELP-FREEDOM.ru;
2024-01-04;HELPWB.ru;
2024-01-04;HERBALIFESHOP.ru;
2024-01-04;HERCEGMOI.ru;
2024-01-04;HIGHLEVELDIGITAL.ru;
2024-01-04;HIKERSCLUB.ru;
2024-01-04;HILLERD.ru;
2024-01-04;HIRONSE.ru;
2024-01-04;HITCOURSE.ru;
2024-01-04;HM-HEIZKORPER-RUSSIA.ru;
2024-01-04;HOCHU-SEX-TYUMEN.ru;
2024-01-04;HOCHULECHUTUR.ru;
2024-01-04;HOCHUSEO.ru;
2024-01-04;HOCKEYAGENT.ru;
2024-01-04;HOLEWORLD.ru;
2024-01-04;HOLLLOP-2-2024.ru;
2024-01-04;HOLLLOP2-2024.ru;
2024-01-04;HOLLOOP-2-2024.ru;
2024-01-04;HOLLOOP22024.ru;
2024-01-04;HOLOP-2023.ru;
2024-01-04;HOLOPE-2-2024.ru;
2024-01-04;HOLOPE-2-HD.ru;
2024-01-04;HOLOPH.ru;
2024-01-04;HOLOPI-2-2024.ru;
2024-01-04;HOLOPI2-HD.ru;
2024-01-04;HOLOPI2-HD-2024.ru;
2024-01-04;HOLOPO.ru;
2024-01-04;HOLOPP2-2024.ru;
2024-01-04;HOLOPX.ru;
2024-01-04;HONEYCAKES.ru;
2024-01-04;HONPAYS.ru;
2024-01-04;HOOKAH-YALTA.ru;
2024-01-04;HOPEFORFREEDOM.ru;
2024-01-04;HOPEISLAND-KUZNETSOVA.ru;
2024-01-04;HORRORDAYZ.ru;
2024-01-04;HOWIMETYOURMOTHER.ru;
2024-01-04;HRIPCHENKO.ru;
2024-01-04;HUGLO.ru;
2024-01-04;HUKSLEY.ru;
2024-01-04;HUMB1E.ru;
2024-01-04;HUNTERCRAFT.ru;
2024-01-04;HVLP-46.ru;
2024-01-04;HYBRIDEDUCATION.ru;
2024-01-04;I-D-I.ru;
2024-01-04;I2ABR.ru;
2024-01-04;IANKELEVITCH.ru;
2024-01-04;ICMAILOMAP.ru;
2024-01-04;ICT-EXPO.ru;
2024-01-04;ID-8014.ru;
2024-01-04;ID0596.ru;
2024-01-04;ID195731.ru;
2024-01-04;ID263183.ru;
2024-01-04;ID379375.ru;
2024-01-04;ID382173.ru;
2024-01-04;ID496717.ru;
2024-01-04;ID536.ru;
2024-01-04;ID58063.ru;
2024-01-04;ID58064.ru;
2024-01-04;ID58065.ru;
2024-01-04;ID58066.ru;
2024-01-04;ID58067.ru;
2024-01-04;ID58068.ru;
2024-01-04;ID582662.ru;
2024-01-04;ID5936.ru;
2024-01-04;ID5937.ru;
2024-01-04;ID639642.ru;
2024-01-04;ID65961.ru;
2024-01-04;ID739274.ru;
2024-01-04;ID836165.ru;
2024-01-04;ID964289.ru;
2024-01-04;IDEAL-VPN-S1.ru;
2024-01-04;IDVMT.ru;
2024-01-04;IEREMKIN.ru;
2024-01-04;IGALOHN.ru;
2024-01-04;IGORPOPOV4444.ru;
2024-01-04;IGRIK5656.ru;
2024-01-04;IGROVYYE-AVTOMATY-S-OTDACHEY.ru;
2024-01-04;IHAN-AUTO.ru;
2024-01-04;IKEA-LUXE.ru;
2024-01-04;ILOVEATOMY.ru;
2024-01-04;ILTIH.ru;
2024-01-04;ILYA-DMITRIEV.ru;
2024-01-04;ILYA-GRIGORISHIN.ru;
2024-01-04;ILYATOM.ru;
2024-01-04;ILYINKA38.ru;
2024-01-04;IMATHBY.ru;
2024-01-04;IMBND.ru;
2024-01-04;IMIKHALCHUK.ru;
2024-01-04;IMINNABETDINOV.ru;
2024-01-04;IMPLANT-ZA-DEN.ru;
2024-01-04;INCUBE-AI.ru;
2024-01-04;INDIAPROJECT.ru;
2024-01-04;INDIVIDUALKI-LIPECKA.ru;
2024-01-04;INDIVIDUALKI-NOVOKUZNETSKI.ru;
2024-01-04;INDIVIT.ru;
2024-01-04;INFINITYCO.ru;
2024-01-04;INFO-DELIVERYS.ru;
2024-01-04;INFOBAD.ru;
2024-01-04;INFORM-BURO-24.ru;
2024-01-04;INFORM-BURO24.ru;
2024-01-04;INFORM-VERIFY.ru;
2024-01-04;INFORMATOR92.ru;
2024-01-04;INFORMBURO-24.ru;
2024-01-04;INFOXOZAINSHIRKI.ru;
2024-01-04;INGAKNYAZEVA.ru;
2024-01-04;INJECTIONMOLDINGMACHINE.ru;
2024-01-04;INKYLAND-PLAYER.ru;
2024-01-04;INSTALAZER.ru;
2024-01-04;INTEGRAL-LYCEUM.ru;
2024-01-04;INTEGRISTUDIO.ru;
2024-01-04;INTERA-TRADE.ru;
2024-01-04;INTERA-TREID.ru;
2024-01-04;INTERATRADE.ru;
2024-01-04;INTERNO-STUDIO.ru;
2024-01-04;INTERRA-TREID.ru;
2024-01-04;INTERRATRADE.ru;
2024-01-04;IP-MEDICAL.ru;
2024-01-04;IPA-DARK.ru;
2024-01-04;IPANKRATIEV.ru;
2024-01-04;IPASHKO.ru;
2024-01-04;IPPOVENCE.ru;
2024-01-04;IPSCRS.ru;
2024-01-04;IPSCRU.ru;
2024-01-04;IPSCRUS.ru;
2024-01-04;IPSIMA.ru;
2024-01-04;IRANEXPO.ru;
2024-01-04;IRINA-TRIBUNSKAYA.ru;
2024-01-04;IRINABOBRIK.ru;
2024-01-04;IRINANEKLYUDOVA.ru;
2024-01-04;IRISMARAL.ru;
2024-01-04;ISAEV-E-V.ru;
2024-01-04;ISKUZ.ru;
2024-01-04;ISLAMOV-DIN.ru;
2024-01-04;ISRAVIL.ru;
2024-01-04;ISTA-ONLINE.ru;
2024-01-04;ISWOW.ru;
2024-01-04;ITBTEST.ru;
2024-01-04;ITEAMF.ru;
2024-01-04;ITIMOFEEVA.ru;
2024-01-04;ITLOTUS.ru;
2024-01-04;ITSOURCES.ru;
2024-01-04;IUCT.ru;
2024-01-04;IUDN.ru;
2024-01-04;IVAN-ALEKSANDROVICH.ru;
2024-01-04;IVAN-I-MARYA.ru;
2024-01-04;IVAN-VIKTOROV.ru;
2024-01-04;IVANGALITSKY.ru;
2024-01-04;IVANRYK.ru;
2024-01-04;IVLEEVABILET.ru;
2024-01-04;IVLEEVABILETLOTO.ru;
2024-01-04;IVVANDM96.ru;
2024-01-04;IWEYKINA.ru;
2024-01-04;IXAYRA.ru;
2024-01-04;IZMAJLOVA-TOP.ru;
2024-01-04;IZZI-TAXI.ru;
2024-01-04;IZZI-TAXI1.ru;
2024-01-04;IZZICASINO-BEL.ru;
2024-01-04;IZZICASINO-BEL1.ru;
2024-01-04;JAWIBATIK.ru;
2024-01-04;JHRQUERIES.ru;
2024-01-04;JIFANGFURNITURE.ru;
2024-01-04;JLEBMILSER.ru;
2024-01-04;JOB-1.ru;
2024-01-04;JOHN4E.ru;
2024-01-04;JOMA00.ru;
2024-01-04;JOPUDZA.ru;
2024-01-04;JPCHAIN.ru;
2024-01-04;JPYCHAIN.ru;
2024-01-04;JUBOGDANOVA.ru;
2024-01-04;JUDOL.ru;
2024-01-04;JULIJAKOTOVA.ru;
2024-01-04;JUMP-CUT.ru;
2024-01-04;JURIJMATVIENKO.ru;
2024-01-04;JURIJR.ru;
2024-01-04;JURIYBR.ru;
2024-01-04;JUSOKOLOV.ru;
2024-01-04;JUSPERNETWORK.ru;
2024-01-04;JUST-A-TEST.ru;
2024-01-04;JWOOW.ru;
2024-01-04;K-7-CASINO.ru;
2024-01-04;K1ND3R.ru;
2024-01-04;K7CASINO.ru;
2024-01-04;KAKTYZ-CASINO.ru;
2024-01-04;KALACHIN-ORTHO.ru;
2024-01-04;KALASHNIKOVA-PRO.ru;
2024-01-04;KALINKA-AGENCY.ru;
2024-01-04;KAMELY-CANDLE.ru;
2024-01-04;KAMILALIMOV.ru;
2024-01-04;KAMKOS.ru;
2024-01-04;KANALIZACIJA24.ru;
2024-01-04;KAPAMAN.ru;
2024-01-04;KARIMOVADA.ru;
2024-01-04;KARINANIKOLAEVA.ru;
2024-01-04;KARKACH.ru;
2024-01-04;KARKASTROI.ru;
2024-01-04;KARTA-ZIMA.ru;
2024-01-04;KATARINAKLIM.ru;
2024-01-04;KATERINA-BIBIKOVA.ru;
2024-01-04;KATOMKAZNANIJ.ru;
2024-01-04;KATRIN-SERGIENKO.ru;
2024-01-04;KATYASCHU.ru;
2024-01-04;KAYSSLER.ru;
2024-01-04;KAZANTSEV51.ru;
2024-01-04;KAZINOSPARK.ru;
2024-01-04;KAZINOVAVADA.ru;
2024-01-04;KBKALASHNIKOV.ru;
2024-01-04;KEAJIN.ru;
2024-01-04;KERATIN-PROFI.ru;
2024-01-04;KEYBIT.ru;
2024-01-04;KGRUS.ru;
2024-01-04;KHAROVSK.ru;
2024-01-04;KHOLBOEV.ru;
2024-01-04;KHRAMOVDEVELOPMENT.ru;
2024-01-04;KIA-COMMERCIAL.ru;
2024-01-04;KILITPRO.ru;
2024-01-04;KINESIO-YOGA.ru;
2024-01-04;KINGOFTHECOURT.ru;
2024-01-04;KINO-PITCH.ru;
2024-01-04;KINO-TILL.ru;
2024-01-04;KINOGGO.ru;
2024-01-04;KINOHOMTV.ru;
2024-01-04;KIRHA-TERIJOKI.ru;
2024-01-04;KIRILLGOLUBEV.ru;
2024-01-04;KIRILLTECHSPEC4RU.ru;
2024-01-04;KISIMI.ru;
2024-01-04;KITGPT.ru;
2024-01-04;KK-MSK.ru;
2024-01-04;KK-SPB.ru;
2024-01-04;KKARPUNINA.ru;
2024-01-04;KLIPNEW.ru;
2024-01-04;KLLEPPERR.ru;
2024-01-04;KLYBADMIRALS.ru;
2024-01-04;KM-RUSSIA.ru;
2024-01-04;KMETOL.ru;
2024-01-04;KMPSALE.ru;
2024-01-04;KMU-BKU.ru;
2024-01-04;KNAUTCOM.ru;
2024-01-04;KNIGAVYAZANIYA.ru;
2024-01-04;KNJAZEV-TOP.ru;
2024-01-04;KNOWLEDGEINPOCKET.ru;
2024-01-04;KNOWLEDGEKEYFUTURE.ru;
2024-01-04;KNOWLEDGEKEYSUCCESS.ru;
2024-01-04;KOLOBILERDS.ru;
2024-01-04;KOLOGRIVIY.ru;
2024-01-04;KOLOGRIVY.ru;
2024-01-04;KOLOLA.ru;
2024-01-04;KOMMETSANT.ru;
2024-01-04;KOMPANIETS-7.ru;
2024-01-04;KONESEVA.ru;
2024-01-04;KONFETA-FILM.ru;
2024-01-04;KONOPLEVAA.ru;
2024-01-04;KONSTANTINBERLINETS.ru;
2024-01-04;KOOEN.ru;
2024-01-04;KOR-TOP.ru;
2024-01-04;KORADO-RUSSIA.ru;
2024-01-04;KORAEV.ru;
2024-01-04;KOROLKOV-1.ru;
2024-01-04;KOSEA.ru;
2024-01-04;KOSMOKOTIK.ru;
2024-01-04;KOSMOSTATION.ru;
2024-01-04;KOSTA777.ru;
2024-01-04;KOSTANDI.ru;
2024-01-04;KOSTENKO-DESIGN.ru;
2024-01-04;KOTIK-SKOTIK.ru;
2024-01-04;KOTMIRSKII.ru;
2024-01-04;KOTOMYSH.ru;
2024-01-04;KOVERKAMNI.ru;
2024-01-04;KOZLINEEVA.ru;
2024-01-04;KOZLITSKIY.ru;
2024-01-04;KRAKENSLOTS.ru;
2024-01-04;KRAN-196.ru;
2024-01-04;KRASNODAR-PUTANA.ru;
2024-01-04;KRASOTCA.ru;
2024-01-04;KRASTONIROVKA.ru;
2024-01-04;KRIPTA233.ru;
2024-01-04;KRISTINAMOROZ.ru;
2024-01-04;KROPHOTO.ru;
2024-01-04;KROSOPTOM.ru;
2024-01-04;KRUDNEVA.ru;
2024-01-04;KRUGLYE-54.ru;
2024-01-04;KRUGLYE-74.ru;
2024-01-04;KRUGLYE-78.ru;
2024-01-04;KRUGLYE-93.ru;
2024-01-04;KRUMEL.ru;
2024-01-04;KRUVIT.ru;
2024-01-04;KSENIA2035.ru;
2024-01-04;KSUE-KSUE.ru;
2024-01-04;KSURASH.ru;
2024-01-04;KTOFK.ru;
2024-01-04;KUKULIOK.ru;
2024-01-04;KULPANOVICH.ru;
2024-01-04;KUPIT-SHINSHILLU.ru;
2024-01-04;KUPRELEL.ru;
2024-01-04;KURAKSA.ru;
2024-01-04;KURIE7239.ru;
2024-01-04;KURIE7241.ru;
2024-01-04;KURIER7379.ru;
2024-01-04;KURSY-NYTRICIOLOGII.ru;
2024-01-04;KUSUM.ru;
2024-01-04;KUZBAN.ru;
2024-01-04;KUZMIN-087.ru;
2024-01-04;KVARTHALLA.ru;
2024-01-04;KVARTIRAA-V-SOCHI.ru;
2024-01-04;KVO70.ru;
2024-01-04;KYTAPORN.ru;
2024-01-04;KYTDPORN.ru;
2024-01-04;KYTFPORN.ru;
2024-01-04;KYTSPORN.ru;
2024-01-04;L-BORA.ru;
2024-01-04;L-LLL.ru;
2024-01-04;L-SERVISE.ru;
2024-01-04;LA-LUZ.ru;
2024-01-04;LAB7F.ru;
2024-01-04;LABJOURNAL.ru;
2024-01-04;LADY-AGENT.ru;
2024-01-04;LAGBASH.ru;
2024-01-04;LAKOMKA76.ru;
2024-01-04;LAMIEM.ru;
2024-01-04;LAMMIN-RUSSIA.ru;
2024-01-04;LANGEXPANSE.ru;
2024-01-04;LANSINGMEDICAL.ru;
2024-01-04;LAPIN-BUSINESS.ru;
2024-01-04;LAPPI-SHOP.ru;
2024-01-04;LAPPISHOP.ru;
2024-01-04;LASER-QUIZ.ru;
2024-01-04;LASHKLP.ru;
2024-01-04;LAUNICO.ru;
2024-01-04;LAVA-SCAN.ru;
2024-01-04;LCDEVEL.ru;
2024-01-04;LD-PAY21423.ru;
2024-01-04;LD-PAY21424.ru;
2024-01-04;LD-PAY21465.ru;
2024-01-04;LD-PAY21488.ru;
2024-01-04;LE-MURR.ru;
2024-01-04;LEADALYTICS.ru;
2024-01-04;LEARNINGFORADULTS.ru;
2024-01-04;LEARNINGWITHOUTBORDERS.ru;
2024-01-04;LEDACTIVE.ru;
2024-01-04;LEGACYCRAFT.ru;
2024-01-04;LEGACYRUST.ru;
2024-01-04;LEGALBTC.ru;
2024-01-04;LELYA-LAGUZ.ru;
2024-01-04;LENTA-WPGRABBER.ru;
2024-01-04;LENYLKAELENA.ru;
2024-01-04;LESA39.ru;
2024-01-04;LESNAYABELKA.ru;
2024-01-04;LETO-RUSSIA.ru;
2024-01-04;LEVGEROV.ru;
2024-01-04;LEXXV.ru;
2024-01-04;LIBCLIENT.ru;
2024-01-04;LIFE-BALLANCE.ru;
2024-01-04;LIFE-IN-BALANCE.ru;
2024-01-04;LIFE-IN-BALLANCE.ru;
2024-01-04;LIFEBALLANCE.ru;
2024-01-04;LIGHTGLOW.ru;
2024-01-04;LIKEKREMEN.ru;
2024-01-04;LILIABIZNES.ru;
2024-01-04;LIMOVS.ru;
2024-01-04;LINKMOOD.ru;
2024-01-04;LIPECKHIMPROM.ru;
2024-01-04;LIVECHAIN.ru;
2024-01-04;LIVEVK-PRO.ru;
2024-01-04;LKVSK.ru;
2024-01-04;LMARTINELLI.ru;
2024-01-04;LOANCHAIN.ru;
2024-01-04;LOBASH-OV.ru;
2024-01-04;LOCALMEMES.ru;
2024-01-04;LOCVENT.ru;
2024-01-04;LOFT-KAZINO.ru;
2024-01-04;LOKER-ACAB.ru;
2024-01-04;LOKSANA.ru;
2024-01-04;LONDONT.ru;
2024-01-04;LONG-FREESH.ru;
2024-01-04;LOOGIN.ru;
2024-01-04;LOST-NEWS.ru;
2024-01-04;LOSTREALMSMC.ru;
2024-01-04;LOSVALIK5.ru;
2024-01-04;LOUVBEBRAND.ru;
2024-01-04;LOUVEBRAND.ru;
2024-01-04;LOVECLOUDAPP.ru;
2024-01-04;LOVEINTHESKY6310.ru;
2024-01-04;LS-TALES.ru;
2024-01-04;LSTK-UG.ru;
2024-01-04;LSTKUG.ru;
2024-01-04;LUBBUBNOVA.ru;
2024-01-04;LUMANGILOCINO.ru;
2024-01-04;LUNARIYA.ru;
2024-01-04;LUNNARCAPITAL.ru;
2024-01-04;LUNNEMONE.ru;
2024-01-04;LVS1259.ru;
2024-01-04;LXBERG.ru;
2024-01-04;LXNKLV.ru;
2024-01-04;LYNUC.ru;
2024-01-04;M0BILEGTES.ru;
2024-01-04;M2CLOUD.ru;
2024-01-04;MAGMAREFORGED.ru;
2024-01-04;MAGNITNYE-SHCHETKI.ru;
2024-01-04;MAHINA-1.ru;
2024-01-04;MAILBOX42.ru;
2024-01-04;MAIN-MAIL.ru;
2024-01-04;MAINPAPER.ru;
2024-01-04;MAKESHAPE.ru;
2024-01-04;MAKSIM-MARTYUSHEV.ru;
2024-01-04;MAKSIM-TSALIKOV.ru;
2024-01-04;MAKSIMSHILKIN.ru;
2024-01-04;MALKINFREE.ru;
2024-01-04;MALONHOST.ru;
2024-01-04;MAMMA-MIA86.ru;
2024-01-04;MANNAPOFF.ru;
2024-01-04;MANNSOOR.ru;
2024-01-04;MANSUR-WORK.ru;
2024-01-04;MAPMUR.ru;
2024-01-04;MARDIK.ru;
2024-01-04;MARI-TECH.ru;
2024-01-04;MARIA-SUBBOTINA.ru;
2024-01-04;MARIJA-SHESTAKOVA.ru;
2024-01-04;MARINA-LEONOVA.ru;
2024-01-04;MARINAMV.ru;
2024-01-04;MARINE-COATING.ru;
2024-01-04;MARINEGALLERY.ru;
2024-01-04;MARIYASMIRNOVA.ru;
2024-01-04;MARK-PL.ru;
2024-01-04;MARKOVATARGET.ru;
2024-01-04;MARTA2505.ru;
2024-01-04;MARTYNOVA87.ru;
2024-01-04;MARUSOVA93.ru;
2024-01-04;MASLO-CEPNOE.ru;
2024-01-04;MASSAGEMESTO.ru;
2024-01-04;MASTER-CHEREPOVETS.ru;
2024-01-04;MASTEROFSTYLE.ru;
2024-01-04;MASTERSKAYA-BEAUTY.ru;
2024-01-04;MASTERSKAYA-YB.ru;
2024-01-04;MATERIAAROMATICA.ru;
2024-01-04;MATNAKASH.ru;
2024-01-04;MATRIX-KRISS.ru;
2024-01-04;MATYTSYN78.ru;
2024-01-04;MAXIBATTERY.ru;
2024-01-04;MAXIM-BANDURIN.ru;
2024-01-04;MAXIMBIKE.ru;
2024-01-04;MAZNYA-WALLPAPERS.ru;
2024-01-04;MBCP.ru;
2024-01-04;MBOSS55.ru;
2024-01-04;MBTCOFFREEMONTO24.ru;
2024-01-04;MBTLASER.ru;
2024-01-04;MCSPANDX.ru;
2024-01-04;MDESIGN-STUDIO.ru;
2024-01-04;MDK-MED.ru;
2024-01-04;MDK-MEDGROUP.ru;
2024-01-04;MEADWOOD.ru;
2024-01-04;MEBEL-MIGART.ru;
2024-01-04;MEBELMIGART.ru;
2024-01-04;MEBELVIA-MSK.ru;
2024-01-04;MEBELVKUBE24.ru;
2024-01-04;MEDBLOGGER.ru;
2024-01-04;MEDVEDEVBORIS.ru;
2024-01-04;MEDZIMA.ru;
2024-01-04;MEKORA.ru;
2024-01-04;MEL2024.ru;
2024-01-04;MELBET2024.ru;
2024-01-04;MELBETREGISTRACIYA.ru;
2024-01-04;MELINEHN.ru;
2024-01-04;MELOMAP.ru;
2024-01-04;MEMBERFEES.ru;
2024-01-04;MEMORYM.ru;
2024-01-04;MENASTIROLITIST.ru;
2024-01-04;MERAPOLIS.ru;
2024-01-04;MERGS.ru;
2024-01-04;METAPLAN8.ru;
2024-01-04;MEXEOH2024.ru;
2024-01-04;MGERDJUKOV.ru;
2024-01-04;MGRITSAENKO.ru;
2024-01-04;MIAMIYAMI.ru;
2024-01-04;MIAPOLIS.ru;
2024-01-04;MIARTIVIL.ru;
2024-01-04;MICOSMOS.ru;
2024-01-04;MIDEERART.ru;
2024-01-04;MIGRACASH.ru;
2024-01-04;MIGULKO.ru;
2024-01-04;MIK-CHURZIN.ru;
2024-01-04;MIKEEVID.ru;
2024-01-04;MIKHALYCH-RP.ru;
2024-01-04;MIKS-OIL.ru;
2024-01-04;MIKU-MIRAI.ru;
2024-01-04;MILLPART.ru;
2024-01-04;MINALTOV.ru;
2024-01-04;MINDVITA.ru;
2024-01-04;MINEMAXX.ru;
2024-01-04;MINKA-VALOVA-1.ru;
2024-01-04;MIR-4-PAY.ru;
2024-01-04;MIR-LOVE.ru;
2024-01-04;MIRAPOLIC.ru;
2024-01-04;MIROSMOL.ru;
2024-01-04;MISTERFOMA.ru;
2024-01-04;MITRIC.ru;
2024-01-04;MIXED-TRAVEL.ru;
2024-01-04;MIXPARADE.ru;
2024-01-04;MKFIT.ru;
2024-01-04;MNN25.ru;
2024-01-04;MNN26.ru;
2024-01-04;MOBINEXTBOT.ru;
2024-01-04;MOBPIRAT.ru;
2024-01-04;MOCKALGO.ru;
2024-01-04;MOD-V.ru;
2024-01-04;MOI-PUTI.ru;
2024-01-04;MOJNOSLOJNO.ru;
2024-01-04;MOLBAPROJECT.ru;
2024-01-04;MOLDEXPO.ru;
2024-01-04;MOLION.ru;
2024-01-04;MOMASIA.ru;
2024-01-04;MOMLATINO.ru;
2024-01-04;MOMO-CHICKEN.ru;
2024-01-04;MONENTA.ru;
2024-01-04;MONEY-TELEGRAM.ru;
2024-01-04;MONEYPAYS2.ru;
2024-01-04;MONKEYCHAIN.ru;
2024-01-04;MONKEYCLOUD.ru;
2024-01-04;MONOCODE-BEAUTY.ru;
2024-01-04;MONZIN.ru;
2024-01-04;MOOCOO.ru;
2024-01-04;MOONAME.ru;
2024-01-04;MORSER.ru;
2024-01-04;MOSCOWCITYDATE10.ru;
2024-01-04;MOSCOWNEWS24.ru;
2024-01-04;MOSCOWTREZVYIVODITEL.ru;
2024-01-04;MOSINM.ru;
2024-01-04;MOSKOWNEWS24.ru;
2024-01-04;MOSKOWTRAVEL.ru;
2024-01-04;MOSKVACITI2.ru;
2024-01-04;MOSMERTO.ru;
2024-01-04;MOTOCLUB-CRM.ru;
2024-01-04;MOTODREAMS.ru;
2024-01-04;MOUSTACHEE.ru;
2024-01-04;MOYMANNY.ru;
2024-01-04;MOYPOCHERK.ru;
2024-01-04;MOZGONOV.ru;
2024-01-04;MOZHNODESIGN.ru;
2024-01-04;MPESNYA.ru;
2024-01-04;MRAHMAT.ru;
2024-01-04;MRFANKY.ru;
2024-01-04;MRKNOFFICIAL.ru;
2024-01-04;MRORLOVICH.ru;
2024-01-04;MS-RITUAL.ru;
2024-01-04;MSF7017.ru;
2024-01-04;MSHULGINA.ru;
2024-01-04;MSK-UTA.ru;
2024-01-04;MSKUMOV.ru;
2024-01-04;MT-TRADING.ru;
2024-01-04;MTTRADING.ru;
2024-01-04;MTULJAKOV.ru;
2024-01-04;MUR8.ru;
2024-01-04;MURAD05.ru;
2024-01-04;MURAVIEW.ru;
2024-01-04;MUROSMOL.ru;
2024-01-04;MUSAPPLAB.ru;
2024-01-04;MUSICCHAIN.ru;
2024-01-04;MUSTAZYAPOVA.ru;
2024-01-04;MVKOROTEEV.ru;
2024-01-04;MVSIMONOV.ru;
2024-01-04;MVV23777.ru;
2024-01-04;MY-DOSIER3-0.ru;
2024-01-04;MY24SIGNALS.ru;
2024-01-04;MYBIOPROD.ru;
2024-01-04;MYGENEALOGY.ru;
2024-01-04;MYHOME-RND.ru;
2024-01-04;MYHOMM.ru;
2024-01-04;MYROSMOI.ru;
2024-01-04;MYSIGNALS-24.ru;
2024-01-04;MYSIKWEL.ru;
2024-01-04;MYSKELETON.ru;
2024-01-04;MZAHARCHENKO.ru;
2024-01-04;NABLODATEL-INFO.ru;
2024-01-04;NADEZHDA-SOKOLOVA.ru;
2024-01-04;NADEZHDAPLUS.ru;
2024-01-04;NAFISOVICH.ru;
2024-01-04;NAMAKSGROUP.ru;
2024-01-04;NANO-FIBER.ru;
2024-01-04;NASIYAIVLEEVAPODAROK.ru;
2024-01-04;NATALIAZINNATOVA.ru;
2024-01-04;NATALIKULAKOVA.ru;
2024-01-04;NATDROZDOWA.ru;
2024-01-04;NAVOLNE-REF.ru;
2024-01-04;NAZAVI.ru;
2024-01-04;NCDATA.ru;
2024-01-04;NE-DOLZHNIK-24.ru;
2024-01-04;NE-DOLZHNIK-DOLGA24.ru;
2024-01-04;NEDOLZHNIK-24.ru;
2024-01-04;NEDOLZHNIK2024.ru;
2024-01-04;NEDVIGAPRAVO.ru;
2024-01-04;NELENASA.ru;
2024-01-04;NELLYKUTUZOVA.ru;
2024-01-04;NELTOR.ru;
2024-01-04;NEONDON.ru;
2024-01-04;NEPRIENKO.ru;
2024-01-04;NETKRAKEN.ru;
2024-01-04;NETWORKING34VLG.ru;
2024-01-04;NEUROGRAPHICDISCOVERY.ru;
2024-01-04;NEWBUSINESSSTART.ru;
2024-01-04;NEWCATBOX.ru;
2024-01-04;NEWS-TODAY-24.ru;
2024-01-04;NEXT-LEVEL-NIKOLAEVA.ru;
2024-01-04;NEXTGENELECTRIC.ru;
2024-01-04;NGELECTRIC.ru;
2024-01-04;NICOLEMOSCOW.ru;
2024-01-04;NIILAB.ru;
2024-01-04;NIKIFOROVA-NAIL.ru;
2024-01-04;NIKOLAJ-NIKITIN.ru;
2024-01-04;NIKOLAVNIN.ru;
2024-01-04;NIKRESEARCH.ru;
2024-01-04;NIKVELIKAN.ru;
2024-01-04;NISANOVAAN-1.ru;
2024-01-04;NIVADESIGN-1.ru;
2024-01-04;NJOTO.ru;
2024-01-04;NKATKOVA.ru;
2024-01-04;NKTPVL1995.ru;
2024-01-04;NKV1219.ru;
2024-01-04;NLITO.ru;
2024-01-04;NLLOTO.ru;
2024-01-04;NLONO.ru;
2024-01-04;NLOOTO.ru;
2024-01-04;NLORO.ru;
2024-01-04;NLOTOO.ru;
2024-01-04;NLP-PRAKTIK.ru;
2024-01-04;NLRUST.ru;
2024-01-04;NN-TNS-E.ru;
2024-01-04;NNEMEC299.ru;
2024-01-04;NNLOTO.ru;
2024-01-04;NOCODECONF.ru;
2024-01-04;NODASHAJEWELRY.ru;
2024-01-04;NOLOTO.ru;
2024-01-04;NORD-SPB.ru;
2024-01-04;NORDMODA.ru;
2024-01-04;NOREX-HOST.ru;
2024-01-04;NORMA-GEO.ru;
2024-01-04;NOVOKUZNECK-RELAX.ru;
2024-01-04;NOVOSTROYANAPA.ru;
2024-01-04;NOZHENKINA.ru;
2024-01-04;NPLB0NUSDLAGRY.ru;
2024-01-04;NPLGRY0NL1NE.ru;
2024-01-04;NPLGRYONL1NE.ru;
2024-01-04;NPLSKARCADEONL1NE.ru;
2024-01-04;NPLWEBR0ZYWKA.ru;
2024-01-04;NSHVETSOVA.ru;
2024-01-04;NSKCVETY.ru;
2024-01-04;NSPNUTR.ru;
2024-01-04;NUBODY.ru;
2024-01-04;NULJANCHENKO.ru;
2024-01-04;NUNTHENUN.ru;
2024-01-04;NUR-SERPUHOV.ru;
2024-01-04;NURECORDS.ru;
2024-01-04;NURGALEEV95.ru;
2024-01-04;NURSERPUHOV.ru;
2024-01-04;NVIDIA-GEFORCE-EXPERIENCE.ru;
2024-01-04;NYDESIGNSTUDIO.ru;
2024-01-04;O303A.ru;
2024-01-04;O8NOVLENIE.ru;
2024-01-04;OBESHUK.ru;
2024-01-04;OBLEPIXASHOP.ru;
2024-01-04;OBRAZOVAIKA.ru;
2024-01-04;OBUCHATORY.ru;
2024-01-04;OBUHOVGROUP.ru;
2024-01-04;OCC-T.ru;
2024-01-04;OCHEM.ru;
2024-01-04;ODNEPROVSKAJA.ru;
2024-01-04;ODUBAS.ru;
2024-01-04;OFD-ORD1230.ru;
2024-01-04;OFD-ORD1860.ru;
2024-01-04;OFD-ORD2225.ru;
2024-01-04;OFD-ORD3063.ru;
2024-01-04;OFD-ORD4059.ru;
2024-01-04;OFD-ORD4127.ru;
2024-01-04;OFD-ORD9599.ru;
2024-01-04;OFFICE-REZANOV.ru;
2024-01-04;OFFNICK.ru;
2024-01-04;OGAVRIKOV.ru;
2024-01-04;OGIMG.ru;
2024-01-04;OGORDINA.ru;
2024-01-04;OHOTACRAFT.ru;
2024-01-04;OISHRAN.ru;
2024-01-04;OISKHAR.ru;
2024-01-04;OISKHRAN.ru;
2024-01-04;OKOSHKINO-TURBO-PAGE-44525.ru;
2024-01-04;OKSANATEACHER.ru;
2024-01-04;OKURILIN.ru;
2024-01-04;OLARADRI.ru;
2024-01-04;OLD-CS.ru;
2024-01-04;OLDCONIFER.ru;
2024-01-04;OLDMAC.ru;
2024-01-04;OLDS-CS.ru;
2024-01-04;OLEG-SHURMIN.ru;
2024-01-04;OLEGFRUMSON.ru;
2024-01-04;OLESIAFOKINA.ru;
2024-01-04;OLGA-BARAKOVSKAYA.ru;
2024-01-04;OLGAVASILENOK.ru;
2024-01-04;OLGAZMASSAGE.ru;
2024-01-04;OLIVINEAPP.ru;
2024-01-04;OLKOGOLEK.ru;
2024-01-04;OLYPERMANENT.ru;
2024-01-04;OMAGER.ru;
2024-01-04;OMSK-ELECTRIC.ru;
2024-01-04;OMURBEK.ru;
2024-01-04;ONE-AN.ru;
2024-01-04;ONE4111.ru;
2024-01-04;ONEAFFILIATE.ru;
2024-01-04;ONION-CASINO.ru;
2024-01-04;ONLINE-POST.ru;
2024-01-04;ONLY-BOOM.ru;
2024-01-04;ONPOINTMSK.ru;
2024-01-04;ONSLOUFRO.ru;
2024-01-04;OOONAYDA.ru;
2024-01-04;OOOROLSTROY.ru;
2024-01-04;OOOSEGMENT.ru;
2024-01-04;OPEN-DROP.ru;
2024-01-04;OPER-ACTOR.ru;
2024-01-04;OPERA-PLAY.ru;
2024-01-04;OPERFEKTO.ru;
2024-01-04;OPIUMCLO.ru;
2024-01-04;OPLATA7483.ru;
2024-01-04;OPLATA7484.ru;
2024-01-04;OPOTS2.ru;
2024-01-04;OPTICTIMES.ru;
2024-01-04;OPUSMSK.ru;
2024-01-04;ORANGEAI.ru;
2024-01-04;ORDER-1317.ru;
2024-01-04;ORDER-4638.ru;
2024-01-04;ORDER-7362.ru;
2024-01-04;ORDER2058.ru;
2024-01-04;ORDER2853.ru;
2024-01-04;ORDER3750.ru;
2024-01-04;ORDER4057.ru;
2024-01-04;ORDER4893.ru;
2024-01-04;ORDER4922.ru;
2024-01-04;ORDER5573.ru;
2024-01-04;ORDER6073.ru;
2024-01-04;ORDER6804.ru;
2024-01-04;ORDER7345.ru;
2024-01-04;ORDER7366.ru;
2024-01-04;ORDER8935.ru;
2024-01-04;ORDIN74.ru;
2024-01-04;ORIMORI.ru;
2024-01-04;ORPALTECH.ru;
2024-01-04;ORSO-RUSSIA.ru;
2024-01-04;OSA74.ru;
2024-01-04;OSIPENKOV-PRO.ru;
2024-01-04;OSOBIY-POVOD.ru;
2024-01-04;OTDELKA-OMSK.ru;
2024-01-04;OTELBOOKING.ru;
2024-01-04;OTLENUSI.ru;
2024-01-04;OTN2.ru;
2024-01-04;OUTDOOROASIS.ru;
2024-01-04;OVERCUT.ru;
2024-01-04;OYSHRAN.ru;
2024-01-04;OYSKHRAN.ru;
2024-01-04;OZEMPIK-KUPIT.ru;
2024-01-04;OZOLOTAREV.ru;
2024-01-04;P-NOVOKUZNECK.ru;
2024-01-04;P1N-UP.ru;
2024-01-04;P5A.ru;
2024-01-04;PAAVVLOVVAA.ru;
2024-01-04;PAGE-4218.ru;
2024-01-04;PANDACHAIN.ru;
2024-01-04;PANDACLOUD.ru;
2024-01-04;PANJAKOVSKII.ru;
2024-01-04;PANTEON7.ru;
2024-01-04;PAOPW.ru;
2024-01-04;PAPABRUS.ru;
2024-01-04;PAPRIKABAND.ru;
2024-01-04;PARAGAN.ru;
2024-01-04;PARFENOVMEDIA.ru;
2024-01-04;PARFINENKO-ADVOKAT.ru;
2024-01-04;PARTNER72IGV.ru;
2024-01-04;PARTY-VILLAGE.ru;
2024-01-04;PARTYVILLAGE.ru;
2024-01-04;PATHSUCCESS.ru;
2024-01-04;PAVELIAL.ru;
2024-01-04;PAVELNESVETAILO.ru;
2024-01-04;PAVLOVA100.ru;
2024-01-04;PAY-ID161123.ru;
2024-01-04;PAY-ID583422.ru;
2024-01-04;PAY-ID675471.ru;
2024-01-04;PAY-ID745521.ru;
2024-01-04;PAYMANTS-INFORM.ru;
2024-01-04;PAYMANTS-TRANSFER.ru;
2024-01-04;PAYMENT-248.ru;
2024-01-04;PAYMENT-249.ru;
2024-01-04;PAYMENT-250.ru;
2024-01-04;PAYMENT-252.ru;
2024-01-04;PAYMENT-253.ru;
2024-01-04;PAYYANDEX.ru;
2024-01-04;PC-MOBILITY.ru;
2024-01-04;PDANILA991.ru;
2024-01-04;PEARAI.ru;
2024-01-04;PEARCHAIN.ru;
2024-01-04;PEARCLOUD.ru;
2024-01-04;PECHI-IZ-TALKOHLORITA-23.ru;
2024-01-04;PEDAGOGICALCENTER.ru;
2024-01-04;PERESK2024.ru;
2024-01-04;PERMF.ru;
2024-01-04;PERMINOVA-YOGA.ru;
2024-01-04;PERSONALPSY.ru;
2024-01-04;PESTCONTROL24.ru;
2024-01-04;PETRASHISHIN.ru;
2024-01-04;PETROVNA-K.ru;
2024-01-04;PGOLOVNIN.ru;
2024-01-04;PHCLOUD2024.ru;
2024-01-04;PHILANTHROPY47.ru;
2024-01-04;PHILLION.ru;
2024-01-04;PHLEBOLOG-VORONEZH.ru;
2024-01-04;PHONE-SURGEON.ru;
2024-01-04;PHOTO-IRISKA.ru;
2024-01-04;PHOTO2024.ru;
2024-01-04;PHOTOMYSHKINA.ru;
2024-01-04;PIANO-CHORDS.ru;
2024-01-04;PIANO-MSK.ru;
2024-01-04;PIANOCHORDS.ru;
2024-01-04;PIEDFISH.ru;
2024-01-04;PIN-UP-ORIGINAL.ru;
2024-01-04;PIN-UP-WIN.ru;
2024-01-04;PIN-UP12.ru;
2024-01-04;PIN-UP13.ru;
2024-01-04;PIN-UP14.ru;
2024-01-04;PIN-UP15.ru;
2024-01-04;PIN-UP16.ru;
2024-01-04;PIN-UP17.ru;
2024-01-04;PIN-UP18.ru;
2024-01-04;PIN-UP19.ru;
2024-01-04;PIN-UP20.ru;
2024-01-04;PIN-UP21.ru;
2024-01-04;PINTERECT.ru;
2024-01-04;PINUP-2024.ru;
2024-01-04;PINUP-2025.ru;
2024-01-04;PINUP2024WIN.ru;
2024-01-04;PINUP2025.ru;
2024-01-04;PINUPCASINO2025.ru;
2024-01-04;PIROKVL.ru;
2024-01-04;PKAMARANT.ru;
2024-01-04;PKAPA.ru;
2024-01-04;PKGBYURO.ru;
2024-01-04;PLATMILA.ru;
2024-01-04;PLAY-DRAMA.ru;
2024-01-04;PLAY-HC.ru;
2024-01-04;PLAYTALE.ru;
2024-01-04;PLAZMA-DV.ru;
2024-01-04;PLAZMADV.ru;
2024-01-04;PLITOCHNIK-50.ru;
2024-01-04;PLOJKI.ru;
2024-01-04;PLOLLI.ru;
2024-01-04;PLSHN.ru;
2024-01-04;PLUS-CHAT.ru;
2024-01-04;PLUSCHAT.ru;
2024-01-04;PMARKEVICH.ru;
2024-01-04;PMTK82.ru;
2024-01-04;PNEFEDOV.ru;
2024-01-04;PODRIADONLINE.ru;
2024-01-04;POGODINAPSY.ru;
2024-01-04;POHUI11.ru;
2024-01-04;POISKMETALLOOBRABOTKI.ru;
2024-01-04;POISKMODULNYKHZDANIY.ru;
2024-01-04;POIZ-MARKET.ru;
2024-01-04;POIZONSTYLE.ru;
2024-01-04;POKER-PLAY.ru;
2024-01-04;POLIGLIKOLI.ru;
2024-01-04;POLINANAZAR.ru;
2024-01-04;POLIZRUM.ru;
2024-01-04;POLOSATIKYSSV.ru;
2024-01-04;POPCORN-CINEMA.ru;
2024-01-04;POPOVA2024.ru;
2024-01-04;POPROBYSAM.ru;
2024-01-04;PORAPOPARE.ru;
2024-01-04;POROSHINROMULUS.ru;
2024-01-04;POSUDOMOJKI643.ru;
2024-01-04;POUNDCHAIN.ru;
2024-01-04;POUPOCK.ru;
2024-01-04;POWER-LI.ru;
2024-01-04;PRAGMAMEDIA.ru;
2024-01-04;PRAGMANEWS.ru;
2024-01-04;PRAV-CHETKI.ru;
2024-01-04;PRAVILOTRAINING.ru;
2024-01-04;PRAVO24N.ru;
2024-01-04;PRAZDNIK-TD.ru;
2024-01-04;PREMIUMV.ru;
2024-01-04;PRILPRO.ru;
2024-01-04;PRINTERSHOPTEC.ru;
2024-01-04;PRINTLK.ru;
2024-01-04;PRIVALES1.ru;
2024-01-04;PRIVAT18ARCHIVE.ru;
2024-01-04;PRO-CASHBACK-ONLINE.ru;
2024-01-04;PRO-HOSTINGI69.ru;
2024-01-04;PRO32C.ru;
2024-01-04;PROC22.ru;
2024-01-04;PRODSTUDIO.ru;
2024-01-04;PRODWHOAMI.ru;
2024-01-04;PROEKT-NATALE.ru;
2024-01-04;PROF-ELECTRIKA.ru;
2024-01-04;PROF-ESOTERIC.ru;
2024-01-04;PROF-PARS-BET.ru;
2024-01-04;PROFF-POSUDA.ru;
2024-01-04;PROFHANDLER.ru;
2024-01-04;PROFITSTROI75.ru;
2024-01-04;PROFTEPLOAUDIT.ru;
2024-01-04;PROG-STAR.ru;
2024-01-04;PROJECTBYANNA.ru;
2024-01-04;PROJECTPUNK.ru;
2024-01-04;PROJECTX2024.ru;
2024-01-04;PROMALPASIKO.ru;
2024-01-04;PROMEBELKLIENT.ru;
2024-01-04;PROMOEVROPA-LAND.ru;
2024-01-04;PROMOEVROPA-RUS.ru;
2024-01-04;PROMOEVROPA-TORG.ru;
2024-01-04;PROMOEVROPALAND.ru;
2024-01-04;PROMOEVROPALIFE.ru;
2024-01-04;PROMOEVROPARUS.ru;
2024-01-04;PROMOEVROPATORG.ru;
2024-01-04;PROPEMINE.ru;
2024-01-04;PROPUBERTATOLGA.ru;
2024-01-04;PROSTITUTKI--NOVOKUZNETSKA.ru;
2024-01-04;PROSTITUTKI--ROSTOVA.ru;
2024-01-04;PROSTITUTKI--TYUMEN.ru;
2024-01-04;PROSTITUTKI-KRASNODARA.ru;
2024-01-04;PROSTITUTKI-NOVOKUZNETSK-NOMERA.ru;
2024-01-04;PROSTITUTKI-NOVOKUZNETSKA.ru;
2024-01-04;PROSTITUTKI-NOVOKUZNETSKA1.ru;
2024-01-04;PROSTITUTKI-NOVOSIBIRSK.ru;
2024-01-04;PROSTITUTKI-TYUMEN.ru;
2024-01-04;PROSTITUTKINOVOKUZNETSK.ru;
2024-01-04;PROSTITUTKIRYAZAN.ru;
2024-01-04;PROSTOVIP.ru;
2024-01-04;PROSTOVKI.ru;
2024-01-04;PROTEKTORPROFILE.ru;
2024-01-04;PROXRISE.ru;
2024-01-04;PROXYROTATOR.ru;
2024-01-04;PS-SECRET.ru;
2024-01-04;PSEREBRENIKOV.ru;
2024-01-04;PSIHOLOR23.ru;
2024-01-04;PSINUSIKOTINUS.ru;
2024-01-04;PSOFRONOV.ru;
2024-01-04;PSY-REVIEW.ru;
2024-01-04;PSYCHOLOGIST-EKATERINA.ru;
2024-01-04;PSYMIRA.ru;
2024-01-04;PUNTO-CLUB.ru;
2024-01-04;PUSHKASTUDIO.ru;
2024-01-04;PUTANI-KRASNODAR.ru;
2024-01-04;PVZJOB.ru;
2024-01-04;PVZOZON.ru;
2024-01-04;PVZOZON-DOSTAVKA.ru;
2024-01-04;PVZOZONDOSTAVKA.ru;
2024-01-04;Q-ANON.ru;
2024-01-04;Q-MARKETING.ru;
2024-01-04;Q9M.ru;
2024-01-04;QESBT.ru;
2024-01-04;QNT1.ru;
2024-01-04;QQQWW.ru;
2024-01-04;QR-BADGE.ru;
2024-01-04;QR-BRELOK.ru;
2024-01-04;QR-GIRL.ru;
2024-01-04;QR-PRIVATE.ru;
2024-01-04;QR-VIDEO.ru;
2024-01-04;QREVER.ru;
2024-01-04;QUEST-CRAFT.ru;
2024-01-04;QULILAND.ru;
2024-01-04;QURMANNN.ru;
2024-01-04;QUYDONAN.ru;
2024-01-04;R3PAM.ru;
2024-01-04;RABOTAIZDOMAMLM.ru;
2024-01-04;RADIO-SOUND.ru;
2024-01-04;RADIO-ZVUK.ru;
2024-01-04;RADOVSKIY.ru;
2024-01-04;RAELBG.ru;
2024-01-04;RAIKINSCHOOL.ru;
2024-01-04;RAIN44444.ru;
2024-01-04;RAINBOWPRESS.ru;
2024-01-04;RAITINGCASINO2024TOP1WINO.ru;
2024-01-04;RAMENGAMES2024.ru;
2024-01-04;RANDOMAISER.ru;
2024-01-04;RARITET-OOO.ru;
2024-01-04;RASCHET-KUHNI-TUYMEN.ru;
2024-01-04;RASMOSREG.ru;
2024-01-04;RASSKAZER.ru;
2024-01-04;RAVNOVESIE-SPB.ru;
2024-01-04;RAVNOVESIESPB.ru;
2024-01-04;RAYZI.ru;
2024-01-04;RAZEBCA.ru;
2024-01-04;RAZVAL-24.ru;
2024-01-04;RAZVITIE39.ru;
2024-01-04;RBL-CLUB.ru;
2024-01-04;RCBUYING.ru;
2024-01-04;RDUBROVIN.ru;
2024-01-04;RDVORKIN.ru;
2024-01-04;REALTYPROAGENT.ru;
2024-01-04;REALTYUM.ru;
2024-01-04;REBITICA.ru;
2024-01-04;REBOOTICA.ru;
2024-01-04;RECEPTOR-KRSK.ru;
2024-01-04;RED7MOSCOW.ru;
2024-01-04;REDDIT-CREW.ru;
2024-01-04;REDFURGON.ru;
2024-01-04;REGFABERLIC.ru;
2024-01-04;REGIONKRYM.ru;
2024-01-04;REGIST-PITER.ru;
2024-01-04;REGISTRATSIA-V-PITERE.ru;
2024-01-04;REGISTRATSIJA-V-MOSKWE.ru;
2024-01-04;REITINGCASINO.ru;
2024-01-04;REKET10.ru;
2024-01-04;REKOTOV.ru;
2024-01-04;RELAXBLACKNSK.ru;
2024-01-04;REMBOLIT.ru;
2024-01-04;REMGIDRO32.ru;
2024-01-04;REMONT-KOTLOV-NAVIEN.ru;
2024-01-04;REMONT-PK-KMS.ru;
2024-01-04;REMONT12PRO.ru;
2024-01-04;REMONTPOPRAVILAM.ru;
2024-01-04;REMSERVIS-53.ru;
2024-01-04;RENAISSANCE-E.ru;
2024-01-04;RENS-RUSSIA.ru;
2024-01-04;RENT-HUB.ru;
2024-01-04;REPROGRAMM.ru;
2024-01-04;REPUTATION-HELP.ru;
2024-01-04;RESIDENTWEB.ru;
2024-01-04;RESQO.ru;
2024-01-04;RETARI.ru;
2024-01-04;RETRIT-CENTER.ru;
2024-01-04;REWELLER.ru;
2024-01-04;REWERS-FF-QARENA.ru;
2024-01-04;RFLOVE.ru;
2024-01-04;RIBOTICA.ru;
2024-01-04;RICASAPARTNERS.ru;
2024-01-04;RICH-77.ru;
2024-01-04;RICHARDCHANCELLOR.ru;
2024-01-04;RICHARDCHANCELLOR-WHISKY.ru;
2024-01-04;RICKZAK.ru;
2024-01-04;RINARIN.ru;
2024-01-04;RIOBET186.ru;
2024-01-04;RISEOFKINGDOMSDONATE.ru;
2024-01-04;RISHOPOLOK.ru;
2024-01-04;RITUALUSL.ru;
2024-01-04;RKHALIKOV.ru;
2024-01-04;RKUTSENKO.ru;
2024-01-04;RMBT48.ru;
2024-01-04;RN-NV.ru;
2024-01-04;RN-NV086.ru;
2024-01-04;RN-NV86.ru;
2024-01-04;ROBBIXTWO.ru;
2024-01-04;ROBOCATPUNKROCK.ru;
2024-01-04;ROCATOM.ru;
2024-01-04;ROCKFEL.ru;
2024-01-04;RODINA-TOP.ru;
2024-01-04;RODINA-WORK.ru;
2024-01-04;RODINMN.ru;
2024-01-04;ROGSCHOOLNEWS.ru;
2024-01-04;ROMAN-MAJOROV.ru;
2024-01-04;ROMANAPI.ru;
2024-01-04;ROMANCE6310.ru;
2024-01-04;ROMANPRODJSVO.ru;
2024-01-04;ROMBUTHUS.ru;
2024-01-04;ROMMER-ONLINE.ru;
2024-01-04;RONIN-STYLE.ru;
2024-01-04;ROOM-TRAVEL.ru;
2024-01-04;ROSSOLENKO-1.ru;
2024-01-04;ROSSTAT-INFO.ru;
2024-01-04;ROSSTAT-INFORM.ru;
2024-01-04;ROSTHERM-RUSSIA.ru;
2024-01-04;ROSTOV-INDIVIDUALKI.ru;
2024-01-04;ROXCASINO-SLOTO.ru;
2024-01-04;ROXCASINO-SLOTO1.ru;
2024-01-04;ROYALA.ru;
2024-01-04;ROYALO.ru;
2024-01-04;ROZBUKET.ru;
2024-01-04;RSCHERBININ.ru;
2024-01-04;RSIPSC.ru;
2024-01-04;RST-TENDER.ru;
2024-01-04;RSULTYGOV.ru;
2024-01-04;RTARARAEV.ru;
2024-01-04;RTSGEO.ru;
2024-01-04;RU-SECURITY7482.ru;
2024-01-04;RU-TAIYILASER.ru;
2024-01-04;RUBCHAIN.ru;
2024-01-04;RUBLECHAIN.ru;
2024-01-04;RUBYWOOJEWELRY.ru;
2024-01-04;RUGORGEOUS.ru;
2024-01-04;RULODKI.ru;
2024-01-04;RUNPOQLS.ru;
2024-01-04;RUS-2189.ru;
2024-01-04;RUSCHAIN.ru;
2024-01-04;RUSDOSUG-99.ru;
2024-01-04;RUSDYNAMICS.ru;
2024-01-04;RUSORE.ru;
2024-01-04;RUSRORE.ru;
2024-01-04;RUSSIACHAIN.ru;
2024-01-04;RUSSIAFA.ru;
2024-01-04;RUSSIAN-FUN.ru;
2024-01-04;RUSSIANCHAIN.ru;
2024-01-04;RUSSIANFUNS.ru;
2024-01-04;RUSSIANPEDIA.ru;
2024-01-04;RUSTOE.ru;
2024-01-04;RUSTORI.ru;
2024-01-04;RUSTORR.ru;
2024-01-04;RUSTOTE.ru;
2024-01-04;RUSTRE.ru;
2024-01-04;RUTERM-ONLINE.ru;
2024-01-04;RUZK.ru;
2024-01-04;RV-SAMARA.ru;
2024-01-04;RYACHMENEVA.ru;
2024-01-04;S-KORNIENKO.ru;
2024-01-04;SAASLOF.ru;
2024-01-04;SAAVAGE.ru;
2024-01-04;SADPART.ru;
2024-01-04;SAENKO-D.ru;
2024-01-04;SAGAFONOV.ru;
2024-01-04;SAGALOW.ru;
2024-01-04;SAKRYTIN.ru;
2024-01-04;SAKURADUTY.ru;
2024-01-04;SALESO.ru;
2024-01-04;SALEWILLBE.ru;
2024-01-04;SAMFOFSED.ru;
2024-01-04;SAMREQION.ru;
2024-01-04;SAMSUNGALAXY.ru;
2024-01-04;SANEDERSS.ru;
2024-01-04;SANJASHARAPOV.ru;
2024-01-04;SANLINE-RUSSIA.ru;
2024-01-04;SANTEHNIKPITER.ru;
2024-01-04;SAPFIRINJIR.ru;
2024-01-04;SARABIANNA.ru;
2024-01-04;SARUTOBISENSE.ru;
2024-01-04;SASUKKEE.ru;
2024-01-04;SAUGABAY.ru;
2024-01-04;SAVILIX.ru;
2024-01-04;SAVIN93.ru;
2024-01-04;SAWAESTHETIC.ru;
2024-01-04;SBM24.ru;
2024-01-04;SBOR-KING.ru;
2024-01-04;SBP-SHOP.ru;
2024-01-04;SBT174.ru;
2024-01-04;SCHNEIDER-ALTIVAR.ru;
2024-01-04;SCHNEIDER-ELECTRIC-ALTIVAR.ru;
2024-01-04;SCHNEIDERELECTRIC-ALTIVAR.ru;
2024-01-04;SCHOOL-ACNE.ru;
2024-01-04;SCHOOLGOMMAKATE.ru;
2024-01-04;SCHUFFTEIN.ru;
2024-01-04;SCLONENIEWORD.ru;
2024-01-04;SCREEN5S.ru;
2024-01-04;SDELKA7369.ru;
2024-01-04;SDRONINA.ru;
2024-01-04;SEARCH-AI.ru;
2024-01-04;SEBAS31.ru;
2024-01-04;SELECTOR-KAZINO.ru;
2024-01-04;SELIGEREC-CAMP.ru;
2024-01-04;SEMIKLETOV.ru;
2024-01-04;SENRUSLAN.ru;
2024-01-04;SEQE.ru;
2024-01-04;SERFCLICKPRO.ru;
2024-01-04;SERGEI-NEKRASOV.ru;
2024-01-04;SERGEJ-MELNIKOV.ru;
2024-01-04;SERGEY-FILATOV.ru;
2024-01-04;SERGEYTSAREV.ru;
2024-01-04;SERGLMS.ru;
2024-01-04;SERMASTER.ru;
2024-01-04;SERVICE-1246.ru;
2024-01-04;SERVICE-9855.ru;
2024-01-04;SERVISTREZVYIVODITELMOSCOW.ru;
2024-01-04;SERZ-4.ru;
2024-01-04;SEV-1.ru;
2024-01-04;SEVAS-REMONT.ru;
2024-01-04;SEVER-FJORD.ru;
2024-01-04;SEVERNAYA-RUSSIA.ru;
2024-01-04;SEVERYANA.ru;
2024-01-04;SEWING72.ru;
2024-01-04;SEX--59.ru;
2024-01-04;SFIT-MYIR.ru;
2024-01-04;SGIT-PYIR.ru;
2024-01-04;SGOGOLEVA.ru;
2024-01-04;SHADOWPUBLIC.ru;
2024-01-04;SHAKI-CVETY.ru;
2024-01-04;SHARABARIN.ru;
2024-01-04;SHARAVOZTV.ru;
2024-01-04;SHATALOVA-7.ru;
2024-01-04;SHATUN-WAY.ru;
2024-01-04;SHCHEBENKUPIT.ru;
2024-01-04;SHIHAHMEDOVA.ru;
2024-01-04;SHILENK0.ru;
2024-01-04;SHISHOW.ru;
2024-01-04;SHKADIN-CLUB.ru;
2024-01-04;SHKAFFCUPE.ru;
2024-01-04;SHKAY.ru;
2024-01-04;SHKOLAZNANIE.ru;
2024-01-04;SHOMCHENKO.ru;
2024-01-04;SHONGIN.ru;
2024-01-04;SHOPEROPT.ru;
2024-01-04;SHOPSEXPRESS.ru;
2024-01-04;SHOW-ORGANISATION.ru;
2024-01-04;SHTIM.ru;
2024-01-04;SHURADO.ru;
2024-01-04;SHVECHKA.ru;
2024-01-04;SHVEDYUK.ru;
2024-01-04;SIBERIA1968.ru;
2024-01-04;SIBERIANVIEW.ru;
2024-01-04;SIBGENKO.ru;
2024-01-04;SIBIO-RUSSIA.ru;
2024-01-04;SILAEV-PRO.ru;
2024-01-04;SILEN-OK.ru;
2024-01-04;SILFIDA87.ru;
2024-01-04;SILL-2381.ru;
2024-01-04;SIMISSO.ru;
2024-01-04;SIMPLE-WAY.ru;
2024-01-04;SIMPLEX-WB.ru;
2024-01-04;SINKROS80.ru;
2024-01-04;SKAJTUKOVA.ru;
2024-01-04;SKAZBUKI.ru;
2024-01-04;SKF-KRIT.ru;
2024-01-04;SKILLWEEK.ru;
2024-01-04;SKOCHILOVA.ru;
2024-01-04;SKOLOTIL.ru;
2024-01-04;SKYDONATE.ru;
2024-01-04;SLAVAKEYMAN.ru;
2024-01-04;SLEONOVA.ru;
2024-01-04;SLI2024.ru;
2024-01-04;SLJAPIN.ru;
2024-01-04;SLLLOVO-PACANA.ru;
2024-01-04;SLLLOVOPACANA.ru;
2024-01-04;SLLOVO-PACONA.ru;
2024-01-04;SLLOVOPACANA.ru;
2024-01-04;SLLOVOPACANA2023.ru;
2024-01-04;SLLOVOPACANO.ru;
2024-01-04;SLOM-FILO.ru;
2024-01-04;SLOTTICA3GG.ru;
2024-01-04;SLOVO-PAACONA.ru;
2024-01-04;SLOVO-PACANAK.ru;
2024-01-04;SLOVO-PACONA1S.ru;
2024-01-04;SLOVO-PACONAV.ru;
2024-01-04;SLOVOO-PACONA.ru;
2024-01-04;SLOVOPACAHNU.ru;
2024-01-04;SLOVOPACAHU.ru;
2024-01-04;SLOVOPACANED.ru;
2024-01-04;SLOVOPACANFE.ru;
2024-01-04;SLOVOPACANNE.ru;
2024-01-04;SLOVOPACANSEZ.ru;
2024-01-04;SLOVOPACANUE.ru;
2024-01-04;SLOVOPACANUW.ru;
2024-01-04;SLOVOPACARVSE.ru;
2024-01-04;SLOVOPACATEE.ru;
2024-01-04;SLOVOPACAVSE.ru;
2024-01-04;SLUGOVSKAJA.ru;
2024-01-04;SM5FASTNET.ru;
2024-01-04;SMART-HOME-OMSK.ru;
2024-01-04;SMARTOTDYH.ru;
2024-01-04;SMCPZAO.ru;
2024-01-04;SMICOIN.ru;
2024-01-04;SMIRNOVYROST.ru;
2024-01-04;SMMTRON.ru;
2024-01-04;SNAPSOLUTION.ru;
2024-01-04;SNEGOMARKET.ru;
2024-01-04;SNEGOMAX.ru;
2024-01-04;SNOBRAND.ru;
2024-01-04;SOCHI4FUN.ru;
2024-01-04;SOCHIENDURO.ru;
2024-01-04;SOFTBERY.ru;
2024-01-04;SOL-MOSFEST4.ru;
2024-01-04;SOL-MOSFEST5.ru;
2024-01-04;SOLODOVNIKIW.ru;
2024-01-04;SOLSERIA.ru;
2024-01-04;SOLWIKI.ru;
2024-01-04;SOMNLQPU.ru;
2024-01-04;SONYBOX.ru;
2024-01-04;SOOLTANAT.ru;
2024-01-04;SOREVNOVANIE24.ru;
2024-01-04;SORP-CONSULT.ru;
2024-01-04;SORPCONSULT.ru;
2024-01-04;SOUNDHOST.ru;
2024-01-04;SOUNDINTOUCH.ru;
2024-01-04;SOVA-SIZIKOVA.ru;
2024-01-04;SOWYOU.ru;
2024-01-04;SPECUTIL.ru;
2024-01-04;SPIIICHKI.ru;
2024-01-04;SPINAMBA3.ru;
2024-01-04;SPONGEBOP.ru;
2024-01-04;SPOTPRICE.ru;
2024-01-04;SPROS-PRO.ru;
2024-01-04;SPSK-VAPS.ru;
2024-01-04;SQUATTERBLOAT.ru;
2024-01-04;SRPOTOLOK.ru;
2024-01-04;SSAVRAN.ru;
2024-01-04;SSHAMANIN.ru;
2024-01-04;ST-ISKHAKOV.ru;
2024-01-04;ST911.ru;
2024-01-04;STACYFLO.ru;
2024-01-04;STALKER-LOST.ru;
2024-01-04;STAND2NOJIKIS.ru;
2024-01-04;STANDUP-TILL.ru;
2024-01-04;STARDACASINOCOM4.ru;
2024-01-04;STARDACASINOCOM5.ru;
2024-01-04;STARK-AD.ru;
2024-01-04;STARLAINE.ru;
2024-01-04;STARLIK.ru;
2024-01-04;STARLINEONLINE.ru;
2024-01-04;STASENI6KA.ru;
2024-01-04;STEAMCONMNUITY.ru;
2024-01-04;STEAMCONMUNIRY.ru;
2024-01-04;STEANCONRMUNITY.ru;
2024-01-04;STEBEL-ONLAINE.ru;
2024-01-04;STEH174.ru;
2024-01-04;STEKLOSKOL.ru;
2024-01-04;STELLARBRAND.ru;
2024-01-04;STELMASHYK.ru;
2024-01-04;STEPANSMIRNOV.ru;
2024-01-04;STEPIN-A.ru;
2024-01-04;STEREOSOUND-MP3.ru;
2024-01-04;STFIRE.ru;
2024-01-04;STI-RUSSIA.ru;
2024-01-04;STO76CENTR.ru;
2024-01-04;STOAVANGARD.ru;
2024-01-04;STOP-DOLGI-2024.ru;
2024-01-04;STORAGECLOUDS.ru;
2024-01-04;STRABINKOV.ru;
2024-01-04;STRAHOVKA001.ru;
2024-01-04;STRATEGYM.ru;
2024-01-04;STRISHKAPLUS.ru;
2024-01-04;STROKI-MTS.ru;
2024-01-04;STROYKA50.ru;
2024-01-04;STROYTUMEN24.ru;
2024-01-04;STSAPER.ru;
2024-01-04;STUDYLADDER.ru;
2024-01-04;STUDYTRAIL.ru;
2024-01-04;SUDOTEST.ru;
2024-01-04;SUGAR-PAPER28.ru;
2024-01-04;SUPER-TOOLS51.ru;
2024-01-04;SUPERNXVA.ru;
2024-01-04;SVECHEVARYNYA.ru;
2024-01-04;SVETLANA-KULIKOVA.ru;
2024-01-04;SVETOPAD.ru;
2024-01-04;SVETPROSVET.ru;
2024-01-04;SVETSKIYSOYUZ.ru;
2024-01-04;SVETYHOME.ru;
2024-01-04;SVOBODA60.ru;
2024-01-04;SWEET-FILM.ru;
2024-01-04;SWEETLYK.ru;
2024-01-04;SWEETVATA.ru;
2024-01-04;SWISSLUXE.ru;
2024-01-04;SWLOVE.ru;
2024-01-04;SWTHM29.ru;
2024-01-04;SXJN-SPV.ru;
2024-01-04;SYROLOGIYA.ru;
2024-01-04;TAB700.ru;
2024-01-04;TACTICBOT.ru;
2024-01-04;TAKIYE-SVADBY.ru;
2024-01-04;TALESOFPIRATES.ru;
2024-01-04;TANCHITTASTUDIO.ru;
2024-01-04;TANDEM360.ru;
2024-01-04;TANUSHABUCHINA.ru;
2024-01-04;TANYATERRA.ru;
2024-01-04;TARAKANOVANDREY.ru;
2024-01-04;TARGETCARDBOARD.ru;
2024-01-04;TARKMARANA.ru;
2024-01-04;TARO-RUN-NUMEROLOGIYA-PROGRAMMNIESVECHI-AMULETIDOM.ru;
2024-01-04;TATIANNA.ru;
2024-01-04;TEACHER-TRUBITSYNA.ru;
2024-01-04;TECHFUELING2.ru;
2024-01-04;TECHNO-TUCH.ru;
2024-01-04;TECHNOBOX-SHOP.ru;
2024-01-04;TECHNOTUCH.ru;
2024-01-04;TELEGRAM-SELL.ru;
2024-01-04;TELEGRAMGURU.ru;
2024-01-04;TELEGRAMNEWRU.ru;
2024-01-04;TELNOV-PRO.ru;
2024-01-04;TENBOOK.ru;
2024-01-04;TENDER-RTS.ru;
2024-01-04;TEPOTAM.ru;
2024-01-04;TERRA-BLADE.ru;
2024-01-04;TERRITORIA-REALNOSTI.ru;
2024-01-04;TEST-DROPDDD.ru;
2024-01-04;TEST-MAIN.ru;
2024-01-04;TEST-WEDA.ru;
2024-01-04;TESTFINA.ru;
2024-01-04;TESTMEDICINA.ru;
2024-01-04;TESTYC.ru;
2024-01-04;TETTEY.ru;
2024-01-04;TEZBAZAR.ru;
2024-01-04;TG45EL.ru;
2024-01-04;TGEYE.ru;
2024-01-04;THAILAND-TURIZM.ru;
2024-01-04;THE-TUDORS.ru;
2024-01-04;THEATER40.ru;
2024-01-04;THEATRE-ACTOR.ru;
2024-01-04;THEATRE-TILL.ru;
2024-01-04;THEMX0NDAY.ru;
2024-01-04;THENOLIMIT.ru;
2024-01-04;THEONLYBAG.ru;
2024-01-04;THERMOTRUST-RUSSIA.ru;
2024-01-04;THESONICBEAST.ru;
2024-01-04;THISISBUIS.ru;
2024-01-04;THOLCOM.ru;
2024-01-04;TICKETS-RU.ru;
2024-01-04;TIGR-FORTUNA.ru;
2024-01-04;TILL-CASSA.ru;
2024-01-04;TIMA-9195.ru;
2024-01-04;TIMAGAMES.ru;
2024-01-04;TIMEWEEB.ru;
2024-01-04;TIMICHEV.ru;
2024-01-04;TIMURABDULLAEV.ru;
2024-01-04;TIMUROVA.ru;
2024-01-04;TIN-DOLG.ru;
2024-01-04;TINATIGRA.ru;
2024-01-04;TINYLEAF.ru;
2024-01-04;TITANIUM312.ru;
2024-01-04;TITANIUMCOSMIC.ru;
2024-01-04;TMRDH.ru;
2024-01-04;TNC-E.ru;
2024-01-04;TNKF-KAPLTAL-INVEST.ru;
2024-01-04;TOANY.ru;
2024-01-04;TODAY-24-7.ru;
2024-01-04;TODAY-24-NEWS.ru;
2024-01-04;TODAY-247.ru;
2024-01-04;TODAY-24NEWS.ru;
2024-01-04;TODAY24-7.ru;
2024-01-04;TODAY247.ru;
2024-01-04;TODAY24NEWS.ru;
2024-01-04;TOFEE.ru;
2024-01-04;TOL-SERP.ru;
2024-01-04;TOLPYSHEV.ru;
2024-01-04;TOMCHIKB.ru;
2024-01-04;TONGOU.ru;
2024-01-04;TONMIL.ru;
2024-01-04;TOOL-TIME.ru;
2024-01-04;TOOLBOT.ru;
2024-01-04;TOP-ZAVESA.ru;
2024-01-04;TOP505.ru;
2024-01-04;TOPALOVA-DOC.ru;
2024-01-04;TOPGAB.ru;
2024-01-04;TOPSHINA-MSK.ru;
2024-01-04;TORAEVER.ru;
2024-01-04;TORRED.ru;
2024-01-04;TOSIN.ru;
2024-01-04;TOURFISHKA.ru;
2024-01-04;TOURGOCS.ru;
2024-01-04;TPETRANOVSKIJ.ru;
2024-01-04;TPOPP.ru;
2024-01-04;TRADELEAGUE.ru;
2024-01-04;TRAM-MEDITATION.ru;
2024-01-04;TRANSFER-PAYMS.ru;
2024-01-04;TRANSFERGEORGIA.ru;
2024-01-04;TRANSFERS-INFO.ru;
2024-01-04;TRASSAM4DON.ru;
2024-01-04;TREKS-M.ru;
2024-01-04;TREMASOV-1.ru;
2024-01-04;TRETYAK0718.ru;
2024-01-04;TRIP-2179.ru;
2024-01-04;TROEVER.ru;
2024-01-04;TROLLTEAM.ru;
2024-01-04;TRONEVA-26.ru;
2024-01-04;TRUBOPLAST30.ru;
2024-01-04;TRUEGAME-CLUB.ru;
2024-01-04;TRUSAUTOALLET.ru;
2024-01-04;TSEREDIANI.ru;
2024-01-04;TSIBULSKII.ru;
2024-01-04;TSIVENKO.ru;
2024-01-04;TSUY.ru;
2024-01-04;TTOLKAY.ru;
2024-01-04;TU-CARS.ru;
2024-01-04;TU-EDA.ru;
2024-01-04;TULA-DOSUG.ru;
2024-01-04;TULPIN.ru;
2024-01-04;TURCIIA.ru;
2024-01-04;TURFISHKA.ru;
2024-01-04;TURKSEZONY.ru;
2024-01-04;TUTORIZE.ru;
2024-01-04;TUTORSHUB.ru;
2024-01-04;TVGTN.ru;
2024-01-04;TWIDATA.ru;
2024-01-04;TYPETAB.ru;
2024-01-04;TYSTROY.ru;
2024-01-04;TYUMEN-DOSUG.ru;
2024-01-04;TYUMENDEVKI.ru;
2024-01-04;TYUMENDEVOCHKI.ru;
2024-01-04;U-2417812-TRIAL-REG.ru;
2024-01-04;UBISTORE.ru;
2024-01-04;UCHET-RUS.ru;
2024-01-04;UCHINIUM.ru;
2024-01-04;UDMESPLUS.ru;
2024-01-04;UEKARACA.ru;
2024-01-04;UF-DTF.ru;
2024-01-04;UFDTF.ru;
2024-01-04;UGGAUSTRALIAA.ru;
2024-01-04;UGGMOLL.ru;
2024-01-04;UI-NASS.ru;
2024-01-04;UMBRELLA-GAME.ru;
2024-01-04;UMNITSA-ONLINE.ru;
2024-01-04;UN1LTYAN.ru;
2024-01-04;UNI-FITT-RUSSIA.ru;
2024-01-04;UNIKURS.ru;
2024-01-04;UNIVER-CENTER.ru;
2024-01-04;UNIVERCELL.ru;
2024-01-04;UNIVERSALYUG.ru;
2024-01-04;UNIVERSITYCENTER.ru;
2024-01-04;UNIVERSITYOFKNOWLEDGE.ru;
2024-01-04;UNIVERSUM-COMMUNITY.ru;
2024-01-04;UNLIMZERKALO.ru;
2024-01-04;UNLY.ru;
2024-01-04;UNRELEASED-TOURNAMENTS.ru;
2024-01-04;URAITE.ru;
2024-01-04;URALELITSTROI.ru;
2024-01-04;URISTIOTVETI.ru;
2024-01-04;URITE.ru;
2024-01-04;URTUTOR.ru;
2024-01-04;URZHINOVA.ru;
2024-01-04;US-PUBG-MOBAIL.ru;
2024-01-04;USACHAIN.ru;
2024-01-04;USCHAIN.ru;
2024-01-04;USDCHAIN.ru;
2024-01-04;USKKOFF.ru;
2024-01-04;USTANOVKA-ZABOROV-SMOLENSK.ru;
2024-01-04;UTA-MSK.ru;
2024-01-04;UTALES.ru;
2024-01-04;UTMKA.ru;
2024-01-04;UTR-KAZS2.ru;
2024-01-04;V-PODPISKE.ru;
2024-01-04;V3J.ru;
2024-01-04;VADIM-O.ru;
2024-01-04;VAHTA-RF.ru;
2024-01-04;VALERII69.ru;
2024-01-04;VALFEX-RUSSIA.ru;
2024-01-04;VANCOUVER-CLUB.ru;
2024-01-04;VANOVSKY.ru;
2024-01-04;VANTEDA.ru;
2024-01-04;VARESHKIE.ru;
2024-01-04;VARIKOZANET-STAVROPOL.ru;
2024-01-04;VASILEWSKIY.ru;
2024-01-04;VAVADACASINO100.ru;
2024-01-04;VAVADACASINO2024.ru;
2024-01-04;VAVADAXCX.ru;
2024-01-04;VBST174.ru;
2024-01-04;VCHT-CENTER.ru;
2024-01-04;VCHTCENTER.ru;
2024-01-04;VECHERINART.ru;
2024-01-04;VENOMEROK.ru;
2024-01-04;VENUSBAND.ru;
2024-01-04;VESLAV-V.ru;
2024-01-04;VETERINARYMARKET.ru;
2024-01-04;VETROVM.ru;
2024-01-04;VGERTSEV.ru;
2024-01-04;VHASANOV.ru;
2024-01-04;VHURIN.ru;
2024-01-04;VIBORU.ru;
2024-01-04;VIDEOCHAIN.ru;
2024-01-04;VIEBA.ru;
2024-01-04;VIKI-MAKEUP.ru;
2024-01-04;VIKTORKOMISSAR.ru;
2024-01-04;VITALITY-MOS.ru;
2024-01-04;VITALIY-RETOUCH.ru;
2024-01-04;VITRAZHNIEOKNA.ru;
2024-01-04;VIVA-MOT.ru;
2024-01-04;VIVA-TECHNOLOGY.ru;
2024-01-04;VIZANTIYA-OTEL.ru;
2024-01-04;VK-ANDERTUSHKA.ru;
2024-01-04;VK-AUTHORIZATION.ru;
2024-01-04;VKDEZ.ru;
2024-01-04;VKLEVE.ru;
2024-01-04;VL-MIRONOV.ru;
2024-01-04;VLADCLENOV7.ru;
2024-01-04;VLADIMIRFOTO.ru;
2024-01-04;VLADIMIROVNA33.ru;
2024-01-04;VLADMINKIN.ru;
2024-01-04;VLOMMDERS.ru;
2024-01-04;VLOSIHE.ru;
2024-01-04;VMGZ-45.ru;
2024-01-04;VMGZ-60.ru;
2024-01-04;VMOTKIN.ru;
2024-01-04;VODKA-KASINO.ru;
2024-01-04;VODOKANAL-RND.ru;
2024-01-04;VOGELNOOT-RUSSIA.ru;
2024-01-04;VOLKOV112007.ru;
2024-01-04;VOLNACASINO-ZAL4.ru;
2024-01-04;VOLNACASINO-ZAL5.ru;
2024-01-04;VOLOSHINART.ru;
2024-01-04;VOLSHEBNIKJA.ru;
2024-01-04;VOLT-MAX.ru;
2024-01-04;VOLZP.ru;
2024-01-04;VONTAMONA.ru;
2024-01-04;VORONEGHIMPROM.ru;
2024-01-04;VORONOVCOPYLOV.ru;
2024-01-04;VOROSHILOV68.ru;
2024-01-04;VOVACOIN.ru;
2024-01-04;VOVANKAZINO.ru;
2024-01-04;VOVATITOV.ru;
2024-01-04;VOZVRAT-URIST.ru;
2024-01-04;VSAMURAJ.ru;
2024-01-04;VSBREKLAMA.ru;
2024-01-04;VSEDLADACHI.ru;
2024-01-04;VSEPRAVILAOBSHENIA.ru;
2024-01-04;VSH510.ru;
2024-01-04;VSIODLADACHI.ru;
2024-01-04;VSIODLAREMONTA.ru;
2024-01-04;VSLETIN.ru;
2024-01-04;VSMAGINA.ru;
2024-01-04;VSTB174.ru;
2024-01-04;VSYODLADACHI.ru;
2024-01-04;VSYODLAREMONTA.ru;
2024-01-04;VTEPLICAX.ru;
2024-01-04;VUHANOVA.ru;
2024-01-04;VVCHAIN.ru;
2024-01-04;VVMAZANOV.ru;
2024-01-04;VVVIN.ru;
2024-01-04;VYS-YA.ru;
2024-01-04;VYUSHKOV13.ru;
2024-01-04;W-KRASNODAR.ru;
2024-01-04;W-RX.ru;
2024-01-04;WAPGAMEBOT.ru;
2024-01-04;WARMHAUS-RUSSIA.ru;
2024-01-04;WARRIORCODEX.ru;
2024-01-04;WATCHSTORM.ru;
2024-01-04;WATTSON-RUSSIA.ru;
2024-01-04;WAYRONE-ONE.ru;
2024-01-04;WB-ANALITIKA.ru;
2024-01-04;WBPARTNERI.ru;
2024-01-04;WEB-VARIANT.ru;
2024-01-04;WEB3SYSTEM.ru;
2024-01-04;WEBCREATOR44.ru;
2024-01-04;WEBONTOLOGY.ru;
2024-01-04;WEBSITESAUDITOR.ru;
2024-01-04;WEBTVOYKORENOVSK.ru;
2024-01-04;WEBUNIPROJECTS.ru;
2024-01-04;WEGOVY-1MG.ru;
2024-01-04;WEGOVY-APTEKA.ru;
2024-01-04;WEGOVY-MOSCOW.ru;
2024-01-04;WEGOVY-MOSKVA.ru;
2024-01-04;WEGOVY-MSK.ru;
2024-01-04;WEGOVY-OFFICIAL.ru;
2024-01-04;WEGOVY-RUSSIA.ru;
2024-01-04;WEGOVY-SEMAGLUTIDE.ru;
2024-01-04;WEGOVY1.ru;
2024-01-04;WEPINK.ru;
2024-01-04;WESHINE-LABEL.ru;
2024-01-04;WHAT-PEOPLE.ru;
2024-01-04;WHATPEOPLE.ru;
2024-01-04;WHATSAPP-API.ru;
2024-01-04;WIK-DEV.ru;
2024-01-04;WIK-PROD.ru;
2024-01-04;WILD-POPSRU.ru;
2024-01-04;WINDINGROAD.ru;
2024-01-04;WINDOWSKEYDEAL.ru;
2024-01-04;WINLINE-US.ru;
2024-01-04;WINNAIAL.ru;
2024-01-04;WINTERVALO.ru;
2024-01-04;WISEMISER.ru;
2024-01-04;WISMAT.ru;
2024-01-04;WITCHYMISCHA-TOP.ru;
2024-01-04;WLEBROTSGATE.ru;
2024-01-04;WMRECORDS.ru;
2024-01-04;WOAN.ru;
2024-01-04;WODGEO.ru;
2024-01-04;WOLFBRAND.ru;
2024-01-04;WOLNCOM.ru;
2024-01-04;WOMAH.ru;
2024-01-04;WOMAM.ru;
2024-01-04;WOOD-LUCK.ru;
2024-01-04;WOOD33.ru;
2024-01-04;WOOD51.ru;
2024-01-04;WOODENTIME.ru;
2024-01-04;WOODLINEN.ru;
2024-01-04;WOODMEAD.ru;
2024-01-04;WOWAN.ru;
2024-01-04;WS-24.ru;
2024-01-04;WTRUSSIA.ru;
2024-01-04;WWWVOLZP.ru;
2024-01-04;X-DZOR.ru;
2024-01-04;X-SERVISE.ru;
2024-01-04;X5EXPEDITION.ru;
2024-01-04;XDRIP718.ru;
2024-01-04;XDZOR.ru;
2024-01-04;XFLOWERS1.ru;
2024-01-04;XOLOP-2-2024.ru;
2024-01-04;XTYT.ru;
2024-01-04;XUMYMISHKA.ru;
2024-01-04;XYXYA.ru;
2024-01-04;XYZSCHOOL.ru;
2024-01-04;YA-ELAGINA.ru;
2024-01-04;YA-NEPOVAR.ru;
2024-01-04;YA9ALCKINA.ru;
2024-01-04;YADOLBAEB.ru;
2024-01-04;YAKOREVA.ru;
2024-01-04;YANDEXSHOPONLAIN.ru;
2024-01-04;YANOTHER.ru;
2024-01-04;YANUZAKOV.ru;
2024-01-04;YAR-EAK.ru;
2024-01-04;YASYA-GORD.ru;
2024-01-04;YASYAGORD.ru;
2024-01-04;YBALALAN.ru;
2024-01-04;YDMNSKY.ru;
2024-01-04;YEKIBAYEV.ru;
2024-01-04;YENCHAIN.ru;
2024-01-04;YMELICA.ru;
2024-01-04;YMNWRX.ru;
2024-01-04;YMORZIMA.ru;
2024-01-04;YN-DATE.ru;
2024-01-04;YOGA-CO.ru;
2024-01-04;YOGAURAL.ru;
2024-01-04;YOUNUBE.ru;
2024-01-04;YOURBESTTRAVEL.ru;
2024-01-04;YOUTTUBE.ru;
2024-01-04;YOUTUBA.ru;
2024-01-04;YSELIALA.ru;
2024-01-04;YUANCHAIN.ru;
2024-01-04;YULENKAX.ru;
2024-01-04;YURAIT.ru;
2024-01-04;YURIYSHAPOVALOV.ru;
2024-01-04;ZAIMATOR.ru;
2024-01-04;ZAK-1.ru;
2024-01-04;ZAKAZ7369.ru;
2024-01-04;ZAKON-POMOSH.ru;
2024-01-04;ZAKON115FZ.ru;
2024-01-04;ZAKROYOKNO.ru;
2024-01-04;ZAMETKI-PENSIONERA-NEWS.ru;
2024-01-04;ZAPAVTOSTOCK.ru;
2024-01-04;ZAVARZINAC.ru;
2024-01-04;ZAVODSVAROG.ru;
2024-01-04;ZEAOFFICIAL.ru;
2024-01-04;ZEEBEAT.ru;
2024-01-04;ZEMONGAN.ru;
2024-01-04;ZERKALODADDY.ru;
2024-01-04;ZERKALOGAMA.ru;
2024-01-04;ZHOMESERVER.ru;
2024-01-04;ZINAIDANEM.ru;
2024-01-04;ZIP-OREN.ru;
2024-01-04;ZIWAR.ru;
2024-01-04;ZIYOCORE.ru;
2024-01-04;ZMB-CS.ru;
2024-01-04;ZNAKMEBEL.ru;
2024-01-04;ZOLOTO-KOLCHAKA.ru;
2024-01-04;ZOLOTOKOLCHAKA.ru;
2024-01-04;ZOO-GRAD.ru;
2024-01-04;ZOOPARTS.ru;
2024-01-04;ZOZHSOVET.ru;
2024-01-04;ZUBKOV6773.ru;
2024-01-05;0118.ru;
2024-01-05;02AAM24.ru;
2024-01-05;123-3D.ru;
2024-01-05;123MOVIERULZ.ru;
2024-01-05;12FAN.ru;
2024-01-05;1384.ru;
2024-01-05;154DAMDAM.ru;
2024-01-05;18258312.ru;
2024-01-05;186NYMEROLOG.ru;
2024-01-05;198754.ru;
2024-01-05;1BREMENSKIEMUZYKANTY2024.ru;
2024-01-05;1C-SAB.ru;
2024-01-05;1C-V8.ru;
2024-01-05;1MONETKA.ru;
2024-01-05;1MONOPOLY.ru;
2024-01-05;1MOTOMIR.ru;
2024-01-05;2024BESTCHEAPONLINE.ru;
2024-01-05;2024BESTSALE.ru;
2024-01-05;2024DISCOUNTSTORES.ru;
2024-01-05;2024DRAGON.ru;
2024-01-05;2024ONLINECHEAPSALE.ru;
2024-01-05;2024ONLINEOUTLETS.ru;
2024-01-05;2024OUTLETSTORES.ru;
2024-01-05;2024STOREOUTLET.ru;
2024-01-05;20USPEH24.ru;
2024-01-05;2424K.ru;
2024-01-05;2424PWK.ru;
2024-01-05;247SPACE.ru;
2024-01-05;24DAMDAM.ru;
2024-01-05;24GERASIMOV.ru;
2024-01-05;24IGO.ru;
2024-01-05;24LID.ru;
2024-01-05;24ORAKUL.ru;
2024-01-05;24PASAZ29I4AUCF1OI6ERX7HGQ.ru;
2024-01-05;24PIGULKA.ru;
2024-01-05;24PWK-RU.ru;
2024-01-05;24RENTALTOOL.ru;
2024-01-05;28AI.ru;
2024-01-05;29YA.ru;
2024-01-05;29ZMD.ru;
2024-01-05;2BIRKI.ru;
2024-01-05;2FAVIASALES.ru;
2024-01-05;2HOLOP2.ru;
2024-01-05;2MILLENIUM.ru;
2024-01-05;3DGUS.ru;
2024-01-05;3DMAXPRINTING.ru;
2024-01-05;3DPRINTCRAFT.ru;
2024-01-05;3ELEKTRIKA.ru;
2024-01-05;4G18.ru;
2024-01-05;4H-ZONE.ru;
2024-01-05;4T7.ru;
2024-01-05;5-BERKUTOV.ru;
2024-01-05;54ORIGINS.ru;
2024-01-05;56YA.ru;
2024-01-05;5854545.ru;
2024-01-05;5AKE.ru;
2024-01-05;5SIMS.ru;
2024-01-05;666DAMDAM.ru;
2024-01-05;6ZU.ru;
2024-01-05;7799970.ru;
2024-01-05;7KCASINOH.ru;
2024-01-05;845145127.ru;
2024-01-05;89023758133.ru;
2024-01-05;89030025921.ru;
2024-01-05;89249300130.ru;
2024-01-05;8SLOVO-PATCONA.ru;
2024-01-05;9244050900.ru;
2024-01-05;9903.ru;
2024-01-05;999DAMDAM.ru;
2024-01-05;9MINECRAFT.ru;
2024-01-05;A-48.ru;
2024-01-05;A-FEMALE.ru;
2024-01-05;A-LIVING-MAN.ru;
2024-01-05;A-PARUSA39.ru;
2024-01-05;A567.ru;
2024-01-05;A9274467.ru;
2024-01-05;AAIGNATENKO.ru;
2024-01-05;AAUTH-TELEGRAMM.ru;
2024-01-05;ABCPEREVOD.ru;
2024-01-05;ABOGATEEV.ru;
2024-01-05;ABONEMENT-OBSLUZIVANIE.ru;
2024-01-05;ABORDAGECLUB.ru;
2024-01-05;ABPROLAND.ru;
2024-01-05;AC-56MILE.ru;
2024-01-05;ACADEMY-MEDIATION.ru;
2024-01-05;ACADEMYMEDIATION.ru;
2024-01-05;ACADI-NEDV.ru;
2024-01-05;ACAIT.ru;
2024-01-05;ACARDENAS.ru;
2024-01-05;ACCOUNTS-AVITO.ru;
2024-01-05;ACEEXAMS.ru;
2024-01-05;ACHEP.ru;
2024-01-05;ACHIPMUNK.ru;
2024-01-05;ACTIVE-PORTAL.ru;
2024-01-05;AD4CLEAN.ru;
2024-01-05;ADLPARTS.ru;
2024-01-05;ADMIN-SITE.ru;
2024-01-05;ADMIN-URALPTV.ru;
2024-01-05;ADMIRALX-UOC.ru;
2024-01-05;ADMTALAKAN.ru;
2024-01-05;ADSGMIQW.ru;
2024-01-05;ADVOKAT-NEMOV.ru;
2024-01-05;ADVOKATKRASOV.ru;
2024-01-05;AE-FLOWERS.ru;
2024-01-05;AELITABIZNES.ru;
2024-01-05;AERYGIN.ru;
2024-01-05;AFBNDKR.ru;
2024-01-05;AFCREAM.ru;
2024-01-05;AFF-AFF.ru;
2024-01-05;AFILARETOVA.ru;
2024-01-05;AFISHA-SHOW.ru;
2024-01-05;AFISHA63.ru;
2024-01-05;AFTKEY.ru;
2024-01-05;AG3NT.ru;
2024-01-05;AGANCYPRO.ru;
2024-01-05;AGDMKB.ru;
2024-01-05;AGENT-SPB.ru;
2024-01-05;AGENT-SPB78.ru;
2024-01-05;AGENT-TERRA.ru;
2024-01-05;AGENTURA01.ru;
2024-01-05;AGMIO.ru;
2024-01-05;AGPSGTTGG.ru;
2024-01-05;AGRODOM74.ru;
2024-01-05;AI-CLON.ru;
2024-01-05;AI-ELEMENTARY.ru;
2024-01-05;AI-GALAXY.ru;
2024-01-05;AI-GOV.ru;
2024-01-05;AI-SPEAKERS.ru;
2024-01-05;AI12.ru;
2024-01-05;AIBEE.ru;
2024-01-05;AICLON.ru;
2024-01-05;AIGALAXY.ru;
2024-01-05;AIKIDO-DAMO.ru;
2024-01-05;AILIKENS.ru;
2024-01-05;AIP7.ru;
2024-01-05;AIPROD.ru;
2024-01-05;AIROUTER.ru;
2024-01-05;AIRSOFT24.ru;
2024-01-05;AIRSTROLL.ru;
2024-01-05;AJOUREBUREAU.ru;
2024-01-05;AKADEMIAZOLOTOVA.ru;
2024-01-05;AKADEMIYA-KIVI.ru;
2024-01-05;AKB-60.ru;
2024-01-05;AKEBONOBREAKS.ru;
2024-01-05;AKHUSAINOV.ru;
2024-01-05;AKPP-MOSCOW.ru;
2024-01-05;AKRUTKO.ru;
2024-01-05;AKSENENKOOKSANA.ru;
2024-01-05;AKSIGOR.ru;
2024-01-05;AKTSIYAIVLEEVOY.ru;
2024-01-05;AKULOVAV.ru;
2024-01-05;AKURENBURG.ru;
2024-01-05;AKVA68.ru;
2024-01-05;AKVADOOR.ru;
2024-01-05;AKVAKARS.ru;
2024-01-05;AKVALOS-KRASNODAR.ru;
2024-01-05;AKVALOS-ROSTOV.ru;
2024-01-05;AKVATAMBOV.ru;
2024-01-05;ALCO-EXPRESS24-SARATOV.ru;
2024-01-05;ALCOBAR43.ru;
2024-01-05;ALCOBAR46.ru;
2024-01-05;ALCOEXPRESS43.ru;
2024-01-05;ALCOEXPRESS46.ru;
2024-01-05;ALCOSHOCK.ru;
2024-01-05;ALEKSEEVSKYOTEL.ru;
2024-01-05;ALEKSEY-VANIUSHKIN.ru;
2024-01-05;ALEKSEYISTOMIN.ru;
2024-01-05;ALEX-PETS.ru;
2024-01-05;ALEX1678G.ru;
2024-01-05;ALEXBRATCHENKO.ru;
2024-01-05;ALEXEY-KOLESNIKOV.ru;
2024-01-05;ALEXEYSADOV.ru;
2024-01-05;ALEXPETS.ru;
2024-01-05;ALEXVAF.ru;
2024-01-05;ALFAMOLD.ru;
2024-01-05;ALFASWITCH.ru;
2024-01-05;ALHIMIADUSH.ru;
2024-01-05;ALILAC.ru;
2024-01-05;ALINA-BIRTHDAY.ru;
2024-01-05;ALIYEVACINARE.ru;
2024-01-05;ALL-TEPLICY.ru;
2024-01-05;ALL-THINGS-COGNITEI.ru;
2024-01-05;ALLCONSUMABLES.ru;
2024-01-05;ALLINSEO.ru;
2024-01-05;ALMATYRAGE.ru;
2024-01-05;ALMAZBUR-CHEL.ru;
2024-01-05;ALMAZOVOJ-KV-SALON.ru;
2024-01-05;ALNIRED1.ru;
2024-01-05;ALORDKIPANIDZE.ru;
2024-01-05;ALP22.ru;
2024-01-05;ALPENHAUS360.ru;
2024-01-05;ALQ2U.ru;
2024-01-05;ALT-GNOME.ru;
2024-01-05;ALTAY-MANZHEROK.ru;
2024-01-05;ALTERCRAFT.ru;
2024-01-05;ALTSERVERS.ru;
2024-01-05;ALTTECHNOGROUP.ru;
2024-01-05;ALYONAAURUM.ru;
2024-01-05;ALZOLOTOV.ru;
2024-01-05;ALZVET.ru;
2024-01-05;AM161.ru;
2024-01-05;AMATYSIK.ru;
2024-01-05;AMG-TUNING-DETAILING-CENTR.ru;
2024-01-05;AMIRTAHOME.ru;
2024-01-05;ANAPA-ESTATE.ru;
2024-01-05;ANASTASIAEDAPINA.ru;
2024-01-05;ANASTASIJA-KUZNETSOVA.ru;
2024-01-05;ANDBARYNIN.ru;
2024-01-05;ANDREEVBIM.ru;
2024-01-05;ANDREY-MARINA.ru;
2024-01-05;ANDROSOV-SM.ru;
2024-01-05;ANDY9145.ru;
2024-01-05;ANFISAMODE.ru;
2024-01-05;ANGELIDES.ru;
2024-01-05;ANGELINA-ART.ru;
2024-01-05;ANGELINAFAIDYUK.ru;
2024-01-05;ANGELKULINAR.ru;
2024-01-05;ANGOSTURABITTERS.ru;
2024-01-05;ANIBD.ru;
2024-01-05;ANKETA-WORK.ru;
2024-01-05;ANOD7.ru;
2024-01-05;ANSAT-EXPERT.ru;
2024-01-05;ANSPRO.ru;
2024-01-05;ANSTTKCH.ru;
2024-01-05;ANTONINA-KOSTINA.ru;
2024-01-05;ANTONPOL.ru;
2024-01-05;ANTONPOTAPOV.ru;
2024-01-05;ANTY903.ru;
2024-01-05;ANWAB.ru;
2024-01-05;ANYA321111.ru;
2024-01-05;ANYTA1.ru;
2024-01-05;ANZFITNESS.ru;
2024-01-05;AOSDVBBF.ru;
2024-01-05;APDOU.ru;
2024-01-05;APEXAI.ru;
2024-01-05;APHMELEV.ru;
2024-01-05;APISTUDIA.ru;
2024-01-05;APMES.ru;
2024-01-05;APOLYAKOV93.ru;
2024-01-05;APPINVENT.ru;
2024-01-05;APPLE-CLEVER.ru;
2024-01-05;APPLEGADGETSHOP.ru;
2024-01-05;APPLICATIONFORM-G0VTNZ.ru;
2024-01-05;APRACINGBREAKS.ru;
2024-01-05;APRAXIA.ru;
2024-01-05;APRILE-DESIGN.ru;
2024-01-05;APTECH-35.ru;
2024-01-05;APYZHIKOV.ru;
2024-01-05;AQUA68.ru;
2024-01-05;AQUALOS-KRASNODAR.ru;
2024-01-05;AQUALOS-ROSTOV.ru;
2024-01-05;AQUALOS-SEPTIK.ru;
2024-01-05;AQUATAMBOV.ru;
2024-01-05;ARBITRAGE-SCANER.ru;
2024-01-05;AREIGM.ru;
2024-01-05;ARENDA-JOY.ru;
2024-01-05;ARGAMING.ru;
2024-01-05;ARGENTUM76.ru;
2024-01-05;ARH-YOU.ru;
2024-01-05;ARHYZCITY.ru;
2024-01-05;ARIARYLI.ru;
2024-01-05;ARIFDZHANOVA.ru;
2024-01-05;ARISTUDIO.ru;
2024-01-05;ARKANGELS-TRAVEL.ru;
2024-01-05;ARKTIKA-BRP.ru;
2024-01-05;ARM-TERRAZZO.ru;
2024-01-05;ARMAMIR-RUS.ru;
2024-01-05;ARMSPECSTROY.ru;
2024-01-05;AROMAGRAD.ru;
2024-01-05;ARPLATFORM.ru;
2024-01-05;ARSENEYT.ru;
2024-01-05;ART-BISCVIT.ru;
2024-01-05;ART-PROTECT.ru;
2024-01-05;ARTAPROJECTS.ru;
2024-01-05;ARTCOMSOFT.ru;
2024-01-05;ARTEMKONNOV.ru;
2024-01-05;ARTPROMEDIA.ru;
2024-01-05;ARTRON-MERYDIAN.ru;
2024-01-05;ARTZHESTKOV.ru;
2024-01-05;ARUDAJA.ru;
2024-01-05;ARVENHOLD.ru;
2024-01-05;ASCHAPOV.ru;
2024-01-05;ASCMASTERSERVICE.ru;
2024-01-05;ASGARDARM.ru;
2024-01-05;ASGDMKT.ru;
2024-01-05;ASINO-SPORT.ru;
2024-01-05;ASK-ATLAS.ru;
2024-01-05;ASTORMOLL.ru;
2024-01-05;ASTRODB.ru;
2024-01-05;ASTROFAMILY.ru;
2024-01-05;ASURGAEV.ru;
2024-01-05;ASVEGI.ru;
2024-01-05;ATLANDA-V.ru;
2024-01-05;ATMOSFERADUSHI.ru;
2024-01-05;ATOMMONOCL-BEST.ru;
2024-01-05;AUCTIONPROVINCE.ru;
2024-01-05;AUDIMODELS.ru;
2024-01-05;AUIASALE.ru;
2024-01-05;AULAPHOI.ru;
2024-01-05;AUR-GAME.ru;
2024-01-05;AUTISMGPPC.ru;
2024-01-05;AUTO-REIKI.ru;
2024-01-05;AUTOCENTER-56MILE.ru;
2024-01-05;AUTODOCTORSERVIS.ru;
2024-01-05;AUTOLOGTRANC.ru;
2024-01-05;AUTOMARKET-NN.ru;
2024-01-05;AUTOPROMS.ru;
2024-01-05;AUTOVIBES.ru;
2024-01-05;AV-BARANOV.ru;
2024-01-05;AV8ASALES.ru;
2024-01-05;AVA-PREMIUM.ru;
2024-01-05;AVAIASEILS.ru;
2024-01-05;AVANS-REAL.ru;
2024-01-05;AVAPREMIUM.ru;
2024-01-05;AVDEEEVA.ru;
2024-01-05;AVIA-FLY10.ru;
2024-01-05;AVIACONTOUR.ru;
2024-01-05;AVIASASES.ru;
2024-01-05;AVITO-YUG.ru;
2024-01-05;AVITO-ZARPLATA.ru;
2024-01-05;AVITOLOG-KRASNODAR.ru;
2024-01-05;AVITOLOG-LIPECK.ru;
2024-01-05;AVITOLOG-PERM.ru;
2024-01-05;AVITOLOG-ROSTOV-NA-DONU.ru;
2024-01-05;AVITOLOG-SARATOV.ru;
2024-01-05;AVITOLOG-UFA.ru;
2024-01-05;AVITOLOG-ULYANOVSK.ru;
2024-01-05;AVITOLOG-V-VLADIMIRE.ru;
2024-01-05;AVITOLOG-VOLGOGRAD.ru;
2024-01-05;AVITOLOG-VORONEZH.ru;
2024-01-05;AVITOLOG-YAROSLAVL.ru;
2024-01-05;AVTO-GU.ru;
2024-01-05;AVTO-ZIMA.ru;
2024-01-05;AVTOARMATURA.ru;
2024-01-05;AVTOBAR24.ru;
2024-01-05;AVTOCASHVRN.ru;
2024-01-05;AVTOLAIN-TOUR.ru;
2024-01-05;AVTOODEIALO-BEST.ru;
2024-01-05;AVTOPORTRET58.ru;
2024-01-05;AVTOSHTORKY-SKIDKA.ru;
2024-01-05;AWIASEILS.ru;
2024-01-05;AXBET.ru;
2024-01-05;AXELMO.ru;
2024-01-05;AXEPENT.ru;
2024-01-05;AYK21.ru;
2024-01-05;AYULDASHEVA.ru;
2024-01-05;AYWAA.ru;
2024-01-05;AZATYANPHOTO.ru;
2024-01-05;AZDAEV.ru;
2024-01-05;AZIMOVABEAUTY.ru;
2024-01-05;AZINO777-OSU.ru;
2024-01-05;AZMIEVA.ru;
2024-01-05;AZUREX.ru;
2024-01-05;B1B4TR0N.ru;
2024-01-05;B2OS.ru;
2024-01-05;B300.ru;
2024-01-05;BABUSHOV.ru;
2024-01-05;BAGIRA63.ru;
2024-01-05;BAGIRATLT.ru;
2024-01-05;BAIKALCORP.ru;
2024-01-05;BALAGANSKAJA.ru;
2024-01-05;BALKON-KOMFORT-SERVICE.ru;
2024-01-05;BAMBOLLETTI-DZR.ru;
2024-01-05;BANIA-HOSTA.ru;
2024-01-05;BANK100.ru;
2024-01-05;BANKOFFNET.ru;
2024-01-05;BANKSEGAE.ru;
2024-01-05;BANKVEZDE.ru;
2024-01-05;BARAKA2737.ru;
2024-01-05;BARHAT163.ru;
2024-01-05;BARINOVA-TOP.ru;
2024-01-05;BARNAUL-PKU.ru;
2024-01-05;BARTPAVEL.ru;
2024-01-05;BASHUTKINANASTYA.ru;
2024-01-05;BASILEUS17.ru;
2024-01-05;BASKIV.ru;
2024-01-05;BASKOPOLINA.ru;
2024-01-05;BASRP.ru;
2024-01-05;BATMANRU.ru;
2024-01-05;BAU-TEH.ru;
2024-01-05;BAULIN-1.ru;
2024-01-05;BAURAMIX.ru;
2024-01-05;BAYYERFROMITALIA.ru;
2024-01-05;BAZ-1.ru;
2024-01-05;BAZELIK.ru;
2024-01-05;BC-NEWS1.ru;
2024-01-05;BC-NEWS2.ru;
2024-01-05;BC-NEWS3.ru;
2024-01-05;BDCAR.ru;
2024-01-05;BDVAMK.ru;
2024-01-05;BEARPRINT-FIRM.ru;
2024-01-05;BEAUTY-WOW.ru;
2024-01-05;BEAUTYLINE-UFA.ru;
2024-01-05;BEAUTYZONE-SALON.ru;
2024-01-05;BELFORTAI.ru;
2024-01-05;BELJETEKA.ru;
2024-01-05;BELKOVAART.ru;
2024-01-05;BELLAGIO-HOT.ru;
2024-01-05;BELLASTONE.ru;
2024-01-05;BELLBIMBO-OPT.ru;
2024-01-05;BELLISTRI.ru;
2024-01-05;BELOVDV.ru;
2024-01-05;BELPARQUET.ru;
2024-01-05;BELYETEKA.ru;
2024-01-05;BENEFITSQUALITY.ru;
2024-01-05;BERANZHE-PHOTO.ru;
2024-01-05;BERDNIKOV-1.ru;
2024-01-05;BERDOFFGAME.ru;
2024-01-05;BERDYANSK-USLUGI.ru;
2024-01-05;BERDYANSKUSLUGI.ru;
2024-01-05;BEREZKA-BOUTIQUE.ru;
2024-01-05;BERRY-BOUTIQUE.ru;
2024-01-05;BERRYBOUTIQUE.ru;
2024-01-05;BESTCHANGEMONEY.ru;
2024-01-05;BESTSIGNALS.ru;
2024-01-05;BETMAX-INFO.ru;
2024-01-05;BETON-STROIY.ru;
2024-01-05;BEZBOZA.ru;
2024-01-05;BEZUGLYI.ru;
2024-01-05;BFDBMA.ru;
2024-01-05;BFEDOTOV.ru;
2024-01-05;BGB02.ru;
2024-01-05;BGHOTELS.ru;
2024-01-05;BGKZNNTORF.ru;
2024-01-05;BIB39.ru;
2024-01-05;BIDS193784.ru;
2024-01-05;BIGMAILBOX.ru;
2024-01-05;BIGMATUR-SYRTLANOV.ru;
2024-01-05;BILET-AERO.ru;
2024-01-05;BILLING-METRIKA.ru;
2024-01-05;BIM4.ru;
2024-01-05;BIOM-DETOX.ru;
2024-01-05;BISNESBAD.ru;
2024-01-05;BISSA-BRAND.ru;
2024-01-05;BISSABRAND.ru;
2024-01-05;BITCRYPTOREVIEWS.ru;
2024-01-05;BITMININGCLUB.ru;
2024-01-05;BITOVKA-MSK.ru;
2024-01-05;BITZ-CASINO1.ru;
2024-01-05;BIZNES-TARGET.ru;
2024-01-05;BIZONLAIN.ru;
2024-01-05;BK-22-BUH.ru;
2024-01-05;BK-LEON2.ru;
2024-01-05;BKOFD.ru;
2024-01-05;BLACKAMIK.ru;
2024-01-05;BLACKOUTCAFE.ru;
2024-01-05;BLADE-KINGS.ru;
2024-01-05;BLAGOPROEKT.ru;
2024-01-05;BLANC-SPORT.ru;
2024-01-05;BLAZERMAXA.ru;
2024-01-05;BLDYDVLL.ru;
2024-01-05;BLESK-METALLA.ru;
2024-01-05;BLESSX.ru;
2024-01-05;BLINIBURGER.ru;
2024-01-05;BLISS-WILEY.ru;
2024-01-05;BLNOTE.ru;
2024-01-05;BMWMODELS.ru;
2024-01-05;BMYNUTE.ru;
2024-01-05;BO-SERVISE-REMONT.ru;
2024-01-05;BODNARDESIGN.ru;
2024-01-05;BOGDANPOTOLKI.ru;
2024-01-05;BOKOVSKAYACR.ru;
2024-01-05;BOMBUCKS-GAME.ru;
2024-01-05;BOMCLICK.ru;
2024-01-05;BONUS-VAVADA.ru;
2024-01-05;BOOSTS-ONLINE.ru;
2024-01-05;BOSONUTIE.ru;
2024-01-05;BOTAKBTT.ru;
2024-01-05;BOTCATALOG.ru;
2024-01-05;BOTTT.ru;
2024-01-05;BOX-SEND.ru;
2024-01-05;BOX76CTO.ru;
2024-01-05;BOXMINESTUDIO.ru;
2024-01-05;BRADYNOSUS.ru;
2024-01-05;BRAINBOOSTEDU.ru;
2024-01-05;BRAND-AKSELERATOR.ru;
2024-01-05;BRATP.ru;
2024-01-05;BRAVE-STUDIO.ru;
2024-01-05;BREMBOBREAKS.ru;
2024-01-05;BREMENSKIE-MUZYKANT.ru;
2024-01-05;BREMENSKIEMUZYKANTU.ru;
2024-01-05;BREMENSKIMUZIKANTI.ru;
2024-01-05;BREMENSMUZYKAN2024.ru;
2024-01-05;BREMENSMUZYKANTY2024.ru;
2024-01-05;BRIZZARD.ru;
2024-01-05;BRNJOGARONLINE.ru;
2024-01-05;BROW-1703.ru;
2024-01-05;BRUCKAYA.ru;
2024-01-05;BRUSSTROYSK.ru;
2024-01-05;BSFGIQE.ru;
2024-01-05;BSPSTUDIO.ru;
2024-01-05;BSRSPB.ru;
2024-01-05;BUDDHAANGEL.ru;
2024-01-05;BUGROFF.ru;
2024-01-05;BUH-NU.ru;
2024-01-05;BUILDING-DEFECTS.ru;
2024-01-05;BULAVSKAYAYULIYA.ru;
2024-01-05;BURGERS-RMN.ru;
2024-01-05;BURLAY.ru;
2024-01-05;BURNCREDIT.ru;
2024-01-05;BUSINESS-NOTICES24.ru;
2024-01-05;BUSINESSCOOPERATIONONEVENTS.ru;
2024-01-05;BUSINESSFORUM2024.ru;
2024-01-05;BVZCMK.ru;
2024-01-05;BXCKZF.ru;
2024-01-05;BYCHKOV-TOP.ru;
2024-01-05;BYDY-SVOBODEN-24.ru;
2024-01-05;BYDY-SVOBODEN-OT-DOLGOV-24.ru;
2024-01-05;BYKEPEE.ru;
2024-01-05;BYRDA-REST.ru;
2024-01-05;BYTECON.ru;
2024-01-05;BYTJJG.ru;
2024-01-05;BYTSERVICES.ru;
2024-01-05;BZDBZD.ru;
2024-01-05;CAFELS.ru;
2024-01-05;CALCINED.ru;
2024-01-05;CALCLINE.ru;
2024-01-05;CAMSTRANS.ru;
2024-01-05;CANADIAN24HOURAPHARMACY.ru;
2024-01-05;CANOTTO.ru;
2024-01-05;CANOTTOPIZZA.ru;
2024-01-05;CANSONICSHOP.ru;
2024-01-05;CAPITAL64.ru;
2024-01-05;CAR-T-CELLS.ru;
2024-01-05;CAR-T-THERAPY.ru;
2024-01-05;CARANG.ru;
2024-01-05;CARDIOVINS.ru;
2024-01-05;CAREER-INVA.ru;
2024-01-05;CAREERINVA.ru;
2024-01-05;CARPICT.ru;
2024-01-05;CARSAR-AUTO.ru;
2024-01-05;CARTCELLS.ru;
2024-01-05;CARTEX96.ru;
2024-01-05;CARTTHERAPY.ru;
2024-01-05;CASHEDA.ru;
2024-01-05;CASHZAIMVSEMM.ru;
2024-01-05;CASINOX-IT-HACKATON.ru;
2024-01-05;CASIOZONE.ru;
2024-01-05;CASSA-HALE.ru;
2024-01-05;CDTO-GUU.ru;
2024-01-05;CELEBNYJ-KLUCH-ESSENTUKI-KNZ.ru;
2024-01-05;CENTEROJOURNAL.ru;
2024-01-05;CENTR-BAMBOLLETTI.ru;
2024-01-05;CFRV.ru;
2024-01-05;CH23.ru;
2024-01-05;CHAINNFT.ru;
2024-01-05;CHARLIE144.ru;
2024-01-05;CHASIKINO.ru;
2024-01-05;CHEB-INTIM21.ru;
2024-01-05;CHECHNYA-INVEST.ru;
2024-01-05;CHEKUSLUGI1.ru;
2024-01-05;CHENTSOVFEDOR.ru;
2024-01-05;CHEPRASOV-7.ru;
2024-01-05;CHERISSE.ru;
2024-01-05;CHERNOBELAYLOVES.ru;
2024-01-05;CHERNOE-BELOE.ru;
2024-01-05;CHERODCHENKO.ru;
2024-01-05;CHESHISUDA.ru;
2024-01-05;CHESTNO-HOLODRF.ru;
2024-01-05;CHETYRE-LAPY-I-HVOST.ru;
2024-01-05;CHEZAMEM.ru;
2024-01-05;CHILDKARLUGAS.ru;
2024-01-05;CHILDWAY.ru;
2024-01-05;CHINA-56MILE.ru;
2024-01-05;CHINASTROP.ru;
2024-01-05;CHINESPARTS.ru;
2024-01-05;CHIP-TYUNING-CHELYABINSK.ru;
2024-01-05;CHIP-TYUNING-KAZAN.ru;
2024-01-05;CHIP-TYUNING-UFA.ru;
2024-01-05;CHIP-TYUNING-VOLGOGRAD.ru;
2024-01-05;CHIP-TYUNING-VORONEZH.ru;
2024-01-05;CHISTIISTOKI.ru;
2024-01-05;CHITANIA24.ru;
2024-01-05;CHOOSE-TRAVEL.ru;
2024-01-05;CHRYSOGRAPHER.ru;
2024-01-05;CHUMAKTATUANA.ru;
2024-01-05;CHYDOGRIB.ru;
2024-01-05;CIRQ-VERNADTSKOGO.ru;
2024-01-05;CIRQUS-VERNADTSKII.ru;
2024-01-05;CISTOTA.ru;
2024-01-05;CITROEN-TAN-AUTO.ru;
2024-01-05;CLARKSOUTLET.ru;
2024-01-05;CLASDIFOJWOEIDJ.ru;
2024-01-05;CLASSICSERVER.ru;
2024-01-05;CLDOIFJWEOIJAWE.ru;
2024-01-05;CLEANENGINE64.ru;
2024-01-05;CLI-K.ru;
2024-01-05;CLICKER-BASE-API.ru;
2024-01-05;CLICKSITEFAST.ru;
2024-01-05;CLIENTSCAN.ru;
2024-01-05;CLON-AI.ru;
2024-01-05;CLONAI.ru;
2024-01-05;CLOTHING7.ru;
2024-01-05;CLSDFEIOWJOAJIDW.ru;
2024-01-05;CLSDKJFWEDOAIJSDLQW.ru;
2024-01-05;CLUB-DOBRA.ru;
2024-01-05;CLWKDJOISJAKLDJVKJDF.ru;
2024-01-05;CNEXTTEAM.ru;
2024-01-05;CNOVA1234.ru;
2024-01-05;COBRA-GRIEF.ru;
2024-01-05;COBRAGRIEF.ru;
2024-01-05;COCKBRAIN.ru;
2024-01-05;COMPLEX-OCENKA.ru;
2024-01-05;COMPUYMSHINKIREM-24.ru;
2024-01-05;CON-BRIO.ru;
2024-01-05;CONECTGAZ.ru;
2024-01-05;CONFIDENCETOBE.ru;
2024-01-05;CONNCTGAS.ru;
2024-01-05;CONNECGAS.ru;
2024-01-05;CONNETGAS.ru;
2024-01-05;CONVENANTCODE.ru;
2024-01-05;COOKIES-PAGE.ru;
2024-01-05;COPOLLINA.ru;
2024-01-05;CORPBOOKS.ru;
2024-01-05;COSMETIKA-ORI.ru;
2024-01-05;COURIER-FASTY.ru;
2024-01-05;CP-LACOSTE-HOST.ru;
2024-01-05;CRAFT-DEVELOPMENT.ru;
2024-01-05;CRAFT-INVEST.ru;
2024-01-05;CRAFT-LAND.ru;
2024-01-05;CRAFT-VILLAGE.ru;
2024-01-05;CRAFTBEER-TRADE.ru;
2024-01-05;CRAFTDEVELOP.ru;
2024-01-05;CRAFTGLAMP.ru;
2024-01-05;CRAFTGLAMPING.ru;
2024-01-05;CRAFTOFF.ru;
2024-01-05;CRAFTORIENTA.ru;
2024-01-05;CRAFTVILLAGE.ru;
2024-01-05;CRAZYTIME-OFFICIAL.ru;
2024-01-05;CREATIV-MSK.ru;
2024-01-05;CREDIT-POLAR.ru;
2024-01-05;CREDITMASTER24.ru;
2024-01-05;CRIMINALLAWYER-PRO.ru;
2024-01-05;CRMP-SUPREME.ru;
2024-01-05;CRONSERVICE.ru;
2024-01-05;CROSSOVER-MARKET.ru;
2024-01-05;CRUPTOPRO.ru;
2024-01-05;CRYPROPRO.ru;
2024-01-05;CRYPTOPOTOK.ru;
2024-01-05;CS-NOACTIVE.ru;
2024-01-05;CTBINS.ru;
2024-01-05;CTOC2018.ru;
2024-01-05;CTSDN.ru;
2024-01-05;CULIMOVA.ru;
2024-01-05;CUMER.ru;
2024-01-05;CVETKOVVILLE.ru;
2024-01-05;CZ-INVEST.ru;
2024-01-05;D-O-S-K-A.ru;
2024-01-05;D1MM90.ru;
2024-01-05;DA32.ru;
2024-01-05;DAG-CARPETS.ru;
2024-01-05;DAMARYA.ru;
2024-01-05;DANCEDYNAMO.ru;
2024-01-05;DANIEL16.ru;
2024-01-05;DANIL-LGOTIN.ru;
2024-01-05;DANIL-POPOV.ru;
2024-01-05;DANIL111.ru;
2024-01-05;DANKOVSKIJ.ru;
2024-01-05;DANTOSHOP.ru;
2024-01-05;DANYAOVCH1NNIKOV.ru;
2024-01-05;DARIADANID.ru;
2024-01-05;DARIALAPIK.ru;
2024-01-05;DARIAROST.ru;
2024-01-05;DARIII.ru;
2024-01-05;DARIKF.ru;
2024-01-05;DARK-STORIES.ru;
2024-01-05;DARKCLIENT.ru;
2024-01-05;DARKSIDEPLANET.ru;
2024-01-05;DAROVANIE-CENTR.ru;
2024-01-05;DARPERFUME.ru;
2024-01-05;DATA-1ST.ru;
2024-01-05;DATING1FOR.ru;
2024-01-05;DAULETOV.ru;
2024-01-05;DAVUDM.ru;
2024-01-05;DBEZRUKOV.ru;
2024-01-05;DBOGOSLAVSKAYA.ru;
2024-01-05;DBOVTB.ru;
2024-01-05;DBRIN.ru;
2024-01-05;DBSK13.ru;
2024-01-05;DC-CRIMEA.ru;
2024-01-05;DCCRIMEA.ru;
2024-01-05;DCSIBERIA.ru;
2024-01-05;DD10.ru;
2024-01-05;DDOMS.ru;
2024-01-05;DDOROGANOV.ru;
2024-01-05;DEAD-BEAT.ru;
2024-01-05;DEAD-MINE.ru;
2024-01-05;DEALERAUTO-MSK.ru;
2024-01-05;DEATHTOMORTALS.ru;
2024-01-05;DEEPFARM.ru;
2024-01-05;DEFRIT.ru;
2024-01-05;DEINERIS.ru;
2024-01-05;DEKOBLOK.ru;
2024-01-05;DEKORDVOR.ru;
2024-01-05;DELITEK.ru;
2024-01-05;DELIVERRO.ru;
2024-01-05;DELIVERY-4679.ru;
2024-01-05;DELIVERY-ID92387.ru;
2024-01-05;DELIVERY216.ru;
2024-01-05;DELUX173.ru;
2024-01-05;DELUXE713-BETMAX.ru;
2024-01-05;DEMESHKO16.ru;
2024-01-05;DEMO-INVEST.ru;
2024-01-05;DEMONTAZH-ZDANIJ.ru;
2024-01-05;DEMONTAZHIVMSK.ru;
2024-01-05;DENGIEKB.ru;
2024-01-05;DENGIKAZAN.ru;
2024-01-05;DENGIVOLOGDA.ru;
2024-01-05;DENGIYA.ru;
2024-01-05;DENISHOHLOV.ru;
2024-01-05;DENISPOSPELOV.ru;
2024-01-05;DENISSENKO.ru;
2024-01-05;DENTALSEE.ru;
2024-01-05;DENTINVEST.ru;
2024-01-05;DEPYTATXXX.ru;
2024-01-05;DERYAGINMG.ru;
2024-01-05;DERZAKOV.ru;
2024-01-05;DESIGN-JULIA.ru;
2024-01-05;DESIGN-STEN.ru;
2024-01-05;DESIGNPPT.ru;
2024-01-05;DESTINYSOFT.ru;
2024-01-05;DETALIX24.ru;
2024-01-05;DETALZAVOD.ru;
2024-01-05;DETKAVTOPE.ru;
2024-01-05;DETOCHKA-NSK.ru;
2024-01-05;DETSKIEVESCHI.ru;
2024-01-05;DEVIALET-STORE.ru;
2024-01-05;DEVIALETSTORE.ru;
2024-01-05;DEVICEFORYOU.ru;
2024-01-05;DEVNPLAY.ru;
2024-01-05;DEVORA-PROF.ru;
2024-01-05;DFOLOMKIN.ru;
2024-01-05;DGARKUSHA.ru;
2024-01-05;DHJW.ru;
2024-01-05;DIAMOND-RUSSIA.ru;
2024-01-05;DIETA-ZIMA.ru;
2024-01-05;DIETASV.ru;
2024-01-05;DIGITALBOOSTS.ru;
2024-01-05;DIKTON.ru;
2024-01-05;DILIMARKET.ru;
2024-01-05;DIM2UVD.ru;
2024-01-05;DIMCLICK.ru;
2024-01-05;DIMOKFM.ru;
2024-01-05;DIMONAST.ru;
2024-01-05;DINGIVDOLG.ru;
2024-01-05;DISP09.ru;
2024-01-05;DIVAN-NEWTON.ru;
2024-01-05;DJ02.ru;
2024-01-05;DKENTI.ru;
2024-01-05;DM-ALMON.ru;
2024-01-05;DMITRIIPOLOVODOV.ru;
2024-01-05;DMITRIKIOSE.ru;
2024-01-05;DMITRIY21.ru;
2024-01-05;DMMSNV.ru;
2024-01-05;DMUKH.ru;
2024-01-05;DMXL.ru;
2024-01-05;DNEZHINSKAJA.ru;
2024-01-05;DO-ORGAZMA.ru;
2024-01-05;DO-ROOM.ru;
2024-01-05;DOBRIILAVR.ru;
2024-01-05;DOBROSOVESTNOV.ru;
2024-01-05;DOC-ZDRAV.ru;
2024-01-05;DOG-CLOTHES.ru;
2024-01-05;DOGOVOR-LEGAL.ru;
2024-01-05;DOLGINOV.ru;
2024-01-05;DOLKA24.ru;
2024-01-05;DOLYAM.ru;
2024-01-05;DOM-RU-VDOM.ru;
2024-01-05;DOMCKICK.ru;
2024-01-05;DOMCKLIK.ru;
2024-01-05;DOMCLCK.ru;
2024-01-05;DOMCLICR.ru;
2024-01-05;DOMCLIKC.ru;
2024-01-05;DOMCLUCK.ru;
2024-01-05;DOMLEKGO.ru;
2024-01-05;DOMLICK.ru;
2024-01-05;DOMOFONKLUCH.ru;
2024-01-05;DOMRIADOM.ru;
2024-01-05;DOORGAZMA.ru;
2024-01-05;DOORS-YOSHKAROLA.ru;
2024-01-05;DOPITAEV.ru;
2024-01-05;DOROZHINSKAYADARYA.ru;
2024-01-05;DOSTAVKA-4679.ru;
2024-01-05;DOSTAVKA-HOLDSERVICE.ru;
2024-01-05;DOSTAVKA-ID48273.ru;
2024-01-05;DOSTAVKA-ORDER98485.ru;
2024-01-05;DOSUG-SMR.ru;
2024-01-05;DOSUG-ULAN-UDE.ru;
2024-01-05;DOYAME.ru;
2024-01-05;DPARHOMENKO.ru;
2024-01-05;DRAGONFLYSHOP.ru;
2024-01-05;DREAMCARMALL.ru;
2024-01-05;DREAMCARPARTS.ru;
2024-01-05;DREAMTOYMALL.ru;
2024-01-05;DRUGAUTO.ru;
2024-01-05;DRYERA.ru;
2024-01-05;DRYERATECH.ru;
2024-01-05;DS166.ru;
2024-01-05;DSGN-PRO.ru;
2024-01-05;DSHI-10.ru;
2024-01-05;DTASHEV.ru;
2024-01-05;DUBAMALL4H.ru;
2024-01-05;DUBKOS.ru;
2024-01-05;DUBOVAYA-ROSCHA-KNZ.ru;
2024-01-05;DUCKOFDOOM.ru;
2024-01-05;DUNAYEV.ru;
2024-01-05;DVORCLUB.ru;
2024-01-05;DVPISHCHULIN.ru;
2024-01-05;DYSHI-SO-MNOY.ru;
2024-01-05;DZABUZOV.ru;
2024-01-05;DZBLADE.ru;
2024-01-05;DZHUNIOR.ru;
2024-01-05;DZHURAVLEV86.ru;
2024-01-05;DZI54.ru;
2024-01-05;DZUDO-SAMBO52.ru;
2024-01-05;E-ABAKUMOV.ru;
2024-01-05;E-AVIA-FLY10.ru;
2024-01-05;E-CRM-PLUS.ru;
2024-01-05;E-INGREDIENTS.ru;
2024-01-05;E-KOMFORT76.ru;
2024-01-05;E-SHESTAKOVA.ru;
2024-01-05;EANANCHENKO.ru;
2024-01-05;EARNDEALFIND.ru;
2024-01-05;EASTVALUE.ru;
2024-01-05;EASYCHIPSCONNECTOR.ru;
2024-01-05;ECO-FERNANDO.ru;
2024-01-05;ECOBG.ru;
2024-01-05;ECOGREEN-HOUSE.ru;
2024-01-05;ECOPACKBEL.ru;
2024-01-05;ECOS19.ru;
2024-01-05;ECOSTAFFING.ru;
2024-01-05;EDA-247.ru;
2024-01-05;EDA-ACADEMY.ru;
2024-01-05;EDA-ZIMA.ru;
2024-01-05;EDELMAN-7.ru;
2024-01-05;EDEM-EVENT.ru;
2024-01-05;EDEM-HALL.ru;
2024-01-05;EDEMEVENT.ru;
2024-01-05;EDEMHALL.ru;
2024-01-05;EDEMWEDDING.ru;
2024-01-05;EDOSST.ru;
2024-01-05;EDUBKOVA.ru;
2024-01-05;EDUCATIONEVOLVE.ru;
2024-01-05;EDUCATIONSKILLS.ru;
2024-01-05;EDUINNOVATIONS.ru;
2024-01-05;EDUTECHADVANCE.ru;
2024-01-05;EEGANJAN.ru;
2024-01-05;EFREMOV-MM.ru;
2024-01-05;EGEWAY.ru;
2024-01-05;EHASHIMOV.ru;
2024-01-05;EKB-AI.ru;
2024-01-05;EKOSV.ru;
2024-01-05;EL-SHARMEL.ru;
2024-01-05;ELAN-HOTEL.ru;
2024-01-05;ELAN-LAVKA.ru;
2024-01-05;ELANCE-HOODIA.ru;
2024-01-05;ELEC-PROPUSK.ru;
2024-01-05;ELENA-EFIMOVA.ru;
2024-01-05;ELENA-MOKEEVA.ru;
2024-01-05;ELENAATOMY.ru;
2024-01-05;ELENADOKSHINA.ru;
2024-01-05;ELIMANSKAJA.ru;
2024-01-05;ELIOZOV.ru;
2024-01-05;ELIT-INSTRUMENT.ru;
2024-01-05;ELLIZ-IVANOVA.ru;
2024-01-05;ELSIMO.ru;
2024-01-05;EMAIL-SIGNATURE.ru;
2024-01-05;EMIGRARE-MD.ru;
2024-01-05;EMMA-BALANCE.ru;
2024-01-05;EMPLOYEEX.ru;
2024-01-05;EMUTIGULLIN.ru;
2024-01-05;ENGINEER-ROST.ru;
2024-01-05;ENGLISH-TOOLS.ru;
2024-01-05;ENOTIKE.ru;
2024-01-05;ENTROPYWORLD.ru;
2024-01-05;EOBUKHOVA.ru;
2024-01-05;EPOPKOV.ru;
2024-01-05;EROS72.ru;
2024-01-05;ES-CIUR.ru;
2024-01-05;ESCIUR.ru;
2024-01-05;ESENKO.ru;
2024-01-05;ESN-CD.ru;
2024-01-05;ESSELEZNEV.ru;
2024-01-05;ESSENCE-CLASSIC.ru;
2024-01-05;ESTHETIC-INTERIOR.ru;
2024-01-05;ETADIETA.ru;
2024-01-05;ETOLEGKO-PRO.ru;
2024-01-05;EUROBION-KRASNODAR.ru;
2024-01-05;EUROBION-ROSTOV.ru;
2024-01-05;EUROBION-SEPTIK.ru;
2024-01-05;EV-KISELEV.ru;
2024-01-05;EVA-DOMCLICK.ru;
2024-01-05;EVA-WEBSTUDIO.ru;
2024-01-05;EVADOMCLICK.ru;
2024-01-05;EVAKUATORDON161.ru;
2024-01-05;EVDOKIMOV-FAMILY.ru;
2024-01-05;EVENTREZ.ru;
2024-01-05;EVGENIA-BACHINSKAYA.ru;
2024-01-05;EVGENIAPROCONTENT.ru;
2024-01-05;EVGENIJ-KLIMOV.ru;
2024-01-05;EVGENIYLEONOV.ru;
2024-01-05;EVHUNT.ru;
2024-01-05;EXAMINE-PAGE.ru;
2024-01-05;EXELLENTYWORLD.ru;
2024-01-05;EXPENSIVIA.ru;
2024-01-05;EXPERIENCE-PAGE.ru;
2024-01-05;EXPERT-56MILE.ru;
2024-01-05;EXPERTLLC.ru;
2024-01-05;EXPERTOSS.ru;
2024-01-05;EXPRESS-POZDRAVLYASHKI.ru;
2024-01-05;EXTRA-ART.ru;
2024-01-05;EXTRASOFTSKILLS.ru;
2024-01-05;EXTREZA-DESIGN.ru;
2024-01-05;EYELABOPTIC.ru;
2024-01-05;EZ-LEAGUE.ru;
2024-01-05;EZHUKOVA-NEMKOVA.ru;
2024-01-05;FAB-POP.ru;
2024-01-05;FABLERA.ru;
2024-01-05;FABRIKA-KARINA.ru;
2024-01-05;FABRIKA-S.ru;
2024-01-05;FACEIT-JOINS.ru;
2024-01-05;FACEIT-NET.ru;
2024-01-05;FACEIT-NEW.ru;
2024-01-05;FACEIT-RU-COM.ru;
2024-01-05;FACTORYOUTLET2024.ru;
2024-01-05;FAKOW.ru;
2024-01-05;FALLOWSERVERS.ru;
2024-01-05;FAN4.ru;
2024-01-05;FANANDSUN.ru;
2024-01-05;FANSANTRAVEL.ru;
2024-01-05;FANSPACE.ru;
2024-01-05;FAST-MONEY2024.ru;
2024-01-05;FAVOR-EKB.ru;
2024-01-05;FAVORIT-TRUCKS.ru;
2024-01-05;FAZASPB.ru;
2024-01-05;FCS-AGENCY.ru;
2024-01-05;FDSGMK.ru;
2024-01-05;FELIXEDD.ru;
2024-01-05;FEPROLDO.ru;
2024-01-05;FERNANDO-RP.ru;
2024-01-05;FF2B.ru;
2024-01-05;FILIPPOVAU7.ru;
2024-01-05;FILM-ZIMA.ru;
2024-01-05;FIRDANO.ru;
2024-01-05;FIRE-EX.ru;
2024-01-05;FIRE-FOX-SALON.ru;
2024-01-05;FIRMS-CARD.ru;
2024-01-05;FISHCRAB-MSK.ru;
2024-01-05;FITCEH.ru;
2024-01-05;FITNES95.ru;
2024-01-05;FITNESSLISA.ru;
2024-01-05;FIVEHOST.ru;
2024-01-05;FIXDREAM.ru;
2024-01-05;FJBT.ru;
2024-01-05;FLASHVPN-SUPPORT.ru;
2024-01-05;FLERNI.ru;
2024-01-05;FLIBUSTATG.ru;
2024-01-05;FLIP-COIN.ru;
2024-01-05;FLORA64.ru;
2024-01-05;FLORBURG.ru;
2024-01-05;FLOVVERS13.ru;
2024-01-05;FLOWERINGOFFICE.ru;
2024-01-05;FLOWERS4ME.ru;
2024-01-05;FLWEBMASTER.ru;
2024-01-05;FMSOCCER24.ru;
2024-01-05;FOKINFISHING.ru;
2024-01-05;FOMCHENKONV.ru;
2024-01-05;FOOD-DRYER.ru;
2024-01-05;FOOD-ZIMA.ru;
2024-01-05;FOOLPN.ru;
2024-01-05;FOR-CHINA.ru;
2024-01-05;FORBO-BONDING.ru;
2024-01-05;FORCE-USER.ru;
2024-01-05;FORCEBRAND.ru;
2024-01-05;FORCHINA.ru;
2024-01-05;FORDSTILE.ru;
2024-01-05;FORELIAN.ru;
2024-01-05;FOREVERPRO.ru;
2024-01-05;FORLIONS.ru;
2024-01-05;FORMA-BARSELONA-MSK.ru;
2024-01-05;FORMA-LIVERPOOL-MSK.ru;
2024-01-05;FORMA-PSG-MSK.ru;
2024-01-05;FORMALESA.ru;
2024-01-05;FORMANI-DESIGN.ru;
2024-01-05;FORMATLEBEDKO.ru;
2024-01-05;FORMULA-GAZA.ru;
2024-01-05;FORRENT77.ru;
2024-01-05;FORT-BUY.ru;
2024-01-05;FORTGAMER.ru;
2024-01-05;FORTUNE-UZ.ru;
2024-01-05;FORTUNEUZ.ru;
2024-01-05;FORUM-GET-WILD.ru;
2024-01-05;FORUM-WARMINE.ru;
2024-01-05;FORWARDTOTECH.ru;
2024-01-05;FOSEN.ru;
2024-01-05;FOTO-GOLYKH.ru;
2024-01-05;FOTOKATERINKA.ru;
2024-01-05;FOX-PY.ru;
2024-01-05;FRANSHIZA-MIOMASSAGE.ru;
2024-01-05;FRANSHIZA-SALON.ru;
2024-01-05;FREDICHKA12.ru;
2024-01-05;FREE-FILES.ru;
2024-01-05;FREEDOM-CHOICE.ru;
2024-01-05;FREEDOM-HELP.ru;
2024-01-05;FREEDOMDNS.ru;
2024-01-05;FREESTYLEMEBEL.ru;
2024-01-05;FREETAL.ru;
2024-01-05;FRUTFRANCH.ru;
2024-01-05;FSS-CASINO.ru;
2024-01-05;FUDZI-KALUGA.ru;
2024-01-05;FUGICARSHOP1.ru;
2024-01-05;FUKOVSKIY.ru;
2024-01-05;FUL-FLEX.ru;
2024-01-05;FULFLEX.ru;
2024-01-05;FULL-STACK-YOGA.ru;
2024-01-05;FUNDAYGLAM.ru;
2024-01-05;FUNGEAR.ru;
2024-01-05;FUNTIK77.ru;
2024-01-05;FURNI-GLADE.ru;
2024-01-05;FURUMPAYS.ru;
2024-01-05;FUTUREOFLEARNING.ru;
2024-01-05;FVIASEILS.ru;
2024-01-05;G-REX.ru;
2024-01-05;G2SKINS.ru;
2024-01-05;GAGSTER.ru;
2024-01-05;GAMBIT-KOTSHAN.ru;
2024-01-05;GAMESSELL.ru;
2024-01-05;GAMINGPLAY.ru;
2024-01-05;GAMMA-AR.ru;
2024-01-05;GANGGANG.ru;
2024-01-05;GANICHEV-1.ru;
2024-01-05;GARAGE-TORG.ru;
2024-01-05;GARANIN-7.ru;
2024-01-05;GARANTPROFF.ru;
2024-01-05;GAS-HERO.ru;
2024-01-05;GASHERO.ru;
2024-01-05;GASPROMSERVICE.ru;
2024-01-05;GASZAP.ru;
2024-01-05;GATPROJECT.ru;
2024-01-05;GAVDEEV.ru;
2024-01-05;GBABAYEVA.ru;
2024-01-05;GDFKOOD.ru;
2024-01-05;GDWAR.ru;
2024-01-05;GE-FORCE-EXPERIENCE.ru;
2024-01-05;GEELY-ICON.ru;
2024-01-05;GEFORCE-GTX1060.ru;
2024-01-05;GELEN-FORUM.ru;
2024-01-05;GEMCENTERCRM.ru;
2024-01-05;GEN-TV.ru;
2024-01-05;GENERIK51.ru;
2024-01-05;GENESIS-AGAT-EKB.ru;
2024-01-05;GENEZING.ru;
2024-01-05;GENICORE.ru;
2024-01-05;GENIIMESTA.ru;
2024-01-05;GENNADIYA-KARPUSHKINA.ru;
2024-01-05;GENSHINSPIN.ru;
2024-01-05;GEOPORTFOLIO.ru;
2024-01-05;GEORE.ru;
2024-01-05;GEORGIVANOV98.ru;
2024-01-05;GERSHTEJN.ru;
2024-01-05;GESKLINIK.ru;
2024-01-05;GET-X-CRASH-GAME.ru;
2024-01-05;GET-X-CRASH-GAMES.ru;
2024-01-05;GETTEXSPEC.ru;
2024-01-05;GETX-CRASH-GAME.ru;
2024-01-05;GEVETEX.ru;
2024-01-05;GFURSOV.ru;
2024-01-05;GG-LUXURY-EDITION.ru;
2024-01-05;GGBOSS.ru;
2024-01-05;GGOZ.ru;
2024-01-05;GHODOSOK.ru;
2024-01-05;GIDROREZ36.ru;
2024-01-05;GIEDA.ru;
2024-01-05;GISCATALOG.ru;
2024-01-05;GISMAKER.ru;
2024-01-05;GIVERBRANING.ru;
2024-01-05;GIZLAY.ru;
2024-01-05;GL-DOORS.ru;
2024-01-05;GLADIATOR-PRO.ru;
2024-01-05;GLAZBOGAZERKALO.ru;
2024-01-05;GLAZBOGOV.ru;
2024-01-05;GLPOST.ru;
2024-01-05;GLTRIP.ru;
2024-01-05;GMAIL-NEW.ru;
2024-01-05;GNESIN-MASTERS.ru;
2024-01-05;GNESINMASTERS.ru;
2024-01-05;GNOSIS-SCHOOL.ru;
2024-01-05;GO-10.ru;
2024-01-05;GO-11.ru;
2024-01-05;GO-12.ru;
2024-01-05;GO-13.ru;
2024-01-05;GO-14.ru;
2024-01-05;GO-15.ru;
2024-01-05;GO-16.ru;
2024-01-05;GO-17.ru;
2024-01-05;GO-18.ru;
2024-01-05;GO-FUN.ru;
2024-01-05;GOA-TAXI.ru;
2024-01-05;GOALIEMONKEY.ru;
2024-01-05;GOEXTREMEFEST.ru;
2024-01-05;GOLD-SOO.ru;
2024-01-05;GOLDEN-FISH-TANKRU.ru;
2024-01-05;GOLDFERM.ru;
2024-01-05;GOLOS2024-ADELINA.ru;
2024-01-05;GOLOSARUS.ru;
2024-01-05;GONCHARSW.ru;
2024-01-05;GONZOKAZINO.ru;
2024-01-05;GOODBLOCK.ru;
2024-01-05;GOOFOX.ru;
2024-01-05;GOOPRO.ru;
2024-01-05;GOREC777.ru;
2024-01-05;GORODOK-KIDS.ru;
2024-01-05;GORPROFFORUM.ru;
2024-01-05;GOSTWRITER.ru;
2024-01-05;GOXMEBEL.ru;
2024-01-05;GPKUDROVO.ru;
2024-01-05;GPTROUTER.ru;
2024-01-05;GRACIAPART2.ru;
2024-01-05;GRANKIN-PRO.ru;
2024-01-05;GRANKINA-MASTER.ru;
2024-01-05;GRAPHIC-WORKBOOK.ru;
2024-01-05;GREENCOFFEEGT.ru;
2024-01-05;GRIDFLOW.ru;
2024-01-05;GRIDNEVA-TOP.ru;
2024-01-05;GRIESTI.ru;
2024-01-05;GRILL22.ru;
2024-01-05;GROLEG.ru;
2024-01-05;GTEIWH.ru;
2024-01-05;GTS-MOSCOW.ru;
2024-01-05;GTWQGR.ru;
2024-01-05;GUDBLOK.ru;
2024-01-05;GUITARAMPSERVICE.ru;
2024-01-05;GULBANU.ru;
2024-01-05;GUNENEMY.ru;
2024-01-05;GUREEVDB.ru;
2024-01-05;GURIN-7.ru;
2024-01-05;GUTCIN.ru;
2024-01-05;GUVENC.ru;
2024-01-05;H2OC.ru;
2024-01-05;HABAROVSK-INDI.ru;
2024-01-05;HALE-CASSA.ru;
2024-01-05;HAND-HOUSE.ru;
2024-01-05;HANNIBALBARBERSHOP.ru;
2024-01-05;HAPPY-CHILD-CHASTNYJ-DETSKIJ-SAD.ru;
2024-01-05;HARTEN-HOT.ru;
2024-01-05;HAUS-TOFF.ru;
2024-01-05;HAUSTOFF.ru;
2024-01-05;HAYTICKETS.ru;
2024-01-05;HDFSKM.ru;
2024-01-05;HDSGN.ru;
2024-01-05;HELENASOUL.ru;
2024-01-05;HELL-APP.ru;
2024-01-05;HELP-RETRIEVER.ru;
2024-01-05;HELP-WEB.ru;
2024-01-05;HERACKER.ru;
2024-01-05;HERBSITE.ru;
2024-01-05;HI-FI-SOUND.ru;
2024-01-05;HIFILEVEL.ru;
2024-01-05;HIGH-BUSINESS.ru;
2024-01-05;HIGH-END-STORE.ru;
2024-01-05;HIGHCLASSESCORT.ru;
2024-01-05;HIGHCLASSGIRLS.ru;
2024-01-05;HIGHEND-STORE.ru;
2024-01-05;HIGHENDSTORE.ru;
2024-01-05;HILLMAKERMAN.ru;
2024-01-05;HIMALAYASW.ru;
2024-01-05;HISENSE-MARKET.ru;
2024-01-05;HIZAIM.ru;
2024-01-05;HL-AFFILIATE.ru;
2024-01-05;HLIM.ru;
2024-01-05;HLP-32.ru;
2024-01-05;HLP-46.ru;
2024-01-05;HOLD-3331.ru;
2024-01-05;HOLLLOOP22024.ru;
2024-01-05;HOLLLOP22024.ru;
2024-01-05;HOLLOP2024.ru;
2024-01-05;HOLLOPE2.ru;
2024-01-05;HOLLOPP-2.ru;
2024-01-05;HOLLOPP2.ru;
2024-01-05;HOLLOPU-2HD.ru;
2024-01-05;HOLLOPU-HDREZKA.ru;
2024-01-05;HOLLOPU-LORDFILM.ru;
2024-01-05;HOLLOPU2.ru;
2024-01-05;HOLODOCTOR.ru;
2024-01-05;HOLOP2-LORDFILM.ru;
2024-01-05;HOLOP20213.ru;
2024-01-05;HOLOP22.ru;
2024-01-05;HOLOP22013.ru;
2024-01-05;HOLOP2KINO.ru;
2024-01-05;HOME-HOLL.ru;
2024-01-05;HOME-SKETCH.ru;
2024-01-05;HOMEBANK-ADRESA.ru;
2024-01-05;HONDACRF.ru;
2024-01-05;HONRICH.ru;
2024-01-05;HOOLYWOOD.ru;
2024-01-05;HOTEL-KVADRAT.ru;
2024-01-05;HOTEL-SKETCH.ru;
2024-01-05;HOTELKVADRAT.ru;
2024-01-05;HOTELMAGNAT.ru;
2024-01-05;HP-WILD.ru;
2024-01-05;HPLASERJET-P1005.ru;
2024-01-05;HPLAYER.ru;
2024-01-05;HR-NESHUMOVA.ru;
2024-01-05;HSLABARATORY.ru;
2024-01-05;HTKWT.ru;
2024-01-05;HTMKES.ru;
2024-01-05;HTMWKT.ru;
2024-01-05;HTWR.ru;
2024-01-05;HUAWEICOM.ru;
2024-01-05;HUGEFIX.ru;
2024-01-05;HURGHADARUSSIANTOURS.ru;
2024-01-05;HVLP-32.ru;
2024-01-05;HVOYMIR.ru;
2024-01-05;HYDROECOL.ru;
2024-01-05;HYPNOTONE.ru;
2024-01-05;HYROEW.ru;
2024-01-05;IBOJARKINA.ru;
2024-01-05;IBRAHIM-AILE.ru;
2024-01-05;ICASECLUB.ru;
2024-01-05;ICELEO.ru;
2024-01-05;ID-HOTEL.ru;
2024-01-05;ID02865.ru;
2024-01-05;ID04865.ru;
2024-01-05;ID58069.ru;
2024-01-05;ID58070.ru;
2024-01-05;ID5938.ru;
2024-01-05;ID5939.ru;
2024-01-05;ID729426.ru;
2024-01-05;ID934863.ru;
2024-01-05;ID956.ru;
2024-01-05;ID97200.ru;
2024-01-05;ID97400.ru;
2024-01-05;IDAYANGL.ru;
2024-01-05;IDEA-BIZNES.ru;
2024-01-05;IDENBERE.ru;
2024-01-05;IDMSBFINANCE.ru;
2024-01-05;IESTA-GOLD.ru;
2024-01-05;IEV1441EGOR.ru;
2024-01-05;IFIORI.ru;
2024-01-05;IGOATY.ru;
2024-01-05;IGOR-KOLOSOV-INV.ru;
2024-01-05;IGRAITOCHKA.ru;
2024-01-05;IKFURNITURE.ru;
2024-01-05;IKOMAR0FF.ru;
2024-01-05;IKONNIKOV-1.ru;
2024-01-05;IKOTOVICH.ru;
2024-01-05;IKURAGIN.ru;
2024-01-05;ILGAMGABDULLIN.ru;
2024-01-05;ILPEROV.ru;
2024-01-05;ILS3566.ru;
2024-01-05;ILUZYG.ru;
2024-01-05;ILYADOVA.ru;
2024-01-05;IMFITONYASHKA.ru;
2024-01-05;IMHOTEP16.ru;
2024-01-05;IMMO-GAMES.ru;
2024-01-05;IMPERIUMHAIRCLINIC.ru;
2024-01-05;IMPERIUMV.ru;
2024-01-05;IMPERIYA-ALCOGOLYA.ru;
2024-01-05;IMPULSE-STROI.ru;
2024-01-05;IMSHOWTV.ru;
2024-01-05;INASYBULLIN.ru;
2024-01-05;INB0X.ru;
2024-01-05;INDIRA-HTML.ru;
2024-01-05;INDUSTRIALCHEMISTRY.ru;
2024-01-05;INEXRYTP.ru;
2024-01-05;INF0KLASS.ru;
2024-01-05;INFINITY-DRIVE.ru;
2024-01-05;INFOAVIA-FLY10.ru;
2024-01-05;INFOPTION.ru;
2024-01-05;INFOPULSE1C.ru;
2024-01-05;INFORMATIONPUPPYLOVE.ru;
2024-01-05;INGNPUBLISHING.ru;
2024-01-05;INKI64.ru;
2024-01-05;INSIGHT-PROTECT.ru;
2024-01-05;INSIGHTPROTECT.ru;
2024-01-05;INSIGHTQUIZ.ru;
2024-01-05;INSISTEC.ru;
2024-01-05;INTIM-HABAROVSK.ru;
2024-01-05;INVA-RABOTA.ru;
2024-01-05;INVALIDNOST-OFORMIM.ru;
2024-01-05;INVARABOTA.ru;
2024-01-05;INVESTMAFIA.ru;
2024-01-05;INVESTMAXIM.ru;
2024-01-05;INWESTMOSCOW.ru;
2024-01-05;IOENG.ru;
2024-01-05;IOPTA.ru;
2024-01-05;IORGIN.ru;
2024-01-05;IPHONE-4.ru;
2024-01-05;IPLUGARI.ru;
2024-01-05;IPNATTI.ru;
2024-01-05;IPOLIUMYANDEX.ru;
2024-01-05;IPPKNSU.ru;
2024-01-05;IPSHALIMOV.ru;
2024-01-05;IRAKUDRYAVTSEVA.ru;
2024-01-05;IREPLICA.ru;
2024-01-05;IRI14450-7.ru;
2024-01-05;IRINA-ZUEVA.ru;
2024-01-05;IRINAMEZENTSEVA.ru;
2024-01-05;IRINAMOROZOVAPSY.ru;
2024-01-05;IRIS-AUTO.ru;
2024-01-05;IRSAP-ONLINE.ru;
2024-01-05;ISABUN.ru;
2024-01-05;ISMAGILOVA-7.ru;
2024-01-05;ISTORIIOTPOLY.ru;
2024-01-05;ISTRAZHNIKOV.ru;
2024-01-05;ISVIRIN.ru;
2024-01-05;ITBAEV.ru;
2024-01-05;ITERSPLAV21.ru;
2024-01-05;ITRUTNEV.ru;
2024-01-05;ITSVETAEVA.ru;
2024-01-05;IVAFLOWERSTATION.ru;
2024-01-05;IVANOV-ARTHUR.ru;
2024-01-05;IVK78.ru;
2024-01-05;IVORON84.ru;
2024-01-05;IZ-TECH.ru;
2024-01-05;IZAVOV-1.ru;
2024-01-05;IZHEVSK-KLUBNIKA.ru;
2024-01-05;IZICRAFT.ru;
2024-01-05;IZOLOTOVA.ru;
2024-01-05;IZUMTOUR.ru;
2024-01-05;JAALEKSEEVA.ru;
2024-01-05;JABATALOV.ru;
2024-01-05;JAGOAGENCY.ru;
2024-01-05;JAMROMCASINOBOTTTTT.ru;
2024-01-05;JELATO.ru;
2024-01-05;JEMCHIK.ru;
2024-01-05;JEWELRYCREATOR.ru;
2024-01-05;JFAROL.ru;
2024-01-05;JHSFKT.ru;
2024-01-05;JIVOFOOD.ru;
2024-01-05;JIZALIFE.ru;
2024-01-05;JK-MONAKO-SOCHI.ru;
2024-01-05;JKENG.ru;
2024-01-05;JOGOSONLINE.ru;
2024-01-05;JOULA.ru;
2024-01-05;JOURNALIER.ru;
2024-01-05;JOY-JOY-DETSKIJ-SAD.ru;
2024-01-05;JU-INTERIOR.ru;
2024-01-05;JUGARBUZOVA.ru;
2024-01-05;JUICYPUB.ru;
2024-01-05;JUICYPUZZLES.ru;
2024-01-05;JUINTERIOR.ru;
2024-01-05;JULIJA-VOLOBUEVA.ru;
2024-01-05;JULYCAFE.ru;
2024-01-05;JUMPING01.ru;
2024-01-05;JUNASHEVA.ru;
2024-01-05;JUSHAGAEVA.ru;
2024-01-05;JUST1K.ru;
2024-01-05;K-GOROHOVA.ru;
2024-01-05;K-POD86.ru;
2024-01-05;K2LELISEEV.ru;
2024-01-05;KADFBM.ru;
2024-01-05;KAKNAZYVAETSYA.ru;
2024-01-05;KAKTROSTINKA.ru;
2024-01-05;KALEIDOSCOPEOFEVENTS.ru;
2024-01-05;KAMELIA-KUPE.ru;
2024-01-05;KAMERAVIDEONABLYUDENIYA.ru;
2024-01-05;KAMNEREZ79.ru;
2024-01-05;KANAEV117.ru;
2024-01-05;KANERI.ru;
2024-01-05;KAPE-BONUS.ru;
2024-01-05;KAPEL-MED.ru;
2024-01-05;KAPITANPLANETA.ru;
2024-01-05;KARATE61.ru;
2024-01-05;KARKAS-METAL.ru;
2024-01-05;KASHEVICH.ru;
2024-01-05;KASKOPLS.ru;
2024-01-05;KATE24.ru;
2024-01-05;KATERINA-MIKHAYLOVA.ru;
2024-01-05;KATERINA2KA.ru;
2024-01-05;KATERSUDAK.ru;
2024-01-05;KATTKATHERINE.ru;
2024-01-05;KAVKAZMAZ.ru;
2024-01-05;KAZAN-AI.ru;
2024-01-05;KAZAN-HOME.ru;
2024-01-05;KAZINO-1XSLOTS.ru;
2024-01-05;KBUZIN.ru;
2024-01-05;KCHUDNAYA.ru;
2024-01-05;KCHUPOV.ru;
2024-01-05;KDOZMOROV.ru;
2024-01-05;KEBEK-7.ru;
2024-01-05;KEF-REMONT.ru;
2024-01-05;KEHL-RENDER.ru;
2024-01-05;KEM-OV.ru;
2024-01-05;KEMDEP.ru;
2024-01-05;KENIGWOOD.ru;
2024-01-05;KENIK-MOTO.ru;
2024-01-05;KENT-CASINO-AMP14.ru;
2024-01-05;KENT-CASINO-AMP15.ru;
2024-01-05;KENT-CASINO-AMP16.ru;
2024-01-05;KENT-CASINO-AMP17.ru;
2024-01-05;KEROO.ru;
2024-01-05;KETO-FIGHTING.ru;
2024-01-05;KETOMAMA.ru;
2024-01-05;KETTIPIANO.ru;
2024-01-05;KGALICHEVA.ru;
2024-01-05;KGAUK.ru;
2024-01-05;KGIYPXCJFKM.ru;
2024-01-05;KHARCHENKO-RF.ru;
2024-01-05;KHIBINY-TRAVEL-GUIDE.ru;
2024-01-05;KHOVIAKOV.ru;
2024-01-05;KHSMKDF.ru;
2024-01-05;KHUSENIOSIF.ru;
2024-01-05;KHVOOST.ru;
2024-01-05;KIBERTREK-CENTR.ru;
2024-01-05;KINO-HALE.ru;
2024-01-05;KINO123.ru;
2024-01-05;KINODOROGI.ru;
2024-01-05;KINSABIANO.ru;
2024-01-05;KIOSAST.ru;
2024-01-05;KIROV-AI.ru;
2024-01-05;KISS-MED.ru;
2024-01-05;KISSLOVODSK.ru;
2024-01-05;KISTIAKOVSKIY.ru;
2024-01-05;KITCHEN-ART.ru;
2024-01-05;KJWQ.ru;
2024-01-05;KKREUTZZ.ru;
2024-01-05;KL-SFT1.ru;
2024-01-05;KLADANALIFE.ru;
2024-01-05;KLARRGVUR.ru;
2024-01-05;KLETOCHNOE-PITANIE35.ru;
2024-01-05;KLETSENKO.ru;
2024-01-05;KLIK-MIG.ru;
2024-01-05;KLIKMIG.ru;
2024-01-05;KLOCHKOV28.ru;
2024-01-05;KM-UHTA.ru;
2024-01-05;KMOSKALEV.ru;
2024-01-05;KMURASHOVA.ru;
2024-01-05;KNAS32.ru;
2024-01-05;KNCGAMING.ru;
2024-01-05;KNIGA-TERAPEVT.ru;
2024-01-05;KNIGATERAPEVT.ru;
2024-01-05;KNITSEKB.ru;
2024-01-05;KNYAZ-NAUMOV.ru;
2024-01-05;KNYAZHNA-CENTR.ru;
2024-01-05;KOCHTRUCKLINE.ru;
2024-01-05;KOD9.ru;
2024-01-05;KOFEJNIKOF.ru;
2024-01-05;KOFEJNYA-NA-ULITSE-CHAPLYGINA-1-12-STR-1.ru;
2024-01-05;KOLEKSYON.ru;
2024-01-05;KOLESAINFO.ru;
2024-01-05;KOLKOM.ru;
2024-01-05;KOLOMENSKIE-VOROTA.ru;
2024-01-05;KOLYA-MALIBU.ru;
2024-01-05;KOLYUCHIESTARTY.ru;
2024-01-05;KOMPANIYA-PO-DEZINFEKTSII.ru;
2024-01-05;KOMYAL.ru;
2024-01-05;KONDRSHOW.ru;
2024-01-05;KONEKTGAZ.ru;
2024-01-05;KONGRESS-MGN.ru;
2024-01-05;KONKURS42.ru;
2024-01-05;KONNEKTGAZ.ru;
2024-01-05;KONSTANTINOSIPOV.ru;
2024-01-05;KONSTANTSIYA-NOSENKO.ru;
2024-01-05;KONSTROOKT.ru;
2024-01-05;KORLAYAS.ru;
2024-01-05;KOS2DEV.ru;
2024-01-05;KOSHATRAVEL.ru;
2024-01-05;KOST13.ru;
2024-01-05;KOSTER-NK.ru;
2024-01-05;KOSTRECHUK.ru;
2024-01-05;KOTOFEICH53.ru;
2024-01-05;KOTYA-SHOP.ru;
2024-01-05;KOVKA-V-STREZHEVOM.ru;
2024-01-05;KOVKAGEFEST.ru;
2024-01-05;KOVROCHIST21.ru;
2024-01-05;KOZLOVANTON.ru;
2024-01-05;KP-BEREG-PESOCHNOY.ru;
2024-01-05;KPELEVIN.ru;
2024-01-05;KPISCAN.ru;
2024-01-05;KRASDOO.ru;
2024-01-05;KRASIVOPASSPORT.ru;
2024-01-05;KRASIVOYBUD.ru;
2024-01-05;KRASNOVAYANDEX.ru;
2024-01-05;KRASNOYARSKGID24.ru;
2024-01-05;KRASVILD.ru;
2024-01-05;KRAVCHENCAVE.ru;
2024-01-05;KREATIVE-FN.ru;
2024-01-05;KRED-CONSULTANT.ru;
2024-01-05;KRESTLO.ru;
2024-01-05;KREYKEN.ru;
2024-01-05;KRIMBOOKING.ru;
2024-01-05;KRISTINA-I-VLADIMIR.ru;
2024-01-05;KRIWNEFF.ru;
2024-01-05;KRONCINS.ru;
2024-01-05;KRONOVA.ru;
2024-01-05;KROTOVAM.ru;
2024-01-05;KRSN-CD1.ru;
2024-01-05;KRSN-CD2.ru;
2024-01-05;KRUGLYE-96.ru;
2024-01-05;KRUSSKAIA.ru;
2024-01-05;KRUTI-PEDALS.ru;
2024-01-05;KRUTOVERT.ru;
2024-01-05;KRYPTO-ZIMA.ru;
2024-01-05;KSDANILOV.ru;
2024-01-05;KSDGJVS.ru;
2024-01-05;KSL-CD.ru;
2024-01-05;KSNKOSU.ru;
2024-01-05;KSXENON.ru;
2024-01-05;KTV54.ru;
2024-01-05;KUBALATIN.ru;
2024-01-05;KUCHEN-STERN.ru;
2024-01-05;KUCHENSTERN.ru;
2024-01-05;KUHNIVTUMENI.ru;
2024-01-05;KUKSAPAVEL.ru;
2024-01-05;KUMYSFEST.ru;
2024-01-05;KUPACHA.ru;
2024-01-05;KUPIINOSI.ru;
2024-01-05;KUPIIZHIVI.ru;
2024-01-05;KUPIT-MASLO.ru;
2024-01-05;KUPITCHECK.ru;
2024-01-05;KURIE7242.ru;
2024-01-05;KURIE7243.ru;
2024-01-05;KURIER7381.ru;
2024-01-05;KUROCHKIN-1.ru;
2024-01-05;KURORT-MANZHEROK.ru;
2024-01-05;KURORTOLYMP.ru;
2024-01-05;KURSY-UI-UX-DIZAYNA.ru;
2024-01-05;KUZ35650.ru;
2024-01-05;KUZMUKAL.ru;
2024-01-05;KVADRAT-HOTEL.ru;
2024-01-05;KVADRATHOTEL.ru;
2024-01-05;KVADWOOD-VETROV.ru;
2024-01-05;KVARTIRACRIMEA.ru;
2024-01-05;KVIL53.ru;
2024-01-05;KVILDNS.ru;
2024-01-05;KYEJHF.ru;
2024-01-05;L1RATCH.ru;
2024-01-05;LAB-FB.ru;
2024-01-05;LABCHEMIC.ru;
2024-01-05;LABESTETIC.ru;
2024-01-05;LABESTETICA.ru;
2024-01-05;LABRADORIKI.ru;
2024-01-05;LADA-56MILE.ru;
2024-01-05;LADY-NICE.ru;
2024-01-05;LADY-RAY.ru;
2024-01-05;LADYTER.ru;
2024-01-05;LAKIZA-1.ru;
2024-01-05;LAMPA-LAMPASTORE.ru;
2024-01-05;LANDCREATORS.ru;
2024-01-05;LANDOFDESIGN.ru;
2024-01-05;LANNERAERO.ru;
2024-01-05;LARYNGORRHAGIA.ru;
2024-01-05;LASKUTOVA-1.ru;
2024-01-05;LATINA-TOP.ru;
2024-01-05;LAUTEN.ru;
2024-01-05;LAVRENOVA-1.ru;
2024-01-05;LAWER-AUTO.ru;
2024-01-05;LAWERAUTO.ru;
2024-01-05;LBERNATSKII.ru;
2024-01-05;LBUGAEVA.ru;
2024-01-05;LCHKV.ru;
2024-01-05;LCRM24.ru;
2024-01-05;LD-PAY25263.ru;
2024-01-05;LD-PAY42363.ru;
2024-01-05;LD-PAY44742.ru;
2024-01-05;LD-PAY44743.ru;
2024-01-05;LD-PAY45231.ru;
2024-01-05;LD-PAY77234.ru;
2024-01-05;LD-PAY90845.ru;
2024-01-05;LD-PAY94016.ru;
2024-01-05;LD-PAY94742.ru;
2024-01-05;LD-PAY97614.ru;
2024-01-05;LD-PAY97834.ru;
2024-01-05;LD-PAY97984.ru;
2024-01-05;LEADERSHIP2009.ru;
2024-01-05;LEARNINGSMART.ru;
2024-01-05;LEBEDEV-GROUP.ru;
2024-01-05;LECHENIE-POTENCYA.ru;
2024-01-05;LEDSOVET.ru;
2024-01-05;LEOMAX-MATRAS.ru;
2024-01-05;LEON-LEONBETS.ru;
2024-01-05;LEON-ZERKALO-AKTUALNOE.ru;
2024-01-05;LEON-ZERKALO-E.ru;
2024-01-05;LEON-ZERKALO-Q.ru;
2024-01-05;LEON-ZERKALO-R.ru;
2024-01-05;LEON-ZERKALO-RABOCHEE.ru;
2024-01-05;LEON-ZERKALO-T.ru;
2024-01-05;LEON-ZERKALO-W.ru;
2024-01-05;LEON-ZERKALO33.ru;
2024-01-05;LEON-ZERKALO34.ru;
2024-01-05;LEON-ZERKALO35.ru;
2024-01-05;LEON-ZERKALO36.ru;
2024-01-05;LEON-ZERKALO37.ru;
2024-01-05;LEONIDBABKIN.ru;
2024-01-05;LEOSFURNITURE.ru;
2024-01-05;LEOZOV.ru;
2024-01-05;LEPISHIN.ru;
2024-01-05;LERA2024.ru;
2024-01-05;LERNEA.ru;
2024-01-05;LETS-LOVE.ru;
2024-01-05;LEXRAM.ru;
2024-01-05;LIBERCIVIS.ru;
2024-01-05;LIBRARI-PLUSE.ru;
2024-01-05;LICEY42.ru;
2024-01-05;LIDERSKILLS.ru;
2024-01-05;LIDIAZHUKOVA.ru;
2024-01-05;LIDIYATKACHEVA.ru;
2024-01-05;LIFESTYLE-AUDIO.ru;
2024-01-05;LIFESTYLE-SOUND.ru;
2024-01-05;LIFESTYLEAUDIO.ru;
2024-01-05;LIFESTYLESOUND.ru;
2024-01-05;LIFETEC-SAFETY.ru;
2024-01-05;LIFETECSAFETY.ru;
2024-01-05;LIGHTBORN.ru;
2024-01-05;LIMEROOM.ru;
2024-01-05;LINARIA-DESIGN.ru;
2024-01-05;LINE-CAR.ru;
2024-01-05;LINEACALI-DESIGN.ru;
2024-01-05;LISMETRIYA.ru;
2024-01-05;LITE-VPN.ru;
2024-01-05;LITSOITELO.ru;
2024-01-05;LIYANEMCHIKOVA.ru;
2024-01-05;LIZVICIOUS.ru;
2024-01-05;LJUDMILAMAKAROVA.ru;
2024-01-05;LK-STUDIO-BEAUTY.ru;
2024-01-05;LLISITSYNA.ru;
2024-01-05;LLYMAR.ru;
2024-01-05;LMS-CYBERED.ru;
2024-01-05;LOAN-GWEG.ru;
2024-01-05;LOAN-QT.ru;
2024-01-05;LOARDPAY.ru;
2024-01-05;LOBACHEVSKY-SV.ru;
2024-01-05;LOBNYA-POSUTOCHNO.ru;
2024-01-05;LODKINO.ru;
2024-01-05;LOGOVOCHUPACABRI.ru;
2024-01-05;LOGWARAG.ru;
2024-01-05;LOHMATOVA.ru;
2024-01-05;LOKOMOTIONZELFIT.ru;
2024-01-05;LORD3-LORDSERIK.ru;
2024-01-05;LORDFILM1.ru;
2024-01-05;LORDFILM333.ru;
2024-01-05;LORELINE.ru;
2024-01-05;LOSTHELP.ru;
2024-01-05;LOSTWORLPVP.ru;
2024-01-05;LOTORU781.ru;
2024-01-05;LOVI-KROSSOVKI.ru;
2024-01-05;LT78.ru;
2024-01-05;LUBOEDELO.ru;
2024-01-05;LUCIFER666.ru;
2024-01-05;LUGAVTO.ru;
2024-01-05;LUKYANOW.ru;
2024-01-05;LUTHER40.ru;
2024-01-05;LUXIBIZ.ru;
2024-01-05;LYN-X.ru;
2024-01-05;LYSENIE.ru;
2024-01-05;LYSENKO3.ru;
2024-01-05;LYUBOV-58.ru;
2024-01-05;M-GELIOS.ru;
2024-01-05;M-ROSTOV.ru;
2024-01-05;M-VOICE.ru;
2024-01-05;M313086I.ru;
2024-01-05;MA62.ru;
2024-01-05;MAAYA.ru;
2024-01-05;MACBUG.ru;
2024-01-05;MADBANNER.ru;
2024-01-05;MADSOUL.ru;
2024-01-05;MAGAZINSAYTOV.ru;
2024-01-05;MAGEVALLEY.ru;
2024-01-05;MAGICOFRUNES.ru;
2024-01-05;MAGITRAFFIC.ru;
2024-01-05;MAGLO99.ru;
2024-01-05;MAHATRUCKLINE.ru;
2024-01-05;MAILFIXREPAIR.ru;
2024-01-05;MAJESTIC654.ru;
2024-01-05;MAJESTICGIRLS.ru;
2024-01-05;MAKAROV-IRK.ru;
2024-01-05;MAKET2024.ru;
2024-01-05;MAKSSUN.ru;
2024-01-05;MALABEL.ru;
2024-01-05;MALINAFM.ru;
2024-01-05;MALINKINAAV.ru;
2024-01-05;MAMURKOVA.ru;
2024-01-05;MAMYIDETI.ru;
2024-01-05;MANDALAM.ru;
2024-01-05;MANGART.ru;
2024-01-05;MANI-DORO.ru;
2024-01-05;MANZHEROC.ru;
2024-01-05;MANZHEROK04.ru;
2024-01-05;MANZHEROK1.ru;
2024-01-05;MANZHEROK4.ru;
2024-01-05;MARATHONBETBETMAX.ru;
2024-01-05;MARGARITA-IVANOVA.ru;
2024-01-05;MARINAKOPYLOVA.ru;
2024-01-05;MARINELLI-MTA.ru;
2024-01-05;MARINKOV.ru;
2024-01-05;MARKET-AS-BAD.ru;
2024-01-05;MARKET-AS-LIGHT.ru;
2024-01-05;MARKET-AS-MOST.ru;
2024-01-05;MARKET-CLOSE-BAD.ru;
2024-01-05;MARKET-CLOSE-GOOD.ru;
2024-01-05;MARKET-CLOSE-LIGHT.ru;
2024-01-05;MARKET-CLOSE-MOST.ru;
2024-01-05;MARKET-FOR-BAD.ru;
2024-01-05;MARKET-FOR-LIGHT.ru;
2024-01-05;MARKET-FOR-MOST.ru;
2024-01-05;MARKET-HOW-BAD.ru;
2024-01-05;MARKET-HOW-GOOD.ru;
2024-01-05;MARKET-HOW-LIGHT.ru;
2024-01-05;MARKET-HOW-MOST.ru;
2024-01-05;MARKETASH.ru;
2024-01-05;MARKETESH.ru;
2024-01-05;MARKETSHOP-PLEIS.ru;
2024-01-05;MARLIEE5.ru;
2024-01-05;MARMAZA.ru;
2024-01-05;MARSRF.ru;
2024-01-05;MARTAFLOR.ru;
2024-01-05;MARTINICRMP.ru;
2024-01-05;MASHINA-SLOTOV.ru;
2024-01-05;MASHUK-PYATIGORSK-KNZ.ru;
2024-01-05;MASKORAGREEN.ru;
2024-01-05;MASSAGEBOLTYAN.ru;
2024-01-05;MASTE-RU.ru;
2024-01-05;MASTER-PENA.ru;
2024-01-05;MASTER-S-78.ru;
2024-01-05;MASTEROLEG.ru;
2024-01-05;MASTERSKAYARVD.ru;
2024-01-05;MASTERSNA96.ru;
2024-01-05;MASTERTKIT.ru;
2024-01-05;MATVEIKRAUZE.ru;
2024-01-05;MATYAKUZNETSOWA.ru;
2024-01-05;MAXIM-KRAYNEV.ru;
2024-01-05;MAXIM-YNDX.ru;
2024-01-05;MAXIMOVKURS.ru;
2024-01-05;MAXIYM-OBRAZOVATELNYJ-TSENTR.ru;
2024-01-05;MAXKRASILOFF.ru;
2024-01-05;MAXVASILIE.ru;
2024-01-05;MAYKOP-BANKRUPTCY.ru;
2024-01-05;MB-PEREVOZKI.ru;
2024-01-05;MB-SALES.ru;
2024-01-05;MBFNBTW.ru;
2024-01-05;MBP-ELECTRONIKA.ru;
2024-01-05;MC-NEOMED.ru;
2024-01-05;MCBAND.ru;
2024-01-05;MCPARADISE.ru;
2024-01-05;MDMAC.ru;
2024-01-05;MDORON.ru;
2024-01-05;MEADORWAR.ru;
2024-01-05;MEB-ARSENAL.ru;
2024-01-05;MEBEL-CEVASTOPOL.ru;
2024-01-05;MEBEL-SEVACTOPOL.ru;
2024-01-05;MEBEL-STATICA.ru;
2024-01-05;MEBELEAM.ru;
2024-01-05;MECLUB-EDA.ru;
2024-01-05;MECLUB-FOOD.ru;
2024-01-05;MECLUBEDA.ru;
2024-01-05;MECLUBFOOD.ru;
2024-01-05;MEDA-ECO.ru;
2024-01-05;MEDIATOR-VICTORIA.ru;
2024-01-05;MEDICINEONLINEE24.ru;
2024-01-05;MEDVIPSHOP.ru;
2024-01-05;MEEROVICH.ru;
2024-01-05;MEGO-MARKET.ru;
2024-01-05;MEKHEK.ru;
2024-01-05;MELITOPOL-USLUGI.ru;
2024-01-05;MELITOPOLUSLUGI.ru;
2024-01-05;MELNOV-1.ru;
2024-01-05;MEMORIALM.ru;
2024-01-05;MEMORY-UROKI.ru;
2024-01-05;MEMZON.ru;
2024-01-05;MENLYPORTAL.ru;
2024-01-05;MERCURYVL.ru;
2024-01-05;MERICANMEDS.ru;
2024-01-05;MERIGONCHAROVA.ru;
2024-01-05;MERKULOVA-THERAPY.ru;
2024-01-05;MERSEDES-BENZMODELS.ru;
2024-01-05;MESOMERISM.ru;
2024-01-05;METEORCLIMAT.ru;
2024-01-05;MFORMELLE.ru;
2024-01-05;MGGSTUDIO.ru;
2024-01-05;MHAILUN.ru;
2024-01-05;MI-SPB-RSERVICE.ru;
2024-01-05;MIG-KLIK.ru;
2024-01-05;MIGKLIK.ru;
2024-01-05;MIKEPEPPER.ru;
2024-01-05;MILLIONSTREET.ru;
2024-01-05;MILTIBONUS.ru;
2024-01-05;MINEPONY.ru;
2024-01-05;MINERALNYE-VODY-KNZ.ru;
2024-01-05;MINIDREVOC.ru;
2024-01-05;MININROMAN.ru;
2024-01-05;MIORDANOVA.ru;
2024-01-05;MIR0N0VA.ru;
2024-01-05;MIRABELKA.ru;
2024-01-05;MIRHARIS.ru;
2024-01-05;MIRKARNAVALA.ru;
2024-01-05;MIRONOVAEN.ru;
2024-01-05;MIRONOVICH2003.ru;
2024-01-05;MIRPRAGI.ru;
2024-01-05;MIRROR-APP.ru;
2024-01-05;MIRZIN.ru;
2024-01-05;MISCHENKOGN.ru;
2024-01-05;MISHKUZZ.ru;
2024-01-05;MISTERBID.ru;
2024-01-05;MISTERMETALL.ru;
2024-01-05;MITCHIEF.ru;
2024-01-05;MIZVEKOVA.ru;
2024-01-05;MKNCH.ru;
2024-01-05;MKPITER.ru;
2024-01-05;MKVAFS.ru;
2024-01-05;MKXCZK.ru;
2024-01-05;MMCRY.ru;
2024-01-05;MMETEO.ru;
2024-01-05;MMX2024.ru;
2024-01-05;MNV-CD.ru;
2024-01-05;MOBILESZONA.ru;
2024-01-05;MOBLEGTES.ru;
2024-01-05;MOIDOMSOMNOY.ru;
2024-01-05;MOIKAVKAZ.ru;
2024-01-05;MOJMAJ.ru;
2024-01-05;MOLODEJNO.ru;
2024-01-05;MOMSLIGHTHOUSE.ru;
2024-01-05;MONADOS.ru;
2024-01-05;MONARCHSCV.ru;
2024-01-05;MONEY-TRIP.ru;
2024-01-05;MONEYURL.ru;
2024-01-05;MONEYUSA.ru;
2024-01-05;MONKEYGRINDER.ru;
2024-01-05;MONTAZH-KROVLI24.ru;
2024-01-05;MONZHEROK.ru;
2024-01-05;MORECLIENT.ru;
2024-01-05;MORECRABOV.ru;
2024-01-05;MOREKOT-CENTR.ru;
2024-01-05;MOSCOW-SEARCH-ZAIM.ru;
2024-01-05;MOSCOWMUSICCONFERENCE.ru;
2024-01-05;MOSENEGO.ru;
2024-01-05;MOSKVATABAK1.ru;
2024-01-05;MOSPHOTOGRAPHER.ru;
2024-01-05;MOSTBET-QC.ru;
2024-01-05;MOSTBET-QD.ru;
2024-01-05;MOSTBET-QF.ru;
2024-01-05;MOSTBET-QG.ru;
2024-01-05;MOSTBET-QH.ru;
2024-01-05;MOSTBET-QJ.ru;
2024-01-05;MOSTBET-QK.ru;
2024-01-05;MOSTBET-QL.ru;
2024-01-05;MOSTBET-QM.ru;
2024-01-05;MOSTBET-QN.ru;
2024-01-05;MOSTBET-QS.ru;
2024-01-05;MOSTBET-QX.ru;
2024-01-05;MOSTBET-QZ.ru;
2024-01-05;MOSTOR7.ru;
2024-01-05;MOVIERECORDS.ru;
2024-01-05;MOY-SVOBODA-OT-DOLGOV-24.ru;
2024-01-05;MOYKOS.ru;
2024-01-05;MOZHAROVSII.ru;
2024-01-05;MP-VRN.ru;
2024-01-05;MP3Y.ru;
2024-01-05;MPBY.ru;
2024-01-05;MQL-SOVETNIK.ru;
2024-01-05;MRB5.ru;
2024-01-05;MRCALMER.ru;
2024-01-05;MSELSETI.ru;
2024-01-05;MSEROUHOV.ru;
2024-01-05;MSGAMMON.ru;
2024-01-05;MSHABRATSKAYA.ru;
2024-01-05;MSHELEPOV.ru;
2024-01-05;MSK-AI.ru;
2024-01-05;MSK-DISKONTS.ru;
2024-01-05;MSKLEASING.ru;
2024-01-05;MSTSHIPPING.ru;
2024-01-05;MT-ALG1.ru;
2024-01-05;MTANKOVA.ru;
2024-01-05;MTERRO.ru;
2024-01-05;MTK199BB.ru;
2024-01-05;MUITIUROK.ru;
2024-01-05;MULIBONUS.ru;
2024-01-05;MULTBONUS.ru;
2024-01-05;MULTIBINUS.ru;
2024-01-05;MULTIBONYS.ru;
2024-01-05;MULTIBOTS.ru;
2024-01-05;MULTIROK.ru;
2024-01-05;MULTIYROK.ru;
2024-01-05;MULTUROK.ru;
2024-01-05;MULTYBONUS.ru;
2024-01-05;MUNZHARO-KUPIT.ru;
2024-01-05;MUPZSS.ru;
2024-01-05;MURATOVICH.ru;
2024-01-05;MURAVEVDEV.ru;
2024-01-05;MURINUS.ru;
2024-01-05;MURSUNIDA.ru;
2024-01-05;MVDSAMARA.ru;
2024-01-05;MY-CHELNY.ru;
2024-01-05;MY-PODELNIK.ru;
2024-01-05;MYBUSTICKETS.ru;
2024-01-05;MYDOMRECEPT.ru;
2024-01-05;MYFREELANCING.ru;
2024-01-05;MYHOMECANDLES.ru;
2024-01-05;MYOBUCHENIE.ru;
2024-01-05;MYONLINEPRO.ru;
2024-01-05;MYPETPROJECTS.ru;
2024-01-05;MYSOMBRA.ru;
2024-01-05;MYSTERIUMASTRUM.ru;
2024-01-05;MYSTORECLUB.ru;
2024-01-05;MYWEEK-NEWS.ru;
2024-01-05;MZHMAKIN.ru;
2024-01-05;MZMCLUB.ru;
2024-01-05;N-KA.ru;
2024-01-05;N-TYULYUBAEVA.ru;
2024-01-05;NABOISCHIKOVA.ru;
2024-01-05;NADEZHDA-ESSENTUKI-KNZ.ru;
2024-01-05;NADEZHDA-UO.ru;
2024-01-05;NADYARA.ru;
2024-01-05;NAGIBINFOND.ru;
2024-01-05;NAGROINVEST.ru;
2024-01-05;NAILCHEF.ru;
2024-01-05;NALIMOFF.ru;
2024-01-05;NANYA-KHV.ru;
2024-01-05;NART-FEST.ru;
2024-01-05;NASHAGVPEREDI.ru;
2024-01-05;NASNAUMOV.ru;
2024-01-05;NASTENA130782.ru;
2024-01-05;NASTIIA-LEV.ru;
2024-01-05;NASTYA-RHYTMFOCUS.ru;
2024-01-05;NATALIA-DRONOVA.ru;
2024-01-05;NATASAYED.ru;
2024-01-05;NAUKA-MIXT.ru;
2024-01-05;NAVISDEVS.ru;
2024-01-05;NDIVENTE.ru;
2024-01-05;NE-BYDY-DOLZEN24.ru;
2024-01-05;NEBROSCO.ru;
2024-01-05;NECHEPURENKO-BEAUTY-SALON.ru;
2024-01-05;NEDLPOAS.ru;
2024-01-05;NEEDPROFI.ru;
2024-01-05;NEFROZZYA.ru;
2024-01-05;NEIROKUZ.ru;
2024-01-05;NEOLINE-SKIDKA.ru;
2024-01-05;NEROSAVE.ru;
2024-01-05;NETASSETS.ru;
2024-01-05;NETKUPONAM.ru;
2024-01-05;NETSKOLOV.ru;
2024-01-05;NETWORKTECHNOLOGI.ru;
2024-01-05;NEUNOAGENT.ru;
2024-01-05;NEURO-TRAINING.ru;
2024-01-05;NEUROGUIDES.ru;
2024-01-05;NEUROPHOTOGRAPHER.ru;
2024-01-05;NEUROSAVE.ru;
2024-01-05;NEVALYASH.ru;
2024-01-05;NEVERIAMC.ru;
2024-01-05;NEW-FITNESS-FIT.ru;
2024-01-05;NEW-TERRITORIES.ru;
2024-01-05;NEW-ZIMA.ru;
2024-01-05;NEWARTPORTAL.ru;
2024-01-05;NEWLYSTORE.ru;
2024-01-05;NEWS-AS-BAD.ru;
2024-01-05;NEWS-AS-LIGHT.ru;
2024-01-05;NEWS-AS-MOST.ru;
2024-01-05;NEWS-CLOSE-BAD.ru;
2024-01-05;NEWS-CLOSE-GOOD.ru;
2024-01-05;NEWS-CLOSE-LIGHT.ru;
2024-01-05;NEWS-CLOSE-MOST.ru;
2024-01-05;NEWS-FOR-BAD.ru;
2024-01-05;NEWS-FOR-LIGHT.ru;
2024-01-05;NEWS-FOR-MOST.ru;
2024-01-05;NEWS-HOW-BAD.ru;
2024-01-05;NEWS-HOW-LIGHT.ru;
2024-01-05;NEWS-HOW-MOST.ru;
2024-01-05;NEWSIGNALS.ru;
2024-01-05;NEWTURKISHSERIAL.ru;
2024-01-05;NEXTLEVELEDU.ru;
2024-01-05;NFERBER.ru;
2024-01-05;NGREBNYOV.ru;
2024-01-05;NHAIR-KHV.ru;
2024-01-05;NICKTVER.ru;
2024-01-05;NICMIC.ru;
2024-01-05;NIK51.ru;
2024-01-05;NIKAKNIGA.ru;
2024-01-05;NIKKA-A.ru;
2024-01-05;NILYA1987.ru;
2024-01-05;NINAMIRONOVA.ru;
2024-01-05;NIZHALSKIY.ru;
2024-01-05;NKD24.ru;
2024-01-05;NN-CDD.ru;
2024-01-05;NOGAB.ru;
2024-01-05;NOGINSK-USZN.ru;
2024-01-05;NONRU.ru;
2024-01-05;NORNAGROUP.ru;
2024-01-05;NOSHENNYE-KOLGOTKI.ru;
2024-01-05;NOVAARENAEVENT.ru;
2024-01-05;NOVELLATUT.ru;
2024-01-05;NOVIECHUDESASVETA.ru;
2024-01-05;NOVIKOV-S.ru;
2024-01-05;NOVIKOVVK.ru;
2024-01-05;NOVMMC24443.ru;
2024-01-05;NOVOAGENCY.ru;
2024-01-05;NOVOKAT.ru;
2024-01-05;NOZPHER.ru;
2024-01-05;NPLEKSKLUZB0NUS.ru;
2024-01-05;NPLZABAWAONL1NE.ru;
2024-01-05;NPOMOGAEVA.ru;
2024-01-05;NPPKRS.ru;
2024-01-05;NRYGALOV.ru;
2024-01-05;NS2REGRU.ru;
2024-01-05;NSIRUS.ru;
2024-01-05;NSKSO.ru;
2024-01-05;NSURF.ru;
2024-01-05;NTC-COOP.ru;
2024-01-05;NTERLEEVA.ru;
2024-01-05;NTVSNK.ru;
2024-01-05;NUDEBRAWL.ru;
2024-01-05;NUMEROPSIHOLOG.ru;
2024-01-05;NUMWAY-1.ru;
2024-01-05;NUMWAY-10.ru;
2024-01-05;NUMWAY-11.ru;
2024-01-05;NUMWAY-12.ru;
2024-01-05;NUMWAY-13.ru;
2024-01-05;NUMWAY-14.ru;
2024-01-05;NUMWAY-15.ru;
2024-01-05;NUMWAY-16.ru;
2024-01-05;NUMWAY-17.ru;
2024-01-05;NUMWAY-18.ru;
2024-01-05;NUMWAY-19.ru;
2024-01-05;NUMWAY-2.ru;
2024-01-05;NUMWAY-20.ru;
2024-01-05;NUMWAY-21.ru;
2024-01-05;NUMWAY-22.ru;
2024-01-05;NUMWAY-23.ru;
2024-01-05;NUMWAY-24.ru;
2024-01-05;NUMWAY-25.ru;
2024-01-05;NUMWAY-26.ru;
2024-01-05;NUMWAY-27.ru;
2024-01-05;NUMWAY-28.ru;
2024-01-05;NUMWAY-29.ru;
2024-01-05;NUMWAY-3.ru;
2024-01-05;NUMWAY-30.ru;
2024-01-05;NUMWAY-31.ru;
2024-01-05;NUMWAY-32.ru;
2024-01-05;NUMWAY-33.ru;
2024-01-05;NUMWAY-34.ru;
2024-01-05;NUMWAY-35.ru;
2024-01-05;NUMWAY-36.ru;
2024-01-05;NUMWAY-37.ru;
2024-01-05;NUMWAY-38.ru;
2024-01-05;NUMWAY-39.ru;
2024-01-05;NUMWAY-4.ru;
2024-01-05;NUMWAY-40.ru;
2024-01-05;NUMWAY-41.ru;
2024-01-05;NUMWAY-42.ru;
2024-01-05;NUMWAY-43.ru;
2024-01-05;NUMWAY-44.ru;
2024-01-05;NUMWAY-45.ru;
2024-01-05;NUMWAY-46.ru;
2024-01-05;NUMWAY-47.ru;
2024-01-05;NUMWAY-48.ru;
2024-01-05;NUMWAY-49.ru;
2024-01-05;NUMWAY-5.ru;
2024-01-05;NUMWAY-50.ru;
2024-01-05;NUMWAY-51.ru;
2024-01-05;NUMWAY-52.ru;
2024-01-05;NUMWAY-53.ru;
2024-01-05;NUMWAY-54.ru;
2024-01-05;NUMWAY-55.ru;
2024-01-05;NUMWAY-56.ru;
2024-01-05;NUMWAY-57.ru;
2024-01-05;NUMWAY-58.ru;
2024-01-05;NUMWAY-59.ru;
2024-01-05;NUMWAY-6.ru;
2024-01-05;NUMWAY-60.ru;
2024-01-05;NUMWAY-7.ru;
2024-01-05;NUMWAY-8.ru;
2024-01-05;NUMWAY-9.ru;
2024-01-05;NURINFO.ru;
2024-01-05;NURIPOTEKA.ru;
2024-01-05;NVAD.ru;
2024-01-05;NVKISLITSYNA.ru;
2024-01-05;NVPSOCHI.ru;
2024-01-05;NVPUG.ru;
2024-01-05;OAVINOVA.ru;
2024-01-05;OBDTOOLS.ru;
2024-01-05;OBOIZHIDKIESHOP.ru;
2024-01-05;OBRTV.ru;
2024-01-05;OBUKHOVAI.ru;
2024-01-05;OCEAN-SALON.ru;
2024-01-05;ODOMETR-SERVICE.ru;
2024-01-05;OEM-SERVER-LARA.ru;
2024-01-05;OETKG.ru;
2024-01-05;OFANTASTIC.ru;
2024-01-05;OFD-ORD1406.ru;
2024-01-05;OFD-ORD2660.ru;
2024-01-05;OFD-ORD3251.ru;
2024-01-05;OFD-ORD3802.ru;
2024-01-05;OFD-ORD5372.ru;
2024-01-05;OFD-ORD5425.ru;
2024-01-05;OFD-ORD5880.ru;
2024-01-05;OFD-ORD6778.ru;
2024-01-05;OFD-ORD9528.ru;
2024-01-05;OFD-ORD9550.ru;
2024-01-05;OFD5289.ru;
2024-01-05;OFD7068.ru;
2024-01-05;OFD9347.ru;
2024-01-05;OFD9680.ru;
2024-01-05;OFFICIAL-THEDOGHOUSE.ru;
2024-01-05;OFFSITE-RIOBET115.ru;
2024-01-05;OFISNAY-MEBEL.ru;
2024-01-05;OFPTIME.ru;
2024-01-05;OGM1-5.ru;
2024-01-05;OHOTA-AND-RIBALKA.ru;
2024-01-05;OILPULLING.ru;
2024-01-05;OK-APARTMENTS.ru;
2024-01-05;OKLEVAKINA.ru;
2024-01-05;OKNOKINO.ru;
2024-01-05;OKOZAKONA.ru;
2024-01-05;OLA-LA-FLOWERSHOP.ru;
2024-01-05;OLAPTEV.ru;
2024-01-05;OLDWORKER.ru;
2024-01-05;OLEGANVIDEOS.ru;
2024-01-05;OLEGDOLMATOV.ru;
2024-01-05;OLESENKA-R-A.ru;
2024-01-05;OLGA-HRUSTALEVA.ru;
2024-01-05;OLGAGUBAREVA.ru;
2024-01-05;OLGAKRYUCHKOVA.ru;
2024-01-05;OLGAPHOTO-CHEPURNAJA.ru;
2024-01-05;OLIAMANTIHORA.ru;
2024-01-05;OLIFEROV.ru;
2024-01-05;OLIMP-RP.ru;
2024-01-05;OLIVAFOOD.ru;
2024-01-05;OLIVAMIRA.ru;
2024-01-05;OLIVKAMIRA.ru;
2024-01-05;OLZHASNURLANOV.ru;
2024-01-05;OMAYENTE.ru;
2024-01-05;OMGPOST.ru;
2024-01-05;OMLOVE.ru;
2024-01-05;OMSK-REYA.ru;
2024-01-05;OMYBED.ru;
2024-01-05;ONLINEBEST2024.ru;
2024-01-05;ONLINEBESTSALE2024.ru;
2024-01-05;ONLINEBORZOVAKIDS.ru;
2024-01-05;ONLINECHEAPSALE2024.ru;
2024-01-05;ONLINEJOGOS.ru;
2024-01-05;ONLINEOUTLETSALE2024.ru;
2024-01-05;ONLINESALESHOPS2024.ru;
2024-01-05;ONLINESUCCESSHUB.ru;
2024-01-05;ONLINEZAIM-MOSCOW.ru;
2024-01-05;ONLINEZAIM-SPB.ru;
2024-01-05;ONLIXAK.ru;
2024-01-05;OOAIMR.ru;
2024-01-05;OOOMKM.ru;
2024-01-05;OOOUKMOIDOM.ru;
2024-01-05;OPEN-HEART-4LOVE.ru;
2024-01-05;OPENINGEO.ru;
2024-01-05;OPLATA-RABOT.ru;
2024-01-05;OPLATA7485.ru;
2024-01-05;OPLATA7486.ru;
2024-01-05;OPLOTOLGA.ru;
2024-01-05;OPRAFOX.ru;
2024-01-05;OPSV01.ru;
2024-01-05;OPTIKA-CRIMEA.ru;
2024-01-05;OPTITOOLS.ru;
2024-01-05;ORANTA-MED.ru;
2024-01-05;ORD21648.ru;
2024-01-05;ORD21687.ru;
2024-01-05;ORD52474.ru;
2024-01-05;ORD64246.ru;
2024-01-05;ORD64286.ru;
2024-01-05;ORDER-4651.ru;
2024-01-05;ORDER-8737.ru;
2024-01-05;ORDER0418.ru;
2024-01-05;ORDER0521.ru;
2024-01-05;ORDER0716.ru;
2024-01-05;ORDER0918.ru;
2024-01-05;ORDER2073.ru;
2024-01-05;ORDER4059.ru;
2024-01-05;ORDER5092.ru;
2024-01-05;ORDER6081.ru;
2024-01-05;ORDER7109.ru;
2024-01-05;ORDER8034.ru;
2024-01-05;ORDER8101.ru;
2024-01-05;ORDER8647.ru;
2024-01-05;ORDER9152.ru;
2024-01-05;OREHOV-TOP.ru;
2024-01-05;ORGOAZM.ru;
2024-01-05;ORIGINALKOREANCOSMETICS.ru;
2024-01-05;ORIXO.ru;
2024-01-05;ORLOV11.ru;
2024-01-05;ORLYATAKID.ru;
2024-01-05;ORNABI.ru;
2024-01-05;ORQWRG.ru;
2024-01-05;ORTO-MEGAN.ru;
2024-01-05;ORZUNOVA.ru;
2024-01-05;OSAGO-POLAR.ru;
2024-01-05;OSAGO-ZIMA.ru;
2024-01-05;OSAGOARH29.ru;
2024-01-05;OSAGOVSEM36.ru;
2024-01-05;OSKLEX.ru;
2024-01-05;OSKOLMOIKA.ru;
2024-01-05;OSODOLLS.ru;
2024-01-05;OSTANOVI-MGNOVENIYE.ru;
2024-01-05;OTOGREVSVIEZDOM.ru;
2024-01-05;OTVETOL.ru;
2024-01-05;OTZYVY-VAVADA.ru;
2024-01-05;OURINSALE.ru;
2024-01-05;OUROADS.ru;
2024-01-05;OUTLETSFACTORY2024.ru;
2024-01-05;OUTLETSHOPONLINE2024.ru;
2024-01-05;OUTSIGHT-BUDNI.ru;
2024-01-05;OZIMUK-ARCH.ru;
2024-01-05;P-KASKAD.ru;
2024-01-05;P2PCATCHER.ru;
2024-01-05;PACKFF.ru;
2024-01-05;PAGE-3189.ru;
2024-01-05;PAGFL.ru;
2024-01-05;PAHAN1.ru;
2024-01-05;PALAZZO-DUCALE.ru;
2024-01-05;PALMARY-TOUR.ru;
2024-01-05;PANPAV88.ru;
2024-01-05;PANYUSHOV.ru;
2024-01-05;PAP-BUILD.ru;
2024-01-05;PAPERS-AS-BAD.ru;
2024-01-05;PAPERS-AS-LIGHT.ru;
2024-01-05;PAPERS-AS-MOST.ru;
2024-01-05;PAPERS-CLOSE-BAD.ru;
2024-01-05;PAPERS-CLOSE-GOOD.ru;
2024-01-05;PAPERS-CLOSE-LIGHT.ru;
2024-01-05;PAPERS-CLOSE-MOST.ru;
2024-01-05;PAPERS-FOR-BAD.ru;
2024-01-05;PAPERS-FOR-LIGHT.ru;
2024-01-05;PAPERS-FOR-MOST.ru;
2024-01-05;PAPERS-HOW-BAD.ru;
2024-01-05;PAPERS-HOW-LIGHT.ru;
2024-01-05;PAPERS-HOW-MOST.ru;
2024-01-05;PARESTEA.ru;
2024-01-05;PARKCURIER.ru;
2024-01-05;PARTNER-EDA-COURIER.ru;
2024-01-05;PARTNERGU.ru;
2024-01-05;PARTSANDTUNING.ru;
2024-01-05;PASIS007.ru;
2024-01-05;PASTRONE.ru;
2024-01-05;PAULBROWER.ru;
2024-01-05;PAVELBART.ru;
2024-01-05;PAVELNAUMOV.ru;
2024-01-05;PAVLOVMEDIA.ru;
2024-01-05;PAVLOVNAIA.ru;
2024-01-05;PAY-ID353424.ru;
2024-01-05;PAY-ID454521.ru;
2024-01-05;PAY-ID533241.ru;
2024-01-05;PAY-VTB.ru;
2024-01-05;PAYD08.ru;
2024-01-05;PAYD09.ru;
2024-01-05;PAYMENT-254.ru;
2024-01-05;PAYMENT-255.ru;
2024-01-05;PAYMOMS.ru;
2024-01-05;PAYSERVICESHOP.ru;
2024-01-05;PBORINA.ru;
2024-01-05;PBOUTSOURCE.ru;
2024-01-05;PDFLIB.ru;
2024-01-05;PDOROSCHENKOVA.ru;
2024-01-05;PDVSERVER.ru;
2024-01-05;PEFIMOVA.ru;
2024-01-05;PENSIONNEWS.ru;
2024-01-05;PEREVOZKASHKAFA39.ru;
2024-01-05;PERFECT-ELK.ru;
2024-01-05;PERFECT-W.ru;
2024-01-05;PERFECTW.ru;
2024-01-05;PERFECTWORKS.ru;
2024-01-05;PERMANENT-SALON.ru;
2024-01-05;PERSONALITY23.ru;
2024-01-05;PES-DA.ru;
2024-01-05;PETERSBURGLIFE.ru;
2024-01-05;PETRMOROZOV.ru;
2024-01-05;PETRO-BETON.ru;
2024-01-05;PETRSYSOEV.ru;
2024-01-05;PHKORSHUNOVA.ru;
2024-01-05;PHOTOA6.ru;
2024-01-05;PHOTODARI.ru;
2024-01-05;PHOTOGRAPHYLOVER.ru;
2024-01-05;PHOTOSHIKINNA.ru;
2024-01-05;PHOTOVIRGINIA.ru;
2024-01-05;PHSAVENKOV.ru;
2024-01-05;PHUKETGO.ru;
2024-01-05;PHYJFM.ru;
2024-01-05;PICGEN.ru;
2024-01-05;PICKMEAL.ru;
2024-01-05;PICTURAI.ru;
2024-01-05;PICZOOM.ru;
2024-01-05;PIK-KONDER.ru;
2024-01-05;PIKNIK-KMS.ru;
2024-01-05;PIN-UP-12.ru;
2024-01-05;PIN-UP-3.ru;
2024-01-05;PIN-UP-CASINO10.ru;
2024-01-05;PIN-UP-CASINO12.ru;
2024-01-05;PIN-UP-CASINO18.ru;
2024-01-05;PIN-UP-CASINO19.ru;
2024-01-05;PIN-UP-CASINO2.ru;
2024-01-05;PIN-UP-CASINO23.ru;
2024-01-05;PIN-UP-CASINO25.ru;
2024-01-05;PIN-UP-CASINO26.ru;
2024-01-05;PIN-UP-CASINO27.ru;
2024-01-05;PIN-UP-CASINO28.ru;
2024-01-05;PIN-UP-CASINO29.ru;
2024-01-05;PIN-UP-CASINO3.ru;
2024-01-05;PIN-UP-CASINO30.ru;
2024-01-05;PIN-UP-CASINO31.ru;
2024-01-05;PIN-UP-CASINO32.ru;
2024-01-05;PIN-UP-CASINO33.ru;
2024-01-05;PIN-UP-CASINO34.ru;
2024-01-05;PIN-UP-CASINO35.ru;
2024-01-05;PIN-UP-CASINO36.ru;
2024-01-05;PIN-UP-CASINO38.ru;
2024-01-05;PIN-UP-CASINO39.ru;
2024-01-05;PIN-UP-CASINO4.ru;
2024-01-05;PIN-UP-CASINO5.ru;
2024-01-05;PIN-UP-CASINO52.ru;
2024-01-05;PIN-UP-CASINO53.ru;
2024-01-05;PIN-UP-CASINO54.ru;
2024-01-05;PIN-UP-CASINO55.ru;
2024-01-05;PIN-UP-CASINO56.ru;
2024-01-05;PIN-UP-CASINO6.ru;
2024-01-05;PIN-UP-CASINO7.ru;
2024-01-05;PIN-UP-CASINO8.ru;
2024-01-05;PIN-UP-CASINO9.ru;
2024-01-05;PIN-UP-ONLINE-GG.ru;
2024-01-05;PINKDUCK.ru;
2024-01-05;PINMONEY-WW.ru;
2024-01-05;PINPICS.ru;
2024-01-05;PINUP-241.ru;
2024-01-05;PINUPSCASINO1.ru;
2024-01-05;PIRATES-BRAWL.ru;
2024-01-05;PIRYET-BRATSK.ru;
2024-01-05;PISHI-I-PRODAVAY.ru;
2024-01-05;PITCH-FM.ru;
2024-01-05;PITCHFM.ru;
2024-01-05;PLACEVIBE.ru;
2024-01-05;PLANETA-USLUG.ru;
2024-01-05;PLATA-LOM.ru;
2024-01-05;PLATEZHEI-2024.ru;
2024-01-05;PLATEZHEI-2024-STOP.ru;
2024-01-05;PLATEZHEI-NET24.ru;
2024-01-05;PLAYFORTUNA-10.ru;
2024-01-05;PLAYFORTUNA-12.ru;
2024-01-05;PLAYFORTUNA-13.ru;
2024-01-05;PLAYFORTUNA-14.ru;
2024-01-05;PLAYFORTUNA-15.ru;
2024-01-05;PLAYFORTUNA-16.ru;
2024-01-05;PLAYFORTUNA-17.ru;
2024-01-05;PLAYFORTUNA-18.ru;
2024-01-05;PLAYFORTUNA-19.ru;
2024-01-05;PLAYFORTUNA-20.ru;
2024-01-05;PLAYFORTUNA-21.ru;
2024-01-05;PLAYFORTUNA-23.ru;
2024-01-05;PLAYFORTUNA-25.ru;
2024-01-05;PLAYFORTUNA-28.ru;
2024-01-05;PLAYFORTUNA-29.ru;
2024-01-05;PLAYFORTUNA-4.ru;
2024-01-05;PLAYFORTUNA-5.ru;
2024-01-05;PLAYFORTUNA-8.ru;
2024-01-05;PLAYFORTUNA-P.ru;
2024-01-05;PLAYFORTUNA-Y.ru;
2024-01-05;PLAYONLINENOZEXE.ru;
2024-01-05;PLAYONLINENOZEXQ.ru;
2024-01-05;PLAYONLINENOZEXR.ru;
2024-01-05;PLAYONLINENOZEXT.ru;
2024-01-05;PLAYONLINENOZEXW.ru;
2024-01-05;PLAYONLINENOZEXY.ru;
2024-01-05;PLEASURE-ISLAND.ru;
2024-01-05;PLEASURE-LADIES.ru;
2024-01-05;PLEINDEVIEBEAUTE.ru;
2024-01-05;PLETENIY-UYUT.ru;
2024-01-05;PLOSCHADKAMESTO.ru;
2024-01-05;PLOTNIKOV41.ru;
2024-01-05;PLUS-AVIA-FLY10.ru;
2024-01-05;PMNSK.ru;
2024-01-05;PMWAY.ru;
2024-01-05;PNDKMS.ru;
2024-01-05;POCHTABANK-KABINET.ru;
2024-01-05;PODARKIBERRY.ru;
2024-01-05;PODDON13.ru;
2024-01-05;PODOPRONAILS-SALON.ru;
2024-01-05;PODOSHKA.ru;
2024-01-05;POLAR-STONE01.ru;
2024-01-05;POLIANNA-SALON.ru;
2024-01-05;POLIGON-77.ru;
2024-01-05;POLIMECHANIKA.ru;
2024-01-05;POLZAIAGOD.ru;
2024-01-05;POLZARND.ru;
2024-01-05;PONOMAREV1.ru;
2024-01-05;PORAPORA.ru;
2024-01-05;PORNO-FOTKI.ru;
2024-01-05;PORSCHEMODELS.ru;
2024-01-05;PORTFOLIOVITAL.ru;
2024-01-05;POSHSYROVARNYA.ru;
2024-01-05;POSITIV-SERVIS.ru;
2024-01-05;POSTER-AI.ru;
2024-01-05;POSTERAI.ru;
2024-01-05;POSTERDIGITAL.ru;
2024-01-05;POSTOMAN.ru;
2024-01-05;POTAPOV-RV.ru;
2024-01-05;POTENCIYA-ONLINE.ru;
2024-01-05;POTENCIYA-PROSTO.ru;
2024-01-05;POTOLKI-KOLIBRI.ru;
2024-01-05;POTOLKI-SPBB.ru;
2024-01-05;POTREBITELI34.ru;
2024-01-05;POWERINSIGHT.ru;
2024-01-05;PPK-OPT.ru;
2024-01-05;PPODSEVALOV.ru;
2024-01-05;PRAVDADESIGN.ru;
2024-01-05;PRAVDAMIR.ru;
2024-01-05;PRAVOVIE-USLUGI.ru;
2024-01-05;PREGTG.ru;
2024-01-05;PREMIERA22.ru;
2024-01-05;PREMIUM-AUDIO.ru;
2024-01-05;PREMIUM-AV.ru;
2024-01-05;PREMIUM-FORGING.ru;
2024-01-05;PREMIUM-HI-FI.ru;
2024-01-05;PREMIUM-HIFI.ru;
2024-01-05;PREMIUMAV.ru;
2024-01-05;PRESLIFE55-SALON.ru;
2024-01-05;PRESTA-KUHNI.ru;
2024-01-05;PRICE-SHOP.ru;
2024-01-05;PRICEL-SLON.ru;
2024-01-05;PRIMORSK-USLUGI.ru;
2024-01-05;PRIMORSKUSLUGI.ru;
2024-01-05;PRINTMIG.ru;
2024-01-05;PRIVENG.ru;
2024-01-05;PRO-DOMO.ru;
2024-01-05;PRO-SUBARU.ru;
2024-01-05;PROAVIA-FLY10.ru;
2024-01-05;PROBERKA.ru;
2024-01-05;PRODOMBLOG.ru;
2024-01-05;PRODUCTHELP.ru;
2024-01-05;PRODUKTRU.ru;
2024-01-05;PROEKT-I-DOM.ru;
2024-01-05;PROEKTBIM.ru;
2024-01-05;PROEKTDEREVNYA.ru;
2024-01-05;PROF-FLOWERS.ru;
2024-01-05;PROFOTO22.ru;
2024-01-05;PROFREMBYT.ru;
2024-01-05;PROFSAIT.ru;
2024-01-05;PROFSAITE.ru;
2024-01-05;PROFSET59.ru;
2024-01-05;PROG1C01.ru;
2024-01-05;PROJECT-FOTOPREOBRAGENIE.ru;
2024-01-05;PROKOPEYSK.ru;
2024-01-05;PROMMED-LIVEDO.ru;
2024-01-05;PROMOCOD-VAVADA.ru;
2024-01-05;PROMOKOD-BERI.ru;
2024-01-05;PROMOKODS-VAVADA.ru;
2024-01-05;PROONLANPART.ru;
2024-01-05;PROSHENKOV.ru;
2024-01-05;PROSPEKTAUTO1.ru;
2024-01-05;PROSTITUTKI--HABAROVSKA.ru;
2024-01-05;PROSTITUTKI-HABAROVSKA.ru;
2024-01-05;PROSTO-ICQ.ru;
2024-01-05;PROSTOCHEREPASHKA.ru;
2024-01-05;PROSTOOZAPUSKAH.ru;
2024-01-05;PROSTOSOVKUSOM.ru;
2024-01-05;PROSYSTEMSECURITY.ru;
2024-01-05;PROURZIN-LIV.ru;
2024-01-05;PROVCORPORATION.ru;
2024-01-05;PRUDM.ru;
2024-01-05;PSMELOV.ru;
2024-01-05;PSY30.ru;
2024-01-05;PSYCHOLOGIST24.ru;
2024-01-05;PTG-CD.ru;
2024-01-05;PUBLICATIONS-THEATRE.ru;
2024-01-05;PUREFISH.ru;
2024-01-05;PURISOV.ru;
2024-01-05;PUSH-ART.ru;
2024-01-05;PUSHRKV.ru;
2024-01-05;PUSTORADITSY.ru;
2024-01-05;PUTIN-RF.ru;
2024-01-05;PUTNIK-STUDIO.ru;
2024-01-05;PVP-EPOHA.ru;
2024-01-05;PWPVE.ru;
2024-01-05;Q3-Q4.ru;
2024-01-05;Q3Q4.ru;
2024-01-05;QBRP.ru;
2024-01-05;QGEJIF.ru;
2024-01-05;QGTKAH.ru;
2024-01-05;QK7P.ru;
2024-01-05;QOVVRN.ru;
2024-01-05;QPKVARTIRY.ru;
2024-01-05;QRVEJIYY.ru;
2024-01-05;QRWFIJVA.ru;
2024-01-05;QTDEV.ru;
2024-01-05;QUANTUM-CONSTRUCTOR.ru;
2024-01-05;QUHT.ru;
2024-01-05;RABOTA-INVA.ru;
2024-01-05;RABOTA-REGIONA.ru;
2024-01-05;RABOTAINVA.ru;
2024-01-05;RABOTAREGIONA.ru;
2024-01-05;RADCHENKO-PHOTO.ru;
2024-01-05;RADIATOR178.ru;
2024-01-05;RADUGA-DS.ru;
2024-01-05;RAHMADEEV.ru;
2024-01-05;RAHTAROV.ru;
2024-01-05;RAPID-TRADE.ru;
2024-01-05;RARK31.ru;
2024-01-05;RASBY.ru;
2024-01-05;RASKAPSHIK.ru;
2024-01-05;RASP-IV-ALKA.ru;
2024-01-05;RASPIVALKA.ru;
2024-01-05;RAVEKING.ru;
2024-01-05;RAYKAEVENT.ru;
2024-01-05;RCCT2017.ru;
2024-01-05;RE-SV.ru;
2024-01-05;REAL-RUSSIA.ru;
2024-01-05;REALCHECKSITE.ru;
2024-01-05;REALITYMAG.ru;
2024-01-05;REALMADRID-STAVKA.ru;
2024-01-05;REALTOR-PK.ru;
2024-01-05;REALTORPK.ru;
2024-01-05;REBEER.ru;
2024-01-05;REDRIDE.ru;
2024-01-05;REDSOX54.ru;
2024-01-05;REG174RUS.ru;
2024-01-05;REKRUTING22.ru;
2024-01-05;RELOEUROPA.ru;
2024-01-05;REMAKE-TO.ru;
2024-01-05;REMIXZN.ru;
2024-01-05;REMKT.ru;
2024-01-05;REMONT-CATERPILLAR.ru;
2024-01-05;REMONT-RVD.ru;
2024-01-05;REMONT-STIRALOK42.ru;
2024-01-05;REMONT450.ru;
2024-01-05;REMONTROS.ru;
2024-01-05;REMONTTO4KA.ru;
2024-01-05;REMTNVD.ru;
2024-01-05;REMUTWUZZORSM24.ru;
2024-01-05;RENT-GLOW.ru;
2024-01-05;REPETITOR71.ru;
2024-01-05;REPUBLIC-OF-GAMES.ru;
2024-01-05;RESETVAPE.ru;
2024-01-05;RESPECT-RECIPE.ru;
2024-01-05;RESPECTRECIPE.ru;
2024-01-05;RESTORANKIN.ru;
2024-01-05;RESWORLD.ru;
2024-01-05;RETOXCIN.ru;
2024-01-05;RETROGRAD-STUDIO.ru;
2024-01-05;REWARDS-FF-GARENU.ru;
2024-01-05;REWARDS-GARENAA-FF.ru;
2024-01-05;REWINTIM.ru;
2024-01-05;REZA220.ru;
2024-01-05;REZUNOVA-NORILSK.ru;
2024-01-05;RF-SIGMA.ru;
2024-01-05;RGEKOBD.ru;
2024-01-05;RGOMOZOV.ru;
2024-01-05;RHDSHI31.ru;
2024-01-05;RI-51.ru;
2024-01-05;RIAZANOVNIK.ru;
2024-01-05;RIGHTJOBBD.ru;
2024-01-05;RIM-H.ru;
2024-01-05;RIMK05.ru;
2024-01-05;RINAT-FREE.ru;
2024-01-05;RINGO-BELLS.ru;
2024-01-05;RINGTONARIUM.ru;
2024-01-05;RINOPLASTIKA-VSEM.ru;
2024-01-05;RITZ-HOUSE.ru;
2024-01-05;RITZHOUSE.ru;
2024-01-05;RIZOLIN-FS.ru;
2024-01-05;RJASKIN.ru;
2024-01-05;RKAMASTER.ru;
2024-01-05;RKISHIEV.ru;
2024-01-05;ROADTEL.ru;
2024-01-05;ROBOT-APP.ru;
2024-01-05;ROCHILOV.ru;
2024-01-05;ROCKETA-QUEEN.ru;
2024-01-05;ROCKETDONATE.ru;
2024-01-05;ROMANOVSKAYA09.ru;
2024-01-05;ROMANSAVCHENKO.ru;
2024-01-05;ROMZERA.ru;
2024-01-05;RONINLONGPRO.ru;
2024-01-05;ROO-KROOG.ru;
2024-01-05;ROSLESRF.ru;
2024-01-05;ROYALESCORTS.ru;
2024-01-05;ROZANOVA-7.ru;
2024-01-05;RPLUSN.ru;
2024-01-05;RPWEB.ru;
2024-01-05;RSPENISCH.ru;
2024-01-05;RTS-DV.ru;
2024-01-05;RTSDV.ru;
2024-01-05;RU-ID0947.ru;
2024-01-05;RU-SECURITY7746.ru;
2024-01-05;RU-TL.ru;
2024-01-05;RU-VTB.ru;
2024-01-05;RUB-RMB.ru;
2024-01-05;RUBASHKI76.ru;
2024-01-05;RUBINLAR.ru;
2024-01-05;RUKAV-ALFAGOMMA.ru;
2024-01-05;RUKAV-PARKER.ru;
2024-01-05;RUMAMBABOT.ru;
2024-01-05;RUS-2147.ru;
2024-01-05;RUS-MONITORING.ru;
2024-01-05;RUS-PRAZD.ru;
2024-01-05;RUS-SERIAL1.ru;
2024-01-05;RUS23K.ru;
2024-01-05;RUS247001-1.ru;
2024-01-05;RUSAUTOTRASSA.ru;
2024-01-05;RUSIKH.ru;
2024-01-05;RUSLAN-YAKUSHEV.ru;
2024-01-05;RUSLAN77.ru;
2024-01-05;RUSPODOLOG.ru;
2024-01-05;RUSSIA-SERIAL.ru;
2024-01-05;RUSSKIY-D.ru;
2024-01-05;RUST-TATARSTAN.ru;
2024-01-05;RUSTINFINITY.ru;
2024-01-05;RUSTOR-DOWNLOADS.ru;
2024-01-05;RUSTRADEMISSION.ru;
2024-01-05;RYBALKA65.ru;
2024-01-05;RYKHLIK-DESIGN.ru;
2024-01-05;RZARIFOV.ru;
2024-01-05;S-ERMILOVA.ru;
2024-01-05;S18F.ru;
2024-01-05;S3KOGALYM.ru;
2024-01-05;SABINA-STUDY.ru;
2024-01-05;SABRINVEST.ru;
2024-01-05;SAFARGALIEV.ru;
2024-01-05;SAFARIMEDIA.ru;
2024-01-05;SAFLANDYSH.ru;
2024-01-05;SAIT1.ru;
2024-01-05;SAKIT7.ru;
2024-01-05;SAKURA-ROLL.ru;
2024-01-05;SALEONLINECHEAP2024.ru;
2024-01-05;SALES-STRUCTURE.ru;
2024-01-05;SALTWATER-FISH.ru;
2024-01-05;SAMARA-PM.ru;
2024-01-05;SAMSUNG-SMART-SWITCH.ru;
2024-01-05;SANDR1184.ru;
2024-01-05;SANMOSKI.ru;
2024-01-05;SARFISH.ru;
2024-01-05;SARMAT-EXPRESS.ru;
2024-01-05;SATLAVPROD.ru;
2024-01-05;SAVABEAUTYSALON.ru;
2024-01-05;SAVAOPEN.ru;
2024-01-05;SAYAANAESTATE.ru;
2024-01-05;SBERBANK-MONEYBACK.ru;
2024-01-05;SBOR-BAZY.ru;
2024-01-05;SBRIGADA.ru;
2024-01-05;SCARIONE.ru;
2024-01-05;SCH-CD.ru;
2024-01-05;SCHEPETOV.ru;
2024-01-05;SCHOOL11NUR.ru;
2024-01-05;SCHOOLMASTERY.ru;
2024-01-05;SCHOOLOFMAGICIANS.ru;
2024-01-05;SCM-ALCO.ru;
2024-01-05;SCM-CONSULTING.ru;
2024-01-05;SCOOP-OPT.ru;
2024-01-05;SDD-REDUT.ru;
2024-01-05;SDELKA7371.ru;
2024-01-05;SDFEQRRFDSFD.ru;
2024-01-05;SDOLDIN.ru;
2024-01-05;SEARCHP.ru;
2024-01-05;SEASIDE-PREMIUM.ru;
2024-01-05;SECTOR-SPORT.ru;
2024-01-05;SEF19.ru;
2024-01-05;SEHMETSVD.ru;
2024-01-05;SELF-LOVE-CENTR.ru;
2024-01-05;SELFDESK.ru;
2024-01-05;SELFMADE-STUDIO-SALON.ru;
2024-01-05;SEMAKI.ru;
2024-01-05;SEMENA-SIBIRI54.ru;
2024-01-05;SENVIBOOST.ru;
2024-01-05;SEOSON.ru;
2024-01-05;SEPTIK-TOPAS-ROSTOV.ru;
2024-01-05;SEPTIK-TOPAS-SOCHI.ru;
2024-01-05;SERERO.ru;
2024-01-05;SERGEIPANOV.ru;
2024-01-05;SERGEYSUTKOVOY.ru;
2024-01-05;SERGHSMILE.ru;
2024-01-05;SERVICE-4576.ru;
2024-01-05;SERVICE-ID4165RU.ru;
2024-01-05;SERVICEMTZ.ru;
2024-01-05;SETAMCOMMLNITY.ru;
2024-01-05;SEX277.ru;
2024-01-05;SFERABASKET.ru;
2024-01-05;SFIPI.ru;
2024-01-05;SGOVORTREIDEROV.ru;
2024-01-05;SHADOW-BOX.ru;
2024-01-05;SHADT-SGART.ru;
2024-01-05;SHAEKHOV.ru;
2024-01-05;SHAIBA5.ru;
2024-01-05;SHAKHOVSKAYA-ANNA.ru;
2024-01-05;SHAKLEINAPHOTO.ru;
2024-01-05;SHAMILSCHOOL.ru;
2024-01-05;SHAMITOVA.ru;
2024-01-05;SHARMINFO.ru;
2024-01-05;SHATER4YOU.ru;
2024-01-05;SHATURNAYA.ru;
2024-01-05;SHAWEETY44.ru;
2024-01-05;SHCH2024.ru;
2024-01-05;SHELEMBA.ru;
2024-01-05;SHINDIK.ru;
2024-01-05;SHISHKINLOG.ru;
2024-01-05;SHKINA.ru;
2024-01-05;SHKION.ru;
2024-01-05;SHKOLA-DLYA-VSEH.ru;
2024-01-05;SHOKOTKO-1.ru;
2024-01-05;SHOP-NIMFA.ru;
2024-01-05;SHOPMYPRO.ru;
2024-01-05;SHOPSONLINECHEAP2024.ru;
2024-01-05;SHPITALEV.ru;
2024-01-05;SHTOPOROV.ru;
2024-01-05;SHTUKATUR-58.ru;
2024-01-05;SHULIMOVANDREY.ru;
2024-01-05;SHUNAWOW.ru;
2024-01-05;SHVATOVA.ru;
2024-01-05;SIBAFF.ru;
2024-01-05;SIBIRHEALTH.ru;
2024-01-05;SIBUMI-NAILS.ru;
2024-01-05;SID-AV.ru;
2024-01-05;SIGNFLOW.ru;
2024-01-05;SIM-LIFT.ru;
2024-01-05;SIMANTYEV.ru;
2024-01-05;SIMMONN.ru;
2024-01-05;SIMONOVLAB.ru;
2024-01-05;SINGH-1.ru;
2024-01-05;SIR-SATTAROV.ru;
2024-01-05;SITEGALLERY.ru;
2024-01-05;SITOWEB.ru;
2024-01-05;SIZAM-TECHNOLOGY.ru;
2024-01-05;SIZAMTECHNOLOGY.ru;
2024-01-05;SK-REMONTKVARTIR.ru;
2024-01-05;SKECHTR.ru;
2024-01-05;SKETCH-PLANS.ru;
2024-01-05;SKETCHPLANS.ru;
2024-01-05;SKF-T.ru;
2024-01-05;SKIDKA-CARCAM.ru;
2024-01-05;SKIDKA-SVITERA.ru;
2024-01-05;SKLIEY.ru;
2024-01-05;SKM-BUH.ru;
2024-01-05;SKM-LAWER.ru;
2024-01-05;SKM-PTO.ru;
2024-01-05;SKM-SALES.ru;
2024-01-05;SKM-SUPPLY.ru;
2024-01-05;SKOBEL-CANDY.ru;
2024-01-05;SKOLCHIN.ru;
2024-01-05;SKORDULI.ru;
2024-01-05;SKR9102202.ru;
2024-01-05;SKU86.ru;
2024-01-05;SKUPKAAVTO59.ru;
2024-01-05;SKUSHOP86.ru;
2024-01-05;SLADKIJ-PODAROK.ru;
2024-01-05;SLADKOZALILREG55.ru;
2024-01-05;SLAUMA.ru;
2024-01-05;SLEEP-BAG-SHOP.ru;
2024-01-05;SLELIKOV.ru;
2024-01-05;SLIMFITNICE.ru;
2024-01-05;SLIVANNYSIK.ru;
2024-01-05;SLIVKOED.ru;
2024-01-05;SLIVSVB.ru;
2024-01-05;SLK-SKM.ru;
2024-01-05;SLOANLBL.ru;
2024-01-05;SLOLOOVOPACANA.ru;
2024-01-05;SLOLOOVOPACANA1-8.ru;
2024-01-05;SLOOVO-PACONA.ru;
2024-01-05;SLOTY-VAVADA.ru;
2024-01-05;SLOVO-PACONA-VSE.ru;
2024-01-05;SLOVO-PACONA1-8.ru;
2024-01-05;SLOVO-PACONAA8.ru;
2024-01-05;SLOVO-PATCONA.ru;
2024-01-05;SLOVO-PATCONA8S.ru;
2024-01-05;SLOVOO-PACANH.ru;
2024-01-05;SLOVOOPACANH.ru;
2024-01-05;SLOVOPACANAIORU.ru;
2024-01-05;SLOVOPACANAOU.ru;
2024-01-05;SLOVOPACANEU.ru;
2024-01-05;SLOVOPACANEUVSE.ru;
2024-01-05;SLOVOPACANQ.ru;
2024-01-05;SLOVOPACANRV.ru;
2024-01-05;SLOVOPACANUQ.ru;
2024-01-05;SLOVOPACANWAE.ru;
2024-01-05;SLOVOPACANWARU.ru;
2024-01-05;SLOVOPACANWE.ru;
2024-01-05;SLOVOPACANWQE.ru;
2024-01-05;SLOVOPACANWVSE.ru;
2024-01-05;SLOVOPACENQA.ru;
2024-01-05;SLOVOPACONA8.ru;
2024-01-05;SLOVOPACONE.ru;
2024-01-05;SLOVOPACONV.ru;
2024-01-05;SLOVOPOCANEV.ru;
2024-01-05;SLOVOPOCANV.ru;
2024-01-05;SM-YA.ru;
2024-01-05;SMALLBIZTRENDS.ru;
2024-01-05;SMANAKIN.ru;
2024-01-05;SMARTEDUINSIGHTS.ru;
2024-01-05;SMARTHOME39.ru;
2024-01-05;SMARTHOMEKLD.ru;
2024-01-05;SMARTI-SHKOLA.ru;
2024-01-05;SMARTLINK-PAGE.ru;
2024-01-05;SMARTSTUDYTECH.ru;
2024-01-05;SMCJE.ru;
2024-01-05;SMENA-GAME.ru;
2024-01-05;SMETANABEZ.ru;
2024-01-05;SMGROUPPROJECT.ru;
2024-01-05;SMITEPRO.ru;
2024-01-05;SMOL-LES-PSKOV.ru;
2024-01-05;SMOLOCHKOV.ru;
2024-01-05;SMONGUSH.ru;
2024-01-05;SN1LEZ.ru;
2024-01-05;SNIBE-RF.ru;
2024-01-05;SNITCHXV.ru;
2024-01-05;SNOS-ZDANIJ.ru;
2024-01-05;SNOWBROVELO.ru;
2024-01-05;SNT-VOROBUSHEK.ru;
2024-01-05;SNUS-UP.ru;
2024-01-05;SOBLASN.ru;
2024-01-05;SOCHI-AI.ru;
2024-01-05;SOCIALRITUAL.ru;
2024-01-05;SOCING.ru;
2024-01-05;SOFTOCRAT.ru;
2024-01-05;SOGAZ-AGRO.ru;
2024-01-05;SOGUWEBINAR.ru;
2024-01-05;SOKGLK.ru;
2024-01-05;SOLAR-CLOUD.ru;
2024-01-05;SOLBEREGPARNAYA.ru;
2024-01-05;SOLFEDJIO-REPETITOR.ru;
2024-01-05;SOLOMINVE.ru;
2024-01-05;SOSEDI-MOS.ru;
2024-01-05;SOUL-SALON.ru;
2024-01-05;SOVENCYCLOPEDIA.ru;
2024-01-05;SOVETY-OT-PRYSHEI.ru;
2024-01-05;SOYUZVKR.ru;
2024-01-05;SOZOZNOVA.ru;
2024-01-05;SPACE80.ru;
2024-01-05;SPACERUST.ru;
2024-01-05;SPACIOUSCORNER.ru;
2024-01-05;SPASENIHINA.ru;
2024-01-05;SPB-AI.ru;
2024-01-05;SPB-OKOSHKIN812.ru;
2024-01-05;SPBAVTOPROKAT.ru;
2024-01-05;SPBEVROREMONT.ru;
2024-01-05;SPBSONUM.ru;
2024-01-05;SPBWHIEDA.ru;
2024-01-05;SPECTEHNIKAKMV.ru;
2024-01-05;SPECTEKHNIKA24-7.ru;
2024-01-05;SPECTROFOTOMETER.ru;
2024-01-05;SPEKTR-IN.ru;
2024-01-05;SPICEGRIEF.ru;
2024-01-05;SPORTGOS.ru;
2024-01-05;SPRAVKI-MOSKVA.ru;
2024-01-05;SRBMIKI.ru;
2024-01-05;SROOOOIVA.ru;
2024-01-05;SSAKURA.ru;
2024-01-05;SSBACADEMY.ru;
2024-01-05;SSHAPIGUZOV.ru;
2024-01-05;SSLOVO-PACONA.ru;
2024-01-05;SSOKKOLL.ru;
2024-01-05;STANDSKINS.ru;
2024-01-05;STANDUP-HALE.ru;
2024-01-05;STARLAND1.ru;
2024-01-05;STARSMONEY.ru;
2024-01-05;STARTAPUS.ru;
2024-01-05;STARTFAYER.ru;
2024-01-05;STARTINLIFE.ru;
2024-01-05;STASONY.ru;
2024-01-05;STAVCOOPTEX.ru;
2024-01-05;STAVKINAXBET.ru;
2024-01-05;STEAMCOMNIFFY.ru;
2024-01-05;STELLAR-APART.ru;
2024-01-05;STEPKINATATJANA.ru;
2024-01-05;STEPMANIA.ru;
2024-01-05;STILNEV.ru;
2024-01-05;STIM-PARQUET.ru;
2024-01-05;STMARKETKAZAN.ru;
2024-01-05;STO-HUB.ru;
2024-01-05;STO-SAMARA.ru;
2024-01-05;STO100KPD.ru;
2024-01-05;STOMATOLOGYRF.ru;
2024-01-05;STOP-DOLG-24.ru;
2024-01-05;STOP-VSE-DOLGI-24.ru;
2024-01-05;STOREFL.ru;
2024-01-05;STORYOS.ru;
2024-01-05;STPROKOPOV.ru;
2024-01-05;STRAHOVKA-ZA-GRANITSU.ru;
2024-01-05;STRANA404.ru;
2024-01-05;STREL4.ru;
2024-01-05;STROIKA-DOM-BRIGADA.ru;
2024-01-05;STROJMATERIALY-SERPUHOV.ru;
2024-01-05;STROYKUS.ru;
2024-01-05;STROYMARKET-NN.ru;
2024-01-05;STRUKTURA-DESIGN.ru;
2024-01-05;STSYMBALJUK.ru;
2024-01-05;STUDIOROBLOX.ru;
2024-01-05;STURT86.ru;
2024-01-05;STV-CD.ru;
2024-01-05;STYLEFORMENPRO.ru;
2024-01-05;SUBBORON.ru;
2024-01-05;SUBNA.ru;
2024-01-05;SUCCESSNAVIGATOR.ru;
2024-01-05;SUCURSALDINAMICOADMINISTRATIVA.ru;
2024-01-05;SULTAN-DOORS.ru;
2024-01-05;SULTANDOORS.ru;
2024-01-05;SULTVN.ru;
2024-01-05;SUMPLEX.ru;
2024-01-05;SUNARTIS.ru;
2024-01-05;SUNNYKENNEL.ru;
2024-01-05;SUNRISE-PORTAL.ru;
2024-01-05;SUNRISE-SHKOLA-TANTSEV.ru;
2024-01-05;SUNSU.ru;
2024-01-05;SUPER-CONSOLE.ru;
2024-01-05;SUPERBUCKYBALL.ru;
2024-01-05;SUPERCONSOLE.ru;
2024-01-05;SUPERCONSOLEX.ru;
2024-01-05;SUPERKAKTUS.ru;
2024-01-05;SUPERMAMASITAONLINE.ru;
2024-01-05;SUPERMEN-CENTR.ru;
2024-01-05;SUPERPROMOANIVERZARIO.ru;
2024-01-05;SURDIN.ru;
2024-01-05;SURGUTOFFROAD.ru;
2024-01-05;SUSACHEVA.ru;
2024-01-05;SUTOCHNOKVARTIRA.ru;
2024-01-05;SUVAR-MSK.ru;
2024-01-05;SV-EDA.ru;
2024-01-05;SVARKA-82.ru;
2024-01-05;SVARKOMPTZ.ru;
2024-01-05;SVARNOIPICO162.ru;
2024-01-05;SVECHALUX.ru;
2024-01-05;SVETLANA-DOROSHENKO-REGRESSOLOG.ru;
2024-01-05;SVETLANACAKES.ru;
2024-01-05;SVETLANAPETROVA.ru;
2024-01-05;SVETLANAUBRINSKAYA.ru;
2024-01-05;SVETLANNAMEDVEDEVA.ru;
2024-01-05;SVOBODA-OT-DOLGOV-24.ru;
2024-01-05;SVOBODEN-OT-DOLGA2024.ru;
2024-01-05;SVOJASTROYKA-ZIMA.ru;
2024-01-05;SWEDISH-COSM.ru;
2024-01-05;SWINGERI.ru;
2024-01-05;SYKAAA-CASINO123.ru;
2024-01-05;SYSTEMUPDATE.ru;
2024-01-05;SYZRANTSEV.ru;
2024-01-05;SZILJAK.ru;
2024-01-05;T-FRAME.ru;
2024-01-05;TAKECOIN.ru;
2024-01-05;TALASSO45.ru;
2024-01-05;TALIRUM.ru;
2024-01-05;TAMTAMIA.ru;
2024-01-05;TANCPOLE-MGN.ru;
2024-01-05;TANKIN-YAROSLAV.ru;
2024-01-05;TANKISTGOD.ru;
2024-01-05;TANKTASTIC.ru;
2024-01-05;TANSKAJA.ru;
2024-01-05;TARANOV1.ru;
2024-01-05;TAT-APP.ru;
2024-01-05;TATAKOKOVIHA.ru;
2024-01-05;TB-7TUDIO.ru;
2024-01-05;TBAHAREV.ru;
2024-01-05;TBATR.ru;
2024-01-05;TCHERKASHINA.ru;
2024-01-05;TD-NM.ru;
2024-01-05;TEATR-EDINSTVO.ru;
2024-01-05;TEBRIZ-ARKHYZ.ru;
2024-01-05;TECH-SOYUZ.ru;
2024-01-05;TECHLEARNINGS.ru;
2024-01-05;TECO247.ru;
2024-01-05;TEH-POMOSH.ru;
2024-01-05;TEH-TOCHKA.ru;
2024-01-05;TEKHNOFEST.ru;
2024-01-05;TEKN0SAN.ru;
2024-01-05;TELEFONNII-SPRAVOCHNIK-KRIMA.ru;
2024-01-05;TELEGAEXEL.ru;
2024-01-05;TELETALK.ru;
2024-01-05;TEMNYSHEVA.ru;
2024-01-05;TENLIPA.ru;
2024-01-05;TENNIS-KUCHINO.ru;
2024-01-05;TENSEZDXR.ru;
2024-01-05;TEORYAIGR.ru;
2024-01-05;TEPLOHOD-KIROVCHANKA.ru;
2024-01-05;TEPLOSTROYSET.ru;
2024-01-05;TERKAPHOTO.ru;
2024-01-05;TERMOPORTKI.ru;
2024-01-05;TESTDEPLBOTM.ru;
2024-01-05;TESTEDY.ru;
2024-01-05;TESTWORKENTERPRISE.ru;
2024-01-05;TEX-SPEC-RHITECTOR.ru;
2024-01-05;TEXATRUCKLINE.ru;
2024-01-05;TEXNO-ZIMA.ru;
2024-01-05;TFARTUR.ru;
2024-01-05;TFVIDEO.ru;
2024-01-05;TGKOEW.ru;
2024-01-05;THE-HEALING-PLACE.ru;
2024-01-05;THEATRE-HALE.ru;
2024-01-05;THEATREINSIGHT.ru;
2024-01-05;THEONEN.ru;
2024-01-05;THESWEETESTSWEATERS.ru;
2024-01-05;THODZHAEV.ru;
2024-01-05;THOUTHMINE.ru;
2024-01-05;THUNDERLAND.ru;
2024-01-05;THUNDERSPIRIT.ru;
2024-01-05;TI30.ru;
2024-01-05;TILS-4521.ru;
2024-01-05;TIM-SINGAI.ru;
2024-01-05;TINKOFF-STRAHOVANIE.ru;
2024-01-05;TIPS-2189.ru;
2024-01-05;TIXIMAN.ru;
2024-01-05;TKMIEM.ru;
2024-01-05;TL-RU.ru;
2024-01-05;TLISITSA.ru;
2024-01-05;TLUKINA.ru;
2024-01-05;TOCHAOSAGO.ru;
2024-01-05;TOKAREVNICK.ru;
2024-01-05;TOMATO-HOUSE.ru;
2024-01-05;TOMATOUSB.ru;
2024-01-05;TOP-TRAVELS.ru;
2024-01-05;TOP-WRISTWATCH.ru;
2024-01-05;TOP-ZAIM-MOSCOW.ru;
2024-01-05;TOPAS-ROSTOV.ru;
2024-01-05;TOPSIGNALS.ru;
2024-01-05;TOPSORTA.ru;
2024-01-05;TORIODI.ru;
2024-01-05;TORISTORE.ru;
2024-01-05;TORTBERI-SHOP.ru;
2024-01-05;TOSHOMYASO.ru;
2024-01-05;TOT-SAMIY-SITE-NIKE.ru;
2024-01-05;TOTANGO.ru;
2024-01-05;TOURIZZMO.ru;
2024-01-05;TOW16.ru;
2024-01-05;TOYO-TOP.ru;
2024-01-05;TPK3DTECH.ru;
2024-01-05;TPRINTWEB.ru;
2024-01-05;TRADECONVEYOR.ru;
2024-01-05;TRADING-STRATEGY.ru;
2024-01-05;TRANSFER24P2P.ru;
2024-01-05;TRANSRESERV.ru;
2024-01-05;TRAUTOMSKTT.ru;
2024-01-05;TRAVEL-7.ru;
2024-01-05;TRAVELERPRO.ru;
2024-01-05;TREENER.ru;
2024-01-05;TREESAUTOLLT.ru;
2024-01-05;TRHMWQK.ru;
2024-01-05;TRIKONIPOLYANA.ru;
2024-01-05;TRSERVICEWHATT.ru;
2024-01-05;TRUCKINPARTS.ru;
2024-01-05;TRUSAUTOWLLET.ru;
2024-01-05;TSCZV.ru;
2024-01-05;TSENTR-DERMATOLOGII-V-OKTYABRSKOM-ADMINISTRATIVNOM-OKRUGE.ru;
2024-01-05;TSIFROVOJ.ru;
2024-01-05;TSVETY-CHEHOVRF.ru;
2024-01-05;TTVNARRKOT.ru;
2024-01-05;TULA-AUTOCENTER-PLUS.ru;
2024-01-05;TULSKAYA-SHAHMATNAYA-GOSTINAYA.ru;
2024-01-05;TUPAI-DESIGN.ru;
2024-01-05;TUR-ZIMA.ru;
2024-01-05;TURKISHSERIALS.ru;
2024-01-05;TURNKEY-WEBSIT-DEVELOPMENT.ru;
2024-01-05;TUROVSKAYAYULIA.ru;
2024-01-05;TURTLEPOLIT.ru;
2024-01-05;TUTAEVYURIST.ru;
2024-01-05;TUTORRIA.ru;
2024-01-05;TUTSILA.ru;
2024-01-05;TVERICONS.ru;
2024-01-05;TVOROGOV-1.ru;
2024-01-05;TVOY-VEBINAR.ru;
2024-01-05;TWEBPRINTERST.ru;
2024-01-05;TWERK-TWERK.ru;
2024-01-05;TWWGQQER.ru;
2024-01-05;TYGROVICH.ru;
2024-01-05;UBAKANOVA.ru;
2024-01-05;UFA-OIL.ru;
2024-01-05;UGECOLOGISTIKA.ru;
2024-01-05;UGKBEARING.ru;
2024-01-05;UGOLNIKOVA-PRO.ru;
2024-01-05;UGOLOK33.ru;
2024-01-05;UGULIZADE.ru;
2024-01-05;UKLADKA-ASFALTA24.ru;
2024-01-05;UKRYTIE96.ru;
2024-01-05;UKUENGLISH.ru;
2024-01-05;ULTRA2005.ru;
2024-01-05;ULTRASOURCE.ru;
2024-01-05;ULYANOVSK-WINDOWS-10-SETUP.ru;
2024-01-05;UMEDGROUP.ru;
2024-01-05;UMNUSHKIN.ru;
2024-01-05;UNCENSURING.ru;
2024-01-05;UNDINANADIN.ru;
2024-01-05;UNIBOX-YA.ru;
2024-01-05;UNITYABKHAZIA.ru;
2024-01-05;UPAKOVA.ru;
2024-01-05;UR-ARENDA.ru;
2024-01-05;URIST-DLYA-PENSIONEROV.ru;
2024-01-05;USAFAROVA.ru;
2024-01-05;USERBOTS.ru;
2024-01-05;USHAKOVA-INTERIOR.ru;
2024-01-05;USHAKOVAINTERIOR.ru;
2024-01-05;USHIK71.ru;
2024-01-05;USPEKHI-FOND.ru;
2024-01-05;UVATRON.ru;
2024-01-05;V1TAL2302.ru;
2024-01-05;VACA6I.ru;
2024-01-05;VAGANOV89.ru;
2024-01-05;VALDAYSOUL.ru;
2024-01-05;VALENKORUK.ru;
2024-01-05;VALERISAFRONOFF.ru;
2024-01-05;VALLERIE.ru;
2024-01-05;VALTEC-MARKET.ru;
2024-01-05;VAMEDVEDEVA.ru;
2024-01-05;VAPORAJZER.ru;
2024-01-05;VAPORAJZERI.ru;
2024-01-05;VAPORAJZERY.ru;
2024-01-05;VAPORAYZER.ru;
2024-01-05;VAPORAYZERI.ru;
2024-01-05;VAPORAYZERY.ru;
2024-01-05;VARZEH3.ru;
2024-01-05;VASHTRANS.ru;
2024-01-05;VASHURINA.ru;
2024-01-05;VASILJEVSC.ru;
2024-01-05;VASTEROVADOLLS.ru;
2024-01-05;VAVADA-5.ru;
2024-01-05;VAVADA-CASINO-OFITSIALNYJ-SAJT.ru;
2024-01-05;VAVADA-CASINO-VIP.ru;
2024-01-05;VAVADA-COM-ZERKALO.ru;
2024-01-05;VAVADA-ONLAJN.ru;
2024-01-05;VAVADA-PROMOKOD.ru;
2024-01-05;VAVADA-RABOCHEE-ZERKALO.ru;
2024-01-05;VAVADA-RABOCHIJ-SAJT.ru;
2024-01-05;VAVADA-VASINO-RABOCHEE.ru;
2024-01-05;VAVADA501.ru;
2024-01-05;VAVADA503.ru;
2024-01-05;VAVADA508.ru;
2024-01-05;VAVADA509.ru;
2024-01-05;VAVADA510.ru;
2024-01-05;VAVADA511.ru;
2024-01-05;VAVADA517.ru;
2024-01-05;VAVADA522.ru;
2024-01-05;VAVADA523.ru;
2024-01-05;VAVADA524.ru;
2024-01-05;VAVADA541.ru;
2024-01-05;VAVADA542.ru;
2024-01-05;VAVADA543.ru;
2024-01-05;VAVADA548.ru;
2024-01-05;VAVADA575.ru;
2024-01-05;VAVADA576.ru;
2024-01-05;VAVADA579.ru;
2024-01-05;VAVADA770.ru;
2024-01-05;VAVADA771.ru;
2024-01-05;VAVADA772.ru;
2024-01-05;VAVADA773.ru;
2024-01-05;VAVADA774.ru;
2024-01-05;VAVADA776.ru;
2024-01-05;VAVADA807.ru;
2024-01-05;VAVADA809.ru;
2024-01-05;VAVADA818.ru;
2024-01-05;VAVADA847.ru;
2024-01-05;VAVADA889.ru;
2024-01-05;VAVADA906.ru;
2024-01-05;VBUGREEV.ru;
2024-01-05;VDEOUTKA.ru;
2024-01-05;VDIMTS.ru;
2024-01-05;VDPIXEL.ru;
2024-01-05;VDXNV.ru;
2024-01-05;VEDMED-ASTRO.ru;
2024-01-05;VELIKVOY.ru;
2024-01-05;VENTDIZAJN.ru;
2024-01-05;VERDINEN.ru;
2024-01-05;VERIFROSBPLAT.ru;
2024-01-05;VERNADTSKOGO-CIRQ.ru;
2024-01-05;VERSAO2.ru;
2024-01-05;VERYBIGBOSS.ru;
2024-01-05;VESELYASHCHII-GAZ.ru;
2024-01-05;VESELYJ-HVOST.ru;
2024-01-05;VETLUNCH.ru;
2024-01-05;VFX3D.ru;
2024-01-05;VGBDBR.ru;
2024-01-05;VGRIVA.ru;
2024-01-05;VIAGRAMIR.ru;
2024-01-05;VICKTORIASUW.ru;
2024-01-05;VICKTORIYA.ru;
2024-01-05;VICTORBAVUR.ru;
2024-01-05;VIDEOGRAFER.ru;
2024-01-05;VIDEOGRAPH-SHOP.ru;
2024-01-05;VIKAR-OIL.ru;
2024-01-05;VIKGRH.ru;
2024-01-05;VIKUPAUTO-76.ru;
2024-01-05;VILENAFAT.ru;
2024-01-05;VILLABIRAA62.ru;
2024-01-05;VILNISS.ru;
2024-01-05;VIMINAKOVA.ru;
2024-01-05;VINOGRADINKAMARIN.ru;
2024-01-05;VINT-SPB2005.ru;
2024-01-05;VIP-DATE.ru;
2024-01-05;VIP-PLEASURE.ru;
2024-01-05;VIPART24.ru;
2024-01-05;VIPGZ.ru;
2024-01-05;VIT9Z.ru;
2024-01-05;VITA-HERB.ru;
2024-01-05;VITALIK-HARIN.ru;
2024-01-05;VITALLIY.ru;
2024-01-05;VIVA-LADIES.ru;
2024-01-05;VIVAGIRLS.ru;
2024-01-05;VIVATKL.ru;
2024-01-05;VK-BLOCKIROVKA.ru;
2024-01-05;VK-PROVERKA.ru;
2024-01-05;VKUKARTSEV.ru;
2024-01-05;VLADFREEDMAN.ru;
2024-01-05;VLADIMIRBOBROV.ru;
2024-01-05;VLADIMIRKRISTINA.ru;
2024-01-05;VLADIMIROV-AV.ru;
2024-01-05;VLADIMIRZOLOTO12.ru;
2024-01-05;VLADKALASHNIKOV.ru;
2024-01-05;VLADU30.ru;
2024-01-05;VLAS-95.ru;
2024-01-05;VLASOV82.ru;
2024-01-05;VLEDENEVA.ru;
2024-01-05;VLEJER.ru;
2024-01-05;VMAREEVA.ru;
2024-01-05;VMIKLYAEW.ru;
2024-01-05;VMOMENTE09.ru;
2024-01-05;VODA-ROMANOVSKAYA.ru;
2024-01-05;VOENFORMOPT.ru;
2024-01-05;VOIDMTA.ru;
2024-01-05;VOIIR.ru;
2024-01-05;VOLCHKOVAOLGA.ru;
2024-01-05;VOLGICHI.ru;
2024-01-05;VOLKOVAO1984.ru;
2024-01-05;VOLTAPLEX.ru;
2024-01-05;VOLVO-TRUCK67.ru;
2024-01-05;VOLYAIRAZUM.ru;
2024-01-05;VOOL-STUDIO.ru;
2024-01-05;VOROTAITOCHKA.ru;
2024-01-05;VOSTMEBEL.ru;
2024-01-05;VOSTOK-DON.ru;
2024-01-05;VOTE-S.ru;
2024-01-05;VOVIKSTROY.ru;
2024-01-05;VOXZOGO.ru;
2024-01-05;VOYENNAYA-IPOTEKA.ru;
2024-01-05;VOZALEL.ru;
2024-01-05;VOZBUZHDAJ.ru;
2024-01-05;VOZBUZHDAT.ru;
2024-01-05;VPE4ERSKAYA.ru;
2024-01-05;VPUTINTSEV.ru;
2024-01-05;VR-MEDITACIA.ru;
2024-01-05;VROLIN.ru;
2024-01-05;VSEOIP.ru;
2024-01-05;VSEPROSHARM.ru;
2024-01-05;VSKSTRAHOVANIE.ru;
2024-01-05;VSNSORTA.ru;
2024-01-05;VTB-BONUS.ru;
2024-01-05;VTBCREDIT.ru;
2024-01-05;VTOLSTOVKE.ru;
2024-01-05;VTUDOR.ru;
2024-01-05;VTULKA-PRO.ru;
2024-01-05;VUESP.ru;
2024-01-05;VVOME.ru;
2024-01-05;VYACH-KUZMIN.ru;
2024-01-05;VYAZANIETOP.ru;
2024-01-05;VYKUPMASHIN54.ru;
2024-01-05;VYRUCHAIKAZAIM.ru;
2024-01-05;VYVERT80.ru;
2024-01-05;VZ-LOM.ru;
2024-01-05;VZGLIAD-TASHTYP.ru;
2024-01-05;VZLET-CENTR.ru;
2024-01-05;W-VOTE.ru;
2024-01-05;WABWEY.ru;
2024-01-05;WASSILEWSKI.ru;
2024-01-05;WAYKURS.ru;
2024-01-05;WBANALYST.ru;
2024-01-05;WEARSYNC.ru;
2024-01-05;WEB-ARTOX.ru;
2024-01-05;WEB-DEV-SITE.ru;
2024-01-05;WEBCAM-FREE.ru;
2024-01-05;WEBCAM-GIRLS-ONLINE.ru;
2024-01-05;WEBSHEDEVER.ru;
2024-01-05;WEBSITE-DA.ru;
2024-01-05;WEBSITE-MOSCOW.ru;
2024-01-05;WEBSMODEL.ru;
2024-01-05;WEBVITWORK.ru;
2024-01-05;WEDAGAMES.ru;
2024-01-05;WEDDDEN.ru;
2024-01-05;WEFIGHTDEPRESSION.ru;
2024-01-05;WESTBRAUN86ZX.ru;
2024-01-05;WHITE-ZUB.ru;
2024-01-05;WHITEBYTE.ru;
2024-01-05;WHITEDRAGON9.ru;
2024-01-05;WHITEPOINTDESIGN.ru;
2024-01-05;WIGSALON.ru;
2024-01-05;WIKIBIO.ru;
2024-01-05;WILDBERRIIEES.ru;
2024-01-05;WILDJOURNEY.ru;
2024-01-05;WILKTOR.ru;
2024-01-05;WIND-TUNNEL.ru;
2024-01-05;WINDOWSXP7811011.ru;
2024-01-05;WINDROSECLUB.ru;
2024-01-05;WINEDIPLOMACY.ru;
2024-01-05;WINEDIPLOMAT.ru;
2024-01-05;WIPSERVIS.ru;
2024-01-05;WITHOUTLOVENOTCOUNT.ru;
2024-01-05;WIXTOOL.ru;
2024-01-05;WIZART-TOO.ru;
2024-01-05;WK-UFA.ru;
2024-01-05;WMOSFED.ru;
2024-01-05;WOMAN-ZIMA.ru;
2024-01-05;WOMEN-INSTITUTE.ru;
2024-01-05;WONDERHALL.ru;
2024-01-05;WOOD299.ru;
2024-01-05;WORDPRESSDEV.ru;
2024-01-05;WORK-ANKETA.ru;
2024-01-05;WOW-LAND-CENTR.ru;
2024-01-05;WPLEV.ru;
2024-01-05;WREDMEDIA.ru;
2024-01-05;WREVER.ru;
2024-01-05;WRSN.ru;
2024-01-05;X-POKERCLUB.ru;
2024-01-05;X10CAPITAL.ru;
2024-01-05;XANSTVA.ru;
2024-01-05;XAUSTOVA.ru;
2024-01-05;XCPTN.ru;
2024-01-05;XDSGN.ru;
2024-01-05;XEROXSERVICE.ru;
2024-01-05;XGBELLOWS.ru;
2024-01-05;XH4L3.ru;
2024-01-05;XISTOR.ru;
2024-01-05;XNTOHX.ru;
2024-01-05;XOHIGHHEELS.ru;
2024-01-05;XOLOP2-2023.ru;
2024-01-05;XOLOP2-2024.ru;
2024-01-05;XOLOP2023.ru;
2024-01-05;XRAEK.ru;
2024-01-05;XSTYLE-SHOP.ru;
2024-01-05;XTK61.ru;
2024-01-05;XXX-AI.ru;
2024-01-05;YAKOV-IGOREVICH.ru;
2024-01-05;YAKUNINN.ru;
2024-01-05;YAKUSHEVAPROJECT.ru;
2024-01-05;YALTAALEXANDER.ru;
2024-01-05;YAMANTAKI.ru;
2024-01-05;YAMSKIH-DESING.ru;
2024-01-05;YAMUSTER.ru;
2024-01-05;YANDEX-BUSINESS-PROMO.ru;
2024-01-05;YANDEXD-KLOUN.ru;
2024-01-05;YANDEXRIDER.ru;
2024-01-05;YANINA-SALON.ru;
2024-01-05;YAX07.ru;
2024-01-05;YBORISOVP.ru;
2024-01-05;YCHITELYA922.ru;
2024-01-05;YEAGERTITAN.ru;
2024-01-05;YNOVKA.ru;
2024-01-05;YOCHESS.ru;
2024-01-05;YOGA-MONIKL.ru;
2024-01-05;YOOAI.ru;
2024-01-05;YOOCLOUD.ru;
2024-01-05;YOOIOT.ru;
2024-01-05;YOUR-BLISS.ru;
2024-01-05;YOUR-PERFECTION.ru;
2024-01-05;YOURREALITY.ru;
2024-01-05;YSENJU.ru;
2024-01-05;YUG-KEJTERING.ru;
2024-01-05;YULCHE16.ru;
2024-01-05;YULDASHEVATATIANA.ru;
2024-01-05;Z-VTB.ru;
2024-01-05;ZABOTAOMIRE.ru;
2024-01-05;ZAGRANPOEZDKI.ru;
2024-01-05;ZAIKA-B-DAY.ru;
2024-01-05;ZAIM-BOOSTY.ru;
2024-01-05;ZAJTSEV-K.ru;
2024-01-05;ZAKAZ-713812.ru;
2024-01-05;ZAKAZ7371.ru;
2024-01-05;ZAKAZAUTO41.ru;
2024-01-05;ZAKRZHEVSKIJ-PRO.ru;
2024-01-05;ZALALOV.ru;
2024-01-05;ZAMOKMASTER18.ru;
2024-01-05;ZAPLATIL-DOLG-2024.ru;
2024-01-05;ZAPOVOROTOM.ru;
2024-01-05;ZARJANKIN.ru;
2024-01-05;ZAROBJTAT82.ru;
2024-01-05;ZAYAVKA1.ru;
2024-01-05;ZAYEDHR.ru;
2024-01-05;ZDOROB48.ru;
2024-01-05;ZEMTZM.ru;
2024-01-05;ZEVS-STORE.ru;
2024-01-05;ZF-LIFETEC.ru;
2024-01-05;ZFLIFETEC.ru;
2024-01-05;ZH1GULIN.ru;
2024-01-05;ZH3SRT.ru;
2024-01-05;ZHANMILIMEROV.ru;
2024-01-05;ZHIRKOVA-ILLUSTRATION.ru;
2024-01-05;ZHIVI-V-KAIF.ru;
2024-01-05;ZHK-ONLINE.ru;
2024-01-05;ZHUKOV-FINCON.ru;
2024-01-05;ZIBUNOVA.ru;
2024-01-05;ZIGMAACTING.ru;
2024-01-05;ZILAIMYC.ru;
2024-01-05;ZINVAPEL.ru;
2024-01-05;ZMI946.ru;
2024-01-05;ZMIERSK.ru;
2024-01-05;ZNAFASBEKOVA.ru;
2024-01-05;ZNAKOMSTVE.ru;
2024-01-05;ZO-V.ru;
2024-01-05;ZO-VI.ru;
2024-01-05;ZOLOTOI-OVEN.ru;
2024-01-05;ZOLOTOJ-ULEJ-REST.ru;
2024-01-05;ZV-ANIMATOR.ru;
2024-01-05;ZVM-PRO.ru;
2024-01-06;050124.ru;
2024-01-06;0877.ru;
2024-01-06;09Q.ru;
2024-01-06;1-8SLOVO-PACONA.ru;
2024-01-06;1-LITR.ru;
2024-01-06;10-LITROV.ru;
2024-01-06;1000-RSB.ru;
2024-01-06;10000-BC-DOUBLEMAXRU.ru;
2024-01-06;100OSAGO.ru;
2024-01-06;101SITE.ru;
2024-01-06;11STYLEV.ru;
2024-01-06;1DOM-VL.ru;
2024-01-06;1FLASH.ru;
2024-01-06;1HOSTINGI.ru;
2024-01-06;1POPCORN.ru;
2024-01-06;1WIN-MIRROR12.ru;
2024-01-06;20-LITROV.ru;
2024-01-06;200-LITROV.ru;
2024-01-06;200LITROV.ru;
2024-01-06;2024GREENDRAGON.ru;
2024-01-06;2114-ZIMA.ru;
2024-01-06;21DQMBR.ru;
2024-01-06;23BOX.ru;
2024-01-06;24-7P.ru;
2024-01-06;24-7RU.ru;
2024-01-06;24-PU.ru;
2024-01-06;24-TRACK.ru;
2024-01-06;24HUSBANDTOGO.ru;
2024-01-06;24SAMSA.ru;
2024-01-06;29HZ.ru;
2024-01-06;2CSGO.ru;
2024-01-06;2DEATH.ru;
2024-01-06;2GLO.ru;
2024-01-06;2HOLOP2024.ru;
2024-01-06;2YURISTA.ru;
2024-01-06;3D-ONLINEFIT.ru;
2024-01-06;3D-WB.ru;
2024-01-06;3D-WORLDSTICKET.ru;
2024-01-06;3HTIM7Y.ru;
2024-01-06;3V-AGENCY.ru;
2024-01-06;4C518KB.ru;
2024-01-06;4EV3R.ru;
2024-01-06;4GDR.ru;
2024-01-06;4RING.ru;
2024-01-06;4VAG.ru;
2024-01-06;5-LITROV.ru;
2024-01-06;5003044.ru;
2024-01-06;56T1EVN.ru;
2024-01-06;66NEURO.ru;
2024-01-06;75W90.ru;
2024-01-06;77MEB.ru;
2024-01-06;7DOLLARS.ru;
2024-01-06;7KCASINOONLINE.ru;
2024-01-06;805NMZG.ru;
2024-01-06;8201.ru;
2024-01-06;90K-YETIRU.ru;
2024-01-06;9600BAUD.ru;
2024-01-06;9771934244.ru;
2024-01-06;A-STYLE-59.ru;
2024-01-06;A-VOTTING.ru;
2024-01-06;A56JQO4.ru;
2024-01-06;A7ZU4XC.ru;
2024-01-06;AAACOPYBAGS.ru;
2024-01-06;AAAREPLICABAGS.ru;
2024-01-06;AASOBOL.ru;
2024-01-06;AB-TEST.ru;
2024-01-06;ABALAKOFF.ru;
2024-01-06;ABCDEM.ru;
2024-01-06;ABDULLINASTYLE.ru;
2024-01-06;ABERNAD.ru;
2024-01-06;ABJIBP.ru;
2024-01-06;ABLJAZOV.ru;
2024-01-06;ABRAMELINA.ru;
2024-01-06;ABRAND-GROUP.ru;
2024-01-06;ABSOLUTPAYS.ru;
2024-01-06;AC-CHERY186.ru;
2024-01-06;AC-HAVAL186.ru;
2024-01-06;ACELLE.ru;
2024-01-06;ACGAPS.ru;
2024-01-06;ACRT2L0.ru;
2024-01-06;ACSMOBILE.ru;
2024-01-06;ACSMOBILEOPT.ru;
2024-01-06;ACTIVEPULSE.ru;
2024-01-06;ADEILLE.ru;
2024-01-06;ADELHUND.ru;
2024-01-06;ADELICIOUSHOUSE.ru;
2024-01-06;ADMIRAL-INVEST.ru;
2024-01-06;ADMIRAL-PERM.ru;
2024-01-06;ADMIRAL-STAR.ru;
2024-01-06;ADMIRAL-YAR.ru;
2024-01-06;ADMIRALISSIMUS.ru;
2024-01-06;ADMIRALSKYI.ru;
2024-01-06;ADMOBILKALUGA.ru;
2024-01-06;ADNEWSCONNECT.ru;
2024-01-06;ADPANTELEEV.ru;
2024-01-06;ADS-BOARD-KZ.ru;
2024-01-06;ADSTURBINE.ru;
2024-01-06;ADVODEFENCE.ru;
2024-01-06;ADVOKAT-VEREMEY.ru;
2024-01-06;ADVOKATEVRN.ru;
2024-01-06;AEK88.ru;
2024-01-06;AELITASEMENA.ru;
2024-01-06;AEROECSPRESS.ru;
2024-01-06;AEROEKXPRESS.ru;
2024-01-06;AEROEXPESS.ru;
2024-01-06;AEROEXRESS.ru;
2024-01-06;AFAN76.ru;
2024-01-06;AFESPRO.ru;
2024-01-06;AFILINOVA.ru;
2024-01-06;AFILIPPOVICH.ru;
2024-01-06;AFM-HOSTING.ru;
2024-01-06;AFRAME-K.ru;
2024-01-06;AFTERPUTIN.ru;
2024-01-06;AGATFASAD.ru;
2024-01-06;AGE-GUARD.ru;
2024-01-06;AGEGUARD.ru;
2024-01-06;AGENCYAGK.ru;
2024-01-06;AGLYCK.ru;
2024-01-06;AGONCHIKOVA.ru;
2024-01-06;AHEXFOP.ru;
2024-01-06;AHMED-NATALYKONDRA86.ru;
2024-01-06;AI-TG.ru;
2024-01-06;AIFRAME.ru;
2024-01-06;AILITA-SEMENA.ru;
2024-01-06;AILITASEMENA.ru;
2024-01-06;AIMARABIZNESATOMI.ru;
2024-01-06;AIRBNB-HELP.ru;
2024-01-06;AIROEXPRESS.ru;
2024-01-06;AITARO.ru;
2024-01-06;AITEQ.ru;
2024-01-06;AIXPHARM.ru;
2024-01-06;AIZVON.ru;
2024-01-06;AJBTIE.ru;
2024-01-06;AJEQR.ru;
2024-01-06;AJIBFT.ru;
2024-01-06;AJIBTC.ru;
2024-01-06;AJKZK.ru;
2024-01-06;AJZVJJ.ru;
2024-01-06;AKB03.ru;
2024-01-06;AKB14.ru;
2024-01-06;AKB25.ru;
2024-01-06;AKB28.ru;
2024-01-06;AKB75.ru;
2024-01-06;AKBARYUSUPOV.ru;
2024-01-06;AKBULAKSOSH3.ru;
2024-01-06;AKCENTKRASOTA-PROMO2.ru;
2024-01-06;AKLAVESIN.ru;
2024-01-06;AKONKOVA.ru;
2024-01-06;AKOSENKOV.ru;
2024-01-06;AKPROMO23.ru;
2024-01-06;AKT-NEDV.ru;
2024-01-06;AKTUALCONT.ru;
2024-01-06;ALAVTOLIGHT.ru;
2024-01-06;ALEKSANDR-OS.ru;
2024-01-06;ALEKSANDRAA.ru;
2024-01-06;ALEKSANDRPILOVETS.ru;
2024-01-06;ALENA-KUMARYA.ru;
2024-01-06;ALENAKALININA.ru;
2024-01-06;ALENAWISE.ru;
2024-01-06;ALESYAKHROMEY.ru;
2024-01-06;ALESYARAI.ru;
2024-01-06;ALEX-UTKIN.ru;
2024-01-06;ALEX4GAME.ru;
2024-01-06;ALEXANDER-PISKUNOV.ru;
2024-01-06;ALEXC.ru;
2024-01-06;ALEXEY-KLEYMENOV.ru;
2024-01-06;ALEXNEMYNOV.ru;
2024-01-06;ALEXNINE.ru;
2024-01-06;ALEXVISH.ru;
2024-01-06;ALFASEMINAR081223.ru;
2024-01-06;ALKO-STOP-NN.ru;
2024-01-06;ALL-HOSTINGI.ru;
2024-01-06;ALLCITYBROKER.ru;
2024-01-06;ALM-SERVICE.ru;
2024-01-06;ALPA-UTILS.ru;
2024-01-06;ALPHA-MC.ru;
2024-01-06;ALPHA-PE.ru;
2024-01-06;ALPHASTUDIO-PROD.ru;
2024-01-06;ALTAIAUTOTOUR.ru;
2024-01-06;ALTAYA-SEMENA.ru;
2024-01-06;ALTAYASEMENA.ru;
2024-01-06;ALTEC-ST.ru;
2024-01-06;ALUPTON.ru;
2024-01-06;AM2MIK.ru;
2024-01-06;AMAEVA1984.ru;
2024-01-06;AMAHANEVA.ru;
2024-01-06;AMAKARETS.ru;
2024-01-06;AMAWIT.ru;
2024-01-06;AMBASENMOS.ru;
2024-01-06;AMBEERS.ru;
2024-01-06;AMBERFISHING.ru;
2024-01-06;AMBERHONEY.ru;
2024-01-06;AMBERLOOT.ru;
2024-01-06;AMBERTRAVELS.ru;
2024-01-06;AMDMAX.ru;
2024-01-06;AMERICAN-MOVE.ru;
2024-01-06;AMMACODER.ru;
2024-01-06;AMODIN.ru;
2024-01-06;AMORELLE.ru;
2024-01-06;AMSONLINE.ru;
2024-01-06;ANAGINA.ru;
2024-01-06;ANASTASIAHAPPY.ru;
2024-01-06;AND4089.ru;
2024-01-06;ANDREI-K.ru;
2024-01-06;ANDREJKULESHOV.ru;
2024-01-06;ANICMS.ru;
2024-01-06;ANIMEII.ru;
2024-01-06;ANISABAKERY.ru;
2024-01-06;ANKARIAN-MC.ru;
2024-01-06;ANNA-PSYHOLOG.ru;
2024-01-06;ANNAGREY.ru;
2024-01-06;ANNAKONIUHOVA.ru;
2024-01-06;ANNAKONOL.ru;
2024-01-06;ANNAKULAKOVA.ru;
2024-01-06;ANNAPSYHOLOG.ru;
2024-01-06;ANO-STEP.ru;
2024-01-06;ANTA-KUZ.ru;
2024-01-06;ANTONBOBKOV.ru;
2024-01-06;ANTONDOMNITSKIY.ru;
2024-01-06;ANTONHIN.ru;
2024-01-06;ANTONILIN0882.ru;
2024-01-06;ANTONOVKA-KONKURS.ru;
2024-01-06;ANTONY29.ru;
2024-01-06;ANTUSHEVA.ru;
2024-01-06;ANYBES.ru;
2024-01-06;ANYWIG.ru;
2024-01-06;APALMIN.ru;
2024-01-06;APART-FRESH.ru;
2024-01-06;APARTMENTS38.ru;
2024-01-06;APARULAVA.ru;
2024-01-06;APELSEAN28.ru;
2024-01-06;APITUT.ru;
2024-01-06;APKPO.ru;
2024-01-06;APPLE-VPN.ru;
2024-01-06;APPLEKART.ru;
2024-01-06;APPPPP.ru;
2024-01-06;APTEKA-R.ru;
2024-01-06;AQORDA.ru;
2024-01-06;AQUASABI.ru;
2024-01-06;AQUASTYLERUSSIA.ru;
2024-01-06;ARA-INCO.ru;
2024-01-06;ARAMBOLSK.ru;
2024-01-06;ARAMEO.ru;
2024-01-06;ARBALETMEB.ru;
2024-01-06;ARBOCRM.ru;
2024-01-06;ARBOINFO.ru;
2024-01-06;ARBOSHOP.ru;
2024-01-06;ARCH-VSOYOUZE.ru;
2024-01-06;ARCHABDULLAEV.ru;
2024-01-06;ARCHYZ.ru;
2024-01-06;ARCPAY.ru;
2024-01-06;ARENDA-MULCHER.ru;
2024-01-06;ARENDA-TK.ru;
2024-01-06;AREONMINE.ru;
2024-01-06;ARGUNSKIY.ru;
2024-01-06;ARHITECTOFSITES.ru;
2024-01-06;ARIADNAFINANCE.ru;
2024-01-06;ARMANI4.ru;
2024-01-06;ARMORYSTORE.ru;
2024-01-06;AROEXPRESS.ru;
2024-01-06;AROMESTORE.ru;
2024-01-06;ARROEXPRESS.ru;
2024-01-06;ARSAUL-HOTEL.ru;
2024-01-06;ARSUHINARS.ru;
2024-01-06;ART-IRKUTSK.ru;
2024-01-06;ART-MOONSAND.ru;
2024-01-06;ART-PICASSO.ru;
2024-01-06;ART-SPECTRUM.ru;
2024-01-06;ARTASTYLE.ru;
2024-01-06;ARTCOASTDESIGN.ru;
2024-01-06;ARTCOASTSTUDIO.ru;
2024-01-06;ARTICLE-HACK.ru;
2024-01-06;ARTPATRIOT.ru;
2024-01-06;ARTPENOPLAST.ru;
2024-01-06;ARTSMIRNOFF.ru;
2024-01-06;ARTTL.ru;
2024-01-06;ARTUSHA.ru;
2024-01-06;AS-MARKELOVA.ru;
2024-01-06;ASAFIULLINA.ru;
2024-01-06;ASAMODUROV.ru;
2024-01-06;ASAPRONOV.ru;
2024-01-06;ASEDENKOVA.ru;
2024-01-06;ASEKSEMBAEV.ru;
2024-01-06;ASHVARTSMAN.ru;
2024-01-06;ASITKOV.ru;
2024-01-06;ASKO63.ru;
2024-01-06;ASPHALTSTROI.ru;
2024-01-06;ASPIRE-VIRGO.ru;
2024-01-06;ASSAY-PAGE.ru;
2024-01-06;ASSISTX.ru;
2024-01-06;ASSLINE.ru;
2024-01-06;ASSOLITER.ru;
2024-01-06;ASTAHOVAPHOTO.ru;
2024-01-06;ASTERVOICE.ru;
2024-01-06;ASTRONOAERO.ru;
2024-01-06;ATEREHINA.ru;
2024-01-06;ATIAYTON.ru;
2024-01-06;ATOM-KOMPLEKT.ru;
2024-01-06;AURORACASINOONLINE.ru;
2024-01-06;AUTENKO.ru;
2024-01-06;AUTH-UID.ru;
2024-01-06;AUTO-CHINA186.ru;
2024-01-06;AUTO-RAVE.ru;
2024-01-06;AUTODRIVE-RUSSIA.ru;
2024-01-06;AUTOPARTS35.ru;
2024-01-06;AUTORAVE.ru;
2024-01-06;AUTORVK.ru;
2024-01-06;AVALON-GAME.ru;
2024-01-06;AVATAR-WORLD.ru;
2024-01-06;AVATARIAGAME.ru;
2024-01-06;AVDEEVAFOTO.ru;
2024-01-06;AVIATOR-2024.ru;
2024-01-06;AVIATRIKS.ru;
2024-01-06;AVITONSM.ru;
2024-01-06;AVITOSVN.ru;
2024-01-06;AVJRET.ru;
2024-01-06;AVLADIMIROVNA.ru;
2024-01-06;AVTJKDSA.ru;
2024-01-06;AVTO-GARAJ.ru;
2024-01-06;AVTO-VIKUP-PERM.ru;
2024-01-06;AVTODELAEM.ru;
2024-01-06;AVTOZAPCHASSTI.ru;
2024-01-06;AVTOZAPCHASTI1.ru;
2024-01-06;AVTOZAPCHASTIZ.ru;
2024-01-06;AVZXV.ru;
2024-01-06;AZHIZHINA.ru;
2024-01-06;AZHULINA.ru;
2024-01-06;AZIZOCHKA.ru;
2024-01-06;AZIZWILDBERRIES.ru;
2024-01-06;B2B-CR.ru;
2024-01-06;BABEL-FISH.ru;
2024-01-06;BABRKITCHEN.ru;
2024-01-06;BABUSHARIP.ru;
2024-01-06;BACHKORTOSTAN.ru;
2024-01-06;BAHKORTOSTAN.ru;
2024-01-06;BAIKALNORD.ru;
2024-01-06;BAKULINLIFESTYLE.ru;
2024-01-06;BALASHOV-DESIGN.ru;
2024-01-06;BALKON-OTDELKA-SPB.ru;
2024-01-06;BANIKA-BANI67.ru;
2024-01-06;BANIKA-BANI68.ru;
2024-01-06;BANKROLLSTORE.ru;
2024-01-06;BANNOVA1.ru;
2024-01-06;BAPIN.ru;
2024-01-06;BARAN1.ru;
2024-01-06;BARANOVK.ru;
2024-01-06;BARANYCHEV.ru;
2024-01-06;BARGORA.ru;
2024-01-06;BARISTAPERM.ru;
2024-01-06;BASCHKORTOSTAN.ru;
2024-01-06;BASHIROVA-1.ru;
2024-01-06;BASKORTOSTAN.ru;
2024-01-06;BASKOV-1.ru;
2024-01-06;BASSEIN-IC.ru;
2024-01-06;BATLAEW.ru;
2024-01-06;BATUMI-TRAVEL.ru;
2024-01-06;BAUMGARTNER.ru;
2024-01-06;BAXILI-MOS.ru;
2024-01-06;BAXILI-MOS1.ru;
2024-01-06;BAXILI-MSK.ru;
2024-01-06;BAXILI-MSK1.ru;
2024-01-06;BAYARD-OMSK.ru;
2024-01-06;BAZA-CRM.ru;
2024-01-06;BAZAPOSTAVCHIK.ru;
2024-01-06;BAZARAKA.ru;
2024-01-06;BAZATI.ru;
2024-01-06;BAZOSKIDS.ru;
2024-01-06;BAZYAEVA.ru;
2024-01-06;BCAKFF.ru;
2024-01-06;BEATSS.ru;
2024-01-06;BEDGOWNBAKEHOUSE.ru;
2024-01-06;BEHTEREVKA.ru;
2024-01-06;BELGOROD-LADA.ru;
2024-01-06;BELOKRYLOVA.ru;
2024-01-06;BELOSOROCHA.ru;
2024-01-06;BENORICATS.ru;
2024-01-06;BEREGBIYA.ru;
2024-01-06;BESPROIGRISHNAYALOTEREYA.ru;
2024-01-06;BEST-BANI.ru;
2024-01-06;BEST-CS.ru;
2024-01-06;BESTAVTOSTO.ru;
2024-01-06;BESTCLEANERS.ru;
2024-01-06;BESTFINRU.ru;
2024-01-06;BESTSALE2024.ru;
2024-01-06;BESTSALE2024FACTORY.ru;
2024-01-06;BEZ-GARNIRA.ru;
2024-01-06;BEZGOOS.ru;
2024-01-06;BEZRUKOV-7.ru;
2024-01-06;BEZSKLEEK.ru;
2024-01-06;BFLQWEFB.ru;
2024-01-06;BFRTA.ru;
2024-01-06;BH-53.ru;
2024-01-06;BH53.ru;
2024-01-06;BIBLIODRUG.ru;
2024-01-06;BINGO1.ru;
2024-01-06;BINGOTOUR.ru;
2024-01-06;BIOHACKE.ru;
2024-01-06;BIOHACKERU.ru;
2024-01-06;BIOHAKE.ru;
2024-01-06;BIOHAKERU.ru;
2024-01-06;BIRKOVA.ru;
2024-01-06;BISTRIEZENGI24.ru;
2024-01-06;BITMIKI.ru;
2024-01-06;BITRIXTT.ru;
2024-01-06;BITRIXWEB.ru;
2024-01-06;BITSERVIS123.ru;
2024-01-06;BITZ-CASINO-AMP2.ru;
2024-01-06;BITZ-CASINO-AMP3.ru;
2024-01-06;BITZ-CASINO-AMP4.ru;
2024-01-06;BITZ-CASINO-AMP5.ru;
2024-01-06;BIZVTP.ru;
2024-01-06;BJAFDSJ.ru;
2024-01-06;BJEKKZ.ru;
2024-01-06;BJIEQ.ru;
2024-01-06;BJTEG.ru;
2024-01-06;BJZKS.ru;
2024-01-06;BJZRIQ.ru;
2024-01-06;BKIOHAJ.ru;
2024-01-06;BLACK-GAME77.ru;
2024-01-06;BLACKBIRDSTORE.ru;
2024-01-06;BLAGO-SVO.ru;
2024-01-06;BLAGODATSKAIA.ru;
2024-01-06;BLAGOY-GROUP.ru;
2024-01-06;BLAGOYGROUP.ru;
2024-01-06;BLESSX7.ru;
2024-01-06;BLESXAK.ru;
2024-01-06;BLOOOMY.ru;
2024-01-06;BLRGAME.ru;
2024-01-06;BLUESEVENTY.ru;
2024-01-06;BM4RKET.ru;
2024-01-06;BM54.ru;
2024-01-06;BNJFTE.ru;
2024-01-06;BNJSSS.ru;
2024-01-06;BO4AR0VAN.ru;
2024-01-06;BOARD-ADS-KZ.ru;
2024-01-06;BOARD-BULLETIN-KZ.ru;
2024-01-06;BOARD-NOTICE-FREE-KZ.ru;
2024-01-06;BOBBYHERMES.ru;
2024-01-06;BOBVAL.ru;
2024-01-06;BOCHKARYOVA.ru;
2024-01-06;BODY-DESIGN-24.ru;
2024-01-06;BODY-UNNV.ru;
2024-01-06;BOEV-7.ru;
2024-01-06;BOGATOV72.ru;
2024-01-06;BOGDAN330.ru;
2024-01-06;BOGDANOVA-NUTRITION.ru;
2024-01-06;BOOK2024.ru;
2024-01-06;BOOOM1.ru;
2024-01-06;BOOST-LABS.ru;
2024-01-06;BOOSTIKS.ru;
2024-01-06;BORGICH.ru;
2024-01-06;BORODKIN-7.ru;
2024-01-06;BORYA199191.ru;
2024-01-06;BOT-APPETITE.ru;
2024-01-06;BOT1SEARCH.ru;
2024-01-06;BOTALKA-SCHOOL.ru;
2024-01-06;BOTAN-RENT.ru;
2024-01-06;BOTANICAL-CERAMICS.ru;
2024-01-06;BOTOCRYPT.ru;
2024-01-06;BOTWORKSHOP.ru;
2024-01-06;BOX-PROMO.ru;
2024-01-06;BOXBERRY-ONLINE.ru;
2024-01-06;BOXRUN.ru;
2024-01-06;BOY1.ru;
2024-01-06;BPESFF.ru;
2024-01-06;BRAINOZAVRIKI.ru;
2024-01-06;BRAMS28.ru;
2024-01-06;BRAND-BROKER-IT.ru;
2024-01-06;BRANDEP.ru;
2024-01-06;BRANDNETREND.ru;
2024-01-06;BRANDPACKAGE23.ru;
2024-01-06;BRAVO43.ru;
2024-01-06;BRAVOLARISTO.ru;
2024-01-06;BRAZXI.ru;
2024-01-06;BREMENSKIEMUZYKANTY2025.ru;
2024-01-06;BRNCONQUISTJOGOS.ru;
2024-01-06;BRNJ0G0NAVEGADOR.ru;
2024-01-06;BRO-VTB.ru;
2024-01-06;BROTHERSOFBALL.ru;
2024-01-06;BROTK.ru;
2024-01-06;BS-ADMIRAL.ru;
2024-01-06;BUCHET.ru;
2024-01-06;BUDDY-GROOM.ru;
2024-01-06;BUDDY-VERSE.ru;
2024-01-06;BUILDRUSSIAFORUM.ru;
2024-01-06;BULKISS.ru;
2024-01-06;BULLETIN-BOARD-KZ.ru;
2024-01-06;BUMAGIA22.ru;
2024-01-06;BURKALTSEV.ru;
2024-01-06;BUSAKHIN.ru;
2024-01-06;BUY-ITEM.ru;
2024-01-06;BXDKACADEMY.ru;
2024-01-06;BYO-TEST.ru;
2024-01-06;BYSTRYJ-OTVET.ru;
2024-01-06;C7Y.ru;
2024-01-06;CABURA-GAME.ru;
2024-01-06;CAFE-REDGRAIN.ru;
2024-01-06;CAFE-WORLD.ru;
2024-01-06;CAFEROSHA.ru;
2024-01-06;CAKES40.ru;
2024-01-06;CANAKR.ru;
2024-01-06;CANELINS.ru;
2024-01-06;CANON-CENTR-SUPPORT.ru;
2024-01-06;CANON-I-SENSYS-LBP6000.ru;
2024-01-06;CANON-I-SENSYS-LBP6020.ru;
2024-01-06;CANON-I-SENSYS-LBP6020B.ru;
2024-01-06;CANON-I-SENSYS-LBP6030B.ru;
2024-01-06;CAR-GRAD.ru;
2024-01-06;CARCARYCH.ru;
2024-01-06;CARGO312.ru;
2024-01-06;CARLO-POLETTI.ru;
2024-01-06;CARPOFREM.ru;
2024-01-06;CARZINFO.ru;
2024-01-06;CASINO-GAMMA.ru;
2024-01-06;CASINO-VAVADA-ONLINE3.ru;
2024-01-06;CASINO-VAVADA-PLAY777X.ru;
2024-01-06;CASINO-VAVADA-PLAY777XY.ru;
2024-01-06;CASINO-VAVADA-PLAY7X.ru;
2024-01-06;CASINO-VAVADA-WIN77.ru;
2024-01-06;CASINO-VAVADA-WIN77777X.ru;
2024-01-06;CASINO-VAVADA-WIN7777X.ru;
2024-01-06;CASINO-VAVADA-WIN77XX.ru;
2024-01-06;CASINO-VAVADA77.ru;
2024-01-06;CASINO-VAVADA7777XX.ru;
2024-01-06;CASINO-VAVADA777X.ru;
2024-01-06;CASINOSVAVADA77777AX.ru;
2024-01-06;CASINOSVAVADA7BX.ru;
2024-01-06;CASINOVAVADAOF.ru;
2024-01-06;CASINOX-982.ru;
2024-01-06;CASSA-FADED.ru;
2024-01-06;CASSA-HALES.ru;
2024-01-06;CAT-CASINO-GAME.ru;
2024-01-06;CAT-CASINO38.ru;
2024-01-06;CAT-CASINO88A.ru;
2024-01-06;CATAPP.ru;
2024-01-06;CATBONUS.ru;
2024-01-06;CATCASINO4.ru;
2024-01-06;CATCASINO5.ru;
2024-01-06;CATCASINOO.ru;
2024-01-06;CATCASINOZ.ru;
2024-01-06;CATSITES.ru;
2024-01-06;CAWINE.ru;
2024-01-06;CBMCLUB.ru;
2024-01-06;CCKCOF8OFM9TC8G0PGP8.ru;
2024-01-06;CDEKDOGOVORA.ru;
2024-01-06;CDMID.ru;
2024-01-06;CEJJKR.ru;
2024-01-06;CEJJSA.ru;
2024-01-06;CELESTIALCONNECTIONS11.ru;
2024-01-06;CENTRGAS31.ru;
2024-01-06;CEPOSSZ.ru;
2024-01-06;CETTRG.ru;
2024-01-06;CFSOROKIN.ru;
2024-01-06;CHAIRMAN750.ru;
2024-01-06;CHAMPIONPIZZA.ru;
2024-01-06;CHAPTERSGAME.ru;
2024-01-06;CHASISTORE.ru;
2024-01-06;CHATGPT5-TURBO.ru;
2024-01-06;CHATGPTSHOP.ru;
2024-01-06;CHEAPSALES2024.ru;
2024-01-06;CHERNOVTIMUR.ru;
2024-01-06;CHESHIRKA.ru;
2024-01-06;CHILLCHEESE.ru;
2024-01-06;CHIN-CHIN-CAFE.ru;
2024-01-06;CHINAGOODSUS.ru;
2024-01-06;CHINALOGIA.ru;
2024-01-06;CHINESE-PARTS.ru;
2024-01-06;CHIPDIG.ru;
2024-01-06;CHISTYAKOFF-12976.ru;
2024-01-06;CHRISTINA-GERASKINA.ru;
2024-01-06;CINEMA-MALINA.ru;
2024-01-06;CISNATION.ru;
2024-01-06;CITYSWAN.ru;
2024-01-06;CJ86.ru;
2024-01-06;CJKZ.ru;
2024-01-06;CJTKR.ru;
2024-01-06;CKC-OK.ru;
2024-01-06;CKGTE.ru;
2024-01-06;CKHBM.ru;
2024-01-06;CKLAT312.ru;
2024-01-06;CLAYENKITTEN.ru;
2024-01-06;CLICK-HELP.ru;
2024-01-06;CLICK-HELPS.ru;
2024-01-06;CLICKS-HELP.ru;
2024-01-06;CLIMATEPRJ.ru;
2024-01-06;CLIPCAR.ru;
2024-01-06;CLOUD-SRV.ru;
2024-01-06;CLOUDKEEPING.ru;
2024-01-06;CLOUDSTROE.ru;
2024-01-06;CLUBNIKA-AQW.ru;
2024-01-06;CMKTHE.ru;
2024-01-06;CMQRZZ.ru;
2024-01-06;CMYKCOLOR.ru;
2024-01-06;COAL-WHOLESALE.ru;
2024-01-06;COBADONAT.ru;
2024-01-06;CODE-SENSE.ru;
2024-01-06;CODEFOLIO.ru;
2024-01-06;CODELABA.ru;
2024-01-06;CODINGGO.ru;
2024-01-06;COLLP.ru;
2024-01-06;COM-DEPO.ru;
2024-01-06;COMFORT-MODUL.ru;
2024-01-06;COMPANIONSHIP-MSK.ru;
2024-01-06;COMPANIONSHIP2024.ru;
2024-01-06;CONQUEROR-MOSKOW.ru;
2024-01-06;CONQUEROR-MSK.ru;
2024-01-06;CONQUEROR2024.ru;
2024-01-06;CONTENTBURO.ru;
2024-01-06;COOLSEPTIC.ru;
2024-01-06;COPULATION.ru;
2024-01-06;COPYLINGO.ru;
2024-01-06;COSMETIC-STYLE.ru;
2024-01-06;COSMETOLOGKRSK.ru;
2024-01-06;COTETCCZ.ru;
2024-01-06;COURSE-SYMMETRY-STROKE.ru;
2024-01-06;COURSONIX.ru;
2024-01-06;COZYBEAR.ru;
2024-01-06;COZYFEET.ru;
2024-01-06;COZYMOON.ru;
2024-01-06;CPXRG.ru;
2024-01-06;CRB-VARN.ru;
2024-01-06;CREDIT-RAY.ru;
2024-01-06;CRIMEA-KYOKUSHIN.ru;
2024-01-06;CRIMEADVOKAT.ru;
2024-01-06;CRISISACADEMY.ru;
2024-01-06;CRQHXSZ.ru;
2024-01-06;CRUSHTEST.ru;
2024-01-06;CRYSTALUNIVERSE.ru;
2024-01-06;CS-GET.ru;
2024-01-06;CS16-AMC.ru;
2024-01-06;CUBEFRAMEWORK.ru;
2024-01-06;CWLK.ru;
2024-01-06;CWTIMES.ru;
2024-01-06;D-PEREEZD.ru;
2024-01-06;D8MEBY2.ru;
2024-01-06;DAARYA.ru;
2024-01-06;DADDY-1.ru;
2024-01-06;DADDY-2.ru;
2024-01-06;DADDY-777.ru;
2024-01-06;DADDY-FUN.ru;
2024-01-06;DADDY-PLAY.ru;
2024-01-06;DADDY2.ru;
2024-01-06;DADDYCAZIK.ru;
2024-01-06;DADDYFUN.ru;
2024-01-06;DADDYY.ru;
2024-01-06;DAFTBRUS.ru;
2024-01-06;DAFX.ru;
2024-01-06;DAIJAZZU.ru;
2024-01-06;DALTONIQ.ru;
2024-01-06;DAMIRBOX.ru;
2024-01-06;DAN1314.ru;
2024-01-06;DANILINART.ru;
2024-01-06;DANSEM.ru;
2024-01-06;DARI-MECHTU.ru;
2024-01-06;DARINAZHU.ru;
2024-01-06;DARK-1WEB.ru;
2024-01-06;DARK-PURPLE.ru;
2024-01-06;DARKHARBOR.ru;
2024-01-06;DATES-NEON.ru;
2024-01-06;DATINGLOVE24.ru;
2024-01-06;DATYVYHODA.ru;
2024-01-06;DAVESOV.ru;
2024-01-06;DAVINCIBOXING.ru;
2024-01-06;DAW-SOFTWARE.ru;
2024-01-06;DAXLIR.ru;
2024-01-06;DAXTIME.ru;
2024-01-06;DDZXCD.ru;
2024-01-06;DEBET-OFFER.ru;
2024-01-06;DEBOZRT.ru;
2024-01-06;DEBZXV.ru;
2024-01-06;DECORRITO.ru;
2024-01-06;DEGRTLE.ru;
2024-01-06;DEIRIDESIGN.ru;
2024-01-06;DEKOR-MASTER12.ru;
2024-01-06;DEL-ZAYNULLIN.ru;
2024-01-06;DELAEMMOBIL.ru;
2024-01-06;DELAIMONEY.ru;
2024-01-06;DELIVERY-7549.ru;
2024-01-06;DELIVERY-ORDER312.ru;
2024-01-06;DELIVERY-WORK.ru;
2024-01-06;DELIVERY217.ru;
2024-01-06;DELIZHANS.ru;
2024-01-06;DELSA-FASHION.ru;
2024-01-06;DELUXEBAG.ru;
2024-01-06;DEMITRADE.ru;
2024-01-06;DEMOPVP.ru;
2024-01-06;DENARO-MYBAGS.ru;
2024-01-06;DENGI-V-DOLG-ZAIM.ru;
2024-01-06;DENGI-VSEMM.ru;
2024-01-06;DENGIMOI.ru;
2024-01-06;DENIS-GOLUBEV.ru;
2024-01-06;DENIS-MASLOV.ru;
2024-01-06;DENISANDRIIAKIN.ru;
2024-01-06;DENMIN.ru;
2024-01-06;DEOXIDIZER.ru;
2024-01-06;DESIGN-CRAFT.ru;
2024-01-06;DESIGN-SHTORI.ru;
2024-01-06;DESIGNINTERIERAMSK.ru;
2024-01-06;DESMOSERVICEPARTS.ru;
2024-01-06;DETSON.ru;
2024-01-06;DEVICE-PRO.ru;
2024-01-06;DEVISPLUS.ru;
2024-01-06;DEVKATESCHMIDDY.ru;
2024-01-06;DEVUSHKA-MOROZ.ru;
2024-01-06;DEZARD.ru;
2024-01-06;DG-BOB.ru;
2024-01-06;DGTEN.ru;
2024-01-06;DHITROV.ru;
2024-01-06;DIANA-SYCHEVA.ru;
2024-01-06;DIANOMI-LOGISTIC.ru;
2024-01-06;DIANOMI-LOGISTICS.ru;
2024-01-06;DIANOMILOGISTIC.ru;
2024-01-06;DIANOMILOGISTICS.ru;
2024-01-06;DIAPHONE.ru;
2024-01-06;DICH-MAFIA.ru;
2024-01-06;DIK228.ru;
2024-01-06;DIMA112.ru;
2024-01-06;DIMANTOSINA.ru;
2024-01-06;DIMCCOY.ru;
2024-01-06;DIMIKO.ru;
2024-01-06;DIMKO7.ru;
2024-01-06;DINA-WISDOM.ru;
2024-01-06;DINATELLI.ru;
2024-01-06;DIPLOM2U.ru;
2024-01-06;DIPLOM4SALE.ru;
2024-01-06;DIPLOMJET.ru;
2024-01-06;DISCONSUL.ru;
2024-01-06;DIZAYNKUHNI.ru;
2024-01-06;DIZELNOE-MASLO.ru;
2024-01-06;DJTKE.ru;
2024-01-06;DKAPSTUD.ru;
2024-01-06;DKARPUHIN.ru;
2024-01-06;DKAYUMOV.ru;
2024-01-06;DKBTM.ru;
2024-01-06;DKJTB.ru;
2024-01-06;DLYATAXI.ru;
2024-01-06;DMITRIJSUVOROV.ru;
2024-01-06;DMITRYDE.ru;
2024-01-06;DMKZX.ru;
2024-01-06;DMOSKOVKIN.ru;
2024-01-06;DMT-DOM.ru;
2024-01-06;DMTKW.ru;
2024-01-06;DMTTY.ru;
2024-01-06;DNCMOTO.ru;
2024-01-06;DNEVNIK-KABINET.ru;
2024-01-06;DOBROSELYE.ru;
2024-01-06;DOG-BREEDS.ru;
2024-01-06;DOGRZFZ.ru;
2024-01-06;DOKUMENTHOTEL.ru;
2024-01-06;DOLINA-YAUZI.ru;
2024-01-06;DOLINAYAUZI.ru;
2024-01-06;DOM-TANTSA-PROART.ru;
2024-01-06;DOMA-V-IPOTEKU.ru;
2024-01-06;DOMENUS990.ru;
2024-01-06;DOMGATE.ru;
2024-01-06;DOMMACHIN.ru;
2024-01-06;DOMNAMESAND.ru;
2024-01-06;DON-RP.ru;
2024-01-06;DONERTUCHKOVO.ru;
2024-01-06;DONTDIE.ru;
2024-01-06;DOOM1.ru;
2024-01-06;DOREPAY.ru;
2024-01-06;DOROHIN-1.ru;
2024-01-06;DOSAAF-BERDSK.ru;
2024-01-06;DOSHIKRECHNAYA.ru;
2024-01-06;DOSTAVKA-7459.ru;
2024-01-06;DOSTAVKA-FLUX.ru;
2024-01-06;DOTACC.ru;
2024-01-06;DOWN7.ru;
2024-01-06;DPC-BLOG.ru;
2024-01-06;DPFIRPO.ru;
2024-01-06;DPOROTIKOV.ru;
2024-01-06;DRAPKIN.ru;
2024-01-06;DRDUBININA.ru;
2024-01-06;DREAMALBOM.ru;
2024-01-06;DREAMFEEL.ru;
2024-01-06;DREAMVS.ru;
2024-01-06;DREJKING.ru;
2024-01-06;DREKW.ru;
2024-01-06;DREWFILMS.ru;
2024-01-06;DRIPCASINO-BEZOPASNO.ru;
2024-01-06;DRIPCASINO-OFFICIAL.ru;
2024-01-06;DRIPCASINO-ONLINE.ru;
2024-01-06;DRIVE-ESCORT.ru;
2024-01-06;DRO-STRELEC.ru;
2024-01-06;DRON-FPV.ru;
2024-01-06;DROZHANOVA.ru;
2024-01-06;DRUPAL-SECURITY.ru;
2024-01-06;DRUPALSECURITY.ru;
2024-01-06;DRYERTECH.ru;
2024-01-06;DSAMOTORS.ru;
2024-01-06;DTHPCT.ru;
2024-01-06;DTOPOR.ru;
2024-01-06;DUBAITAXI.ru;
2024-01-06;DUBAIVISTA.ru;
2024-01-06;DUBROVSKIJ-PRO.ru;
2024-01-06;DUCM39.ru;
2024-01-06;DUGOUT63.ru;
2024-01-06;DUSTGLASS.ru;
2024-01-06;DUX5SCF.ru;
2024-01-06;DVOBLIKOV.ru;
2024-01-06;DVORNIKOV-PRO.ru;
2024-01-06;DYR87.ru;
2024-01-06;DYSCRIPT.ru;
2024-01-06;DZENZALIVSTORI.ru;
2024-01-06;DZIANISMARKEVICH.ru;
2024-01-06;DZISHOP.ru;
2024-01-06;E-KREPEJ.ru;
2024-01-06;E-LTEH.ru;
2024-01-06;EARTHQDOTA.ru;
2024-01-06;EBJTRS.ru;
2024-01-06;EBSABNN.ru;
2024-01-06;ECHOLOT-STOR.ru;
2024-01-06;ECO-ZAKAZ.ru;
2024-01-06;ECODIGMA.ru;
2024-01-06;ECOMKA.ru;
2024-01-06;ECOYB.ru;
2024-01-06;EDANT.ru;
2024-01-06;EDUCAPLAY.ru;
2024-01-06;EDUCATION-GB.ru;
2024-01-06;EDYA89.ru;
2024-01-06;EFFECTPROFI.ru;
2024-01-06;EFI-1.ru;
2024-01-06;EFREMOVALASH.ru;
2024-01-06;EGAST.ru;
2024-01-06;EGE-ISTRA.ru;
2024-01-06;EGE2025.ru;
2024-01-06;EGE2026.ru;
2024-01-06;EGE2027.ru;
2024-01-06;EGE2028.ru;
2024-01-06;EGE2029.ru;
2024-01-06;EGE2030.ru;
2024-01-06;EGEBEZNERVOV.ru;
2024-01-06;EJKBMN.ru;
2024-01-06;EJTKR.ru;
2024-01-06;EJZJZD.ru;
2024-01-06;EKADERM.ru;
2024-01-06;EKATERINALESOVAYA.ru;
2024-01-06;EKATERINASVOEVOLINA.ru;
2024-01-06;EKO-ZAKAZ.ru;
2024-01-06;EKOSOUROVA.ru;
2024-01-06;EKOTORG-24.ru;
2024-01-06;EKOTORG24.ru;
2024-01-06;ELDARI.ru;
2024-01-06;ELDER-VANILLA.ru;
2024-01-06;ELECTRIC69.ru;
2024-01-06;ELEGANZABAG.ru;
2024-01-06;ELEKTROPRO72.ru;
2024-01-06;ELENA-ENISEY.ru;
2024-01-06;ELENA-LOGINOVA.ru;
2024-01-06;ELENA792007.ru;
2024-01-06;ELENABYX2009.ru;
2024-01-06;ELENAGREBNEVA.ru;
2024-01-06;ELENAOVSIY.ru;
2024-01-06;ELENART-STYLE.ru;
2024-01-06;ELENAZOLNIKOVA.ru;
2024-01-06;ELENTRENER.ru;
2024-01-06;ELISEEW697.ru;
2024-01-06;ELIT-JEWELRY.ru;
2024-01-06;ELITE-MINE.ru;
2024-01-06;ELITSTRAHOVANIE.ru;
2024-01-06;ELIZAURIST.ru;
2024-01-06;ELIZSAZART.ru;
2024-01-06;ELLAPARF.ru;
2024-01-06;ELLINACOPYWRITER.ru;
2024-01-06;ELMAREN.ru;
2024-01-06;ELMISHOPING.ru;
2024-01-06;EMAIL-VERIFIC.ru;
2024-01-06;EMANY.ru;
2024-01-06;EMPRESS8888.ru;
2024-01-06;ENCASH.ru;
2024-01-06;ENERGYAGRO.ru;
2024-01-06;ENERGYATV.ru;
2024-01-06;ENGLISH-ONLY.ru;
2024-01-06;ENJOYSKY.ru;
2024-01-06;ENMZV.ru;
2024-01-06;EPBGKN.ru;
2024-01-06;EPBTMK.ru;
2024-01-06;EPHBDG.ru;
2024-01-06;EPHSDT.ru;
2024-01-06;EPJY.ru;
2024-01-06;EPMZJB.ru;
2024-01-06;EPNBZK.ru;
2024-01-06;EPZXVF.ru;
2024-01-06;ERMOLAEVFOTO.ru;
2024-01-06;EROEXPRESS.ru;
2024-01-06;ERSTEMEDICAL.ru;
2024-01-06;ERSTESPORT.ru;
2024-01-06;ES-LYSENKO.ru;
2024-01-06;ESKOW666-HOSTINGI.ru;
2024-01-06;ESMANAGER.ru;
2024-01-06;ESMONT.ru;
2024-01-06;ESOLOVYEVA.ru;
2024-01-06;ETALONAVT.ru;
2024-01-06;ETALONJEWERLY.ru;
2024-01-06;ETOVLV.ru;
2024-01-06;EUROASIABEAUTY.ru;
2024-01-06;EUROPA-BONUS.ru;
2024-01-06;EUROSTYLE-SOCHI.ru;
2024-01-06;EVA763.ru;
2024-01-06;EVAK-SOS.ru;
2024-01-06;EVAKUATOR08.ru;
2024-01-06;EVENT-7.ru;
2024-01-06;EVESPRODUCTION.ru;
2024-01-06;EVGENIYZAHAROV.ru;
2024-01-06;EVISAIRAN.ru;
2024-01-06;EVOYG.ru;
2024-01-06;EVPLEKHANOVA.ru;
2024-01-06;EVPLIDER.ru;
2024-01-06;EVRASIA-TRADE.ru;
2024-01-06;EXISTETIC.ru;
2024-01-06;EXOSTONE.ru;
2024-01-06;EXPHOST.ru;
2024-01-06;EXPRESSALBOM.ru;
2024-01-06;EXPROMT-NA-SHKOLNOY.ru;
2024-01-06;EYE-OF-GOD-BOT.ru;
2024-01-06;EZMP.ru;
2024-01-06;EZNMBK.ru;
2024-01-06;F-START.ru;
2024-01-06;F-VOTTING.ru;
2024-01-06;F0ASA.ru;
2024-01-06;FABERLIC-24.ru;
2024-01-06;FABERLIC-MYSHOP.ru;
2024-01-06;FABERLICINFO.ru;
2024-01-06;FABLUBOV.ru;
2024-01-06;FABRIKAUFA.ru;
2024-01-06;FACEPLASKA.ru;
2024-01-06;FACEPLASTIKA.ru;
2024-01-06;FACTOY2024BEST.ru;
2024-01-06;FADED-CASSA.ru;
2024-01-06;FAKTBI.ru;
2024-01-06;FALCONE-INTERNATIONAL.ru;
2024-01-06;FAN-FICS.ru;
2024-01-06;FARMING-TOP.ru;
2024-01-06;FASHIONOPTIC.ru;
2024-01-06;FASHIONSITY.ru;
2024-01-06;FAST-ONLINE-ZAIM.ru;
2024-01-06;FASTZAEM.ru;
2024-01-06;FATHERPATRICE.ru;
2024-01-06;FAUNA-INFO.ru;
2024-01-06;FAVORITECHOICE.ru;
2024-01-06;FAZARK.ru;
2024-01-06;FEARIXAY.ru;
2024-01-06;FECHA21.ru;
2024-01-06;FEDOSOV-PRO.ru;
2024-01-06;FEEDBACKLY.ru;
2024-01-06;FEEDER-HELP.ru;
2024-01-06;FEELTHEWAY.ru;
2024-01-06;FENOMENALE.ru;
2024-01-06;FERRARIFILM.ru;
2024-01-06;FFOBOSTT.ru;
2024-01-06;FGHBA.ru;
2024-01-06;FGRIGZZ.ru;
2024-01-06;FINANCEMENT-ANTIC.ru;
2024-01-06;FINBERY.ru;
2024-01-06;FIND-DATA.ru;
2024-01-06;FINDVIZH.ru;
2024-01-06;FINDYOU2024.ru;
2024-01-06;FINE-ZAYM.ru;
2024-01-06;FINLDE.ru;
2024-01-06;FIREWORK-GAMES.ru;
2024-01-06;FIRST-LUCKY.ru;
2024-01-06;FIRST-WINNER24.ru;
2024-01-06;FIRSTPLACEDUBAI.ru;
2024-01-06;FISHINGINKALININGRAD.ru;
2024-01-06;FIT-ONLINE74.ru;
2024-01-06;FIT-SMARTSPORT.ru;
2024-01-06;FITNESKURSI.ru;
2024-01-06;FITNESOBUCHENIE.ru;
2024-01-06;FITNESSPORT74.ru;
2024-01-06;FITNESTRENERI.ru;
2024-01-06;FITNEWONLINE.ru;
2024-01-06;FITSMARTSPORT.ru;
2024-01-06;FIVEPAWNS.ru;
2024-01-06;FIX891.ru;
2024-01-06;FJGIR.ru;
2024-01-06;FJGR.ru;
2024-01-06;FJIGBP.ru;
2024-01-06;FJIGBS.ru;
2024-01-06;FJKTR.ru;
2024-01-06;FJKTSA.ru;
2024-01-06;FJMBK.ru;
2024-01-06;FJTRA.ru;
2024-01-06;FKKZXJ.ru;
2024-01-06;FLAGMAN36.ru;
2024-01-06;FLASHPLAYER-SKACHAT.ru;
2024-01-06;FLIPINSPB.ru;
2024-01-06;FLIRENSADOV.ru;
2024-01-06;FLIRTLIVE.ru;
2024-01-06;FLIWER-SHOPEE.ru;
2024-01-06;FLOR-FANTAZIYA.ru;
2024-01-06;FLOSME.ru;
2024-01-06;FLYBUGI.ru;
2024-01-06;FMEBEL64.ru;
2024-01-06;FNAF7.ru;
2024-01-06;FOLK-RSO.ru;
2024-01-06;FOND-OBEREG.ru;
2024-01-06;FONWEB.ru;
2024-01-06;FOR-EVERYONE-TRADER.ru;
2024-01-06;FORESTBRUS.ru;
2024-01-06;FORGEGRAM.ru;
2024-01-06;FORM-PRINT3D.ru;
2024-01-06;FORMPRINT3D.ru;
2024-01-06;FORTEPIANOLESSONS.ru;
2024-01-06;FORTUNA34.ru;
2024-01-06;FORTUNADRIVE.ru;
2024-01-06;FORTUNATOURS.ru;
2024-01-06;FORTUNE-TRAVEL.ru;
2024-01-06;FORTUNETRAVEL.ru;
2024-01-06;FOTON-ZAO.ru;
2024-01-06;FOTOPAMIAT.ru;
2024-01-06;FOTOPAMYAT.ru;
2024-01-06;FREE-NOTICE-BOARD-KZ.ru;
2024-01-06;FREEDOMAPARTS.ru;
2024-01-06;FRESHBALANCE.ru;
2024-01-06;FRESHYNEWS.ru;
2024-01-06;FRIDSHTAND.ru;
2024-01-06;FROLDOK1973.ru;
2024-01-06;FROMY.ru;
2024-01-06;FRONTENDCLUB.ru;
2024-01-06;FRYTAI.ru;
2024-01-06;FRYTHAI.ru;
2024-01-06;FTBIA.ru;
2024-01-06;FTIIGP.ru;
2024-01-06;FUCKUSA.ru;
2024-01-06;FUELROBOTICS3.ru;
2024-01-06;FUNCTIONSCHOOL.ru;
2024-01-06;FUND-MECHA.ru;
2024-01-06;FUPR.ru;
2024-01-06;FURYALEXMICHAELIDES.ru;
2024-01-06;FUTBOLKA-MOUNTAIN.ru;
2024-01-06;FUTORPLACE.ru;
2024-01-06;G12SPB.ru;
2024-01-06;G5K4B1R.ru;
2024-01-06;GABE-GAMES.ru;
2024-01-06;GAEVETS-7.ru;
2024-01-06;GAKOZHEVNIKOVA.ru;
2024-01-06;GALAXYE8.ru;
2024-01-06;GALINKA2702.ru;
2024-01-06;GALS-ONLINE.ru;
2024-01-06;GAME2024.ru;
2024-01-06;GAMMA-2.ru;
2024-01-06;GAMMA-777.ru;
2024-01-06;GAMMA-BET.ru;
2024-01-06;GAMMA2.ru;
2024-01-06;GAMMA777.ru;
2024-01-06;GAMMACASSINO.ru;
2024-01-06;GAMMACAZIK.ru;
2024-01-06;GARDENCENTERNALCHIK.ru;
2024-01-06;GARENAA.ru;
2024-01-06;GARIPOVAILONA.ru;
2024-01-06;GAZETAMINGITAU.ru;
2024-01-06;GB-KONSULT.ru;
2024-01-06;GBWORKSHOP.ru;
2024-01-06;GEEKKONA.ru;
2024-01-06;GELMANCARS.ru;
2024-01-06;GENERATORIC.ru;
2024-01-06;GENERATORICA.ru;
2024-01-06;GENIC-LEAN.ru;
2024-01-06;GENICLEAN.ru;
2024-01-06;GERENTI.ru;
2024-01-06;GET-HOSTING.ru;
2024-01-06;GET-REWARDED.ru;
2024-01-06;GETSC.ru;
2024-01-06;GEYNCHEI.ru;
2024-01-06;GGROMYKO.ru;
2024-01-06;GHETTOMONEY.ru;
2024-01-06;GHEVONDYAN.ru;
2024-01-06;GIGLIO-NERO.ru;
2024-01-06;GINGERBREADKOLOMNA.ru;
2024-01-06;GINGERBREADMUSEUMKOLOMNA.ru;
2024-01-06;GIORGY-SAFINA.ru;
2024-01-06;GIRLSBYKSENIA.ru;
2024-01-06;GISDOM96.ru;
2024-01-06;GJHTEQ.ru;
2024-01-06;GJTREK.ru;
2024-01-06;GJTRTE.ru;
2024-01-06;GKUSTAREV.ru;
2024-01-06;GLADYSHEVAYOGA.ru;
2024-01-06;GLAVSOSISKA.ru;
2024-01-06;GLBEER.ru;
2024-01-06;GLEA-MIX.ru;
2024-01-06;GLEAMIX.ru;
2024-01-06;GLENMAKLAUND.ru;
2024-01-06;GLOBAL-CDEK.ru;
2024-01-06;GLOBALCDEK.ru;
2024-01-06;GLOBEX-GPS.ru;
2024-01-06;GO-19.ru;
2024-01-06;GO-20.ru;
2024-01-06;GO-21.ru;
2024-01-06;GO-22.ru;
2024-01-06;GO-23.ru;
2024-01-06;GO-25.ru;
2024-01-06;GO22LM.ru;
2024-01-06;GOANSK.ru;
2024-01-06;GOFRHINO.ru;
2024-01-06;GOGOTOBEST.ru;
2024-01-06;GOLDMOTORSGROUP.ru;
2024-01-06;GOLOS-ONLINE.ru;
2024-01-06;GOLOSPARTICIPATTION.ru;
2024-01-06;GOLOSWHASTS.ru;
2024-01-06;GOOD-KVIZ.ru;
2024-01-06;GOOD-ZAIMY.ru;
2024-01-06;GOODWOODSTONE.ru;
2024-01-06;GOOGLELLC.ru;
2024-01-06;GOOPENSOURCE.ru;
2024-01-06;GOOT11.ru;
2024-01-06;GORA-DISK.ru;
2024-01-06;GORKY-RECORDS.ru;
2024-01-06;GORKYRECORDS.ru;
2024-01-06;GOROVOJ.ru;
2024-01-06;GORSHKOVAANNA.ru;
2024-01-06;GOSHORT.ru;
2024-01-06;GOSVON.ru;
2024-01-06;GOXTREMEFEST.ru;
2024-01-06;GP109SPB.ru;
2024-01-06;GPERDOMO.ru;
2024-01-06;GQWJRTT.ru;
2024-01-06;GQWRJG.ru;
2024-01-06;GRADTRAIN.ru;
2024-01-06;GRANDFATHER-CLOCK.ru;
2024-01-06;GRANDRAIN.ru;
2024-01-06;GRANDTREIN.ru;
2024-01-06;GRANDYRAIN.ru;
2024-01-06;GRANELLEGROUP.ru;
2024-01-06;GRANGTRAIN.ru;
2024-01-06;GRANI74.ru;
2024-01-06;GRANTTRAIN.ru;
2024-01-06;GRASSSHOP.ru;
2024-01-06;GREBENIKOV1.ru;
2024-01-06;GREEN-GEORGIA.ru;
2024-01-06;GREENGEORGIA.ru;
2024-01-06;GRIBO-KOT.ru;
2024-01-06;GRIFZPJ.ru;
2024-01-06;GRIM-99.ru;
2024-01-06;GRIM99.ru;
2024-01-06;GRINMANN.ru;
2024-01-06;GRJTREG.ru;
2024-01-06;GRMONTAGE.ru;
2024-01-06;GROMGEEK.ru;
2024-01-06;GRUNDFOSMSK.ru;
2024-01-06;GRUSHA-CAFE.ru;
2024-01-06;GRUUUFG.ru;
2024-01-06;GRUZ42.ru;
2024-01-06;GTARENT.ru;
2024-01-06;GTM-MMA.ru;
2024-01-06;GTOAPP.ru;
2024-01-06;GTVVCODE.ru;
2024-01-06;GUARDSMEN-KAVKAZ.ru;
2024-01-06;GUBKIN-RNM.ru;
2024-01-06;GUEENOFBUTTERFLIESLILI.ru;
2024-01-06;GURULEAD.ru;
2024-01-06;GURULIDS.ru;
2024-01-06;GUTABS.ru;
2024-01-06;GUUKB.ru;
2024-01-06;GYYGLA.ru;
2024-01-06;H-VOTTING.ru;
2024-01-06;HACCP56.ru;
2024-01-06;HAIRWER.ru;
2024-01-06;HALES-CASSA.ru;
2024-01-06;HARRYTECHPAGE.ru;
2024-01-06;HARSH-MOBILE.ru;
2024-01-06;HAUTECUISINE1.ru;
2024-01-06;HAVAL-IRK.ru;
2024-01-06;HBINALIEV.ru;
2024-01-06;HEYJESUS.ru;
2024-01-06;HGOST.ru;
2024-01-06;HHOLLLOP-2.ru;
2024-01-06;HHOLLLOPP-2.ru;
2024-01-06;HHOLLOPP-2.ru;
2024-01-06;HHOLLOPP2.ru;
2024-01-06;HIDRONIX.ru;
2024-01-06;HIGH-QUALITY-BAGS-AND-SHOES.ru;
2024-01-06;HIKIKOMORI81.ru;
2024-01-06;HIKOSEN-CARA.ru;
2024-01-06;HINAZUKI.ru;
2024-01-06;HISTORYMEBEL.ru;
2024-01-06;HITOZON.ru;
2024-01-06;HITWILDBERRIES.ru;
2024-01-06;HJJFD.ru;
2024-01-06;HJKRRE.ru;
2024-01-06;HJRIBS.ru;
2024-01-06;HJZ38W6.ru;
2024-01-06;HKDPUM0.ru;
2024-01-06;HMJBRT.ru;
2024-01-06;HOCKEY-HISTORY.ru;
2024-01-06;HOKKEYHYSTORY.ru;
2024-01-06;HOLD-1248.ru;
2024-01-06;HOLEODA.ru;
2024-01-06;HOLL-O-P-2.ru;
2024-01-06;HOLLO-P-2.ru;
2024-01-06;HOLLOP2024-2.ru;
2024-01-06;HOLLOPP-2-2023.ru;
2024-01-06;HOLLOPP-22024.ru;
2024-01-06;HOLLOPP2-2024.ru;
2024-01-06;HOLO-P2.ru;
2024-01-06;HOLOP-2024.ru;
2024-01-06;HOLOP-2025.ru;
2024-01-06;HOLOP2-2025.ru;
2024-01-06;HOLOP2025.ru;
2024-01-06;HOLOPP2-HD.ru;
2024-01-06;HOMEOFLUNA.ru;
2024-01-06;HONGQI-AUTOIMPORT.ru;
2024-01-06;HONGSHUN-INDUSTRIAL.ru;
2024-01-06;HOOOLLE.ru;
2024-01-06;HOPE0.ru;
2024-01-06;HOPRIK.ru;
2024-01-06;HOSTEL-HUNTING.ru;
2024-01-06;HOSTELNASHTYKOVA.ru;
2024-01-06;HOSTIING.ru;
2024-01-06;HOSTINGI-TOP.ru;
2024-01-06;HOSTINGI27.ru;
2024-01-06;HOSTINGIPODSAIT.ru;
2024-01-06;HOSTINGPULS.ru;
2024-01-06;HOSTISTAR.ru;
2024-01-06;HOT-HEART.ru;
2024-01-06;HOT-SIBERIA.ru;
2024-01-06;HOTELPLATAN.ru;
2024-01-06;HOTIKO.ru;
2024-01-06;HOUSE-KARKAS.ru;
2024-01-06;HP-LASERJET-P-1005.ru;
2024-01-06;HRUSTNOITOCHKA.ru;
2024-01-06;HTTPS-SIKCC.ru;
2024-01-06;HUMINTRADING.ru;
2024-01-06;HUSBANDTOGO.ru;
2024-01-06;HUURFJ.ru;
2024-01-06;HVPSHOP.ru;
2024-01-06;HWEFHUEWFHIUWEH.ru;
2024-01-06;HYDRANGEASTIME.ru;
2024-01-06;HZDDDZ.ru;
2024-01-06;HZJZX.ru;
2024-01-06;HZXBJDD.ru;
2024-01-06;HZXBJR.ru;
2024-01-06;I40IN.ru;
2024-01-06;IAMLINK.ru;
2024-01-06;IBELORUS.ru;
2024-01-06;ICHIRKIN.ru;
2024-01-06;ID-NEW.ru;
2024-01-06;ID-PAY7213.ru;
2024-01-06;ID-SEND.ru;
2024-01-06;ID03850.ru;
2024-01-06;ID3617.ru;
2024-01-06;ID3917.ru;
2024-01-06;ID479285.ru;
2024-01-06;ID485.ru;
2024-01-06;ID541642.ru;
2024-01-06;ID541647.ru;
2024-01-06;ID58071.ru;
2024-01-06;ID58072.ru;
2024-01-06;ID58073.ru;
2024-01-06;ID58074.ru;
2024-01-06;ID90385.ru;
2024-01-06;ID90908.ru;
2024-01-06;ID93502.ru;
2024-01-06;ID93504.ru;
2024-01-06;ID963785.ru;
2024-01-06;IDEAPLACE.ru;
2024-01-06;IDEMVSADIK.ru;
2024-01-06;IDVIT-FORMULA.ru;
2024-01-06;IDY-KYDA-HOCHY.ru;
2024-01-06;IFGS.ru;
2024-01-06;IGNALEX.ru;
2024-01-06;IGORKABANOV.ru;
2024-01-06;IGRAY-VAVADA.ru;
2024-01-06;IIBESSONOFF.ru;
2024-01-06;IISET.ru;
2024-01-06;IKB-NR.ru;
2024-01-06;IKOGAJ.ru;
2024-01-06;IKUROCHKIN.ru;
2024-01-06;ILDARBINANAS.ru;
2024-01-06;ILLADELPH.ru;
2024-01-06;ILLUGA.ru;
2024-01-06;ILYA-SAFONOV.ru;
2024-01-06;ILYALIN.ru;
2024-01-06;IMGPEAK.ru;
2024-01-06;IMOBILS.ru;
2024-01-06;IMPERIAL-MEBEL.ru;
2024-01-06;IMPERIUM-NIK.ru;
2024-01-06;IMPLANT-KREMLDENTA.ru;
2024-01-06;INAGMI.ru;
2024-01-06;INAMUHINA.ru;
2024-01-06;INCELCORE.ru;
2024-01-06;INDUSTRIALCONSULT.ru;
2024-01-06;INFANTTER1.ru;
2024-01-06;INFERNO-ROLEPLAY.ru;
2024-01-06;INFINITYRP.ru;
2024-01-06;INFO-MIDPASS.ru;
2024-01-06;INFO-PAYMS.ru;
2024-01-06;INFO1SEARCH.ru;
2024-01-06;INFOMIDPASS.ru;
2024-01-06;INK1R.ru;
2024-01-06;INKSLATE.ru;
2024-01-06;INNOVATORU.ru;
2024-01-06;INPRESSETS.ru;
2024-01-06;INTELLAW.ru;
2024-01-06;INTERFC.ru;
2024-01-06;INTERIOR-INFO.ru;
2024-01-06;INVERSUS.ru;
2024-01-06;INVEST-KCR.ru;
2024-01-06;INVESTFREE.ru;
2024-01-06;INVESTICII-OTZYV.ru;
2024-01-06;INVESTMENT-PROMO.ru;
2024-01-06;INVESTMENT-SURVEY.ru;
2024-01-06;IOSVISION.ru;
2024-01-06;IPCHANNEL.ru;
2024-01-06;IPEREVOZCHIKOVA.ru;
2024-01-06;IPOTEKASAFE.ru;
2024-01-06;IPOTEKASAVE.ru;
2024-01-06;IRINAKAZANKINA.ru;
2024-01-06;ISAEVV.ru;
2024-01-06;ISANINADIANA.ru;
2024-01-06;ISCANIA.ru;
2024-01-06;ISHMUL.ru;
2024-01-06;ISHTOPEL.ru;
2024-01-06;ISTANBULLU.ru;
2024-01-06;ISTOMIN-A.ru;
2024-01-06;ISTRASERVER.ru;
2024-01-06;IT-MAB.ru;
2024-01-06;IT5870.ru;
2024-01-06;ITPRODEXIM.ru;
2024-01-06;ITPULSAR.ru;
2024-01-06;IVANOVICH-7.ru;
2024-01-06;IVANOVIGOR2904.ru;
2024-01-06;IVLEEVALOTOBILET.ru;
2024-01-06;IZIKSHOP.ru;
2024-01-06;IZOTOVA1.ru;
2024-01-06;IZUMRUD-CLUB.ru;
2024-01-06;JAKRINKA.ru;
2024-01-06;JAN-DZHU.ru;
2024-01-06;JASIPINGOLSKI.ru;
2024-01-06;JCENTR.ru;
2024-01-06;JEAJITSU.ru;
2024-01-06;JENSKISAIT.ru;
2024-01-06;JETEM-ELEGANT.ru;
2024-01-06;JINGLE-BELLS2021.ru;
2024-01-06;JIVOJIVEMZEN.ru;
2024-01-06;JJSTYLE.ru;
2024-01-06;JKONSULT.ru;
2024-01-06;JMICVZR.ru;
2024-01-06;JMMARKETINGSCHOOL.ru;
2024-01-06;JNBORISOVA.ru;
2024-01-06;JNMV.ru;
2024-01-06;JOBWICK.ru;
2024-01-06;JOHNTITOR.ru;
2024-01-06;JOILLOKI.ru;
2024-01-06;JOY-HOME.ru;
2024-01-06;JOY-X.ru;
2024-01-06;JOYCHARTS.ru;
2024-01-06;JOYE-SIB.ru;
2024-01-06;JOYOFCHOICE.ru;
2024-01-06;JOYPETSTORE.ru;
2024-01-06;JOYPHONE.ru;
2024-01-06;JOYS1.ru;
2024-01-06;JOYSBLOG.ru;
2024-01-06;JOYSOAP.ru;
2024-01-06;JOZZCASINO24.ru;
2024-01-06;JPMORGANCHASSESIGNIN.ru;
2024-01-06;JPUPKEVICH.ru;
2024-01-06;JUJUBB.ru;
2024-01-06;JULIA-JERELY.ru;
2024-01-06;JULIA-JEWERLY.ru;
2024-01-06;JULOMAKINA.ru;
2024-01-06;JUNKER-FURNACE.ru;
2024-01-06;JURCHENKO-7.ru;
2024-01-06;JURIST-BUSINESS.ru;
2024-01-06;JURIST-OLGA-VIDYAEVA.ru;
2024-01-06;JUUVAROVA.ru;
2024-01-06;JV-SPIN-MEGA-BONUS.ru;
2024-01-06;JVSPIN-HELP.ru;
2024-01-06;JVSPIN-OFFICIALL.ru;
2024-01-06;JVSPINC.ru;
2024-01-06;KADETFM.ru;
2024-01-06;KADYPOL.ru;
2024-01-06;KADYROVA-WORK.ru;
2024-01-06;KAFEROSCHA.ru;
2024-01-06;KAIGORODTSEV74.ru;
2024-01-06;KALESAMI.ru;
2024-01-06;KANALIZACIYA-SPB.ru;
2024-01-06;KANSU.ru;
2024-01-06;KANTRSKRIP-SHOOL.ru;
2024-01-06;KARTHOLDING.ru;
2024-01-06;KAS-ONE.ru;
2024-01-06;KASYANES.ru;
2024-01-06;KATEDID.ru;
2024-01-06;KATERINALEE.ru;
2024-01-06;KATY-IVA22.ru;
2024-01-06;KATYAILDAR.ru;
2024-01-06;KATYASVET.ru;
2024-01-06;KAZACHENKO-SA.ru;
2024-01-06;KAZAKBRAIN.ru;
2024-01-06;KAZENNOV-7.ru;
2024-01-06;KAZIC.ru;
2024-01-06;KAZINO-GAMA-SAIT.ru;
2024-01-06;KBAEROTECH.ru;
2024-01-06;KEBIN.ru;
2024-01-06;KEMIE.ru;
2024-01-06;KENESOV-7.ru;
2024-01-06;KENTZERKALO.ru;
2024-01-06;KEPECO.ru;
2024-01-06;KERAMBEAT.ru;
2024-01-06;KERKEGOR.ru;
2024-01-06;KEYIDOF.ru;
2024-01-06;KEYSTOR.ru;
2024-01-06;KGMID.ru;
2024-01-06;KHNW8FX.ru;
2024-01-06;KIMBO09.ru;
2024-01-06;KIMEREY.ru;
2024-01-06;KINDBRAIN.ru;
2024-01-06;KINO-FADED.ru;
2024-01-06;KINO-HALES.ru;
2024-01-06;KINO-MALINA.ru;
2024-01-06;KINO4IKA.ru;
2024-01-06;KIPOXIS.ru;
2024-01-06;KIPPLAY.ru;
2024-01-06;KIRABAST.ru;
2024-01-06;KIRILL-NAZAROV.ru;
2024-01-06;KIRJAKOV.ru;
2024-01-06;KIRNA.ru;
2024-01-06;KISSELBOX.ru;
2024-01-06;KIT-MOSKOW.ru;
2024-01-06;KKA4.ru;
2024-01-06;KKKOTIQQQ.ru;
2024-01-06;KKSPB77.ru;
2024-01-06;KLIM212.ru;
2024-01-06;KLIMATINFOBET.ru;
2024-01-06;KLIMATINFOBETS.ru;
2024-01-06;KLIMATINFOINFOS.ru;
2024-01-06;KLIMATINFOJOB.ru;
2024-01-06;KLIMATINFOJOBS.ru;
2024-01-06;KLIMATINFOTOP.ru;
2024-01-06;KLIMATINFOTOPS.ru;
2024-01-06;KLPINFO.ru;
2024-01-06;KLSNKVA.ru;
2024-01-06;KLUMBA-NOVOSIBIRSK.ru;
2024-01-06;KLUMBANOVOSIBIRSK.ru;
2024-01-06;KLYEV.ru;
2024-01-06;KNIAGINIANATALIA.ru;
2024-01-06;KNIAGINIASVETLANA.ru;
2024-01-06;KNOPKATSGIRLS.ru;
2024-01-06;KNYAGINYAELENA.ru;
2024-01-06;KNYAGINYAIRINA.ru;
2024-01-06;KNYAGINYAMARGARITA.ru;
2024-01-06;KNYAZ-MEBEL.ru;
2024-01-06;KNYAZEVA-HAIRSTYLE.ru;
2024-01-06;KOFEYNYY-SIROP.ru;
2024-01-06;KOLBOV88.ru;
2024-01-06;KOLCOILOVEYOU.ru;
2024-01-06;KOLOMNAGINGERBREAD.ru;
2024-01-06;KOLOMNAGINGERBREADMUSEUM.ru;
2024-01-06;KOM47.ru;
2024-01-06;KOMIZA.ru;
2024-01-06;KOMPILETSKIY.ru;
2024-01-06;KOMPYUTERNOE-ZRENIE.ru;
2024-01-06;KOMSM.ru;
2024-01-06;KONKUR2024.ru;
2024-01-06;KONOFOLSKIYVE.ru;
2024-01-06;KONOPLEV-1.ru;
2024-01-06;KOPEYEV.ru;
2024-01-06;KOREAN-NANCY.ru;
2024-01-06;KOROLEVSOVET.ru;
2024-01-06;KORONASPORTA.ru;
2024-01-06;KOSHKINA-NAILS.ru;
2024-01-06;KOSMODASHA.ru;
2024-01-06;KOSTYAKLESOV.ru;
2024-01-06;KOTCHENOV-NICK.ru;
2024-01-06;KOTFRAG.ru;
2024-01-06;KOTIKLISOV.ru;
2024-01-06;KOVRIGINA-1.ru;
2024-01-06;KRAKENHRI.ru;
2024-01-06;KRANTICK.ru;
2024-01-06;KRAZMAEVA.ru;
2024-01-06;KREDO-KOMFORT.ru;
2024-01-06;KRESTSOBOR.ru;
2024-01-06;KRIPTOMANIA.ru;
2024-01-06;KROVGIDRO.ru;
2024-01-06;KRUTOZALILREG56.ru;
2024-01-06;KRYMOVEV.ru;
2024-01-06;KS-AKIMOVA-TOP.ru;
2024-01-06;KS-PETROGRAD.ru;
2024-01-06;KSDAN.ru;
2024-01-06;KSERO.ru;
2024-01-06;KSUKR789.ru;
2024-01-06;KUB3R.ru;
2024-01-06;KUBAN-AQUA.ru;
2024-01-06;KUENKELWAGNER.ru;
2024-01-06;KUHNI-MOSKVA1.ru;
2024-01-06;KUHNI-MOSKVA2.ru;
2024-01-06;KUHNIDOPOTOLKA.ru;
2024-01-06;KUHNYAIZMASSIVA.ru;
2024-01-06;KUKHTINOVA.ru;
2024-01-06;KUKILO.ru;
2024-01-06;KULAKOVA24.ru;
2024-01-06;KULAKOVAT.ru;
2024-01-06;KULER-EKB.ru;
2024-01-06;KUMANKOFF.ru;
2024-01-06;KUPAZ.ru;
2024-01-06;KUPITDOM1.ru;
2024-01-06;KUPITPROFNASTIL.ru;
2024-01-06;KUPRDIMA.ru;
2024-01-06;KURIE2382.ru;
2024-01-06;KURIE5482.ru;
2024-01-06;KURIER3232.ru;
2024-01-06;KURNIKOVPI.ru;
2024-01-06;KUROYAMI.ru;
2024-01-06;KVADRUFIKI.ru;
2024-01-06;KVARTIRANASUTKI03.ru;
2024-01-06;KVV0.ru;
2024-01-06;KZHATKIN.ru;
2024-01-06;L2UFC.ru;
2024-01-06;LA-BEAUTI.ru;
2024-01-06;LA-KLINIKA.ru;
2024-01-06;LA2ENJOY.ru;
2024-01-06;LA2WINGS.ru;
2024-01-06;LAB-INDUCTOR.ru;
2024-01-06;LABS-CASINO.ru;
2024-01-06;LADA-ON-RIVER.ru;
2024-01-06;LADY-WOLD-BY-WOLD.ru;
2024-01-06;LAGEROTDIHA.ru;
2024-01-06;LAIDI.ru;
2024-01-06;LAKMA-FRANCHISE.ru;
2024-01-06;LAMIDANKO.ru;
2024-01-06;LANAHALIALLI.ru;
2024-01-06;LAPONKA-COIN.ru;
2024-01-06;LARATRAVEL.ru;
2024-01-06;LARKADIJJ.ru;
2024-01-06;LAS6161.ru;
2024-01-06;LASTWARS.ru;
2024-01-06;LATOPICK.ru;
2024-01-06;LAVADELITON.ru;
2024-01-06;LD-MAIL.ru;
2024-01-06;LD-PAY21742.ru;
2024-01-06;LD-PAY21744.ru;
2024-01-06;LD-PAY23531.ru;
2024-01-06;LD-PAY23911.ru;
2024-01-06;LD-PAY42374.ru;
2024-01-06;LD-PAY53743.ru;
2024-01-06;LD-PAY54374.ru;
2024-01-06;LD-PAY57234.ru;
2024-01-06;LD-PAY75372.ru;
2024-01-06;LD-PAY77192.ru;
2024-01-06;LD-PAY77194.ru;
2024-01-06;LD-PAY77196.ru;
2024-01-06;LD-PAY91124.ru;
2024-01-06;LD15643.ru;
2024-01-06;LD416043.ru;
2024-01-06;LD41661.ru;
2024-01-06;LD51064.ru;
2024-01-06;LD51723.ru;
2024-01-06;LD56167.ru;
2024-01-06;LD69190.ru;
2024-01-06;LD71723.ru;
2024-01-06;LE-FORTUNA.ru;
2024-01-06;LEAD-DREAM.ru;
2024-01-06;LEADDREAM.ru;
2024-01-06;LEADER-EDU.ru;
2024-01-06;LEANLEX.ru;
2024-01-06;LEATHERCRAFTERS.ru;
2024-01-06;LEBEDEV89774564707.ru;
2024-01-06;LEDU-CLUB.ru;
2024-01-06;LEEOLEG.ru;
2024-01-06;LEGERA-STUDIO.ru;
2024-01-06;LEGZOCASINO-BUY.ru;
2024-01-06;LEGZOCASINO-ONE.ru;
2024-01-06;LEGZOKASINOZ.ru;
2024-01-06;LEGZOKASINOZ1.ru;
2024-01-06;LELYA71.ru;
2024-01-06;LENADOPLINSKA.ru;
2024-01-06;LENENESSI.ru;
2024-01-06;LENTV-SHOP.ru;
2024-01-06;LERUAMARLEN.ru;
2024-01-06;LESA40.ru;
2024-01-06;LESNOY64.ru;
2024-01-06;LESTNICA-DOMA.ru;
2024-01-06;LEVCASINOBONUS.ru;
2024-01-06;LEVIVATE.ru;
2024-01-06;LEXORANGE.ru;
2024-01-06;LFK-KIDS.ru;
2024-01-06;LGONCHARUK.ru;
2024-01-06;LIGA-SKACHAT.ru;
2024-01-06;LIKI-TEX.ru;
2024-01-06;LINEAGE-PVP.ru;
2024-01-06;LINEAGE21.ru;
2024-01-06;LINEN-ELEGANCE.ru;
2024-01-06;LINENELEGANCE.ru;
2024-01-06;LIPSIHA.ru;
2024-01-06;LIPSIHI.ru;
2024-01-06;LISI2024.ru;
2024-01-06;LISISTA.ru;
2024-01-06;LITATEX.ru;
2024-01-06;LITR-MASLA.ru;
2024-01-06;LIVECRMP.ru;
2024-01-06;LIXIANG-AUTOIMPORT.ru;
2024-01-06;LKRASHENININ.ru;
2024-01-06;LNOVOSELOVA.ru;
2024-01-06;LOG-GAMES.ru;
2024-01-06;LOGISTERIYA.ru;
2024-01-06;LOGIVARIUM.ru;
2024-01-06;LOLPAROL12345.ru;
2024-01-06;LOOKITRUSSIA.ru;
2024-01-06;LORUN.ru;
2024-01-06;LOSTHUB.ru;
2024-01-06;LOTTOBALL.ru;
2024-01-06;LOVE-FCKTORY.ru;
2024-01-06;LOVEFCKTORY.ru;
2024-01-06;LOVETRAVEL174.ru;
2024-01-06;LOWASPB.ru;
2024-01-06;LOWPRIORITY.ru;
2024-01-06;LROZHKOVA.ru;
2024-01-06;LUCHEREM.ru;
2024-01-06;LUCHIYREMONT.ru;
2024-01-06;LUCIDERESU.ru;
2024-01-06;LUCKY-JET-BONUS-1WIN.ru;
2024-01-06;LUCKY-JET7.ru;
2024-01-06;LUCKYJET-2024.ru;
2024-01-06;LUMITOOL.ru;
2024-01-06;LUXURY-GIRL.ru;
2024-01-06;LVBAGSCOPY.ru;
2024-01-06;LVELICHKINA.ru;
2024-01-06;M-KMS.ru;
2024-01-06;M-RP5.ru;
2024-01-06;M1RC2H.ru;
2024-01-06;M3T.ru;
2024-01-06;MACHINANEBOLEY.ru;
2024-01-06;MAESTROEGE.ru;
2024-01-06;MAESTROOGE.ru;
2024-01-06;MAESTROSCHOOL.ru;
2024-01-06;MAFINMAG.ru;
2024-01-06;MAGIC-HOST.ru;
2024-01-06;MAGNUS-MAG.ru;
2024-01-06;MAIL-102.ru;
2024-01-06;MAIL-365.ru;
2024-01-06;MAILPOTAP.ru;
2024-01-06;MAINNEWSBOT.ru;
2024-01-06;MAISONPARFUMS.ru;
2024-01-06;MAKI-MOSCOW.ru;
2024-01-06;MAKI-MSK.ru;
2024-01-06;MAKI-SPB.ru;
2024-01-06;MAKIMOSCOW.ru;
2024-01-06;MAKINOVOSIBIRSK.ru;
2024-01-06;MAKIROSEOPT.ru;
2024-01-06;MAKS-POPOV.ru;
2024-01-06;MAKSIM-MAIL.ru;
2024-01-06;MALEVAL.ru;
2024-01-06;MALIBU-SURGUT.ru;
2024-01-06;MALIEXPRESS.ru;
2024-01-06;MALOROSSY.ru;
2024-01-06;MALOVAAISINA.ru;
2024-01-06;MANGALHOUSE-VP.ru;
2024-01-06;MANITA-SUSHI.ru;
2024-01-06;MANTEL-CLOCK.ru;
2024-01-06;MARIA-IVANOVA.ru;
2024-01-06;MARIKASKOVA.ru;
2024-01-06;MARIMAN.ru;
2024-01-06;MARINAPLUTOVA.ru;
2024-01-06;MARKET-3D.ru;
2024-01-06;MARKET-GRASIA.ru;
2024-01-06;MARKETINGOOD.ru;
2024-01-06;MARKMAP.ru;
2024-01-06;MARTAEVENT.ru;
2024-01-06;MARYJANEBAR.ru;
2024-01-06;MASLOV888.ru;
2024-01-06;MASQI.ru;
2024-01-06;MASSAMEBEL.ru;
2024-01-06;MASSTECHNOLOGY.ru;
2024-01-06;MASTER-REMOHOLOD.ru;
2024-01-06;MASTER888DOM.ru;
2024-01-06;MASTERCARSERVIS.ru;
2024-01-06;MASTERPC38.ru;
2024-01-06;MASTERPROSTO.ru;
2024-01-06;MATRICA-SUDBY-RASSCHITAT.ru;
2024-01-06;MATRISRB.ru;
2024-01-06;MATSNEFF.ru;
2024-01-06;MAX-ISAKOV.ru;
2024-01-06;MAXBULGAKOV.ru;
2024-01-06;MAXF39.ru;
2024-01-06;MAXKEYT.ru;
2024-01-06;MAXPROTOPTEN.ru;
2024-01-06;MAZUR-PRO.ru;
2024-01-06;MBCDM11.ru;
2024-01-06;MBLLLLB.ru;
2024-01-06;MBUTYLIN.ru;
2024-01-06;MCHEREVAN.ru;
2024-01-06;MCVOST.ru;
2024-01-06;MDESTINY.ru;
2024-01-06;MDMID.ru;
2024-01-06;MDVGAFK.ru;
2024-01-06;ME-TV.ru;
2024-01-06;MEBEL-WIN.ru;
2024-01-06;MEBEL54-NSK.ru;
2024-01-06;MEBELGO24.ru;
2024-01-06;MEDEDTEC.ru;
2024-01-06;MEDEDTEH.ru;
2024-01-06;MEDETTECH.ru;
2024-01-06;MEDIC21.ru;
2024-01-06;MEDIUM-INVESTMENTS.ru;
2024-01-06;MEDLIFE102.ru;
2024-01-06;MEDNIKOVMATHPHY.ru;
2024-01-06;MEDVEDEVAANA0108.ru;
2024-01-06;MEGA-HOSTINGI.ru;
2024-01-06;MEGA-PROD.ru;
2024-01-06;MEGAPIT.ru;
2024-01-06;MEGASAKHTOUR.ru;
2024-01-06;MEGASTORUS.ru;
2024-01-06;MELBETZERKALO27TOP.ru;
2024-01-06;MELBETZERKALONEW.ru;
2024-01-06;MELNIKOV20.ru;
2024-01-06;MENTALCOLLECTION.ru;
2024-01-06;MERKULOV-PROEKT.ru;
2024-01-06;METIANEU.ru;
2024-01-06;MGSTUDIOVISHIVKA.ru;
2024-01-06;MID-PASS.ru;
2024-01-06;MIDDPASS.ru;
2024-01-06;MIDPESS.ru;
2024-01-06;MIDPSS.ru;
2024-01-06;MIDRASS.ru;
2024-01-06;MIDTOKEN.ru;
2024-01-06;MINYOU.ru;
2024-01-06;MIRATORG-SUPERMARKET.ru;
2024-01-06;MIRAVSTVO.ru;
2024-01-06;MIRBRONI.ru;
2024-01-06;MIRE-NA8999P.ru;
2024-01-06;MIRE-NA8999PYB.ru;
2024-01-06;MIRGAZA96.ru;
2024-01-06;MIRIBIA.ru;
2024-01-06;MIRONOVMATTHEW.ru;
2024-01-06;MIRTEYA.ru;
2024-01-06;MIS-S2007.ru;
2024-01-06;MISHA-BRAND.ru;
2024-01-06;MISOZ.ru;
2024-01-06;MIXTAPECAT.ru;
2024-01-06;MKHANIN.ru;
2024-01-06;MKIMPORT.ru;
2024-01-06;MKNORD.ru;
2024-01-06;MKUTS.ru;
2024-01-06;MKXO4GD.ru;
2024-01-06;MLAKUSTA.ru;
2024-01-06;MLDPASS.ru;
2024-01-06;MLEROYMERLIN.ru;
2024-01-06;MLKFRANCHISE.ru;
2024-01-06;MLMON.ru;
2024-01-06;MMICHAEL.ru;
2024-01-06;MNG-MODEL.ru;
2024-01-06;MOBITWEAK.ru;
2024-01-06;MODPASS.ru;
2024-01-06;MOHRA.ru;
2024-01-06;MOIFABERLIK-RU.ru;
2024-01-06;MOLELNAYA.ru;
2024-01-06;MOMOTYCH.ru;
2024-01-06;MONASTRY.ru;
2024-01-06;MONETAPAYS.ru;
2024-01-06;MONEY-GOOD.ru;
2024-01-06;MONEYCLAD.ru;
2024-01-06;MONIN-URAL.ru;
2024-01-06;MONO-MANIK.ru;
2024-01-06;MOONLADIES.ru;
2024-01-06;MOROZOVPRO.ru;
2024-01-06;MOSCOW-SRV.ru;
2024-01-06;MOSCOW5.ru;
2024-01-06;MOSCOWCITYLOVE12.ru;
2024-01-06;MOSEVROSTYLE.ru;
2024-01-06;MOSGORZABOR.ru;
2024-01-06;MOTEL-SKAZKA.ru;
2024-01-06;MOTELSKAZKA.ru;
2024-01-06;MOVEMENT2021.ru;
2024-01-06;MOZGOSHLIK.ru;
2024-01-06;MP-BVK.ru;
2024-01-06;MPOLIGON.ru;
2024-01-06;MQUARESMA.ru;
2024-01-06;MR-CARVER.ru;
2024-01-06;MRALEXX8745-WORK.ru;
2024-01-06;MRBO-BOLOHOV.ru;
2024-01-06;MRHURACAN.ru;
2024-01-06;MRP5.ru;
2024-01-06;MRSBOGATOVA.ru;
2024-01-06;MS63O8F.ru;
2024-01-06;MSA231FA.ru;
2024-01-06;MSK-1C.ru;
2024-01-06;MSK12.ru;
2024-01-06;MSYR.ru;
2024-01-06;MT0.ru;
2024-01-06;MTSENS.ru;
2024-01-06;MTVDITYD.ru;
2024-01-06;MUHOMORY93.ru;
2024-01-06;MUKANAEVA.ru;
2024-01-06;MUSHANOVA.ru;
2024-01-06;MUSIC-SNIPPETS.ru;
2024-01-06;MUTANT1752.ru;
2024-01-06;MUZEJKOLOMENSKOGOPRJANIKA.ru;
2024-01-06;MXVAR.ru;
2024-01-06;MY-CAKE.ru;
2024-01-06;MYAIEXPERT.ru;
2024-01-06;MYAVTOSERVIS.ru;
2024-01-06;MYDOMENONLY.ru;
2024-01-06;MYGCHINAANDREI.ru;
2024-01-06;MYPHOTOMEMORY.ru;
2024-01-06;MYSUPERSITES.ru;
2024-01-06;MYTESTDOMAIN2.ru;
2024-01-06;MYTGB.ru;
2024-01-06;MYZHNINADOMUMY24.ru;
2024-01-06;MZIMAN.ru;
2024-01-06;N94GI8S.ru;
2024-01-06;NA-VYBORY.ru;
2024-01-06;NABORCHASOV.ru;
2024-01-06;NABORNOSKOV.ru;
2024-01-06;NADEZHKINA-1.ru;
2024-01-06;NADVORETRAVA.ru;
2024-01-06;NADYA-MUSIC.ru;
2024-01-06;NADYATOCHKARU.ru;
2024-01-06;NAFANT111.ru;
2024-01-06;NAIFRIT.ru;
2024-01-06;NAISYS.ru;
2024-01-06;NAIVAEN.ru;
2024-01-06;NAKLEYKANN.ru;
2024-01-06;NANOGTYAX-SPB.ru;
2024-01-06;NASHA-KVASHA.ru;
2024-01-06;NATALINAZUEVA.ru;
2024-01-06;NATAPLU.ru;
2024-01-06;NATIONALLLOTTERY.ru;
2024-01-06;NATIONALOTTERY.ru;
2024-01-06;NATURA-RESTO.ru;
2024-01-06;NAVYBORY.ru;
2024-01-06;NAZARI-NAZRI.ru;
2024-01-06;NAZZZIA.ru;
2024-01-06;NCHICHURA.ru;
2024-01-06;ND-SERVICE.ru;
2024-01-06;NENASTYAZ.ru;
2024-01-06;NEON850.ru;
2024-01-06;NEOTERA.ru;
2024-01-06;NESTOR-SPB.ru;
2024-01-06;NETMYX.ru;
2024-01-06;NEURO-TEXT.ru;
2024-01-06;NEUROFLAVOR.ru;
2024-01-06;NEUROMARKETING-DIGITAL.ru;
2024-01-06;NEVSTOL-NVRS.ru;
2024-01-06;NEWAVTOSERVIS.ru;
2024-01-06;NEWCLEANSOLUTIONS.ru;
2024-01-06;NEWGBK.ru;
2024-01-06;NEWLIGHT-STYLE.ru;
2024-01-06;NEWS-ITE.ru;
2024-01-06;NEWSPORTALPRO.ru;
2024-01-06;NEWSREELS.ru;
2024-01-06;NEWSREKLAMA.ru;
2024-01-06;NEWTIMER.ru;
2024-01-06;NEWTONECLUB.ru;
2024-01-06;NGGDROP.ru;
2024-01-06;NIAZIT.ru;
2024-01-06;NICEHOSTEL33.ru;
2024-01-06;NIK159.ru;
2024-01-06;NIKOLAYZHDANOV.ru;
2024-01-06;NILANTRIUS.ru;
2024-01-06;NKOSHKAROV.ru;
2024-01-06;NLISTOVA.ru;
2024-01-06;NN-EVENT.ru;
2024-01-06;NOCOUNTERFEIT.ru;
2024-01-06;NOSKISTORE.ru;
2024-01-06;NOTAKANGA.ru;
2024-01-06;NOTESCOACH.ru;
2024-01-06;NOTICE-BOARD-FREE-KZ.ru;
2024-01-06;NOVACERAMIC.ru;
2024-01-06;NOVIKOV-MEDIA.ru;
2024-01-06;NOVIKOVSPB.ru;
2024-01-06;NOVIVECTOR.ru;
2024-01-06;NOVIYGODIDZEN.ru;
2024-01-06;NOVOSIBIRSK-GOROD.ru;
2024-01-06;NOZHNITSYART.ru;
2024-01-06;NPUCHKOV.ru;
2024-01-06;NS45.ru;
2024-01-06;NT2005.ru;
2024-01-06;NUDE-SERVICE.ru;
2024-01-06;NULLHOOK.ru;
2024-01-06;NURKENOVA.ru;
2024-01-06;NUTAK.ru;
2024-01-06;NUTQ.ru;
2024-01-06;NZAVOROHIN.ru;
2024-01-06;NZLO.ru;
2024-01-06;NZVUXLM.ru;
2024-01-06;OAKTREE-ENGLISH.ru;
2024-01-06;OCAGO-RAY.ru;
2024-01-06;OCHAROVANIE-RASTENIYI.ru;
2024-01-06;OCHKIOPRAVI.ru;
2024-01-06;OFD-ORD1252.ru;
2024-01-06;OFD-ORD3185.ru;
2024-01-06;OFD-ORD3431.ru;
2024-01-06;OFD-ORD3528.ru;
2024-01-06;OFD-ORD3832.ru;
2024-01-06;OFD-ORD5100.ru;
2024-01-06;OFD-ORD5427.ru;
2024-01-06;OFD-ORD6649.ru;
2024-01-06;OFD-ORD7090.ru;
2024-01-06;OFD-ORD7878.ru;
2024-01-06;OFD-ORD8021.ru;
2024-01-06;OFD-ORD8238.ru;
2024-01-06;OFD-ORD9303.ru;
2024-01-06;OFD-ORD9457.ru;
2024-01-06;OFD-ORD9873.ru;
2024-01-06;OFD4176.ru;
2024-01-06;OFD5908.ru;
2024-01-06;OFD7462.ru;
2024-01-06;OFFICIAL-SITE-VAVADA.ru;
2024-01-06;OFP-PROFI.ru;
2024-01-06;OGE2025.ru;
2024-01-06;OGE2026.ru;
2024-01-06;OGE2027.ru;
2024-01-06;OGE2028.ru;
2024-01-06;OGE2029.ru;
2024-01-06;OGE2030.ru;
2024-01-06;OGERULES.ru;
2024-01-06;OGG-BEAUTY.ru;
2024-01-06;OHTACITY.ru;
2024-01-06;OIU-SHOP.ru;
2024-01-06;OJESE.ru;
2024-01-06;OJUHCZI.ru;
2024-01-06;OKBARA.ru;
2024-01-06;OKEANLETA.ru;
2024-01-06;OKNAHITECHE.ru;
2024-01-06;OLD-MIX.ru;
2024-01-06;OLDTAVERN.ru;
2024-01-06;OLEG-PLOTNIKOV.ru;
2024-01-06;OLEGDESHUK.ru;
2024-01-06;OLESYAFEDOROVA.ru;
2024-01-06;OLGA-SIVAK.ru;
2024-01-06;OLLFO.ru;
2024-01-06;OLOLOFO.ru;
2024-01-06;OMAHOVA.ru;
2024-01-06;OMNIAGRO.ru;
2024-01-06;ONE-HOSTINGI.ru;
2024-01-06;ONEFACT.ru;
2024-01-06;ONEROX.ru;
2024-01-06;ONGELDIG7371-SERVICEINTERNATIONAAL.ru;
2024-01-06;ONION-KASINO.ru;
2024-01-06;ONLIMOVE.ru;
2024-01-06;ONLINE-LPU.ru;
2024-01-06;ONLINE-PROFITS.ru;
2024-01-06;ONLINEFIT3D.ru;
2024-01-06;ONLINEKASSIRS.ru;
2024-01-06;ONLINEWORK83.ru;
2024-01-06;ONSTYLESALON.ru;
2024-01-06;OOOKOMILFO.ru;
2024-01-06;OORG1.ru;
2024-01-06;OPENKROKZO.ru;
2024-01-06;OPENMP-RP.ru;
2024-01-06;OPENSOURCE360.ru;
2024-01-06;OPLATA3273.ru;
2024-01-06;OPLATA3283.ru;
2024-01-06;OPTOMSIMBEZLIM.ru;
2024-01-06;OPTSTYLES.ru;
2024-01-06;ORD2140.ru;
2024-01-06;ORD389285.ru;
2024-01-06;ORDER-1200.ru;
2024-01-06;ORDER-1580.ru;
2024-01-06;ORDER-4653.ru;
2024-01-06;ORDER-8266.ru;
2024-01-06;ORDER-ID4662.ru;
2024-01-06;ORDER-ID8710.ru;
2024-01-06;ORDER0688.ru;
2024-01-06;ORDER2901.ru;
2024-01-06;ORDER5087.ru;
2024-01-06;ORDER5648.ru;
2024-01-06;ORDER7690.ru;
2024-01-06;ORDER8001.ru;
2024-01-06;ORDER8099.ru;
2024-01-06;ORDER9070.ru;
2024-01-06;ORGEAF.ru;
2024-01-06;ORGEAP.ru;
2024-01-06;ORTOMEDICINE.ru;
2024-01-06;OSAFTV.ru;
2024-01-06;OSKINAAA.ru;
2024-01-06;OST790.ru;
2024-01-06;OSTEKLENIE-BALKONOV-MSK.ru;
2024-01-06;OSTRALIST.ru;
2024-01-06;OSTROVERKHOVA.ru;
2024-01-06;OTDELKA-BALKONA-CHELYABINSK.ru;
2024-01-06;OTDELKA-BALKONA-KRD.ru;
2024-01-06;OTDELKA-BALKONA-VRN.ru;
2024-01-06;OTOCLINIC.ru;
2024-01-06;OTT-1.ru;
2024-01-06;OTTOJUNKER.ru;
2024-01-06;OTVETY-TESTY.ru;
2024-01-06;OUTLETSALE2024.ru;
2024-01-06;OUTLETSHOP2024.ru;
2024-01-06;OVANIK.ru;
2024-01-06;OVERSEAS-REAL-ESTATE.ru;
2024-01-06;OXIMITOXAMIN.ru;
2024-01-06;OZAVARINA.ru;
2024-01-06;OZON-PUNKT.ru;
2024-01-06;PADELMAG.ru;
2024-01-06;PAGAST.ru;
2024-01-06;PAIZON.ru;
2024-01-06;PAKETON24.ru;
2024-01-06;PALUNIN.ru;
2024-01-06;PANABRIKO.ru;
2024-01-06;PANDORACPES.ru;
2024-01-06;PANEESALAME.ru;
2024-01-06;PANEL-KI.ru;
2024-01-06;PAPILIN-ARBITR.ru;
2024-01-06;PARADNICOLE.ru;
2024-01-06;PARIFRIBET.ru;
2024-01-06;PARKKUR.ru;
2024-01-06;PART1R.ru;
2024-01-06;PARTNER-HOST.ru;
2024-01-06;PARTNERKID.ru;
2024-01-06;PARTNERPROWEB.ru;
2024-01-06;PARTNERSHIP-CLUB.ru;
2024-01-06;PARTNERSHIP-SUCCESS.ru;
2024-01-06;PASLAIN.ru;
2024-01-06;PASSGAM.ru;
2024-01-06;PASSGAMES.ru;
2024-01-06;PASSGEME.ru;
2024-01-06;PASSINE.ru;
2024-01-06;PASSLAIN.ru;
2024-01-06;PASSLANE.ru;
2024-01-06;PASSLIEN.ru;
2024-01-06;PASSLIN.ru;
2024-01-06;PATCHERLUCKY.ru;
2024-01-06;PAVELSOYFER.ru;
2024-01-06;PAVLOVA1204.ru;
2024-01-06;PAWSYMASKED-MC.ru;
2024-01-06;PAY-ID098431.ru;
2024-01-06;PAY-ID103543.ru;
2024-01-06;PAY-ID124742.ru;
2024-01-06;PAY-ID317312.ru;
2024-01-06;PAY-ID345611.ru;
2024-01-06;PAY-ID492013.ru;
2024-01-06;PAY-ID5416.ru;
2024-01-06;PAY-ID6571.ru;
2024-01-06;PAY-ID729014.ru;
2024-01-06;PAY-ID753622.ru;
2024-01-06;PAY-ID765234.ru;
2024-01-06;PAY-ID789431.ru;
2024-01-06;PAY-ID832114.ru;
2024-01-06;PAY-ID890733.ru;
2024-01-06;PAY720653.ru;
2024-01-06;PAYDEF.ru;
2024-01-06;PAYDEFOULTED.ru;
2024-01-06;PAYMENT-256.ru;
2024-01-06;PAYMENT-257.ru;
2024-01-06;PAYMENT-258.ru;
2024-01-06;PAYMENT-259.ru;
2024-01-06;PAYMENT-260.ru;
2024-01-06;PAYMENT-261.ru;
2024-01-06;PAYNEST.ru;
2024-01-06;PEAST.ru;
2024-01-06;PECHI-IZ-TALKOHLORITA-24.ru;
2024-01-06;PEDAST.ru;
2024-01-06;PEGADT.ru;
2024-01-06;PEGASY.ru;
2024-01-06;PEGATS.ru;
2024-01-06;PEGST.ru;
2024-01-06;PEN1.ru;
2024-01-06;PENKOV-1.ru;
2024-01-06;PENOBETONURAL.ru;
2024-01-06;PENTKADASHA.ru;
2024-01-06;PEOPLES-FAVORITE.ru;
2024-01-06;PERETYAZHKASUPER.ru;
2024-01-06;PERFECT-WATCH-CENTER.ru;
2024-01-06;PERFECTWATCHCENTER.ru;
2024-01-06;PERM-MY-MAIL.ru;
2024-01-06;PERMACULTURY.ru;
2024-01-06;PETRUSHKOVI.ru;
2024-01-06;PGAST.ru;
2024-01-06;PGWS.ru;
2024-01-06;PHANTOM-MOSCOW.ru;
2024-01-06;PHOQUE.ru;
2024-01-06;PHREMEZOVA.ru;
2024-01-06;PHYS9.ru;
2024-01-06;PIERCINGORENBURG.ru;
2024-01-06;PIERCINGZONE.ru;
2024-01-06;PIERREBOSSI.ru;
2024-01-06;PIKNIKVSADU.ru;
2024-01-06;PIKUREMONTNOYTBUK24.ru;
2024-01-06;PIN-UP-CASINO-1-24.ru;
2024-01-06;PIN-UP-CASINO-2-24.ru;
2024-01-06;PIN-UP-CASINO-3-24.ru;
2024-01-06;PIN-UP808.ru;
2024-01-06;PIPELINE-WALD.ru;
2024-01-06;PIPELINE-WEB.ru;
2024-01-06;PIPELINEWEB.ru;
2024-01-06;PIROGI-LG.ru;
2024-01-06;PISKUNOVALEXANDER.ru;
2024-01-06;PIX1.ru;
2024-01-06;PIXEL-MINE.ru;
2024-01-06;PIZDAKOTENKY.ru;
2024-01-06;PK-EMPIRE.ru;
2024-01-06;PKERN.ru;
2024-01-06;PLAKSIN-TOP.ru;
2024-01-06;PLANTFOCUS.ru;
2024-01-06;PLAST-TOP.ru;
2024-01-06;PLAY-DADDY.ru;
2024-01-06;PLAY-FORTUNA-1CASINO.ru;
2024-01-06;PLAY-TODAY1.ru;
2024-01-06;PLAY-TODAY2.ru;
2024-01-06;PLAY2XXM.ru;
2024-01-06;PLAYDADDY.ru;
2024-01-06;PLAYONLINEDADDY.ru;
2024-01-06;PLAYSFORTUNA.ru;
2024-01-06;PLAYWAR.ru;
2024-01-06;PLAYXSOCIALXCASINOX.ru;
2024-01-06;PLESHAKOV06.ru;
2024-01-06;PLINTUS-OK.ru;
2024-01-06;PLITKA-FEM.ru;
2024-01-06;PLOTNIKOV91.ru;
2024-01-06;PMRESALE.ru;
2024-01-06;PN-SOFT.ru;
2024-01-06;PNEVMA-SPB.ru;
2024-01-06;PODOROVA.ru;
2024-01-06;POEHALIKARELIA.ru;
2024-01-06;POETHOUSE.ru;
2024-01-06;POETS2.ru;
2024-01-06;POGRUZCHIK-VILOCHNYY.ru;
2024-01-06;POINT-SHOW.ru;
2024-01-06;POLIGENM.ru;
2024-01-06;POLINA-BRYLEVA.ru;
2024-01-06;POLISED.ru;
2024-01-06;POMOGAEV70.ru;
2024-01-06;POMOGU1C.ru;
2024-01-06;PONTELEEV.ru;
2024-01-06;POOLNSK.ru;
2024-01-06;POPOV2.ru;
2024-01-06;POPOVAAE.ru;
2024-01-06;PORTNOVEK.ru;
2024-01-06;PORTRETCLIENTA.ru;
2024-01-06;PORTRETKLIENTA.ru;
2024-01-06;PORYADOK-HR.ru;
2024-01-06;POSITIVEFORHEALTH.ru;
2024-01-06;POSSHLLYAK.ru;
2024-01-06;POTYOMKINA.ru;
2024-01-06;POWDER-MIXER.ru;
2024-01-06;POWLEAN.ru;
2024-01-06;PRAZDNK.ru;
2024-01-06;PRED-SHKOLA.ru;
2024-01-06;PREEVENT.ru;
2024-01-06;PREEVENTS.ru;
2024-01-06;PREMIUMTGBOT.ru;
2024-01-06;PRIDE-SOCIETY.ru;
2024-01-06;PRIME-X-STUDIO.ru;
2024-01-06;PRIMEXSTUDIO.ru;
2024-01-06;PRINTER-PERM.ru;
2024-01-06;PRINTMSW.ru;
2024-01-06;PRINTWISE.ru;
2024-01-06;PRIUT-SUN.ru;
2024-01-06;PRIVATKI.ru;
2024-01-06;PRO-DOXOD.ru;
2024-01-06;PRO-HOSTING1.ru;
2024-01-06;PRO-PLASTER25.ru;
2024-01-06;PRO-PLASTER58.ru;
2024-01-06;PRO-SGAVTO.ru;
2024-01-06;PRO-SVOBODU.ru;
2024-01-06;PROAQUALION.ru;
2024-01-06;PROAVTOINFO.ru;
2024-01-06;PRODUCT-7.ru;
2024-01-06;PRODUCTION-LOGISTICS.ru;
2024-01-06;PRODUCTIZDEREVNI.ru;
2024-01-06;PRODUKTYFERMERA.ru;
2024-01-06;PRODUKTYIZDEREVNI.ru;
2024-01-06;PROEKT-PROF.ru;
2024-01-06;PROF-HOST.ru;
2024-01-06;PROFESSOR-GOGIN5.ru;
2024-01-06;PROFI-HOSTING.ru;
2024-01-06;PROFSTORUS.ru;
2024-01-06;PROGNOZE.ru;
2024-01-06;PROGREBIMILLION.ru;
2024-01-06;PROGRESS-AO.ru;
2024-01-06;PROJECTASU.ru;
2024-01-06;PROJECTX-HOOKAH.ru;
2024-01-06;PROKMARGO.ru;
2024-01-06;PROKRIPTA.ru;
2024-01-06;PROKRIPTO.ru;
2024-01-06;PROMENAD-KRD.ru;
2024-01-06;PROMIR-123.ru;
2024-01-06;PROMISHLENNOE-ZRENIE.ru;
2024-01-06;PROMO-NEDV.ru;
2024-01-06;PRONQX.ru;
2024-01-06;PROPEREEZD24.ru;
2024-01-06;PROPINSIDER.ru;
2024-01-06;PROPWORKSHOP.ru;
2024-01-06;PRORASTIM.ru;
2024-01-06;PROSEOPLUS.ru;
2024-01-06;PROSHARLI.ru;
2024-01-06;PROSTKURS.ru;
2024-01-06;PROSTOZABEJ.ru;
2024-01-06;PROTECHCONST.ru;
2024-01-06;PROVAVADA.ru;
2024-01-06;PS69X.ru;
2024-01-06;PSE67.ru;
2024-01-06;PSIHOLOG-AHRAMENKO-I-V.ru;
2024-01-06;PSYCHOLOGISTLTV.ru;
2024-01-06;PSYCOSMOS.ru;
2024-01-06;PUFFPOINT.ru;
2024-01-06;PUTEVKALAGER.ru;
2024-01-06;PYATOV-SMIRNOVA.ru;
2024-01-06;PYTHLEARN.ru;
2024-01-06;PYVLGDJG.ru;
2024-01-06;PZLWH1K.ru;
2024-01-06;Q-MIDPASS.ru;
2024-01-06;QAZAZU.ru;
2024-01-06;QDESHUK.ru;
2024-01-06;QLUB-LEDI-X.ru;
2024-01-06;QLV0UNI.ru;
2024-01-06;QT3LG9K.ru;
2024-01-06;QTOZDES.ru;
2024-01-06;QUANTUM-BIT.ru;
2024-01-06;QUBAND.ru;
2024-01-06;QUE-GROUP.ru;
2024-01-06;QUICK-FINOFF18.ru;
2024-01-06;QUIZ-VACANCY.ru;
2024-01-06;QUIZGURU.ru;
2024-01-06;QUQUEQE.ru;
2024-01-06;RA1PH-7QDGWBF4.ru;
2024-01-06;RABOTABANKROTSTVA.ru;
2024-01-06;RADA-LIFE.ru;
2024-01-06;RADAKRASNODAR.ru;
2024-01-06;RADANVI.ru;
2024-01-06;RADIO-CONTROL.ru;
2024-01-06;RADIO-EFIR-ONLINE.ru;
2024-01-06;RAGE-RPG.ru;
2024-01-06;RAGERPG.ru;
2024-01-06;RAIS-ROLEPLAY.ru;
2024-01-06;RAMAZANKIMPAEV.ru;
2024-01-06;RAMAZANOVA-RAMAZANOVA.ru;
2024-01-06;RAMENBET-AMP1.ru;
2024-01-06;RAMENBET-AMP6.ru;
2024-01-06;RAMENBET-AMP7.ru;
2024-01-06;RAMENBET-AMP8.ru;
2024-01-06;RAMZAN1.ru;
2024-01-06;RANOBEHUB.ru;
2024-01-06;RASPUTINVLZ.ru;
2024-01-06;RATNER-1.ru;
2024-01-06;RAUANBAH.ru;
2024-01-06;RAVAGECUBE.ru;
2024-01-06;RAY-ONE.ru;
2024-01-06;RAYON-ONLINE.ru;
2024-01-06;RB-DEZ.ru;
2024-01-06;RBT-ONE.ru;
2024-01-06;RDHOLRUSS.ru;
2024-01-06;REACTZARIPOV.ru;
2024-01-06;REAL-STROY-74.ru;
2024-01-06;RECHKINA-1.ru;
2024-01-06;REDWOODFAMQ-GTA5RP.ru;
2024-01-06;REGION74GAME.ru;
2024-01-06;REMEMBERGO.ru;
2024-01-06;REMISH79-1.ru;
2024-01-06;REMONT-TELEFONOV-KOLOMNA.ru;
2024-01-06;REMONT-VANNOI-KAZAN.ru;
2024-01-06;REMONTCARSERVIS.ru;
2024-01-06;REMONTEZEHLPMI24.ru;
2024-01-06;REMONTOPLAN.ru;
2024-01-06;RENATQA.ru;
2024-01-06;RENDER22.ru;
2024-01-06;RENT-FOUND.ru;
2024-01-06;RENT-RAY.ru;
2024-01-06;RENT-SWAP.ru;
2024-01-06;RENTWEBHOSTING.ru;
2024-01-06;REPAIR-EQUIPMENT.ru;
2024-01-06;REPLICALUXURY.ru;
2024-01-06;REROHENN.ru;
2024-01-06;RESISTANCY.ru;
2024-01-06;RESPOYG.ru;
2024-01-06;REVOSERVICE.ru;
2024-01-06;REVUELTA.ru;
2024-01-06;REWARDC-OFF-GARENA.ru;
2024-01-06;RFO-UPDATE.ru;
2024-01-06;RGPRINT.ru;
2024-01-06;RIABKONV.ru;
2024-01-06;RIASCOOTERCLUB.ru;
2024-01-06;RIBNOEMESTOMAGAZIN.ru;
2024-01-06;RICOH-AFICIO-SP100.ru;
2024-01-06;RICOH-SP-150.ru;
2024-01-06;RIGATV.ru;
2024-01-06;RIKONDEVCRM.ru;
2024-01-06;RINARCH.ru;
2024-01-06;RINEYSKAYA.ru;
2024-01-06;RIOBET-2024-1.ru;
2024-01-06;RIOBET-2024-2.ru;
2024-01-06;RIOBET-2024-3.ru;
2024-01-06;RIONMINE.ru;
2024-01-06;RITSAFE.ru;
2024-01-06;RITUALV.ru;
2024-01-06;RITUALZ.ru;
2024-01-06;RK54.ru;
2024-01-06;RLDANNNA.ru;
2024-01-06;ROBOLOGIA.ru;
2024-01-06;ROBOSAD.ru;
2024-01-06;ROBOTIP.ru;
2024-01-06;ROCMUSIC.ru;
2024-01-06;ROLL5G.ru;
2024-01-06;ROLLRENTCAR.ru;
2024-01-06;ROMA1.ru;
2024-01-06;ROMAN-FILATOV.ru;
2024-01-06;ROMANENKOFAMILY.ru;
2024-01-06;ROMANKOPYLOV.ru;
2024-01-06;ROMANOVSKAYAEVGENIYA.ru;
2024-01-06;ROMANOVSKAYAPROYAVLENIE.ru;
2024-01-06;ROMANTIC-MOSCOW13.ru;
2024-01-06;ROMANTICSKY12.ru;
2024-01-06;ROMIXNETWORK.ru;
2024-01-06;ROMZING.ru;
2024-01-06;ROOFRACKS.ru;
2024-01-06;ROOM-TRAVELS.ru;
2024-01-06;ROSE12.ru;
2024-01-06;ROSEOPT-TOMSK.ru;
2024-01-06;ROSEOPTTOMSK.ru;
2024-01-06;ROSLAVLBAZAASSORTI.ru;
2024-01-06;ROYAL-MODELS.ru;
2024-01-06;RP5RU.ru;
2024-01-06;RPASTRONE.ru;
2024-01-06;RSADCHIKOV.ru;
2024-01-06;RSWS.ru;
2024-01-06;RTK-PROVIDER.ru;
2024-01-06;RU-6PAYMENTS.ru;
2024-01-06;RU-ID7728.ru;
2024-01-06;RU-SECURITY3278.ru;
2024-01-06;RU-WPAYS.ru;
2024-01-06;RUS-6321.ru;
2024-01-06;RUSLO-FEST.ru;
2024-01-06;RUSLOFEST.ru;
2024-01-06;RUSMUZEUM.ru;
2024-01-06;RUSSKAYAFILOSOFIYA.ru;
2024-01-06;RUSSKOEKRAEVEDENIE.ru;
2024-01-06;RUSSKOEPRAVOSLAVIE.ru;
2024-01-06;RUST-PLAY.ru;
2024-01-06;RUSTAMFATTAKHOV.ru;
2024-01-06;RUSTY-BATTERY.ru;
2024-01-06;RUSTYLOCK.ru;
2024-01-06;RUYA-EXPRESS.ru;
2024-01-06;RYBOLOV-MARKETPLACE.ru;
2024-01-06;RYBOLOVMARKETPLACE.ru;
2024-01-06;RYSKALOV.ru;
2024-01-06;RZHANITSIN.ru;
2024-01-06;S-VAVADA-B.ru;
2024-01-06;S-VOTTING.ru;
2024-01-06;SAAPERFUME.ru;
2024-01-06;SADDOCTOR.ru;
2024-01-06;SADIMICHURINA.ru;
2024-01-06;SAFAROVGASAN.ru;
2024-01-06;SAFONOVOBTI.ru;
2024-01-06;SAHAYRGA.ru;
2024-01-06;SAITVISITKA.ru;
2024-01-06;SAKHTWO.ru;
2024-01-06;SALESHOPS2024.ru;
2024-01-06;SALIMIPOTEKA.ru;
2024-01-06;SALONMASSAGA.ru;
2024-01-06;SAMOLETPIUS.ru;
2024-01-06;SAMORAZVITIELOV.ru;
2024-01-06;SAMRRUS.ru;
2024-01-06;SANDME.ru;
2024-01-06;SANDUGASH.ru;
2024-01-06;SANTEHPULS.ru;
2024-01-06;SANTEKH-MSK.ru;
2024-01-06;SANTEKHNIKI-MSK.ru;
2024-01-06;SARAH73.ru;
2024-01-06;SARCAZY.ru;
2024-01-06;SASHA33.ru;
2024-01-06;SATANIK.ru;
2024-01-06;SAVINAULYA-MUZRUK.ru;
2024-01-06;SAVOSTIANOV.ru;
2024-01-06;SBODNARUK.ru;
2024-01-06;SCAN-PRINT.ru;
2024-01-06;SCANDALISTS.ru;
2024-01-06;SCHOOLALBOM.ru;
2024-01-06;SCRITT.ru;
2024-01-06;SCY1.ru;
2024-01-06;SD131.ru;
2024-01-06;SDELKA2382.ru;
2024-01-06;SDM3.ru;
2024-01-06;SEGUER0.ru;
2024-01-06;SELSAD.ru;
2024-01-06;SEMANTIC-CODE.ru;
2024-01-06;SEMANTICCODE.ru;
2024-01-06;SEMENA-AELITA.ru;
2024-01-06;SEMENA-AILITA.ru;
2024-01-06;SEMENAAELITA.ru;
2024-01-06;SEMENAAILITA.ru;
2024-01-06;SEND-IT-OUT.ru;
2024-01-06;SENSE-SPACE.ru;
2024-01-06;SENSEBANK.ru;
2024-01-06;SER200382.ru;
2024-01-06;SERAL-RASHA.ru;
2024-01-06;SEREGASMOSTOV.ru;
2024-01-06;SERGEY-RYZHOV.ru;
2024-01-06;SERGEYDMITR.ru;
2024-01-06;SERV4ME.ru;
2024-01-06;SERVER2021.ru;
2024-01-06;SERVERY-GTA-RP.ru;
2024-01-06;SERVICE-3279.ru;
2024-01-06;SERVICE-STANKOV.ru;
2024-01-06;SERVICESTAV.ru;
2024-01-06;SERVIGUR.ru;
2024-01-06;SERVOHOSTPRO.ru;
2024-01-06;SERYSHEV-1.ru;
2024-01-06;SESHAS.ru;
2024-01-06;SET-STORE.ru;
2024-01-06;SET4EMKSDR.ru;
2024-01-06;SETEVOE-SHOP.ru;
2024-01-06;SEVAP.ru;
2024-01-06;SEWINGS72.ru;
2024-01-06;SEXYMILFS.ru;
2024-01-06;SEXYMILFSCHAT.ru;
2024-01-06;SFERA-BARNAUL.ru;
2024-01-06;SHADIHANANI.ru;
2024-01-06;SHARIKOK.ru;
2024-01-06;SHCH-ANNA-PREMIUM.ru;
2024-01-06;SHELFING.ru;
2024-01-06;SHIELD-MSC.ru;
2024-01-06;SHIMANOSTORE.ru;
2024-01-06;SHISHOV-PRO.ru;
2024-01-06;SHKADIN.ru;
2024-01-06;SHKAFYIKUHNI.ru;
2024-01-06;SHMOTKU.ru;
2024-01-06;SHN-LEGAL.ru;
2024-01-06;SHNYR-KURYER.ru;
2024-01-06;SHOESFORSEA.ru;
2024-01-06;SHOP2024BEST.ru;
2024-01-06;SHOPS2024CHEAPS.ru;
2024-01-06;SHOPSALES2024.ru;
2024-01-06;SHOPVMITINO.ru;
2024-01-06;SHTAIN.ru;
2024-01-06;SHUSHANNA.ru;
2024-01-06;SHVABRACOM.ru;
2024-01-06;SHVEYTSARSKIE-CHASY.ru;
2024-01-06;SIG-3178.ru;
2024-01-06;SIGNALY-NA-SPORT.ru;
2024-01-06;SIGNREVISION.ru;
2024-01-06;SIGSON.ru;
2024-01-06;SIKCCRU.ru;
2024-01-06;SIKCCV.ru;
2024-01-06;SIKCVV.ru;
2024-01-06;SIKT0R.ru;
2024-01-06;SILENTOV.ru;
2024-01-06;SILVACAT.ru;
2024-01-06;SILVER-COIN.ru;
2024-01-06;SIMASHKA.ru;
2024-01-06;SIMPLE-BUSINESS.ru;
2024-01-06;SIMPLEFEST.ru;
2024-01-06;SINYAGINA-IT.ru;
2024-01-06;SIROVANDREY.ru;
2024-01-06;SISTEMA-X.ru;
2024-01-06;SITRAK-HOWO67.ru;
2024-01-06;SK-ARKHAN.ru;
2024-01-06;SK-MAX-MONTAGE.ru;
2024-01-06;SK-PITT.ru;
2024-01-06;SK-STROIMAKS.ru;
2024-01-06;SKIBIDIGAME.ru;
2024-01-06;SKILLITONS.ru;
2024-01-06;SKIPAD.ru;
2024-01-06;SKIWE.ru;
2024-01-06;SKKKATYA.ru;
2024-01-06;SKLLAD.ru;
2024-01-06;SKOLKOZAPLATILO100ZAUZNATSKOLKOZAPLATILO100.ru;
2024-01-06;SKPROXIMA.ru;
2024-01-06;SKRYABINEM.ru;
2024-01-06;SKULLGIRLS.ru;
2024-01-06;SKURYSHKO.ru;
2024-01-06;SKVETKIN.ru;
2024-01-06;SKWLKRFLM.ru;
2024-01-06;SKYNETVIDEO.ru;
2024-01-06;SL-HOROSCOPE.ru;
2024-01-06;SLADKII-DOMIK.ru;
2024-01-06;SLAVICA7.ru;
2024-01-06;SLAVUY.ru;
2024-01-06;SLBZ.ru;
2024-01-06;SLEEPINGWELL.ru;
2024-01-06;SLIVGRAM.ru;
2024-01-06;SLLOVOLPACAANA.ru;
2024-01-06;SLO-VO-PACANA.ru;
2024-01-06;SLO-VO-PACANA-1-8.ru;
2024-01-06;SLOBODCHICKOVKIRILL.ru;
2024-01-06;SLOTOZAL-KASIN2.ru;
2024-01-06;SLOVO-PACONA-1S.ru;
2024-01-06;SLOVO-PACONA8S.ru;
2024-01-06;SLOVO-PACONAVSE.ru;
2024-01-06;SLOVOMARKETOLOGA.ru;
2024-01-06;SLOVOPACANDY.ru;
2024-01-06;SLOVOPACANRE.ru;
2024-01-06;SLOVOPACANVBA.ru;
2024-01-06;SLOVOPACANZHA.ru;
2024-01-06;SLOVOPACDU.ru;
2024-01-06;SLOVOPACONA8S.ru;
2024-01-06;SLOVOPATSANAKROV.ru;
2024-01-06;SLOVOPOCANAD.ru;
2024-01-06;SLOVOPOCANAQE.ru;
2024-01-06;SLOVOPOCANAVE.ru;
2024-01-06;SLOVOPOCANAWA.ru;
2024-01-06;SLOVVO-PACANA-1-8.ru;
2024-01-06;SLOVVVO-PACANA.ru;
2024-01-06;SMAMINA.ru;
2024-01-06;SMART-ITCENTER.ru;
2024-01-06;SMARTFIT74.ru;
2024-01-06;SMARTFUELING3.ru;
2024-01-06;SMARTORIX.ru;
2024-01-06;SMARTSDELKA.ru;
2024-01-06;SMARTSDIRECT.ru;
2024-01-06;SMEGR.ru;
2024-01-06;SMITLER.ru;
2024-01-06;SMKABANOV.ru;
2024-01-06;SMMACADEMY-NN8.ru;
2024-01-06;SMMACADEMY-NN9.ru;
2024-01-06;SMMGELAZUTDINOV.ru;
2024-01-06;SMMKNIGA.ru;
2024-01-06;SMOKER1994123.ru;
2024-01-06;SMOOR.ru;
2024-01-06;SMWGROUP.ru;
2024-01-06;SNAPVISION.ru;
2024-01-06;SNEGOHOD-YAMAHA.ru;
2024-01-06;SNEGOUBORCHIK.ru;
2024-01-06;SNOVDOM.ru;
2024-01-06;SNYUK.ru;
2024-01-06;SOCHI-MK1.ru;
2024-01-06;SOFYASIMONOVA.ru;
2024-01-06;SOKHAN.ru;
2024-01-06;SOKOLOV1986.ru;
2024-01-06;SOKYWOO.ru;
2024-01-06;SOLOGEL.ru;
2024-01-06;SOLOVEY27.ru;
2024-01-06;SONIC-SPB.ru;
2024-01-06;SONUM-RU.ru;
2024-01-06;SOPROVOZHDENIYE.ru;
2024-01-06;SOPSKORYI56.ru;
2024-01-06;SORTECHPARTS.ru;
2024-01-06;SOTNIKOVV.ru;
2024-01-06;SP-FLOOR.ru;
2024-01-06;SPB-KJ.ru;
2024-01-06;SPB-KOSMETOLOGIYA.ru;
2024-01-06;SPB-NEDV.ru;
2024-01-06;SPB55.ru;
2024-01-06;SPBAV.ru;
2024-01-06;SPBFLT.ru;
2024-01-06;SPBLEROYMERLIN.ru;
2024-01-06;SPBPSU.ru;
2024-01-06;SPETSODEZHDA-EKATERINBURG.ru;
2024-01-06;SPISLIT.ru;
2024-01-06;SPORT-BOOKMAKERS.ru;
2024-01-06;SPORTFIT74.ru;
2024-01-06;SPORTFIT84.ru;
2024-01-06;SPORTMARKET-DONETSK.ru;
2024-01-06;SPORTPLATFORMA.ru;
2024-01-06;SPPOTOLKI.ru;
2024-01-06;SPRINGENERGIZED-SEAL.ru;
2024-01-06;SRN33S.ru;
2024-01-06;SRVALL.ru;
2024-01-06;SSEBA.ru;
2024-01-06;SSLOVOLPACAANA.ru;
2024-01-06;SSOFJA.ru;
2024-01-06;ST0704.ru;
2024-01-06;STABILIS72-DOM.ru;
2024-01-06;STAND2NOOJIIK.ru;
2024-01-06;STANDBAR-KVARTIRA.ru;
2024-01-06;STANDOFCLICKER.ru;
2024-01-06;STANDUP-FADED.ru;
2024-01-06;STANDUP-HALES.ru;
2024-01-06;STANISLAVNAME.ru;
2024-01-06;STARS-HOSTING.ru;
2024-01-06;STARSHINOVY.ru;
2024-01-06;START-MSC.ru;
2024-01-06;STAV-FLOWERS-FIORI.ru;
2024-01-06;STEAMCONNUNITIY.ru;
2024-01-06;STEEL-1.ru;
2024-01-06;STEELWOODSTONE.ru;
2024-01-06;STELLARPROJECTS.ru;
2024-01-06;STELLARVERSE.ru;
2024-01-06;STEMCOMNUNITIY.ru;
2024-01-06;STEMCOMNUNIYTIY.ru;
2024-01-06;STEPAKRU.ru;
2024-01-06;STH-TARIF.ru;
2024-01-06;STOLOLO.ru;
2024-01-06;STOMABLOGER.ru;
2024-01-06;STORAGEKFILES.ru;
2024-01-06;STOREMAUTO.ru;
2024-01-06;STOREOUTLET2024.ru;
2024-01-06;STORES2024.ru;
2024-01-06;STOYANOVELITE.ru;
2024-01-06;STRATEG-CRM.ru;
2024-01-06;STROIDAY.ru;
2024-01-06;STROIKASOVET.ru;
2024-01-06;STROY-DOBRO-MSK.ru;
2024-01-06;STROY-DOMIK-NETHOUSE.ru;
2024-01-06;STROYAKA.ru;
2024-01-06;STROYBFBOT.ru;
2024-01-06;STROYSNABMONTAZH.ru;
2024-01-06;STSBS.ru;
2024-01-06;STUDIO-MDC.ru;
2024-01-06;STUDIO-TM.ru;
2024-01-06;STUDIOCAT.ru;
2024-01-06;STUDIOMELISSA.ru;
2024-01-06;STUKATURKA-MSK.ru;
2024-01-06;STUROSS.ru;
2024-01-06;STYA-SAVINA.ru;
2024-01-06;STYLE-1.ru;
2024-01-06;STYLE-ARH-STROY.ru;
2024-01-06;STYLEKRD.ru;
2024-01-06;SUBCRAFT.ru;
2024-01-06;SUBZAIT.ru;
2024-01-06;SUGAR-PAPER29.ru;
2024-01-06;SUGARR.ru;
2024-01-06;SUNMAR-OLGINO.ru;
2024-01-06;SUPER-TOOL51.ru;
2024-01-06;SUPERAVTOSERVIS.ru;
2024-01-06;SUPERPRO-HOSTING.ru;
2024-01-06;SUPERZAIMY.ru;
2024-01-06;SUPPORT-HELPS.ru;
2024-01-06;SUPPORT-T.ru;
2024-01-06;SUPPORTS-HELP.ru;
2024-01-06;SUPRALL-GASIK.ru;
2024-01-06;SURVEYAI.ru;
2024-01-06;SUSHI-KUZ.ru;
2024-01-06;SUSTALITS.ru;
2024-01-06;SVA-MASSAGE.ru;
2024-01-06;SVATYA.ru;
2024-01-06;SVETOCON.ru;
2024-01-06;SVETTRAV.ru;
2024-01-06;SVIDANIECITY13.ru;
2024-01-06;SVOBODA-UHODA.ru;
2024-01-06;SVOYATROPAURAL.ru;
2024-01-06;SVS-REMONT.ru;
2024-01-06;SYRN.ru;
2024-01-06;SYSTJ.ru;
2024-01-06;SZHOVNIR.ru;
2024-01-06;SZOZULJA.ru;
2024-01-06;TABULOV.ru;
2024-01-06;TAJ-MARKET.ru;
2024-01-06;TAKRIVOSHEEVA.ru;
2024-01-06;TAMARA-KHANUM.ru;
2024-01-06;TAMINGLINUX.ru;
2024-01-06;TAP-HOME.ru;
2024-01-06;TARAKAN-DEZ-MSK.ru;
2024-01-06;TARANTSEV.ru;
2024-01-06;TARJAMACKEY.ru;
2024-01-06;TARX65.ru;
2024-01-06;TASYA-TURCHINA.ru;
2024-01-06;TATIANAPI19.ru;
2024-01-06;TATIAVGUST.ru;
2024-01-06;TATPROFCONSALTING.ru;
2024-01-06;TATTOO-FAMILY.ru;
2024-01-06;TATYANA-IVCHENKO94.ru;
2024-01-06;TAUTOWN.ru;
2024-01-06;TAXAMOTOR.ru;
2024-01-06;TCEK63-DO.ru;
2024-01-06;TCP66.ru;
2024-01-06;TCSSKRD.ru;
2024-01-06;TD-POLYLACK.ru;
2024-01-06;TD-SEMENOV.ru;
2024-01-06;TDARTINOX.ru;
2024-01-06;TDCPANORAMASOCHI.ru;
2024-01-06;TDLAR.ru;
2024-01-06;TEAM-10.ru;
2024-01-06;TEAM-KAIF.ru;
2024-01-06;TEAMFITTING.ru;
2024-01-06;TEAMTIKET.ru;
2024-01-06;TEBAIKIN.ru;
2024-01-06;TECH-ENTER.ru;
2024-01-06;TECHAWAY.ru;
2024-01-06;TECHPOWERPC.ru;
2024-01-06;TEKHNIKUM-INTERNAT-SHUBA.ru;
2024-01-06;TELEG-AUT.ru;
2024-01-06;TELEGR-AUTENTICH.ru;
2024-01-06;TELEGRAMRENT.ru;
2024-01-06;TEMURYUNUSOV.ru;
2024-01-06;TERRA-AGES.ru;
2024-01-06;TEST-GITLAB.ru;
2024-01-06;TESTO-TESTO.ru;
2024-01-06;TESTOVYIDOMEN.ru;
2024-01-06;TEXSTYLE-NEW.ru;
2024-01-06;TEXTILEMSW.ru;
2024-01-06;TFCNAF.ru;
2024-01-06;TFSDFGOLOVIN.ru;
2024-01-06;TGGAME.ru;
2024-01-06;TGGAME111.ru;
2024-01-06;THE-SAINT.ru;
2024-01-06;THEATRE-FADED.ru;
2024-01-06;THEATRE-HALES.ru;
2024-01-06;THECASINOXCOM.ru;
2024-01-06;THEJD.ru;
2024-01-06;THEMAESTRO.ru;
2024-01-06;THEMAKKATE.ru;
2024-01-06;THEROOM-NV.ru;
2024-01-06;THUGGERVPN.ru;
2024-01-06;TICKETBOLSHOI.ru;
2024-01-06;TIKTOK-VEDUSHCHIY.ru;
2024-01-06;TIME-PRINT.ru;
2024-01-06;TIMEOUTFITNESS.ru;
2024-01-06;TIMERIFT.ru;
2024-01-06;TIMINA84.ru;
2024-01-06;TIMLABSHOP.ru;
2024-01-06;TIMOTECHSALE.ru;
2024-01-06;TIR98LZ.ru;
2024-01-06;TISHIN-7.ru;
2024-01-06;TITORPLACE.ru;
2024-01-06;TITSTOK.ru;
2024-01-06;TIVIKI.ru;
2024-01-06;TLGMN.ru;
2024-01-06;TLIVINGSTON.ru;
2024-01-06;TLLYNNAW.ru;
2024-01-06;TLSWP.ru;
2024-01-06;TMKL.ru;
2024-01-06;TOHAVLASOV.ru;
2024-01-06;TOMIRISA.ru;
2024-01-06;TOMMERDOM.ru;
2024-01-06;TOMNORDEN.ru;
2024-01-06;TONVA-GROUP.ru;
2024-01-06;TOP-RKO.ru;
2024-01-06;TOP-TELE-MASTER.ru;
2024-01-06;TOPANKETA.ru;
2024-01-06;TOPAVTOSERVIS.ru;
2024-01-06;TOPBANKCARDS.ru;
2024-01-06;TOPGAMERULEZ.ru;
2024-01-06;TOPHELPDESKS.ru;
2024-01-06;TOUCH-CARD.ru;
2024-01-06;TOYSHANDMADE.ru;
2024-01-06;TQREZ.ru;
2024-01-06;TRAC24.ru;
2024-01-06;TRAIDUN.ru;
2024-01-06;TRANS-INFO34.ru;
2024-01-06;TRANSFERGESH.ru;
2024-01-06;TRAVEASK.ru;
2024-01-06;TRAVELAKS.ru;
2024-01-06;TRAVELESK.ru;
2024-01-06;TRAWELASK.ru;
2024-01-06;TREESLICE.ru;
2024-01-06;TRENER-FITNES.ru;
2024-01-06;TRENING-IZHEVSK-ONLINE.ru;
2024-01-06;TRENZA.ru;
2024-01-06;TRIP-6731.ru;
2024-01-06;TRIYR.ru;
2024-01-06;TRMSKORGTT.ru;
2024-01-06;TROT-TELENET.ru;
2024-01-06;TROUTPIER.ru;
2024-01-06;TRUE-SOFT.ru;
2024-01-06;TRUPARTS.ru;
2024-01-06;TSGIRLS2.ru;
2024-01-06;TSHAJ.ru;
2024-01-06;TSHIELDHERO.ru;
2024-01-06;TSHOVREBOVA.ru;
2024-01-06;TSU000.ru;
2024-01-06;TSVAAN.ru;
2024-01-06;TSVETI-VIP.ru;
2024-01-06;TUMHMAGIC.ru;
2024-01-06;TUR1960.ru;
2024-01-06;TURKSERIALLS.ru;
2024-01-06;TURORPLACE.ru;
2024-01-06;TURSHIEV.ru;
2024-01-06;TUTERPLACE.ru;
2024-01-06;TUTIRPLACE.ru;
2024-01-06;TUTOPLACE.ru;
2024-01-06;TUTOR-PLACE.ru;
2024-01-06;TUTORLACE.ru;
2024-01-06;TUTORPACE.ru;
2024-01-06;TUTORPIACE.ru;
2024-01-06;TUTORPLAC.ru;
2024-01-06;TUTORPLAIS.ru;
2024-01-06;TUTORPLASE.ru;
2024-01-06;TUTORPLECE.ru;
2024-01-06;TV-HDR.ru;
2024-01-06;TVIZA.ru;
2024-01-06;TVOETO.ru;
2024-01-06;TVOIHR.ru;
2024-01-06;TVOIPOMOSHNIKVRAZVITII.ru;
2024-01-06;TVOJTEMP.ru;
2024-01-06;TWEAKAPP.ru;
2024-01-06;TWEETX.ru;
2024-01-06;TWINSLOFT.ru;
2024-01-06;TYTORPLACE.ru;
2024-01-06;UAZOPT73.ru;
2024-01-06;UBESLAN.ru;
2024-01-06;UFA-NOUT.ru;
2024-01-06;UG186.ru;
2024-01-06;UGGLY.ru;
2024-01-06;UHELP24.ru;
2024-01-06;UKDOMK.ru;
2024-01-06;ULMAS416.ru;
2024-01-06;ULTIMATESEO.ru;
2024-01-06;ULTRANIT.ru;
2024-01-06;ULYAPROJECT.ru;
2024-01-06;ULZMS.ru;
2024-01-06;UNAROKOVA.ru;
2024-01-06;UNITY-RP.ru;
2024-01-06;UNREVEALED.ru;
2024-01-06;UNSL-IB.ru;
2024-01-06;UPOHARBD.ru;
2024-01-06;UR-JUST.ru;
2024-01-06;URBAN-STILE.ru;
2024-01-06;URDAEVA.ru;
2024-01-06;URISTIOTVETI3.ru;
2024-01-06;USADBA174.ru;
2024-01-06;USENETALL.ru;
2024-01-06;USKULYA.ru;
2024-01-06;USOROKIN.ru;
2024-01-06;UTEPLENIE-BALKONA-MSK.ru;
2024-01-06;UTKK-YUG.ru;
2024-01-06;V-AMPIRE.ru;
2024-01-06;V-APPLES.ru;
2024-01-06;V-PROGNOZE.ru;
2024-01-06;V1B0UHL.ru;
2024-01-06;V2SD.ru;
2024-01-06;VAGNERAEBUT.ru;
2024-01-06;VAIBORIS.ru;
2024-01-06;VALDAY-DACHI.ru;
2024-01-06;VALERA-L53.ru;
2024-01-06;VALERY-MEDVEDEV.ru;
2024-01-06;VALKAVIAN.ru;
2024-01-06;VANLEDIS.ru;
2024-01-06;VARESHKINA.ru;
2024-01-06;VARIKOZANET-BARNAUL.ru;
2024-01-06;VARIKOZANET-BELOKURIHA.ru;
2024-01-06;VARIKOZANET-BIYSK.ru;
2024-01-06;VARIKOZANET-GORNOALTAYSK.ru;
2024-01-06;VARIKOZANET-KAMENNAOBI.ru;
2024-01-06;VARIKOZANET-RUBCOVSK.ru;
2024-01-06;VARIKOZANET-ZARINSK.ru;
2024-01-06;VARVARA-KEMPEL.ru;
2024-01-06;VASEM.ru;
2024-01-06;VASHUGOL.ru;
2024-01-06;VASHUKO.ru;
2024-01-06;VASILEV2000.ru;
2024-01-06;VATAPAY.ru;
2024-01-06;VAULT29.ru;
2024-01-06;VAV8.ru;
2024-01-06;VAVADA-100.ru;
2024-01-06;VAVADA-77.ru;
2024-01-06;VAVADA-AQW.ru;
2024-01-06;VAVADA-BQW.ru;
2024-01-06;VAVADA-BRE.ru;
2024-01-06;VAVADA-CASINO-777.ru;
2024-01-06;VAVADA-CASINO-GAMES.ru;
2024-01-06;VAVADA-CASINO-ONLAIN.ru;
2024-01-06;VAVADA-CASINO-ONLINE.ru;
2024-01-06;VAVADA-CASINO23.ru;
2024-01-06;VAVADA-CASINO25.ru;
2024-01-06;VAVADA-CASINO77777PX.ru;
2024-01-06;VAVADA-CASINO777VO.ru;
2024-01-06;VAVADA-CASINO777XP.ru;
2024-01-06;VAVADA-CASINO77P.ru;
2024-01-06;VAVADA-CASINO77VO.ru;
2024-01-06;VAVADA-CASINO77XP.ru;
2024-01-06;VAVADA-CASINO7VO.ru;
2024-01-06;VAVADA-CAZINO777U.ru;
2024-01-06;VAVADA-EZ.ru;
2024-01-06;VAVADA-FJ.ru;
2024-01-06;VAVADA-GAMES-OFFICIAL.ru;
2024-01-06;VAVADA-KAZINO777J.ru;
2024-01-06;VAVADA-KAZINO777K.ru;
2024-01-06;VAVADA-OFFICIAL-SITE.ru;
2024-01-06;VAVADA-OJ.ru;
2024-01-06;VAVADA-ONLINE-OFICIAL.ru;
2024-01-06;VAVADA-ORG.ru;
2024-01-06;VAVADA-OTZYV-KAZINO.ru;
2024-01-06;VAVADA-OX.ru;
2024-01-06;VAVADA-PLAY.ru;
2024-01-06;VAVADA-PLAY-CASINO.ru;
2024-01-06;VAVADA-PLAY-OFFICIAL.ru;
2024-01-06;VAVADA-PX.ru;
2024-01-06;VAVADA-SMART1.ru;
2024-01-06;VAVADA-SO.ru;
2024-01-06;VAVADA-VHOD.ru;
2024-01-06;VAVADA-ZERKALO-KAZINO.ru;
2024-01-06;VAVADA2.ru;
2024-01-06;VAVADA362.ru;
2024-01-06;VAVADA3717.ru;
2024-01-06;VAVADA7007.ru;
2024-01-06;VAVADA704.ru;
2024-01-06;VAVADA713.ru;
2024-01-06;VAVADA869.ru;
2024-01-06;VAVADA870.ru;
2024-01-06;VAVADA913.ru;
2024-01-06;VAVADA960.ru;
2024-01-06;VAVADA999K.ru;
2024-01-06;VAVADAAT.ru;
2024-01-06;VAVADAAZUREWEBSITESNET.ru;
2024-01-06;VAVADACASINO-1.ru;
2024-01-06;VAVADACASINO-777.ru;
2024-01-06;VAVADACASINO101.ru;
2024-01-06;VAVADACASINO202.ru;
2024-01-06;VAVADACASINO77777FX.ru;
2024-01-06;VAVADACASINO77DX.ru;
2024-01-06;VAVADACASINO77SX.ru;
2024-01-06;VAVADACASINO7FC.ru;
2024-01-06;VAVADACASINOS7-7.ru;
2024-01-06;VAVADACSINO.ru;
2024-01-06;VAVADAF2F2.ru;
2024-01-06;VAVADAGAME-RS14.ru;
2024-01-06;VAVADAKASINO1.ru;
2024-01-06;VAVADAKAZINO1.ru;
2024-01-06;VAVADAMEDIA.ru;
2024-01-06;VAVADAPLAY22.ru;
2024-01-06;VAVADAPLAY333.ru;
2024-01-06;VAVADAPLAY333V.ru;
2024-01-06;VAVADAPLAY33XX.ru;
2024-01-06;VAVADAPLAY7.ru;
2024-01-06;VAVADAS-CASINO.ru;
2024-01-06;VAVADAS1.ru;
2024-01-06;VAVADAS3.ru;
2024-01-06;VAVADASITE1.ru;
2024-01-06;VAVADASITES4AA.ru;
2024-01-06;VAVADATORCASINO.ru;
2024-01-06;VAVADATURNIR.ru;
2024-01-06;VAVADAZZERKALA.ru;
2024-01-06;VAYATETA.ru;
2024-01-06;VBULKIN.ru;
2024-01-06;VEDAMEZ.ru;
2024-01-06;VEDUSHCHIYE.ru;
2024-01-06;VEEVSHOP.ru;
2024-01-06;VELESDVOR.ru;
2024-01-06;VELIKOROSSY.ru;
2024-01-06;VELNOVNATA.ru;
2024-01-06;VELOVACH.ru;
2024-01-06;VELOVACH-INDUSTRIES.ru;
2024-01-06;VEPANESHNIKOV.ru;
2024-01-06;VERANDA-TERRACA.ru;
2024-01-06;VERANDA-TERRASA.ru;
2024-01-06;VERTEKS-RU.ru;
2024-01-06;VESTACERAMICA.ru;
2024-01-06;VESTASHOW.ru;
2024-01-06;VETRADAR24.ru;
2024-01-06;VF-FETISOV.ru;
2024-01-06;VGALTSEV.ru;
2024-01-06;VH-SHOP.ru;
2024-01-06;VIC90.ru;
2024-01-06;VICIPAY.ru;
2024-01-06;VICKOKEX.ru;
2024-01-06;VIDEO15.ru;
2024-01-06;VIKA-ZHUKOVA.ru;
2024-01-06;VIKEUR.ru;
2024-01-06;VIKTAILS.ru;
2024-01-06;VIKTORIA-MODEL.ru;
2024-01-06;VIKTORIYA-GONCHAROVA.ru;
2024-01-06;VIKTORIYA-VIDEO.ru;
2024-01-06;VIKUPAUTOMOSCW.ru;
2024-01-06;VILLASKYARHYZ.ru;
2024-01-06;VILOCHNYJ.ru;
2024-01-06;VILOCHNYJ-POGRUZCHIK.ru;
2024-01-06;VILOCHNYY-POGRUZCHIK.ru;
2024-01-06;VINNIKOVA-7.ru;
2024-01-06;VIONHOST.ru;
2024-01-06;VIPREMONTAVTO.ru;
2024-01-06;VIRTUALPROD.ru;
2024-01-06;VISMANOVA.ru;
2024-01-06;VIT-SPB.ru;
2024-01-06;VITA-AESTHETICA.ru;
2024-01-06;VITAGOR-ANALYTICS.ru;
2024-01-06;VITODAR.ru;
2024-01-06;VITRUVE.ru;
2024-01-06;VITUWA.ru;
2024-01-06;VIVA-BOOMS.ru;
2024-01-06;VIZ-MODELI.ru;
2024-01-06;VK-BRAND.ru;
2024-01-06;VKA-MUSEUM.ru;
2024-01-06;VKALEDIN.ru;
2024-01-06;VKSOVA.ru;
2024-01-06;VLAD36.ru;
2024-01-06;VLADICHKA.ru;
2024-01-06;VLADIMIRILIN.ru;
2024-01-06;VLNANN.ru;
2024-01-06;VLPROKAT.ru;
2024-01-06;VMESTE-71.ru;
2024-01-06;VMGORCHAKOV.ru;
2024-01-06;VODAROSTOV.ru;
2024-01-06;VODAVINO.ru;
2024-01-06;VODYZHEVA.ru;
2024-01-06;VOKATECH.ru;
2024-01-06;VOMELECHKO.ru;
2024-01-06;VORON61.ru;
2024-01-06;VORONKAMLMBOT1.ru;
2024-01-06;VORONSOV.ru;
2024-01-06;VOROTA-FORM.ru;
2024-01-06;VOYAH-AUTOIMPORT.ru;
2024-01-06;VPCOOK.ru;
2024-01-06;VPERLOV.ru;
2024-01-06;VPOBEREZHNAYA.ru;
2024-01-06;VPROGNIZE.ru;
2024-01-06;VPROGNOSE.ru;
2024-01-06;VSE-SLOVO-PACONA.ru;
2024-01-06;VSE-SLOVOLPACANA.ru;
2024-01-06;VSEKOPTIT.ru;
2024-01-06;VSEM-HOSTING.ru;
2024-01-06;VSEPRAVDA.ru;
2024-01-06;VSERDOBINTSEVA.ru;
2024-01-06;VSEROSSIYSKIYKONKURS.ru;
2024-01-06;VSESLOVOLPACANA.ru;
2024-01-06;VSESPRAVKI-CHELYABINSK.ru;
2024-01-06;VSEVIDIAVTOREM.ru;
2024-01-06;VSEXXX.ru;
2024-01-06;VSVETLANA.ru;
2024-01-06;VSWED.ru;
2024-01-06;VULKAN-RUSSIA9.ru;
2024-01-06;VVALERA.ru;
2024-01-06;VVBARI.ru;
2024-01-06;VVDIW.ru;
2024-01-06;VVSK-1.ru;
2024-01-06;VYBOR-2024.ru;
2024-01-06;VYBORY-PREZIDENTA2024.ru;
2024-01-06;VYLCAN-MAIL.ru;
2024-01-06;VYLCAN-MAIL-SERVER.ru;
2024-01-06;VYSOTAPROMALP.ru;
2024-01-06;VYSOTSKISIARHEI.ru;
2024-01-06;VZAEMDENGI.ru;
2024-01-06;W-TODAY.ru;
2024-01-06;WAFFEN75.ru;
2024-01-06;WAND6.ru;
2024-01-06;WANDPANEEL.ru;
2024-01-06;WATSAEPP.ru;
2024-01-06;WAWOO.ru;
2024-01-06;WEAREXDEVELOPMENT.ru;
2024-01-06;WEB-KLASS.ru;
2024-01-06;WEBALEKSY.ru;
2024-01-06;WEBCAM-GIRLS18.ru;
2024-01-06;WEBCAM-HOT.ru;
2024-01-06;WEBCAM-LOLLY.ru;
2024-01-06;WEM9M.ru;
2024-01-06;WERWOLION-DEMO.ru;
2024-01-06;WGOLOS.ru;
2024-01-06;WHATSNAME.ru;
2024-01-06;WHHATSAP-GOLOSS.ru;
2024-01-06;WHITE-PROJECTS.ru;
2024-01-06;WHYLINUX.ru;
2024-01-06;WIFI-MASTER.ru;
2024-01-06;WILDSAKH.ru;
2024-01-06;WILOMSK.ru;
2024-01-06;WINNNER.ru;
2024-01-06;WINRAR-SKACHAT.ru;
2024-01-06;WLSAID4.ru;
2024-01-06;WOODMODULE.ru;
2024-01-06;WORD-WEATHER.ru;
2024-01-06;WORK-HALL.ru;
2024-01-06;WORKBOXTOOLS.ru;
2024-01-06;WORKTRACK.ru;
2024-01-06;WORLD-CONT.ru;
2024-01-06;WORLDFORWOMEN.ru;
2024-01-06;WORLDWIDENEWS.ru;
2024-01-06;WOWLEADER.ru;
2024-01-06;WOWSTARS.ru;
2024-01-06;WPVED.ru;
2024-01-06;WWNINFO.ru;
2024-01-06;WWW-GB.ru;
2024-01-06;WWWRP5.ru;
2024-01-06;WWWSLO-VO-PACANAA.ru;
2024-01-06;WWWSLOVOPACANAA.ru;
2024-01-06;WWWVAVADACASINO.ru;
2024-01-06;X-SKYNET.ru;
2024-01-06;X-ZZ.ru;
2024-01-06;X1-SLOT.ru;
2024-01-06;XAKSVEN.ru;
2024-01-06;XEC2VQK.ru;
2024-01-06;XF-DEV.ru;
2024-01-06;XINHAOYINGHUI.ru;
2024-01-06;XINKALIPLUS.ru;
2024-01-06;XLSOLUTION.ru;
2024-01-06;XOLOP2024.ru;
2024-01-06;XOLOP2025.ru;
2024-01-06;XORCUNNE.ru;
2024-01-06;XPIZDA.ru;
2024-01-06;XSILVER.ru;
2024-01-06;YA-PONCHIKI.ru;
2024-01-06;YALALOV-ADIL.ru;
2024-01-06;YAMAHA-MSK.ru;
2024-01-06;YAMAHA-TRANSPORTER-WORK.ru;
2024-01-06;YANAMUHA.ru;
2024-01-06;YANDEX9.ru;
2024-01-06;YANDEXDIREKT.ru;
2024-01-06;YANDEXMSK.ru;
2024-01-06;YAPONCHIKI.ru;
2024-01-06;YARMOMEDOV.ru;
2024-01-06;YASNOVIDICHAYA-POMOCHET.ru;
2024-01-06;YASQUIER.ru;
2024-01-06;YAYTSESLAV.ru;
2024-01-06;YBORISOV.ru;
2024-01-06;YCOURT.ru;
2024-01-06;YFFD.ru;
2024-01-06;YFZJB23.ru;
2024-01-06;YKTGIFT.ru;
2024-01-06;YNDEXEDA.ru;
2024-01-06;YOMYY0.ru;
2024-01-06;YONALAZAREVA.ru;
2024-01-06;YOOSANA-VORONEZH.ru;
2024-01-06;YOUKEYD.ru;
2024-01-06;YOURKEYD.ru;
2024-01-06;YOURRSMNHTK.ru;
2024-01-06;YSVOIX.ru;
2024-01-06;YUBSERJ0311.ru;
2024-01-06;YULAPINA-WB.ru;
2024-01-06;YULAYMURATOFF.ru;
2024-01-06;YULIASHIVA.ru;
2024-01-06;YUNSA.ru;
2024-01-06;YUSAMOYLOVA.ru;
2024-01-06;YUSF-DESIGN.ru;
2024-01-06;Z-INFO.ru;
2024-01-06;ZAASFALTIROVAT.ru;
2024-01-06;ZABGPK.ru;
2024-01-06;ZAHINK.ru;
2024-01-06;ZAIM-SWAP.ru;
2024-01-06;ZAIM-VAM.ru;
2024-01-06;ZAIM-VERT.ru;
2024-01-06;ZAIM-WAY.ru;
2024-01-06;ZAKAZ2382.ru;
2024-01-06;ZAKAZUNAS.ru;
2024-01-06;ZALIVNOVIYGOD.ru;
2024-01-06;ZANTATA.ru;
2024-01-06;ZAPARNIK.ru;
2024-01-06;ZAPMETALLSNAB.ru;
2024-01-06;ZASHIBU.ru;
2024-01-06;ZASHIBY.ru;
2024-01-06;ZBLIFE.ru;
2024-01-06;ZCVO1.ru;
2024-01-06;ZDOROVKUS.ru;
2024-01-06;ZEEKR-AUTOIMPORT.ru;
2024-01-06;ZENZALIVHAPPYNG.ru;
2024-01-06;ZERCALO-RAMENBET.ru;
2024-01-06;ZERKALA-NA-ZAKAZ-MSK.ru;
2024-01-06;ZHARENOE-MOROZHENOE.ru;
2024-01-06;ZHATSTASH.ru;
2024-01-06;ZHENSHHINAINRED.ru;
2024-01-06;ZHIZNESTROU-MEBEL.ru;
2024-01-06;ZIMFIRABERRY.ru;
2024-01-06;ZIMOF5.ru;
2024-01-06;ZISPAY.ru;
2024-01-06;ZIYATIKASE.ru;
2024-01-06;ZLODEJ2012.ru;
2024-01-06;ZLOVNYA.ru;
2024-01-06;ZONEFRAG.ru;
2024-01-06;ZOOZ1.ru;
2024-01-06;ZORRAILA.ru;
2024-01-06;ZOSURABALPIN.ru;
2024-01-06;ZOZURABALPIN.ru;
2024-01-06;ZP-MIDPASS.ru;
2024-01-06;ZPMIDPASS.ru;
2024-01-06;ZULYAYA.ru;
2024-01-06;ZXC1.ru;
2024-01-06;ZXMCO.ru;
2024-01-06;ZXTEC.ru;
2024-01-06;ZZMG.ru;
2024-01-07;01-04-2024.ru;
2024-01-07;01-05-2024.ru;
2024-01-07;01-06-2024.ru;
2024-01-07;01-07-2024.ru;
2024-01-07;01-08-2024.ru;
2024-01-07;02-04-2024.ru;
2024-01-07;02-05-2024.ru;
2024-01-07;02-06-2024.ru;
2024-01-07;02-07-2024.ru;
2024-01-07;02-08-2024.ru;
2024-01-07;03-04-2024.ru;
2024-01-07;03-05-2024.ru;
2024-01-07;03-06-2024.ru;
2024-01-07;03-07-2024.ru;
2024-01-07;03-08-2024.ru;
2024-01-07;04-04-2024.ru;
2024-01-07;04-05-2024.ru;
2024-01-07;04-06-2024.ru;
2024-01-07;04-07-2024.ru;
2024-01-07;04-08-2024.ru;
2024-01-07;05-04-2024.ru;
2024-01-07;05-05-2024.ru;
2024-01-07;05-06-2024.ru;
2024-01-07;05-07-2024.ru;
2024-01-07;05-08-2024.ru;
2024-01-07;06-04-2024.ru;
2024-01-07;06-05-2024.ru;
2024-01-07;06-06-2024.ru;
2024-01-07;06-07-2024.ru;
2024-01-07;06-08-2024.ru;
2024-01-07;07-04-2024.ru;
2024-01-07;07-05-2024.ru;
2024-01-07;07-06-2024.ru;
2024-01-07;07-07-2024.ru;
2024-01-07;07-08-2024.ru;
2024-01-07;08-04-2024.ru;
2024-01-07;08-05-2024.ru;
2024-01-07;08-06-2024.ru;
2024-01-07;08-07-2024.ru;
2024-01-07;08-08-2024.ru;
2024-01-07;080402.ru;
2024-01-07;09-04-2024.ru;
2024-01-07;09-05-2024.ru;
2024-01-07;09-06-2024.ru;
2024-01-07;09-07-2024.ru;
2024-01-07;09-08-2024.ru;
2024-01-07;10-04-2024.ru;
2024-01-07;10-05-2024.ru;
2024-01-07;10-06-2024.ru;
2024-01-07;10-07-2024.ru;
2024-01-07;10-08-2024.ru;
2024-01-07;1006SHOP.ru;
2024-01-07;100PRINTEROV.ru;
2024-01-07;11-04-2024.ru;
2024-01-07;11-05-2024.ru;
2024-01-07;11-06-2024.ru;
2024-01-07;11-07-2024.ru;
2024-01-07;11-08-2024.ru;
2024-01-07;1111S.ru;
2024-01-07;1112333.ru;
2024-01-07;11EPID.ru;
2024-01-07;12-04-2024.ru;
2024-01-07;12-05-2024.ru;
2024-01-07;12-06-2024.ru;
2024-01-07;12-07-2024.ru;
2024-01-07;12-08-2024.ru;
2024-01-07;13-04-2024.ru;
2024-01-07;13-05-2024.ru;
2024-01-07;13-06-2024.ru;
2024-01-07;13-07-2024.ru;
2024-01-07;13-08-2024.ru;
2024-01-07;1337ANTIK.ru;
2024-01-07;14-04-2024.ru;
2024-01-07;14-05-2024.ru;
2024-01-07;14-06-2024.ru;
2024-01-07;14-07-2024.ru;
2024-01-07;14-08-2024.ru;
2024-01-07;15-04-2024.ru;
2024-01-07;15-05-2024.ru;
2024-01-07;15-06-2024.ru;
2024-01-07;15-07-2024.ru;
2024-01-07;15-08-2024.ru;
2024-01-07;16-04-2024.ru;
2024-01-07;16-05-2024.ru;
2024-01-07;16-06-2024.ru;
2024-01-07;16-07-2024.ru;
2024-01-07;16-08-2024.ru;
2024-01-07;17-04-2024.ru;
2024-01-07;17-05-2024.ru;
2024-01-07;17-06-2024.ru;
2024-01-07;17-07-2024.ru;
2024-01-07;17-08-2024.ru;
2024-01-07;179406.ru;
2024-01-07;18-04-2024.ru;
2024-01-07;18-05-2024.ru;
2024-01-07;18-06-2024.ru;
2024-01-07;18-07-2024.ru;
2024-01-07;18-08-2024.ru;
2024-01-07;189075.ru;
2024-01-07;19-04-2024.ru;
2024-01-07;19-05-2024.ru;
2024-01-07;19-06-2024.ru;
2024-01-07;19-07-2024.ru;
2024-01-07;19-08-2024.ru;
2024-01-07;1C-CREATE.ru;
2024-01-07;1C-KURSY-ONLINE.ru;
2024-01-07;1C-PROFIL.ru;
2024-01-07;1C-UC1.ru;
2024-01-07;1JZGT.ru;
2024-01-07;1SRT.ru;
2024-01-07;1XBET-APP175.ru;
2024-01-07;1XBET-CAZZINO.ru;
2024-01-07;1XBET-CHERRY35.ru;
2024-01-07;1XBET-DARK.ru;
2024-01-07;1XBET-DELUXE.ru;
2024-01-07;1XBET-DREAM.ru;
2024-01-07;1XBET-JACKPOT.ru;
2024-01-07;1XBET-MIRROR2019.ru;
2024-01-07;1XBET-OFFICIAL-LOGIN.ru;
2024-01-07;1XBET-PLAYX.ru;
2024-01-07;1XBET-VAUCHER.ru;
2024-01-07;1XBET329-I.ru;
2024-01-07;1XBETDOSTYP.ru;
2024-01-07;1XBETEXTRA.ru;
2024-01-07;1XBETHELP.ru;
2024-01-07;1XBETRUSSIA.ru;
2024-01-07;1XBETTER.ru;
2024-01-07;1XBETXPLAY.ru;
2024-01-07;1XBETZERKALO2020.ru;
2024-01-07;20-04-2024.ru;
2024-01-07;20-05-2024.ru;
2024-01-07;20-06-2024.ru;
2024-01-07;20-07-2024.ru;
2024-01-07;20-08-2024.ru;
2024-01-07;2024CHEAPONLINE.ru;
2024-01-07;21-04-2024.ru;
2024-01-07;21-05-2024.ru;
2024-01-07;21-06-2024.ru;
2024-01-07;21-07-2024.ru;
2024-01-07;21-08-2024.ru;
2024-01-07;218465.ru;
2024-01-07;21XBET.ru;
2024-01-07;22-04-2024.ru;
2024-01-07;22-05-2024.ru;
2024-01-07;22-06-2024.ru;
2024-01-07;22-07-2024.ru;
2024-01-07;22-08-2024.ru;
2024-01-07;23-04-2024.ru;
2024-01-07;23-05-2024.ru;
2024-01-07;23-06-2024.ru;
2024-01-07;23-07-2024.ru;
2024-01-07;23-08-2024.ru;
2024-01-07;24-04-2024.ru;
2024-01-07;24-05-2024.ru;
2024-01-07;24-06-2024.ru;
2024-01-07;24-07-2024.ru;
2024-01-07;24-08-2024.ru;
2024-01-07;24KK.ru;
2024-01-07;24NOVOSTI-ROSSI.ru;
2024-01-07;24OKNA-REMONT.ru;
2024-01-07;24WSC.ru;
2024-01-07;25-04-2024.ru;
2024-01-07;25-05-2024.ru;
2024-01-07;25-06-2024.ru;
2024-01-07;25-07-2024.ru;
2024-01-07;25-08-2024.ru;
2024-01-07;26-04-2024.ru;
2024-01-07;26-05-2024.ru;
2024-01-07;26-06-2024.ru;
2024-01-07;26-07-2024.ru;
2024-01-07;26-08-2024.ru;
2024-01-07;27-04-2024.ru;
2024-01-07;27-05-2024.ru;
2024-01-07;27-06-2024.ru;
2024-01-07;27-07-2024.ru;
2024-01-07;27-08-2024.ru;
2024-01-07;28-04-2024.ru;
2024-01-07;28-05-2024.ru;
2024-01-07;28-06-2024.ru;
2024-01-07;28-07-2024.ru;
2024-01-07;28-08-2024.ru;
2024-01-07;289657.ru;
2024-01-07;29-04-2024.ru;
2024-01-07;29-05-2024.ru;
2024-01-07;29-06-2024.ru;
2024-01-07;29-07-2024.ru;
2024-01-07;29-08-2024.ru;
2024-01-07;2DR31.ru;
2024-01-07;2MAKOV.ru;
2024-01-07;30-04-2024.ru;
2024-01-07;30-05-2024.ru;
2024-01-07;30-06-2024.ru;
2024-01-07;30-07-2024.ru;
2024-01-07;30-08-2024.ru;
2024-01-07;3075.ru;
2024-01-07;31-05-2024.ru;
2024-01-07;31-07-2024.ru;
2024-01-07;31-08-2024.ru;
2024-01-07;340769.ru;
2024-01-07;367941.ru;
2024-01-07;3746.ru;
2024-01-07;381402.ru;
2024-01-07;389206.ru;
2024-01-07;3ZYPOJ6.ru;
2024-01-07;438217.ru;
2024-01-07;453097.ru;
2024-01-07;4KTURBO.ru;
2024-01-07;4ME4YOU.ru;
2024-01-07;537096.ru;
2024-01-07;572093.ru;
2024-01-07;59MINUT.ru;
2024-01-07;5KEK-PRO.ru;
2024-01-07;617492.ru;
2024-01-07;620375.ru;
2024-01-07;66829.ru;
2024-01-07;67CODE.ru;
2024-01-07;67F1WLM.ru;
2024-01-07;684702.ru;
2024-01-07;6DWBJZK.ru;
2024-01-07;6TDFZ4S.ru;
2024-01-07;710352.ru;
2024-01-07;738409.ru;
2024-01-07;76521.ru;
2024-01-07;785609.ru;
2024-01-07;79777.ru;
2024-01-07;7QMHTVG.ru;
2024-01-07;8309762.ru;
2024-01-07;853791.ru;
2024-01-07;86957.ru;
2024-01-07;8915248187.ru;
2024-01-07;892222.ru;
2024-01-07;8BITOVERKILL.ru;
2024-01-07;8BRAND.ru;
2024-01-07;8BUSINMAGAZIN.ru;
2024-01-07;9168087299.ru;
2024-01-07;921067.ru;
2024-01-07;9779354885.ru;
2024-01-07;9ENNEATYPES.ru;
2024-01-07;9S5OE0Q.ru;
2024-01-07;A-BARHATOVA.ru;
2024-01-07;A-CHEK.ru;
2024-01-07;A-ITSTORE.ru;
2024-01-07;A-SHCHEGLOV.ru;
2024-01-07;A3DETAILING.ru;
2024-01-07;AARTEMSHISHKIN.ru;
2024-01-07;ABHAZIYALIFE.ru;
2024-01-07;ABSTRACTARTS.ru;
2024-01-07;ACADEMY-KULTURAZV.ru;
2024-01-07;ACADEMYGA.ru;
2024-01-07;ACADEMYREGRESSION.ru;
2024-01-07;ACCEPT-PAYMENT.ru;
2024-01-07;ACHIZHKOV.ru;
2024-01-07;ACOMPASS.ru;
2024-01-07;ACYL.ru;
2024-01-07;AD-GURU.ru;
2024-01-07;AD247.ru;
2024-01-07;ADAMVIP.ru;
2024-01-07;ADANILKO.ru;
2024-01-07;ADSSAPSAN.ru;
2024-01-07;ADVOCATE-VELIKHODSKIY.ru;
2024-01-07;ADVOCATSHABLYA.ru;
2024-01-07;AERMAKOVICH.ru;
2024-01-07;AEROFLOTID.ru;
2024-01-07;AEROS9080.ru;
2024-01-07;AEVSJUKOV.ru;
2024-01-07;AEZHUK.ru;
2024-01-07;AFFECTIONATEAFFINITY.ru;
2024-01-07;AFFECTIONSPARKSPOT.ru;
2024-01-07;AFOXIS2024.ru;
2024-01-07;AFROSTYLETLT.ru;
2024-01-07;AGRELS.ru;
2024-01-07;AGRILS.ru;
2024-01-07;AGROKAD-MSK.ru;
2024-01-07;AHRAPUNOVA.ru;
2024-01-07;AI-ADVERTISING.ru;
2024-01-07;AI-REELS.ru;
2024-01-07;AIAB.ru;
2024-01-07;AIEXPERT24.ru;
2024-01-07;AIFLUENT.ru;
2024-01-07;AIFSU.ru;
2024-01-07;AIGOURMETS.ru;
2024-01-07;AINTELLIGENCE24.ru;
2024-01-07;AIPREDICT.ru;
2024-01-07;AIR-POL.ru;
2024-01-07;AISIRI.ru;
2024-01-07;AISMARTHOME.ru;
2024-01-07;AITGBOT.ru;
2024-01-07;AIWISION.ru;
2024-01-07;AK-LEV.ru;
2024-01-07;AKADEMICO.ru;
2024-01-07;AKB-AUTO-STERLITAMAK.ru;
2024-01-07;AKERDEV.ru;
2024-01-07;AKI-TIM.ru;
2024-01-07;AKOBYAKOV.ru;
2024-01-07;AKOLB.ru;
2024-01-07;ALCOBAR042.ru;
2024-01-07;ALCOBAR045.ru;
2024-01-07;ALCOCITY042.ru;
2024-01-07;ALCOCITY045.ru;
2024-01-07;ALCOEXPRESS042.ru;
2024-01-07;ALCOEXPRESS045.ru;
2024-01-07;ALCOLAVCA042.ru;
2024-01-07;ALCOLAVCA045.ru;
2024-01-07;ALCONIGHT042.ru;
2024-01-07;ALCONIGHT045.ru;
2024-01-07;ALCOSTOCK042.ru;
2024-01-07;ALCOSTOCK045.ru;
2024-01-07;ALCOTIME042.ru;
2024-01-07;ALCOTIME045.ru;
2024-01-07;ALEKSANDRA-KOPCHEVSKAYA.ru;
2024-01-07;ALEKSEEVSA.ru;
2024-01-07;ALEKSPLOT.ru;
2024-01-07;ALEKSYNAILS.ru;
2024-01-07;ALENAKORDESIGN.ru;
2024-01-07;ALESKER-RIELTOR.ru;
2024-01-07;ALEXANDRMAKAROV.ru;
2024-01-07;ALEXASANY.ru;
2024-01-07;ALEXIS17WAYNE.ru;
2024-01-07;ALFALOGISTICK.ru;
2024-01-07;ALFASW.ru;
2024-01-07;ALIMANAGER.ru;
2024-01-07;ALINALUKIANOVA.ru;
2024-01-07;ALLENVORAN.ru;
2024-01-07;ALLFORSALES.ru;
2024-01-07;ALLISSTORYBRAND.ru;
2024-01-07;ALPHANERD.ru;
2024-01-07;ALSKMINE.ru;
2024-01-07;ALT-WEB.ru;
2024-01-07;ALVA7.ru;
2024-01-07;ALXVN.ru;
2024-01-07;AMA-7.ru;
2024-01-07;AMADEYPB.ru;
2024-01-07;AMBRELLA-COURSES.ru;
2024-01-07;AMGSTOCK.ru;
2024-01-07;AMISVRN.ru;
2024-01-07;AMONGWHEEL.ru;
2024-01-07;AMOURADEPTADVENTURES.ru;
2024-01-07;AMOURADVENTURESAPLENTY.ru;
2024-01-07;AMOURAMPLEADVENTURES.ru;
2024-01-07;AMOURAVENUEDATES.ru;
2024-01-07;AMOUREPICENTER.ru;
2024-01-07;AMPHORABAR.ru;
2024-01-07;AMPLEAMOURAEGIS.ru;
2024-01-07;AMPLEAMOURALCOVE.ru;
2024-01-07;AMPLEAMOURARCADE.ru;
2024-01-07;AMPLEAMOURNEST.ru;
2024-01-07;AMRESCUE.ru;
2024-01-07;AMTATAY.ru;
2024-01-07;AMURKAB.ru;
2024-01-07;AN08081982.ru;
2024-01-07;ANAGAMY.ru;
2024-01-07;ANALIZ-PRO.ru;
2024-01-07;ANANYEVA-STORE.ru;
2024-01-07;ANAPA-KUHNI.ru;
2024-01-07;ANASTASIA-PHOTOSPB.ru;
2024-01-07;ANDREEV83.ru;
2024-01-07;ANDROID-APK.ru;
2024-01-07;ANGLISKY.ru;
2024-01-07;ANICAGE.ru;
2024-01-07;ANIMAL666.ru;
2024-01-07;ANIMATOR-IVENTA.ru;
2024-01-07;ANIMEONEAPK.ru;
2024-01-07;ANISKEVICH7.ru;
2024-01-07;ANJUNADEEPHOUSEMUSIC.ru;
2024-01-07;ANNA-BANKETOVA.ru;
2024-01-07;ANNA-TURINA.ru;
2024-01-07;ANNA-VASHDOCTOR.ru;
2024-01-07;ANNA-ZHUKOVA.ru;
2024-01-07;ANNA260202.ru;
2024-01-07;ANNABELALOVA.ru;
2024-01-07;ANNAKYRAKOVA.ru;
2024-01-07;ANPROSTORY.ru;
2024-01-07;ANVIVI.ru;
2024-01-07;AO-GLONASS.ru;
2024-01-07;APENIN79.ru;
2024-01-07;APETHRONE.ru;
2024-01-07;APINIGIN.ru;
2024-01-07;APLUSFABRICS.ru;
2024-01-07;APPDAROM.ru;
2024-01-07;APPLIEDTHEATRE.ru;
2024-01-07;APPLYAPP.ru;
2024-01-07;APRONIX.ru;
2024-01-07;ARASAKA.ru;
2024-01-07;ARBAH.ru;
2024-01-07;ARCANUMMODO.ru;
2024-01-07;ARCHST.ru;
2024-01-07;ARCILLA.ru;
2024-01-07;ARCTIC-M.ru;
2024-01-07;ARCTICMOSQUITO.ru;
2024-01-07;ARELLON-SOFT.ru;
2024-01-07;ARGOSRUS.ru;
2024-01-07;ARHIVPOKUPOKPLUSHKA.ru;
2024-01-07;ARMADADORS.ru;
2024-01-07;ARNIKANORD.ru;
2024-01-07;ARSOY.ru;
2024-01-07;ARSPORT-KZN.ru;
2024-01-07;ART-GIFTT.ru;
2024-01-07;ART-GOBO.ru;
2024-01-07;ARTEMOV-TOP.ru;
2024-01-07;ARTEVENING.ru;
2024-01-07;ARTGOBO.ru;
2024-01-07;ARTMAPMSK.ru;
2024-01-07;ARTPICK.ru;
2024-01-07;ARTUSMANOV.ru;
2024-01-07;ARTYAKOBS.ru;
2024-01-07;ARZ-BREEZY.ru;
2024-01-07;ARZONSHOP.ru;
2024-01-07;ARZWINTER.ru;
2024-01-07;AS-TARASOV.ru;
2024-01-07;ASDZXCASD.ru;
2024-01-07;ASKSTAR.ru;
2024-01-07;ASLYAMOV.ru;
2024-01-07;ASSUNAYUUKI.ru;
2024-01-07;ATLANT-KIRPICH.ru;
2024-01-07;ATLAS-BAIKAL.ru;
2024-01-07;ATOMYVOLGOGRAD.ru;
2024-01-07;ATTENDIT.ru;
2024-01-07;ATZ-GROUP.ru;
2024-01-07;AUDITOPROFI.ru;
2024-01-07;AUDITORPROFI.ru;
2024-01-07;AUQAMOON.ru;
2024-01-07;AUQASUN.ru;
2024-01-07;AURORA-MENTIS.ru;
2024-01-07;AUTO-HELPERS.ru;
2024-01-07;AUTOEXPERT50.ru;
2024-01-07;AUTOGRELKA.ru;
2024-01-07;AUTOMAID.ru;
2024-01-07;AUTOTODEY.ru;
2024-01-07;AV-NEUDAHIN.ru;
2024-01-07;AVA-LETNIJ.ru;
2024-01-07;AVERNOMED.ru;
2024-01-07;AVIA-AWD.ru;
2024-01-07;AVIAAWD.ru;
2024-01-07;AVIAID.ru;
2024-01-07;AVIBREABERS.ru;
2024-01-07;AVIDREABERS.ru;
2024-01-07;AVIDREAD.ru;
2024-01-07;AVIDREADRES.ru;
2024-01-07;AVIDREADRS.ru;
2024-01-07;AVIDREADS.ru;
2024-01-07;AVIDRIDERS.ru;
2024-01-07;AVIREADERS.ru;
2024-01-07;AVITONCA.ru;
2024-01-07;AVTO-GRELKA.ru;
2024-01-07;AVTO-VAN.ru;
2024-01-07;AVTO7DAYS.ru;
2024-01-07;AVTOBOT38.ru;
2024-01-07;AVTOCASH31.ru;
2024-01-07;AVTOMAGISTRAL22.ru;
2024-01-07;AVTOODEIALO.ru;
2024-01-07;AVTORGASTROBAR.ru;
2024-01-07;AVVTECH.ru;
2024-01-07;AVYSHEGORODTSEVA.ru;
2024-01-07;AWD-AVIA.ru;
2024-01-07;AWDAVIA.ru;
2024-01-07;AYLEENEWQWERY.ru;
2024-01-07;AZALIYA89-PHOTO.ru;
2024-01-07;AZATSHAFIGULLIN.ru;
2024-01-07;AZIZ-RAKHIMA.ru;
2024-01-07;AZORA-SINICHKINA.ru;
2024-01-07;AZUREPEACE.ru;
2024-01-07;B2BSHISHA.ru;
2024-01-07;B2BSOGLASIE.ru;
2024-01-07;B2GETA.ru;
2024-01-07;B7BAR.ru;
2024-01-07;BAA1003.ru;
2024-01-07;BABY-NEWS.ru;
2024-01-07;BAGAUTDINOVRF.ru;
2024-01-07;BAIKALDESIGN.ru;
2024-01-07;BAKSKR4.ru;
2024-01-07;BALI-FREEPEOPLE.ru;
2024-01-07;BALI-NARKOLOG.ru;
2024-01-07;BALI-REHAB.ru;
2024-01-07;BALIFREEPEOPLE.ru;
2024-01-07;BALINARKOLOG.ru;
2024-01-07;BALISOULSPA.ru;
2024-01-07;BANKCOMMUNIT.ru;
2024-01-07;BANKETFURSHET-CATERING.ru;
2024-01-07;BANKROTSTVOHELP.ru;
2024-01-07;BANKROTSTVOTVER.ru;
2024-01-07;BAODIGROUP.ru;
2024-01-07;BAR-TENDER.ru;
2024-01-07;BARASHEK-SHOP.ru;
2024-01-07;BARASHEK-STORE.ru;
2024-01-07;BARASHEKSHOP.ru;
2024-01-07;BARASHKA-SHOP.ru;
2024-01-07;BARASHKA-STORE.ru;
2024-01-07;BARASHKASHOP.ru;
2024-01-07;BARASHKASTORE.ru;
2024-01-07;BARMOTIN.ru;
2024-01-07;BARS-ATS.ru;
2024-01-07;BARYKINAIRINA.ru;
2024-01-07;BASICOBRAND.ru;
2024-01-07;BASNAYAKE-7.ru;
2024-01-07;BATAGI.ru;
2024-01-07;BATAGIFASHION.ru;
2024-01-07;BATSURA.ru;
2024-01-07;BAVM.ru;
2024-01-07;BAZA-OTDYHA-UFA.ru;
2024-01-07;BAZAROSTOV.ru;
2024-01-07;BAZILIKPIZZA.ru;
2024-01-07;BAZYLEW.ru;
2024-01-07;BBITRIX24.ru;
2024-01-07;BEARIN.ru;
2024-01-07;BEDASCH.ru;
2024-01-07;BELAVENTSEV.ru;
2024-01-07;BELGOROD-POVERKA.ru;
2024-01-07;BELIEVERS24.ru;
2024-01-07;BELONE.ru;
2024-01-07;BELPECTIN.ru;
2024-01-07;BERDNIKOVA-TOP.ru;
2024-01-07;BERRYRISE.ru;
2024-01-07;BESPALEVA.ru;
2024-01-07;BESTATTORNEY.ru;
2024-01-07;BESTOCKEDCLIENT.ru;
2024-01-07;BESTOUTLETSTORE2024.ru;
2024-01-07;BESTTOVARSALE.ru;
2024-01-07;BETTINA-BARTY.ru;
2024-01-07;BETTINABARTY.ru;
2024-01-07;BEZOBIDPROJECT.ru;
2024-01-07;BEZUMNOVKUSNO.ru;
2024-01-07;BIBABOCLUB.ru;
2024-01-07;BIG-BAMBOO-GAMES.ru;
2024-01-07;BIGWARLUS.ru;
2024-01-07;BINBO777.ru;
2024-01-07;BIOTECH-SENSOR.ru;
2024-01-07;BISFINANCE.ru;
2024-01-07;BIVONDOC.ru;
2024-01-07;BLACKCOHOSH.ru;
2024-01-07;BLACKMOR4.ru;
2024-01-07;BLAZERMAXG.ru;
2024-01-07;BLAZERMAXJ.ru;
2024-01-07;BLISSFULBONDVOYAGE.ru;
2024-01-07;BLISSFULMATEENCOUNTER.ru;
2024-01-07;BMBRAIN.ru;
2024-01-07;BODACONCEPT.ru;
2024-01-07;BODYTRACKR.ru;
2024-01-07;BOGA-7.ru;
2024-01-07;BOIKEN.ru;
2024-01-07;BOLNYEDETI.ru;
2024-01-07;BOLSHAKOVO-39.ru;
2024-01-07;BOLT02.ru;
2024-01-07;BOMBARDINA-PAGE.ru;
2024-01-07;BOND23042006.ru;
2024-01-07;BONUS-1XBET225.ru;
2024-01-07;BONUS-1XBET919.ru;
2024-01-07;BOOKMADE.ru;
2024-01-07;BOOKMARE.ru;
2024-01-07;BOOKMITE.ru;
2024-01-07;BOOLMATE.ru;
2024-01-07;BOOMATE.ru;
2024-01-07;BORTNIKSA.ru;
2024-01-07;BORZNABOR.ru;
2024-01-07;BOSS-IVAN.ru;
2024-01-07;BOT10.ru;
2024-01-07;BOT1INFORU.ru;
2024-01-07;BOTINFORU.ru;
2024-01-07;BOTSTOPEOPLE.ru;
2024-01-07;BOVA-1.ru;
2024-01-07;BOXBERRY-INFORMATION.ru;
2024-01-07;BOXING51.ru;
2024-01-07;BOYSSCAUT.ru;
2024-01-07;BRAINFUSION.ru;
2024-01-07;BRAINSTROMING.ru;
2024-01-07;BRAINY7.ru;
2024-01-07;BRANDSPROMO.ru;
2024-01-07;BREMENSKIE-MUZYKANTY-2024.ru;
2024-01-07;BREMENSKIEMUZIK.ru;
2024-01-07;BREMENSKIEMUZIKANT2024.ru;
2024-01-07;BREMENSKIEMUZIKAYNTY2024.ru;
2024-01-07;BREMENSKIEMUZYKANTY2024F.ru;
2024-01-07;BRENDKUPI.ru;
2024-01-07;BRENDY-MINE.ru;
2024-01-07;BRICSLOGISTIC.ru;
2024-01-07;BRICSLOGISTICS.ru;
2024-01-07;BRILLXZERKALO01.ru;
2024-01-07;BRILLXZERKALO1.ru;
2024-01-07;BRYANSK-POVERKA.ru;
2024-01-07;BSG-HOME.ru;
2024-01-07;BUCAT.ru;
2024-01-07;BUDDY-SCHOOL.ru;
2024-01-07;BUHGALT-GURU.ru;
2024-01-07;BUHGALTANOS.ru;
2024-01-07;BUHGALTGURU.ru;
2024-01-07;BUHGAPROFI.ru;
2024-01-07;BUILDMEHOUSE.ru;
2024-01-07;BUKMATE.ru;
2024-01-07;BULLYSTAFF.ru;
2024-01-07;BUSHNEVACOPYWRITER.ru;
2024-01-07;BUTIKMEDSERVICE.ru;
2024-01-07;BUTKOMUSIC.ru;
2024-01-07;BYDY-NE-DOLGHEN24.ru;
2024-01-07;BYLOOK.ru;
2024-01-07;BZIU.ru;
2024-01-07;C-PD.ru;
2024-01-07;C6M.ru;
2024-01-07;CAAANE4KA.ru;
2024-01-07;CAB792CA90IKO.ru;
2024-01-07;CAFE-SHAFRAN.ru;
2024-01-07;CAFERICO.ru;
2024-01-07;CAGRIP.ru;
2024-01-07;CANDY-WAX.ru;
2024-01-07;CANISTRO.ru;
2024-01-07;CAPITAL-22.ru;
2024-01-07;CAPITAL22.ru;
2024-01-07;CAPITALIFY.ru;
2024-01-07;CAPITDIO.ru;
2024-01-07;CAR-ASSISTANT.ru;
2024-01-07;CAR-STORM.ru;
2024-01-07;CARSTORM.ru;
2024-01-07;CASH-INBOX.ru;
2024-01-07;CASH-PAYMENT.ru;
2024-01-07;CASINOJOK.ru;
2024-01-07;CASSA-ROUTE.ru;
2024-01-07;CATANTICHEAT.ru;
2024-01-07;CATGEL.ru;
2024-01-07;CAWAGRAF.ru;
2024-01-07;CBHELPER.ru;
2024-01-07;CDEK-PARTNERSHIP.ru;
2024-01-07;CE2TLDQ.ru;
2024-01-07;CELESTIALLOVEVISTA.ru;
2024-01-07;CELICEL.ru;
2024-01-07;CENTER-ALLON4.ru;
2024-01-07;CESELL.ru;
2024-01-07;CGEXPERT.ru;
2024-01-07;CHARLIETEA.ru;
2024-01-07;CHARM-JEWELRY.ru;
2024-01-07;CHASTOT-NIC.ru;
2024-01-07;CHASYSMART.ru;
2024-01-07;CHATSEO.ru;
2024-01-07;CHAWALL.ru;
2024-01-07;CHEAPONLINE2024.ru;
2024-01-07;CHEAPSTORES2024.ru;
2024-01-07;CHERDAK-MECHTATELI.ru;
2024-01-07;CHERKASOVA-WORK.ru;
2024-01-07;CHERNOVA-OLGA.ru;
2024-01-07;CHERNOZEM-KUPIT.ru;
2024-01-07;CHERRYROLL.ru;
2024-01-07;CHEVENING.ru;
2024-01-07;CHIGR.ru;
2024-01-07;CHILDDOC.ru;
2024-01-07;CHILLAX-SHOP.ru;
2024-01-07;CHINBAR.ru;
2024-01-07;CHIRTSOVT.ru;
2024-01-07;CHISTIMEBEL.ru;
2024-01-07;CHISTOE-SEREBRO.ru;
2024-01-07;CHRISTINO4KA.ru;
2024-01-07;CHRONICAR.ru;
2024-01-07;CHSAT.ru;
2024-01-07;CHTO-ESLI.ru;
2024-01-07;CINEMA-WORK.ru;
2024-01-07;CITY-1XBET311.ru;
2024-01-07;CIV2INF.ru;
2024-01-07;CLEAN-PROFI54.ru;
2024-01-07;CLEAN47.ru;
2024-01-07;CLEANING-SERVICE03.ru;
2024-01-07;CLEDO.ru;
2024-01-07;CLEENORA.ru;
2024-01-07;CLIMATICAIR.ru;
2024-01-07;CLOUDOBZOR.ru;
2024-01-07;CLYNIC.ru;
2024-01-07;CMEPKA.ru;
2024-01-07;CMOLETT.ru;
2024-01-07;COACH-HUB.ru;
2024-01-07;COCAFE.ru;
2024-01-07;COMBUCHALIVE.ru;
2024-01-07;COMMUNITY-GROUP.ru;
2024-01-07;COMPX-NSK.ru;
2024-01-07;COOKSHAT.ru;
2024-01-07;COOMETT.ru;
2024-01-07;COOMMEET.ru;
2024-01-07;CORSOIT.ru;
2024-01-07;COSKUNAK.ru;
2024-01-07;COSMICCONNECTIONCOAST.ru;
2024-01-07;COSMICCONNECTIONCORRIDOR.ru;
2024-01-07;COSMICCONNECTIONCOVE.ru;
2024-01-07;COSMICCONNECTIONHUB.ru;
2024-01-07;COSMO2024X.ru;
2024-01-07;COURSEYOU.ru;
2024-01-07;COZYGLOWEKB.ru;
2024-01-07;CRAFTORA.ru;
2024-01-07;CRAVINBLOOD.ru;
2024-01-07;CREATIVABLE.ru;
2024-01-07;CREATIVEFUL.ru;
2024-01-07;CREATIVILY.ru;
2024-01-07;CREDITONBY.ru;
2024-01-07;CRELATSO.ru;
2024-01-07;CREUDIO.ru;
2024-01-07;CRIMEAPROKAT.ru;
2024-01-07;CRM-LIVE.ru;
2024-01-07;CRUNCHPRODUCTION.ru;
2024-01-07;CRYPTOPXART.ru;
2024-01-07;CRYPTTUM.ru;
2024-01-07;CRYPTUMM.ru;
2024-01-07;CS-KLINOK.ru;
2024-01-07;CS2-MAIL.ru;
2024-01-07;CS2-WEPLAYTV.ru;
2024-01-07;CTOSO.ru;
2024-01-07;CUBE-COLLECTION.ru;
2024-01-07;CUBE-MINYSTER.ru;
2024-01-07;CULT-BODY.ru;
2024-01-07;CUMEET.ru;
2024-01-07;CUPIDARROWBLISS.ru;
2024-01-07;CUPIDCASCADE.ru;
2024-01-07;CURSY-EXCEL.ru;
2024-01-07;CUSOTMCODE.ru;
2024-01-07;CUSTOMCODE.ru;
2024-01-07;CUSVV.ru;
2024-01-07;CUTCAKE.ru;
2024-01-07;CVETI-ORSK.ru;
2024-01-07;CVETI01.ru;
2024-01-07;CVETI03.ru;
2024-01-07;CVETI10.ru;
2024-01-07;CVETI12.ru;
2024-01-07;CVETI13.ru;
2024-01-07;CVETI14.ru;
2024-01-07;CVETI17.ru;
2024-01-07;CVETI19.ru;
2024-01-07;CVETI22.ru;
2024-01-07;CVETI28.ru;
2024-01-07;CVETI31.ru;
2024-01-07;CVETI33.ru;
2024-01-07;CVETI37.ru;
2024-01-07;CVETI39.ru;
2024-01-07;CVETI40.ru;
2024-01-07;CVETI41.ru;
2024-01-07;CVETI42.ru;
2024-01-07;CVETI43.ru;
2024-01-07;CVETI44.ru;
2024-01-07;CVETI45.ru;
2024-01-07;CVETI46.ru;
2024-01-07;CVETI48.ru;
2024-01-07;CVETI49.ru;
2024-01-07;CVETI51.ru;
2024-01-07;CVETI53.ru;
2024-01-07;CVETI57.ru;
2024-01-07;CVETI60.ru;
2024-01-07;CVETI65.ru;
2024-01-07;CVETI75.ru;
2024-01-07;CVETI76.ru;
2024-01-07;CVETI79.ru;
2024-01-07;CVETI81.ru;
2024-01-07;CVETI82.ru;
2024-01-07;CVETI85.ru;
2024-01-07;CVETI92.ru;
2024-01-07;CVETI95.ru;
2024-01-07;CVETI96.ru;
2024-01-07;CVETI97.ru;
2024-01-07;CYBER-INNOVATIONS.ru;
2024-01-07;CYBER-WOLF-VR.ru;
2024-01-07;CYBERALEX74.ru;
2024-01-07;CYBERWOLF-VR.ru;
2024-01-07;CYKN9QP.ru;
2024-01-07;D-ATOMIC.ru;
2024-01-07;D-NADEZHDA.ru;
2024-01-07;D-YEAR.ru;
2024-01-07;DAAYA.ru;
2024-01-07;DADIGAMOV.ru;
2024-01-07;DALAOBAN.ru;
2024-01-07;DALBATTOUR.ru;
2024-01-07;DAMASHNIY.ru;
2024-01-07;DAMPILOVA.ru;
2024-01-07;DANETHZ.ru;
2024-01-07;DANINIEL.ru;
2024-01-07;DANNYE-CHELOVEKA.ru;
2024-01-07;DARPARFUM.ru;
2024-01-07;DARPARFUME.ru;
2024-01-07;DASHTECH-COURSES.ru;
2024-01-07;DATA-TELECOM.ru;
2024-01-07;DAYTRADINGLIVE.ru;
2024-01-07;DBATLUK.ru;
2024-01-07;DE-PIN.ru;
2024-01-07;DEALER-TJ.ru;
2024-01-07;DECORLABEL.ru;
2024-01-07;DECREATIVE.ru;
2024-01-07;DEFENDE.ru;
2024-01-07;DEFINE-G.ru;
2024-01-07;DEIPRA.ru;
2024-01-07;DEKOKOS.ru;
2024-01-07;DELESKE.ru;
2024-01-07;DELIVERY-4126.ru;
2024-01-07;DELIVERY-ORDER198.ru;
2024-01-07;DELIVERY218.ru;
2024-01-07;DELOLITCLUB.ru;
2024-01-07;DEMGOR.ru;
2024-01-07;DENGKRM1.ru;
2024-01-07;DENGORSHKOV.ru;
2024-01-07;DENIS-VALIEV.ru;
2024-01-07;DENISMILLER.ru;
2024-01-07;DENKRM.ru;
2024-01-07;DEREVO77.ru;
2024-01-07;DEREVOVO.ru;
2024-01-07;DESIGNERYEAR.ru;
2024-01-07;DESTINYDUODEN.ru;
2024-01-07;DESTINYDUODIVE.ru;
2024-01-07;DESTINYDUODOMAIN.ru;
2024-01-07;DESTINYLOVELINK.ru;
2024-01-07;DETAL01.ru;
2024-01-07;DETIINVALIDY.ru;
2024-01-07;DEV-MODE.ru;
2024-01-07;DEV-TEST-20.ru;
2024-01-07;DEVKOLESNIKOV.ru;
2024-01-07;DEVPGX.ru;
2024-01-07;DEYLLA.ru;
2024-01-07;DIAGSTORE.ru;
2024-01-07;DIDYOUPRAYTODAY.ru;
2024-01-07;DIEBLONDE.ru;
2024-01-07;DIGITALEDEN.ru;
2024-01-07;DIGITALMARKETIR.ru;
2024-01-07;DILEONIDIS.ru;
2024-01-07;DIOSIFOV.ru;
2024-01-07;DIPIDI.ru;
2024-01-07;DIPLOMMUSHKETOV.ru;
2024-01-07;DIRXAM.ru;
2024-01-07;DISCOUNT-PAY.ru;
2024-01-07;DISCOUNT-PAYMENT.ru;
2024-01-07;DISHA1008.ru;
2024-01-07;DISK-ROMASHKA.ru;
2024-01-07;DISKONTOKNO-SP.ru;
2024-01-07;DITHARD.ru;
2024-01-07;DIVINATION-ON-RUNES.ru;
2024-01-07;DIVINATION-RUNES.ru;
2024-01-07;DIVINEDISH.ru;
2024-01-07;DIWES.ru;
2024-01-07;DIXIE-34.ru;
2024-01-07;DIZRAPTOR.ru;
2024-01-07;DJVK.ru;
2024-01-07;DMAILERRU.ru;
2024-01-07;DMALYSHEVA.ru;
2024-01-07;DMHAIR.ru;
2024-01-07;DMITRYBOGOV.ru;
2024-01-07;DMLARIK.ru;
2024-01-07;DNGKRRG.ru;
2024-01-07;DOBROSOTSKAYA.ru;
2024-01-07;DOBRYNYA-STUDIO.ru;
2024-01-07;DOCSLOT.ru;
2024-01-07;DOCTORSHPYRNYI.ru;
2024-01-07;DOFAMIN-BOX.ru;
2024-01-07;DOGBYE.ru;
2024-01-07;DOHOD-DOMA.ru;
2024-01-07;DOKALLIANCE-SNAB.ru;
2024-01-07;DOKTOR-PODNEBESOV.ru;
2024-01-07;DOLENA.ru;
2024-01-07;DOLGAM-SKAZHI-STOP.ru;
2024-01-07;DOLGHNIK-STOP2024.ru;
2024-01-07;DOLGHNIK2024-STOP.ru;
2024-01-07;DOMA-NA-SELIGERE.ru;
2024-01-07;DOMAIN-NAME-SHOP.ru;
2024-01-07;DOMASNIY.ru;
2024-01-07;DOMDIZAYN.ru;
2024-01-07;DOMIK-SHI.ru;
2024-01-07;DOMINATORS-TEAM.ru;
2024-01-07;DOMINOHAN.ru;
2024-01-07;DOMKARKAS-PRO.ru;
2024-01-07;DOMPAYF.ru;
2024-01-07;DOMPROECT.ru;
2024-01-07;DOMVRIVERE.ru;
2024-01-07;DOPUSK-V-SRO-IZYSKANIYA.ru;
2024-01-07;DORAMARUS.ru;
2024-01-07;DORAMKA.ru;
2024-01-07;DORAMKI.ru;
2024-01-07;DOSTAVKA-4569.ru;
2024-01-07;DOSTAVKA-SHE.ru;
2024-01-07;DOSTAVKA-YOULY.ru;
2024-01-07;DOZASPORTA.ru;
2024-01-07;DPAVLIDI.ru;
2024-01-07;DREAMDATEDELL.ru;
2024-01-07;DREAMDATEDIVE.ru;
2024-01-07;DREAMDATEDUET.ru;
2024-01-07;DREAMDATEVOYAGE.ru;
2024-01-07;DREAMLANDDUO.ru;
2024-01-07;DREAMYDUETDATES.ru;
2024-01-07;DREAMYDUOJOURNEY.ru;
2024-01-07;DREAMYROMANCEJUNCTION.ru;
2024-01-07;DREYNERE.ru;
2024-01-07;DRGOGOREVA.ru;
2024-01-07;DRIRA.ru;
2024-01-07;DRIVECOACH.ru;
2024-01-07;DRONFPV.ru;
2024-01-07;DRRYABOFFMD.ru;
2024-01-07;DRY-SOFT.ru;
2024-01-07;DUBAI-SELL.ru;
2024-01-07;DUBAIPERFUMESHOP.ru;
2024-01-07;DUOROLLO.ru;
2024-01-07;DV-AUTORAZBORKA.ru;
2024-01-07;DVCHEKANOV.ru;
2024-01-07;DVOREC-SAKHALIN.ru;
2024-01-07;DVRONZHIN.ru;
2024-01-07;DWANARCHY.ru;
2024-01-07;DYEAR.ru;
2024-01-07;DYOUTUBE.ru;
2024-01-07;DYUMIN2036.ru;
2024-01-07;DZARIPOV.ru;
2024-01-07;E-24KK.ru;
2024-01-07;EAGODUNOVA.ru;
2024-01-07;EAREFYEV.ru;
2024-01-07;EARN-PAYING.ru;
2024-01-07;EASYPANDA.ru;
2024-01-07;EBANNOE.ru;
2024-01-07;EBARSUKOV.ru;
2024-01-07;ECLATS.ru;
2024-01-07;ECLECTICASHOP.ru;
2024-01-07;ECO-FALCON.ru;
2024-01-07;ECO-WEEKEND.ru;
2024-01-07;ECOLOGISTPODOLSK.ru;
2024-01-07;ECONEST.ru;
2024-01-07;ECOSAB.ru;
2024-01-07;ECOSEXUAL.ru;
2024-01-07;EDANEBEDA.ru;
2024-01-07;EDDURDEN.ru;
2024-01-07;EDELVEIYS.ru;
2024-01-07;EDEXPERTLIB.ru;
2024-01-07;EDTECH-TECHNOLOGIES-COURSES.ru;
2024-01-07;EDUCOOL.ru;
2024-01-07;EDZU.ru;
2024-01-07;EFELECTRIC.ru;
2024-01-07;EGE-AMBRELLA.ru;
2024-01-07;EGHT-JNR.ru;
2024-01-07;EGOR145.ru;
2024-01-07;EGUREVA.ru;
2024-01-07;EGY-HOME-GROUP.ru;
2024-01-07;EKOBOND.ru;
2024-01-07;EKURTIZANKA.ru;
2024-01-07;ELACTATION.ru;
2024-01-07;ELAEVA-1.ru;
2024-01-07;ELCADS.ru;
2024-01-07;ELCAS.ru;
2024-01-07;ELCATC.ru;
2024-01-07;ELDTECH.ru;
2024-01-07;ELEAF-OFFICIAL.ru;
2024-01-07;ELECTRICPROECT.ru;
2024-01-07;ELENA-FILIPPOVA.ru;
2024-01-07;ELENA-SHKIRDOVA.ru;
2024-01-07;ELENAIVANEN.ru;
2024-01-07;ELENAKOMISSAROVA.ru;
2024-01-07;ELENAKOSA72.ru;
2024-01-07;ELENAPIKUN.ru;
2024-01-07;ELENASHKIRDOVA.ru;
2024-01-07;ELENATYUKALOVA.ru;
2024-01-07;ELITE-BATH.ru;
2024-01-07;ELITE-BONUS.ru;
2024-01-07;ELKIDAROM55.ru;
2024-01-07;ELM-RUSSIA.ru;
2024-01-07;ELMIRA-MAKAROVA.ru;
2024-01-07;ENCHANTINGEMBRACEEDEN.ru;
2024-01-07;ENCHANTINGEMBRACEENCOUNTER.ru;
2024-01-07;ENCHANTINGEMBRACEEXPEDITION.ru;
2024-01-07;ENCHANTINGLOVECRUISE.ru;
2024-01-07;ENCHANTINGLOVEHARBOR.ru;
2024-01-07;ENDEMIC-CLUB.ru;
2024-01-07;ENDO-FILES.ru;
2024-01-07;ENDOFILES.ru;
2024-01-07;ENJOY-MANIA.ru;
2024-01-07;ENJOYMANIA.ru;
2024-01-07;ENOTPLAY.ru;
2024-01-07;EOCHIROVA.ru;
2024-01-07;EOG-GLAZ-BOGA.ru;
2024-01-07;EPICBANK.ru;
2024-01-07;ERASOVANATA.ru;
2024-01-07;ERC-MYCODE.ru;
2024-01-07;ERKMAN77.ru;
2024-01-07;ERLCGROUP.ru;
2024-01-07;EROTAR.ru;
2024-01-07;ERSHOWP4V.ru;
2024-01-07;ES-000.ru;
2024-01-07;ESCHNEIDER.ru;
2024-01-07;ESFERE.ru;
2024-01-07;ESHKIRDOVA.ru;
2024-01-07;ESINA-EK.ru;
2024-01-07;ESOTERICSECRETS.ru;
2024-01-07;ESPHERA.ru;
2024-01-07;ESS-AIRFIELD.ru;
2024-01-07;ESTEKS-TKANI.ru;
2024-01-07;ETERNALEMBRACEENCOUNTER.ru;
2024-01-07;ETERNALESSENCEENCLAVE.ru;
2024-01-07;ETERNALESSENCEEXPEDITION.ru;
2024-01-07;ETERNALEUPHORIADATES.ru;
2024-01-07;ETERNALFLAMEDATES.ru;
2024-01-07;ETERNITYSOULMATE.ru;
2024-01-07;ETOVANYA.ru;
2024-01-07;EUGENITOZ.ru;
2024-01-07;EURODATES.ru;
2024-01-07;EUROMEDICO.ru;
2024-01-07;EVA-WOMAN-CLUB.ru;
2024-01-07;EVACADEMY.ru;
2024-01-07;EVACUATOR-08.ru;
2024-01-07;EVAKUATA.ru;
2024-01-07;EVAKUVATORRIADOM-KG.ru;
2024-01-07;EVENT-FUTURE.ru;
2024-01-07;EVENTURBO.ru;
2024-01-07;EVENTWB.ru;
2024-01-07;EVERLASTINGECSTASY.ru;
2024-01-07;EVERLASTINGJOYHARBOR.ru;
2024-01-07;EVERSETX24X.ru;
2024-01-07;EVGENIA-KANAK.ru;
2024-01-07;EVGENIJN.ru;
2024-01-07;EXCUS.ru;
2024-01-07;EXPERT-REZ.ru;
2024-01-07;EXSIGN.ru;
2024-01-07;EXTRIME-FOREST.ru;
2024-01-07;EZHGUTOV.ru;
2024-01-07;EZKIP.ru;
2024-01-07;F96IK7T.ru;
2024-01-07;FAART.ru;
2024-01-07;FABERLICLAVMILLION.ru;
2024-01-07;FACE-NEWS.ru;
2024-01-07;FACEIT-LOGIN.ru;
2024-01-07;FACTORRING.ru;
2024-01-07;FACTORYSALE2024.ru;
2024-01-07;FAMILYACTOR.ru;
2024-01-07;FANCYFINDS.ru;
2024-01-07;FANERSKY.ru;
2024-01-07;FANTAZERKIN.ru;
2024-01-07;FANTAZYWORLD.ru;
2024-01-07;FASADPROM.ru;
2024-01-07;FATYHOV.ru;
2024-01-07;FAVREAU.ru;
2024-01-07;FAZLIDDIN.ru;
2024-01-07;FEDCKOVAIULIA.ru;
2024-01-07;FEDOKS.ru;
2024-01-07;FEMIEDA.ru;
2024-01-07;FEMININE-CLIENT.ru;
2024-01-07;FEMMEWISDOM.ru;
2024-01-07;FERTIKHBEAUTY.ru;
2024-01-07;FEZT.ru;
2024-01-07;FFBUY.ru;
2024-01-07;FFCITY.ru;
2024-01-07;FGOS-ZNANIE.ru;
2024-01-07;FIBER-FLORA.ru;
2024-01-07;FIGHTCHAMP.ru;
2024-01-07;FILITOVICHCONSULTING.ru;
2024-01-07;FILITOVICHROMAN.ru;
2024-01-07;FILVORDY.ru;
2024-01-07;FINANSTIME.ru;
2024-01-07;FINEDOGS.ru;
2024-01-07;FINPLANAPP.ru;
2024-01-07;FINS-NAVIGATOR.ru;
2024-01-07;FIRESAFEPROJECT.ru;
2024-01-07;FIRSTROUNDMANAGEMENT.ru;
2024-01-07;FISHERCOM.ru;
2024-01-07;FISHSTORE32.ru;
2024-01-07;FITJUNIOR.ru;
2024-01-07;FLADIX.ru;
2024-01-07;FLAMMACANDLES.ru;
2024-01-07;FLAYID.ru;
2024-01-07;FLAYRADAR.ru;
2024-01-07;FLAYRADAR24.ru;
2024-01-07;FLEXXY.ru;
2024-01-07;FLIGHTSAEROFLOT.ru;
2024-01-07;FLIPLIVING.ru;
2024-01-07;FLIRADAR24.ru;
2024-01-07;FLOWBLOOM.ru;
2024-01-07;FLUIDAEROFLOT.ru;
2024-01-07;FLY-ID-AEROFLOT.ru;
2024-01-07;FLYID-AEROFLOT.ru;
2024-01-07;FLYIDAEROFLOT.ru;
2024-01-07;FLYLIKEME.ru;
2024-01-07;FMZ-GUITAR.ru;
2024-01-07;FOND-SY.ru;
2024-01-07;FOREVERYOURSVISTA.ru;
2024-01-07;FORPRIZES24.ru;
2024-01-07;FORTIS-NSK.ru;
2024-01-07;FORUM-YAPPAROV.ru;
2024-01-07;FORUMIDEI.ru;
2024-01-07;FRANCHIZE-ZELENIYGOROD.ru;
2024-01-07;FRANCHPRODUCTION.ru;
2024-01-07;FREEPEOPLE-BALI.ru;
2024-01-07;FREEPEOPLEBALI.ru;
2024-01-07;FREZZIA.ru;
2024-01-07;FRIZ-SPB.ru;
2024-01-07;FSDDSCORING.ru;
2024-01-07;FSEARX.ru;
2024-01-07;FSVPS-GOV.ru;
2024-01-07;FTCAP.ru;
2024-01-07;FULLCYCLE-F.ru;
2024-01-07;FUNNYCUBE.ru;
2024-01-07;FUNSWEX.ru;
2024-01-07;FURFUT.ru;
2024-01-07;FURNI-MARKET.ru;
2024-01-07;FURNICULTURE.ru;
2024-01-07;FURYXNET.ru;
2024-01-07;FYZO.ru;
2024-01-07;G-GTC.ru;
2024-01-07;G4MES.ru;
2024-01-07;GADAI24.ru;
2024-01-07;GADANIE78.ru;
2024-01-07;GADD3N.ru;
2024-01-07;GAGARINOVA-STUDIO.ru;
2024-01-07;GALLEREYS.ru;
2024-01-07;GAMEXBOY.ru;
2024-01-07;GANG-OFFICIAL.ru;
2024-01-07;GARAZH76.ru;
2024-01-07;GARDASAR.ru;
2024-01-07;GASIK79.ru;
2024-01-07;GASTROBAR-UGODNIKI.ru;
2024-01-07;GATSBY-BARBERSHOP.ru;
2024-01-07;GATSBYBARBER.ru;
2024-01-07;GATSBYBARBERSHOP.ru;
2024-01-07;GAZPROECT.ru;
2024-01-07;GD-DIGITAL.ru;
2024-01-07;GD08ZSM.ru;
2024-01-07;GDEKUDAKOGDA.ru;
2024-01-07;GEFESTCRAFT.ru;
2024-01-07;GERZ-SURGUT.ru;
2024-01-07;GETTIX0DX.ru;
2024-01-07;GHLAND.ru;
2024-01-07;GHUSAMOVA.ru;
2024-01-07;GIFT-FREE.ru;
2024-01-07;GIFTSFREE.ru;
2024-01-07;GIGROMETER.ru;
2024-01-07;GIZNITVORHESTVO.ru;
2024-01-07;GK-ASM-78.ru;
2024-01-07;GK-ASM78.ru;
2024-01-07;GKAPRELEVSKIY.ru;
2024-01-07;GLADKIH-WORK.ru;
2024-01-07;GLAMPRADAR.ru;
2024-01-07;GLAVMIN.ru;
2024-01-07;GLAVNAYA-KUHNYA-STRANY.ru;
2024-01-07;GLAVSHPAN.ru;
2024-01-07;GLISEMEBEL.ru;
2024-01-07;GLITSAN.ru;
2024-01-07;GLOBALOF123.ru;
2024-01-07;GMN86.ru;
2024-01-07;GO-GIRL.ru;
2024-01-07;GOFAG.ru;
2024-01-07;GOFROG.ru;
2024-01-07;GOKOLENKOFF.ru;
2024-01-07;GOLDENBRI.ru;
2024-01-07;GOLOSSUI-WATSP.ru;
2024-01-07;GOLOSVKS.ru;
2024-01-07;GOPIMATA.ru;
2024-01-07;GOROX123.ru;
2024-01-07;GORSVETPRO.ru;
2024-01-07;GORUKO.ru;
2024-01-07;GOS-CONTRACT.ru;
2024-01-07;GPARFENTSEV.ru;
2024-01-07;GPT-BLOGER.ru;
2024-01-07;GQRE.ru;
2024-01-07;GRACEMETAL.ru;
2024-01-07;GRANDREALLY.ru;
2024-01-07;GRASS-POLIV.ru;
2024-01-07;GRAVITYARKHYZ.ru;
2024-01-07;GRAZMER.ru;
2024-01-07;GRDES.ru;
2024-01-07;GRE79EN.ru;
2024-01-07;GRIBPSY.ru;
2024-01-07;GRINDASIB.ru;
2024-01-07;GROWISART.ru;
2024-01-07;GRUZDETALI.ru;
2024-01-07;GRUZOTAXI-KG.ru;
2024-01-07;GRUZOVOE-TAXI124.ru;
2024-01-07;GT-KAT.ru;
2024-01-07;GT-TECHNIC.ru;
2024-01-07;GT-TECHNICS.ru;
2024-01-07;GTTECHNIC.ru;
2024-01-07;GTU-SERVICE.ru;
2024-01-07;GULIANI77.ru;
2024-01-07;GUNGAMER.ru;
2024-01-07;GURYAN.ru;
2024-01-07;GUTECHH.ru;
2024-01-07;HAIR-NEWS.ru;
2024-01-07;HAIRDRESSERSBLOND.ru;
2024-01-07;HAJAGHA.ru;
2024-01-07;HALCORIUM.ru;
2024-01-07;HANDHOK.ru;
2024-01-07;HANDUS.ru;
2024-01-07;HAPPYMULEY.ru;
2024-01-07;HARLEYROCKS.ru;
2024-01-07;HARMONYHAVENDATES.ru;
2024-01-07;HARMONYMATCHMAKER.ru;
2024-01-07;HATAJANOV.ru;
2024-01-07;HDHDGHDFGBDFGHG.ru;
2024-01-07;HEALTHY-BODIES.ru;
2024-01-07;HEARTBEATHARBOR.ru;
2024-01-07;HEARTFELTHARMONY.ru;
2024-01-07;HEARTFELTHARMONYHABITAT.ru;
2024-01-07;HEARTFELTHARMONYHAVEN.ru;
2024-01-07;HEARTFELTHARMONYHEMISPHERE.ru;
2024-01-07;HEARTFELTHARMONYHUE.ru;
2024-01-07;HEARTWARMINGHARBOR.ru;
2024-01-07;HELP-DOLGAM.ru;
2024-01-07;HELP-O-DOLGAX24.ru;
2024-01-07;HELPONTHEROAD.ru;
2024-01-07;HERTZ64.ru;
2024-01-07;HEXBAGS.ru;
2024-01-07;HGN0L.ru;
2024-01-07;HIGHTECHDEV.ru;
2024-01-07;HIKELIKE.ru;
2024-01-07;HITECHDEV.ru;
2024-01-07;HITROVAV.ru;
2024-01-07;HOCHYDESERT.ru;
2024-01-07;HOHTOH.ru;
2024-01-07;HOHTON.ru;
2024-01-07;HOLD-7585.ru;
2024-01-07;HOLJOOP-2.ru;
2024-01-07;HOLJOOP2.ru;
2024-01-07;HOLL-O-P2.ru;
2024-01-07;HOLL-OP-2.ru;
2024-01-07;HOLOP02.ru;
2024-01-07;HOLOP2-2024LORDFILM.ru;
2024-01-07;HOLOP22024.ru;
2024-01-07;HOLOPP2024.ru;
2024-01-07;HOLSTCAFE.ru;
2024-01-07;HOMEACTOR.ru;
2024-01-07;HOMEADDICTED.ru;
2024-01-07;HOMELAB7.ru;
2024-01-07;HONTON.ru;
2024-01-07;HOOKAHSURF.ru;
2024-01-07;HOSTING4YOU.ru;
2024-01-07;HOSTPULSE.ru;
2024-01-07;HOT1XBET-204.ru;
2024-01-07;HOTELCAPSULE.ru;
2024-01-07;HOTININ.ru;
2024-01-07;HOUSE-LSTK.ru;
2024-01-07;HPUNCHER.ru;
2024-01-07;HRAM-INFO.ru;
2024-01-07;HROLL.ru;
2024-01-07;HUAWEIAITO.ru;
2024-01-07;HUDIPRINT.ru;
2024-01-07;HUMANJOBS.ru;
2024-01-07;HUNCHUN-INFO.ru;
2024-01-07;HUNKYTEL.ru;
2024-01-07;HYDRAMARKETS.ru;
2024-01-07;HYDROINFORM.ru;
2024-01-07;HYPE-MONITOR24.ru;
2024-01-07;HYPESERVER.ru;
2024-01-07;HYPEVANILLA.ru;
2024-01-07;HYTHE.ru;
2024-01-07;I-BEE.ru;
2024-01-07;IARTEMEVA.ru;
2024-01-07;IBBD.ru;
2024-01-07;IBDT.ru;
2024-01-07;IBIKO.ru;
2024-01-07;ICEGESH.ru;
2024-01-07;ICELEONID.ru;
2024-01-07;ICESEASONS.ru;
2024-01-07;ICL-SUPPORT.ru;
2024-01-07;ID-85821.ru;
2024-01-07;ID00196.ru;
2024-01-07;ID09280.ru;
2024-01-07;ID09380.ru;
2024-01-07;ID3618.ru;
2024-01-07;ID3626.ru;
2024-01-07;ID58075.ru;
2024-01-07;ID58076.ru;
2024-01-07;ID58077.ru;
2024-01-07;ID58078.ru;
2024-01-07;ID718943.ru;
2024-01-07;ID733.ru;
2024-01-07;ID752895.ru;
2024-01-07;ID93050.ru;
2024-01-07;ID93056.ru;
2024-01-07;ID98461.ru;
2024-01-07;IDAEROFLOT.ru;
2024-01-07;IF-CAPITAL.ru;
2024-01-07;IGOR75.ru;
2024-01-07;IGREBENKOV.ru;
2024-01-07;IHOMEFUN.ru;
2024-01-07;IKONTIRES.ru;
2024-01-07;IKOROBKOVA.ru;
2024-01-07;IKOROVINA.ru;
2024-01-07;ILAREFM.ru;
2024-01-07;ILLUMED.ru;
2024-01-07;ILLUMEDCRM.ru;
2024-01-07;ILOBYNTSEV.ru;
2024-01-07;ILYSHAVOLKOV.ru;
2024-01-07;IM2024.ru;
2024-01-07;IMATUSEVICH.ru;
2024-01-07;IMBA-RUN.ru;
2024-01-07;IMBACHECK.ru;
2024-01-07;IMTTLISSK.ru;
2024-01-07;INBARN.ru;
2024-01-07;INCHOCO-GROUP.ru;
2024-01-07;INCHOCOGROUP.ru;
2024-01-07;INCIFRA.ru;
2024-01-07;INDIETKETO.ru;
2024-01-07;INETELNIRO.ru;
2024-01-07;INFO-NEWES.ru;
2024-01-07;INK112.ru;
2024-01-07;INMAR13.ru;
2024-01-07;INNCKASEMENOVA.ru;
2024-01-07;INSTABITCH.ru;
2024-01-07;INSTALADIES.ru;
2024-01-07;INSTAWOMAN.ru;
2024-01-07;INTELLABINFO.ru;
2024-01-07;INTERESTOR.ru;
2024-01-07;INTEXTILE.ru;
2024-01-07;INTIM-SALE.ru;
2024-01-07;INTISSKNER.ru;
2024-01-07;INTTNEIRR.ru;
2024-01-07;INVESTPIONEER.ru;
2024-01-07;INVESTTINKOFF.ru;
2024-01-07;INVITE-YOU.ru;
2024-01-07;IOANNDANILOV1965.ru;
2024-01-07;IOFVMD3.ru;
2024-01-07;IPEKYOLU.ru;
2024-01-07;IPM-TITAN.ru;
2024-01-07;IRARAENKO.ru;
2024-01-07;IREMONTER-BLOG.ru;
2024-01-07;IRENA-INTERIORS.ru;
2024-01-07;IRINACH.ru;
2024-01-07;IRINANALETSKO.ru;
2024-01-07;IRONCRAFT72.ru;
2024-01-07;IRSDIRECT.ru;
2024-01-07;ISBX.ru;
2024-01-07;ISCHEM21.ru;
2024-01-07;ISHARDIN.ru;
2024-01-07;ISHIGALI.ru;
2024-01-07;ISKRSINT.ru;
2024-01-07;ISTRAVILLAGEHILLS.ru;
2024-01-07;IT-SMM-NIKITATRIFONOV.ru;
2024-01-07;IT85.ru;
2024-01-07;ITAKDALEE2023.ru;
2024-01-07;ITDAEG.ru;
2024-01-07;ITEAMCITY.ru;
2024-01-07;ITPROGEDU.ru;
2024-01-07;IULIADOLGOVA.ru;
2024-01-07;IVANOVO-POVERKA.ru;
2024-01-07;IVENTURER.ru;
2024-01-07;IVSEYCHAS.ru;
2024-01-07;IVVOS.ru;
2024-01-07;IWANNAMEETU.ru;
2024-01-07;IZMAILOVOMOIKA.ru;
2024-01-07;JANBATIST.ru;
2024-01-07;JANFORS.ru;
2024-01-07;JAZETT-MUSIC.ru;
2024-01-07;JEEP-SEV.ru;
2024-01-07;JLATIMORE.ru;
2024-01-07;JMBRAND.ru;
2024-01-07;JO7.ru;
2024-01-07;JOBSGID.ru;
2024-01-07;JOGAWIPSERVIS.ru;
2024-01-07;JOGAWIPSERWIS.ru;
2024-01-07;JOHNSROTHSCHIG.ru;
2024-01-07;JOINMYQUIZ.ru;
2024-01-07;JOLIX.ru;
2024-01-07;JSGU.ru;
2024-01-07;JUGEGERASIMOVA.ru;
2024-01-07;JULIASOLTPHOTO.ru;
2024-01-07;JULIAYGRIG.ru;
2024-01-07;JUMISHINA.ru;
2024-01-07;JUNGIANPSYCHOLOGIST.ru;
2024-01-07;JXFHARDWARE.ru;
2024-01-07;JXXX.ru;
2024-01-07;K-CHER.ru;
2024-01-07;KADESSTUDIO.ru;
2024-01-07;KAELL.ru;
2024-01-07;KAGONU.ru;
2024-01-07;KAIBELEV.ru;
2024-01-07;KAK-SPISAT-DOLG24.ru;
2024-01-07;KAKASHKIN.ru;
2024-01-07;KALININBEST.ru;
2024-01-07;KALK2.ru;
2024-01-07;KALUGA-POVERKA.ru;
2024-01-07;KALYGA-TYAGA.ru;
2024-01-07;KAMENOTES126.ru;
2024-01-07;KANDAUROVA.ru;
2024-01-07;KAP4ENY.ru;
2024-01-07;KAPSURAL.ru;
2024-01-07;KARABASBUM.ru;
2024-01-07;KARANDZEI.ru;
2024-01-07;KARASEV88.ru;
2024-01-07;KARDIOWIN.ru;
2024-01-07;KARELIYA-JOKIRANTA.ru;
2024-01-07;KASAYHANOV.ru;
2024-01-07;KASHKINOV.ru;
2024-01-07;KASOY.ru;
2024-01-07;KASPISERVICE.ru;
2024-01-07;KASSINO-1XBET855.ru;
2024-01-07;KATE-SPACE.ru;
2024-01-07;KAVALLINI.ru;
2024-01-07;KAZAN-AZS.ru;
2024-01-07;KAZAN-OSOBNYAK.ru;
2024-01-07;KAZZACHOK.ru;
2024-01-07;KB-OPALUBKA.ru;
2024-01-07;KBLEV.ru;
2024-01-07;KEBAB-MARKET.ru;
2024-01-07;KELOV.ru;
2024-01-07;KEMEROVO-SANGA.ru;
2024-01-07;KERK-PRINT.ru;
2024-01-07;KERKPRINT.ru;
2024-01-07;KESGIN.ru;
2024-01-07;KETI-DROBKOVA.ru;
2024-01-07;KEYBAZAAR.ru;
2024-01-07;KEYPROGRAMING.ru;
2024-01-07;KHAKHAY01.ru;
2024-01-07;KHARKIN.ru;
2024-01-07;KHASANZINATULIN.ru;
2024-01-07;KHASYANOV-HOST.ru;
2024-01-07;KHECHOIAN.ru;
2024-01-07;KIA80.ru;
2024-01-07;KICK-HOST.ru;
2024-01-07;KILOMETR64.ru;
2024-01-07;KIMOLEGV.ru;
2024-01-07;KING-ARZ.ru;
2024-01-07;KINO-ROUTE.ru;
2024-01-07;KINOALENA.ru;
2024-01-07;KINOVOOD.ru;
2024-01-07;KIRAKRIK.ru;
2024-01-07;KIRPICH-ROSTOV.ru;
2024-01-07;KITCHENAID-RUSSIA.ru;
2024-01-07;KIYAMOVRUSIK.ru;
2024-01-07;KKRIVENKO.ru;
2024-01-07;KKTECHSTUDENT.ru;
2024-01-07;KLEMMAVAG.ru;
2024-01-07;KLICHNYJ.ru;
2024-01-07;KLIENTY-BLIZKO.ru;
2024-01-07;KLIMSON.ru;
2024-01-07;KLINICKCOSMET.ru;
2024-01-07;KLINORA.ru;
2024-01-07;KLINPSYSNEGIR.ru;
2024-01-07;KLIPKO.ru;
2024-01-07;KLYUSAVN.ru;
2024-01-07;KNIGKIDOM.ru;
2024-01-07;KNITTING-WOMEN.ru;
2024-01-07;KNNNKO.ru;
2024-01-07;KOBRU.ru;
2024-01-07;KOCHKAREVA.ru;
2024-01-07;KODLAB.ru;
2024-01-07;KOGDAKAK.ru;
2024-01-07;KOLGOTKI-NOSHENNYE.ru;
2024-01-07;KOMANDAKARD.ru;
2024-01-07;KOMAYDAN.ru;
2024-01-07;KOMETALOM.ru;
2024-01-07;KONSES.ru;
2024-01-07;KOPCHEVSKAYA.ru;
2024-01-07;KOPCHU-RF.ru;
2024-01-07;KOPETS.ru;
2024-01-07;KOPEV.ru;
2024-01-07;KOPNICHEV.ru;
2024-01-07;KOREYAINFO.ru;
2024-01-07;KOREYKUPI.ru;
2024-01-07;KORICASPB.ru;
2024-01-07;KORPUSENKO.ru;
2024-01-07;KOST2021.ru;
2024-01-07;KOSTROMA-POVERKA.ru;
2024-01-07;KOTLAEVDANIL.ru;
2024-01-07;KOTOVAEVENT.ru;
2024-01-07;KOVROV-POVERKA.ru;
2024-01-07;KPL13.ru;
2024-01-07;KRASEKO24.ru;
2024-01-07;KRASKI-TOUR.ru;
2024-01-07;KRASNAYATELEGA.ru;
2024-01-07;KRASNOEI.ru;
2024-01-07;KRAVCHENKOIV.ru;
2024-01-07;KREDIT-APPLY.ru;
2024-01-07;KRIPMON.ru;
2024-01-07;KRRMONEY1.ru;
2024-01-07;KRU-APP.ru;
2024-01-07;KRUGLYE-161.ru;
2024-01-07;KRUGLYE-52.ru;
2024-01-07;KRUZHOK28.ru;
2024-01-07;KRUZHOKSPACE.ru;
2024-01-07;KSNOW.ru;
2024-01-07;KUHNI-PRACTICA.ru;
2024-01-07;KUHNYA-MK-PROEKT-DESIGN.ru;
2024-01-07;KUHNYA-MK-PROEKTDESIGN.ru;
2024-01-07;KUHNYA-MKPROEKT-DESIGN.ru;
2024-01-07;KUHNYA-MKPROEKTDESIGN.ru;
2024-01-07;KUHNYAMK-PROEKT-DESIGN.ru;
2024-01-07;KUHNYAMK-PROEKTDESIGN.ru;
2024-01-07;KUHNYAMKPROEKT-DESIGN.ru;
2024-01-07;KUHNYAMKPROEKTDESIGN.ru;
2024-01-07;KUKLINMIKE.ru;
2024-01-07;KUKOLKASHOP.ru;
2024-01-07;KULAKOVA-WORK.ru;
2024-01-07;KULTURAZV-ACADEMY.ru;
2024-01-07;KUMAREVA.ru;
2024-01-07;KUPI-BREND.ru;
2024-01-07;KUPR-HOME.ru;
2024-01-07;KURIE2383.ru;
2024-01-07;KURIER3212.ru;
2024-01-07;KURILCHENKO.ru;
2024-01-07;KURS-WILDBERRIES.ru;
2024-01-07;KURS4YOU.ru;
2024-01-07;KURSK-POVERKA.ru;
2024-01-07;KURSOVAYAREISH.ru;
2024-01-07;KURSTEST.ru;
2024-01-07;KURSU-AVTODIAGNOSTA.ru;
2024-01-07;KURSY-DIZAJNERA-INTERERA.ru;
2024-01-07;KURSY-ENGLISH.ru;
2024-01-07;KURSY-OBUCHENIE-ASTROLOGII.ru;
2024-01-07;KURSY-OBUCHENIE-NUMEROLOGII.ru;
2024-01-07;KURSY-PROFORIENTACII.ru;
2024-01-07;KVADRAT21.ru;
2024-01-07;KVAGALEX.ru;
2024-01-07;KVANARIN.ru;
2024-01-07;KVINOKUROV.ru;
2024-01-07;KYCHIKOV.ru;
2024-01-07;KYRSSADOVNIK116.ru;
2024-01-07;KZHITKOVA.ru;
2024-01-07;LA-PA.ru;
2024-01-07;LAB-PI.ru;
2024-01-07;LABLOV.ru;
2024-01-07;LABORATORY-PI.ru;
2024-01-07;LABPI.ru;
2024-01-07;LACTIC.ru;
2024-01-07;LADA-ORENBURG56.ru;
2024-01-07;LALABEKYAN.ru;
2024-01-07;LALAKIN.ru;
2024-01-07;LAMPINROOM.ru;
2024-01-07;LAND8822.ru;
2024-01-07;LANPETRICHENKO.ru;
2024-01-07;LARIONOV-NBRK.ru;
2024-01-07;LARISA-LOGINOVA.ru;
2024-01-07;LATEBLOOMER.ru;
2024-01-07;LAUTUSBIO.ru;
2024-01-07;LAVROVACOUSTIC.ru;
2024-01-07;LAW212.ru;
2024-01-07;LAZYMONKEYS.ru;
2024-01-07;LCATS.ru;
2024-01-07;LD-PAY154832.ru;
2024-01-07;LD-PAY154836.ru;
2024-01-07;LD-PAY274099.ru;
2024-01-07;LD-PAY42157.ru;
2024-01-07;LD-PAY42158.ru;
2024-01-07;LD-PAY72935.ru;
2024-01-07;LD-PAY78241.ru;
2024-01-07;LD-PAY78242.ru;
2024-01-07;LD-PAY78243.ru;
2024-01-07;LD-PAY83639.ru;
2024-01-07;LD-PAY83739.ru;
2024-01-07;LD-PAY92351.ru;
2024-01-07;LD-PAY98234.ru;
2024-01-07;LD-PAY98872.ru;
2024-01-07;LD-PAY98892.ru;
2024-01-07;LD826315.ru;
2024-01-07;LEARNING-TECH-ENGLISH.ru;
2024-01-07;LECATS.ru;
2024-01-07;LEHACH.ru;
2024-01-07;LEI-LEI.ru;
2024-01-07;LEIIKA.ru;
2024-01-07;LEMONRECORDS.ru;
2024-01-07;LENARSPH.ru;
2024-01-07;LEON-ZERKALO-CASINO.ru;
2024-01-07;LEON-ZERKALO-CASINO1.ru;
2024-01-07;LERIANASTORIES.ru;
2024-01-07;LESHOZ33.ru;
2024-01-07;LESHOZ62.ru;
2024-01-07;LESTNICHNOE-REMESLO.ru;
2024-01-07;LETSBERRY.ru;
2024-01-07;LEVELUPZONE.ru;
2024-01-07;LGIBADULLIN.ru;
2024-01-07;LGORJUSHKO.ru;
2024-01-07;LICASIST.ru;
2024-01-07;LICMIC.ru;
2024-01-07;LIFE-IN-FINLAND.ru;
2024-01-07;LIFEISSTRANGE.ru;
2024-01-07;LIGADIRECTOLOGOV.ru;
2024-01-07;LIGHT-ENGLISH66.ru;
2024-01-07;LILYSPORT.ru;
2024-01-07;LIPETSK-POVERKA.ru;
2024-01-07;LIPSS48.ru;
2024-01-07;LISSSOUND.ru;
2024-01-07;LITEREMONT.ru;
2024-01-07;LITTLEGRIGO.ru;
2024-01-07;LITTLEMANI.ru;
2024-01-07;LIVE-CRM.ru;
2024-01-07;LIVEJOB24.ru;
2024-01-07;LIVEWALLADMIN.ru;
2024-01-07;LKMGPU.ru;
2024-01-07;LKS-AEROFLOT.ru;
2024-01-07;LKSAEROFLOT.ru;
2024-01-07;LLCLEADER.ru;
2024-01-07;LMIMG.ru;
2024-01-07;LOCKOPENDOOR.ru;
2024-01-07;LOCKPAD.ru;
2024-01-07;LOFOG.ru;
2024-01-07;LOFT-BERRY.ru;
2024-01-07;LOG-PILOT.ru;
2024-01-07;LOGINSHAREPOINTMCROSOFTNLINE.ru;
2024-01-07;LOGINSHAREPOINTMCROSOFTONLINE.ru;
2024-01-07;LOGISNER.ru;
2024-01-07;LOGISST.ru;
2024-01-07;LOGISTA23.ru;
2024-01-07;LOGO-MIR-1.ru;
2024-01-07;LOGPILOT.ru;
2024-01-07;LOHMATI.ru;
2024-01-07;LOVECONNECTIONHUB.ru;
2024-01-07;LOVEMIND.ru;
2024-01-07;LOVER-MIND.ru;
2024-01-07;LOVERMIND.ru;
2024-01-07;LOVESPACEFEST.ru;
2024-01-07;LOVINGLIFECRUISE.ru;
2024-01-07;LOVINGLIFELAGOON.ru;
2024-01-07;LOVINGLIFELATITUDE.ru;
2024-01-07;LOVINGLIFELIGHTHOUSE.ru;
2024-01-07;LOVINGLIFELOOM.ru;
2024-01-07;LOWESKIT.ru;
2024-01-07;LOWINDSTORE.ru;
2024-01-07;LUCKGUY.ru;
2024-01-07;LUCKYJET-SLOT2.ru;
2024-01-07;LUEVOLS.ru;
2024-01-07;LYNQ.ru;
2024-01-07;LZAMYATINA.ru;
2024-01-07;M-EVGENIYA33.ru;
2024-01-07;M-PROFCENTER.ru;
2024-01-07;M2UPRDOR.ru;
2024-01-07;MADEBYLOCALS.ru;
2024-01-07;MADELIRIHS.ru;
2024-01-07;MAEATIVE.ru;
2024-01-07;MAFTEJ.ru;
2024-01-07;MAGAVRI.ru;
2024-01-07;MAGAZIN999.ru;
2024-01-07;MAGENTATBA.ru;
2024-01-07;MAGGERMAN.ru;
2024-01-07;MAGIC-SON.ru;
2024-01-07;MAGIC-THAI-ONLINE.ru;
2024-01-07;MAIKISHOP.ru;
2024-01-07;MAIL-SENDER.ru;
2024-01-07;MAILBZ.ru;
2024-01-07;MAILSENDLER.ru;
2024-01-07;MAJESTIC-PROMO.ru;
2024-01-07;MAKAROVADASHKA.ru;
2024-01-07;MAKEES.ru;
2024-01-07;MAKLER-OREKHOVO.ru;
2024-01-07;MAKSIMOV-OFFICIAL.ru;
2024-01-07;MANETRAVEL.ru;
2024-01-07;MANIA-ZNANIA.ru;
2024-01-07;MANIPULYATORMOSKVA.ru;
2024-01-07;MANKU.ru;
2024-01-07;MANYKRD.ru;
2024-01-07;MANYOFFERS.ru;
2024-01-07;MARBYF.ru;
2024-01-07;MARCOMARO.ru;
2024-01-07;MARI-NA-LUNE.ru;
2024-01-07;MARIASTADNIK.ru;
2024-01-07;MARIJA-PHOTO.ru;
2024-01-07;MARINACH.ru;
2024-01-07;MARINATAN.ru;
2024-01-07;MARKET-TRAINING.ru;
2024-01-07;MARKPLEHANOV.ru;
2024-01-07;MARLOKIN.ru;
2024-01-07;MARMARIS2022.ru;
2024-01-07;MAROKRYN.ru;
2024-01-07;MARSELANDALIYA.ru;
2024-01-07;MARYAKYKLINA.ru;
2024-01-07;MASHAGONDA.ru;
2024-01-07;MASHTRASH.ru;
2024-01-07;MATCHX-ONL-INE-RES-94.ru;
2024-01-07;MATHSEMPIRE.ru;
2024-01-07;MATKAPITALYKT.ru;
2024-01-07;MATTHEW-KUDRIN.ru;
2024-01-07;MATVEYEV-ADS.ru;
2024-01-07;MAXEDPACK.ru;
2024-01-07;MAXIMOVYAKOW.ru;
2024-01-07;MAYOROVA-007.ru;
2024-01-07;MDETKOVA.ru;
2024-01-07;MEBEL-PION.ru;
2024-01-07;MEBELHOMM.ru;
2024-01-07;MEBELI-S.ru;
2024-01-07;MEBELMANN.ru;
2024-01-07;MED-CAP.ru;
2024-01-07;MEDIAHUBS7.ru;
2024-01-07;MEDIAPHASE.ru;
2024-01-07;MEDIAPLOT.ru;
2024-01-07;MEDIMIND.ru;
2024-01-07;MEDPOSTAMENT.ru;
2024-01-07;MEDPROFI54.ru;
2024-01-07;MEDTAXI98.ru;
2024-01-07;MEGA-ZDRAV.ru;
2024-01-07;MEGATRONAV.ru;
2024-01-07;MEHOV-NAKIDKI.ru;
2024-01-07;MELCOME.ru;
2024-01-07;MELMANDA.ru;
2024-01-07;MEMVR.ru;
2024-01-07;MENMAGAZIN.ru;
2024-01-07;MENTALRU1.ru;
2024-01-07;MENTALSIGN.ru;
2024-01-07;MERGEN-CEO.ru;
2024-01-07;MET-ALEX.ru;
2024-01-07;METIZ-OST-1.ru;
2024-01-07;MEYZA.ru;
2024-01-07;MGO-OPT.ru;
2024-01-07;MGOOPT.ru;
2024-01-07;MGOVAPING.ru;
2024-01-07;MICROGREENS-NSK.ru;
2024-01-07;MIHAIL-VITEBSKIY.ru;
2024-01-07;MIK-M.ru;
2024-01-07;MIKEG.ru;
2024-01-07;MIKEYS.ru;
2024-01-07;MILANABRONNIKOVA.ru;
2024-01-07;MILLIONAIRE-BRAND.ru;
2024-01-07;MIMI-NEWS.ru;
2024-01-07;MINDALLAVANDA.ru;
2024-01-07;MINI-NEWS.ru;
2024-01-07;MINIGAZIEVA.ru;
2024-01-07;MINTAGIR.ru;
2024-01-07;MIOVIBE.ru;
2024-01-07;MIPO-ONLINE.ru;
2024-01-07;MIR-NOZHEK.ru;
2024-01-07;MIR-TELEKOM.ru;
2024-01-07;MIRANTICA.ru;
2024-01-07;MIRNOZHEK.ru;
2024-01-07;MIRTA59.ru;
2024-01-07;MIRUNROUX.ru;
2024-01-07;MISCAPITAL.ru;
2024-01-07;MISHKIBAND.ru;
2024-01-07;MISSIGN.ru;
2024-01-07;MITSUBISHICLIMAT.ru;
2024-01-07;MIXEEV53.ru;
2024-01-07;MIYASUNDUKOVA.ru;
2024-01-07;MKPEREGORODKI.ru;
2024-01-07;MKS-RAP.ru;
2024-01-07;MKURTUKOVA.ru;
2024-01-07;MLASTOCHKIN.ru;
2024-01-07;MLKITCHEN.ru;
2024-01-07;MMMPAROVOZ.ru;
2024-01-07;MMYSIK.ru;
2024-01-07;MNGAVRILOVWORK.ru;
2024-01-07;MNOGOVR.ru;
2024-01-07;MNYDNG.ru;
2024-01-07;MNYKRR.ru;
2024-01-07;MO-LIST.ru;
2024-01-07;MOBDOP.ru;
2024-01-07;MOCKIN.ru;
2024-01-07;MODA4MINI.ru;
2024-01-07;MODNYEPLATYA.ru;
2024-01-07;MOLEV-1.ru;
2024-01-07;MOLODTSOVVA.ru;
2024-01-07;MOMISDADIS.ru;
2024-01-07;MONETOCHKAFORGOODLACK.ru;
2024-01-07;MONEYBIMKA.ru;
2024-01-07;MONEYCERBUR.ru;
2024-01-07;MONEYCUTON.ru;
2024-01-07;MONEYFISER.ru;
2024-01-07;MONEYGGSER.ru;
2024-01-07;MONEYGROOVKA.ru;
2024-01-07;MONEYHEADMI.ru;
2024-01-07;MONEYKESPER.ru;
2024-01-07;MONEYSHOFT.ru;
2024-01-07;MONEYSILVERER.ru;
2024-01-07;MONOCHROMEANGIE.ru;
2024-01-07;MOPS-ARTUR.ru;
2024-01-07;MOPXMVATGP.ru;
2024-01-07;MORE-KORZIN.ru;
2024-01-07;MORERYBU.ru;
2024-01-07;MOROZOVAN83.ru;
2024-01-07;MOROZZ-MASTER.ru;
2024-01-07;MOS0.ru;
2024-01-07;MOSDES.ru;
2024-01-07;MOSPODCAST.ru;
2024-01-07;MOSTRANSAUTO.ru;
2024-01-07;MOY-KLASS.ru;
2024-01-07;MOYAVOLOGDA.ru;
2024-01-07;MR1XBET.ru;
2024-01-07;MRVIC52.ru;
2024-01-07;MSADAT.ru;
2024-01-07;MSRVANILA.ru;
2024-01-07;MSTUDIO-126.ru;
2024-01-07;MTS-MOD.ru;
2024-01-07;MTSENSOR.ru;
2024-01-07;MUDMR.ru;
2024-01-07;MUHAMETSHIN-TOP.ru;
2024-01-07;MUKASE.ru;
2024-01-07;MUPKES.ru;
2024-01-07;MUR-TOP.ru;
2024-01-07;MURAVSKAJA-7.ru;
2024-01-07;MURMANTOWN.ru;
2024-01-07;MUROM-POVERKA.ru;
2024-01-07;MUS-AB.ru;
2024-01-07;MUSHKETOVDIPLOM.ru;
2024-01-07;MVIK-AQUA.ru;
2024-01-07;MXRENT.ru;
2024-01-07;MY-MAIL-MAILER-ACCOUNT.ru;
2024-01-07;MY-STRIKE.ru;
2024-01-07;MY-STRIKEBALL.ru;
2024-01-07;MY-YAPF.ru;
2024-01-07;MYAKK.ru;
2024-01-07;MYBESTVIDEOS.ru;
2024-01-07;MYBS7.ru;
2024-01-07;MYCODE-ERC.ru;
2024-01-07;MYCSGO-PROMOCODE.ru;
2024-01-07;MYGUIZ.ru;
2024-01-07;MYHAPPYWHEEL.ru;
2024-01-07;MYMARUSYA.ru;
2024-01-07;MYPULMONOLOG.ru;
2024-01-07;MYQIUZ.ru;
2024-01-07;MYSTICALWORLD.ru;
2024-01-07;MYSTRIKE.ru;
2024-01-07;MYSTRIKEBALL.ru;
2024-01-07;MYWAY-SHOP.ru;
2024-01-07;N-CLASS.ru;
2024-01-07;N23EO.ru;
2024-01-07;N4UTIL.ru;
2024-01-07;NA-ELECTRO.ru;
2024-01-07;NADEZDA-LIZAR.ru;
2024-01-07;NADO-DOLGO.ru;
2024-01-07;NADODOLGO.ru;
2024-01-07;NAILGLOW.ru;
2024-01-07;NAIORKA.ru;
2024-01-07;NAKTOP.ru;
2024-01-07;NAMELO.ru;
2024-01-07;NANCHITE.ru;
2024-01-07;NAPETROVKE-JOB.ru;
2024-01-07;NARKOLOG-BALI.ru;
2024-01-07;NAS-CLOUD.ru;
2024-01-07;NASSSKA.ru;
2024-01-07;NASTASYABB2008.ru;
2024-01-07;NATAF555.ru;
2024-01-07;NATALYABEVZPSY.ru;
2024-01-07;NATARARINA.ru;
2024-01-07;NATASHAUA.ru;
2024-01-07;NATURESPOT.ru;
2024-01-07;NAVIGGTOP1XBET.ru;
2024-01-07;NAYSSESTYOREMNTE24.ru;
2024-01-07;NCHEBUNINA.ru;
2024-01-07;NCTSZ32.ru;
2024-01-07;NDOMASHKEVICH.ru;
2024-01-07;NE-BYDY-DOLGHEN24.ru;
2024-01-07;NE-DOLGHEN24.ru;
2024-01-07;NE-DOLGHNIK2024.ru;
2024-01-07;NEGATIVN1Y.ru;
2024-01-07;NEIIRSINT.ru;
2024-01-07;NEIRINTEL.ru;
2024-01-07;NEIROSSETT.ru;
2024-01-07;NEKMERSININVEST.ru;
2024-01-07;NEOCIGAR.ru;
2024-01-07;NEOHUMANISTS-SPB.ru;
2024-01-07;NERFICRAFT.ru;
2024-01-07;NESTEROV-SERVER.ru;
2024-01-07;NET-SCHOOOL.ru;
2024-01-07;NETHERSWORD.ru;
2024-01-07;NEVELSKIY.ru;
2024-01-07;NEVTUDVER.ru;
2024-01-07;NEW-TB.ru;
2024-01-07;NEWLK.ru;
2024-01-07;NEWMARKETINGS.ru;
2024-01-07;NEWS-PAPERS.ru;
2024-01-07;NGOROZHANKIN.ru;
2024-01-07;NIC-WEBMASTER.ru;
2024-01-07;NIKHOME21.ru;
2024-01-07;NIKITADAVYDOV.ru;
2024-01-07;NIKITAEKK.ru;
2024-01-07;NIKNATION.ru;
2024-01-07;NIN-JNR.ru;
2024-01-07;NINA-GORBUNOVA.ru;
2024-01-07;NINETEENSEVENTYTWO.ru;
2024-01-07;NISHTYAKOFF.ru;
2024-01-07;NIZACEN.ru;
2024-01-07;NIZHNIK-ALEXANDR.ru;
2024-01-07;NIZHNOVJEWELIR.ru;
2024-01-07;NJ95WSL.ru;
2024-01-07;NK-MGMT.ru;
2024-01-07;NMBD.ru;
2024-01-07;NNAKHYP.ru;
2024-01-07;NO-EDITS.ru;
2024-01-07;NO-SNOW.ru;
2024-01-07;NOEDITS.ru;
2024-01-07;NOGINSK-TEHOSMOTR.ru;
2024-01-07;NONTING.ru;
2024-01-07;NOPLAGIAT.ru;
2024-01-07;NORGRAMM.ru;
2024-01-07;NOROMI.ru;
2024-01-07;NORTHERN-MARIANNA.ru;
2024-01-07;NOSHENNYE-TRUSIKI.ru;
2024-01-07;NOSHENNYE-TRUSY.ru;
2024-01-07;NOTA-RE.ru;
2024-01-07;NOTARIUS-PEREVALSK.ru;
2024-01-07;NOTFORGNOMES.ru;
2024-01-07;NOTOKIO.ru;
2024-01-07;NOVOMOSKOVSK-POVERKA.ru;
2024-01-07;NOVOSLOB-DD.ru;
2024-01-07;NOZH-I-VILKA.ru;
2024-01-07;NREUT.ru;
2024-01-07;NRK-SIBERIA.ru;
2024-01-07;NSPASS.ru;
2024-01-07;NSSERVER.ru;
2024-01-07;NTREALTY.ru;
2024-01-07;NTROREL.ru;
2024-01-07;NULLTOMATO.ru;
2024-01-07;NUMISAUCT.ru;
2024-01-07;NVURIST00.ru;
2024-01-07;NYTRADER.ru;
2024-01-07;NZAROVASVETLANA.ru;
2024-01-07;OBEU.ru;
2024-01-07;OBITRIP.ru;
2024-01-07;OBNINSK-POVERKA.ru;
2024-01-07;OBSADOVO.ru;
2024-01-07;OBUKHOVA-MAIL.ru;
2024-01-07;OFD-ORD2475.ru;
2024-01-07;OFD-ORD2952.ru;
2024-01-07;OFD-ORD3199.ru;
2024-01-07;OFD-ORD3963.ru;
2024-01-07;OFD-ORD5984.ru;
2024-01-07;OFD-ORD6612.ru;
2024-01-07;OFD-ORD7133.ru;
2024-01-07;OFD-ORD7859.ru;
2024-01-07;OFD-ORD9745.ru;
2024-01-07;OFFGARENA.ru;
2024-01-07;OFFICIAL-1XBET80.ru;
2024-01-07;OFFICIAL-BOOKOFDEAD.ru;
2024-01-07;OGURCHIKRU.ru;
2024-01-07;OKIPHOTOGRAPHY.ru;
2024-01-07;OKNOLUBOV.ru;
2024-01-07;OKSTUDYC.ru;
2024-01-07;OKUNEVPRO.ru;
2024-01-07;OLCHERMEDIA.ru;
2024-01-07;OLEGPYTALEV.ru;
2024-01-07;OLEZHAN.ru;
2024-01-07;OLGAABUKINA.ru;
2024-01-07;OLGAKNYAZEVNA.ru;
2024-01-07;OLGAKOVALCHUK.ru;
2024-01-07;OLIMPBOT.ru;
2024-01-07;OMAGDEEVA.ru;
2024-01-07;OMEGA-CORP.ru;
2024-01-07;OMIDENRP.ru;
2024-01-07;ON-DON.ru;
2024-01-07;ONE-BTL.ru;
2024-01-07;ONEREGION.ru;
2024-01-07;ONLINECASINO-1XBET440.ru;
2024-01-07;ONLINEDOCFOTO.ru;
2024-01-07;ONLINEMAGIYA-TARO.ru;
2024-01-07;ONLINEMATHTESTS.ru;
2024-01-07;ONLINEOUTLETS2024.ru;
2024-01-07;ONLINESALEOUTLET2024.ru;
2024-01-07;ONLINESITE-1XBET986.ru;
2024-01-07;ONLY-GENERATOR.ru;
2024-01-07;ONLY-STONE.ru;
2024-01-07;ONLYCSAT.ru;
2024-01-07;ONLYROUTER.ru;
2024-01-07;ONQUALITY.ru;
2024-01-07;OOKMATE.ru;
2024-01-07;OOOAEI.ru;
2024-01-07;OOODOLG.ru;
2024-01-07;OOOPEREKUSKA.ru;
2024-01-07;OPERAMEAT.ru;
2024-01-07;OPLATA3274.ru;
2024-01-07;OPLATA3275.ru;
2024-01-07;ORBUZCRAFT.ru;
2024-01-07;ORD-174409.ru;
2024-01-07;ORD-2231.ru;
2024-01-07;ORD-2232.ru;
2024-01-07;ORD-2233.ru;
2024-01-07;ORD-72844.ru;
2024-01-07;ORD-830997.ru;
2024-01-07;ORD8092.ru;
2024-01-07;ORDER-1201.ru;
2024-01-07;ORDER-4657.ru;
2024-01-07;ORDER-8372.ru;
2024-01-07;ORDER-ID1719.ru;
2024-01-07;ORDER-ID4417.ru;
2024-01-07;ORDER0118.ru;
2024-01-07;ORDER0281.ru;
2024-01-07;ORDER0291.ru;
2024-01-07;ORDER0715.ru;
2024-01-07;ORDER0961.ru;
2024-01-07;ORDER0989.ru;
2024-01-07;ORDER1927.ru;
2024-01-07;ORDER4092.ru;
2024-01-07;ORDER7087.ru;
2024-01-07;ORDER7101.ru;
2024-01-07;ORDER8095.ru;
2024-01-07;ORDER8907.ru;
2024-01-07;ORDER9022.ru;
2024-01-07;ORDER9906.ru;
2024-01-07;OREXTICKS.ru;
2024-01-07;ORIGFIL.ru;
2024-01-07;ORIGINALZ.ru;
2024-01-07;ORIONAG.ru;
2024-01-07;ORIONCORP.ru;
2024-01-07;ORIONTRANSAVTO.ru;
2024-01-07;ORLOVAALINA.ru;
2024-01-07;ORUN-LMS.ru;
2024-01-07;OSIPOV64.ru;
2024-01-07;OSKAR-88.ru;
2024-01-07;OSKAR-MEBEL.ru;
2024-01-07;OSKOL-POVERKA.ru;
2024-01-07;OSMO2005.ru;
2024-01-07;OSOBENNYESVECHI.ru;
2024-01-07;OSTROVOKDOK.ru;
2024-01-07;OTKACKA.ru;
2024-01-07;OUTBARN.ru;
2024-01-07;OVIKPROEKT.ru;
2024-01-07;OVVRUS.ru;
2024-01-07;OXANASOL.ru;
2024-01-07;OXOXOX.ru;
2024-01-07;P109SPB.ru;
2024-01-07;PAGE-9176.ru;
2024-01-07;PAJASOS.ru;
2024-01-07;PAKETBRAND.ru;
2024-01-07;PALEVGENICH.ru;
2024-01-07;PAM24.ru;
2024-01-07;PANDA35.ru;
2024-01-07;PANLOG.ru;
2024-01-07;PANTRYBOT.ru;
2024-01-07;PAR-ZAGAR.ru;
2024-01-07;PARFUMEDAR.ru;
2024-01-07;PARKIGSVO.ru;
2024-01-07;PARKINGSO.ru;
2024-01-07;PARKINSVO.ru;
2024-01-07;PART2024.ru;
2024-01-07;PARTNERSEDA.ru;
2024-01-07;PARZAGAR.ru;
2024-01-07;PASSIONATELOVEPURSUIT.ru;
2024-01-07;PASSIONATEPULSEPALACE.ru;
2024-01-07;PASSIONATEPULSEPLACE.ru;
2024-01-07;PASSIONATEPULSEPOINT.ru;
2024-01-07;PASSIONPUZZLEPLACE.ru;
2024-01-07;PAVELMASTA.ru;
2024-01-07;PAVELPROKUDIN.ru;
2024-01-07;PAY-DISCOUNT.ru;
2024-01-07;PAY-PROMO.ru;
2024-01-07;PAYD10.ru;
2024-01-07;PAYMENT-262.ru;
2024-01-07;PAYMENT-263.ru;
2024-01-07;PAYMENT-264.ru;
2024-01-07;PAYMENT-265.ru;
2024-01-07;PAYMENT-ACCEPT.ru;
2024-01-07;PAYMENT-DISCOUNT.ru;
2024-01-07;PAYMENTFORYOU.ru;
2024-01-07;PC-GIFTITEMS.ru;
2024-01-07;PCDL.ru;
2024-01-07;PDOMIK.ru;
2024-01-07;PEACEPOINT.ru;
2024-01-07;PECHKA-24.ru;
2024-01-07;PEOPLEXPANSE.ru;
2024-01-07;PERESELKIN.ru;
2024-01-07;PEREZAGRUZKARF.ru;
2024-01-07;PERINATAL-GROUP.ru;
2024-01-07;PERMANENTBOR.ru;
2024-01-07;PERSONACTOR.ru;
2024-01-07;PERVYE89.ru;
2024-01-07;PESOK-SHCHEBEN.ru;
2024-01-07;PETCAREPASSPORT.ru;
2024-01-07;PETERLEONTYEV.ru;
2024-01-07;PETRLEONTYEV.ru;
2024-01-07;PFKDZWE.ru;
2024-01-07;PG2017.ru;
2024-01-07;PH-MLNKV-ANN.ru;
2024-01-07;PHANTOMZONE.ru;
2024-01-07;PHOTO-SURF.ru;
2024-01-07;PHOTOKEEPSAKE.ru;
2024-01-07;PHOTONAVIGATE.ru;
2024-01-07;PHPAPP.ru;
2024-01-07;PHPSU.ru;
2024-01-07;PHUKET-VISARUN.ru;
2024-01-07;PIAR-X.ru;
2024-01-07;PIARX.ru;
2024-01-07;PILLOWKINGDOM.ru;
2024-01-07;PILS-3489.ru;
2024-01-07;PIP33.ru;
2024-01-07;PITIRIMOVPROJECT.ru;
2024-01-07;PJADUHOV.ru;
2024-01-07;PKOLESNIK.ru;
2024-01-07;PLAKSINOFFICIAL.ru;
2024-01-07;PLANBSERVICE.ru;
2024-01-07;PLANETASIRIUS.ru;
2024-01-07;PLAVANIE-AQUARELKA.ru;
2024-01-07;PLAYERID.ru;
2024-01-07;PLLNIKOLAEVSKY.ru;
2024-01-07;PLUS-KARTA.ru;
2024-01-07;PLUSELECTRO-TKACHEV.ru;
2024-01-07;PM-SOLUTIONS.ru;
2024-01-07;POCHTOVETS.ru;
2024-01-07;PODAROKIVLEEVA.ru;
2024-01-07;PODBORONOV.ru;
2024-01-07;PODDSPB.ru;
2024-01-07;PODOLYAKA-SEGODNYA.ru;
2024-01-07;POEDIM777.ru;
2024-01-07;POL-AIR.ru;
2024-01-07;POLEZNOINFO.ru;
2024-01-07;POLINADESIGN.ru;
2024-01-07;POLIVODAPHOTO.ru;
2024-01-07;POMNEM.ru;
2024-01-07;POPKO-1.ru;
2024-01-07;PORODY-KOSHEK.ru;
2024-01-07;PORSHEN-PRO.ru;
2024-01-07;PORTFOLIO-RD.ru;
2024-01-07;PORTRET-PO-NITI.ru;
2024-01-07;PORTVOSTOK.ru;
2024-01-07;POSHIV-KIRGIZIIA.ru;
2024-01-07;POST-OPLATA.ru;
2024-01-07;POTENCIY-INDI.ru;
2024-01-07;POTENCIY-ONLINE.ru;
2024-01-07;POWERACTOR.ru;
2024-01-07;POWERHITRADIO.ru;
2024-01-07;POZITIVVSEM.ru;
2024-01-07;PR-VEKA.ru;
2024-01-07;PRAVILO-1.ru;
2024-01-07;PRAVOZAKONNO.ru;
2024-01-07;PRECAPITAL.ru;
2024-01-07;PREM-AIR.ru;
2024-01-07;PRIMAKVO.ru;
2024-01-07;PRINTAJ850.ru;
2024-01-07;PRIVMA.ru;
2024-01-07;PRO-DES.ru;
2024-01-07;PRO-MASTER-DOM.ru;
2024-01-07;PRO-RABOTY.ru;
2024-01-07;PROBATTLESW.ru;
2024-01-07;PROBCE.ru;
2024-01-07;PROCONT-SOFT.ru;
2024-01-07;PROCONTSOFT.ru;
2024-01-07;PRODACHA23.ru;
2024-01-07;PROFBRAIDERS.ru;
2024-01-07;PROFICIENTPYTHON.ru;
2024-01-07;PROFORIENTACIYA-OBUCHENIE.ru;
2024-01-07;PROJECT-ABYSS.ru;
2024-01-07;PROJECT-CRMP.ru;
2024-01-07;PROJECT10.ru;
2024-01-07;PROKHOROCK.ru;
2024-01-07;PROLYBOV.ru;
2024-01-07;PROMO-PAY.ru;
2024-01-07;PROMOCOD-EASYDROP.ru;
2024-01-07;PROMOWISE.ru;
2024-01-07;PROMPTCOURSE.ru;
2024-01-07;PROPASSPORTS.ru;
2024-01-07;PROSBRESNTVERCH.ru;
2024-01-07;PROTING.ru;
2024-01-07;PROTOPST.ru;
2024-01-07;PROVANSS.ru;
2024-01-07;PROVINCIA37.ru;
2024-01-07;PRROGOLOOSUI.ru;
2024-01-07;PRSTRNST.ru;
2024-01-07;PRYZHOV.ru;
2024-01-07;PRZ2HBK.ru;
2024-01-07;PSIHOLOG-DEPRESSIYA.ru;
2024-01-07;PSKOVAPARTMENTS.ru;
2024-01-07;PSNKV.ru;
2024-01-07;PSU-TOOLS.ru;
2024-01-07;PSYCHOLOG-AR.ru;
2024-01-07;PSYCHOLOG-PRO.ru;
2024-01-07;PSYSERGEI.ru;
2024-01-07;PTGFREEBOT.ru;
2024-01-07;PUFFMI-OFFICIAL.ru;
2024-01-07;PUFPROFESSOR.ru;
2024-01-07;PUREHEARTRENDEZVOUS.ru;
2024-01-07;PUREPUREGAZ.ru;
2024-01-07;PUZOSR3.ru;
2024-01-07;PVERMOLAEFF.ru;
2024-01-07;PW-ANGEL.ru;
2024-01-07;PWD-AEROFLOT.ru;
2024-01-07;PWDAEROFLOT.ru;
2024-01-07;Q-MAG.ru;
2024-01-07;QIRALI.ru;
2024-01-07;QOSIMJON.ru;
2024-01-07;QOSMOSCAST.ru;
2024-01-07;QRCHECKSPB.ru;
2024-01-07;QTD952E.ru;
2024-01-07;QUIZIZ.ru;
2024-01-07;R0U85J2.ru;
2024-01-07;RAABBOXINGSCHOOL.ru;
2024-01-07;RABOTA2022.ru;
2024-01-07;RADIANTHEARTHUB.ru;
2024-01-07;RADIANTLOVEQUEST.ru;
2024-01-07;RADIANTRROMANCENOOK.ru;
2024-01-07;RADIANTRROMANCERAPTURE.ru;
2024-01-07;RADIANTRROMANCEREALM.ru;
2024-01-07;RADIANTRROMANCERIDGE.ru;
2024-01-07;RADIANTRROMANCERIFT.ru;
2024-01-07;RADIOLOM155.ru;
2024-01-07;RADIUSPRINT.ru;
2024-01-07;RADJAYOGA.ru;
2024-01-07;RADSGROUP.ru;
2024-01-07;RAFRESH.ru;
2024-01-07;RAITINGZAIMOV.ru;
2024-01-07;RASPUTINAAV.ru;
2024-01-07;RASSPASS.ru;
2024-01-07;RAYAKALININA.ru;
2024-01-07;RAZDVAGAS.ru;
2024-01-07;RBLINOV.ru;
2024-01-07;READBIT.ru;
2024-01-07;REAL-1XBET825.ru;
2024-01-07;REAL1XBET-11.ru;
2024-01-07;REALFINIX.ru;
2024-01-07;REALITYLOVE.ru;
2024-01-07;REBELS-BOT.ru;
2024-01-07;REDSPANDEX.ru;
2024-01-07;REGION-OPERATORY.ru;
2024-01-07;REGNUMANIMALIA.ru;
2024-01-07;REHAB-BALI.ru;
2024-01-07;REHAB-THAI.ru;
2024-01-07;REHABBALI.ru;
2024-01-07;REHABTHAI.ru;
2024-01-07;REITINGZAIMOV.ru;
2024-01-07;REKLAMA-DN.ru;
2024-01-07;REKLAMA5566.ru;
2024-01-07;RELATIONSHIPPLUS.ru;
2024-01-07;REMIN07.ru;
2024-01-07;REMONT-STIR-MSK.ru;
2024-01-07;REMONTAPLAN.ru;
2024-01-07;REMONTSTIR-MSK.ru;
2024-01-07;REMONTSTIRMSK.ru;
2024-01-07;REMSTROYCOMPANY.ru;
2024-01-07;RENDER-WOOD.ru;
2024-01-07;RENT-PROPERTY.ru;
2024-01-07;RENTFURGON.ru;
2024-01-07;RENTKISS.ru;
2024-01-07;REPAIR-56.ru;
2024-01-07;RESILEX.ru;
2024-01-07;RESTART-YAR.ru;
2024-01-07;RESURSRF.ru;
2024-01-07;RETROTAPESRU3.ru;
2024-01-07;REWERD-FF-GERANA.ru;
2024-01-07;RHLAPOV.ru;
2024-01-07;RIELT-SAMARA.ru;
2024-01-07;RIM-HOSTINGI.ru;
2024-01-07;RITAPSY.ru;
2024-01-07;RITMIX-STUDIO.ru;
2024-01-07;RIWIRDSS-GARENNE-FF.ru;
2024-01-07;RM78.ru;
2024-01-07;ROBOPROJECTS.ru;
2024-01-07;ROBOT-GAZON.ru;
2024-01-07;ROFFCOIN.ru;
2024-01-07;ROLMSCOMPANY.ru;
2024-01-07;ROMADAN.ru;
2024-01-07;ROMANMALSEV.ru;
2024-01-07;ROMANYULDASHEV.ru;
2024-01-07;ROMGD.ru;
2024-01-07;ROMII7.ru;
2024-01-07;RONDO-CAPITAL.ru;
2024-01-07;RONDOLOVE.ru;
2024-01-07;ROOMS-RSL.ru;
2024-01-07;ROSE04.ru;
2024-01-07;ROSE05.ru;
2024-01-07;ROSE07.ru;
2024-01-07;ROSE11.ru;
2024-01-07;ROSE15.ru;
2024-01-07;ROSE17.ru;
2024-01-07;ROSE19.ru;
2024-01-07;ROSE20.ru;
2024-01-07;ROSE247.ru;
2024-01-07;ROSE41.ru;
2024-01-07;ROSE65.ru;
2024-01-07;ROSE79.ru;
2024-01-07;ROSE80.ru;
2024-01-07;ROSE81.ru;
2024-01-07;ROSE82.ru;
2024-01-07;ROSE88.ru;
2024-01-07;ROSE89.ru;
2024-01-07;ROSE90.ru;
2024-01-07;ROSE91.ru;
2024-01-07;ROSE92.ru;
2024-01-07;ROSE95.ru;
2024-01-07;ROSE97.ru;
2024-01-07;ROSEHOST.ru;
2024-01-07;ROSES14.ru;
2024-01-07;ROSES25.ru;
2024-01-07;ROSES57.ru;
2024-01-07;ROSES70.ru;
2024-01-07;ROSES72.ru;
2024-01-07;ROSES74.ru;
2024-01-07;ROSES76.ru;
2024-01-07;ROUTE-CASSA.ru;
2024-01-07;ROYAL-ENGINEERING.ru;
2024-01-07;ROYAL-STUDIOS.ru;
2024-01-07;ROYALTY-CARDS.ru;
2024-01-07;RS-WORKS.ru;
2024-01-07;RSHISHININ.ru;
2024-01-07;RSO-TS.ru;
2024-01-07;RU-COD.ru;
2024-01-07;RU-ID5826.ru;
2024-01-07;RU-SECURITY9928.ru;
2024-01-07;RUBBERPLIT.ru;
2024-01-07;RUBUYER.ru;
2024-01-07;RUMACHIK-AE.ru;
2024-01-07;RUS-4321.ru;
2024-01-07;RUSICHWAR.ru;
2024-01-07;RUSLANBAGAUTDINOV.ru;
2024-01-07;RUSLANZANOCH.ru;
2024-01-07;RUSPROVERKA.ru;
2024-01-07;RUSSASS.ru;
2024-01-07;RUSSKOT.ru;
2024-01-07;RUSSOASS.ru;
2024-01-07;RUSTY-CAT.ru;
2024-01-07;RV3SFQ.ru;
2024-01-07;RYAZAN-POVERKA.ru;
2024-01-07;RYBACHENKO-NSK.ru;
2024-01-07;RYBALKALIFE.ru;
2024-01-07;RYBENKOV.ru;
2024-01-07;RYBINSK-POVERKA.ru;
2024-01-07;RYZKEVICH.ru;
2024-01-07;RZANOCH.ru;
2024-01-07;S-JNR.ru;
2024-01-07;S-MARKT.ru;
2024-01-07;SAAKYANTT.ru;
2024-01-07;SABRAMOVICH.ru;
2024-01-07;SAFEPAWS.ru;
2024-01-07;SAI1TDEB1T.ru;
2024-01-07;SAINTMOLLY.ru;
2024-01-07;SALEOUTLET2024.ru;
2024-01-07;SALONKAREVRN.ru;
2024-01-07;SAMOEDNSO.ru;
2024-01-07;SAN7119.ru;
2024-01-07;SANA5460.ru;
2024-01-07;SANDTRY.ru;
2024-01-07;SANTESERVICE.ru;
2024-01-07;SANTEXHOUSE24.ru;
2024-01-07;SAPAROV-1.ru;
2024-01-07;SAPRYKIN-PRO.ru;
2024-01-07;SARA-HOME.ru;
2024-01-07;SASASASA.ru;
2024-01-07;SASHAKOTOVSKIE.ru;
2024-01-07;SASHASHALIMOVA.ru;
2024-01-07;SAUNA04.ru;
2024-01-07;SAYBE.ru;
2024-01-07;SAZONOVAJENYA.ru;
2024-01-07;SBERPAYER.ru;
2024-01-07;SBLECKOM.ru;
2024-01-07;SBLESKIM.ru;
2024-01-07;SBLESKON.ru;
2024-01-07;SBR555.ru;
2024-01-07;SCHASTIYE.ru;
2024-01-07;SCHOOL-ACCREDITATION.ru;
2024-01-07;SCUFFCRAFT.ru;
2024-01-07;SD4KH5GUGGG577.ru;
2024-01-07;SDELKA2386.ru;
2024-01-07;SEA-FOODSTORE.ru;
2024-01-07;SEACENTRE.ru;
2024-01-07;SEAFOODF.ru;
2024-01-07;SEAMUSOIDA.ru;
2024-01-07;SEARCH-DRIVER-SOFT.ru;
2024-01-07;SEARCHER-API.ru;
2024-01-07;SEASTEP.ru;
2024-01-07;SECLINIC.ru;
2024-01-07;SECOND-OPINION.ru;
2024-01-07;SECRET-OBJECT.ru;
2024-01-07;SEGRETTI.ru;
2024-01-07;SEIFR.ru;
2024-01-07;SELEZNYOVA.ru;
2024-01-07;SENDER-PROMO.ru;
2024-01-07;SENDER-PROMOTION.ru;
2024-01-07;SENTTY.ru;
2024-01-07;SEO2024.ru;
2024-01-07;SEO4WEB.ru;
2024-01-07;SEPTICTOP-1.ru;
2024-01-07;SEQUEL-PODCAST.ru;
2024-01-07;SEREGARADIOTEK.ru;
2024-01-07;SERENA13.ru;
2024-01-07;SERENDIPITYSOULMATE.ru;
2024-01-07;SERENESOULHARBOR.ru;
2024-01-07;SERENESOULMINGLE.ru;
2024-01-07;SERENESOULSANCTUARY.ru;
2024-01-07;SERENESOULSHORE.ru;
2024-01-07;SERGEJ-KARTASHOV.ru;
2024-01-07;SERGEJAN.ru;
2024-01-07;SERGEJKOLESNIK.ru;
2024-01-07;SERGEY-STEPNOY.ru;
2024-01-07;SERGEY-VEDENYO.ru;
2024-01-07;SERVICE-4759.ru;
2024-01-07;SERVICE-8182.ru;
2024-01-07;SERVICE-89129120112.ru;
2024-01-07;SERVICES7.ru;
2024-01-07;SERVICEXPERTIZA.ru;
2024-01-07;SERVIS-AVITO.ru;
2024-01-07;SERVISEPLUS.ru;
2024-01-07;SEV-MONTAJ.ru;
2024-01-07;SFERAPROF.ru;
2024-01-07;SFESSENS.ru;
2024-01-07;SGURCHENKO.ru;
2024-01-07;SHAHLEVICH.ru;
2024-01-07;SHANGHAI64.ru;
2024-01-07;SHANHAINVKZ.ru;
2024-01-07;SHANTITG.ru;
2024-01-07;SHARAPOV-SHARAPOV.ru;
2024-01-07;SHARKANIE.ru;
2024-01-07;SHAVLJUK.ru;
2024-01-07;SHELTERCRAFT.ru;
2024-01-07;SHEMMY-ART.ru;
2024-01-07;SHIMMERS-LOUNGE.ru;
2024-01-07;SHIMMERS-MOSCOWCITY.ru;
2024-01-07;SHIMMERSLOUNGE.ru;
2024-01-07;SHIRINBOXES.ru;
2024-01-07;SHIXKERIMOW.ru;
2024-01-07;SHKIRSKIY.ru;
2024-01-07;SHKOLABABKOV.ru;
2024-01-07;SHLIM-TECH.ru;
2024-01-07;SHLYAPP.ru;
2024-01-07;SHNAIDERYAK.ru;
2024-01-07;SHOE-FETISHISM.ru;
2024-01-07;SHOPPINGSALE2024.ru;
2024-01-07;SHORAHANOV.ru;
2024-01-07;SHORTEVERYWHERE.ru;
2024-01-07;SHTEFUTSA.ru;
2024-01-07;SHTRANS.ru;
2024-01-07;SHUMEIKOV.ru;
2024-01-07;SHUMEIKOVL.ru;
2024-01-07;SIARTY-DANCESTUDIO.ru;
2024-01-07;SIBERIAN-REHAB.ru;
2024-01-07;SIBERIAVPN.ru;
2024-01-07;SIDNEYJOBTTTTTTTGOSUSLUGI.ru;
2024-01-07;SIGNFUL.ru;
2024-01-07;SIGNLESS.ru;
2024-01-07;SIGNNESS.ru;
2024-01-07;SIKOLOV.ru;
2024-01-07;SILALFA.ru;
2024-01-07;SILUSHKA-FITNESS.ru;
2024-01-07;SIM-MOSCOW24.ru;
2024-01-07;SIMAGIC.ru;
2024-01-07;SIMPLELANDS.ru;
2024-01-07;SIMPLESOAP.ru;
2024-01-07;SIMPLYLIVE.ru;
2024-01-07;SIMUCUBE.ru;
2024-01-07;SINNEX.ru;
2024-01-07;SIPLE.ru;
2024-01-07;SIRENIO.ru;
2024-01-07;SIRI-AI.ru;
2024-01-07;SIRIAI.ru;
2024-01-07;SITEDOMT.ru;
2024-01-07;SIZOV-PHOTO.ru;
2024-01-07;SK-AMADEUS.ru;
2024-01-07;SK-KOLIZEY.ru;
2024-01-07;SK-NOVIIADRESS.ru;
2024-01-07;SKADIGRIEF.ru;
2024-01-07;SKAZKAYASLIYAROSLAVL.ru;
2024-01-07;SKIDKA-STORKIAVTO.ru;
2024-01-07;SKIDKI-NA-SPORTKOSTYMI.ru;
2024-01-07;SKIDKI-RUBASHKY.ru;
2024-01-07;SKIDKI-TERMOBELYE.ru;
2024-01-07;SKOLYVANOV.ru;
2024-01-07;SKUPKA24BELYAEVO.ru;
2024-01-07;SKUSTODOV.ru;
2024-01-07;SKYLINEFEST.ru;
2024-01-07;SLADKIEPODARKI38.ru;
2024-01-07;SLANZANOCH.ru;
2024-01-07;SLBX20.ru;
2024-01-07;SLIMEVR.ru;
2024-01-07;SLIVALINI.ru;
2024-01-07;SLIVANET18.ru;
2024-01-07;SLIVOGRAM.ru;
2024-01-07;SLONETSKII.ru;
2024-01-07;SLOVO-PACANAI.ru;
2024-01-07;SLOVO-PACANAVSE.ru;
2024-01-07;SLOVO-PACANJ.ru;
2024-01-07;SLOVO-PACANJ-1-8.ru;
2024-01-07;SLOVO-PACANNA.ru;
2024-01-07;SLOVO-PACCANA.ru;
2024-01-07;SLOVO-PACONAVS.ru;
2024-01-07;SLOVO-PATSANU-1-8.ru;
2024-01-07;SLOVOOPACONA.ru;
2024-01-07;SLOVOOPACONA8.ru;
2024-01-07;SLOVOPACAD.ru;
2024-01-07;SLOVOPACAED.ru;
2024-01-07;SLOVOPACANER.ru;
2024-01-07;SLOVOPACANRAY.ru;
2024-01-07;SLOVOPACANTWQE.ru;
2024-01-07;SLOVOPACANTWZHE.ru;
2024-01-07;SLOVOPACANTYE.ru;
2024-01-07;SLOVOPACANU-1-8.ru;
2024-01-07;SLOVOPACAVER.ru;
2024-01-07;SLOVOPACCANAA.ru;
2024-01-07;SLOVOPACNBA.ru;
2024-01-07;SLOVOPACNGA.ru;
2024-01-07;SLOVOPACONA-8.ru;
2024-01-07;SMAPY.ru;
2024-01-07;SMART-POCHINKA.ru;
2024-01-07;SMARTLINK-SOME-ASSAY.ru;
2024-01-07;SMARTLINK-SOME-COOKIES.ru;
2024-01-07;SMARTLINK-SOME-EXAMINE.ru;
2024-01-07;SMARTLINK-SOME-EXPERIENCE.ru;
2024-01-07;SMARTLOGICAI-CHAT.ru;
2024-01-07;SMARTRONIK.ru;
2024-01-07;SMARTS7.ru;
2024-01-07;SMARTUZI.ru;
2024-01-07;SMETYRUS.ru;
2024-01-07;SMM-BOOM.ru;
2024-01-07;SMM1000TG.ru;
2024-01-07;SMMKINGS.ru;
2024-01-07;SMOLENSK-POVERKA.ru;
2024-01-07;SMOPLUS.ru;
2024-01-07;SMORODINA-PRO.ru;
2024-01-07;SMOTRIM-SMOTRI.ru;
2024-01-07;SMSSTAV26.ru;
2024-01-07;SNKRILOVA.ru;
2024-01-07;SNT-SADOVOD73.ru;
2024-01-07;SOBYANIN2030.ru;
2024-01-07;SOCHI24GMAIL.ru;
2024-01-07;SOCIAL-URTK.ru;
2024-01-07;SOGLASIEVITA.ru;
2024-01-07;SOKILOV.ru;
2024-01-07;SOKLOV.ru;
2024-01-07;SOKOL96.ru;
2024-01-07;SOKOLIV.ru;
2024-01-07;SOKOLOB.ru;
2024-01-07;SOKOLOC.ru;
2024-01-07;SOKOLV.ru;
2024-01-07;SOKOOV.ru;
2024-01-07;SOLACESHOP.ru;
2024-01-07;SOLNECHNIYFRUIT.ru;
2024-01-07;SOLOVEVAA.ru;
2024-01-07;SOMOLOV.ru;
2024-01-07;SONGSEARCH.ru;
2024-01-07;SOOLOV.ru;
2024-01-07;SOQLASIE.ru;
2024-01-07;SOSEDU74.ru;
2024-01-07;SOUL-CATS.ru;
2024-01-07;SOUL-CHARTS.ru;
2024-01-07;SOULCREAM.ru;
2024-01-07;SOULFULUNIONZONE.ru;
2024-01-07;SOULPICTURE.ru;
2024-01-07;SP-AEROFLOT.ru;
2024-01-07;SP-SPUTNIK.ru;
2024-01-07;SPA-SMORODINA.ru;
2024-01-07;SPACELOGISTICS.ru;
2024-01-07;SPAEROFLOT.ru;
2024-01-07;SPAMI.ru;
2024-01-07;SPARKLINGROMANCEGROVE.ru;
2024-01-07;SPARTANTESTOSTERONE.ru;
2024-01-07;SPASHRAM-NIKULINO.ru;
2024-01-07;SPBCHEKI.ru;
2024-01-07;SPEC-TURBO.ru;
2024-01-07;SPECIY33.ru;
2024-01-07;SPECSTROYRUS.ru;
2024-01-07;SPECTECHNOKRATIKA.ru;
2024-01-07;SPISOKZAIMOV.ru;
2024-01-07;SPISOKZAYMOV.ru;
2024-01-07;SPOKIPOKI.ru;
2024-01-07;SPORTLIFEWORLD.ru;
2024-01-07;SPORTWAYBRAND.ru;
2024-01-07;SRMSIBUR.ru;
2024-01-07;SRO-ARSENAL.ru;
2024-01-07;SRO-DOPUSK-IZYSKANIYA-OF.ru;
2024-01-07;SRURU.ru;
2024-01-07;SSCHULKOV774.ru;
2024-01-07;SSLINK.ru;
2024-01-07;SSR-RB.ru;
2024-01-07;STAEMCONMMUNILTY.ru;
2024-01-07;STAND2NNOJIK.ru;
2024-01-07;STANDUP-ROUTE.ru;
2024-01-07;STANIRANON.ru;
2024-01-07;STANISLAV-PRO.ru;
2024-01-07;STANY-SVOBODEN-OT-DOLGA24.ru;
2024-01-07;STARLIGHT-SX.ru;
2024-01-07;STAROCHKIN.ru;
2024-01-07;START-1XBET112.ru;
2024-01-07;START-1XBET424.ru;
2024-01-07;STASKALAYDA.ru;
2024-01-07;STEEL-FEEL.ru;
2024-01-07;STELA-SAROV.ru;
2024-01-07;STELLARCRAFT.ru;
2024-01-07;STEP-ECOSYSTEM.ru;
2024-01-07;STEPANOVAJULIA.ru;
2024-01-07;STIHOTERAPIA.ru;
2024-01-07;STIR-REMONT-MSK.ru;
2024-01-07;STIRREMONTMSK.ru;
2024-01-07;STNEIRROV.ru;
2024-01-07;STOKNET.ru;
2024-01-07;STOPYOURADDICTION.ru;
2024-01-07;STORECHEAP2024.ru;
2024-01-07;STR1X.ru;
2024-01-07;STREAMOCEAN.ru;
2024-01-07;STROITEL82.ru;
2024-01-07;STRUCTURAWEAR.ru;
2024-01-07;STUD-SPRAVKI.ru;
2024-01-07;STUDIA-PODEM.ru;
2024-01-07;STUDIO1861.ru;
2024-01-07;STUDSOVETSPB.ru;
2024-01-07;STVOL24.ru;
2024-01-07;STYLEBOM.ru;
2024-01-07;STYLEINN.ru;
2024-01-07;SUCURSALDINAMICADMINISTRATIVO.ru;
2024-01-07;SULTAN-SULEMAN.ru;
2024-01-07;SUMMERKNOWLEDGE.ru;
2024-01-07;SUNHUA.ru;
2024-01-07;SUNSHINEBULLY-STAFF.ru;
2024-01-07;SUOVENIRS.ru;
2024-01-07;SUPER-PEREVOD-PESEN.ru;
2024-01-07;SUPER-SEREGA.ru;
2024-01-07;SURF-PIZZA.ru;
2024-01-07;SURVIVAL-CITY-NATURE.ru;
2024-01-07;SURVIVE-AFTER.ru;
2024-01-07;SURVIVEAFTER.ru;
2024-01-07;SUSI-CITY.ru;
2024-01-07;SVARAP.ru;
2024-01-07;SVETLANABISNES.ru;
2024-01-07;SVINSVIST.ru;
2024-01-07;SVIREPEN.ru;
2024-01-07;SVITERY-ZIMNIYE.ru;
2024-01-07;SVKESSENS.ru;
2024-01-07;SVOBODEN-OT-DOLGA24.ru;
2024-01-07;SVOBODEN-OT-PLATEZHA24.ru;
2024-01-07;SVOLOSNIKOV.ru;
2024-01-07;SWEETESTSERENADE.ru;
2024-01-07;SWEETHEARTHARBOR.ru;
2024-01-07;SWEETHEARTSERENITY.ru;
2024-01-07;SWEETHEARTSOIREE.ru;
2024-01-07;SWEETHEARTSYMPHONY.ru;
2024-01-07;SWMSK.ru;
2024-01-07;SXLDY.ru;
2024-01-07;SYMTRIOS.ru;
2024-01-07;SYNC-PART.ru;
2024-01-07;SYNCNET.ru;
2024-01-07;SYNCPART.ru;
2024-01-07;SYRENNYJ.ru;
2024-01-07;SYSTALIT-MAZ.ru;
2024-01-07;SYVOROTKA-RESNICY.ru;
2024-01-07;SZOT2008.ru;
2024-01-07;TABAC-SALE.ru;
2024-01-07;TAKAMULGROUP.ru;
2024-01-07;TALENTIAN.ru;
2024-01-07;TALES-TEAM.ru;
2024-01-07;TALIYAHAFIZ.ru;
2024-01-07;TAMBOV-POVERKA.ru;
2024-01-07;TAMILAMED.ru;
2024-01-07;TANAEVSKY.ru;
2024-01-07;TANCHAT.ru;
2024-01-07;TANK2D.ru;
2024-01-07;TANUGO.ru;
2024-01-07;TAPMALL.ru;
2024-01-07;TARASOFT-A.ru;
2024-01-07;TARASOFTA.ru;
2024-01-07;TAROMOONIGHT.ru;
2024-01-07;TASK-LINK.ru;
2024-01-07;TC-ICEBERG.ru;
2024-01-07;TDANIKS.ru;
2024-01-07;TEAM-GIRLS.ru;
2024-01-07;TEAMGIRLS.ru;
2024-01-07;TECHNOLOGIST02.ru;
2024-01-07;TECHNOPARK74.ru;
2024-01-07;TEHNIKA-POCHINKA.ru;
2024-01-07;TEHNOCOT.ru;
2024-01-07;TELEDRAMAS.ru;
2024-01-07;TELEGRAFS.ru;
2024-01-07;TELEGRAM-CHANNELS.ru;
2024-01-07;TELEGRAM-NOTCOIN.ru;
2024-01-07;TELEGRAMP.ru;
2024-01-07;TELEGRANGS.ru;
2024-01-07;TELEGRANN.ru;
2024-01-07;TELEGRANW.ru;
2024-01-07;TELEGRUP.ru;
2024-01-07;TELNIKOVA.ru;
2024-01-07;TENCAT.ru;
2024-01-07;TENDERTIMEHARBOR.ru;
2024-01-07;TENDERTOUCHTREASURE.ru;
2024-01-07;TENDERTOUCHVOYAGE.ru;
2024-01-07;TENOSHARE.ru;
2024-01-07;TEPLOUJUT.ru;
2024-01-07;TERENTEV-WORK.ru;
2024-01-07;TERRAVED.ru;
2024-01-07;TEST-JPH.ru;
2024-01-07;TESTINGAPI.ru;
2024-01-07;TESTLABINET.ru;
2024-01-07;TEXAMER.ru;
2024-01-07;TEXTINBOX.ru;
2024-01-07;TEYAA.ru;
2024-01-07;TFINDEX1.ru;
2024-01-07;TGANEVICH.ru;
2024-01-07;TGBATLES.ru;
2024-01-07;TGMHUB.ru;
2024-01-07;TGPALM.ru;
2024-01-07;THAI-REHAB.ru;
2024-01-07;THAIREHAB.ru;
2024-01-07;THE-BOYS.ru;
2024-01-07;THEATRE-ROUTE.ru;
2024-01-07;THERMOSHEF.ru;
2024-01-07;THESALGOR.ru;
2024-01-07;THESAU.ru;
2024-01-07;TIBBIT.ru;
2024-01-07;TICKETID.ru;
2024-01-07;TIDO-BRAND.ru;
2024-01-07;TIELTVER.ru;
2024-01-07;TIGOSHIN.ru;
2024-01-07;TIGUR.ru;
2024-01-07;TIKTOKMONETIZAIHON.ru;
2024-01-07;TIKTOKMONETKI.ru;
2024-01-07;TIKUSHIN.ru;
2024-01-07;TILER72.ru;
2024-01-07;TIMCHESTN.ru;
2024-01-07;TINGATE.ru;
2024-01-07;TINGEST.ru;
2024-01-07;TINGNESS.ru;
2024-01-07;TIPO-ELGRECO.ru;
2024-01-07;TIPS-7298.ru;
2024-01-07;TIPSOFDAY.ru;
2024-01-07;TISHINSKII-BULVAR.ru;
2024-01-07;TITAN-HOST.ru;
2024-01-07;TITOVVI2013.ru;
2024-01-07;TKDMFT.ru;
2024-01-07;TLGHOSTBOT.ru;
2024-01-07;TMK-ASM.ru;
2024-01-07;TN-JNR.ru;
2024-01-07;TN-ONE.ru;
2024-01-07;TN-ONE1.ru;
2024-01-07;TN-ONE12.ru;
2024-01-07;TN-ONE2024.ru;
2024-01-07;TN-ONE24.ru;
2024-01-07;TN-ONE247.ru;
2024-01-07;TN-ONE3.ru;
2024-01-07;TN-ONE7.ru;
2024-01-07;TN-ONE8.ru;
2024-01-07;TN-ONE88.ru;
2024-01-07;TN6.ru;
2024-01-07;TOCARIIIPASTRY.ru;
2024-01-07;TOGG-KRSK.ru;
2024-01-07;TOKAREVWORK.ru;
2024-01-07;TOLKAY72.ru;
2024-01-07;TOP-ALBOM.ru;
2024-01-07;TOP-KREDITOK.ru;
2024-01-07;TOPCLINICA.ru;
2024-01-07;TOPSERVISGAME.ru;
2024-01-07;TOPSLOTSCASINO.ru;
2024-01-07;TOPYURIST1986.ru;
2024-01-07;TORF-KUPIT.ru;
2024-01-07;TORT-PERM.ru;
2024-01-07;TORTEREZKA.ru;
2024-01-07;TOTAL-NEWS.ru;
2024-01-07;TOURISTIK-A.ru;
2024-01-07;TOURLINER.ru;
2024-01-07;TPLUSGRUP.ru;
2024-01-07;TRANS-X.ru;
2024-01-07;TRASHMASH.ru;
2024-01-07;TRATSITETT.ru;
2024-01-07;TRAURFLOWERS.ru;
2024-01-07;TRAVEL-REPUTATION.ru;
2024-01-07;TRAVELGOV.ru;
2024-01-07;TRAVELREPUTATION.ru;
2024-01-07;TRBD.ru;
2024-01-07;TREK-KING.ru;
2024-01-07;TRIP-4891.ru;
2024-01-07;TRISOVIK.ru;
2024-01-07;TROPINKAMI.ru;
2024-01-07;TRUEGIRL.ru;
2024-01-07;TRUEHEARTTREK.ru;
2024-01-07;TRYANGLE-TEAM.ru;
2024-01-07;TRYBOGATYRAPUPZEMELY.ru;
2024-01-07;TRYBOGATYRAPUPZEMLY.ru;
2024-01-07;TRYBOGATYRAPUPZMLY.ru;
2024-01-07;TS8YZFU.ru;
2024-01-07;TSDMR.ru;
2024-01-07;TSHIBKOVA.ru;
2024-01-07;TSONLINENET.ru;
2024-01-07;TTMSKSITETT.ru;
2024-01-07;TTSITEMSKTT.ru;
2024-01-07;TTXT.ru;
2024-01-07;TULA-POVERKA.ru;
2024-01-07;TULAESTATE.ru;
2024-01-07;TUMAFIN.ru;
2024-01-07;TUPICHENKO.ru;
2024-01-07;TUR-LINER.ru;
2024-01-07;TURBO-UM.ru;
2024-01-07;TURKYRGYZSTAN.ru;
2024-01-07;TURMANBETOV.ru;
2024-01-07;TUTZAIMY.ru;
2024-01-07;TV3UX5N.ru;
2024-01-07;TVER-POVERKA.ru;
2024-01-07;TVOYDAGESTAN.ru;
2024-01-07;TYT-HELP-DOLGAM.ru;
2024-01-07;TYT-O-DOLGAX24.ru;
2024-01-07;U6Z0MRB.ru;
2024-01-07;UCHUMUCHU.ru;
2024-01-07;UDOSTOVIRENIYA-SURGUTT-86.ru;
2024-01-07;UGC-CREATOR.ru;
2024-01-07;UGGSSTORE.ru;
2024-01-07;UGUIZ.ru;
2024-01-07;UNDOMIEL.ru;
2024-01-07;UNION-EPILATEME.ru;
2024-01-07;UNITKEYS.ru;
2024-01-07;UNIVERSITALY.ru;
2024-01-07;UNTING.ru;
2024-01-07;UNVIX.ru;
2024-01-07;UPRAVLENIE-MAKSIMUM.ru;
2024-01-07;UPS-SO.ru;
2024-01-07;UQIUZ.ru;
2024-01-07;UQIZ.ru;
2024-01-07;URAIRKA.ru;
2024-01-07;URALINVESTCLUB.ru;
2024-01-07;URISTIOTVETI5.ru;
2024-01-07;USEFACTS.ru;
2024-01-07;V-SRO-DOPUSK-IZYSKANIYA.ru;
2024-01-07;V1PER37.ru;
2024-01-07;VA-PETUKHOV.ru;
2024-01-07;VAAVGROUP.ru;
2024-01-07;VADIMVELICHKO.ru;
2024-01-07;VAKANSII-DEVUSHKAM.ru;
2024-01-07;VALENTIO.ru;
2024-01-07;VALERAVOLKOV.ru;
2024-01-07;VALERAXT.ru;
2024-01-07;VALHALLAPOLIT.ru;
2024-01-07;VALKMARINA.ru;
2024-01-07;VALLENTINA.ru;
2024-01-07;VAM-PODAROCK.ru;
2024-01-07;VAN4KHD.ru;
2024-01-07;VARUS13.ru;
2024-01-07;VASTU-HOME.ru;
2024-01-07;VAUCHER-1XBET.ru;
2024-01-07;VDIS7.ru;
2024-01-07;VDSIMA.ru;
2024-01-07;VEBINNEIRO.ru;
2024-01-07;VEERAL.ru;
2024-01-07;VELHAEL.ru;
2024-01-07;VELIKHODSKIY.ru;
2024-01-07;VERGEBRAND.ru;
2024-01-07;VERIU.ru;
2024-01-07;VERJIE.ru;
2024-01-07;VERNADTSKOGO-CIRKYE.ru;
2024-01-07;VERNATSKOGO-CIRKUS.ru;
2024-01-07;VERNUTDENGIOTBROKERA.ru;
2024-01-07;VEROCOACHING.ru;
2024-01-07;VESKOVOCLUB.ru;
2024-01-07;VETAKUZINA.ru;
2024-01-07;VEVADEQ.ru;
2024-01-07;VGRWLKU.ru;
2024-01-07;VIBERAY.ru;
2024-01-07;VIDEOGRAFPLUS.ru;
2024-01-07;VIDEOMASHINA.ru;
2024-01-07;VIDEORG-NEOLINE.ru;
2024-01-07;VIKAMINASYAN.ru;
2024-01-07;VIKI-LASHES.ru;
2024-01-07;VIKINGSECURITY.ru;
2024-01-07;VIKINGY.ru;
2024-01-07;VILLAMIRAPET.ru;
2024-01-07;VIP-AVTOUFA.ru;
2024-01-07;VIP-ZAIM24.ru;
2024-01-07;VISDY.ru;
2024-01-07;VISIONERD.ru;
2024-01-07;VISIOTEINE.ru;
2024-01-07;VISUALPRES.ru;
2024-01-07;VITPRO8.ru;
2024-01-07;VIVA-TECHNOLOGIES.ru;
2024-01-07;VIVIDOZ.ru;
2024-01-07;VLADIMIR-POVERKA.ru;
2024-01-07;VLADIMIR-SHKODA.ru;
2024-01-07;VLADVD91.ru;
2024-01-07;VLANATVLA.ru;
2024-01-07;VLO97M4.ru;
2024-01-07;VMAP3D.ru;
2024-01-07;VMESTEEDEM.ru;
2024-01-07;VMOMENTE-SPB.ru;
2024-01-07;VMOREV.ru;
2024-01-07;VNMG46Q.ru;
2024-01-07;VOICECOMMUNITY.ru;
2024-01-07;VOINS-LEGENDS.ru;
2024-01-07;VOKAL-SOCHI.ru;
2024-01-07;VOKZALGROUP.ru;
2024-01-07;VOLFSONDIGTAL.ru;
2024-01-07;VOLOCHAJ.ru;
2024-01-07;VOLVOBME.ru;
2024-01-07;VOODOOO-LAB.ru;
2024-01-07;VOROJEYAKAMNI.ru;
2024-01-07;VORONEZH-POVERKA.ru;
2024-01-07;VOROPAEVATANYA.ru;
2024-01-07;VOSTOK-N.ru;
2024-01-07;VOTESBATLE.ru;
2024-01-07;VOZERKOV.ru;
2024-01-07;VOZOL-SHOP.ru;
2024-01-07;VPN-GPTALK.ru;
2024-01-07;VPOLETAEV.ru;
2024-01-07;VRONZHIN.ru;
2024-01-07;VSEKOGTI.ru;
2024-01-07;VSENEURONKI.ru;
2024-01-07;VSEOTRAVMAH.ru;
2024-01-07;VSFCEO.ru;
2024-01-07;VSTUPI-V-SRO-IZYSKANIYA.ru;
2024-01-07;VSULTANSHA.ru;
2024-01-07;VSYAMUZIKA.ru;
2024-01-07;VTB24URB.ru;
2024-01-07;VTRENDEMARKET.ru;
2024-01-07;VULPO.ru;
2024-01-07;VVL-3.ru;
2024-01-07;VYSTAVKI-NOVOSIB.ru;
2024-01-07;VZLETPERMANENT.ru;
2024-01-07;VZYKINA.ru;
2024-01-07;W-PPAANEL.ru;
2024-01-07;WANDOG.ru;
2024-01-07;WAYFORPAYS.ru;
2024-01-07;WBK-SOFT.ru;
2024-01-07;WBKSOFT.ru;
2024-01-07;WBPARTNER.ru;
2024-01-07;WDFILE.ru;
2024-01-07;WEATHERGUIDE.ru;
2024-01-07;WEB-BRICK.ru;
2024-01-07;WEB-HILLS.ru;
2024-01-07;WEB-KNOWLEDGE.ru;
2024-01-07;WEBHOSTINGI.ru;
2024-01-07;WEBLABS24.ru;
2024-01-07;WEILO.ru;
2024-01-07;WELCOMEBUSINESS.ru;
2024-01-07;WELLDONEV.ru;
2024-01-07;WEPLAYTV-CS2.ru;
2024-01-07;WHATSALL.ru;
2024-01-07;WHATSAPP-REG.ru;
2024-01-07;WHATSAPP-SMS.ru;
2024-01-07;WHATSAPPLOGIN.ru;
2024-01-07;WHATSAPPREGSMS.ru;
2024-01-07;WHATSOK.ru;
2024-01-07;WHATTSAPKESH.ru;
2024-01-07;WHITE-JACKAL.ru;
2024-01-07;WHITE-KEEPERS.ru;
2024-01-07;WHITE-MOSCOW.ru;
2024-01-07;WHITEWOLFHACK.ru;
2024-01-07;WHOISDOG.ru;
2024-01-07;WHSSL.ru;
2024-01-07;WHXIVM.ru;
2024-01-07;WIKIKOT.ru;
2024-01-07;WILDKITTY.ru;
2024-01-07;WILSA.ru;
2024-01-07;WIN-TEAM.ru;
2024-01-07;WINDOWSCOLLECTION.ru;
2024-01-07;WITCHESEMELI.ru;
2024-01-07;WITHLOVEWEDDING.ru;
2024-01-07;WKOLA1.ru;
2024-01-07;WLADIMIR-ARZER.ru;
2024-01-07;WM-COM.ru;
2024-01-07;WORKBAND.ru;
2024-01-07;WORKCOURIER.ru;
2024-01-07;WORKHELPERS.ru;
2024-01-07;WORLDACCS.ru;
2024-01-07;WORLDDENT-ROSTOV.ru;
2024-01-07;WOW-COFE.ru;
2024-01-07;WRONGDOOR.ru;
2024-01-07;WSC24.ru;
2024-01-07;WUXEE.ru;
2024-01-07;WVATSIK.ru;
2024-01-07;WWGOLD.ru;
2024-01-07;WWW-DYSON.ru;
2024-01-07;X-STORE71.ru;
2024-01-07;XALMGGER08.ru;
2024-01-07;XCOMUNNAC.ru;
2024-01-07;XENIAMAXIMCHUK.ru;
2024-01-07;XIAOMI-OPTOM.ru;
2024-01-07;XLUZ.ru;
2024-01-07;XN0VA.ru;
2024-01-07;XSTALKX.ru;
2024-01-07;XT1NMWJ.ru;
2024-01-07;XXX-TELEGA.ru;
2024-01-07;XYTOPOK271.ru;
2024-01-07;Y6OHP3M.ru;
2024-01-07;YAGABOT.ru;
2024-01-07;YAHMUR-MEDITAION.ru;
2024-01-07;YAHOOCOM.ru;
2024-01-07;YANAFILIPTSOVA.ru;
2024-01-07;YANDEX-SOSINA.ru;
2024-01-07;YANETMAIL.ru;
2024-01-07;YANGWANGU6.ru;
2024-01-07;YANISNAB.ru;
2024-01-07;YARIKKRD.ru;
2024-01-07;YAROSLAV27.ru;
2024-01-07;YAROSLAVL-POVERKA.ru;
2024-01-07;YASHISHOV.ru;
2024-01-07;YEBAR-REST.ru;
2024-01-07;YEBLOO.ru;
2024-01-07;YEVROSHOP.ru;
2024-01-07;YOOCASSA.ru;
2024-01-07;YOOKASS.ru;
2024-01-07;YOOKASSSA.ru;
2024-01-07;YORAZOV.ru;
2024-01-07;YOUNGMOUNTAINS.ru;
2024-01-07;YOUNGSCI-INCRAS.ru;
2024-01-07;YOURTEACHERVALERY.ru;
2024-01-07;YOYOSH.ru;
2024-01-07;YQAK65Z.ru;
2024-01-07;YRISTCONSYLTANT.ru;
2024-01-07;YUGUIDE.ru;
2024-01-07;YUKINOVNA.ru;
2024-01-07;YULIASHADRINA.ru;
2024-01-07;YULIYA-KAMM.ru;
2024-01-07;YURAIT6.ru;
2024-01-07;YURIGRIGA.ru;
2024-01-07;YURYSW.ru;
2024-01-07;Z0BLKVX.ru;
2024-01-07;Z0PFEYA.ru;
2024-01-07;Z0RGSHOME.ru;
2024-01-07;ZACVET.ru;
2024-01-07;ZAEM77.ru;
2024-01-07;ZAEMSRAZY.ru;
2024-01-07;ZAEMVSEMONLINE.ru;
2024-01-07;ZAIM-NA-VYBOR.ru;
2024-01-07;ZAKAZ2482.ru;
2024-01-07;ZAKIROVAA93.ru;
2024-01-07;ZAKZAR.ru;
2024-01-07;ZAMDOK.ru;
2024-01-07;ZAPARTY.ru;
2024-01-07;ZAPCHASTIVAGGM.ru;
2024-01-07;ZARMNYKRR.ru;
2024-01-07;ZASHCHITNIK23.ru;
2024-01-07;ZASTROYSHIKSTROY.ru;
2024-01-07;ZAVIANNA.ru;
2024-01-07;ZAVRM.ru;
2024-01-07;ZAYM-BEZ-PROBLEM.ru;
2024-01-07;ZAYM-DOSTUPEN.ru;
2024-01-07;ZAYM-KOGDA-NADO.ru;
2024-01-07;ZAYM-VSEGDA.ru;
2024-01-07;ZDESKRUTO.ru;
2024-01-07;ZEEKR-CX1E.ru;
2024-01-07;ZEFIRBUKET.ru;
2024-01-07;ZENINVLADIMIR.ru;
2024-01-07;ZENTOX.ru;
2024-01-07;ZEONCRYPTO.ru;
2024-01-07;ZERKALO-1XBET157.ru;
2024-01-07;ZHIGAREV-1.ru;
2024-01-07;ZHMURK0.ru;
2024-01-07;ZHUFAMILY.ru;
2024-01-07;ZIFRAVISION.ru;
2024-01-07;ZLATOSLOVSCHOOL.ru;
2024-01-07;ZNAI-KRASNODAR.ru;
2024-01-07;ZOJINAKA.ru;
2024-01-07;ZOLOTO56.ru;
2024-01-07;ZOLOTO583.ru;
2024-01-07;ZONI3XK.ru;
2024-01-07;ZOO-KOT.ru;
2024-01-07;ZSD-SPB.ru;
2024-01-07;ZUBOV24.ru;
2024-01-07;ZURAB-ZARUBIN.ru;
2024-01-07;ZVERIEST.ru;
2024-01-07;ZVEZDNAIAGAVAN.ru;
2024-01-07;ZVONIKA.ru;
2024-01-08;0171.ru;
2024-01-08;01SCHOOL.ru;
2024-01-08;070124.ru;
2024-01-08;1-XSLOTS-CASINO-1.ru;
2024-01-08;1000BRICKS.ru;
2024-01-08;1428357.ru;
2024-01-08;1C-FINEXP.ru;
2024-01-08;1PA0QW4.ru;
2024-01-08;1WIN-APPLICATION.ru;
2024-01-08;1WIN1WIN1WIN1WIN.ru;
2024-01-08;1XBET-PFBAZA.ru;
2024-01-08;21WORK.ru;
2024-01-08;2270745.ru;
2024-01-08;24-A.ru;
2024-01-08;24-COM.ru;
2024-01-08;2424-A.ru;
2024-01-08;2424-COM.ru;
2024-01-08;2492.ru;
2024-01-08;24ACTIVELIFE.ru;
2024-01-08;24BEBRA.ru;
2024-01-08;24MAGAZIN-KZ.ru;
2024-01-08;24MARKETPLACE-BOOST.ru;
2024-01-08;24SURVEY.ru;
2024-01-08;24VLKA.ru;
2024-01-08;28CATERING.ru;
2024-01-08;2PISTONS.ru;
2024-01-08;2STORY.ru;
2024-01-08;2XOLOP.ru;
2024-01-08;30-MIN.ru;
2024-01-08;312323.ru;
2024-01-08;321650.ru;
2024-01-08;32MOB.ru;
2024-01-08;3745363.ru;
2024-01-08;3D-VIEW.ru;
2024-01-08;3DVIZUAL-BTK.ru;
2024-01-08;3EDINSTVA-BLOG.ru;
2024-01-08;42AM.ru;
2024-01-08;4CHEESE.ru;
2024-01-08;4KTUBE.ru;
2024-01-08;4P7RQEB.ru;
2024-01-08;4VAN.ru;
2024-01-08;618606.ru;
2024-01-08;61TRAVEL.ru;
2024-01-08;66LUXBAG.ru;
2024-01-08;71-TULA.ru;
2024-01-08;72PARITET.ru;
2024-01-08;777-REMONT.ru;
2024-01-08;7NIKOV.ru;
2024-01-08;7VETROV-SOCHI.ru;
2024-01-08;8-SHAMAN.ru;
2024-01-08;8963.ru;
2024-01-08;910STUDIO.ru;
2024-01-08;9110119011.ru;
2024-01-08;9263501214.ru;
2024-01-08;9290444343.ru;
2024-01-08;999HUDI.ru;
2024-01-08;AA001.ru;
2024-01-08;AALEEV.ru;
2024-01-08;AANOSHINA.ru;
2024-01-08;ABAT-RUSSIA.ru;
2024-01-08;ABCKITCHXENNYC.ru;
2024-01-08;ABDARTUR.ru;
2024-01-08;ABEZUMOV.ru;
2024-01-08;ABIMEX.ru;
2024-01-08;ABUSHINA.ru;
2024-01-08;ABYSS-MAIN.ru;
2024-01-08;AC-TULA-SALON.ru;
2024-01-08;ACADEMICARCH.ru;
2024-01-08;ACCPAYSED.ru;
2024-01-08;ACCSESSUAR.ru;
2024-01-08;ACONCAGUA24.ru;
2024-01-08;ACONCAGUAEXPERT.ru;
2024-01-08;ADAIKIN.ru;
2024-01-08;ADJI-FASHION.ru;
2024-01-08;ADLENALINE.ru;
2024-01-08;ADM-CLEANING.ru;
2024-01-08;ADMINOCHKA.ru;
2024-01-08;ADRINA8.ru;
2024-01-08;ADVBORODINSKY.ru;
2024-01-08;ADVENTUREAGENCYGAME.ru;
2024-01-08;ADVOKAT-9911.ru;
2024-01-08;ADVOKATPERFILEV.ru;
2024-01-08;AFANASEV-MOSCOW.ru;
2024-01-08;AFEARDER.ru;
2024-01-08;AFINSURANCE.ru;
2024-01-08;AG-SOLUTIONS.ru;
2024-01-08;AGNIRAM.ru;
2024-01-08;AGROBIONA.ru;
2024-01-08;AGROPRICES.ru;
2024-01-08;AHMEDOVA-TOP.ru;
2024-01-08;AI-MARKET24.ru;
2024-01-08;AI-SPORTS.ru;
2024-01-08;AIDARU.ru;
2024-01-08;AIDAYS.ru;
2024-01-08;AIKOZHIN.ru;
2024-01-08;AILJUHIN.ru;
2024-01-08;AIMIDO.ru;
2024-01-08;AIMLM.ru;
2024-01-08;AINSELIT.ru;
2024-01-08;AIRINGER.ru;
2024-01-08;AITOM9.ru;
2024-01-08;AKHODAK.ru;
2024-01-08;AKLENOV.ru;
2024-01-08;AKSITE.ru;
2024-01-08;AKU0620.ru;
2024-01-08;AKVASISTEMS.ru;
2024-01-08;AL-LAND.ru;
2024-01-08;ALBION-OVERLAY.ru;
2024-01-08;ALCURATOVA.ru;
2024-01-08;ALEGRI-FINANCE.ru;
2024-01-08;ALEKSANDROVAVERONICA.ru;
2024-01-08;ALEKSGON.ru;
2024-01-08;ALEXANDER-GONCHAROV.ru;
2024-01-08;ALEXCROSSSMILE.ru;
2024-01-08;ALEXEYKUPTSOV.ru;
2024-01-08;ALEXGFGM.ru;
2024-01-08;ALFAMERCH.ru;
2024-01-08;ALGODEN.ru;
2024-01-08;ALICESWANSON.ru;
2024-01-08;ALIGHI.ru;
2024-01-08;ALINAILUSHENKO.ru;
2024-01-08;ALISIYA-SP.ru;
2024-01-08;ALIVEC999.ru;
2024-01-08;ALJAPIN.ru;
2024-01-08;ALLAATOMS.ru;
2024-01-08;ALMAZSTRONG.ru;
2024-01-08;ALMIRDO.ru;
2024-01-08;ALP-MOS.ru;
2024-01-08;ALT-ARENDA.ru;
2024-01-08;ALT-CREDIT.ru;
2024-01-08;ALTERNACO.ru;
2024-01-08;ALYBIN.ru;
2024-01-08;AM9L9.ru;
2024-01-08;AMBURG.ru;
2024-01-08;AMELIYA-TIDVI.ru;
2024-01-08;AMELXEN.ru;
2024-01-08;AMENPROJECT.ru;
2024-01-08;AMOSKOW.ru;
2024-01-08;AMPEKLOL.ru;
2024-01-08;ANDREEVANAT93.ru;
2024-01-08;ANDREIADAMOFF.ru;
2024-01-08;ANDREJSTEPANOV.ru;
2024-01-08;ANGELINAZZHDANOVA.ru;
2024-01-08;ANIMEMASTER.ru;
2024-01-08;ANIMESTOCK.ru;
2024-01-08;ANKA-TOP.ru;
2024-01-08;ANKETA-ONLINE24.ru;
2024-01-08;ANNA-VICTOR-85.ru;
2024-01-08;ANNABIZNES.ru;
2024-01-08;ANNAVACHEDINA.ru;
2024-01-08;ANNET-MAKHANEVA.ru;
2024-01-08;ANONIMNYJ-CHAT.ru;
2024-01-08;ANOTHERTRAVELGUIDE.ru;
2024-01-08;ANRE-88.ru;
2024-01-08;ANTI-COACHING.ru;
2024-01-08;ANTOHA99.ru;
2024-01-08;ANTON121192.ru;
2024-01-08;ANTONDRONYAEV.ru;
2024-01-08;ANTONSTESHENKO.ru;
2024-01-08;ANYLIRYI-DOLG24.ru;
2024-01-08;ANYPEN.ru;
2024-01-08;APART-DESIGN.ru;
2024-01-08;APARTMENTS-KAZAN.ru;
2024-01-08;APELSEAN29.ru;
2024-01-08;APODKORYTOV.ru;
2024-01-08;APODLESNYH.ru;
2024-01-08;APURTOVA.ru;
2024-01-08;AQUA-ENGINEERING.ru;
2024-01-08;AQUADOCTORCENTR.ru;
2024-01-08;AQUAMINES.ru;
2024-01-08;ARARATEXPERT.ru;
2024-01-08;ARCHIFLOW.ru;
2024-01-08;AREA-RP.ru;
2024-01-08;ARENDOK.ru;
2024-01-08;ARGANMIDASRU.ru;
2024-01-08;ARK-STROI.ru;
2024-01-08;ARMAVAC.ru;
2024-01-08;ARMDES.ru;
2024-01-08;ARSLANKERIMOV.ru;
2024-01-08;ART-GG.ru;
2024-01-08;ARTANDPROMPT.ru;
2024-01-08;ARTEDEGRASS.ru;
2024-01-08;ARTEMKZNTSV.ru;
2024-01-08;ARTFAZAN.ru;
2024-01-08;ARTKALASH.ru;
2024-01-08;ARTKGZ.ru;
2024-01-08;ARTREPORT.ru;
2024-01-08;ARTWALLTER.ru;
2024-01-08;ARZONONLINE.ru;
2024-01-08;ASHLEENKOV.ru;
2024-01-08;ASKELO.ru;
2024-01-08;ASP-DEV-OPS.ru;
2024-01-08;ASP-DEVOPS.ru;
2024-01-08;ASTRO-XENIA.ru;
2024-01-08;ATAN33.ru;
2024-01-08;AUDIOKNIGA-BESPLATNO.ru;
2024-01-08;AURATER.ru;
2024-01-08;AURO-OCAGO.ru;
2024-01-08;AURORIS.ru;
2024-01-08;AUTISTICIMPACT.ru;
2024-01-08;AUTOFLOTBUS.ru;
2024-01-08;AUTOMIXX.ru;
2024-01-08;AUTOMOCHINA.ru;
2024-01-08;AUTOSHKOLA1.ru;
2024-01-08;AV-NOTES.ru;
2024-01-08;AVALONIAUI.ru;
2024-01-08;AVANGARD-RP.ru;
2024-01-08;AVRORABAND.ru;
2024-01-08;AVSCHUKIN.ru;
2024-01-08;AVTOCK.ru;
2024-01-08;AVTOSHKOLAOTSH.ru;
2024-01-08;AXDTL.ru;
2024-01-08;AXONENODE.ru;
2024-01-08;AYDOKAS.ru;
2024-01-08;AYNA05.ru;
2024-01-08;AZARENKO-TRAF.ru;
2024-01-08;AZIAUTO.ru;
2024-01-08;AZINO777-7AGAIN.ru;
2024-01-08;AZINO777-7AND.ru;
2024-01-08;AZINO777-7BIG.ru;
2024-01-08;AZINO777-7BUILD.ru;
2024-01-08;AZINO777-7BUT.ru;
2024-01-08;AZINO777-7BY.ru;
2024-01-08;AZINO777-7FOR.ru;
2024-01-08;AZINO777-7FROM.ru;
2024-01-08;AZINO777-7HAD.ru;
2024-01-08;AZINO777-7HAVE.ru;
2024-01-08;AZINO777-7HOME.ru;
2024-01-08;AZINO777-7HOUSE.ru;
2024-01-08;AZINO777-7HOW.ru;
2024-01-08;AZINO777-7I.ru;
2024-01-08;AZINO777-7IF.ru;
2024-01-08;AZINO777-7IS.ru;
2024-01-08;AZINO777-7KIND.ru;
2024-01-08;AZINO777-7MOTHER.ru;
2024-01-08;AZINO777-7NEAR.ru;
2024-01-08;AZINO777-7NEED.ru;
2024-01-08;AZINO777-7OR.ru;
2024-01-08;AZINO777-7OTHER.ru;
2024-01-08;AZINO777-7PICTURE.ru;
2024-01-08;AZINO777-7POINT.ru;
2024-01-08;AZINO777-7PUT.ru;
2024-01-08;AZINO777-7READ.ru;
2024-01-08;AZINO777-7SUCH.ru;
2024-01-08;AZINO777-7THREE.ru;
2024-01-08;AZINO777-7US.ru;
2024-01-08;AZINO777-7WAS.ru;
2024-01-08;AZINO777-7WE.ru;
2024-01-08;AZINO777-7WELL.ru;
2024-01-08;AZINO777-7WENT.ru;
2024-01-08;AZINO777-7WERE.ru;
2024-01-08;AZINO777-7WHAT.ru;
2024-01-08;AZINO777-7WILL.ru;
2024-01-08;AZINO777-7WITH.ru;
2024-01-08;AZINO777-7WORD.ru;
2024-01-08;AZINO777-7WORLD.ru;
2024-01-08;AZINO777-7YOU.ru;
2024-01-08;AZINO777-AM.ru;
2024-01-08;AZINO777-DOWNLOAD.ru;
2024-01-08;AZINO777-MD.ru;
2024-01-08;AZINO777-XGIV.ru;
2024-01-08;BABKIUKOTA.ru;
2024-01-08;BACKROOMS-LIMINALITY.ru;
2024-01-08;BAGELCORNER.ru;
2024-01-08;BAIHAIRULLIN.ru;
2024-01-08;BALABOLOFF.ru;
2024-01-08;BALLADER.ru;
2024-01-08;BALLLET.ru;
2024-01-08;BANERSVE.ru;
2024-01-08;BANIHYGGEMSK44.ru;
2024-01-08;BANIHYGGESPB53.ru;
2024-01-08;BANIKA-BANI69.ru;
2024-01-08;BANIKA-BANI70.ru;
2024-01-08;BANIKA-BANI71.ru;
2024-01-08;BANIKA-BANI72.ru;
2024-01-08;BANKETNAARTEMA31.ru;
2024-01-08;BANKROT-V-OMSKE.ru;
2024-01-08;BARINPRIEHAL.ru;
2024-01-08;BASE1981.ru;
2024-01-08;BASEBOYS.ru;
2024-01-08;BASSTMK.ru;
2024-01-08;BATRAT.ru;
2024-01-08;BAYCEL77.ru;
2024-01-08;BAZA-METIZOV.ru;
2024-01-08;BAZAVULKAN.ru;
2024-01-08;BBORIS.ru;
2024-01-08;BDARTS.ru;
2024-01-08;BEIJINGMOTORS.ru;
2024-01-08;BELEBEY-TEATR.ru;
2024-01-08;BELOUSOVA-DESIGN.ru;
2024-01-08;BELSOB.ru;
2024-01-08;BELYIAV.ru;
2024-01-08;BELYJJLOTOS.ru;
2024-01-08;BERGAT.ru;
2024-01-08;BERIOSSS.ru;
2024-01-08;BERYACRAFT.ru;
2024-01-08;BEST-COMPUTER.ru;
2024-01-08;BESTBEAUTYBOX.ru;
2024-01-08;BETSTARSRU5.ru;
2024-01-08;BETWINNER-BET-OF.ru;
2024-01-08;BEYAZBKE.ru;
2024-01-08;BFSHI.ru;
2024-01-08;BI22E1.ru;
2024-01-08;BIBLIOTEKA-RIELTORA.ru;
2024-01-08;BIBLLIOTEKA-REALTORA.ru;
2024-01-08;BIGFOOT-TOUR-MSK.ru;
2024-01-08;BIGGARIK.ru;
2024-01-08;BIGGREENEG.ru;
2024-01-08;BIGSTINKYCHOD.ru;
2024-01-08;BIKLOGISTIK.ru;
2024-01-08;BINARUM.ru;
2024-01-08;BINGO777.ru;
2024-01-08;BIO-NUTRITION.ru;
2024-01-08;BIOACTIVE-BIOLIFT.ru;
2024-01-08;BIRDFEEDERS.ru;
2024-01-08;BITBYTER.ru;
2024-01-08;BITSISTEMA.ru;
2024-01-08;BITSTROY-PRO.ru;
2024-01-08;BIZMEN-RUS.ru;
2024-01-08;BKABAK.ru;
2024-01-08;BLACK-SCUM.ru;
2024-01-08;BLEAKET.ru;
2024-01-08;BLEKER24.ru;
2024-01-08;BLIK-CRYPTO.ru;
2024-01-08;BLOCKTOPIAMODS.ru;
2024-01-08;BLOG27.ru;
2024-01-08;BLOG27RU.ru;
2024-01-08;BLOOP3R.ru;
2024-01-08;BLUEVIKA.ru;
2024-01-08;BMEDOVIK.ru;
2024-01-08;BOBFOX.ru;
2024-01-08;BODRIK.ru;
2024-01-08;BOEVOD.ru;
2024-01-08;BOGATYRYAITRIPUPZEMLI.ru;
2024-01-08;BOJARKINA-7.ru;
2024-01-08;BOLDAR.ru;
2024-01-08;BOLLYWOODCASINOBONUS.ru;
2024-01-08;BONUS-ZA.ru;
2024-01-08;BONUSBESDEP2.ru;
2024-01-08;BOO7T.ru;
2024-01-08;BOOKNOVEL.ru;
2024-01-08;BOOSSLIKE.ru;
2024-01-08;BOOZERBAR.ru;
2024-01-08;BOOZERBARSHOP.ru;
2024-01-08;BOROVIKVV.ru;
2024-01-08;BOTPR.ru;
2024-01-08;BOXINGTRAINER.ru;
2024-01-08;BR45SIC.ru;
2024-01-08;BRANDINGAWARDS.ru;
2024-01-08;BRANDLAKE.ru;
2024-01-08;BRANDPACKAGE24.ru;
2024-01-08;BRANDSKILL.ru;
2024-01-08;BREMENSKIE-MUZYKANTY2024.ru;
2024-01-08;BREMENSKIMUZIKANT-2024.ru;
2024-01-08;BREMENSKIMUZIKANT2024.ru;
2024-01-08;BREMENSKIMUZIKANTU.ru;
2024-01-08;BRIANSKY.ru;
2024-01-08;BRILLIANT-LOOK.ru;
2024-01-08;BRIZALIKS.ru;
2024-01-08;BRYANSK-POTOLOK.ru;
2024-01-08;BSU-VTI.ru;
2024-01-08;BUDEI.ru;
2024-01-08;BUDUSHHEE.ru;
2024-01-08;BUILDERS-PORTAL.ru;
2024-01-08;BUKETGOLOS.ru;
2024-01-08;BULGAKOVA-PRO.ru;
2024-01-08;BULLDOGBAR.ru;
2024-01-08;BULLZAIM.ru;
2024-01-08;BURCHUN.ru;
2024-01-08;BUSINESSROST2024.ru;
2024-01-08;BUTON38.ru;
2024-01-08;BUYCRYPT.ru;
2024-01-08;BYKOVTON.ru;
2024-01-08;BYTEFLOWNET.ru;
2024-01-08;BYTIFY.ru;
2024-01-08;BYTRENDS.ru;
2024-01-08;C7142Y3.ru;
2024-01-08;CALLIGRAMME-IRIS.ru;
2024-01-08;CANDIESLAB.ru;
2024-01-08;CANDLE1.ru;
2024-01-08;CANDLEPOWERFORUMS.ru;
2024-01-08;CARCAM-REGISTR.ru;
2024-01-08;CARDGAZPROM.ru;
2024-01-08;CARDUCCI-CRIMEA.ru;
2024-01-08;CARGOLOGISTIKA.ru;
2024-01-08;CARPETDAG.ru;
2024-01-08;CARTELSTRIP.ru;
2024-01-08;CASHFLIX.ru;
2024-01-08;CASHKOT.ru;
2024-01-08;CASHWWS.ru;
2024-01-08;CASINO-JET-TON.ru;
2024-01-08;CASINO-JETTON.ru;
2024-01-08;CASINORU6-2023.ru;
2024-01-08;CASINOS120.ru;
2024-01-08;CASINOS194.ru;
2024-01-08;CASINOS226.ru;
2024-01-08;CASINOS250.ru;
2024-01-08;CASINOS337.ru;
2024-01-08;CASINOS395.ru;
2024-01-08;CASINOS400.ru;
2024-01-08;CASINOS403.ru;
2024-01-08;CASINOS589.ru;
2024-01-08;CASINOS590.ru;
2024-01-08;CASINOS599.ru;
2024-01-08;CASINOS655.ru;
2024-01-08;CASINOS687.ru;
2024-01-08;CASINOS754.ru;
2024-01-08;CASINOS791.ru;
2024-01-08;CASINOS814.ru;
2024-01-08;CASINOS869.ru;
2024-01-08;CASINOS875.ru;
2024-01-08;CASINOS876.ru;
2024-01-08;CASINOS914.ru;
2024-01-08;CASINOS924.ru;
2024-01-08;CASINOS959.ru;
2024-01-08;CASKOSAGO.ru;
2024-01-08;CASSA-POOL.ru;
2024-01-08;CAT-CASINO777.ru;
2024-01-08;CAT-CASINOSS.ru;
2024-01-08;CATSUNDAY.ru;
2024-01-08;CENTER-ORLVONOK.ru;
2024-01-08;CENTEREKSPERTIZ.ru;
2024-01-08;CHAIKARESTO.ru;
2024-01-08;CHAMARER.ru;
2024-01-08;CHANGENS.ru;
2024-01-08;CHARM-LADY.ru;
2024-01-08;CHAT01.ru;
2024-01-08;CHAUSOVB.ru;
2024-01-08;CHEB-BSMP-MED-CAP.ru;
2024-01-08;CHEBURASHKA-VYHODNOJ.ru;
2024-01-08;CHEERFULPONYTAIL.ru;
2024-01-08;CHEREPANOV-7.ru;
2024-01-08;CHERKASOVAMED.ru;
2024-01-08;CHESTNOVA-OLGA.ru;
2024-01-08;CHETEXT.ru;
2024-01-08;CHINA-VEST.ru;
2024-01-08;CHINAYANXIN.ru;
2024-01-08;CHIP-GLUSHITEL.ru;
2024-01-08;CHIPGLUSHITEL.ru;
2024-01-08;CHIPYDLYASTANKOV.ru;
2024-01-08;CHIRKLEY.ru;
2024-01-08;CHISTOSAMO.ru;
2024-01-08;CHISTYEPRUDY21.ru;
2024-01-08;CHNCAR.ru;
2024-01-08;CHORDERR.ru;
2024-01-08;CHOVAL.ru;
2024-01-08;CHR1STINE.ru;
2024-01-08;CHUBENKO-7.ru;
2024-01-08;CIFRO-RUBL.ru;
2024-01-08;CITRUS-DRESS.ru;
2024-01-08;CIUND.ru;
2024-01-08;CJOLI.ru;
2024-01-08;CLARUSMED.ru;
2024-01-08;CLASSIC-KASKO.ru;
2024-01-08;CLEANING-GENERAL.ru;
2024-01-08;CLEVER-WOMEN.ru;
2024-01-08;CLINALEROR.ru;
2024-01-08;CLIREL.ru;
2024-01-08;CLOUD-DREAMRUSTTOP.ru;
2024-01-08;CLOUD-GOLDEN-RATIO.ru;
2024-01-08;CLSKUNTSEVO.ru;
2024-01-08;CLUB-FRANCHISE.ru;
2024-01-08;CODELOGIX.ru;
2024-01-08;COFFEEMAN-SHOP.ru;
2024-01-08;COFFEEMANSHOP.ru;
2024-01-08;COLD-DRAGON.ru;
2024-01-08;COLONIALTEA.ru;
2024-01-08;COLORCUP.ru;
2024-01-08;COMENERSTROY.ru;
2024-01-08;COMICS-FILM.ru;
2024-01-08;COMMUNICADA.ru;
2024-01-08;COMMUNITY-HUB.ru;
2024-01-08;COMMUNITYX.ru;
2024-01-08;CONDITIONING-SERVICES.ru;
2024-01-08;CONTROL-HEALTH.ru;
2024-01-08;COOLPOST.ru;
2024-01-08;COPYWRITING-AI.ru;
2024-01-08;COPYWRITINGAI.ru;
2024-01-08;CRAFTY-TOYS.ru;
2024-01-08;CRAFTYTOYS.ru;
2024-01-08;CRAZECOUPON.ru;
2024-01-08;CRAZY-TIME-GAME.ru;
2024-01-08;CRAZY-TRAVELER.ru;
2024-01-08;CREATIVE-OLGABAR.ru;
2024-01-08;CREDIT-BUDET.ru;
2024-01-08;CREDIT-KEEP.ru;
2024-01-08;CREDIT-LINK.ru;
2024-01-08;CREDIT-RANG.ru;
2024-01-08;CREDITE-ATLATIC.ru;
2024-01-08;CREDITRANG.ru;
2024-01-08;CRESTAWEAR.ru;
2024-01-08;CROSS-AUDIO-JAM.ru;
2024-01-08;CROUDIP.ru;
2024-01-08;CRYPTOBOTPROLLC.ru;
2024-01-08;CRYPTOEXCHANGEHUB.ru;
2024-01-08;CRYPTOTRADINGSYSTEM.ru;
2024-01-08;CTM-ART.ru;
2024-01-08;CURRENTZONE.ru;
2024-01-08;CUSTOMJOY.ru;
2024-01-08;CVETI-FIESTA.ru;
2024-01-08;CVETOCHGORODOK.ru;
2024-01-08;CYBERSECSAFETY.ru;
2024-01-08;CYPEX-MC.ru;
2024-01-08;D-KALASHNIKOV.ru;
2024-01-08;D-SMART39.ru;
2024-01-08;D-TOP.ru;
2024-01-08;D5LWX19.ru;
2024-01-08;DA-FAME.ru;
2024-01-08;DAGETSHEET.ru;
2024-01-08;DALONLINE.ru;
2024-01-08;DALTONIFER.ru;
2024-01-08;DAMAVAND24.ru;
2024-01-08;DAMAVANDEXPERT.ru;
2024-01-08;DANCEMAXSPB.ru;
2024-01-08;DANIELGONSALES.ru;
2024-01-08;DAPAVLENKOV.ru;
2024-01-08;DARIAILN.ru;
2024-01-08;DARYAILN.ru;
2024-01-08;DASHATAFF.ru;
2024-01-08;DASHBOARD-BT.ru;
2024-01-08;DASHENTSIYA.ru;
2024-01-08;DATLAKE.ru;
2024-01-08;DAVIDSHOP.ru;
2024-01-08;DAVINCHI-BOT.ru;
2024-01-08;DAVINSKIH.ru;
2024-01-08;DAYZNEWLIFE.ru;
2024-01-08;DAZEMLYANYH.ru;
2024-01-08;DEARTRUSP.ru;
2024-01-08;DEBET-URALSIB.ru;
2024-01-08;DECKTOPUS.ru;
2024-01-08;DECORESH.ru;
2024-01-08;DEEPLINK1.ru;
2024-01-08;DEFININJA.ru;
2024-01-08;DEIRI-DESIGN.ru;
2024-01-08;DELICIOUS-NUTRITIOUS.ru;
2024-01-08;DELIVERY-4127.ru;
2024-01-08;DELIVERY-4128.ru;
2024-01-08;DELIVERY-4167.ru;
2024-01-08;DELIVERY219.ru;
2024-01-08;DELPHI-TRUCK.ru;
2024-01-08;DELUXANAPA.ru;
2024-01-08;DELUXEDUBAI.ru;
2024-01-08;DEM4ENKO99.ru;
2024-01-08;DENILAY.ru;
2024-01-08;DENIS-KATRICHENKO.ru;
2024-01-08;DENISOVMARKETING.ru;
2024-01-08;DENSTVER.ru;
2024-01-08;DERSEMIRI.ru;
2024-01-08;DESIGN-MODELS.ru;
2024-01-08;DESIGNELECTRIC.ru;
2024-01-08;DESIPROFI.ru;
2024-01-08;DEST-PE.ru;
2024-01-08;DEV-INSTALL.ru;
2024-01-08;DEV-MIPS.ru;
2024-01-08;DEV-MOD.ru;
2024-01-08;DEZCLEAN-96.ru;
2024-01-08;DFM-ABAKAN.ru;
2024-01-08;DFM-AUTOGRAD.ru;
2024-01-08;DGENTLMEN.ru;
2024-01-08;DGRINBERG.ru;
2024-01-08;DHARISOV.ru;
2024-01-08;DIANAMARTSEVA.ru;
2024-01-08;DIETPLANAI.ru;
2024-01-08;DIKII-BARBERSHOP.ru;
2024-01-08;DILEMMASERVIS.ru;
2024-01-08;DIMKAMA.ru;
2024-01-08;DINAMOCHEL.ru;
2024-01-08;DINARA-RYSKULOVA.ru;
2024-01-08;DINGLER.ru;
2024-01-08;DIRECTOR-IP.ru;
2024-01-08;DIUSHAZ.ru;
2024-01-08;DIVINEARMY.ru;
2024-01-08;DIZAYNDEREVO.ru;
2024-01-08;DJANGO-TRAINING.ru;
2024-01-08;DK-TODAY.ru;
2024-01-08;DKOZAEVA.ru;
2024-01-08;DKRUZHAEV.ru;
2024-01-08;DKUTEPOV.ru;
2024-01-08;DLICAN.ru;
2024-01-08;DMELNICHUK.ru;
2024-01-08;DMITRIEVICH2004.ru;
2024-01-08;DMITROVBAD.ru;
2024-01-08;DOCRAEV.ru;
2024-01-08;DOGCAM.ru;
2024-01-08;DOGSISTEMCRM.ru;
2024-01-08;DOKUCHAEVA-7.ru;
2024-01-08;DOLG2024.ru;
2024-01-08;DOLG24-NET.ru;
2024-01-08;DOLGA24-TYT-NET.ru;
2024-01-08;DOLGOBRO.ru;
2024-01-08;DOLPHINBONUS.ru;
2024-01-08;DOMAIN-EMAIL.ru;
2024-01-08;DOMAIN-NOT-FOUND.ru;
2024-01-08;DOMASHNYAYA-SHAURMA.ru;
2024-01-08;DOME-RF.ru;
2024-01-08;DOMEN-POCHTA.ru;
2024-01-08;DOMURASHEK-INVITE.ru;
2024-01-08;DON-FORTNITE.ru;
2024-01-08;DONETSK-DVERI.ru;
2024-01-08;DONETSKDVERI.ru;
2024-01-08;DONVIVE.ru;
2024-01-08;DOOM4ACE.ru;
2024-01-08;DOOMFACE.ru;
2024-01-08;DOOMSDAYRUST.ru;
2024-01-08;DOPESTCONTENTMEDIA.ru;
2024-01-08;DOROMILE.ru;
2024-01-08;DOSAAFVOLKHOV.ru;
2024-01-08;DOSTAVKA-3245.ru;
2024-01-08;DOSTAVKA-3246.ru;
2024-01-08;DOSTAVKAKURIER.ru;
2024-01-08;DOTAWEB.ru;
2024-01-08;DOZPZAIM.ru;
2024-01-08;DPOSKRJAKOV.ru;
2024-01-08;DR-ELENABOCHKAREVA.ru;
2024-01-08;DR-FOX.ru;
2024-01-08;DR-FOXY.ru;
2024-01-08;DRAMIXRUSSIA.ru;
2024-01-08;DREAMBAG-NKL.ru;
2024-01-08;DRINKANDSING.ru;
2024-01-08;DRIVE-YANDEX.ru;
2024-01-08;DRIVEMOTO16.ru;
2024-01-08;DRKISIEV.ru;
2024-01-08;DRLEVTER.ru;
2024-01-08;DRM-TUNING.ru;
2024-01-08;DRONZHIN.ru;
2024-01-08;DROPCARDZ.ru;
2024-01-08;DRUSREM.ru;
2024-01-08;DS-AUTO-PRAVO.ru;
2024-01-08;DSEMINARI.ru;
2024-01-08;DSKURATOV.ru;
2024-01-08;DSLINII.ru;
2024-01-08;DSS-RZD.ru;
2024-01-08;DSTEBLECOV.ru;
2024-01-08;DTROONN.ru;
2024-01-08;DU-PORTAL.ru;
2024-01-08;DUDUDE-BIT.ru;
2024-01-08;DUPORTAL.ru;
2024-01-08;DVERIDONETSK.ru;
2024-01-08;DWDASH.ru;
2024-01-08;DYSLEXFONT.ru;
2024-01-08;DZHABRAILOV-1.ru;
2024-01-08;DZHITSY.ru;
2024-01-08;E-07-01-23.ru;
2024-01-08;EASY68.ru;
2024-01-08;EATMESTUDIO.ru;
2024-01-08;EAVORONINA68.ru;
2024-01-08;EAZYYZ.ru;
2024-01-08;EBOGOMOLOV.ru;
2024-01-08;ECATERINACHEREPANOVA.ru;
2024-01-08;ECLD.ru;
2024-01-08;ECO-LINK.ru;
2024-01-08;ECOVATA-WOOLPRO.ru;
2024-01-08;EDEMA-KOTEL.ru;
2024-01-08;EDERKACH.ru;
2024-01-08;EDU-V-KISLOVODSK.ru;
2024-01-08;EDYARD93.ru;
2024-01-08;EF-1.ru;
2024-01-08;EINESHER.ru;
2024-01-08;EINKAUF.ru;
2024-01-08;EKOMBAROVA.ru;
2024-01-08;EKTOROPYGINA.ru;
2024-01-08;ELBIK.ru;
2024-01-08;ELBRUS-KSUSHAKOTLYAR.ru;
2024-01-08;ELECTRA-STYLE.ru;
2024-01-08;ELECTRONPLAZA.ru;
2024-01-08;ELEKTRIKUFA02.ru;
2024-01-08;ELEKTROCHAINIK.ru;
2024-01-08;ELENADOLLS.ru;
2024-01-08;ELHIT.ru;
2024-01-08;ELITTA-LUNEGOVA.ru;
2024-01-08;ELKI10-LORDFILM.ru;
2024-01-08;ELLINAVA.ru;
2024-01-08;ELNAFO.ru;
2024-01-08;ELTECH-EMERALD.ru;
2024-01-08;EMAIL-FOR-DOMAIN.ru;
2024-01-08;EMAIL-SOCIALHUB.ru;
2024-01-08;EMENU24.ru;
2024-01-08;EMILLIONOV.ru;
2024-01-08;EMIN-I-NILUFER.ru;
2024-01-08;EMIRATES-AUTO.ru;
2024-01-08;EMOJI-POISK.ru;
2024-01-08;EMUKASHEV.ru;
2024-01-08;EN2ELECTRIC.ru;
2024-01-08;EN2YOU.ru;
2024-01-08;ENDO-ACTIVATOR.ru;
2024-01-08;ENDOACTIVATOR.ru;
2024-01-08;ENERGY-SPINE.ru;
2024-01-08;ENERPROEKT.ru;
2024-01-08;ENGTRAINER.ru;
2024-01-08;ENIXRISE.ru;
2024-01-08;ENTECHGROUP-CHILLERS.ru;
2024-01-08;EPILUNIVERSE.ru;
2024-01-08;ER-MENKO.ru;
2024-01-08;EREMNIKAER.ru;
2024-01-08;ERTUGRULPAMUK.ru;
2024-01-08;ESCORTDATING.ru;
2024-01-08;ESHIRINOV.ru;
2024-01-08;ESPANALIVE.ru;
2024-01-08;ESSAY-AI.ru;
2024-01-08;ESSAYAI.ru;
2024-01-08;ETK22.ru;
2024-01-08;EUPOST4.ru;
2024-01-08;EURODENT12.ru;
2024-01-08;EUROSPORT-1.ru;
2024-01-08;EVA-KOVRIKI-TROKOT.ru;
2024-01-08;EVA-SLWOANME.ru;
2024-01-08;EVAKUATOR-NEDOROGO-AUTOHELP.ru;
2024-01-08;EVAKUATORS-AUTOHELP.ru;
2024-01-08;EVASPACE.ru;
2024-01-08;EVENTS-PAL.ru;
2024-01-08;EVERMES.ru;
2024-01-08;EVGENIADAR.ru;
2024-01-08;EVGENIJAORLOVA.ru;
2024-01-08;EVILLYR.ru;
2024-01-08;EVILTW.ru;
2024-01-08;EVOKUATOR-NSK.ru;
2024-01-08;EVOLTONE.ru;
2024-01-08;EVTPHOTO.ru;
2024-01-08;EXAMINE-SOME-ASSAY.ru;
2024-01-08;EXAMINE-SOME-COOKIES.ru;
2024-01-08;EXAMINE-SOME-EXPERIENCE.ru;
2024-01-08;EXAMINE-SOME-SMARTLINK.ru;
2024-01-08;EXCFAMQ.ru;
2024-01-08;EXEEDBLOG.ru;
2024-01-08;EXKAVATOROV.ru;
2024-01-08;EXOFILLERS.ru;
2024-01-08;EXTASYSTUDIO.ru;
2024-01-08;EZ-STOCK.ru;
2024-01-08;EZERSKI.ru;
2024-01-08;EZHIZHILEVA.ru;
2024-01-08;F-AR.ru;
2024-01-08;F-PROFI.ru;
2024-01-08;F0RBES.ru;
2024-01-08;FABERLICVIP.ru;
2024-01-08;FACE-ESTHETICS.ru;
2024-01-08;FACEESTETICS.ru;
2024-01-08;FACEITVERIFY.ru;
2024-01-08;FACTOR-TECH.ru;
2024-01-08;FACTORTECH.ru;
2024-01-08;FAMI455.ru;
2024-01-08;FANDAK.ru;
2024-01-08;FANS-LY.ru;
2024-01-08;FARM-K.ru;
2024-01-08;FB-DV.ru;
2024-01-08;FEDYANPSYAN.ru;
2024-01-08;FEEL-DREAM.ru;
2024-01-08;FEELDREAM.ru;
2024-01-08;FEELDREAMS.ru;
2024-01-08;FEELLIAN.ru;
2024-01-08;FEWTEROR.ru;
2024-01-08;FIBRA-SPB.ru;
2024-01-08;FIKETIME.ru;
2024-01-08;FILM-ABOUT.ru;
2024-01-08;FILMTOR.ru;
2024-01-08;FIN-GARDEN.ru;
2024-01-08;FINANSE-ONLINE.ru;
2024-01-08;FINANSOVIY-SOYUZNIK.ru;
2024-01-08;FIREGATTI.ru;
2024-01-08;FIRELEATHER.ru;
2024-01-08;FIRENDSCRAFT.ru;
2024-01-08;FIREPLAYCS.ru;
2024-01-08;FIRMOPEN.ru;
2024-01-08;FIRSTXMAIL.ru;
2024-01-08;FISHIN-GOOD.ru;
2024-01-08;FITIR90.ru;
2024-01-08;FITOBOCHKA22.ru;
2024-01-08;FITTOURSPB.ru;
2024-01-08;FL-LG.ru;
2024-01-08;FLBK.ru;
2024-01-08;FLIBUSTA-FB2.ru;
2024-01-08;FLUSSONIC-BILLING.ru;
2024-01-08;FMKRASYAR.ru;
2024-01-08;FOFL.ru;
2024-01-08;FOKANOVA.ru;
2024-01-08;FORCE-RP.ru;
2024-01-08;FORCECRMP.ru;
2024-01-08;FORCERP.ru;
2024-01-08;FORCESAVE343412.ru;
2024-01-08;FORESTDI.ru;
2024-01-08;FORMULA-ANIMAL.ru;
2024-01-08;FORMULA-OPT.ru;
2024-01-08;FORTEPAY.ru;
2024-01-08;FORUMPAYMENT.ru;
2024-01-08;FOTONIO.ru;
2024-01-08;FOTOZAKAZ34.ru;
2024-01-08;FOU3103.ru;
2024-01-08;FPLAHOV.ru;
2024-01-08;FREEDOMCREDIT.ru;
2024-01-08;FRENDSHOP.ru;
2024-01-08;FRIDAANAPA.ru;
2024-01-08;FRIENDS-CASINO106.ru;
2024-01-08;FRONTOURS.ru;
2024-01-08;FROSTWIX.ru;
2024-01-08;FULFILLMENTRF.ru;
2024-01-08;FUMO-STORE.ru;
2024-01-08;FUSO-EUROAZIA.ru;
2024-01-08;FUSSERER.ru;
2024-01-08;GALAKTIK-STUDIO.ru;
2024-01-08;GALINANAUMOVANL.ru;
2024-01-08;GALINAPSYHELP.ru;
2024-01-08;GAME-AVIATOR2.ru;
2024-01-08;GAME-AVIATRIX.ru;
2024-01-08;GARANTIA-REMONTA.ru;
2024-01-08;GARILLAPRODUCTION.ru;
2024-01-08;GARIPOV-PRO.ru;
2024-01-08;GARTSYNOV.ru;
2024-01-08;GAVRILKO.ru;
2024-01-08;GBATTALOVA.ru;
2024-01-08;GDEETO.ru;
2024-01-08;GELOTK.ru;
2024-01-08;GELOTOY.ru;
2024-01-08;GELOTOYS.ru;
2024-01-08;GENERAI.ru;
2024-01-08;GENNADIYIGLIN.ru;
2024-01-08;GENRYONLINE.ru;
2024-01-08;GEORGEBEST.ru;
2024-01-08;GEOSUPCON.ru;
2024-01-08;GERA360.ru;
2024-01-08;GERBELFILM.ru;
2024-01-08;GERVALD.ru;
2024-01-08;GETFORESIGHT.ru;
2024-01-08;GETSPINS.ru;
2024-01-08;GG-ART.ru;
2024-01-08;GGKASSA.ru;
2024-01-08;GHFGHFG.ru;
2024-01-08;GIBADULLIN-1.ru;
2024-01-08;GIFTPOST.ru;
2024-01-08;GIGITO.ru;
2024-01-08;GIPNOZ-REGRESSIVNYJ.ru;
2024-01-08;GIRAFFFFES.ru;
2024-01-08;GIRAFPROD.ru;
2024-01-08;GIRL-TOUR.ru;
2024-01-08;GIRLSMAGIC.ru;
2024-01-08;GIT-ANORAK.ru;
2024-01-08;GLADYS-AI.ru;
2024-01-08;GLAVBRAND.ru;
2024-01-08;GO9LSOZDAL.ru;
2024-01-08;GOENT.ru;
2024-01-08;GOGULYA.ru;
2024-01-08;GOLDENHOUSE82.ru;
2024-01-08;GOLDFISHKA-239.ru;
2024-01-08;GOLDFISHKA242.ru;
2024-01-08;GOLDMONEY1.ru;
2024-01-08;GOLUBIK1.ru;
2024-01-08;GOMENOK.ru;
2024-01-08;GOODMORN.ru;
2024-01-08;GOODNEWSWEDDING.ru;
2024-01-08;GOOSEIGOROH.ru;
2024-01-08;GORBANOV.ru;
2024-01-08;GOROD-DETYM.ru;
2024-01-08;GORODKOMMUNAR.ru;
2024-01-08;GOS-POCHTA.ru;
2024-01-08;GOTTLIEB3000.ru;
2024-01-08;GOZVKC.ru;
2024-01-08;GPT-SERVICE.ru;
2024-01-08;GPTMAN.ru;
2024-01-08;GR-TEAM.ru;
2024-01-08;GRAAB.ru;
2024-01-08;GRABIMKITAY.ru;
2024-01-08;GRACH-SARKISYAN.ru;
2024-01-08;GRADSTROICOMPANY.ru;
2024-01-08;GRAFVINO.ru;
2024-01-08;GRAND-VEGAS.ru;
2024-01-08;GRANDLOMBARDUFA.ru;
2024-01-08;GRAPHICDESIGN-KURSY.ru;
2024-01-08;GREADBOARD.ru;
2024-01-08;GREAT-WAR.ru;
2024-01-08;GREENNEED.ru;
2024-01-08;GREENOILSERVICE.ru;
2024-01-08;GREYA-BLOG.ru;
2024-01-08;GROM-TOP.ru;
2024-01-08;GSM911-NV.ru;
2024-01-08;GUARSHA.ru;
2024-01-08;GUFIZAYM.ru;
2024-01-08;GURROV.ru;
2024-01-08;GURUBI.ru;
2024-01-08;GUTTAPERCHA.ru;
2024-01-08;GYM-49.ru;
2024-01-08;GZIKA.ru;
2024-01-08;HACTIFY.ru;
2024-01-08;HAIRSTORIES.ru;
2024-01-08;HANDYMANFORHOUR.ru;
2024-01-08;HANWEIRUS.ru;
2024-01-08;HAOZE.ru;
2024-01-08;HAPPYBEAR38.ru;
2024-01-08;HARD-SKILLZ.ru;
2024-01-08;HASLMEBEL.ru;
2024-01-08;HBATUR.ru;
2024-01-08;HEADOFDEV.ru;
2024-01-08;HELLGATE-WARS.ru;
2024-01-08;HELP-O-DOLGAX.ru;
2024-01-08;HELPIPUMREMKAKP24.ru;
2024-01-08;HELPTREE.ru;
2024-01-08;HELPWOOD.ru;
2024-01-08;HEMAH57.ru;
2024-01-08;HGRTEX.ru;
2024-01-08;HIDZHAMACENTRE.ru;
2024-01-08;HIGHEST-MARK.ru;
2024-01-08;HIGHESTMARK.ru;
2024-01-08;HIJAMACENTRE.ru;
2024-01-08;HILESTHE.ru;
2024-01-08;HINDEMITHX.ru;
2024-01-08;HIROMANTNOVIKOV.ru;
2024-01-08;HISARKAHVE.ru;
2024-01-08;HO-LL-O-P-2.ru;
2024-01-08;HO-LL-O-P2.ru;
2024-01-08;HOCHU-MEBEL63.ru;
2024-01-08;HOKEYSHOP.ru;
2024-01-08;HOLD-7248.ru;
2024-01-08;HOLD-7249.ru;
2024-01-08;HOLOP--2.ru;
2024-01-08;HOLOP-2-2.ru;
2024-01-08;HOLOP2-KINOFILM.ru;
2024-01-08;HOLOP2-KINOGO.ru;
2024-01-08;HOLOPA--2.ru;
2024-01-08;HOLOTROPNOEDIHANIE.ru;
2024-01-08;HOLOTROPNOEDYHANIE.ru;
2024-01-08;HOLY-RAP.ru;
2024-01-08;HOMENKO-7.ru;
2024-01-08;HORECAINC.ru;
2024-01-08;HOSTINGBUY.ru;
2024-01-08;HOT-FLOW.ru;
2024-01-08;HOT-GIRLS24.ru;
2024-01-08;HOULWHENDISTANCESEPARATESUS.ru;
2024-01-08;HOUSENEAR.ru;
2024-01-08;HRAMOVW.ru;
2024-01-08;HRAMPEROVO.ru;
2024-01-08;HSING.ru;
2024-01-08;HUDEIZDES.ru;
2024-01-08;HUGG-INGFACE.ru;
2024-01-08;HUNCHUNINFO.ru;
2024-01-08;HUSB-RND.ru;
2024-01-08;HUSB-ROSTOV.ru;
2024-01-08;HUSBAND-RND.ru;
2024-01-08;HUSBAND-ROSTOV.ru;
2024-01-08;HUSBAND-STORE.ru;
2024-01-08;HUSBANDROSTOV.ru;
2024-01-08;HUSBANDSTORE.ru;
2024-01-08;HUSBRND.ru;
2024-01-08;HUSBROSTOV.ru;
2024-01-08;HYPERCRMP.ru;
2024-01-08;I-CHERNYKH.ru;
2024-01-08;I-DISPATCHER.ru;
2024-01-08;I-MARKET24.ru;
2024-01-08;IADKVAT.ru;
2024-01-08;IAM-MIKA.ru;
2024-01-08;IAMANDROID.ru;
2024-01-08;IBIEV.ru;
2024-01-08;ICENETWORK.ru;
2024-01-08;ICENW.ru;
2024-01-08;ICHUEV.ru;
2024-01-08;ID-PAY2146.ru;
2024-01-08;ID-PAY3641.ru;
2024-01-08;ID-PAY7612.ru;
2024-01-08;ID0647.ru;
2024-01-08;ID06470.ru;
2024-01-08;ID13402.ru;
2024-01-08;ID13409.ru;
2024-01-08;ID2131.ru;
2024-01-08;ID2138.ru;
2024-01-08;ID32260.ru;
2024-01-08;ID53402.ru;
2024-01-08;ID58079.ru;
2024-01-08;ID58080.ru;
2024-01-08;ID58081.ru;
2024-01-08;ID58082.ru;
2024-01-08;ID66905.ru;
2024-01-08;ID77964.ru;
2024-01-08;ID88063.ru;
2024-01-08;IDALIM.ru;
2024-01-08;IFLYTEK-RUSSIA.ru;
2024-01-08;IFLYTEK-TRANSLATOR.ru;
2024-01-08;IGRBUTIK.ru;
2024-01-08;IGRUSHKI161OPT.ru;
2024-01-08;IHACCP.ru;
2024-01-08;IIUNIVERSITET.ru;
2024-01-08;IKUSHNEREV.ru;
2024-01-08;ILNURZAKIROV.ru;
2024-01-08;ILUKINA.ru;
2024-01-08;ILYALYAPIN.ru;
2024-01-08;IMAGINESITE.ru;
2024-01-08;IMBSOFT.ru;
2024-01-08;IMEFIT.ru;
2024-01-08;IMENAVSE.ru;
2024-01-08;IMMIGRATION-TO-USA.ru;
2024-01-08;IMMUNOLOGBRUM.ru;
2024-01-08;IMPLANT-TLT.ru;
2024-01-08;IMPORTEAM.ru;
2024-01-08;IMYOT.ru;
2024-01-08;INDOCIN.ru;
2024-01-08;INFO-FILE.ru;
2024-01-08;INFO-PRODUCTION.ru;
2024-01-08;INFO-REKA.ru;
2024-01-08;INFOGRAFINYA.ru;
2024-01-08;INFOREKA.ru;
2024-01-08;INFRACUBE.ru;
2024-01-08;INGCOPLUS.ru;
2024-01-08;INIT-SOFT.ru;
2024-01-08;INJOY-MSK.ru;
2024-01-08;INNATEKA.ru;
2024-01-08;INNER-JOIN.ru;
2024-01-08;INSITED.ru;
2024-01-08;INSTITUT-PSIKHOLOGII.ru;
2024-01-08;INSTRUMENTEX.ru;
2024-01-08;INTECH-DUBNA.ru;
2024-01-08;INTEGROMATON.ru;
2024-01-08;INTERESNOEVREMYA.ru;
2024-01-08;INTERIORDESIGNLIKE.ru;
2024-01-08;INTERNATIONAL-SERVICES.ru;
2024-01-08;INVESTPUBLIC.ru;
2024-01-08;INWN.ru;
2024-01-08;IPKONONOV.ru;
2024-01-08;IPODELKI.ru;
2024-01-08;IPR37.ru;
2024-01-08;IPROBNY.ru;
2024-01-08;IQPROGRESS.ru;
2024-01-08;IRAFOMENKO1980.ru;
2024-01-08;IRCUSTOM.ru;
2024-01-08;IRIKAM.ru;
2024-01-08;IRLYNNAN.ru;
2024-01-08;ISAGALOVA.ru;
2024-01-08;ISAJCHENKO.ru;
2024-01-08;ISANNIKOV.ru;
2024-01-08;ISHOPRU.ru;
2024-01-08;ISIB-LEGO.ru;
2024-01-08;ISNITKO.ru;
2024-01-08;ITASAP.ru;
2024-01-08;ITDENISKA.ru;
2024-01-08;ITFORUMSK.ru;
2024-01-08;ITPASH.ru;
2024-01-08;IV-MEDICINE.ru;
2024-01-08;IVA-TEX.ru;
2024-01-08;IVAN-3D.ru;
2024-01-08;IVAN151977RUS.ru;
2024-01-08;IVANNESTERENKO.ru;
2024-01-08;IVANOVICH-1.ru;
2024-01-08;IVANRUSINOV.ru;
2024-01-08;IVANSUS.ru;
2024-01-08;IVOTRUST.ru;
2024-01-08;IWANTAREPORT.ru;
2024-01-08;IZHMAX.ru;
2024-01-08;IZS31.ru;
2024-01-08;IZUMITEL.ru;
2024-01-08;JA-RA.ru;
2024-01-08;JADYB.ru;
2024-01-08;JAHIRCLEANER.ru;
2024-01-08;JAMEXTECH.ru;
2024-01-08;JANUARY-MADNESS.ru;
2024-01-08;JAPANY.ru;
2024-01-08;JEESTREAM.ru;
2024-01-08;JENYABUDDA.ru;
2024-01-08;JERKMATE-CHAT.ru;
2024-01-08;JERKMATE-ONLINE.ru;
2024-01-08;JERKMATE-PORN.ru;
2024-01-08;JERKMATE-SEX.ru;
2024-01-08;JET-TON.ru;
2024-01-08;JK-KUINDZHI.ru;
2024-01-08;JK-STRUNY.ru;
2024-01-08;JK-TATE.ru;
2024-01-08;JOVBAK.ru;
2024-01-08;JP-NEWS.ru;
2024-01-08;JS88.ru;
2024-01-08;JUJULABEL.ru;
2024-01-08;JVKARASEVA.ru;
2024-01-08;KADASTRAL.ru;
2024-01-08;KALYPINA.ru;
2024-01-08;KAMLAK.ru;
2024-01-08;KARGO959.ru;
2024-01-08;KARTAHKA-ONLINE.ru;
2024-01-08;KARTOHKA-ONLINE.ru;
2024-01-08;KASTENVAGEN.ru;
2024-01-08;KAT7.ru;
2024-01-08;KATAND.ru;
2024-01-08;KATINO.ru;
2024-01-08;KATOKARENAPLAY.ru;
2024-01-08;KATZDESIGN-REMONT.ru;
2024-01-08;KAZBEK24.ru;
2024-01-08;KAZBEKEXPERT.ru;
2024-01-08;KAZBEKU.ru;
2024-01-08;KBURKOV.ru;
2024-01-08;KCATTANA.ru;
2024-01-08;KDELEKTROYANDEX.ru;
2024-01-08;KEILOS.ru;
2024-01-08;KENGURU-BOXER.ru;
2024-01-08;KENTUCKY-PROJECT.ru;
2024-01-08;KEPLER-DEVELOPER.ru;
2024-01-08;KETDESSERT.ru;
2024-01-08;KHAMMATOV711.ru;
2024-01-08;KHARINMAKS.ru;
2024-01-08;KILIMANJARO24.ru;
2024-01-08;KILIMANJAROEXPERT.ru;
2024-01-08;KILLPOVERTY.ru;
2024-01-08;KING-CRAFT.ru;
2024-01-08;KINO-POOL.ru;
2024-01-08;KIPKZN.ru;
2024-01-08;KIRILLCLASH.ru;
2024-01-08;KIROV-LADYSTRETCH.ru;
2024-01-08;KIRTOMOL.ru;
2024-01-08;KIRVVIK.ru;
2024-01-08;KIURASH.ru;
2024-01-08;KKAMZINA.ru;
2024-01-08;KLASSNOZALILREG51.ru;
2024-01-08;KLEEKLEE.ru;
2024-01-08;KLEEXAM.ru;
2024-01-08;KLIMOVICHGI.ru;
2024-01-08;KLISHINEVGENII-1.ru;
2024-01-08;KLYUCHEREVAPHOTO.ru;
2024-01-08;KNYAZNIKOLAI.ru;
2024-01-08;KNYAZSERGEI.ru;
2024-01-08;KNYAZVALERIY.ru;
2024-01-08;KNYAZVIKTOR.ru;
2024-01-08;KOCHNEVS.ru;
2024-01-08;KOCHUBINSKY.ru;
2024-01-08;KOLOBOVA-PSY.ru;
2024-01-08;KOLOS-TORG.ru;
2024-01-08;KOMA76.ru;
2024-01-08;KOMAROVASITES.ru;
2024-01-08;KOMAROVSV.ru;
2024-01-08;KONETEKA.ru;
2024-01-08;KOROLEVA117.ru;
2024-01-08;KORSHUN-KONDITER.ru;
2024-01-08;KOS-7.ru;
2024-01-08;KOSMOELKA.ru;
2024-01-08;KOSMOPC.ru;
2024-01-08;KOSOVA-TOP.ru;
2024-01-08;KOSTALEVSKI.ru;
2024-01-08;KOTELLUTEX.ru;
2024-01-08;KOTELROSSEN.ru;
2024-01-08;KOTELVOLGA.ru;
2024-01-08;KOTKAM.ru;
2024-01-08;KOVCHEGPREZIDENTA.ru;
2024-01-08;KRASNJATOVA.ru;
2024-01-08;KRASOTA2024.ru;
2024-01-08;KRAVOKOZ.ru;
2024-01-08;KRAYSHEN.ru;
2024-01-08;KRDBLOG.ru;
2024-01-08;KREDIT-LIQUID.ru;
2024-01-08;KRISTRAVEL.ru;
2024-01-08;KROVLY-PLUS.ru;
2024-01-08;KRUTOAGENCY.ru;
2024-01-08;KRUZHENKOVA.ru;
2024-01-08;KRYM-GID.ru;
2024-01-08;KSAFRI.ru;
2024-01-08;KSARBAEV.ru;
2024-01-08;KSENIATYULENEVA.ru;
2024-01-08;KUFEZIN.ru;
2024-01-08;KUHNIZAVR.ru;
2024-01-08;KUKSINAA.ru;
2024-01-08;KULAK0V.ru;
2024-01-08;KURBANOVABROR.ru;
2024-01-08;KURIE2137.ru;
2024-01-08;KURIE2138.ru;
2024-01-08;KURIER-FOUND.ru;
2024-01-08;KURS-MARKETPLACE.ru;
2024-01-08;KURSY-LANDSHAFNOGO-DIZAJNA.ru;
2024-01-08;KURSY-REELS.ru;
2024-01-08;KURYATNIKI-ANNUSHKI.ru;
2024-01-08;KUTAKBAEV.ru;
2024-01-08;KUZNICASOFTA.ru;
2024-01-08;KYST-I-SHPATEL.ru;
2024-01-08;KZOLOTOTRUBOV.ru;
2024-01-08;L1NARO.ru;
2024-01-08;LA-DUSHNILA.ru;
2024-01-08;LA-LAND.ru;
2024-01-08;LADUSHNILA.ru;
2024-01-08;LADY-RU.ru;
2024-01-08;LALATOTO.ru;
2024-01-08;LAMANIERE.ru;
2024-01-08;LANALIDA.ru;
2024-01-08;LANTUX.ru;
2024-01-08;LARSET.ru;
2024-01-08;LASONEN.ru;
2024-01-08;LATIFKJ.ru;
2024-01-08;LAYNEEE.ru;
2024-01-08;LAZYLEARNING.ru;
2024-01-08;LD-PAY12374.ru;
2024-01-08;LD-PAY12412.ru;
2024-01-08;LD-PAY23123.ru;
2024-01-08;LD-PAY23412.ru;
2024-01-08;LD-PAY29341.ru;
2024-01-08;LD-PAY63923.ru;
2024-01-08;LD-PAY63924.ru;
2024-01-08;LD-PAY63925.ru;
2024-01-08;LD-PAY71424.ru;
2024-01-08;LD-PAY89123.ru;
2024-01-08;LD-PAY90189.ru;
2024-01-08;LD-PAY91522.ru;
2024-01-08;LD-PAY92513.ru;
2024-01-08;LD832950.ru;
2024-01-08;LD83295O.ru;
2024-01-08;LE-DUSHNILA.ru;
2024-01-08;LE-FORTUNE.ru;
2024-01-08;LEARN-EN.ru;
2024-01-08;LEBANDITRU1.ru;
2024-01-08;LEBEDEVPASHKO.ru;
2024-01-08;LED-CNC.ru;
2024-01-08;LEDUSHNILA.ru;
2024-01-08;LEET1337.ru;
2024-01-08;LEFORTUNE.ru;
2024-01-08;LEGIONCC.ru;
2024-01-08;LEGITMINE.ru;
2024-01-08;LEGKOTEKA.ru;
2024-01-08;LELAR.ru;
2024-01-08;LENINA24.ru;
2024-01-08;LENINAEXPERT.ru;
2024-01-08;LENIZA.ru;
2024-01-08;LEO-NIKO.ru;
2024-01-08;LEONIDDMITRIEV.ru;
2024-01-08;LESA41.ru;
2024-01-08;LETNEVALERA.ru;
2024-01-08;LETS-BOOMS.ru;
2024-01-08;LEV-GONCHAROV.ru;
2024-01-08;LEVELSE.ru;
2024-01-08;LEXFONK.ru;
2024-01-08;LEYSAN-HYPNOREGRESS.ru;
2024-01-08;LGCX.ru;
2024-01-08;LIFE-SECRETS-LEARNING.ru;
2024-01-08;LIKEABIRDMSK.ru;
2024-01-08;LIKERUSSIAN.ru;
2024-01-08;LIKOROVSKIY.ru;
2024-01-08;LIMIND.ru;
2024-01-08;LINGERIE-COURSE.ru;
2024-01-08;LISACLIN.ru;
2024-01-08;LISI4KIN.ru;
2024-01-08;LITTLE-KROSH.ru;
2024-01-08;LITTLE-PROJECT.ru;
2024-01-08;LIVEBUSH.ru;
2024-01-08;LIVEBUSHES.ru;
2024-01-08;LIVESTREAMVIDEO.ru;
2024-01-08;LIYAMK.ru;
2024-01-08;LK3-ENG.ru;
2024-01-08;LKAN.ru;
2024-01-08;LLCKOMPASSSTROY.ru;
2024-01-08;LLM-TESTS-CHECKER.ru;
2024-01-08;LMSCYBERED.ru;
2024-01-08;LOFIMONEY.ru;
2024-01-08;LOFIRO.ru;
2024-01-08;LOFTMONEY.ru;
2024-01-08;LOGIN-FACEBOOK.ru;
2024-01-08;LOGITEKTRANS.ru;
2024-01-08;LOLA-KOLESNIKOVA.ru;
2024-01-08;LOMONOSOVA0.ru;
2024-01-08;LONLOST.ru;
2024-01-08;LOOKINPLAY.ru;
2024-01-08;LORDSPACE.ru;
2024-01-08;LOST-LIGHT.ru;
2024-01-08;LOTOS-STUDIO.ru;
2024-01-08;LOVES-STORI.ru;
2024-01-08;LOVESKY1.ru;
2024-01-08;LS-DESING.ru;
2024-01-08;LTD77.ru;
2024-01-08;LTDFIN.ru;
2024-01-08;LTVALERIA21.ru;
2024-01-08;LU4KO.ru;
2024-01-08;LUCHSHIJ-GIPNOLOG.ru;
2024-01-08;LUDAILINA.ru;
2024-01-08;LUKASKITCHEN.ru;
2024-01-08;LUNALUM.ru;
2024-01-08;LVA-1.ru;
2024-01-08;LVILK.ru;
2024-01-08;LYMLYM.ru;
2024-01-08;LYRIDINE.ru;
2024-01-08;M-7K-CASINO1.ru;
2024-01-08;M-7K-CASINO2.ru;
2024-01-08;M-7K-CASINO3.ru;
2024-01-08;M-KENT-CASINO1.ru;
2024-01-08;M-KENT-CASINO2.ru;
2024-01-08;M-KENT-CASINO3.ru;
2024-01-08;M200510.ru;
2024-01-08;MACH-STROY.ru;
2024-01-08;MACROANALYSIS.ru;
2024-01-08;MACROCODERS.ru;
2024-01-08;MADISON-RPG.ru;
2024-01-08;MAG-SCHOOL.ru;
2024-01-08;MAGICKAM.ru;
2024-01-08;MAGICQUIZ.ru;
2024-01-08;MAGICQUIZAI.ru;
2024-01-08;MAISONS-DU-MONDE.ru;
2024-01-08;MAKAROVALUBOV.ru;
2024-01-08;MAKSIM-GREK.ru;
2024-01-08;MAKSIM-ISPOVEDNIK.ru;
2024-01-08;MAKSKRYD.ru;
2024-01-08;MAKSPOTAP.ru;
2024-01-08;MALIKA-MEBEL.ru;
2024-01-08;MAMMOPLASTIK.ru;
2024-01-08;MANUSKRIPTUM.ru;
2024-01-08;MARCHEMOTO.ru;
2024-01-08;MARIARU.ru;
2024-01-08;MARILYNCOLLECTION.ru;
2024-01-08;MARINAPOIDEMNAKONCERT.ru;
2024-01-08;MARKETINGTRANSLATIONS.ru;
2024-01-08;MARKETPLACE360.ru;
2024-01-08;MARSIB.ru;
2024-01-08;MARTECHAGENCY.ru;
2024-01-08;MARYVORONOVAPSY.ru;
2024-01-08;MASHAKONKINA.ru;
2024-01-08;MASORAR.ru;
2024-01-08;MASTERA-CLASS.ru;
2024-01-08;MATCHLESS-NAS.ru;
2024-01-08;MATHMASTER-CLASS.ru;
2024-01-08;MATRIX-SAENASTYA.ru;
2024-01-08;MAXICORE.ru;
2024-01-08;MAXK94.ru;
2024-01-08;MAXSO1O.ru;
2024-01-08;MAZURINASCHOOL.ru;
2024-01-08;MBAEV.ru;
2024-01-08;MBMETAL.ru;
2024-01-08;MC-WHITEGRIEF.ru;
2024-01-08;MDAPLAY.ru;
2024-01-08;MEDALRUST.ru;
2024-01-08;MEDIA-ANKETA.ru;
2024-01-08;MEDICEDIA.ru;
2024-01-08;MEDJUUL.ru;
2024-01-08;MEDOVAYASV.ru;
2024-01-08;MEET-NC-HILL.ru;
2024-01-08;MEETANATOR.ru;
2024-01-08;MEETNCHILL.ru;
2024-01-08;MEEZYAGENCY.ru;
2024-01-08;MEGA-AQVA-SHOP.ru;
2024-01-08;MEGA555NET3.ru;
2024-01-08;MEGASFERA-NN.ru;
2024-01-08;MELBET-548.ru;
2024-01-08;MEMMED.ru;
2024-01-08;MEOWINGCAT.ru;
2024-01-08;MERCUTIO67.ru;
2024-01-08;MEREVER.ru;
2024-01-08;MESTOSILA.ru;
2024-01-08;METALMASTER03.ru;
2024-01-08;METIZOV-BAZA.ru;
2024-01-08;METRIKA88.ru;
2024-01-08;METRIKAESTATE.ru;
2024-01-08;METRIKAREALTY.ru;
2024-01-08;METRIKASTUDIO.ru;
2024-01-08;MFO-ZAIMY.ru;
2024-01-08;MHT-THEATR.ru;
2024-01-08;MI-LORD.ru;
2024-01-08;MIASS-DOU40.ru;
2024-01-08;MICHAILARCHANGELREVDA.ru;
2024-01-08;MIHA2036.ru;
2024-01-08;MIHAIL-P.ru;
2024-01-08;MIKAGONCHAROV.ru;
2024-01-08;MIKITKO.ru;
2024-01-08;MILAKOM.ru;
2024-01-08;MILEEXPRESS.ru;
2024-01-08;MILUXURY.ru;
2024-01-08;MIMILASER.ru;
2024-01-08;MINDRUSH.ru;
2024-01-08;MINECRAFTCOMMUNITYSTORE.ru;
2024-01-08;MIPS4DEV.ru;
2024-01-08;MIR-LAB.ru;
2024-01-08;MIRKUB.ru;
2024-01-08;MIRZOJAN-1.ru;
2024-01-08;MISHASAIGANOV.ru;
2024-01-08;MISSILNARA.ru;
2024-01-08;MIXAILMICHEL.ru;
2024-01-08;MK-TEH.ru;
2024-01-08;MKVASOV.ru;
2024-01-08;MM-TRACKER.ru;
2024-01-08;MMA-CLUB.ru;
2024-01-08;MMA123.ru;
2024-01-08;MMALASHEVICH.ru;
2024-01-08;MMAMONOV.ru;
2024-01-08;MOJBALKON.ru;
2024-01-08;MOLABNEX.ru;
2024-01-08;MOLCAJETES.ru;
2024-01-08;MOLIENDOCOFFEE.ru;
2024-01-08;MOLOKODA.ru;
2024-01-08;MOLOKODESIGN.ru;
2024-01-08;MOMO-FOOD.ru;
2024-01-08;MOMO-STORE-EDU.ru;
2024-01-08;MOMOFOOD.ru;
2024-01-08;MOMOTIK.ru;
2024-01-08;MONCLERSTOCK.ru;
2024-01-08;MONEYGROWSCHOOL.ru;
2024-01-08;MONK-PRO.ru;
2024-01-08;MONOKULARSHOP.ru;
2024-01-08;MONOTONESHOP.ru;
2024-01-08;MONROCASINO2.ru;
2024-01-08;MOONMUZ.ru;
2024-01-08;MOONTERRA.ru;
2024-01-08;MORE111.ru;
2024-01-08;MOROCCO24.ru;
2024-01-08;MOROCCOEXPERT.ru;
2024-01-08;MORTAL-KOMBAT-2021.ru;
2024-01-08;MOSALUM.ru;
2024-01-08;MOSCOWCITYDATE11.ru;
2024-01-08;MOSKIT-STOP.ru;
2024-01-08;MOSKVA-PROPUSK.ru;
2024-01-08;MOSQP.ru;
2024-01-08;MOTOM73-EXEED.ru;
2024-01-08;MOTOOPTOM.ru;
2024-01-08;MOTOPTOM.ru;
2024-01-08;MOTORMINGLE.ru;
2024-01-08;MOVINGCASTLE.ru;
2024-01-08;MOVMEB.ru;
2024-01-08;MOYDVIZH.ru;
2024-01-08;MR-CRUTCH.ru;
2024-01-08;MRGREENWARD.ru;
2024-01-08;MRIZVANOV.ru;
2024-01-08;MRSK-L.ru;
2024-01-08;MRSVECHNOY.ru;
2024-01-08;MSPPRAVO.ru;
2024-01-08;MSPVP.ru;
2024-01-08;MSVMASTER.ru;
2024-01-08;MTPRJ.ru;
2024-01-08;MUGLER-RUSSIA.ru;
2024-01-08;MUHOMORICAFE.ru;
2024-01-08;MUHOMORY24.ru;
2024-01-08;MUHOMORYCAFE.ru;
2024-01-08;MUSATOVA-PRO.ru;
2024-01-08;MUSEUM1210.ru;
2024-01-08;MUSICHAN.ru;
2024-01-08;MUSIVUMSHOP.ru;
2024-01-08;MUZHICHIN-SAN24.ru;
2024-01-08;MY-ROOT.ru;
2024-01-08;MYA-SO.ru;
2024-01-08;MYNOTCOIN.ru;
2024-01-08;MYROSSIAA.ru;
2024-01-08;MYSTREETPHOTO.ru;
2024-01-08;MYTA-LOUNGE.ru;
2024-01-08;MYVIRTIK.ru;
2024-01-08;N1SERVER.ru;
2024-01-08;N1XSOON.ru;
2024-01-08;N3HYSWO.ru;
2024-01-08;NABEREZHNYE-CHELNY-XDOSUG.ru;
2024-01-08;NADIAMIND.ru;
2024-01-08;NADISIER.ru;
2024-01-08;NAKIDKA-ALKANTARA-TROKOT.ru;
2024-01-08;NAKIDKA-MEHOVAYA-TROKOT.ru;
2024-01-08;NAKRASOTUSMOTRI.ru;
2024-01-08;NALESHKO.ru;
2024-01-08;NALMIRA.ru;
2024-01-08;NASHBISNES.ru;
2024-01-08;NASHI-CENTER.ru;
2024-01-08;NASHIDOMIKI.ru;
2024-01-08;NASYROVRR.ru;
2024-01-08;NATALIKOZLOVA.ru;
2024-01-08;NATALYA-ANTONOVA.ru;
2024-01-08;NATIMHOMEDESIGN.ru;
2024-01-08;NAVYKOV.ru;
2024-01-08;NAZOVY.ru;
2024-01-08;NCROWN.ru;
2024-01-08;NE-PLATI-DOLG24.ru;
2024-01-08;NE-PLATI-ZAKONNO24.ru;
2024-01-08;NEBYKOVSKY.ru;
2024-01-08;NEDOMASTER.ru;
2024-01-08;NEIROSHKA.ru;
2024-01-08;NEKITRR.ru;
2024-01-08;NEKONE.ru;
2024-01-08;NELLYAPYATAEVA.ru;
2024-01-08;NEOMOR.ru;
2024-01-08;NEOTECH-LAB.ru;
2024-01-08;NEOTECHLAB.ru;
2024-01-08;NEPALEXPERT.ru;
2024-01-08;NEPLOHOY.ru;
2024-01-08;NEPODCAST.ru;
2024-01-08;NEQQA.ru;
2024-01-08;NERPAMEDIA.ru;
2024-01-08;NESTRUST.ru;
2024-01-08;NET-DOLGOV2024.ru;
2024-01-08;NET-NET-DOLGA24.ru;
2024-01-08;NETLEPOS.ru;
2024-01-08;NETMAPA.ru;
2024-01-08;NEURONET-HELP.ru;
2024-01-08;NEW-CONTROL.ru;
2024-01-08;NEW-DIM3.ru;
2024-01-08;NEW-VTB.ru;
2024-01-08;NEWLAWA.ru;
2024-01-08;NEWLITEBOX.ru;
2024-01-08;NEWNIR.ru;
2024-01-08;NEWROUTEAM.ru;
2024-01-08;NEWSACH.ru;
2024-01-08;NEYROLOGIKA.ru;
2024-01-08;NEYROSHKA.ru;
2024-01-08;NEZHNEENET.ru;
2024-01-08;NGC3372.ru;
2024-01-08;NGUBANOV.ru;
2024-01-08;NIKA21SPB.ru;
2024-01-08;NIKE-NAYK.ru;
2024-01-08;NIKOLAJP.ru;
2024-01-08;NIKOLNATALI.ru;
2024-01-08;NIKSENKA.ru;
2024-01-08;NISTRYL.ru;
2024-01-08;NIUSEPH.ru;
2024-01-08;NIZKAYA-CENA.ru;
2024-01-08;NJIVA.ru;
2024-01-08;NKARAKURT.ru;
2024-01-08;NLBEKETOV.ru;
2024-01-08;NLKCHBV.ru;
2024-01-08;NM-SIP.ru;
2024-01-08;NOBLE-BEAUTY.ru;
2024-01-08;NOCHCLUB.ru;
2024-01-08;NOCHNIKOV.ru;
2024-01-08;NOKKTURN.ru;
2024-01-08;NOMEROGRAM-1.ru;
2024-01-08;NOOSFERA-RP.ru;
2024-01-08;NORNOTEX.ru;
2024-01-08;NOSING086.ru;
2024-01-08;NOSOVAA.ru;
2024-01-08;NOSOVAUNDIRECTOLOG.ru;
2024-01-08;NOTCOIN-COM.ru;
2024-01-08;NOTCOIN-TG.ru;
2024-01-08;NOTCOINGAME.ru;
2024-01-08;NOTCOINS.ru;
2024-01-08;NOTIPS.ru;
2024-01-08;NOVA-RAMENKY.ru;
2024-01-08;NOVAVETA.ru;
2024-01-08;NOVAYA-PSY.ru;
2024-01-08;NOVIKOVAYUL3CHCKA.ru;
2024-01-08;NOVO-54.ru;
2024-01-08;NOVO54.ru;
2024-01-08;NOVOROSSIYSK-INDI.ru;
2024-01-08;NOVOSTI-NAPERVOM.ru;
2024-01-08;NOVOSTINAPERVOM.ru;
2024-01-08;NOVOSTNOYKANAL.ru;
2024-01-08;NOVOSTOYKONTETNT.ru;
2024-01-08;NPRINTSAMARA.ru;
2024-01-08;NSBELT.ru;
2024-01-08;NUBOT.ru;
2024-01-08;NULLED-SOFT.ru;
2024-01-08;NUTRICIAL.ru;
2024-01-08;NVLASKINA.ru;
2024-01-08;NYTIMES-GTA.ru;
2024-01-08;O-DOLGAX24.ru;
2024-01-08;O4D.ru;
2024-01-08;OBED-MYTISCHI.ru;
2024-01-08;OBIMENAH.ru;
2024-01-08;OBLBAZA.ru;
2024-01-08;OCAGO-KEEP.ru;
2024-01-08;ODIXS.ru;
2024-01-08;ODZILEVICH.ru;
2024-01-08;OFD-ORD2993.ru;
2024-01-08;OFD-ORD3089.ru;
2024-01-08;OFD-ORD4988.ru;
2024-01-08;OFD-ORD5134.ru;
2024-01-08;OFD-ORD5368.ru;
2024-01-08;OFD-ORD6064.ru;
2024-01-08;OFD-ORD6556.ru;
2024-01-08;OFD-ORD6920.ru;
2024-01-08;OFD-ORD7591.ru;
2024-01-08;OFD-ORD8683.ru;
2024-01-08;OFD-ORD9083.ru;
2024-01-08;OFD-ORD9246.ru;
2024-01-08;OFD1968.ru;
2024-01-08;OFD5703.ru;
2024-01-08;OFD6976.ru;
2024-01-08;OFF-ROAD-RIDER.ru;
2024-01-08;OFFICE-TEHNIKA.ru;
2024-01-08;OFORMLENIE-DOPYSKA-SRO.ru;
2024-01-08;OFORMLENIE-DOPYSKA-SRO-RF.ru;
2024-01-08;OGURZI.ru;
2024-01-08;OGURZY.ru;
2024-01-08;OHMYBOT.ru;
2024-01-08;OHOTA-NA-BOTA.ru;
2024-01-08;OHOTANABOTA.ru;
2024-01-08;OHOTNICK.ru;
2024-01-08;OKNOFILM.ru;
2024-01-08;OKOROLEV.ru;
2024-01-08;OKROYTOR.ru;
2024-01-08;OKSANAGAMREKELI.ru;
2024-01-08;OKSANAOKSA2206.ru;
2024-01-08;OLAVROV.ru;
2024-01-08;OLEGYASHCHIK.ru;
2024-01-08;OLEGZYKOV.ru;
2024-01-08;OLGA81.ru;
2024-01-08;OLGAZABELINA-FINANCE.ru;
2024-01-08;OMSKATALIZ.ru;
2024-01-08;ONBOLSHENESHUTIT.ru;
2024-01-08;ONEALBOM.ru;
2024-01-08;ONLINE-ANKETA.ru;
2024-01-08;ONLYFOODSFAN.ru;
2024-01-08;ONLYFOODSFANS.ru;
2024-01-08;ONLYFOODSFUNS.ru;
2024-01-08;ONSONJA.ru;
2024-01-08;OOMG.ru;
2024-01-08;OOO-TCC.ru;
2024-01-08;OOOFIN.ru;
2024-01-08;OOSHREPOLOVO.ru;
2024-01-08;OPENBRANDINGAWARDS.ru;
2024-01-08;OPENINTIMSHOP.ru;
2024-01-08;OPLATA-ICLOUD.ru;
2024-01-08;OPLATA2131.ru;
2024-01-08;OPLATA2138.ru;
2024-01-08;OPLATI-DOLG24.ru;
2024-01-08;OPROC-ANKETA.ru;
2024-01-08;OPROS-ONLINE24.ru;
2024-01-08;OPTICS-RUSSIA.ru;
2024-01-08;OPTIKA-7.ru;
2024-01-08;OPTISHKA.ru;
2024-01-08;OPTMONET.ru;
2024-01-08;ORDER-1202.ru;
2024-01-08;ORDER-1203.ru;
2024-01-08;ORDER-4254.ru;
2024-01-08;ORDER-4701.ru;
2024-01-08;ORDER0241.ru;
2024-01-08;ORDER0289.ru;
2024-01-08;ORDER0474.ru;
2024-01-08;ORDER2087.ru;
2024-01-08;ORDER8201.ru;
2024-01-08;ORDER8404.ru;
2024-01-08;ORDER8707.ru;
2024-01-08;ORDER9280.ru;
2024-01-08;ORDER9372.ru;
2024-01-08;ORDER9808.ru;
2024-01-08;OREKAH.ru;
2024-01-08;OREN-STYLE.ru;
2024-01-08;ORIAGOPA.ru;
2024-01-08;ORJABKOVA.ru;
2024-01-08;ORLEVO.ru;
2024-01-08;OSAGOSHOP-PERM.ru;
2024-01-08;OSAMA24.ru;
2024-01-08;OSCARMUSIC.ru;
2024-01-08;OSIPCHIK.ru;
2024-01-08;OSKANO.ru;
2024-01-08;OSTROVBT.ru;
2024-01-08;OSTROVOK-MEBELI.ru;
2024-01-08;OSVOBODIM-OT-DOLGOV24.ru;
2024-01-08;OSVOBODIS-OT-DOLGA24.ru;
2024-01-08;OTVER-OGE-EGE.ru;
2024-01-08;OUTKINA.ru;
2024-01-08;OVIGUL.ru;
2024-01-08;OVOZINGUZBEK.ru;
2024-01-08;OWNLUXHUB.ru;
2024-01-08;OXANICER.ru;
2024-01-08;OZ-BRIGADIR.ru;
2024-01-08;OZON-R.ru;
2024-01-08;OZONCARD30.ru;
2024-01-08;P-NOVOROSSIYSK.ru;
2024-01-08;PAGE-2984.ru;
2024-01-08;PALMINATREND.ru;
2024-01-08;PANABRIKA.ru;
2024-01-08;PANDAZ.ru;
2024-01-08;PANIME.ru;
2024-01-08;PANTERAMEB.ru;
2024-01-08;PAPA-NEWS.ru;
2024-01-08;PARADISE-SHEREGESH.ru;
2024-01-08;PARK247.ru;
2024-01-08;PARKINSONEXPERT.ru;
2024-01-08;PARMETROS.ru;
2024-01-08;PARTNERS-DELIVERY.ru;
2024-01-08;PASCHENKO-1.ru;
2024-01-08;PASHINN.ru;
2024-01-08;PATTERNLAB.ru;
2024-01-08;PATTERNPASSAGE.ru;
2024-01-08;PAVLO-IVAN.ru;
2024-01-08;PAVLOVSKIY-LIMON.ru;
2024-01-08;PAVLOVSKIY-PITOMNIK.ru;
2024-01-08;PAY-ID284952.ru;
2024-01-08;PAY-ID682467.ru;
2024-01-08;PAY-ID980231.ru;
2024-01-08;PAYD11.ru;
2024-01-08;PAYD12.ru;
2024-01-08;PAYMENT-266.ru;
2024-01-08;PAYMENT-267.ru;
2024-01-08;PAYMENT-269.ru;
2024-01-08;PAYMENT-270.ru;
2024-01-08;PAYMENTSDI.ru;
2024-01-08;PAYSMANT-INFORM.ru;
2024-01-08;PAYSMANT-ZAKAZ.ru;
2024-01-08;PAYWELLES.ru;
2024-01-08;PC-EVGART.ru;
2024-01-08;PCIKOD.ru;
2024-01-08;PEAKSOFT.ru;
2024-01-08;PECHI-IZ-TALKOHLORITA-25.ru;
2024-01-08;PELLETY-OPTOM-EKB.ru;
2024-01-08;PELLETY-OPTOM-KRD.ru;
2024-01-08;PELMENIDA.ru;
2024-01-08;PERCHIC.ru;
2024-01-08;PEREDVIZHNOYSAD.ru;
2024-01-08;PERMANENT-PREMIUM.ru;
2024-01-08;PERSLINE.ru;
2024-01-08;PERVIENOVOSTI.ru;
2024-01-08;PERVUI.ru;
2024-01-08;PETKELITE.ru;
2024-01-08;PETRYRIGIN.ru;
2024-01-08;PETYHCRAFT.ru;
2024-01-08;PFASFJKFPREMGIFT.ru;
2024-01-08;PH-IRINAWOLF.ru;
2024-01-08;PHILIMONOV03.ru;
2024-01-08;PHOTOMASHU.ru;
2024-01-08;PHOTORAF.ru;
2024-01-08;PHPRU.ru;
2024-01-08;PICENER.ru;
2024-01-08;PICMAGIC.ru;
2024-01-08;PILIGRIM72.ru;
2024-01-08;PIN-UP-375.ru;
2024-01-08;PIN-UP847.ru;
2024-01-08;PINUP-OFFICIAL.ru;
2024-01-08;PINUPCAS.ru;
2024-01-08;PINUPMONEYWIN.ru;
2024-01-08;PIPEART.ru;
2024-01-08;PIQUADRO-MARKET.ru;
2024-01-08;PIROGOVSKAYARIVERA.ru;
2024-01-08;PITOMNIK-PAVLOVO.ru;
2024-01-08;PITOMNIKDEREVIEVZAKAMIE.ru;
2024-01-08;PIVAZI.ru;
2024-01-08;PIXELNOODLE.ru;
2024-01-08;PIZZA-BYRGER.ru;
2024-01-08;PJATKOVA.ru;
2024-01-08;PKARTASHOVA.ru;
2024-01-08;PKCONSULT.ru;
2024-01-08;PLASTIKA69.ru;
2024-01-08;PLATEZHI3DS.ru;
2024-01-08;PLAY4X.ru;
2024-01-08;PLAYCULT.ru;
2024-01-08;PLEXCGS.ru;
2024-01-08;PLINKO-GAME.ru;
2024-01-08;PLITKA-PAVLOVSKY-POSAD.ru;
2024-01-08;PLS-DONATE.ru;
2024-01-08;PNPSYSTEM.ru;
2024-01-08;POALESER.ru;
2024-01-08;POCHINKI-SCHOOL.ru;
2024-01-08;POCHTA-DOMEN.ru;
2024-01-08;POCHTA-DOMENA.ru;
2024-01-08;PODPISKA-APPLE-MUSIC.ru;
2024-01-08;POEZD-ELOK.ru;
2024-01-08;POINTON.ru;
2024-01-08;POIZONBEE.ru;
2024-01-08;POLNIKOV-7.ru;
2024-01-08;POLYAKOWAW.ru;
2024-01-08;PONIBRASHIN.ru;
2024-01-08;POOL-CASSA.ru;
2024-01-08;POOL-STANDUP.ru;
2024-01-08;POOL-THEATRE.ru;
2024-01-08;POSAZHULYA.ru;
2024-01-08;POSLAVSKIY.ru;
2024-01-08;POSNETER.ru;
2024-01-08;POSTAL-BOX.ru;
2024-01-08;POSTGREGATE.ru;
2024-01-08;POTATOMANIA.ru;
2024-01-08;POTEKLA.ru;
2024-01-08;POTENCIY-MUZH.ru;
2024-01-08;POTENCIYA-BISTRO.ru;
2024-01-08;POTENCLINIC-AZ.ru;
2024-01-08;POTOLKIKOMFORT72.ru;
2024-01-08;POXAS.ru;
2024-01-08;PR-DIALOG.ru;
2024-01-08;PRACTICE-SECRETS.ru;
2024-01-08;PRECIOVLG.ru;
2024-01-08;PRIDE-CAT.ru;
2024-01-08;PRIDECAT.ru;
2024-01-08;PRIMDG.ru;
2024-01-08;PRIMOV.ru;
2024-01-08;PRINTOLOGI.ru;
2024-01-08;PRINTSHOP33.ru;
2024-01-08;PRINTSHOP92.ru;
2024-01-08;PRO-INSTRUCTOR.ru;
2024-01-08;PRO100MIKHALYCH.ru;
2024-01-08;PRODUCT-HERO.ru;
2024-01-08;PRODUCT4EXPERT.ru;
2024-01-08;PROELBRUS.ru;
2024-01-08;PROF-INSTRUMENT57.ru;
2024-01-08;PROFESSIONALCLEANING.ru;
2024-01-08;PROFSTYLEBET.ru;
2024-01-08;PROKATMED.ru;
2024-01-08;PROM-TRAVEL.ru;
2024-01-08;PROMOTAKE.ru;
2024-01-08;PROSTATAUGRADE.ru;
2024-01-08;PROSTI-NOVOROSSIYSK.ru;
2024-01-08;PROSTITUTKI-NOVOROSSIJSKA.ru;
2024-01-08;PROSUSHKA-KVARTIRY.ru;
2024-01-08;PROSUSHKA-KVARTIRY-MSK.ru;
2024-01-08;PROXY88.ru;
2024-01-08;PSHKARIN.ru;
2024-01-08;PSIHOLOGMOSKVA.ru;
2024-01-08;PSIPOPUS.ru;
2024-01-08;PSYCHOLOGY-RF.ru;
2024-01-08;PSYERSHOVA.ru;
2024-01-08;PSYHI.ru;
2024-01-08;PSYHOLOG-DARIA-KUDRYAVTSEVA.ru;
2024-01-08;PSYSOMATIC.ru;
2024-01-08;PUPSISAD.ru;
2024-01-08;PUSKUNOV.ru;
2024-01-08;PWRBOOST.ru;
2024-01-08;PYKOT.ru;
2024-01-08;PZHENYA.ru;
2024-01-08;Q-07-01-23.ru;
2024-01-08;QAZEG.ru;
2024-01-08;QIANCHOGAN.ru;
2024-01-08;QUEEN-SPIN.ru;
2024-01-08;QUELIANAT.ru;
2024-01-08;QUINCELI.ru;
2024-01-08;QUITEHOST.ru;
2024-01-08;QUNIXRP.ru;
2024-01-08;QWWWW.ru;
2024-01-08;R-ALIA.ru;
2024-01-08;RADIOMIPT.ru;
2024-01-08;RADIOVID.ru;
2024-01-08;RAFA4080.ru;
2024-01-08;RALINAH.ru;
2024-01-08;RAMHTHEZ.ru;
2024-01-08;RAMINKURBANOV.ru;
2024-01-08;RANDIDO.ru;
2024-01-08;RAPZAYM.ru;
2024-01-08;RASHIA96.ru;
2024-01-08;RASHID066.ru;
2024-01-08;RASSELM91.ru;
2024-01-08;RASSEYANNIISKLEROZ.ru;
2024-01-08;RAZVITIE-NAVYKOV.ru;
2024-01-08;RBEEVA.ru;
2024-01-08;RBOGOV.ru;
2024-01-08;RE-STORATION.ru;
2024-01-08;READY4ADVENTURE.ru;
2024-01-08;REAL-AUTO-LOGISTIC.ru;
2024-01-08;REALBORISOV.ru;
2024-01-08;RECEPTI-EDA.ru;
2024-01-08;RED-IBEX.ru;
2024-01-08;REDIBEX.ru;
2024-01-08;REDSUN-VOLT.ru;
2024-01-08;REELS-MONEY.ru;
2024-01-08;REGISTER-VAVADA99.ru;
2024-01-08;REGISTRATOR64.ru;
2024-01-08;REGULMONEY.ru;
2024-01-08;REKA-INFO.ru;
2024-01-08;REKAINFO.ru;
2024-01-08;REM2ROM.ru;
2024-01-08;REMCOMPRO.ru;
2024-01-08;REMONT-HOLODILNIKOV-SROCHNO.ru;
2024-01-08;REMONT-NOUTBUKOV-DELL-SPB.ru;
2024-01-08;REMONT-VIDEO.ru;
2024-01-08;REMONTSTERS.ru;
2024-01-08;REMTEPPOL.ru;
2024-01-08;RENATABOGACH.ru;
2024-01-08;RENHEL.ru;
2024-01-08;RENOVO-GROUP.ru;
2024-01-08;RENT4CARS.ru;
2024-01-08;RENTBIBOX.ru;
2024-01-08;RERMILOVA.ru;
2024-01-08;RESISTANSE.ru;
2024-01-08;RESPIN-CASINO7780.ru;
2024-01-08;RESPLENDENT.ru;
2024-01-08;RESTGARDEN.ru;
2024-01-08;REUT84.ru;
2024-01-08;REWARDS-FREE-FIRE-GARENA.ru;
2024-01-08;REXYCREW.ru;
2024-01-08;REZUMAKER.ru;
2024-01-08;RGEN3.ru;
2024-01-08;RGPLAY.ru;
2024-01-08;RHODEISLANDRP.ru;
2024-01-08;RIDER-SCHOOL.ru;
2024-01-08;RINCHINO.ru;
2024-01-08;RINDEDER.ru;
2024-01-08;RIPKA.ru;
2024-01-08;RITBOON.ru;
2024-01-08;RIVITALO.ru;
2024-01-08;RIZAK.ru;
2024-01-08;RK-HTTP.ru;
2024-01-08;RK-SASL.ru;
2024-01-08;RK-SMTP.ru;
2024-01-08;RK-SSL.ru;
2024-01-08;RK-TLC.ru;
2024-01-08;RK-TTL.ru;
2024-01-08;RK-UTF.ru;
2024-01-08;RMISNIK.ru;
2024-01-08;RMITKIN.ru;
2024-01-08;ROCKDASH.ru;
2024-01-08;RODIN-PHOTO.ru;
2024-01-08;ROMA-S.ru;
2024-01-08;ROMANTICCITY.ru;
2024-01-08;ROMAZANOV-DROMAZANOV.ru;
2024-01-08;ROSSENENGELS.ru;
2024-01-08;ROSSHPUNT-PTO.ru;
2024-01-08;ROSSIAMYSTRANA.ru;
2024-01-08;ROYAL-DELIGHT.ru;
2024-01-08;RP-NIKE.ru;
2024-01-08;RRSTAGE.ru;
2024-01-08;RSPANFILOV.ru;
2024-01-08;RU-ESCORT.ru;
2024-01-08;RU-ID8373.ru;
2024-01-08;RUBIDON.ru;
2024-01-08;RUCRAZYSTORE.ru;
2024-01-08;RUMENZONE.ru;
2024-01-08;RUNNERSBRO.ru;
2024-01-08;RUSCASHCARDS.ru;
2024-01-08;RUSKAJ.ru;
2024-01-08;RUSL-SHOP.ru;
2024-01-08;RUSSIABAD.ru;
2024-01-08;RUSSIADRAMIX.ru;
2024-01-08;RUSSIAN-GAMERS.ru;
2024-01-08;RUSSIAN-REKLAMA.ru;
2024-01-08;RUSSIANFORPEACE.ru;
2024-01-08;RUSSIANTOPS.ru;
2024-01-08;RUSTOR-MOBILES.ru;
2024-01-08;RUTANCHIK.ru;
2024-01-08;RUTORG-MARKET.ru;
2024-01-08;RUTORS.ru;
2024-01-08;RVT3ST2.ru;
2024-01-08;RYBUSCHKIN.ru;
2024-01-08;RYBUSCHKINA.ru;
2024-01-08;RYLINA.ru;
2024-01-08;RYRERARO.ru;
2024-01-08;RYZHKOVCHEESE.ru;
2024-01-08;RZN4.ru;
2024-01-08;S5VKJ8R.ru;
2024-01-08;SADKOBWFM.ru;
2024-01-08;SADWOMANCC.ru;
2024-01-08;SAGITOVA4.ru;
2024-01-08;SAINTANGRY404.ru;
2024-01-08;SAINTJACQUES.ru;
2024-01-08;SALUKHOV.ru;
2024-01-08;SAMARSKIYNAVES.ru;
2024-01-08;SAMOSILA.ru;
2024-01-08;SANDGARDEN.ru;
2024-01-08;SANDGARDENING.ru;
2024-01-08;SANDPONICS.ru;
2024-01-08;SANS-ZAVOD.ru;
2024-01-08;SANTEHBAZIS.ru;
2024-01-08;SANTOSHKIN.ru;
2024-01-08;SAPPHIREPJ.ru;
2024-01-08;SARANTSEVAD.ru;
2024-01-08;SARATOV-IMPLANT.ru;
2024-01-08;SARATOV2024.ru;
2024-01-08;SARATOVGID24.ru;
2024-01-08;SARIRTOUR.ru;
2024-01-08;SASHATORRO.ru;
2024-01-08;SAT76.ru;
2024-01-08;SATXCARBUYER.ru;
2024-01-08;SAX-S.ru;
2024-01-08;SCALEZIP.ru;
2024-01-08;SCHETCHIK-S-PULTOM-MOSCOW.ru;
2024-01-08;SCHNEIDER-ELECTRIC-LEXIUM.ru;
2024-01-08;SCHNEIDER-LEXIUM.ru;
2024-01-08;SCHOOL-VICTORIADEMENTIEVA.ru;
2024-01-08;SCHOOL8-ZS.ru;
2024-01-08;SCHOOLUSKOVA.ru;
2024-01-08;SCOORET-HELP.ru;
2024-01-08;SCOOTER-HELP.ru;
2024-01-08;SDELKA2137.ru;
2024-01-08;SDIVCOM-DOTCOM.ru;
2024-01-08;SDPROGROUP.ru;
2024-01-08;SECRETINFIRE.ru;
2024-01-08;SECURESBERCARDPAYMENTS.ru;
2024-01-08;SEEDBT.ru;
2024-01-08;SEEDCOMPANY.ru;
2024-01-08;SEFIROTATTOO.ru;
2024-01-08;SELECTOR256.ru;
2024-01-08;SELHOZEVA.ru;
2024-01-08;SELLERHIT.ru;
2024-01-08;SELOCAL.ru;
2024-01-08;SEMENA78.ru;
2024-01-08;SENIYA-CHALLENGE.ru;
2024-01-08;SEO-7.ru;
2024-01-08;SERCHPINA.ru;
2024-01-08;SERGEJ-ATREPEV.ru;
2024-01-08;SERGEY-NESTORENKO.ru;
2024-01-08;SERGEY-SELLER.ru;
2024-01-08;SERGEYVLADA.ru;
2024-01-08;SERGOO92.ru;
2024-01-08;SERIALUS.ru;
2024-01-08;SERVICE-4572.ru;
2024-01-08;SERVICE-4573.ru;
2024-01-08;SERVICESHOP1.ru;
2024-01-08;SERVICEWHITE.ru;
2024-01-08;SERVISEBITREEMONT24.ru;
2024-01-08;SEV-GID.ru;
2024-01-08;SEVASTOPOL-INTIM.ru;
2024-01-08;SEVPROFILE.ru;
2024-01-08;SEX-NOVOROSSIYSK.ru;
2024-01-08;SEX-TECH.ru;
2024-01-08;SEXCHAT-18.ru;
2024-01-08;SGORENKO.ru;
2024-01-08;SHAMSIBAEVA.ru;
2024-01-08;SHANGLYU.ru;
2024-01-08;SHAROMARI.ru;
2024-01-08;SHAURMA-COFFEE.ru;
2024-01-08;SHERLYBUG.ru;
2024-01-08;SHERSTJUK-7.ru;
2024-01-08;SHIBUMIDESIGN.ru;
2024-01-08;SHOPKIM.ru;
2024-01-08;SHOPSPORTPIT.ru;
2024-01-08;SHOSHKINA.ru;
2024-01-08;SHOWKRD.ru;
2024-01-08;SHRUTIS.ru;
2024-01-08;SHTANDART77.ru;
2024-01-08;SHTORCI-TROKOT.ru;
2024-01-08;SHULGIN-PHOTO.ru;
2024-01-08;SHURALEVA.ru;
2024-01-08;SIBBLOCK.ru;
2024-01-08;SIBERIANSHAMAN.ru;
2024-01-08;SIG-8313.ru;
2024-01-08;SIGARETKA-OPT.ru;
2024-01-08;SIGMENTX.ru;
2024-01-08;SILA-TOKA-INFO.ru;
2024-01-08;SILAPRASCHUROV.ru;
2024-01-08;SILAZDOROVI.ru;
2024-01-08;SILENTWOOD.ru;
2024-01-08;SILKANDMORE.ru;
2024-01-08;SIM23.ru;
2024-01-08;SIMKADJURIC.ru;
2024-01-08;SIMONCHIK-SHOP.ru;
2024-01-08;SIMPLE-FRANCH.ru;
2024-01-08;SIMPLEFRANCH.ru;
2024-01-08;SINAVLIN.ru;
2024-01-08;SINNERDZR88.ru;
2024-01-08;SIP-IP.ru;
2024-01-08;SIRARIUS2016.ru;
2024-01-08;SIROTIN-WORK.ru;
2024-01-08;SITES-TILDA.ru;
2024-01-08;SIZMESTEV.ru;
2024-01-08;SKANDARI.ru;
2024-01-08;SKANDYBAR.ru;
2024-01-08;SKAZKAGENCY.ru;
2024-01-08;SKAZKAPROJECT.ru;
2024-01-08;SKILL-HUB.ru;
2024-01-08;SKILL64.ru;
2024-01-08;SKILLSETDUNDIN.ru;
2024-01-08;SKLAD-SERVIS55.ru;
2024-01-08;SKLADRAM.ru;
2024-01-08;SKRASTINOV.ru;
2024-01-08;SKRYABINA-INTERIORS.ru;
2024-01-08;SKYBEAUTY-NN.ru;
2024-01-08;SKYCITYLOVE.ru;
2024-01-08;SKYROMANTIC1.ru;
2024-01-08;SLEBIDO.ru;
2024-01-08;SLEEPFANS.ru;
2024-01-08;SLEMSIK.ru;
2024-01-08;SLIMOFOR1.ru;
2024-01-08;SLOTS-INFO.ru;
2024-01-08;SLOVO-PACA-NA-1-8.ru;
2024-01-08;SLOVO-PACA-NA-2-8.ru;
2024-01-08;SLOVO-PACA-NA1-8.ru;
2024-01-08;SLOVO-PACA-NA2-8.ru;
2024-01-08;SLOVO-PACANAGE.ru;
2024-01-08;SLOVO-PACANEW.ru;
2024-01-08;SLOVO-PATSAN-2024.ru;
2024-01-08;SLOVO-PATSANA-1.ru;
2024-01-08;SLOVO-PATSANA-2024.ru;
2024-01-08;SLOVOPAACOANA.ru;
2024-01-08;SLOVOPACAN-2024.ru;
2024-01-08;SLOVOPACANA-2024.ru;
2024-01-08;SLOVOPACANA28.ru;
2024-01-08;SLOVOPASOANA.ru;
2024-01-08;SMART-HOME63.ru;
2024-01-08;SMART-VPN-API.ru;
2024-01-08;SMASHX.ru;
2024-01-08;SMENANAPITKI.ru;
2024-01-08;SMENSAP.ru;
2024-01-08;SNBELOF.ru;
2024-01-08;SNINZILIN.ru;
2024-01-08;SO-DIST-VIE.ru;
2024-01-08;SOC-ANKETA.ru;
2024-01-08;SOCIONFIRE.ru;
2024-01-08;SOFIE-FLOWERS.ru;
2024-01-08;SOFT-SKILLZ.ru;
2024-01-08;SOFTFORGE.ru;
2024-01-08;SOFTWAREFORGE.ru;
2024-01-08;SOKOL-NAVIDU.ru;
2024-01-08;SOKOLNAVIDU.ru;
2024-01-08;SOLEAS.ru;
2024-01-08;SONYAPONO.ru;
2024-01-08;SOPCONSULT.ru;
2024-01-08;SORVER.ru;
2024-01-08;SOTVETAMI.ru;
2024-01-08;SOULTRANSFORMATIONTHERAPY.ru;
2024-01-08;SOVR-TECH.ru;
2024-01-08;SOVROSS-DR.ru;
2024-01-08;SPACANASLOVO.ru;
2024-01-08;SPACE-SOFT.ru;
2024-01-08;SPACIALSPAREPART.ru;
2024-01-08;SPBSTAMP.ru;
2024-01-08;SPEAKEASE.ru;
2024-01-08;SPEAKLIKERUSSIAN.ru;
2024-01-08;SPECIALIST-HOSTING.ru;
2024-01-08;SPECLIZING.ru;
2024-01-08;SPEECH-TOTEXT.ru;
2024-01-08;SPINA86.ru;
2024-01-08;SPIVAKOVAPLAN.ru;
2024-01-08;SPORTSAGENTS.ru;
2024-01-08;SPROOTINFO.ru;
2024-01-08;SQYIL.ru;
2024-01-08;SRUBOVOI33.ru;
2024-01-08;SSALINDA.ru;
2024-01-08;SSEMEND.ru;
2024-01-08;SSHUM.ru;
2024-01-08;SSMONT.ru;
2024-01-08;SSU-GOV.ru;
2024-01-08;ST-REALIZATION.ru;
2024-01-08;STADNIKOVS.ru;
2024-01-08;STAFIKAPULO.ru;
2024-01-08;STAMBUL-INFO.ru;
2024-01-08;STANBOT.ru;
2024-01-08;STANISLAV-KOROL.ru;
2024-01-08;STATORER.ru;
2024-01-08;STEAMCOMMINUTY.ru;
2024-01-08;STEAMJOPA.ru;
2024-01-08;STEPANVP.ru;
2024-01-08;STICKEROVO.ru;
2024-01-08;STORM-OK.ru;
2024-01-08;STPR2.ru;
2024-01-08;STRINGSBYMAIL.ru;
2024-01-08;STROIM-DELAEM.ru;
2024-01-08;STROYKAVMSK.ru;
2024-01-08;STRUTSTUR.ru;
2024-01-08;STTTBAKERY.ru;
2024-01-08;STUDIO121.ru;
2024-01-08;SUDOKLASS.ru;
2024-01-08;SUGAR-PAPER30.ru;
2024-01-08;SUGARBETS.ru;
2024-01-08;SUKUK-INVEST.ru;
2024-01-08;SUKUKINVEST.ru;
2024-01-08;SUM-TIME.ru;
2024-01-08;SUMTIME.ru;
2024-01-08;SUNCUBES.ru;
2024-01-08;SUPER-MARIO-BROS.ru;
2024-01-08;SUPER-SUS.ru;
2024-01-08;SUPERGRANDMARKET.ru;
2024-01-08;SUPERPODDELKI.ru;
2024-01-08;SUSHIPREMIUM-DRAGON.ru;
2024-01-08;SUSHIPREMIUM-HOUSE.ru;
2024-01-08;SUVOROVAKSENIYA.ru;
2024-01-08;SVARTO.ru;
2024-01-08;SVEESTI.ru;
2024-01-08;SVET-OKNO.ru;
2024-01-08;SVETDYSHI.ru;
2024-01-08;SVNDON.ru;
2024-01-08;SVOBODEN-OT-DOLGOV24.ru;
2024-01-08;SWAP-GAMES.ru;
2024-01-08;SWEETBYKET.ru;
2024-01-08;SWET11.ru;
2024-01-08;SX69.ru;
2024-01-08;SYNCHRO-VLG.ru;
2024-01-08;SYRLYBAEVA.ru;
2024-01-08;T3EDUCATION.ru;
2024-01-08;T9QMRA6.ru;
2024-01-08;TABYSTY.ru;
2024-01-08;TADARRUJ.ru;
2024-01-08;TAM-VKUSNO.ru;
2024-01-08;TANCY2023.ru;
2024-01-08;TANKI-PREM.ru;
2024-01-08;TANWAXCC.ru;
2024-01-08;TARGETEV.ru;
2024-01-08;TAROT-MAGICSCHOOL.ru;
2024-01-08;TAROT-SPREADS.ru;
2024-01-08;TAROTSPREADS.ru;
2024-01-08;TASK-MANAGEMENT-DEV.ru;
2024-01-08;TATIZA.ru;
2024-01-08;TATJANA-POPOVA.ru;
2024-01-08;TATYANA-ASTRO.ru;
2024-01-08;TAXI-DISCOUNTER.ru;
2024-01-08;TAYAKOR.ru;
2024-01-08;TB-DB.ru;
2024-01-08;TCHERNICHENKO.ru;
2024-01-08;TCM1998.ru;
2024-01-08;TECH-WORLD13.ru;
2024-01-08;TECHFUELING3.ru;
2024-01-08;TEHNODOMDV.ru;
2024-01-08;TEHNOIGRY.ru;
2024-01-08;TEHNOSELECT.ru;
2024-01-08;TEKHNIKA-PORTAL.ru;
2024-01-08;TELEGARM-AUTH.ru;
2024-01-08;TELEGRAMPREMFLEXUX.ru;
2024-01-08;TELLGM.ru;
2024-01-08;TENDERHELP-BG.ru;
2024-01-08;TENLK.ru;
2024-01-08;TEOLYMA.ru;
2024-01-08;TEPLOKOMUNELEN.ru;
2024-01-08;TEREMSKAZOK.ru;
2024-01-08;TESSERE-TKANI.ru;
2024-01-08;TESSERETKANI.ru;
2024-01-08;TEST-IS-TEST.ru;
2024-01-08;TESTDOMAIN4PROJECTS.ru;
2024-01-08;TESTPAPALMYSITE.ru;
2024-01-08;TESTY-VITTE.ru;
2024-01-08;TEXNOMIRA.ru;
2024-01-08;TG-SLIV.ru;
2024-01-08;THENIYTEW.ru;
2024-01-08;THENOTCOIN.ru;
2024-01-08;THREEAM.ru;
2024-01-08;TIERNOVA.ru;
2024-01-08;TIGER-7.ru;
2024-01-08;TILOTER.ru;
2024-01-08;TINDER-KIT.ru;
2024-01-08;TINDERKIT.ru;
2024-01-08;TINEALER.ru;
2024-01-08;TINKOFFCLUB.ru;
2024-01-08;TINKOFINVEST.ru;
2024-01-08;TITANINV.ru;
2024-01-08;TKSEO.ru;
2024-01-08;TLISOVA.ru;
2024-01-08;TMNDETAILING.ru;
2024-01-08;TMNGD.ru;
2024-01-08;TNT-NAZAROVO.ru;
2024-01-08;TOCHIKI.ru;
2024-01-08;TOFOT.ru;
2024-01-08;TOKYOALL.ru;
2024-01-08;TOLSTIAKOV.ru;
2024-01-08;TOLSTIHINA.ru;
2024-01-08;TOMATHOUSE.ru;
2024-01-08;TOMSKCAMP.ru;
2024-01-08;TONIKYANBUILD.ru;
2024-01-08;TOOLMAGIC.ru;
2024-01-08;TOOLSCODER.ru;
2024-01-08;TOP-OF-THE.ru;
2024-01-08;TOPAZK.ru;
2024-01-08;TOPBANCK.ru;
2024-01-08;TOPBIZKNIG.ru;
2024-01-08;TOPDPS.ru;
2024-01-08;TOPENDURO.ru;
2024-01-08;TOPFOTKI.ru;
2024-01-08;TOPSTOL63.ru;
2024-01-08;TOPTISHKA.ru;
2024-01-08;TORIZACIA.ru;
2024-01-08;TOROG.ru;
2024-01-08;TOUBCALEXPERT.ru;
2024-01-08;TOUBKAL.ru;
2024-01-08;TOUBKAL24.ru;
2024-01-08;TOUR-CONTENT.ru;
2024-01-08;TOURCONTENT.ru;
2024-01-08;TOURISMCOURSE.ru;
2024-01-08;TOURS-SAYA.ru;
2024-01-08;TPERM.ru;
2024-01-08;TRACK-ID29.ru;
2024-01-08;TRADEIN-SHOP.ru;
2024-01-08;TRADINGRULES.ru;
2024-01-08;TRAFIK-GROUP.ru;
2024-01-08;TRANSFORMATION-FOR-YOU.ru;
2024-01-08;TRAVELSMARINA.ru;
2024-01-08;TRAVERSEPITER.ru;
2024-01-08;TREEPLENEEDLE.ru;
2024-01-08;TREKVNEPAL.ru;
2024-01-08;TRIANGOWL.ru;
2024-01-08;TRIMTREX.ru;
2024-01-08;TRIP-7319.ru;
2024-01-08;TRIPPLE-X.ru;
2024-01-08;TROFREM.ru;
2024-01-08;TROPKINA.ru;
2024-01-08;TRUEMIKMSKTT.ru;
2024-01-08;TRUESERVPROTT.ru;
2024-01-08;TSM-CH.ru;
2024-01-08;TUMAAN.ru;
2024-01-08;TUNINGVAG.ru;
2024-01-08;TUPOLNIK.ru;
2024-01-08;TURBIN-VINO.ru;
2024-01-08;TURBINVINO.ru;
2024-01-08;TUTDAROM.ru;
2024-01-08;TUYAMODA.ru;
2024-01-08;TVOI-MANIKUR.ru;
2024-01-08;TVORCHES.ru;
2024-01-08;TWIAD.ru;
2024-01-08;TWIZIROREM-RUFI24.ru;
2024-01-08;TWOIKOD.ru;
2024-01-08;TYOSHAA.ru;
2024-01-08;TYTUK.ru;
2024-01-08;TZAK.ru;
2024-01-08;UAGODNAYA.ru;
2024-01-08;UAKBAEV.ru;
2024-01-08;UBERSPORT.ru;
2024-01-08;UBORCA-POSLE-POZHARA.ru;
2024-01-08;UBORCA-POSLE-POZHARA-MSK.ru;
2024-01-08;UBORKA-GRYAZNOJ-KVARTIRY.ru;
2024-01-08;UBORKA-GRYAZNOJ-KVARTIRY-MSK.ru;
2024-01-08;UCHIM-BIOLOGIU.ru;
2024-01-08;UCHINESE.ru;
2024-01-08;UCUSANAELL.ru;
2024-01-08;UDOSTOVERENIYA86SURGUT.ru;
2024-01-08;UF63.ru;
2024-01-08;UGHB.ru;
2024-01-08;UJUTMETR.ru;
2024-01-08;UK-GALS.ru;
2024-01-08;UKGALS.ru;
2024-01-08;UKLADKA-VOLOS.ru;
2024-01-08;UKUDOM.ru;
2024-01-08;UKYDOM.ru;
2024-01-08;UNGINONNI.ru;
2024-01-08;UNIVERSEMUSIC.ru;
2024-01-08;UNIXVPN.ru;
2024-01-08;UNRESTER.ru;
2024-01-08;UPAKOVKA62.ru;
2024-01-08;URAEVSKIJ.ru;
2024-01-08;URAL-HERBS.ru;
2024-01-08;URAPAY.ru;
2024-01-08;URIST-ULSK.ru;
2024-01-08;UROLOG-DN.ru;
2024-01-08;USA-EDU.ru;
2024-01-08;USHAMIRSKAYA.ru;
2024-01-08;USLUGI-AGRODRONA.ru;
2024-01-08;USPESHNYJ.ru;
2024-01-08;UTIUTI.ru;
2024-01-08;UTR-KAZS3.ru;
2024-01-08;UTSRF.ru;
2024-01-08;UZNALKA.ru;
2024-01-08;UZSHOPONLINE.ru;
2024-01-08;V-INTERER.ru;
2024-01-08;V-MOTORNAYA.ru;
2024-01-08;V0OHJI3.ru;
2024-01-08;VAC-PARTS.ru;
2024-01-08;VADJ.ru;
2024-01-08;VAIER.ru;
2024-01-08;VALORANTSPIN.ru;
2024-01-08;VANASTASIN.ru;
2024-01-08;VASHPODAROKIVLEEVA.ru;
2024-01-08;VASYAGIN086.ru;
2024-01-08;VAVADA-IGRAT-ONLAJN.ru;
2024-01-08;VAVADA989.ru;
2024-01-08;VBASTRIKOV.ru;
2024-01-08;VDGRECHKO.ru;
2024-01-08;VDVPOSTBOT.ru;
2024-01-08;VEDPORTAL-TEST.ru;
2024-01-08;VELIFURKAN.ru;
2024-01-08;VERAMEDMAR.ru;
2024-01-08;VERESARA.ru;
2024-01-08;VERTICAL-CAMP.ru;
2024-01-08;VGIPNOZE.ru;
2024-01-08;VIBRAGIN.ru;
2024-01-08;VIEWSNAP.ru;
2024-01-08;VIK0.ru;
2024-01-08;VIKAMARKINA.ru;
2024-01-08;VIKENERGOAVTOMAT.ru;
2024-01-08;VILORYLAP.ru;
2024-01-08;VIRTUALBOND.ru;
2024-01-08;VIRTUALITYSHOW.ru;
2024-01-08;VISAASSISTANT.ru;
2024-01-08;VITALI-NEKRASOV.ru;
2024-01-08;VIVA-CAKE.ru;
2024-01-08;VIVO-CIS.ru;
2024-01-08;VKAUCSBOT.ru;
2024-01-08;VKONDAKOVA.ru;
2024-01-08;VKORSHIK.ru;
2024-01-08;VKUSNYAEDA.ru;
2024-01-08;VLADAMAZHUGA.ru;
2024-01-08;VLADCAR125.ru;
2024-01-08;VLADIMIR-PILIPENKO.ru;
2024-01-08;VLADIMIRMLS.ru;
2024-01-08;VLADISLAVKIDANOV.ru;
2024-01-08;VLADRYABOV.ru;
2024-01-08;VLIANIEISTORICHESKIHFACTOROVNARASVITIEIZOBRAZITELNOGOIS.ru;
2024-01-08;VLRUSSKIKH.ru;
2024-01-08;VMASALOVA.ru;
2024-01-08;VMRZK.ru;
2024-01-08;VNEVSKIJ.ru;
2024-01-08;VOLKG50REY.ru;
2024-01-08;VOLODY19.ru;
2024-01-08;VOLOGDA-WOOD.ru;
2024-01-08;VOLOSHIN-STAVROPOL.ru;
2024-01-08;VOROTA-KOXMA.ru;
2024-01-08;VOSIK.ru;
2024-01-08;VOSTORG-ECLAIRS.ru;
2024-01-08;VOT-OGORODIK.ru;
2024-01-08;VOVA-4IR.ru;
2024-01-08;VOVKUSERU.ru;
2024-01-08;VOYTYUK-PHOTO.ru;
2024-01-08;VP-EMAIL.ru;
2024-01-08;VPCONF.ru;
2024-01-08;VPOLUEKTOVA.ru;
2024-01-08;VRGTCOMPANY.ru;
2024-01-08;VRM48.ru;
2024-01-08;VSALMIN.ru;
2024-01-08;VSE-KURSY-PYTHON.ru;
2024-01-08;VSE-ZUBI-SARATOV.ru;
2024-01-08;VSEBROVI.ru;
2024-01-08;VSEMBILETLOTO.ru;
2024-01-08;VSERUSSKOE.ru;
2024-01-08;VSESLOVOPACAN.ru;
2024-01-08;VSESTELKI24.ru;
2024-01-08;VSEVKAM.ru;
2024-01-08;VSTYPLENIE-V-SRO-SROCHNO.ru;
2024-01-08;VSTYPLENIE-V-SRO-SROCHNO-RF.ru;
2024-01-08;VSUKHONOS.ru;
2024-01-08;VSYAHIMIA.ru;
2024-01-08;VTISHIN.ru;
2024-01-08;VYATININA.ru;
2024-01-08;VYKUPAVTO74.ru;
2024-01-08;VYSOTSKYIALP.ru;
2024-01-08;VYVOZMUSORA-NF.ru;
2024-01-08;WAKE-UP-NEO.ru;
2024-01-08;WALLETPAYNET.ru;
2024-01-08;WALPPAY.ru;
2024-01-08;WARDHAM.ru;
2024-01-08;WASZKONTENER.ru;
2024-01-08;WAVES-CREDITE.ru;
2024-01-08;WBZAKOPEIKI.ru;
2024-01-08;WEB-SPORA.ru;
2024-01-08;WEB-ULITKA.ru;
2024-01-08;WEB2IT.ru;
2024-01-08;WEBASTO-NADYM.ru;
2024-01-08;WEBCOVERLET.ru;
2024-01-08;WEBCRABS.ru;
2024-01-08;WEBDSK.ru;
2024-01-08;WEBFOODASSISTANT.ru;
2024-01-08;WEBFOODDELIVERY.ru;
2024-01-08;WEBFOODSYSTEM.ru;
2024-01-08;WEBSOFTER.ru;
2024-01-08;WECHANT.ru;
2024-01-08;WEDENEEVA.ru;
2024-01-08;WEDTIMES.ru;
2024-01-08;WEREVER.ru;
2024-01-08;WESLYNET.ru;
2024-01-08;WHAATCSAP.ru;
2024-01-08;WHENPRODUCTION.ru;
2024-01-08;WHHATCAP.ru;
2024-01-08;WHOLE-EVERGLOW.ru;
2024-01-08;WILDWHITEWOLFY.ru;
2024-01-08;WINCHESS.ru;
2024-01-08;WINTERDREAMTOUR.ru;
2024-01-08;WM-GAMES.ru;
2024-01-08;WOGARCHIVE.ru;
2024-01-08;WONDERSOPPING.ru;
2024-01-08;WORK-PUSHKAREVAON.ru;
2024-01-08;WORLD-FORTUNE.ru;
2024-01-08;WORLD-VPN.ru;
2024-01-08;WORLDFORTUNE.ru;
2024-01-08;WORONTSOW.ru;
2024-01-08;WOWVITALY2017.ru;
2024-01-08;WUFFLES.ru;
2024-01-08;WWRR.ru;
2024-01-08;WWW-MASTER-SPLIT.ru;
2024-01-08;X-ROCKET.ru;
2024-01-08;X3MDOT.ru;
2024-01-08;X3MM.ru;
2024-01-08;XARIUM.ru;
2024-01-08;XBLOOM.ru;
2024-01-08;XDEVELOP.ru;
2024-01-08;XENORALIES.ru;
2024-01-08;XINALIAN.ru;
2024-01-08;XNETWORKS.ru;
2024-01-08;XTICAPI.ru;
2024-01-08;XTRENDS.ru;
2024-01-08;XXLEGION.ru;
2024-01-08;YA-GE.ru;
2024-01-08;YAGNISHEV.ru;
2024-01-08;YAHMUR-MEDITATION.ru;
2024-01-08;YAK86.ru;
2024-01-08;YAKISHIN.ru;
2024-01-08;YALICE.ru;
2024-01-08;YANDEX-PISANOVA.ru;
2024-01-08;YANDEXPARTNERSERVICE.ru;
2024-01-08;YANEDAPART.ru;
2024-01-08;YANKISFOTO.ru;
2024-01-08;YAQA.ru;
2024-01-08;YARKIY-GOROD.ru;
2024-01-08;YARMIINFO.ru;
2024-01-08;YARRAPROEKT.ru;
2024-01-08;YASBOT.ru;
2024-01-08;YEEZYWORLDS.ru;
2024-01-08;YELLOW-CLUB.ru;
2024-01-08;YELOPUKOVICH.ru;
2024-01-08;YFALKO.ru;
2024-01-08;YNDXX.ru;
2024-01-08;YOOLOVIA.ru;
2024-01-08;YORINONALA.ru;
2024-01-08;YOURLUXHUB.ru;
2024-01-08;YPASTUKHOV.ru;
2024-01-08;YUDINAPOLINA.ru;
2024-01-08;YUKOO.ru;
2024-01-08;YULA1212.ru;
2024-01-08;YULIABUYUN.ru;
2024-01-08;YUMA-RP.ru;
2024-01-08;YUPITERMEBEL.ru;
2024-01-08;YURIST24-ONLINE.ru;
2024-01-08;YUTNOEMESTO.ru;
2024-01-08;Z-DETEKTOR.ru;
2024-01-08;Z51CHV.ru;
2024-01-08;Z8YNV.ru;
2024-01-08;ZA-ZA-ZAIM.ru;
2024-01-08;ZADROT-CHAN.ru;
2024-01-08;ZAI161.ru;
2024-01-08;ZAIKA-MARKETING.ru;
2024-01-08;ZAIMUSEICHAS.ru;
2024-01-08;ZAKAZ2138.ru;
2024-01-08;ZAKD.ru;
2024-01-08;ZAKHARAU.ru;
2024-01-08;ZAKONNO24-NE-PLACHY.ru;
2024-01-08;ZAKONNO24-STOP-DOLG.ru;
2024-01-08;ZAP-MSK.ru;
2024-01-08;ZAREMA-AJI.ru;
2024-01-08;ZARYVNOVA.ru;
2024-01-08;ZASOBA-7.ru;
2024-01-08;ZAYEMONLINE.ru;
2024-01-08;ZAYMY-MFO.ru;
2024-01-08;ZAZAHOME.ru;
2024-01-08;ZC4TM6W.ru;
2024-01-08;ZDRAVIYASTRANE.ru;
2024-01-08;ZEIGHT.ru;
2024-01-08;ZEMLYA-SMYSLOV.ru;
2024-01-08;ZEPTERRUS.ru;
2024-01-08;ZHILANIA.ru;
2024-01-08;ZHONGSHENG-GROUP.ru;
2024-01-08;ZHONGSHENGGROUP.ru;
2024-01-08;ZIBIMBAM.ru;
2024-01-08;ZIVOY.ru;
2024-01-08;ZLATA-VERA.ru;
2024-01-08;ZMK-WELD.ru;
2024-01-08;ZMK66.ru;
2024-01-08;ZNACHENIE-KLICHKI.ru;
2024-01-08;ZNAKOMLYS.ru;
2024-01-08;ZNAKOMOF.ru;
2024-01-08;ZOLOTAREVA-INTERIOR.ru;
2024-01-08;ZOLOTOVA-TOP.ru;
2024-01-08;ZOO4.ru;
2024-01-08;ZOOMOTO.ru;
2024-01-08;ZUBOVA24.ru;
2024-01-08;ZUCZUG.ru;
2024-01-08;ZUMFAP.ru;
2024-01-08;ZVEZDYVAFRIKE.ru;
2024-01-08;ZVONILENE.ru;
2024-01-08;ZXGHO.ru;
2024-01-08;ZYKOV-PHOTO.ru;
2024-01-08;ZYLT.ru;
2024-01-08;ZZARI.ru;
2024-01-09;04RU.ru;
2024-01-09;09-09.ru;
2024-01-09;090124.ru;
2024-01-09;090973-ULANOV.ru;
2024-01-09;09SLADKO.ru;
2024-01-09;0RIOFFICE.ru;
2024-01-09;1000ST.ru;
2024-01-09;1001PUZZLES.ru;
2024-01-09;100500FACTS.ru;
2024-01-09;1098.ru;
2024-01-09;11V11.ru;
2024-01-09;120-NA-80.ru;
2024-01-09;1212012.ru;
2024-01-09;13-OPERATION.ru;
2024-01-09;15FES.ru;
2024-01-09;161POTOLOK.ru;
2024-01-09;192876.ru;
2024-01-09;1C-VIT.ru;
2024-01-09;1CPPZ.ru;
2024-01-09;1CSCALE.ru;
2024-01-09;1WIN-PROMOCODES-CFD.ru;
2024-01-09;1WINSLOTS.ru;
2024-01-09;1XBET-GOOD213.ru;
2024-01-09;1XBETD.ru;
2024-01-09;1XBETNK.ru;
2024-01-09;2-HOLOP.ru;
2024-01-09;2-XOLOP.ru;
2024-01-09;2000WATT.ru;
2024-01-09;2024-GO.ru;
2024-01-09;2024CHEAPS.ru;
2024-01-09;2024CHEAPSALE.ru;
2024-01-09;2024OUTLETCHEAP.ru;
2024-01-09;2024OUTLETFACTORY.ru;
2024-01-09;207KCASINO.ru;
2024-01-09;228COM.ru;
2024-01-09;23FES.ru;
2024-01-09;24-7COM.ru;
2024-01-09;24-POTENCIYA.ru;
2024-01-09;2424-7COM.ru;
2024-01-09;24ALTERNATIVA.ru;
2024-01-09;24GOLD.ru;
2024-01-09;24MASTER-SERVICE.ru;
2024-01-09;24PROVET.ru;
2024-01-09;24TECHNOPLUS.ru;
2024-01-09;24TERMA.ru;
2024-01-09;24WISEXCHANGER.ru;
2024-01-09;258359.ru;
2024-01-09;26FES.ru;
2024-01-09;2928-CARGO.ru;
2024-01-09;2928CARGO.ru;
2024-01-09;2COMING.ru;
2024-01-09;2HOME2.ru;
2024-01-09;2WEBCO.ru;
2024-01-09;2WEBCOMPANY.ru;
2024-01-09;30FES.ru;
2024-01-09;31ZOV.ru;
2024-01-09;33733.ru;
2024-01-09;33REST.ru;
2024-01-09;33STORAGE.ru;
2024-01-09;34FES.ru;
2024-01-09;3D-DV.ru;
2024-01-09;3DESIGER.ru;
2024-01-09;41120.ru;
2024-01-09;4GAMEINN.ru;
2024-01-09;4PLAN.ru;
2024-01-09;4UBAROV.ru;
2024-01-09;61FES.ru;
2024-01-09;7-SECONDS.ru;
2024-01-09;777-PINUP702.ru;
2024-01-09;818PVV.ru;
2024-01-09;87KCASINO.ru;
2024-01-09;8ZNANII.ru;
2024-01-09;9037947323.ru;
2024-01-09;95FES.ru;
2024-01-09;96-GR.ru;
2024-01-09;9870987.ru;
2024-01-09;A-ARTYUKH.ru;
2024-01-09;A-BUDARIN.ru;
2024-01-09;A-HEAD.ru;
2024-01-09;A-IM.ru;
2024-01-09;A-KLASS-PLUS.ru;
2024-01-09;A-LENA-OK.ru;
2024-01-09;A2468L.ru;
2024-01-09;A30RETOUCH.ru;
2024-01-09;AA-T.ru;
2024-01-09;AAA-PLUS.ru;
2024-01-09;AARRIIFF.ru;
2024-01-09;ABAKOSTROMA.ru;
2024-01-09;ABDRAKHMAN.ru;
2024-01-09;ABDULAHATOV.ru;
2024-01-09;ABFURNI.ru;
2024-01-09;ABOBZAN.ru;
2024-01-09;ABOUTIQ.ru;
2024-01-09;ABRAMCHUKOVA-COPYWRITER.ru;
2024-01-09;ABSOLUTTTE.ru;
2024-01-09;ABSURDCODE.ru;
2024-01-09;ABURYJ.ru;
2024-01-09;ACADEMYFILTR.ru;
2024-01-09;ACCOUNTSBUY.ru;
2024-01-09;ACEPHYPH.ru;
2024-01-09;ACHASTOV.ru;
2024-01-09;ACHMUH.ru;
2024-01-09;ACKWINSM.ru;
2024-01-09;ACLAIRE.ru;
2024-01-09;ACTIVATOR-OFFICE.ru;
2024-01-09;ADBSALES.ru;
2024-01-09;ADEP-T.ru;
2024-01-09;ADFV.ru;
2024-01-09;ADMKOCHETOVSKOE.ru;
2024-01-09;ADRONIT.ru;
2024-01-09;ADS-DATA.ru;
2024-01-09;ADSCOLL.ru;
2024-01-09;ADVOKAT-MITINO.ru;
2024-01-09;ADWET.ru;
2024-01-09;AELITAPETROVA.ru;
2024-01-09;AERMOLITSKY.ru;
2024-01-09;AETELING.ru;
2024-01-09;AFG-MSK.ru;
2024-01-09;AFLA-VIITORUL.ru;
2024-01-09;AGASIO15.ru;
2024-01-09;AGENTCOZY.ru;
2024-01-09;AGENTGRU.ru;
2024-01-09;AGOYA.ru;
2024-01-09;AGRO-SENSOR.ru;
2024-01-09;AGROGOU.ru;
2024-01-09;AGROSENSORS.ru;
2024-01-09;AHKRASOTKA.ru;
2024-01-09;AIAIX.ru;
2024-01-09;AICORTEX.ru;
2024-01-09;AIDEVTECH.ru;
2024-01-09;AINTEGRA.ru;
2024-01-09;AINTELLECTS.ru;
2024-01-09;AIRDEVICE.ru;
2024-01-09;AIREALTOR.ru;
2024-01-09;AIRINSECURITY.ru;
2024-01-09;AIRTECHNIC.ru;
2024-01-09;AISTROKE.ru;
2024-01-09;AISYSDEV.ru;
2024-01-09;AK84.ru;
2024-01-09;AKADEMIA-OBRAZOVANIE.ru;
2024-01-09;AKARAVAEV.ru;
2024-01-09;AKB-DLYA-AVTO.ru;
2024-01-09;AKINFERB.ru;
2024-01-09;AKKUMULYATORNAYA-MINI-PILA.ru;
2024-01-09;AKSANAKA.ru;
2024-01-09;AKSENTEHNO.ru;
2024-01-09;AKVIL69.ru;
2024-01-09;AKYUZOTO1967.ru;
2024-01-09;AL-AMIRKHANYAN.ru;
2024-01-09;AL-TOURS.ru;
2024-01-09;ALBRANT1.ru;
2024-01-09;ALCODOSTAVKACLUB1210.ru;
2024-01-09;ALCODOSTAVKASHOP1218.ru;
2024-01-09;ALEBOOSTER.ru;
2024-01-09;ALEGKIJ.ru;
2024-01-09;ALEKS7549.ru;
2024-01-09;ALEKSAKN.ru;
2024-01-09;ALEKSEENKO-ROMA.ru;
2024-01-09;ALEKSEY-NEMOV.ru;
2024-01-09;ALEKSEYSHEVCHENKO.ru;
2024-01-09;ALEMINTIS.ru;
2024-01-09;ALENA-REDREEVA.ru;
2024-01-09;ALENAKOPYLOVA.ru;
2024-01-09;ALEROLS.ru;
2024-01-09;ALETOPUS.ru;
2024-01-09;ALEXANDRMAXIUTA.ru;
2024-01-09;ALEXEV.ru;
2024-01-09;ALEXEYKHROMOFF.ru;
2024-01-09;ALEXPOD.ru;
2024-01-09;ALFADEBETCARD.ru;
2024-01-09;ALFAFORYMAGENT.ru;
2024-01-09;ALINA-STORIES.ru;
2024-01-09;ALINADROFEEVA.ru;
2024-01-09;ALINAEFREMOVA.ru;
2024-01-09;ALIRA-FORMULA.ru;
2024-01-09;ALIRAFORMULA.ru;
2024-01-09;ALISA1511.ru;
2024-01-09;ALISA23.ru;
2024-01-09;ALISAPROSEX.ru;
2024-01-09;ALIVIN.ru;
2024-01-09;ALKIREEV.ru;
2024-01-09;ALL2024PRZ.ru;
2024-01-09;ALLAGUZOVA.ru;
2024-01-09;ALLAMOS.ru;
2024-01-09;ALLCHATBOT.ru;
2024-01-09;ALLMODDB.ru;
2024-01-09;ALLPROMOKODS.ru;
2024-01-09;ALLTHEMEBEL.ru;
2024-01-09;ALOKOLS.ru;
2024-01-09;ALQADY.ru;
2024-01-09;ALTAIKRAI22.ru;
2024-01-09;ALTTOBACCO.ru;
2024-01-09;ALUMASTERS.ru;
2024-01-09;AMAKSIMEN.ru;
2024-01-09;AMALAFRUIT.ru;
2024-01-09;AMALYUKOV.ru;
2024-01-09;AMAMIN.ru;
2024-01-09;AMAZONIA-GROUP.ru;
2024-01-09;AMAZONIAGROUP.ru;
2024-01-09;AMBSENMOS.ru;
2024-01-09;AMGT-HOUSE.ru;
2024-01-09;AMIRBEKOV-1.ru;
2024-01-09;AMIRGARIPOV.ru;
2024-01-09;AMOREES.ru;
2024-01-09;AMOTYAKOV.ru;
2024-01-09;AMPARO196.ru;
2024-01-09;AMULET-NAKONECHNIK-FREYI.ru;
2024-01-09;AMYSLIK.ru;
2024-01-09;AMZIN1.ru;
2024-01-09;AN-FM.ru;
2024-01-09;AN-TANDEM.ru;
2024-01-09;ANANASART.ru;
2024-01-09;ANANASDOM.ru;
2024-01-09;ANARCHY-LEGEND.ru;
2024-01-09;ANASTASIASTEPANOVA.ru;
2024-01-09;ANASTASIELIEVRE.ru;
2024-01-09;ANASTTECH.ru;
2024-01-09;ANATOLII-RS.ru;
2024-01-09;ANCELYNN.ru;
2024-01-09;ANDRE-PAVLOV.ru;
2024-01-09;ANDROSOVACOACH.ru;
2024-01-09;ANDRU44.ru;
2024-01-09;ANDRUSHIN.ru;
2024-01-09;ANFEDOTOVDESIGN.ru;
2024-01-09;ANIKINA009.ru;
2024-01-09;ANIKINAKM59.ru;
2024-01-09;ANISSOVI.ru;
2024-01-09;ANKETA-OPEN.ru;
2024-01-09;ANKETA-YCLYG.ru;
2024-01-09;ANNA-ALEHINA.ru;
2024-01-09;ANNA-IGOREVN.ru;
2024-01-09;ANNA-SYSOEVA.ru;
2024-01-09;ANNA21127-1.ru;
2024-01-09;ANNAFURSOVA.ru;
2024-01-09;ANNAHARITONOVA.ru;
2024-01-09;ANNALIBINA.ru;
2024-01-09;ANNAMAKSIMENKO.ru;
2024-01-09;ANONASLEDIE-KRSK.ru;
2024-01-09;ANTDATACENTER.ru;
2024-01-09;ANTICHRIST666.ru;
2024-01-09;ANTIFARA.ru;
2024-01-09;ANTIFRAUDSTER.ru;
2024-01-09;ANTIPINA-SOROKINA.ru;
2024-01-09;ANTIWES.ru;
2024-01-09;ANTONBATUEV.ru;
2024-01-09;ANTOS1996.ru;
2024-01-09;ANTX24GO.ru;
2024-01-09;ANYKEYMAN.ru;
2024-01-09;ANYMONEYBOT.ru;
2024-01-09;AOC-DELL-HP.ru;
2024-01-09;AOCDELLHP.ru;
2024-01-09;AODOEVSKY.ru;
2024-01-09;APEXMINE.ru;
2024-01-09;APIDB.ru;
2024-01-09;APP74.ru;
2024-01-09;APPARATY-SVARKA.ru;
2024-01-09;APPARC.ru;
2024-01-09;APPS-NODE.ru;
2024-01-09;APTEKAGO-RABOTA.ru;
2024-01-09;APUSHKA55.ru;
2024-01-09;ARBITSCANNER.ru;
2024-01-09;ARCHIMUSEUM.ru;
2024-01-09;ARCPLAY.ru;
2024-01-09;ARCVIKVEDUNIA.ru;
2024-01-09;ARD3Y.ru;
2024-01-09;ARENDA-KRANA24.ru;
2024-01-09;ARGORN.ru;
2024-01-09;ARKHYZ-KURORT.ru;
2024-01-09;ARKTIKA77R.ru;
2024-01-09;ARMANLIGHT.ru;
2024-01-09;ARMBRANDY.ru;
2024-01-09;AROMAVOLNY.ru;
2024-01-09;AROMYVOLNY.ru;
2024-01-09;ARONOVASK.ru;
2024-01-09;ART-ACADEMY-DAR.ru;
2024-01-09;ART-NOTA.ru;
2024-01-09;ARTBUDO-HOUSE.ru;
2024-01-09;ARTDIZAINMSK.ru;
2024-01-09;ARTEMBIYAK.ru;
2024-01-09;ARTEX-CREDIT.ru;
2024-01-09;ARTKARAMBA.ru;
2024-01-09;ARTKIDS-WEAR.ru;
2024-01-09;ARTKIDSWEAR.ru;
2024-01-09;ARTPUSHKIN.ru;
2024-01-09;ARTS-MIND.ru;
2024-01-09;ARTURFEDENEV.ru;
2024-01-09;ARZCOUNTRY.ru;
2024-01-09;ASFANDESIGN.ru;
2024-01-09;ASHABRUKOV.ru;
2024-01-09;ASHAFEEVA.ru;
2024-01-09;ASHEPUROV.ru;
2024-01-09;ASIKLEM.ru;
2024-01-09;ASIZONENKO.ru;
2024-01-09;ASKTARO.ru;
2024-01-09;ASKTUT-OTVET.ru;
2024-01-09;ASKTUT-VOPROS.ru;
2024-01-09;ASMORGUN.ru;
2024-01-09;ASSANELORA.ru;
2024-01-09;ASSIDEI.ru;
2024-01-09;ASTRAAMOVSKOE.ru;
2024-01-09;ASTRACENTR.ru;
2024-01-09;ASTRODOBROO.ru;
2024-01-09;ASTROMAPS.ru;
2024-01-09;ATISHKIN.ru;
2024-01-09;ATMANSKII.ru;
2024-01-09;ATMOSPH.ru;
2024-01-09;ATN-SERVICES.ru;
2024-01-09;ATOM-SM.ru;
2024-01-09;ATOMIC-BEAM.ru;
2024-01-09;ATOMY-SHOP.ru;
2024-01-09;ATROYANOVSKAYA.ru;
2024-01-09;ATTRACTIONSCRIMEA.ru;
2024-01-09;AUDIOBOOK-S.ru;
2024-01-09;AUDITBFO.ru;
2024-01-09;AUHOVA.ru;
2024-01-09;AURORA-38.ru;
2024-01-09;AURUM-CRUISE.ru;
2024-01-09;AUSIK.ru;
2024-01-09;AUTHMALL.ru;
2024-01-09;AUTO-INEWS.ru;
2024-01-09;AUTOAITO.ru;
2024-01-09;AUTOCHECKPOINT.ru;
2024-01-09;AUTOLIN.ru;
2024-01-09;AV-STM-OLD.ru;
2024-01-09;AV-VOLKOV.ru;
2024-01-09;AVERYANOW.ru;
2024-01-09;AVITOLOG-KO.ru;
2024-01-09;AVTO-EXPERTIZA360.ru;
2024-01-09;AVTO-LED-FOX.ru;
2024-01-09;AVTOBAFERI.ru;
2024-01-09;AVTOBUY96.ru;
2024-01-09;AVTOKALITKA.ru;
2024-01-09;AVTOMIRAGE.ru;
2024-01-09;AVTOMOBILEPORTAL.ru;
2024-01-09;AVTOPLUSE.ru;
2024-01-09;AVTOSERVIS-TOCHKA.ru;
2024-01-09;AVTOSERVISOTADOIA.ru;
2024-01-09;AWNQUOTED.ru;
2024-01-09;AXE-BOARD.ru;
2024-01-09;AXE-KIREEVA.ru;
2024-01-09;AYKA-YANDEX.ru;
2024-01-09;AYKINE.ru;
2024-01-09;AZELENKOVA.ru;
2024-01-09;AZINO777-7TELL.ru;
2024-01-09;AZINO777-7THEY.ru;
2024-01-09;AZINO777-7TO7.ru;
2024-01-09;AZINO777-BONUS7.ru;
2024-01-09;AZINO777-CASINO-PRO.ru;
2024-01-09;AZINO777-CAZINO.ru;
2024-01-09;AZINO777-CAZINOPAYZ.ru;
2024-01-09;AZINO777-COM5.ru;
2024-01-09;AZINO777-E.ru;
2024-01-09;AZINO777-GAME.ru;
2024-01-09;AZINO777-GET-BONUS.ru;
2024-01-09;AZINO777-GOU.ru;
2024-01-09;AZINO777-KASINOPLAY.ru;
2024-01-09;AZINO777-KAZINO16.ru;
2024-01-09;AZINO777-MO9.ru;
2024-01-09;AZINO777-NY.ru;
2024-01-09;AZINO777-OFICIALNIY-MOBBILNAYA.ru;
2024-01-09;AZINO777-OFICIALNIY-SITE-MOBBILNAYA.ru;
2024-01-09;AZINO777-ORIGINAL.ru;
2024-01-09;AZINO777-REGGISTRACIYA.ru;
2024-01-09;AZINO777-REGISTRACIJA.ru;
2024-01-09;AZINO777-SAYT.ru;
2024-01-09;AZINO777-TOPCAZINO.ru;
2024-01-09;AZINO777-TOPSITE.ru;
2024-01-09;AZINO777-XXL.ru;
2024-01-09;AZINO777-ZERKALO.ru;
2024-01-09;AZINO777-ZERKALO777.ru;
2024-01-09;AZINO777CASINOCASH.ru;
2024-01-09;AZINO777KAZINOSHKA131.ru;
2024-01-09;AZINO777KAZINOSHKA21.ru;
2024-01-09;AZINO777ONILNE.ru;
2024-01-09;AZINO777WINMONEY.ru;
2024-01-09;AZINOWINCASINO.ru;
2024-01-09;AZSDLYASVOIH.ru;
2024-01-09;AZUCAR.ru;
2024-01-09;B-BO.ru;
2024-01-09;B-MV.ru;
2024-01-09;B4-GROUP.ru;
2024-01-09;BABUSHARA.ru;
2024-01-09;BAELBRAND.ru;
2024-01-09;BAFFTYU3.ru;
2024-01-09;BAGRYANTSEVD.ru;
2024-01-09;BALIMA.ru;
2024-01-09;BALOROV.ru;
2024-01-09;BALTENSOUL.ru;
2024-01-09;BANANBERRY.ru;
2024-01-09;BAND-HOST.ru;
2024-01-09;BANK-AKBARS.ru;
2024-01-09;BANK-PSB.ru;
2024-01-09;BANTIKO.ru;
2024-01-09;BARASHKO78.ru;
2024-01-09;BARBARA-PSY.ru;
2024-01-09;BARBER-COSMETIC.ru;
2024-01-09;BARBERINVEST.ru;
2024-01-09;BARBERSHOP-KIROV.ru;
2024-01-09;BARBERSHOPFAVORIT.ru;
2024-01-09;BASHHIMTRANS.ru;
2024-01-09;BASMAKSOV-PRO.ru;
2024-01-09;BATINO.ru;
2024-01-09;BATONCLEANING.ru;
2024-01-09;BAVSTUDIO.ru;
2024-01-09;BAYON-BARNAUL22.ru;
2024-01-09;BAZA412.ru;
2024-01-09;BAZHENOV-MEBEL.ru;
2024-01-09;BBELYJ.ru;
2024-01-09;BCS54.ru;
2024-01-09;BEADSCHEME.ru;
2024-01-09;BEAUTEKBEAUTY.ru;
2024-01-09;BEAUTY-ACADEMY-D.ru;
2024-01-09;BEAUTY-STYLING.ru;
2024-01-09;BEAUTYPAD.ru;
2024-01-09;BEAUTYWEBINAR.ru;
2024-01-09;BEDLINGTONTERRIER.ru;
2024-01-09;BEKETOV-1.ru;
2024-01-09;BELACHEV.ru;
2024-01-09;BELAJA-TOP.ru;
2024-01-09;BELKAPLAY.ru;
2024-01-09;BELLEDARSALON.ru;
2024-01-09;BELOSNOFF.ru;
2024-01-09;BELOUSOV36.ru;
2024-01-09;BELOVEDGOD.ru;
2024-01-09;BELOVLIVE.ru;
2024-01-09;BELTCRAFTERS.ru;
2024-01-09;BELUGA68.ru;
2024-01-09;BELYNKA27.ru;
2024-01-09;BENNIBA.ru;
2024-01-09;BENTGLASS.ru;
2024-01-09;BEREZA777.ru;
2024-01-09;BEREZKAPOLSKA.ru;
2024-01-09;BERHIKK.ru;
2024-01-09;BERLINPOST.ru;
2024-01-09;BERRYPHONE.ru;
2024-01-09;BESSMERTNYKH.ru;
2024-01-09;BEST-ENGINEER.ru;
2024-01-09;BEST-LINKS.ru;
2024-01-09;BEST2024CHEAP.ru;
2024-01-09;BEST2024FACTORY.ru;
2024-01-09;BESTCOURSES1C.ru;
2024-01-09;BESTFORECAST.ru;
2024-01-09;BESTN2024X.ru;
2024-01-09;BETON-SPB-MONOLIT.ru;
2024-01-09;BETON-V-SIMFEROPOLE.ru;
2024-01-09;BEZDEPOZZ.ru;
2024-01-09;BFL-KLIENT2024.ru;
2024-01-09;BFPLAST.ru;
2024-01-09;BG-SHELDYAEV.ru;
2024-01-09;BHSONXILSLIN.ru;
2024-01-09;BIFMARKET.ru;
2024-01-09;BIFPRAVO.ru;
2024-01-09;BIG-DATA-LEADS.ru;
2024-01-09;BIG-GREENEGG.ru;
2024-01-09;BIGDONGMONKEYKONG.ru;
2024-01-09;BILETOTIVLEEVOY.ru;
2024-01-09;BINARIUM-BONUS.ru;
2024-01-09;BINARIUM-FORUM.ru;
2024-01-09;BINARIUM-MEDIA.ru;
2024-01-09;BINARIUM-MOBI.ru;
2024-01-09;BINARIUM-TRADER.ru;
2024-01-09;BINARIUM-TRADING.ru;
2024-01-09;BINGO2024X.ru;
2024-01-09;BIOLARLABS.ru;
2024-01-09;BISWIND.ru;
2024-01-09;BIT-HOST.ru;
2024-01-09;BITDO.ru;
2024-01-09;BIYADI.ru;
2024-01-09;BIZCLASH.ru;
2024-01-09;BIZIIPACK.ru;
2024-01-09;BIZNES-SEGODNYA.ru;
2024-01-09;BK-SERVICES.ru;
2024-01-09;BLACK-KLIGAN.ru;
2024-01-09;BLACK-WHITE-PROJECT.ru;
2024-01-09;BLACKSPRUTS-COM.ru;
2024-01-09;BLACKSPRUTZ.ru;
2024-01-09;BLATNOYMARKET.ru;
2024-01-09;BLIPART.ru;
2024-01-09;BLOG-WORLD.ru;
2024-01-09;BLOOMEESH.ru;
2024-01-09;BMRU8.ru;
2024-01-09;BNB-GIFT.ru;
2024-01-09;BOARD-WAR.ru;
2024-01-09;BOB-CASINO2024.ru;
2024-01-09;BOBOTLE.ru;
2024-01-09;BOGATOV-MEBEL.ru;
2024-01-09;BOGATSKIY-VB.ru;
2024-01-09;BOLSHE-NE-PLACHY-DOLG24.ru;
2024-01-09;BONDDI.ru;
2024-01-09;BONUS-FS.ru;
2024-01-09;BONUSSGOQ.ru;
2024-01-09;BONUSSGOT.ru;
2024-01-09;BONUSSGOW.ru;
2024-01-09;BOOMCS.ru;
2024-01-09;BOOMSTARK.ru;
2024-01-09;BOOST-JET.ru;
2024-01-09;BOOSTJET.ru;
2024-01-09;BORK-SERVICE.ru;
2024-01-09;BORODINIV.ru;
2024-01-09;BORWALD.ru;
2024-01-09;BOSCH-SERVISE.ru;
2024-01-09;BOSSREMONT.ru;
2024-01-09;BOT-PROFI.ru;
2024-01-09;BOTPROFI.ru;
2024-01-09;BOXED-MAIL.ru;
2024-01-09;BOYBLG.ru;
2024-01-09;BOYKACAMP.ru;
2024-01-09;BOZHEN.ru;
2024-01-09;BRACESNVRS.ru;
2024-01-09;BRAINFREE.ru;
2024-01-09;BRANCHCORE.ru;
2024-01-09;BRANDING-KRASNODAR.ru;
2024-01-09;BRANDNA.ru;
2024-01-09;BRANDZA.ru;
2024-01-09;BRAVO77.ru;
2024-01-09;BREEZE-O.ru;
2024-01-09;BREMENSKIEMUZIKANE.ru;
2024-01-09;BREMENSKIEMUZIKANTE.ru;
2024-01-09;BREMENSKIEMUZYKANTY-2024.ru;
2024-01-09;BREMENSKIEMUZYKANTY2026.ru;
2024-01-09;BRIPA.ru;
2024-01-09;BRNCARECARENT.ru;
2024-01-09;BRONZE-ME.ru;
2024-01-09;BROOKROMAN.ru;
2024-01-09;BROTHER-SERVICE.ru;
2024-01-09;BRUNDAKOV.ru;
2024-01-09;BRUS-KLEENI.ru;
2024-01-09;BRUSKLEENI.ru;
2024-01-09;BU1LD4H0ME.ru;
2024-01-09;BU1LD4H0USE.ru;
2024-01-09;BUBNOVSKIIMED.ru;
2024-01-09;BUBNOVSKIYMED.ru;
2024-01-09;BUDETGLADKO.ru;
2024-01-09;BUEVICHMA.ru;
2024-01-09;BUH-OBSLUZHIVANIE.ru;
2024-01-09;BUILD4YOUHOME.ru;
2024-01-09;BUILDH0ME2YOU.ru;
2024-01-09;BUILDHOME4YOU.ru;
2024-01-09;BUILDING-DISCOUNTER.ru;
2024-01-09;BUK-1WIN.ru;
2024-01-09;BUK-AM.ru;
2024-01-09;BULSCHOOL.ru;
2024-01-09;BUNDESTAG-POST.ru;
2024-01-09;BURENIE-TOCHKA.ru;
2024-01-09;BYBLOOM.ru;
2024-01-09;BYCARE.ru;
2024-01-09;BYKOVDMITRY.ru;
2024-01-09;BYKOVSKAYA-ECOM.ru;
2024-01-09;BYTEBUZZ.ru;
2024-01-09;BYTOVO-4-KA.ru;
2024-01-09;BYTRADING.ru;
2024-01-09;C0RSID.ru;
2024-01-09;CAIMAN-TORG.ru;
2024-01-09;CAKA1994.ru;
2024-01-09;CAR-SPARS.ru;
2024-01-09;CAR-TRUCK.ru;
2024-01-09;CAREERPATHS.ru;
2024-01-09;CARGO2928.ru;
2024-01-09;CARGOSTARS.ru;
2024-01-09;CARLBUCH.ru;
2024-01-09;CARNAGENEWS.ru;
2024-01-09;CARNED.ru;
2024-01-09;CARP-DIVIZION.ru;
2024-01-09;CARPDIVIZION.ru;
2024-01-09;CARRY24XL.ru;
2024-01-09;CARS-NAME.ru;
2024-01-09;CARSTIRE.ru;
2024-01-09;CASH-STR.ru;
2024-01-09;CASHAYLA.ru;
2024-01-09;CASHEW-STUDIO.ru;
2024-01-09;CASHGUY.ru;
2024-01-09;CASHKITIK.ru;
2024-01-09;CASHYBONUS.ru;
2024-01-09;CASINO-PINUP-BET-7.ru;
2024-01-09;CASINO-PINUP777.ru;
2024-01-09;CASINOPINUP-NEW.ru;
2024-01-09;CASINOPINUP-PAYZ.ru;
2024-01-09;CASSA-POOLS.ru;
2024-01-09;CATALOG-SLIVOV.ru;
2024-01-09;CATBASE.ru;
2024-01-09;CATH-ANA.ru;
2024-01-09;CATHANA.ru;
2024-01-09;CAZINOWINBABLO.ru;
2024-01-09;CBER-ANKETA.ru;
2024-01-09;CCLARISSSA.ru;
2024-01-09;CD-COOL.ru;
2024-01-09;CDREVFR.ru;
2024-01-09;CDSPACE.ru;
2024-01-09;CELEBRITYFLOWERS.ru;
2024-01-09;CELYNNETTE.ru;
2024-01-09;CENA-KACHESTVO.ru;
2024-01-09;CENA-REMONTA.ru;
2024-01-09;CERAMIC43.ru;
2024-01-09;CERTIFICADOS.ru;
2024-01-09;CF-DEVICE.ru;
2024-01-09;CFUWEDDING.ru;
2024-01-09;CG95897.ru;
2024-01-09;CHANDRATRIBE.ru;
2024-01-09;CHAPAROV.ru;
2024-01-09;CHATSELL.ru;
2024-01-09;CHEAP2024SALES.ru;
2024-01-09;CHEAPSTORE2024.ru;
2024-01-09;CHEHOL-AVTO.ru;
2024-01-09;CHEHOVA4.ru;
2024-01-09;CHEHOVCLUB.ru;
2024-01-09;CHEK-GOOD.ru;
2024-01-09;CHERLOG.ru;
2024-01-09;CHERNOSVITOV.ru;
2024-01-09;CHESNOKS.ru;
2024-01-09;CHILLAX-OFFICIAL.ru;
2024-01-09;CHINA-CONF.ru;
2024-01-09;CHIPICHAPA.ru;
2024-01-09;CHIROVA.ru;
2024-01-09;CHISTO-MSK.ru;
2024-01-09;CHISTOTAVEZDE.ru;
2024-01-09;CHRONOFILE.ru;
2024-01-09;CHTOPLISNILOS.ru;
2024-01-09;CHUNTIAN58.ru;
2024-01-09;CINCHONA.ru;
2024-01-09;CINCHONA-TONIC.ru;
2024-01-09;CITY-SEVER.ru;
2024-01-09;CITYBAY-MOSCOW.ru;
2024-01-09;CL-CONNECT.ru;
2024-01-09;CLICK-MONEY-2024.ru;
2024-01-09;CLICK-MONEY2024.ru;
2024-01-09;CLIMATE-MSK.ru;
2024-01-09;CLINICA-LOR.ru;
2024-01-09;CLINIKSTOM.ru;
2024-01-09;CLOUD-MALL.ru;
2024-01-09;CLUBS-BEAUTY.ru;
2024-01-09;CNDONGAN.ru;
2024-01-09;CNPOTOLOK.ru;
2024-01-09;CNRFLEX.ru;
2024-01-09;COACHING-PROF.ru;
2024-01-09;CODEXGRIEF.ru;
2024-01-09;CODREANU.ru;
2024-01-09;COFEVN.ru;
2024-01-09;COFFEE-VIETNAM.ru;
2024-01-09;COFFEE-VN.ru;
2024-01-09;COFFEEVIETNAM.ru;
2024-01-09;COGNITRON.ru;
2024-01-09;COGNITRONIX.ru;
2024-01-09;COINCASA.ru;
2024-01-09;COINTRUE.ru;
2024-01-09;COLLOIDLAB.ru;
2024-01-09;COLORIT3.ru;
2024-01-09;COMFORT-SEA.ru;
2024-01-09;COMPLINETEAM.ru;
2024-01-09;CONDITIONER-SOCHI.ru;
2024-01-09;CONTESTCONCURS.ru;
2024-01-09;CONTRABANDACOFFEE.ru;
2024-01-09;CORPACHI.ru;
2024-01-09;CORTEXCORE.ru;
2024-01-09;COSMIX24PRZ.ru;
2024-01-09;COSMPROM.ru;
2024-01-09;COUCH-SAMARA.ru;
2024-01-09;COURSES1C.ru;
2024-01-09;CRAFOR-SEAT.ru;
2024-01-09;CRAFTIO.ru;
2024-01-09;CRAFTTOPIA.ru;
2024-01-09;CRB-P.ru;
2024-01-09;CREDIT-MASS.ru;
2024-01-09;CRISTAL-DURSO.ru;
2024-01-09;CRISTALDURSO.ru;
2024-01-09;CRITSUP.ru;
2024-01-09;CROSSTRACK.ru;
2024-01-09;CRYPTANIKA.ru;
2024-01-09;CRYPTOLIFES.ru;
2024-01-09;CRYSTALBRACELET.ru;
2024-01-09;CS-GOTOUR.ru;
2024-01-09;CS-SBORKA.ru;
2024-01-09;CSGO-TOURS.ru;
2024-01-09;CTIPBLEY.ru;
2024-01-09;CURRENCYCOVE.ru;
2024-01-09;CYBERDOMESECURITY.ru;
2024-01-09;CYBERTRUSTSECURITY.ru;
2024-01-09;CYBORGKILLER.ru;
2024-01-09;D-EKIMOV.ru;
2024-01-09;D0MBU1ILD.ru;
2024-01-09;D1ANAS2015.ru;
2024-01-09;DADDYYZ.ru;
2024-01-09;DAHMIRA-VPN.ru;
2024-01-09;DAKASKAS3.ru;
2024-01-09;DALIDENGI.ru;
2024-01-09;DAMACUAE.ru;
2024-01-09;DANIELS-1.ru;
2024-01-09;DANIIL-ZOLOTOV.ru;
2024-01-09;DANIILR1DY.ru;
2024-01-09;DANILAZORIN.ru;
2024-01-09;DANVALVE-REMONT.ru;
2024-01-09;DARIA-CHURSOVA.ru;
2024-01-09;DARIA-MEZENTSEVA.ru;
2024-01-09;DARKFUSION2024.ru;
2024-01-09;DARKMOON12.ru;
2024-01-09;DASHASBIRTHDAY.ru;
2024-01-09;DATABYTES.ru;
2024-01-09;DATADEVLAB.ru;
2024-01-09;DATAINFOFAIL.ru;
2024-01-09;DATALECT.ru;
2024-01-09;DATALECTIC.ru;
2024-01-09;DATALEKT.ru;
2024-01-09;DATALEKTIK.ru;
2024-01-09;DATATRONIX.ru;
2024-01-09;DATING-NT.ru;
2024-01-09;DAVIDJAN.ru;
2024-01-09;DAVYDCHENKO.ru;
2024-01-09;DBAUTORENT.ru;
2024-01-09;DBBYKOV.ru;
2024-01-09;DCHERDAKOV.ru;
2024-01-09;DD-KUPOL.ru;
2024-01-09;DDAPARTS.ru;
2024-01-09;DEANNER.ru;
2024-01-09;DEBET-ROSBANK.ru;
2024-01-09;DECISION-LAB.ru;
2024-01-09;DECOR-FARFOR.ru;
2024-01-09;DECORFARFOR.ru;
2024-01-09;DECORSTONEFORUS.ru;
2024-01-09;DEDAL-SERVICES.ru;
2024-01-09;DEDJURINA.ru;
2024-01-09;DEKART-S.ru;
2024-01-09;DEKATERINA.ru;
2024-01-09;DELE-BEAUTY-STUDIO.ru;
2024-01-09;DELHI-BANK.ru;
2024-01-09;DELHIBANK.ru;
2024-01-09;DELIVERY-18273.ru;
2024-01-09;DELIVERY-6457.ru;
2024-01-09;DELIVERY-93847.ru;
2024-01-09;DELIVERY-ORDER3615.ru;
2024-01-09;DELIVERY-ORDER9105.ru;
2024-01-09;DELIVERY220.ru;
2024-01-09;DELO-STROI.ru;
2024-01-09;DELO-STROI-FAB.ru;
2024-01-09;DELO-STROI-FABRIC.ru;
2024-01-09;DELO-STROI-FABRICA.ru;
2024-01-09;DELO-STROY-FAB.ru;
2024-01-09;DELO-STROY-FABRIC.ru;
2024-01-09;DELO-STROY-FABRICA.ru;
2024-01-09;DELO89.ru;
2024-01-09;DELOSTROIFAB.ru;
2024-01-09;DELOSTROIFABRIC.ru;
2024-01-09;DELOSTROIFABRICA.ru;
2024-01-09;DELOSTROYFAB.ru;
2024-01-09;DELOSTROYFABRIC.ru;
2024-01-09;DELOSTROYFABRICA.ru;
2024-01-09;DELTICO.ru;
2024-01-09;DELUPER.ru;
2024-01-09;DELYAGINA.ru;
2024-01-09;DEMOGRINC.ru;
2024-01-09;DEN-PELMEN.ru;
2024-01-09;DEN90.ru;
2024-01-09;DENEGA.ru;
2024-01-09;DENISDEKOR.ru;
2024-01-09;DENISPALYCHK.ru;
2024-01-09;DENISSMORCHKOV.ru;
2024-01-09;DENN-RUS.ru;
2024-01-09;DENON-SERVICES.ru;
2024-01-09;DENPR.ru;
2024-01-09;DENTALSUMMIT.ru;
2024-01-09;DEPIRO.ru;
2024-01-09;DEREVNYABU.ru;
2024-01-09;DERVOED.ru;
2024-01-09;DESERTIKGEKKON.ru;
2024-01-09;DESIGN-HOME-STUDIO.ru;
2024-01-09;DESIGNHOFD.ru;
2024-01-09;DET12SAD.ru;
2024-01-09;DEUTSCHIK.ru;
2024-01-09;DEV-IQ.ru;
2024-01-09;DEV-NIKOLS.ru;
2024-01-09;DEV-PS.ru;
2024-01-09;DEZCOMPANY1.ru;
2024-01-09;DEZKRAS.ru;
2024-01-09;DG-GD.ru;
2024-01-09;DI-OILS.ru;
2024-01-09;DIANAGULYAN.ru;
2024-01-09;DIETA-NEIROS.ru;
2024-01-09;DIGMA-SERVICE.ru;
2024-01-09;DILSU.ru;
2024-01-09;DINADIANA.ru;
2024-01-09;DIPLOMAX-RUSS.ru;
2024-01-09;DIPLOMX-40.ru;
2024-01-09;DISHK.ru;
2024-01-09;DISPUTES-MEMBER.ru;
2024-01-09;DISSERC.ru;
2024-01-09;DISTECHNOLOGY.ru;
2024-01-09;DIVINE--FORTUNE.ru;
2024-01-09;DIVINE-DESIGN.ru;
2024-01-09;DIVMARE.ru;
2024-01-09;DIZ-ST.ru;
2024-01-09;DJBAXTON.ru;
2024-01-09;DJPLOMX-V-BRYANSKE.ru;
2024-01-09;DJPX-RUSSIA.ru;
2024-01-09;DKA1221.ru;
2024-01-09;DKLOPOV.ru;
2024-01-09;DLE-STORE.ru;
2024-01-09;DM-SUPPLY.ru;
2024-01-09;DM59.ru;
2024-01-09;DMIHEEVA.ru;
2024-01-09;DMITRIYEWICH.ru;
2024-01-09;DMORAN-WIKI.ru;
2024-01-09;DNDMOTO.ru;
2024-01-09;DOBR-DOM.ru;
2024-01-09;DOBROV-1.ru;
2024-01-09;DOC-MIKHEEV.ru;
2024-01-09;DOCDI.ru;
2024-01-09;DOCS-MAILER.ru;
2024-01-09;DOCSGO-WORK.ru;
2024-01-09;DOCTODI.ru;
2024-01-09;DOCUSIGN-E-SIGN.ru;
2024-01-09;DOLG24-STOP.ru;
2024-01-09;DOLGA24-NET.ru;
2024-01-09;DOLGREGION.ru;
2024-01-09;DOLPOLICE.ru;
2024-01-09;DOLYANAD.ru;
2024-01-09;DOMINION-1.ru;
2024-01-09;DOMOFON-RF.ru;
2024-01-09;DOMPPAY.ru;
2024-01-09;DOMRU-TARIF.ru;
2024-01-09;DON91.ru;
2024-01-09;DONATBRAWL.ru;
2024-01-09;DONESTUDIO.ru;
2024-01-09;DONGFENG-RUSSIA.ru;
2024-01-09;DONNICLINIC.ru;
2024-01-09;DOSTAVKA-4579.ru;
2024-01-09;DOSTAVKA-ID89374.ru;
2024-01-09;DOSTAVKA-ID93485.ru;
2024-01-09;DOSUG-SERPUHOV.ru;
2024-01-09;DOVERIE-BEZDOLGOV.ru;
2024-01-09;DOZKER.ru;
2024-01-09;DPARF.ru;
2024-01-09;DPETIN.ru;
2024-01-09;DPOLSKIH.ru;
2024-01-09;DR-AI.ru;
2024-01-09;DR-VOROPAEVA.ru;
2024-01-09;DRAG-OSTIN.ru;
2024-01-09;DRAGOSTIN.ru;
2024-01-09;DRAKKAR-PARTS.ru;
2024-01-09;DRANDA.ru;
2024-01-09;DRDURINYAN.ru;
2024-01-09;DREGANI.ru;
2024-01-09;DREIKA150.ru;
2024-01-09;DRESSENSE.ru;
2024-01-09;DRIP-CASINO-TOP4.ru;
2024-01-09;DRIPZONE.ru;
2024-01-09;DROBYSHEVA-1.ru;
2024-01-09;DRONPARK.ru;
2024-01-09;DROZDOV88.ru;
2024-01-09;DRTLETSERI.ru;
2024-01-09;DS53-KMS.ru;
2024-01-09;DSICI.ru;
2024-01-09;DSRGVCH.ru;
2024-01-09;DSTOROZHKO.ru;
2024-01-09;DTP-SIMF.ru;
2024-01-09;DTRANS-1.ru;
2024-01-09;DUBITSKAIA.ru;
2024-01-09;DUCK--CASINO2024.ru;
2024-01-09;DULUTHONLINE.ru;
2024-01-09;DUO2024GIFT.ru;
2024-01-09;DVATRITONA.ru;
2024-01-09;DVERIGRANIT-MOSKVA.ru;
2024-01-09;DVOINOIMINIBRUS.ru;
2024-01-09;DVTRAIN.ru;
2024-01-09;DW-HOWER.ru;
2024-01-09;DWHOWER.ru;
2024-01-09;DX2024.ru;
2024-01-09;DYSON-SERVISES.ru;
2024-01-09;E-KASATKINA.ru;
2024-01-09;E-MAIL-CLOUD.ru;
2024-01-09;E-OSAGO-RF.ru;
2024-01-09;E-VGGU.ru;
2024-01-09;EA1982.ru;
2024-01-09;EARKHIPOVA.ru;
2024-01-09;EARNINGSCHEME.ru;
2024-01-09;EASYDELL.ru;
2024-01-09;EATTHEMUSEUM.ru;
2024-01-09;EBALLS.ru;
2024-01-09;EBEDULEVA.ru;
2024-01-09;EBELONOGOVA.ru;
2024-01-09;ECO24-7.ru;
2024-01-09;ECOPASTILA.ru;
2024-01-09;ECORACK.ru;
2024-01-09;ECOSTELLAZ.ru;
2024-01-09;EDENTOURS.ru;
2024-01-09;EDUARD-SOFTWARE.ru;
2024-01-09;EDURZN.ru;
2024-01-09;EFIMOVABUH.ru;
2024-01-09;EG-BLOG.ru;
2024-01-09;EG-CAFE.ru;
2024-01-09;EG-RECIPE.ru;
2024-01-09;EG-RESTAURANT.ru;
2024-01-09;EG-TC.ru;
2024-01-09;EGE-ONLINE-SHKOLA.ru;
2024-01-09;EGGGREENBIG.ru;
2024-01-09;EGIAZ.ru;
2024-01-09;EGLORK.ru;
2024-01-09;EGO2734.ru;
2024-01-09;EGOLTSEVA.ru;
2024-01-09;EGOR-DESIGN.ru;
2024-01-09;EGOR-INC.ru;
2024-01-09;EGOR5123777.ru;
2024-01-09;EIRABETHER.ru;
2024-01-09;EKATERINAFOMENKOWB.ru;
2024-01-09;EKATERINBURG-SHKAFY-KUPE.ru;
2024-01-09;EKIPADOBROVOLEC.ru;
2024-01-09;EKOVRIGIN.ru;
2024-01-09;EKPETROVA.ru;
2024-01-09;EL-PROEKTI.ru;
2024-01-09;ELEAF-VAPE.ru;
2024-01-09;ELECTRO-MSK.ru;
2024-01-09;ELECTROGENIUS.ru;
2024-01-09;ELECTROZAPP.ru;
2024-01-09;ELEKTRO-PARK.ru;
2024-01-09;ELEKTRODNAYA.ru;
2024-01-09;ELENA-EK.ru;
2024-01-09;ELENA-KORNILOVA.ru;
2024-01-09;ELENA-STARIKOVA-PEDAGOG.ru;
2024-01-09;ELENA-VYLEGZHANINA.ru;
2024-01-09;ELENA-YURIEVNA.ru;
2024-01-09;ELINAMYRAVIEVA.ru;
2024-01-09;ELISAKOLESNIK.ru;
2024-01-09;ELITIMBER.ru;
2024-01-09;ELIZAVETAPSY.ru;
2024-01-09;ELJIG277.ru;
2024-01-09;ELTUNES.ru;
2024-01-09;EMAIL182.ru;
2024-01-09;EMAIL7.ru;
2024-01-09;EMELYANOVICHART.ru;
2024-01-09;EMIR-TOURISM.ru;
2024-01-09;ENERGIZER-POWER.ru;
2024-01-09;ENGL-INZH.ru;
2024-01-09;ENGREW.ru;
2024-01-09;ENIGMAEVOLUTION.ru;
2024-01-09;ENIKOLINA.ru;
2024-01-09;ENIKOLY.ru;
2024-01-09;ENLOPATIN.ru;
2024-01-09;ENOVOZHENIN.ru;
2024-01-09;EPILMEN.ru;
2024-01-09;EPROLADI.ru;
2024-01-09;EPSON-SERVICES.ru;
2024-01-09;ERGOSPLIT.ru;
2024-01-09;EROFEEVA-KSU.ru;
2024-01-09;ERYGALOVA.ru;
2024-01-09;ESDJADKOV.ru;
2024-01-09;ESMEKALOV.ru;
2024-01-09;ESTADIAONE.ru;
2024-01-09;ESTATE-PHUKET.ru;
2024-01-09;ESTETIKACOFFEE.ru;
2024-01-09;ESTHETICLINES.ru;
2024-01-09;ESVL.ru;
2024-01-09;ETERNITYHAX.ru;
2024-01-09;ETO-HOSTING.ru;
2024-01-09;ETOALISON.ru;
2024-01-09;EUPOROV24.ru;
2024-01-09;EURASIABUSINESSTV.ru;
2024-01-09;EUROPA-CASINO2024.ru;
2024-01-09;EV-GOR.ru;
2024-01-09;EVAELFIE1.ru;
2024-01-09;EVAKUATOR-ONLINE.ru;
2024-01-09;EVELIN-MUSIK-HALL.ru;
2024-01-09;EVENTCONSULTANT.ru;
2024-01-09;EVENTSHAR.ru;
2024-01-09;EVERFOREVER-TEAM.ru;
2024-01-09;EVERUN-EREL.ru;
2024-01-09;EVGASIMONOVA.ru;
2024-01-09;EVGLEVSKAYA-PHOTO.ru;
2024-01-09;EVILTORCH.ru;
2024-01-09;EVISHNJAKOV.ru;
2024-01-09;EVODOLAGIN.ru;
2024-01-09;EXCEL-LIFE.ru;
2024-01-09;EXCELLIFE.ru;
2024-01-09;EXITPAYSZ.ru;
2024-01-09;EXPERIENCE-SOME-COOKIES.ru;
2024-01-09;EXPERIENCE-SOME-EXAMINE.ru;
2024-01-09;EXPERIENCE-SOME-SMARTLINK.ru;
2024-01-09;EXPERT-SEPTIC.ru;
2024-01-09;EXPERTFENIKS.ru;
2024-01-09;EXPO-DOM-NN.ru;
2024-01-09;EXSUPER.ru;
2024-01-09;EYASIELL.ru;
2024-01-09;EYFEL-PARFUM32.ru;
2024-01-09;EZOSCOPE.ru;
2024-01-09;EZOSECRET.ru;
2024-01-09;FABRINA-BENONE.ru;
2024-01-09;FABRINABENONE.ru;
2024-01-09;FABTEPLIC.ru;
2024-01-09;FAIRODIS.ru;
2024-01-09;FAMIKON.ru;
2024-01-09;FAMILY-HARMONIES.ru;
2024-01-09;FAMILYDENT-TULA.ru;
2024-01-09;FARINACOFFEE.ru;
2024-01-09;FASHIONTVCOSMETICS.ru;
2024-01-09;FASTVPN77.ru;
2024-01-09;FATORIA.ru;
2024-01-09;FBARANOV.ru;
2024-01-09;FC-AUTOPARTS.ru;
2024-01-09;FD89091745522.ru;
2024-01-09;FELDE.ru;
2024-01-09;FELS1.ru;
2024-01-09;FETIS7111-7.ru;
2024-01-09;FF-SYSTEM.ru;
2024-01-09;FIELDNET.ru;
2024-01-09;FIKSMI.ru;
2024-01-09;FILE-MANAGER-SCHOOL-PROJECT.ru;
2024-01-09;FILMFIESTA.ru;
2024-01-09;FILMHOLOP2.ru;
2024-01-09;FILMSR.ru;
2024-01-09;FIN-HISTORY.ru;
2024-01-09;FINCTEP.ru;
2024-01-09;FIND-POINT.ru;
2024-01-09;FINDOBRO.ru;
2024-01-09;FINESTMARKET.ru;
2024-01-09;FINSCHOOL-KRASNOVA.ru;
2024-01-09;FIRMOS.ru;
2024-01-09;FIRMYUR.ru;
2024-01-09;FISENKO-0512.ru;
2024-01-09;FISHING-TIME.ru;
2024-01-09;FIT-SERVISE.ru;
2024-01-09;FITBUKH.ru;
2024-01-09;FITODIAGNOSTIKA.ru;
2024-01-09;FITWIKI.ru;
2024-01-09;FIVE-TIPS.ru;
2024-01-09;FIZOKULTURA.ru;
2024-01-09;FLABSDOLC.ru;
2024-01-09;FLADERBADEN.ru;
2024-01-09;FLAGI-SHOP.ru;
2024-01-09;FLASHBAGS.ru;
2024-01-09;FLAT-4.ru;
2024-01-09;FLAT4.ru;
2024-01-09;FLAVOR-MAP.ru;
2024-01-09;FLAXBOWS.ru;
2024-01-09;FLETH.ru;
2024-01-09;FLIBUSTA-BOT.ru;
2024-01-09;FLIGHTHARD.ru;
2024-01-09;FLOCKMEN.ru;
2024-01-09;FLOWER-LADY.ru;
2024-01-09;FLOWER-ROOMVLG.ru;
2024-01-09;FLTBUMBIMBAM.ru;
2024-01-09;FLUFFY-CTG.ru;
2024-01-09;FLUXESTATE.ru;
2024-01-09;FLYNOVA-PRO.ru;
2024-01-09;FOAUTO.ru;
2024-01-09;FOG-SHOOT.ru;
2024-01-09;FONCHIK.ru;
2024-01-09;FONOLIFE.ru;
2024-01-09;FOOD-JOKE.ru;
2024-01-09;FOODDISPLAY.ru;
2024-01-09;FOODINART.ru;
2024-01-09;FOODYUP.ru;
2024-01-09;FORESIGHTSTUDIO.ru;
2024-01-09;FORMOSELA.ru;
2024-01-09;FOROS-SANATORY.ru;
2024-01-09;FORTGO.ru;
2024-01-09;FORTPAGE.ru;
2024-01-09;FORTU-NATA.ru;
2024-01-09;FORTUNETIGGER.ru;
2024-01-09;FOTOAPPARATY-ZERKALNYE-NEW.ru;
2024-01-09;FOTON-ATLAS.ru;
2024-01-09;FOURSDM.ru;
2024-01-09;FOX1507.ru;
2024-01-09;FOXWAR.ru;
2024-01-09;FPVPIRANHA.ru;
2024-01-09;FRAMEDESK.ru;
2024-01-09;FRANCHISE-BRIGHT.ru;
2024-01-09;FRANCHISEREVIEWS.ru;
2024-01-09;FREECURRS.ru;
2024-01-09;FREEDA77.ru;
2024-01-09;FREEDOMOFCHOICE.ru;
2024-01-09;FREEKURSIS.ru;
2024-01-09;FREERAND.ru;
2024-01-09;FREMYAA.ru;
2024-01-09;FRENCHCLASS.ru;
2024-01-09;FRESH-CASINO-AC-VOC1.ru;
2024-01-09;FRESH-CASINO-ZASVOBODU.ru;
2024-01-09;FRESHCASINOGROUP28.ru;
2024-01-09;FRESHCASINOGROUP29.ru;
2024-01-09;FRIENDLYWED.ru;
2024-01-09;FRIENDSWINCAZINO.ru;
2024-01-09;FROJYASOAP.ru;
2024-01-09;FROLOV-ALEKSEY.ru;
2024-01-09;FRONTEST.ru;
2024-01-09;FROUD300.ru;
2024-01-09;FROZEN-IT.ru;
2024-01-09;FRUTALIKA.ru;
2024-01-09;FSEDOV.ru;
2024-01-09;FSQRT.ru;
2024-01-09;FUJIFILM-SERVICES.ru;
2024-01-09;FULFILMENT-CIARA.ru;
2024-01-09;FUN-PLAY.ru;
2024-01-09;FUNDAMENTALNOE.ru;
2024-01-09;FURNIFOX.ru;
2024-01-09;FUSIONONE2024.ru;
2024-01-09;FUTURE-TRAJECTORY.ru;
2024-01-09;FUTURETRAJECTORY.ru;
2024-01-09;FVV-66.ru;
2024-01-09;G-MAL.ru;
2024-01-09;G00D-HOME.ru;
2024-01-09;GAARACHEL.ru;
2024-01-09;GALA-ART.ru;
2024-01-09;GALARTA.ru;
2024-01-09;GALAXY-RP.ru;
2024-01-09;GALAXYAPARTMENTS.ru;
2024-01-09;GALIEVAII.ru;
2024-01-09;GALLA-YALA.ru;
2024-01-09;GALLARYSHOES.ru;
2024-01-09;GALLAYALA.ru;
2024-01-09;GAMECOS.ru;
2024-01-09;GAMES-MASTERS.ru;
2024-01-09;GAMES-TECHNOLOGY.ru;
2024-01-09;GAMETOPS.ru;
2024-01-09;GAMING-EMPIRE.ru;
2024-01-09;GAMING-HUB.ru;
2024-01-09;GAMING-LAPTOPS-PC.ru;
2024-01-09;GAMING-REVOLUTION.ru;
2024-01-09;GAMINGREVOLUTION.ru;
2024-01-09;GANG-VAPE.ru;
2024-01-09;GARAGE-VLZ.ru;
2024-01-09;GARANT-ETALON.ru;
2024-01-09;GARRIPOTTER-LORDFILM.ru;
2024-01-09;GARTESS.ru;
2024-01-09;GASTIE.ru;
2024-01-09;GAUKOV.ru;
2024-01-09;GB-T.ru;
2024-01-09;GDEKAZAN.ru;
2024-01-09;GDEMOS.ru;
2024-01-09;GDEPITER.ru;
2024-01-09;GEEK-GALAXY.ru;
2024-01-09;GEMEXCEPTIONAL.ru;
2024-01-09;GEMMELLOW.ru;
2024-01-09;GEPAHELP.ru;
2024-01-09;GERB22.ru;
2024-01-09;GESAC1.ru;
2024-01-09;GET-BOUQUET.ru;
2024-01-09;GGBETIS.ru;
2024-01-09;GGCANDLES.ru;
2024-01-09;GGLAUNCHER.ru;
2024-01-09;GID-MTS.ru;
2024-01-09;GIDNN.ru;
2024-01-09;GIDSVET.ru;
2024-01-09;GIDSVETA.ru;
2024-01-09;GIFTEXCHANGE.ru;
2024-01-09;GIGABYTE-SERVICES.ru;
2024-01-09;GINEKUS.ru;
2024-01-09;GIOVAGNOLI.ru;
2024-01-09;GITNEWS.ru;
2024-01-09;GJAKUPOVA.ru;
2024-01-09;GK-INGINIRING.ru;
2024-01-09;GK-RESOURCE.ru;
2024-01-09;GKRESOURCE.ru;
2024-01-09;GLADKOVAE.ru;
2024-01-09;GLASSCUTTING82.ru;
2024-01-09;GLOBALUSEDPARTS.ru;
2024-01-09;GLOLOLO.ru;
2024-01-09;GLONTY.ru;
2024-01-09;GM-ADMIN.ru;
2024-01-09;GMANN.ru;
2024-01-09;GMNAVES.ru;
2024-01-09;GMTPALLET.ru;
2024-01-09;GOESMARKET.ru;
2024-01-09;GOKITOKI.ru;
2024-01-09;GOLDENFISH-TANK.ru;
2024-01-09;GOLDENRATIO-MGN.ru;
2024-01-09;GOLLOOSSUIII.ru;
2024-01-09;GOLOOSUIII.ru;
2024-01-09;GOLOSRUVLAGERE.ru;
2024-01-09;GOODH0USE2YOU.ru;
2024-01-09;GOPRO-SERVICES.ru;
2024-01-09;GORDEEVADARI.ru;
2024-01-09;GORENJE-SERVISE.ru;
2024-01-09;GORNUSHKIN.ru;
2024-01-09;GORODNOLOTHODOV.ru;
2024-01-09;GORODRUKODELIYA.ru;
2024-01-09;GORSKINO.ru;
2024-01-09;GORUNOFF.ru;
2024-01-09;GOSNADZOR-GOV.ru;
2024-01-09;GOSVKS.ru;
2024-01-09;GOTOBRAZIL.ru;
2024-01-09;GOTOLATAM.ru;
2024-01-09;GOTOMUSIC.ru;
2024-01-09;GOTOVOEOOOIP.ru;
2024-01-09;GOUKA.ru;
2024-01-09;GPTTALKS.ru;
2024-01-09;GRA-RB.ru;
2024-01-09;GRAIL-EXPRESS.ru;
2024-01-09;GRAIL-LOGISTICS.ru;
2024-01-09;GRAILEXPRESS.ru;
2024-01-09;GRAMMPLASTINOK.ru;
2024-01-09;GRANDWILL.ru;
2024-01-09;GRANIT8.ru;
2024-01-09;GRANULYACIYA.ru;
2024-01-09;GRAVEHVH.ru;
2024-01-09;GREEN-SEPTIC.ru;
2024-01-09;GREENEGGBIG.ru;
2024-01-09;GREENGARDENZONE.ru;
2024-01-09;GREG-GOR.ru;
2024-01-09;GREG28.ru;
2024-01-09;GREYIVLEV.ru;
2024-01-09;GRIBOK-NA-NOGTIAH.ru;
2024-01-09;GRIGOREVASV.ru;
2024-01-09;GRIGORIEV00000.ru;
2024-01-09;GRIMUAL.ru;
2024-01-09;GRIOR.ru;
2024-01-09;GRLEXPRESS.ru;
2024-01-09;GROISMANMARKET.ru;
2024-01-09;GROUP-MGS.ru;
2024-01-09;GROVK.ru;
2024-01-09;GRUNDIG-SERVICES.ru;
2024-01-09;GRUZIGRUZ.ru;
2024-01-09;GS-ROBOTECHNICS.ru;
2024-01-09;GTA-MMO.ru;
2024-01-09;GTE-KIP.ru;
2024-01-09;GTW-NDM.ru;
2024-01-09;GUDOZHNIKOVA.ru;
2024-01-09;GUDZYAK.ru;
2024-01-09;GUIDE-SRILANKA.ru;
2024-01-09;GULGUL.ru;
2024-01-09;GUSELNIKOVANAD.ru;
2024-01-09;GUSEV-NN82.ru;
2024-01-09;GVANH.ru;
2024-01-09;GVEGETABLES.ru;
2024-01-09;GYAKOVETS.ru;
2024-01-09;GYOJI.ru;
2024-01-09;H-OLOP-2.ru;
2024-01-09;H0MEFORYOU.ru;
2024-01-09;HABEZSTONE.ru;
2024-01-09;HAIER-SERVICES.ru;
2024-01-09;HAIR-ESTHETIC.ru;
2024-01-09;HAIRVOLOS.ru;
2024-01-09;HANDSTICH.ru;
2024-01-09;HAPALKIN.ru;
2024-01-09;HAPPYTALISM.ru;
2024-01-09;HAPPYY.ru;
2024-01-09;HARDCORETRADER.ru;
2024-01-09;HARMANKARDON-SERVICE.ru;
2024-01-09;HARRYBEAVER.ru;
2024-01-09;HARUTPORTFOLIO.ru;
2024-01-09;HAU-SECTOR.ru;
2024-01-09;HAVENHAUS.ru;
2024-01-09;HEALTHYFAMILYDC.ru;
2024-01-09;HEATING-REPUBLIC.ru;
2024-01-09;HEAVENCINEMA.ru;
2024-01-09;HEAVYDRIP.ru;
2024-01-09;HEBASHLEEN.ru;
2024-01-09;HELGA-STYLE.ru;
2024-01-09;HELGAHOME.ru;
2024-01-09;HELIMAX.ru;
2024-01-09;HELPER-SCHOOL.ru;
2024-01-09;HELPGIFT.ru;
2024-01-09;HELPIKOPOMPNOYTT24.ru;
2024-01-09;HELSING-1.ru;
2024-01-09;HEMNAV.ru;
2024-01-09;HERINGHAN.ru;
2024-01-09;HEYSHOPIT.ru;
2024-01-09;HFGHFGJHFHDJFGH.ru;
2024-01-09;HGE59.ru;
2024-01-09;HIGHERMIND.ru;
2024-01-09;HILKOVA.ru;
2024-01-09;HILS-8376.ru;
2024-01-09;HIPHOPSTAR.ru;
2024-01-09;HISENSE-SERVICES.ru;
2024-01-09;HMEGOSTI.ru;
2024-01-09;HOBENYA.ru;
2024-01-09;HOCHUINOSHU.ru;
2024-01-09;HOCHUSMM.ru;
2024-01-09;HOHNOLOGY.ru;
2024-01-09;HOLD-7846.ru;
2024-01-09;HOLDSERVICE-28931.ru;
2024-01-09;HOLDSERVICE-92834.ru;
2024-01-09;HOLENDMAKKER.ru;
2024-01-09;HOLLOOPP.ru;
2024-01-09;HOLLOOPP2.ru;
2024-01-09;HOLOD-MASTER-CHELYABINSK.ru;
2024-01-09;HOLOOP2.ru;
2024-01-09;HOLOP-2HD.ru;
2024-01-09;HOLOP-P2.ru;
2024-01-09;HOLOP2-HD.ru;
2024-01-09;HOLOP2026.ru;
2024-01-09;HOLOPP--2.ru;
2024-01-09;HOME-MAMA.ru;
2024-01-09;HOME23.ru;
2024-01-09;HOME2Y0U.ru;
2024-01-09;HOME4-STROI.ru;
2024-01-09;HOME4Y0U.ru;
2024-01-09;HOMEANDFOOD.ru;
2024-01-09;HOMEF0RYOU.ru;
2024-01-09;HOMEHAUS.ru;
2024-01-09;HOMEINNOVATIONS.ru;
2024-01-09;HONALAM.ru;
2024-01-09;HONGARI.ru;
2024-01-09;HONOR-OF-KINGS.ru;
2024-01-09;HOODSEY.ru;
2024-01-09;HOSTING-MASTER.ru;
2024-01-09;HOSTRUBTRY.ru;
2024-01-09;HOTEL-VOLOGDA.ru;
2024-01-09;HOTORDER.ru;
2024-01-09;HOUPER.ru;
2024-01-09;HOUSE24-YOU.ru;
2024-01-09;HOUSEBU1LD.ru;
2024-01-09;HOVRICH.ru;
2024-01-09;HOW-PRETTY.ru;
2024-01-09;HOWELANDS.ru;
2024-01-09;HOWTOCLO.ru;
2024-01-09;HOWTOHYGGE.ru;
2024-01-09;HP-CORP.ru;
2024-01-09;HR-RECRUTE.ru;
2024-01-09;HSBST.ru;
2024-01-09;HTA-EXPERT.ru;
2024-01-09;HTATJANA.ru;
2024-01-09;HUBRE.ru;
2024-01-09;HWAITLYNNI.ru;
2024-01-09;HWFIT.ru;
2024-01-09;HYDRAA.ru;
2024-01-09;HYNANCHER.ru;
2024-01-09;HYUNDAI-FIX.ru;
2024-01-09;IAROEL.ru;
2024-01-09;IASHINN.ru;
2024-01-09;IBELJAEV.ru;
2024-01-09;IBOCHENKOV.ru;
2024-01-09;IBSEA.ru;
2024-01-09;IBSEO.ru;
2024-01-09;IBSIA.ru;
2024-01-09;IBSIO.ru;
2024-01-09;IBTEX.ru;
2024-01-09;ICANDOITMYSELF.ru;
2024-01-09;ICON-BEAUTY.ru;
2024-01-09;ICONMERCH.ru;
2024-01-09;ID-RU.ru;
2024-01-09;ID-TE.ru;
2024-01-09;ID-TREE.ru;
2024-01-09;ID1291.ru;
2024-01-09;ID13932.ru;
2024-01-09;ID13933.ru;
2024-01-09;ID13934.ru;
2024-01-09;ID13935.ru;
2024-01-09;ID13936.ru;
2024-01-09;ID13937.ru;
2024-01-09;ID13938.ru;
2024-01-09;ID13939.ru;
2024-01-09;ID13941.ru;
2024-01-09;ID13944.ru;
2024-01-09;ID13946.ru;
2024-01-09;ID13947.ru;
2024-01-09;ID13948.ru;
2024-01-09;ID13949.ru;
2024-01-09;ID13950.ru;
2024-01-09;ID1821.ru;
2024-01-09;ID2141.ru;
2024-01-09;ID2144.ru;
2024-01-09;ID58083.ru;
2024-01-09;ID58084.ru;
2024-01-09;ID58085.ru;
2024-01-09;ID58086.ru;
2024-01-09;ID58087.ru;
2024-01-09;ID58088.ru;
2024-01-09;ID65982.ru;
2024-01-09;ID71150.ru;
2024-01-09;ID73150.ru;
2024-01-09;ID759265.ru;
2024-01-09;ID791854.ru;
2024-01-09;ID92384.ru;
2024-01-09;ID93150.ru;
2024-01-09;ID98325.ru;
2024-01-09;IDENOPT.ru;
2024-01-09;IDU-PROJECTS.ru;
2024-01-09;IERCON.ru;
2024-01-09;IERKON.ru;
2024-01-09;IFYTOR.ru;
2024-01-09;IGDSLAB.ru;
2024-01-09;IGEODEZIST.ru;
2024-01-09;IGNATEVNB.ru;
2024-01-09;IGNIFLUID.ru;
2024-01-09;IGOREFIMENKO.ru;
2024-01-09;IGORPANKRATOV.ru;
2024-01-09;IKOSTOS.ru;
2024-01-09;IKOVYLIN.ru;
2024-01-09;ILCHENKO-TOP.ru;
2024-01-09;ILEMAEVA.ru;
2024-01-09;ILIPER.ru;
2024-01-09;ILJASERGEEV.ru;
2024-01-09;ILJASHLYKOV.ru;
2024-01-09;ILNIKBEZ.ru;
2024-01-09;ILTA-BAND.ru;
2024-01-09;ILYAKOROLEV.ru;
2024-01-09;ILYJS.ru;
2024-01-09;IM-POPOV.ru;
2024-01-09;IMBIRNYE-PRYANIKI.ru;
2024-01-09;IMGBOLT.ru;
2024-01-09;IMPERIYA-IT.ru;
2024-01-09;IMPEX-SOLAR.ru;
2024-01-09;INDELING.ru;
2024-01-09;INDI-POTENCIYA.ru;
2024-01-09;INDITOWERS.ru;
2024-01-09;INFINITE-VANILLA.ru;
2024-01-09;INFINIX-SERVICES.ru;
2024-01-09;INFO-KDB.ru;
2024-01-09;INFOCUS-SERVICE.ru;
2024-01-09;INFOKURSI1.ru;
2024-01-09;INFOMALAFEEVA.ru;
2024-01-09;INFORESERV.ru;
2024-01-09;INFOSRV.ru;
2024-01-09;INKOR36.ru;
2024-01-09;INNAVEDUTA.ru;
2024-01-09;INNAVOLOSHINA.ru;
2024-01-09;INNEDU.ru;
2024-01-09;INNESA-SABAY.ru;
2024-01-09;INSIDEANDROID.ru;
2024-01-09;INTEL-SET.ru;
2024-01-09;INTEPS-MOSKVA.ru;
2024-01-09;INTERESTSPHERE.ru;
2024-01-09;INTERGRAN-MSK.ru;
2024-01-09;INTERNET-MARKETING-CHELYABINSK.ru;
2024-01-09;INTFISH.ru;
2024-01-09;INVESTOSFERA.ru;
2024-01-09;INVESTVSOCHI.ru;
2024-01-09;INZKH2011.ru;
2024-01-09;IOANNASV.ru;
2024-01-09;IONPRO.ru;
2024-01-09;IOOPYT2.ru;
2024-01-09;IOSKO-1.ru;
2024-01-09;IP6NET.ru;
2024-01-09;IPKON-ANALYTICS.ru;
2024-01-09;IPPO-AUTISM.ru;
2024-01-09;IPSOL1.ru;
2024-01-09;IQDETAILING.ru;
2024-01-09;IRAMAKEEVASTYLIST.ru;
2024-01-09;IREJMAN.ru;
2024-01-09;IRENA9023.ru;
2024-01-09;IRIN-A.ru;
2024-01-09;IRINA-KVARTIRA.ru;
2024-01-09;IRINAKOMAN.ru;
2024-01-09;IRINAKVARTIRA.ru;
2024-01-09;IRINANEIRO.ru;
2024-01-09;IRINAPROFMUSIC.ru;
2024-01-09;IRINAWPGG.ru;
2024-01-09;IRKSTARINA.ru;
2024-01-09;IRKUTSKNOVOSTI.ru;
2024-01-09;IRONRACK.ru;
2024-01-09;ISAAC-THREED.ru;
2024-01-09;ISACHENKO-1.ru;
2024-01-09;ISHEKOVBR.ru;
2024-01-09;ISHUGUNOVA.ru;
2024-01-09;ISHUPODRYGYILIDRYGA.ru;
2024-01-09;ISYANOVA.ru;
2024-01-09;IT-ADAPTATION.ru;
2024-01-09;IT-YOURTEACHER.ru;
2024-01-09;ITADAPTATION.ru;
2024-01-09;ITERZI.ru;
2024-01-09;ITEXPERTCO.ru;
2024-01-09;ITPUNK.ru;
2024-01-09;IVA-POS.ru;
2024-01-09;IVAN0VIVAN123321.ru;
2024-01-09;IVANBELTSEV.ru;
2024-01-09;IVANCBI.ru;
2024-01-09;IVANISAEV.ru;
2024-01-09;IVANOV-TOSNO.ru;
2024-01-09;IVAPOS.ru;
2024-01-09;IVATOLIN.ru;
2024-01-09;IVAVILIN.ru;
2024-01-09;IVBYCKOV.ru;
2024-01-09;IVETTA-BABYFOTO56.ru;
2024-01-09;IVMTECH.ru;
2024-01-09;IWAMAIWANOVO.ru;
2024-01-09;IYOD.ru;
2024-01-09;IZHURBA.ru;
2024-01-09;IZZI-CASINO-ACCOUNT1.ru;
2024-01-09;IZZI-CASINO-FMCSPO4.ru;
2024-01-09;IZZICASINO-PLAY83.ru;
2024-01-09;JAGERNAUT007.ru;
2024-01-09;JAGZAIM.ru;
2024-01-09;JANOME-SERVICE.ru;
2024-01-09;JAYSCAD.ru;
2024-01-09;JBL-SERVICE.ru;
2024-01-09;JBTMP.ru;
2024-01-09;JEM-ART.ru;
2024-01-09;JENIBAWANE.ru;
2024-01-09;JESSICASBEADS.ru;
2024-01-09;JETCASINOWIN.ru;
2024-01-09;JEWEL-LAG.ru;
2024-01-09;JEWELLAG.ru;
2024-01-09;JGUSAROVA.ru;
2024-01-09;JIGSAWPUZZLE.ru;
2024-01-09;JOB-MAX.ru;
2024-01-09;JOINSTOCKRUTOL.ru;
2024-01-09;JOLESARA.ru;
2024-01-09;JONYSHOT.ru;
2024-01-09;JORDINIKS.ru;
2024-01-09;JOURNAL-EARPP.ru;
2024-01-09;JOUS-JK.ru;
2024-01-09;JSAX.ru;
2024-01-09;JUIZER.ru;
2024-01-09;JUJAMSCHIKOVA.ru;
2024-01-09;JUKOVSKI.ru;
2024-01-09;JULIHACHEVA.ru;
2024-01-09;JULIKAJPAN.ru;
2024-01-09;JUNGLEPILATES.ru;
2024-01-09;JURA-SERVICES.ru;
2024-01-09;JURICHEV.ru;
2024-01-09;JUST1DUDE.ru;
2024-01-09;JUTURKINA.ru;
2024-01-09;JVAFAEV.ru;
2024-01-09;K4IR05.ru;
2024-01-09;KAATS.ru;
2024-01-09;KALIBATOV.ru;
2024-01-09;KALINA-A.ru;
2024-01-09;KALININGRADNOVOSTI.ru;
2024-01-09;KALITKA-DESIGNER.ru;
2024-01-09;KAMOTAROZIN.ru;
2024-01-09;KAMTS.ru;
2024-01-09;KANASTASIAD.ru;
2024-01-09;KAPLAND.ru;
2024-01-09;KARAFA76.ru;
2024-01-09;KARAT-PLYUS22.ru;
2024-01-09;KAREN-JANNE.ru;
2024-01-09;KARSAKOV-PRO.ru;
2024-01-09;KASINO-PLAYPINUP.ru;
2024-01-09;KASINOPLAYPINUP.ru;
2024-01-09;KASSA-VOZVRAT.ru;
2024-01-09;KATELEGKIH.ru;
2024-01-09;KATERINASULYMA.ru;
2024-01-09;KATHARSISS-LAB.ru;
2024-01-09;KATIRADA.ru;
2024-01-09;KAYDANOV.ru;
2024-01-09;KAZ-SILA-PRAVO.ru;
2024-01-09;KAZANSKIY-CIRQUS.ru;
2024-01-09;KBKOTE.ru;
2024-01-09;KDPD.ru;
2024-01-09;KEEPERS-SCHOOL.ru;
2024-01-09;KELLERMAN.ru;
2024-01-09;KELO-FOREST-SRUB-RF.ru;
2024-01-09;KELO-FOREST-SRUBRF.ru;
2024-01-09;KESTER641.ru;
2024-01-09;KETOBOOSTFORTE.ru;
2024-01-09;KFEDOSEEVA.ru;
2024-01-09;KHAMZIN-AL.ru;
2024-01-09;KHARLAMOVA-IRINA.ru;
2024-01-09;KHOKHLOVOLEG.ru;
2024-01-09;KIBITKIN.ru;
2024-01-09;KIDDOGAMES.ru;
2024-01-09;KIF-KZN.ru;
2024-01-09;KIKOSHOP.ru;
2024-01-09;KILARI.ru;
2024-01-09;KIM-STROY.ru;
2024-01-09;KINDERGARTEN-DEMO.ru;
2024-01-09;KINDREDSOULS.ru;
2024-01-09;KINDYN.ru;
2024-01-09;KINZHIGALIEV.ru;
2024-01-09;KIRILL8634RUSS.ru;
2024-01-09;KISKEN.ru;
2024-01-09;KISLYASHH.ru;
2024-01-09;KISS-AND-HUG.ru;
2024-01-09;KITAEVA-DESIGN.ru;
2024-01-09;KITCHEN-LEBEDEVA.ru;
2024-01-09;KITERJIO.ru;
2024-01-09;KITKATZAIM.ru;
2024-01-09;KITTENS-POSAD.ru;
2024-01-09;KKLOKKOVA.ru;
2024-01-09;KLADCHIK.ru;
2024-01-09;KLAMSTER.ru;
2024-01-09;KLASSIKAFITNESS.ru;
2024-01-09;KLASSNO65.ru;
2024-01-09;KLIENT2024-BFL.ru;
2024-01-09;KLIENTI-V-DETAILING.ru;
2024-01-09;KLIKBOX.ru;
2024-01-09;KLIMOVPRO.ru;
2024-01-09;KLUICHNIKOV.ru;
2024-01-09;KLVOV.ru;
2024-01-09;KMATOLYGIN.ru;
2024-01-09;KMS-COM.ru;
2024-01-09;KMSEO.ru;
2024-01-09;KNIZHECHKAA.ru;
2024-01-09;KNOPKA2005.ru;
2024-01-09;KNYAJI.ru;
2024-01-09;KOFE-V-KOFEMASHINU.ru;
2024-01-09;KOGEZIA.ru;
2024-01-09;KOGNITRON.ru;
2024-01-09;KOLA-TRAVELS.ru;
2024-01-09;KOLESODISCONT.ru;
2024-01-09;KOLGOTINA.ru;
2024-01-09;KOLOVERTNOV.ru;
2024-01-09;KOLYADENKO.ru;
2024-01-09;KOMA-POETRY.ru;
2024-01-09;KOMPLEKTACIY.ru;
2024-01-09;KONDRATIEVAARINA.ru;
2024-01-09;KONEKSTRADE.ru;
2024-01-09;KONKURSLAGER.ru;
2024-01-09;KONSULOVA.ru;
2024-01-09;KOOTA413.ru;
2024-01-09;KOPTELOV-7.ru;
2024-01-09;KORIAKINS.ru;
2024-01-09;KORIELLAN.ru;
2024-01-09;KORMTOVARY.ru;
2024-01-09;KOROBKOW.ru;
2024-01-09;KOROS08.ru;
2024-01-09;KORSHUK1.ru;
2024-01-09;KOSHKAREVA-PHOTO.ru;
2024-01-09;KOSMETIKSTORY.ru;
2024-01-09;KOSOLAPOFF.ru;
2024-01-09;KOSTYAQQ.ru;
2024-01-09;KOTOULYA.ru;
2024-01-09;KOVALERIA.ru;
2024-01-09;KOVALEVTRADE.ru;
2024-01-09;KOVRIKI14.ru;
2024-01-09;KPACC.ru;
2024-01-09;KPICHERREMONTAY24.ru;
2024-01-09;KRAFNERU.ru;
2024-01-09;KRAFT-FLOWERS.ru;
2024-01-09;KRASNODARNOVOSTI.ru;
2024-01-09;KRASNOVEVGENY.ru;
2024-01-09;KREIZA.ru;
2024-01-09;KRETOV-7.ru;
2024-01-09;KRIKUN-1.ru;
2024-01-09;KRISKVIZ.ru;
2024-01-09;KRISTINA-SKURSTEN.ru;
2024-01-09;KRIVE.ru;
2024-01-09;KRSD-ALG.ru;
2024-01-09;KRSD-ALG1.ru;
2024-01-09;KRUTIWEB.ru;
2024-01-09;KSAMSONIK.ru;
2024-01-09;KSAZONOVA.ru;
2024-01-09;KSDEMO.ru;
2024-01-09;KSENIABOBARYKINA.ru;
2024-01-09;KSENIYAANISIMOVA.ru;
2024-01-09;KSG-KOVKA.ru;
2024-01-09;KST-ALG.ru;
2024-01-09;KUBANHONEY.ru;
2024-01-09;KUBIK-ROOM.ru;
2024-01-09;KUCHEROVALEKSANDRA.ru;
2024-01-09;KUCHKOV.ru;
2024-01-09;KUDRYAVTSEV22.ru;
2024-01-09;KUGOO-SERVICES.ru;
2024-01-09;KUGRLI-FI.ru;
2024-01-09;KUHNI-LEBEDEVOY.ru;
2024-01-09;KUHNI-MSK-PROEKT-DESIGN.ru;
2024-01-09;KUHNI-MSK-PROEKTDESIGN.ru;
2024-01-09;KUHNI-MSKPROEKT-DESIGN.ru;
2024-01-09;KUHNI-MSKPROEKTDESIGN.ru;
2024-01-09;KUHNIMSK-PROEKT-DESIGN.ru;
2024-01-09;KUHNIMSK-PROEKTDESIGN.ru;
2024-01-09;KUHNIMSKPROEKT-DESIGN.ru;
2024-01-09;KUHNIMSKPROEKTDESIGN.ru;
2024-01-09;KUKLIYN.ru;
2024-01-09;KUKOBA-PRO.ru;
2024-01-09;KULIGINAMENTOR.ru;
2024-01-09;KUPIT-BIAOJUE.ru;
2024-01-09;KUPIT-POGRUZCHIK.ru;
2024-01-09;KUPITNEDVIZHIMOST.ru;
2024-01-09;KURGAN-ROCK.ru;
2024-01-09;KURIE7244.ru;
2024-01-09;KURIE7245.ru;
2024-01-09;KURIER7382.ru;
2024-01-09;KURNOV.ru;
2024-01-09;KURORTY-KRYMA.ru;
2024-01-09;KURS-ONLIONE.ru;
2024-01-09;KURSY-ANDROID-RAZRABOTCHIK.ru;
2024-01-09;KURSY-ORATORSKOGO-MASTERSTWA.ru;
2024-01-09;KURSY-UI-UX-DIZAYN.ru;
2024-01-09;KURTEY.ru;
2024-01-09;KUTEPOV-DESIGN.ru;
2024-01-09;KUTSENKOV.ru;
2024-01-09;KUZNECOVA-SVETLANA.ru;
2024-01-09;KUZNYA-FIGHT.ru;
2024-01-09;KV93.ru;
2024-01-09;KVA20122013.ru;
2024-01-09;KVARTIRA-IRINA.ru;
2024-01-09;KVARTIRAIRINA.ru;
2024-01-09;KVESTNOVOKUZNETSK.ru;
2024-01-09;KWADROCIKLY.ru;
2024-01-09;KYOCERA-SERVICES.ru;
2024-01-09;KYRGYZCITIZENSHIP.ru;
2024-01-09;KYTGPORN.ru;
2024-01-09;KYTHPORN.ru;
2024-01-09;KYTJPORN.ru;
2024-01-09;KYTKPORN.ru;
2024-01-09;KYTLPORN.ru;
2024-01-09;KYXNI12.ru;
2024-01-09;KZDOC.ru;
2024-01-09;KZOTKIN.ru;
2024-01-09;KZTK.ru;
2024-01-09;KZTTK.ru;
2024-01-09;L-I-Q.ru;
2024-01-09;L2TATHAMET.ru;
2024-01-09;LABEL-DMDK.ru;
2024-01-09;LABUTINA-7.ru;
2024-01-09;LADDYDRESS.ru;
2024-01-09;LADIMI.ru;
2024-01-09;LADY-ASTRO.ru;
2024-01-09;LADYA-YOLA.ru;
2024-01-09;LAEFYE.ru;
2024-01-09;LAGINOV.ru;
2024-01-09;LAKOMKI-NEW.ru;
2024-01-09;LALYROSFOOD.ru;
2024-01-09;LAMERORK.ru;
2024-01-09;LANDBREEZE.ru;
2024-01-09;LAPIN47.ru;
2024-01-09;LAPUSHKA-SEV.ru;
2024-01-09;LASERCRAFTER.ru;
2024-01-09;LAST-ASS.ru;
2024-01-09;LASTASS.ru;
2024-01-09;LAUFER-FLOOR.ru;
2024-01-09;LAVANDERRUS.ru;
2024-01-09;LAZONAIL.ru;
2024-01-09;LD-PAY62827.ru;
2024-01-09;LEADBIG-DATA.ru;
2024-01-09;LEADERSPB.ru;
2024-01-09;LEBEDEVA-KITCHEN.ru;
2024-01-09;LEBEDEVA-LENA.ru;
2024-01-09;LEBEDEVALENA.ru;
2024-01-09;LEGAL-INFO.ru;
2024-01-09;LEGAL-TOP.ru;
2024-01-09;LEGALS-1.ru;
2024-01-09;LEGANDARY.ru;
2024-01-09;LEGENDARY-GAMES.ru;
2024-01-09;LEGGAA.ru;
2024-01-09;LEGION-ER.ru;
2024-01-09;LEGIONASH.ru;
2024-01-09;LEGIONOV.ru;
2024-01-09;LEGZO-CASINO-GURU.ru;
2024-01-09;LEGZO-CASINO76.ru;
2024-01-09;LEGZO-CASINO77.ru;
2024-01-09;LEGZO-CASINO78.ru;
2024-01-09;LEGZO-CASINO79.ru;
2024-01-09;LEGZO-CASINO80.ru;
2024-01-09;LEGZO-CASINO81.ru;
2024-01-09;LEGZO-CASINO82.ru;
2024-01-09;LEKARSTVA-DLYA-PECHENI.ru;
2024-01-09;LEKOYA.ru;
2024-01-09;LEKSSY.ru;
2024-01-09;LENA-WORK.ru;
2024-01-09;LEO-TI.ru;
2024-01-09;LEONARTO-KARTINY.ru;
2024-01-09;LEOPIC.ru;
2024-01-09;LERRON.ru;
2024-01-09;LESNAYA-SKAZKA-VU.ru;
2024-01-09;LESTA-PREM.ru;
2024-01-09;LESTA-PRISE.ru;
2024-01-09;LETTER-PATRIARCH.ru;
2024-01-09;LETUNOVSKI.ru;
2024-01-09;LEVCHENKO-PHOTO.ru;
2024-01-09;LEVENTBILGIC.ru;
2024-01-09;LEXARO.ru;
2024-01-09;LEXCRIMINALIS.ru;
2024-01-09;LEXKOZIN.ru;
2024-01-09;LEYNONAOL.ru;
2024-01-09;LEZHNEV-PRO.ru;
2024-01-09;LIASHEREMET.ru;
2024-01-09;LIBERTY-FRANCH.ru;
2024-01-09;LICENSINGSERVICE.ru;
2024-01-09;LIFEDRON.ru;
2024-01-09;LIGHT-CASINO2024.ru;
2024-01-09;LIGHTINTHEHOUSE.ru;
2024-01-09;LIGHTVILLE.ru;
2024-01-09;LIKPIC.ru;
2024-01-09;LILIJASIDORENKO.ru;
2024-01-09;LILOVA.ru;
2024-01-09;LIMEBUKET163.ru;
2024-01-09;LIMEROOMGA.ru;
2024-01-09;LINEGEM.ru;
2024-01-09;LINEN-MARKET.ru;
2024-01-09;LINENMARKET.ru;
2024-01-09;LINGBIZKIT.ru;
2024-01-09;LINGVOSERVICE1.ru;
2024-01-09;LINUXMAGIC.ru;
2024-01-09;LIPOGEL.ru;
2024-01-09;LITAVRIN.ru;
2024-01-09;LITERAEMM.ru;
2024-01-09;LITEXVANILLA.ru;
2024-01-09;LKAZARJAN.ru;
2024-01-09;LKISLITSYNA.ru;
2024-01-09;LLDDELUXXE.ru;
2024-01-09;LLDDELUXXEE.ru;
2024-01-09;LLINDE.ru;
2024-01-09;LODOCHKINA-SVETLANA-NIKOLAEVNA.ru;
2024-01-09;LOGOPET.ru;
2024-01-09;LOLIJO.ru;
2024-01-09;LOMTEVA-PSYCHOLOGIST.ru;
2024-01-09;LOO-HOTELS.ru;
2024-01-09;LOOKPIN.ru;
2024-01-09;LORD-SERIALIK.ru;
2024-01-09;LORDFILM-SERYA.ru;
2024-01-09;LORDIK-SERIAL.ru;
2024-01-09;LORDIK-SERYA.ru;
2024-01-09;LORDSERYA.ru;
2024-01-09;LORDUS-SERIAL.ru;
2024-01-09;LOSEWORLD.ru;
2024-01-09;LOTOBILETIVLEEVA.ru;
2024-01-09;LOTRENT.ru;
2024-01-09;LOVE-SHE.ru;
2024-01-09;LRAKOVA.ru;
2024-01-09;LRCOKA.ru;
2024-01-09;LS1985.ru;
2024-01-09;LSA-SS.ru;
2024-01-09;LSOROKIN.ru;
2024-01-09;LUCHSHIJ-HOSTING-DLYA-SAITA.ru;
2024-01-09;LUCKBUY.ru;
2024-01-09;LUCKY--VULCAN.ru;
2024-01-09;LUCKYVETSPB.ru;
2024-01-09;LUDVIIGA.ru;
2024-01-09;LUGAKOM.ru;
2024-01-09;LUKJANCHIKOV.ru;
2024-01-09;LUMAX-ELECTRIC.ru;
2024-01-09;LUMISHK.ru;
2024-01-09;LUNA6999.ru;
2024-01-09;LUNAGLOW.ru;
2024-01-09;LUSYA-HAEVA.ru;
2024-01-09;LUXLIONS.ru;
2024-01-09;LUXURYSPALIPETSK.ru;
2024-01-09;LYCHSHIIPOOTVETAM.ru;
2024-01-09;LYCORIN.ru;
2024-01-09;LYUBIMOV-OLAP.ru;
2024-01-09;LYUBINSKAYACOUTURE.ru;
2024-01-09;MAC-GAMES.ru;
2024-01-09;MACARONCLUB.ru;
2024-01-09;MADERA-GROUPP.ru;
2024-01-09;MADMOONSUN.ru;
2024-01-09;MAGANYL.ru;
2024-01-09;MAGICIAN-SNAKE.ru;
2024-01-09;MAGICTRACKS-RUS.ru;
2024-01-09;MAGICUNIVER.ru;
2024-01-09;MAGNUMSHOPKZ.ru;
2024-01-09;MAGPIN.ru;
2024-01-09;MAIL-IVANOV.ru;
2024-01-09;MAIL-N.ru;
2024-01-09;MAIL-UNIVERSAL.ru;
2024-01-09;MAILBASCULEFLIPPER.ru;
2024-01-09;MAISKAYADECORATOR.ru;
2024-01-09;MAKEEV-WORK.ru;
2024-01-09;MAKHOVA-PSYCHOLOGY.ru;
2024-01-09;MAKITA2000.ru;
2024-01-09;MAKS-SOKOLOV.ru;
2024-01-09;MAKTO74.ru;
2024-01-09;MALIKOWAI.ru;
2024-01-09;MALINA-MICHAEL.ru;
2024-01-09;MALINELENA.ru;
2024-01-09;MALINNIKOVA.ru;
2024-01-09;MALTSAVA.ru;
2024-01-09;MAMA-BOBYLEV.ru;
2024-01-09;MAMGG53.ru;
2024-01-09;MAMKINADOSA.ru;
2024-01-09;MANGAL48.ru;
2024-01-09;MANIA3D.ru;
2024-01-09;MANUAL-TERAPIYA.ru;
2024-01-09;MAPONME.ru;
2024-01-09;MAPSONME.ru;
2024-01-09;MAR-CASH.ru;
2024-01-09;MARANIT.ru;
2024-01-09;MARANTZ-SERVICE.ru;
2024-01-09;MARAO-HOUSE.ru;
2024-01-09;MARATGRIG.ru;
2024-01-09;MARDACHYA.ru;
2024-01-09;MARGOCHI-NATURAL.ru;
2024-01-09;MARGOSOLOVEY.ru;
2024-01-09;MARIA-BELCHUK.ru;
2024-01-09;MARIA-WORK.ru;
2024-01-09;MARIAVINOGRADOVA.ru;
2024-01-09;MARIBEACH.ru;
2024-01-09;MARIN777.ru;
2024-01-09;MARINADUBENOK.ru;
2024-01-09;MARINASHCHERBAKOVA.ru;
2024-01-09;MARINPIN.ru;
2024-01-09;MARIOBOIKO.ru;
2024-01-09;MARIUPOL-MBOU50.ru;
2024-01-09;MARIYA-GRIGOREVA.ru;
2024-01-09;MARIYA-OMA.ru;
2024-01-09;MARIYANIKITINA.ru;
2024-01-09;MARKET-CART.ru;
2024-01-09;MARKET-CSGOES.ru;
2024-01-09;MARKET-TRANS-CARGO.ru;
2024-01-09;MARKETPIZZA.ru;
2024-01-09;MARKETTRANSCARGO.ru;
2024-01-09;MARKISIK.ru;
2024-01-09;MARKIZA-FLOWERS.ru;
2024-01-09;MARSIC2024.ru;
2024-01-09;MARTPV.ru;
2024-01-09;MASTER-IMMO.ru;
2024-01-09;MASTERA-SANTH24ELE.ru;
2024-01-09;MASTERDOM123.ru;
2024-01-09;MASTERRUBBER29.ru;
2024-01-09;MASTERSKAYA-ALEXANDRA.ru;
2024-01-09;MASTERSPIKOVVI24REM.ru;
2024-01-09;MATCH-SMM.ru;
2024-01-09;MATISHADOG.ru;
2024-01-09;MATTIKO.ru;
2024-01-09;MATVEEV-DEVOPS.ru;
2024-01-09;MAXALISAPETR.ru;
2024-01-09;MAXELOVSKIKH.ru;
2024-01-09;MAXIMAST.ru;
2024-01-09;MAXINLIGHT.ru;
2024-01-09;MAYA100414.ru;
2024-01-09;MBX51.ru;
2024-01-09;MCSUPER.ru;
2024-01-09;MDTOUR.ru;
2024-01-09;ME1NAS.ru;
2024-01-09;MEA-SOFT.ru;
2024-01-09;MEBEL-EXPERTISE.ru;
2024-01-09;MEBEL-LEBEDEVOY.ru;
2024-01-09;MEBEL-OT-LEBEDEVOY.ru;
2024-01-09;MEBEL-SOZVEZDIE.ru;
2024-01-09;MEBELBROSKO.ru;
2024-01-09;MEBELNO37.ru;
2024-01-09;MEBELVKOMNATU.ru;
2024-01-09;MEBSELLER.ru;
2024-01-09;MED-SIDELKI.ru;
2024-01-09;MEDIA-KURS.ru;
2024-01-09;MEDIA-OPRS12.ru;
2024-01-09;MEDIANN-DEV.ru;
2024-01-09;MEDKAB-ZDOROVE.ru;
2024-01-09;MEDKNIZHKI-CENA.ru;
2024-01-09;MEDKNIZHKI-NEDOROGO.ru;
2024-01-09;MEDTECC.ru;
2024-01-09;MEEBLOOM.ru;
2024-01-09;MEESHK.ru;
2024-01-09;MEGABULL.ru;
2024-01-09;MEGAPOLIS-CARSPB.ru;
2024-01-09;MEISIFARM.ru;
2024-01-09;MELONJUICE.ru;
2024-01-09;MENDESFOTO.ru;
2024-01-09;MENGJI.ru;
2024-01-09;MENTAL-SIGN.ru;
2024-01-09;MERCH-INFRA.ru;
2024-01-09;MESENPRO.ru;
2024-01-09;MESSENGPRO.ru;
2024-01-09;METODACADEMY.ru;
2024-01-09;MFC-AVANGARD.ru;
2024-01-09;MGRENADER.ru;
2024-01-09;MHOLOMEEV.ru;
2024-01-09;MIASSMETALZAVOD.ru;
2024-01-09;MIBLOOM.ru;
2024-01-09;MICHELMORAN.ru;
2024-01-09;MICHINOKU.ru;
2024-01-09;MILANDIA.ru;
2024-01-09;MILKYVEGANYOGA.ru;
2024-01-09;MILLS-RUS.ru;
2024-01-09;MILLS-RUSSIA.ru;
2024-01-09;MILLSRUSSIA.ru;
2024-01-09;MINIMIRSHOP.ru;
2024-01-09;MIRABE.ru;
2024-01-09;MIRATM.ru;
2024-01-09;MIRBABOK.ru;
2024-01-09;MIRMALYRA.ru;
2024-01-09;MIRONOV98.ru;
2024-01-09;MIRPRAV-ZALIV.ru;
2024-01-09;MIRTADIKA.ru;
2024-01-09;MISHURAGEMS.ru;
2024-01-09;MISSMONEY.ru;
2024-01-09;MISTER-CRAB.ru;
2024-01-09;MIXVAGANOV.ru;
2024-01-09;MIYADZAKI.ru;
2024-01-09;MJAZIN.ru;
2024-01-09;MJUZLENKO.ru;
2024-01-09;MKBDEBERMIR.ru;
2024-01-09;MKSZT.ru;
2024-01-09;MKTER.ru;
2024-01-09;MLAVRIK.ru;
2024-01-09;MLMMLM.ru;
2024-01-09;MMGARIFULLIN.ru;
2024-01-09;MMMAS.ru;
2024-01-09;MMMRRR.ru;
2024-01-09;MNBVG1835.ru;
2024-01-09;MNTSTORE.ru;
2024-01-09;MOBICPLAY.ru;
2024-01-09;MOBILE-STAFF.ru;
2024-01-09;MOBILEGO-WORK.ru;
2024-01-09;MODNYE-SVITERA.ru;
2024-01-09;MODULTUR.ru;
2024-01-09;MOHCTP.ru;
2024-01-09;MOISEEV-OA.ru;
2024-01-09;MOLD-E.ru;
2024-01-09;MOLD-REMOVER.ru;
2024-01-09;MOMENTICUS.ru;
2024-01-09;MONETTOP.ru;
2024-01-09;MONEY-2024.ru;
2024-01-09;MONEY2024.ru;
2024-01-09;MONEYBIMON.ru;
2024-01-09;MONEYSELVER.ru;
2024-01-09;MONO-MOSCOW.ru;
2024-01-09;MOOMOOTATTS.ru;
2024-01-09;MOON-BEAUTY-PILATES.ru;
2024-01-09;MOON-ENERGYSCHOOL.ru;
2024-01-09;MOON-PAY.ru;
2024-01-09;MOON99.ru;
2024-01-09;MOONSPRINT.ru;
2024-01-09;MOROSHKA-ART.ru;
2024-01-09;MOSAUTOVYKUP.ru;
2024-01-09;MOSAVTOVYKUP.ru;
2024-01-09;MOSCOWWESTI.ru;
2024-01-09;MOSGROS.ru;
2024-01-09;MOSHKIN-AV.ru;
2024-01-09;MOSKRUG.ru;
2024-01-09;MOSKVADO.ru;
2024-01-09;MOSTWANTED9666.ru;
2024-01-09;MOTKO.ru;
2024-01-09;MOYDOM1LIVE.ru;
2024-01-09;MOYVYZOV.ru;
2024-01-09;MOZXHUB.ru;
2024-01-09;MPN1.ru;
2024-01-09;MRADIK.ru;
2024-01-09;MRCIE.ru;
2024-01-09;MRGRESTM.ru;
2024-01-09;MRPL-GUIDE.ru;
2024-01-09;MRWOODHOOKAH.ru;
2024-01-09;MRYHIN.ru;
2024-01-09;MSK-SOFT1.ru;
2024-01-09;MSKDIESEL.ru;
2024-01-09;MTO-PRO.ru;
2024-01-09;MTSMIR.ru;
2024-01-09;MUKHTARSHOP.ru;
2024-01-09;MULFAR-MIDE.ru;
2024-01-09;MULINY.ru;
2024-01-09;MULTIKARP.ru;
2024-01-09;MULTOLEND.ru;
2024-01-09;MULYUKOVA-AG.ru;
2024-01-09;MURUKAE.ru;
2024-01-09;MUSATENKO.ru;
2024-01-09;MUSICHENKOSVETLANA.ru;
2024-01-09;MUZH-RUBASHKI.ru;
2024-01-09;MUZHEVITIN.ru;
2024-01-09;MUZINAHOME.ru;
2024-01-09;MVTSAREV.ru;
2024-01-09;MVVOLKOVA.ru;
2024-01-09;MW-LESSONS.ru;
2024-01-09;MY-CHALLENGE.ru;
2024-01-09;MY-CHAT-TEST.ru;
2024-01-09;MY-FREE.ru;
2024-01-09;MY-HEAD.ru;
2024-01-09;MY-Q.ru;
2024-01-09;MYHOUSECLEANING.ru;
2024-01-09;MYLTIIGRA.ru;
2024-01-09;MYS1006.ru;
2024-01-09;N-VERDIEV.ru;
2024-01-09;NAASHX.ru;
2024-01-09;NABEREJNIECHELNY.ru;
2024-01-09;NADEJDA-369.ru;
2024-01-09;NADEZHDADARTLOVEMAGIC.ru;
2024-01-09;NAEAZY.ru;
2024-01-09;NAFOTKAX.ru;
2024-01-09;NAKIDKI-TROKOT.ru;
2024-01-09;NAKRUTKA1.ru;
2024-01-09;NAMUS-STROY.ru;
2024-01-09;NANDHA.ru;
2024-01-09;NAPOLETAEVA.ru;
2024-01-09;NAPOLNYCSS.ru;
2024-01-09;NARISOFKA.ru;
2024-01-09;NARUTA.ru;
2024-01-09;NASTJA-IVANOVA.ru;
2024-01-09;NASTOLKICHAT.ru;
2024-01-09;NASTYASROST.ru;
2024-01-09;NATALEENID.ru;
2024-01-09;NATALEXPRO.ru;
2024-01-09;NATALJANAZAROVA.ru;
2024-01-09;NATALYLEHAR.ru;
2024-01-09;NATANBRONTS.ru;
2024-01-09;NATLEATHER.ru;
2024-01-09;NATNIKLOL.ru;
2024-01-09;NAUMOG.ru;
2024-01-09;NAUMOVART.ru;
2024-01-09;NAVI-RUS.ru;
2024-01-09;NAZAROVEVGENIY.ru;
2024-01-09;NBIKKULOVA.ru;
2024-01-09;NDR-ZHIV.ru;
2024-01-09;NDREW73.ru;
2024-01-09;NE-PLACHY-DOLG24.ru;
2024-01-09;NEBERY.ru;
2024-01-09;NEBOFRAME.ru;
2024-01-09;NED406.ru;
2024-01-09;NEED-ARMOR.ru;
2024-01-09;NEEDET38.ru;
2024-01-09;NEFTFOOD.ru;
2024-01-09;NEKOBOBRIK.ru;
2024-01-09;NEOBENONE.ru;
2024-01-09;NEOBREZ.ru;
2024-01-09;NEP-EXPRESS.ru;
2024-01-09;NEPEXPRESS.ru;
2024-01-09;NEPLOGISTICS.ru;
2024-01-09;NEPTUNELOGISTICS.ru;
2024-01-09;NEST-SHOP.ru;
2024-01-09;NETY-DOLGA24.ru;
2024-01-09;NETY-DOLGOV24.ru;
2024-01-09;NEURNLN.ru;
2024-01-09;NEUROMESH.ru;
2024-01-09;NEUROSORT.ru;
2024-01-09;NEVA-STOR.ru;
2024-01-09;NEVA-STORE.ru;
2024-01-09;NEVASTOR.ru;
2024-01-09;NEWDENTCLINIC30.ru;
2024-01-09;NEWHOUSE39.ru;
2024-01-09;NEWS-BEAUTY.ru;
2024-01-09;NEWS-RIBALKA.ru;
2024-01-09;NEWSGAZETANEW.ru;
2024-01-09;NEWSPRO-FIN.ru;
2024-01-09;NEXUSZONE.ru;
2024-01-09;NFEDYUNIN.ru;
2024-01-09;NG2082.ru;
2024-01-09;NIALLAS.ru;
2024-01-09;NICKIN-SHOW.ru;
2024-01-09;NIGHTMAREWORLD.ru;
2024-01-09;NIK-PARKET.ru;
2024-01-09;NIKA-S1.ru;
2024-01-09;NIKANAIL.ru;
2024-01-09;NIKEAIR-MAX.ru;
2024-01-09;NIKOLAEVCASES.ru;
2024-01-09;NIKOLATESLA2389.ru;
2024-01-09;NIKOLAY31REG.ru;
2024-01-09;NIKTINA.ru;
2024-01-09;NIKVIVANOV1964.ru;
2024-01-09;NINTENDO-SERVICES.ru;
2024-01-09;NISLAV-KRITSKIY.ru;
2024-01-09;NKATKALO.ru;
2024-01-09;NKIMPROD.ru;
2024-01-09;NKRAJNOV.ru;
2024-01-09;NMNICOLAEVA2011.ru;
2024-01-09;NNOV-ZABOR.ru;
2024-01-09;NO89.ru;
2024-01-09;NOCFRAME.ru;
2024-01-09;NONAME-STUDIO-GAMEDEV.ru;
2024-01-09;NONAMETHEATER.ru;
2024-01-09;NOPCR.ru;
2024-01-09;NORDICPROTECH.ru;
2024-01-09;NORDINIKS.ru;
2024-01-09;NOTCOIN-BLOG.ru;
2024-01-09;NOTCOINTON.ru;
2024-01-09;NOVIYORIENTIR.ru;
2024-01-09;NOVOBENON.ru;
2024-01-09;NOVOBENONE.ru;
2024-01-09;NOVOSIBIRSK-EKSKURSII.ru;
2024-01-09;NOVOSTROIKI-RYAZAN.ru;
2024-01-09;NOVOSTROIKI-RYAZANONLINE.ru;
2024-01-09;NPKSTAN.ru;
2024-01-09;NPO-ALTER.ru;
2024-01-09;NPOPEZ.ru;
2024-01-09;NPOQEZ.ru;
2024-01-09;NSORTLEY.ru;
2024-01-09;NTARAJKOVICH.ru;
2024-01-09;NTERESHIN.ru;
2024-01-09;NTMSZ.ru;
2024-01-09;NU-SASHKA.ru;
2024-01-09;NULLAWAY.ru;
2024-01-09;NUTELLAMOBILE.ru;
2024-01-09;NVVOI.ru;
2024-01-09;NWGFIREGLASS.ru;
2024-01-09;NZT-BOT.ru;
2024-01-09;O-DOLGAX2-PO-ZAKONY.ru;
2024-01-09;O-DOLGAX24-ZABYDY.ru;
2024-01-09;O-HOSTINGAH.ru;
2024-01-09;O-NALOGAH.ru;
2024-01-09;O-V-A.ru;
2024-01-09;OASKAR.ru;
2024-01-09;OBEGDZHANOVA.ru;
2024-01-09;OBOGREVATEL-ZAKAZAT.ru;
2024-01-09;OBOI-OBOI-PRO.ru;
2024-01-09;OBOIDUVSE.ru;
2024-01-09;OBORUDUS.ru;
2024-01-09;OBUCHENIETELEGRAM.ru;
2024-01-09;OCENKA-EKATERINBURG.ru;
2024-01-09;OCENKA-NNV.ru;
2024-01-09;OCENKAKM.ru;
2024-01-09;OCHERNOTA.ru;
2024-01-09;ODASATAN.ru;
2024-01-09;ODASATAN666.ru;
2024-01-09;ODEVAET.ru;
2024-01-09;ODEZDADOM.ru;
2024-01-09;ODINDOMALORDFILM.ru;
2024-01-09;OFD-ORD1118.ru;
2024-01-09;OFD-ORD1931.ru;
2024-01-09;OFD-ORD3421.ru;
2024-01-09;OFD-ORD3544.ru;
2024-01-09;OFD-ORD6146.ru;
2024-01-09;OFD-ORD7016.ru;
2024-01-09;OFD-ORD7392.ru;
2024-01-09;OFD-ORD9560.ru;
2024-01-09;OFD-ORD9592.ru;
2024-01-09;OFD-ORD9695.ru;
2024-01-09;OFD-ORD9741.ru;
2024-01-09;OFD-ORD9908.ru;
2024-01-09;OFD1921.ru;
2024-01-09;OFD3360.ru;
2024-01-09;OFD9450.ru;
2024-01-09;OFFICEDISCOUNTER.ru;
2024-01-09;OFFICIAL-DELIVERY.ru;
2024-01-09;OFFICIAL-ID9837.ru;
2024-01-09;OGASANOV.ru;
2024-01-09;OGENTATE.ru;
2024-01-09;OGOEVA.ru;
2024-01-09;OGOROD180.ru;
2024-01-09;OGORODNICA24.ru;
2024-01-09;OILCC.ru;
2024-01-09;OKAMINSKAJA.ru;
2024-01-09;OKINAWAHOTELMAJIN.ru;
2024-01-09;OKSANAMARTY.ru;
2024-01-09;OKSCHUROVA.ru;
2024-01-09;OLATIVA.ru;
2024-01-09;OLEGALEKSANDROV.ru;
2024-01-09;OLEGSHUMAN.ru;
2024-01-09;OLGA-LOGACHEVA.ru;
2024-01-09;OLGA-VINNIKOVA.ru;
2024-01-09;OLGAANIKINA90.ru;
2024-01-09;OLGATHEWHITESWAN.ru;
2024-01-09;OLGAVL.ru;
2024-01-09;OLIPERTUS.ru;
2024-01-09;OLLYA.ru;
2024-01-09;OLYAYA.ru;
2024-01-09;OLYMPUS-SERVICES.ru;
2024-01-09;OLZER.ru;
2024-01-09;OMSK-DONGFENGMOTOR.ru;
2024-01-09;ONE1LIFE.ru;
2024-01-09;ONEGOPTZ.ru;
2024-01-09;ONESHOTTATTOO.ru;
2024-01-09;ONKYO-SERVICES.ru;
2024-01-09;ONLINE-BARBERCOURSES.ru;
2024-01-09;ONLINE-PODGOTOVKA.ru;
2024-01-09;ONLINE-REHAB.ru;
2024-01-09;ONLINEKULTURA.ru;
2024-01-09;ONLINEPROFESSY.ru;
2024-01-09;ONLINEREHAB.ru;
2024-01-09;ONLY-LOFT.ru;
2024-01-09;ONLYQUEST.ru;
2024-01-09;OOOURTK.ru;
2024-01-09;OPEN-ANKETA.ru;
2024-01-09;OPENFIRM.ru;
2024-01-09;OPHIDIA.ru;
2024-01-09;OPLATA2132.ru;
2024-01-09;OPLATA2133.ru;
2024-01-09;OPOZDYN.ru;
2024-01-09;OPTIKALUT.ru;
2024-01-09;OPTIMAL-DVR.ru;
2024-01-09;OPTSHARIKI.ru;
2024-01-09;ORAAUTO.ru;
2024-01-09;ORD0128.ru;
2024-01-09;ORDER-3834.ru;
2024-01-09;ORDER-4703.ru;
2024-01-09;ORDER-ID912875.ru;
2024-01-09;ORDER-ID93485.ru;
2024-01-09;ORDER1450.ru;
2024-01-09;ORDER2089.ru;
2024-01-09;ORDER5709.ru;
2024-01-09;ORDER6505.ru;
2024-01-09;ORDER6540.ru;
2024-01-09;ORDER7205.ru;
2024-01-09;ORDER7767.ru;
2024-01-09;ORDER7807.ru;
2024-01-09;ORDER8470.ru;
2024-01-09;ORDER8640.ru;
2024-01-09;ORDER8794.ru;
2024-01-09;ORDER8910.ru;
2024-01-09;ORDER9015.ru;
2024-01-09;ORDER9074.ru;
2024-01-09;ORDER9401.ru;
2024-01-09;ORDER9870.ru;
2024-01-09;ORFOGRAMIO.ru;
2024-01-09;ORGANIZACIJ.ru;
2024-01-09;ORGANIZEPDF.ru;
2024-01-09;ORGANIZORRO.ru;
2024-01-09;ORIENTIRPROF.ru;
2024-01-09;ORIGIN-RP.ru;
2024-01-09;ORION-REALTOR.ru;
2024-01-09;ORIONREALTOR.ru;
2024-01-09;ORLOVNIKITA.ru;
2024-01-09;OS-LISKI.ru;
2024-01-09;OSCAR1591.ru;
2024-01-09;OSCARMUSICS.ru;
2024-01-09;OSKARBEAUTY.ru;
2024-01-09;OSTEKLENIE38.ru;
2024-01-09;OTARDIGITAL.ru;
2024-01-09;OTK154.ru;
2024-01-09;OTOGREV-AUTO24.ru;
2024-01-09;OTOPLENIE30.ru;
2024-01-09;OTVETIMVSETUT.ru;
2024-01-09;OTVETMP.ru;
2024-01-09;OTXOH4IK.ru;
2024-01-09;OUSTETIV.ru;
2024-01-09;OUTLET2024.ru;
2024-01-09;OVD-GOV.ru;
2024-01-09;OVOD100.ru;
2024-01-09;OWLSGRIP.ru;
2024-01-09;OWN-PEOPLE.ru;
2024-01-09;OWNPEOPLE.ru;
2024-01-09;OXEXO.ru;
2024-01-09;OYSHARA.ru;
2024-01-09;OZEPAY.ru;
2024-01-09;P-PETROVA.ru;
2024-01-09;P-RR.ru;
2024-01-09;P0STROIM-HOUSE.ru;
2024-01-09;PAGE-4791.ru;
2024-01-09;PALATKI-V-KEMPING.ru;
2024-01-09;PALITRI.ru;
2024-01-09;PALLETNYE-STELLAGI.ru;
2024-01-09;PALYCH-PRO.ru;
2024-01-09;PANO125.ru;
2024-01-09;PANTELEEV-TOP.ru;
2024-01-09;PARACELSUS-MED.ru;
2024-01-09;PARK-FOROS.ru;
2024-01-09;PARKSIDE-MOSCOW.ru;
2024-01-09;PARTS-SCANNER.ru;
2024-01-09;PASTACLUB.ru;
2024-01-09;PAVEL4601.ru;
2024-01-09;PAVILION-STROY.ru;
2024-01-09;PAVLOVANV2023.ru;
2024-01-09;PAY-ID714552.ru;
2024-01-09;PAY-ID816844.ru;
2024-01-09;PAY-ID855321.ru;
2024-01-09;PAY-ID912512.ru;
2024-01-09;PAYD13.ru;
2024-01-09;PAYMENT-271.ru;
2024-01-09;PAYMENT-272.ru;
2024-01-09;PAYMENTS-ORDER975.ru;
2024-01-09;PBK64.ru;
2024-01-09;PDL-MASTER.ru;
2024-01-09;PDL-SPORT.ru;
2024-01-09;PDNV.ru;
2024-01-09;PEARGIANNE.ru;
2024-01-09;PECHATI-55.ru;
2024-01-09;PECHATVEZDE.ru;
2024-01-09;PECTOSOME.ru;
2024-01-09;PEDKOM.ru;
2024-01-09;PEGASSECURITY.ru;
2024-01-09;PELAMIDA.ru;
2024-01-09;PENO-PROM.ru;
2024-01-09;PENTAX-SERVICE.ru;
2024-01-09;PEREPLET-SPB.ru;
2024-01-09;PERESADINA.ru;
2024-01-09;PEREVEDENCZEVAA.ru;
2024-01-09;PEREVOZKA-ONLINE.ru;
2024-01-09;PERFECT-REBORN.ru;
2024-01-09;PERFECTVANN.ru;
2024-01-09;PEROVIAB.ru;
2024-01-09;PERSHIJNTER.ru;
2024-01-09;PERSHIN-PLASTICA.ru;
2024-01-09;PERVINDICTAM.ru;
2024-01-09;PETA634.ru;
2024-01-09;PETFORD.ru;
2024-01-09;PETRITUALEKB.ru;
2024-01-09;PETRITUALKZN.ru;
2024-01-09;PETRITUALMSK.ru;
2024-01-09;PETRITUALNN.ru;
2024-01-09;PETRITUALNS.ru;
2024-01-09;PETRITUALSMR.ru;
2024-01-09;PETRITUALSOCHI.ru;
2024-01-09;PETRITUALVLG.ru;
2024-01-09;PETRITUALVRN.ru;
2024-01-09;PETRUSHECHKINA.ru;
2024-01-09;PETRYPHO.ru;
2024-01-09;PHARMA-LEX.ru;
2024-01-09;PHENIXDNR.ru;
2024-01-09;PHOENIXRPGARCHIVE.ru;
2024-01-09;PHOTO-REELS.ru;
2024-01-09;PHOTOCRIMEA.ru;
2024-01-09;PHOTOELIZ-YA.ru;
2024-01-09;PHOTOHTK.ru;
2024-01-09;PHOTOIRK38.ru;
2024-01-09;PHUDJAKOV.ru;
2024-01-09;PHYGIATHLON.ru;
2024-01-09;PHYGIATLON.ru;
2024-01-09;PIN-BAR.ru;
2024-01-09;PIN-UP-BETTINGS.ru;
2024-01-09;PIN-UP-CASINO-BONUS.ru;
2024-01-09;PIN-UP-GAMES.ru;
2024-01-09;PIN-UP-SHOPS.ru;
2024-01-09;PIN-UPCAZINOMONEY.ru;
2024-01-09;PIN-UPCAZINOPLAYZ.ru;
2024-01-09;PIN-UPKAZINOSLOTS.ru;
2024-01-09;PIN-UPP2.ru;
2024-01-09;PINSOMER.ru;
2024-01-09;PINUP-4707.ru;
2024-01-09;PINUP-894.ru;
2024-01-09;PINUP-AVTOMATY587.ru;
2024-01-09;PINUP-BEST1.ru;
2024-01-09;PINUP-CASHCAZINO.ru;
2024-01-09;PINUP-CAZINOPAYS.ru;
2024-01-09;PINUP-CUSINO.ru;
2024-01-09;PINUP-KASINO.ru;
2024-01-09;PINUP-KASINOPLAY.ru;
2024-01-09;PINUP-KASINOSLOTS.ru;
2024-01-09;PINUP-KAZINO-25.ru;
2024-01-09;PINUP-KAZINOSLOTS.ru;
2024-01-09;PINUP-OFFCIAL-34.ru;
2024-01-09;PINUP-PAYKASINO.ru;
2024-01-09;PINUP-PAYSCASH.ru;
2024-01-09;PINUP-PAYSKAZINO.ru;
2024-01-09;PINUP-PLAYCAZINO.ru;
2024-01-09;PINUP-PLAYKASINO.ru;
2024-01-09;PINUP-PLAYSCAZINO.ru;
2024-01-09;PINUP-SILVER.ru;
2024-01-09;PINUP-WELCOME.ru;
2024-01-09;PINUP-WINMONEY.ru;
2024-01-09;PINUP24CASINO.ru;
2024-01-09;PINUP7206.ru;
2024-01-09;PINUPCASHCAZINO.ru;
2024-01-09;PINUPCASINO-MONEY.ru;
2024-01-09;PINUPCASINO-PLAYZ.ru;
2024-01-09;PINUPCASINO66-3.ru;
2024-01-09;PINUPCASINO77777BX.ru;
2024-01-09;PINUPCASINO777AX.ru;
2024-01-09;PINUPCASINOMONEY.ru;
2024-01-09;PINUPCASINOPAYS.ru;
2024-01-09;PINUPCASINOPLAY77777.ru;
2024-01-09;PINUPCASINOPLAY7X.ru;
2024-01-09;PINUPCAZINO-PAYS.ru;
2024-01-09;PINUPCAZINOCASH.ru;
2024-01-09;PINUPCAZINOPLAYS.ru;
2024-01-09;PINUPKASINOPAYS.ru;
2024-01-09;PINUPKAZINOCASHWIN.ru;
2024-01-09;PINUPPLAYKAZINO.ru;
2024-01-09;PINUPPLAYS.ru;
2024-01-09;PINUPSLOTSPAYS.ru;
2024-01-09;PINUPWIN-CAZINO.ru;
2024-01-09;PIONEER-SERVICES.ru;
2024-01-09;PIRAMIDA--SLOTS.ru;
2024-01-09;PITERWESTI.ru;
2024-01-09;PIZZADCC.ru;
2024-01-09;PIZZASHOP163.ru;
2024-01-09;PKOSKIN.ru;
2024-01-09;PLAKATTA.ru;
2024-01-09;PLAN3.ru;
2024-01-09;PLATOVA-PRO.ru;
2024-01-09;PLITUR.ru;
2024-01-09;PLUM-RUST.ru;
2024-01-09;PLUMBEARCOM.ru;
2024-01-09;PMO-CONSULTING.ru;
2024-01-09;PMORSEUR.ru;
2024-01-09;PO-ZAKONY24-PRO-DOLG.ru;
2024-01-09;POCHEMUETO.ru;
2024-01-09;POCHTA-777.ru;
2024-01-09;POCKET-OPTI0N.ru;
2024-01-09;POCKET-OPTION-PROMOKOD.ru;
2024-01-09;POCO-SERVICES.ru;
2024-01-09;PODGORAET.ru;
2024-01-09;PODGOTOVKA-ONLINE.ru;
2024-01-09;PODUSHKA-OSTIO.ru;
2024-01-09;POINT-IEARNING-WB.ru;
2024-01-09;POLAND-TIKET.ru;
2024-01-09;POLEV-PRO-HOSTINGI.ru;
2024-01-09;POLOS67.ru;
2024-01-09;POLOVINCHENKO.ru;
2024-01-09;POLYNOM3.ru;
2024-01-09;POLYPLITKA.ru;
2024-01-09;POLYSTREAM.ru;
2024-01-09;POOLS-CASSA.ru;
2024-01-09;POOLS-KINO.ru;
2024-01-09;POOLS-STANDUP.ru;
2024-01-09;POOLS-THEATRE.ru;
2024-01-09;POPOVAEB.ru;
2024-01-09;PORTFOLIO-ZH.ru;
2024-01-09;PORTFOLIO593.ru;
2024-01-09;POSHIVCGD.ru;
2024-01-09;POSITIVEKOT.ru;
2024-01-09;POSLESMERTIE.ru;
2024-01-09;POSMOTRIOTVET.ru;
2024-01-09;POST-LOCATE.ru;
2024-01-09;POSTAVKI-OPT.ru;
2024-01-09;POSTROIM-DOM2Y0U.ru;
2024-01-09;POSTROIM-HOME4YOU.ru;
2024-01-09;POSUTOCHNO-TBILISI.ru;
2024-01-09;POTESHNAYA.ru;
2024-01-09;POTOLKIBRAUSE.ru;
2024-01-09;POVOREHKA.ru;
2024-01-09;POWER-GRACE.ru;
2024-01-09;POWERSHOWIVAN.ru;
2024-01-09;POZDNYAKOVALUBOV.ru;
2024-01-09;POZNANIYAM.ru;
2024-01-09;PPRROGOLOOSUI.ru;
2024-01-09;PRACTICA-INFO.ru;
2024-01-09;PRACTICKONF.ru;
2024-01-09;PRAGMATIKANW.ru;
2024-01-09;PRAVOCORP.ru;
2024-01-09;PRAVOSLAVIEDO.ru;
2024-01-09;PRDOC.ru;
2024-01-09;PRECKYAN.ru;
2024-01-09;PREKRASEN-MIR.ru;
2024-01-09;PREM-WATCHES.ru;
2024-01-09;PREM575.ru;
2024-01-09;PREMIER-WINES.ru;
2024-01-09;PREMIERWINES.ru;
2024-01-09;PREMIUM-STUDIO-INTERIOR.ru;
2024-01-09;PREMIUMPINUP-873.ru;
2024-01-09;PRETTYPLUSS.ru;
2024-01-09;PRIMATDAYZ.ru;
2024-01-09;PRINTEVEZDE.ru;
2024-01-09;PRIVATE25.ru;
2024-01-09;PRO-BIZLEAD.ru;
2024-01-09;PRO-DOLG2024.ru;
2024-01-09;PRO-DOLGI24.ru;
2024-01-09;PRO-FRAME.ru;
2024-01-09;PRO-HOSTEXPERT.ru;
2024-01-09;PRO-HOSTING24.ru;
2024-01-09;PRO-HOSTINGLUD.ru;
2024-01-09;PRO-TERM-KOTYOL.ru;
2024-01-09;PRO24WISEXCHANGER.ru;
2024-01-09;PROACTIVE63.ru;
2024-01-09;PROBARMINO52.ru;
2024-01-09;PROBCE24.ru;
2024-01-09;PROBIVBOT.ru;
2024-01-09;PRODAEM-NA-MP.ru;
2024-01-09;PROF-AI.ru;
2024-01-09;PROFAW.ru;
2024-01-09;PROFILCHISTOTY.ru;
2024-01-09;PROFILREMONTA.ru;
2024-01-09;PROHRCOACHING.ru;
2024-01-09;PROJECT-OF-NUTRITION.ru;
2024-01-09;PROKHANOVKA.ru;
2024-01-09;PROMOKOD-MEGAMARKETA.ru;
2024-01-09;PROMTNET.ru;
2024-01-09;PROOTSENKA.ru;
2024-01-09;PROPUSK-PO-MOSKVE.ru;
2024-01-09;PROSLOWLIFE.ru;
2024-01-09;PROSTO13.ru;
2024-01-09;PROSTOKOMFORTNO.ru;
2024-01-09;PROVERKATELEGRAM.ru;
2024-01-09;PRSNLHR.ru;
2024-01-09;PRYADILSHIKOVAFOTO.ru;
2024-01-09;PRYPETSEN.ru;
2024-01-09;PSED22.ru;
2024-01-09;PSHABUNIN.ru;
2024-01-09;PSOLOMATOV.ru;
2024-01-09;PSROOT.ru;
2024-01-09;PSWIK.ru;
2024-01-09;PSYCHOLOGTOP.ru;
2024-01-09;PSYFORPEOPLE.ru;
2024-01-09;PSYIN.ru;
2024-01-09;PSYLIGHT29.ru;
2024-01-09;PTEHPROEKT.ru;
2024-01-09;PUFFMI-SHOP.ru;
2024-01-09;PUMA-MOSCOW.ru;
2024-01-09;PUMASPB.ru;
2024-01-09;PUPEMA.ru;
2024-01-09;PUSSYRIDE.ru;
2024-01-09;PUTONDAY.ru;
2024-01-09;PUTPREODOLENYA-ULYANOVSK.ru;
2024-01-09;PV2393.ru;
2024-01-09;PVAGIN.ru;
2024-01-09;PVOSTRIKOV.ru;
2024-01-09;PYATANOV.ru;
2024-01-09;PYSHOOL.ru;
2024-01-09;PYTHONWIKI.ru;
2024-01-09;QARABASS.ru;
2024-01-09;QR-GAMER.ru;
2024-01-09;QR-LOGIN.ru;
2024-01-09;QTY-COSMETICS.ru;
2024-01-09;QTY-PRO.ru;
2024-01-09;QTY-SHAMPOO.ru;
2024-01-09;QTYCOSMETICS.ru;
2024-01-09;QTYPRO.ru;
2024-01-09;QTYPROFESSIONAL.ru;
2024-01-09;QUADEONALI.ru;
2024-01-09;QUALITY-RP.ru;
2024-01-09;QUANTFEED.ru;
2024-01-09;QUARTACONSULTING.ru;
2024-01-09;QUICKSOUTH.ru;
2024-01-09;RABBITMQ-LESSONS.ru;
2024-01-09;RABOTA-ANKETA.ru;
2024-01-09;RABOTA-MARIA-RA.ru;
2024-01-09;RADAR-GO.ru;
2024-01-09;RADARY-DETEKTORY.ru;
2024-01-09;RADIANT-SMILE.ru;
2024-01-09;RADIO-ONLAYN.ru;
2024-01-09;RADIODETALI155.ru;
2024-01-09;RADOSTEVAWB.ru;
2024-01-09;RAGOZLA.ru;
2024-01-09;RAISA-GUSEJNOVA.ru;
2024-01-09;RAKKYCUPDATE.ru;
2024-01-09;RAMBLCR.ru;
2024-01-09;RAMZINCOR.ru;
2024-01-09;RARUTJUNJAN.ru;
2024-01-09;RASKHODNIKIRF.ru;
2024-01-09;RASSANOVA-1.ru;
2024-01-09;RASSTEGAJ.ru;
2024-01-09;RAVLES.ru;
2024-01-09;RAWARDS-FF-GARENU.ru;
2024-01-09;RAYPINO.ru;
2024-01-09;RAYZR.ru;
2024-01-09;RBVASNAB.ru;
2024-01-09;RE-SHOWER.ru;
2024-01-09;REALME-SERVICES.ru;
2024-01-09;REDKO-7.ru;
2024-01-09;REDRAKI.ru;
2024-01-09;REDSTARST.ru;
2024-01-09;REDTASK-SERVER.ru;
2024-01-09;REGARD-STROIT.ru;
2024-01-09;REGCOURIER.ru;
2024-01-09;REGRESSION-EIT.ru;
2024-01-09;REKAOBLAKA.ru;
2024-01-09;REKLAMABLOGER.ru;
2024-01-09;REKLAMAUGA.ru;
2024-01-09;REM-29.ru;
2024-01-09;REM-TEHMASTER.ru;
2024-01-09;REMONT-BRUSNIKA-KRD.ru;
2024-01-09;REMONT-SAMARA-BRUSNIKA.ru;
2024-01-09;REMONT-SMR.ru;
2024-01-09;REMONT-TRAKTOR.ru;
2024-01-09;REMONT001.ru;
2024-01-09;REMONTKVARTIROMSK.ru;
2024-01-09;REMONTKVUFA.ru;
2024-01-09;REMONTNOVOSTROY64.ru;
2024-01-09;REMONTOBUVI-OREL.ru;
2024-01-09;REMONTPROD.ru;
2024-01-09;REMONTPRODIGY.ru;
2024-01-09;REMSKLAD54.ru;
2024-01-09;RENT-MASS.ru;
2024-01-09;RENTEESPACE.ru;
2024-01-09;RENTISH13-AXIOMA.ru;
2024-01-09;RENTLPG.ru;
2024-01-09;REPO2.ru;
2024-01-09;RESANTA-SERVICE.ru;
2024-01-09;RESELLA.ru;
2024-01-09;RESHOWER.ru;
2024-01-09;RESPECTFOOTBALL.ru;
2024-01-09;RESTORANPUBLICA.ru;
2024-01-09;RETROFIT-SHOP.ru;
2024-01-09;REUTENKO.ru;
2024-01-09;REVERRISE.ru;
2024-01-09;REVIEWAUTHMYGOVXSEC.ru;
2024-01-09;REWARD-FF-QARENE.ru;
2024-01-09;REWARDS-FF-GERENU.ru;
2024-01-09;RF-CREDITS.ru;
2024-01-09;RF-LOW.ru;
2024-01-09;RFORMA.ru;
2024-01-09;RGSON.ru;
2024-01-09;RICKOWENS-MOSCOW.ru;
2024-01-09;RIDEPORT.ru;
2024-01-09;RIKASENSOR.ru;
2024-01-09;RILS-KURSY-BESPLATNO.ru;
2024-01-09;RIM-TKANI.ru;
2024-01-09;RINALINA.ru;
2024-01-09;RINAT-ISHMUHAMETOV.ru;
2024-01-09;RIOBET2024.ru;
2024-01-09;RIOBETCASINO-2024.ru;
2024-01-09;RIOBETCAZINO.ru;
2024-01-09;RIRI-PATTERN.ru;
2024-01-09;RISEW.ru;
2024-01-09;RISHAT-DAVLETGAREEV.ru;
2024-01-09;RITUALNK.ru;
2024-01-09;RK-TECHNOLOGIES.ru;
2024-01-09;RKANAVA.ru;
2024-01-09;RKTECHNOLOGIES.ru;
2024-01-09;RMESTG.ru;
2024-01-09;RMIAS.ru;
2024-01-09;RNIKOLAJ.ru;
2024-01-09;ROB2006.ru;
2024-01-09;ROBOT-REMONT.ru;
2024-01-09;ROBUXCARD.ru;
2024-01-09;ROGENGURU.ru;
2024-01-09;ROID-GP.ru;
2024-01-09;ROKUT.ru;
2024-01-09;ROLAND-SERVICES.ru;
2024-01-09;ROMANSTRIGA.ru;
2024-01-09;ROMASHKA-DIGITAL.ru;
2024-01-09;ROOF-M.ru;
2024-01-09;ROS-NEWS.ru;
2024-01-09;ROSEN-PSYCHOLOG.ru;
2024-01-09;ROSMEDICIN.ru;
2024-01-09;ROSTAPLATFORMA.ru;
2024-01-09;ROSTOVDON161.ru;
2024-01-09;ROVA86.ru;
2024-01-09;ROYAL-TG.ru;
2024-01-09;RP-PLUS.ru;
2024-01-09;RSDETAIL.ru;
2024-01-09;RSDETAILING.ru;
2024-01-09;RSKAMENSKIH.ru;
2024-01-09;RSP108.ru;
2024-01-09;RSTAXI.ru;
2024-01-09;RU-ID8857.ru;
2024-01-09;RU-SECURITY3764.ru;
2024-01-09;RUATC.ru;
2024-01-09;RUBBERPROFILE.ru;
2024-01-09;RUBBITCOIN.ru;
2024-01-09;RUBYPRECIOUS.ru;
2024-01-09;RUCASINO-777.ru;
2024-01-09;RUHAPPYBABY.ru;
2024-01-09;RUMCGROUP.ru;
2024-01-09;RUNTO24.ru;
2024-01-09;RUS-PUZZLE.ru;
2024-01-09;RUS-UZ.ru;
2024-01-09;RUS123.ru;
2024-01-09;RUSFACTORIES.ru;
2024-01-09;RUSINOVAKURS.ru;
2024-01-09;RUSS-POSTIN.ru;
2024-01-09;RUSSIAN-LANDSCAPES.ru;
2024-01-09;RUSSIAN-PUZZLE.ru;
2024-01-09;RUSSIANPUZZLE.ru;
2024-01-09;RUSSKOEFOTO.ru;
2024-01-09;RUSSPIRIT.ru;
2024-01-09;RUSSTRAK.ru;
2024-01-09;RUST-ISLAND.ru;
2024-01-09;RUST-PEAK.ru;
2024-01-09;RUSTORE-DOWNLOAD.ru;
2024-01-09;RUSTPEAK.ru;
2024-01-09;RUZHDI.ru;
2024-01-09;RYBAKOVA-7.ru;
2024-01-09;RYBAKOVDA.ru;
2024-01-09;RZD2024.ru;
2024-01-09;S-PANORAMA.ru;
2024-01-09;S-REDKIN.ru;
2024-01-09;S2-IMPLANT.ru;
2024-01-09;SA-DNR.ru;
2024-01-09;SABAYTUR.ru;
2024-01-09;SABUROVA-MARINA.ru;
2024-01-09;SAD-IGNAT.ru;
2024-01-09;SADBALASHOV.ru;
2024-01-09;SAFETYBIZ.ru;
2024-01-09;SAFONV.ru;
2024-01-09;SAGIDANOVA.ru;
2024-01-09;SAIGONEKB.ru;
2024-01-09;SAITCREATE-ONLINE.ru;
2024-01-09;SALAHOV-PRO.ru;
2024-01-09;SALE2024ONLINE.ru;
2024-01-09;SALON-AYLASHOME.ru;
2024-01-09;SALVATOREFOZZI.ru;
2024-01-09;SAMARA-TRUD.ru;
2024-01-09;SAME877.ru;
2024-01-09;SAMII-OTVETNII.ru;
2024-01-09;SAMP-RD.ru;
2024-01-09;SAMRETH.ru;
2024-01-09;SAMURAIAUTO-VL.ru;
2024-01-09;SANDREY8.ru;
2024-01-09;SANGRAAL.ru;
2024-01-09;SANTECH38.ru;
2024-01-09;SANTEH-NCH.ru;
2024-01-09;SANTEX-NCH.ru;
2024-01-09;SANTEXIVAN.ru;
2024-01-09;SAOLTI.ru;
2024-01-09;SAPIAS.ru;
2024-01-09;SAPPHIRERING.ru;
2024-01-09;SASHABARANOVA.ru;
2024-01-09;SATISFIED-IT.ru;
2024-01-09;SATURN-X.ru;
2024-01-09;SAVGUSMANOVA.ru;
2024-01-09;SAVLITA.ru;
2024-01-09;SAZONOV97.ru;
2024-01-09;SAZZ-SMG.ru;
2024-01-09;SBECK.ru;
2024-01-09;SBITNEV4.ru;
2024-01-09;SBNEMKIN.ru;
2024-01-09;SBOOTIN.ru;
2024-01-09;SCHEAT-PRO.ru;
2024-01-09;SCHEWZOV.ru;
2024-01-09;SCHUKLINA.ru;
2024-01-09;SCIENCEPM.ru;
2024-01-09;SCIENTIFICAMC.ru;
2024-01-09;SCVBN.ru;
2024-01-09;SDELAT-SVOIMI-RUKAMI.ru;
2024-01-09;SDELKA7372.ru;
2024-01-09;SDICI.ru;
2024-01-09;SECUREA.ru;
2024-01-09;SELECTOR-PLAY4.ru;
2024-01-09;SELECTOR-ZERKALO.ru;
2024-01-09;SELENA-1.ru;
2024-01-09;SELENAWB.ru;
2024-01-09;SELEZNEVAYULIA.ru;
2024-01-09;SELIGER-ARENDA.ru;
2024-01-09;SEMIKEY.ru;
2024-01-09;SEMIRSHOP.ru;
2024-01-09;SEMYONANTROPOV.ru;
2024-01-09;SEND-ORDER.ru;
2024-01-09;SENDERADS.ru;
2024-01-09;SENDLI.ru;
2024-01-09;SENDMEABROAD.ru;
2024-01-09;SENSORFAQ.ru;
2024-01-09;SEO-BILITY.ru;
2024-01-09;SEO-BOSS.ru;
2024-01-09;SEO-CRAFT.ru;
2024-01-09;SEO-EXPERTNO.ru;
2024-01-09;SEPLYARSKIY.ru;
2024-01-09;SER6347.ru;
2024-01-09;SERDITSKAYA.ru;
2024-01-09;SERDITSKIY.ru;
2024-01-09;SERGEIBOGDANOV.ru;
2024-01-09;SERGEYLUKIN.ru;
2024-01-09;SERGZET.ru;
2024-01-09;SERIALBIT.ru;
2024-01-09;SERIALLON.ru;
2024-01-09;SERTIFIKAT-ISO-OFIC.ru;
2024-01-09;SERVER-SPHERE.ru;
2024-01-09;SERVERSPHERE.ru;
2024-01-09;SERVICE-3422.ru;
2024-01-09;SERVICE-DEMO.ru;
2024-01-09;SEVASTOPOL-FUNDAMENT.ru;
2024-01-09;SEVEN-WINDS-TEST-TASK.ru;
2024-01-09;SEVERNAYA-SEMYA.ru;
2024-01-09;SEVTIFEEV.ru;
2024-01-09;SEXSICOLA.ru;
2024-01-09;SEXTAK.ru;
2024-01-09;SEXY-LIVECASINO2024.ru;
2024-01-09;SEZONKA-TIRES.ru;
2024-01-09;SFATKIN.ru;
2024-01-09;SHADYEV-1.ru;
2024-01-09;SHAHMARAN.ru;
2024-01-09;SHAKHTRANSSERVICE.ru;
2024-01-09;SHALVAR.ru;
2024-01-09;SHAMANSK8.ru;
2024-01-09;SHARAMAZANOV.ru;
2024-01-09;SHCHEMELININA.ru;
2024-01-09;SHDMA.ru;
2024-01-09;SHE-LOVE.ru;
2024-01-09;SHEEBURGER.ru;
2024-01-09;SHELEMETEV.ru;
2024-01-09;SHEVCHENKOEVEL.ru;
2024-01-09;SHIBURGER.ru;
2024-01-09;SHIK11.ru;
2024-01-09;SHINA-X.ru;
2024-01-09;SHINING-FUTURE.ru;
2024-01-09;SHINY-ZIMA.ru;
2024-01-09;SHINYFISH.ru;
2024-01-09;SHKAFE-STUDIYO.ru;
2024-01-09;SHKI12.ru;
2024-01-09;SHOKOBOKS.ru;
2024-01-09;SHOPMONA.ru;
2024-01-09;SHOPPERINSPAIN.ru;
2024-01-09;SHOPTOPTORG.ru;
2024-01-09;SHOR-SPB.ru;
2024-01-09;SHTORIM.ru;
2024-01-09;SHUGGEENERGY.ru;
2024-01-09;SIBGADGET.ru;
2024-01-09;SICELICT.ru;
2024-01-09;SIDEMOTION.ru;
2024-01-09;SIEMENS-ORG.ru;
2024-01-09;SILA-SEMECHKI.ru;
2024-01-09;SILATOKA61.ru;
2024-01-09;SIMAKOVA-7.ru;
2024-01-09;SIMVOL22.ru;
2024-01-09;SINER-GEL.ru;
2024-01-09;SINOPRODUCTION.ru;
2024-01-09;SITE-NAWP.ru;
2024-01-09;SITE-PARS.ru;
2024-01-09;SITEINWEB.ru;
2024-01-09;SITI-SEVER.ru;
2024-01-09;SITISEVER.ru;
2024-01-09;SIVA-X.ru;
2024-01-09;SIVICKAYA.ru;
2024-01-09;SIVKOVA7.ru;
2024-01-09;SK-ARHAN.ru;
2024-01-09;SK-SIBERIA.ru;
2024-01-09;SK-VIAR.ru;
2024-01-09;SK-WED.ru;
2024-01-09;SKA4KOVAEG.ru;
2024-01-09;SKALA-CLUB.ru;
2024-01-09;SKAMSUS.ru;
2024-01-09;SKAUSHKA.ru;
2024-01-09;SKAZHIMASTER.ru;
2024-01-09;SKAZHIMASTERSKI.ru;
2024-01-09;SKETCHCUT.ru;
2024-01-09;SKICHANCE.ru;
2024-01-09;SKIDKI-SPORTSUITS.ru;
2024-01-09;SKILLITI.ru;
2024-01-09;SKINBLITZ.ru;
2024-01-09;SKLEGION-BYISK.ru;
2024-01-09;SKONNOVA.ru;
2024-01-09;SKOPYLOV003.ru;
2024-01-09;SKZK2024.ru;
2024-01-09;SLAVAREST.ru;
2024-01-09;SLAVTEPLICA.ru;
2024-01-09;SLEDOPYTS.ru;
2024-01-09;SLEEPONSLEEPY.ru;
2024-01-09;SLEEPPYSTORE.ru;
2024-01-09;SLIV4.ru;
2024-01-09;SLIV4FANS.ru;
2024-01-09;SLOT--GID.ru;
2024-01-09;SLOT-ONLINE.ru;
2024-01-09;SLOTYUK.ru;
2024-01-09;SLOVO-A-PACANA.ru;
2024-01-09;SLOVO-G-PACANA.ru;
2024-01-09;SLOVO-HER-PACANA.ru;
2024-01-09;SLOVO-O-PACANA.ru;
2024-01-09;SLOVO-PA-CA-NA.ru;
2024-01-09;SLOVO-PA-CA-NA-1-8.ru;
2024-01-09;SLOVO-PA-CANA.ru;
2024-01-09;SLOVO-PACA-NA.ru;
2024-01-09;SLOVO-PACA-NA-1-9.ru;
2024-01-09;SLOVO-PACANAVSE8.ru;
2024-01-09;SLOVO-PACONA-V.ru;
2024-01-09;SLOVO-PACONA-VSE8.ru;
2024-01-09;SLOVO-S-PACANA.ru;
2024-01-09;SLOVO8PACANAI.ru;
2024-01-09;SLOVOKREDITY.ru;
2024-01-09;SLOVOPACANHER.ru;
2024-01-09;SLOVOREPACANA.ru;
2024-01-09;SLOVPACANDE.ru;
2024-01-09;SLOVPACANOPA.ru;
2024-01-09;SLOVPACAREDE.ru;
2024-01-09;SLOVPACARFE.ru;
2024-01-09;SMAGOBIS.ru;
2024-01-09;SMAHNOLOGY.ru;
2024-01-09;SMART-SHOP-124.ru;
2024-01-09;SMARTSANATORIY.ru;
2024-01-09;SMEK74.ru;
2024-01-09;SMELUKOV.ru;
2024-01-09;SMH-SYSTEM.ru;
2024-01-09;SMILEMATH.ru;
2024-01-09;SMIRNSFK.ru;
2024-01-09;SMLECHKO.ru;
2024-01-09;SNAB-VRN.ru;
2024-01-09;SNOVATRIPPIN.ru;
2024-01-09;SOBUSY.ru;
2024-01-09;SOCHI-2025.ru;
2024-01-09;SOCIALUNIVERSITET.ru;
2024-01-09;SOCNN.ru;
2024-01-09;SOFTTEST51.ru;
2024-01-09;SOHRYAKOV.ru;
2024-01-09;SOKOL-NSK.ru;
2024-01-09;SOKOLKOV72.ru;
2024-01-09;SOLONOV.ru;
2024-01-09;SOMNEW.ru;
2024-01-09;SONECHKAYAGODNAYA.ru;
2024-01-09;SONIASOLIAR750.ru;
2024-01-09;SOROKA-ALMET.ru;
2024-01-09;SORVI-JACKPOT.ru;
2024-01-09;SOSMEHOM.ru;
2024-01-09;SOTUVCHISHOPDOM.ru;
2024-01-09;SOTUVCHISHOPMARKET.ru;
2024-01-09;SOUER.ru;
2024-01-09;SOUTSMART.ru;
2024-01-09;SOUZMIROV.ru;
2024-01-09;SP-SEARCH.ru;
2024-01-09;SPASTICHELOVECHESTVO.ru;
2024-01-09;SPAVLOVSKIH.ru;
2024-01-09;SPB-PSYDOCTOR.ru;
2024-01-09;SPB-RABOTYAGA.ru;
2024-01-09;SPBLV.ru;
2024-01-09;SPEC-PK.ru;
2024-01-09;SPECIALTOGOD.ru;
2024-01-09;SPECIIPRJANOSTI.ru;
2024-01-09;SPECTRONICA.ru;
2024-01-09;SPECTRONIKA.ru;
2024-01-09;SPETSTRONICA.ru;
2024-01-09;SPETSTRONIKA.ru;
2024-01-09;SPINIACASINO2024.ru;
2024-01-09;SPIRTRFSPIRTZZZ.ru;
2024-01-09;SPIRTRFSXPIRTZZZ.ru;
2024-01-09;SPISOKCASINO2024.ru;
2024-01-09;SPLAVPROEKT.ru;
2024-01-09;SPLITKEYBOARD.ru;
2024-01-09;SPORTBLOGPRO.ru;
2024-01-09;SPORTSITEPRO.ru;
2024-01-09;SPORTVSERDCE.ru;
2024-01-09;SPRASHIVAITUT.ru;
2024-01-09;SPRAVKATECH.ru;
2024-01-09;SPRAVKAX-DLA-KREDJTOV.ru;
2024-01-09;SPROSIORABOTE.ru;
2024-01-09;SPRTLG.ru;
2024-01-09;SPUTNIKANT.ru;
2024-01-09;SPVGOVS.ru;
2024-01-09;SQL-TRAINER.ru;
2024-01-09;SRAVNIAPTEKI.ru;
2024-01-09;SREDAKRACH.ru;
2024-01-09;SREDNYAROGATKA.ru;
2024-01-09;SRF-GROUP.ru;
2024-01-09;SRO-DOPUSK-OFIC.ru;
2024-01-09;SRO-STROYDONBASS.ru;
2024-01-09;SSADOVA.ru;
2024-01-09;SSHUTOV.ru;
2024-01-09;SSI96.ru;
2024-01-09;SSLOVOPACONA.ru;
2024-01-09;STACY-PRO.ru;
2024-01-09;STAEMCONMMUNILLTY.ru;
2024-01-09;STAFEEVS.ru;
2024-01-09;STALMM.ru;
2024-01-09;STAND2NOOJIK.ru;
2024-01-09;STAR-OSKOL-SHOZASHUSHI.ru;
2024-01-09;STARAKANOV.ru;
2024-01-09;STARDA-BIGWIN.ru;
2024-01-09;STARDACASINO-TREBI-AF.ru;
2024-01-09;STARGOD.ru;
2024-01-09;STARSKY-JWLR.ru;
2024-01-09;STARVARA2024.ru;
2024-01-09;STASAY-TEXSPEC.ru;
2024-01-09;STASIMOOD.ru;
2024-01-09;STAVKIPLUS.ru;
2024-01-09;STEELBOOM.ru;
2024-01-09;STEP-PUZZLE.ru;
2024-01-09;STEPP99.ru;
2024-01-09;STEPPUZZLES.ru;
2024-01-09;STEREOMARKET.ru;
2024-01-09;STJAZHKOVA.ru;
2024-01-09;STNKV.ru;
2024-01-09;STNUMERO.ru;
2024-01-09;STOL-IZ-KERAMOGRANITA.ru;
2024-01-09;STOLOGY.ru;
2024-01-09;STOMCLINNIC.ru;
2024-01-09;STOMOTOLOGIAMONSTRY.ru;
2024-01-09;STOMVYBOROVA-ORTHO.ru;
2024-01-09;STONAERA.ru;
2024-01-09;STOP-ALCOHOL.ru;
2024-01-09;STOREER.ru;
2024-01-09;STOREUTH.ru;
2024-01-09;STORYPUBLISHER.ru;
2024-01-09;STR-CASH.ru;
2024-01-09;STR-ZAIM.ru;
2024-01-09;STR0IM-DOM24.ru;
2024-01-09;STRANAREMESLA.ru;
2024-01-09;STREAM-CASINOS.ru;
2024-01-09;STREKOZAMASTER.ru;
2024-01-09;STRO1-GOODHOUSE.ru;
2024-01-09;STROI-G0ODHOUSE.ru;
2024-01-09;STROIH0USE-RF.ru;
2024-01-09;STROIH0USE24.ru;
2024-01-09;STROIHOUSE24.ru;
2024-01-09;STROIKA-40.ru;
2024-01-09;STROIM-DOM-KOLOMNA.ru;
2024-01-09;STROIM-DOMM.ru;
2024-01-09;STROITEL-EKATERINBURG.ru;
2024-01-09;STRONGDETAILING.ru;
2024-01-09;STROYSPECTR36.ru;
2024-01-09;STUAPSE.ru;
2024-01-09;STUDIO-DL-TEST.ru;
2024-01-09;STUDIO-SHOW.ru;
2024-01-09;STYLIST-MONICA.ru;
2024-01-09;STYRKA35.ru;
2024-01-09;SUBBOTEY.ru;
2024-01-09;SUBCARS.ru;
2024-01-09;SUDARIKOVJL.ru;
2024-01-09;SUGARMAX.ru;
2024-01-09;SUGUR.ru;
2024-01-09;SUHNOLOGY.ru;
2024-01-09;SULUSEWS.ru;
2024-01-09;SUMKA-MONEY.ru;
2024-01-09;SUMKI-ONLINE.ru;
2024-01-09;SUNCHAI.ru;
2024-01-09;SUNFUSHA.ru;
2024-01-09;SUNSEAGULL.ru;
2024-01-09;SUOMI123.ru;
2024-01-09;SUPER-LIKE.ru;
2024-01-09;SUPERCOLA.ru;
2024-01-09;SUPERHNOLOGY.ru;
2024-01-09;SUPERRSTAR.ru;
2024-01-09;SUPERSTARR.ru;
2024-01-09;SVAMIVSEGDA.ru;
2024-01-09;SVANSON.ru;
2024-01-09;SVE-HM.ru;
2024-01-09;SVEFEDART.ru;
2024-01-09;SVETLANACHEREDOVA.ru;
2024-01-09;SVETLANADEMIDENKO.ru;
2024-01-09;SVETLANANOVIKOVA.ru;
2024-01-09;SVETLANASMIRN78.ru;
2024-01-09;SVETLANATMOSPHERA.ru;
2024-01-09;SVOBOTA.ru;
2024-01-09;SVOIDOM96.ru;
2024-01-09;SVOIPRODUCT.ru;
2024-01-09;SVOYAKVARTIRA21.ru;
2024-01-09;SVUB.ru;
2024-01-09;SVVAS65.ru;
2024-01-09;SVYATSOUNDZ.ru;
2024-01-09;SW-ALEX.ru;
2024-01-09;SWAPHUB.ru;
2024-01-09;SWEETHOMETATTOO.ru;
2024-01-09;SWIFTBIZ.ru;
2024-01-09;SWIMMING-UOR2.ru;
2024-01-09;SYCHEFF.ru;
2024-01-09;SYGN.ru;
2024-01-09;SYMBOL22.ru;
2024-01-09;SYNCLABMAIL.ru;
2024-01-09;SYNCLOOM.ru;
2024-01-09;SZIC-OBSLED.ru;
2024-01-09;T-MEXSOFT.ru;
2024-01-09;T1XBET.ru;
2024-01-09;T585.ru;
2024-01-09;TAFT-SHOP.ru;
2024-01-09;TAH-LG.ru;
2024-01-09;TAHMAZYAN.ru;
2024-01-09;TAI-RYADOM.ru;
2024-01-09;TAIJIGONGFU.ru;
2024-01-09;TAILORS-ALLY.ru;
2024-01-09;TAKECONNECT.ru;
2024-01-09;TAKEDAFLOW.ru;
2024-01-09;TANKIEVA.ru;
2024-01-09;TAPFAST.ru;
2024-01-09;TAPYR.ru;
2024-01-09;TAR007.ru;
2024-01-09;TARANOVAANNA.ru;
2024-01-09;TARASENKO-1.ru;
2024-01-09;TAROLOG-VERA.ru;
2024-01-09;TASKCONTEXT.ru;
2024-01-09;TASTEOFFREEDOM.ru;
2024-01-09;TATHAMET.ru;
2024-01-09;TATIANA-AART.ru;
2024-01-09;TATIANAMINIYAROVA.ru;
2024-01-09;TATTEV.ru;
2024-01-09;TATTOOMUSEUM.ru;
2024-01-09;TATTWAH.ru;
2024-01-09;TATY-KISELYOVA.ru;
2024-01-09;TATYANAMUHITOVA.ru;
2024-01-09;TAUSE.ru;
2024-01-09;TAWALUK.ru;
2024-01-09;TAXI-RUSSIAN.ru;
2024-01-09;TAXIORDERING.ru;
2024-01-09;TAXOPARK-LEOPARD.ru;
2024-01-09;TAYPHUN01.ru;
2024-01-09;TBERDJUGINA.ru;
2024-01-09;TBLZHN.ru;
2024-01-09;TD-ASK.ru;
2024-01-09;TDSTS.ru;
2024-01-09;TEALLAVI.ru;
2024-01-09;TEANONJA.ru;
2024-01-09;TECH-1.ru;
2024-01-09;TECH-GC.ru;
2024-01-09;TECHNOAI.ru;
2024-01-09;TECHNOE.ru;
2024-01-09;TECHNOLOGY-BASE.ru;
2024-01-09;TECHNOLOGYBASE.ru;
2024-01-09;TECHNORE.ru;
2024-01-09;TECHNOSENSEY.ru;
2024-01-09;TECHNOSOUTH.ru;
2024-01-09;TEFAL-SERVICES.ru;
2024-01-09;TEFLONIS.ru;
2024-01-09;TEHMASTERRMT.ru;
2024-01-09;TEHMASTERSTR.ru;
2024-01-09;TEHNIKAHELP.ru;
2024-01-09;TEHNOLOGIGAME.ru;
2024-01-09;TEK-SBER.ru;
2024-01-09;TELAQRANM.ru;
2024-01-09;TELEGAMANIAC.ru;
2024-01-09;TELOQRUAN.ru;
2024-01-09;TELPOPOS.ru;
2024-01-09;TENSECONDS.ru;
2024-01-09;TEPEMOK.ru;
2024-01-09;TEPLICA-GOST.ru;
2024-01-09;TEPLICA123.ru;
2024-01-09;TEPLICA180.ru;
2024-01-09;TEPLICAUDACHA.ru;
2024-01-09;TEPLICIN24.ru;
2024-01-09;TEPLO-LION.ru;
2024-01-09;TEPLOFF-DN.ru;
2024-01-09;TEPLOVIZORREMONT.ru;
2024-01-09;TERMODINAMIKA39.ru;
2024-01-09;TERRITORY-LEGEND.ru;
2024-01-09;TESA-NN.ru;
2024-01-09;TEST-CASECC.ru;
2024-01-09;TEST-MYWEB.ru;
2024-01-09;TEST60.ru;
2024-01-09;TESTTASKA25.ru;
2024-01-09;TGBOTROOM.ru;
2024-01-09;TGNSA.ru;
2024-01-09;TGORBUNOVA.ru;
2024-01-09;TGRJUK.ru;
2024-01-09;TGTRADER.ru;
2024-01-09;THANATOLOGIST.ru;
2024-01-09;THEATERFEST64.ru;
2024-01-09;THEFOLLOWME.ru;
2024-01-09;THEFOOTBALLTIMES.ru;
2024-01-09;THEINVESTING.ru;
2024-01-09;THEOPENFIRM.ru;
2024-01-09;THEORDINARY-SHOP.ru;
2024-01-09;THEROAMER.ru;
2024-01-09;THESIGN-PROJECT.ru;
2024-01-09;THESNEAKERS24.ru;
2024-01-09;THEUGLI-JOB.ru;
2024-01-09;THEXRED.ru;
2024-01-09;THUNDEROBOT-SERVICE.ru;
2024-01-09;TIBIRUM.ru;
2024-01-09;TIFLONADEZHDA.ru;
2024-01-09;TIHERO.ru;
2024-01-09;TIMADA.ru;
2024-01-09;TIMMEDIA.ru;
2024-01-09;TIMOFEICH-BARBEQUE-MSK.ru;
2024-01-09;TINKINA.ru;
2024-01-09;TIPS-2379.ru;
2024-01-09;TIRANYAN.ru;
2024-01-09;TISHKUN.ru;
2024-01-09;TISTEH.ru;
2024-01-09;TK-LEADER05.ru;
2024-01-09;TLC-54.ru;
2024-01-09;TMEX-SOFT.ru;
2024-01-09;TMEXSOFT.ru;
2024-01-09;TNIZHELTSOVA.ru;
2024-01-09;TOCHKAZ.ru;
2024-01-09;TOCHNOLOGY.ru;
2024-01-09;TOHNOLOGY.ru;
2024-01-09;TOKAREV777.ru;
2024-01-09;TOMATCORP.ru;
2024-01-09;TOMIKZAYM.ru;
2024-01-09;TOP-10-RATING.ru;
2024-01-09;TOP-INTERIORDESIGN.ru;
2024-01-09;TOPASKTUT.ru;
2024-01-09;TOPPOSTEL77.ru;
2024-01-09;TOPSEYGG.ru;
2024-01-09;TORCHEMARGIELA.ru;
2024-01-09;TORGUEM-NA-MP.ru;
2024-01-09;TORT-SOLO.ru;
2024-01-09;TORTSOLO.ru;
2024-01-09;TOSHGUN.ru;
2024-01-09;TOSHIBA-SERVISE.ru;
2024-01-09;TOURMD.ru;
2024-01-09;TRACKFEEDMYNEWS.ru;
2024-01-09;TRACKTRAIN.ru;
2024-01-09;TRADERSFORUMOFFF.ru;
2024-01-09;TRAFFIC-AGGREGATOR.ru;
2024-01-09;TRAFFICAGGREGATOR.ru;
2024-01-09;TRANCESPACE.ru;
2024-01-09;TRANSPORTPROTO.ru;
2024-01-09;TRAVELKRUF.ru;
2024-01-09;TRIGGERCENTR.ru;
2024-01-09;TRIIRIN.ru;
2024-01-09;TRIKSEL.ru;
2024-01-09;TRINPATHWAYREALTY.ru;
2024-01-09;TRIPS-GOOD.ru;
2024-01-09;TRUDOVSCKOE.ru;
2024-01-09;TRUNOMAD.ru;
2024-01-09;TRUSTCONSALT.ru;
2024-01-09;TSENA-KACHESTVO.ru;
2024-01-09;TSGER.ru;
2024-01-09;TSGRADADM.ru;
2024-01-09;TTRIFONOV.ru;
2024-01-09;TTRIFONOVA.ru;
2024-01-09;TUNESOUTH.ru;
2024-01-09;TUNGALAG.ru;
2024-01-09;TUNING-TELA-ONLINE.ru;
2024-01-09;TURNIR-CLUB.ru;
2024-01-09;TV504.ru;
2024-01-09;TVOU-OPRC.ru;
2024-01-09;TWELVE-JK.ru;
2024-01-09;TWENTY12.ru;
2024-01-09;TWINCAR.ru;
2024-01-09;TWINNING.ru;
2024-01-09;TYPE-GBT.ru;
2024-01-09;TYT-WATER.ru;
2024-01-09;TYYSIIM.ru;
2024-01-09;TYZHAGENT.ru;
2024-01-09;UBERALLEN.ru;
2024-01-09;UBRATBOKA.ru;
2024-01-09;UCHIMATEM.ru;
2024-01-09;UCHIS-LEGKO.ru;
2024-01-09;UDARNIK-REST.ru;
2024-01-09;UEMZE.ru;
2024-01-09;UFA-PARK-CITY.ru;
2024-01-09;UFAREMONTKV.ru;
2024-01-09;UGRA-DIOCESE.ru;
2024-01-09;ULTIMATE-SERVIC.ru;
2024-01-09;ULTRA-NEWS.ru;
2024-01-09;ULTRA-TOKAR.ru;
2024-01-09;UMINNAHA.ru;
2024-01-09;UNCLEPOP.ru;
2024-01-09;UNEMIAN.ru;
2024-01-09;UNGAMEDEV.ru;
2024-01-09;UNI-PORT.ru;
2024-01-09;UNIDIEP.ru;
2024-01-09;UNINDER.ru;
2024-01-09;UNIONLASER.ru;
2024-01-09;UNIVINDER.ru;
2024-01-09;UNSTERBLICH.ru;
2024-01-09;UNTYNATUR.ru;
2024-01-09;UNZHAKOVATATIANA.ru;
2024-01-09;UPRAVDU.ru;
2024-01-09;UPRAVL22.ru;
2024-01-09;URAL-FIT-MARKET.ru;
2024-01-09;URALCABEL174.ru;
2024-01-09;URALFITMARKET.ru;
2024-01-09;URALIFE.ru;
2024-01-09;URBAN-MAIL.ru;
2024-01-09;URBANISTKA.ru;
2024-01-09;URBANMUSICLABEL.ru;
2024-01-09;URIENCESS.ru;
2024-01-09;URIST-YALTA.ru;
2024-01-09;URISTIOTVETI7.ru;
2024-01-09;UROPHARM.ru;
2024-01-09;USHATSKY.ru;
2024-01-09;USHRT.ru;
2024-01-09;USPEX2021.ru;
2024-01-09;UTEPLITELSTROY.ru;
2024-01-09;UZNAIOTVETUT.ru;
2024-01-09;V-AGRORU.ru;
2024-01-09;V-MOLCHANOV.ru;
2024-01-09;V-STATE.ru;
2024-01-09;V-VTB.ru;
2024-01-09;V210970.ru;
2024-01-09;V4GROUP.ru;
2024-01-09;VAALEKSEEV.ru;
2024-01-09;VADIM-VM.ru;
2024-01-09;VAH-ZAEM.ru;
2024-01-09;VAH-ZAIM.ru;
2024-01-09;VAKAHI.ru;
2024-01-09;VAKHTANGOVA-THEATE.ru;
2024-01-09;VALENWOD.ru;
2024-01-09;VALERA1220.ru;
2024-01-09;VALERY-KORABLEV.ru;
2024-01-09;VALUN76.ru;
2024-01-09;VALVTECH.ru;
2024-01-09;VALWEBSITE.ru;
2024-01-09;VANGA8.ru;
2024-01-09;VANHANEN.ru;
2024-01-09;VARZESHI.ru;
2024-01-09;VASY380V.ru;
2024-01-09;VAT71.ru;
2024-01-09;VAZABOGATSTVA.ru;
2024-01-09;VAZYUKOV1967.ru;
2024-01-09;VBITVA.ru;
2024-01-09;VBUCKS-FORNITE.ru;
2024-01-09;VDAMER.ru;
2024-01-09;VDNEPROVSKIY.ru;
2024-01-09;VDONATE.ru;
2024-01-09;VDPIP.ru;
2024-01-09;VE62RA19.ru;
2024-01-09;VEJDA.ru;
2024-01-09;VEKSHABANK.ru;
2024-01-09;VELES-DOM.ru;
2024-01-09;VELGAS.ru;
2024-01-09;VELO-SUP.ru;
2024-01-09;VELOSUP.ru;
2024-01-09;VELOU.ru;
2024-01-09;VELRENTA.ru;
2024-01-09;VELRO.ru;
2024-01-09;VENICE2002.ru;
2024-01-09;VENT-LUCHOK.ru;
2024-01-09;VENTPERM.ru;
2024-01-09;VERAMED42.ru;
2024-01-09;VERHOVTSEV.ru;
2024-01-09;VERTEXTRAVEL.ru;
2024-01-09;VESLASUSHI.ru;
2024-01-09;VESSELPARTY.ru;
2024-01-09;VEZDECHISTOTA.ru;
2024-01-09;VF-TM07.ru;
2024-01-09;VGARAGE-NALIVATOR.ru;
2024-01-09;VGOLYNSKIJ.ru;
2024-01-09;VHT-CASH.ru;
2024-01-09;VICTORIAHOLIDAY.ru;
2024-01-09;VICTORYFIT-SERVICES.ru;
2024-01-09;VIDEO-HUB.ru;
2024-01-09;VIDEOCRUSH.ru;
2024-01-09;VIDJIM.ru;
2024-01-09;VIETNAM-COFFEE.ru;
2024-01-09;VIKALEONOVA.ru;
2024-01-09;VIKKULLIKK.ru;
2024-01-09;VIKTOR-PALBICH.ru;
2024-01-09;VIKTORIIABELOVA.ru;
2024-01-09;VILLASKYARKHYZ.ru;
2024-01-09;VILOZHIOTVET.ru;
2024-01-09;VIONAK.ru;
2024-01-09;VIP-BONUS.ru;
2024-01-09;VIP-CLUB-OBSHCHAK.ru;
2024-01-09;VIP-KRD.ru;
2024-01-09;VIPESCORTRABOTA.ru;
2024-01-09;VIPIPING.ru;
2024-01-09;VIRGIN-STUDIO.ru;
2024-01-09;VISAPROCONNECT.ru;
2024-01-09;VISPRO-TAXI.ru;
2024-01-09;VITA-BODY.ru;
2024-01-09;VITA-SANCTA.ru;
2024-01-09;VITABODY.ru;
2024-01-09;VITAMIN-MIX-FRANCHISE.ru;
2024-01-09;VIVA-STRETCHING.ru;
2024-01-09;VIVO-SERVICES.ru;
2024-01-09;VJTRAVEL.ru;
2024-01-09;VK-MINI-APP.ru;
2024-01-09;VKANAVE.ru;
2024-01-09;VKOLOMEETS70.ru;
2024-01-09;VKUSNAYA-ZHIZN.ru;
2024-01-09;VLAD-FARFOR.ru;
2024-01-09;VLADIKUS.ru;
2024-01-09;VLADIM5541.ru;
2024-01-09;VLADIMIR-SALNIKOV.ru;
2024-01-09;VLADIMIR-SHPINEV.ru;
2024-01-09;VLADIMIRINVITATIONS.ru;
2024-01-09;VLADIMIRISAEV.ru;
2024-01-09;VLILIA56.ru;
2024-01-09;VLSTYLE.ru;
2024-01-09;VMAMENKO.ru;
2024-01-09;VMR-YA.ru;
2024-01-09;VNARYSHKIN.ru;
2024-01-09;VNCOFE.ru;
2024-01-09;VNCOFFEE.ru;
2024-01-09;VNSANTEX.ru;
2024-01-09;VODONAGREVATELI-80.ru;
2024-01-09;VODYAMIR.ru;
2024-01-09;VOLTER1985.ru;
2024-01-09;VOODOLAB.ru;
2024-01-09;VOODOO-IAB.ru;
2024-01-09;VOODOO1-LAB.ru;
2024-01-09;VORONOVAPRO.ru;
2024-01-09;VOSMERKA-FILM.ru;
2024-01-09;VOZDUH-YOGA.ru;
2024-01-09;VOZI-ONLINE.ru;
2024-01-09;VOZOL-OFFICIAL.ru;
2024-01-09;VPEROV.ru;
2024-01-09;VPYATETSKAYA.ru;
2024-01-09;VRACHLOGOPEDBERNATSKAYA.ru;
2024-01-09;VSAKHAROV.ru;
2024-01-09;VSAMSONOVA.ru;
2024-01-09;VSE-KARTINY.ru;
2024-01-09;VSE-O-COMPUTERAH.ru;
2024-01-09;VSEPABLIKI.ru;
2024-01-09;VSHELUDKOV.ru;
2024-01-09;VTBBANKCARD.ru;
2024-01-09;VTORGROUP.ru;
2024-01-09;VTORRENTE.ru;
2024-01-09;VULKAN-APP.ru;
2024-01-09;VULKAN-NEON2024.ru;
2024-01-09;VULKAN-NIGHT.ru;
2024-01-09;VULKAN-UP.ru;
2024-01-09;VULKAN24--AVTOMATY.ru;
2024-01-09;VULKAN24BEST.ru;
2024-01-09;VULKANMILLION.ru;
2024-01-09;VULKANPREMIUM-MAXIMUM.ru;
2024-01-09;VULKANRUS.ru;
2024-01-09;VULKANZONE.ru;
2024-01-09;VVIKIPEDIA.ru;
2024-01-09;VVMITR.ru;
2024-01-09;VVOODOO-LAB.ru;
2024-01-09;VWOODS.ru;
2024-01-09;VYBOR22.ru;
2024-01-09;WADUHA77.ru;
2024-01-09;WAFFLELTS.ru;
2024-01-09;WAKEVOLNA.ru;
2024-01-09;WAKUS.ru;
2024-01-09;WALTERSTUDIO.ru;
2024-01-09;WANNITU.ru;
2024-01-09;WATHSSAP.ru;
2024-01-09;WBPODBORKA.ru;
2024-01-09;WE-TO.ru;
2024-01-09;WE313.ru;
2024-01-09;WEART-1.ru;
2024-01-09;WEB-TEIEGRAM-ORG.ru;
2024-01-09;WEB-ZAIM-24.ru;
2024-01-09;WEB-ZAIM24.ru;
2024-01-09;WEBCAMAX.ru;
2024-01-09;WEBDEVFOLIO.ru;
2024-01-09;WEBFOODSYSTEMS.ru;
2024-01-09;WEBSAITPRO.ru;
2024-01-09;WEBSITE-1823.ru;
2024-01-09;WEBSITE-1824.ru;
2024-01-09;WEBSITE-1825.ru;
2024-01-09;WEBSITE-1826.ru;
2024-01-09;WEBSITE-1827.ru;
2024-01-09;WEBSTODAY.ru;
2024-01-09;WEL-KOM.ru;
2024-01-09;WEPPERPAY.ru;
2024-01-09;WFATB.ru;
2024-01-09;WHIEDA-RUS.ru;
2024-01-09;WHITCHEC.ru;
2024-01-09;WILDWORLD-X.ru;
2024-01-09;WILLIAMHILL--CASINO.ru;
2024-01-09;WIN-GAME.ru;
2024-01-09;WINDOOW.ru;
2024-01-09;WINE-BOTTLES.ru;
2024-01-09;WINE-BOXES.ru;
2024-01-09;WINE-CORNER.ru;
2024-01-09;WINE-DROP.ru;
2024-01-09;WINEACADEMIA.ru;
2024-01-09;WINEADVISER.ru;
2024-01-09;WINEBAG.ru;
2024-01-09;WINEBOTTLES.ru;
2024-01-09;WINEBOXES.ru;
2024-01-09;WINECORNER.ru;
2024-01-09;WINEDROP.ru;
2024-01-09;WINTERSURVIVAL.ru;
2024-01-09;WINVULKANSTAVKA.ru;
2024-01-09;WISHCASHMERE.ru;
2024-01-09;WISHEUS.ru;
2024-01-09;WISHWORKSHOP.ru;
2024-01-09;WIZARDING-WORLD.ru;
2024-01-09;WOOBLOOM.ru;
2024-01-09;WORK-PITER1.ru;
2024-01-09;WORKHOSTING.ru;
2024-01-09;WORKRODIONOVA.ru;
2024-01-09;WORLD-HAND-MADE.ru;
2024-01-09;WORLD-OF-GAMING.ru;
2024-01-09;WORLDOFGAMING.ru;
2024-01-09;WORTAN.ru;
2024-01-09;WOWCOFFE.ru;
2024-01-09;WPBAG.ru;
2024-01-09;WPCRM.ru;
2024-01-09;WPDEALER.ru;
2024-01-09;WWW-LOVEREPUBLIC.ru;
2024-01-09;WWW-SUSTALIT.ru;
2024-01-09;WWW-TV.ru;
2024-01-09;WWWBOT.ru;
2024-01-09;X-VTB.ru;
2024-01-09;X0L0ST.ru;
2024-01-09;XEROX-SERVICE.ru;
2024-01-09;XGLS.ru;
2024-01-09;XIAOMIEV-SU7.ru;
2024-01-09;XINNIAN.ru;
2024-01-09;XODEK.ru;
2024-01-09;XOLOP--2.ru;
2024-01-09;XOXBYDATA.ru;
2024-01-09;XRAIDER.ru;
2024-01-09;XROLEPLAY.ru;
2024-01-09;XTYTRU.ru;
2024-01-09;XUEAAAAAA.ru;
2024-01-09;XVENON.ru;
2024-01-09;XXXXXXXXXXXXXXXXXXXX.ru;
2024-01-09;YA-85.ru;
2024-01-09;YAANAA.ru;
2024-01-09;YACCI.ru;
2024-01-09;YAFLOR.ru;
2024-01-09;YAGA-8881.ru;
2024-01-09;YANDEX-ARSH.ru;
2024-01-09;YANDEX42.ru;
2024-01-09;YAPERDOL.ru;
2024-01-09;YARMYINFRA.ru;
2024-01-09;YEKATERINAKADOLO.ru;
2024-01-09;YESSKY.ru;
2024-01-09;YMAMAX.ru;
2024-01-09;YOBEL.ru;
2024-01-09;YOBERRY.ru;
2024-01-09;YOCOOL.ru;
2024-01-09;YODKAI.ru;
2024-01-09;YOGEL.ru;
2024-01-09;YOGEX.ru;
2024-01-09;YOONOPAY.ru;
2024-01-09;YOOVIA.ru;
2024-01-09;YORLOV.ru;
2024-01-09;YOU-DATE.ru;
2024-01-09;YOUBERRY.ru;
2024-01-09;YOURPSYCHOLOGISTS.ru;
2024-01-09;YOVIA.ru;
2024-01-09;YOVOW.ru;
2024-01-09;YPOSPEEV.ru;
2024-01-09;YROK0906.ru;
2024-01-09;YRS-ALG.ru;
2024-01-09;YSVDEVELOPMENT.ru;
2024-01-09;YSVINVEST.ru;
2024-01-09;YUDOLSTORE.ru;
2024-01-09;YULIYA-ARTNAIL.ru;
2024-01-09;YULYAOSINA.ru;
2024-01-09;YURISTKONSULTNT.ru;
2024-01-09;YURZINA.ru;
2024-01-09;YUSKRA.ru;
2024-01-09;Z-STRANA.ru;
2024-01-09;ZABORY-TERRASY.ru;
2024-01-09;ZABYDY-O-DOLGAX24.ru;
2024-01-09;ZAEM-VAH.ru;
2024-01-09;ZAEMSVEMBYSTRO.ru;
2024-01-09;ZAIM-STR.ru;
2024-01-09;ZAIM-VAH.ru;
2024-01-09;ZAIMWIN.ru;
2024-01-09;ZAJMIX.ru;
2024-01-09;ZAKAZ7372.ru;
2024-01-09;ZAKAZAT-GAZELI.ru;
2024-01-09;ZAKON-O-DOLGAX24.ru;
2024-01-09;ZAKON-OSTANOVIT-DOLG24.ru;
2024-01-09;ZAKONNO-NE-PLACHY-DOLG24.ru;
2024-01-09;ZAKONNO-STOP-DOLGI24.ru;
2024-01-09;ZARANDER.ru;
2024-01-09;ZASALON.ru;
2024-01-09;ZAVADAS.ru;
2024-01-09;ZAVODKOMPOZIT.ru;
2024-01-09;ZAYMI-ZDES.ru;
2024-01-09;ZDANOVA85.ru;
2024-01-09;ZDOROVVIE.ru;
2024-01-09;ZEERP.ru;
2024-01-09;ZEFSLAB.ru;
2024-01-09;ZENUATS.ru;
2024-01-09;ZEPHANAEL.ru;
2024-01-09;ZHAROVDV.ru;
2024-01-09;ZHIGAREVA-1.ru;
2024-01-09;ZHIVILO-7.ru;
2024-01-09;ZHMIL.ru;
2024-01-09;ZHORANDY.ru;
2024-01-09;ZIMOVIE-GESH.ru;
2024-01-09;ZIYABEK.ru;
2024-01-09;ZLOVESKI.ru;
2024-01-09;ZNDOM.ru;
2024-01-09;ZOKIR-80.ru;
2024-01-09;ZOMKA.ru;
2024-01-09;ZONAWS.ru;
2024-01-09;ZONDAPI17.ru;
2024-01-09;ZOOEYSA.ru;
2024-01-09;ZORB361.ru;
2024-01-09;ZOYBIRG.ru;
2024-01-09;ZS-ONLINE.ru;
2024-01-09;ZSPERPITRRTEE.ru;
2024-01-09;ZSPERPPPITRRTEE.ru;
2024-01-09;ZTTK.ru;
2024-01-09;ZURABYAN.ru;
2024-01-09;ZVONIST.ru;
2024-01-09;ZYKOVA-1.ru;
2024-01-09;ZYLICELEN.ru;
2024-01-09;ZZOOB.ru;
2024-01-09;ZZYAAKODA.ru;
