дата;домен
01.01.2024;01022024.ru
01.01.2024;0188.ru
01.01.2024;02022024.ru
01.01.2024;03022024.ru
01.01.2024;03NK.ru
01.01.2024;04022024.ru
01.01.2024;04081984.ru
01.01.2024;05022024.ru
01.01.2024;06022024.ru
01.01.2024;07022024.ru
01.01.2024;08022024.ru
01.01.2024;09022024.ru
01.01.2024;1-ALCO.ru
01.01.2024;1-ALKO.ru
01.01.2024;1-DENT.ru
01.01.2024;1-GRAD.ru
01.01.2024;1-HOUSE.ru
01.01.2024;1-LEKARSTVA.ru
01.01.2024;1-ROS.ru
01.01.2024;10-RUBLEJ.ru
01.01.2024;1000MUSIC.ru
01.01.2024;10022024.ru
01.01.2024;100ECO.ru
01.01.2024;101TEPLICA.ru
01.01.2024;108DESIGN.ru
01.01.2024;11022024.ru
01.01.2024;12-KRESEL.ru
01.01.2024;12022024.ru
01.01.2024;13022024.ru
01.01.2024;14022024.ru
01.01.2024;15022024.ru
01.01.2024;16022024.ru
01.01.2024;17022024.ru
01.01.2024;18022024.ru
01.01.2024;19022024.ru
01.01.2024;1967SEREGA.ru
01.01.2024;19851130.ru
01.01.2024;1ALKO.ru
01.01.2024;1AUTOBUS.ru
01.01.2024;1CEMENT.ru
01.01.2024;1LEKARSTVA.ru
01.01.2024;2-HANDS.ru
01.01.2024;20022024.ru
01.01.2024;2022328.ru
01.01.2024;2025NG.ru
01.01.2024;2025NY.ru
01.01.2024;2026YEAR.ru
01.01.2024;21022024.ru
01.01.2024;22022024.ru
01.01.2024;226684.ru
01.01.2024;23022024.ru
01.01.2024;24022024.ru
01.01.2024;2461087.ru
01.01.2024;24BYTOVKA.ru
01.01.2024;24GOLD-MSK.ru
01.01.2024;24INN.ru
01.01.2024;24PROGRESS.ru
01.01.2024;25022024.ru
01.01.2024;26022024.ru
01.01.2024;27022024.ru
01.01.2024;28022024.ru
01.01.2024;29022024.ru
01.01.2024;2NAZEMNOV.ru
01.01.2024;2SUMKI.ru
01.01.2024;3DMIG.ru
01.01.2024;4BITCOINS.ru
01.01.2024;4ELECTRIC.ru
01.01.2024;500505.ru
01.01.2024;50BETON.ru
01.01.2024;555METROV.ru
01.01.2024;5DOC.ru
01.01.2024;5DOK.ru
01.01.2024;5GPLUS.ru
01.01.2024;5MSK.ru
01.01.2024;79120404444.ru
01.01.2024;79151909595.ru
01.01.2024;7OUT.ru
01.01.2024;8MZ.ru
01.01.2024;8SHKOLA.ru
01.01.2024;9-16.ru
01.01.2024;9MSK.ru
01.01.2024;9SUN.ru
01.01.2024;A-MAKE.ru
01.01.2024;A-ZERO.ru
01.01.2024;A1OKNA.ru
01.01.2024;A1SPORT.ru
01.01.2024;A1TELECOM.ru
01.01.2024;A6XA3.ru
01.01.2024;A8ARYSHEV.ru
01.01.2024;AABOLDYREV.ru
01.01.2024;AAFB.ru
01.01.2024;AAKF.ru
01.01.2024;AAKOPDZHANOVA.ru
01.01.2024;AALD.ru
01.01.2024;AALN.ru
01.01.2024;AALR.ru
01.01.2024;AALU.ru
01.01.2024;AANL.ru
01.01.2024;AARL.ru
01.01.2024;ABAHTIMOV.ru
01.01.2024;ABAKLASHKIN.ru
01.01.2024;ABARYSHNIKOVA.ru
01.01.2024;ABC-HOUSE.ru
01.01.2024;ABC-WATER.ru
01.01.2024;ABCWATER.ru
01.01.2024;ABELMANOVSKAYA.ru
01.01.2024;ABGL.ru
01.01.2024;ABIGUS.ru
01.01.2024;ABKHAZIA24.ru
01.01.2024;ABLF.ru
01.01.2024;ABNL.ru
01.01.2024;ABOUTAGE.ru
01.01.2024;ABOUTPURCHASE.ru
01.01.2024;ABOUTTENDERS.ru
01.01.2024;ABOUTWIN.ru
01.01.2024;ABRAMTSEVSKAYA.ru
01.01.2024;ABRIKOSOVSKIY.ru
01.01.2024;ABUTROVA.ru
01.01.2024;ABYW.ru
01.01.2024;ACADEMIKINN.ru
01.01.2024;ACADEMYLAB.ru
01.01.2024;ACCESSGATE.ru
01.01.2024;ACCOUNTSTEAM.ru
01.01.2024;ACRICH.ru
01.01.2024;ACRL.ru
01.01.2024;ACROMA.ru
01.01.2024;ACROMIN.ru
01.01.2024;ACTIONBOT.ru
01.01.2024;ACTIONCULTURE.ru
01.01.2024;ACTIONLIGA.ru
01.01.2024;ACTIPAY.ru
01.01.2024;ACTIPHARM.ru
01.01.2024;ACTIPLAY.ru
01.01.2024;ACTIVEDREAMS.ru
01.01.2024;ACTIVELOT.ru
01.01.2024;ACTIVEPAGE.ru
01.01.2024;ACTIVISOR.ru
01.01.2024;ACTIWISE.ru
01.01.2024;ACTIWOMEN.ru
01.01.2024;ACTUMLMC.ru
01.01.2024;ACUARIOS.ru
01.01.2024;ADBU.ru
01.01.2024;ADDGREEN.ru
01.01.2024;ADENISENKOV.ru
01.01.2024;ADIRUS.ru
01.01.2024;ADLD.ru
01.01.2024;ADLERAUTO.ru
01.01.2024;ADLL.ru
01.01.2024;ADMBUNKOVO.ru
01.01.2024;ADMINV.ru
01.01.2024;ADMONT.ru
01.01.2024;ADNFTI.ru
01.01.2024;ADORIN.ru
01.01.2024;ADREALITY.ru
01.01.2024;ADSPEED.ru
01.01.2024;ADUA.ru
01.01.2024;ADULT-LIFE.ru
01.01.2024;ADULTSEO.ru
01.01.2024;ADURKIN.ru
01.01.2024;ADUTOV.ru
01.01.2024;ADVACASH.ru
01.01.2024;ADVOCATV.ru
01.01.2024;ADVOKAT-JURIST.ru
01.01.2024;AECU.ru
01.01.2024;AEIL.ru
01.01.2024;AEKG.ru
01.01.2024;AEKU.ru
01.01.2024;AELD.ru
01.01.2024;AELN.ru
01.01.2024;AELR.ru
01.01.2024;AELU.ru
01.01.2024;AEML.ru
01.01.2024;AEMU.ru
01.01.2024;AENL.ru
01.01.2024;AENU.ru
01.01.2024;AEROISK.ru
01.01.2024;AEROSPEED.ru
01.01.2024;AEROSTATE.ru
01.01.2024;AEROTRUBY.ru
01.01.2024;AEROVITAL.ru
01.01.2024;AEROVIZIT.ru
01.01.2024;AESKENDEROV.ru
01.01.2024;AEZU.ru
01.01.2024;AFDG.ru
01.01.2024;AFETOV.ru
01.01.2024;AFFIKO.ru
01.01.2024;AFFIX-SPORTS.ru
01.01.2024;AFINOV.ru
01.01.2024;AFONIN-EGOR.ru
01.01.2024;AFONOV.ru
01.01.2024;AFRICANSHOP.ru
01.01.2024;AFRODEZIAK.ru
01.01.2024;AFVPN.ru
01.01.2024;AGANICE.ru
01.01.2024;AGEAI.ru
01.01.2024;AGELABS.ru
01.01.2024;AGENSTVOILLUSTRATOR.ru
01.01.2024;AGENTGO.ru
01.01.2024;AGESIL.ru
01.01.2024;AGFABASF.ru
01.01.2024;AGFV.ru
01.01.2024;AGGB.ru
01.01.2024;AGGL.ru
01.01.2024;AGGT.ru
01.01.2024;AGILEDESIGN.ru
01.01.2024;AGILERA.ru
01.01.2024;AGILITYLIFE.ru
01.01.2024;AGLOMERACIJA.ru
01.01.2024;AGNIEV.ru
01.01.2024;AGNIO.ru
01.01.2024;AGNTSEV.ru
01.01.2024;AGR-AUTOMOTIVE.ru
01.01.2024;AGR-NN.ru
01.01.2024;AGR-SERVIS.ru
01.01.2024;AGRAUTOMOTIVE.ru
01.01.2024;AGRNN.ru
01.01.2024;AGROASIA.ru
01.01.2024;AGRONOMDATA.ru
01.01.2024;AGROSAFETY.ru
01.01.2024;AGROTECHNOFF.ru
01.01.2024;AGROYAN.ru
01.01.2024;AGRSERVIS.ru
01.01.2024;AHAPOV.ru
01.01.2024;AHASH.ru
01.01.2024;AHHS.ru
01.01.2024;AHLG.ru
01.01.2024;AHPG.ru
01.01.2024;AHSG.ru
01.01.2024;AHVG.ru
01.01.2024;AHZU.ru
01.01.2024;AIKEYS.ru
01.01.2024;AIKQ.ru
01.01.2024;AILN.ru
01.01.2024;AIR-K.ru
01.01.2024;AIRBAG-STUDIO.ru
01.01.2024;AIRBURN.ru
01.01.2024;AIRBUX.ru
01.01.2024;AIRHOOD.ru
01.01.2024;AIRID.ru
01.01.2024;AIRJACK.ru
01.01.2024;AIRJOBS.ru
01.01.2024;AIRLASKA.ru
01.01.2024;AISTRESIDENCE.ru
01.01.2024;AITEAMCHATBOT.ru
01.01.2024;AKADEMIKI-NN.ru
01.01.2024;AKADEMIKINN.ru
01.01.2024;AKADEMSEMA.ru
01.01.2024;AKCENTSTROY.ru
01.01.2024;AKINKA.ru
01.01.2024;AKIZHAN.ru
01.01.2024;AKKUMLOM.ru
01.01.2024;AKMETEST.ru
01.01.2024;AKNOV.ru
01.01.2024;AKPP-NNOV.ru
01.01.2024;AKRION.ru
01.01.2024;AKSBR.ru
01.01.2024;AKTIFIT.ru
01.01.2024;AKTIV31.ru
01.01.2024;AKTIVATION.ru
01.01.2024;AKTIVIRUS.ru
01.01.2024;AKTUALITY.ru
01.01.2024;AKTZ.ru
01.01.2024;AKUNEEVA.ru
01.01.2024;AKVADOSKA.ru
01.01.2024;AKXG.ru
01.01.2024;ALABYANA.ru
01.01.2024;ALADOV.ru
01.01.2024;ALANTIC.ru
01.01.2024;ALANTOUR.ru
01.01.2024;ALATOV.ru
01.01.2024;ALBUREZ.ru
01.01.2024;ALCO-1.ru
01.01.2024;ALCO-X.ru
01.01.2024;ALCOEXPRESS24.ru
01.01.2024;ALCOLAVCA.ru
01.01.2024;ALCOX.ru
01.01.2024;ALEBAGROUP.ru
01.01.2024;ALECTRO.ru
01.01.2024;ALEKMART.ru
01.01.2024;ALEKSANDRGERASIMOV.ru
01.01.2024;ALEKSDIRECTORM.ru
01.01.2024;ALEKSEJSHVETSOV.ru
01.01.2024;ALELIUNAS.ru
01.01.2024;ALEPARK.ru
01.01.2024;ALEPHSOFT.ru
01.01.2024;ALESHENKOVA.ru
01.01.2024;ALEX-OSIPOV.ru
01.01.2024;ALEXANDERNIKIFOROV.ru
01.01.2024;ALEXANDROVKINO.ru
01.01.2024;ALEXDORF.ru
01.01.2024;ALEXEY-Z.ru
01.01.2024;ALEXJUSTPHOTO.ru
01.01.2024;ALEXPHARM.ru
01.01.2024;ALEXSANDRIA.ru
01.01.2024;ALEXXXX057.ru
01.01.2024;ALEZ3000.ru
01.01.2024;ALFADIREKT.ru
01.01.2024;ALFALINER.ru
01.01.2024;ALFARECORD.ru
01.01.2024;ALFARING.ru
01.01.2024;ALFARUST.ru
01.01.2024;ALFASD.ru
01.01.2024;ALGAEC.ru
01.01.2024;ALGOBIT.ru
01.01.2024;ALGOCAFE.ru
01.01.2024;ALGOKING.ru
01.01.2024;ALIBERTI.ru
01.01.2024;ALIDOV.ru
01.01.2024;ALIENGEAR.ru
01.01.2024;ALIKABORISOVA.ru
01.01.2024;ALIORBANK.ru
01.01.2024;ALITRA.ru
01.01.2024;ALKO-1.ru
01.01.2024;ALKO-TOP.ru
01.01.2024;ALKO-X.ru
01.01.2024;ALKO1.ru
01.01.2024;ALKOMIG66-88.ru
01.01.2024;ALKOX.ru
01.01.2024;ALLGRAM.ru
01.01.2024;ALLINSALES.ru
01.01.2024;ALLISSON.ru
01.01.2024;ALLKADASTR.ru
01.01.2024;ALLLEARNING.ru
01.01.2024;ALLMETIZ-NN.ru
01.01.2024;ALLUMPROF.ru
01.01.2024;ALLUMTECH.ru
01.01.2024;ALLUMTRADE.ru
01.01.2024;ALLWEBPROMOTION.ru
01.01.2024;ALLZAVOD.ru
01.01.2024;ALMAGAMA.ru
01.01.2024;ALMAVERDE.ru
01.01.2024;ALMAZ-COMPANY.ru
01.01.2024;ALMAZTPK.ru
01.01.2024;ALNL.ru
01.01.2024;ALOBIN.ru
01.01.2024;ALPKLUB.ru
01.01.2024;ALQL.ru
01.01.2024;ALRD.ru
01.01.2024;ALRR.ru
01.01.2024;ALTAIMAUNTIN.ru
01.01.2024;ALTAWASOL-GROUP.ru
01.01.2024;ALTAYVOD.ru
01.01.2024;ALTENBERG.ru
01.01.2024;ALTERTUM.ru
01.01.2024;ALTSOUND.ru
01.01.2024;ALTUFEVSKOE.ru
01.01.2024;ALTUFIEVSKOE.ru
01.01.2024;ALTUSMED.ru
01.01.2024;ALTVOYAGE.ru
01.01.2024;ALUEV.ru
01.01.2024;ALUMPROFF.ru
01.01.2024;ALWAYSCARE.ru
01.01.2024;AMANANNIKOV.ru
01.01.2024;AMATISOUND.ru
01.01.2024;AMAZINGS.ru
01.01.2024;AMAZINGTALKER.ru
01.01.2024;AMAZONIC.ru
01.01.2024;AMBROK.ru
01.01.2024;AMBULATORNY.ru
01.01.2024;AMDANILKIN.ru
01.01.2024;AMEDIO.ru
01.01.2024;AMEGASHOP.ru
01.01.2024;AMENIN.ru
01.01.2024;AMERIGO29.ru
01.01.2024;AMGAUTO.ru
01.01.2024;AMILEEV.ru
01.01.2024;AMINEVSKOE.ru
01.01.2024;AMINIEVSKOE.ru
01.01.2024;AMIREV.ru
01.01.2024;AMITIZA.ru
01.01.2024;AMLN.ru
01.01.2024;AMMF.ru
01.01.2024;AMMSTUFF.ru
01.01.2024;AMNL.ru
01.01.2024;AMPEK.ru
01.01.2024;AMPERIVOLT.ru
01.01.2024;AMPLAST.ru
01.01.2024;AMUKOV.ru
01.01.2024;AMURLIT.ru
01.01.2024;AMUSOV.ru
01.01.2024;ANADYRSKIY.ru
01.01.2024;ANADYRSKY.ru
01.01.2024;ANAGREEN.ru
01.01.2024;ANAHOV.ru
01.01.2024;ANAHOVA.ru
01.01.2024;ANALOV.ru
01.01.2024;ANALYTICSDAY.ru
01.01.2024;ANASTASIA-PALAMARCHUK.ru
01.01.2024;ANATOMYBEAUTY.ru
01.01.2024;ANDEF.ru
01.01.2024;ANDREANNA.ru
01.01.2024;ANDREPAIRPRO.ru
01.01.2024;ANDWAY.ru
01.01.2024;ANDYCORE.ru
01.01.2024;ANERT.ru
01.01.2024;ANETAZHI.ru
01.01.2024;ANGAR-SERVICE.ru
01.01.2024;ANGARV.ru
01.01.2024;ANGELBUKET.ru
01.01.2024;ANGELFLEUR.ru
01.01.2024;ANGRYBB.ru
01.01.2024;ANHB.ru
01.01.2024;ANIGRIF.ru
01.01.2024;ANIMEMAN.ru
01.01.2024;ANIMEMAX.ru
01.01.2024;ANIMPERIA.ru
01.01.2024;ANISHENKOV.ru
01.01.2024;ANLL.ru
01.01.2024;ANLN.ru
01.01.2024;ANLR.ru
01.01.2024;ANNL.ru
01.01.2024;ANNV.ru
01.01.2024;ANO-DPZN-PRAVO.ru
01.01.2024;ANOMALITY.ru
01.01.2024;ANONIMAZER.ru
01.01.2024;ANONIST.ru
01.01.2024;ANONOVA.ru
01.01.2024;ANONSIM.ru
01.01.2024;ANOSHENKOV.ru
01.01.2024;ANOTHER-SHOP.ru
01.01.2024;ANOTREK.ru
01.01.2024;ANOXIDENT.ru
01.01.2024;ANTBAGROV.ru
01.01.2024;ANTIFLAG.ru
01.01.2024;ANTIGIPERTONIK.ru
01.01.2024;ANTIGRIBOK.ru
01.01.2024;ANTILINK.ru
01.01.2024;ANTIMOROZ.ru
01.01.2024;ANTIPATIK.ru
01.01.2024;ANTIPENKOVA.ru
01.01.2024;ANTIPIGMENT.ru
01.01.2024;ANTIQUER.ru
01.01.2024;ANTISEKTA.ru
01.01.2024;ANTISEMITE.ru
01.01.2024;ANTISITE.ru
01.01.2024;ANTOK.ru
01.01.2024;ANTON-MARTYNENKO.ru
01.01.2024;ANTONEVGRAFOV.ru
01.01.2024;ANTONIOLI.ru
01.01.2024;ANTONOVDI89.ru
01.01.2024;ANTONOVPRO.ru
01.01.2024;ANYLIKE.ru
01.01.2024;ANYOPTION.ru
01.01.2024;AOCU.ru
01.01.2024;AODL.ru
01.01.2024;AOKBIMPULS.ru
01.01.2024;AOLU.ru
01.01.2024;AOZU.ru
01.01.2024;APALEV.ru
01.01.2024;APECRYPTO.ru
01.01.2024;APELSIM.ru
01.01.2024;APENIN.ru
01.01.2024;APERETIV.ru
01.01.2024;APEXCRYPTO.ru
01.01.2024;APEXO.ru
01.01.2024;APIFONICA.ru
01.01.2024;APILEAD.ru
01.01.2024;APLIKACIA.ru
01.01.2024;APOLEV.ru
01.01.2024;APOLLONSAKH.ru
01.01.2024;APPCONT.ru
01.01.2024;APPLENPERRY.ru
01.01.2024;APPLIE.ru
01.01.2024;APPOINTED.ru
01.01.2024;APPSELECT.ru
01.01.2024;APPSLABS.ru
01.01.2024;APPUSER.ru
01.01.2024;APPWRITE.ru
01.01.2024;APRTMESPB.ru
01.01.2024;APTEKAO.ru
01.01.2024;APTEKAU.ru
01.01.2024;AQUA-ENGINEER.ru
01.01.2024;AQUABEE.ru
01.01.2024;AQUADESMO.ru
01.01.2024;AQUADRIVER.ru
01.01.2024;AQUALETTO.ru
01.01.2024;AQUALINKS.ru
01.01.2024;AQUATEPLOSTROY.ru
01.01.2024;AQUAWALLET.ru
01.01.2024;AQUELIA.ru
01.01.2024;AQVR.ru
01.01.2024;AR152.ru
01.01.2024;ARAOKE.ru
01.01.2024;ARAZAT.ru
01.01.2024;ARBAGAR.ru
01.01.2024;ARBALANCE.ru
01.01.2024;ARBETON.ru
01.01.2024;ARBORMASTER.ru
01.01.2024;ARBUSIK.ru
01.01.2024;ARCANA-EVENT.ru
01.01.2024;ARCHAVIN.ru
01.01.2024;ARCHPOLIS.ru
01.01.2024;ARCTIKUM.ru
01.01.2024;ARDAEV.ru
01.01.2024;ARDICOM.ru
01.01.2024;ARENDA-EXKAVATORA.ru
01.01.2024;ARENDA-MINIPOGRUZCHIKA.ru
01.01.2024;ARENDA-TECHNIKI.ru
01.01.2024;ARENDAMANIPULATOR.ru
01.01.2024;ARESTON.ru
01.01.2024;ARETIN.ru
01.01.2024;ARGOSREFINERY.ru
01.01.2024;ARGUNI.ru
01.01.2024;ARIFMETIKANN.ru
01.01.2024;ARINOX.ru
01.01.2024;ARIOST.ru
01.01.2024;ARLD.ru
01.01.2024;ARLL.ru
01.01.2024;ARLR.ru
01.01.2024;ARMAKOMRUS.ru
01.01.2024;ARMDEK2.ru
01.01.2024;ARMFIX.ru
01.01.2024;ARMINO.ru
01.01.2024;ARMORAMA.ru
01.01.2024;ARMOURBOOK.ru
01.01.2024;ARMYDO.ru
01.01.2024;AROCODE.ru
01.01.2024;AROMASTRANA.ru
01.01.2024;ARSLOGISTIC.ru
01.01.2024;ART-CONSTRUCTION.ru
01.01.2024;ART-DEZIGN.ru
01.01.2024;ART-HOLL.ru
01.01.2024;ART-MAKE.ru
01.01.2024;ART-TRADING.ru
01.01.2024;ART-Y.ru
01.01.2024;ARTCIRC.ru
01.01.2024;ARTDECORO.ru
01.01.2024;ARTDESING.ru
01.01.2024;ARTDSG.ru
01.01.2024;ARTELESPB.ru
01.01.2024;ARTELGIOTTO.ru
01.01.2024;ARTELON.ru
01.01.2024;ARTELWEB.ru
01.01.2024;ARTEMGUDKOV.ru
01.01.2024;ARTFONIKA.ru
01.01.2024;ARTGRES.ru
01.01.2024;ARTMAXIMA.ru
01.01.2024;ARTOPERATOR.ru
01.01.2024;ARTPLAYER.ru
01.01.2024;ARTRITY.ru
01.01.2024;ARTRY.ru
01.01.2024;ARTS-MAN.ru
01.01.2024;ARTSMAN.ru
01.01.2024;ARTVETER59.ru
01.01.2024;ARTVISION-SAMARA.ru
01.01.2024;ARZ-CISCO.ru
01.01.2024;ARZAMATOV.ru
01.01.2024;AS-MO.ru
01.01.2024;ASEPTOLUX.ru
01.01.2024;ASHENSKY.ru
01.01.2024;ASHEULOV.ru
01.01.2024;ASICLAB.ru
01.01.2024;ASININ.ru
01.01.2024;ASKORO.ru
01.01.2024;ASLI-AYAT.ru
01.01.2024;ASMTC.ru
01.01.2024;ASOFEVA.ru
01.01.2024;ASOKIN.ru
01.01.2024;ASPCLOUD.ru
01.01.2024;ASSETATLAS.ru
01.01.2024;ASSEV.ru
01.01.2024;ASTAPENKOVA.ru
01.01.2024;ASTAVISTA.ru
01.01.2024;ASTELLAS-PHARMA.ru
01.01.2024;ASTERBIO.ru
01.01.2024;ASTERLINK.ru
01.01.2024;ASTRA-CLEANING.ru
01.01.2024;ASTRACHAN.ru
01.01.2024;ASTRAGOROD.ru
01.01.2024;ASTRAHANCEV.ru
01.01.2024;ASTRALBOT.ru
01.01.2024;ASTRANOMIA.ru
01.01.2024;ASTRASTEP.ru
01.01.2024;ASTRODIETA.ru
01.01.2024;ASTROFORM.ru
01.01.2024;ASTROGON.ru
01.01.2024;ASTRON100.ru
01.01.2024;ASV-RC.ru
01.01.2024;ASZE.ru
01.01.2024;ATANOVA.ru
01.01.2024;ATELERI.ru
01.01.2024;ATLANTIC-INC.ru
01.01.2024;ATLASLIFE.ru
01.01.2024;ATMGK.ru
01.01.2024;ATMOSFERAYUTA.ru
01.01.2024;ATOMWAY.ru
01.01.2024;ATOPOV.ru
01.01.2024;ATSIGANOFF.ru
01.01.2024;ATTACKPROOF.ru
01.01.2024;ATTB.ru
01.01.2024;ATXM.ru
01.01.2024;AUAC.ru
01.01.2024;AUDG.ru
01.01.2024;AUDIOSOUL.ru
01.01.2024;AUDIT-1.ru
01.01.2024;AUMU.ru
01.01.2024;AUNU.ru
01.01.2024;AUPC.ru
01.01.2024;AURORA-ONLINE54.ru
01.01.2024;AURORA54.ru
01.01.2024;AURORAONLINE54.ru
01.01.2024;AURUM54.ru
01.01.2024;AUSLOGIC.ru
01.01.2024;AUSPORT.ru
01.01.2024;AUTERA.ru
01.01.2024;AUTHORSHIP.ru
01.01.2024;AUTIK.ru
01.01.2024;AUTO-EXPERTIZ.ru
01.01.2024;AUTO-LOT.ru
01.01.2024;AUTO-MOB.ru
01.01.2024;AUTO-PASS.ru
01.01.2024;AUTO-REKLAMA.ru
01.01.2024;AUTO-USED.ru
01.01.2024;AUTOBANNN.ru
01.01.2024;AUTOBLANK.ru
01.01.2024;AUTODOBOR.ru
01.01.2024;AUTODRIVEPLUS.ru
01.01.2024;AUTOED.ru
01.01.2024;AUTOEROTIC.ru
01.01.2024;AUTOGINES.ru
01.01.2024;AUTOGLASS-NN.ru
01.01.2024;AUTOGLASSNN.ru
01.01.2024;AUTOHAYK.ru
01.01.2024;AUTOHEART.ru
01.01.2024;AUTOHOLDER.ru
01.01.2024;AUTOKEN.ru
01.01.2024;AUTOKOS.ru
01.01.2024;AUTOLIVING.ru
01.01.2024;AUTOMATICK.ru
01.01.2024;AUTOMINE.ru
01.01.2024;AUTOMOBILA.ru
01.01.2024;AUTONAT.ru
01.01.2024;AUTOPECH.ru
01.01.2024;AUTOPODBORSCHOOL.ru
01.01.2024;AUTOPROSHIVKA.ru
01.01.2024;AUTOREMNI.ru
01.01.2024;AUTORIZE.ru
01.01.2024;AUTORUBKA.ru
01.01.2024;AUTOSCOOP.ru
01.01.2024;AUTOSEA.ru
01.01.2024;AUTOSKAUT.ru
01.01.2024;AUTOSORB.ru
01.01.2024;AUTOTIK.ru
01.01.2024;AUTOTRAVELNN.ru
01.01.2024;AUTOTROFI.ru
01.01.2024;AUTOTRUNK.ru
01.01.2024;AUTOUKA.ru
01.01.2024;AUTOVIKO.ru
01.01.2024;AUTOVISUAL.ru
01.01.2024;AUTOVOZIK.ru
01.01.2024;AUTOWIND.ru
01.01.2024;AUTOZIL.ru
01.01.2024;AUUC.ru
01.01.2024;AUVERS.ru
01.01.2024;AUVU.ru
01.01.2024;AV-TRANS.ru
01.01.2024;AVALENTINE.ru
01.01.2024;AVANGARDNAYA.ru
01.01.2024;AVANGER.ru
01.01.2024;AVANIK.ru
01.01.2024;AVANQUEST.ru
01.01.2024;AVANZANDO.ru
01.01.2024;AVEDIK.ru
01.01.2024;AVENEWS.ru
01.01.2024;AVEOVA.ru
01.01.2024;AVERTY.ru
01.01.2024;AVERYUGIN.ru
01.01.2024;AVIA-UNITS.ru
01.01.2024;AVIANORMAL.ru
01.01.2024;AVIASATES.ru
01.01.2024;AVIATECHNICS.ru
01.01.2024;AVIATSIONNAYA.ru
01.01.2024;AVIAUNITS.ru
01.01.2024;AVINOV.ru
01.01.2024;AVISTERRA.ru
01.01.2024;AVKAP.ru
01.01.2024;AVKOL.ru
01.01.2024;AVLOV.ru
01.01.2024;AVOCADOGREEN.ru
01.01.2024;AVONGARD.ru
01.01.2024;AVOROV.ru
01.01.2024;AVOTEAM.ru
01.01.2024;AVPSERVICE.ru
01.01.2024;AVSOV.ru
01.01.2024;AVTAMONOVA.ru
01.01.2024;AVTAVTO.ru
01.01.2024;AVTO-IN.ru
01.01.2024;AVTO109.ru
01.01.2024;AVTOBELOGORSK.ru
01.01.2024;AVTOBOTIK.ru
01.01.2024;AVTOCD.ru
01.01.2024;AVTOCENT.ru
01.01.2024;AVTOCENTR-NN.ru
01.01.2024;AVTOCENTRNN.ru
01.01.2024;AVTOCHAIN.ru
01.01.2024;AVTODIAGNOS.ru
01.01.2024;AVTODOR-EN.ru
01.01.2024;AVTODORL.ru
01.01.2024;AVTODROID.ru
01.01.2024;AVTOFURGON-DONGFENG.ru
01.01.2024;AVTOGRILL.ru
01.01.2024;AVTOMIR62.ru
01.01.2024;AVTOPARKNN.ru
01.01.2024;AVTOPROFINN.ru
01.01.2024;AVTORAF.ru
01.01.2024;AVTOSIDE.ru
01.01.2024;AVTOSIL.ru
01.01.2024;AVTOSMOTR.ru
01.01.2024;AVTOTIMES.ru
01.01.2024;AVTOVHOD.ru
01.01.2024;AVTOVYKUPKRD.ru
01.01.2024;AWELLNESS.ru
01.01.2024;AWOP.ru
01.01.2024;AWUP.ru
01.01.2024;AXCV.ru
01.01.2024;AXII.ru
01.01.2024;AXILAND.ru
01.01.2024;AXIONMED.ru
01.01.2024;AXMV.ru
01.01.2024;AXYOMA.ru
01.01.2024;AYGU.ru
01.01.2024;AYKU.ru
01.01.2024;AYLU.ru
01.01.2024;AYPS.ru
01.01.2024;AYURVEDABEAUTY.ru
01.01.2024;AYURVEDIUM.ru
01.01.2024;AZAMARA.ru
01.01.2024;AZAREV.ru
01.01.2024;AZIANI.ru
01.01.2024;AZSMINI.ru
01.01.2024;AZTELEKOM.ru
01.01.2024;AZUMANGA.ru
01.01.2024;AZURSOFT.ru
01.01.2024;AZWEBTY.ru
01.01.2024;B-WEAR.ru
01.01.2024;B1TR1X.ru
01.01.2024;BABASAN.ru
01.01.2024;BABEV.ru
01.01.2024;BABSKY.ru
01.01.2024;BABYELEPHANT.ru
01.01.2024;BADBERI.ru
01.01.2024;BADOO-SHOP.ru
01.01.2024;BADROV.ru
01.01.2024;BAEDEKER.ru
01.01.2024;BAGIRANN.ru
01.01.2024;BAGRATIONOVSKIY.ru
01.01.2024;BAGRATIONOVSKY.ru
01.01.2024;BAGRITSKOGO.ru
01.01.2024;BAGROUND.ru
01.01.2024;BAHD.ru
01.01.2024;BAHLOV.ru
01.01.2024;BAIKAL-TOURISM.ru
01.01.2024;BAIKALFOND.ru
01.01.2024;BAKG.ru
01.01.2024;BAKH104.ru
01.01.2024;BAKINSKAYA.ru
01.01.2024;BALANCEGYM.ru
01.01.2024;BALANO.ru
01.01.2024;BALCONY52.ru
01.01.2024;BALENG.ru
01.01.2024;BALISTIC.ru
01.01.2024;BALKON-FASAD.ru
01.01.2024;BANANAMALL.ru
01.01.2024;BANEEV.ru
01.01.2024;BANHEIM.ru
01.01.2024;BANITUMEN.ru
01.01.2024;BANKIUS.ru
01.01.2024;BANKROTSTVO-V-KRD.ru
01.01.2024;BANNERX.ru
01.01.2024;BANNIKOVSL.ru
01.01.2024;BANYABOCHKA24.ru
01.01.2024;BANYABRUS.ru
01.01.2024;BANYIBOCHKI.ru
01.01.2024;BARANT.ru
01.01.2024;BARBART.ru
01.01.2024;BARBERBOYS.ru
01.01.2024;BARBIX.ru
01.01.2024;BARBOV.ru
01.01.2024;BARBURY.ru
01.01.2024;BARCHAT.ru
01.01.2024;BARFISH.ru
01.01.2024;BARKOVSKAYAEU.ru
01.01.2024;BARMALOL.ru
01.01.2024;BARNAL.ru
01.01.2024;BARNOV.ru
01.01.2024;BARVIHINSKAYA.ru
01.01.2024;BARVIKHINSKAYA.ru
01.01.2024;BARYSHIHA.ru
01.01.2024;BARYSHIKHA.ru
01.01.2024;BARZIN.ru
01.01.2024;BASHO.ru
01.01.2024;BASHREMONT.ru
01.01.2024;BASTITRADE.ru
01.01.2024;BATGREEN.ru
01.01.2024;BATTERIA.ru
01.01.2024;BATTERYDESIGN.ru
01.01.2024;BATTERYSOLUTION.ru
01.01.2024;BATTLERZ.ru
01.01.2024;BAUFAL.ru
01.01.2024;BAUMOV.ru
01.01.2024;BAUROVA.ru
01.01.2024;BAVEK.ru
01.01.2024;BAVRIN.ru
01.01.2024;BAYBENKOV.ru
01.01.2024;BAYDOROV.ru
01.01.2024;BAYG.ru
01.01.2024;BAZA-ZVO.ru
01.01.2024;BAZIS-SCRIPT.ru
01.01.2024;BAZYKA.ru
01.01.2024;BBFR.ru
01.01.2024;BBGE.ru
01.01.2024;BBOA.ru
01.01.2024;BBQ-ZAYAVKI.ru
01.01.2024;BBQFOOD.ru
01.01.2024;BBSW.ru
01.01.2024;BC-DESIGN.ru
01.01.2024;BCBE.ru
01.01.2024;BCNR.ru
01.01.2024;BCOG.ru
01.01.2024;BCVA.ru
01.01.2024;BDPG.ru
01.01.2024;BDPK.ru
01.01.2024;BDRG.ru
01.01.2024;BDUE.ru
01.01.2024;BEARSHARE.ru
01.01.2024;BEATDROP.ru
01.01.2024;BEATFACTORY.ru
01.01.2024;BEAUTISHOP.ru
01.01.2024;BEAUTY-NN.ru
01.01.2024;BEAUTYANDLIFE.ru
01.01.2024;BEAUTYARTEL.ru
01.01.2024;BEAUTYBUREAU.ru
01.01.2024;BEAUTYINSIGHT.ru
01.01.2024;BEAUTYROYAL.ru
01.01.2024;BEAUTYVIPSTORE.ru
01.01.2024;BEAUTYVISIT.ru
01.01.2024;BECEO.ru
01.01.2024;BECKO.ru
01.01.2024;BEDAN.ru
01.01.2024;BEDEXPERT.ru
01.01.2024;BEDROV.ru
01.01.2024;BEFANI.ru
01.01.2024;BEFG.ru
01.01.2024;BEGARDEN.ru
01.01.2024;BEGROV.ru
01.01.2024;BEKENOVA.ru
01.01.2024;BEKESOVA.ru
01.01.2024;BEKUSOVA.ru
01.01.2024;BEL-INFO.ru
01.01.2024;BEL-PROEKT.ru
01.01.2024;BELA27.ru
01.01.2024;BELASTORE.ru
01.01.2024;BELENTSOV.ru
01.01.2024;BELHRAM.ru
01.01.2024;BELIYPAVLIN.ru
01.01.2024;BELMC.ru
01.01.2024;BELOKAMENNY.ru
01.01.2024;BELOYAROV.ru
01.01.2024;BELRAI.ru
01.01.2024;BELROS58.ru
01.01.2024;BENAEV.ru
01.01.2024;BENASSIM.ru
01.01.2024;BENDON.ru
01.01.2024;BENEFICENT.ru
01.01.2024;BENEZE.ru
01.01.2024;BENZODEL.ru
01.01.2024;BEPELO.ru
01.01.2024;BEPUB.ru
01.01.2024;BERCASE.ru
01.01.2024;BEREGUS.ru
01.01.2024;BERENGER.ru
01.01.2024;BEREZNYAKOVA.ru
01.01.2024;BERGWOOD.ru
01.01.2024;BERHAUS.ru
01.01.2024;BERKAUSOV.ru
01.01.2024;BERLEN.ru
01.01.2024;BERLUCCI.ru
01.01.2024;BERNAZOLINI.ru
01.01.2024;BERNAZZOLINI.ru
01.01.2024;BERNIKOVSKAYA.ru
01.01.2024;BERNOV.ru
01.01.2024;BERSENEVSKAYA.ru
01.01.2024;BERSHAKOV.ru
01.01.2024;BERVIK.ru
01.01.2024;BESEDINSKOE.ru
01.01.2024;BESHEN.ru
01.01.2024;BESKUDNIKOVSKY.ru
01.01.2024;BESPIVA.ru
01.01.2024;BESSTIA.ru
01.01.2024;BEST-PORTRET.ru
01.01.2024;BESTSCIENCE.ru
01.01.2024;BESTTREVEL-GRUZ.ru
01.01.2024;BESTWORKING.ru
01.01.2024;BET4FUN.ru
01.01.2024;BETAEV.ru
01.01.2024;BETBETBET.ru
01.01.2024;BETKOV.ru
01.01.2024;BETOND.ru
01.01.2024;BETTERHUMAN.ru
01.01.2024;BEVAT.ru
01.01.2024;BEVID.ru
01.01.2024;BEYONDINFINITY.ru
01.01.2024;BEZDNINA.ru
01.01.2024;BEZNIN.ru
01.01.2024;BEZONES.ru
01.01.2024;BEZYLON.ru
01.01.2024;BFEA.ru
01.01.2024;BFFG.ru
01.01.2024;BFIE.ru
01.01.2024;BFIR.ru
01.01.2024;BFKG.ru
01.01.2024;BFRG.ru
01.01.2024;BFUNDAMENT.ru
01.01.2024;BFVC.ru
01.01.2024;BGHG.ru
01.01.2024;BGSCHOOL.ru
01.01.2024;BHBA.ru
01.01.2024;BHFG.ru
01.01.2024;BHGC.ru
01.01.2024;BHHG.ru
01.01.2024;BHOA.ru
01.01.2024;BHPL.ru
01.01.2024;BHRA.ru
01.01.2024;BHSA.ru
01.01.2024;BHVG.ru
01.01.2024;BIBAEV.ru
01.01.2024;BIBIKING.ru
01.01.2024;BIBIREVSKAYA.ru
01.01.2024;BIBLIOTECHNAYA.ru
01.01.2024;BIBLIOTECHNY.ru
01.01.2024;BIC22.ru
01.01.2024;BIEA.ru
01.01.2024;BIGCHARTS.ru
01.01.2024;BIGCITYREALTY.ru
01.01.2024;BIGCOOL.ru
01.01.2024;BIGFAST.ru
01.01.2024;BIGGRAYWOLF.ru
01.01.2024;BIGLIMO.ru
01.01.2024;BIGLOV.ru
01.01.2024;BIGMICRO.ru
01.01.2024;BIGSQUARE.ru
01.01.2024;BIJMARKET.ru
01.01.2024;BIKEANDGO.ru
01.01.2024;BIKETRIAL.ru
01.01.2024;BILET-1.ru
01.01.2024;BILETBROKER.ru
01.01.2024;BILETTER.ru
01.01.2024;BILLIONREASONS.ru
01.01.2024;BILLWOOD.ru
01.01.2024;BINASCHOOL.ru
01.01.2024;BINELI.ru
01.01.2024;BINHOST.ru
01.01.2024;BINOCOLO.ru
01.01.2024;BIO-1.ru
01.01.2024;BIO-CAPITAL.ru
01.01.2024;BIO-D.ru
01.01.2024;BIO-FINANCE.ru
01.01.2024;BIO-K.ru
01.01.2024;BIOCATERING.ru
01.01.2024;BIOEXPLORER.ru
01.01.2024;BIOGREENS.ru
01.01.2024;BIOLOGYEASE.ru
01.01.2024;BIONREGION.ru
01.01.2024;BIORGANA.ru
01.01.2024;BIOSANA.ru
01.01.2024;BIOSOUL.ru
01.01.2024;BIOWALLS.ru
01.01.2024;BIOWAX.ru
01.01.2024;BIRAY.ru
01.01.2024;BIRZHEVAYA.ru
01.01.2024;BISERA.ru
01.01.2024;BISGRUP.ru
01.01.2024;BISTROMAMA.ru
01.01.2024;BISTRORBITNADOMU24.ru
01.01.2024;BISTROVOZVODIMIE-CBANIA-OBLAST.ru
01.01.2024;BISTROVOZVODIMIE-CBANIYA-OBLAST.ru
01.01.2024;BISTROVOZVODIMIE-CBANYA-OBLAST.ru
01.01.2024;BISTROVOZVODIMIE-CDANIYA-OBLAST.ru
01.01.2024;BIT-LINE.ru
01.01.2024;BIT0.ru
01.01.2024;BITCOIN-CRYPTO.ru
01.01.2024;BITCOINRUSH.ru
01.01.2024;BITCRACK.ru
01.01.2024;BITPACK.ru
01.01.2024;BITSEVSKAYA.ru
01.01.2024;BITSTRIP.ru
01.01.2024;BITZY.ru
01.01.2024;BIZ-D.ru
01.01.2024;BIZ-S.ru
01.01.2024;BIZARD.ru
01.01.2024;BIZCREATOR.ru
01.01.2024;BJGU.ru
01.01.2024;BKEE.ru
01.01.2024;BKIC.ru
01.01.2024;BKKC.ru
01.01.2024;BKOC.ru
01.01.2024;BKOLODIN.ru
01.01.2024;BKSG.ru
01.01.2024;BKVG.ru
01.01.2024;BL-MOTORS.ru
01.01.2024;BLACK-SUSHI.ru
01.01.2024;BLACKBARBER.ru
01.01.2024;BLACKSWANLTD.ru
01.01.2024;BLAGOVESCHENSKY.ru
01.01.2024;BLAGOYSTROISTVO.ru
01.01.2024;BLASTIC.ru
01.01.2024;BLATOSPHERA77.ru
01.01.2024;BLBE.ru
01.01.2024;BLESKMASTER.ru
01.01.2024;BLESSMYCODE.ru
01.01.2024;BLEZE.ru
01.01.2024;BLHA.ru
01.01.2024;BLIE.ru
01.01.2024;BLINBURG.ru
01.01.2024;BLIZART.ru
01.01.2024;BLKG.ru
01.01.2024;BLME.ru
01.01.2024;BLMOTORS.ru
01.01.2024;BLOA.ru
01.01.2024;BLOEMIST.ru
01.01.2024;BLOGBRAIN.ru
01.01.2024;BLOGGER-BLOGGEROV.ru
01.01.2024;BLOKI-STROY.ru
01.01.2024;BLOKTEPLO.ru
01.01.2024;BLOODSOUL.ru
01.01.2024;BLOOMAVENUE.ru
01.01.2024;BLOOPS.ru
01.01.2024;BLOSHENKOV.ru
01.01.2024;BLOZHKO.ru
01.01.2024;BLUOCEAN.ru
01.01.2024;BLVCKCLINIC.ru
01.01.2024;BLVG.ru
01.01.2024;BMHG.ru
01.01.2024;BMLK.ru
01.01.2024;BMMAIL.ru
01.01.2024;BMME.ru
01.01.2024;BMSTONE.ru
01.01.2024;BMUG.ru
01.01.2024;BMVC.ru
01.01.2024;BNDE.ru
01.01.2024;BNDG.ru
01.01.2024;BNNG.ru
01.01.2024;BNUE.ru
01.01.2024;BNUG.ru
01.01.2024;BO-NAILS.ru
01.01.2024;BOBESHKO.ru
01.01.2024;BOBINOVA.ru
01.01.2024;BOBOVA.ru
01.01.2024;BOBRETSOVA.ru
01.01.2024;BOCHILOVA.ru
01.01.2024;BODEK.ru
01.01.2024;BODON.ru
01.01.2024;BODYBRAIN.ru
01.01.2024;BODYGREEN.ru
01.01.2024;BODYREHAB.ru
01.01.2024;BOENG.ru
01.01.2024;BOFSTROY.ru
01.01.2024;BOGEMIYA-NN.ru
01.01.2024;BOGEMIYANN.ru
01.01.2024;BOGUL.ru
01.01.2024;BOGUMIL.ru
01.01.2024;BOGWARD.ru
01.01.2024;BOI-UFC.ru
01.01.2024;BOILSOFT.ru
01.01.2024;BOITEAU.ru
01.01.2024;BOKEEV.ru
01.01.2024;BOKMAN.ru
01.01.2024;BOKSEN.ru
01.01.2024;BOLEST.ru
01.01.2024;BOLLY4U.ru
01.01.2024;BOLOHNOV.ru
01.01.2024;BOLSHAYALUBYANKA.ru
01.01.2024;BOLSHAYAORDYNKA.ru
01.01.2024;BOLSHOY-AFANASEVSKY.ru
01.01.2024;BOLSHOYAFANASEVSKY.ru
01.01.2024;BOMBERMEN.ru
01.01.2024;BONAK.ru
01.01.2024;BONOMO.ru
01.01.2024;BONUS-PARFUM.ru
01.01.2024;BONUSSGOODOOE.ru
01.01.2024;BONUSSGOODOOI.ru
01.01.2024;BONUSSGOODOOO.ru
01.01.2024;BONUSSGOODOOP.ru
01.01.2024;BONUSSGOODOOQ.ru
01.01.2024;BONUSSGOODOOR.ru
01.01.2024;BONUSSGOODOOT.ru
01.01.2024;BONUSSGOODOOU.ru
01.01.2024;BONUSSGOODOOW.ru
01.01.2024;BONUSSGOODOOY.ru
01.01.2024;BOOK-D.ru
01.01.2024;BOOMGO.ru
01.01.2024;BOOMTRAVELS.ru
01.01.2024;BOOSTAI.ru
01.01.2024;BOOTPAY.ru
01.01.2024;BORETI.ru
01.01.2024;BORION.ru
01.01.2024;BORISOVSKIE-PRUDY.ru
01.01.2024;BORISOVSKIEPRUDY.ru
01.01.2024;BORKUM.ru
01.01.2024;BORMATENKOVA.ru
01.01.2024;BOROVSKOY.ru
01.01.2024;BOTANALYTICS.ru
01.01.2024;BOTDER.ru
01.01.2024;BOTKINSKY.ru
01.01.2024;BOTMER.ru
01.01.2024;BOTTEAM.ru
01.01.2024;BOUFAL.ru
01.01.2024;BOUFAN.ru
01.01.2024;BOURGET.ru
01.01.2024;BOUTIC.ru
01.01.2024;BOXHEAD.ru
01.01.2024;BOXMODE.ru
01.01.2024;BOXMODUL.ru
01.01.2024;BOXQ.ru
01.01.2024;BOXVIEW.ru
01.01.2024;BOZIKA.ru
01.01.2024;BRAINSECRETS.ru
01.01.2024;BRAINTARGET.ru
01.01.2024;BRAKEL.ru
01.01.2024;BRAKER.ru
01.01.2024;BRALIN.ru
01.01.2024;BRANDTEKA.ru
01.01.2024;BRANIK.ru
01.01.2024;BRANZA.ru
01.01.2024;BRASER.ru
01.01.2024;BRATISKA.ru
01.01.2024;BRAVEC.ru
01.01.2024;BRAZHENKOV.ru
01.01.2024;BREANNA.ru
01.01.2024;BREDNIKOVA.ru
01.01.2024;BREDOV.ru
01.01.2024;BREEFING.ru
01.01.2024;BREEZLINE.ru
01.01.2024;BREHUNOV.ru
01.01.2024;BREZOV.ru
01.01.2024;BRGC.ru
01.01.2024;BRHA.ru
01.01.2024;BRIDEBEAUTY.ru
01.01.2024;BRIFPOST.ru
01.01.2024;BRIKIN.ru
01.01.2024;BRILINA.ru
01.01.2024;BRILLIANT-LIFE.ru
01.01.2024;BRITNI.ru
01.01.2024;BRITNY.ru
01.01.2024;BRODUAGA.ru
01.01.2024;BROLO.ru
01.01.2024;BRONCHI.ru
01.01.2024;BRONLY.ru
01.01.2024;BRONZASTUDIO.ru
01.01.2024;BROSAT.ru
01.01.2024;BROSTA.ru
01.01.2024;BROVKOVA.ru
01.01.2024;BROWN-COLOR.ru
01.01.2024;BROZE.ru
01.01.2024;BRRI.ru
01.01.2024;BRRY.ru
01.01.2024;BRUBER.ru
01.01.2024;BRUS-1.ru
01.01.2024;BRUSURAL.ru
01.01.2024;BRYNSKIKH.ru
01.01.2024;BSTROYKA.ru
01.01.2024;BSVE.ru
01.01.2024;BT-SPB.ru
01.01.2024;BTL24.ru
01.01.2024;BTTU.ru
01.01.2024;BTUG.ru
01.01.2024;BTWL.ru
01.01.2024;BUBBLEBEEP.ru
01.01.2024;BUBLIN.ru
01.01.2024;BUCG.ru
01.01.2024;BUCHKINA.ru
01.01.2024;BUCHSERVIS.ru
01.01.2024;BUDAEVA-1.ru
01.01.2024;BUDAGO.ru
01.01.2024;BUDDYSCHOOL.ru
01.01.2024;BUDISM.ru
01.01.2024;BUDOV.ru
01.01.2024;BUDRIK.ru
01.01.2024;BUDUSHCHAYA-PROFESSIYA.ru
01.01.2024;BUEC.ru
01.01.2024;BUEE.ru
01.01.2024;BUENOV.ru
01.01.2024;BUFC.ru
01.01.2024;BUFS.ru
01.01.2024;BUGASHEVA.ru
01.01.2024;BUGC.ru
01.01.2024;BUH-U.ru
01.01.2024;BUHAMETOV.ru
01.01.2024;BUHGALTER-YURIST.ru
01.01.2024;BUILTGREEN.ru
01.01.2024;BUJHM.ru
01.01.2024;BUKARD.ru
01.01.2024;BUKAVTSOV.ru
01.01.2024;BUKEEV.ru
01.01.2024;BUKET-NA-DONU.ru
01.01.2024;BUKG.ru
01.01.2024;BUKMIN.ru
01.01.2024;BUKONT.ru
01.01.2024;BUKVAD.ru
01.01.2024;BUKVAG.ru
01.01.2024;BUKVAK.ru
01.01.2024;BUKVAL.ru
01.01.2024;BUKVAM.ru
01.01.2024;BUKVASH.ru
01.01.2024;BUKVAT.ru
01.01.2024;BUKVAV.ru
01.01.2024;BUKVAZ.ru
01.01.2024;BUKVODAR.ru
01.01.2024;BULLNOVA.ru
01.01.2024;BULLYMAFIA.ru
01.01.2024;BUMAGAREZ.ru
01.01.2024;BUMAK.ru
01.01.2024;BUMARI.ru
01.01.2024;BUMBOSHOP.ru
01.01.2024;BUNDAS.ru
01.01.2024;BUNDOV.ru
01.01.2024;BUNKERHACK.ru
01.01.2024;BURBOV.ru
01.01.2024;BURDIK.ru
01.01.2024;BURGERVILLE.ru
01.01.2024;BURKAT.ru
01.01.2024;BURMASTER37.ru
01.01.2024;BUROGO.ru
01.01.2024;BUROVAYA-KOMPANIYA.ru
01.01.2024;BURTSOV.ru
01.01.2024;BURVODSERVICE.ru
01.01.2024;BUS-CHARTER.ru
01.01.2024;BUSAREVA.ru
01.01.2024;BUSINESS-ANALYTIC.ru
01.01.2024;BUSINESSBUTLER.ru
01.01.2024;BUSINESSTEKA.ru
01.01.2024;BUSKET.ru
01.01.2024;BUSLO.ru
01.01.2024;BUSNESSMSK.ru
01.01.2024;BUSULAEVA.ru
01.01.2024;BUSYLIFE.ru
01.01.2024;BUSYWAY.ru
01.01.2024;BUT-1.ru
01.01.2024;BUTIK-1.ru
01.01.2024;BUTLAR.ru
01.01.2024;BUTOM.ru
01.01.2024;BUTURKA.ru
01.01.2024;BUYINGTIME.ru
01.01.2024;BUZAN.ru
01.01.2024;BUZUN.ru
01.01.2024;BVBG.ru
01.01.2024;BVBS.ru
01.01.2024;BVEG.ru
01.01.2024;BVFS.ru
01.01.2024;BVHS.ru
01.01.2024;BVSSTROY.ru
01.01.2024;BVUC.ru
01.01.2024;BVUE.ru
01.01.2024;BWGC.ru
01.01.2024;BWLP.ru
01.01.2024;BWT-SERVICE.ru
01.01.2024;BYCU.ru
01.01.2024;BYGET.ru
01.01.2024;BYGREEN.ru
01.01.2024;BYGU.ru
01.01.2024;BYMU.ru
01.01.2024;BYNU.ru
01.01.2024;BYSTROE.ru
01.01.2024;BYSTROW.ru
01.01.2024;BYTOR.ru
01.01.2024;BYVU.ru
01.01.2024;BYYF.ru
01.01.2024;BZMATH.ru
01.01.2024;CABERA.ru
01.01.2024;CABINET-CONNECT.ru
01.01.2024;CABLINK.ru
01.01.2024;CABRINA.ru
01.01.2024;CACAOBEAN.ru
01.01.2024;CACEIS.ru
01.01.2024;CACIOTTA.ru
01.01.2024;CAFEBOUTIQUE.ru
01.01.2024;CAFRA.ru
01.01.2024;CAGX.ru
01.01.2024;CAKG.ru
01.01.2024;CALABRO.ru
01.01.2024;CALL-PAY.ru
01.01.2024;CALLANALYTICS.ru
01.01.2024;CALLS-IT.ru
01.01.2024;CALSONIC.ru
01.01.2024;CAM-CHAT.ru
01.01.2024;CAMERMAN.ru
01.01.2024;CAMPUSCAFE.ru
01.01.2024;CANDLEMATIC.ru
01.01.2024;CANTSLER.ru
01.01.2024;CAOG.ru
01.01.2024;CAPITAL-GRAD.ru
01.01.2024;CAPITAL-LUX.ru
01.01.2024;CAPITAL-SMART.ru
01.01.2024;CAPITAL-TIME.ru
01.01.2024;CAPPELLI.ru
01.01.2024;CAPPOLY.ru
01.01.2024;CAPREM.ru
01.01.2024;CAPTAINCRASH.ru
01.01.2024;CAR-TODAY.ru
01.01.2024;CARAMELLY.ru
01.01.2024;CARBONFIBRE.ru
01.01.2024;CARCHER.ru
01.01.2024;CARCOATING.ru
01.01.2024;CARDBUS.ru
01.01.2024;CARDOOR.ru
01.01.2024;CAREER-CLASS.ru
01.01.2024;CAREERCLASS.ru
01.01.2024;CARELOTION.ru
01.01.2024;CARGOHUNT.ru
01.01.2024;CARNIVALCRUISES.ru
01.01.2024;CAROFILM.ru
01.01.2024;CARPROOF.ru
01.01.2024;CARSIA.ru
01.01.2024;CARTM.ru
01.01.2024;CARTYPE.ru
01.01.2024;CASHDELIVERYPRO.ru
01.01.2024;CASHNGO.ru
01.01.2024;CASTLE-KZN.ru
01.01.2024;CATALOG-AI.ru
01.01.2024;CATLORD.ru
01.01.2024;CATWILD.ru
01.01.2024;CBHA.ru
01.01.2024;CBKA.ru
01.01.2024;CBRY.ru
01.01.2024;CBSNN.ru
01.01.2024;CCEY.ru
01.01.2024;CCLE.ru
01.01.2024;CCLR.ru
01.01.2024;CCNF.ru
01.01.2024;CCNY.ru
01.01.2024;CDDE.ru
01.01.2024;CDEKS.ru
01.01.2024;CDGG.ru
01.01.2024;CDUC.ru
01.01.2024;CELEBRATIONCHURCH.ru
01.01.2024;CEMENT-X.ru
01.01.2024;CEMENTX.ru
01.01.2024;CEMETRY.ru
01.01.2024;CENTER-KIDS.ru
01.01.2024;CENTERLIZING.ru
01.01.2024;CENTR-1.ru
01.01.2024;CENTR-FINANCE.ru
01.01.2024;CENTR-KAPITAL.ru
01.01.2024;CENTR-REKONSTRUKCII.ru
01.01.2024;CENTR-TECH.ru
01.01.2024;CENTR-TOP.ru
01.01.2024;CENTR-X.ru
01.01.2024;CENTR1-ZAIM.ru
01.01.2024;CENTREBUH.ru
01.01.2024;CENTRKAPITAL.ru
01.01.2024;CENTRNN.ru
01.01.2024;CENTRTOP.ru
01.01.2024;CERABAR.ru
01.01.2024;CERMANY.ru
01.01.2024;CERONLINE.ru
01.01.2024;CESMONEY.ru
01.01.2024;CEUG.ru
01.01.2024;CFHG.ru
01.01.2024;CFHL.ru
01.01.2024;CGAG.ru
01.01.2024;CGGG.ru
01.01.2024;CGLAZ-MARYAM.ru
01.01.2024;CGMG.ru
01.01.2024;CGRG.ru
01.01.2024;CHAINDEV.ru
01.01.2024;CHALAKOVA.ru
01.01.2024;CHAMELEONOFFICE.ru
01.01.2024;CHAMINA.ru
01.01.2024;CHANTRY.ru
01.01.2024;CHAOTICA.ru
01.01.2024;CHARP.ru
01.01.2024;CHAYNIKOVA.ru
01.01.2024;CHAYSTORY.ru
01.01.2024;CHECCKO.ru
01.01.2024;CHECCO.ru
01.01.2024;CHECHIKOV.ru
01.01.2024;CHECKID.ru
01.01.2024;CHECKKO.ru
01.01.2024;CHEHALKOV.ru
01.01.2024;CHEKALEV.ru
01.01.2024;CHEKOTOV.ru
01.01.2024;CHELNOV.ru
01.01.2024;CHEMSI.ru
01.01.2024;CHEMSTOCK.ru
01.01.2024;CHEPASOV.ru
01.01.2024;CHEPELKIN.ru
01.01.2024;CHERMENEVA.ru
01.01.2024;CHERNOMUROV.ru
01.01.2024;CHERRY-SAD.ru
01.01.2024;CHERRYSAD.ru
01.01.2024;CHERTEG75.ru
01.01.2024;CHERUNOVA.ru
01.01.2024;CHERVANEVA.ru
01.01.2024;CHESTMASTER.ru
01.01.2024;CHICKICK.ru
01.01.2024;CHIGNON.ru
01.01.2024;CHIMKENT.ru
01.01.2024;CHINACARDATABASE.ru
01.01.2024;CHINACARDB.ru
01.01.2024;CHITAJ-NN.ru
01.01.2024;CHITAJNN.ru
01.01.2024;CHITALA.ru
01.01.2024;CHITAY-NN.ru
01.01.2024;CHITAYNN.ru
01.01.2024;CHIZHANOV.ru
01.01.2024;CHKSOFT.ru
01.01.2024;CHMAROV.ru
01.01.2024;CHMIREV.ru
01.01.2024;CHMUROV.ru
01.01.2024;CHMUROVA.ru
01.01.2024;CHMUTOV.ru
01.01.2024;CHONGCHONG.ru
01.01.2024;CHOOSEGREEN.ru
01.01.2024;CHOOSEONE.ru
01.01.2024;CHPY.ru
01.01.2024;CHUDOTABLETKA.ru
01.01.2024;CHUPAKOV.ru
01.01.2024;CHUVILKO.ru
01.01.2024;CHVIROV.ru
01.01.2024;CIFKOSHELEK.ru
01.01.2024;CIFL.ru
01.01.2024;CIFRAAUTO.ru
01.01.2024;CIFRAAVTO.ru
01.01.2024;CIFROVOEFOTO.ru
01.01.2024;CIOA.ru
01.01.2024;CITIL.ru
01.01.2024;CITYDIALOG.ru
01.01.2024;CITYDIET.ru
01.01.2024;CITYGREENS.ru
01.01.2024;CITYSPIRIT.ru
01.01.2024;CIUG.ru
01.01.2024;CIVG.ru
01.01.2024;CIVL.ru
01.01.2024;CKAA.ru
01.01.2024;CKAC.ru
01.01.2024;CKCG.ru
01.01.2024;CKHH.ru
01.01.2024;CKZN.ru
01.01.2024;CLASSICALDESIGN.ru
01.01.2024;CLASSICNN.ru
01.01.2024;CLASSTEKA.ru
01.01.2024;CLASSTOURNN.ru
01.01.2024;CLEAN-CLEANING.ru
01.01.2024;CLEANING-TOP.ru
01.01.2024;CLEANING-X.ru
01.01.2024;CLEANINGAGENCY.ru
01.01.2024;CLEANINGBEES.ru
01.01.2024;CLEANINGX.ru
01.01.2024;CLEANKOV.ru
01.01.2024;CLEANSCAN.ru
01.01.2024;CLEANTAP.ru
01.01.2024;CLEVERBUYER.ru
01.01.2024;CLICKANDPICK.ru
01.01.2024;CLICKMETRIC.ru
01.01.2024;CLIKE.ru
01.01.2024;CLMANN.ru
01.01.2024;CLNG.ru
01.01.2024;CLOCK-ONLINE.ru
01.01.2024;CLONEART.ru
01.01.2024;CLOUDSOC.ru
01.01.2024;CLUB-CHANGAN.ru
01.01.2024;CLUB-IQ.ru
01.01.2024;CLUB-M.ru
01.01.2024;CLUBHUMMER.ru
01.01.2024;CLUBRUKODELIYA.ru
01.01.2024;CLUBTICKET.ru
01.01.2024;CLVE.ru
01.01.2024;CLVN.ru
01.01.2024;CMDTROPAREVO.ru
01.01.2024;CMRX.ru
01.01.2024;CMSAI.ru
01.01.2024;CMUG.ru
01.01.2024;CN-MARKET.ru
01.01.2024;CNA75.ru
01.01.2024;CNKG.ru
01.01.2024;CNLR.ru
01.01.2024;CNSF.ru
01.01.2024;CNUE.ru
01.01.2024;COACT.ru
01.01.2024;COAE.ru
01.01.2024;COCLICK.ru
01.01.2024;COCR.ru
01.01.2024;COCTAILS.ru
01.01.2024;CODDAVINCI.ru
01.01.2024;CODESTONE.ru
01.01.2024;CODESTUDENT.ru
01.01.2024;COFFEE-EAST.ru
01.01.2024;COFITI.ru
01.01.2024;COGRA.ru
01.01.2024;COHGY.ru
01.01.2024;COINDEV.ru
01.01.2024;COINWORK.ru
01.01.2024;COJE.ru
01.01.2024;COLERS.ru
01.01.2024;COLISEUMFIT.ru
01.01.2024;COM-TOUR.ru
01.01.2024;COMBIMED.ru
01.01.2024;COMFORTABLECLOTHES.ru
01.01.2024;COMFORTTRIP.ru
01.01.2024;COMMENTY.ru
01.01.2024;COMMONDESIGN.ru
01.01.2024;COMPARELEARN.ru
01.01.2024;COMPLEXIO.ru
01.01.2024;COMPOMAT.ru
01.01.2024;COMPSAFE.ru
01.01.2024;CONDTORG.ru
01.01.2024;CONFITEL.ru
01.01.2024;CONTOOLS.ru
01.01.2024;CONTROL-UNION.ru
01.01.2024;CONTROLTRACK.ru
01.01.2024;CONVERTKIT.ru
01.01.2024;COOLDROP.ru
01.01.2024;COOLPAPA.ru
01.01.2024;COOLSTOP.ru
01.01.2024;COPYLOV.ru
01.01.2024;CORLY.ru
01.01.2024;CORMAK.ru
01.01.2024;CORPORATE-GOVERNANCE.ru
01.01.2024;CORPORATEBANKING.ru
01.01.2024;CORSETRY.ru
01.01.2024;COSMO4.ru
01.01.2024;COSMO422.ru
01.01.2024;COSMOCHANGE.ru
01.01.2024;COSMOCRM.ru
01.01.2024;COSMOEXCHANGE.ru
01.01.2024;COSMOSZOLOTO.ru
01.01.2024;COUNTER-STRIKE15.ru
01.01.2024;COVERFLEX.ru
01.01.2024;COVROLINE.ru
01.01.2024;CPAFIRM.ru
01.01.2024;CQNN.ru
01.01.2024;CRAFT-MONEY.ru
01.01.2024;CRAFT-TIME.ru
01.01.2024;CRAFTEKS.ru
01.01.2024;CRAFTING-HEIGHT.ru
01.01.2024;CRAZYBOOTS.ru
01.01.2024;CRAZYTOYS27.ru
01.01.2024;CRCF.ru
01.01.2024;CRDBNN.ru
01.01.2024;CREADOOR.ru
01.01.2024;CREATEPLUS.ru
01.01.2024;CREATIONZONE.ru
01.01.2024;CREATIVEDIRECT.ru
01.01.2024;CREATIVEHEARTS.ru
01.01.2024;CREATIVESALES.ru
01.01.2024;CREDIT2025.ru
01.01.2024;CREDITKABANK.ru
01.01.2024;CREWCONNECT.ru
01.01.2024;CRHH.ru
01.01.2024;CRICTIME.ru
01.01.2024;CRIR.ru
01.01.2024;CRIU.ru
01.01.2024;CRLA.ru
01.01.2024;CROCONS.ru
01.01.2024;CROSSHEART.ru
01.01.2024;CRYC.ru
01.01.2024;CRYPTO-DEAL.ru
01.01.2024;CRYPTO-EARN.ru
01.01.2024;CRYPTO-GIFTS.ru
01.01.2024;CRYPTO-HELP.ru
01.01.2024;CRYPTO-INCOME.ru
01.01.2024;CRYPTO-INVESTORS.ru
01.01.2024;CRYPTO-KING.ru
01.01.2024;CRYPTO-LEGAL.ru
01.01.2024;CRYPTO-META.ru
01.01.2024;CRYPTO-TRENDS.ru
01.01.2024;CRYPTOABC.ru
01.01.2024;CRYPTOAGENTS.ru
01.01.2024;CRYPTOALGO.ru
01.01.2024;CRYPTOARAB.ru
01.01.2024;CRYPTOATMS.ru
01.01.2024;CRYPTOBATTLES.ru
01.01.2024;CRYPTOBOOMER.ru
01.01.2024;CRYPTOBULLETIN.ru
01.01.2024;CRYPTOBUNKER.ru
01.01.2024;CRYPTOBUNNIES.ru
01.01.2024;CRYPTOBUYING.ru
01.01.2024;CRYPTOCASHBACK.ru
01.01.2024;CRYPTOCHECKER.ru
01.01.2024;CRYPTOCLICKS.ru
01.01.2024;CRYPTOCOINERS.ru
01.01.2024;CRYPTOCOININVEST.ru
01.01.2024;CRYPTOCOINSHOP.ru
01.01.2024;CRYPTOCOLLECTORS.ru
01.01.2024;CRYPTOCOOP.ru
01.01.2024;CRYPTODEFENSE.ru
01.01.2024;CRYPTODIGEST.ru
01.01.2024;CRYPTOEARNING.ru
01.01.2024;CRYPTOETH.ru
01.01.2024;CRYPTOFIAT.ru
01.01.2024;CRYPTOFOODS.ru
01.01.2024;CRYPTOFOR.ru
01.01.2024;CRYPTOFORALL.ru
01.01.2024;CRYPTOFRANC.ru
01.01.2024;CRYPTOINK.ru
01.01.2024;CRYPTOINTELLIGENCE.ru
01.01.2024;CRYPTOINTERNATIONAL.ru
01.01.2024;CRYPTOINVESTIGATION.ru
01.01.2024;CRYPTOJAM.ru
01.01.2024;CRYPTOKI.ru
01.01.2024;CRYPTOKICK.ru
01.01.2024;CRYPTOLAUNDRY.ru
01.01.2024;CRYPTOLIBRARY.ru
01.01.2024;CRYPTOLION.ru
01.01.2024;CRYPTOLOOK.ru
01.01.2024;CRYPTOLORD.ru
01.01.2024;CRYPTOMANUAL.ru
01.01.2024;CRYPTOMATH.ru
01.01.2024;CRYPTOMEGA.ru
01.01.2024;CRYPTOMININGFARM.ru
01.01.2024;CRYPTOMOMS.ru
01.01.2024;CRYPTOMUNDO.ru
01.01.2024;CRYPTONAS.ru
01.01.2024;CRYPTONI.ru
01.01.2024;CRYPTONICE.ru
01.01.2024;CRYPTOOASIS.ru
01.01.2024;CRYPTOOFFERS.ru
01.01.2024;CRYPTOOLS.ru
01.01.2024;CRYPTOORACLE.ru
01.01.2024;CRYPTOOS.ru
01.01.2024;CRYPTOPARADISE.ru
01.01.2024;CRYPTOPAWN.ru
01.01.2024;CRYPTOPICK.ru
01.01.2024;CRYPTOPIE.ru
01.01.2024;CRYPTOPRISM.ru
01.01.2024;CRYPTOREPUBLIC.ru
01.01.2024;CRYPTOSAMURAI.ru
01.01.2024;CRYPTOSHELL.ru
01.01.2024;CRYPTOSIG.ru
01.01.2024;CRYPTOSIM.ru
01.01.2024;CRYPTOSLUT.ru
01.01.2024;CRYPTOSS.ru
01.01.2024;CRYPTOTAXCALCULATOR.ru
01.01.2024;CRYPTOTECHNOLOGIES.ru
01.01.2024;CRYPTOTRADINGS.ru
01.01.2024;CRYPTOTREASURE.ru
01.01.2024;CRYPTOWALK.ru
01.01.2024;CRYPTOWATCHER.ru
01.01.2024;CRYPTOWINNERS.ru
01.01.2024;CRYPTOWIRED.ru
01.01.2024;CRYPTOWORKER.ru
01.01.2024;CRYPTOWOW.ru
01.01.2024;CRYPTOZERO.ru
01.01.2024;CRYPTOZINE.ru
01.01.2024;CRYPTOZON.ru
01.01.2024;CRYSTALCODE.ru
01.01.2024;CRYSTALSAND.ru
01.01.2024;CSKG.ru
01.01.2024;CSUA.ru
01.01.2024;CTHG.ru
01.01.2024;CTMW.ru
01.01.2024;CUBEAR.ru
01.01.2024;CUBEGAMESSTUDIO.ru
01.01.2024;CUHC.ru
01.01.2024;CUIA.ru
01.01.2024;CUNABULA.ru
01.01.2024;CUORSE.ru
01.01.2024;CURRENCYCRYPTO.ru
01.01.2024;CUSTOMELECTRIC.ru
01.01.2024;CUSTOMPCS.ru
01.01.2024;CUSTOMRACK.ru
01.01.2024;CVFA.ru
01.01.2024;CVFC.ru
01.01.2024;CVFG.ru
01.01.2024;CVFS.ru
01.01.2024;CVHF.ru
01.01.2024;CVNG.ru
01.01.2024;CVNL.ru
01.01.2024;CVPG.ru
01.01.2024;CVRA.ru
01.01.2024;CVRL.ru
01.01.2024;CVRR.ru
01.01.2024;CVTE.ru
01.01.2024;CVVME.ru
01.01.2024;CVVP.ru
01.01.2024;CVZR.ru
01.01.2024;CYBER-AUTO.ru
01.01.2024;CYBER-FOOD.ru
01.01.2024;CYBERPRIVACY.ru
01.01.2024;CYBERSECURITYJOBS.ru
01.01.2024;CYCU.ru
01.01.2024;CYGU.ru
01.01.2024;CYLU.ru
01.01.2024;CYMU.ru
01.01.2024;D-MODULE.ru
01.01.2024;DABABY.ru
01.01.2024;DABINGO.ru
01.01.2024;DAHIN.ru
01.01.2024;DAILY-COFFEE.ru
01.01.2024;DAILYNN.ru
01.01.2024;DAIRYBARN.ru
01.01.2024;DALD.ru
01.01.2024;DALLO.ru
01.01.2024;DALPORTCITY.ru
01.01.2024;DAN9300999.ru
01.01.2024;DANASANKOVA.ru
01.01.2024;DANCEFOTO.ru
01.01.2024;DANILA-REM.ru
01.01.2024;DANILAMARKOV.ru
01.01.2024;DANUL.ru
01.01.2024;DAOG.ru
01.01.2024;DARETOCARE.ru
01.01.2024;DARK-SPACE.ru
01.01.2024;DARMON.ru
01.01.2024;DARS-EVRO.ru
01.01.2024;DARTYAR.ru
01.01.2024;DASHCAMERA.ru
01.01.2024;DATA-M.ru
01.01.2024;DATADEEPDIVE.ru
01.01.2024;DATAEVOLUTION.ru
01.01.2024;DATCHIKIGAZA.ru
01.01.2024;DATE-MARKET.ru
01.01.2024;DATEMARKET.ru
01.01.2024;DATTAN.ru
01.01.2024;DAUKSHA.ru
01.01.2024;DAVLAEV.ru
01.01.2024;DAZHELTOV.ru
01.01.2024;DBDT.ru
01.01.2024;DBFR.ru
01.01.2024;DBGG.ru
01.01.2024;DBHA.ru
01.01.2024;DBIL.ru
01.01.2024;DBLE.ru
01.01.2024;DBWH.ru
01.01.2024;DBZZ.ru
01.01.2024;DC-DEVELOPMENT.ru
01.01.2024;DCFR.ru
01.01.2024;DCGG.ru
01.01.2024;DCGS.ru
01.01.2024;DCKG.ru
01.01.2024;DCLR.ru
01.01.2024;DCTU.ru
01.01.2024;DDCE.ru
01.01.2024;DDCF.ru
01.01.2024;DDLA.ru
01.01.2024;DDLI.ru
01.01.2024;DDLR.ru
01.01.2024;DDLT.ru
01.01.2024;DDMF.ru
01.01.2024;DDML.ru
01.01.2024;DDNG.ru
01.01.2024;DDNL.ru
01.01.2024;DDOL.ru
01.01.2024;DDRL.ru
01.01.2024;DDTG.ru
01.01.2024;DDW68.ru
01.01.2024;DEATHCHANCE.ru
01.01.2024;DEBETSITE.ru
01.01.2024;DEBLER.ru
01.01.2024;DEBOL.ru
01.01.2024;DECAT-SERVICE.ru
01.01.2024;DECATSERVICE.ru
01.01.2024;DECO-FLORISTIC.ru
01.01.2024;DECODOMO.ru
01.01.2024;DECODREAM.ru
01.01.2024;DECOFLORISTIC.ru
01.01.2024;DECOLLETAGE.ru
01.01.2024;DECORV.ru
01.01.2024;DEDENEVA.ru
01.01.2024;DEDL.ru
01.01.2024;DEENKOVA.ru
01.01.2024;DEFPRO-SPB.ru
01.01.2024;DEGNER.ru
01.01.2024;DELFIN4IK2012.ru
01.01.2024;DELIANET.ru
01.01.2024;DELINIATOR.ru
01.01.2024;DELIVERY-3655.ru
01.01.2024;DELIVERY-6547.ru
01.01.2024;DELIVERY213.ru
01.01.2024;DELIVERY4CASH.ru
01.01.2024;DELMARO.ru
01.01.2024;DELOCOR.ru
01.01.2024;DELT-EX.ru
01.01.2024;DELUXE-1.ru
01.01.2024;DELUXE-DOMA.ru
01.01.2024;DELUXE-FINANCE.ru
01.01.2024;DELUXE-MUSIC.ru
01.01.2024;DELUXE-SUSHI.ru
01.01.2024;DELUXE-TOP.ru
01.01.2024;DELUXE-X.ru
01.01.2024;DELUXEDOMA.ru
01.01.2024;DELUXEFINANCE.ru
01.01.2024;DELUXESUSHI.ru
01.01.2024;DELUXETOP.ru
01.01.2024;DELUXEX.ru
01.01.2024;DELYAAESTHETICSDIKAYA.ru
01.01.2024;DEMBA.ru
01.01.2024;DEMERT.ru
01.01.2024;DEMETS.ru
01.01.2024;DEMIDAILAN.ru
01.01.2024;DEMIDEILAN.ru
01.01.2024;DEMOKE.ru
01.01.2024;DEMOLA.ru
01.01.2024;DEMONA.ru
01.01.2024;DEMONTAZH-SNOS.ru
01.01.2024;DEMONTAZSH.ru
01.01.2024;DEMUNT.ru
01.01.2024;DEMYANENKOV.ru
01.01.2024;DEN-DAVYDOV.ru
01.01.2024;DENGOF.ru
01.01.2024;DENI5P0N.ru
01.01.2024;DENIPOCH.ru
01.01.2024;DENKRASIVYI.ru
01.01.2024;DENNISMOROSOFF.ru
01.01.2024;DENTIGEAR.ru
01.01.2024;DEPILJACIJA.ru
01.01.2024;DEPRESSIONHELP.ru
01.01.2024;DERESHKOV.ru
01.01.2024;DEREVO-DEKOR.ru
01.01.2024;DEREVOLESTNICA.ru
01.01.2024;DERNER.ru
01.01.2024;DERS4OV.ru
01.01.2024;DERUFA-DELUXE.ru
01.01.2024;DERYABOVA.ru
01.01.2024;DESBUT.ru
01.01.2024;DESHEVYH.ru
01.01.2024;DESIGN-DEKO.ru
01.01.2024;DESIGN-INTERERA.ru
01.01.2024;DESIGN-PREMIUM.ru
01.01.2024;DESIGN-RADIATRS.ru
01.01.2024;DESIGNBISTRO.ru
01.01.2024;DESIGNDEKO.ru
01.01.2024;DESIGNFAERIE.ru
01.01.2024;DESIGNLEGKO.ru
01.01.2024;DESIGNRENOVATION.ru
01.01.2024;DESIGNYOURBODY.ru
01.01.2024;DESINGN.ru
01.01.2024;DESKPROM.ru
01.01.2024;DESKUR.ru
01.01.2024;DESSER.ru
01.01.2024;DETALI86.ru
01.01.2024;DETEJLING-CENTR.ru
01.01.2024;DETEKTRON.ru
01.01.2024;DETERS.ru
01.01.2024;DETI-PRO.ru
01.01.2024;DETINN.ru
01.01.2024;DETISAROVA.ru
01.01.2024;DETKINN.ru
01.01.2024;DETLOV.ru
01.01.2024;DETPSYGO.ru
01.01.2024;DETSAD-NN.ru
01.01.2024;DETSADNN.ru
01.01.2024;DETSKAYAAKADEMIYA.ru
01.01.2024;DETTOR.ru
01.01.2024;DEVCLUSTER.ru
01.01.2024;DEVCONNECT.ru
01.01.2024;DEVECON.ru
01.01.2024;DEVETEL.ru
01.01.2024;DEVPALGAME.ru
01.01.2024;DEZINSEC.ru
01.01.2024;DFDL.ru
01.01.2024;DFIG.ru
01.01.2024;DFKC.ru
01.01.2024;DFVC.ru
01.01.2024;DGAA.ru
01.01.2024;DGBG.ru
01.01.2024;DGCG.ru
01.01.2024;DGDR.ru
01.01.2024;DGKC.ru
01.01.2024;DGLE.ru
01.01.2024;DGLG.ru
01.01.2024;DGNG.ru
01.01.2024;DGNR.ru
01.01.2024;DHCA.ru
01.01.2024;DHCG.ru
01.01.2024;DHHR.ru
01.01.2024;DHLV.ru
01.01.2024;DHRS.ru
01.01.2024;DHSE.ru
01.01.2024;DHTG.ru
01.01.2024;DHUC.ru
01.01.2024;DHUE.ru
01.01.2024;DIAMONDSCLUB.ru
01.01.2024;DIAMONDSOFCHOICE.ru
01.01.2024;DIAMONDVAULTS.ru
01.01.2024;DICORIA.ru
01.01.2024;DIDNO.ru
01.01.2024;DIET-LINE.ru
01.01.2024;DIETTIPS.ru
01.01.2024;DIFLOORS.ru
01.01.2024;DIGITALMANUFACTURING.ru
01.01.2024;DIGREEN.ru
01.01.2024;DIKIYTIMYAN.ru
01.01.2024;DIM-UY.ru
01.01.2024;DIMSTAR.ru
01.01.2024;DINSON.ru
01.01.2024;DIPLOMPRIZNAN.ru
01.01.2024;DISCOUNTPHARMACY.ru
01.01.2024;DISFUNKCII.ru
01.01.2024;DISK-SHINA.ru
01.01.2024;DIVAN-KUPIL.ru
01.01.2024;DIVANIKUPIT.ru
01.01.2024;DIVANITA.ru
01.01.2024;DIVANKUPIL.ru
01.01.2024;DIVANKUPLYU.ru
01.01.2024;DIVANYKUPIT.ru
01.01.2024;DIVEINTO.ru
01.01.2024;DIVIDEBYNULL.ru
01.01.2024;DIVIDENTI.ru
01.01.2024;DIVINGSERVICE.ru
01.01.2024;DIVKAPITAL.ru
01.01.2024;DIVNAYAROZA.ru
01.01.2024;DIVOLOT.ru
01.01.2024;DIZAYNDEKO.ru
01.01.2024;DJANGOBLOG.ru
01.01.2024;DKAL.ru
01.01.2024;DKGG.ru
01.01.2024;DKKG.ru
01.01.2024;DKNE.ru
01.01.2024;DKRK.ru
01.01.2024;DKVW.ru
01.01.2024;DLAE.ru
01.01.2024;DLAL.ru
01.01.2024;DLAR.ru
01.01.2024;DLBR.ru
01.01.2024;DLDD.ru
01.01.2024;DLDG.ru
01.01.2024;DLDI.ru
01.01.2024;DLDM.ru
01.01.2024;DLDN.ru
01.01.2024;DLDR.ru
01.01.2024;DLDT.ru
01.01.2024;DLEI.ru
01.01.2024;DLEO.ru
01.01.2024;DLHG.ru
01.01.2024;DLID.ru
01.01.2024;DLII.ru
01.01.2024;DLIR.ru
01.01.2024;DLKG.ru
01.01.2024;DLLI.ru
01.01.2024;DLLM.ru
01.01.2024;DLLN.ru
01.01.2024;DLLO.ru
01.01.2024;DLLT.ru
01.01.2024;DLME.ru
01.01.2024;DLMI.ru
01.01.2024;DLMM.ru
01.01.2024;DLMN.ru
01.01.2024;DLND.ru
01.01.2024;DLNE.ru
01.01.2024;DLNI.ru
01.01.2024;DLNM.ru
01.01.2024;DLNO.ru
01.01.2024;DLOA.ru
01.01.2024;DLOE.ru
01.01.2024;DLOI.ru
01.01.2024;DLRE.ru
01.01.2024;DLRI.ru
01.01.2024;DLRL.ru
01.01.2024;DLRM.ru
01.01.2024;DLRO.ru
01.01.2024;DLSL.ru
01.01.2024;DLTI.ru
01.01.2024;DLTL.ru
01.01.2024;DLTN.ru
01.01.2024;DLTO.ru
01.01.2024;DLTT.ru
01.01.2024;DLVA.ru
01.01.2024;DMAKSIM.ru
01.01.2024;DMD-HINKALNAYA.ru
01.01.2024;DMESTO.ru
01.01.2024;DMG-GARAGE.ru
01.01.2024;DMINNIGAREEV.ru
01.01.2024;DMITRIYMASHIN.ru
01.01.2024;DMITROVKUZNEC.ru
01.01.2024;DMLD.ru
01.01.2024;DMLL.ru
01.01.2024;DMLM.ru
01.01.2024;DMLN.ru
01.01.2024;DMLO.ru
01.01.2024;DMLR.ru
01.01.2024;DMML.ru
01.01.2024;DMNL.ru
01.01.2024;DMODULE.ru
01.01.2024;DMS-FASAD.ru
01.01.2024;DMUC.ru
01.01.2024;DNCK.ru
01.01.2024;DNLE.ru
01.01.2024;DNLI.ru
01.01.2024;DNLL.ru
01.01.2024;DNLT.ru
01.01.2024;DNNL.ru
01.01.2024;DNOG.ru
01.01.2024;DNOL.ru
01.01.2024;DNRL.ru
01.01.2024;DO-SHKOLNIK.ru
01.01.2024;DOBKA.ru
01.01.2024;DOBKO.ru
01.01.2024;DOBROGNOM.ru
01.01.2024;DOBROGROUP.ru
01.01.2024;DOBROOREN.ru
01.01.2024;DOBROUNION.ru
01.01.2024;DOCKMATE.ru
01.01.2024;DOCTORVEV.ru
01.01.2024;DOGMADOG.ru
01.01.2024;DOGROSE.ru
01.01.2024;DOJU.ru
01.01.2024;DOLANT.ru
01.01.2024;DOLGUSHOV.ru
01.01.2024;DOLLARDYNAMO.ru
01.01.2024;DOM-NASOSOV.ru
01.01.2024;DOM-NEVA.ru
01.01.2024;DOM-PUMPS.ru
01.01.2024;DOM44QUAKE.ru
01.01.2024;DOMA-CENTR.ru
01.01.2024;DOMA-CITY.ru
01.01.2024;DOMA-PODKLUCH.ru
01.01.2024;DOMACENTR.ru
01.01.2024;DOMAIN-ARENDA.ru
01.01.2024;DOMAINARENDA.ru
01.01.2024;DOMAINSHARK.ru
01.01.2024;DOMAINTEKA.ru
01.01.2024;DOMAKINO.ru
01.01.2024;DOMARIORAIN.ru
01.01.2024;DOMASHNYMIR.ru
01.01.2024;DOMAV.ru
01.01.2024;DOMAVITO.ru
01.01.2024;DOMBITSERVIS.ru
01.01.2024;DOMEKAN.ru
01.01.2024;DOMEN-ARENDA.ru
01.01.2024;DOMENTM.ru
01.01.2024;DOMFUTURA.ru
01.01.2024;DOMKUPTSA.ru
01.01.2024;DOMOZNAIKA.ru
01.01.2024;DOMPUMPS.ru
01.01.2024;DOMRIN.ru
01.01.2024;DOMROZY.ru
01.01.2024;DOMTRIZ.ru
01.01.2024;DOMVKRD.ru
01.01.2024;DONGXU.ru
01.01.2024;DONOHARM.ru
01.01.2024;DOOSHA.ru
01.01.2024;DORAMALIV.ru
01.01.2024;DORAMALOVE.ru
01.01.2024;DORNIN.ru
01.01.2024;DORNOV.ru
01.01.2024;DORONENKOVA.ru
01.01.2024;DORONI.ru
01.01.2024;DOSKARIK.ru
01.01.2024;DOSKAV.ru
01.01.2024;DOSTAVKA-BILETOV.ru
01.01.2024;DOSUG-IRK.ru
01.01.2024;DOT-ART.ru
01.01.2024;DOTUWAR.ru
01.01.2024;DOUA.ru
01.01.2024;DOUBLEBED.ru
01.01.2024;DOWNOR.ru
01.01.2024;DOYAN.ru
01.01.2024;DPAA.ru
01.01.2024;DPBA.ru
01.01.2024;DPDK.ru
01.01.2024;DPGG.ru
01.01.2024;DPQP.ru
01.01.2024;DRAGAT.ru
01.01.2024;DRAKOROG.ru
01.01.2024;DRAMALIVE.ru
01.01.2024;DRBAUER.ru
01.01.2024;DRCL.ru
01.01.2024;DREAMARCH.ru
01.01.2024;DREAMFORALL.ru
01.01.2024;DREAMICON.ru
01.01.2024;DREAMMAIL.ru
01.01.2024;DREAMTEAMACADEMY.ru
01.01.2024;DREER.ru
01.01.2024;DREMER.ru
01.01.2024;DREVITS.ru
01.01.2024;DREZER.ru
01.01.2024;DREZIN.ru
01.01.2024;DRGA.ru
01.01.2024;DRHA.ru
01.01.2024;DRILLUNION.ru
01.01.2024;DRILLWORK.ru
01.01.2024;DRIMLA.ru
01.01.2024;DRINKDRIVE.ru
01.01.2024;DRIVE-AHEAD.ru
01.01.2024;DRIVE-UP.ru
01.01.2024;DRIVEID.ru
01.01.2024;DRIVEMODE.ru
01.01.2024;DRIVERSUPPORT.ru
01.01.2024;DRIVERX.ru
01.01.2024;DRKR.ru
01.01.2024;DRLA.ru
01.01.2024;DRLD.ru
01.01.2024;DRLO.ru
01.01.2024;DRLR.ru
01.01.2024;DRLT.ru
01.01.2024;DRNL.ru
01.01.2024;DROBOTA.ru
01.01.2024;DRONEN.ru
01.01.2024;DRONESWAR.ru
01.01.2024;DRQR.ru
01.01.2024;DRRL.ru
01.01.2024;DRTL.ru
01.01.2024;DRUET.ru
01.01.2024;DRUPAL-SEO.ru
01.01.2024;DRUPALSEO.ru
01.01.2024;DRUVO.ru
01.01.2024;DRUZEVA.ru
01.01.2024;DRYUKOV.ru
01.01.2024;DSDF.ru
01.01.2024;DSDG.ru
01.01.2024;DSDL.ru
01.01.2024;DSGL.ru
01.01.2024;DSLI.ru
01.01.2024;DSLL.ru
01.01.2024;DSNQ.ru
01.01.2024;DSS-KORVER.ru
01.01.2024;DSTREMONT.ru
01.01.2024;DSTROITEL.ru
01.01.2024;DTFW.ru
01.01.2024;DTHL.ru
01.01.2024;DTIL.ru
01.01.2024;DTRL.ru
01.01.2024;DTS36.ru
01.01.2024;DUBVKUBE.ru
01.01.2024;DUHI21.ru
01.01.2024;DUJU.ru
01.01.2024;DUKLU.ru
01.01.2024;DUNAT.ru
01.01.2024;DUPC.ru
01.01.2024;DUPLEV.ru
01.01.2024;DUPLICATED.ru
01.01.2024;DURANI.ru
01.01.2024;DUROP.ru
01.01.2024;DUTSKOV.ru
01.01.2024;DUVES.ru
01.01.2024;DUVITT.ru
01.01.2024;DUVRI.ru
01.01.2024;DVDL.ru
01.01.2024;DVERI-TVERDIY-ZNAK.ru
01.01.2024;DVERI-VOS.ru
01.01.2024;DVERIGORODA.ru
01.01.2024;DVERNOI-STYLE.ru
01.01.2024;DVEZ.ru
01.01.2024;DVOG.ru
01.01.2024;DVREKLAMA.ru
01.01.2024;DVSAUTO.ru
01.01.2024;DXGU.ru
01.01.2024;DXTU.ru
01.01.2024;DXVK.ru
01.01.2024;DYESTUDIO.ru
01.01.2024;DYGU.ru
01.01.2024;DYKU.ru
01.01.2024;DYMU.ru
01.01.2024;DYSON-ONLINE.ru
01.01.2024;DZARAN.ru
01.01.2024;E-BOND.ru
01.01.2024;E-BOOM.ru
01.01.2024;E-CARPOOL.ru
01.01.2024;E-FON.ru
01.01.2024;E-KAR.ru
01.01.2024;E-MAILMARKETING.ru
01.01.2024;E-MONSTER.ru
01.01.2024;E-TECHNIK.ru
01.01.2024;E-VILKA.ru
01.01.2024;EAAL.ru
01.01.2024;EADL.ru
01.01.2024;EALD.ru
01.01.2024;EALG.ru
01.01.2024;EALN.ru
01.01.2024;EALU.ru
01.01.2024;EANL.ru
01.01.2024;EARN-CRYPTO.ru
01.01.2024;EASY-VENT.ru
01.01.2024;EASYDIRECTOR.ru
01.01.2024;EASYSHIPS.ru
01.01.2024;EATGREENS.ru
01.01.2024;EAVG.ru
01.01.2024;EAVISION.ru
01.01.2024;EBAVYKIN.ru
01.01.2024;EBFG.ru
01.01.2024;EBLC.ru
01.01.2024;EBNE.ru
01.01.2024;ECHO-TV.ru
01.01.2024;ECKY.ru
01.01.2024;ECLF.ru
01.01.2024;ECO-BIZ.ru
01.01.2024;ECO-DRIVER.ru
01.01.2024;ECO-GRIB.ru
01.01.2024;ECO-KAPITAL.ru
01.01.2024;ECO-SPIRIT.ru
01.01.2024;ECOCHADO.ru
01.01.2024;ECOFINDER.ru
01.01.2024;ECOFOOD24.ru
01.01.2024;ECOKAPITAL.ru
01.01.2024;ECOLABOR.ru
01.01.2024;ECOLUS.ru
01.01.2024;ECONOMHOTELS.ru
01.01.2024;ECONOMISER.ru
01.01.2024;ECOPROMIN.ru
01.01.2024;ECOS-GROUP.ru
01.01.2024;ECOSTAGE.ru
01.01.2024;ECOVENTS.ru
01.01.2024;ECPKT.ru
01.01.2024;ECYU.ru
01.01.2024;EDAFORYOU.ru
01.01.2024;EDATAKIDA.ru
01.01.2024;EDDL.ru
01.01.2024;EDILGREEN.ru
01.01.2024;EDINAROSS.ru
01.01.2024;EDISKONT.ru
01.01.2024;EDKG.ru
01.01.2024;EDLD.ru
01.01.2024;EDML.ru
01.01.2024;EDRL.ru
01.01.2024;EDUCATIONGUIDE.ru
01.01.2024;EDUSOV.ru
01.01.2024;EEAL.ru
01.01.2024;EEBE.ru
01.01.2024;EEDL.ru
01.01.2024;EEFREMENKO.ru
01.01.2024;EEIL.ru
01.01.2024;EELD.ru
01.01.2024;EELM.ru
01.01.2024;EELN.ru
01.01.2024;EELR.ru
01.01.2024;EELT.ru
01.01.2024;EEMU.ru
01.01.2024;EENL.ru
01.01.2024;EEOL.ru
01.01.2024;EESL.ru
01.01.2024;EETL.ru
01.01.2024;EEVC.ru
01.01.2024;EFAPOV.ru
01.01.2024;EFIKOV.ru
01.01.2024;EFOE.ru
01.01.2024;EGCR.ru
01.01.2024;EGHA.ru
01.01.2024;EGORGOVORIN.ru
01.01.2024;EGR24.ru
01.01.2024;EGURNEV.ru
01.01.2024;EHEG.ru
01.01.2024;EHHS.ru
01.01.2024;EHIR.ru
01.01.2024;EHNE.ru
01.01.2024;EHOC.ru
01.01.2024;EHOTV.ru
01.01.2024;EHUA.ru
01.01.2024;EIAL.ru
01.01.2024;EIEL.ru
01.01.2024;EIGL.ru
01.01.2024;EIGU.ru
01.01.2024;EIHP.ru
01.01.2024;EIIL.ru
01.01.2024;EIJET.ru
01.01.2024;EILD.ru
01.01.2024;EILL.ru
01.01.2024;EILN.ru
01.01.2024;EILU.ru
01.01.2024;EIML.ru
01.01.2024;EINL.ru
01.01.2024;EINSTEINSTORE.ru
01.01.2024;EIOL.ru
01.01.2024;EIRL.ru
01.01.2024;EIVU.ru
01.01.2024;EIWO.ru
01.01.2024;EIZP.ru
01.01.2024;EIZU.ru
01.01.2024;EJEN.ru
01.01.2024;EKAT24.ru
01.01.2024;EKBPECHI.ru
01.01.2024;EKIE.ru
01.01.2024;EKJU.ru
01.01.2024;EKKY.ru
01.01.2024;EKO-CAPITAL.ru
01.01.2024;EKO-X.ru
01.01.2024;EKOCAPITAL.ru
01.01.2024;EKOFINANCE.ru
01.01.2024;EKOLIN.ru
01.01.2024;EKOLOGIE.ru
01.01.2024;EKONOMNOE-OTOPLENIE.ru
01.01.2024;EKRONA.ru
01.01.2024;EKSPERT-X.ru
01.01.2024;EKSPERTX.ru
01.01.2024;EKTG.ru
01.01.2024;EKVADRAT.ru
01.01.2024;EKVIDAN.ru
01.01.2024;EKVJ.ru
01.01.2024;ELAMKOVA.ru
01.01.2024;ELAUTONOM.ru
01.01.2024;ELDD.ru
01.01.2024;ELDT.ru
01.01.2024;ELECPM.ru
01.01.2024;ELECTRICWALLET.ru
01.01.2024;ELECTRODINAMIKA.ru
01.01.2024;ELECTROHELPER.ru
01.01.2024;ELECTROLAND24.ru
01.01.2024;ELECTRONCO.ru
01.01.2024;ELECTROSERV.ru
01.01.2024;ELECTROSMN.ru
01.01.2024;ELEFANTOPIZZA.ru
01.01.2024;ELEGANTSMILE.ru
01.01.2024;ELEKTRIK-NNOVGOROD.ru
01.01.2024;ELEKTRIKV.ru
01.01.2024;ELEMENTRY.ru
01.01.2024;ELEON-PRO.ru
01.01.2024;ELETEKA.ru
01.01.2024;ELEVENSPORT.ru
01.01.2024;ELGRP.ru
01.01.2024;ELIT-SPA.ru
01.01.2024;ELITALYANS.ru
01.01.2024;ELITE-L.ru
01.01.2024;ELITE-ST.ru
01.01.2024;ELITSTOM-NN.ru
01.01.2024;ELKA-M.ru
01.01.2024;ELLD.ru
01.01.2024;ELLR.ru
01.01.2024;ELLT.ru
01.01.2024;ELMASHIN.ru
01.01.2024;ELMIRADANCE.ru
01.01.2024;ELMIRAGIRLS.ru
01.01.2024;ELMIRAMUSIC.ru
01.01.2024;ELNR.ru
01.01.2024;ELRD.ru
01.01.2024;ELRL.ru
01.01.2024;ELRR.ru
01.01.2024;ELYRIA.ru
01.01.2024;EMAIL-PHOTO.ru
01.01.2024;EMANOVA.ru
01.01.2024;EMBURSE.ru
01.01.2024;EMELYANENKOV.ru
01.01.2024;EMFD.ru
01.01.2024;EMHS.ru
01.01.2024;EMILIFOKS.ru
01.01.2024;EMIXCLOUD.ru
01.01.2024;EMLD.ru
01.01.2024;EMMF.ru
01.01.2024;EMMV.ru
01.01.2024;EMNL.ru
01.01.2024;EMPATIA-NN.ru
01.01.2024;EMPATIYANN.ru
01.01.2024;EMPIREO-COSMETICS.ru
01.01.2024;EMPIRESTATE.ru
01.01.2024;EMRECAN.ru
01.01.2024;EMRL.ru
01.01.2024;EMUE.ru
01.01.2024;ENDEK.ru
01.01.2024;ENDET.ru
01.01.2024;ENDSTYLE.ru
01.01.2024;ENERGO-PSTVK.ru
01.01.2024;ENERGY-N.ru
01.01.2024;ENGINEER-ANTONOV.ru
01.01.2024;ENLN.ru
01.01.2024;ENNL.ru
01.01.2024;ENNZ.ru
01.01.2024;ENVECO.ru
01.01.2024;ENVIROGREEN.ru
01.01.2024;EOAG.ru
01.01.2024;EOAL.ru
01.01.2024;EODL.ru
01.01.2024;EOEL.ru
01.01.2024;EOGU.ru
01.01.2024;EOLM.ru
01.01.2024;EOLN.ru
01.01.2024;EOLR.ru
01.01.2024;EOLT.ru
01.01.2024;EOML.ru
01.01.2024;EONL.ru
01.01.2024;EONU.ru
01.01.2024;EOOC.ru
01.01.2024;EOOL.ru
01.01.2024;EOTL.ru
01.01.2024;EPFX.ru
01.01.2024;EPIROZHKOVA.ru
01.01.2024;EPITEKA.ru
01.01.2024;EPOSTUR.ru
01.01.2024;EPPG.ru
01.01.2024;EPRODANOV.ru
01.01.2024;EQUINOXEUROPE.ru
01.01.2024;EQUIPMIND.ru
01.01.2024;ERDL.ru
01.01.2024;EREMIT.ru
01.01.2024;ERENS.ru
01.01.2024;ERLD.ru
01.01.2024;ERLL.ru
01.01.2024;ERLR.ru
01.01.2024;ERMEL.ru
01.01.2024;ERMOV.ru
01.01.2024;ERNER.ru
01.01.2024;ERNOT.ru
01.01.2024;ERRL.ru
01.01.2024;ERSHEV.ru
01.01.2024;ERTOV.ru
01.01.2024;ERUDIT-NN.ru
01.01.2024;ESAILING.ru
01.01.2024;ESDIR.ru
01.01.2024;ESKART.ru
01.01.2024;ESKORT-AGENTSTVO.ru
01.01.2024;ESKOT.ru
01.01.2024;ESLL.ru
01.01.2024;ESOBOLEVASOBOLEWA.ru
01.01.2024;ESRL.ru
01.01.2024;ESSENSMUSTHAVE.ru
01.01.2024;ESSENSVIVA.ru
01.01.2024;ESTETICABH.ru
01.01.2024;ESTETPODAROK.ru
01.01.2024;ESTEVO.ru
01.01.2024;ETALONPROD.ru
01.01.2024;ETKOV.ru
01.01.2024;ETLL.ru
01.01.2024;ETNL.ru
01.01.2024;ETNOERA.ru
01.01.2024;ETNOV.ru
01.01.2024;ETNZ.ru
01.01.2024;ETOKLIMAT.ru
01.01.2024;ETOPROKAT.ru
01.01.2024;ETRUT.ru
01.01.2024;EUCG.ru
01.01.2024;EUCU.ru
01.01.2024;EUDC.ru
01.01.2024;EUDG.ru
01.01.2024;EUEC.ru
01.01.2024;EUHG.ru
01.01.2024;EULU.ru
01.01.2024;EUROGAS-LPG.ru
01.01.2024;EUROGREENS.ru
01.01.2024;EUROMONDO.ru
01.01.2024;EUROPE-KLIMAT.ru
01.01.2024;EUROPLAST-SAMARA.ru
01.01.2024;EUROSTAMPTOOLING.ru
01.01.2024;EUROSTROYPROEKT.ru
01.01.2024;EVA43.ru
01.01.2024;EVAGLOBAL.ru
01.01.2024;EVAGR.ru
01.01.2024;EVAKUATOR-ARHANGELSK.ru
01.01.2024;EVAKUATOR51.ru
01.01.2024;EVAKUATOR57.ru
01.01.2024;EVAKUATOREXPERT.ru
01.01.2024;EVALI-AGA.ru
01.01.2024;EVENT-SQUAD.ru
01.01.2024;EVERESTGLOBAL.ru
01.01.2024;EVFC.ru
01.01.2024;EVGENYSMIRNOV98.ru
01.01.2024;EVING.ru
01.01.2024;EVLC.ru
01.01.2024;EVNMC.ru
01.01.2024;EVO-MED.ru
01.01.2024;EVOPRAVO.ru
01.01.2024;EVRAZIYATRADE.ru
01.01.2024;EVRIKARND.ru
01.01.2024;EVROKREPEJ.ru
01.01.2024;EVRONN.ru
01.01.2024;EVRONORMA.ru
01.01.2024;EVROSTROY-PLUS.ru
01.01.2024;EVSHOV.ru
01.01.2024;EX-FINS.ru
01.01.2024;EXCLUSIV-STROY.ru
01.01.2024;EXCLUSIVESOCHI.ru
01.01.2024;EXE13EXE13.ru
01.01.2024;EXGU.ru
01.01.2024;EXIDEPROD.ru
01.01.2024;EXKAV.ru
01.01.2024;EXPATSCENTER.ru
01.01.2024;EXPERT-BANKROT.ru
01.01.2024;EXPERT-TT.ru
01.01.2024;EXPLOSIONPROOF.ru
01.01.2024;EXPO-E.ru
01.01.2024;EXPRESS-ANALIZ.ru
01.01.2024;EXPRESSLY.ru
01.01.2024;EYECHECK.ru
01.01.2024;EYEMAGIC.ru
01.01.2024;EYWO.ru
01.01.2024;EZELEV.ru
01.01.2024;EZEROV.ru
01.01.2024;EZFB.ru
01.01.2024;EZGG.ru
01.01.2024;EZGU.ru
01.01.2024;EZHEV.ru
01.01.2024;EZOGROUP.ru
01.01.2024;FABDECOR.ru
01.01.2024;FABERLIC-LOVE-MI.ru
01.01.2024;FABERLIKOSMETIK.ru
01.01.2024;FABERLIX.ru
01.01.2024;FAHG.ru
01.01.2024;FAIRYSEASON.ru
01.01.2024;FAMF.ru
01.01.2024;FAMILY-INVEST.ru
01.01.2024;FAMILYDAY24.ru
01.01.2024;FAMILYMATTER.ru
01.01.2024;FANAI.ru
01.01.2024;FANMAIL.ru
01.01.2024;FAOE.ru
01.01.2024;FAOG.ru
01.01.2024;FAQ1.ru
01.01.2024;FARFACE.ru
01.01.2024;FARMDAR.ru
01.01.2024;FASG.ru
01.01.2024;FASH1ON.ru
01.01.2024;FASONKASPB.ru
01.01.2024;FASTERNET.ru
01.01.2024;FASTFIXSERVICE.ru
01.01.2024;FASTMONEYRU.ru
01.01.2024;FASTREAD-NN.ru
01.01.2024;FASTREADNN.ru
01.01.2024;FASTSOUND.ru
01.01.2024;FATASS.ru
01.01.2024;FATBOSS.ru
01.01.2024;FATCOCK.ru
01.01.2024;FATEOFSTARS.ru
01.01.2024;FATLAND.ru
01.01.2024;FAWAUTO.ru
01.01.2024;FAYNOV.ru
01.01.2024;FAZLIEVA.ru
01.01.2024;FBDL.ru
01.01.2024;FBEA.ru
01.01.2024;FBEG.ru
01.01.2024;FBLG.ru
01.01.2024;FBOZ.ru
01.01.2024;FBUG.ru
01.01.2024;FCGG.ru
01.01.2024;FCKIROVEC.ru
01.01.2024;FCLF.ru
01.01.2024;FDEA.ru
01.01.2024;FDEG.ru
01.01.2024;FDHA.ru
01.01.2024;FDHG.ru
01.01.2024;FDIA.ru
01.01.2024;FDLR.ru
01.01.2024;FDPOGOSYAN.ru
01.01.2024;FDRR.ru
01.01.2024;FDUR.ru
01.01.2024;FEAF.ru
01.01.2024;FEBM.ru
01.01.2024;FEDETSOV.ru
01.01.2024;FEDKUSHEV.ru
01.01.2024;FEDKUSHOV.ru
01.01.2024;FEEA.ru
01.01.2024;FEEDWELL.ru
01.01.2024;FEERVERKI24.ru
01.01.2024;FEIVERK.ru
01.01.2024;FELDSHEROV.ru
01.01.2024;FELINOLOGI.ru
01.01.2024;FEMININA.ru
01.01.2024;FEMININO.ru
01.01.2024;FERMA-KOMPLEKT.ru
01.01.2024;FERMA38.ru
01.01.2024;FERMENTARIUM.ru
01.01.2024;FERMSTORE.ru
01.01.2024;FERROMOTORS-MB.ru
01.01.2024;FERRUMPROF.ru
01.01.2024;FERSHAM.ru
01.01.2024;FERYKERR.ru
01.01.2024;FESHENKOV.ru
01.01.2024;FESHKO.ru
01.01.2024;FEYH.ru
01.01.2024;FEZIN.ru
01.01.2024;FFBA.ru
01.01.2024;FFBG.ru
01.01.2024;FFCG.ru
01.01.2024;FFER.ru
01.01.2024;FFFY.ru
01.01.2024;FFHG.ru
01.01.2024;FFHZ.ru
01.01.2024;FFIG.ru
01.01.2024;FFKS.ru
01.01.2024;FFMG.ru
01.01.2024;FFNG.ru
01.01.2024;FFPA.ru
01.01.2024;FFTR.ru
01.01.2024;FFVC.ru
01.01.2024;FGIG.ru
01.01.2024;FGOG.ru
01.01.2024;FGPG.ru
01.01.2024;FHBG.ru
01.01.2024;FHDS.ru
01.01.2024;FHFC.ru
01.01.2024;FHFH.ru
01.01.2024;FHGG.ru
01.01.2024;FHHC.ru
01.01.2024;FHLL.ru
01.01.2024;FHMS.ru
01.01.2024;FHPG.ru
01.01.2024;FHPR.ru
01.01.2024;FIBER-OPTICA.ru
01.01.2024;FIBER-SHOP.ru
01.01.2024;FIBERA.ru
01.01.2024;FIDIEVA.ru
01.01.2024;FIFTYEIGHT.ru
01.01.2024;FIGHTERSWORLD.ru
01.01.2024;FILECAVE.ru
01.01.2024;FILIMONOVCAREER.ru
01.01.2024;FILIPENKOVA.ru
01.01.2024;FILMELANE.ru
01.01.2024;FILMVISION.ru
01.01.2024;FILTERCOFFEE.ru
01.01.2024;FILTR24.ru
01.01.2024;FIN-BLOG.ru
01.01.2024;FIN-LINE.ru
01.01.2024;FINAL-PRICE.ru
01.01.2024;FINANCE-LUX.ru
01.01.2024;FINANCE-PLAZA.ru
01.01.2024;FINANCELUX.ru
01.01.2024;FINECLICK.ru
01.01.2024;FINEFLEUR.ru
01.01.2024;FINGERPAINT.ru
01.01.2024;FINLAND-TOUR.ru
01.01.2024;FINN-TRAVEL.ru
01.01.2024;FINNISHSPITZ.ru
01.01.2024;FINSMARTHUBS.ru
01.01.2024;FINTECHSERVICE.ru
01.01.2024;FINTWIN.ru
01.01.2024;FIRE-KIT.ru
01.01.2024;FIREKIT.ru
01.01.2024;FIRESTORM-KARATE.ru
01.01.2024;FIRESTORMKARATE.ru
01.01.2024;FIRMASIGMA.ru
01.01.2024;FIRMOGRAD.ru
01.01.2024;FIRSTELEVEN.ru
01.01.2024;FISHEATER.ru
01.01.2024;FISHMACHINE.ru
01.01.2024;FISKINET.ru
01.01.2024;FISTIS.ru
01.01.2024;FITANDSLIM.ru
01.01.2024;FITNESS-AURUM.ru
01.01.2024;FITNESSVIP.ru
01.01.2024;FITOZRENIE.ru
01.01.2024;FITSTICK.ru
01.01.2024;FITTRAIN.ru
01.01.2024;FITZEN.ru
01.01.2024;FIXARY.ru
01.01.2024;FIXERY.ru
01.01.2024;FIXWAVE.ru
01.01.2024;FKBG.ru
01.01.2024;FKHG.ru
01.01.2024;FKJG.ru
01.01.2024;FKKC.ru
01.01.2024;FKKS.ru
01.01.2024;FKTG.ru
01.01.2024;FLAGMAN-FINANCE.ru
01.01.2024;FLAMESCENT.ru
01.01.2024;FLBS.ru
01.01.2024;FLCF.ru
01.01.2024;FLEBUSTA.ru
01.01.2024;FLEETUP.ru
01.01.2024;FLEPS.ru
01.01.2024;FLEX7.ru
01.01.2024;FLEXTERRA.ru
01.01.2024;FLFC.ru
01.01.2024;FLIPGLASS.ru
01.01.2024;FLIPPINGMAGDALINA.ru
01.01.2024;FLLA.ru
01.01.2024;FLLI.ru
01.01.2024;FLMA.ru
01.01.2024;FLOBBY.ru
01.01.2024;FLOMBIK.ru
01.01.2024;FLOOR-TECH.ru
01.01.2024;FLORIDAGREEN.ru
01.01.2024;FLORISTBUTIK.ru
01.01.2024;FLOWERPEOPLE.ru
01.01.2024;FLOWERRRTV.ru
01.01.2024;FLOWFLOWERS.ru
01.01.2024;FLUCOLDEX.ru
01.01.2024;FLUCOREM.ru
01.01.2024;FLUPPYSANYAGAME.ru
01.01.2024;FLUREVIT.ru
01.01.2024;FLUSH-ROYAL.ru
01.01.2024;FLUY.ru
01.01.2024;FLYBYWORLD.ru
01.01.2024;FLYCART.ru
01.01.2024;FLYINGFLOWERS.ru
01.01.2024;FLYWAYTRAVEL.ru
01.01.2024;FMDG.ru
01.01.2024;FMDL.ru
01.01.2024;FMVA.ru
01.01.2024;FMVS.ru
01.01.2024;FNRR.ru
01.01.2024;FNVR.ru
01.01.2024;FOJUNE.ru
01.01.2024;FOMENKOTREE.ru
01.01.2024;FOMUSHKIN.ru
01.01.2024;FOODCHAMP.ru
01.01.2024;FOODKISS.ru
01.01.2024;FOODPILOT.ru
01.01.2024;FOODSLAB.ru
01.01.2024;FOODTO.ru
01.01.2024;FORAMEBELS.ru
01.01.2024;FORCEMART.ru
01.01.2024;FORCEWAVE.ru
01.01.2024;FOREST-HILL.ru
01.01.2024;FOREWAY.ru
01.01.2024;FOREXWIKI.ru
01.01.2024;FOROVA.ru
01.01.2024;FORSAGEPARTS.ru
01.01.2024;FORTEDANCE.ru
01.01.2024;FORUM-DESTINY-RP.ru
01.01.2024;FOTOMOTIV.ru
01.01.2024;FOTOTOSTER.ru
01.01.2024;FOURSEASONSHOTEL.ru
01.01.2024;FOXCORE.ru
01.01.2024;FOXFACE.ru
01.01.2024;FPFA.ru
01.01.2024;FPGG.ru
01.01.2024;FPHG.ru
01.01.2024;FRANT-RP.ru
01.01.2024;FRBG.ru
01.01.2024;FREE-JAZZ.ru
01.01.2024;FREE-LAND.ru
01.01.2024;FREECRYPTOCOIN.ru
01.01.2024;FREEFEELING.ru
01.01.2024;FREETECHIE.ru
01.01.2024;FREEZANTE.ru
01.01.2024;FRENCHNAIL.ru
01.01.2024;FRENCHTOAST.ru
01.01.2024;FRESH-1.ru
01.01.2024;FRESH-TOP.ru
01.01.2024;FRESH-X.ru
01.01.2024;FRESH1.ru
01.01.2024;FREZIUM.ru
01.01.2024;FRIENDCLOUD.ru
01.01.2024;FRIMANN.ru
01.01.2024;FRIME-RP.ru
01.01.2024;FRITEL.ru
01.01.2024;FRME.ru
01.01.2024;FROLLA.ru
01.01.2024;FRONTME.ru
01.01.2024;FRRG.ru
01.01.2024;FRRU.ru
01.01.2024;FRVC.ru
01.01.2024;FRVS.ru
01.01.2024;FSLG.ru
01.01.2024;FSWL.ru
01.01.2024;FSXF.ru
01.01.2024;FTBY.ru
01.01.2024;FTGG.ru
01.01.2024;FTHG.ru
01.01.2024;FTTR.ru
01.01.2024;FTWR.ru
01.01.2024;FUGL.ru
01.01.2024;FULLBLAST.ru
01.01.2024;FULLMOD.ru
01.01.2024;FULON.ru
01.01.2024;FUMINSHOU.ru
01.01.2024;FUNCOOKING.ru
01.01.2024;FUNKYCHICKEN.ru
01.01.2024;FUNNYSWIM.ru
01.01.2024;FURBES.ru
01.01.2024;FURTH.ru
01.01.2024;FUTEVA.ru
01.01.2024;FUTURAMICADESIGN.ru
01.01.2024;FUTUREOFCRYPTO.ru
01.01.2024;FUTURETEC.ru
01.01.2024;FUTURETECHNO.ru
01.01.2024;FVAG.ru
01.01.2024;FVGS.ru
01.01.2024;FVLS.ru
01.01.2024;FVRG.ru
01.01.2024;FVSG.ru
01.01.2024;FVVG.ru
01.01.2024;FVYL.ru
01.01.2024;FXDMAIL.ru
01.01.2024;FZOZ.ru
01.01.2024;G-NEXT.ru
01.01.2024;G-SUIT.ru
01.01.2024;GAB999.ru
01.01.2024;GABILENA.ru
01.01.2024;GAEE.ru
01.01.2024;GAFUR.ru
01.01.2024;GAGAEVA.ru
01.01.2024;GAGEL.ru
01.01.2024;GAGMAN.ru
01.01.2024;GAGX.ru
01.01.2024;GAHG.ru
01.01.2024;GALAYAN.ru
01.01.2024;GALISKAR.ru
01.01.2024;GALOF.ru
01.01.2024;GAME-MZS.ru
01.01.2024;GAMENN.ru
01.01.2024;GAMILYA.ru
01.01.2024;GAMINGSCHOOL.ru
01.01.2024;GAMOT.ru
01.01.2024;GANIK.ru
01.01.2024;GANKE.ru
01.01.2024;GANKO.ru
01.01.2024;GANOT.ru
01.01.2024;GANSEN.ru
01.01.2024;GANSON.ru
01.01.2024;GAOC.ru
01.01.2024;GAPARCHITECTS.ru
01.01.2024;GAPKIN.ru
01.01.2024;GAPONI.ru
01.01.2024;GAR-DEN.ru
01.01.2024;GARANT-JURIST.ru
01.01.2024;GARANTIRE.ru
01.01.2024;GARANTIRO.ru
01.01.2024;GARANTSERT.ru
01.01.2024;GARAZY.ru
01.01.2024;GAREVA.ru
01.01.2024;GARIL.ru
01.01.2024;GARMONIAZHIZNI.ru
01.01.2024;GARPE.ru
01.01.2024;GARSONCLUB.ru
01.01.2024;GARTENTAL.ru
01.01.2024;GASCAPITAL.ru
01.01.2024;GASHERD.ru
01.01.2024;GASLER.ru
01.01.2024;GASTSTATTE.ru
01.01.2024;GAUK.ru
01.01.2024;GAVEEVA.ru
01.01.2024;GAVRESHOV.ru
01.01.2024;GAVRILINAMAR.ru
01.01.2024;GAVRO.ru
01.01.2024;GAZ-PS.ru
01.01.2024;GAZOBETON-BLOKI.ru
01.01.2024;GAZONOLIFE.ru
01.01.2024;GAZOPRIBOR.ru
01.01.2024;GAZOSILIKATNYE-BLOKI.ru
01.01.2024;GAZSCHETCHIK.ru
01.01.2024;GBCOMP.ru
01.01.2024;GBDOU95.ru
01.01.2024;GBEA.ru
01.01.2024;GBEYE.ru
01.01.2024;GBRGOV.ru
01.01.2024;GBSG.ru
01.01.2024;GCHELPANOV.ru
01.01.2024;GCKU.ru
01.01.2024;GCNG.ru
01.01.2024;GCOG.ru
01.01.2024;GCPN.ru
01.01.2024;GCTG.ru
01.01.2024;GDEVIN.ru
01.01.2024;GDFG.ru
01.01.2024;GDGC.ru
01.01.2024;GDGG.ru
01.01.2024;GDGS.ru
01.01.2024;GDKE.ru
01.01.2024;GDOCS.ru
01.01.2024;GDOE.ru
01.01.2024;GDUE.ru
01.01.2024;GEAE.ru
01.01.2024;GEBLER.ru
01.01.2024;GEBNER.ru
01.01.2024;GEDEEV.ru
01.01.2024;GEDMIN.ru
01.01.2024;GEEKCHIC.ru
01.01.2024;GEEKCREW.ru
01.01.2024;GEGELO.ru
01.01.2024;GEKERN.ru
01.01.2024;GEKERT.ru
01.01.2024;GELENKO.ru
01.01.2024;GELGORGAZ.ru
01.01.2024;GELGUD.ru
01.01.2024;GELKO.ru
01.01.2024;GELLIO.ru
01.01.2024;GEMBIT.ru
01.01.2024;GEMBITS.ru
01.01.2024;GEMS-CLUB.ru
01.01.2024;GENEMAN.ru
01.01.2024;GENRIK.ru
01.01.2024;GENSHIT.ru
01.01.2024;GENTENDER.ru
01.01.2024;GENZOS84.ru
01.01.2024;GEOCOMPUTING.ru
01.01.2024;GEOKOMI.ru
01.01.2024;GEOTEK77.ru
01.01.2024;GEPAMIN.ru
01.01.2024;GEPEL.ru
01.01.2024;GEPK.ru
01.01.2024;GERASHENKOV.ru
01.01.2024;GERBUSH.ru
01.01.2024;GERCHEN.ru
01.01.2024;GERDON.ru
01.01.2024;GERIK.ru
01.01.2024;GERODIN.ru
01.01.2024;GERTOV.ru
01.01.2024;GESKET.ru
01.01.2024;GESLI.ru
01.01.2024;GETABLE.ru
01.01.2024;GETACT.ru
01.01.2024;GETAGAIN.ru
01.01.2024;GETAGO.ru
01.01.2024;GETALLOW.ru
01.01.2024;GETALREADY.ru
01.01.2024;GETALSO.ru
01.01.2024;GETALWAYS.ru
01.01.2024;GETANOTHER.ru
01.01.2024;GETAREA.ru
01.01.2024;GETBAD.ru
01.01.2024;GETBENEFIT.ru
01.01.2024;GETBLOOD.ru
01.01.2024;GETBOY.ru
01.01.2024;GETBREAK.ru
01.01.2024;GETCAN.ru
01.01.2024;GETCATCH.ru
01.01.2024;GETCUT.ru
01.01.2024;GETEAT.ru
01.01.2024;GETELSE.ru
01.01.2024;GETEMPLOYEE.ru
01.01.2024;GETEND.ru
01.01.2024;GETENG.ru
01.01.2024;GETENOUGH.ru
01.01.2024;GETENTIRE.ru
01.01.2024;GETEVER.ru
01.01.2024;GETEVERY.ru
01.01.2024;GETEYE.ru
01.01.2024;GETFAIL.ru
01.01.2024;GETFALL.ru
01.01.2024;GETFAMILY.ru
01.01.2024;GETFATHER.ru
01.01.2024;GETFEW.ru
01.01.2024;GETFILL.ru
01.01.2024;GETHE.ru
01.01.2024;GETIF.ru
01.01.2024;GETINDEED.ru
01.01.2024;GETITS.ru
01.01.2024;GETKEEP.ru
01.01.2024;GETLAST.ru
01.01.2024;GETLOSS.ru
01.01.2024;GETMAIN.ru
01.01.2024;GETMANY.ru
01.01.2024;GETMOTHER.ru
01.01.2024;GETMUCH.ru
01.01.2024;GETNO.ru
01.01.2024;GETNOTICE.ru
01.01.2024;GETOF.ru
01.01.2024;GETONCE.ru
01.01.2024;GETONTO.ru
01.01.2024;GETOPEN.ru
01.01.2024;GETOWN.ru
01.01.2024;GETPARTY.ru
01.01.2024;GETPEACE.ru
01.01.2024;GETPER.ru
01.01.2024;GETPIECE.ru
01.01.2024;GETPIPE.ru
01.01.2024;GETSAY.ru
01.01.2024;GETSERIOUS.ru
01.01.2024;GETSHOOT.ru
01.01.2024;GETSIDE.ru
01.01.2024;GETSIT.ru
01.01.2024;GETSKILLED.ru
01.01.2024;GETSO.ru
01.01.2024;GETSON.ru
01.01.2024;GETSTREET.ru
01.01.2024;GETSURE.ru
01.01.2024;GETTAKE.ru
01.01.2024;GETTAX.ru
01.01.2024;GETUPDATESAPP.ru
01.01.2024;GETWAIT.ru
01.01.2024;GETWALK.ru
01.01.2024;GETWIDE.ru
01.01.2024;GETWRONG.ru
01.01.2024;GETYOURTRIP.ru
01.01.2024;GEVORGJAN-7.ru
01.01.2024;GEXU.ru
01.01.2024;GEZEN.ru
01.01.2024;GFAE.ru
01.01.2024;GFBR.ru
01.01.2024;GFEE.ru
01.01.2024;GFFE.ru
01.01.2024;GFFS.ru
01.01.2024;GFKC.ru
01.01.2024;GFOA.ru
01.01.2024;GFOE.ru
01.01.2024;GFTR.ru
01.01.2024;GG-ARENA.ru
01.01.2024;GGAV.ru
01.01.2024;GGBA.ru
01.01.2024;GGBETMAX.ru
01.01.2024;GGDG.ru
01.01.2024;GGEA.ru
01.01.2024;GGHC.ru
01.01.2024;GGHS.ru
01.01.2024;GGKS.ru
01.01.2024;GGNG.ru
01.01.2024;GGTOTEM.ru
01.01.2024;GGUG.ru
01.01.2024;GHAA.ru
01.01.2024;GHBS.ru
01.01.2024;GHER.ru
01.01.2024;GHES.ru
01.01.2024;GHFA.ru
01.01.2024;GHGE.ru
01.01.2024;GHGG.ru
01.01.2024;GHHS.ru
01.01.2024;GHLA.ru
01.01.2024;GHNA.ru
01.01.2024;GHRE.ru
01.01.2024;GHRR.ru
01.01.2024;GHSL.ru
01.01.2024;GIAE.ru
01.01.2024;GIARDINOMAGICO.ru
01.01.2024;GID-SOCHI.ru
01.01.2024;GIDRANT-PB.ru
01.01.2024;GIDWORLD.ru
01.01.2024;GIEG.ru
01.01.2024;GIFTMODEL.ru
01.01.2024;GIGIENO.ru
01.01.2024;GINEKOL-MED.ru
01.01.2024;GINEKOMED.ru
01.01.2024;GINOLY.ru
01.01.2024;GIOA.ru
01.01.2024;GIOE.ru
01.01.2024;GITMASTER.ru
01.01.2024;GITNOR.ru
01.01.2024;GKEVROSTROI.ru
01.01.2024;GKFC.ru
01.01.2024;GKROTOR.ru
01.01.2024;GKSOVETSKY.ru
01.01.2024;GLAA.ru
01.01.2024;GLAMKO.ru
01.01.2024;GLASSCOVER.ru
01.01.2024;GLASSWATER.ru
01.01.2024;GLAVCONCERT.ru
01.01.2024;GLAVDREVSNAB.ru
01.01.2024;GLAVMODUL.ru
01.01.2024;GLBR.ru
01.01.2024;GLEBTARASOV.ru
01.01.2024;GLESSI.ru
01.01.2024;GLEZA.ru
01.01.2024;GLEZI.ru
01.01.2024;GLFE.ru
01.01.2024;GLGU.ru
01.01.2024;GLIE.ru
01.01.2024;GLKG.ru
01.01.2024;GLOBAL-CRYPTO.ru
01.01.2024;GLOBAL-TOURVL.ru
01.01.2024;GLOBAL-WILDBERRIES.ru
01.01.2024;GLOBALWILDBERRIES.ru
01.01.2024;GLOBCAM.ru
01.01.2024;GLOBETEAM.ru
01.01.2024;GLONT.ru
01.01.2024;GLOOMS.ru
01.01.2024;GLOWIX.ru
01.01.2024;GLOWSTICKS.ru
01.01.2024;GLPR.ru
01.01.2024;GLSGRUPP.ru
01.01.2024;GLUETEC-RUSSIA.ru
01.01.2024;GMFG.ru
01.01.2024;GMIA.ru
01.01.2024;GMKR.ru
01.01.2024;GMONTAGE.ru
01.01.2024;GNAY.ru
01.01.2024;GNBG.ru
01.01.2024;GNEYS.ru
01.01.2024;GNFG.ru
01.01.2024;GNGG.ru
01.01.2024;GNIE.ru
01.01.2024;GNKC.ru
01.01.2024;GNNG.ru
01.01.2024;GNOA.ru
01.01.2024;GNOE.ru
01.01.2024;GNOJ.ru
01.01.2024;GO-LOVE.ru
01.01.2024;GODFORD.ru
01.01.2024;GODKO.ru
01.01.2024;GODS-WRIST.ru
01.01.2024;GODUSNIK.ru
01.01.2024;GODWRIST.ru
01.01.2024;GODZONE.ru
01.01.2024;GOELEVEN.ru
01.01.2024;GOHG.ru
01.01.2024;GOIER.ru
01.01.2024;GOILO.ru
01.01.2024;GOINGGREEN.ru
01.01.2024;GOINGREEN.ru
01.01.2024;GOLAKOVA.ru
01.01.2024;GOLANOVA.ru
01.01.2024;GOLAPPLE.ru
01.01.2024;GOLD-A.ru
01.01.2024;GOLDAPPE.ru
01.01.2024;GOLDAPPL.ru
01.01.2024;GOLDENI.ru
01.01.2024;GOLDWICK.ru
01.01.2024;GOLEK.ru
01.01.2024;GOLNEVA.ru
01.01.2024;GOLYANOVA.ru
01.01.2024;GOMOM.ru
01.01.2024;GONYAJ.ru
01.01.2024;GOODFLO.ru
01.01.2024;GOODFOOD42.ru
01.01.2024;GOODFOODMOOD.ru
01.01.2024;GOODOF.ru
01.01.2024;GOODPROFIL.ru
01.01.2024;GOODSONG.ru
01.01.2024;GOODTHERM.ru
01.01.2024;GOPG.ru
01.01.2024;GOPON.ru
01.01.2024;GORDYAKOV.ru
01.01.2024;GORIHIN.ru
01.01.2024;GOROD-KEMEROVO.ru
01.01.2024;GORODA24.ru
01.01.2024;GORODPEREMEN.ru
01.01.2024;GOROR.ru
01.01.2024;GOROVTSOV.ru
01.01.2024;GORSHA.ru
01.01.2024;GORTALOVA.ru
01.01.2024;GORTOV.ru
01.01.2024;GOSKICLUB.ru
01.01.2024;GOSTINICA-NN.ru
01.01.2024;GOSTINICANN.ru
01.01.2024;GOTAUTO.ru
01.01.2024;GOTCHI.ru
01.01.2024;GOTOCLUB.ru
01.01.2024;GOTOVITVKUSNO.ru
01.01.2024;GOTRAINER.ru
01.01.2024;GOTSOV.ru
01.01.2024;GOVENMENT.ru
01.01.2024;GOXU.ru
01.01.2024;GOYLO.ru
01.01.2024;GPCF.ru
01.01.2024;GPCL.ru
01.01.2024;GPDG.ru
01.01.2024;GRABAREVA.ru
01.01.2024;GRABOVSKI.ru
01.01.2024;GRAD-KAPITAL.ru
01.01.2024;GRAD-X.ru
01.01.2024;GRADEDOM.ru
01.01.2024;GRADKAPITAL.ru
01.01.2024;GRADUSNIKMED.ru
01.01.2024;GRAND-CMS.ru
01.01.2024;GRAND-MSK.ru
01.01.2024;GRANDSTOL.ru
01.01.2024;GRANDSTROIKA.ru
01.01.2024;GRANITANGEL.ru
01.01.2024;GRASHENKOV.ru
01.01.2024;GRASULOV.ru
01.01.2024;GRATCH.ru
01.01.2024;GREATWIN.ru
01.01.2024;GREEKISLAND.ru
01.01.2024;GREEN-DOOR.ru
01.01.2024;GREENABL.ru
01.01.2024;GREENACCESS.ru
01.01.2024;GREENACRE.ru
01.01.2024;GREENACT.ru
01.01.2024;GREENACTIVE.ru
01.01.2024;GREENADE.ru
01.01.2024;GREENAG.ru
01.01.2024;GREENAGENDA.ru
01.01.2024;GREENAPE.ru
01.01.2024;GREENAR.ru
01.01.2024;GREENAROMA.ru
01.01.2024;GREENARY.ru
01.01.2024;GREENASPECT.ru
01.01.2024;GREENASSET.ru
01.01.2024;GREENATURE.ru
01.01.2024;GREENAWARD.ru
01.01.2024;GREENAWAY.ru
01.01.2024;GREENBEATS.ru
01.01.2024;GREENBED.ru
01.01.2024;GREENBERETS.ru
01.01.2024;GREENBETS.ru
01.01.2024;GREENBI.ru
01.01.2024;GREENBITCOIN.ru
01.01.2024;GREENBLOCKS.ru
01.01.2024;GREENBLU.ru
01.01.2024;GREENBOARDS.ru
01.01.2024;GREENBORN.ru
01.01.2024;GREENBOWL.ru
01.01.2024;GREENBREEZE.ru
01.01.2024;GREENBUCKS.ru
01.01.2024;GREENBUDDIES.ru
01.01.2024;GREENCABIN.ru
01.01.2024;GREENCACTUS.ru
01.01.2024;GREENCANDLE.ru
01.01.2024;GREENCAPS.ru
01.01.2024;GREENCC.ru
01.01.2024;GREENCHARM.ru
01.01.2024;GREENCHINA.ru
01.01.2024;GREENCLASS.ru
01.01.2024;GREENCLOTH.ru
01.01.2024;GREENCRYSTAL.ru
01.01.2024;GREENDELI.ru
01.01.2024;GREENDISK.ru
01.01.2024;GREENDISPLAY.ru
01.01.2024;GREENDUST.ru
01.01.2024;GREENDUSTRY.ru
01.01.2024;GREENEAGLE.ru
01.01.2024;GREENEASY.ru
01.01.2024;GREENEAT.ru
01.01.2024;GREENECON.ru
01.01.2024;GREENENGLISH.ru
01.01.2024;GREENERGRASS.ru
01.01.2024;GREENFAIR.ru
01.01.2024;GREENFANTASY.ru
01.01.2024;GREENFARMERS.ru
01.01.2024;GREENFEAST.ru
01.01.2024;GREENFI.ru
01.01.2024;GREENFONDS.ru
01.01.2024;GREENFORD.ru
01.01.2024;GREENGAGE.ru
01.01.2024;GREENGANG.ru
01.01.2024;GREENGEEK.ru
01.01.2024;GREENGEM.ru
01.01.2024;GREENGENIUS.ru
01.01.2024;GREENGINGER.ru
01.01.2024;GREENGOLF.ru
01.01.2024;GREENGRAPE.ru
01.01.2024;GREENGRID.ru
01.01.2024;GREENGROWER.ru
01.01.2024;GREENGUY.ru
01.01.2024;GREENHEADS.ru
01.01.2024;GREENHEARTS.ru
01.01.2024;GREENHEAVEN.ru
01.01.2024;GREENHEDGES.ru
01.01.2024;GREENHEROES.ru
01.01.2024;GREENHONEY.ru
01.01.2024;GREENHORN.ru
01.01.2024;GREENHOUSING.ru
01.01.2024;GREENINDIA.ru
01.01.2024;GREENIP.ru
01.01.2024;GREENISM.ru
01.01.2024;GREENJACK.ru
01.01.2024;GREENJUICES.ru
01.01.2024;GREENJUNGLE.ru
01.01.2024;GREENKIND.ru
01.01.2024;GREENLABELS.ru
01.01.2024;GREENLAUNCH.ru
01.01.2024;GREENLEASE.ru
01.01.2024;GREENLEGEND.ru
01.01.2024;GREENLIFF.ru
01.01.2024;GREENLIVES.ru
01.01.2024;GREENLIZARD.ru
01.01.2024;GREENLOGIX.ru
01.01.2024;GREENLUNCH.ru
01.01.2024;GREENLUXURY.ru
01.01.2024;GREENMAMBA.ru
01.01.2024;GREENMAPLE.ru
01.01.2024;GREENMATIC.ru
01.01.2024;GREENMD.ru
01.01.2024;GREENMINT.ru
01.01.2024;GREENMODE.ru
01.01.2024;GREENMONKEYS.ru
01.01.2024;GREENNANO.ru
01.01.2024;GREENNINJA.ru
01.01.2024;GREENONLY.ru
01.01.2024;GREENONYX.ru
01.01.2024;GREENOPIA.ru
01.01.2024;GREENORBIT.ru
01.01.2024;GREENORE.ru
01.01.2024;GREENOVATE.ru
01.01.2024;GREENPAC.ru
01.01.2024;GREENPACKAGE.ru
01.01.2024;GREENPALMS.ru
01.01.2024;GREENPANTRY.ru
01.01.2024;GREENPARKS.ru
01.01.2024;GREENPAW.ru
01.01.2024;GREENPICK.ru
01.01.2024;GREENPINK.ru
01.01.2024;GREENPOD.ru
01.01.2024;GREENPOINTS.ru
01.01.2024;GREENPOND.ru
01.01.2024;GREENPURE.ru
01.01.2024;GREENRELIEF.ru
01.01.2024;GREENRIOT.ru
01.01.2024;GREENRUNNER.ru
01.01.2024;GREENSANTA.ru
01.01.2024;GREENSCALE.ru
01.01.2024;GREENSCOOTER.ru
01.01.2024;GREENSCOUT.ru
01.01.2024;GREENSEAL.ru
01.01.2024;GREENSEASONS.ru
01.01.2024;GREENSEC.ru
01.01.2024;GREENSEEKER.ru
01.01.2024;GREENSELECT.ru
01.01.2024;GREENSHADES.ru
01.01.2024;GREENSHADOW.ru
01.01.2024;GREENSHEET.ru
01.01.2024;GREENSITES.ru
01.01.2024;GREENSLAND.ru
01.01.2024;GREENSPEAK.ru
01.01.2024;GREENSPEC.ru
01.01.2024;GREENSPICE.ru
01.01.2024;GREENSPIDER.ru
01.01.2024;GREENSS.ru
01.01.2024;GREENSTAY.ru
01.01.2024;GREENSTUDIOS.ru
01.01.2024;GREENSTYLING.ru
01.01.2024;GREENSWAN.ru
01.01.2024;GREENSWORLD.ru
01.01.2024;GREENTECK.ru
01.01.2024;GREENTEXT.ru
01.01.2024;GREENTHING.ru
01.01.2024;GREENTHINK.ru
01.01.2024;GREENTIDE.ru
01.01.2024;GREENTIP.ru
01.01.2024;GREENTOKEN.ru
01.01.2024;GREENTONE.ru
01.01.2024;GREENTRAFFIC.ru
01.01.2024;GREENUX.ru
01.01.2024;GREENVPS.ru
01.01.2024;GREENWEED.ru
01.01.2024;GREENWINDOWS.ru
01.01.2024;GREENWISH.ru
01.01.2024;GREENWORKING.ru
01.01.2024;GREENYOUNG.ru
01.01.2024;GREENZONES.ru
01.01.2024;GREENZY.ru
01.01.2024;GRER.ru
01.01.2024;GRIDASOVAN.ru
01.01.2024;GRIVKOVA.ru
01.01.2024;GRIZER.ru
01.01.2024;GRIZLIARTMETALL.ru
01.01.2024;GRIZOV.ru
01.01.2024;GRIZZLYBARBERSHOP-PNZ.ru
01.01.2024;GRKV.ru
01.01.2024;GRODIS.ru
01.01.2024;GROGU.ru
01.01.2024;GROMEK.ru
01.01.2024;GROOMPETS.ru
01.01.2024;GROTUS.ru
01.01.2024;GROZEN.ru
01.01.2024;GRRI.ru
01.01.2024;GRUI.ru
01.01.2024;GRUNO.ru
01.01.2024;GRUNT-PESOK.ru
01.01.2024;GRUNWALD-FIRESPORT.ru
01.01.2024;GRUSTNEV.ru
01.01.2024;GRYZOPEREVOZ.ru
01.01.2024;GS-SOLUTION.ru
01.01.2024;GSAF.ru
01.01.2024;GSDEV.ru
01.01.2024;GSEGAL.ru
01.01.2024;GSFC.ru
01.01.2024;GSIG.ru
01.01.2024;GSOG.ru
01.01.2024;GTA-EMIRATES.ru
01.01.2024;GTEG.ru
01.01.2024;GTFR.ru
01.01.2024;GTPU.ru
01.01.2024;GTTA.ru
01.01.2024;GTTU.ru
01.01.2024;GTUC.ru
01.01.2024;GUDIMO.ru
01.01.2024;GUEE.ru
01.01.2024;GUIDEIN.ru
01.01.2024;GUIDEON.ru
01.01.2024;GUMG.ru
01.01.2024;GUNAUTO.ru
01.01.2024;GURDOV.ru
01.01.2024;GURLEVA.ru
01.01.2024;GURU-X.ru
01.01.2024;GUSION.ru
01.01.2024;GUTEK.ru
01.01.2024;GUTNEVA.ru
01.01.2024;GUYUE.ru
01.01.2024;GVCG.ru
01.01.2024;GVCM.ru
01.01.2024;GVEG.ru
01.01.2024;GVHA.ru
01.01.2024;GVIA.ru
01.01.2024;GVLC.ru
01.01.2024;GVPC.ru
01.01.2024;GWOT.ru
01.01.2024;GYGU.ru
01.01.2024;GYMNETWORK.ru
01.01.2024;GYROSMART.ru
01.01.2024;GYROSORIGINAL.ru
01.01.2024;HABITGO.ru
01.01.2024;HACKBERRY.ru
01.01.2024;HACKTHIS.ru
01.01.2024;HAGNER.ru
01.01.2024;HAHC.ru
01.01.2024;HAKINI.ru
01.01.2024;HALALBAKERY.ru
01.01.2024;HALALBERRIES.ru
01.01.2024;HAMIDULLIN-1.ru
01.01.2024;HAMIDULLINA-1.ru
01.01.2024;HAMMAMSAUNA.ru
01.01.2024;HAMTSOV.ru
01.01.2024;HANDBAGSALE.ru
01.01.2024;HANDLI.ru
01.01.2024;HANDRILOV.ru
01.01.2024;HAPAR.ru
01.01.2024;HAPPY-CAMPER.ru
01.01.2024;HAPPY-CHOICE.ru
01.01.2024;HAPPY-RABBIT.ru
01.01.2024;HAPPYANGELS.ru
01.01.2024;HAPPYNEW.ru
01.01.2024;HAPPYPAYS.ru
01.01.2024;HARCHENKOV.ru
01.01.2024;HARTOV.ru
01.01.2024;HASHY.ru
01.01.2024;HASKI-JAKLIN.ru
01.01.2024;HASTAMARKET.ru
01.01.2024;HASTASKILL.ru
01.01.2024;HASTEM.ru
01.01.2024;HAUE.ru
01.01.2024;HAVELOV.ru
01.01.2024;HAYK4500.ru
01.01.2024;HBAS.ru
01.01.2024;HBEG.ru
01.01.2024;HBFB.ru
01.01.2024;HBHA.ru
01.01.2024;HBIA.ru
01.01.2024;HBKC.ru
01.01.2024;HBKR.ru
01.01.2024;HBMA.ru
01.01.2024;HBPA.ru
01.01.2024;HBTF.ru
01.01.2024;HBUR.ru
01.01.2024;HBVA.ru
01.01.2024;HBXB.ru
01.01.2024;HCBE.ru
01.01.2024;HCDG.ru
01.01.2024;HCFG.ru
01.01.2024;HCGA.ru
01.01.2024;HCIG.ru
01.01.2024;HCNG.ru
01.01.2024;HCOA.ru
01.01.2024;HCOG.ru
01.01.2024;HCUC.ru
01.01.2024;HCVG.ru
01.01.2024;HDAG.ru
01.01.2024;HDEG.ru
01.01.2024;HDFR.ru
01.01.2024;HDGR.ru
01.01.2024;HDGS.ru
01.01.2024;HDHS.ru
01.01.2024;HDKS.ru
01.01.2024;HDNN.ru
01.01.2024;HDPG.ru
01.01.2024;HDRL.ru
01.01.2024;HDTR.ru
01.01.2024;HDVG.ru
01.01.2024;HEAE.ru
01.01.2024;HEALTHCAMP.ru
01.01.2024;HEALUS.ru
01.01.2024;HEBEA.ru
01.01.2024;HEFNERCLUB.ru
01.01.2024;HEGLET.ru
01.01.2024;HEKR.ru
01.01.2024;HELIAS.ru
01.01.2024;HELLOBRO.ru
01.01.2024;HELLOTTEC.ru
01.01.2024;HELLOWIFI.ru
01.01.2024;HELSION.ru
01.01.2024;HEROUT.ru
01.01.2024;HEVU.ru
01.01.2024;HEXU.ru
01.01.2024;HFDG.ru
01.01.2024;HFHS.ru
01.01.2024;HFIG.ru
01.01.2024;HFMS.ru
01.01.2024;HFPG.ru
01.01.2024;HFSA.ru
01.01.2024;HGCA.ru
01.01.2024;HGDS.ru
01.01.2024;HGFS.ru
01.01.2024;HGLC.ru
01.01.2024;HGNM.ru
01.01.2024;HGXR.ru
01.01.2024;HGXX.ru
01.01.2024;HH88.ru
01.01.2024;HHBS.ru
01.01.2024;HHDR.ru
01.01.2024;HHELEN.ru
01.01.2024;HHGA.ru
01.01.2024;HHHA.ru
01.01.2024;HHMA.ru
01.01.2024;HHNA.ru
01.01.2024;HHNE.ru
01.01.2024;HHPS.ru
01.01.2024;HHRA.ru
01.01.2024;HICG.ru
01.01.2024;HIEE.ru
01.01.2024;HIGHSCREEN-SUPPORT.ru
01.01.2024;HIGHTECHWAVE.ru
01.01.2024;HIIH.ru
01.01.2024;HILOG.ru
01.01.2024;HIMCHANE.ru
01.01.2024;HINEW.ru
01.01.2024;HIREDEV.ru
01.01.2024;HIROMANTKA.ru
01.01.2024;HISLAB.ru
01.01.2024;HITCOUNT.ru
01.01.2024;HIUG.ru
01.01.2024;HIVENET.ru
01.01.2024;HKBA.ru
01.01.2024;HKBG.ru
01.01.2024;HKDA.ru
01.01.2024;HKEA.ru
01.01.2024;HKGG.ru
01.01.2024;HKIE.ru
01.01.2024;HKIR.ru
01.01.2024;HKKS.ru
01.01.2024;HKLM.ru
01.01.2024;HKMV.ru
01.01.2024;HKNA.ru
01.01.2024;HKPA.ru
01.01.2024;HKPM.ru
01.01.2024;HKRR.ru
01.01.2024;HKSR.ru
01.01.2024;HKTR.ru
01.01.2024;HLAZ.ru
01.01.2024;HLBRS.ru
01.01.2024;HLEE.ru
01.01.2024;HLEVNIKOV.ru
01.01.2024;HLGC.ru
01.01.2024;HLGR.ru
01.01.2024;HLGS.ru
01.01.2024;HLKC.ru
01.01.2024;HLLG.ru
01.01.2024;HLNA.ru
01.01.2024;HLOPENKOVA.ru
01.01.2024;HLSR.ru
01.01.2024;HLUDEEVA.ru
01.01.2024;HLVC.ru
01.01.2024;HMCE.ru
01.01.2024;HMDE.ru
01.01.2024;HMFG.ru
01.01.2024;HMGC.ru
01.01.2024;HMHS.ru
01.01.2024;HMIA.ru
01.01.2024;HMKG.ru
01.01.2024;HMOBI.ru
01.01.2024;HMOC.ru
01.01.2024;HMRA.ru
01.01.2024;HMTA.ru
01.01.2024;HMTG.ru
01.01.2024;HMUG.ru
01.01.2024;HMVS.ru
01.01.2024;HNAA.ru
01.01.2024;HNBA.ru
01.01.2024;HNBG.ru
01.01.2024;HNER.ru
01.01.2024;HNGO.ru
01.01.2024;HNHA.ru
01.01.2024;HNIS.ru
01.01.2024;HNKG.ru
01.01.2024;HNLS.ru
01.01.2024;HNNA.ru
01.01.2024;HNNC.ru
01.01.2024;HNOA.ru
01.01.2024;HNPS.ru
01.01.2024;HNRA.ru
01.01.2024;HNSR.ru
01.01.2024;HNTG.ru
01.01.2024;HNTS.ru
01.01.2024;HNVC.ru
01.01.2024;HNYP.ru
01.01.2024;HODEEVA.ru
01.01.2024;HODOSOV.ru
01.01.2024;HOFMANRUSSIA.ru
01.01.2024;HOHC.ru
01.01.2024;HOHR.ru
01.01.2024;HOLD-3446.ru
01.01.2024;HOLDMYHAND.ru
01.01.2024;HOLDSTILL.ru
01.01.2024;HOLIKOV.ru
01.01.2024;HOLLYGREEN.ru
01.01.2024;HOLMDESIGN.ru
01.01.2024;HOLSPYRFUMEHZ.ru
01.01.2024;HOME-STOCK.ru
01.01.2024;HOMEALARMS.ru
01.01.2024;HONDAK.ru
01.01.2024;HONDAMARIN.ru
01.01.2024;HOOKAH-ARENDA.ru
01.01.2024;HOOKAHMANIA.ru
01.01.2024;HOPUNOV.ru
01.01.2024;HOPYLAND.ru
01.01.2024;HORENKOV.ru
01.01.2024;HORIZONT-HOST.ru
01.01.2024;HORSERADISH.ru
01.01.2024;HOST-NN.ru
01.01.2024;HOSTING-PRO25.ru
01.01.2024;HOTANGELS.ru
01.01.2024;HOTCART.ru
01.01.2024;HOTCHENKOV.ru
01.01.2024;HOTCORE.ru
01.01.2024;HOTCROSS.ru
01.01.2024;HOTEL-COM.ru
01.01.2024;HOTEL-OKTYABRSKAYA.ru
01.01.2024;HOTEL-SILVA.ru
01.01.2024;HOTELAFALINA.ru
01.01.2024;HOTELNOVA.ru
01.01.2024;HOTELSILVA.ru
01.01.2024;HOTFAN.ru
01.01.2024;HOVRENKOV.ru
01.01.2024;HOVRYAKOV.ru
01.01.2024;HOZOV.ru
01.01.2024;HOZYAINOV.ru
01.01.2024;HPAE.ru
01.01.2024;HPAG.ru
01.01.2024;HPAL.ru
01.01.2024;HPDG.ru
01.01.2024;HPGE.ru
01.01.2024;HPLA.ru
01.01.2024;HPLG.ru
01.01.2024;HPLS.ru
01.01.2024;HPML.ru
01.01.2024;HPRG.ru
01.01.2024;HPRR.ru
01.01.2024;HPTA.ru
01.01.2024;HPUG.ru
01.01.2024;HQGU.ru
01.01.2024;HQPR.ru
01.01.2024;HR-MASTER.ru
01.01.2024;HRBE.ru
01.01.2024;HRBG.ru
01.01.2024;HRCE.ru
01.01.2024;HREPTUGOV.ru
01.01.2024;HRFRIEND.ru
01.01.2024;HRHG.ru
01.01.2024;HRIA.ru
01.01.2024;HRIPKOV.ru
01.01.2024;HRITONENKOV.ru
01.01.2024;HROMULINA.ru
01.01.2024;HRPA.ru
01.01.2024;HRRA.ru
01.01.2024;HRUSHOV.ru
01.01.2024;HRVG.ru
01.01.2024;HRYN.ru
01.01.2024;HRYP.ru
01.01.2024;HSIL.ru
01.01.2024;HSMF.ru
01.01.2024;HSMR.ru
01.01.2024;HSRL.ru
01.01.2024;HSSF.ru
01.01.2024;HTBW.ru
01.01.2024;HTDL.ru
01.01.2024;HTEE.ru
01.01.2024;HTGG.ru
01.01.2024;HTGH.ru
01.01.2024;HTHS.ru
01.01.2024;HTIE.ru
01.01.2024;HTKG.ru
01.01.2024;HTSF.ru
01.01.2024;HTUS.ru
01.01.2024;HUAG.ru
01.01.2024;HUB-SHARING.ru
01.01.2024;HUBAR.ru
01.01.2024;HUBSHARING.ru
01.01.2024;HUCKWEAR.ru
01.01.2024;HUDANOV.ru
01.01.2024;HUDOTEPLOV.ru
01.01.2024;HUGECLOUDS.ru
01.01.2024;HUHS.ru
01.01.2024;HUIE.ru
01.01.2024;HUNTLAB.ru
01.01.2024;HUVC.ru
01.01.2024;HUVU.ru
01.01.2024;HVAA.ru
01.01.2024;HVBA.ru
01.01.2024;HVDG.ru
01.01.2024;HVHS.ru
01.01.2024;HVIS.ru
01.01.2024;HVLC.ru
01.01.2024;HVLE.ru
01.01.2024;HVLG.ru
01.01.2024;HVNA.ru
01.01.2024;HVNG.ru
01.01.2024;HVNS.ru
01.01.2024;HVVC.ru
01.01.2024;HWDG.ru
01.01.2024;HXNB.ru
01.01.2024;HYDRO-S.ru
01.01.2024;HYDROTEHNOLOGY.ru
01.01.2024;HYGGO.ru
01.01.2024;HYPERHASH.ru
01.01.2024;HYPERLOG.ru
01.01.2024;HYPERTARGET.ru
01.01.2024;HYPETV.ru
01.01.2024;I-EST.ru
01.01.2024;I-GORK.ru
01.01.2024;I-SIGN.ru
01.01.2024;I-STREAM.ru
01.01.2024;I2026.ru
01.01.2024;IAAL.ru
01.01.2024;IADF.ru
01.01.2024;IADL.ru
01.01.2024;IAGAIN.ru
01.01.2024;IAGU.ru
01.01.2024;IALD.ru
01.01.2024;IALN.ru
01.01.2024;IALONG.ru
01.01.2024;IALSO.ru
01.01.2024;IALWAYS.ru
01.01.2024;IANDRIEVSKAYA.ru
01.01.2024;IANL.ru
01.01.2024;IAOL.ru
01.01.2024;IARTICLE.ru
01.01.2024;IAUS.ru
01.01.2024;IBCIKO.ru
01.01.2024;IBDR.ru
01.01.2024;IBEHIND.ru
01.01.2024;IBETWEEN.ru
01.01.2024;IBNG.ru
01.01.2024;IBROTHER.ru
01.01.2024;IBSICO.ru
01.01.2024;IBSIKO.ru
01.01.2024;IBUHAROV.ru
01.01.2024;IBVE.ru
01.01.2024;ICEFUSE.ru
01.01.2024;ICGU.ru
01.01.2024;ICLAIM.ru
01.01.2024;ICOCOIN.ru
01.01.2024;ICOCRYPTO.ru
01.01.2024;ICOTOKEN.ru
01.01.2024;ID-TEAM.ru
01.01.2024;ID00491.ru
01.01.2024;ID04491.ru
01.01.2024;ID04961.ru
01.01.2024;ID04963.ru
01.01.2024;ID05491.ru
01.01.2024;ID178.ru
01.01.2024;ID195737.ru
01.01.2024;ID285731.ru
01.01.2024;ID385711.ru
01.01.2024;ID58050.ru
01.01.2024;ID58052.ru
01.01.2024;ID58053.ru
01.01.2024;ID58054.ru
01.01.2024;ID5926.ru
01.01.2024;ID5928.ru
01.01.2024;ID842547895.ru
01.01.2024;IDDG.ru
01.01.2024;IDDY.ru
01.01.2024;IDEA-FACTORY.ru
01.01.2024;IDEA48.ru
01.01.2024;IDEAKIT.ru
01.01.2024;IDEED.ru
01.01.2024;IDHL.ru
01.01.2024;IDLD.ru
01.01.2024;IDLL.ru
01.01.2024;IDLN.ru
01.01.2024;IDLR.ru
01.01.2024;IDNL.ru
01.01.2024;IDOWN.ru
01.01.2024;IDTL.ru
01.01.2024;IEAL.ru
01.01.2024;IEBG.ru
01.01.2024;IECONOMIC.ru
01.01.2024;IEDL.ru
01.01.2024;IEEL.ru
01.01.2024;IEFFORT.ru
01.01.2024;IEFG.ru
01.01.2024;IEHA.ru
01.01.2024;IEHG.ru
01.01.2024;IEIL.ru
01.01.2024;IEIZ.ru
01.01.2024;IEKG.ru
01.01.2024;IELAA.ru
01.01.2024;IELL.ru
01.01.2024;IELN.ru
01.01.2024;IELR.ru
01.01.2024;IENL.ru
01.01.2024;IEOL.ru
01.01.2024;IERG.ru
01.01.2024;IERL.ru
01.01.2024;IEUS.ru
01.01.2024;IEVS.ru
01.01.2024;IEXPECT.ru
01.01.2024;IEXPLAIN.ru
01.01.2024;IFAIL.ru
01.01.2024;IFALL.ru
01.01.2024;IFEELING.ru
01.01.2024;IFINISH.ru
01.01.2024;IFKG.ru
01.01.2024;IFPF.ru
01.01.2024;IGHC.ru
01.01.2024;IGKG.ru
01.01.2024;IGNATOVI.ru
01.01.2024;IHGE.ru
01.01.2024;IHGG.ru
01.01.2024;IHLC.ru
01.01.2024;IHMM.ru
01.01.2024;IHNC.ru
01.01.2024;IHPL.ru
01.01.2024;IHUGE.ru
01.01.2024;IHUSBAND.ru
01.01.2024;IIAL.ru
01.01.2024;IIBE.ru
01.01.2024;IIBG.ru
01.01.2024;IIDL.ru
01.01.2024;IIEG.ru
01.01.2024;IIEL.ru
01.01.2024;IIJJ.ru
01.01.2024;IILA.ru
01.01.2024;IILD.ru
01.01.2024;IILG.ru
01.01.2024;IILM.ru
01.01.2024;IILR.ru
01.01.2024;IILS.ru
01.01.2024;IILT.ru
01.01.2024;IINL.ru
01.01.2024;IIOC.ru
01.01.2024;IIOL.ru
01.01.2024;IIRL.ru
01.01.2024;IISL.ru
01.01.2024;IJLI.ru
01.01.2024;IKALFA.ru
01.01.2024;IKDE.ru
01.01.2024;IKGT.ru
01.01.2024;IKOE.ru
01.01.2024;IKRESK.ru
01.01.2024;IKRIN.ru
01.01.2024;IKT-KAZAN.ru
01.01.2024;IKUE.ru
01.01.2024;ILDL.ru
01.01.2024;ILDN.ru
01.01.2024;ILDR.ru
01.01.2024;ILDT.ru
01.01.2024;ILEFT.ru
01.01.2024;ILFL.ru
01.01.2024;ILLD.ru
01.01.2024;ILLM.ru
01.01.2024;ILLN.ru
01.01.2024;ILLR.ru
01.01.2024;ILLT.ru
01.01.2024;ILND.ru
01.01.2024;ILNE.ru
01.01.2024;ILNI.ru
01.01.2024;ILNL.ru
01.01.2024;ILNR.ru
01.01.2024;ILOVECRAFT.ru
01.01.2024;ILRD.ru
01.01.2024;ILRL.ru
01.01.2024;ILRR.ru
01.01.2024;ILSL.ru
01.01.2024;ILSM.ru
01.01.2024;ILTL.ru
01.01.2024;ILTN.ru
01.01.2024;ILYINKA318.ru
01.01.2024;IMAGINARYFRIENDS.ru
01.01.2024;IMEROV.ru
01.01.2024;IMLD.ru
01.01.2024;IMLL.ru
01.01.2024;IMML.ru
01.01.2024;IMMZ.ru
01.01.2024;IMNL.ru
01.01.2024;IMPACTERA.ru
01.01.2024;IMPERIAL-DETAILING.ru
01.01.2024;IMPLANTAV.ru
01.01.2024;IMPORTANTE.ru
01.01.2024;IMPORTNN.ru
01.01.2024;IMPREGNANT.ru
01.01.2024;IMPULS-OPTTORG.ru
01.01.2024;IMRL.ru
01.01.2024;IMYSELF.ru
01.01.2024;INBL.ru
01.01.2024;INCEPTIONISM.ru
01.01.2024;INCOLINE.ru
01.01.2024;INDECOR-FRANSHIZA.ru
01.01.2024;INDIANICA.ru
01.01.2024;INDIATICA.ru
01.01.2024;INFILIN.ru
01.01.2024;INFINITYILLUSION.ru
01.01.2024;INFO-CLIENTS.ru
01.01.2024;INFO-HELPING.ru
01.01.2024;INFO-SLIV.ru
01.01.2024;INFOGRAMOTA.ru
01.01.2024;INFOKAD.ru
01.01.2024;INFORMBOOK.ru
01.01.2024;INGLEZ.ru
01.01.2024;INGOODSHAPE.ru
01.01.2024;INGSTORE.ru
01.01.2024;INGUSTO.ru
01.01.2024;INISMI.ru
01.01.2024;INKLADOVKA.ru
01.01.2024;INLD.ru
01.01.2024;INLT.ru
01.01.2024;INNERBEAST.ru
01.01.2024;INNOPLANETA.ru
01.01.2024;INOXCOM.ru
01.01.2024;INQZ.ru
01.01.2024;INSPIREBOT.ru
01.01.2024;INSPIRELAND.ru
01.01.2024;INSTADATE.ru
01.01.2024;INSTAGRAMSTORIES.ru
01.01.2024;INSTAMAKE.ru
01.01.2024;INSTASHOPS.ru
01.01.2024;INSTRUK24.ru
01.01.2024;INSURE-IT.ru
01.01.2024;INTECHAVTO.ru
01.01.2024;INTEGRADOM.ru
01.01.2024;INTELLEKTPATENT.ru
01.01.2024;INTELLERY.ru
01.01.2024;INTER-VIDENIE.ru
01.01.2024;INTERACTIVETV.ru
01.01.2024;INTERCOST.ru
01.01.2024;INTERVIDENIE-2025.ru
01.01.2024;INTERVIDENIE2025.ru
01.01.2024;INTERVYO.ru
01.01.2024;INTIMUSLUGIBIJSK.ru
01.01.2024;INURPITER.ru
01.01.2024;INVEST-L.ru
01.01.2024;INVESTGEOSERVICE.ru
01.01.2024;INVESTING-1.ru
01.01.2024;INVESTING-CRYPTO.ru
01.01.2024;INVESTINGGROUP.ru
01.01.2024;INVESTPAPA.ru
01.01.2024;INVESTWALL.ru
01.01.2024;INVITEGROUP.ru
01.01.2024;INVTB.ru
01.01.2024;IO-PRODUCTION.ru
01.01.2024;IOAL.ru
01.01.2024;IOBD2.ru
01.01.2024;IOCG.ru
01.01.2024;IODL.ru
01.01.2024;IOEL.ru
01.01.2024;IOLL.ru
01.01.2024;IOLN.ru
01.01.2024;IOLT.ru
01.01.2024;IOLU.ru
01.01.2024;IOML.ru
01.01.2024;IONEXCHANGE.ru
01.01.2024;IONL.ru
01.01.2024;IONLY.ru
01.01.2024;IONOVPRO.ru
01.01.2024;IONSYSTEMS.ru
01.01.2024;IOSL.ru
01.01.2024;IOT-CLOUD.ru
01.01.2024;IOTLOFT.ru
01.01.2024;IOTWAY.ru
01.01.2024;IOVC.ru
01.01.2024;IOVER.ru
01.01.2024;IOWL.ru
01.01.2024;IOZU.ru
01.01.2024;IPHG.ru
01.01.2024;IPHONEZONE.ru
01.01.2024;IPSCRATING.ru
01.01.2024;IPSVICH.ru
01.01.2024;IPSVN.ru
01.01.2024;IPULL.ru
01.01.2024;IQQT.ru
01.01.2024;IQTRACK.ru
01.01.2024;IQUH.ru
01.01.2024;IRBIS-TYRES.ru
01.01.2024;IRBITAGRO.ru
01.01.2024;IRBIZINO.ru
01.01.2024;IREDUCE.ru
01.01.2024;IRINA-LI-PH.ru
01.01.2024;IRINAFORMARS.ru
01.01.2024;IRKTRAVEL.ru
01.01.2024;IRLD.ru
01.01.2024;IRLL.ru
01.01.2024;IRLN.ru
01.01.2024;IRLO.ru
01.01.2024;IRLR.ru
01.01.2024;IRMER.ru
01.01.2024;IRML.ru
01.01.2024;IRONCUSTOM.ru
01.01.2024;IRONDRAGON.ru
01.01.2024;IRPEN.ru
01.01.2024;IRRY.ru
01.01.2024;IRUSLAN077.ru
01.01.2024;IRYM.ru
01.01.2024;ISEEV.ru
01.01.2024;ISERIOUS.ru
01.01.2024;ISHEEV.ru
01.01.2024;ISHKODA.ru
01.01.2024;ISINCE.ru
01.01.2024;ISINGLE.ru
01.01.2024;ISLL.ru
01.01.2024;ISLS.ru
01.01.2024;ISMO2016.ru
01.01.2024;ISOCARD.ru
01.01.2024;ISOGRAM.ru
01.01.2024;ISOLDER.ru
01.01.2024;ISOLET.ru
01.01.2024;ISOMELT.ru
01.01.2024;ISOON.ru
01.01.2024;ISOPAD.ru
01.01.2024;ISOPRIME.ru
01.01.2024;ISOTONE.ru
01.01.2024;ISOTOPNN.ru
01.01.2024;ISTAKE.ru
01.01.2024;ISTROV.ru
01.01.2024;IT-MA.ru
01.01.2024;ITALIUA.ru
01.01.2024;ITAPUA.ru
01.01.2024;ITECHLAND.ru
01.01.2024;ITGROM.ru
01.01.2024;ITLUKASHIN.ru
01.01.2024;ITSMYHEALTH.ru
01.01.2024;ITUMAT.ru
01.01.2024;IUBA.ru
01.01.2024;IUBE.ru
01.01.2024;IUCR.ru
01.01.2024;IUGR.ru
01.01.2024;IUMC.ru
01.01.2024;IUMU.ru
01.01.2024;IUPA.ru
01.01.2024;IUSH.ru
01.01.2024;IV-STROY.ru
01.01.2024;IVAHNOV.ru
01.01.2024;IVANA-BABUSHKINA.ru
01.01.2024;IVANSHTANKO.ru
01.01.2024;IVANSID.ru
01.01.2024;IVANSTROYI.ru
01.01.2024;IVANVASILIEVPEONY.ru
01.01.2024;IVCENTR.ru
01.01.2024;IVHR.ru
01.01.2024;IVL-STORE.ru
01.01.2024;IVMEGASHOP.ru
01.01.2024;IVNC.ru
01.01.2024;IVPE.ru
01.01.2024;IVYEDGE.ru
01.01.2024;IXRP.ru
01.01.2024;IXXS.ru
01.01.2024;IYOUNG.ru
01.01.2024;IZIMEI.ru
01.01.2024;IZOHOV.ru
01.01.2024;IZOPROF.ru
01.01.2024;JACINTA.ru
01.01.2024;JADEGREEN.ru
01.01.2024;JAGUARCARS.ru
01.01.2024;JAZZDAYS.ru
01.01.2024;JBSP.ru
01.01.2024;JEANS-DISCOUNT.ru
01.01.2024;JEEPNN.ru
01.01.2024;JEFFNET.ru
01.01.2024;JEGU.ru
01.01.2024;JEKU.ru
01.01.2024;JET-NN.ru
01.01.2024;JETFLEX.ru
01.01.2024;JETLEADS.ru
01.01.2024;JETLIN.ru
01.01.2024;JETPRIVATE.ru
01.01.2024;JEWLERY.ru
01.01.2024;JEXU.ru
01.01.2024;JFLA.ru
01.01.2024;JIAOYISUO.ru
01.01.2024;JIXU.ru
01.01.2024;JLIV.ru
01.01.2024;JOB-PEOPLE.ru
01.01.2024;JOBEL.ru
01.01.2024;JOGGERS.ru
01.01.2024;JOJY.ru
01.01.2024;JOPD.ru
01.01.2024;JOVU.ru
01.01.2024;JOXU.ru
01.01.2024;JPTM.ru
01.01.2024;JSCS.ru
01.01.2024;JUKONOHOVA.ru
01.01.2024;JULIEKIM.ru
01.01.2024;JUNCUS.ru
01.01.2024;JUNGLETIME.ru
01.01.2024;JUNKYFUNKY.ru
01.01.2024;JURIDICHESKY.ru
01.01.2024;JUST-LEX.ru
01.01.2024;JUST-ONE.ru
01.01.2024;JUSTAMOMENT.ru
01.01.2024;JUSTBIG.ru
01.01.2024;JUSTCATCH.ru
01.01.2024;JUSTIQ.ru
01.01.2024;JUSTROAD.ru
01.01.2024;JUSTSTOP.ru
01.01.2024;JUTOL.ru
01.01.2024;JUTRUSOVA.ru
01.01.2024;JUVU.ru
01.01.2024;JUXU.ru
01.01.2024;JVAY.ru
01.01.2024;JWWJ.ru
01.01.2024;JYBY.ru
01.01.2024;K-VIDEO.ru
01.01.2024;K4YOU.ru
01.01.2024;KABOT.ru
01.01.2024;KACHUROVA.ru
01.01.2024;KAD24.ru
01.01.2024;KADEL.ru
01.01.2024;KADG.ru
01.01.2024;KAFETEKA.ru
01.01.2024;KAGARLITSKY.ru
01.01.2024;KAGEL.ru
01.01.2024;KAIJURO.ru
01.01.2024;KAIUI.ru
01.01.2024;KAIY.ru
01.01.2024;KAKADUNN.ru
01.01.2024;KALINNIKOVA.ru
01.01.2024;KALTYKOV.ru
01.01.2024;KALYL.ru
01.01.2024;KAMAFOREST.ru
01.01.2024;KAMENNOOSTROVSKY.ru
01.01.2024;KAMENNYI-DOM.ru
01.01.2024;KAMIN-CITY.ru
01.01.2024;KAMIN-X.ru
01.01.2024;KAMINV.ru
01.01.2024;KAMLEO.ru
01.01.2024;KAMNELOMKA.ru
01.01.2024;KANALIYA.ru
01.01.2024;KANALIZASIA.ru
01.01.2024;KANBANWAY.ru
01.01.2024;KANC-OFFICE.ru
01.01.2024;KANDINSKYAI.ru
01.01.2024;KAPELNITSI.ru
01.01.2024;KAPITAL-OK.ru
01.01.2024;KAPITAL-PARTNER.ru
01.01.2024;KAPITAL-ROS.ru
01.01.2024;KAPITALOK.ru
01.01.2024;KAPITALPARTNER.ru
01.01.2024;KAPITALROS.ru
01.01.2024;KAPROVICH.ru
01.01.2024;KARATE-FIRESTORM.ru
01.01.2024;KARATEFIRESTORM.ru
01.01.2024;KARAVANA.ru
01.01.2024;KARHOV.ru
01.01.2024;KARIKOVA.ru
01.01.2024;KARKASMODUL.ru
01.01.2024;KARKASNYE-DOM.ru
01.01.2024;KARLPSY.ru
01.01.2024;KARTINKI36.ru
01.01.2024;KARTINYMASLOM.ru
01.01.2024;KARTOGR.ru
01.01.2024;KARYAKINVS.ru
01.01.2024;KASHBIEV.ru
01.01.2024;KASHINOV.ru
01.01.2024;KASPEROS.ru
01.01.2024;KATEMA.ru
01.01.2024;KATIAMEM1981.ru
01.01.2024;KATLE.ru
01.01.2024;KATYUSHA-DV.ru
01.01.2024;KAVGSM.ru
01.01.2024;KAVKAZ-NOMERA.ru
01.01.2024;KAYIY.ru
01.01.2024;KAZINOPINUP2024.ru
01.01.2024;KAZLOV.ru
01.01.2024;KB-I.ru
01.01.2024;KBBA.ru
01.01.2024;KBHG.ru
01.01.2024;KBKG.ru
01.01.2024;KBKU.ru
01.01.2024;KBNG.ru
01.01.2024;KBOC.ru
01.01.2024;KBVG.ru
01.01.2024;KBVR.ru
01.01.2024;KCNA.ru
01.01.2024;KCOA.ru
01.01.2024;KDDA.ru
01.01.2024;KDF-23.ru
01.01.2024;KDFG.ru
01.01.2024;KDHA.ru
01.01.2024;KDKA.ru
01.01.2024;KDLA.ru
01.01.2024;KDPA.ru
01.01.2024;KDUG.ru
01.01.2024;KDVG.ru
01.01.2024;KEBABTOWN.ru
01.01.2024;KEEPFIGHTING.ru
01.01.2024;KEFALA.ru
01.01.2024;KEJU.ru
01.01.2024;KEKIN.ru
01.01.2024;KELLYSQT.ru
01.01.2024;KEPIG.ru
01.01.2024;KERAMATEL.ru
01.01.2024;KERAMZITDOSTAVKA.ru
01.01.2024;KERMIK.ru
01.01.2024;KESAREVA.ru
01.01.2024;KESHBECK.ru
01.01.2024;KESOL.ru
01.01.2024;KETONOW.ru
01.01.2024;KEYSAI.ru
01.01.2024;KEYSBOX.ru
01.01.2024;KFBA.ru
01.01.2024;KFDA.ru
01.01.2024;KFKG.ru
01.01.2024;KFOG.ru
01.01.2024;KFPL.ru
01.01.2024;KGBA.ru
01.01.2024;KGCA.ru
01.01.2024;KGCC.ru
01.01.2024;KGIA.ru
01.01.2024;KGIG.ru
01.01.2024;KGSR.ru
01.01.2024;KGTV.ru
01.01.2024;KHBS.ru
01.01.2024;KHEG.ru
01.01.2024;KHFA.ru
01.01.2024;KHGC.ru
01.01.2024;KHHC.ru
01.01.2024;KHLA.ru
01.01.2024;KHPG.ru
01.01.2024;KHRA.ru
01.01.2024;KHRG.ru
01.01.2024;KHUA.ru
01.01.2024;KHVC.ru
01.01.2024;KIDLABS.ru
01.01.2024;KIDNEYSTONE.ru
01.01.2024;KIDNN.ru
01.01.2024;KIDS-PRIKIDS.ru
01.01.2024;KIDS-REVIEW.ru
01.01.2024;KIDSCLUBBALAM.ru
01.01.2024;KIDSFABRICS.ru
01.01.2024;KIDSNN.ru
01.01.2024;KIDZONE-ONLINE.ru
01.01.2024;KIFIN.ru
01.01.2024;KIGLER.ru
01.01.2024;KIKLES.ru
01.01.2024;KILG.ru
01.01.2024;KILLERFICHA.ru
01.01.2024;KINAST.ru
01.01.2024;KINDERGYM.ru
01.01.2024;KINDERLINE-CO.ru
01.01.2024;KINGTEST.ru
01.01.2024;KINNETIQ.ru
01.01.2024;KINOEVENTS.ru
01.01.2024;KINOLAIF.ru
01.01.2024;KINOTEATRE.ru
01.01.2024;KINOZORRO.ru
01.01.2024;KIOG.ru
01.01.2024;KIPFIN.ru
01.01.2024;KIPR-TUR.ru
01.01.2024;KIREV.ru
01.01.2024;KIRILLEG.ru
01.01.2024;KIRKARPOWA.ru
01.01.2024;KIRKOR.ru
01.01.2024;KISSIT.ru
01.01.2024;KIT-FIRE.ru
01.01.2024;KITAROVA.ru
01.01.2024;KITFIRE.ru
01.01.2024;KIXU.ru
01.01.2024;KIYI.ru
01.01.2024;KKDG.ru
01.01.2024;KKFD.ru
01.01.2024;KKHS.ru
01.01.2024;KKPG.ru
01.01.2024;KKSE.ru
01.01.2024;KKZN.ru
01.01.2024;KLADKOVA.ru
01.01.2024;KLASSIK-NN.ru
01.01.2024;KLBG.ru
01.01.2024;KLEEBLATT.ru
01.01.2024;KLEENORA.ru
01.01.2024;KLEND.ru
01.01.2024;KLEOPINA.ru
01.01.2024;KLFS.ru
01.01.2024;KLGG.ru
01.01.2024;KLHG.ru
01.01.2024;KLIK4.ru
01.01.2024;KLIMAT-PROEKT.ru
01.01.2024;KLIMAT-SYSTEMA.ru
01.01.2024;KLIMATN.ru
01.01.2024;KLIMATSYSTEMA.ru
01.01.2024;KLISH.ru
01.01.2024;KLLA.ru
01.01.2024;KLTE.ru
01.01.2024;KLTG.ru
01.01.2024;KLUBNOVAYAYA.ru
01.01.2024;KNABE.ru
01.01.2024;KNCA.ru
01.01.2024;KNIFEHIT.ru
01.01.2024;KNIGAOMSK.ru
01.01.2024;KNLG.ru
01.01.2024;KNMAIL.ru
01.01.2024;KNUC.ru
01.01.2024;KNUE.ru
01.01.2024;KNYAZANDREY.ru
01.01.2024;KOBLE.ru
01.01.2024;KOCHMAREVA.ru
01.01.2024;KOD-EX.ru
01.01.2024;KOFEWORKS.ru
01.01.2024;KOLBANOVA.ru
01.01.2024;KOLBO.ru
01.01.2024;KOLIZEY-HIFI.ru
01.01.2024;KOLOKINA-ATELIER.ru
01.01.2024;KOLOTOV-ACADEMIC.ru
01.01.2024;KOLYAPOCH.ru
01.01.2024;KOMARDINA.ru
01.01.2024;KOMARITO.ru
01.01.2024;KOMDEL.ru
01.01.2024;KOMFORTTECH.ru
01.01.2024;KOMOZOVA.ru
01.01.2024;KOMPRESSIONKA.ru
01.01.2024;KOMPRESSORAM.ru
01.01.2024;KOMPSCHOOL.ru
01.01.2024;KOMRAD982.ru
01.01.2024;KOMSHUKOV.ru
01.01.2024;KONDAKOVV.ru
01.01.2024;KONDRAEV.ru
01.01.2024;KONIM.ru
01.01.2024;KONKURSPESNI.ru
01.01.2024;KONKVADRO.ru
01.01.2024;KONSTREYD.ru
01.01.2024;KONVERSE.ru
01.01.2024;KONVERTE.ru
01.01.2024;KOPEISKDOM.ru
01.01.2024;KOPYOV.ru
01.01.2024;KOPYTKOVA.ru
01.01.2024;KOROBKISHOP.ru
01.01.2024;KORODER.ru
01.01.2024;KOROLOFF.ru
01.01.2024;KORRAWORLD.ru
01.01.2024;KORZON.ru
01.01.2024;KOSHAEV.ru
01.01.2024;KOSKISILVA.ru
01.01.2024;KOSMETOLOGY-PROJECT.ru
01.01.2024;KOSOPALOVA.ru
01.01.2024;KOTATINOVA.ru
01.01.2024;KOTENSHTEIN.ru
01.01.2024;KOTONAEVA.ru
01.01.2024;KOTOPESIA.ru
01.01.2024;KOVKA-X.ru
01.01.2024;KOVKAART.ru
01.01.2024;KOVKAX.ru
01.01.2024;KOVSHIKOV.ru
01.01.2024;KOVZHAROV.ru
01.01.2024;KOXU.ru
01.01.2024;KOZHURKINA.ru
01.01.2024;KPGA.ru
01.01.2024;KPICHERREMONTY24.ru
01.01.2024;KPPL.ru
01.01.2024;KR39.ru
01.01.2024;KRANPROM.ru
01.01.2024;KRAPKA.ru
01.01.2024;KRASARBA.ru
01.01.2024;KRASNODARCHIP.ru
01.01.2024;KRATKOSROCHKA.ru
01.01.2024;KREMENEVA.ru
01.01.2024;KREMTRAVA.ru
01.01.2024;KRETER.ru
01.01.2024;KRGA.ru
01.01.2024;KRILIA.ru
01.01.2024;KRINOV.ru
01.01.2024;KRIPTOSAFE.ru
01.01.2024;KRISTE.ru
01.01.2024;KRISTINASTADNIK.ru
01.01.2024;KRISTINAZVYKOVA.ru
01.01.2024;KRLA.ru
01.01.2024;KROHASVERBILOVA.ru
01.01.2024;KROHINA.ru
01.01.2024;KROLNEWS.ru
01.01.2024;KROMSTAL.ru
01.01.2024;KRONERPARTS.ru
01.01.2024;KROVLYA-DA-FASAD.ru
01.01.2024;KROVOV.ru
01.01.2024;KRRE.ru
01.01.2024;KRUIZOFF.ru
01.01.2024;KRULEV.ru
01.01.2024;KRUPLEVA.ru
01.01.2024;KRUTENEVA.ru
01.01.2024;KRUTIEVA.ru
01.01.2024;KRUTOGON.ru
01.01.2024;KRYLATSKAYA.ru
01.01.2024;KSCL.ru
01.01.2024;KSENI-VIT.ru
01.01.2024;KSUC.ru
01.01.2024;KSUG.ru
01.01.2024;KT-IX.ru
01.01.2024;KTAA.ru
01.01.2024;KTCENTR.ru
01.01.2024;KTITOROVA.ru
01.01.2024;KTOO.ru
01.01.2024;KTTE.ru
01.01.2024;KTVA.ru
01.01.2024;KU-C.ru
01.01.2024;KUANSHPAEV.ru
01.01.2024;KUBOMETRIKA.ru
01.01.2024;KUDEP.ru
01.01.2024;KUGG.ru
01.01.2024;KUHNI-RASPRODAZHA.ru
01.01.2024;KUHNI-X.ru
01.01.2024;KUHNIMEDVED.ru
01.01.2024;KUHNISTONE.ru
01.01.2024;KUHNIT.ru
01.01.2024;KUHNYA-NAZAKAZ.ru
01.01.2024;KUHTINKA.ru
01.01.2024;KUHTOV.ru
01.01.2024;KUKLA-LOL.ru
01.01.2024;KUKUZYAKI.ru
01.01.2024;KULABUHOV.ru
01.01.2024;KULASOV.ru
01.01.2024;KULER-SPB.ru
01.01.2024;KULINARIYADOM.ru
01.01.2024;KULTURASE.ru
01.01.2024;KUNAT.ru
01.01.2024;KUNTSOV.ru
01.01.2024;KUPIDOMV.ru
01.01.2024;KUPIT-OKNAMSK.ru
01.01.2024;KUPLIA.ru
01.01.2024;KUPLUKVARTIRU.ru
01.01.2024;KUPLYUDIVAN.ru
01.01.2024;KURBUL.ru
01.01.2024;KURIE7233.ru
01.01.2024;KURIE7234.ru
01.01.2024;KURIER7376.ru
01.01.2024;KURNASOVA.ru
01.01.2024;KURSAKOVA.ru
01.01.2024;KURSKSSM.ru
01.01.2024;KURSYMINI.ru
01.01.2024;KUSHENKOV.ru
01.01.2024;KUSHEVA.ru
01.01.2024;KUTUZOVSKY-36.ru
01.01.2024;KUTUZOVSKY10.ru
01.01.2024;KUTUZOVSKY11.ru
01.01.2024;KUTUZOVSKY13.ru
01.01.2024;KUTUZOVSKY15.ru
01.01.2024;KUTUZOVSKY16.ru
01.01.2024;KUTUZOVSKY17.ru
01.01.2024;KUTUZOVSKY18.ru
01.01.2024;KUTUZOVSKY19.ru
01.01.2024;KUTUZOVSKY2.ru
01.01.2024;KUTUZOVSKY20.ru
01.01.2024;KUTUZOVSKY21.ru
01.01.2024;KUTUZOVSKY23.ru
01.01.2024;KUTUZOVSKY25.ru
01.01.2024;KUTUZOVSKY3.ru
01.01.2024;KUTUZOVSKY32.ru
01.01.2024;KUTUZOVSKY33.ru
01.01.2024;KUTUZOVSKY34.ru
01.01.2024;KUTUZOVSKY36.ru
01.01.2024;KUTUZOVSKY37.ru
01.01.2024;KUTUZOVSKY39.ru
01.01.2024;KUTUZOVSKY41.ru
01.01.2024;KUTUZOVSKY43.ru
01.01.2024;KUTUZOVSKY45.ru
01.01.2024;KUTUZOVSKY6.ru
01.01.2024;KUTUZOVSKY7.ru
01.01.2024;KUTUZOVSKY8.ru
01.01.2024;KUTUZOVSKY9.ru
01.01.2024;KUZMICHEV-WORK.ru
01.01.2024;KUZOVOVA.ru
01.01.2024;KVALOV.ru
01.01.2024;KVANT-BIO.ru
01.01.2024;KVANTPPC.ru
01.01.2024;KVCNN.ru
01.01.2024;KVETKINA.ru
01.01.2024;KVINETS.ru
01.01.2024;KVIZBOT.ru
01.01.2024;KVLR.ru
01.01.2024;KVOLCHEK.ru
01.01.2024;KVPA.ru
01.01.2024;KVSUTKI.ru
01.01.2024;KWNV.ru
01.01.2024;KXFD.ru
01.01.2024;KXMM.ru
01.01.2024;KXST.ru
01.01.2024;KY-TECH.ru
01.01.2024;KYCU.ru
01.01.2024;KYGU.ru
01.01.2024;KYLU.ru
01.01.2024;KYRGYZDAR.ru
01.01.2024;KYTIPORN.ru
01.01.2024;KYTOPORN.ru
01.01.2024;KYTPPORN.ru
01.01.2024;KYTTPORN.ru
01.01.2024;KYTUPORN.ru
01.01.2024;KYTYPORN.ru
01.01.2024;KYZU.ru
01.01.2024;KZFOM.ru
01.01.2024;KZNB.ru
01.01.2024;KZNR.ru
01.01.2024;KZNZ.ru
01.01.2024;KZRG.ru
01.01.2024;L-S-P.ru
01.01.2024;LA2ONIX.ru
01.01.2024;LAAE.ru
01.01.2024;LABSTRESS.ru
01.01.2024;LABUT.ru
01.01.2024;LACOLUX.ru
01.01.2024;LACREPE.ru
01.01.2024;LADIESFASHION.ru
01.01.2024;LADY-CKLUB.ru
01.01.2024;LADY-JAN.ru
01.01.2024;LAEA.ru
01.01.2024;LAEE.ru
01.01.2024;LAEI.ru
01.01.2024;LAEO.ru
01.01.2024;LAKEV.ru
01.01.2024;LALASH.ru
01.01.2024;LALM.ru
01.01.2024;LALN.ru
01.01.2024;LALOSH.ru
01.01.2024;LALR.ru
01.01.2024;LANBEK.ru
01.01.2024;LANEN.ru
01.01.2024;LANGOV.ru
01.01.2024;LAOE.ru
01.01.2024;LAPAKOVA.ru
01.01.2024;LAPMALOY.ru
01.01.2024;LAPTEVV.ru
01.01.2024;LARCHWOODSPB.ru
01.01.2024;LASCAR.ru
01.01.2024;LASERTREE.ru
01.01.2024;LASHARE001.ru
01.01.2024;LASHENKOV.ru
01.01.2024;LASHENKOVA.ru
01.01.2024;LASHENOV.ru
01.01.2024;LASHMIR.ru
01.01.2024;LATELLO.ru
01.01.2024;LATEXSEX.ru
01.01.2024;LATUHINA.ru
01.01.2024;LAVANDA5.ru
01.01.2024;LAVENDERHILL.ru
01.01.2024;LAVERZHE.ru
01.01.2024;LAVKOMAT.ru
01.01.2024;LAVRAKOVA.ru
01.01.2024;LAVRENKOVA.ru
01.01.2024;LAWSONS.ru
01.01.2024;LAXU.ru
01.01.2024;LAZERGRAVART.ru
01.01.2024;LAZERUM-MSK.ru
01.01.2024;LAZOTEL.ru
01.01.2024;LAZURNYNN.ru
01.01.2024;LAZYMMA.ru
01.01.2024;LBGG.ru
01.01.2024;LBHA.ru
01.01.2024;LBHG.ru
01.01.2024;LBKE.ru
01.01.2024;LBKH.ru
01.01.2024;LBRX.ru
01.01.2024;LBUR.ru
01.01.2024;LBVC.ru
01.01.2024;LCGG.ru
01.01.2024;LCKS.ru
01.01.2024;LCLG.ru
01.01.2024;LCRG.ru
01.01.2024;LCUC.ru
01.01.2024;LCUS.ru
01.01.2024;LDAD.ru
01.01.2024;LDAE.ru
01.01.2024;LDAI.ru
01.01.2024;LDAL.ru
01.01.2024;LDAN.ru
01.01.2024;LDAO.ru
01.01.2024;LDDA.ru
01.01.2024;LDDE.ru
01.01.2024;LDDI.ru
01.01.2024;LDDO.ru
01.01.2024;LDEA.ru
01.01.2024;LDED.ru
01.01.2024;LDEG.ru
01.01.2024;LDEI.ru
01.01.2024;LDEO.ru
01.01.2024;LDIA.ru
01.01.2024;LDID.ru
01.01.2024;LDIE.ru
01.01.2024;LDII.ru
01.01.2024;LDIL.ru
01.01.2024;LDIN.ru
01.01.2024;LDIO.ru
01.01.2024;LDLA.ru
01.01.2024;LDLE.ru
01.01.2024;LDLI.ru
01.01.2024;LDLL.ru
01.01.2024;LDLM.ru
01.01.2024;LDLO.ru
01.01.2024;LDLS.ru
01.01.2024;LDLT.ru
01.01.2024;LDMD.ru
01.01.2024;LDML.ru
01.01.2024;LDMM.ru
01.01.2024;LDNA.ru
01.01.2024;LDND.ru
01.01.2024;LDNE.ru
01.01.2024;LDNI.ru
01.01.2024;LDNL.ru
01.01.2024;LDNM.ru
01.01.2024;LDNN.ru
01.01.2024;LDNO.ru
01.01.2024;LDOA.ru
01.01.2024;LDOD.ru
01.01.2024;LDOI.ru
01.01.2024;LDOO.ru
01.01.2024;LDRD.ru
01.01.2024;LDRI.ru
01.01.2024;LDRL.ru
01.01.2024;LDRN.ru
01.01.2024;LDRO.ru
01.01.2024;LDRR.ru
01.01.2024;LDSD.ru
01.01.2024;LDSL.ru
01.01.2024;LDTL.ru
01.01.2024;LDTO.ru
01.01.2024;LDTT.ru
01.01.2024;LEAD-WAY.ru
01.01.2024;LEADDESK.ru
01.01.2024;LEADER-X.ru
01.01.2024;LEADERX.ru
01.01.2024;LEADGROW.ru
01.01.2024;LEADLEADER.ru
01.01.2024;LEADMARKT.ru
01.01.2024;LEAE.ru
01.01.2024;LEARNROOM.ru
01.01.2024;LEARNTODRAW.ru
01.01.2024;LEASA.ru
01.01.2024;LECG.ru
01.01.2024;LECUBE.ru
01.01.2024;LED3.ru
01.01.2024;LEEGREEN.ru
01.01.2024;LEGALCOMMUNITY.ru
01.01.2024;LEGALDIGEST.ru
01.01.2024;LEGIONSTEEL.ru
01.01.2024;LEKAPB.ru
01.01.2024;LEKAR39.ru
01.01.2024;LEKARSTVA-1.ru
01.01.2024;LEKARSTVA-X.ru
01.01.2024;LEKARSTVA1.ru
01.01.2024;LEKARSTVAX.ru
01.01.2024;LEKSANDAR.ru
01.01.2024;LELC.ru
01.01.2024;LELD.ru
01.01.2024;LELM.ru
01.01.2024;LELONG.ru
01.01.2024;LELR.ru
01.01.2024;LELT.ru
01.01.2024;LEML.ru
01.01.2024;LENOLA.ru
01.01.2024;LENPIL.ru
01.01.2024;LENROS.ru
01.01.2024;LEOGRANDPRIX.ru
01.01.2024;LEPG.ru
01.01.2024;LEPOV.ru
01.01.2024;LEPSHIKOVA.ru
01.01.2024;LERL.ru
01.01.2024;LERR.ru
01.01.2024;LESHEVA.ru
01.01.2024;LESNOI-SHALASH.ru
01.01.2024;LESTAVERTS.ru
01.01.2024;LETCHIKABABUSHKINA.ru
01.01.2024;LETEXTILE.ru
01.01.2024;LETFOR.ru
01.01.2024;LETIANPAI.ru
01.01.2024;LETSCHILL.ru
01.01.2024;LETSCRYPTO.ru
01.01.2024;LEUA.ru
01.01.2024;LEVG.ru
01.01.2024;LEVKIM.ru
01.01.2024;LEVSHENKOV.ru
01.01.2024;LEVSHONKOV.ru
01.01.2024;LEVTECH.ru
01.01.2024;LEXS9011.ru
01.01.2024;LFCG.ru
01.01.2024;LFGA.ru
01.01.2024;LFRG.ru
01.01.2024;LFUG.ru
01.01.2024;LGAA.ru
01.01.2024;LGDG.ru
01.01.2024;LGOG.ru
01.01.2024;LGSG.ru
01.01.2024;LHAB.ru
01.01.2024;LHBA.ru
01.01.2024;LHBG.ru
01.01.2024;LHCS.ru
01.01.2024;LHDS.ru
01.01.2024;LHES.ru
01.01.2024;LHHC.ru
01.01.2024;LHIS.ru
01.01.2024;LHLC.ru
01.01.2024;LHMG.ru
01.01.2024;LHSG.ru
01.01.2024;LIAE.ru
01.01.2024;LIBRACRYPTO.ru
01.01.2024;LIBRUSEK.ru
01.01.2024;LICHNYY.ru
01.01.2024;LIDER-PARKET.ru
01.01.2024;LIDER-POSAD.ru
01.01.2024;LIDER-VOROTA.ru
01.01.2024;LIDER-X.ru
01.01.2024;LIDERCRYPTO.ru
01.01.2024;LIDERNETA.ru
01.01.2024;LIDERPARKET.ru
01.01.2024;LIDG.ru
01.01.2024;LIEA.ru
01.01.2024;LIEI.ru
01.01.2024;LIFEISNOW.ru
01.01.2024;LIFELIB.ru
01.01.2024;LIFETIP.ru
01.01.2024;LIFLI.ru
01.01.2024;LIFLIAPP.ru
01.01.2024;LIGALEX.ru
01.01.2024;LIGHAUDIO.ru
01.01.2024;LIGHT-WEIGHT.ru
01.01.2024;LIGHTTV.ru
01.01.2024;LIIE.ru
01.01.2024;LIKEND.ru
01.01.2024;LIKKETA.ru
01.01.2024;LIKOLOR-NN.ru
01.01.2024;LIKVIDACIAY.ru
01.01.2024;LILR.ru
01.01.2024;LILUIREN.ru
01.01.2024;LIMAREVA.ru
01.01.2024;LINEAGETOP.ru
01.01.2024;LINGREEN.ru
01.01.2024;LINGUABRIDGE.ru
01.01.2024;LINKNI.ru
01.01.2024;LIOE.ru
01.01.2024;LIOG.ru
01.01.2024;LIONCAR.ru
01.01.2024;LIRL.ru
01.01.2024;LISABELLASKI.ru
01.01.2024;LISAGREEN.ru
01.01.2024;LITARD.ru
01.01.2024;LITTLECHILDBACK.ru
01.01.2024;LITTLEWAY.ru
01.01.2024;LIUG.ru
01.01.2024;LIVALL.ru
01.01.2024;LIVEBAZAAR.ru
01.01.2024;LIVENTALNAUCHIT.ru
01.01.2024;LIVGID.ru
01.01.2024;LKEC.ru
01.01.2024;LKHC.ru
01.01.2024;LKKR.ru
01.01.2024;LKNC.ru
01.01.2024;LKPG.ru
01.01.2024;LKRA.ru
01.01.2024;LKSA.ru
01.01.2024;LLAE.ru
01.01.2024;LLAO.ru
01.01.2024;LLDA.ru
01.01.2024;LLDL.ru
01.01.2024;LLDM.ru
01.01.2024;LLDN.ru
01.01.2024;LLDO.ru
01.01.2024;LLEA.ru
01.01.2024;LLFS.ru
01.01.2024;LLGA.ru
01.01.2024;LLGG.ru
01.01.2024;LLID.ru
01.01.2024;LLIE.ru
01.01.2024;LLIO.ru
01.01.2024;LLIR.ru
01.01.2024;LLKG.ru
01.01.2024;LLLN.ru
01.01.2024;LLMD.ru
01.01.2024;LLMG.ru
01.01.2024;LLML.ru
01.01.2024;LLMN.ru
01.01.2024;LLMR.ru
01.01.2024;LLMT.ru
01.01.2024;LLNA.ru
01.01.2024;LLNC.ru
01.01.2024;LLNE.ru
01.01.2024;LLNG.ru
01.01.2024;LLNI.ru
01.01.2024;LLNM.ru
01.01.2024;LLNO.ru
01.01.2024;LLNR.ru
01.01.2024;LLNT.ru
01.01.2024;LLOE.ru
01.01.2024;LLOI.ru
01.01.2024;LLOL.ru
01.01.2024;LLRA.ru
01.01.2024;LLRD.ru
01.01.2024;LLRE.ru
01.01.2024;LLRI.ru
01.01.2024;LLRL.ru
01.01.2024;LLRM.ru
01.01.2024;LLRN.ru
01.01.2024;LLRO.ru
01.01.2024;LLRT.ru
01.01.2024;LLSD.ru
01.01.2024;LLSE.ru
01.01.2024;LLSI.ru
01.01.2024;LLSL.ru
01.01.2024;LLSN.ru
01.01.2024;LLSO.ru
01.01.2024;LLTA.ru
01.01.2024;LLTE.ru
01.01.2024;LLTI.ru
01.01.2024;LLTN.ru
01.01.2024;LLTO.ru
01.01.2024;LLTR.ru
01.01.2024;LMAD.ru
01.01.2024;LMAE.ru
01.01.2024;LMAHINA.ru
01.01.2024;LMAL.ru
01.01.2024;LMBE.ru
01.01.2024;LMBS.ru
01.01.2024;LMCR.ru
01.01.2024;LMDD.ru
01.01.2024;LMDL.ru
01.01.2024;LMDR.ru
01.01.2024;LMEA.ru
01.01.2024;LMEE.ru
01.01.2024;LMEI.ru
01.01.2024;LMEL.ru
01.01.2024;LMEM.ru
01.01.2024;LMEO.ru
01.01.2024;LMGA.ru
01.01.2024;LMGG.ru
01.01.2024;LMII.ru
01.01.2024;LMIL.ru
01.01.2024;LMIM.ru
01.01.2024;LMLB.ru
01.01.2024;LMLD.ru
01.01.2024;LMLE.ru
01.01.2024;LMLI.ru
01.01.2024;LMLL.ru
01.01.2024;LMLN.ru
01.01.2024;LMLO.ru
01.01.2024;LMMA.ru
01.01.2024;LMME.ru
01.01.2024;LMMI.ru
01.01.2024;LMMM.ru
01.01.2024;LMMN.ru
01.01.2024;LMMR.ru
01.01.2024;LMNA.ru
01.01.2024;LMNE.ru
01.01.2024;LMNI.ru
01.01.2024;LMNL.ru
01.01.2024;LMNM.ru
01.01.2024;LMOA.ru
01.01.2024;LMOE.ru
01.01.2024;LMOI.ru
01.01.2024;LMOM.ru
01.01.2024;LMOO.ru
01.01.2024;LMRE.ru
01.01.2024;LMRI.ru
01.01.2024;LMRL.ru
01.01.2024;LMRM.ru
01.01.2024;LMRO.ru
01.01.2024;LMRT.ru
01.01.2024;LMSD.ru
01.01.2024;LMSL.ru
01.01.2024;LMSO.ru
01.01.2024;LMTL.ru
01.01.2024;LMTN.ru
01.01.2024;LMTT.ru
01.01.2024;LMUO.ru
01.01.2024;LMVA.ru
01.01.2024;LNAA.ru
01.01.2024;LNAD.ru
01.01.2024;LNAE.ru
01.01.2024;LNAI.ru
01.01.2024;LNAO.ru
01.01.2024;LNAR.ru
01.01.2024;LNBF.ru
01.01.2024;LNBR.ru
01.01.2024;LNBS.ru
01.01.2024;LNCG.ru
01.01.2024;LNDA.ru
01.01.2024;LNDD.ru
01.01.2024;LNDL.ru
01.01.2024;LNDM.ru
01.01.2024;LNDO.ru
01.01.2024;LNDT.ru
01.01.2024;LNEA.ru
01.01.2024;LNEE.ru
01.01.2024;LNEI.ru
01.01.2024;LNEL.ru
01.01.2024;LNEN.ru
01.01.2024;LNFS.ru
01.01.2024;LNIA.ru
01.01.2024;LNID.ru
01.01.2024;LNIE.ru
01.01.2024;LNII.ru
01.01.2024;LNIL.ru
01.01.2024;LNIM.ru
01.01.2024;LNIN.ru
01.01.2024;LNIO.ru
01.01.2024;LNIR.ru
01.01.2024;LNIS.ru
01.01.2024;LNLA.ru
01.01.2024;LNLD.ru
01.01.2024;LNLE.ru
01.01.2024;LNLI.ru
01.01.2024;LNLL.ru
01.01.2024;LNLO.ru
01.01.2024;LNLR.ru
01.01.2024;LNLS.ru
01.01.2024;LNMA.ru
01.01.2024;LNMD.ru
01.01.2024;LNMI.ru
01.01.2024;LNML.ru
01.01.2024;LNMR.ru
01.01.2024;LNMS.ru
01.01.2024;LNMT.ru
01.01.2024;LNNA.ru
01.01.2024;LNND.ru
01.01.2024;LNNE.ru
01.01.2024;LNNM.ru
01.01.2024;LNNN.ru
01.01.2024;LNNO.ru
01.01.2024;LNNR.ru
01.01.2024;LNNS.ru
01.01.2024;LNNT.ru
01.01.2024;LNOA.ru
01.01.2024;LNOD.ru
01.01.2024;LNOI.ru
01.01.2024;LNOL.ru
01.01.2024;LNON.ru
01.01.2024;LNOO.ru
01.01.2024;LNPA.ru
01.01.2024;LNRA.ru
01.01.2024;LNRE.ru
01.01.2024;LNRI.ru
01.01.2024;LNRL.ru
01.01.2024;LNRM.ru
01.01.2024;LNRN.ru
01.01.2024;LNRO.ru
01.01.2024;LNRR.ru
01.01.2024;LNRS.ru
01.01.2024;LNRT.ru
01.01.2024;LNSA.ru
01.01.2024;LNSD.ru
01.01.2024;LNSI.ru
01.01.2024;LNSL.ru
01.01.2024;LNSN.ru
01.01.2024;LNSR.ru
01.01.2024;LNTD.ru
01.01.2024;LNTE.ru
01.01.2024;LNTI.ru
01.01.2024;LNTL.ru
01.01.2024;LNTM.ru
01.01.2024;LNTN.ru
01.01.2024;LNTT.ru
01.01.2024;LOAE.ru
01.01.2024;LOAI.ru
01.01.2024;LOANDPRO.ru
01.01.2024;LOBG.ru
01.01.2024;LOBTSOV.ru
01.01.2024;LODD.ru
01.01.2024;LODN.ru
01.01.2024;LOEO.ru
01.01.2024;LOFAZO.ru
01.01.2024;LOFTREDSTAR2.ru
01.01.2024;LOGGERSHUT.ru
01.01.2024;LOGORITMICS.ru
01.01.2024;LOGUSEVA.ru
01.01.2024;LOHMAR.ru
01.01.2024;LOII.ru
01.01.2024;LOKIZO.ru
01.01.2024;LOKROV.ru
01.01.2024;LOLM.ru
01.01.2024;LOLWUT.ru
01.01.2024;LOMAUTO.ru
01.01.2024;LOMONOSOV-STEKLO.ru
01.01.2024;LONADELS.ru
01.01.2024;LONER-PROJECT.ru
01.01.2024;LONL.ru
01.01.2024;LOOKAI.ru
01.01.2024;LOPATO.ru
01.01.2024;LOPNEV.ru
01.01.2024;LOPUSHKOV.ru
01.01.2024;LOPUSHKOVA.ru
01.01.2024;LOSITAL.ru
01.01.2024;LOSL.ru
01.01.2024;LOSR.ru
01.01.2024;LOSSED.ru
01.01.2024;LOVEBOX68.ru
01.01.2024;LOVEDEV.ru
01.01.2024;LOVELYGREEN.ru
01.01.2024;LOVEYOURDANCE.ru
01.01.2024;LOVIRA.ru
01.01.2024;LOZGUNOVA.ru
01.01.2024;LPAA.ru
01.01.2024;LPBG.ru
01.01.2024;LPCA.ru
01.01.2024;LPCG.ru
01.01.2024;LPNC.ru
01.01.2024;LPNE.ru
01.01.2024;LPPR.ru
01.01.2024;LPSZ.ru
01.01.2024;LPTEST.ru
01.01.2024;LPUG.ru
01.01.2024;LPUS.ru
01.01.2024;LPVG.ru
01.01.2024;LQFP.ru
01.01.2024;LRAA.ru
01.01.2024;LRAL.ru
01.01.2024;LRAN.ru
01.01.2024;LRAO.ru
01.01.2024;LRAR.ru
01.01.2024;LRAT.ru
01.01.2024;LRBA.ru
01.01.2024;LRCA.ru
01.01.2024;LRCG.ru
01.01.2024;LRDA.ru
01.01.2024;LRDD.ru
01.01.2024;LRDE.ru
01.01.2024;LRDI.ru
01.01.2024;LRDL.ru
01.01.2024;LRDM.ru
01.01.2024;LRDN.ru
01.01.2024;LRDO.ru
01.01.2024;LRDR.ru
01.01.2024;LRDT.ru
01.01.2024;LREA.ru
01.01.2024;LREE.ru
01.01.2024;LREI.ru
01.01.2024;LREL.ru
01.01.2024;LREO.ru
01.01.2024;LRER.ru
01.01.2024;LRGG.ru
01.01.2024;LRHG.ru
01.01.2024;LRIA.ru
01.01.2024;LRIE.ru
01.01.2024;LRII.ru
01.01.2024;LRIL.ru
01.01.2024;LRIM.ru
01.01.2024;LRIR.ru
01.01.2024;LRLA.ru
01.01.2024;LRLD.ru
01.01.2024;LRLE.ru
01.01.2024;LRLI.ru
01.01.2024;LRLL.ru
01.01.2024;LRLM.ru
01.01.2024;LRLN.ru
01.01.2024;LRLO.ru
01.01.2024;LRLS.ru
01.01.2024;LRLT.ru
01.01.2024;LRMA.ru
01.01.2024;LRMD.ru
01.01.2024;LRME.ru
01.01.2024;LRMG.ru
01.01.2024;LRMI.ru
01.01.2024;LRML.ru
01.01.2024;LRMM.ru
01.01.2024;LRMN.ru
01.01.2024;LRMO.ru
01.01.2024;LRMR.ru
01.01.2024;LRNA.ru
01.01.2024;LRNE.ru
01.01.2024;LRNI.ru
01.01.2024;LRNL.ru
01.01.2024;LRNM.ru
01.01.2024;LRNN.ru
01.01.2024;LRNS.ru
01.01.2024;LRNT.ru
01.01.2024;LROA.ru
01.01.2024;LROE.ru
01.01.2024;LROI.ru
01.01.2024;LROR.ru
01.01.2024;LROT.ru
01.01.2024;LRPP.ru
01.01.2024;LRRA.ru
01.01.2024;LRRD.ru
01.01.2024;LRRE.ru
01.01.2024;LRRI.ru
01.01.2024;LRRL.ru
01.01.2024;LRRM.ru
01.01.2024;LRRN.ru
01.01.2024;LRRO.ru
01.01.2024;LRRR.ru
01.01.2024;LRRT.ru
01.01.2024;LRSG.ru
01.01.2024;LRSL.ru
01.01.2024;LRSO.ru
01.01.2024;LRSR.ru
01.01.2024;LRTD.ru
01.01.2024;LRTE.ru
01.01.2024;LRTL.ru
01.01.2024;LRTN.ru
01.01.2024;LRTO.ru
01.01.2024;LRTR.ru
01.01.2024;LRTT.ru
01.01.2024;LRUG.ru
01.01.2024;LRVC.ru
01.01.2024;LSAE.ru
01.01.2024;LSAF.ru
01.01.2024;LSCF.ru
01.01.2024;LSDG.ru
01.01.2024;LSDO.ru
01.01.2024;LSED.ru
01.01.2024;LSEL.ru
01.01.2024;LSIO.ru
01.01.2024;LSIR.ru
01.01.2024;LSLD.ru
01.01.2024;LSLE.ru
01.01.2024;LSLI.ru
01.01.2024;LSLL.ru
01.01.2024;LSLM.ru
01.01.2024;LSLN.ru
01.01.2024;LSLO.ru
01.01.2024;LSLR.ru
01.01.2024;LSLT.ru
01.01.2024;LSNA.ru
01.01.2024;LSND.ru
01.01.2024;LSNE.ru
01.01.2024;LSNI.ru
01.01.2024;LSNL.ru
01.01.2024;LSNN.ru
01.01.2024;LSNO.ru
01.01.2024;LSNR.ru
01.01.2024;LSNS.ru
01.01.2024;LSOA.ru
01.01.2024;LSOD.ru
01.01.2024;LSOE.ru
01.01.2024;LSOO.ru
01.01.2024;LSOR.ru
01.01.2024;LSRA.ru
01.01.2024;LSRD.ru
01.01.2024;LSSM.ru
01.01.2024;LSSN.ru
01.01.2024;LTAA.ru
01.01.2024;LTAD.ru
01.01.2024;LTAE.ru
01.01.2024;LTAI.ru
01.01.2024;LTAL.ru
01.01.2024;LTAM.ru
01.01.2024;LTAN.ru
01.01.2024;LTAO.ru
01.01.2024;LTBA.ru
01.01.2024;LTBU.ru
01.01.2024;LTDG.ru
01.01.2024;LTDI.ru
01.01.2024;LTDN.ru
01.01.2024;LTDO.ru
01.01.2024;LTDR.ru
01.01.2024;LTED.ru
01.01.2024;LTFA.ru
01.01.2024;LTGS.ru
01.01.2024;LTIA.ru
01.01.2024;LTID.ru
01.01.2024;LTIE.ru
01.01.2024;LTII.ru
01.01.2024;LTIL.ru
01.01.2024;LTIN.ru
01.01.2024;LTKC.ru
01.01.2024;LTLA.ru
01.01.2024;LTLD.ru
01.01.2024;LTLI.ru
01.01.2024;LTLM.ru
01.01.2024;LTLO.ru
01.01.2024;LTLR.ru
01.01.2024;LTLS.ru
01.01.2024;LTMD.ru
01.01.2024;LTMI.ru
01.01.2024;LTML.ru
01.01.2024;LTMM.ru
01.01.2024;LTMN.ru
01.01.2024;LTMT.ru
01.01.2024;LTNA.ru
01.01.2024;LTND.ru
01.01.2024;LTNE.ru
01.01.2024;LTNI.ru
01.01.2024;LTNL.ru
01.01.2024;LTNO.ru
01.01.2024;LTNT.ru
01.01.2024;LTOC.ru
01.01.2024;LTOD.ru
01.01.2024;LTOE.ru
01.01.2024;LTOI.ru
01.01.2024;LTOM.ru
01.01.2024;LTOO.ru
01.01.2024;LTOT.ru
01.01.2024;LTRE.ru
01.01.2024;LTRL.ru
01.01.2024;LTRO.ru
01.01.2024;LTRR.ru
01.01.2024;LTSL.ru
01.01.2024;LTTA.ru
01.01.2024;LTTD.ru
01.01.2024;LTTE.ru
01.01.2024;LTTI.ru
01.01.2024;LTTN.ru
01.01.2024;LUAA.ru
01.01.2024;LUBINOVA.ru
01.01.2024;LUCG.ru
01.01.2024;LUCKY-JET-1-WIN.ru
01.01.2024;LUCKYCHIP.ru
01.01.2024;LUFG.ru
01.01.2024;LUGC.ru
01.01.2024;LUHR.ru
01.01.2024;LUMAHOME.ru
01.01.2024;LUMIFOTO.ru
01.01.2024;LUNSHINA.ru
01.01.2024;LUOG.ru
01.01.2024;LUPAK.ru
01.01.2024;LUPEHINA.ru
01.01.2024;LUPUL.ru
01.01.2024;LUTSEV.ru
01.01.2024;LUX-1.ru
01.01.2024;LUX-CAPITAL.ru
01.01.2024;LUX-X.ru
01.01.2024;LUXE-1.ru
01.01.2024;LUXE-TECH.ru
01.01.2024;LUXE-X.ru
01.01.2024;LUXE1.ru
01.01.2024;LUXEPARKET.ru
01.01.2024;LUXETOP.ru
01.01.2024;LUXURYDESIGNER.ru
01.01.2024;LVBG.ru
01.01.2024;LVCE.ru
01.01.2024;LVCS.ru
01.01.2024;LVDA.ru
01.01.2024;LVDG.ru
01.01.2024;LVEC.ru
01.01.2024;LVEE.ru
01.01.2024;LVFA.ru
01.01.2024;LVFC.ru
01.01.2024;LVLE.ru
01.01.2024;LVLR.ru
01.01.2024;LVPR.ru
01.01.2024;LVRE.ru
01.01.2024;LVSG.ru
01.01.2024;LVVA.ru
01.01.2024;LXQT.ru
01.01.2024;LYKU.ru
01.01.2024;LYLU.ru
01.01.2024;LYMU.ru
01.01.2024;LYNX-IA.ru
01.01.2024;LYNXTECH.ru
01.01.2024;LYUBENKOV.ru
01.01.2024;LYVU.ru
01.01.2024;LZKM.ru
01.01.2024;M-DOSKA.ru
01.01.2024;M-EFFECT.ru
01.01.2024;M-HELP360.ru
01.01.2024;MACGREEN.ru
01.01.2024;MACHINETIME.ru
01.01.2024;MACROBOT.ru
01.01.2024;MADEPOSTER.ru
01.01.2024;MADISONGREEN.ru
01.01.2024;MAERLING.ru
01.01.2024;MAESTRO-PRAV.ru
01.01.2024;MAGAZIN-STROI.ru
01.01.2024;MAGAZIN-X.ru
01.01.2024;MAGICFLORAL.ru
01.01.2024;MAGICTRAIN.ru
01.01.2024;MAGICWIFI.ru
01.01.2024;MAGIYAOBRYADY.ru
01.01.2024;MAGMA-NNOV.ru
01.01.2024;MAGNA-NN.ru
01.01.2024;MAIDER.ru
01.01.2024;MAIL71.ru
01.01.2024;MAKA-GROUP.ru
01.01.2024;MAKAROVBLOG.ru
01.01.2024;MAKECLUB.ru
01.01.2024;MAKEFINANCE.ru
01.01.2024;MAKETY-DOMOV.ru
01.01.2024;MAKHOVSKIY-SITE.ru
01.01.2024;MAKSUROVA.ru
01.01.2024;MALAHAI.ru
01.01.2024;MALIBU-NSK.ru
01.01.2024;MALLBERRIES.ru
01.01.2024;MALOVATOVA.ru
01.01.2024;MALOVO.ru
01.01.2024;MALUEV.ru
01.01.2024;MAMASCLUB.ru
01.01.2024;MAMNEVA.ru
01.01.2024;MAMOV.ru
01.01.2024;MANCAMP.ru
01.01.2024;MANGOKING.ru
01.01.2024;MANIZER.ru
01.01.2024;MANOEV.ru
01.01.2024;MANSTICK.ru
01.01.2024;MANUALO.ru
01.01.2024;MANUHOVA.ru
01.01.2024;MAPMIND.ru
01.01.2024;MARAFONN.ru
01.01.2024;MARATZR.ru
01.01.2024;MARDASHOV.ru
01.01.2024;MARDONQ.ru
01.01.2024;MAREENKOVA.ru
01.01.2024;MARFICHEVA.ru
01.01.2024;MARGARITADYUMINA.ru
01.01.2024;MARIASMIRNOVA.ru
01.01.2024;MARIAXEL.ru
01.01.2024;MARINEBAY.ru
01.01.2024;MARKETIP.ru
01.01.2024;MARKO-DESIGN.ru
01.01.2024;MARMELA.ru
01.01.2024;MARMELADNOE.ru
01.01.2024;MARMELADOVO.ru
01.01.2024;MARSHISHKA.ru
01.01.2024;MARSHUBA.ru
01.01.2024;MASHA-IZNUTRI.ru
01.01.2024;MASLANN.ru
01.01.2024;MASLOVPR.ru
01.01.2024;MASRECODE.ru
01.01.2024;MASS-START.ru
01.01.2024;MASTERA-SANTH24EL.ru
01.01.2024;MASTERONLINESCHOOL.ru
01.01.2024;MASTERSKAYMARKETOLOGA.ru
01.01.2024;MATAX.ru
01.01.2024;MATRASOLOGY.ru
01.01.2024;MATTARELLO.ru
01.01.2024;MATUROVO.ru
01.01.2024;MATUSHKALIFE.ru
01.01.2024;MAX-SERIALY.ru
01.01.2024;MAXATIN.ru
01.01.2024;MAXIGRAF.ru
01.01.2024;MAXIMEPIHIN.ru
01.01.2024;MAXIMUSHKA.ru
01.01.2024;MAXPAD.ru
01.01.2024;MAXVELL.ru
01.01.2024;MAYLATOV.ru
01.01.2024;MAYSALES.ru
01.01.2024;MBBE.ru
01.01.2024;MBDF.ru
01.01.2024;MBKG.ru
01.01.2024;MBPG.ru
01.01.2024;MBXL.ru
01.01.2024;MCNR.ru
01.01.2024;MCTTV.ru
01.01.2024;MCVG.ru
01.01.2024;MDC-TELECOM.ru
01.01.2024;MDGG.ru
01.01.2024;MDLD.ru
01.01.2024;MDLI.ru
01.01.2024;MDLL.ru
01.01.2024;MDLO.ru
01.01.2024;MDNL.ru
01.01.2024;MDUG.ru
01.01.2024;ME-GO.ru
01.01.2024;MEAT-BALL.ru
01.01.2024;MEATPASTA.ru
01.01.2024;MEB-V.ru
01.01.2024;MEBELENOV.ru
01.01.2024;MECHANIC24.ru
01.01.2024;MECME.ru
01.01.2024;MEDBUN.ru
01.01.2024;MEDCLINICNN.ru
01.01.2024;MEDIALEKT.ru
01.01.2024;MEDIC-1.ru
01.01.2024;MEDIC-AL.ru
01.01.2024;MEDICALLICENSE.ru
01.01.2024;MEDICINEGARDEN.ru
01.01.2024;MEDIKA24.ru
01.01.2024;MEDIKURS.ru
01.01.2024;MEDISELF.ru
01.01.2024;MEDITATIONGUIDE.ru
01.01.2024;MEDITATIONN.ru
01.01.2024;MEDIUMCRAFT.ru
01.01.2024;MEDKLINIKA-NN.ru
01.01.2024;MEDKLINIKANN.ru
01.01.2024;MEDODELOV.ru
01.01.2024;MEDOSTROY.ru
01.01.2024;MEDVEZHANI.ru
01.01.2024;MEGAMARIN.ru
01.01.2024;MEGAMONASTERY.ru
01.01.2024;MEHOW.ru
01.01.2024;MEJR.ru
01.01.2024;MEJU.ru
01.01.2024;MEKASSA.ru
01.01.2024;MELKOS.ru
01.01.2024;MELNIKOVAN2020.ru
01.01.2024;MELOFONIK.ru
01.01.2024;MEMGODA.ru
01.01.2024;MENSECRETS.ru
01.01.2024;MENTALCHECK.ru
01.01.2024;MENZHUNOV.ru
01.01.2024;MEPABAME.ru
01.01.2024;MEQR.ru
01.01.2024;META-BOT.ru
01.01.2024;META-BRAIN.ru
01.01.2024;META-E.ru
01.01.2024;METAALLIANCE.ru
01.01.2024;METADEALS.ru
01.01.2024;METADNS.ru
01.01.2024;METAGALACTIC.ru
01.01.2024;METAGET.ru
01.01.2024;METAGLOBAL.ru
01.01.2024;METAHALL.ru
01.01.2024;METALINTERIOR.ru
01.01.2024;METALLOKARKASI.ru
01.01.2024;METALLOKOP.ru
01.01.2024;METALORA.ru
01.01.2024;METANEW.ru
01.01.2024;METAROCKET.ru
01.01.2024;METASLOT.ru
01.01.2024;METASONIC.ru
01.01.2024;METHOD-MARKETING.ru
01.01.2024;METHOD-MS.ru
01.01.2024;METROCARDS.ru
01.01.2024;MFFG.ru
01.01.2024;MFMA.ru
01.01.2024;MFNE.ru
01.01.2024;MFPE.ru
01.01.2024;MGAG.ru
01.01.2024;MGBA.ru
01.01.2024;MGBG.ru
01.01.2024;MGGA.ru
01.01.2024;MGHA.ru
01.01.2024;MGOG.ru
01.01.2024;MGRANINA.ru
01.01.2024;MGRG.ru
01.01.2024;MHDR.ru
01.01.2024;MHEA.ru
01.01.2024;MHEE.ru
01.01.2024;MHEG.ru
01.01.2024;MHHG.ru
01.01.2024;MHIA.ru
01.01.2024;MHLA.ru
01.01.2024;MHNS.ru
01.01.2024;MHOG.ru
01.01.2024;MHPL.ru
01.01.2024;MHRE.ru
01.01.2024;MHTA.ru
01.01.2024;MIASS-BAGIRA.ru
01.01.2024;MIBAO.ru
01.01.2024;MICALAND.ru
01.01.2024;MICAMA.ru
01.01.2024;MICROBIOMICS.ru
01.01.2024;MICROBULK.ru
01.01.2024;MICROCORP.ru
01.01.2024;MICROCRYPTO.ru
01.01.2024;MICROGREENER.ru
01.01.2024;MICROSKIN.ru
01.01.2024;MIG-SWITCH.ru
01.01.2024;MIGSWITCH.ru
01.01.2024;MIGTYRES.ru
01.01.2024;MIHALENKO.ru
01.01.2024;MIHIREVA.ru
01.01.2024;MIKMAN.ru
01.01.2024;MILCHEV-7.ru
01.01.2024;MILIUS.ru
01.01.2024;MILKDIGITAL.ru
01.01.2024;MILL-PARK.ru
01.01.2024;MILLIONDOLLAREXPERT.ru
01.01.2024;MILLISEC.ru
01.01.2024;MILLPOINT.ru
01.01.2024;MIN4TI.ru
01.01.2024;MINASE.ru
01.01.2024;MINDFULPATH.ru
01.01.2024;MINDPUMP.ru
01.01.2024;MINECRAFT-GAMEPLAYS.ru
01.01.2024;MINEQUE.ru
01.01.2024;MINERVA-IS.ru
01.01.2024;MINGIN.ru
01.01.2024;MINI-KURSI.ru
01.01.2024;MINIGREENS.ru
01.01.2024;MININGBASE.ru
01.01.2024;MININGNETWORK.ru
01.01.2024;MINLINK.ru
01.01.2024;MINTCLEANING.ru
01.01.2024;MINTGREEN.ru
01.01.2024;MINTMAGNET.ru
01.01.2024;MINTOPENERGO.ru
01.01.2024;MIQUISSE.ru
01.01.2024;MIR-CHARODEEV.ru
01.01.2024;MIR-MAGII.ru
01.01.2024;MIR-PROD.ru
01.01.2024;MIR-STOLOV.ru
01.01.2024;MIR-STROIKI.ru
01.01.2024;MIRAZHOVDMITRY.ru
01.01.2024;MIRJALYUZI.ru
01.01.2024;MIRKAMINI.ru
01.01.2024;MIRRA-COUPON.ru
01.01.2024;MIRRA-PROMOKOD.ru
01.01.2024;MIRROR24.ru
01.01.2024;MIS-KLIN.ru
01.01.2024;MISHARAPP.ru
01.01.2024;MISHIMALIZM.ru
01.01.2024;MISHNEVA.ru
01.01.2024;MISSBAR.ru
01.01.2024;MISTERSVIN.ru
01.01.2024;MITCLUB.ru
01.01.2024;MITINA9634.ru
01.01.2024;MK-ART.ru
01.01.2024;MKFA.ru
01.01.2024;MKFE.ru
01.01.2024;MKGREEN.ru
01.01.2024;MKHERTEK.ru
01.01.2024;MKORS-BAG.ru
01.01.2024;ML-BOATS.ru
01.01.2024;MLAE.ru
01.01.2024;MLAL.ru
01.01.2024;MLAO.ru
01.01.2024;MLCA.ru
01.01.2024;MLDD.ru
01.01.2024;MLDE.ru
01.01.2024;MLDO.ru
01.01.2024;MLDT.ru
01.01.2024;MLEA.ru
01.01.2024;MLEL.ru
01.01.2024;MLHS.ru
01.01.2024;MLIE.ru
01.01.2024;MLIL.ru
01.01.2024;MLIO.ru
01.01.2024;MLLD.ru
01.01.2024;MLLO.ru
01.01.2024;MLLT.ru
01.01.2024;MLMO.ru
01.01.2024;MLMR.ru
01.01.2024;MLNA.ru
01.01.2024;MLNC.ru
01.01.2024;MLNE.ru
01.01.2024;MLNI.ru
01.01.2024;MLNO.ru
01.01.2024;MLOA.ru
01.01.2024;MLOD.ru
01.01.2024;MLOE.ru
01.01.2024;MLOI.ru
01.01.2024;MLRA.ru
01.01.2024;MLRI.ru
01.01.2024;MLRL.ru
01.01.2024;MLRN.ru
01.01.2024;MLRR.ru
01.01.2024;MLTM.ru
01.01.2024;MMEG.ru
01.01.2024;MMIV.ru
01.01.2024;MMLD.ru
01.01.2024;MMLE.ru
01.01.2024;MMLN.ru
01.01.2024;MMLO.ru
01.01.2024;MMLR.ru
01.01.2024;MMNL.ru
01.01.2024;MNEL.ru
01.01.2024;MNIEV.ru
01.01.2024;MNLD.ru
01.01.2024;MNLE.ru
01.01.2024;MNLL.ru
01.01.2024;MNLM.ru
01.01.2024;MNLN.ru
01.01.2024;MNLO.ru
01.01.2024;MNLR.ru
01.01.2024;MNNC.ru
01.01.2024;MNNL.ru
01.01.2024;MNOL.ru
01.01.2024;MOBBIN.ru
01.01.2024;MOBI-MAG.ru
01.01.2024;MOBILEADMIN.ru
01.01.2024;MOBILEOFFERS.ru
01.01.2024;MOBILITYURBAN.ru
01.01.2024;MOBILNAYA-BANYA-V-SPB.ru
01.01.2024;MODA-ART.ru
01.01.2024;MODAPOINT.ru
01.01.2024;MODERN-HOME96.ru
01.01.2024;MODERNPC.ru
01.01.2024;MODNOE-SPB.ru
01.01.2024;MODULMOS.ru
01.01.2024;MOFLOW.ru
01.01.2024;MOKEE.ru
01.01.2024;MOKIEVA.ru
01.01.2024;MOKKS.ru
01.01.2024;MOKVELDM.ru
01.01.2024;MOLECCULA.ru
01.01.2024;MOLNIA777.ru
01.01.2024;MOLODPUTIN.ru
01.01.2024;MOLODYAEV.ru
01.01.2024;MOLOV.ru
01.01.2024;MOMENTALE.ru
01.01.2024;MOMJEANS.ru
01.01.2024;MOMQ.ru
01.01.2024;MONE-X.ru
01.01.2024;MONETADROP.ru
01.01.2024;MONETASHIP.ru
01.01.2024;MONEYRUFAST.ru
01.01.2024;MONEYUNIVERSE.ru
01.01.2024;MONKEYSEE.ru
01.01.2024;MONOFLOOR.ru
01.01.2024;MONOPOLIE.ru
01.01.2024;MONOPOLYSMM.ru
01.01.2024;MONOURETAN.ru
01.01.2024;MONTAZH-FALCEVOY-SPB.ru
01.01.2024;MOOLATRIKONA.ru
01.01.2024;MOONBEE.ru
01.01.2024;MOONSWING.ru
01.01.2024;MOQU.ru
01.01.2024;MORAES.ru
01.01.2024;MORE-GOOD.ru
01.01.2024;MORE-SPORTS.ru
01.01.2024;MORELACE.ru
01.01.2024;MORENS.ru
01.01.2024;MORIUM-GROUP.ru
01.01.2024;MORNE.ru
01.01.2024;MORSHAKOV.ru
01.01.2024;MORZHENKOV.ru
01.01.2024;MORZOV.ru
01.01.2024;MOS-KIT.ru
01.01.2024;MOSB2B.ru
01.01.2024;MOSCOW-2025.ru
01.01.2024;MOSCOW2025.ru
01.01.2024;MOSCVA-TIANYA.ru
01.01.2024;MOSEC.ru
01.01.2024;MOSHENKO.ru
01.01.2024;MOSHENKOV.ru
01.01.2024;MOSKOVINA.ru
01.01.2024;MOSOUTLET.ru
01.01.2024;MOSPRODEXPORT.ru
01.01.2024;MOSTBETMAX.ru
01.01.2024;MOTAYLO.ru
01.01.2024;MOTIVATIONUP.ru
01.01.2024;MOTOILNN.ru
01.01.2024;MOTOLUB.ru
01.01.2024;MOTOOIL-NN.ru
01.01.2024;MOTORCYCLETOURS.ru
01.01.2024;MOTORISTNN.ru
01.01.2024;MOTORS911.ru
01.01.2024;MOTORSERV.ru
01.01.2024;MOTORSLIFE.ru
01.01.2024;MOTREI.ru
01.01.2024;MOTSKII.ru
01.01.2024;MOURIER.ru
01.01.2024;MOVEINVEST.ru
01.01.2024;MOVIELIGHT.ru
01.01.2024;MOVIETODAY.ru
01.01.2024;MOVINGGROUP.ru
01.01.2024;MOVINGTO.ru
01.01.2024;MOYAMARKA.ru
01.01.2024;MOYAOKA.ru
01.01.2024;MP3SOS.ru
01.01.2024;MPERSO.ru
01.01.2024;MPFG.ru
01.01.2024;MPGE.ru
01.01.2024;MPHA.ru
01.01.2024;MPQA.ru
01.01.2024;MPRV.ru
01.01.2024;MPUE.ru
01.01.2024;MPWB.ru
01.01.2024;MR-STEKOLLI.ru
01.01.2024;MRCODE.ru
01.01.2024;MREFREM.ru
01.01.2024;MRFA.ru
01.01.2024;MRHAMYR.ru
01.01.2024;MRLE.ru
01.01.2024;MRLM.ru
01.01.2024;MRLO.ru
01.01.2024;MRLR.ru
01.01.2024;MRNL.ru
01.01.2024;MRRG.ru
01.01.2024;MRRL.ru
01.01.2024;MRTCNN.ru
01.01.2024;MSBSOFT.ru
01.01.2024;MSC-TIANYA.ru
01.01.2024;MSK-MUSIC64.ru
01.01.2024;MSK1-NEWS.ru
01.01.2024;MSK1-ZAIM.ru
01.01.2024;MSK1NEWS.ru
01.01.2024;MSLL.ru
01.01.2024;MSLR.ru
01.01.2024;MSRL.ru
01.01.2024;MSVIRSKAYA.ru
01.01.2024;MTBB.ru
01.01.2024;MTBG.ru
01.01.2024;MTFA.ru
01.01.2024;MTGL.ru
01.01.2024;MTHE.ru
01.01.2024;MTHG.ru
01.01.2024;MTKOIL.ru
01.01.2024;MTLO.ru
01.01.2024;MTVG.ru
01.01.2024;MUDG.ru
01.01.2024;MUGC.ru
01.01.2024;MUHG.ru
01.01.2024;MULTHIS.ru
01.01.2024;MUPG.ru
01.01.2024;MURMANFOOD.ru
01.01.2024;MUSEEV.ru
01.01.2024;MUSEUMDPO.ru
01.01.2024;MUSHROOMZ.ru
01.01.2024;MUSHTATOV.ru
01.01.2024;MUSIC-MAG.ru
01.01.2024;MUSICALOSCAR.ru
01.01.2024;MUSICFORME.ru
01.01.2024;MUSICOOL.ru
01.01.2024;MUSICTEKA.ru
01.01.2024;MUSIDEA.ru
01.01.2024;MUSOROVIVOZ.ru
01.01.2024;MUSTHAVEESSENS.ru
01.01.2024;MUTG.ru
01.01.2024;MUUC.ru
01.01.2024;MUXSYAN.ru
01.01.2024;MUZEUS.ru
01.01.2024;MUZYCHIN.ru
01.01.2024;MV-ORDERS.ru
01.01.2024;MV33.ru
01.01.2024;MVCG.ru
01.01.2024;MVDE.ru
01.01.2024;MVDG.ru
01.01.2024;MVFG.ru
01.01.2024;MVGA.ru
01.01.2024;MVHR.ru
01.01.2024;MVNC.ru
01.01.2024;MVOA.ru
01.01.2024;MVOS.ru
01.01.2024;MVRG.ru
01.01.2024;MVUC.ru
01.01.2024;MVUG.ru
01.01.2024;MXLS.ru
01.01.2024;MXNK.ru
01.01.2024;MY-BIRD.ru
01.01.2024;MY-DENTISTRY-SOV.ru
01.01.2024;MY-MAGNIT.ru
01.01.2024;MY-PERFUME.ru
01.01.2024;MY2025.ru
01.01.2024;MYAKONKOV.ru
01.01.2024;MYASONAZAKAZ.ru
01.01.2024;MYBEAUTYBRAND.ru
01.01.2024;MYCOLUX.ru
01.01.2024;MYCORPORATE.ru
01.01.2024;MYCU.ru
01.01.2024;MYDEARPET.ru
01.01.2024;MYDIRTYHOBBY.ru
01.01.2024;MYFEAR.ru
01.01.2024;MYFUNC.ru
01.01.2024;MYGREENBOX.ru
01.01.2024;MYGREENCAR.ru
01.01.2024;MYGREENCITY.ru
01.01.2024;MYHELPDESK.ru
01.01.2024;MYHYDRO.ru
01.01.2024;MYJW.ru
01.01.2024;MYMONEYBANK.ru
01.01.2024;MYOWNBOSS.ru
01.01.2024;MYRIVA.ru
01.01.2024;MYSORT.ru
01.01.2024;MYSPARES.ru
01.01.2024;MYSTERYMYSTERY.ru
01.01.2024;MYTOPS.ru
01.01.2024;MYXZ.ru
01.01.2024;MYYY.ru
01.01.2024;MYZAGORODOM.ru
01.01.2024;MYZL.ru
01.01.2024;MZ-ONLINE.ru
01.01.2024;MZMP.ru
01.01.2024;N-AGE.ru
01.01.2024;N-FT.ru
01.01.2024;N-GENERATION.ru
01.01.2024;NA-ZABOY.ru
01.01.2024;NAARA.ru
01.01.2024;NABOICHENKO.ru
01.01.2024;NADEJDASUPER.ru
01.01.2024;NADOSUSHI.ru
01.01.2024;NADZELENOVA.ru
01.01.2024;NAGDALYAN.ru
01.01.2024;NAGIBATORPWNZ.ru
01.01.2024;NAHF.ru
01.01.2024;NAILED-IT.ru
01.01.2024;NAILSECRETS.ru
01.01.2024;NAKOPIDENGI.ru
01.01.2024;NAL-ARENDA.ru
01.01.2024;NALARENDA.ru
01.01.2024;NALMANGAL.ru
01.01.2024;NAME-DELUXE.ru
01.01.2024;NAMERENAT.ru
01.01.2024;NANL.ru
01.01.2024;NAPALI.ru
01.01.2024;NARDOV.ru
01.01.2024;NARVID.ru
01.01.2024;NASHA-PAMYAT.ru
01.01.2024;NASLEDSTVO-FEMIDA.ru
01.01.2024;NASTIGLLO.ru
01.01.2024;NATALI-TOUR.ru
01.01.2024;NATALIBABAEVA.ru
01.01.2024;NATAPRESS.ru
01.01.2024;NATURAPETS.ru
01.01.2024;NAVETKE.ru
01.01.2024;NAZHIMOV.ru
01.01.2024;NBAE.ru
01.01.2024;NBDR.ru
01.01.2024;NBFE.ru
01.01.2024;NBGG.ru
01.01.2024;NBHG.ru
01.01.2024;NBHR.ru
01.01.2024;NBIE.ru
01.01.2024;NBLE.ru
01.01.2024;NBNG.ru
01.01.2024;NBOA.ru
01.01.2024;NBPG.ru
01.01.2024;NBPOLEVAYA.ru
01.01.2024;NCBE.ru
01.01.2024;NCDE.ru
01.01.2024;NCFL.ru
01.01.2024;NCGA.ru
01.01.2024;ND-DESIGN.ru
01.01.2024;NDDL.ru
01.01.2024;NDHC.ru
01.01.2024;NDIL.ru
01.01.2024;NDLL.ru
01.01.2024;NDLM.ru
01.01.2024;NDLN.ru
01.01.2024;NDLO.ru
01.01.2024;NDNL.ru
01.01.2024;NDOL.ru
01.01.2024;NDOVGAJA.ru
01.01.2024;NDPE.ru
01.01.2024;NECOSOFT.ru
01.01.2024;NEDESIGNER.ru
01.01.2024;NEDVIGIMOSTI.ru
01.01.2024;NEFTEMASHSTROI.ru
01.01.2024;NEFTEMASHSTROY.ru
01.01.2024;NEGANEWS.ru
01.01.2024;NEGINSKY-BURO.ru
01.01.2024;NEGLER.ru
01.01.2024;NEHR.ru
01.01.2024;NEJS.ru
01.01.2024;NEJU.ru
01.01.2024;NELG.ru
01.01.2024;NELN.ru
01.01.2024;NELR.ru
01.01.2024;NEMANA.ru
01.01.2024;NENDIN.ru
01.01.2024;NEOLURK.ru
01.01.2024;NEOMINE.ru
01.01.2024;NEONBRAND.ru
01.01.2024;NEONGREEN.ru
01.01.2024;NEONSMOKE.ru
01.01.2024;NEOPREPARAT.ru
01.01.2024;NEPOSEDANN.ru
01.01.2024;NEPOT.ru
01.01.2024;NEPRIK.ru
01.01.2024;NEPROPAL.ru
01.01.2024;NERETHANO.ru
01.01.2024;NET-WORKING.ru
01.01.2024;NETES.ru
01.01.2024;NETHATRIHEG.ru
01.01.2024;NETHELIOS.ru
01.01.2024;NETPEDIA.ru
01.01.2024;NETSCALE.ru
01.01.2024;NEUI.ru
01.01.2024;NEUROFOODS.ru
01.01.2024;NEVAHUB.ru
01.01.2024;NEW-INVESTOR.ru
01.01.2024;NEW-YEAR-TICKET.ru
01.01.2024;NEWCARPET.ru
01.01.2024;NEWDEX.ru
01.01.2024;NEWSLIV.ru
01.01.2024;NEWSOUTH.ru
01.01.2024;NEWSSTARS.ru
01.01.2024;NEWTILDA.ru
01.01.2024;NEWVPS.ru
01.01.2024;NEWYEARS-M.ru
01.01.2024;NEXTBLOCK.ru
01.01.2024;NEXTKUNU.ru
01.01.2024;NEXUSBANK.ru
01.01.2024;NFBG.ru
01.01.2024;NFEEL.ru
01.01.2024;NFFA.ru
01.01.2024;NFHS.ru
01.01.2024;NFNS.ru
01.01.2024;NFRU.ru
01.01.2024;NFTBROKER.ru
01.01.2024;NFTEXCHANGE.ru
01.01.2024;NFTTRADER.ru
01.01.2024;NG2025.ru
01.01.2024;NGGAZETA.ru
01.01.2024;NGGG.ru
01.01.2024;NGGS.ru
01.01.2024;NGKF.ru
01.01.2024;NGNS.ru
01.01.2024;NGOL.ru
01.01.2024;NGPG.ru
01.01.2024;NGUE.ru
01.01.2024;NGVS.ru
01.01.2024;NHAR.ru
01.01.2024;NHCE.ru
01.01.2024;NHIE.ru
01.01.2024;NHNC.ru
01.01.2024;NHOE.ru
01.01.2024;NHRE.ru
01.01.2024;NHRG.ru
01.01.2024;NHSE.ru
01.01.2024;NHVC.ru
01.01.2024;NI-COLL.ru
01.01.2024;NIBEK.ru
01.01.2024;NIBURG.ru
01.01.2024;NIDG.ru
01.01.2024;NIEPCE.ru
01.01.2024;NIESE.ru
01.01.2024;NIFANT.ru
01.01.2024;NIGERIAN.ru
01.01.2024;NIGHT-NEWS.ru
01.01.2024;NIGROV.ru
01.01.2024;NIJU.ru
01.01.2024;NIKAIDO.ru
01.01.2024;NIKNAYDEM.ru
01.01.2024;NIKSOLOVEV.ru
01.01.2024;NIKVIL.ru
01.01.2024;NIML.ru
01.01.2024;NINFEST.ru
01.01.2024;NINIEV.ru
01.01.2024;NINJA-PC.ru
01.01.2024;NINL.ru
01.01.2024;NIOTON.ru
01.01.2024;NIPLIN.ru
01.01.2024;NIPPA.ru
01.01.2024;NIROD.ru
01.01.2024;NISHAGUNAZAD.ru
01.01.2024;NISOV.ru
01.01.2024;NISSOV.ru
01.01.2024;NITCHE.ru
01.01.2024;NITG.ru
01.01.2024;NIUA.ru
01.01.2024;NIYAZOVA.ru
01.01.2024;NIZIEVA.ru
01.01.2024;NJECT.ru
01.01.2024;NK-UCOZ.ru
01.01.2024;NKCF.ru
01.01.2024;NKFC.ru
01.01.2024;NKKS.ru
01.01.2024;NKUC.ru
01.01.2024;NLAA.ru
01.01.2024;NLAE.ru
01.01.2024;NLAM.ru
01.01.2024;NLAO.ru
01.01.2024;NLAT.ru
01.01.2024;NLCL.ru
01.01.2024;NLDE.ru
01.01.2024;NLDL.ru
01.01.2024;NLDM.ru
01.01.2024;NLDN.ru
01.01.2024;NLDR.ru
01.01.2024;NLDS.ru
01.01.2024;NLDT.ru
01.01.2024;NLEI.ru
01.01.2024;NLEM.ru
01.01.2024;NLEN.ru
01.01.2024;NLER.ru
01.01.2024;NLEY.ru
01.01.2024;NLIE.ru
01.01.2024;NLII.ru
01.01.2024;NLIL.ru
01.01.2024;NLIM.ru
01.01.2024;NLIO.ru
01.01.2024;NLIR.ru
01.01.2024;NLLA.ru
01.01.2024;NLLD.ru
01.01.2024;NLLE.ru
01.01.2024;NLLI.ru
01.01.2024;NLLR.ru
01.01.2024;NLLS.ru
01.01.2024;NLLT.ru
01.01.2024;NLMA.ru
01.01.2024;NLME.ru
01.01.2024;NLMI.ru
01.01.2024;NLML.ru
01.01.2024;NLMM.ru
01.01.2024;NLMN.ru
01.01.2024;NLMO.ru
01.01.2024;NLMR.ru
01.01.2024;NLNA.ru
01.01.2024;NLND.ru
01.01.2024;NLNE.ru
01.01.2024;NLNI.ru
01.01.2024;NLNO.ru
01.01.2024;NLNS.ru
01.01.2024;NLNT.ru
01.01.2024;NLOA.ru
01.01.2024;NLOC.ru
01.01.2024;NLOD.ru
01.01.2024;NLOE.ru
01.01.2024;NLOI.ru
01.01.2024;NLOL.ru
01.01.2024;NLON.ru
01.01.2024;NLOR.ru
01.01.2024;NLRA.ru
01.01.2024;NLRI.ru
01.01.2024;NLRM.ru
01.01.2024;NLRN.ru
01.01.2024;NLRT.ru
01.01.2024;NLSD.ru
01.01.2024;NLSE.ru
01.01.2024;NLSL.ru
01.01.2024;NLSO.ru
01.01.2024;NLSR.ru
01.01.2024;NLTA.ru
01.01.2024;NLTL.ru
01.01.2024;NLTN.ru
01.01.2024;NLTT.ru
01.01.2024;NMAL.ru
01.01.2024;NMBE.ru
01.01.2024;NMCYAROSLAVL.ru
01.01.2024;NMDL.ru
01.01.2024;NMGS.ru
01.01.2024;NMLA.ru
01.01.2024;NMLD.ru
01.01.2024;NMLE.ru
01.01.2024;NMLI.ru
01.01.2024;NMLL.ru
01.01.2024;NMLM.ru
01.01.2024;NMLN.ru
01.01.2024;NMLO.ru
01.01.2024;NMLR.ru
01.01.2024;NMLT.ru
01.01.2024;NMMG.ru
01.01.2024;NMML.ru
01.01.2024;NMNL.ru
01.01.2024;NMRL.ru
01.01.2024;NMTL.ru
01.01.2024;NN-DOSTAVKA.ru
01.01.2024;NN-HOST.ru
01.01.2024;NN-KIDS.ru
01.01.2024;NN-VAG.ru
01.01.2024;NNAVTO.ru
01.01.2024;NNBTI.ru
01.01.2024;NNDOSTAVKA.ru
01.01.2024;NNESTATE.ru
01.01.2024;NNFA.ru
01.01.2024;NNFG.ru
01.01.2024;NNGI.ru
01.01.2024;NNHG.ru
01.01.2024;NNIG.ru
01.01.2024;NNIL.ru
01.01.2024;NNKIDS.ru
01.01.2024;NNLA.ru
01.01.2024;NNLD.ru
01.01.2024;NNLE.ru
01.01.2024;NNLI.ru
01.01.2024;NNLM.ru
01.01.2024;NNLN.ru
01.01.2024;NNLO.ru
01.01.2024;NNLR.ru
01.01.2024;NNLS.ru
01.01.2024;NNLT.ru
01.01.2024;NNMASTERCLASS.ru
01.01.2024;NNNL.ru
01.01.2024;NNNU.ru
01.01.2024;NNVAG.ru
01.01.2024;NO-FACE.ru
01.01.2024;NOHS.ru
01.01.2024;NOJU.ru
01.01.2024;NOM24INFO.ru
01.01.2024;NORDIC-LIFE.ru
01.01.2024;NORTIREW23.ru
01.01.2024;NORTSOV.ru
01.01.2024;NORTSOVA.ru
01.01.2024;NOTARYDUBOVIK.ru
01.01.2024;NOVIKOVI050707.ru
01.01.2024;NOVMED-DENTAL.ru
01.01.2024;NOVOHOLD.ru
01.01.2024;NOVOLIP.ru
01.01.2024;NOVOSILISH.ru
01.01.2024;NOVTEHHOST.ru
01.01.2024;NOXIK.ru
01.01.2024;NOZHEV.ru
01.01.2024;NP-VP.ru
01.01.2024;NPDRSF.ru
01.01.2024;NPNC.ru
01.01.2024;NPP-ESKM.ru
01.01.2024;NPP-KOMPOSIT.ru
01.01.2024;NPRAMS.ru
01.01.2024;NRAL.ru
01.01.2024;NRBG.ru
01.01.2024;NRDL.ru
01.01.2024;NRIL.ru
01.01.2024;NRLA.ru
01.01.2024;NRLD.ru
01.01.2024;NRLE.ru
01.01.2024;NRLL.ru
01.01.2024;NRLM.ru
01.01.2024;NRLN.ru
01.01.2024;NRLO.ru
01.01.2024;NRLR.ru
01.01.2024;NRLS.ru
01.01.2024;NRLT.ru
01.01.2024;NRNC.ru
01.01.2024;NRNL.ru
01.01.2024;NRRL.ru
01.01.2024;NRTL.ru
01.01.2024;NSHV.ru
01.01.2024;NSK-HOLAPC.ru
01.01.2024;NSK-ONLINE.ru
01.01.2024;NSLE.ru
01.01.2024;NSLI.ru
01.01.2024;NSLM.ru
01.01.2024;NSLN.ru
01.01.2024;NSLO.ru
01.01.2024;NSLR.ru
01.01.2024;NSUKACHEV.ru
01.01.2024;NTEY.ru
01.01.2024;NTLL.ru
01.01.2024;NTLR.ru
01.01.2024;NTUNN.ru
01.01.2024;NTXK.ru
01.01.2024;NUBG.ru
01.01.2024;NUEC.ru
01.01.2024;NUGA5ELEMENT.ru
01.01.2024;NUIG.ru
01.01.2024;NUKEFUEL.ru
01.01.2024;NUMEROTEKA.ru
01.01.2024;NUREEV-1.ru
01.01.2024;NURMEDICAL.ru
01.01.2024;NUSG.ru
01.01.2024;NUTME.ru
01.01.2024;NUTRIGREEN.ru
01.01.2024;NUTRIMIN.ru
01.01.2024;NVAA.ru
01.01.2024;NVBA.ru
01.01.2024;NVHC.ru
01.01.2024;NVIPCLOTH.ru
01.01.2024;NVNA.ru
01.01.2024;NVRA.ru
01.01.2024;NVTA.ru
01.01.2024;NVVA.ru
01.01.2024;NWGU.ru
01.01.2024;NWSITY.ru
01.01.2024;NXAUTO.ru
01.01.2024;NY2025.ru
01.01.2024;NYAMKISES.ru
01.01.2024;NYBL.ru
01.01.2024;NYGU.ru
01.01.2024;NYLU.ru
01.01.2024;NYMAIL.ru
01.01.2024;OA102.ru
01.01.2024;OAAC.ru
01.01.2024;OAAL.ru
01.01.2024;OACA.ru
01.01.2024;OADL.ru
01.01.2024;OAEL.ru
01.01.2024;OAGR.ru
01.01.2024;OAHC.ru
01.01.2024;OAKC.ru
01.01.2024;OALD.ru
01.01.2024;OALN.ru
01.01.2024;OALR.ru
01.01.2024;OALU.ru
01.01.2024;OAML.ru
01.01.2024;OANL.ru
01.01.2024;OAOL.ru
01.01.2024;OARL.ru
01.01.2024;OASL.ru
01.01.2024;OATL.ru
01.01.2024;OBAA.ru
01.01.2024;OBEREGLOVE.ru
01.01.2024;OBIEDINENIE.ru
01.01.2024;OBIER.ru
01.01.2024;OBLOMOV2076.ru
01.01.2024;OBMENCENTR.ru
01.01.2024;OBOLSHOVA.ru
01.01.2024;OBPC.ru
01.01.2024;OBSTROI.ru
01.01.2024;OBUHOVTD.ru
01.01.2024;OBUNACHI.ru
01.01.2024;OCGA.ru
01.01.2024;OCHELARI.ru
01.01.2024;OCLG.ru
01.01.2024;OCOA.ru
01.01.2024;OCPG.ru
01.01.2024;OCSL.ru
01.01.2024;OCUA.ru
01.01.2024;ODDL.ru
01.01.2024;ODDU.ru
01.01.2024;ODESSA24.ru
01.01.2024;ODHS.ru
01.01.2024;ODIN-SB.ru
01.01.2024;ODKC.ru
01.01.2024;ODKD.ru
01.01.2024;ODLD.ru
01.01.2024;ODLL.ru
01.01.2024;ODLM.ru
01.01.2024;ODLN.ru
01.01.2024;ODLT.ru
01.01.2024;ODNC.ru
01.01.2024;ODNL.ru
01.01.2024;ODRIN.ru
01.01.2024;ODRL.ru
01.01.2024;ODTL.ru
01.01.2024;ODVC.ru
01.01.2024;OECG.ru
01.01.2024;OEFG.ru
01.01.2024;OEGS.ru
01.01.2024;OEIC.ru
01.01.2024;OEIG.ru
01.01.2024;OEKG.ru
01.01.2024;OELS.ru
01.01.2024;OEOC.ru
01.01.2024;OFAA.ru
01.01.2024;OFBA.ru
01.01.2024;OFD-ORD1370.ru
01.01.2024;OFD-ORD6335.ru
01.01.2024;OFD-ORD7963.ru
01.01.2024;OFD-ORD9319.ru
01.01.2024;OFD1899.ru
01.01.2024;OFD2460.ru
01.01.2024;OFD6938.ru
01.01.2024;OFFEROK.ru
01.01.2024;OFFG.ru
01.01.2024;OFFICE-ZOTOV.ru
01.01.2024;OFFICEKATALOG.ru
01.01.2024;OFHA.ru
01.01.2024;OFKH.ru
01.01.2024;OFPA.ru
01.01.2024;OFSF.ru
01.01.2024;OGAEV.ru
01.01.2024;OGDD.ru
01.01.2024;OGFM.ru
01.01.2024;OGHS.ru
01.01.2024;OGRR.ru
01.01.2024;OHBG.ru
01.01.2024;OHCE.ru
01.01.2024;OHDE.ru
01.01.2024;OHGA.ru
01.01.2024;OHGG.ru
01.01.2024;OHGS.ru
01.01.2024;OHHC.ru
01.01.2024;OHIC.ru
01.01.2024;OHKC.ru
01.01.2024;OHOL.ru
01.01.2024;OHOTSKAYA.ru
01.01.2024;OHRE.ru
01.01.2024;OIAG.ru
01.01.2024;OICA.ru
01.01.2024;OICR.ru
01.01.2024;OICU.ru
01.01.2024;OIFC.ru
01.01.2024;OIGU.ru
01.01.2024;OIIC.ru
01.01.2024;OILMAIL.ru
01.01.2024;OINU.ru
01.01.2024;OIZU.ru
01.01.2024;OK-CEMENT.ru
01.01.2024;OK-KAMIN.ru
01.01.2024;OK-PARKET.ru
01.01.2024;OK-PEREVOZKA.ru
01.01.2024;OK-PEREVOZKI.ru
01.01.2024;OKCEMENT.ru
01.01.2024;OKIBI.ru
01.01.2024;OKKAMIN.ru
01.01.2024;OKKOMFORT.ru
01.01.2024;OKNA-TURBO-PAGE-44524.ru
01.01.2024;OKNAYG.ru
01.01.2024;OKNG.ru
01.01.2024;OKNOTON.ru
01.01.2024;OKOMOVA.ru
01.01.2024;OKOSHKINO-TURBO-PAGE-44524.ru
01.01.2024;OKPARKET.ru
01.01.2024;OKPEREVOZKA.ru
01.01.2024;OKPEREVOZKI.ru
01.01.2024;OKWELLNESS.ru
01.01.2024;OLBB.ru
01.01.2024;OLESYAKARZA.ru
01.01.2024;OLGA-TRUSHINA.ru
01.01.2024;OLGAFOTOSTIL.ru
01.01.2024;OLHC.ru
01.01.2024;OLIMPIECNN.ru
01.01.2024;OLKA1.ru
01.01.2024;OLKORN.ru
01.01.2024;OLLTIME.ru
01.01.2024;OLNC.ru
01.01.2024;OLOVOLINE.ru
01.01.2024;OLSG.ru
01.01.2024;OLVC.ru
01.01.2024;OLYMPTOP.ru
01.01.2024;OLYZE.ru
01.01.2024;OMEGAURAL.ru
01.01.2024;OMELAEVA.ru
01.01.2024;OMML.ru
01.01.2024;OMMU.ru
01.01.2024;OMNICHECK.ru
01.01.2024;OMNIMAN.ru
01.01.2024;OMS2111.ru
01.01.2024;OMSTORY.ru
01.01.2024;OMXX.ru
01.01.2024;ONDAKO.ru
01.01.2024;ONEAGENT.ru
01.01.2024;ONEENGLISH.ru
01.01.2024;ONEWARRIOR-STUDIO.ru
01.01.2024;ONHC.ru
01.01.2024;ONKOLOG-MED.ru
01.01.2024;ONKOLOGMED.ru
01.01.2024;ONLINE-FACTORY.ru
01.01.2024;ONLINE-MEETING.ru
01.01.2024;ONLINE-OFFER.ru
01.01.2024;ONLINE-SBIS.ru
01.01.2024;ONLINE-VOROTA.ru
01.01.2024;ONLINENBA.ru
01.01.2024;ONLINEONLY.ru
01.01.2024;ONLINEVOROTA.ru
01.01.2024;ONLY-U.ru
01.01.2024;ONLYTRUE.ru
01.01.2024;ONNK.ru
01.01.2024;ONRETAIL.ru
01.01.2024;ONSARATOV.ru
01.01.2024;ONSCARLETT.ru
01.01.2024;ONTOMAP.ru
01.01.2024;ONTRADERS.ru
01.01.2024;ONUE.ru
01.01.2024;OOEG.ru
01.01.2024;OOGU.ru
01.01.2024;OOOGG.ru
01.01.2024;OOOMEDTEHNIKA.ru
01.01.2024;OOOMERS.ru
01.01.2024;OOORPD.ru
01.01.2024;OOSG.ru
01.01.2024;OPALUBKA-KRASNODAR.ru
01.01.2024;OPALUBKA-NOVOSIB.ru
01.01.2024;OPALUBKA-ROSTOV.ru
01.01.2024;OPALUBKA-SPB78.ru
01.01.2024;OPCW.ru
01.01.2024;OPENLIMIT.ru
01.01.2024;OPENPAGES.ru
01.01.2024;OPENPAYMENTS.ru
01.01.2024;OPENTITAN.ru
01.01.2024;OPETRENKO.ru
01.01.2024;OPGA.ru
01.01.2024;OPLATA7476.ru
01.01.2024;OPLATA7477.ru
01.01.2024;OPLAUBKA-PITER.ru
01.01.2024;OPTELLA.ru
01.01.2024;OPTIMIZATSIYASAYTOV.ru
01.01.2024;OPTMACH.ru
01.01.2024;OPTO-MIR.ru
01.01.2024;OPTREST.ru
01.01.2024;OPTWIIL.ru
01.01.2024;OPUA.ru
01.01.2024;ORBIS-MOTO.ru
01.01.2024;ORD-24828.ru
01.01.2024;ORDER-1315.ru
01.01.2024;ORDER-4615.ru
01.01.2024;ORDER-7154.ru
01.01.2024;ORDER8262.ru
01.01.2024;OREHOVOE.ru
01.01.2024;ORGANISERS.ru
01.01.2024;ORIENT34.ru
01.01.2024;ORTHOMEDICS.ru
01.01.2024;ORTHOMOLPRO.ru
01.01.2024;ORTUSLIGHTING.ru
01.01.2024;ORVID.ru
01.01.2024;ORZHUKOV.ru
01.01.2024;OSAVPN.ru
01.01.2024;OSCARTEX.ru
01.01.2024;OSHUTOV.ru
01.01.2024;OSIKOVA.ru
01.01.2024;OSKARTOYS.ru
01.01.2024;OSUA.ru
01.01.2024;OTACADEMY.ru
01.01.2024;OTCG.ru
01.01.2024;OTEL-PARTNER.ru
01.01.2024;OTGC.ru
01.01.2024;OTHC.ru
01.01.2024;OTIRO.ru
01.01.2024;OTK-STONE.ru
01.01.2024;OTKATVOROTA.ru
01.01.2024;OTNOSHENIA-INFO.ru
01.01.2024;OTOPLENIEELEKTRO.ru
01.01.2024;OTPAPILLOM.ru
01.01.2024;OTROHOV.ru
01.01.2024;OTROKI.ru
01.01.2024;OTZW.ru
01.01.2024;OUBA.ru
01.01.2024;OUFC.ru
01.01.2024;OUGU.ru
01.01.2024;OUHE.ru
01.01.2024;OUHG.ru
01.01.2024;OUKU.ru
01.01.2024;OUMU.ru
01.01.2024;OUMY.ru
01.01.2024;OUPA.ru
01.01.2024;OURBAN.ru
01.01.2024;OUTDOCS.ru
01.01.2024;OUTDOORPARTNER.ru
01.01.2024;OWN-BUSINESS.ru
01.01.2024;OXGU.ru
01.01.2024;OXONOS.ru
01.01.2024;OYLU.ru
01.01.2024;OYYS.ru
01.01.2024;OZBEKLAR.ru
01.01.2024;OZERODOLGOE.ru
01.01.2024;OZHEREDOV.ru
01.01.2024;OZICORP.ru
01.01.2024;OZONSTORE.ru
01.01.2024;PADMAYOGA.ru
01.01.2024;PADUR.ru
01.01.2024;PAGNUEVA.ru
01.01.2024;PAIDISTUDIO.ru
01.01.2024;PAINSTATION.ru
01.01.2024;PAINTBALLSPEKTR.ru
01.01.2024;PAKIPAK.ru
01.01.2024;PAKIPAKI.ru
01.01.2024;PAKOSH.ru
01.01.2024;PALEOECO.ru
01.01.2024;PALIEVA.ru
01.01.2024;PALMIRATUR.ru
01.01.2024;PAMPERS24.ru
01.01.2024;PANCOOK.ru
01.01.2024;PANDAMO.ru
01.01.2024;PAPAGAYO.ru
01.01.2024;PAPAINVEST.ru
01.01.2024;PAPERWALL.ru
01.01.2024;PARENTACADEMY.ru
01.01.2024;PARISPARIS.ru
01.01.2024;PARKET-DELUXE.ru
01.01.2024;PARKET-PARTNER.ru
01.01.2024;PARKET-X.ru
01.01.2024;PARKETDELUXE.ru
01.01.2024;PARKETPARTNER.ru
01.01.2024;PARORASPREDELITEL.ru
01.01.2024;PARQUETELITE.ru
01.01.2024;PASSIONISTA.ru
01.01.2024;PASTALUB.ru
01.01.2024;PASTAMEAT.ru
01.01.2024;PATENTOVATEL.ru
01.01.2024;PATENTPOINT.ru
01.01.2024;PAVC.ru
01.01.2024;PAVELBOBKOV.ru
01.01.2024;PAVELMALAHOV.ru
01.01.2024;PAVELSKAYA.ru
01.01.2024;PAVKRAV.ru
01.01.2024;PAVOZKOVA.ru
01.01.2024;PAXU.ru
01.01.2024;PAY-8755.ru
01.01.2024;PAY-PAYMENTS.ru
01.01.2024;PAY-ROBOT.ru
01.01.2024;PAY0.ru
01.01.2024;PAYMENT-234.ru
01.01.2024;PAYMENT-235.ru
01.01.2024;PAYMENT-SYSTEMS.ru
01.01.2024;PBDG.ru
01.01.2024;PBKT.ru
01.01.2024;PBRG.ru
01.01.2024;PCGE.ru
01.01.2024;PCHELOVOD-2024.ru
01.01.2024;PCIL.ru
01.01.2024;PCPL.ru
01.01.2024;PCTG.ru
01.01.2024;PDCL.ru
01.01.2024;PDLA.ru
01.01.2024;PDNO.ru
01.01.2024;PDRA.ru
01.01.2024;PECHKA-BBQ-KRASNODAR.ru
01.01.2024;PECHKIN-NN.ru
01.01.2024;PECHKINNN.ru
01.01.2024;PECHOK.ru
01.01.2024;PEEA.ru
01.01.2024;PEGOF.ru
01.01.2024;PEKEN.ru
01.01.2024;PELEV.ru
01.01.2024;PENETRON-CRIMEA.ru
01.01.2024;PENGEN.ru
01.01.2024;PEPG.ru
01.01.2024;PER3526.ru
01.01.2024;PERBACCOWOW.ru
01.01.2024;PEREVOZKA-1.ru
01.01.2024;PEREVOZKA-X.ru
01.01.2024;PEREVOZKAX.ru
01.01.2024;PEREVOZKI-1.ru
01.01.2024;PEREVOZKI-TOP.ru
01.01.2024;PEREVOZKI-X.ru
01.01.2024;PEREVOZKITOP.ru
01.01.2024;PEREVOZKIX.ru
01.01.2024;PERFECTA-VISION.ru
01.01.2024;PERILA-YALTA.ru
01.01.2024;PERMTERM.ru
01.01.2024;PERSER.ru
01.01.2024;PERSONALMAX.ru
01.01.2024;PERVIYE.ru
01.01.2024;PET-POINT.ru
01.01.2024;PETCARES.ru
01.01.2024;PETCENTRAL.ru
01.01.2024;PETRABITUM.ru
01.01.2024;PETRO-LINE.ru
01.01.2024;PETS-NN.ru
01.01.2024;PETSCHOICE.ru
01.01.2024;PETYUKOV.ru
01.01.2024;PEVIN.ru
01.01.2024;PFAA.ru
01.01.2024;PFAE.ru
01.01.2024;PFEE.ru
01.01.2024;PFFA.ru
01.01.2024;PFFS.ru
01.01.2024;PFKC.ru
01.01.2024;PFRC.ru
01.01.2024;PFVC.ru
01.01.2024;PGAE.ru
01.01.2024;PGCE.ru
01.01.2024;PGEA.ru
01.01.2024;PGNC.ru
01.01.2024;PGRE.ru
01.01.2024;PGSL.ru
01.01.2024;PGUC.ru
01.01.2024;PHAE.ru
01.01.2024;PHANTASIE.ru
01.01.2024;PHARMMETA.ru
01.01.2024;PHARMRECON.ru
01.01.2024;PHDL.ru
01.01.2024;PHGA.ru
01.01.2024;PHGC.ru
01.01.2024;PHJPMPVVZC.ru
01.01.2024;PHKS.ru
01.01.2024;PHLA.ru
01.01.2024;PHNA.ru
01.01.2024;PHOA.ru
01.01.2024;PHOENIXLIFE.ru
01.01.2024;PHONEPE.ru
01.01.2024;PHOTO-FISHKA.ru
01.01.2024;PHOTO161.ru
01.01.2024;PHOTOSHOCK.ru
01.01.2024;PHOTOTOO.ru
01.01.2024;PHOTOVISTA.ru
01.01.2024;PHRE.ru
01.01.2024;PHTG.ru
01.01.2024;PHUA.ru
01.01.2024;PHUKET-RIDDLES.ru
01.01.2024;PICBYMOROZOVA.ru
01.01.2024;PICLAW.ru
01.01.2024;PIERRENICOLE.ru
01.01.2024;PILINGIST.ru
01.01.2024;PINKANDGREEN.ru
01.01.2024;PIRSINGIST.ru
01.01.2024;PISHENKO.ru
01.01.2024;PITERMOY.ru
01.01.2024;PIXYBUBBLES.ru
01.01.2024;PIZAN.ru
01.01.2024;PIZZANDDUCK.ru
01.01.2024;PK-TRADE.ru
01.01.2024;PKCG.ru
01.01.2024;PKF-STANKOR.ru
01.01.2024;PKHC.ru
01.01.2024;PKKN.ru
01.01.2024;PKOROTIN.ru
01.01.2024;PKTJ.ru
01.01.2024;PLANTLAMP.ru
01.01.2024;PLASFOR.ru
01.01.2024;PLATFORMART.ru
01.01.2024;PLAYGENDARY.ru
01.01.2024;PLAYSINFORTUNA7.ru
01.01.2024;PLDR.ru
01.01.2024;PLEDELITE-SALE.ru
01.01.2024;PLEVE.ru
01.01.2024;PLGG.ru
01.01.2024;PLGS.ru
01.01.2024;PLHA.ru
01.01.2024;PLITKAKERAM.ru
01.01.2024;PLJS.ru
01.01.2024;PLNA.ru
01.01.2024;PLOA.ru
01.01.2024;PLOT-NIK.ru
01.01.2024;PLPA.ru
01.01.2024;PLRA.ru
01.01.2024;PLUSAI.ru
01.01.2024;PLVG.ru
01.01.2024;PMBOT.ru
01.01.2024;PMEG.ru
01.01.2024;PMGZ.ru
01.01.2024;PMHA.ru
01.01.2024;PMHS.ru
01.01.2024;PMKVG.ru
01.01.2024;PMMO.ru
01.01.2024;PMNC.ru
01.01.2024;PMSPACE.ru
01.01.2024;PNBA.ru
01.01.2024;PNIG.ru
01.01.2024;PNMAIL.ru
01.01.2024;PNNL.ru
01.01.2024;POAA.ru
01.01.2024;POCG.ru
01.01.2024;PODACHEVA.ru
01.01.2024;PODBERI-VELIK.ru
01.01.2024;PODKABLUK.ru
01.01.2024;PODOLOG24.ru
01.01.2024;PODZOLKOVA.ru
01.01.2024;POGODA-V-TATARSKE.ru
01.01.2024;POGREBOK24.ru
01.01.2024;POIA.ru
01.01.2024;POISK-AVIA.ru
01.01.2024;POL38.ru
01.01.2024;POLAEVA.ru
01.01.2024;POLIFONII.ru
01.01.2024;POLINIT-TEXTILE.ru
01.01.2024;POLINSKY.ru
01.01.2024;POLISHGLASS.ru
01.01.2024;POLIT-LAND.ru
01.01.2024;POLITAG.ru
01.01.2024;POLOVOVA.ru
01.01.2024;POLUART.ru
01.01.2024;POOKI.ru
01.01.2024;POPEREKNABOK.ru
01.01.2024;POQR.ru
01.01.2024;PORT-TLT.ru
01.01.2024;PORTEMAR.ru
01.01.2024;PORTURAL.ru
01.01.2024;POSELOK-NA-ALTAE.ru
01.01.2024;POSELOKNAALTAE.ru
01.01.2024;POSETINN.ru
01.01.2024;POSHBERRY.ru
01.01.2024;POSITIVESTYLE.ru
01.01.2024;POSPEHOV.ru
01.01.2024;POSTOLOVA.ru
01.01.2024;POTKINA.ru
01.01.2024;POVAR-KONDITER.ru
01.01.2024;POVARKOVA.ru
01.01.2024;POWER-PLATFORM.ru
01.01.2024;POWERDESK.ru
01.01.2024;POWERLIST.ru
01.01.2024;POWERWEBINAR.ru
01.01.2024;POZDRAVILOFF.ru
01.01.2024;POZHARNOVA.ru
01.01.2024;POZHMETDVERI.ru
01.01.2024;POZHSB.ru
01.01.2024;POZHUSLUGI.ru
01.01.2024;PPCE.ru
01.01.2024;PPNA.ru
01.01.2024;PPTE.ru
01.01.2024;PRAGMAT97.ru
01.01.2024;PRAGMATICPLAY-SLOTS.ru
01.01.2024;PRAVE.ru
01.01.2024;PRAVO-LEGAL.ru
01.01.2024;PRAVOSPB812.ru
01.01.2024;PRBMARKET.ru
01.01.2024;PRECISIONBIOME.ru
01.01.2024;PREDE.ru
01.01.2024;PREMIUM-APARTMENT.ru
01.01.2024;PRESENTCARDS.ru
01.01.2024;PRESIDENTNN.ru
01.01.2024;PRESS-QFP.ru
01.01.2024;PRHS.ru
01.01.2024;PRIBORAERO.ru
01.01.2024;PRICHESKY.ru
01.01.2024;PRIDE-TOMSK.ru
01.01.2024;PRILETAJ.ru
01.01.2024;PRIMA-MEH.ru
01.01.2024;PRIMAWERA.ru
01.01.2024;PRIMEACCOUNT.ru
01.01.2024;PRIMEELECTRIC.ru
01.01.2024;PRINIMAYMENYA.ru
01.01.2024;PRIRODAPRO.ru
01.01.2024;PRISHEPOV.ru
01.01.2024;PRISMA-REPAIR.ru
01.01.2024;PRITULINA.ru
01.01.2024;PRIUTLIFE.ru
01.01.2024;PRIVACYMAIL.ru
01.01.2024;PRIVOROT-TARO.ru
01.01.2024;PRO-CLINICS.ru
01.01.2024;PRO-HOSTINGOM.ru
01.01.2024;PRO-KLINIKA.ru
01.01.2024;PRO-NEUROSETI.ru
01.01.2024;PROAMPER.ru
01.01.2024;PROBACK.ru
01.01.2024;PROCASINO1.ru
01.01.2024;PROCOOP.ru
01.01.2024;PRODAMUSEDU.ru
01.01.2024;PRODAMUSWEB.ru
01.01.2024;PRODAMUSXL.ru
01.01.2024;PRODAYKV.ru
01.01.2024;PRODRAI.ru
01.01.2024;PRODTEHNIKA.ru
01.01.2024;PRODUCTLABS.ru
01.01.2024;PRODUCTSHOPPER.ru
01.01.2024;PRODUIT.ru
01.01.2024;PROECTSERVIS.ru
01.01.2024;PROEKT-GODA.ru
01.01.2024;PROEKT-INTERIOR.ru
01.01.2024;PROEKT-X.ru
01.01.2024;PROEKTK.ru
01.01.2024;PROEKTX.ru
01.01.2024;PROF-CLINICS.ru
01.01.2024;PROF-SHPIL.ru
01.01.2024;PROFAITI.ru
01.01.2024;PROFCAFE.ru
01.01.2024;PROFCLINICS.ru
01.01.2024;PROFESSII-BUDUSHCHEGO.ru
01.01.2024;PROFFREALTOR.ru
01.01.2024;PROFFRIELTOR.ru
01.01.2024;PROFILAGRO.ru
01.01.2024;PROGNOZMASTERY.ru
01.01.2024;PROGRESS-STAL.ru
01.01.2024;PROJDOKHA.ru
01.01.2024;PROJEKT-STROY.ru
01.01.2024;PROKATOTEKA.ru
01.01.2024;PROKUDSKOE.ru
01.01.2024;PROM-M.ru
01.01.2024;PROMAPP.ru
01.01.2024;PROMKOM-NN.ru
01.01.2024;PROMOGRAND.ru
01.01.2024;PROMRESURS-TYRE.ru
01.01.2024;PROMSNAB-SERVICE.ru
01.01.2024;PROPERTIE.ru
01.01.2024;PROPERTYAUCTIONS.ru
01.01.2024;PROPHOENIX.ru
01.01.2024;PROPRIA.ru
01.01.2024;PROREMONT56.ru
01.01.2024;PROSBORKA.ru
01.01.2024;PROSCRIPTOR.ru
01.01.2024;PROSKVAZHINY.ru
01.01.2024;PROSTO-SMETA.ru
01.01.2024;PROSTOKOSHKI.ru
01.01.2024;PROSTOVKAUTH.ru
01.01.2024;PROTEACHING.ru
01.01.2024;PROTECHSTORE.ru
01.01.2024;PROTEINTECH.ru
01.01.2024;PROVERATOR.ru
01.01.2024;PROVINCYA.ru
01.01.2024;PROVKAUTH.ru
01.01.2024;PROWARES.ru
01.01.2024;PRQR.ru
01.01.2024;PRUA.ru
01.01.2024;PRUNING.ru
01.01.2024;PSIHOLOQ.ru
01.01.2024;PSPASHKOV.ru
01.01.2024;PSY-SEA.ru
01.01.2024;PSYHOLOGVAM.ru
01.01.2024;PSYSEA.ru
01.01.2024;PSYSOVETI.ru
01.01.2024;PTAA.ru
01.01.2024;PTFA.ru
01.01.2024;PUAA.ru
01.01.2024;PUDRA-Z-HENS.ru
01.01.2024;PUGC.ru
01.01.2024;PUIC.ru
01.01.2024;PULKINA.ru
01.01.2024;PULMANOVA.ru
01.01.2024;PUREOILS.ru
01.01.2024;PUSHANOV.ru
01.01.2024;PUSHEK.ru
01.01.2024;PUSHFLOW.ru
01.01.2024;PUTIDOROGINN.ru
01.01.2024;PUTIH2024.ru
01.01.2024;PUTINCRAFT.ru
01.01.2024;PUTNIK3.ru
01.01.2024;PVBA.ru
01.01.2024;PVBG.ru
01.01.2024;PVDE.ru
01.01.2024;PVEZ.ru
01.01.2024;PVMA.ru
01.01.2024;PWNMECH.ru
01.01.2024;PXPP.ru
01.01.2024;PYATIGORSK-NARKOLOG.ru
01.01.2024;PYTIH2024.ru
01.01.2024;PYTIN-2024.ru
01.01.2024;PYTIN-2030.ru
01.01.2024;PYTIN-2036.ru
01.01.2024;PYTIN-2042.ru
01.01.2024;PYTUN2024.ru
01.01.2024;QABU.ru
01.01.2024;QALU.ru
01.01.2024;QAMU.ru
01.01.2024;QAPT.ru
01.01.2024;QAVU.ru
01.01.2024;QCLIMAT.ru
01.01.2024;QEGO.ru
01.01.2024;QEGU.ru
01.01.2024;QENU.ru
01.01.2024;QEVU.ru
01.01.2024;QFLE.ru
01.01.2024;QFNS.ru
01.01.2024;QIBU.ru
01.01.2024;QICU.ru
01.01.2024;QIGU.ru
01.01.2024;QIMG.ru
01.01.2024;QIMU.ru
01.01.2024;QIVU.ru
01.01.2024;QIWO.ru
01.01.2024;QIZU.ru
01.01.2024;QJQJ.ru
01.01.2024;QLOK.ru
01.01.2024;QLOOM.ru
01.01.2024;QMOVR.ru
01.01.2024;QOBU.ru
01.01.2024;QOGU.ru
01.01.2024;QOLDAPPLE.ru
01.01.2024;QOLU.ru
01.01.2024;QOVU.ru
01.01.2024;QOZU.ru
01.01.2024;QPDP.ru
01.01.2024;QQHA.ru
01.01.2024;QQLXX.ru
01.01.2024;QQRENTS.ru
01.01.2024;QR-BOT.ru
01.01.2024;QR-CHAT.ru
01.01.2024;QR-DATING.ru
01.01.2024;QRBC.ru
01.01.2024;QROCK.ru
01.01.2024;QRRR.ru
01.01.2024;QRSTORY.ru
01.01.2024;QSRU.ru
01.01.2024;QSTN.ru
01.01.2024;QTUR.ru
01.01.2024;QUALIDA.ru
01.01.2024;QUANTSOFT.ru
01.01.2024;QUESTFAMILY.ru
01.01.2024;QUGU.ru
01.01.2024;QUICK-INCOME.ru
01.01.2024;QUICKDELIVERCASH.ru
01.01.2024;QUOE.ru
01.01.2024;QUVU.ru
01.01.2024;R-V-D.ru
01.01.2024;R12U12S125.ru
01.01.2024;R2-ONLINE.ru
01.01.2024;R4LOGS.ru
01.01.2024;RABATFIN.ru
01.01.2024;RABOTAVSEM247.ru
01.01.2024;RABUNDO.ru
01.01.2024;RACESPACE.ru
01.01.2024;RADIUSLINE.ru
01.01.2024;RADMIR-MOSCOW.ru
01.01.2024;RADPROM.ru
01.01.2024;RADUGAFUND.ru
01.01.2024;RAGEPC.ru
01.01.2024;RAGOZ.ru
01.01.2024;RAILDIRECT.ru
01.01.2024;RAJN.ru
01.01.2024;RAKUZ.ru
01.01.2024;RANDOMDAY.ru
01.01.2024;RANEV.ru
01.01.2024;RAPOV.ru
01.01.2024;RAPROMOTIONS.ru
01.01.2024;RAPROSMOTR.ru
01.01.2024;RASHINA.ru
01.01.2024;RASSHIVIN.ru
01.01.2024;RATINGBOT.ru
01.01.2024;RATTLY.ru
01.01.2024;RAUSS.ru
01.01.2024;RAVEZOV.ru
01.01.2024;RAVILOV737.ru
01.01.2024;RAVISSA.ru
01.01.2024;RAWG.ru
01.01.2024;RAYNERMUSIC.ru
01.01.2024;RAYPAYS.ru
01.01.2024;RAZMAHAEVA.ru
01.01.2024;RAZNOLOSKUT.ru
01.01.2024;RAZUM-X.ru
01.01.2024;RBP4.ru
01.01.2024;RBPRK91645.ru
01.01.2024;RBUR.ru
01.01.2024;RBWW.ru
01.01.2024;RCBE.ru
01.01.2024;RCEG.ru
01.01.2024;RCGG.ru
01.01.2024;RCVA.ru
01.01.2024;RD-SNAB.ru
01.01.2024;RDCG.ru
01.01.2024;RDRU.ru
01.01.2024;RDUG.ru
01.01.2024;RDVC.ru
01.01.2024;RE-BRAIN.ru
01.01.2024;REALPC.ru
01.01.2024;REALTIE.ru
01.01.2024;REDBRO.ru
01.01.2024;REDEON.ru
01.01.2024;REDVENTURES.ru
01.01.2024;REEVEMGC.ru
01.01.2024;REFINONLINE.ru
01.01.2024;REFLEXER.ru
01.01.2024;REG-OPT.ru
01.01.2024;REG-STROY.ru
01.01.2024;REGALMEBEL.ru
01.01.2024;REGION-METROLOGIA.ru
01.01.2024;REGION-PROECT.ru
01.01.2024;REGION31RUS31.ru
01.01.2024;REGIONHUB.ru
01.01.2024;REGISTRS.ru
01.01.2024;REGOPT.ru
01.01.2024;REKLAWA.ru
01.01.2024;RELEAZE.ru
01.01.2024;RELOCATEME.ru
01.01.2024;REMACT.ru
01.01.2024;REMOCOFFEE.ru
01.01.2024;REMONT-COMP64.ru
01.01.2024;REMONT-STIR-HOLOD.ru
01.01.2024;REMONT-VKVARTIRE.ru
01.01.2024;REMONT-X.ru
01.01.2024;REMONTDMITROV.ru
01.01.2024;REMONTKUBAN.ru
01.01.2024;REMONTOKNA77.ru
01.01.2024;REMTECH24.ru
01.01.2024;REMZHILSTROY-INVEST.ru
01.01.2024;RENTACAMPER.ru
01.01.2024;REPAREX.ru
01.01.2024;REPTON.ru
01.01.2024;RESHUNOVA.ru
01.01.2024;RESIDENCESVILLAS.ru
01.01.2024;RESOURCE-I.ru
01.01.2024;RESTARACIA.ru
01.01.2024;RESTOWIFI.ru
01.01.2024;RESURSLES.ru
01.01.2024;RETITLE.ru
01.01.2024;RETODAY.ru
01.01.2024;RETSIKL.ru
01.01.2024;RETURNCALL.ru
01.01.2024;REVERSENG.ru
01.01.2024;REVETNEVA.ru
01.01.2024;REVIEW-VS.ru
01.01.2024;REVOV.ru
01.01.2024;REVUT.ru
01.01.2024;REXPORT.ru
01.01.2024;RFAE.ru
01.01.2024;RFEG.ru
01.01.2024;RFFG.ru
01.01.2024;RFLAGG.ru
01.01.2024;RFLC.ru
01.01.2024;RFRG.ru
01.01.2024;RFTEPLO.ru
01.01.2024;RFVE.ru
01.01.2024;RGBUNO.ru
01.01.2024;RGFS.ru
01.01.2024;RGSYSTEM.ru
01.01.2024;RHGC.ru
01.01.2024;RHGS.ru
01.01.2024;RHLC.ru
01.01.2024;RHLG.ru
01.01.2024;RHME.ru
01.01.2024;RHMG.ru
01.01.2024;RHMR.ru
01.01.2024;RHOR.ru
01.01.2024;RHUL.ru
01.01.2024;RIBQ.ru
01.01.2024;RICHMEIER.ru
01.01.2024;RIELTORU.ru
01.01.2024;RIGHTY.ru
01.01.2024;RIJU.ru
01.01.2024;RINATI.ru
01.01.2024;RIOTSTREET.ru
01.01.2024;RISKFLOW.ru
01.01.2024;RISONT.ru
01.01.2024;RITYTIREW23.ru
01.01.2024;RIVERAVTO.ru
01.01.2024;RKCG.ru
01.01.2024;RKGC.ru
01.01.2024;RKKS.ru
01.01.2024;RKRZ.ru
01.01.2024;RLIG.ru
01.01.2024;RMGG.ru
01.01.2024;RMW2016.ru
01.01.2024;RNCLUB.ru
01.01.2024;RNPRO.ru
01.01.2024;RNRU.ru
01.01.2024;ROBKOVA.ru
01.01.2024;ROBOAVTO.ru
01.01.2024;ROBOGOLD.ru
01.01.2024;ROCKBOY.ru
01.01.2024;ROCKETCOVER.ru
01.01.2024;ROCKETLIFE.ru
01.01.2024;RODANKOVA.ru
01.01.2024;ROFG.ru
01.01.2024;ROKOLO.ru
01.01.2024;ROKOV.ru
01.01.2024;ROMANKOVA.ru
01.01.2024;ROMASHENKO.ru
01.01.2024;ROOMEEZ.ru
01.01.2024;ROOMNET.ru
01.01.2024;RORS-MUSEUM.ru
01.01.2024;ROS-TOP.ru
01.01.2024;ROSECOSORT.ru
01.01.2024;ROSLEASE.ru
01.01.2024;ROSSINSTAGRAM.ru
01.01.2024;ROSTOKNN.ru
01.01.2024;ROYAL-AVTO.ru
01.01.2024;ROYALKASKO.ru
01.01.2024;ROYALMARIN.ru
01.01.2024;ROYALPARKS.ru
01.01.2024;ROYALTOOTH.ru
01.01.2024;ROYALTOUCH.ru
01.01.2024;ROYALTRADITIONS.ru
01.01.2024;ROYALTYCHEF.ru
01.01.2024;ROYALTYHOME.ru
01.01.2024;ROYALUMBRELLA.ru
01.01.2024;ROYALZONT.ru
01.01.2024;ROYAMANN.ru
01.01.2024;ROYARD.ru
01.01.2024;ROYBAND.ru
01.01.2024;ROYFAM.ru
01.01.2024;ROYMAN.ru
01.01.2024;ROYMEN.ru
01.01.2024;ROYPAS.ru
01.01.2024;ROYROS.ru
01.01.2024;ROYSHOES.ru
01.01.2024;ROYWEAR.ru
01.01.2024;ROYYNA.ru
01.01.2024;ROZAAISH.ru
01.01.2024;ROZABELLA.ru
01.01.2024;ROZABRAND.ru
01.01.2024;ROZACARPET.ru
01.01.2024;ROZACO.ru
01.01.2024;ROZALACE.ru
01.01.2024;ROZALIHOME.ru
01.01.2024;ROZALIM.ru
01.01.2024;ROZALINGERIE.ru
01.01.2024;ROZAMI.ru
01.01.2024;ROZAPROJECTS.ru
01.01.2024;ROZARISTORE.ru
01.01.2024;ROZASTYLE.ru
01.01.2024;ROZEHOME.ru
01.01.2024;ROZELINE.ru
01.01.2024;ROZENBLUM.ru
01.01.2024;ROZENGRIN.ru
01.01.2024;ROZEX.ru
01.01.2024;ROZHAYAT.ru
01.01.2024;ROZHEK.ru
01.01.2024;ROZIE.ru
01.01.2024;ROZIHOME.ru
01.01.2024;ROZIKITCHEN.ru
01.01.2024;ROZISAI.ru
01.01.2024;ROZISTYLE.ru
01.01.2024;ROZITTA.ru
01.01.2024;ROZITTABAGS.ru
01.01.2024;ROZOVAYAKOZA.ru
01.01.2024;ROZOVSHOP.ru
01.01.2024;ROZPANTION.ru
01.01.2024;ROZRIM.ru
01.01.2024;ROZSOFTLIFE.ru
01.01.2024;ROZYBIANCO.ru
01.01.2024;ROZYBRAND.ru
01.01.2024;ROZYPOCHTOY.ru
01.01.2024;ROZZALIA.ru
01.01.2024;ROZZASHOP.ru
01.01.2024;RPBRAND.ru
01.01.2024;RPERFUME.ru
01.01.2024;RPGMODEL.ru
01.01.2024;RPKBRAND.ru
01.01.2024;RPLG.ru
01.01.2024;RPMRECORDS.ru
01.01.2024;RPTEXTILE.ru
01.01.2024;RPYS.ru
01.01.2024;RRADA.ru
01.01.2024;RRBRAND.ru
01.01.2024;RRCLEAN.ru
01.01.2024;RRCRAFT.ru
01.01.2024;RRCROSS.ru
01.01.2024;RRDENIM.ru
01.01.2024;RRDESIGNER.ru
01.01.2024;RREMDES.ru
01.01.2024;RREXCLUSIVE.ru
01.01.2024;RRFS.ru
01.01.2024;RRHOMESTORE.ru
01.01.2024;RRLC.ru
01.01.2024;RRLE.ru
01.01.2024;RRLINE.ru
01.01.2024;RRLIVE.ru
01.01.2024;RRLOOK.ru
01.01.2024;RRLS.ru
01.01.2024;RRNC.ru
01.01.2024;RROMARIO.ru
01.01.2024;RROMARKET.ru
01.01.2024;RROMAT.ru
01.01.2024;RRONAPETS.ru
01.01.2024;RRPETRA.ru
01.01.2024;RRRAYANA.ru
01.01.2024;RRRG.ru
01.01.2024;RRSSHOP.ru
01.01.2024;RRSTYLE.ru
01.01.2024;RRTOYS.ru
01.01.2024;RRYBALKO.ru
01.01.2024;RS-OPEN.ru
01.01.2024;RS-PRO.ru
01.01.2024;RSABREND.ru
01.01.2024;RSBREND.ru
01.01.2024;RSELECTRICAL.ru
01.01.2024;RSENAT.ru
01.01.2024;RSENNAT.ru
01.01.2024;RSFISH.ru
01.01.2024;RSGSERVICE.ru
01.01.2024;RSIMENTE.ru
01.01.2024;RSITY.ru
01.01.2024;RSJEWELLRY.ru
01.01.2024;RSKIDS.ru
01.01.2024;RSKINGDOM.ru
01.01.2024;RSMBRAND.ru
01.01.2024;RSNAMIBIA.ru
01.01.2024;RSOPTICS.ru
01.01.2024;RSPACK.ru
01.01.2024;RSRATING.ru
01.01.2024;RSRUTILUS.ru
01.01.2024;RSSHOES.ru
01.01.2024;RSSK-ATOLL.ru
01.01.2024;RSSPURTT.ru
01.01.2024;RSTACTICAL.ru
01.01.2024;RSTSWEDEN.ru
01.01.2024;RSTUMBRELLA.ru
01.01.2024;RSVCOMPOSITE.ru
01.01.2024;RSVLED.ru
01.01.2024;RSVV.ru
01.01.2024;RSWEAR.ru
01.01.2024;RSZAPCHASTI.ru
01.01.2024;RTAQUA.ru
01.01.2024;RTBRAND.ru
01.01.2024;RTCGIFT.ru
01.01.2024;RTCVARMEL.ru
01.01.2024;RTFIT.ru
01.01.2024;RTLITE.ru
01.01.2024;RTRMAX.ru
01.01.2024;RTSGLASS.ru
01.01.2024;RTTEAM.ru
01.01.2024;RTTOYS.ru
01.01.2024;RTWOHO.ru
01.01.2024;RU-ID8847.ru
01.01.2024;RU-SECURITY6294.ru
01.01.2024;RUANO.ru
01.01.2024;RUANTEA.ru
01.01.2024;RUARS1.ru
01.01.2024;RUAYA.ru
01.01.2024;RUBANKO.ru
01.01.2024;RUBARM.ru
01.01.2024;RUBASOVA.ru
01.01.2024;RUBASSHOES.ru
01.01.2024;RUBBAG.ru
01.01.2024;RUBBERHOLE.ru
01.01.2024;RUBBMAT.ru
01.01.2024;RUBELMEG.ru
01.01.2024;RUBENIRELAND.ru
01.01.2024;RUBEUS.ru
01.01.2024;RUBICONJEANS.ru
01.01.2024;RUBIFORM.ru
01.01.2024;RUBIKI.ru
01.01.2024;RUBIKIDS.ru
01.01.2024;RUBIKIHOME.ru
01.01.2024;RUBIKIPETS.ru
01.01.2024;RUBINASECRET.ru
01.01.2024;RUBINORUS.ru
01.01.2024;RUBIRT.ru
01.01.2024;RUBLEVSHOP.ru
01.01.2024;RUBLIKE.ru
01.01.2024;RUBYAPPLE.ru
01.01.2024;RUBYGLOW.ru
01.01.2024;RUBYJEWELRY.ru
01.01.2024;RUBYKAR.ru
01.01.2024;RUBYLOAN.ru
01.01.2024;RUBYPRO.ru
01.01.2024;RUBYROME.ru
01.01.2024;RUBYROZE.ru
01.01.2024;RUBYSTORY.ru
01.01.2024;RUBYVIP.ru
01.01.2024;RUBYWI.ru
01.01.2024;RUCASTS.ru
01.01.2024;RUCCKO.ru
01.01.2024;RUCHISSHOP.ru
01.01.2024;RUCHKINGROUP.ru
01.01.2024;RUCKIDS.ru
01.01.2024;RUCOMTEL.ru
01.01.2024;RUCROC.ru
01.01.2024;RUDAPIE.ru
01.01.2024;RUDCOSMO.ru
01.01.2024;RUDEFI.ru
01.01.2024;RUDELOOT.ru
01.01.2024;RUDENYAHOME.ru
01.01.2024;RUDERIDERS.ru
01.01.2024;RUDHOME.ru
01.01.2024;RUDIHOME.ru
01.01.2024;RUDIKITCHEN.ru
01.01.2024;RUDIMER.ru
01.01.2024;RUDIOLLI.ru
01.01.2024;RUDISFEST.ru
01.01.2024;RUDIWOODY.ru
01.01.2024;RUDLEN.ru
01.01.2024;RUDLOVE.ru
01.01.2024;RUDNIX.ru
01.01.2024;RUDOSHOES.ru
01.01.2024;RUDOVIZ.ru
01.01.2024;RUDROM.ru
01.01.2024;RUDYAEVA.ru
01.01.2024;RUDYSTORE.ru
01.01.2024;RUEBROCA.ru
01.01.2024;RUFAROHOME.ru
01.01.2024;RUFFTUFF.ru
01.01.2024;RUFIROOM.ru
01.01.2024;RUFISHOPP.ru
01.01.2024;RUFLELI.ru
01.01.2024;RUFRECORDS.ru
01.01.2024;RUFSTYLE.ru
01.01.2024;RUFTABOO.ru
01.01.2024;RUFUETTE.ru
01.01.2024;RUGATCHI.ru
01.01.2024;RUGBLISS.ru
01.01.2024;RUGERD.ru
01.01.2024;RUGGERIO.ru
01.01.2024;RUGGINI.ru
01.01.2024;RUGSDEPOT.ru
01.01.2024;RUGSHOME.ru
01.01.2024;RUGUCHOK.ru
01.01.2024;RUHAT.ru
01.01.2024;RUHIFASHION.ru
01.01.2024;RUICHUANG.ru
01.01.2024;RUIGEGE.ru
01.01.2024;RUIKEDA.ru
01.01.2024;RUIMING.ru
01.01.2024;RUINVILL.ru
01.01.2024;RUIPAL.ru
01.01.2024;RUIWOOD.ru
01.01.2024;RUIXI.ru
01.01.2024;RUIYI.ru
01.01.2024;RUIZHI.ru
01.01.2024;RUJEE.ru
01.01.2024;RUJESS.ru
01.01.2024;RUJUE.ru
01.01.2024;RUKAYA.ru
01.01.2024;RUKER.ru
01.01.2024;RUKMIR.ru
01.01.2024;RUKOHOME.ru
01.01.2024;RUKOLESO.ru
01.01.2024;RULANNA.ru
01.01.2024;RULANS.ru
01.01.2024;RULERBENCH.ru
01.01.2024;RULESJEANS.ru
01.01.2024;RULESOFF.ru
01.01.2024;RULLIER.ru
01.01.2024;RULR.ru
01.01.2024;RULSUN.ru
01.01.2024;RUMAMED.ru
01.01.2024;RUMENG.ru
01.01.2024;RUMERU.ru
01.01.2024;RUMHOME.ru
01.01.2024;RUMIAHOME.ru
01.01.2024;RUMINEL.ru
01.01.2024;RUMISTAL.ru
01.01.2024;RUMMUZA.ru
01.01.2024;RUMOSS.ru
01.01.2024;RUMUCOPA.ru
01.01.2024;RUMVIL.ru
01.01.2024;RUMYSTORE.ru
01.01.2024;RUNAHOME.ru
01.01.2024;RUNCHENG.ru
01.01.2024;RUNCI.ru
01.01.2024;RUNDRIVE.ru
01.01.2024;RUNESGEMS.ru
01.01.2024;RUNHOPE.ru
01.01.2024;RUNHUANG.ru
01.01.2024;RUNILA.ru
01.01.2024;RUNIQUE.ru
01.01.2024;RUNLEO.ru
01.01.2024;RUNNTRADE.ru
01.01.2024;RUNOAUTO.ru
01.01.2024;RUNORIA.ru
01.01.2024;RUNREACH.ru
01.01.2024;RUNSHIDA.ru
01.01.2024;RUNSOOM.ru
01.01.2024;RUOTO.ru
01.01.2024;RUPANUGA.ru
01.01.2024;RUPASH.ru
01.01.2024;RUPATEA.ru
01.01.2024;RUPOV.ru
01.01.2024;RUPTUR-SMOLENSK.ru
01.01.2024;RURARU.ru
01.01.2024;RURIH.ru
01.01.2024;RURRI.ru
01.01.2024;RURUZ.ru
01.01.2024;RUS-INDOOR.ru
01.01.2024;RUSAGA.ru
01.01.2024;RUSAHOME.ru
01.01.2024;RUSAIZ.ru
01.01.2024;RUSAKCOLLECTION.ru
01.01.2024;RUSAKIDS.ru
01.01.2024;RUSAKOVASTORE.ru
01.01.2024;RUSALKAHOME.ru
01.01.2024;RUSANOVASTORE.ru
01.01.2024;RUSANURU.ru
01.01.2024;RUSAVINA.ru
01.01.2024;RUSAZGU.ru
01.01.2024;RUSBABIES.ru
01.01.2024;RUSBARON.ru
01.01.2024;RUSBELLA.ru
01.01.2024;RUSCARP.ru
01.01.2024;RUSCLO.ru
01.01.2024;RUSCONTROL163.ru
01.01.2024;RUSCOT.ru
01.01.2024;RUSDANMIR.ru
01.01.2024;RUSDEFI.ru
01.01.2024;RUSDI.ru
01.01.2024;RUSDISK.ru
01.01.2024;RUSDRAKE.ru
01.01.2024;RUSENMASH.ru
01.01.2024;RUSENSHOP.ru
01.01.2024;RUSHAARTS.ru
01.01.2024;RUSHAGOODS.ru
01.01.2024;RUSHBEL.ru
01.01.2024;RUSHEW.ru
01.01.2024;RUSHHAT.ru
01.01.2024;RUSHHOME.ru
01.01.2024;RUSHMD.ru
01.01.2024;RUSHNIKBK.ru
01.01.2024;RUSHO.ru
01.01.2024;RUSHPETFOOD.ru
01.01.2024;RUSHSI.ru
01.01.2024;RUSHWAY.ru
01.01.2024;RUSIKIDS.ru
01.01.2024;RUSIKONOPIS.ru
01.01.2024;RUSILIS.ru
01.01.2024;RUSIONOK.ru
01.01.2024;RUSISHMED.ru
01.01.2024;RUSJAR.ru
01.01.2024;RUSKOKO.ru
01.01.2024;RUSKOTTON.ru
01.01.2024;RUSLANASHOP.ru
01.01.2024;RUSLANSTORE.ru
01.01.2024;RUSLAPLUS.ru
01.01.2024;RUSPIROTEH.ru
01.01.2024;RUSRAS.ru
01.01.2024;RUSROSBEL.ru
01.01.2024;RUSSALINA.ru
01.01.2024;RUSSBARON.ru
01.01.2024;RUSSCOTTON.ru
01.01.2024;RUSSIA-2025.ru
01.01.2024;RUSSIAN-FPV.ru
01.01.2024;RUSSIAN-WEAPON.ru
01.01.2024;RUSSIANSHOOTERS.ru
01.01.2024;RUSSIASPORTS.ru
01.01.2024;RUSSKIEVPERD.ru
01.01.2024;RUSSOLO.ru
01.01.2024;RUSSOP.ru
01.01.2024;RUSSUL.ru
01.01.2024;RUSSZZ.ru
01.01.2024;RUST-TEAM.ru
01.01.2024;RUSTAJ.ru
01.01.2024;RUSTEEN.ru
01.01.2024;RUSTICITY.ru
01.01.2024;RUSTICLAND.ru
01.01.2024;RUSTIFRESH.ru
01.01.2024;RUSTIKKA.ru
01.01.2024;RUSTOMARKET.ru
01.01.2024;RUSTOYSHOP.ru
01.01.2024;RUSTYCODE.ru
01.01.2024;RUSVAD.ru
01.01.2024;RUSVENTKOM.ru
01.01.2024;RUSVISHOP.ru
01.01.2024;RUTAHOME.ru
01.01.2024;RUTASIMPLE.ru
01.01.2024;RUTHERA.ru
01.01.2024;RUTHMILANO.ru
01.01.2024;RUTRASTYLE.ru
01.01.2024;RUTURIM.ru
01.01.2024;RUTYA.ru
01.01.2024;RUTZHOME.ru
01.01.2024;RUUHEE.ru
01.01.2024;RUVINNI.ru
01.01.2024;RUXESHOP.ru
01.01.2024;RUXKUP.ru
01.01.2024;RUXPRO.ru
01.01.2024;RUYAM.ru
01.01.2024;RUYAMOOD.ru
01.01.2024;RUYOTEX.ru
01.01.2024;RUZANNASHOP.ru
01.01.2024;RUZAPE.ru
01.01.2024;RUZASHOP.ru
01.01.2024;RUZIKIDS.ru
01.01.2024;RUZIRU.ru
01.01.2024;RUZZASTORE.ru
01.01.2024;RVAG.ru
01.01.2024;RVBRAND.ru
01.01.2024;RVBSTORE.ru
01.01.2024;RVCFIT.ru
01.01.2024;RVCHOME.ru
01.01.2024;RVFASHION.ru
01.01.2024;RVFG.ru
01.01.2024;RVHC.ru
01.01.2024;RVITRINA.ru
01.01.2024;RVKMARKET.ru
01.01.2024;RVNC.ru
01.01.2024;RVOA.ru
01.01.2024;RVOSHOP.ru
01.01.2024;RVRAZOR.ru
01.01.2024;RVRBOX.ru
01.01.2024;RVSJEWELRY.ru
01.01.2024;RVSSTYLE.ru
01.01.2024;RVSTOCK.ru
01.01.2024;RVTT.ru
01.01.2024;RVVG.ru
01.01.2024;RWPLAST.ru
01.01.2024;RXAUTO.ru
01.01.2024;RXFORCE.ru
01.01.2024;RXFORMULA.ru
01.01.2024;RYABINART.ru
01.01.2024;RYAHOUSE.ru
01.01.2024;RYANKIDS.ru
01.01.2024;RYANSHOP.ru
01.01.2024;RYBEKKA.ru
01.01.2024;RYBINGROUP.ru
01.01.2024;RYCU.ru
01.01.2024;RYKODELKIN.ru
01.01.2024;RYLU.ru
01.01.2024;RYMU.ru
01.01.2024;RYNU.ru
01.01.2024;RYOE.ru
01.01.2024;RYSMAN.ru
01.01.2024;RYSTORE.ru
01.01.2024;RYTOYS.ru
01.01.2024;RYUBAGS.ru
01.01.2024;RYURIKOVICH.ru
01.01.2024;RYZOVA.ru
01.01.2024;RYZU.ru
01.01.2024;S-KVARTIRA.ru
01.01.2024;S1FOOD.ru
01.01.2024;SADAGOVA.ru
01.01.2024;SADOVAYA-RADOST.ru
01.01.2024;SAFEDETECT.ru
01.01.2024;SAFEGREEN.ru
01.01.2024;SAFETREE.ru
01.01.2024;SAGE-SHOP.ru
01.01.2024;SAHONENKO.ru
01.01.2024;SALES-DISCOUNTER.ru
01.01.2024;SALTMEDIA.ru
01.01.2024;SAM-VEM.ru
01.01.2024;SAMAUMA.ru
01.01.2024;SAMDEZ.ru
01.01.2024;SAMIDETI.ru
01.01.2024;SAMOEDBOX.ru
01.01.2024;SAMOREZKA.ru
01.01.2024;SAMRAVTO.ru
01.01.2024;SANCHIST.ru
01.01.2024;SANSARA-RELAX.ru
01.01.2024;SANSERICO.ru
01.01.2024;SANTIANO.ru
01.01.2024;SANYA1.ru
01.01.2024;SANZHAROV.ru
01.01.2024;SAPIENSHOME.ru
01.01.2024;SAPTEL.ru
01.01.2024;SARAFANSCHOOL.ru
01.01.2024;SARDINERUN.ru
01.01.2024;SAS54.ru
01.01.2024;SATIMED.ru
01.01.2024;SATURN-N.ru
01.01.2024;SAV-ALEKSEJ-S.ru
01.01.2024;SAXP.ru
01.01.2024;SBAGIROV.ru
01.01.2024;SBALAN.ru
01.01.2024;SBARBIN.ru
01.01.2024;SBERPATENT.ru
01.01.2024;SBHA.ru
01.01.2024;SBP-C2B.ru
01.01.2024;SBRENDIL.ru
01.01.2024;SCAN-MET.ru
01.01.2024;SCARYCLOWN.ru
01.01.2024;SCFE.ru
01.01.2024;SCHEBENDOSTAVKA.ru
01.01.2024;SCHUKIN-FOR-KIDS.ru
01.01.2024;SCOOTERRENTAL.ru
01.01.2024;SCOOTERTEKA.ru
01.01.2024;SCREENUP.ru
01.01.2024;SCRV-PRO.ru
01.01.2024;SDAIKA.ru
01.01.2024;SDBF.ru
01.01.2024;SDELKA7366.ru
01.01.2024;SDEXTRA.ru
01.01.2024;SDHG.ru
01.01.2024;SDKE.ru
01.01.2024;SEAGID.ru
01.01.2024;SEARCHTEKA.ru
01.01.2024;SEAROBOT.ru
01.01.2024;SECURITYCARS.ru
01.01.2024;SEDNEVA.ru
01.01.2024;SEGET.ru
01.01.2024;SELF-HEALTH.ru
01.01.2024;SELFHARM.ru
01.01.2024;SELLERIQ.ru
01.01.2024;SELLLAB.ru
01.01.2024;SEMANN.ru
01.01.2024;SEMANOVA.ru
01.01.2024;SEMINAR-MSK.ru
01.01.2024;SEMINARMSK.ru
01.01.2024;SEMUKHIN-ARCH.ru
01.01.2024;SEO-MIR.ru
01.01.2024;SEOPARTISAN.ru
01.01.2024;SEQUOIASTUDIO.ru
01.01.2024;SEREBRYAKOVM.ru
01.01.2024;SEREZHENKOV.ru
01.01.2024;SERGEJKOTLJAROV.ru
01.01.2024;SERGEJTARASOV.ru
01.01.2024;SERGIOTANNER.ru
01.01.2024;SERIYGUS.ru
01.01.2024;SERME.ru
01.01.2024;SERTSPEC.ru
01.01.2024;SERVER-GAME.ru
01.01.2024;SERVICE-3249.ru
01.01.2024;SERVICE-4258.ru
01.01.2024;SERVICE-KOTLOV.ru
01.01.2024;SERVICEPK.ru
01.01.2024;SERVICESNN.ru
01.01.2024;SERVICESTEEL.ru
01.01.2024;SETEVIDENIE.ru
01.01.2024;SEUG.ru
01.01.2024;SEVMA.ru
01.01.2024;SEVTEPLO.ru
01.01.2024;SEX-USLUGA.ru
01.01.2024;SEXIM.ru
01.01.2024;SEXOFON.ru
01.01.2024;SEXUSLUGA.ru
01.01.2024;SEXYL.ru
01.01.2024;SFCE.ru
01.01.2024;SFFG.ru
01.01.2024;SFKG.ru
01.01.2024;SFNG.ru
01.01.2024;SFVG.ru
01.01.2024;SGAA.ru
01.01.2024;SGGP.ru
01.01.2024;SGMF.ru
01.01.2024;SGYO.ru
01.01.2024;SHAHTER42.ru
01.01.2024;SHAHUNOV.ru
01.01.2024;SHALITKIN.ru
01.01.2024;SHALPAKOV.ru
01.01.2024;SHAMANKI.ru
01.01.2024;SHAMKOVA.ru
01.01.2024;SHAMROCKOO4TUNE.ru
01.01.2024;SHANIKOV.ru
01.01.2024;SHAPENKOV.ru
01.01.2024;SHAPOLOV.ru
01.01.2024;SHAPULENKOV.ru
01.01.2024;SHARABUROV.ru
01.01.2024;SHAREDKITCHEN.ru
01.01.2024;SHAREFOTO.ru
01.01.2024;SHAREPHOTO.ru
01.01.2024;SHAREWISE.ru
01.01.2024;SHARMATEAS.ru
01.01.2024;SHASHLIKNAUGLYAH.ru
01.01.2024;SHATKOVA.ru
01.01.2024;SHAUROVA.ru
01.01.2024;SHAVELKOV.ru
01.01.2024;SHAVOLINA.ru
01.01.2024;SHAYDOROV.ru
01.01.2024;SHAYTOROV.ru
01.01.2024;SHCE.ru
01.01.2024;SHEBUROV.ru
01.01.2024;SHEENKO.ru
01.01.2024;SHEHLOV.ru
01.01.2024;SHEKALOVA.ru
01.01.2024;SHELKANOV.ru
01.01.2024;SHEMA-UCHASTKA.ru
01.01.2024;SHEMUHINA.ru
01.01.2024;SHENDAROV.ru
01.01.2024;SHENDRIKOV.ru
01.01.2024;SHENNIKOV.ru
01.01.2024;SHEPLYAKOV.ru
01.01.2024;SHERPAKOV.ru
01.01.2024;SHEVANOVA.ru
01.01.2024;SHEVROV.ru
01.01.2024;SHIBI.ru
01.01.2024;SHIGANOVA.ru
01.01.2024;SHIGAREVA.ru
01.01.2024;SHIGFIN.ru
01.01.2024;SHIKER-KERIMOVA.ru
01.01.2024;SHINDIAPINA.ru
01.01.2024;SHIPCREW.ru
01.01.2024;SHIPOLETOV.ru
01.01.2024;SHISHANOV.ru
01.01.2024;SHKAF-DEKOR.ru
01.01.2024;SHKAFDEKOR.ru
01.01.2024;SHKAFY-NA-ZAKAZ-MOSKVA.ru
01.01.2024;SHKAFY-NA-ZAKAZ-MSK.ru
01.01.2024;SHKOLA-EXPERTA.ru
01.01.2024;SHKOLA-NN.ru
01.01.2024;SHKOLA7.ru
01.01.2024;SHKOLANN.ru
01.01.2024;SHMANKOV.ru
01.01.2024;SHMONOV.ru
01.01.2024;SHOHROV.ru
01.01.2024;SHOKOLADINFO.ru
01.01.2024;SHOP-ALKO.ru
01.01.2024;SHOPINA.ru
01.01.2024;SHOPPINGONE.ru
01.01.2024;SHORELAND.ru
01.01.2024;SHOTOV.ru
01.01.2024;SHTABOROV.ru
01.01.2024;SHTINNIKOV.ru
01.01.2024;SHUDRIKOV.ru
01.01.2024;SHUNTS.ru
01.01.2024;SHUPKO.ru
01.01.2024;SHUTEEVA.ru
01.01.2024;SHVILO.ru
01.01.2024;SHYSHKIN.ru
01.01.2024;SI-TE.ru
01.01.2024;SIBERIANMEAT.ru
01.01.2024;SIBERIAORGANIC.ru
01.01.2024;SIBILEVA.ru
01.01.2024;SIBKEA.ru
01.01.2024;SIBRIDGE.ru
01.01.2024;SIDECARS.ru
01.01.2024;SIDESHOP.ru
01.01.2024;SIGIN.ru
01.01.2024;SIGMAACADEMY.ru
01.01.2024;SIGUNOVA.ru
01.01.2024;SILKYHAIR.ru
01.01.2024;SILLETT.ru
01.01.2024;SILVERGREEN.ru
01.01.2024;SIMBIRSK-NEFTEPRODUCT.ru
01.01.2024;SIMETRY.ru
01.01.2024;SIMONGREEN.ru
01.01.2024;SIMPLE-DOORS.ru
01.01.2024;SIMPLEMENU.ru
01.01.2024;SIMPLYWORK.ru
01.01.2024;SION-STROY.ru
01.01.2024;SISTEMA-CS.ru
01.01.2024;SITEASTROLOGA.ru
01.01.2024;SITESMERTI.ru
01.01.2024;SIUG.ru
01.01.2024;SIVOVA.ru
01.01.2024;SK-SHVATKA74.ru
01.01.2024;SK-YAKOR.ru
01.01.2024;SKAZKADETSAD.ru
01.01.2024;SKETCHBOOKS.ru
01.01.2024;SKGARANTMSK.ru
01.01.2024;SKILL-2178.ru
01.01.2024;SKILLTY.ru
01.01.2024;SKINFORMULA.ru
01.01.2024;SKINWALKER.ru
01.01.2024;SKKL.ru
01.01.2024;SKORO-CHTENIE.ru
01.01.2024;SKOROCHTENIENN.ru
01.01.2024;SKPTPS.ru
01.01.2024;SKUPKA-AVTO18.ru
01.01.2024;SKV-SAMARA.ru
01.01.2024;SKYLANT.ru
01.01.2024;SKYPARKS.ru
01.01.2024;SKYPOL.ru
01.01.2024;SKYVENDING.ru
01.01.2024;SLA210270.ru
01.01.2024;SLASHEVA.ru
01.01.2024;SLAV-GUARD.ru
01.01.2024;SLAVYIA.ru
01.01.2024;SLEEPREVOLUTION.ru
01.01.2024;SLETAT-ABKHAZIA.ru
01.01.2024;SLETAT-ALANYA.ru
01.01.2024;SLETAT-ALUSHTA.ru
01.01.2024;SLETAT-ANAPA.ru
01.01.2024;SLETAT-ARMENIA.ru
01.01.2024;SLETAT-AZERBAIJAN.ru
01.01.2024;SLETAT-BAHRAIN.ru
01.01.2024;SLETAT-BALI.ru
01.01.2024;SLETAT-BELARUS.ru
01.01.2024;SLETAT-BELEK.ru
01.01.2024;SLETAT-BODRUM.ru
01.01.2024;SLETAT-BULGARIA.ru
01.01.2024;SLETAT-CHINA.ru
01.01.2024;SLETAT-CORFU.ru
01.01.2024;SLETAT-CRETE.ru
01.01.2024;SLETAT-CRIMEA.ru
01.01.2024;SLETAT-CROATIA.ru
01.01.2024;SLETAT-CUBA.ru
01.01.2024;SLETAT-CYPRUS.ru
01.01.2024;SLETAT-DOMINICAN.ru
01.01.2024;SLETAT-DUBAI.ru
01.01.2024;SLETAT-EGIPET.ru
01.01.2024;SLETAT-FRANCE.ru
01.01.2024;SLETAT-GELENDZHIK.ru
01.01.2024;SLETAT-GEORGIA.ru
01.01.2024;SLETAT-GOA.ru
01.01.2024;SLETAT-GREECE.ru
01.01.2024;SLETAT-HAINAN.ru
01.01.2024;SLETAT-HUNGRIA.ru
01.01.2024;SLETAT-HURGADA.ru
01.01.2024;SLETAT-ISRAEL.ru
01.01.2024;SLETAT-ISTANBUL.ru
01.01.2024;SLETAT-ITALY.ru
01.01.2024;SLETAT-MALDIVES.ru
01.01.2024;SLETAT-MARMARIS.ru
01.01.2024;SLETAT-MAROKKO.ru
01.01.2024;SLETAT-MAURITIUS.ru
01.01.2024;SLETAT-MEXIKO.ru
01.01.2024;SLETAT-MONTENEGRO.ru
01.01.2024;SLETAT-OAE.ru
01.01.2024;SLETAT-OMAN.ru
01.01.2024;SLETAT-PATTAYA.ru
01.01.2024;SLETAT-PHUKET.ru
01.01.2024;SLETAT-QATAR.ru
01.01.2024;SLETAT-RODOS.ru
01.01.2024;SLETAT-SERBIA.ru
01.01.2024;SLETAT-SEYCHELLES.ru
01.01.2024;SLETAT-SHARJAH.ru
01.01.2024;SLETAT-SHARMELSHEIH.ru
01.01.2024;SLETAT-SIDE.ru
01.01.2024;SLETAT-SOCHI.ru
01.01.2024;SLETAT-SPAIN.ru
01.01.2024;SLETAT-SRILANKA.ru
01.01.2024;SLETAT-THAILAND.ru
01.01.2024;SLETAT-TUNISIA.ru
01.01.2024;SLETAT-TURKEY.ru
01.01.2024;SLETAT-UZBEKISTAN.ru
01.01.2024;SLETAT-VARADERO.ru
01.01.2024;SLETAT-VENEZUELA.ru
01.01.2024;SLETAT-VIETNAM.ru
01.01.2024;SLETAT-YALTA.ru
01.01.2024;SLETAT-ZANZIBAR.ru
01.01.2024;SLOT78-ZERKALO.ru
01.01.2024;SLOTGAMERS.ru
01.01.2024;SLOVO1-8PACANA.ru
01.01.2024;SLOVOOPASONA.ru
01.01.2024;SLOVOPACANA8-2023.ru
01.01.2024;SLOVOPACANADE.ru
01.01.2024;SLOVOPACANAFE.ru
01.01.2024;SLOVOPACANAHE.ru
01.01.2024;SLOVOPACANALE.ru
01.01.2024;SLOVOPACANAME.ru
01.01.2024;SLOVOPACANAMI.ru
01.01.2024;SLOVOPACANAOI.ru
01.01.2024;SLOVOPACANAXE.ru
01.01.2024;SLOVOPACANAXU.ru
01.01.2024;SLOVOPACONAA.ru
01.01.2024;SLOVOPASONAA.ru
01.01.2024;SLOVOPASONAS.ru
01.01.2024;SLOVOPASSONA.ru
01.01.2024;SLOVOPASSONA8.ru
01.01.2024;SLOVOPASSONAA.ru
01.01.2024;SLPCV.ru
01.01.2024;SLY-INTERIORS.ru
01.01.2024;SMARTBARRIER.ru
01.01.2024;SMARTCHAINS.ru
01.01.2024;SMARTDAIRY.ru
01.01.2024;SMARTELEPHANT.ru
01.01.2024;SMARTOSIB.ru
01.01.2024;SMCLINIK.ru
01.01.2024;SMD1.ru
01.01.2024;SMITHSPORT.ru
01.01.2024;SMKLINIK.ru
01.01.2024;SMM-NXRTH.ru
01.01.2024;SMMGAME.ru
01.01.2024;SMMHEAD.ru
01.01.2024;SMPLITA.ru
01.01.2024;SMSPAK.ru
01.01.2024;SMUE.ru
01.01.2024;SNABRO.ru
01.01.2024;SNAILBEAUTY.ru
01.01.2024;SNAILRACING.ru
01.01.2024;SNFA.ru
01.01.2024;SNLS.ru
01.01.2024;SNNY.ru
01.01.2024;SNOVIDETC.ru
01.01.2024;SO-CUTE.ru
01.01.2024;SO-HOT.ru
01.01.2024;SOBACHYESERDTSE.ru
01.01.2024;SOBERBASH.ru
01.01.2024;SOBERIAUTO.ru
01.01.2024;SOBERIAVTO.ru
01.01.2024;SOBNAT.ru
01.01.2024;SOBOV.ru
01.01.2024;SOCFRILANCE.ru
01.01.2024;SOCIAL-NEWS.ru
01.01.2024;SOCIALGREEN.ru
01.01.2024;SOCPROFILE.ru
01.01.2024;SOCUT.ru
01.01.2024;SOFYA8041.ru
01.01.2024;SOHRANOV.ru
01.01.2024;SOHRANOVA.ru
01.01.2024;SOKOLOVSKAYADVOKAT.ru
01.01.2024;SOKOREVA.ru
01.01.2024;SOKOTOVA.ru
01.01.2024;SOLANASUN.ru
01.01.2024;SOLAR-GENERATOR.ru
01.01.2024;SOLKOGAN.ru
01.01.2024;SOLNCE-SVET.ru
01.01.2024;SOLOKINA.ru
01.01.2024;SOMEKINDOFCAT.ru
01.01.2024;SON97.ru
01.01.2024;SONNIYDESIGN.ru
01.01.2024;SONNOE-CARSTVO.ru
01.01.2024;SONOWORLD.ru
01.01.2024;SOOSTERIA.ru
01.01.2024;SORRENTOCLUB.ru
01.01.2024;SORS15.ru
01.01.2024;SOSG.ru
01.01.2024;SOSOCREDIT.ru
01.01.2024;SOTIKOVA.ru
01.01.2024;SOULVIBRATION.ru
01.01.2024;SOUNDCREATOR.ru
01.01.2024;SOUNDIUM.ru
01.01.2024;SOUNDRECORDER.ru
01.01.2024;SOURCECHANGER.ru
01.01.2024;SOUTHFIELD.ru
01.01.2024;SOVTEXTILE.ru
01.01.2024;SOYUZLAB.ru
01.01.2024;SP-2025.ru
01.01.2024;SP2025.ru
01.01.2024;SPA-KURORTY.ru
01.01.2024;SPACE-D.ru
01.01.2024;SPACESMOKE.ru
01.01.2024;SPALADEL.ru
01.01.2024;SPATEKA.ru
01.01.2024;SPB-CONS.ru
01.01.2024;SPB-UBORKA.ru
01.01.2024;SPB1-ZAIM.ru
01.01.2024;SPECIALIT-DESIGN.ru
01.01.2024;SPECIALSCOMEDY.ru
01.01.2024;SPEED-N-CASH-GAME.ru
01.01.2024;SPEKTR-GAZ.ru
01.01.2024;SPELEOTURIZM.ru
01.01.2024;SPELEOX.ru
01.01.2024;SPESHOV.ru
01.01.2024;SPHA.ru
01.01.2024;SPICEDROP.ru
01.01.2024;SPIDERCAM.ru
01.01.2024;SPIKES-SHOP.ru
01.01.2024;SPINCITYBET.ru
01.01.2024;SPINCITYBONUS.ru
01.01.2024;SPINCITYMAX.ru
01.01.2024;SPINSPIN.ru
01.01.2024;SPIRITUALIST.ru
01.01.2024;SPITZER-SILO.ru
01.01.2024;SPLIT-IT.ru
01.01.2024;SPLITPROF.ru
01.01.2024;SPORT-HOBBY.ru
01.01.2024;SPORTGU.ru
01.01.2024;SPORTISLAND.ru
01.01.2024;SPORTPITSHOP.ru
01.01.2024;SPORTS-ILLUSTRATED.ru
01.01.2024;SPORTS-ONE.ru
01.01.2024;SPORTSANALYTICS.ru
01.01.2024;SPORTSAPP.ru
01.01.2024;SPORTSCARDS.ru
01.01.2024;SPORTSNN.ru
01.01.2024;SPORTVIBOR.ru
01.01.2024;SPRAZDNIK.ru
01.01.2024;SPRINGCRAFT.ru
01.01.2024;SPRINGFILD.ru
01.01.2024;SPRINGMASTER.ru
01.01.2024;SQHELL.ru
01.01.2024;SRDL.ru
01.01.2024;SRHA.ru
01.01.2024;SRHR.ru
01.01.2024;SROLIDER.ru
01.01.2024;SSABIROV.ru
01.01.2024;SSHITO.ru
01.01.2024;SSHOHIN.ru
01.01.2024;SSLEPTSOVA.ru
01.01.2024;SSTRONA.ru
01.01.2024;SSUL.ru
01.01.2024;ST-GORIZONT.ru
01.01.2024;ST-NITRO.ru
01.01.2024;STAGEAI.ru
01.01.2024;STAN-DIGITAL.ru
01.01.2024;STANKOZAVODSEDIN.ru
01.01.2024;STARAKASHEV.ru
01.01.2024;STAREAST.ru
01.01.2024;STARS-FOR-YOU.ru
01.01.2024;STARSEX.ru
01.01.2024;STARSKILL.ru
01.01.2024;START-54.ru
01.01.2024;START54.ru
01.01.2024;STARTOILDV.ru
01.01.2024;STARTWELD54.ru
01.01.2024;STARTWELDING.ru
01.01.2024;STARTWELDING54.ru
01.01.2024;STATINOVA.ru
01.01.2024;STATUS-STROI.ru
01.01.2024;STATWOT.ru
01.01.2024;STAVKISPORTANALITIKA.ru
01.01.2024;STAVSKY.ru
01.01.2024;STEELBULL.ru
01.01.2024;STEEPCEILING.ru
01.01.2024;STEKART.ru
01.01.2024;STELLARBUCKS.ru
01.01.2024;STEPAROVA.ru
01.01.2024;STEPICHEVA.ru
01.01.2024;STEPREALITY.ru
01.01.2024;STEREOJAM.ru
01.01.2024;STERRARUSSIA.ru
01.01.2024;STEUERBERATUNG.ru
01.01.2024;STFLOT.ru
01.01.2024;STGORIZONT.ru
01.01.2024;STHE.ru
01.01.2024;STIMTORG.ru
01.01.2024;STIPPLING.ru
01.01.2024;STO-MATRESHKA.ru
01.01.2024;STOLMAN.ru
01.01.2024;STOM-TOP.ru
01.01.2024;STOMAKLINIKA.ru
01.01.2024;STOMATOLOGY-FAMILY.ru
01.01.2024;STONE-VILLAGE.ru
01.01.2024;STONEAUTO.ru
01.01.2024;STOPTHEWAR.ru
01.01.2024;STOPTSOV.ru
01.01.2024;STOREFY.ru
01.01.2024;STORREX.ru
01.01.2024;STORYAL.ru
01.01.2024;STRANGERUSSIA.ru
01.01.2024;STREAMFLIX.ru
01.01.2024;STREET-BOOTS.ru
01.01.2024;STREET-CULTURE.ru
01.01.2024;STROI-1.ru
01.01.2024;STROI-D.ru
01.01.2024;STROI-KOMPLEKS.ru
01.01.2024;STROI-L.ru
01.01.2024;STROI-NOVO.ru
01.01.2024;STROI-PROJEKT.ru
01.01.2024;STROI-X.ru
01.01.2024;STROIKAB.ru
01.01.2024;STROIKASOCHI.ru
01.01.2024;STROIKINEWS.ru
01.01.2024;STROINOVO.ru
01.01.2024;STROIPROJEKT.ru
01.01.2024;STROMEH-78.ru
01.01.2024;STROY-COMP.ru
01.01.2024;STROY-INTER.ru
01.01.2024;STROY-KA-DACH.ru
01.01.2024;STROY-KA-MAG.ru
01.01.2024;STROY-OMEGA.ru
01.01.2024;STROY-PANORAMA.ru
01.01.2024;STROY-VAGON.ru
01.01.2024;STROYKA-DACH.ru
01.01.2024;STROYKA-MAG.ru
01.01.2024;STROYKA-MARKETINGRUS.ru
01.01.2024;STROYKA-OPT.ru
01.01.2024;STROYREMONTMASTER.ru
01.01.2024;STROYRUM.ru
01.01.2024;STROYTOV.ru
01.01.2024;STROYVVD.ru
01.01.2024;STRYABKOV.ru
01.01.2024;STUDIOONE-ZELENOGRAD.ru
01.01.2024;STUDIYA-DIZAINA-INTERERA.ru
01.01.2024;STUPENKI-NN.ru
01.01.2024;STVF.ru
01.01.2024;SUANMING.ru
01.01.2024;SUCCESSUP.ru
01.01.2024;SUDARCHITECTES.ru
01.01.2024;SUFB.ru
01.01.2024;SUGARINA.ru
01.01.2024;SUKC.ru
01.01.2024;SULX.ru
01.01.2024;SUMMERGREEN.ru
01.01.2024;SUN-BUX.ru
01.01.2024;SUN5.ru
01.01.2024;SUN9.ru
01.01.2024;SUNUO.ru
01.01.2024;SUNWER.ru
01.01.2024;SUPERDRAW.ru
01.01.2024;SUPERHUNT.ru
01.01.2024;SUPERKEK.ru
01.01.2024;SUPERLIVEHDPLAY.ru
01.01.2024;SUPERNATURA.ru
01.01.2024;SUPERSAAS.ru
01.01.2024;SUPG.ru
01.01.2024;SUPPORTBUSINESS.ru
01.01.2024;SURGEPROTECTION.ru
01.01.2024;SUROVOE.ru
01.01.2024;SURVIX.ru
01.01.2024;SUSHI-1.ru
01.01.2024;SUVENIR-GOROHOVES.ru
01.01.2024;SVBF.ru
01.01.2024;SVDMOTORS.ru
01.01.2024;SVETLYAKOV.ru
01.01.2024;SVETOCAM.ru
01.01.2024;SVETOYUG.ru
01.01.2024;SVETVITRIN.ru
01.01.2024;SVFF.ru
01.01.2024;SVFR.ru
01.01.2024;SVISTELKA.ru
01.01.2024;SVOEV.ru
01.01.2024;SVOEVREMYA.ru
01.01.2024;SVOYSPORT.ru
01.01.2024;SVOYWEBSITE.ru
01.01.2024;SVOYZAVOD.ru
01.01.2024;SVUF.ru
01.01.2024;SVYAZINTEL.ru
01.01.2024;SW-RP.ru
01.01.2024;SWAQ.ru
01.01.2024;SWCLOUD.ru
01.01.2024;SWEET-FROST.ru
01.01.2024;SWGU.ru
01.01.2024;SWIFTMEDICAL.ru
01.01.2024;SWITCHABLE.ru
01.01.2024;SWPH.ru
01.01.2024;SWSERV.ru
01.01.2024;SYCHESLAV.ru
01.01.2024;SYMBOLE.ru
01.01.2024;SYMU.ru
01.01.2024;SYNDA.ru
01.01.2024;SYNTELCO.ru
01.01.2024;SYSTEMLEVEL.ru
01.01.2024;SYSTEMPAYMENT.ru
01.01.2024;SYSTEMS-DESIGN.ru
01.01.2024;SZGT.ru
01.01.2024;TABLEFIX.ru
01.01.2024;TADL.ru
01.01.2024;TAFARI.ru
01.01.2024;TAGEO.ru
01.01.2024;TAKECRYPTO.ru
01.01.2024;TALESOFARPHA.ru
01.01.2024;TALKMUSE.ru
01.01.2024;TAMADANCE.ru
01.01.2024;TAMAZAEV.ru
01.01.2024;TAMOZHNIKOV.ru
01.01.2024;TANAC.ru
01.01.2024;TANACHEVA.ru
01.01.2024;TANCA.ru
01.01.2024;TANDYR-OPT.ru
01.01.2024;TANE4KAKIRI4.ru
01.01.2024;TANKI-BONUS-NOW.ru
01.01.2024;TANKI-NEWYEAR-BONUS.ru
01.01.2024;TANTRASEX.ru
01.01.2024;TANYAPHOTO.ru
01.01.2024;TAPORIUM.ru
01.01.2024;TAPTAPTAP.ru
01.01.2024;TARA-UPAK.ru
01.01.2024;TAROTGALAXY.ru
01.01.2024;TARZIEVA.ru
01.01.2024;TASTEGOOD.ru
01.01.2024;TASTYAND.ru
01.01.2024;TATAR-IGNATOV.ru
01.01.2024;TATENCOM.ru
01.01.2024;TATTISAM.ru
01.01.2024;TAUA.ru
01.01.2024;TAVANIS.ru
01.01.2024;TAXONEIN.ru
01.01.2024;TBGE.ru
01.01.2024;TBHS.ru
01.01.2024;TBKC.ru
01.01.2024;TBLE.ru
01.01.2024;TBPE.ru
01.01.2024;TBRD.ru
01.01.2024;TCAE.ru
01.01.2024;TCBE.ru
01.01.2024;TCDNS.ru
01.01.2024;TCEE.ru
01.01.2024;TCFE.ru
01.01.2024;TCKC.ru
01.01.2024;TCUC.ru
01.01.2024;TD-ENERGIA.ru
01.01.2024;TDLA.ru
01.01.2024;TDLR.ru
01.01.2024;TDPOINT.ru
01.01.2024;TDVC.ru
01.01.2024;TDYZ.ru
01.01.2024;TEAM-BUILDER.ru
01.01.2024;TEAMWAVE.ru
01.01.2024;TEATRMIMOKROKODIL.ru
01.01.2024;TECH-CO.ru
01.01.2024;TECHNICALSALES.ru
01.01.2024;TECHNOMONSTR.ru
01.01.2024;TECHNOSMOTR.ru
01.01.2024;TECHPAPA.ru
01.01.2024;TEDG.ru
01.01.2024;TEENCHALLENGE.ru
01.01.2024;TEHNIKA-S.ru
01.01.2024;TEHOSMOTR93.ru
01.01.2024;TEHUL.ru
01.01.2024;TEKCTIL.ru
01.01.2024;TEKG.ru
01.01.2024;TEKMET.ru
01.01.2024;TELEGRAM-MINI-APPS.ru
01.01.2024;TELEGRAMIST.ru
01.01.2024;TELEIPOTEKA.ru
01.01.2024;TELEKOMSK.ru
01.01.2024;TELEKORTPOMOR.ru
01.01.2024;TELEMDCN.ru
01.01.2024;TELEMEDTEH.ru
01.01.2024;TELMA-NN.ru
01.01.2024;TEMASMIRNOV.ru
01.01.2024;TEMP77.ru
01.01.2024;TENKOT.ru
01.01.2024;TENNISPROFI.ru
01.01.2024;TENNYSON.ru
01.01.2024;TENT-BREZENT.ru
01.01.2024;TEOBEAR.ru
01.01.2024;TEPLO-YEISK.ru
01.01.2024;TEPLODEY.ru
01.01.2024;TEPLOTEZ.ru
01.01.2024;TERASTORE.ru
01.01.2024;TEREMOK-53.ru
01.01.2024;TERM1TE.ru
01.01.2024;TERMO-PROJECT.ru
01.01.2024;TERTOVA.ru
01.01.2024;TES163.ru
01.01.2024;TEST-X-1.ru
01.01.2024;TESTASK.ru
01.01.2024;TESTENGLISH.ru
01.01.2024;TESTMANIA.ru
01.01.2024;TESTMYAPP.ru
01.01.2024;TETANUS.ru
01.01.2024;TEXTILSITE.ru
01.01.2024;TFDS.ru
01.01.2024;TFEE.ru
01.01.2024;TFGG.ru
01.01.2024;TFHE.ru
01.01.2024;TFHS.ru
01.01.2024;TFIG.ru
01.01.2024;TFLZONE.ru
01.01.2024;TFMA.ru
01.01.2024;TFPA.ru
01.01.2024;TFRC.ru
01.01.2024;TFRS.ru
01.01.2024;TFTG.ru
01.01.2024;TFTS.ru
01.01.2024;TFUE.ru
01.01.2024;TFUM.ru
01.01.2024;TGAA.ru
01.01.2024;TGCE.ru
01.01.2024;TGFS.ru
01.01.2024;TGGS.ru
01.01.2024;TGHA.ru
01.01.2024;TGIA.ru
01.01.2024;TGIE.ru
01.01.2024;TGPLUS-SHOP.ru
01.01.2024;TGWF.ru
01.01.2024;THAE.ru
01.01.2024;THALASSOBRETAGNE.ru
01.01.2024;THCE.ru
01.01.2024;THDR.ru
01.01.2024;THE-BIZ.ru
01.01.2024;THEBAGSHOP.ru
01.01.2024;THEFLAMINGO.ru
01.01.2024;THEFOREVER.ru
01.01.2024;THEGREENBOX.ru
01.01.2024;THEGREENCARD.ru
01.01.2024;THEGREENCAT.ru
01.01.2024;THEGREENDAY.ru
01.01.2024;THEGREENHOME.ru
01.01.2024;THEGREENLAB.ru
01.01.2024;THEGREENLINK.ru
01.01.2024;THEGREENROOM.ru
01.01.2024;THEGREENSHOP.ru
01.01.2024;THEGREENWAY.ru
01.01.2024;THEGREENWOOD.ru
01.01.2024;THEHABIT.ru
01.01.2024;THELOVES.ru
01.01.2024;THENAME-DELUXE.ru
01.01.2024;THEPARTYPAY.ru
01.01.2024;THEPLAYLIST.ru
01.01.2024;THERAILWAY.ru
01.01.2024;THERMOLABS.ru
01.01.2024;THESTOP.ru
01.01.2024;THESUPPORTS.ru
01.01.2024;THETHIRDPLACE.ru
01.01.2024;THFS.ru
01.01.2024;THGA.ru
01.01.2024;THLE.ru
01.01.2024;THULEAUTO.ru
01.01.2024;TIANYA-AUTO.ru
01.01.2024;TIANYA-MOS.ru
01.01.2024;TIANYA-MSC.ru
01.01.2024;TICKET-1.ru
01.01.2024;TICKET-TOP.ru
01.01.2024;TICKET-X.ru
01.01.2024;TICKETBRO.ru
01.01.2024;TICKETTOP.ru
01.01.2024;TIFFANIE.ru
01.01.2024;TIHANKOV.ru
01.01.2024;TIHANKOVA.ru
01.01.2024;TIHOMOLOV.ru
01.01.2024;TIHOVODOV.ru
01.01.2024;TIKETC.ru
01.01.2024;TILL-2137.ru
01.01.2024;TIMBERTEAM.ru
01.01.2024;TIME-FINANCE.ru
01.01.2024;TIMETOMEET.ru
01.01.2024;TIPSAI.ru
01.01.2024;TIPSLAB.ru
01.01.2024;TIRABETHE.ru
01.01.2024;TKBRAMPA.ru
01.01.2024;TKCK.ru
01.01.2024;TKLASSIKA.ru
01.01.2024;TKUC.ru
01.01.2024;TLDP.ru
01.01.2024;TMCL.ru
01.01.2024;TMFA.ru
01.01.2024;TMLN.ru
01.01.2024;TMLR.ru
01.01.2024;TMML.ru
01.01.2024;TMOG.ru
01.01.2024;TMRL.ru
01.01.2024;TMTL.ru
01.01.2024;TMVA.ru
01.01.2024;TNCE.ru
01.01.2024;TNCG.ru
01.01.2024;TNEL.ru
01.01.2024;TNHA.ru
01.01.2024;TNIL.ru
01.01.2024;TNLD.ru
01.01.2024;TNLE.ru
01.01.2024;TNLI.ru
01.01.2024;TNLL.ru
01.01.2024;TNLM.ru
01.01.2024;TNLN.ru
01.01.2024;TNLO.ru
01.01.2024;TNLR.ru
01.01.2024;TNLT.ru
01.01.2024;TNML.ru
01.01.2024;TOBAD.ru
01.01.2024;TOBUT.ru
01.01.2024;TOCENKA.ru
01.01.2024;TOCUP.ru
01.01.2024;TODAYFINANCE.ru
01.01.2024;TOFAIL.ru
01.01.2024;TOFEEL.ru
01.01.2024;TOHAVE.ru
01.01.2024;TOJIKON.ru
01.01.2024;TOKEEP.ru
01.01.2024;TOKENMANIA.ru
01.01.2024;TOLESS.ru
01.01.2024;TOLOSS.ru
01.01.2024;TONBERRY.ru
01.01.2024;TONGDA-TRAILER.ru
01.01.2024;TONH.ru
01.01.2024;TOOLS-MSK.ru
01.01.2024;TOOLSLABS.ru
01.01.2024;TOOLSM.ru
01.01.2024;TOP-ALCO.ru
01.01.2024;TOP-ALKO.ru
01.01.2024;TOP-BRUS.ru
01.01.2024;TOP-CEMENT.ru
01.01.2024;TOP-DELUXE.ru
01.01.2024;TOP-EKO.ru
01.01.2024;TOP-EKSPERT.ru
01.01.2024;TOP-GURU.ru
01.01.2024;TOP-IKRA.ru
01.01.2024;TOP-KOVKA.ru
01.01.2024;TOP-ROS.ru
01.01.2024;TOP-TELEVISION.ru
01.01.2024;TOPALKO.ru
01.01.2024;TOPBED.ru
01.01.2024;TOPCHIC.ru
01.01.2024;TOPDR.ru
01.01.2024;TOPELTOOLS.ru
01.01.2024;TOPIMPLANT.ru
01.01.2024;TOPLIVNAYA.ru
01.01.2024;TOPROTANG.ru
01.01.2024;TOPROVE.ru
01.01.2024;TOPULL.ru
01.01.2024;TOPUSH.ru
01.01.2024;TOPUT.ru
01.01.2024;TOQL.ru
01.01.2024;TOQUITE.ru
01.01.2024;TORCHERE.ru
01.01.2024;TORISTORY.ru
01.01.2024;TOROHOV.ru
01.01.2024;TORTIKNN.ru
01.01.2024;TOSHAKOV.ru
01.01.2024;TOTHINK.ru
01.01.2024;TOTIN.ru
01.01.2024;TOUR-GURU.ru
01.01.2024;TOURENT.ru
01.01.2024;TOURGURU44.ru
01.01.2024;TOURISTCLASS.ru
01.01.2024;TOURNN.ru
01.01.2024;TOURPLATFORM.ru
01.01.2024;TOVANOV.ru
01.01.2024;TOYEAR.ru
01.01.2024;TOYET.ru
01.01.2024;TPGA.ru
01.01.2024;TQFN.ru
01.01.2024;TRADE-X.ru
01.01.2024;TRADEKZ.ru
01.01.2024;TRADERETAIL.ru
01.01.2024;TRADEZON.ru
01.01.2024;TRADINGCONCEPT.ru
01.01.2024;TRADINGTON.ru
01.01.2024;TRAILCLUB.ru
01.01.2024;TRAKTORCLICK.ru
01.01.2024;TRANSFORMPLACE.ru
01.01.2024;TRANSKATE.ru
01.01.2024;TRANSLINE-FORKLIFT.ru
01.01.2024;TRANSPORT-TECHNO.ru
01.01.2024;TRAVEL-LAW.ru
01.01.2024;TRAVEL-PORT.ru
01.01.2024;TRAVELEND.ru
01.01.2024;TRAVELOVERS.ru
01.01.2024;TREBUHOV.ru
01.01.2024;TREDIPIL.ru
01.01.2024;TREEPARKER.ru
01.01.2024;TRENDGAMES.ru
01.01.2024;TREPOVA.ru
01.01.2024;TREZVY.ru
01.01.2024;TRIADAK.ru
01.01.2024;TRIALNN.ru
01.01.2024;TRIBAR-MEDIA.ru
01.01.2024;TRIMAC.ru
01.01.2024;TRIMMER-GAZONOKOSILKA.ru
01.01.2024;TRIMMERGAZONOKOSILKA.ru
01.01.2024;TRINGLOB.ru
01.01.2024;TRINITIAIRSOFT.ru
01.01.2024;TRIP-2317.ru
01.01.2024;TRIPTEASE.ru
01.01.2024;TRLD.ru
01.01.2024;TRLR.ru
01.01.2024;TROBA.ru
01.01.2024;TROFLEXA.ru
01.01.2024;TROPIK71.ru
01.01.2024;TRUBA-ONLINE.ru
01.01.2024;TRUBAONLINE.ru
01.01.2024;TRUCK-RENT.ru
01.01.2024;TRUCKS-ONLINE.ru
01.01.2024;TRUEALI.ru
01.01.2024;TRUEGGELMANN.ru
01.01.2024;TRUGREEN.ru
01.01.2024;TRULYBEAUTY.ru
01.01.2024;TRVG.ru
01.01.2024;TRYPLAY.ru
01.01.2024;TRYSPORTS.ru
01.01.2024;TSAPLINO.ru
01.01.2024;TSKARKADA.ru
01.01.2024;TSLL.ru
01.01.2024;TSRL.ru
01.01.2024;TSVETKOV-PHOTO.ru
01.01.2024;TSVETLOVA.ru
01.01.2024;TTAL.ru
01.01.2024;TTDL.ru
01.01.2024;TTHS.ru
01.01.2024;TTIF.ru
01.01.2024;TTIL.ru
01.01.2024;TTLD.ru
01.01.2024;TTLN.ru
01.01.2024;TTLR.ru
01.01.2024;TTNL.ru
01.01.2024;TTRL.ru
01.01.2024;TUBAO.ru
01.01.2024;TUBC.ru
01.01.2024;TUBETEAM.ru
01.01.2024;TUE-IRT.ru
01.01.2024;TUHC.ru
01.01.2024;TUI-NN.ru
01.01.2024;TULALEGION.ru
01.01.2024;TULS-A.ru
01.01.2024;TUNINGVIDEO.ru
01.01.2024;TUNNL.ru
01.01.2024;TUPIKINA.ru
01.01.2024;TUR-GO.ru
01.01.2024;TUR-OK.ru
01.01.2024;TUR7.ru
01.01.2024;TURBO-KASINO3.ru
01.01.2024;TURININO.ru
01.01.2024;TURIST-GID.ru
01.01.2024;TURISTE.ru
01.01.2024;TURNIK-CENTR.ru
01.01.2024;TUSL.ru
01.01.2024;TUSURLABS.ru
01.01.2024;TUT-KNIFE.ru
01.01.2024;TUVAZAIM.ru
01.01.2024;TV-CODE.ru
01.01.2024;TVAA.ru
01.01.2024;TVAE.ru
01.01.2024;TVASHTAR.ru
01.01.2024;TVCE.ru
01.01.2024;TVCF.ru
01.01.2024;TVDE.ru
01.01.2024;TVERDOSPLAV59.ru
01.01.2024;TVFA.ru
01.01.2024;TVFC.ru
01.01.2024;TVHS.ru
01.01.2024;TVITE.ru
01.01.2024;TVLE.ru
01.01.2024;TVNX.ru
01.01.2024;TVOE-SHOP.ru
01.01.2024;TVOYA-ENERGIA.ru
01.01.2024;TVPA.ru
01.01.2024;TVSKV71.ru
01.01.2024;TVUA.ru
01.01.2024;TWINWORLD.ru
01.01.2024;TWOROOM.ru
01.01.2024;TX-ELECTRO.ru
01.01.2024;TXELECTRO.ru
01.01.2024;TXNP.ru
01.01.2024;TYCU.ru
01.01.2024;TYGU.ru
01.01.2024;TYKU.ru
01.01.2024;TYMU.ru
01.01.2024;TYNU.ru
01.01.2024;TYPES-OF-BEER.ru
01.01.2024;TYTV.ru
01.01.2024;TYVU.ru
01.01.2024;U-ANDREYA.ru
01.01.2024;U-KOM.ru
01.01.2024;U-TECHNOLOGIES.ru
01.01.2024;UAEC.ru
01.01.2024;UAFS.ru
01.01.2024;UALR.ru
01.01.2024;UALU.ru
01.01.2024;UANC.ru
01.01.2024;UAVTEAM.ru
01.01.2024;UBERCUBE.ru
01.01.2024;UBFS.ru
01.01.2024;UBIA.ru
01.01.2024;UBORKA178.ru
01.01.2024;UBORKA3.ru
01.01.2024;UBORSHCHITSA.ru
01.01.2024;UBVA.ru
01.01.2024;UCHENIKA.ru
01.01.2024;UCHENIKOV.ru
01.01.2024;UCHIMFOTO.ru
01.01.2024;UCHISEBYA.ru
01.01.2024;UCIA.ru
01.01.2024;UCNA.ru
01.01.2024;UCONFY-DEV.ru
01.01.2024;UCZB.ru
01.01.2024;UDAROV.ru
01.01.2024;UDDUDZR.ru
01.01.2024;UDEE.ru
01.01.2024;UDFS.ru
01.01.2024;UDHG.ru
01.01.2024;UDHS.ru
01.01.2024;UDICOM.ru
01.01.2024;UDRC.ru
01.01.2024;UEAS.ru
01.01.2024;UECE.ru
01.01.2024;UEFC.ru
01.01.2024;UEGC.ru
01.01.2024;UEKR.ru
01.01.2024;UENC.ru
01.01.2024;UESE.ru
01.01.2024;UETG.ru
01.01.2024;UFA3000.ru
01.01.2024;UFADAR.ru
01.01.2024;UFDG.ru
01.01.2024;UFMA.ru
01.01.2024;UFTG.ru
01.01.2024;UFUA.ru
01.01.2024;UGAA.ru
01.01.2024;UGDC.ru
01.01.2024;UGRIMOVA.ru
01.01.2024;UGTARA.ru
01.01.2024;UGUNDER.ru
01.01.2024;UHANEVA.ru
01.01.2024;UHAREV.ru
01.01.2024;UHBC.ru
01.01.2024;UHEC.ru
01.01.2024;UHHC.ru
01.01.2024;UHRE.ru
01.01.2024;UHRS.ru
01.01.2024;UHSC.ru
01.01.2024;UIAC.ru
01.01.2024;UIER.ru
01.01.2024;UINU.ru
01.01.2024;UIPUB.ru
01.01.2024;UK-TRIP.ru
01.01.2024;UKDE.ru
01.01.2024;UKDIGITAL.ru
01.01.2024;UKNN.ru
01.01.2024;UKPG.ru
01.01.2024;UKTRIP.ru
01.01.2024;UKZB.ru
01.01.2024;ULASHOP.ru
01.01.2024;ULIBKA-PUSHCHINO.ru
01.01.2024;ULLG.ru
01.01.2024;ULMOPU.ru
01.01.2024;ULYY.ru
01.01.2024;UMEEV.ru
01.01.2024;UMGG.ru
01.01.2024;UMHS.ru
01.01.2024;UMLG.ru
01.01.2024;UMNEV.ru
01.01.2024;UMNG.ru
01.01.2024;UMNYAKOV.ru
01.01.2024;UMVA.ru
01.01.2024;UN-M.ru
01.01.2024;UNDERSTANDME.ru
01.01.2024;UNHA.ru
01.01.2024;UNICA103.ru
01.01.2024;UNIK-CENTR.ru
01.01.2024;UNIKAN.ru
01.01.2024;UNIKOMP.ru
01.01.2024;UNIMUMS.ru
01.01.2024;UNIONREC.ru
01.01.2024;UNITAVIA.ru
01.01.2024;UNIVERCON.ru
01.01.2024;UNIVERFAN.ru
01.01.2024;UNIVERSAL163.ru
01.01.2024;UNNK.ru
01.01.2024;UNPR.ru
01.01.2024;UNVAST.ru
01.01.2024;UOCG.ru
01.01.2024;UOLC.ru
01.01.2024;UPCL.ru
01.01.2024;UPDZ.ru
01.01.2024;UPFG.ru
01.01.2024;UPGA.ru
01.01.2024;UPNDOWN.ru
01.01.2024;UR021290.ru
01.01.2024;URAL-STROI.ru
01.01.2024;URALIZ.ru
01.01.2024;URALRTIPRODUCT.ru
01.01.2024;URALZVUK.ru
01.01.2024;URBANFIGHTER.ru
01.01.2024;URBANNETWORK.ru
01.01.2024;URHEILU.ru
01.01.2024;URHOV.ru
01.01.2024;URIELTORA.ru
01.01.2024;URLF.ru
01.01.2024;URLIKBEZ.ru
01.01.2024;URMPMOBILE.ru
01.01.2024;URSERVISE.ru
01.01.2024;URSUS-TERRA.ru
01.01.2024;URSUSTERRA.ru
01.01.2024;US-74.ru
01.01.2024;USACOIN.ru
01.01.2024;USANET.ru
01.01.2024;USECAPITAL.ru
01.01.2024;USENKO-INFO.ru
01.01.2024;USERACQUISITION.ru
01.01.2024;USFR.ru
01.01.2024;USLC.ru
01.01.2024;USSY.ru
01.01.2024;USTAV-SPB.ru
01.01.2024;USTRISH.ru
01.01.2024;UTFG.ru
01.01.2024;UTHE.ru
01.01.2024;UTM-RMNP.ru
01.01.2024;UUOS.ru
01.01.2024;UUPC.ru
01.01.2024;UURC.ru
01.01.2024;UUSC.ru
01.01.2024;UUSY.ru
01.01.2024;UUUC.ru
01.01.2024;UVILIGHT.ru
01.01.2024;UVLS.ru
01.01.2024;UXRZ.ru
01.01.2024;UYAL.ru
01.01.2024;UYLI.ru
01.01.2024;UYUTBALCON.ru
01.01.2024;UZKARAOKE.ru
01.01.2024;UZORA.ru
01.01.2024;UZZE.ru
01.01.2024;V-KLIMAT.ru
01.01.2024;V-OK.ru
01.01.2024;V-P-N.ru
01.01.2024;V-PRODAZHE.ru
01.01.2024;VABDULOV.ru
01.01.2024;VACANTMSK.ru
01.01.2024;VADIM-SOKOLOV-SH.ru
01.01.2024;VADOV.ru
01.01.2024;VAGAK.ru
01.01.2024;VAGALT.ru
01.01.2024;VAGISHOV.ru
01.01.2024;VAGNON.ru
01.01.2024;VAHLAKOV.ru
01.01.2024;VAKG.ru
01.01.2024;VALABEL.ru
01.01.2024;VALENKOVA.ru
01.01.2024;VALEZHNIKOV.ru
01.01.2024;VALKOU.ru
01.01.2024;VALMORE.ru
01.01.2024;VALMSHOP.ru
01.01.2024;VALOVSHIKOV.ru
01.01.2024;VALTS.ru
01.01.2024;VAMOHOV.ru
01.01.2024;VAMTEXTILE.ru
01.01.2024;VAN-CLUB.ru
01.01.2024;VANGIN.ru
01.01.2024;VANILASKY.ru
01.01.2024;VARMIES.ru
01.01.2024;VARNOT.ru
01.01.2024;VARZOV.ru
01.01.2024;VARZUMOVA.ru
01.01.2024;VASHKOV.ru
01.01.2024;VASHKOVA.ru
01.01.2024;VASHSANTECHNIK.ru
01.01.2024;VASTUMARKET.ru
01.01.2024;VAUMIN.ru
01.01.2024;VAURAS.ru
01.01.2024;VAXU.ru
01.01.2024;VAYAPSHOP.ru
01.01.2024;VAZIN.ru
01.01.2024;VAZIROVA.ru
01.01.2024;VBEGLOVA.ru
01.01.2024;VBEKKIR.ru
01.01.2024;VBELUCCI.ru
01.01.2024;VBFG.ru
01.01.2024;VBRIGHTSHOP.ru
01.01.2024;VBVG.ru
01.01.2024;VBYVERY.ru
01.01.2024;VCCL.ru
01.01.2024;VCDG.ru
01.01.2024;VCFA.ru
01.01.2024;VCFC.ru
01.01.2024;VCFE.ru
01.01.2024;VCGU.ru
01.01.2024;VCLOTHES.ru
01.01.2024;VCRG.ru
01.01.2024;VCRS.ru
01.01.2024;VCUBEAI.ru
01.01.2024;VDAGANI.ru
01.01.2024;VDFG.ru
01.01.2024;VDGA.ru
01.01.2024;VDORATE.ru
01.01.2024;VEBERG.ru
01.01.2024;VEDG.ru
01.01.2024;VEDNOV.ru
01.01.2024;VEDYAHIN.ru
01.01.2024;VEGANGREEN.ru
01.01.2024;VEGMIX.ru
01.01.2024;VEIDOV.ru
01.01.2024;VEIMAN.ru
01.01.2024;VEINER.ru
01.01.2024;VEISOV.ru
01.01.2024;VEISSE.ru
01.01.2024;VEITKO.ru
01.01.2024;VEKPROMUPAK.ru
01.01.2024;VELEMENTIS.ru
01.01.2024;VELES-NTC.ru
01.01.2024;VELKE.ru
01.01.2024;VENDEN.ru
01.01.2024;VENDMARKT.ru
01.01.2024;VENDOX.ru
01.01.2024;VERATIMOSHINA.ru
01.01.2024;VERESHKO.ru
01.01.2024;VERHOLAMOV.ru
01.01.2024;VERNEK.ru
01.01.2024;VERSHIN.ru
01.01.2024;VERSHINA-AUTO.ru
01.01.2024;VERSHINAHOUSE.ru
01.01.2024;VERSTAQ.ru
01.01.2024;VERVAIN.ru
01.01.2024;VESBUL.ru
01.01.2024;VESELCHAC.ru
01.01.2024;VESKOV.ru
01.01.2024;VESTA-OTEL.ru
01.01.2024;VESTASTOCK.ru
01.01.2024;VESTIME.ru
01.01.2024;VESTLI.ru
01.01.2024;VETCHIN.ru
01.01.2024;VETJOB.ru
01.01.2024;VEYKOV.ru
01.01.2024;VFCA.ru
01.01.2024;VFCC.ru
01.01.2024;VFEE.ru
01.01.2024;VFMG.ru
01.01.2024;VFRC.ru
01.01.2024;VFSG.ru
01.01.2024;VFTR.ru
01.01.2024;VGARAVANI.ru
01.01.2024;VGDC.ru
01.01.2024;VGFA.ru
01.01.2024;VGIKINFO.ru
01.01.2024;VGSG.ru
01.01.2024;VGVC.ru
01.01.2024;VHAG.ru
01.01.2024;VHDG.ru
01.01.2024;VHFR.ru
01.01.2024;VHSA.ru
01.01.2024;VHUG.ru
01.01.2024;VIASS.ru
01.01.2024;VIATAXI.ru
01.01.2024;VIATOK.ru
01.01.2024;VIC03020405.ru
01.01.2024;VICOSMETICS.ru
01.01.2024;VICTORIA-PITER.ru
01.01.2024;VICTORIALAW.ru
01.01.2024;VIDENE.ru
01.01.2024;VIDEO-IP.ru
01.01.2024;VIDEOCREATORS.ru
01.01.2024;VIDEOOTZYVI.ru
01.01.2024;VIDUEV.ru
01.01.2024;VIEWTOPIC.ru
01.01.2024;VIGINT.ru
01.01.2024;VIKOLOS.ru
01.01.2024;VIKONTY.ru
01.01.2024;VIKOP.ru
01.01.2024;VIKTORYCENTER.ru
01.01.2024;VILAMED.ru
01.01.2024;VILGO.ru
01.01.2024;VILOCHNYJ-CHELYABINSK.ru
01.01.2024;VILOCHNYJ-EKB.ru
01.01.2024;VILOCHNYJ-KRASNODAR.ru
01.01.2024;VILOCHNYJ-NOVOSIB.ru
01.01.2024;VILOCHNYJ-PERM.ru
01.01.2024;VILOCHNYJ-ROSTOV.ru
01.01.2024;VILOCHNYJ-SPB.ru
01.01.2024;VILOCHNYJ-UFA.ru
01.01.2024;VILOCHNYJ-VORONEZH.ru
01.01.2024;VILPOV.ru
01.01.2024;VIMBOR.ru
01.01.2024;VIMBRA.ru
01.01.2024;VIMBRO.ru
01.01.2024;VIMDEN.ru
01.01.2024;VIME63.ru
01.01.2024;VIMSOCKS.ru
01.01.2024;VINCHEV.ru
01.01.2024;VINESTYLE.ru
01.01.2024;VINKEN.ru
01.01.2024;VINLIST.ru
01.01.2024;VINTAGESOUL.ru
01.01.2024;VINW.ru
01.01.2024;VIOA.ru
01.01.2024;VIOINOX.ru
01.01.2024;VIP-TYRES.ru
01.01.2024;VIPASSION.ru
01.01.2024;VIPNN.ru
01.01.2024;VIRTOV.ru
01.01.2024;VIRUSTECH.ru
01.01.2024;VISAGECOLOR.ru
01.01.2024;VITALGREENS.ru
01.01.2024;VITALWELLNESS.ru
01.01.2024;VITTORIA-MEBELS.ru
01.01.2024;VIVBRAND.ru
01.01.2024;VIVCOLLECTION.ru
01.01.2024;VIVLIFEEASY.ru
01.01.2024;VIXINFO.ru
01.01.2024;VIXOMA.ru
01.01.2024;VIZHUNOV.ru
01.01.2024;VIZHUNOVA.ru
01.01.2024;VJEWELRY.ru
01.01.2024;VJKHOME.ru
01.01.2024;VJRAY.ru
01.01.2024;VKABAGS.ru
01.01.2024;VKIG.ru
01.01.2024;VKINASH.ru
01.01.2024;VKISSERV.ru
01.01.2024;VKKG.ru
01.01.2024;VKLUBNIKA.ru
01.01.2024;VKMUSICBOT.ru
01.01.2024;VKOBYAKOV.ru
01.01.2024;VKURBA.ru
01.01.2024;VKURSAH.ru
01.01.2024;VKUSNAYA-PALITRA.ru
01.01.2024;VKVPET.ru
01.01.2024;VLA5OFFIV.ru
01.01.2024;VLABER.ru
01.01.2024;VLADNOTARY.ru
01.01.2024;VLAGIN.ru
01.01.2024;VLEFE.ru
01.01.2024;VLEIB.ru
01.01.2024;VLENV.ru
01.01.2024;VLODKO.ru
01.01.2024;VLOSKO.ru
01.01.2024;VMAMONSCHOOL.ru
01.01.2024;VMCG.ru
01.01.2024;VMESTESTROI.ru
01.01.2024;VMMG.ru
01.01.2024;VMOLESOV.ru
01.01.2024;VMTECHNICS.ru
01.01.2024;VN-ART.ru
01.01.2024;VNARIADE.ru
01.01.2024;VNBREND.ru
01.01.2024;VNDY.ru
01.01.2024;VNEDOSTUP.ru
01.01.2024;VNSG.ru
01.01.2024;VOAG.ru
01.01.2024;VOBEAUTY.ru
01.01.2024;VOCALAB.ru
01.01.2024;VOCOSINESS.ru
01.01.2024;VOHMANOV.ru
01.01.2024;VOINAR.ru
01.01.2024;VOISIM.ru
01.01.2024;VOIVOD.ru
01.01.2024;VOJDAK.ru
01.01.2024;VOKAGA.ru
01.01.2024;VOKAGO.ru
01.01.2024;VOLKONITINA.ru
01.01.2024;VOLKOV-SERGEY.ru
01.01.2024;VOLLAN.ru
01.01.2024;VOLOA.ru
01.01.2024;VOLOSTNIKOV.ru
01.01.2024;VOLSHUKOV.ru
01.01.2024;VOLTDRIVE.ru
01.01.2024;VOLZHAKOV.ru
01.01.2024;VOMSTYLE.ru
01.01.2024;VONGAZ.ru
01.01.2024;VOODA.ru
01.01.2024;VORENTSOV.ru
01.01.2024;VORNIK.ru
01.01.2024;VOROHOV.ru
01.01.2024;VOROTA-PARTNER.ru
01.01.2024;VOROTA-VIP.ru
01.01.2024;VOROTA-X.ru
01.01.2024;VOROTALUXE.ru
01.01.2024;VOROTAPARTNER.ru
01.01.2024;VOROTAVIP.ru
01.01.2024;VOROTAX.ru
01.01.2024;VOSTON.ru
01.01.2024;VOTONAYA.ru
01.01.2024;VOVC.ru
01.01.2024;VOVM.ru
01.01.2024;VOVNEI.ru
01.01.2024;VOXTAIM.ru
01.01.2024;VOXU.ru
01.01.2024;VOYAGE-KARELIA.ru
01.01.2024;VOYAGELUX.ru
01.01.2024;VOZHLAKOV.ru
01.01.2024;VOZIYAN.ru
01.01.2024;VOZLOV.ru
01.01.2024;VOZNOV.ru
01.01.2024;VPCA.ru
01.01.2024;VPETBR.ru
01.01.2024;VPFS.ru
01.01.2024;VPIERCING.ru
01.01.2024;VPROGE.ru
01.01.2024;VPSPORT.ru
01.01.2024;VPVA.ru
01.01.2024;VQRV.ru
01.01.2024;VQVC.ru
01.01.2024;VR-AR-TEAM.ru
01.01.2024;VR-STREET.ru
01.01.2024;VRAGOV.ru
01.01.2024;VRANOV.ru
01.01.2024;VRDEMO.ru
01.01.2024;VREDTO.ru
01.01.2024;VREMEV.ru
01.01.2024;VRFA.ru
01.01.2024;VRHA.ru
01.01.2024;VRHC.ru
01.01.2024;VRIONI.ru
01.01.2024;VRNIKA.ru
01.01.2024;VRUMYANTSEV.ru
01.01.2024;VS-PHOTO.ru
01.01.2024;VSABO.ru
01.01.2024;VSAMOVARE.ru
01.01.2024;VSCARLETT.ru
01.01.2024;VSEEXPERT.ru
01.01.2024;VSEKRASKIZDES.ru
01.01.2024;VSEMPROKAT.ru
01.01.2024;VSEOFIRME.ru
01.01.2024;VSERJV.ru
01.01.2024;VSEYAR.ru
01.01.2024;VSFREEDOM.ru
01.01.2024;VSGG.ru
01.01.2024;VSKPRIMO.ru
01.01.2024;VSLAV.ru
01.01.2024;VSVG.ru
01.01.2024;VTAA.ru
01.01.2024;VTAIDIOR.ru
01.01.2024;VTAILV.ru
01.01.2024;VTAIMONEY.ru
01.01.2024;VTORIN.ru
01.01.2024;VTOROEYA.ru
01.01.2024;VTORRESYRS.ru
01.01.2024;VTTU.ru
01.01.2024;VUAS.ru
01.01.2024;VUCG.ru
01.01.2024;VUEL.ru
01.01.2024;VUIA.ru
01.01.2024;VUIG.ru
01.01.2024;VUJU.ru
01.01.2024;VULG.ru
01.01.2024;VULKAN-KING.ru
01.01.2024;VUMG.ru
01.01.2024;VUNNA.ru
01.01.2024;VUPIUPI.ru
01.01.2024;VURAKA.ru
01.01.2024;VURAKI.ru
01.01.2024;VURAKO.ru
01.01.2024;VUTMAN.ru
01.01.2024;VUVG.ru
01.01.2024;VVCE.ru
01.01.2024;VVEDENSKII.ru
01.01.2024;VVEU.ru
01.01.2024;VVMA.ru
01.01.2024;VVRA.ru
01.01.2024;VVRB.ru
01.01.2024;VVRG.ru
01.01.2024;VVTG.ru
01.01.2024;VWTB.ru
01.01.2024;VYAKUSEVICH.ru
01.01.2024;VYALTE.ru
01.01.2024;VYATMEH.ru
01.01.2024;VYKLUCHATEL.ru
01.01.2024;VYKUP-PETERBURG.ru
01.01.2024;VYNU.ru
01.01.2024;VYVU.ru
01.01.2024;W-HEAT.ru
01.01.2024;WAGGONS.ru
01.01.2024;WAGONWOOL.ru
01.01.2024;WALKERMEDIA.ru
01.01.2024;WALKTHELINE.ru
01.01.2024;WALLGA.ru
01.01.2024;WANTACCORD.ru
01.01.2024;WARMER-PROIZVODSTVO.ru
01.01.2024;WASH-BOX.ru
01.01.2024;WASHERBOT2020.ru
01.01.2024;WATCHFIRST.ru
01.01.2024;WATERCHUD.ru
01.01.2024;WAULT.ru
01.01.2024;WAXSTUDIO.ru
01.01.2024;WAY-HOME.ru
01.01.2024;WAY-ON.ru
01.01.2024;WDOK.ru
01.01.2024;WEACADEMY.ru
01.01.2024;WEBCAMCHAT.ru
01.01.2024;WEBINARE.ru
01.01.2024;WEBSLYLE.ru
01.01.2024;WEDDINGITALY.ru
01.01.2024;WEDTALK.ru
01.01.2024;WEPOSITIVEGROUP.ru
01.01.2024;WESTLAND666.ru
01.01.2024;WG-01.ru
01.01.2024;WG-NET.ru
01.01.2024;WGSP.ru
01.01.2024;WHDD.ru
01.01.2024;WHEEL-STYLE.ru
01.01.2024;WHITE-CLEANING-SPB.ru
01.01.2024;WHITE-OFFICE.ru
01.01.2024;WHITE-S.ru
01.01.2024;WHITE-WALL.ru
01.01.2024;WHITEBILBERRY.ru
01.01.2024;WHOLEWOOD.ru
01.01.2024;WIDEPAY.ru
01.01.2024;WIIUJAPAN.ru
01.01.2024;WILDHERB.ru
01.01.2024;WILDPARTS.ru
01.01.2024;WILDTHYME.ru
01.01.2024;WILLBEBAD.ru
01.01.2024;WILLEMACHINES.ru
01.01.2024;WIN-TRADE.ru
01.01.2024;WINEATALY.ru
01.01.2024;WINEDIVE.ru
01.01.2024;WINEMERCH.ru
01.01.2024;WINESTULE.ru
01.01.2024;WIRETRANSFERS.ru
01.01.2024;WISHWITHME.ru
01.01.2024;WIVU.ru
01.01.2024;WIZMALL.ru
01.01.2024;WLASSOWA.ru
01.01.2024;WLDB.ru
01.01.2024;WLDBRS.ru
01.01.2024;WM-OBMEN.ru
01.01.2024;WMKT.ru
01.01.2024;WMMA.ru
01.01.2024;WOLFMINE.ru
01.01.2024;WOLFRUN.ru
01.01.2024;WOOD-1.ru
01.01.2024;WOOD-OPT.ru
01.01.2024;WOOD-X.ru
01.01.2024;WOODEKOR.ru
01.01.2024;WOODSTROJ.ru
01.01.2024;WOODTECHNICS.ru
01.01.2024;WORK-22.ru
01.01.2024;WORKBOOM.ru
01.01.2024;WORKFINE.ru
01.01.2024;WORKWORKWORK.ru
01.01.2024;WORLD-SWEET.ru
01.01.2024;WORLDOFGREEN.ru
01.01.2024;WORLDVID.ru
01.01.2024;WOWLICHKING.ru
01.01.2024;WOWSOFTWARE.ru
01.01.2024;WOWSTK.ru
01.01.2024;WOWWORLD.ru
01.01.2024;WPBP.ru
01.01.2024;WSINVEST.ru
01.01.2024;WSXC.ru
01.01.2024;WUB-CONNECT.ru
01.01.2024;WUBAND.ru
01.01.2024;WUDZ.ru
01.01.2024;WWMC.ru
01.01.2024;WWW-PE.ru
01.01.2024;WWWGRIZLIARTMETALL.ru
01.01.2024;WXGU.ru
01.01.2024;WYNESTYLE.ru
01.01.2024;X-ALKO.ru
01.01.2024;X-AUDIT.ru
01.01.2024;X-BILET.ru
01.01.2024;X-BRUS.ru
01.01.2024;X-BUKET.ru
01.01.2024;X-BUTIK.ru
01.01.2024;X-CEMENT.ru
01.01.2024;X-DELUXE.ru
01.01.2024;X-ECO.ru
01.01.2024;X-EKO.ru
01.01.2024;X-GURU.ru
01.01.2024;X-KUHNI.ru
01.01.2024;X-LEADER.ru
01.01.2024;X-LEKARSTVA.ru
01.01.2024;X-LIDER.ru
01.01.2024;X-MAGAZIN.ru
01.01.2024;X-PARKET.ru
01.01.2024;X-PEREVOZKA.ru
01.01.2024;X-PEREVOZKI.ru
01.01.2024;X-STOM.ru
01.01.2024;X-STROI.ru
01.01.2024;X-SUPER.ru
01.01.2024;X-VOROTA.ru
01.01.2024;X5AERO.ru
01.01.2024;X5AIR.ru
01.01.2024;X5AUTO.ru
01.01.2024;X5AVTO.ru
01.01.2024;X5DELIVERY.ru
01.01.2024;XAFZ.ru
01.01.2024;XAGU.ru
01.01.2024;XALKO.ru
01.01.2024;XALU.ru
01.01.2024;XAMAP.ru
01.01.2024;XANAD.ru
01.01.2024;XBRUS.ru
01.01.2024;XBUKET.ru
01.01.2024;XCEMENT.ru
01.01.2024;XDELUXE.ru
01.01.2024;XDRIVEKZN.ru
01.01.2024;XEGU.ru
01.01.2024;XELU.ru
01.01.2024;XEVU.ru
01.01.2024;XEXU.ru
01.01.2024;XIGU.ru
01.01.2024;XILU.ru
01.01.2024;XIMU.ru
01.01.2024;XIVU.ru
01.01.2024;XIXU.ru
01.01.2024;XKUHNI.ru
01.01.2024;XLAXO.ru
01.01.2024;XLEET.ru
01.01.2024;XLEKARSTVA.ru
01.01.2024;XLZY.ru
01.01.2024;XMLN.ru
01.01.2024;XOKU.ru
01.01.2024;XOLU.ru
01.01.2024;XOMAIL.ru
01.01.2024;XOMU.ru
01.01.2024;XORAPP.ru
01.01.2024;XOVU.ru
01.01.2024;XOYM.ru
01.01.2024;XOZU.ru
01.01.2024;XPEREVOZKA.ru
01.01.2024;XPEREVOZKI.ru
01.01.2024;XPTG.ru
01.01.2024;XSRP.ru
01.01.2024;XTGU.ru
01.01.2024;XUGU.ru
01.01.2024;XUMU.ru
01.01.2024;XUNU.ru
01.01.2024;XUVU.ru
01.01.2024;XVOROTA.ru
01.01.2024;XXEI.ru
01.01.2024;XXGU.ru
01.01.2024;XYXU.ru
01.01.2024;YABLONSKII.ru
01.01.2024;YACHTBAY.ru
01.01.2024;YAGODNYISTAN.ru
01.01.2024;YAKHNO.ru
01.01.2024;YAKOBOVSKI.ru
01.01.2024;YAKOBOVSKII.ru
01.01.2024;YAKOBOVSKY.ru
01.01.2024;YALTA-EX.ru
01.01.2024;YAMA3322.ru
01.01.2024;YAMAXAXAZ.ru
01.01.2024;YAMPOLSKII.ru
01.01.2024;YANDEXDELIVERY.ru
01.01.2024;YANITSKII.ru
01.01.2024;YANKOVSKII.ru
01.01.2024;YANZO.ru
01.01.2024;YARCHEVSKI.ru
01.01.2024;YARCHEVSKII.ru
01.01.2024;YARCHEVSKY.ru
01.01.2024;YARKOVSKII.ru
01.01.2024;YARPECHATI.ru
01.01.2024;YARQUEST.ru
01.01.2024;YASTEPUK.ru
01.01.2024;YATAR.ru
01.01.2024;YAVSTVA.ru
01.01.2024;YAZEPOV.ru
01.01.2024;YCIC.ru
01.01.2024;YETV.ru
01.01.2024;YHPP.ru
01.01.2024;YIWUMARKET.ru
01.01.2024;YK-TEREM.ru
01.01.2024;YKGO.ru
01.01.2024;YMCENTR.ru
01.01.2024;YMME.ru
01.01.2024;YOCRYPTO.ru
01.01.2024;YOCU.ru
01.01.2024;YOGA58.ru
01.01.2024;YOGAVAN.ru
01.01.2024;YOJU.ru
01.01.2024;YOU2025.ru
01.01.2024;YOUFINDER.ru
01.01.2024;YOUGREAT.ru
01.01.2024;YOULAFILM.ru
01.01.2024;YOUMAGO.ru
01.01.2024;YOUMANGO.ru
01.01.2024;YOUNGDEV.ru
01.01.2024;YOUR-ANIMA.ru
01.01.2024;YOUR-ANIMA-YER.ru
01.01.2024;YOUR-ASIA.ru
01.01.2024;YOUR-SERVER.ru
01.01.2024;YOURANGELS.ru
01.01.2024;YOURBESTBUY.ru
01.01.2024;YOURBLOX.ru
01.01.2024;YOURCANDY.ru
01.01.2024;YOURENGLISHSCHOOL.ru
01.01.2024;YOURMEDITATION.ru
01.01.2024;YOURNEXTLEVEL.ru
01.01.2024;YOUVIBE.ru
01.01.2024;YPIR.ru
01.01.2024;YRG-PATP.ru
01.01.2024;YSCL.ru
01.01.2024;YTGU.ru
01.01.2024;YTTERBIUM.ru
01.01.2024;YUNAKOV.ru
01.01.2024;YUONGOR.ru
01.01.2024;YURASOVSKII.ru
01.01.2024;YURGINSKIY.ru
01.01.2024;YURISTKRASNODAR.ru
01.01.2024;YUSUPAKAEV.ru
01.01.2024;YYZF.ru
01.01.2024;YZRK.ru
01.01.2024;Z-DOORS.ru
01.01.2024;Z520.ru
01.01.2024;ZABAEVA.ru
01.01.2024;ZABEGO.ru
01.01.2024;ZABEKO.ru
01.01.2024;ZABLER.ru
01.01.2024;ZABNIN.ru
01.01.2024;ZADRON.ru
01.01.2024;ZAGORSKY-TRAVEL.ru
01.01.2024;ZAGORSKYHOUSE.ru
01.01.2024;ZAGORSKYTRAVEL.ru
01.01.2024;ZAGORYANSKII.ru
01.01.2024;ZAGRANAVTO.ru
01.01.2024;ZAGRANITSEY.ru
01.01.2024;ZAHVATOV.ru
01.01.2024;ZAIKOVSKII.ru
01.01.2024;ZAILIN.ru
01.01.2024;ZAKAZ7366.ru
01.01.2024;ZAKAZFILMA.ru
01.01.2024;ZAKONOGRAD.ru
01.01.2024;ZAKREVSKII.ru
01.01.2024;ZALYUBOVSKII.ru
01.01.2024;ZAMORSKII.ru
01.01.2024;ZAMOTINA.ru
01.01.2024;ZAMULINA.ru
01.01.2024;ZANJ.ru
01.01.2024;ZAO-RIC.ru
01.01.2024;ZAOZERSKII.ru
01.01.2024;ZAPUP.ru
01.01.2024;ZAPUSTIT.ru
01.01.2024;ZARYA-SURVIVAL.ru
01.01.2024;ZASERVICE.ru
01.01.2024;ZAUTIN.ru
01.01.2024;ZAV4791.ru
01.01.2024;ZAVODNN.ru
01.01.2024;ZAVOLZHSKY.ru
01.01.2024;ZAYKA-LYALYA.ru
01.01.2024;ZBOEV.ru
01.01.2024;ZBON.ru
01.01.2024;ZD-ONLINE.ru
01.01.2024;ZDANIE-SENDVICH-CHL.ru
01.01.2024;ZDANIE-SENDVICH-EKB.ru
01.01.2024;ZDANIE-SENDVICH-KRD.ru
01.01.2024;ZDANIE-SENDVICH-KZN.ru
01.01.2024;ZDANIE-SENDVICH-NN.ru
01.01.2024;ZDANIE-SENDVICH-NSK.ru
01.01.2024;ZDANIE-SENDVICH-PRM.ru
01.01.2024;ZDANIE-SENDVICH-RND.ru
01.01.2024;ZDANIE-SENDVICH-SAM.ru
01.01.2024;ZDANIE-SENDVICH-SPB.ru
01.01.2024;ZDANIE-SENDVICH-UFA.ru
01.01.2024;ZDANIE-SENDVICH-VRN.ru
01.01.2024;ZDOROVENIK.ru
01.01.2024;ZDOROVICA.ru
01.01.2024;ZDOROVIKA.ru
01.01.2024;ZDOROWIKI.ru
01.01.2024;ZDRUS.ru
01.01.2024;ZDVSER.ru
01.01.2024;ZEGERT.ru
01.01.2024;ZELENOVSKY.ru
01.01.2024;ZEMAVTO.ru
01.01.2024;ZEMLYANSKII.ru
01.01.2024;ZENITPHOTO.ru
01.01.2024;ZENSOLUTION.ru
01.01.2024;ZERNETS.ru
01.01.2024;ZEROIMPACT.ru
01.01.2024;ZETXSTAVKA.ru
01.01.2024;ZEVKIN.ru
01.01.2024;ZGMI.ru
01.01.2024;ZHABBAROV.ru
01.01.2024;ZHANGOZINA.ru
01.01.2024;ZHANSKLEY.ru
01.01.2024;ZHARAVOV.ru
01.01.2024;ZHEGUNOV.ru
01.01.2024;ZHEHOVA.ru
01.01.2024;ZHELOBKOV.ru
01.01.2024;ZHELTOBROV.ru
01.01.2024;ZHENILEN.ru
01.01.2024;ZHEREHOV.ru
01.01.2024;ZHESTKOVA.ru
01.01.2024;ZHEVNINA.ru
01.01.2024;ZHEY4.ru
01.01.2024;ZHILETEKA.ru
01.01.2024;ZHILINSKII.ru
01.01.2024;ZHIMONOV.ru
01.01.2024;ZHMANKOV.ru
01.01.2024;ZHSTEKLO.ru
01.01.2024;ZHUMATEX.ru
01.01.2024;ZIBIN.ru
01.01.2024;ZILOV.ru
01.01.2024;ZIMNITSKII.ru
01.01.2024;ZIMOVSKII.ru
01.01.2024;ZINOVKINOL.ru
01.01.2024;ZIPLOCKPRO.ru
01.01.2024;ZLETSOV.ru
01.01.2024;ZLHOHL.ru
01.01.2024;ZMAEV.ru
01.01.2024;ZMEOV.ru
01.01.2024;ZMIOV.ru
01.01.2024;ZMUA.ru
01.01.2024;ZNAIKANN.ru
01.01.2024;ZNAJKA-NN.ru
01.01.2024;ZNAKILADONI.ru
01.01.2024;ZNATOKINN.ru
01.01.2024;ZNAYKA-NN.ru
01.01.2024;ZNAYKANN.ru
01.01.2024;ZOALOV.ru
01.01.2024;ZOCG.ru
01.01.2024;ZODCHIE330660.ru
01.01.2024;ZODIEV.ru
01.01.2024;ZOETROPE.ru
01.01.2024;ZOHTOV.ru
01.01.2024;ZOJU.ru
01.01.2024;ZOLOTOY-YAKOR.ru
01.01.2024;ZOMF.ru
01.01.2024;ZONAAVTO.ru
01.01.2024;ZONARA.ru
01.01.2024;ZONEXX.ru
01.01.2024;ZONKOV.ru
01.01.2024;ZONMAN.ru
01.01.2024;ZONTAG.ru
01.01.2024;ZOOM-DESIGN.ru
01.01.2024;ZOOMIRNN.ru
01.01.2024;ZOOSFERANN.ru
01.01.2024;ZOTTA.ru
01.01.2024;ZPLN.ru
01.01.2024;ZPOKER.ru
01.01.2024;ZPTU.ru
01.01.2024;ZRGU.ru
01.01.2024;ZRLZ.ru
01.01.2024;ZSAF.ru
01.01.2024;ZSAFE.ru
01.01.2024;ZSEL.ru
01.01.2024;ZUBIKOVA.ru
01.01.2024;ZUKAU.ru
01.01.2024;ZUREV.ru
01.01.2024;ZVALINAHINKALI.ru
01.01.2024;ZVIU.ru
01.01.2024;ZVONN.ru
01.01.2024;ZVONNN.ru
01.01.2024;ZVUKNACHAS.ru
01.01.2024;ZVUKNADEN.ru
01.01.2024;ZXCVBNNESTEROWA.ru
01.01.2024;ZYABROV.ru
01.01.2024;ZYBAREV.ru
01.01.2024;ZYMOBIOMICS.ru
01.01.2024;ZYMOLAB.ru
01.01.2024;ZZME.ru
01.01.2024;ZZYB.ru
02.01.2024;000003.ru
02.01.2024;00017.ru
02.01.2024;000Q.ru
02.01.2024;1-COOL-SCHOOL.ru
02.01.2024;1000SKILLS.ru
02.01.2024;100VENIKOV.ru
02.01.2024;10SHKOLA.ru
02.01.2024;111Q.ru
02.01.2024;130488.ru
02.01.2024;135429.ru
02.01.2024;145372.ru
02.01.2024;17711771.ru
02.01.2024;18SOCTEST.ru
02.01.2024;19BUS.ru
02.01.2024;1AMD.ru
02.01.2024;1XBET-BETTING-OBZOR.ru
02.01.2024;1XBET-BETTING-PLATFORM.ru
02.01.2024;1XBET-BK-OBZOR.ru
02.01.2024;1XBET-OBZOR-BETTING.ru
02.01.2024;1XBET-OBZOR-BK.ru
02.01.2024;1XBET-PODROBNY-OBZOR.ru
02.01.2024;1XBET-POLNY-OBZOR.ru
02.01.2024;2022YA.ru
02.01.2024;219846.ru
02.01.2024;21GAME.ru
02.01.2024;21PAUL.ru
02.01.2024;222Q.ru
02.01.2024;230923.ru
02.01.2024;24HOLDING.ru
02.01.2024;24PWK24.ru
02.01.2024;24TIGLI.ru
02.01.2024;259834.ru
02.01.2024;261935.ru
02.01.2024;27BUS.ru
02.01.2024;2BARANA.ru
02.01.2024;2BUSGO.ru
02.01.2024;2GOBUS.ru
02.01.2024;2STV.ru
02.01.2024;3-LABS.ru
02.01.2024;324760.ru
02.01.2024;333Q.ru
02.01.2024;34-7.ru
02.01.2024;365SCORE.ru
02.01.2024;369124.ru
02.01.2024;369Q.ru
02.01.2024;389501.ru
02.01.2024;392651.ru
02.01.2024;3HDPCJD3B8L3.ru
02.01.2024;40BUS.ru
02.01.2024;427935.ru
02.01.2024;444Q.ru
02.01.2024;478201.ru
02.01.2024;478215.ru
02.01.2024;483079.ru
02.01.2024;4TDOCKER.ru
02.01.2024;53704884.ru
02.01.2024;555Q.ru
02.01.2024;55PODARKOV.ru
02.01.2024;57BUS.ru
02.01.2024;58-GRUZOVIKOV.ru
02.01.2024;58SOCTEST.ru
02.01.2024;666Q.ru
02.01.2024;68BUS.ru
02.01.2024;702314.ru
02.01.2024;70777.ru
02.01.2024;72SOCTEST.ru
02.01.2024;777Q.ru
02.01.2024;785123.ru
02.01.2024;798346.ru
02.01.2024;808SCORE.ru
02.01.2024;864935.ru
02.01.2024;875995.ru
02.01.2024;89256009797.ru
02.01.2024;897652.ru
02.01.2024;968514.ru
02.01.2024;978612.ru
02.01.2024;999Q.ru
02.01.2024;9ATMOSPHERE.ru
02.01.2024;A-PRONKO.ru
02.01.2024;A1330105.ru
02.01.2024;AAK87.ru
02.01.2024;AAODEGOV.ru
02.01.2024;AARABADZHI.ru
02.01.2024;ABSOLUTELY-HALAL.ru
02.01.2024;ACCOUNTSELL.ru
02.01.2024;ACHYLOW.ru
02.01.2024;ACTIVESEO.ru
02.01.2024;ACUPR.ru
02.01.2024;ADSERM.ru
02.01.2024;ADVIAR.ru
02.01.2024;ADZHIGARDAK-TRAVEL.ru
02.01.2024;AERO-L4D.ru
02.01.2024;AFFINAGE-BAND.ru
02.01.2024;AFORIZMY-CITATY.ru
02.01.2024;AGORNOSTAY.ru
02.01.2024;AGRO-TRACK.ru
02.01.2024;AGROSTEK.ru
02.01.2024;AGUSH06.ru
02.01.2024;AIR-RUN.ru
02.01.2024;AIZNER.ru
02.01.2024;AKKUMULYATORNAYA-PILA.ru
02.01.2024;ALABAMAHEALTHACREDITION.ru
02.01.2024;ALENA-LUKINA.ru
02.01.2024;ALENABARSUKOVA.ru
02.01.2024;ALENAKOSINOVAPH.ru
02.01.2024;ALEX-LEV.ru
02.01.2024;ALEXANDRKV.ru
02.01.2024;ALEXEYVASUTIN.ru
02.01.2024;ALEXS-PHOTO.ru
02.01.2024;ALEXSAR2008.ru
02.01.2024;ALEXSLZNVA.ru
02.01.2024;ALFAMLM.ru
02.01.2024;ALFAONLAIN.ru
02.01.2024;ALGORITHMER.ru
02.01.2024;ALIKINAYA.ru
02.01.2024;ALIM071.ru
02.01.2024;ALKOOZON.ru
02.01.2024;ALLIGATOORSERVICE.ru
02.01.2024;AMG-BRAKES.ru
02.01.2024;AMGBRAKES.ru
02.01.2024;AMLON.ru
02.01.2024;AMOSOV-VIKTOR.ru
02.01.2024;ANALIZ-BK-1XBET.ru
02.01.2024;ANDREI-BOROVKOV.ru
02.01.2024;ANDREYMAY.ru
02.01.2024;ANDRONIEVSKAYA.ru
02.01.2024;ANIMAHEALING.ru
02.01.2024;ANKER-M.ru
02.01.2024;ANN-YNDX.ru
02.01.2024;ANTON-NESTERENKO.ru
02.01.2024;ANTONI-PLATONOV.ru
02.01.2024;ANVARKASIMOV.ru
02.01.2024;AORSHLET.ru
02.01.2024;APICHATGPT.ru
02.01.2024;APOSTOLPROJECT.ru
02.01.2024;APRILVI.ru
02.01.2024;ARCHITECTSCHOOL23.ru
02.01.2024;ARHKIP.ru
02.01.2024;ARISTARKHOVSKY.ru
02.01.2024;ARMAVIRSKAYA.ru
02.01.2024;ARMYHUB.ru
02.01.2024;AROMA-RAY.ru
02.01.2024;AROMATPLANET.ru
02.01.2024;ARSHIELD.ru
02.01.2024;ART-RASKRASKI.ru
02.01.2024;ART-SEMYANOVA.ru
02.01.2024;ARTEFFACT.ru
02.01.2024;ARTEL-SAKHALIN.ru
02.01.2024;ARTEMIY-VISHKOV.ru
02.01.2024;ARTIFLANG.ru
02.01.2024;ARTOFROUTINE.ru
02.01.2024;ARWASTYLE.ru
02.01.2024;ARZ-SOMERTON.ru
02.01.2024;ARZ-SPECTER.ru
02.01.2024;ASANBEK.ru
02.01.2024;ASHLEPKOV.ru
02.01.2024;ASIDORKO.ru
02.01.2024;ASIEN-RUS.ru
02.01.2024;ASKME13.ru
02.01.2024;ASKOZHARIN.ru
02.01.2024;ASKVCHICAGO.ru
02.01.2024;ASLAIV.ru
02.01.2024;ASLAYA-ASD.ru
02.01.2024;ASLIF.ru
02.01.2024;ASLIFI.ru
02.01.2024;ASMALIKOV.ru
02.01.2024;ASMODEUSDSGN.ru
02.01.2024;ASSENIZATORK.ru
02.01.2024;ASTRADAMSKIY.ru
02.01.2024;ASTRADAMSKY.ru
02.01.2024;ASUBP.ru
02.01.2024;ASYMPUS.ru
02.01.2024;ATAMAN-PRO.ru
02.01.2024;ATERZI.ru
02.01.2024;ATLTEX.ru
02.01.2024;ATMA-HOME.ru
02.01.2024;ATRIAPROM.ru
02.01.2024;ATTIQU.ru
02.01.2024;AUGA77.ru
02.01.2024;AULJANIN.ru
02.01.2024;AUTHOR-TODAY.ru
02.01.2024;AUTOCENTRO.ru
02.01.2024;AUTOR-TODAY.ru
02.01.2024;AUTORTUDAY.ru
02.01.2024;AV4S59VASILIEV.ru
02.01.2024;AVIA-LINK.ru
02.01.2024;AVITO-RABOTA-V-TYUMENI.ru
02.01.2024;AVRAR.ru
02.01.2024;AVTARKEA.ru
02.01.2024;AVTOKOCHKA.ru
02.01.2024;AVTOR-TODAY.ru
02.01.2024;AVTORTUDAY.ru
02.01.2024;AWKWERD.ru
02.01.2024;AYANDEX.ru
02.01.2024;AZINO-MOBAIL.ru
02.01.2024;AZINO-MOBILE777.ru
02.01.2024;AZINO777MOB.ru
02.01.2024;AZINOMO.ru
02.01.2024;AZINOMO-BILE.ru
02.01.2024;AZINOMOBAIL-57.ru
02.01.2024;AZINOMOBI.ru
02.01.2024;AZINOMOBIL777.ru
02.01.2024;AZINOMOBILA.ru
02.01.2024;AZVER.ru
02.01.2024;BABRUKEVITCH.ru
02.01.2024;BADINOV.ru
02.01.2024;BADKAZANOVA.ru
02.01.2024;BAGSIMEBEL.ru
02.01.2024;BAIDU07.ru
02.01.2024;BALABANOVAZAKON.ru
02.01.2024;BALANDIN-1.ru
02.01.2024;BARINOVATATYANA.ru
02.01.2024;BAS-GOV.ru
02.01.2024;BAS13.ru
02.01.2024;BAS57.ru
02.01.2024;BAS62.ru
02.01.2024;BASGOV.ru
02.01.2024;BASTIME.ru
02.01.2024;BAYDRATKA.ru
02.01.2024;BBS-GAY.ru
02.01.2024;BEELANDS.ru
02.01.2024;BEIGEONLINE.ru
02.01.2024;BELART-HOUSE.ru
02.01.2024;BELARUS-KLINKER.ru
02.01.2024;BELYALEV.ru
02.01.2024;BENEFITMART.ru
02.01.2024;BERKALIEV.ru
02.01.2024;BERSMAX.ru
02.01.2024;BERYBSONV.ru
02.01.2024;BESTCEN.ru
02.01.2024;BETTING-PLATFORM-1XBET.ru
02.01.2024;BEZ-DOLGA2024.ru
02.01.2024;BEZOPASNOST39.ru
02.01.2024;BGRIEF.ru
02.01.2024;BIGBOOKNAME.ru
02.01.2024;BIRDSBOOK.ru
02.01.2024;BIZ-1.ru
02.01.2024;BIZSTANDUP.ru
02.01.2024;BK-1XBET-ANALIZ.ru
02.01.2024;BK-1XBET-PODROBNY-OBZOR.ru
02.01.2024;BKUCHKAROV.ru
02.01.2024;BL-FX.ru
02.01.2024;BLALEX.ru
02.01.2024;BLOCKSTRIKEPRIVATEDATABASE.ru
02.01.2024;BLVCKONLY.ru
02.01.2024;BOBCOCCER.ru
02.01.2024;BOBER-SHOP.ru
02.01.2024;BOBSOCER.ru
02.01.2024;BOGATIRTAIGI.ru
02.01.2024;BOGDANOV-DESIGN.ru
02.01.2024;BOLSHOYAFANASEVSKIY.ru
02.01.2024;BOOKDUG.ru
02.01.2024;BOOKVOEGKA.ru
02.01.2024;BOOSTIME.ru
02.01.2024;BORATOKKI.ru
02.01.2024;BOVIBOT.ru
02.01.2024;BOXBERRY-DELIVER.ru
02.01.2024;BOXBERRY-TRACKING.ru
02.01.2024;BREMENSKIEMUZYKANTY.ru
02.01.2024;BREND-NEW.ru
02.01.2024;BRISTMANY.ru
02.01.2024;BRK-SHOP.ru
02.01.2024;BROKER-MONEY24.ru
02.01.2024;BUDILNIK-KHV.ru
02.01.2024;BUDZETNO.ru
02.01.2024;BUDZHETNO.ru
02.01.2024;BUNNIDUFFI.ru
02.01.2024;BUNNYPOST.ru
02.01.2024;BUROBUH.ru
02.01.2024;BUS-13.ru
02.01.2024;BUS-57.ru
02.01.2024;BUS-62.ru
02.01.2024;BUSTAIM.ru
02.01.2024;BUTUSHIN.ru
02.01.2024;CADAVREA.ru
02.01.2024;CAMERIT.ru
02.01.2024;CANISTERA.ru
02.01.2024;CAR-MOS.ru
02.01.2024;CARANFEREN.ru
02.01.2024;CARD-HOLDER.ru
02.01.2024;CARPTAMAN.ru
02.01.2024;CARTELKZN.ru
02.01.2024;CASHMC.ru
02.01.2024;CASTLEVANIA.ru
02.01.2024;CATALOG-MRAMOR.ru
02.01.2024;CDEK-OPLATA24.ru
02.01.2024;CDNSSD.ru
02.01.2024;CE-PE-RA1.ru
02.01.2024;CENTR-DES.ru
02.01.2024;CENTRALHIVE.ru
02.01.2024;CHAINAUTO.ru
02.01.2024;CHANDRACHILD.ru
02.01.2024;CHAOSKING.ru
02.01.2024;CHEER-PORTAL.ru
02.01.2024;CHELKASSY.ru
02.01.2024;CHERVI-ATYRAU.ru
02.01.2024;CHERVI-URALSK.ru
02.01.2024;CHESNYK-1.ru
02.01.2024;CHETVERIKOS.ru
02.01.2024;CHIDIP.ru
02.01.2024;CHIPDEEP.ru
02.01.2024;CHOCOPOLIYA.ru
02.01.2024;CHONET.ru
02.01.2024;CHUISHEVCREATIVE.ru
02.01.2024;CHVOSTOK.ru
02.01.2024;CLEANCLINIC118.ru
02.01.2024;CLICKPROMARKET.ru
02.01.2024;CLICKSA.ru
02.01.2024;CLOUDBX.ru
02.01.2024;COCO38.ru
02.01.2024;COCTEST.ru
02.01.2024;CODINGSTUDIO.ru
02.01.2024;COLLECTIONNS.ru
02.01.2024;COLORLAMB.ru
02.01.2024;COMPANYID.ru
02.01.2024;COMTEL-STROY.ru
02.01.2024;CONTROLER-BOT.ru
02.01.2024;CONTROLSERVIS.ru
02.01.2024;COPROEMO.ru
02.01.2024;CORONATIME.ru
02.01.2024;CRIPTO777.ru
02.01.2024;CROWDIP.ru
02.01.2024;CUBE-ZHK.ru
02.01.2024;CUCKOOO.ru
02.01.2024;CUTEMARKET.ru
02.01.2024;DA-PAOLO.ru
02.01.2024;DAMAMAM.ru
02.01.2024;DANGANRONPA.ru
02.01.2024;DANIL-SMETANIN.ru
02.01.2024;DANNYKOOPA.ru
02.01.2024;DAPAOLO.ru
02.01.2024;DAPPRADAR24.ru
02.01.2024;DARIAEMACS.ru
02.01.2024;DARKCRYSTALRAT.ru
02.01.2024;DATEINPLACE.ru
02.01.2024;DATETODATE.ru
02.01.2024;DATEVERYDAY.ru
02.01.2024;DATINCE.ru
02.01.2024;DATINGPOISK.ru
02.01.2024;DATINPLACE.ru
02.01.2024;DAVILKIRIMOVA.ru
02.01.2024;DAVLENIEINFO.ru
02.01.2024;DBELIKIN.ru
02.01.2024;DCHUKANOV.ru
02.01.2024;DDTSATABULL.ru
02.01.2024;DDVORNIKOV.ru
02.01.2024;DEATHLOST.ru
02.01.2024;DED200LET.ru
02.01.2024;DEEPLEASING.ru
02.01.2024;DELPOINT.ru
02.01.2024;DEREVO2000.ru
02.01.2024;DETGIZ.ru
02.01.2024;DETIKOD.ru
02.01.2024;DETSKAYAULIBKA.ru
02.01.2024;DEVDESK.ru
02.01.2024;DGATIATULIN.ru
02.01.2024;DIAGRAM-SHOP.ru
02.01.2024;DICKSLEEP.ru
02.01.2024;DIDENKO-LANA.ru
02.01.2024;DIGORD.ru
02.01.2024;DILETANTES.ru
02.01.2024;DIRIDIBLE.ru
02.01.2024;DIS-LIS.ru
02.01.2024;DIWATER.ru
02.01.2024;DKURASHIN.ru
02.01.2024;DKYZNTSOV.ru
02.01.2024;DMITRI-IV.ru
02.01.2024;DMYARKO.ru
02.01.2024;DOBROEVREM.ru
02.01.2024;DOCTOR-OCHERETNY.ru
02.01.2024;DOCTORKSE.ru
02.01.2024;DOMIK-39.ru
02.01.2024;DOMSIV.ru
02.01.2024;DOOSK.ru
02.01.2024;DOTTOKA.ru
02.01.2024;DP-ZELEZYKA.ru
02.01.2024;DR-REVAZ.ru
02.01.2024;DRAINMOON.ru
02.01.2024;DRIFTCHAMPIONSCHOOL.ru
02.01.2024;DRON10.ru
02.01.2024;DYWOOS.ru
02.01.2024;DZHULIETTE.ru
02.01.2024;E-FOMENKO.ru
02.01.2024;E-MAILSENDER.ru
02.01.2024;E-SHOP1.ru
02.01.2024;EALPEEV.ru
02.01.2024;EASTBAND.ru
02.01.2024;EASTLEAD.ru
02.01.2024;EDAREG.ru
02.01.2024;EDNBOX.ru
02.01.2024;EDUGONN.ru
02.01.2024;EDUGOUN.ru
02.01.2024;EDUTATNEFT.ru
02.01.2024;EFTGMOD.ru
02.01.2024;EGIMRANOVA.ru
02.01.2024;EGLUSHKO.ru
02.01.2024;EGORDA.ru
02.01.2024;EGORKA22.ru
02.01.2024;EIWI.ru
02.01.2024;EJAJA.ru
02.01.2024;EKASUMOVA.ru
02.01.2024;ELECTECHGURU.ru
02.01.2024;ELECTRO-INSTRUMENTI.ru
02.01.2024;ELEKTROLABA.ru
02.01.2024;ELENA-TARO.ru
02.01.2024;ELENANOSOVA.ru
02.01.2024;ELENAPICHUGINA.ru
02.01.2024;EMICADRE.ru
02.01.2024;EMILMURSAKAEV.ru
02.01.2024;ENVIRORUS.ru
02.01.2024;EPOLADOV.ru
02.01.2024;EQUALSTART.ru
02.01.2024;ERMOLAEVA-MIC.ru
02.01.2024;EROSHENKOPM.ru
02.01.2024;ESATAEVA.ru
02.01.2024;ESCAPE-WORLD.ru
02.01.2024;ESPRIMO-DEV.ru
02.01.2024;ETOMIA.ru
02.01.2024;ETUBOLTSEVA.ru
02.01.2024;EUGENIASOUL.ru
02.01.2024;EVAKUATORSIM.ru
02.01.2024;EVGEN75ONE.ru
02.01.2024;EXCAVAT-PARTS.ru
02.01.2024;EXCAVATPARTS.ru
02.01.2024;EXCAVATTOR.ru
02.01.2024;EXNOMODE.ru
02.01.2024;EXPENLY.ru
02.01.2024;EXPERT-LAWYERS.ru
02.01.2024;EXPOREKLAMA.ru
02.01.2024;EXPRAITING.ru
02.01.2024;EXPRESS-AUTO-SELF-SERVICE.ru
02.01.2024;EZAIDI.ru
02.01.2024;EZID55.ru
02.01.2024;EZRUST.ru
02.01.2024;FAIRY-HOME.ru
02.01.2024;FAMIPRO.ru
02.01.2024;FANA1K.ru
02.01.2024;FANAT1.ru
02.01.2024;FARFOR62.ru
02.01.2024;FASHIONHANDBAG.ru
02.01.2024;FAST-METALL.ru
02.01.2024;FEDORPUPKOV.ru
02.01.2024;FEKLUNK.ru
02.01.2024;FETSIDE.ru
02.01.2024;FG-RESHEDU.ru
02.01.2024;FIASHSCORE.ru
02.01.2024;FILE-MANAGERS.ru
02.01.2024;FILE-TRANSFER.ru
02.01.2024;FILL1AND.ru
02.01.2024;FILLMENT.ru
02.01.2024;FILMENTPRO.ru
02.01.2024;FILMIX-PRO.ru
02.01.2024;FINANS-CREDIT24.ru
02.01.2024;FISHTAMAN.ru
02.01.2024;FKPR.ru
02.01.2024;FLACHSCORE.ru
02.01.2024;FLASHSKORE.ru
02.01.2024;FLESHCORE.ru
02.01.2024;FLESHSCORE.ru
02.01.2024;FLNR.ru
02.01.2024;FLORAGENET.ru
02.01.2024;FLYINE.ru
02.01.2024;FOKUS-FOTO.ru
02.01.2024;FORYKIN.ru
02.01.2024;FOUNDATIVE.ru
02.01.2024;FR3E-VERIFY-G1FT-2024.ru
02.01.2024;FREEBLOG24.ru
02.01.2024;FRESH-OZON.ru
02.01.2024;FRIENDSHIPTEST.ru
02.01.2024;FROLENKOVA-EK.ru
02.01.2024;FROLOW3W4NY.ru
02.01.2024;FRUIT-CR-BL.ru
02.01.2024;FUJICAR-VIDEO.ru
02.01.2024;FUNI-X.ru
02.01.2024;FUNNYHOSTER.ru
02.01.2024;FZBANKROT.ru
02.01.2024;GAMAKOVSHNUR.ru
02.01.2024;GAME-JOKER.ru
02.01.2024;GAMINGER.ru
02.01.2024;GARMANOVASURGERY.ru
02.01.2024;GAZOVAYA-PANEL.ru
02.01.2024;GBYRITUAL.ru
02.01.2024;GDISLAB.ru
02.01.2024;GDPSHELPER.ru
02.01.2024;GEMOHEIP.ru
02.01.2024;GEOKULT.ru
02.01.2024;GEOLOGDV.ru
02.01.2024;GEOOPEN.ru
02.01.2024;GEORGIYVARAKSIN.ru
02.01.2024;GERMANAUTOPARTS.ru
02.01.2024;GET-ZAP.ru
02.01.2024;GHOGOV.ru
02.01.2024;GIFTHELP.ru
02.01.2024;GILVANOVA16.ru
02.01.2024;GJCAM.ru
02.01.2024;GLADUN-FAMILY.ru
02.01.2024;GLAMPING-39.ru
02.01.2024;GLBY.ru
02.01.2024;GLOBALPHARMACYRUSSIA.ru
02.01.2024;GLUTATHIONEMOSCOW.ru
02.01.2024;GMAILY.ru
02.01.2024;GMSDG.ru
02.01.2024;GN39.ru
02.01.2024;GO2BAS.ru
02.01.2024;GOALPROJ.ru
02.01.2024;GOALTECH.ru
02.01.2024;GOOD-FIN-OFFERS.ru
02.01.2024;GOOD-FINOFFERS.ru
02.01.2024;GOTOBUS.ru
02.01.2024;GPS21T.ru
02.01.2024;GRANWCH.ru
02.01.2024;GREGASHOP.ru
02.01.2024;GRUZEVAK40.ru
02.01.2024;GTAVIEW.ru
02.01.2024;HAMIE.ru
02.01.2024;HANDOKHYDRAULIC.ru
02.01.2024;HAPPYHABITS.ru
02.01.2024;HAPROV.ru
02.01.2024;HATEBLUE.ru
02.01.2024;HEDHANTER-TYUMEN.ru
02.01.2024;HEDUS.ru
02.01.2024;HELPSUD.ru
02.01.2024;HEMOHELP.ru
02.01.2024;HEXETH.ru
02.01.2024;HH-RU-TYUMEN.ru
02.01.2024;HH-TYUMEN.ru
02.01.2024;HILL-666.ru
02.01.2024;HIPDIP.ru
02.01.2024;HITJOK.ru
02.01.2024;HOLLISHOP.ru
02.01.2024;HOLLYHOP.ru
02.01.2024;HOLODOV10.ru
02.01.2024;HOLOP-2-HD.ru
02.01.2024;HOLOP2023.ru
02.01.2024;HOLOP2H.ru
02.01.2024;HOLOP2HD.ru
02.01.2024;HOLOP2L.ru
02.01.2024;HOLOP2O.ru
02.01.2024;HOLOPE2.ru
02.01.2024;HOLOPI2.ru
02.01.2024;HOLOPP-2.ru
02.01.2024;HOLOPP2.ru
02.01.2024;HOME-MARKETS.ru
02.01.2024;HOMEYANDEX.ru
02.01.2024;HOROSHIJ-SEKS.ru
02.01.2024;HRIK.ru
02.01.2024;HUBCONTROL.ru
02.01.2024;HUBSIGN.ru
02.01.2024;HVACSTUDIO.ru
02.01.2024;HVE365.ru
02.01.2024;HYLIME.ru
02.01.2024;I-GOB.ru
02.01.2024;I-GOD.ru
02.01.2024;I-LOVE-READ.ru
02.01.2024;I-TDM.ru
02.01.2024;ICLCK.ru
02.01.2024;ID04021.ru
02.01.2024;ID04064.ru
02.01.2024;ID244.ru
02.01.2024;ID58055.ru
02.01.2024;ID58056.ru
02.01.2024;ID58057.ru
02.01.2024;ID58058.ru
02.01.2024;ID5929.ru
02.01.2024;ID5931.ru
02.01.2024;IDOBRODOMOV.ru
02.01.2024;IGASTAVOK.ru
02.01.2024;IGORMELEHIN.ru
02.01.2024;IJOD.ru
02.01.2024;IKARMEDIA.ru
02.01.2024;IKO-IKO.ru
02.01.2024;ILINYX-98.ru
02.01.2024;ILOVE-READ.ru
02.01.2024;IMAGEBIZ.ru
02.01.2024;IMBIR-LIFE.ru
02.01.2024;IMBIRLIFE.ru
02.01.2024;IMOYSEYUK.ru
02.01.2024;IMPATRIATION.ru
02.01.2024;IMPERIUMARKETING.ru
02.01.2024;IMPERIUMMARKETING.ru
02.01.2024;INFOCOURSE-HUB.ru
02.01.2024;INFOHOLDING.ru
02.01.2024;INFORMLEDY.ru
02.01.2024;INGENSTROY.ru
02.01.2024;INGOMOBILE.ru
02.01.2024;INHUDE.ru
02.01.2024;INLOVEPH.ru
02.01.2024;INSTAHARAM.ru
02.01.2024;INSTAKHERAM.ru
02.01.2024;INSTAKHRAM.ru
02.01.2024;INTELLITHR.ru
02.01.2024;INTERNATIONAL-SPACE-REPUBLIC.ru
02.01.2024;INVINTRO.ru
02.01.2024;INYAKHIN.ru
02.01.2024;IOIOO.ru
02.01.2024;IOLOO.ru
02.01.2024;IRALAIK.ru
02.01.2024;IRINA4515.ru
02.01.2024;IRPETROV.ru
02.01.2024;IRZNV.ru
02.01.2024;ISAKOV-PHOTO.ru
02.01.2024;ISTANBULLIFE.ru
02.01.2024;IT0N.ru
02.01.2024;IVANABABUSHKINA.ru
02.01.2024;IVANOFFDEM.ru
02.01.2024;IVANRUSAK.ru
02.01.2024;IVANTABAKOV.ru
02.01.2024;IVEBALL.ru
02.01.2024;J4TWO.ru
02.01.2024;JACNIA.ru
02.01.2024;JIGME.ru
02.01.2024;JOHNNY-CUPCAKE.ru
02.01.2024;JOHNNYCUPCAKE.ru
02.01.2024;JOLOO.ru
02.01.2024;JU-OZEROVA.ru
02.01.2024;JUDUJUD.ru
02.01.2024;JULIETSLAB.ru
02.01.2024;JULYA-JULIAOVSA17.ru
02.01.2024;JUST4TWO.ru
02.01.2024;K511.ru
02.01.2024;KAKFM.ru
02.01.2024;KAKTUS-RU.ru
02.01.2024;KARAULOVA-1.ru
02.01.2024;KARAVAN-7.ru
02.01.2024;KARDOPOL.ru
02.01.2024;KARTHOLDER.ru
02.01.2024;KASSYR.ru
02.01.2024;KATALYMA.ru
02.01.2024;KATEWEBDEV.ru
02.01.2024;KATRINE-SH.ru
02.01.2024;KAVKA-TSR.ru
02.01.2024;KAVKAZSKIE-GORY.ru
02.01.2024;KAVKAZSKIEGORY.ru
02.01.2024;KAZBANKS.ru
02.01.2024;KCDIM.ru
02.01.2024;KEFIRKU196.ru
02.01.2024;KETTU-RUSSIA.ru
02.01.2024;KGRIDNEV.ru
02.01.2024;KHAYYAT.ru
02.01.2024;KINDFAMILY.ru
02.01.2024;KINO-BADI.ru
02.01.2024;KINO-EXCHANGE.ru
02.01.2024;KINOBADI-BIZ.ru
02.01.2024;KINOBADY.ru
02.01.2024;KINOBARS.ru
02.01.2024;KINOEXCHANGE.ru
02.01.2024;KINOFORCE.ru
02.01.2024;KINOGOONE.ru
02.01.2024;KINOZAL-APPSPOT.ru
02.01.2024;KITCHEN-STORY.ru
02.01.2024;KIVANS.ru
02.01.2024;KKUR.ru
02.01.2024;KLAKOVSKY.ru
02.01.2024;KLLSTS.ru
02.01.2024;KNYAZMIHAIL.ru
02.01.2024;KOKORINAPRO.ru
02.01.2024;KOLESNIKPSY.ru
02.01.2024;KONDAKOVDN.ru
02.01.2024;KOST83.ru
02.01.2024;KOST93.ru
02.01.2024;KOSTIKVENTO.ru
02.01.2024;KOVALYOVDENIS.ru
02.01.2024;KPKUZMINSKOE.ru
02.01.2024;KRIMINALS-TEAMZ.ru
02.01.2024;KRITICHESKOE-MYSHLENIE.ru
02.01.2024;KRUG-MASTEROV.ru
02.01.2024;KRYMSKAYA-VESNA.ru
02.01.2024;KSENIA-JAKOVLEVA.ru
02.01.2024;KSHILOV.ru
02.01.2024;KULAKOVA-TOP.ru
02.01.2024;KUPTSOVI.ru
02.01.2024;KURIE7235.ru
02.01.2024;KURIE7236.ru
02.01.2024;KURIER7377.ru
02.01.2024;KURIGOHAN0.ru
02.01.2024;KURSACHI.ru
02.01.2024;KVADRA4.ru
02.01.2024;KVJTOK.ru
02.01.2024;KZLEMON4IK.ru
02.01.2024;LABIANA.ru
02.01.2024;LAIVBALL.ru
02.01.2024;LAPAPILLON.ru
02.01.2024;LAPYDOBRA.ru
02.01.2024;LAV661.ru
02.01.2024;LAVEBALL.ru
02.01.2024;LAYOU.ru
02.01.2024;LAZERPRIME.ru
02.01.2024;LEAD-TEH.ru
02.01.2024;LEADGIN.ru
02.01.2024;LEKSIY27IVANOV.ru
02.01.2024;LESKRIPLE.ru
02.01.2024;LESTA-PRIZE.ru
02.01.2024;LEVCHANSKY.ru
02.01.2024;LEVEBALL.ru
02.01.2024;LIASTAVOK.ru
02.01.2024;LIBEBALL.ru
02.01.2024;LIBRUSSIA.ru
02.01.2024;LICHES.ru
02.01.2024;LIFE-SKILL.ru
02.01.2024;LIFEFUCK.ru
02.01.2024;LIGASAVOK.ru
02.01.2024;LIGASTAOK.ru
02.01.2024;LIGASTAWOK.ru
02.01.2024;LIGASTVOK.ru
02.01.2024;LIGATAVOK.ru
02.01.2024;LINKCO07.ru
02.01.2024;LITMARKER.ru
02.01.2024;LITMARKT.ru
02.01.2024;LITSRV.ru
02.01.2024;LIVABALL.ru
02.01.2024;LIVBAL.ru
02.01.2024;LIVBALL.ru
02.01.2024;LIVBOL.ru
02.01.2024;LIVEALL.ru
02.01.2024;LIVEBAII.ru
02.01.2024;LIVEBALLS.ru
02.01.2024;LIVERESALT.ru
02.01.2024;LIVESPORTS808.ru
02.01.2024;LIVIBALL.ru
02.01.2024;LIVSCORE.ru
02.01.2024;LKTATNEFT.ru
02.01.2024;LKUR.ru
02.01.2024;LLVETV.ru
02.01.2024;LOBMYS.ru
02.01.2024;LOBPR.ru
02.01.2024;LOGCOMSIB.ru
02.01.2024;LOGIC-CUBE.ru
02.01.2024;LOGOERA.ru
02.01.2024;LOIOO.ru
02.01.2024;LOKANTASI.ru
02.01.2024;LOLII.ru
02.01.2024;LOLOOO.ru
02.01.2024;LONDON-BUS.ru
02.01.2024;LONG-STYLE.ru
02.01.2024;LORENTCRAFT.ru
02.01.2024;LOSHKAREVS.ru
02.01.2024;LOVE-READ.ru
02.01.2024;LOVE-TALKS.ru
02.01.2024;LOVEMEPLEASE.ru
02.01.2024;LOVERKISS.ru
02.01.2024;LOVESTEP.ru
02.01.2024;LOVSITE.ru
02.01.2024;LTD-OPT.ru
02.01.2024;LUCKYJETGAMES.ru
02.01.2024;LUXGLOW.ru
02.01.2024;LYONE.ru
02.01.2024;LYTIMA.ru
02.01.2024;LYUBOTRAVEL.ru
02.01.2024;LZT-MARKET.ru
02.01.2024;LZTMARKET.ru
02.01.2024;M-SCURATOV.ru
02.01.2024;MADTEACHER.ru
02.01.2024;MAISKOR.ru
02.01.2024;MAISKORE.ru
02.01.2024;MAKILROYGARAGE.ru
02.01.2024;MAKRASHENINNIKOVA.ru
02.01.2024;MALAYA-NIKITSKAYA.ru
02.01.2024;MALAYANIKITSKAYA.ru
02.01.2024;MALUGI.ru
02.01.2024;MAMMY-LOVE.ru
02.01.2024;MARIAYUGAI.ru
02.01.2024;MARILYNF.ru
02.01.2024;MARINA-VERS.ru
02.01.2024;MARKSISTSKAYA38.ru
02.01.2024;MASKEDLOVE.ru
02.01.2024;MATCHDATING.ru
02.01.2024;MATH02.ru
02.01.2024;MAXIM324543-1.ru
02.01.2024;MAYBOX.ru
02.01.2024;MAYSKORE.ru
02.01.2024;MCPOMO.ru
02.01.2024;MCPROM.ru
02.01.2024;MCPRONO.ru
02.01.2024;MCROMO.ru
02.01.2024;ME28SB.ru
02.01.2024;MEADVED.ru
02.01.2024;MEBELI-RAZBORKA.ru
02.01.2024;MEBELMONOLLA.ru
02.01.2024;MEDUZAMEDIA.ru
02.01.2024;MEETLOVER.ru
02.01.2024;MENDOX.ru
02.01.2024;MENTALDRISTACTION.ru
02.01.2024;MERCILESSLY.ru
02.01.2024;MERILINMONRO.ru
02.01.2024;MESTOHOME.ru
02.01.2024;METAFORICAL-SAMARA.ru
02.01.2024;METAL68.ru
02.01.2024;METALL-PROF55.ru
02.01.2024;METALLCONSTRUKT.ru
02.01.2024;METRILAB.ru
02.01.2024;MIFTAHOV-7.ru
02.01.2024;MIKHAILZENKIN.ru
02.01.2024;MIKHAILZEVAKIN.ru
02.01.2024;MIKHALEVY.ru
02.01.2024;MILAVETSA.ru
02.01.2024;MILIWAY.ru
02.01.2024;MINDOMO.ru
02.01.2024;MINNESOTA-RP.ru
02.01.2024;MINUS21GRAMS-REPO.ru
02.01.2024;MIRACLEVPN.ru
02.01.2024;MIRAISMM.ru
02.01.2024;MIRONOVHAND.ru
02.01.2024;MIRTETRIKS.ru
02.01.2024;MISA-INTERFACE.ru
02.01.2024;MISCORE.ru
02.01.2024;MISKIT.ru
02.01.2024;MIT1A.ru
02.01.2024;MITAY-S.ru
02.01.2024;MJAGKOVA.ru
02.01.2024;MKPROMO.ru
02.01.2024;MKRASHENINNIKOVA.ru
02.01.2024;MLYKOVA.ru
02.01.2024;MM-NG.ru
02.01.2024;MMA233.ru
02.01.2024;MMMMVVVV.ru
02.01.2024;MOAYAD.ru
02.01.2024;MOB-PJ.ru
02.01.2024;MOBAZINO.ru
02.01.2024;MOBILAZINO.ru
02.01.2024;MOBILEAZINO777.ru
02.01.2024;MOBILECYBERSPORTS.ru
02.01.2024;MOBISOV.ru
02.01.2024;MOLUKOV.ru
02.01.2024;MONEYDYNAMICS.ru
02.01.2024;MONTAZHSANTEHNIKI.ru
02.01.2024;MOOI-VOZROJDENIE.ru
02.01.2024;MOREDIZAYNA.ru
02.01.2024;MOREZVUKOV.ru
02.01.2024;MOSCOW-WEBSTUDIO.ru
02.01.2024;MOSREGRU.ru
02.01.2024;MOSTBET-POLNY-OBZOR.ru
02.01.2024;MOSTBET-PREIMUDHESTVA-OBZOR.ru
02.01.2024;MOSTBET-PREIMUSHESTVA-OBZOR.ru
02.01.2024;MOVOTO.ru
02.01.2024;MOZGOVITOV.ru
02.01.2024;MPBUB.ru
02.01.2024;MRAKE.ru
02.01.2024;MRARAMZAMZAM.ru
02.01.2024;MSAFR0N.ru
02.01.2024;MSS-COMPANY.ru
02.01.2024;MUDROGEN.ru
02.01.2024;MUSEKEEPER.ru
02.01.2024;MUSELYAN.ru
02.01.2024;MUZHIK-MALL.ru
02.01.2024;MUZHIK-MOLL.ru
02.01.2024;MUZHIK3.ru
02.01.2024;MUZHIKMALL.ru
02.01.2024;MUZHIKMOLL.ru
02.01.2024;MYASCORE.ru
02.01.2024;MYBUBBLES.ru
02.01.2024;MYDOMENN.ru
02.01.2024;MYFABERLICLOVE.ru
02.01.2024;MYFOOTBALLTOP.ru
02.01.2024;MYKAVO.ru
02.01.2024;MYOWNLINUXWAY.ru
02.01.2024;MYRIADA.ru
02.01.2024;MYSCOR.ru
02.01.2024;MYSCOR3.ru
02.01.2024;MYSCOREE.ru
02.01.2024;MYTEHCOM.ru
02.01.2024;N4ME.ru
02.01.2024;NADEGDIN.ru
02.01.2024;NADEJDIN.ru
02.01.2024;NAGIMOVA-1.ru
02.01.2024;NAHE-OTECHESTVO.ru
02.01.2024;NAHMAD.ru
02.01.2024;NALOG03.ru
02.01.2024;NALOG86.ru
02.01.2024;NAMEDWOLF.ru
02.01.2024;NARASHIVANIE-VOLOS-TYUMEN.ru
02.01.2024;NARODAPP.ru
02.01.2024;NARODPOLIS.ru
02.01.2024;NATALYA-SIDOROVA.ru
02.01.2024;NAVKUSITSVET.ru
02.01.2024;NAVODESHOP.ru
02.01.2024;NDOSEEV.ru
02.01.2024;NDSDIMAN.ru
02.01.2024;NEDASHINO.ru
02.01.2024;NEED4ME.ru
02.01.2024;NEET-ALLIANCE.ru
02.01.2024;NEONHALL.ru
02.01.2024;NESH05.ru
02.01.2024;NET-DOLGA2024.ru
02.01.2024;NET-DOLGOV24.ru
02.01.2024;NET-DOLZHEN2024.ru
02.01.2024;NET-PLATEZHA24.ru
02.01.2024;NETVIBE.ru
02.01.2024;NEWS-SPACE.ru
02.01.2024;NEWSSPORTBOX.ru
02.01.2024;NINA-SOROKINA.ru
02.01.2024;NK7389.ru
02.01.2024;NKURASHEV.ru
02.01.2024;NODEMARKETING.ru
02.01.2024;NORTHWESTERNSTUDFARM.ru
02.01.2024;NOTIONPROCLUB.ru
02.01.2024;NOVEMBER13X2.ru
02.01.2024;NOVINKI-NA-WILDBERRIES.ru
02.01.2024;NOVOSTISROCHNO.ru
02.01.2024;NPFVTB.ru
02.01.2024;NPONOMARENKO.ru
02.01.2024;NTWO.ru
02.01.2024;NUNKNOWN.ru
02.01.2024;NUVVANDA.ru
02.01.2024;NVINNIKOV.ru
02.01.2024;NYANFUS.ru
02.01.2024;O-REBENKE.ru
02.01.2024;OBEKASOVA.ru
02.01.2024;OBZOR-BK-MOSTBET.ru
02.01.2024;OBZOR-CASINO-MOST-BET.ru
02.01.2024;OBZOR-MOST-BET-CASINO.ru
02.01.2024;OBZOR-MOSTBET-BK.ru
02.01.2024;OBZOR-MOSTBET-PREIMUDHESTVA.ru
02.01.2024;OBZOR-MOSTBET-PREIMUSHESTVA.ru
02.01.2024;OBZOR-POKER-1XBET.ru
02.01.2024;OCENKA-SAMARA.ru
02.01.2024;OCYFROVKA.ru
02.01.2024;ODNORESHENIE.ru
02.01.2024;OFD-ORD1630.ru
02.01.2024;OFD-ORD1808.ru
02.01.2024;OFD-ORD1956.ru
02.01.2024;OFD-ORD4980.ru
02.01.2024;OFD-ORD5308.ru
02.01.2024;OFD-ORD5590.ru
02.01.2024;OFD-ORD5868.ru
02.01.2024;OFD-ORD6113.ru
02.01.2024;OFD-ORD6189.ru
02.01.2024;OGANESTRADER.ru
02.01.2024;OKNO-GURU.ru
02.01.2024;OKREK.ru
02.01.2024;OLDHOMIGRAD.ru
02.01.2024;OLEGSAN.ru
02.01.2024;OLGA-HIT.ru
02.01.2024;OLIVEBRANCHSHOP.ru
02.01.2024;OME-TV.ru
02.01.2024;OMECS.ru
02.01.2024;ONELOVEHOBBY.ru
02.01.2024;ONTAPE.ru
02.01.2024;ONTAPE-DESIGN.ru
02.01.2024;ONTAPE-EVENT.ru
02.01.2024;ONTAPE-GAMING.ru
02.01.2024;OPARINA-OPARINA.ru
02.01.2024;OPEL030.ru
02.01.2024;OPEN-CMS.ru
02.01.2024;OPLATA7478.ru
02.01.2024;OPLATA7479.ru
02.01.2024;OPTOM-SIGARETY-SPB.ru
02.01.2024;ORDER-4624.ru
02.01.2024;ORDER0327.ru
02.01.2024;ORDER7081.ru
02.01.2024;ORELIUM.ru
02.01.2024;ORION-IZH.ru
02.01.2024;OTDELKA-22.ru
02.01.2024;OTKROISVOIROT-RU.ru
02.01.2024;OUBAITORIE.ru
02.01.2024;OZONALKO.ru
02.01.2024;OZONHAB.ru
02.01.2024;OZONHD.ru
02.01.2024;OZONKA.ru
02.01.2024;P-COLD.ru
02.01.2024;P-LUCKY.ru
02.01.2024;PAHAN97V.ru
02.01.2024;PAK1.ru
02.01.2024;PAKCOLD.ru
02.01.2024;PANSIONATAIST.ru
02.01.2024;PARKOLOVO-DOM.ru
02.01.2024;PATTAYA365.ru
02.01.2024;PAY-ID323413.ru
02.01.2024;PAY-ID742613.ru
02.01.2024;PAY-ID813773.ru
02.01.2024;PAY-ID937113.ru
02.01.2024;PAYMENT-238.ru
02.01.2024;PAYMENT-239.ru
02.01.2024;PAYMENT-240.ru
02.01.2024;PAYMENT-241.ru
02.01.2024;PE4HDRUG4.ru
02.01.2024;PENKINMA.ru
02.01.2024;PERDED.ru
02.01.2024;PEREMENI-ADYGEA.ru
02.01.2024;PEREVERZEVAPHOTO.ru
02.01.2024;PERMANENTLINE73.ru
02.01.2024;PETERHOFA.ru
02.01.2024;PETRUHNOV.ru
02.01.2024;PHOTOKURS.ru
02.01.2024;PIKBEST.ru
02.01.2024;PIMENOV-WORK.ru
02.01.2024;PIMEYES.ru
02.01.2024;PINKU.ru
02.01.2024;PISAEVA.ru
02.01.2024;PITAN.ru
02.01.2024;PITONTUTOR.ru
02.01.2024;PLANDOUFGOS.ru
02.01.2024;PLATEZH24-STOP.ru
02.01.2024;PLATEZHA24-NET.ru
02.01.2024;PLATRORMS.ru
02.01.2024;PLAYFANS.ru
02.01.2024;PLV1374.ru
02.01.2024;PLYWOODFURNITURE.ru
02.01.2024;PMCOACHING.ru
02.01.2024;PODRABOTKA-TYUMEN-S-EZHEDNEVNOI-OPLATOI.ru
02.01.2024;PODRABOTKA-V-TYUMENI.ru
02.01.2024;PODROBNY-OBZOR-1XBET.ru
02.01.2024;PODROBNY-OBZOR-BK-1XBET.ru
02.01.2024;PODZAKAZAVTO.ru
02.01.2024;POISONS-MAGAZINA.ru
02.01.2024;POKER-1XBET-OBZOR.ru
02.01.2024;POLNY-OBZOR-1XBET.ru
02.01.2024;POLNY-OBZOR-MOSTBET.ru
02.01.2024;POLYMERIZATION-LAMP.ru
02.01.2024;POLYMERIZATIONLAMP.ru
02.01.2024;POLZANEVRED.ru
02.01.2024;PONATAILSBREND.ru
02.01.2024;PONKIN-1.ru
02.01.2024;POTOQ.ru
02.01.2024;POVAGIALYLAB.ru
02.01.2024;POVESTOCHKA.ru
02.01.2024;PR418.ru
02.01.2024;PRAMATER.ru
02.01.2024;PREMIUM-WEB-DEVELOPMENT.ru
02.01.2024;PREPOD-61.ru
02.01.2024;PRICMEBEL.ru
02.01.2024;PRINTER-COMPATIBILITY.ru
02.01.2024;PRO-YUT.ru
02.01.2024;PROBNIKOVA.ru
02.01.2024;PROCEN10.ru
02.01.2024;PRODAZHAMUKI.ru
02.01.2024;PROE-OSAGO.ru
02.01.2024;PROFMASSAGEIZH.ru
02.01.2024;PROJECT-COURSE.ru
02.01.2024;PROKOMBAIN.ru
02.01.2024;PROKTT.ru
02.01.2024;PROMOTATNEFT.ru
02.01.2024;PROONVIZ.ru
02.01.2024;PROSVET-CAKE.ru
02.01.2024;PROSVET-CAKES.ru
02.01.2024;PROSVETCAKE.ru
02.01.2024;PROSVETCAKES.ru
02.01.2024;PRUTKI-TOOLS.ru
02.01.2024;PSI-INS.ru
02.01.2024;PSWIRE.ru
02.01.2024;PSYCHO0402.ru
02.01.2024;PSYCHOBIOHACKING.ru
02.01.2024;PSYTRANSFORMATIONS.ru
02.01.2024;PTROYAN.ru
02.01.2024;PUNKTKRASOTI.ru
02.01.2024;PWK24.ru
02.01.2024;PYTONTUTOR.ru
02.01.2024;PZABORTSEV.ru
02.01.2024;QEAKY.ru
02.01.2024;QEMOHELP.ru
02.01.2024;QO2BUS.ru
02.01.2024;QR-FASHION.ru
02.01.2024;QR-STUDIO.ru
02.01.2024;QUANTUM-DT.ru
02.01.2024;R2AAT.ru
02.01.2024;R2BV.ru
02.01.2024;RABOTA-V-TYUMENI.ru
02.01.2024;RADIOCACHING.ru
02.01.2024;RASHID88.ru
02.01.2024;RAZBOR-7.ru
02.01.2024;RC-IB-B24.ru
02.01.2024;RCHINKOV.ru
02.01.2024;REAL-STALIN.ru
02.01.2024;REALLWORLD.ru
02.01.2024;REGSIM7.ru
02.01.2024;REHABPROTOCOLS.ru
02.01.2024;REIKI-SYSTEM.ru
02.01.2024;REKINA.ru
02.01.2024;REKPOISK.ru
02.01.2024;REMAX-ORIGINAL.ru
02.01.2024;REMONT-STIR-MASH.ru
02.01.2024;REPETIRUS-NADEZHDA.ru
02.01.2024;REPPIEV.ru
02.01.2024;RESERVIA.ru
02.01.2024;RESORT72.ru
02.01.2024;RETRIT72.ru
02.01.2024;RETROMOTIVE.ru
02.01.2024;REVENGE-RP.ru
02.01.2024;RGVOZD.ru
02.01.2024;RITUALGOV.ru
02.01.2024;RIVER-POINT.ru
02.01.2024;RMKSTROIGROUP.ru
02.01.2024;ROB-1.ru
02.01.2024;RODNIKIRESORT.ru
02.01.2024;RODNIKIRETRIT.ru
02.01.2024;ROMAAR.ru
02.01.2024;ROMANKULIKOF.ru
02.01.2024;ROMASSSHKII.ru
02.01.2024;ROSTOVA-ASHURKINA.ru
02.01.2024;ROWANBOT.ru
02.01.2024;RPTEHMASTER.ru
02.01.2024;RRF108.ru
02.01.2024;RSKOTOV.ru
02.01.2024;RTPCAZINO.ru
02.01.2024;RU-DPO57.ru
02.01.2024;RU-OBR.ru
02.01.2024;RUBER-LUXE.ru
02.01.2024;RUBSURWEB.ru
02.01.2024;RUDNEV-DEV.ru
02.01.2024;RUNTIMESPORT.ru
02.01.2024;RUPATRIATION.ru
02.01.2024;RUPVZ.ru
02.01.2024;RUSBENDY.ru
02.01.2024;RUSCSSARENA.ru
02.01.2024;RUSFOOTBALL-INFO.ru
02.01.2024;RUSFOOTBALLINFO.ru
02.01.2024;RUSGYDRO.ru
02.01.2024;RUSKH.ru
02.01.2024;RUSMAN7GUS.ru
02.01.2024;RUSSIACS.ru
02.01.2024;RUSSIANBASKET.ru
02.01.2024;RUSSIANFUTUREWEEK.ru
02.01.2024;RVA27RUS.ru
02.01.2024;RYTERIN.ru
02.01.2024;SAINTDEB1T.ru
02.01.2024;SAITOTZYVOV.ru
02.01.2024;SALEKSANDROVICH.ru
02.01.2024;SAMALET-PLUS-74.ru
02.01.2024;SAMBUR63.ru
02.01.2024;SAMPLETIME.ru
02.01.2024;SAMSUNG-CENTER-MSK.ru
02.01.2024;SAMULYAK-BEZUKLADNIKO.ru
02.01.2024;SANASTASIJA.ru
02.01.2024;SANGIST.ru
02.01.2024;SARMAKARCHERY.ru
02.01.2024;SAVELYPLATONOV.ru
02.01.2024;SAVKAKIDS.ru
02.01.2024;SBASKOV.ru
02.01.2024;SBERLOGISTICS-TRACK.ru
02.01.2024;SBERLOGISTICS-TRACKING.ru
02.01.2024;SBORNIK-ME.ru
02.01.2024;SBORNIKME.ru
02.01.2024;SCENARIJ-ZHIZNI.ru
02.01.2024;SCHASTLIVYJ-BILET.ru
02.01.2024;SCHETININ-7.ru
02.01.2024;SCOTEST.ru
02.01.2024;SDADL.ru
02.01.2024;SDELKA7367.ru
02.01.2024;SDMIT6.ru
02.01.2024;SEMENOVSONS.ru
02.01.2024;SEMENTS.ru
02.01.2024;SEMIRINKA.ru
02.01.2024;SEREGINAG.ru
02.01.2024;SEROVA13.ru
02.01.2024;SERVISEFA.ru
02.01.2024;SETROV.ru
02.01.2024;SEX-MARKETS.ru
02.01.2024;SFSFSEFSEF.ru
02.01.2024;SHANGARAEV93.ru
02.01.2024;SHCHEPINA.ru
02.01.2024;SHCHERBAK-PRO.ru
02.01.2024;SHEIDER.ru
02.01.2024;SHLYAK-OG.ru
02.01.2024;SHMELEVAR.ru
02.01.2024;SHOEVA.ru
02.01.2024;SHOVD.ru
02.01.2024;SHUSTKHEM.ru
02.01.2024;SHVOKAL.ru
02.01.2024;SIBELECTRON.ru
02.01.2024;SIBINDEX.ru
02.01.2024;SIDELKAINFO.ru
02.01.2024;SIMPLE-PIANO.ru
02.01.2024;SIMPLEPIANO.ru
02.01.2024;SIMSTUFF.ru
02.01.2024;SINLEERY.ru
02.01.2024;SIRIUS2024.ru
02.01.2024;SITESELLING.ru
02.01.2024;SIVILY.ru
02.01.2024;SIZPROFI.ru
02.01.2024;SKALIEV.ru
02.01.2024;SKANER-VILOK.ru
02.01.2024;SKANER-VILOK-BESPLATNO.ru
02.01.2024;SKAYPE.ru
02.01.2024;SKIN-PRINT.ru
02.01.2024;SKINPRINT.ru
02.01.2024;SKOLIEV.ru
02.01.2024;SKORPION25.ru
02.01.2024;SKUPKATOVARA.ru
02.01.2024;SLOVOPACANABU.ru
02.01.2024;SLOVOPACANAMW.ru
02.01.2024;SLOVOPACANAQE.ru
02.01.2024;SLOVOPACANASI.ru
02.01.2024;SLOVOPACANASS.ru
02.01.2024;SLOVOPACANAVS.ru
02.01.2024;SLOVOPACANAVZ.ru
02.01.2024;SLOVOPACANAZV.ru
02.01.2024;SLOVOPACANCE.ru
02.01.2024;SLOVOPACANEV.ru
02.01.2024;SLOVOPACANW.ru
02.01.2024;SMAKOVKA-ZEFIR.ru
02.01.2024;SMART-CHASY-S-NAUSHNIKAMI.ru
02.01.2024;SMARTHOUSETV.ru
02.01.2024;SMARTSM.ru
02.01.2024;SMEXA.ru
02.01.2024;SMIRNOVANTON7777777.ru
02.01.2024;SMK-NN.ru
02.01.2024;SMOLESKUSLUGI.ru
02.01.2024;SMYCDN.ru
02.01.2024;SNV2701YFNFIF-1.ru
02.01.2024;SOAP4ME.ru
02.01.2024;SOCERSTAND.ru
02.01.2024;SOCTECT.ru
02.01.2024;SOFSO.ru
02.01.2024;SOFT-MOTION.ru
02.01.2024;SOKOLOV15.ru
02.01.2024;SOLARTY.ru
02.01.2024;SOMAROVA.ru
02.01.2024;SOPOEV.ru
02.01.2024;SOSOU.ru
02.01.2024;SOSTEST.ru
02.01.2024;SOTRAV.ru
02.01.2024;SOTWE.ru
02.01.2024;SOULSOFT.ru
02.01.2024;SOUND-DELIVERY.ru
02.01.2024;SOVASHARARU.ru
02.01.2024;SOZDANIESAJTOVTUT.ru
02.01.2024;SPACESATELLITE.ru
02.01.2024;SPAKAILAS.ru
02.01.2024;SPECOTSHIV.ru
02.01.2024;SPICECANDIES.ru
02.01.2024;SPRAVEDNIKOV.ru
02.01.2024;SPROSI-MASTERA.ru
02.01.2024;SS3003.ru
02.01.2024;SSUKONNOV.ru
02.01.2024;STAND2NOJJIIKX.ru
02.01.2024;STAR-CHASERS.ru
02.01.2024;STARLINGPSYCH.ru
02.01.2024;STARPEPPER.ru
02.01.2024;STARPSYCH.ru
02.01.2024;STATEPROFIT.ru
02.01.2024;STAVKATUT.ru
02.01.2024;STEAMCORMUNTIY.ru
02.01.2024;STELATO.ru
02.01.2024;STEPDREAMAGENCY.ru
02.01.2024;STOIOTO.ru
02.01.2024;STOMOSNOVI.ru
02.01.2024;STOP-DOLG2024.ru
02.01.2024;STOP-GRABLI.ru
02.01.2024;STRATEGPS.ru
02.01.2024;STROYDOHOD.ru
02.01.2024;STROYKATOOL.ru
02.01.2024;STRUFANOV.ru
02.01.2024;STUDY-PIANO.ru
02.01.2024;STUDYPIANO.ru
02.01.2024;STUKALKIN.ru
02.01.2024;SU-HOSTESTSCHOOL.ru
02.01.2024;SUBTEAM.ru
02.01.2024;SUN-MIND.ru
02.01.2024;SURVIVETHEFUTURE.ru
02.01.2024;SVARKABRYANSK.ru
02.01.2024;SVARKASMOLENSK.ru
02.01.2024;SVECHKI-SPICHKI.ru
02.01.2024;SVLMMET.ru
02.01.2024;SVLMMET24.ru
02.01.2024;SVLMNWZAR.ru
02.01.2024;SVLMOBLC.ru
02.01.2024;SVLMOBLCH.ru
02.01.2024;SVOEAGRO.ru
02.01.2024;SVOYAPILORAMA.ru
02.01.2024;SWEETHOME88.ru
02.01.2024;SWIMPH.ru
02.01.2024;SWITERCH.ru
02.01.2024;TAJUID.ru
02.01.2024;TALKWESE.ru
02.01.2024;TAMANCARP.ru
02.01.2024;TAMANFISH.ru
02.01.2024;TASZHANIO.ru
02.01.2024;TAXIDUBROVKA.ru
02.01.2024;TCRESPO.ru
02.01.2024;TDMUSTAFIN.ru
02.01.2024;TDWOOD.ru
02.01.2024;TECHNOSPHERICUS.ru
02.01.2024;TELEG-AUTHER.ru
02.01.2024;TELESOVA.ru
02.01.2024;TEMAPAVLOV.ru
02.01.2024;TENNIS72.ru
02.01.2024;TEPLO-V-ARKHYZE.ru
02.01.2024;TEREKHOVA-ANDREEVA.ru
02.01.2024;TESSSLYA.ru
02.01.2024;TEXTRINA.ru
02.01.2024;TGSFIT.ru
02.01.2024;THAIRUSPORTAL.ru
02.01.2024;THEEPOXYSTYLE.ru
02.01.2024;THEFAVORITELOOK.ru
02.01.2024;THEGIFT-OFFICIAL.ru
02.01.2024;TIMEDOCTORRB.ru
02.01.2024;TIMOFEEVYG.ru
02.01.2024;TIMOFEYZIMA.ru
02.01.2024;TIP-07.ru
02.01.2024;TIVABILET.ru
02.01.2024;TK-ZEUS.ru
02.01.2024;TKACHGROUP.ru
02.01.2024;TLA-AGENCY.ru
02.01.2024;TLAGENCY.ru
02.01.2024;TONDO-MEBEL.ru
02.01.2024;TOPIBIRIGENIUS.ru
02.01.2024;TOPTOP-AD.ru
02.01.2024;TOPTOPAD.ru
02.01.2024;TOR2024.ru
02.01.2024;TOTALKAMASUTRA.ru
02.01.2024;TPK-BG.ru
02.01.2024;TPRBM.ru
02.01.2024;TRADE-FREE.ru
02.01.2024;TRADICII-PRAZDNIKOV.ru
02.01.2024;TRADOR-BUILD.ru
02.01.2024;TRAFIC22.ru
02.01.2024;TRAFIK22.ru
02.01.2024;TRANSFER-ARHYZ.ru
02.01.2024;TRANSFER-AZAU.ru
02.01.2024;TRANSFER-DOMBAJ.ru
02.01.2024;TRANZISTORIA.ru
02.01.2024;TRAPEZNIKOVAOA.ru
02.01.2024;TRAVELLER1501.ru
02.01.2024;TRISVET.ru
02.01.2024;TRNSPRT.ru
02.01.2024;TRUBOPROEKT.ru
02.01.2024;TRUCKSIBIR.ru
02.01.2024;TSENTR-ZANYATOSTI-TYUMEN.ru
02.01.2024;TSVETKOV77.ru
02.01.2024;TTVO.ru
02.01.2024;TUMORV.ru
02.01.2024;TUR4ANKATANYA24.ru
02.01.2024;TUTORPHYSICS.ru
02.01.2024;TUVABULET.ru
02.01.2024;TVOA.ru
02.01.2024;TW1XOOM.ru
02.01.2024;TYOTANY.ru
02.01.2024;TYVABILET.ru
02.01.2024;U-IRINY.ru
02.01.2024;UFA-TAXI-GO.ru
02.01.2024;UGLOVOJ-SHKAF.ru
02.01.2024;UKDEVIL.ru
02.01.2024;UKDEVILS.ru
02.01.2024;UKDEVIZ.ru
02.01.2024;UKDEVLIZ.ru
02.01.2024;ULAAN.ru
02.01.2024;UMIDAXON.ru
02.01.2024;UNDFND.ru
02.01.2024;UNIMG.ru
02.01.2024;UNIVERSAL003.ru
02.01.2024;UNLOCKTEAM.ru
02.01.2024;UNRUFF.ru
02.01.2024;URAKOV-ALEXANDER.ru
02.01.2024;URISTIOTVETIAT5.ru
02.01.2024;UXRED.ru
02.01.2024;UZON-TRAVEL.ru
02.01.2024;V10BEL.ru
02.01.2024;V1MARKET.ru
02.01.2024;VADKOVSKIY.ru
02.01.2024;VADKOVSKY.ru
02.01.2024;VAKANSII-TYUMEN.ru
02.01.2024;VAKANSII-V-TYUMENI.ru
02.01.2024;VALERY-RAYUMOV.ru
02.01.2024;VALHALLA-BARBER.ru
02.01.2024;VALHALLABARBER.ru
02.01.2024;VAPNEX.ru
02.01.2024;VB22050.ru
02.01.2024;VBCVET.ru
02.01.2024;VD-BLACK.ru
02.01.2024;VDBLACK.ru
02.01.2024;VECRM.ru
02.01.2024;VEDANTA-SOFTWARE.ru
02.01.2024;VELIEV-1.ru
02.01.2024;VELOSIPEDY-MARKET.ru
02.01.2024;VENER1K.ru
02.01.2024;VENERASMM.ru
02.01.2024;VERTOGRADIS.ru
02.01.2024;VESSGAME.ru
02.01.2024;VFROG.ru
02.01.2024;VI-HOD.ru
02.01.2024;VILKI-BESPLATNO.ru
02.01.2024;VILKI-NA-SPORT.ru
02.01.2024;VIPSMARTMARKETING.ru
02.01.2024;VIRIUS32.ru
02.01.2024;VIRUSREPORT.ru
02.01.2024;VIT-TIH.ru
02.01.2024;VJALTSEV-7.ru
02.01.2024;VKPLAYSTAT.ru
02.01.2024;VKPLAYTOP.ru
02.01.2024;VLADIMIR-LAW-AUDIT.ru
02.01.2024;VLESS-VPN.ru
02.01.2024;VLYNNYK.ru
02.01.2024;VMASHTABE.ru
02.01.2024;VOLOSY-DLYA-NARASHIVANIYA.ru
02.01.2024;VORONTSOVSKIEPRUDY.ru
02.01.2024;VOTTA.ru
02.01.2024;VPN-VLESS.ru
02.01.2024;VPOZHAROVA.ru
02.01.2024;VSEKURSYVG.ru
02.01.2024;VSEMATER.ru
02.01.2024;VSEONINO.ru
02.01.2024;VSKVOR.ru
02.01.2024;VSPOLNY.ru
02.01.2024;VT-EURASIA.ru
02.01.2024;VTBONLAIN.ru
02.01.2024;VVSCONTROL.ru
02.01.2024;VYZYVALI.ru
02.01.2024;WCG-WEB.ru
02.01.2024;WCPROMO.ru
02.01.2024;WEB-MANGO.ru
02.01.2024;WEB-POLKOVNIK.ru
02.01.2024;WERYKAI.ru
02.01.2024;WHOID.ru
02.01.2024;WIKIAUTHOR.ru
02.01.2024;WOMANLADY.ru
02.01.2024;WOMENHOOD.ru
02.01.2024;WOODMERCH.ru
02.01.2024;WWW-KARCHER.ru
02.01.2024;WWW-YA.ru
02.01.2024;XEONTIME.ru
02.01.2024;XIAOMISU7MAX.ru
02.01.2024;XMAKS.ru
02.01.2024;XOLOP2.ru
02.01.2024;XOROSH666.ru
02.01.2024;XTRADATA.ru
02.01.2024;YANDEX-4.ru
02.01.2024;YANDEXDRIVE.ru
02.01.2024;YARYGINGOLD.ru
02.01.2024;YASHIZA.ru
02.01.2024;YEYUYA.ru
02.01.2024;YMLAEN.ru
02.01.2024;YOOPIMV.ru
02.01.2024;YOU2COOL.ru
02.01.2024;YOULO.ru
02.01.2024;YOUMALGOR.ru
02.01.2024;YOUTOOCOOL.ru
02.01.2024;YOXRP.ru
02.01.2024;ZAIMANG.ru
02.01.2024;ZAKAZ7367.ru
02.01.2024;ZAKRITVOPROS.ru
02.01.2024;ZARINO.ru
02.01.2024;ZARPLATA-TYUMEN.ru
02.01.2024;ZAVET-RAZUMA.ru
02.01.2024;ZAXAR666.ru
02.01.2024;ZDOROVETS-7.ru
02.01.2024;ZEFIR-PHOTO-STUDIO.ru
02.01.2024;ZEKANON.ru
02.01.2024;ZENSAUNA.ru
02.01.2024;ZEROTECHMC.ru
02.01.2024;ZHENDOK.ru
02.01.2024;ZHYLKAIDAROV.ru
02.01.2024;ZIGANGIROVA.ru
02.01.2024;ZLAYA-BUMAGA.ru
02.01.2024;ZMEEV-7.ru
02.01.2024;ZMERT.ru
02.01.2024;ZULAN.ru
02.01.2024;ZVNL.ru
02.01.2024;ZVOOCH.ru
03.01.2024;0701198199.ru
03.01.2024;0RL0VA.ru
03.01.2024;1000-RASKRASKA.ru
03.01.2024;1000I1KNIGI.ru
03.01.2024;101RECIPES.ru
03.01.2024;15-CODD.ru
03.01.2024;15CODD.ru
03.01.2024;177TV.ru
03.01.2024;1900SPB.ru
03.01.2024;1PIN-UP24.ru
03.01.2024;1PINUP24.ru
03.01.2024;1TO12.ru
03.01.2024;1WHALE.ru
03.01.2024;1WIN-2023-GO.ru
03.01.2024;1WIN-2024-AKE.ru
03.01.2024;1WIN-2024-AKG.ru
03.01.2024;1WIN-2024-STQ.ru
03.01.2024;1WIN-2024-STX.ru
03.01.2024;1WIN-2024-STZ.ru
03.01.2024;1XSLOTSCASINO7.ru
03.01.2024;2023-YEAR.ru
03.01.2024;22COPY.ru
03.01.2024;24NEWYEARSHOP.ru
03.01.2024;24SURGUT-PND.ru
03.01.2024;2FDZEN.ru
03.01.2024;2FMAIL.ru
03.01.2024;2FWILDBERRIES.ru
03.01.2024;2GIS-ANDERTUSHKA.ru
03.01.2024;2KVR.ru
03.01.2024;2MOTORA.ru
03.01.2024;3333222.ru
03.01.2024;3D-SAD.ru
03.01.2024;42AGENCY.ru
03.01.2024;5FERA.ru
03.01.2024;5ZVEZDOCHEK.ru
03.01.2024;7-SABER.ru
03.01.2024;71144.ru
03.01.2024;74GOV.ru
03.01.2024;75KVARTAL.ru
03.01.2024;777CASIA.ru
03.01.2024;777CASIB.ru
03.01.2024;777CASIC.ru
03.01.2024;777CASID.ru
03.01.2024;777CASIE.ru
03.01.2024;7901.ru
03.01.2024;7E5.ru
03.01.2024;7K7CASINO7.ru
03.01.2024;7KCASINO7.ru
03.01.2024;85CALC.ru
03.01.2024;89063223838.ru
03.01.2024;8ROCK.ru
03.01.2024;9713333.ru
03.01.2024;A807.ru
03.01.2024;ABLEPSYCLI.ru
03.01.2024;ABOBRYSHEV.ru
03.01.2024;ABRISER.ru
03.01.2024;ABSCRIPT.ru
03.01.2024;AC-LADAIRK.ru
03.01.2024;ACCESS4YOU.ru
03.01.2024;ACEMOLD.ru
03.01.2024;ACTIVELIFE-54.ru
03.01.2024;AD-VENT.ru
03.01.2024;ADAGYZOVA.ru
03.01.2024;ADJARIA.ru
03.01.2024;ADMDRAGUNKA.ru
03.01.2024;ADWILD.ru
03.01.2024;AFASTRAH.ru
03.01.2024;AFFILIATE-PRO.ru
03.01.2024;AFTERHOLIDAYS.ru
03.01.2024;AGENCY42.ru
03.01.2024;AGENTBANKA.ru
03.01.2024;AGK-TEST-SITE.ru
03.01.2024;AGROKINO.ru
03.01.2024;AGUANIA.ru
03.01.2024;AHIM-INVEST.ru
03.01.2024;AI-BLOGGER.ru
03.01.2024;AIBRAINCONTENT.ru
03.01.2024;AIDEEL.ru
03.01.2024;AIIGERISHA.ru
03.01.2024;AIKEYAI.ru
03.01.2024;AINOTES.ru
03.01.2024;AINUDE.ru
03.01.2024;AITHREADS.ru
03.01.2024;AKI-OTYR.ru
03.01.2024;AKIUSHKIN.ru
03.01.2024;AKKKMMM.ru
03.01.2024;AKPAEV.ru
03.01.2024;AKTIVV.ru
03.01.2024;AKURITSYNA.ru
03.01.2024;AKVAHIT-RUSSIA.ru
03.01.2024;AL1CERUN.ru
03.01.2024;ALASTRAH.ru
03.01.2024;ALBOMQ.ru
03.01.2024;ALBREHT-1.ru
03.01.2024;ALBUMQ.ru
03.01.2024;ALEALESHE.ru
03.01.2024;ALEKSANDRTRIFONOV.ru
03.01.2024;ALEKSEJVESELOV.ru
03.01.2024;ALEKSEY-1809.ru
03.01.2024;ALEKSEY-77.ru
03.01.2024;ALEKSPRESS.ru
03.01.2024;ALEMMTV.ru
03.01.2024;ALENAIVOCHKINA.ru
03.01.2024;ALESIAPOPOVA.ru
03.01.2024;ALEXEYKRYLOVSKIY.ru
03.01.2024;ALEXEYROMANOV.ru
03.01.2024;ALEXQUS64.ru
03.01.2024;ALEXSMITH-PRO.ru
03.01.2024;ALFAPARALLEL.ru
03.01.2024;ALFAPOLICY.ru
03.01.2024;ALFASOCHISEMINAR261023.ru
03.01.2024;ALFASOCHISEMINAR301123.ru
03.01.2024;ALFASTRASH.ru
03.01.2024;ALFASTRH.ru
03.01.2024;ALFASTTAH.ru
03.01.2024;ALIBESTSHOP.ru
03.01.2024;ALIEXPRESSPHOTO.ru
03.01.2024;ALIMOVICH.ru
03.01.2024;ALISALAPINA.ru
03.01.2024;ALKOLEKAR.ru
03.01.2024;ALLALTMEDICINE.ru
03.01.2024;ALLCAPTAINS.ru
03.01.2024;ALLCARAVANERS.ru
03.01.2024;ALLIEXPRES.ru
03.01.2024;ALLSALMON.ru
03.01.2024;ALPHAPARALLEL.ru
03.01.2024;ALSEZ.ru
03.01.2024;ALTAIR-TV.ru
03.01.2024;ALTEMTOP.ru
03.01.2024;ALUMINIUM-ROSTOV.ru
03.01.2024;ALUMINIUMMAX.ru
03.01.2024;AMAGALL.ru
03.01.2024;AMARKHANOVA.ru
03.01.2024;AMAZONASNEW.ru
03.01.2024;AMGDESIGNER.ru
03.01.2024;AMPLIQ.ru
03.01.2024;AMSKV.ru
03.01.2024;ANALIZCOM.ru
03.01.2024;ANAPA-DOSUG.ru
03.01.2024;ANAVIS.ru
03.01.2024;ANCOPY.ru
03.01.2024;ANDEWOO.ru
03.01.2024;ANDREJWARVAR.ru
03.01.2024;ANDREYKOSOV.ru
03.01.2024;ANDREYPAVLOV76.ru
03.01.2024;ANGARSK-38.ru
03.01.2024;ANGELSBAR.ru
03.01.2024;ANGELSCLUBESCORT.ru
03.01.2024;ANGRYPC.ru
03.01.2024;ANIMALWORLDWIDE.ru
03.01.2024;ANIMATIONWEBSITEPTV.ru
03.01.2024;ANIRAID.ru
03.01.2024;ANK713.ru
03.01.2024;ANNA-AVERINA.ru
03.01.2024;ANNA-SILANTEVA.ru
03.01.2024;ANNA45.ru
03.01.2024;ANNASTREAM.ru
03.01.2024;ANNUUR.ru
03.01.2024;ANTIGSAM606.ru
03.01.2024;ANTOKHIN1.ru
03.01.2024;ANTOSIKRIMA.ru
03.01.2024;ANTYQUA.ru
03.01.2024;AORTEGA.ru
03.01.2024;APMAD.ru
03.01.2024;APPLEIPHONE16.ru
03.01.2024;APRICOT-VALLEY.ru
03.01.2024;APTEKAKERA.ru
03.01.2024;ARASERJ.ru
03.01.2024;ARBITLIGHT.ru
03.01.2024;ARCHIMED-PROJECT.ru
03.01.2024;ARETKSX.ru
03.01.2024;ARI-RITUAL.ru
03.01.2024;ARIDEYA-RUSSIA.ru
03.01.2024;ARIEL-NSK.ru
03.01.2024;ARIELNSK.ru
03.01.2024;ARIZONA-STUDIO.ru
03.01.2024;ARIZONA-WEST.ru
03.01.2024;ARKGAMECAG.ru
03.01.2024;ARMUSTRUST.ru
03.01.2024;ART-CULT.ru
03.01.2024;ART4ME.ru
03.01.2024;ARTEKS-BATLES.ru
03.01.2024;ARTEMBABANSKII.ru
03.01.2024;ARTEMBABANSKIY.ru
03.01.2024;ARTEMBABANSKY.ru
03.01.2024;ARTHALLSGALLERIES.ru
03.01.2024;ARTLINE-MARKET.ru
03.01.2024;ARZ-SAMURAI.ru
03.01.2024;ASGARD-MP.ru
03.01.2024;ASLAYA-AMS.ru
03.01.2024;ASLAYA-AMS-FINANS.ru
03.01.2024;ASOSHKA.ru
03.01.2024;ASSADYKOVA.ru
03.01.2024;ASSTRAL29.ru
03.01.2024;ASTAKHOV-VIKTOR.ru
03.01.2024;ASTAPOV-7.ru
03.01.2024;ASTLAN.ru
03.01.2024;ATAKDOMAIN.ru
03.01.2024;ATHDD.ru
03.01.2024;ATOMY-UFA.ru
03.01.2024;ATS-UTC.ru
03.01.2024;AUCTION-TRADER.ru
03.01.2024;AUDIT-BANKROTSTVO.ru
03.01.2024;AUTO-HELP72.ru
03.01.2024;AUTONICS-RUSSIA.ru
03.01.2024;AUTOPODBORCHELNY.ru
03.01.2024;AUTOPODBORNIZHNIJ.ru
03.01.2024;AUTOPODBORROSTOV.ru
03.01.2024;AUTOPROGRAMS.ru
03.01.2024;AUTOROOFRACK.ru
03.01.2024;AUTOSALON-TULA.ru
03.01.2024;AUTOSOS76.ru
03.01.2024;AUTOVYKUP78.ru
03.01.2024;AVEDAFOOD.ru
03.01.2024;AVIATION-GIN.ru
03.01.2024;AVIRAKHOVSKIY.ru
03.01.2024;AVISLIA.ru
03.01.2024;AVITOLOG2024.ru
03.01.2024;AVKOPT.ru
03.01.2024;AVTO-VYKUP-SPB.ru
03.01.2024;AVTOCAMPING.ru
03.01.2024;AVTOSHKOLA-MGN.ru
03.01.2024;AXIOMCRM24.ru
03.01.2024;AZARIO-RUSSIA.ru
03.01.2024;AZHOLTIKOV.ru
03.01.2024;BABESTATION.ru
03.01.2024;BABKINAME.ru
03.01.2024;BABKIUDOMA.ru
03.01.2024;BADGODMAN.ru
03.01.2024;BAGTT.ru
03.01.2024;BAIDINRG.ru
03.01.2024;BAIKALIANA.ru
03.01.2024;BALBEKOVS.ru
03.01.2024;BALUMAUGLI82.ru
03.01.2024;BANANA-TON.ru
03.01.2024;BANKI-SKLIANKI.ru
03.01.2024;BARBIELISS.ru
03.01.2024;BARCA-SERVER-MYAPP.ru
03.01.2024;BARIDA.ru
03.01.2024;BARNAUL-INDI.ru
03.01.2024;BAROTOV.ru
03.01.2024;BARSOFRUSSIA.ru
03.01.2024;BAYARD55.ru
03.01.2024;BAZA-21.ru
03.01.2024;BAZA21.ru
03.01.2024;BAZALEX.ru
03.01.2024;BDUMA.ru
03.01.2024;BEAUTY-365.ru
03.01.2024;BEAUTY-VOTES.ru
03.01.2024;BEBERASHVILI.ru
03.01.2024;BEKRUZIBOEV.ru
03.01.2024;BELVICS71TULA.ru
03.01.2024;BEN-SERVICE.ru
03.01.2024;BENCURAH.ru
03.01.2024;BEREZHNOY1994.ru
03.01.2024;BERGERR-RUSSIA.ru
03.01.2024;BEST-NARKOLOG.ru
03.01.2024;BETONIRK-ONLINE.ru
03.01.2024;BIBIBAG.ru
03.01.2024;BIBLIO-LITRES.ru
03.01.2024;BICYCLEPEDALING.ru
03.01.2024;BIGMONEYCODE.ru
03.01.2024;BIKERSWAY.ru
03.01.2024;BIRDFORUM.ru
03.01.2024;BIZNESSNATALIEI.ru
03.01.2024;BIZON-365.ru
03.01.2024;BIZZON365.ru
03.01.2024;BKKONTORA.ru
03.01.2024;BLACK-NOTE.ru
03.01.2024;BLACKENEDWHISKEY.ru
03.01.2024;BLISSFULCREAMS.ru
03.01.2024;BLOCK-MINE.ru
03.01.2024;BLOOMIANA.ru
03.01.2024;BLOSSOMNAIL.ru
03.01.2024;BLOUSTAICI.ru
03.01.2024;BLUE-WAVE.ru
03.01.2024;BMSTU-DATE.ru
03.01.2024;BOATCAMP.ru
03.01.2024;BOGINYA-TLT.ru
03.01.2024;BOLSHAKOVAV.ru
03.01.2024;BONAPPETITEGAME.ru
03.01.2024;BOOKOVO.ru
03.01.2024;BOOMS-BEST.ru
03.01.2024;BORISOV-EGOR.ru
03.01.2024;BOSOVA11.ru
03.01.2024;BOT-ROYALE.ru
03.01.2024;BOYCHECHAK.ru
03.01.2024;BRATIASUN.ru
03.01.2024;BREMENSKIEMUZIKAN.ru
03.01.2024;BREMENSKIEMUZIKANT.ru
03.01.2024;BREMENSKIEMUZIKANTY.ru
03.01.2024;BREMENSKIEMUZYKANTY2023.ru
03.01.2024;BREMENSKIEMUZYKANTY2024.ru
03.01.2024;BRONOHOTA.ru
03.01.2024;BRUGMAN-RUSSIA.ru
03.01.2024;BRUNI-SARABYANOV.ru
03.01.2024;BUILDINGMIA.ru
03.01.2024;BURDELNYJ.ru
03.01.2024;BURGER-BOT.ru
03.01.2024;BURLAKOVA-7.ru
03.01.2024;BUS102-2024.ru
03.01.2024;BUSHNELL-24.ru
03.01.2024;BUTANAEVA.ru
03.01.2024;BUYSIBERIAN.ru
03.01.2024;BVB-KD.ru
03.01.2024;BVBKB.ru
03.01.2024;BY-AUTO-PARTS.ru
03.01.2024;BY2BRO.ru
03.01.2024;BYVSHIH.ru
03.01.2024;CAKESTICKERS.ru
03.01.2024;CALL4FREE.ru
03.01.2024;CAMPINGI.ru
03.01.2024;CANDELABRUMS.ru
03.01.2024;CARHEALTHCHECK.ru
03.01.2024;CARSSHOPING.ru
03.01.2024;CASHYM.ru
03.01.2024;CASINO7K7.ru
03.01.2024;CASSA-TELLERS.ru
03.01.2024;CATELAPINA.ru
03.01.2024;CAZZANIGA.ru
03.01.2024;CELEBRITY-LOUNGE.ru
03.01.2024;CELESTIAVANILLA.ru
03.01.2024;CENTER-COURSE.ru
03.01.2024;CENTR-MAXI.ru
03.01.2024;CENTR-MED-NOOVOSIBIRSK.ru
03.01.2024;CERNIA.ru
03.01.2024;CHARSTAR.ru
03.01.2024;CHASOVO.ru
03.01.2024;CHATROULETTE-GIRLS.ru
03.01.2024;CHAWOOD.ru
03.01.2024;CHEMSTAV.ru
03.01.2024;CHIC-N-CHARME.ru
03.01.2024;CHICGO.ru
03.01.2024;CHILI-PEPPER.ru
03.01.2024;CHILLERPUMP.ru
03.01.2024;CHINALIZA.ru
03.01.2024;CHINIMSERVICE.ru
03.01.2024;CHOKUPIL.ru
03.01.2024;CHONICHO.ru
03.01.2024;CHSVSTICH.ru
03.01.2024;CIELLULULASER.ru
03.01.2024;CIRKUS-SOCHINSKII.ru
03.01.2024;CIRQ-SOCHINSKII.ru
03.01.2024;CITADEL-PROTECTION.ru
03.01.2024;CIVZAPP.ru
03.01.2024;CLASSTOP.ru
03.01.2024;CLC79.ru
03.01.2024;CLIMALAND.ru
03.01.2024;CLOVERCUBES.ru
03.01.2024;COBB15.ru
03.01.2024;CODD15RU.ru
03.01.2024;CODDD15.ru
03.01.2024;CODDE15.ru
03.01.2024;CODENAME-FLANKER.ru
03.01.2024;COFFEEBSK.ru
03.01.2024;COFFEELITE.ru
03.01.2024;COI1I.ru
03.01.2024;COLDBLUD.ru
03.01.2024;COMFORTCATS.ru
03.01.2024;COMPAS-AUTOCENTER.ru
03.01.2024;COMPAS-EXPERT.ru
03.01.2024;CONMC.ru
03.01.2024;CONNECTOR73.ru
03.01.2024;COPYRIGHT-CHU.ru
03.01.2024;CORDX.ru
03.01.2024;COSMETOLOG-365.ru
03.01.2024;COSMETOLOG365.ru
03.01.2024;COSMETOLOGY-365.ru
03.01.2024;COSMETOLOGY365.ru
03.01.2024;COSMOPYOS.ru
03.01.2024;COUNT-HOST.ru
03.01.2024;COVENANTMY.ru
03.01.2024;CRAAAZYGAMES.ru
03.01.2024;CRASHLIST1.ru
03.01.2024;CREAMCRAFTS.ru
03.01.2024;CREAMENCHANTMENT.ru
03.01.2024;CREAMYELEGANCE.ru
03.01.2024;CREATORSPACE.ru
03.01.2024;CREDITZAYKA.ru
03.01.2024;CRIMEANFACES.ru
03.01.2024;CRUSHON.ru
03.01.2024;CRYSTALBRIDE.ru
03.01.2024;CS2BASE.ru
03.01.2024;CUREMATE.ru
03.01.2024;CURLYCHRISFOR.ru
03.01.2024;DA-JIA.ru
03.01.2024;DAGIROVSH.ru
03.01.2024;DAJIA.ru
03.01.2024;DAJIAXUEXIAO.ru
03.01.2024;DALNIKOV.ru
03.01.2024;DALNIKOVA.ru
03.01.2024;DANIL-SOLOVYEV.ru
03.01.2024;DANILAANDREEV.ru
03.01.2024;DANILENKO-NUTRITION.ru
03.01.2024;DANZHELTOV.ru
03.01.2024;DAO-SAMA.ru
03.01.2024;DAR-ZEMLI.ru
03.01.2024;DARK-STORY.ru
03.01.2024;DARKFANTI.ru
03.01.2024;DARKTSTORY.ru
03.01.2024;DARLINGUE.ru
03.01.2024;DARRUSSIA.ru
03.01.2024;DASHKEEERS.ru
03.01.2024;DATADRIVENRETAIL.ru
03.01.2024;DATADRIVENRETAILING.ru
03.01.2024;DATARASYUK.ru
03.01.2024;DAYZCLASSICMTA.ru
03.01.2024;DBAYULDASHEV.ru
03.01.2024;DCHETYRIN.ru
03.01.2024;DDAKON.ru
03.01.2024;DEBITOV.ru
03.01.2024;DECODEMYDREAM.ru
03.01.2024;DELIVERY-4546.ru
03.01.2024;DELIVERY214.ru
03.01.2024;DELTIC.ru
03.01.2024;DELTIK.ru
03.01.2024;DEN797.ru
03.01.2024;DENBEND.ru
03.01.2024;DENGISLOVO.ru
03.01.2024;DENGIV.ru
03.01.2024;DENGIVB.ru
03.01.2024;DERATERSVI.ru
03.01.2024;DESKTOP-TLGRAM.ru
03.01.2024;DETIVFOKUSE.ru
03.01.2024;DEV-GUILD.ru
03.01.2024;DEV-PROGER.ru
03.01.2024;DEV52.ru
03.01.2024;DEVIJOE.ru
03.01.2024;DEVOPS-FOR-PROGRAMMERS-PROJECT-76.ru
03.01.2024;DGLAZUNOVA.ru
03.01.2024;DGSPORTS.ru
03.01.2024;DGVJ.ru
03.01.2024;DHRABROV.ru
03.01.2024;DIAL-RUSSIA.ru
03.01.2024;DIAMOND-7.ru
03.01.2024;DIANAKORNEVA.ru
03.01.2024;DIBIPSICOLOGIA.ru
03.01.2024;DIETOLOG-MOSCOW.ru
03.01.2024;DIMVS80.ru
03.01.2024;DIRINA-SM.ru
03.01.2024;DIVIB.ru
03.01.2024;DIZAIN-REMONT32.ru
03.01.2024;DJMEGABYTE.ru
03.01.2024;DJPROSPB.ru
03.01.2024;DKINER.ru
03.01.2024;DMSUPPLY.ru
03.01.2024;DNESSCO.ru
03.01.2024;DNK-ALLIANCE.ru
03.01.2024;DOBROLIZING.ru
03.01.2024;DOK-MEBEL-FRANSHIZA.ru
03.01.2024;DOKTEH.ru
03.01.2024;DOM11B.ru
03.01.2024;DOMENSPORT.ru
03.01.2024;DON019.ru
03.01.2024;DONAVITO.ru
03.01.2024;DOSPORTOS77.ru
03.01.2024;DOSTAVKA-4547.ru
03.01.2024;DOSUG-BARNAUL.ru
03.01.2024;DOSVIDARY.ru
03.01.2024;DRAZVALYAEV.ru
03.01.2024;DREAMYCREAMS.ru
03.01.2024;DREVOHOBBY.ru
03.01.2024;DRIPALA.ru
03.01.2024;DROORG.ru
03.01.2024;DTCHERNONOG.ru
03.01.2024;DTISHKIN.ru
03.01.2024;DTK-BOREY.ru
03.01.2024;DUBAI-PRIME.ru
03.01.2024;DUBAI-REG.ru
03.01.2024;DUBAI-SEA.ru
03.01.2024;DUBAI-TRANSFER.ru
03.01.2024;DUBAISEA.ru
03.01.2024;DUBLIKATKLYCHA.ru
03.01.2024;DUMHAMMER28.ru
03.01.2024;DUMOS.ru
03.01.2024;DUO-COFFEE.ru
03.01.2024;DUSSE.ru
03.01.2024;DUTYSTYLE.ru
03.01.2024;DV-FLOWERS.ru
03.01.2024;DVNAN.ru
03.01.2024;DXB-SHOP.ru
03.01.2024;DYNCRUGHAM.ru
03.01.2024;DZENKOVICH.ru
03.01.2024;DZIANIS.ru
03.01.2024;E-ARC.ru
03.01.2024;E-LNK.ru
03.01.2024;EADODERACT.ru
03.01.2024;EALEKSIN.ru
03.01.2024;EASY-DROP-PROMOCOD.ru
03.01.2024;EASYDONATESHOP.ru
03.01.2024;ECONOMOSAGO.ru
03.01.2024;EDBESSERMAN.ru
03.01.2024;EDINOZHDYSOLGAV.ru
03.01.2024;EDNA-FRILANS.ru
03.01.2024;EDUCATIONINNOVATE.ru
03.01.2024;EDUNEXTSTEPS.ru
03.01.2024;EFIM0V.ru
03.01.2024;EFORAL.ru
03.01.2024;EGORLUN.ru
03.01.2024;EIEYACHTS.ru
03.01.2024;EIPTS.ru
03.01.2024;EK-MIGUNOVA.ru
03.01.2024;EKATERINA-LI.ru
03.01.2024;EKATERINAFIL07.ru
03.01.2024;EKATERINBURG-DOSUG.ru
03.01.2024;ELATI.ru
03.01.2024;ELEGRUM-SPB.ru
03.01.2024;ELENA-KOSTINA.ru
03.01.2024;ELENABEZRUKOVA93.ru
03.01.2024;ELENY.ru
03.01.2024;ELFAPERM.ru
03.01.2024;ELFIDREAMER.ru
03.01.2024;ELGISZ.ru
03.01.2024;ELGUSTO11.ru
03.01.2024;ELISKIN.ru
03.01.2024;ELMIRACHIZH.ru
03.01.2024;ELPST.ru
03.01.2024;ELSEN-RUSSIA.ru
03.01.2024;ELTPS.ru
03.01.2024;EMAIL-OEZCOKUN.ru
03.01.2024;EMELYANOV1989.ru
03.01.2024;EMKAT.ru
03.01.2024;EMKAZAKOV.ru
03.01.2024;ENDURKINO.ru
03.01.2024;ENDUROTEKA.ru
03.01.2024;ENERGY-TM.ru
03.01.2024;ENGLISH8.ru
03.01.2024;ENRIKIESNO.ru
03.01.2024;EOGEN.ru
03.01.2024;EPIANGELS.ru
03.01.2024;EPLTS.ru
03.01.2024;EPOXY-STYLE.ru
03.01.2024;EPSON-RICOH.ru
03.01.2024;EROHIN-SB.ru
03.01.2024;ESHATOS-LIB.ru
03.01.2024;ESHISHKUTOVA.ru
03.01.2024;ESHONFOOD.ru
03.01.2024;ESPIUS.ru
03.01.2024;ESPUS.ru
03.01.2024;ESSENSVIP24.ru
03.01.2024;ESSENSVIP61.ru
03.01.2024;ESUCHKOVA.ru
03.01.2024;ETOTOLKOTANEZ.ru
03.01.2024;EUBLEFA.ru
03.01.2024;EV-MEDIA.ru
03.01.2024;EVA-DEMO1.ru
03.01.2024;EVERLEST.ru
03.01.2024;EVIDENCEMED.ru
03.01.2024;EX-GRIEF.ru
03.01.2024;EXAMIFY.ru
03.01.2024;EXPRESSREST.ru
03.01.2024;EYES-NSK.ru
03.01.2024;EZHISCHE.ru
03.01.2024;FABERLIC-NAFIKOVA.ru
03.01.2024;FACENBASE.ru
03.01.2024;FALLKICASE.ru
03.01.2024;FAMIDOLLPROJECT.ru
03.01.2024;FAMILY-ORGANIC.ru
03.01.2024;FANFLOW.ru
03.01.2024;FANOFFSILYBOYS.ru
03.01.2024;FANTRIBE.ru
03.01.2024;FANVIBE.ru
03.01.2024;FARTYDICE.ru
03.01.2024;FASTMI.ru
03.01.2024;FEDINA-1.ru
03.01.2024;FEDRESURSRF41.ru
03.01.2024;FEDRESURSRF42.ru
03.01.2024;FELDSHER03.ru
03.01.2024;FES-DESIGN.ru
03.01.2024;FFENNECHEK.ru
03.01.2024;FIKFAP.ru
03.01.2024;FILEPC.ru
03.01.2024;FINADEMY.ru
03.01.2024;FINAL-STROY.ru
03.01.2024;FIRE-NEX.ru
03.01.2024;FIRETEKNO.ru
03.01.2024;FIRMA-OPTIC.ru
03.01.2024;FISHANDRICE.ru
03.01.2024;FITAKA.ru
03.01.2024;FITROX.ru
03.01.2024;FITVERONIKA.ru
03.01.2024;FIVESAMP-RP.ru
03.01.2024;FIZTECH-RUSSIA.ru
03.01.2024;FL-MAR.ru
03.01.2024;FLEXPRESS.ru
03.01.2024;FLUPREDKLIO.ru
03.01.2024;FNGINEER.ru
03.01.2024;FOBOZ.ru
03.01.2024;FOCUSLC.ru
03.01.2024;FOCUSLEX.ru
03.01.2024;FOKUSLEX.ru
03.01.2024;FOLLYA.ru
03.01.2024;FOMSOFT.ru
03.01.2024;FORLETTER.ru
03.01.2024;FORMAGINA.ru
03.01.2024;FORUM-GRINCH-RP.ru
03.01.2024;FORUMS-GUNZA.ru
03.01.2024;FORYOU-4U.ru
03.01.2024;FOTOMARI.ru
03.01.2024;FOTOSTRELKAFEST.ru
03.01.2024;FPV-FLY.ru
03.01.2024;FRADAIKINA.ru
03.01.2024;FRANKEEN.ru
03.01.2024;FREECAM8.ru
03.01.2024;FRESHHAUS.ru
03.01.2024;FRUITGO.ru
03.01.2024;FULLPAN.ru
03.01.2024;FURAEV-1.ru
03.01.2024;FUTBOTEKA.ru
03.01.2024;FUTKINO.ru
03.01.2024;FUTUREMINDEDU.ru
03.01.2024;FXPROMAG.ru
03.01.2024;GACHIRADIO.ru
03.01.2024;GAGARIA.ru
03.01.2024;GAIBOV1.ru
03.01.2024;GALIEV-TOP.ru
03.01.2024;GALLERY-FOUNTAIN.ru
03.01.2024;GAME-COIN.ru
03.01.2024;GAMEAVERAGE.ru
03.01.2024;GAMEXTAZY.ru
03.01.2024;GARILLACASINO8.ru
03.01.2024;GARMONIA34.ru
03.01.2024;GATESOFOLYMPUS2024.ru
03.01.2024;GAZENKAMPF.ru
03.01.2024;GC-EXPERT.ru
03.01.2024;GEJNERT.ru
03.01.2024;GELOPAY.ru
03.01.2024;GEMA66.ru
03.01.2024;GENERALCUBESON.ru
03.01.2024;GENERALRAIN.ru
03.01.2024;GENESISARENA.ru
03.01.2024;GENEVIANA.ru
03.01.2024;GET-ENGLISH.ru
03.01.2024;GIDKAVKAZ.ru
03.01.2024;GIS031.ru
03.01.2024;GLAMPHOTEL.ru
03.01.2024;GLAMPINGHOTEL.ru
03.01.2024;GLASBOGA.ru
03.01.2024;GLAVERSONPIT.ru
03.01.2024;GLAVNOE-PRO-PENSUY-NEWS.ru
03.01.2024;GLAZABOGATG.ru
03.01.2024;GLAZBOGAOFICIAL.ru
03.01.2024;GLOBALPARALLEL.ru
03.01.2024;GLOBALTALENTSOLUTION.ru
03.01.2024;GLS360.ru
03.01.2024;GOBLAB.ru
03.01.2024;GOBODEN.ru
03.01.2024;GOJISTORE.ru
03.01.2024;GOLDAPPLEINFO.ru
03.01.2024;GOLDCYPRUS.ru
03.01.2024;GOOPIIPD.ru
03.01.2024;GOOTA.ru
03.01.2024;GORILLACASINO7.ru
03.01.2024;GORO-NEWS2024.ru
03.01.2024;GOROD-MASTEROV1.ru
03.01.2024;GORONIA.ru
03.01.2024;GOROSKOPE2024.ru
03.01.2024;GOSAUDIA.ru
03.01.2024;GOSNSLUGI.ru
03.01.2024;GPT-ASSISTANTS.ru
03.01.2024;GRANCORAMINO.ru
03.01.2024;GRANI-PRO.ru
03.01.2024;GRAPHICDESIGN101.ru
03.01.2024;GRCODER.ru
03.01.2024;GRIFONVN.ru
03.01.2024;GRIMCAST.ru
03.01.2024;GRINCH2018.ru
03.01.2024;GRISHINALEX82.ru
03.01.2024;GROBITEL.ru
03.01.2024;GRUZPER.ru
03.01.2024;GRYPHCLUB.ru
03.01.2024;GSKSB.ru
03.01.2024;GUBERNYAN.ru
03.01.2024;GUNFLEX.ru
03.01.2024;GYMBOPRO.ru
03.01.2024;GYMBOSPORTS.ru
03.01.2024;GZHKU.ru
03.01.2024;HACHATRJAN-7.ru
03.01.2024;HACK-SKILL.ru
03.01.2024;HAIREXPERTDOCTOR.ru
03.01.2024;HANDYARI.ru
03.01.2024;HARMONYCREAMS.ru
03.01.2024;HARYOONLEE.ru
03.01.2024;HAYRAPETYAN-1.ru
03.01.2024;HEDGEBOOK.ru
03.01.2024;HERBIANA.ru
03.01.2024;HHOLOP2.ru
03.01.2024;HIJAMA-AMINA.ru
03.01.2024;HITMANS-SINDICATS-RUSSIA.ru
03.01.2024;HITMANS-TIMA-MOSCOWS.ru
03.01.2024;HITMANS-TIMA-MOSCOWSS.ru
03.01.2024;HITUN.ru
03.01.2024;HL-CS.ru
03.01.2024;HOCHU-SEX-EKATERINBURG.ru
03.01.2024;HOCKEYALEX.ru
03.01.2024;HOLAF-TECH.ru
03.01.2024;HOLD-6457.ru
03.01.2024;HOLLOP-2.ru
03.01.2024;HOLLOP-2-2024.ru
03.01.2024;HOLLOP2.ru
03.01.2024;HOLLOP2-2024.ru
03.01.2024;HOLOP-2-2024.ru
03.01.2024;HOLOP2-2024.ru
03.01.2024;HOLOP2-FILM.ru
03.01.2024;HOLOP2-KINO.ru
03.01.2024;HOLOP2-SMOTRET.ru
03.01.2024;HOLOP2023HD.ru
03.01.2024;HOLOP2024.ru
03.01.2024;HOLOP22023.ru
03.01.2024;HOLOPHD.ru
03.01.2024;HOLOPO2.ru
03.01.2024;HOLOPP2HD.ru
03.01.2024;HOLOPPE2.ru
03.01.2024;HOLOPPI2.ru
03.01.2024;HOLOPS2.ru
03.01.2024;HOMEBEKA.ru
03.01.2024;HOPEMAKAROVA.ru
03.01.2024;HOROSHAYA-GADALKA.ru
03.01.2024;HOROSHAYA-MASTERSKAYA.ru
03.01.2024;HORSESECRETS.ru
03.01.2024;HOSTELZAMZAM.ru
03.01.2024;HOTELSTEC.ru
03.01.2024;HUESTORE.ru
03.01.2024;HUGEPETS.ru
03.01.2024;HUMANGPT.ru
03.01.2024;HUNTERSGOOD.ru
03.01.2024;HUNTHELPER.ru
03.01.2024;HUSEYNZADEE.ru
03.01.2024;HUTSAU.ru
03.01.2024;HYPERSHARK.ru
03.01.2024;I-AM-HERE.ru
03.01.2024;IA2024.ru
03.01.2024;IAKKONEN.ru
03.01.2024;IANPERN.ru
03.01.2024;IAVICH.ru
03.01.2024;ID-CRM.ru
03.01.2024;ID-TECHNOLOGY.ru
03.01.2024;ID-VPS.ru
03.01.2024;ID0459.ru
03.01.2024;ID04598.ru
03.01.2024;ID332.ru
03.01.2024;ID58059.ru
03.01.2024;ID58060.ru
03.01.2024;ID58061.ru
03.01.2024;ID58062.ru
03.01.2024;ID5932.ru
03.01.2024;ID5935.ru
03.01.2024;ID954737.ru
03.01.2024;IECTA.ru
03.01.2024;IERENBURG.ru
03.01.2024;IFLARE.ru
03.01.2024;IGORROMANENKO.ru
03.01.2024;IKARPOVA.ru
03.01.2024;IL-HELLO.ru
03.01.2024;ILYA-KUZNETSOV.ru
03.01.2024;ILYATESTER.ru
03.01.2024;IMPERIAL-STATE-MC.ru
03.01.2024;IMPERTAXI.ru
03.01.2024;INCONDAST.ru
03.01.2024;INDI-KURSK1.ru
03.01.2024;INDIA-RUSSIA.ru
03.01.2024;INDIVIDUALKI-ANAPA.ru
03.01.2024;INDIVIDUALKI-BELGOROD.ru
03.01.2024;INDIVIDUALKI-BELGORODA.ru
03.01.2024;INDOGGOGIN.ru
03.01.2024;INFEPOL.ru
03.01.2024;INFOBOTRU.ru
03.01.2024;INFOPUNK.ru
03.01.2024;INNABOND.ru
03.01.2024;INNAYABANYA.ru
03.01.2024;INTEGRALHUMAN.ru
03.01.2024;INTELLSOFA.ru
03.01.2024;INTERMPLASTIC.ru
03.01.2024;INTEXXX.ru
03.01.2024;INTIM-PROSTITUTKI-EKATERINBURGA.ru
03.01.2024;INVALIDNOST-OFFICIALNAYA.ru
03.01.2024;IODKO-7.ru
03.01.2024;IPGRISHMANOVA.ru
03.01.2024;IPSISSIMUSDIGITAL.ru
03.01.2024;IRAIDA-FEDORCHENKO.ru
03.01.2024;IRAIRA679.ru
03.01.2024;IRINAFIRE.ru
03.01.2024;IRINAGLEBOVA.ru
03.01.2024;IRINASIDORENKO.ru
03.01.2024;IRISDISTRIBUTION.ru
03.01.2024;IRK-PDRC.ru
03.01.2024;IRKUTSK-HYUNDAI.ru
03.01.2024;IRSAUTO.ru
03.01.2024;ISSAEFF.ru
03.01.2024;ISTAP.ru
03.01.2024;IT-BLOCKNOTE.ru
03.01.2024;IT-BLOKNOTE.ru
03.01.2024;IT-CRUNCH.ru
03.01.2024;IT-GEOFORM.ru
03.01.2024;IT-OSMA.ru
03.01.2024;ITARCHMAGAZINE.ru
03.01.2024;ITAUSHKANOV.ru
03.01.2024;ITBLOCKNOTE.ru
03.01.2024;ITBLOKNOTE.ru
03.01.2024;ITCOMING.ru
03.01.2024;ITSVARKA.ru
03.01.2024;IVANBORODA.ru
03.01.2024;IVANKANEV.ru
03.01.2024;IVESOCCER.ru
03.01.2024;IVLEEVALOTO2024.ru
03.01.2024;IWANNAFEN.ru
03.01.2024;IZHARKIKH.ru
03.01.2024;IZHBER.ru
03.01.2024;J1S.ru
03.01.2024;JAECOO-AVN.ru
03.01.2024;JAKUSHEV-PRO.ru
03.01.2024;JERRA-777.ru
03.01.2024;JET-LUCKI.ru
03.01.2024;JIKLO.ru
03.01.2024;JIVA-SPB.ru
03.01.2024;JOBLAD.ru
03.01.2024;JODLAD.ru
03.01.2024;JODLEX.ru
03.01.2024;JOINGO.ru
03.01.2024;JOKERNULLSBAGG.ru
03.01.2024;JUBELOCHKINA-BELOCHKINA.ru
03.01.2024;JULIANABORISOVA.ru
03.01.2024;JULIETTPOLISHUK.ru
03.01.2024;JUMPGO.ru
03.01.2024;JUST-MINE.ru
03.01.2024;KADALIER.ru
03.01.2024;KAIROSNETWORK.ru
03.01.2024;KALININMAX.ru
03.01.2024;KALOUNIVOA.ru
03.01.2024;KAMINEXT.ru
03.01.2024;KANIKEEV.ru
03.01.2024;KARABET.ru
03.01.2024;KARAMANFIX.ru
03.01.2024;KARTA-ITUNES.ru
03.01.2024;KARTINKI1.ru
03.01.2024;KAUSX1488.ru
03.01.2024;KAYYA.ru
03.01.2024;KAZAK-TKV.ru
03.01.2024;KB-FORMAT.ru
03.01.2024;KB640.ru
03.01.2024;KBOCHKAREVA.ru
03.01.2024;KDCRASSVET.ru
03.01.2024;KDCUSTOM.ru
03.01.2024;KEDROVY-KADET24.ru
03.01.2024;KEYBADGE.ru
03.01.2024;KHARITONOVA-EXPERT.ru
03.01.2024;KIBERKISKA.ru
03.01.2024;KING-ARIZONA.ru
03.01.2024;KINO-FILMS.ru
03.01.2024;KINO-TELLERS.ru
03.01.2024;KINOKOKI.ru
03.01.2024;KIPRVILLA.ru
03.01.2024;KIRILL-39.ru
03.01.2024;KIRILL-ZAKHAROV.ru
03.01.2024;KIRPI4X.ru
03.01.2024;KIRSHENMAN.ru
03.01.2024;KISSASIANTV.ru
03.01.2024;KKCOPY.ru
03.01.2024;KLEIN-1.ru
03.01.2024;KLSMYGOLOSOK.ru
03.01.2024;KMD96.ru
03.01.2024;KNIGATOP.ru
03.01.2024;KNOWLEDGEBOOST.ru
03.01.2024;KOBB15.ru
03.01.2024;KOCOU79.ru
03.01.2024;KOD-15.ru
03.01.2024;KOD15.ru
03.01.2024;KODD15.ru
03.01.2024;KOLOGRIVYYNIKITA.ru
03.01.2024;KOLOVER.ru
03.01.2024;KOM-MUN-AR.ru
03.01.2024;KOMAROVAANNA12.ru
03.01.2024;KOMLOV.ru
03.01.2024;KONKURS-INFORM.ru
03.01.2024;KONON-MOBI.ru
03.01.2024;KONOPACH.ru
03.01.2024;KONSTANTIN-KOKOREV.ru
03.01.2024;KONSULTACIYA-YURISTA5.ru
03.01.2024;KORZIS.ru
03.01.2024;KOSIAKOV.ru
03.01.2024;KOSMETIKA-ALTAI.ru
03.01.2024;KOSMETIKA-BAIKAL.ru
03.01.2024;KOSMETIKA-KAVKAZA.ru
03.01.2024;KOSMETIKA-RUSSIA.ru
03.01.2024;KOSMOTATTOO1.ru
03.01.2024;KOSTYLEV-PHOTO.ru
03.01.2024;KOVALENKOA.ru
03.01.2024;KOZIN-7.ru
03.01.2024;KPBAG.ru
03.01.2024;KRASOTVET.ru
03.01.2024;KRATIK.ru
03.01.2024;KRAZL-ML.ru
03.01.2024;KREDIT-MIR.ru
03.01.2024;KREDIT-STAY.ru
03.01.2024;KRIMINALNOEPROSHLOE.ru
03.01.2024;KRIVELSKIY.ru
03.01.2024;KRUPILAD.ru
03.01.2024;KSILENT.ru
03.01.2024;KSP-MT.ru
03.01.2024;KUBAI-FINANCE.ru
03.01.2024;KUBANSKAYAPASEKA.ru
03.01.2024;KUBASOVAREPETIT.ru
03.01.2024;KUHNI-161.ru
03.01.2024;KUHNI-CHERNOZEMIE.ru
03.01.2024;KUHNYA-DESIGN-MK-PROEKT.ru
03.01.2024;KUHNYA-DESIGN-MKPROEKT.ru
03.01.2024;KUHNYA-DESIGNMK-PROEKT.ru
03.01.2024;KUHNYA-DESIGNMKPROEKT.ru
03.01.2024;KUHNYADESIGN-MK-PROEKT.ru
03.01.2024;KUHNYADESIGN-MKPROEKT.ru
03.01.2024;KUHNYADESIGNMK-PROEKT.ru
03.01.2024;KUHNYADESIGNMKPROEKT.ru
03.01.2024;KULISH27.ru
03.01.2024;KUPIT-HAABAROVSK-MEDSPRAVKI.ru
03.01.2024;KUPIT-VLADIVOSTOK-MEEDSPRAVKI.ru
03.01.2024;KUPUT-KARTINU.ru
03.01.2024;KUPUTKARTINU.ru
03.01.2024;KURIE7237.ru
03.01.2024;KURIE7238.ru
03.01.2024;KURIER-YANDEXEDA.ru
03.01.2024;KURIER7378.ru
03.01.2024;KURSK-DOSUG.ru
03.01.2024;KURSK-PUTANA.ru
03.01.2024;KURSKK-MULTIMED.ru
03.01.2024;KURTIZANKI-ANAPA.ru
03.01.2024;KURUSH-BOOK.ru
03.01.2024;KUTUZOVA15.ru
03.01.2024;KUZ9000.ru
03.01.2024;KUZMICHEVA-7.ru
03.01.2024;KUZNETSOVDENIS76.ru
03.01.2024;KVADRATPIFAGORA.ru
03.01.2024;KVARTIRA-NA-SEVERNOM-KIPRE.ru
03.01.2024;KVIDIK.ru
03.01.2024;KVIPROKVO.ru
03.01.2024;KVKZN.ru
03.01.2024;KYBG.ru
03.01.2024;L2ONS.ru
03.01.2024;LA2-ARES.ru
03.01.2024;LADY-CLUB0127.ru
03.01.2024;LALILO.ru
03.01.2024;LAMODACORP.ru
03.01.2024;LANA-LADO.ru
03.01.2024;LAREVECA.ru
03.01.2024;LARTAB.ru
03.01.2024;LASKA2000.ru
03.01.2024;LATEGO.ru
03.01.2024;LAWANGEL.ru
03.01.2024;LAYSFAN.ru
03.01.2024;LAZARLINEIKA.ru
03.01.2024;LC-170.ru
03.01.2024;LC170.ru
03.01.2024;LD-57239.ru
03.01.2024;LEAFMC.ru
03.01.2024;LEDYS-BEAUTY.ru
03.01.2024;LEEGO.ru
03.01.2024;LELDER.ru
03.01.2024;LEMAX-RUSSIA.ru
03.01.2024;LEODARSH.ru
03.01.2024;LEONBUKET.ru
03.01.2024;LEONMGDN.ru
03.01.2024;LESHUKOVA-7.ru
03.01.2024;LESNAYA-SKAZKA09.ru
03.01.2024;LETS-MEET.ru
03.01.2024;LEVIKOR.ru
03.01.2024;LEYKHTER.ru
03.01.2024;LEZGIYAR.ru
03.01.2024;LFASTRAH.ru
03.01.2024;LFEODOR.ru
03.01.2024;LICHI-SHOP.ru
03.01.2024;LIFTINDUSTRIAL.ru
03.01.2024;LIHANOV-1.ru
03.01.2024;LIKE-EVENTS.ru
03.01.2024;LIKEEVENTS.ru
03.01.2024;LIKEMEEEE.ru
03.01.2024;LIMBOGOR.ru
03.01.2024;LINK-HR.ru
03.01.2024;LINUXFORYOU.ru
03.01.2024;LIONELLE.ru
03.01.2024;LIPOVANKA.ru
03.01.2024;LITTLEROCKROLL.ru
03.01.2024;LKAVSK.ru
03.01.2024;LLLIME.ru
03.01.2024;LMONETERTH.ru
03.01.2024;LND-PROD.ru
03.01.2024;LOFTIZBA.ru
03.01.2024;LOFTMAC.ru
03.01.2024;LOLOPEPE.ru
03.01.2024;LOM-METAL-PITER-PRIEM.ru
03.01.2024;LOM-METAL-PITERPRIEM.ru
03.01.2024;LOM-METALPITER-PRIEM.ru
03.01.2024;LOM-METALPITERPRIEM.ru
03.01.2024;LOM-PITER-METAL-PRIEM.ru
03.01.2024;LOM-PITER-METALPRIEM.ru
03.01.2024;LOM-PITER-PRIEM-METAL.ru
03.01.2024;LOM-PITER-PRIEMMETAL.ru
03.01.2024;LOM-PITERMETAL-PRIEM.ru
03.01.2024;LOM-PITERMETALPRIEM.ru
03.01.2024;LOM-PITERPRIEM-METAL.ru
03.01.2024;LOM-PITERPRIEMMETAL.ru
03.01.2024;LOMMETAL-PITER-PRIEM.ru
03.01.2024;LOMMETAL-PITERPRIEM.ru
03.01.2024;LOMMETALPITER-PRIEM.ru
03.01.2024;LOMMETALPITERPRIEM.ru
03.01.2024;LOMPITER-METAL-PRIEM.ru
03.01.2024;LOMPITER-METALPRIEM.ru
03.01.2024;LOMPITER-PRIEM-METAL.ru
03.01.2024;LOMPITER-PRIEMMETAL.ru
03.01.2024;LOMPITERMETAL-PRIEM.ru
03.01.2024;LOMPITERMETALPRIEM.ru
03.01.2024;LOMPITERPRIEM-METAL.ru
03.01.2024;LOMPITERPRIEMMETAL.ru
03.01.2024;LONE-SERVER.ru
03.01.2024;LONGBRANCHBOURBON.ru
03.01.2024;LORSHACHNEV.ru
03.01.2024;LOTOIVLEEVA.ru
03.01.2024;LOVE-SUITS.ru
03.01.2024;LOVELEAD.ru
03.01.2024;LOVESCRAFT.ru
03.01.2024;LOVIANA.ru
03.01.2024;LSGUD.ru
03.01.2024;LSPOTOLKI.ru
03.01.2024;LTAMI.ru
03.01.2024;LUBOVSH.ru
03.01.2024;LUCHSHIJ-IRRIGATOR.ru
03.01.2024;LUCKI-JET.ru
03.01.2024;LUKOVECKOE.ru
03.01.2024;LUKUM-KRD.ru
03.01.2024;LUX-STUFF.ru
03.01.2024;LUXURYMAGG.ru
03.01.2024;LUXURYMAGICC.ru
03.01.2024;LVIRINA.ru
03.01.2024;LVOVALEXEY.ru
03.01.2024;LYOLLIX.ru
03.01.2024;LYRURUS.ru
03.01.2024;M6KA.ru
03.01.2024;MA-CARDS.ru
03.01.2024;MAEVK.ru
03.01.2024;MAGAZIN-FLAGOV.ru
03.01.2024;MAGAZIN-RUSSIA.ru
03.01.2024;MAGAZIN-TOP.ru
03.01.2024;MAIAC.ru
03.01.2024;MAILUK.ru
03.01.2024;MAKERSMOSCOW.ru
03.01.2024;MAKERSSS.ru
03.01.2024;MAKKIRSANV.ru
03.01.2024;MAKVERTONSLEW.ru
03.01.2024;MALASHEV.ru
03.01.2024;MALINOVSSKAYA.ru
03.01.2024;MALOFEEF.ru
03.01.2024;MALTALETTER.ru
03.01.2024;MALTASERVICE.ru
03.01.2024;MALYSHEV-INFO.ru
03.01.2024;MAMJCHKA25.ru
03.01.2024;MANESCORT.ru
03.01.2024;MANOOK20.ru
03.01.2024;MANYJOB.ru
03.01.2024;MARGARITASHVETS.ru
03.01.2024;MARIMURO.ru
03.01.2024;MARINA-DAVYDOVA.ru
03.01.2024;MARINCEK.ru
03.01.2024;MARINDGAN79.ru
03.01.2024;MARINE-PROJECT-TEST.ru
03.01.2024;MARIXNODES.ru
03.01.2024;MARJANA-GOS.ru
03.01.2024;MARKETPLACEGOODS.ru
03.01.2024;MARVESTGROUPE.ru
03.01.2024;MASHABYROVA.ru
03.01.2024;MASLO-75W90.ru
03.01.2024;MASLO-HVLP.ru
03.01.2024;MASLO-IGP.ru
03.01.2024;MASLO-PROMYVOCHNOE.ru
03.01.2024;MASTER-DELETE.ru
03.01.2024;MASTERCH.ru
03.01.2024;MATURKEN.ru
03.01.2024;MATYFUN.ru
03.01.2024;MAXKTAXI.ru
03.01.2024;MBHAJIN.ru
03.01.2024;MBPLEGAL.ru
03.01.2024;MBTIME.ru
03.01.2024;MBURYKINA.ru
03.01.2024;MEBEL-30.ru
03.01.2024;MEBEL-NA-ZAKAZ-LUGANSK.ru
03.01.2024;MEBELVOVA.ru
03.01.2024;MECHTABRAND.ru
03.01.2024;MEDICALSOL.ru
03.01.2024;MEDITCINSKIY-CENTR.ru
03.01.2024;MEDKNIGKI-V-NOOVOSIBIRSKE.ru
03.01.2024;MEDKNIGKII54.ru
03.01.2024;MEDKNIZHKU-NOVOSIBIIRSK.ru
03.01.2024;MEDSPRAV-IN-OMMSK.ru
03.01.2024;MEDSPRAVKI-MEDKNIGKII-V-OMSKE.ru
03.01.2024;MEDVEDEV-BORIS.ru
03.01.2024;MEDVEDEV2042.ru
03.01.2024;MEEDSPRAVKI55-ZAKAZ.ru
03.01.2024;MEGA-PLANE.ru
03.01.2024;MEGAFEER.ru
03.01.2024;MEHMANJAFARI.ru
03.01.2024;MEINTEKRI.ru
03.01.2024;MEMBES2024.ru
03.01.2024;MEPARTNERTEAM.ru
03.01.2024;MERCHDIVISION.ru
03.01.2024;MERCHWAVE.ru
03.01.2024;METALMARTCO.ru
03.01.2024;METARENDA.ru
03.01.2024;METEO-GIS.ru
03.01.2024;MEZANA.ru
03.01.2024;MFOSHKI.ru
03.01.2024;MG-MINE-GAAMER.ru
03.01.2024;MGANENKOVA.ru
03.01.2024;MGK-ALLIANCE.ru
03.01.2024;MGVOZD.ru
03.01.2024;MIABUILD.ru
03.01.2024;MIACOMENANT.ru
03.01.2024;MIDAMA.ru
03.01.2024;MIDNIGHTINC.ru
03.01.2024;MIFA1973.ru
03.01.2024;MIHAJLUKOV.ru
03.01.2024;MIHALEV-1.ru
03.01.2024;MIKE-AROUND.ru
03.01.2024;MIKHA-PRO.ru
03.01.2024;MIKS-ELECTROKARTING.ru
03.01.2024;MILLENNIUM-RUSSIA.ru
03.01.2024;MILLIONROADS.ru
03.01.2024;MINDRULEVA.ru
03.01.2024;MINIPILA-ACCUM.ru
03.01.2024;MINTGO.ru
03.01.2024;MIQOBRAND.ru
03.01.2024;MIR-SOBACK.ru
03.01.2024;MIRAFOKS.ru
03.01.2024;MIRANUBIS.ru
03.01.2024;MIRECHI.ru
03.01.2024;MIRKAPITANOV.ru
03.01.2024;MIRRECHI.ru
03.01.2024;MIRYANOCHKA.ru
03.01.2024;MIRZVYKOV.ru
03.01.2024;MISEL-PRO.ru
03.01.2024;MISS-XS.ru
03.01.2024;MISTAYODA.ru
03.01.2024;MISTERIA2010.ru
03.01.2024;MITLG.ru
03.01.2024;MITROXCLOUD.ru
03.01.2024;MIXANARCHY.ru
03.01.2024;MJY25.ru
03.01.2024;MKKBABKI.ru
03.01.2024;MMEOWW.ru
03.01.2024;MNEX.ru
03.01.2024;MNMACHINE.ru
03.01.2024;MODVIK.ru
03.01.2024;MOJSAD.ru
03.01.2024;MOKDO.ru
03.01.2024;MOKUR.ru
03.01.2024;MOLDASH.ru
03.01.2024;MONENIGHTCLUB.ru
03.01.2024;MOOKRATIBOR.ru
03.01.2024;MOONGO.ru
03.01.2024;MOONHACK.ru
03.01.2024;MOOTERNARY.ru
03.01.2024;MORE-FANTASY.ru
03.01.2024;MOROZ-77.ru
03.01.2024;MORT-GAMES.ru
03.01.2024;MORTALHACKER.ru
03.01.2024;MOSDERN.ru
03.01.2024;MOSDOSUG4.ru
03.01.2024;MOSSTALGRUPP.ru
03.01.2024;MOTORSERVIC.ru
03.01.2024;MOZHAEV-1.ru
03.01.2024;MRJAZANOVA.ru
03.01.2024;MRKVTS.ru
03.01.2024;MSHAPOVALENKO.ru
03.01.2024;MSHIKALOVA.ru
03.01.2024;MSK-SIBENERGI.ru
03.01.2024;MSOLNTSEVA.ru
03.01.2024;MTAVIDEO.ru
03.01.2024;MULTI-SERVIC.ru
03.01.2024;MULTIDRONY.ru
03.01.2024;MUMATY24GO.ru
03.01.2024;MURATOVD.ru
03.01.2024;MUSIC-IOS.ru
03.01.2024;MUSSAGALIYEV.ru
03.01.2024;MUSYLMAN.ru
03.01.2024;MY-BEAUTIFUL.ru
03.01.2024;MY-PGUPS.ru
03.01.2024;MY-WORKSTUDIO.ru
03.01.2024;MYDENT73.ru
03.01.2024;MYDOGISBORYAHVH.ru
03.01.2024;MYFOORSOFK.ru
03.01.2024;MYGAME2.ru
03.01.2024;MYGOLOSKAIFF2.ru
03.01.2024;MYISTYLE.ru
03.01.2024;MYPGUPS.ru
03.01.2024;MYPLAYSTATION-CLUB.ru
03.01.2024;MYREFORMA.ru
03.01.2024;MYSMARTSHOP.ru
03.01.2024;MYSSLEOSN.ru
03.01.2024;MYSTICORB.ru
03.01.2024;MYWEBMASTERQWE.ru
03.01.2024;N-ELECTRICS.ru
03.01.2024;NAKHOLME.ru
03.01.2024;NAKOPETIAN.ru
03.01.2024;NALOZNKA.ru
03.01.2024;NAME4YOU.ru
03.01.2024;NAMINAL.ru
03.01.2024;NARID.ru
03.01.2024;NARODE.ru
03.01.2024;NASTROIKATO.ru
03.01.2024;NASTYA-A.ru
03.01.2024;NATALIA-SEMENOVA.ru
03.01.2024;NATALIATREBOR.ru
03.01.2024;NATALIAZIMENS.ru
03.01.2024;NATI7ONOVA.ru
03.01.2024;NATLI317-7.ru
03.01.2024;NBOLKUNOVA.ru
03.01.2024;NECHITAU.ru
03.01.2024;NEFIMKINA.ru
03.01.2024;NEIROFEED.ru
03.01.2024;NEON1KS.ru
03.01.2024;NEPERSONAJ.ru
03.01.2024;NET-DOLZHNIKOFF.ru
03.01.2024;NET-PRAV.ru
03.01.2024;NETWORKELECTRICS.ru
03.01.2024;NETWORKING34.ru
03.01.2024;NEURO-DIETA.ru
03.01.2024;NEURO-OASIS.ru
03.01.2024;NEURO-SOLUTIONS.ru
03.01.2024;NEUROSKAZ.ru
03.01.2024;NEVAROTANG.ru
03.01.2024;NEWLAND-DISCORD.ru
03.01.2024;NEWSVS.ru
03.01.2024;NICAMUNIFY.ru
03.01.2024;NICULSHIN.ru
03.01.2024;NIEKYABRAMOV.ru
03.01.2024;NIK271195.ru
03.01.2024;NIKITAGOGOLEV.ru
03.01.2024;NIKKOMAROV.ru
03.01.2024;NIKOLAIPAVLOVS.ru
03.01.2024;NIKOLAJ-B.ru
03.01.2024;NINAMINAEVA.ru
03.01.2024;NINJANED.ru
03.01.2024;NISOFTW.ru
03.01.2024;NKARTINI.ru
03.01.2024;NKATKOV.ru
03.01.2024;NMERI1103.ru
03.01.2024;NN-MED-SPRAVKII.ru
03.01.2024;NODLEMAGAZIN.ru
03.01.2024;NOKHOTA.ru
03.01.2024;NOMYSE2024X.ru
03.01.2024;NOSMOS.ru
03.01.2024;NOVIKOVPRAVO.ru
03.01.2024;NOVOGODNIE-RECEPTY.ru
03.01.2024;NOVOSIBB-MEDKNIZJKI.ru
03.01.2024;NOVOSIBIRSK-MEEDKNIGKI.ru
03.01.2024;NOVOSIBIRSKIY-CIRQ.ru
03.01.2024;NOVOSIBIRSKY-CIRQUE.ru
03.01.2024;NPITOP.ru
03.01.2024;NR-LINK.ru
03.01.2024;NS-IIV.ru
03.01.2024;NSHAROY.ru
03.01.2024;NSKPRAVO.ru
03.01.2024;NTARAZANOV.ru
03.01.2024;NUMERYES2024.ru
03.01.2024;NURIYA-AGLIULLINA.ru
03.01.2024;O-LAZAREVA.ru
03.01.2024;OBAJAN.ru
03.01.2024;OBRABOTKA-OT-KLOPOV.ru
03.01.2024;OBUKATOVA.ru
03.01.2024;OCENKA-KRASNODAR.ru
03.01.2024;OCHKINO.ru
03.01.2024;ODLSERVER.ru
03.01.2024;OESINA.ru
03.01.2024;OFD-ORD2201.ru
03.01.2024;OFD-ORD2918.ru
03.01.2024;OFD-ORD3182.ru
03.01.2024;OFD-ORD3356.ru
03.01.2024;OFD-ORD6349.ru
03.01.2024;OFD-ORD6880.ru
03.01.2024;OFD-ORD7072.ru
03.01.2024;OFD-ORD8233.ru
03.01.2024;OFD-ORD8732.ru
03.01.2024;OFD-ORD9600.ru
03.01.2024;OFD-ORD9708.ru
03.01.2024;OFD-ORD9805.ru
03.01.2024;OFD1784.ru
03.01.2024;OFD4519.ru
03.01.2024;OFD5055.ru
03.01.2024;OFFERSOTBANKOV.ru
03.01.2024;OFFRE-SPECIAL.ru
03.01.2024;OFISN.ru
03.01.2024;OGNEVECA.ru
03.01.2024;OISHAR.ru
03.01.2024;OKMMSK.ru
03.01.2024;OKNA-PROBLEM-NET.ru
03.01.2024;OKNAOMEGA.ru
03.01.2024;OKNICEMAN.ru
03.01.2024;OKOLEYLO.ru
03.01.2024;OLEG-MARTYNOV.ru
03.01.2024;OLEGPETROV.ru
03.01.2024;OLEGSAVELO.ru
03.01.2024;OMITORTERH.ru
03.01.2024;OMODA-AVN.ru
03.01.2024;OMODA-MSK-BALTAUTO.ru
03.01.2024;OMODEJURNAL.ru
03.01.2024;ONESPIN.ru
03.01.2024;ONETOTWELVE.ru
03.01.2024;ONLYBESTSERVER.ru
03.01.2024;ONLYRARE.ru
03.01.2024;OOOBULAVA.ru
03.01.2024;OOOOOOOOOOOO.ru
03.01.2024;OP-DONATE.ru
03.01.2024;OPENGO2024.ru
03.01.2024;OPENMINDBOT.ru
03.01.2024;OPENMINDE.ru
03.01.2024;OPLATA7481.ru
03.01.2024;OPLATA7482.ru
03.01.2024;OPROS21.ru
03.01.2024;OPTIK-24.ru
03.01.2024;OPTIKS-24.ru
03.01.2024;OPTO-PHONE.ru
03.01.2024;ORANGEZAGAR.ru
03.01.2024;ORD-24727.ru
03.01.2024;ORD-24740.ru
03.01.2024;ORD-24741.ru
03.01.2024;ORD-24836.ru
03.01.2024;ORDER-1316.ru
03.01.2024;ORDER-4630.ru
03.01.2024;ORDER-8443.ru
03.01.2024;ORDER0247.ru
03.01.2024;ORDER0581.ru
03.01.2024;ORDER0689.ru
03.01.2024;ORDER0948.ru
03.01.2024;ORDER4078.ru
03.01.2024;ORDER6901.ru
03.01.2024;ORDER8476.ru
03.01.2024;ORDER8501.ru
03.01.2024;ORDER9041.ru
03.01.2024;OREOS2024.ru
03.01.2024;ORGANIC-FAMILY.ru
03.01.2024;ORIONMETIPRED.ru
03.01.2024;OSAGO-MIR.ru
03.01.2024;OSIRIA.ru
03.01.2024;OSTDEUTSCHLAND.ru
03.01.2024;OTELIDESHEVO.ru
03.01.2024;OTEVGENI-JEWERLY.ru
03.01.2024;OTNOSHENIA-PRACTICE.ru
03.01.2024;OTOPLENUEDOMA.ru
03.01.2024;OUTLETPOSUDY.ru
03.01.2024;OVERVOLTAGE.ru
03.01.2024;OVINGUIDEN.ru
03.01.2024;OVL-MEDIA.ru
03.01.2024;OYSHAR.ru
03.01.2024;OZEMPIC-SEMAVIC.ru
03.01.2024;P6-UCOZ.ru
03.01.2024;PACIF.ru
03.01.2024;PAG3.ru
03.01.2024;PAGE-2189.ru
03.01.2024;PANDADRIVE.ru
03.01.2024;PANDORAMGN.ru
03.01.2024;PANTALONES.ru
03.01.2024;PANTALONESTEQUILA.ru
03.01.2024;PAPER-TIME.ru
03.01.2024;PARADIZ-RESTAURANT.ru
03.01.2024;PARALLELIMPORTA.ru
03.01.2024;PARANKIN.ru
03.01.2024;PATIMARKET.ru
03.01.2024;PATRIKILOVERS.ru
03.01.2024;PATTERNCREATOR.ru
03.01.2024;PAV1.ru
03.01.2024;PAVLUIKOVSAR.ru
03.01.2024;PAY-ID653412.ru
03.01.2024;PAY-ID867443.ru
03.01.2024;PAY-ID928451.ru
03.01.2024;PAYD07.ru
03.01.2024;PAYFOR2024.ru
03.01.2024;PAYLOUVE.ru
03.01.2024;PAYMENT-243.ru
03.01.2024;PAYMENT-245.ru
03.01.2024;PAYMENT-246.ru
03.01.2024;PAYMENT-247.ru
03.01.2024;PAYRELOVUS.ru
03.01.2024;PAYTOSBER.ru
03.01.2024;PB-STUDIO44.ru
03.01.2024;PBOLDAREV.ru
03.01.2024;PEANUWUT.ru
03.01.2024;PELYYYAAA.ru
03.01.2024;PERESVET12.ru
03.01.2024;PEREVOD-XIAOLONGBAO.ru
03.01.2024;PERS-GROUP.ru
03.01.2024;PERS-STORE.ru
03.01.2024;PERSONAL-GARDEN.ru
03.01.2024;PERSONAL-VALUER.ru
03.01.2024;PETANDRENT.ru
03.01.2024;PETHOLIDAY.ru
03.01.2024;PETKREMACIA.ru
03.01.2024;PETRAKARIN.ru
03.01.2024;PETVACATION.ru
03.01.2024;PEV56.ru
03.01.2024;PGIPS.ru
03.01.2024;PGYPS.ru
03.01.2024;PHARMADRIVE.ru
03.01.2024;PHILIPPINEESS.ru
03.01.2024;PHLORIVER.ru
03.01.2024;PHOTO-MAGIK.ru
03.01.2024;PHOTOEKA.ru
03.01.2024;PHUKET-TRANSFER.ru
03.01.2024;PHYSMATH-ONLINE.ru
03.01.2024;PHYTYRA.ru
03.01.2024;PIANO-JAZZ.ru
03.01.2024;PIKPED.ru
03.01.2024;PINUP24.ru
03.01.2024;PITERSMM.ru
03.01.2024;PIXAJET.ru
03.01.2024;PIZZA11.ru
03.01.2024;PIZZA83.ru
03.01.2024;PIZZA86.ru
03.01.2024;PIZZA89.ru
03.01.2024;PKRIKOVA.ru
03.01.2024;PLANTGO.ru
03.01.2024;PLASMIN.ru
03.01.2024;PLASTICPENZA.ru
03.01.2024;PLASTICPNZ.ru
03.01.2024;PLATIMARCET.ru
03.01.2024;PLATIMARKER.ru
03.01.2024;PLAYBOYMOSCOW.ru
03.01.2024;PLAYGEIMS.ru
03.01.2024;PLAYLEO.ru
03.01.2024;PLERES.ru
03.01.2024;PLUS-1WIN.ru
03.01.2024;PLUSHINA.ru
03.01.2024;PNEVMOFF.ru
03.01.2024;PNG-DESIGN.ru
03.01.2024;POCHEMUYA.ru
03.01.2024;POCHTA-PODSTAVKIN.ru
03.01.2024;PODOLOG-KUDROVA.ru
03.01.2024;PODSFBGTE.ru
03.01.2024;POINTER-TOUR.ru
03.01.2024;POISONN.ru
03.01.2024;POPIK2023.ru
03.01.2024;POPTUS.ru
03.01.2024;POPUSH.ru
03.01.2024;PORTALELPTS.ru
03.01.2024;PORTLSTROU.ru
03.01.2024;POSHATOV.ru
03.01.2024;POSPUCH.ru
03.01.2024;POSPUH.ru
03.01.2024;POSTGUARD.ru
03.01.2024;POSTPUSH.ru
03.01.2024;POTAPOVAOLGAVLADIMIROVNA.ru
03.01.2024;POZYTRONA.ru
03.01.2024;PPLAUTH.ru
03.01.2024;PRACTICAL-ENGINEERS.ru
03.01.2024;PRANKINO.ru
03.01.2024;PRIME-PRODUCTION.ru
03.01.2024;PRIMEGARDENS.ru
03.01.2024;PRIMOCLIMA-RUSSIA.ru
03.01.2024;PRISHEPA.ru
03.01.2024;PRIVETYADOMA.ru
03.01.2024;PRIVGIRL.ru
03.01.2024;PRIZE-METRO-CC.ru
03.01.2024;PRIZE-VTB.ru
03.01.2024;PRIZOTIVLEEVOY.ru
03.01.2024;PRO-IAM.ru
03.01.2024;PRO-PUSHKINA.ru
03.01.2024;PRO-VKLAD.ru
03.01.2024;PROARENA-CS.ru
03.01.2024;PROEKTWEBSETIMLM.ru
03.01.2024;PROFATTESTATGROUP.ru
03.01.2024;PROFESSEUR96.ru
03.01.2024;PROFICITE.ru
03.01.2024;PROFMETALL70.ru
03.01.2024;PROFMOTIVATION.ru
03.01.2024;PROFTIKET.ru
03.01.2024;PROGRUZZ.ru
03.01.2024;PROKOPJUK-1.ru
03.01.2024;PROKOPOVS.ru
03.01.2024;PROKSISHOP.ru
03.01.2024;PROMOAVIANCA-ANIVERSARIO.ru
03.01.2024;PRONIN-DESIGN.ru
03.01.2024;PROPACK05.ru
03.01.2024;PROPADS.ru
03.01.2024;PROPOKUPKIPLUS.ru
03.01.2024;PROSPERO-STORE.ru
03.01.2024;PROSTAWKI.ru
03.01.2024;PROSTITUTKA-ASTRAHANI.ru
03.01.2024;PROSTITUTKAASTRAHANI.ru
03.01.2024;PROSTITUTKI--KURSKA.ru
03.01.2024;PROSTITUTKI-ANAPA1.ru
03.01.2024;PROSTITUTKI-KURSK.ru
03.01.2024;PROSTITUTKI-KURSKA.ru
03.01.2024;PROSTITUTKI-VLADIMIRA.ru
03.01.2024;PROSTITUTKIBARNAUL.ru
03.01.2024;PROSTITUTKIEKATERINBURG.ru
03.01.2024;PROSTITUTKIKURSKA.ru
03.01.2024;PROTEZ54.ru
03.01.2024;PROVERKIN24.ru
03.01.2024;PROVKLAD.ru
03.01.2024;PSHEVSKIJ.ru
03.01.2024;PSIHOLOGMUZH.ru
03.01.2024;PSIHOLOGSOROKINA.ru
03.01.2024;PSKDIR.ru
03.01.2024;PSKOV-KEY.ru
03.01.2024;PSY-LECTORII.ru
03.01.2024;PSYCHOLOG-IRINA-YULDASHEVA.ru
03.01.2024;PSYNORMANN.ru
03.01.2024;PUDRAZHENS.ru
03.01.2024;PUKHOVTRAVEL.ru
03.01.2024;PURELYCREAMY.ru
03.01.2024;PUTIN-WORK.ru
03.01.2024;PV17.ru
03.01.2024;PYATACH.ru
03.01.2024;PYSKAYOUDIMVN.ru
03.01.2024;PYTTN.ru
03.01.2024;QEQK.ru
03.01.2024;QMNIA.ru
03.01.2024;QR-SITE.ru
03.01.2024;QUAKELANDS.ru
03.01.2024;RABOTAI24.ru
03.01.2024;RABOTAKURYER.ru
03.01.2024;RADIANT-DOM.ru
03.01.2024;RADIANTCREAMS.ru
03.01.2024;RADMIRTINS.ru
03.01.2024;RAKISAIONJI.ru
03.01.2024;RAMAZANOV-WEB.ru
03.01.2024;RAMENBETRU.ru
03.01.2024;RAMNDEWOO.ru
03.01.2024;RAMOZA.ru
03.01.2024;RANDEVO.ru
03.01.2024;RANDEVUU.ru
03.01.2024;RANDOWOO.ru
03.01.2024;RASSADAIRK.ru
03.01.2024;RASSAN.ru
03.01.2024;RASTAMANTALES.ru
03.01.2024;RAT-KZ.ru
03.01.2024;RAVWORLD.ru
03.01.2024;RAZAVTO.ru
03.01.2024;RAZGOVORCLUB.ru
03.01.2024;RBC-FRANSHIZA.ru
03.01.2024;RBOYKOV.ru
03.01.2024;RBP63841.ru
03.01.2024;RCWCA.ru
03.01.2024;RDI-STUDIOS.ru
03.01.2024;RDN24.ru
03.01.2024;RDONNE.ru
03.01.2024;RDROBOTOV.ru
03.01.2024;REALTY-G.ru
03.01.2024;REANDEWOO.ru
03.01.2024;RECEPTYROSTA.ru
03.01.2024;RECITATIV.ru
03.01.2024;REFAKTORING.ru
03.01.2024;RELAX35.ru
03.01.2024;REMBURTECH.ru
03.01.2024;REMONTOSEY.ru
03.01.2024;REMSTEEL.ru
03.01.2024;RENDEWU.ru
03.01.2024;RENDEZVOUSINFO.ru
03.01.2024;RENDTIME.ru
03.01.2024;RENFIL.ru
03.01.2024;REPLICACROSS.ru
03.01.2024;REQISTRAD.ru
03.01.2024;RESMASH1.ru
03.01.2024;RESOURCESTRATEGIES.ru
03.01.2024;RESTYLE74.ru
03.01.2024;REVARB-FF-QARINA.ru
03.01.2024;REWERDS-FF-QARENA.ru
03.01.2024;REZERVUS.ru
03.01.2024;RICHINVESTSOCHI.ru
03.01.2024;RIGHKOVAEKATERINA.ru
03.01.2024;RIGURENA.ru
03.01.2024;RIHORD-ZORGE.ru
03.01.2024;RIHORDZORGE.ru
03.01.2024;RINOKONLINE.ru
03.01.2024;RIORISE.ru
03.01.2024;RITAPOPOVA28.ru
03.01.2024;RIYA-PSIHOLOG.ru
03.01.2024;RNDEWOO.ru
03.01.2024;ROBKY.ru
03.01.2024;ROLLNPIZZA.ru
03.01.2024;ROM-SHOP.ru
03.01.2024;ROOMAKE2015.ru
03.01.2024;ROONGRIEF.ru
03.01.2024;ROOT777.ru
03.01.2024;ROOTNOTCREATIONS.ru
03.01.2024;ROSMA-RUSSIA.ru
03.01.2024;ROSPALET.ru
03.01.2024;ROSSIA19K.ru
03.01.2024;ROTANATOUR.ru
03.01.2024;RROSTA.ru
03.01.2024;RRVAHITOV.ru
03.01.2024;RU-2024OPLATA.ru
03.01.2024;RU-ID8456.ru
03.01.2024;RU-SECURITY8858.ru
03.01.2024;RUK-CUTTERS.ru
03.01.2024;RURSG.ru
03.01.2024;RUS-2167.ru
03.01.2024;RUS-OPT-TORG.ru
03.01.2024;RUSSIA-RELAX-RP.ru
03.01.2024;RUSSIANPREMIUM-IKRA.ru
03.01.2024;RUSTLINGLEAF.ru
03.01.2024;RUSTY7UP.ru
03.01.2024;RUZASUP.ru
03.01.2024;RUZBASE.ru
03.01.2024;RWSA.ru
03.01.2024;RYSIEVA.ru
03.01.2024;RZNORLOV.ru
03.01.2024;SALAMATKINA.ru
03.01.2024;SALE-22.ru
03.01.2024;SALEMASH.ru
03.01.2024;SALIKOV-7.ru
03.01.2024;SALLANA3.ru
03.01.2024;SALLOVATO.ru
03.01.2024;SALONSBASE.ru
03.01.2024;SAMKUH.ru
03.01.2024;SANDUSHNILAS.ru
03.01.2024;SANTESIN.ru
03.01.2024;SARACHINA.ru
03.01.2024;SARAYAN.ru
03.01.2024;SARIN-PRODUCTION.ru
03.01.2024;SARMATSTORE.ru
03.01.2024;SATAIDANA.ru
03.01.2024;SATTIKA.ru
03.01.2024;SAVIN-DESIGN.ru
03.01.2024;SBDKONKYRS.ru
03.01.2024;SBRG1.ru
03.01.2024;SBRGEL.ru
03.01.2024;SDELKA7368.ru
03.01.2024;SDKONRYRS.ru
03.01.2024;SDUBOVA.ru
03.01.2024;SECRETYOUTUBEROOM.ru
03.01.2024;SEDOVRE.ru
03.01.2024;SELVAREY.ru
03.01.2024;SEMENOVAS.ru
03.01.2024;SEMRUST.ru
03.01.2024;SENRK.ru
03.01.2024;SEO-FOMIN.ru
03.01.2024;SEOPULL.ru
03.01.2024;SEREGEYBON.ru
03.01.2024;SERVICE-4579.ru
03.01.2024;SERVICE-TOTO.ru
03.01.2024;SERVICECENTRE31.ru
03.01.2024;SERVICFA.ru
03.01.2024;SETUPGAMESERVER.ru
03.01.2024;SEVASTOPOL-DENISOW.ru
03.01.2024;SEVERA-GROUP.ru
03.01.2024;SEVERSRV.ru
03.01.2024;SEVNAS.ru
03.01.2024;SFG22.ru
03.01.2024;SH-NOV.ru
03.01.2024;SH12-ZAOZERNOE.ru
03.01.2024;SHABAKINA-1.ru
03.01.2024;SHABIR-ABEDI.ru
03.01.2024;SHAHOVA-PRO.ru
03.01.2024;SHARKESIGN.ru
03.01.2024;SHENKOV.ru
03.01.2024;SHIFTYA.ru
03.01.2024;SHLAKOBLOKLG.ru
03.01.2024;SHOFU-MEISINGER.ru
03.01.2024;SHPILEVSKII.ru
03.01.2024;SILA-KAVKAZA.ru
03.01.2024;SILENCECHEATS.ru
03.01.2024;SILKSKINCARE.ru
03.01.2024;SIMKABEZLIMITKA.ru
03.01.2024;SIMPIK.ru
03.01.2024;SINENIKOLSKY.ru
03.01.2024;SIPERKASSA.ru
03.01.2024;SIPTEQUILA.ru
03.01.2024;SK-DIPLOM.ru
03.01.2024;SK-DOMMECHTY53.ru
03.01.2024;SKAROVSKY.ru
03.01.2024;SKBEATMUSICPRODUCER.ru
03.01.2024;SKOBETS.ru
03.01.2024;SKOLKOVOLIFE.ru
03.01.2024;SKORNIAKOV.ru
03.01.2024;SKY05.ru
03.01.2024;SKYWHOISTHIS.ru
03.01.2024;SLAVA-KOROLEV.ru
03.01.2024;SLAVICGIRL.ru
03.01.2024;SLAVYANSKAYADEVOCHKA.ru
03.01.2024;SLLOVO-PACANA.ru
03.01.2024;SLLOVO-PACANNA.ru
03.01.2024;SLOVO-PACAANA-2.ru
03.01.2024;SLOVO-PACAANA2.ru
03.01.2024;SLOVO-PACAANA2-8.ru
03.01.2024;SLOVO-PACONAA.ru
03.01.2024;SLOVO-PACONAS.ru
03.01.2024;SLOVOPACANABA.ru
03.01.2024;SLOVOPACANEE.ru
03.01.2024;SLOVOPACANGT.ru
03.01.2024;SLOVOPACANOE.ru
03.01.2024;SLOVOPACANQE.ru
03.01.2024;SLOVOPACANRA.ru
03.01.2024;SLOVOPACANRU.ru
03.01.2024;SLOVOPACANUT.ru
03.01.2024;SLOVOPACANVEN.ru
03.01.2024;SLOVOPACANVES.ru
03.01.2024;SLOVOPACONBE.ru
03.01.2024;SLOVOPACONHE.ru
03.01.2024;SLOVOSIBIRI.ru
03.01.2024;SLOVOZAYM.ru
03.01.2024;SLYMOFOR.ru
03.01.2024;SM-DPK.ru
03.01.2024;SMARTHOMEASSISTANT.ru
03.01.2024;SMARTLEARNINGTECH.ru
03.01.2024;SMAZKA-LITOL.ru
03.01.2024;SMAZKA-SOLIDOL.ru
03.01.2024;SMAZOCHNYE-MATERIALY.ru
03.01.2024;SMELL690.ru
03.01.2024;SMISMILE.ru
03.01.2024;SMMNET.ru
03.01.2024;SMMRRR.ru
03.01.2024;SMOBILE-SERVICE.ru
03.01.2024;SMOLENSK-POLIFASAD.ru
03.01.2024;SMOTRING.ru
03.01.2024;SNFSX.ru
03.01.2024;SNITCHES.ru
03.01.2024;SNOWFOLD.ru
03.01.2024;SNV-FACORY.ru
03.01.2024;SNV-FACTORY.ru
03.01.2024;SOBERGO.ru
03.01.2024;SOCHIGUSEVA.ru
03.01.2024;SOFASMM.ru
03.01.2024;SOFIMANI.ru
03.01.2024;SOFKMYRU.ru
03.01.2024;SOLNUMAO.ru
03.01.2024;SOLOHINA.ru
03.01.2024;SOMETESTSETC.ru
03.01.2024;SOMMELIER-SPA.ru
03.01.2024;SONDERSTORE.ru
03.01.2024;SONSVETLANA.ru
03.01.2024;SOQAZ.ru
03.01.2024;SOTEKA.ru
03.01.2024;SOUT-PRIM.ru
03.01.2024;SOVINVARTOUR.ru
03.01.2024;SOZM.ru
03.01.2024;SP-KUST.ru
03.01.2024;SPA-TANTRA.ru
03.01.2024;SPACE-GOLUBOVA.ru
03.01.2024;SPACE-MACE.ru
03.01.2024;SPAPARUS.ru
03.01.2024;SPAS-NA-DNEPRE.ru
03.01.2024;SPAWNP3.ru
03.01.2024;SPETRADE.ru
03.01.2024;SPKDZZ.ru
03.01.2024;SPKTV.ru
03.01.2024;SPLIT-YANDEX.ru
03.01.2024;SPORTSCANNER.ru
03.01.2024;SPOTBMX.ru
03.01.2024;SPOTPARK.ru
03.01.2024;SPRINTDRIVE.ru
03.01.2024;SR-57.ru
03.01.2024;SRAVNIVPS.ru
03.01.2024;SREDALIFE.ru
03.01.2024;SSARKISOVA.ru
03.01.2024;SSCOPY.ru
03.01.2024;STACYWEI.ru
03.01.2024;STAFF-LEARNING.ru
03.01.2024;STANDUP-TELLERS.ru
03.01.2024;STANISLAVJUS.ru
03.01.2024;STANKO-TOOLS.ru
03.01.2024;STANMS.ru
03.01.2024;STARTBIZON365.ru
03.01.2024;STARTMVP.ru
03.01.2024;STASIAKOKO.ru
03.01.2024;STASOKPROD.ru
03.01.2024;STAY-ESTATE.ru
03.01.2024;STCLD.ru
03.01.2024;STEAMVALUE.ru
03.01.2024;STEMIRBOLOTOVA.ru
03.01.2024;STERPUGOV.ru
03.01.2024;STILLBOARD.ru
03.01.2024;STOPS-SCAM.ru
03.01.2024;STORIS101.ru
03.01.2024;STORYRUST.ru
03.01.2024;STRAH-OSAGO.ru
03.01.2024;STRETCHINGSPB.ru
03.01.2024;STROIKA40.ru
03.01.2024;STROITELSVODOMOV.ru
03.01.2024;STRSOA.ru
03.01.2024;STTOUC.ru
03.01.2024;SUD-ZA.ru
03.01.2024;SUDANOV.ru
03.01.2024;SUHAREVA-PRO.ru
03.01.2024;SUMERGENOVA.ru
03.01.2024;SUMKIGOLD.ru
03.01.2024;SUMKINFM.ru
03.01.2024;SUNFORK.ru
03.01.2024;SUPERSITE04.ru
03.01.2024;SURFIK.ru
03.01.2024;SURFTIPS.ru
03.01.2024;SUSHKOVKV.ru
03.01.2024;SVEJENICA.ru
03.01.2024;SVEJIANA.ru
03.01.2024;SVETLANA-ONLINE.ru
03.01.2024;SVETLANASOTNICH.ru
03.01.2024;SVOICAPITAL.ru
03.01.2024;SVOJCHUZHOJ.ru
03.01.2024;SVOYAPIZZA.ru
03.01.2024;SVSTUDIO24.ru
03.01.2024;SW-RP-CORP.ru
03.01.2024;SWALEXUPDATE.ru
03.01.2024;SYSTEM-PTA.ru
03.01.2024;SYSTEMA-COURSE.ru
03.01.2024;SZHIROV.ru
03.01.2024;SZHUMADILOV.ru
03.01.2024;T9221112661.ru
03.01.2024;TACMOBILE.ru
03.01.2024;TAIBEIZAIHAEYAHC.ru
03.01.2024;TAKEMEBACKTO2016.ru
03.01.2024;TAKLOKOVA.ru
03.01.2024;TAKTMEDIA.ru
03.01.2024;TAMARAM.ru
03.01.2024;TANGOART.ru
03.01.2024;TANKS3D.ru
03.01.2024;TANKSBLIZ.ru
03.01.2024;TANYADONCH.ru
03.01.2024;TANYAVESNAPHOTOGRAPHER.ru
03.01.2024;TARAOPT24.ru
03.01.2024;TARO365.ru
03.01.2024;TAROTRABBIT.ru
03.01.2024;TATHAT.ru
03.01.2024;TATIANASPR.ru
03.01.2024;TATTY-MI.ru
03.01.2024;TATYANAIVANTSOVA.ru
03.01.2024;TAU-COLA.ru
03.01.2024;TAUCOLA.ru
03.01.2024;TAXI-DRIVEE.ru
03.01.2024;TBYSTROVA.ru
03.01.2024;TDNANOSERVICE.ru
03.01.2024;TECHNO-LANDS.ru
03.01.2024;TELEGRAMETR.ru
03.01.2024;TELEGRAMGLAZBOGA.ru
03.01.2024;TELLERS-CASSA.ru
03.01.2024;TELO-YA.ru
03.01.2024;TERNOVOI.ru
03.01.2024;TERRAVIKA.ru
03.01.2024;TESLATEQUILA.ru
03.01.2024;TGBOTTEST.ru
03.01.2024;TGPREMMM.ru
03.01.2024;THEATRE-TELLERS.ru
03.01.2024;TIAMUN.ru
03.01.2024;TIGRKA.ru
03.01.2024;TIMACHLOR.ru
03.01.2024;TIMEWEBB.ru
03.01.2024;TINOVIKOVA.ru
03.01.2024;TK-ASKO.ru
03.01.2024;TKHAL.ru
03.01.2024;TMPEKAQ.ru
03.01.2024;TNSAMA.ru
03.01.2024;TOCHINOG.ru
03.01.2024;TOI-GOH.ru
03.01.2024;TONY07.ru
03.01.2024;TOP-BEAUTY-SALON.ru
03.01.2024;TOP-CREDIT-CARD.ru
03.01.2024;TOP-DEBIT-CARD.ru
03.01.2024;TOPCARS10.ru
03.01.2024;TOPCASTLES.ru
03.01.2024;TORRENT-GAME.ru
03.01.2024;TOT-BOT.ru
03.01.2024;TR-131.ru
03.01.2024;TR131.ru
03.01.2024;TRANDEWOO.ru
03.01.2024;TRETIILISHNII.ru
03.01.2024;TRGTUNNE.ru
03.01.2024;TRI-BOGATYRYA-I-PUP-ZEMLI-MULTFILM2023.ru
03.01.2024;TRIP-2178.ru
03.01.2024;TRIPS-TRAVEL.ru
03.01.2024;TROFIMOV108.ru
03.01.2024;TSK-APRIORI.ru
03.01.2024;TT-KEM.ru
03.01.2024;TTK-KONCEPT.ru
03.01.2024;TTRANSS.ru
03.01.2024;TULA-AUTOCENTER.ru
03.01.2024;TULA-TWO-CARS.ru
03.01.2024;TUNING-TELA38.ru
03.01.2024;TUVASADIK.ru
03.01.2024;TVOYDEN-24.ru
03.01.2024;TVOYWOMEN-24.ru
03.01.2024;TWIDEONLINE.ru
03.01.2024;TYR-VYHODNOGO-DNYA.ru
03.01.2024;UAZTEMR.ru
03.01.2024;UBABUSHKI-AVIA.ru
03.01.2024;UBEKACH.ru
03.01.2024;UCH12.ru
03.01.2024;UCHETER.ru
03.01.2024;UL00018.ru
03.01.2024;ULTRAGO.ru
03.01.2024;ULTRAVER.ru
03.01.2024;ULYANITSKAYA-ANNA.ru
03.01.2024;UNK37.ru
03.01.2024;UNREALDECOR.ru
03.01.2024;UO24.ru
03.01.2024;UOFIS.ru
03.01.2024;URALINVESTSTROI.ru
03.01.2024;URISTIOTVETIAT7.ru
03.01.2024;UROFOL-PILLS.ru
03.01.2024;USCOPY.ru
03.01.2024;USERS1C.ru
03.01.2024;USPLIT.ru
03.01.2024;USSRHIGHEREDUCATION.ru
03.01.2024;UVIMASTER.ru
03.01.2024;UZANTERACK.ru
03.01.2024;V-WEBDESIGN.ru
03.01.2024;V1STA-DRAFT.ru
03.01.2024;VAGCODING.ru
03.01.2024;VAITKEVICHUS.ru
03.01.2024;VALENTINAGE.ru
03.01.2024;VALERIANOCHKA.ru
03.01.2024;VANSOZA.ru
03.01.2024;VASCO-OIL.ru
03.01.2024;VASURIGLASS.ru
03.01.2024;VAZSXAPOKIN.ru
03.01.2024;VBTOKNEROZ.ru
03.01.2024;VBUHAREV.ru
03.01.2024;VECTORCVAZI.ru
03.01.2024;VEKTOR-MODA.ru
03.01.2024;VELVETCREAMS.ru
03.01.2024;VERASUNG.ru
03.01.2024;VERINISOPOE.ru
03.01.2024;VERSHINA-CLUB.ru
03.01.2024;VEVDOKIMOVA.ru
03.01.2024;VHAVUZ.ru
03.01.2024;VIDEO-FOTO-SWADBA.ru
03.01.2024;VIEWGO.ru
03.01.2024;VIGOLUBOVA.ru
03.01.2024;VIKOD.ru
03.01.2024;VIKTOR83.ru
03.01.2024;VILLA-NA-SEVERNOM-KIPRE.ru
03.01.2024;VIRGINIABLACKWHISKEY.ru
03.01.2024;VISALAVISTA.ru
03.01.2024;VISITTARUSA.ru
03.01.2024;VISITVERKHOTURYE.ru
03.01.2024;VITAMINEUROPE.ru
03.01.2024;VIVATON-KEMEROVO.ru
03.01.2024;VKKONKYRS24.ru
03.01.2024;VKPETITIONS.ru
03.01.2024;VKPLAY2.ru
03.01.2024;VKPLAYCONCEPT.ru
03.01.2024;VKUSI38.ru
03.01.2024;VKUSNODIETA.ru
03.01.2024;VL-001.ru
03.01.2024;VL001.ru
03.01.2024;VLADIMIR-I.ru
03.01.2024;VLADIMIR-I-KRISTINA.ru
03.01.2024;VLADIMIRMIRO.ru
03.01.2024;VLADIMIRSTRASHNOV.ru
03.01.2024;VLADIVOSTOKVIBES.ru
03.01.2024;VLESHA.ru
03.01.2024;VODART-VODYANIK.ru
03.01.2024;VOG-PRIM.ru
03.01.2024;VOLLEYVIBE.ru
03.01.2024;VOLNA2807.ru
03.01.2024;VPOLUEKTOV.ru
03.01.2024;VRACHIVKRIZISE.ru
03.01.2024;VRAKIN.ru
03.01.2024;VS404.ru
03.01.2024;VSEINDEXY.ru
03.01.2024;VSEPO50.ru
03.01.2024;VSESVOE2.ru
03.01.2024;VSNIKOLAEV.ru
03.01.2024;VSOCIUM.ru
03.01.2024;VSSEMENOV.ru
03.01.2024;VTOSCHEV.ru
03.01.2024;VTUK.ru
03.01.2024;VUECOM.ru
03.01.2024;VUGIY.ru
03.01.2024;VUTYNEDASXCU.ru
03.01.2024;VVB-OD.ru
03.01.2024;VYNOSMUSORA.ru
03.01.2024;VYSOV.ru
03.01.2024;VYSSHAYALIGA.ru
03.01.2024;VZRYVNOYKLEV.ru
03.01.2024;W-PANNEL.ru
03.01.2024;W1TYOGO.ru
03.01.2024;WADADA.ru
03.01.2024;WAGNEROK-PROJECT.ru
03.01.2024;WALAAM.ru
03.01.2024;WATTCARS.ru
03.01.2024;WBMAGIC.ru
03.01.2024;WDSMARKETING.ru
03.01.2024;WEAREMAKERS.ru
03.01.2024;WEB4LEARN.ru
03.01.2024;WEBINARIYM.ru
03.01.2024;WEDDING-BEARD.ru
03.01.2024;WEDDINGKOSTYAKRISTINA.ru
03.01.2024;WEEPOCKET.ru
03.01.2024;WEMAKERS.ru
03.01.2024;WENDROPSER.ru
03.01.2024;WHERE2GOLF.ru
03.01.2024;WHITE-WITCH.ru
03.01.2024;WINLINE2024.ru
03.01.2024;WMLOANS.ru
03.01.2024;WOMENDEN24.ru
03.01.2024;WOODCRAFT-MEB.ru
03.01.2024;WSHOPY.ru
03.01.2024;WWCLRT.ru
03.01.2024;WWW-PROFITOOL.ru
03.01.2024;WWWEIEYACHTS.ru
03.01.2024;WWWGTO.ru
03.01.2024;X-VOTES.ru
03.01.2024;X10SION.ru
03.01.2024;XINGHUILI.ru
03.01.2024;XISTORIA.ru
03.01.2024;XOEXE.ru
03.01.2024;XOLOOP2.ru
03.01.2024;XOLOP-2-2023.ru
03.01.2024;XOLOPI-2.ru
03.01.2024;XOLOPP-2.ru
03.01.2024;XOMMA.ru
03.01.2024;XOMYAK-3V1.ru
03.01.2024;XOMYAK-3V1-UZBEKISTAN.ru
03.01.2024;XP-9200.ru
03.01.2024;XP9200.ru
03.01.2024;XSHEP.ru
03.01.2024;XSTRIKERS.ru
03.01.2024;XUEXIAO.ru
03.01.2024;XXX-BARNAUL.ru
03.01.2024;XYVEND.ru
03.01.2024;Y0URDADDY.ru
03.01.2024;YA-BARANOV.ru
03.01.2024;YA-MR.ru
03.01.2024;YABETON.ru
03.01.2024;YAD-PROM-TORG.ru
03.01.2024;YAKOVLEVI.ru
03.01.2024;YAL-AVTO.ru
03.01.2024;YAMAZUMI.ru
03.01.2024;YAMBLY.ru
03.01.2024;YAN-MAIL.ru
03.01.2024;YANDEX-MPOVOLNOV.ru
03.01.2024;YANELLA96.ru
03.01.2024;YANKAPRIVATE.ru
03.01.2024;YASAM64.ru
03.01.2024;YAVEISHIS.ru
03.01.2024;YELLOINVEST1.ru
03.01.2024;YELLOINVEST2.ru
03.01.2024;YELLOINVEST3.ru
03.01.2024;YOGALINA.ru
03.01.2024;YONICHELNY.ru
03.01.2024;YOOSOLUTIONS.ru
03.01.2024;YOUDUN.ru
03.01.2024;YOUGILE4TILDA.ru
03.01.2024;YOUGILECONNECT.ru
03.01.2024;YOUHELPER.ru
03.01.2024;YOUNGUNICORN.ru
03.01.2024;YPRST.ru
03.01.2024;YULIA-NEKIPELOVA.ru
03.01.2024;ZAKAZ7368.ru
03.01.2024;ZAMOKVIP.ru
03.01.2024;ZCH-DESIGN.ru
03.01.2024;ZELENOE-REMESLO.ru
03.01.2024;ZELENOEREMESLO.ru
03.01.2024;ZEMLENICHKARP.ru
03.01.2024;ZENISHIN.ru
03.01.2024;ZERMATCOSMETIC.ru
03.01.2024;ZHAKLIN-A.ru
03.01.2024;ZHARPITSTSA.ru
03.01.2024;ZHEKH.ru
03.01.2024;ZHENSKIYMYR.ru
03.01.2024;ZHESHARTDOU1.ru
03.01.2024;ZHISTOVSKIY.ru
03.01.2024;ZHITEYSKIYE.ru
03.01.2024;ZHORIKI.ru
03.01.2024;ZIBRITSKY.ru
03.01.2024;ZIMENKIPARK.ru
03.01.2024;ZIP-TEHNIKA.ru
03.01.2024;ZISWEETS.ru
03.01.2024;ZK-SAMOLET-PARTNER.ru
03.01.2024;ZNAKOMSTVAPROSTO.ru
03.01.2024;ZNAT-POLEZNO.ru
03.01.2024;ZOLOTAVIN.ru
03.01.2024;ZOLOTAYA-TROYKA.ru
03.01.2024;ZOLOTOJSTANDART.ru
03.01.2024;ZSQAWER.ru
03.01.2024;ZUBKINO.ru
03.01.2024;ZUFIK08.ru
03.01.2024;ZVUKOSTOP.ru
04.01.2024;01-03-2024.ru
04.01.2024;02-03-2024.ru
04.01.2024;03-03-2024.ru
04.01.2024;04-03-2024.ru
04.01.2024;05-03-2024.ru
04.01.2024;05WS.ru
04.01.2024;06-03-2024.ru
04.01.2024;07-03-2024.ru
04.01.2024;08-03-2024.ru
04.01.2024;09-03-2024.ru
04.01.2024;10-03-2024.ru
04.01.2024;1001BIZ.ru
04.01.2024;101STANOK.ru
04.01.2024;10501.ru
04.01.2024;11-00.ru
04.01.2024;11-03-2024.ru
04.01.2024;1122SHOP.ru
04.01.2024;12-03-2024.ru
04.01.2024;13-03-2024.ru
04.01.2024;14-03-2024.ru
04.01.2024;15-03-2024.ru
04.01.2024;16-03-2024.ru
04.01.2024;17PRO.ru
04.01.2024;17W.ru
04.01.2024;18-03-2024.ru
04.01.2024;19-03-2024.ru
04.01.2024;1C-ONE.ru
04.01.2024;1KI174.ru
04.01.2024;1MOZHGA.ru
04.01.2024;1VAVADACASINO2024.ru
04.01.2024;1XBET-BONUS-ZERKALO.ru
04.01.2024;1XSAYT.ru
04.01.2024;1XSLOTSCASINOBONUS-PLAY.ru
04.01.2024;1YZ.ru
04.01.2024;20-03-2024.ru
04.01.2024;2024-03-17.ru
04.01.2024;2024ONLINEOUTLET.ru
04.01.2024;21-03-2024.ru
04.01.2024;21-12-2112.ru
04.01.2024;2112-2112.ru
04.01.2024;21122112.ru
04.01.2024;22-03-2024.ru
04.01.2024;23-03-2024.ru
04.01.2024;23GIG.ru
04.01.2024;24-03-2024.ru
04.01.2024;24COMBICLEAN96.ru
04.01.2024;24ID24.ru
04.01.2024;24JULY2024.ru
04.01.2024;24P1N-UP.ru
04.01.2024;25-03-2024.ru
04.01.2024;26-03-2024.ru
04.01.2024;27-03-2024.ru
04.01.2024;28-03-2024.ru
04.01.2024;29-03-2024.ru
04.01.2024;2BOUNTY-KAZINO-ONLINE.ru
04.01.2024;2CAT-CASINO-ONLINE.ru
04.01.2024;2CLICKPAY.ru
04.01.2024;2HOLOP.ru
04.01.2024;2KDESIGN.ru
04.01.2024;2KX.ru
04.01.2024;2P1.ru
04.01.2024;2SELECTOR-CASINO-ONLINE.ru
04.01.2024;2SYKAAA-KAZINO.ru
04.01.2024;2TEU.ru
04.01.2024;2TURBO-KAZINO-ONLINE.ru
04.01.2024;30-03-2024.ru
04.01.2024;31-03-2024.ru
04.01.2024;322LOUNGE.ru
04.01.2024;38-KRASOA.ru
04.01.2024;38-KRASOTA.ru
04.01.2024;3BOUNTY-KAZINO-ONLINE.ru
04.01.2024;3CAT-CASINO-ONLINE.ru
04.01.2024;3DART360.ru
04.01.2024;3DESNITSA.ru
04.01.2024;3LEV-KAZINO-ONLINE.ru
04.01.2024;3SELECTOR-CASINO-ONLINE.ru
04.01.2024;3SYKAAA-KAZINO.ru
04.01.2024;3TURBO-KAZINO-ONLINE.ru
04.01.2024;4CLUBNIKA-CASINO-ONLINE.ru
04.01.2024;4LAPY-I-XVOST.ru
04.01.2024;4LEV-KAZINO-ONLINE.ru
04.01.2024;4YRUN.ru
04.01.2024;51BIZ.ru
04.01.2024;52TOP.ru
04.01.2024;5AVENUEWORK.ru
04.01.2024;5CLUBNIKA-CASINO-ONLINE.ru
04.01.2024;76Y.ru
04.01.2024;7BITCOIN.ru
04.01.2024;7OZ.ru
04.01.2024;7SUPER-SLOTS.ru
04.01.2024;7TARGETGROUP.ru
04.01.2024;8003506005.ru
04.01.2024;8354.ru
04.01.2024;9130.ru
04.01.2024;9616.ru
04.01.2024;9K-YETIRU.ru
04.01.2024;A-BASENKO.ru
04.01.2024;AAAGM.ru
04.01.2024;AAGOLUBEVDEV.ru
04.01.2024;AALEKSANDER.ru
04.01.2024;AAMIN.ru
04.01.2024;ABASKAKOV.ru
04.01.2024;ABCCHAIN.ru
04.01.2024;ABCHAIN.ru
04.01.2024;ABK79833934977.ru
04.01.2024;ABODUNKOVA.ru
04.01.2024;ABSTRACTTILDAFIRE.ru
04.01.2024;AC-TULA-CARS.ru
04.01.2024;ACADEMYNIKAH.ru
04.01.2024;ACADEMYOFMASTERY.ru
04.01.2024;ACE-STREAM-PK.ru
04.01.2024;ACETAMA.ru
04.01.2024;ACHQULUNK.ru
04.01.2024;ACHUDOV.ru
04.01.2024;AD92.ru
04.01.2024;ADMKRGR.ru
04.01.2024;ADS-74.ru
04.01.2024;ADVOKAT3335.ru
04.01.2024;ADVOKATPOMOJET.ru
04.01.2024;ADVOKATRUSTAMOVA.ru
04.01.2024;AEG-643.ru
04.01.2024;AESEO.ru
04.01.2024;AFISHA1.ru
04.01.2024;AFRANTENKO.ru
04.01.2024;AFRIEX.ru
04.01.2024;AGADZAOVA.ru
04.01.2024;AGENCY-BOTT.ru
04.01.2024;AGENT333.ru
04.01.2024;AGERLIH.ru
04.01.2024;AGHORASHRAM.ru
04.01.2024;AGKRASAVIN.ru
04.01.2024;AGVOZDEV.ru
04.01.2024;AHINJAN.ru
04.01.2024;AI-102.ru
04.01.2024;AI102.ru
04.01.2024;AIHOMELAB.ru
04.01.2024;AIROSALES.ru
04.01.2024;AITESTLAB.ru
04.01.2024;AJ1407.ru
04.01.2024;AJQULUNK.ru
04.01.2024;AKAGANOVICH.ru
04.01.2024;AKATEVA-PHOTO.ru
04.01.2024;AKKORA89.ru
04.01.2024;AKMENS.ru
04.01.2024;AKNULUNK.ru
04.01.2024;AKONDUR.ru
04.01.2024;AKUYAVSKAYA.ru
04.01.2024;AKYCH.ru
04.01.2024;ALADKIN.ru
04.01.2024;ALAPYNIN.ru
04.01.2024;ALARIZZ.ru
04.01.2024;ALBATRO3D.ru
04.01.2024;ALBINAZHAROVA.ru
04.01.2024;ALCOMARKET77.ru
04.01.2024;ALEFANIYA.ru
04.01.2024;ALEKSANDR-KOROLEV.ru
04.01.2024;ALEKSANDRALEVINA.ru
04.01.2024;ALEKSEI-910.ru
04.01.2024;ALEMARV.ru
04.01.2024;ALESHKINTYT.ru
04.01.2024;ALEXANDER-KAZAKOV.ru
04.01.2024;ALEXCRAZYEDITOR.ru
04.01.2024;ALEXEYALEYNIK.ru
04.01.2024;ALEXFRILANSER.ru
04.01.2024;ALEXNDOROHIN.ru
04.01.2024;ALEXSEI777.ru
04.01.2024;ALFA003.ru
04.01.2024;ALFAAUTOCONFERENCE2023.ru
04.01.2024;ALGEBRAINED.ru
04.01.2024;ALIGNPRO.ru
04.01.2024;ALINA-ZAHAROVA.ru
04.01.2024;ALL-FOR-LADIES.ru
04.01.2024;ALL4GEEK.ru
04.01.2024;ALLDNS.ru
04.01.2024;ALLRIY.ru
04.01.2024;ALMATYSTORE.ru
04.01.2024;ALSITALO.ru
04.01.2024;ALTA-MODS.ru
04.01.2024;ALTAITORGTECHNIKA.ru
04.01.2024;ALTAMODS.ru
04.01.2024;ALTER-BAND.ru
04.01.2024;ALTERNATUM.ru
04.01.2024;AM-HOLDING.ru
04.01.2024;AM-HOLDING-PORTAL.ru
04.01.2024;AMAKOVEEVA.ru
04.01.2024;AMARTMEBEL.ru
04.01.2024;AMDUKE84.ru
04.01.2024;AMIZEV.ru
04.01.2024;AMMASWIDT.ru
04.01.2024;AMONIAJEWELLERY.ru
04.01.2024;AMPERLIFE.ru
04.01.2024;ANALLICHE.ru
04.01.2024;ANALYZPRO.ru
04.01.2024;ANANDARUSSIA.ru
04.01.2024;ANASTASIALITKE.ru
04.01.2024;ANATOLIJZHUKOV.ru
04.01.2024;ANDREJ-SHMIDT.ru
04.01.2024;ANDREY-KUPIN.ru
04.01.2024;ANDYVRN05PRO.ru
04.01.2024;ANGELFABERLIC.ru
04.01.2024;ANHERT4G.ru
04.01.2024;ANKETA78.ru
04.01.2024;ANMARINEL.ru
04.01.2024;ANNAPRUD-DESIGN.ru
04.01.2024;ANNYHANDS.ru
04.01.2024;ANO-FILES.ru
04.01.2024;ANOFILES.ru
04.01.2024;ANTON23.ru
04.01.2024;ANTONGLOBA.ru
04.01.2024;ANTONOV45.ru
04.01.2024;ANTYPLAGIAT.ru
04.01.2024;ANVSHAPOVALOV.ru
04.01.2024;AODTEAM.ru
04.01.2024;APCHELIMOV.ru
04.01.2024;APELSEAN27.ru
04.01.2024;APERDELEANU.ru
04.01.2024;API-EOG.ru
04.01.2024;API4FORMS.ru
04.01.2024;APPLEDEM.ru
04.01.2024;APPLEKHV.ru
04.01.2024;APPS-RUSTORE.ru
04.01.2024;APPSOCHI.ru
04.01.2024;APPSRUSTORE.ru
04.01.2024;APROSKUSHINA.ru
04.01.2024;AQUAINDUSTRIAL.ru
04.01.2024;AQUARELLECOURSE.ru
04.01.2024;AQUAZOO-SOCHI.ru
04.01.2024;ARBITRIGROUP.ru
04.01.2024;ARENDA123.ru
04.01.2024;ARENDAKALYANABANGKOK.ru
04.01.2024;ARENDAKALYANAPATTAYA.ru
04.01.2024;ARENDAKALYANAPHANGAN.ru
04.01.2024;ARENDAKALYANAPHUKET.ru
04.01.2024;ARENDAKALYANASAMUI.ru
04.01.2024;ARGOSDAG.ru
04.01.2024;ARINKAVLADISLAVOVNA.ru
04.01.2024;ARM-ELPTS.ru
04.01.2024;ARMADA-WOODS.ru
04.01.2024;ARMELPTS.ru
04.01.2024;AROMA-GLORIOUS.ru
04.01.2024;AROMARULES.ru
04.01.2024;ARSENIUS.ru
04.01.2024;ARTAWAY.ru
04.01.2024;ARTDALI.ru
04.01.2024;ARTEM2015ASYS.ru
04.01.2024;ARTGRIE.ru
04.01.2024;ARTIFLY.ru
04.01.2024;ARTILLERYMAN.ru
04.01.2024;ARTISFY.ru
04.01.2024;ARTISTVERADMITRIEVA.ru
04.01.2024;ARTOFCERAMICA.ru
04.01.2024;ARTSTYLE74.ru
04.01.2024;ARTTECH2024.ru
04.01.2024;ARZ-DEVIL.ru
04.01.2024;ARZ-PIZDEC.ru
04.01.2024;ARZ-SAKURA.ru
04.01.2024;ARZ-WELLINGTON.ru
04.01.2024;AS-SERVICE96.ru
04.01.2024;ASATSURA.ru
04.01.2024;ASCESIS.ru
04.01.2024;ASD-CLINIC.ru
04.01.2024;ASEVASTJANOV.ru
04.01.2024;ASHREY.ru
04.01.2024;ASPENERGO-KELVIN.ru
04.01.2024;ASRIBN.ru
04.01.2024;ASSELBORN.ru
04.01.2024;ASYAOKHOTNIKOVA.ru
04.01.2024;ASYROVA.ru
04.01.2024;ATAGIRA.ru
04.01.2024;ATFOODKITCHEN.ru
04.01.2024;ATIAKSHIN.ru
04.01.2024;ATLANTIS-TRADE.ru
04.01.2024;ATORSHIN.ru
04.01.2024;ATWOWHEELS.ru
04.01.2024;AUDEEV.ru
04.01.2024;AUG-VRN.ru
04.01.2024;AURORA-SAMP.ru
04.01.2024;AURUSBET.ru
04.01.2024;AUTHLOGINSECURE.ru
04.01.2024;AUTODRIVEPULSE.ru
04.01.2024;AUTOEXHIBITION.ru
04.01.2024;AUTOMARKETPLACES.ru
04.01.2024;AUTOPODBORPRICE.ru
04.01.2024;AUTOPOMOSH22.ru
04.01.2024;AUTOWEBER.ru
04.01.2024;AUTOZARIUS.ru
04.01.2024;AVARIYNOE-VSKRYTIE-ZAMKOV.ru
04.01.2024;AVDIM.ru
04.01.2024;AVITOHELPER.ru
04.01.2024;AVITOMN.ru
04.01.2024;AVOCADOCRAFTING.ru
04.01.2024;AVS-1.ru
04.01.2024;AVTO-DTP.ru
04.01.2024;AVTOBANN.ru
04.01.2024;AVTOMENALEXEY.ru
04.01.2024;AVTOSTEKLO-BEVZ.ru
04.01.2024;AVTOYURIST-MOSKVA1.ru
04.01.2024;AVTOZARIUS.ru
04.01.2024;AWELESSBOSS.ru
04.01.2024;AWELMINE.ru
04.01.2024;AXOMATRINAT.ru
04.01.2024;AZHAL.ru
04.01.2024;AZION-MARKET.ru
04.01.2024;AZIONMARKET.ru
04.01.2024;B2BHOOKAH.ru
04.01.2024;BABANIN-1.ru
04.01.2024;BAGROV-ELECTRONIC-LIBRARY.ru
04.01.2024;BAJDINA-1.ru
04.01.2024;BAKINOVSKIJ.ru
04.01.2024;BALABASNYA.ru
04.01.2024;BALAHONOV-ALEKSANDR.ru
04.01.2024;BALLET-AFISH.ru
04.01.2024;BALOV-1.ru
04.01.2024;BALROT.ru
04.01.2024;BALTICFON.ru
04.01.2024;BALTICTT-CUP.ru
04.01.2024;BANANAAI.ru
04.01.2024;BANANACHAIN.ru
04.01.2024;BANK-YA.ru
04.01.2024;BANKOSAUR.ru
04.01.2024;BANKRUPTLAWYER.ru
04.01.2024;BANKYA.ru
04.01.2024;BARAMIDZE.ru
04.01.2024;BARBERSOCHI.ru
04.01.2024;BARPMOTORS.ru
04.01.2024;BARUSHNOV.ru
04.01.2024;BASART.ru
04.01.2024;BASSTOR.ru
04.01.2024;BATLESTG.ru
04.01.2024;BATLESVK.ru
04.01.2024;BATMANOFF.ru
04.01.2024;BAYCREATIVECOPPER.ru
04.01.2024;BAZA-METIZ-OV.ru
04.01.2024;BAZAMETIZOV.ru
04.01.2024;BBAMBYSHEVA.ru
04.01.2024;BBEZGIN.ru
04.01.2024;BCTOL.ru
04.01.2024;BE-T.ru
04.01.2024;BEANS-COFFEE.ru
04.01.2024;BEARCHAIN.ru
04.01.2024;BEAUTYDROPS.ru
04.01.2024;BEKBUZAROV.ru
04.01.2024;BELLAGEVORGYAN.ru
04.01.2024;BELOEATELIER.ru
04.01.2024;BELOUSOV-ANTON.ru
04.01.2024;BEMACHTIG-INTERNATIONAALSERVICE.ru
04.01.2024;BEMYEMPLOYEE.ru
04.01.2024;BENZPILA.ru
04.01.2024;BERBUX.ru
04.01.2024;BEREZANTSEV-NIZYAEV.ru
04.01.2024;BESELF-BY-MAKAROVA.ru
04.01.2024;BESPAYEVNAIL.ru
04.01.2024;BESTDEALS2024.ru
04.01.2024;BESTYASHA.ru
04.01.2024;BETUNLIM-CAZINO.ru
04.01.2024;BEVZON.ru
04.01.2024;BEZDEPOZITA6.ru
04.01.2024;BFELIS.ru
04.01.2024;BFTOUR.ru
04.01.2024;BGMAKINA.ru
04.01.2024;BIFANDIN.ru
04.01.2024;BIG-ALUSHTA.ru
04.01.2024;BIG-SITE.ru
04.01.2024;BIGDATACHAIN.ru
04.01.2024;BIJOU-RF.ru
04.01.2024;BILLMAKITSEN.ru
04.01.2024;BIM2.ru
04.01.2024;BIZNESNL.ru
04.01.2024;BKM67.ru
04.01.2024;BLAZERMAXB.ru
04.01.2024;BLAZERMAXC.ru
04.01.2024;BLAZERMAXE.ru
04.01.2024;BLAZERMAXF.ru
04.01.2024;BLAZERMAXH.ru
04.01.2024;BLAZERMAXI.ru
04.01.2024;BLAZERMAXM.ru
04.01.2024;BLAZERMAXN.ru
04.01.2024;BLOG-ANGE.ru
04.01.2024;BLONDIROOM.ru
04.01.2024;BLUEFIG.ru
04.01.2024;BLUROCAGO.ru
04.01.2024;BOB-PRO.ru
04.01.2024;BOBKOV-DESIGN.ru
04.01.2024;BOBURKHAMDAMOFF.ru
04.01.2024;BOCHAI.ru
04.01.2024;BODA-PRO.ru
04.01.2024;BODAPRO.ru
04.01.2024;BODBOD.ru
04.01.2024;BOGGATO.ru
04.01.2024;BONAVENTURE-RUM.ru
04.01.2024;BONDAR11.ru
04.01.2024;BONDAREVVVA.ru
04.01.2024;BONDSJEWELLERY.ru
04.01.2024;BONUSY-CASINO2024.ru
04.01.2024;BONUSY-V-CASINO1.ru
04.01.2024;BONUSY-V-CASINO2.ru
04.01.2024;BOOKCHERDAK.ru
04.01.2024;BORIS-HVAC.ru
04.01.2024;BORNXX24.ru
04.01.2024;BORUSDESIGN.ru
04.01.2024;BOTMANAGER.ru
04.01.2024;BOTNADZOR.ru
04.01.2024;BOUNCECAMP.ru
04.01.2024;BOYARINKOV.ru
04.01.2024;BOYCHENKO01.ru
04.01.2024;BPLACATALOG.ru
04.01.2024;BPMFABRIKA.ru
04.01.2024;BRANDPACKAGE22.ru
04.01.2024;BRASVET.ru
04.01.2024;BRAVO131.ru
04.01.2024;BREMENSKIEMUZIKANTIY.ru
04.01.2024;BREMENSKIEMUZIKANTO.ru
04.01.2024;BREMENSKMUZIKANTY.ru
04.01.2024;BRNCARECARRENT.ru
04.01.2024;BRNCONQUISTAJOGOS.ru
04.01.2024;BRNEMOCAOGAME.ru
04.01.2024;BRNJ0GOGRAT1S.ru
04.01.2024;BRNJOGOGRATIS.ru
04.01.2024;BRNJOGONAVEGADOR.ru
04.01.2024;BRNJOGOSCASI.ru
04.01.2024;BRNJOGUEAGOR.ru
04.01.2024;BRNNAVEGADORJGO.ru
04.01.2024;BRUNMAIER.ru
04.01.2024;BSHAHANOV.ru
04.01.2024;BULAROND.ru
04.01.2024;BULATSIN.ru
04.01.2024;BURLAT.ru
04.01.2024;BUSINESSTECHNIC.ru
04.01.2024;BUSSTO82.ru
04.01.2024;BUY-RB.ru
04.01.2024;BUYOSAGO.ru
04.01.2024;BVALERA842.ru
04.01.2024;BY-NATAKA.ru
04.01.2024;BYTEFU.ru
04.01.2024;CAKE-MOSCOW.ru
04.01.2024;CALENDAR-SERVICE.ru
04.01.2024;CALLOFNORTH.ru
04.01.2024;CAMELMILK-LIFE.ru
04.01.2024;CAMREGION.ru
04.01.2024;CAR--VIN.ru
04.01.2024;CARDAPPROVED.ru
04.01.2024;CASINO-CLUBNIKA.ru
04.01.2024;CASINO-PLAYZZ.ru
04.01.2024;CASINOFONTAN.ru
04.01.2024;CASINOX731.ru
04.01.2024;CASSA-TILL.ru
04.01.2024;CAT-CASINO2024.ru
04.01.2024;CAT-CASINO36.ru
04.01.2024;CATCASINO2024.ru
04.01.2024;CATCHAIN.ru
04.01.2024;CATCOURSES.ru
04.01.2024;CATKAZINO.ru
04.01.2024;CAZINOCLUBNIKA.ru
04.01.2024;CAZINOCRYPTOBOSS.ru
04.01.2024;CCPOISK.ru
04.01.2024;CDN-BILET.ru
04.01.2024;CEYMAND4X.ru
04.01.2024;CHAINDATA.ru
04.01.2024;CHAINMUSIC.ru
04.01.2024;CHAINVIDEO.ru
04.01.2024;CHANGHUAMOTO.ru
04.01.2024;CHARMBOT.ru
04.01.2024;CHASTYE.ru
04.01.2024;CHATPHUKETA.ru
04.01.2024;CHECHEVICHI.ru
04.01.2024;CHECKERCSGO.ru
04.01.2024;CHEK-SPB.ru
04.01.2024;CHEKI-RUSSIA.ru
04.01.2024;CHEKISTOV.ru
04.01.2024;CHEKOF.ru
04.01.2024;CHERKASOVA-PRO.ru
04.01.2024;CHERRY-POPRU.ru
04.01.2024;CHERRY79.ru
04.01.2024;CHIBVIT.ru
04.01.2024;CHIKAGA.ru
04.01.2024;CHINESEEVCARS.ru
04.01.2024;CHISTIAKOW.ru
04.01.2024;CHISTO-I-TOCHKA.ru
04.01.2024;CHNCHAIN.ru
04.01.2024;CHOLIQUSHI8.ru
04.01.2024;CHOOSELIFERUS.ru
04.01.2024;CHUBAEV.ru
04.01.2024;CIMA-ATELIER.ru
04.01.2024;CINEMA-COSMOS.ru
04.01.2024;CITYROMANCE6310.ru
04.01.2024;CJ9.ru
04.01.2024;CLONGARSON.ru
04.01.2024;CLOUD-CASTLE.ru
04.01.2024;CLOUD15.ru
04.01.2024;CLOUDLEARNING.ru
04.01.2024;CLOUDNFT.ru
04.01.2024;CLUBSESTRAM.ru
04.01.2024;CNCHAIN.ru
04.01.2024;CNONE.ru
04.01.2024;CNYCHAIN.ru
04.01.2024;COCODEV.ru
04.01.2024;CODE-UNIVERSE.ru
04.01.2024;CODEKINGS.ru
04.01.2024;COFFEKATE.ru
04.01.2024;COLPALANS.ru
04.01.2024;COMBILAND.ru
04.01.2024;CONCERT-ORG.ru
04.01.2024;CONZECCII.ru
04.01.2024;COOFX.ru
04.01.2024;COOKIES-IT.ru
04.01.2024;COOKIESIT.ru
04.01.2024;CORNER-LAB.ru
04.01.2024;CORNERLAB.ru
04.01.2024;CORPORATIV-SELIGER.ru
04.01.2024;COSMOS-BASKET.ru
04.01.2024;COSMOS-BASKETBALL.ru
04.01.2024;COSMOSBASKET.ru
04.01.2024;COURSE-EGE.ru
04.01.2024;COZYKIDSPLACE.ru
04.01.2024;CPS-YALTA.ru
04.01.2024;CRAFTUM-DESIGN.ru
04.01.2024;CREABLAST.ru
04.01.2024;CREDIT-RANKING.ru
04.01.2024;CREDIT-REBUILD.ru
04.01.2024;CREDIT-ZONE24.ru
04.01.2024;CREDITRANKING.ru
04.01.2024;CRELATA.ru
04.01.2024;CRIMEANOVOSTROY.ru
04.01.2024;CRIMERP.ru
04.01.2024;CRYSTA1.ru
04.01.2024;CS16ADM.ru
04.01.2024;CSGOBATTLE.ru
04.01.2024;CSTOURGO.ru
04.01.2024;CSTRADEMS.ru
04.01.2024;CTPPARTS.ru
04.01.2024;CUBECHAIN.ru
04.01.2024;CUDOHUB.ru
04.01.2024;CUPISMELBET.ru
04.01.2024;CURRENCYEXCHANGE23.ru
04.01.2024;CYBER-BOARD.ru
04.01.2024;CYBERXSTATION.ru
04.01.2024;D-GRUPP24.ru
04.01.2024;DADDY-CASINO-AMP12.ru
04.01.2024;DADDY-CASINO-AMP13.ru
04.01.2024;DADDY-CASINO-AMP14.ru
04.01.2024;DADDY-CASINO-AMP15.ru
04.01.2024;DAF-XF-TRUCKS.ru
04.01.2024;DAIMILK.ru
04.01.2024;DANIKKK.ru
04.01.2024;DANILOVVV.ru
04.01.2024;DANUBE-SPORTZ.ru
04.01.2024;DAOSOV.ru
04.01.2024;DARCIKO.ru
04.01.2024;DARGAS.ru
04.01.2024;DARIA-UCHAEVA.ru
04.01.2024;DARIAPERMONENT.ru
04.01.2024;DATA-ENGINEER-TOOLS.ru
04.01.2024;DATA-WEB.ru
04.01.2024;DATACLASS.ru
04.01.2024;DATINGALLGO.ru
04.01.2024;DAY-GOOD.ru
04.01.2024;DBELOUSOVA.ru
04.01.2024;DBTSKILLS.ru
04.01.2024;DBUKOV.ru
04.01.2024;DECOR-ACADEMY.ru
04.01.2024;DEEPCOURSE.ru
04.01.2024;DEKSDEN.ru
04.01.2024;DELFIKPRO.ru
04.01.2024;DELIVERY-4513.ru
04.01.2024;DELIVERY-TESTING.ru
04.01.2024;DELIVERY215.ru
04.01.2024;DELORUSS.ru
04.01.2024;DELTABEST.ru
04.01.2024;DEMAMED.ru
04.01.2024;DEMON-CSS.ru
04.01.2024;DEMOS-MUSIC.ru
04.01.2024;DENCEL.ru
04.01.2024;DENGINAZEMLE.ru
04.01.2024;DENISJOSIK.ru
04.01.2024;DENISKAZ.ru
04.01.2024;DENTISTB1.ru
04.01.2024;DEPERBRGAMER.ru
04.01.2024;DESHEVYE-PROSTITUTKI-OMSKA.ru
04.01.2024;DESHEVYEPROSTITUTKIROSTOVA.ru
04.01.2024;DESING-KIRJAKOVA.ru
04.01.2024;DESOTTA1.ru
04.01.2024;DESTYCRAFT.ru
04.01.2024;DETALIMACHIN.ru
04.01.2024;DETIVIT.ru
04.01.2024;DETIVSOCHI.ru
04.01.2024;DETSTVA-MIR.ru
04.01.2024;DEVELOPER-BOX.ru
04.01.2024;DEVFEEDBACK.ru
04.01.2024;DEVOTION-ENTERTAINMENT.ru
04.01.2024;DEVSTUDIO-K.ru
04.01.2024;DEZZ-INFEKTOR.ru
04.01.2024;DFGHETRH.ru
04.01.2024;DIANAMALF-CURSES.ru
04.01.2024;DIGCENTR.ru
04.01.2024;DIGICHAIN.ru
04.01.2024;DIGITAL-FEDERATION.ru
04.01.2024;DIGITALMESS.ru
04.01.2024;DIMA-USTINOV.ru
04.01.2024;DIMMRUSSU.ru
04.01.2024;DISKAMIFRA.ru
04.01.2024;DIVAFASHION.ru
04.01.2024;DIVAN-ON-LINE.ru
04.01.2024;DIZELBY.ru
04.01.2024;DJAN-GO.ru
04.01.2024;DJBAND.ru
04.01.2024;DJONIZ.ru
04.01.2024;DJOURNALISTA.ru
04.01.2024;DLAVV.ru
04.01.2024;DLEONIDIS.ru
04.01.2024;DMITRY1996.ru
04.01.2024;DMTRY.ru
04.01.2024;DN4K34.ru
04.01.2024;DNR-180.ru
04.01.2024;DOBROMAF.ru
04.01.2024;DOCTORSAVKINA.ru
04.01.2024;DOG-GLAD.ru
04.01.2024;DOGCHAIN.ru
04.01.2024;DOGCLOUD.ru
04.01.2024;DOKARA.ru
04.01.2024;DOLBIMINATYAGIVAYEM.ru
04.01.2024;DOLBINAT.ru
04.01.2024;DOLGI-2024-NETY.ru
04.01.2024;DOLGI-2024-STOP.ru
04.01.2024;DOLGOV-2024-NET.ru
04.01.2024;DOLGOV-NET74.ru
04.01.2024;DOLLARCHAIN.ru
04.01.2024;DOM-CERAMICA.ru
04.01.2024;DOM-POSUTOCHNO.ru
04.01.2024;DOMEN-PLEX.ru
04.01.2024;DOMEN-PROTOSENDER.ru
04.01.2024;DOMOHTA.ru
04.01.2024;DOMOXTA.ru
04.01.2024;DOOLBAIIB.ru
04.01.2024;DOOM-V-SOCHI.ru
04.01.2024;DOOSANPARTS.ru
04.01.2024;DOREWT24.ru
04.01.2024;DOROHIN-PRO.ru
04.01.2024;DOSTAVKA-7846.ru
04.01.2024;DOSTAVKA-SAMOKAT.ru
04.01.2024;DOTDB.ru
04.01.2024;DP-PEREVODOV.ru
04.01.2024;DPK-WOOD.ru
04.01.2024;DR-PARFENOVA.ru
04.01.2024;DRAKOSHASTOM.ru
04.01.2024;DRAMATIC-RUSS.ru
04.01.2024;DRINKSACADEMY.ru
04.01.2024;DRIVEEXPERTS.ru
04.01.2024;DRONECATALOG.ru
04.01.2024;DROVOSEKO.ru
04.01.2024;DS68401.ru
04.01.2024;DSATSKEVICH.ru
04.01.2024;DTP-AVTO.ru
04.01.2024;DUALITYMC.ru
04.01.2024;DUBAINOVOSTI.ru
04.01.2024;DUHTINA.ru
04.01.2024;DUNTSOVAINITIATIVE.ru
04.01.2024;DUPERISE.ru
04.01.2024;DUPLET5.ru
04.01.2024;DUSHEVNII-BLOGING.ru
04.01.2024;DUSHEVNIIBLOGING.ru
04.01.2024;DUSHNOMETR.ru
04.01.2024;DVERIKRSK.ru
04.01.2024;DVSTREND.ru
04.01.2024;DVYASHIN.ru
04.01.2024;DZAVITNEVICH.ru
04.01.2024;DZINEVICH.ru
04.01.2024;E-ROSSTAT.ru
04.01.2024;E-SIMONOVA.ru
04.01.2024;E-STB.ru
04.01.2024;E-TNS.ru
04.01.2024;E-VOLIK.ru
04.01.2024;EBELOKON.ru
04.01.2024;ECOBOXFF.ru
04.01.2024;ECOGORODNSK.ru
04.01.2024;ECOTUTTI.ru
04.01.2024;EDAKA.ru
04.01.2024;EDERGUNOVA.ru
04.01.2024;EDGARSEDOV.ru
04.01.2024;EDJACHENKO.ru
04.01.2024;EDUAUT.ru
04.01.2024;EDUCATIONALBLOG.ru
04.01.2024;EDUCATIONALPORTAL.ru
04.01.2024;EDUCATIONJOURNEY.ru
04.01.2024;EDUCATIONPATH.ru
04.01.2024;EDWARDBONAVENTURE.ru
04.01.2024;EFIMENKO-WORK.ru
04.01.2024;EFJ24.ru
04.01.2024;EGOISTO21.ru
04.01.2024;EGORY74.ru
04.01.2024;EILYASHENKO.ru
04.01.2024;EINIE.ru
04.01.2024;EKA-GOLOVKOVA.ru
04.01.2024;EKATERINA-ANTYUFEEVA.ru
04.01.2024;EKOGREENLIFE.ru
04.01.2024;ELCON38.ru
04.01.2024;ELECTRON-DEV.ru
04.01.2024;ELECTRONKIBANGKOK.ru
04.01.2024;ELECTRONKIPATTAYA.ru
04.01.2024;ELECTRONKIPHANGAN.ru
04.01.2024;ELECTRONKIPHUKET.ru
04.01.2024;ELECTRONKISAMUI.ru
04.01.2024;ELEMENTARYTV.ru
04.01.2024;ELENA09.ru
04.01.2024;ELENAGROD.ru
04.01.2024;ELENAPUZANKEVICH1977.ru
04.01.2024;ELENARTII.ru
04.01.2024;ELEVATEDENCOUNTERS10.ru
04.01.2024;ELEVATOREXPO.ru
04.01.2024;ELIZAPODARKI.ru
04.01.2024;ELKORF.ru
04.01.2024;ELOONMUSK.ru
04.01.2024;ELSEN-FRUKT.ru
04.01.2024;EMAIL-AUTH.ru
04.01.2024;EMAILAUTH.ru
04.01.2024;EMIL-9779.ru
04.01.2024;ENOTSTER.ru
04.01.2024;ENTERBLOG.ru
04.01.2024;ENTYNESI.ru
04.01.2024;EPICDAY.ru
04.01.2024;ERMAK-AA.ru
04.01.2024;EROSNY.ru
04.01.2024;ERP-C.ru
04.01.2024;ESKDOM35.ru
04.01.2024;ESL-TEACHING.ru
04.01.2024;ESSENSDUHIRU.ru
04.01.2024;ESSENSSK.ru
04.01.2024;ESUMAROKOVA.ru
04.01.2024;ETB-GPB.ru
04.01.2024;ETBGPB.ru
04.01.2024;ETP-ARMTEK.ru
04.01.2024;ETPARMTEK.ru
04.01.2024;ETPGBP.ru
04.01.2024;EUBMSTU.ru
04.01.2024;EUCHAIN.ru
04.01.2024;EUGENEDOZ.ru
04.01.2024;EUGETRAFF.ru
04.01.2024;EUROPEANCHAIN.ru
04.01.2024;EUROPECHAIN.ru
04.01.2024;EVABREAD.ru
04.01.2024;EVALFAMILY.ru
04.01.2024;EVEXPO.ru
04.01.2024;EVGEIYA16.ru
04.01.2024;EVGEN-RECORDZ.ru
04.01.2024;EVGEN-VASILEV.ru
04.01.2024;EVGENIIA-BA.ru
04.01.2024;EVGENIJAPETRENKO.ru
04.01.2024;EVGENIJKAZANTSEV.ru
04.01.2024;EVGENYLEPIN.ru
04.01.2024;EWAPRODUCTS.ru
04.01.2024;EWBA.ru
04.01.2024;EWOBIKES.ru
04.01.2024;EXCONSULTING.ru
04.01.2024;EXPA40.ru
04.01.2024;EZLAUNCHER.ru
04.01.2024;FABERLICGLOBAL.ru
04.01.2024;FABERLICTREE.ru
04.01.2024;FABERLIK-SALE.ru
04.01.2024;FABRIC-3D.ru
04.01.2024;FACBOLLOT.ru
04.01.2024;FACEIT-COM.ru
04.01.2024;FACEIT-RU.ru
04.01.2024;FAIRY-LAND.ru
04.01.2024;FAMECRAFT.ru
04.01.2024;FANNY-VIDEOS.ru
04.01.2024;FARGO-TV.ru
04.01.2024;FARTU.ru
04.01.2024;FASAD-IKONA.ru
04.01.2024;FASHAYAN.ru
04.01.2024;FASHION-KINGS.ru
04.01.2024;FASILICA.ru
04.01.2024;FAST-COMM.ru
04.01.2024;FASTMONEYRF.ru
04.01.2024;FEARBOT.ru
04.01.2024;FEDERICABUGATTI-RUSSIA.ru
04.01.2024;FEEDOMANIA.ru
04.01.2024;FEIFANBBQ.ru
04.01.2024;FELVITON.ru
04.01.2024;FENOMCRIPTA.ru
04.01.2024;FERMALAMANCHA.ru
04.01.2024;FEVROENERGO.ru
04.01.2024;FFARIKAD.ru
04.01.2024;FFGARENA.ru
04.01.2024;FIDIGI.ru
04.01.2024;FIGHTCLUB-CS.ru
04.01.2024;FILMES-LOUNGE.ru
04.01.2024;FIN-LIFEHACK.ru
04.01.2024;FIND-GAME.ru
04.01.2024;FINKOROSTEL.ru
04.01.2024;FINLIFEHACK.ru
04.01.2024;FINNEWS24.ru
04.01.2024;FIREPHOTO.ru
04.01.2024;FISHIKO.ru
04.01.2024;FISHPOKER.ru
04.01.2024;FISHSHOP32.ru
04.01.2024;FITCHEF.ru
04.01.2024;FITKAM.ru
04.01.2024;FIVESTARS24.ru
04.01.2024;FIX-PHOTO.ru
04.01.2024;FIZMAT21.ru
04.01.2024;FL-PLATFORM.ru
04.01.2024;FLAMENCOLIVE.ru
04.01.2024;FOLINA.ru
04.01.2024;FONBET-STAVKA.ru
04.01.2024;FOPIVGG.ru
04.01.2024;FOR-SCAN.ru
04.01.2024;FORM-SERVICE.ru
04.01.2024;FORMANTY.ru
04.01.2024;FORTNITEACCS.ru
04.01.2024;FORUM-ARZCISCO.ru
04.01.2024;FORUM-MELLVINE-RP.ru
04.01.2024;FORUM-RM.ru
04.01.2024;FORUM-ZEMLENICHKARP.ru
04.01.2024;FOXLANG.ru
04.01.2024;FPULATOV.ru
04.01.2024;FRACTY.ru
04.01.2024;FRAMEFLOW.ru
04.01.2024;FREEBETONLINE.ru
04.01.2024;FREECASSA.ru
04.01.2024;FREEKACCA.ru
04.01.2024;FREEKASA.ru
04.01.2024;FREEKASAA.ru
04.01.2024;FREELANCEWELDER.ru
04.01.2024;FREESKIDKA.ru
04.01.2024;FREKASSA.ru
04.01.2024;FRESH-HOUSE-NN.ru
04.01.2024;FRESH-PERSPEKTIVA.ru
04.01.2024;FRESH-PERSPEKTIVA1.ru
04.01.2024;FRESH-STAT4.ru
04.01.2024;FRESH-STAT5.ru
04.01.2024;FRIKASSA.ru
04.01.2024;FRIZIK.ru
04.01.2024;FRJAN-SPV.ru
04.01.2024;FSMINGQIAN.ru
04.01.2024;FSTEPANOV.ru
04.01.2024;FUJI-ELECTRIC-FRENIC.ru
04.01.2024;FUJI-FRENIC.ru
04.01.2024;FUJIELECTRIC-FRENIC.ru
04.01.2024;FVJAN-SPV.ru
04.01.2024;FYY-VIP.ru
04.01.2024;FYYSPORTS888.ru
04.01.2024;G7-MARKET.ru
04.01.2024;GADJIMAGOMED.ru
04.01.2024;GALAXY-AI.ru
04.01.2024;GAMEDETAIL.ru
04.01.2024;GAMPARTS-GARWOOD-BUCKEYE.ru
04.01.2024;GARAGE123.ru
04.01.2024;GARESWDININI.ru
04.01.2024;GARIKFTOJAN.ru
04.01.2024;GARMONIYA-DIT.ru
04.01.2024;GAVVY.ru
04.01.2024;GAZ-PAY.ru
04.01.2024;GBPCHAIN.ru
04.01.2024;GBULAH.ru
04.01.2024;GEBST.ru
04.01.2024;GEGISSL.ru
04.01.2024;GENERALSTEP.ru
04.01.2024;GENKOR777.ru
04.01.2024;GEOCONSALTING.ru
04.01.2024;GEOMETRYDASH-RU.ru
04.01.2024;GEORGIJ-GONCHAROV.ru
04.01.2024;GEOSTAR1.ru
04.01.2024;GERASIMENKO-PRO.ru
04.01.2024;GERONOK.ru
04.01.2024;GESDT.ru
04.01.2024;GETCURCE.ru
04.01.2024;GGMINE.ru
04.01.2024;GHEKB.ru
04.01.2024;GIBRIDNOEOBUCHENIE.ru
04.01.2024;GIDPOKOREE.ru
04.01.2024;GIFTS2B.ru
04.01.2024;GIPSDECO.ru
04.01.2024;GIPSVMODE.ru
04.01.2024;GIS-UFA.ru
04.01.2024;GLAZUNOFF-AI.ru
04.01.2024;GLEZDENEVA.ru
04.01.2024;GMELEHOV.ru
04.01.2024;GOCSTOUR.ru
04.01.2024;GODOFBLOOD.ru
04.01.2024;GOGA07.ru
04.01.2024;GOGLOBAL1.ru
04.01.2024;GOLDFISHKA-KAZINO.ru
04.01.2024;GOLDFISHKA241.ru
04.01.2024;GOLINETS.ru
04.01.2024;GOLUBEVAFOT.ru
04.01.2024;GONZO-KAZINO.ru
04.01.2024;GONZOS-QUEST.ru
04.01.2024;GOODLIFEHUB.ru
04.01.2024;GORODA-NA.ru
04.01.2024;GORODARCH.ru
04.01.2024;GORODSKAYANARKOLOGIA1.ru
04.01.2024;GOROGORO.ru
04.01.2024;GOSHA200018.ru
04.01.2024;GOSSIPGIRL-TV.ru
04.01.2024;GOSTDEREVO.ru
04.01.2024;GOSTINCHEK.ru
04.01.2024;GOSTINCHEKI.ru
04.01.2024;GOTJE.ru
04.01.2024;GPB-ETP.ru
04.01.2024;GPCHAIN.ru
04.01.2024;GPTCHAIN.ru
04.01.2024;GR-WOOD.ru
04.01.2024;GRAPEAI.ru
04.01.2024;GRAPECHAIN.ru
04.01.2024;GRAPECLOUD.ru
04.01.2024;GRAPH-ANIMATION.ru
04.01.2024;GRAZHDANSTVO-BOLGARII.ru
04.01.2024;GREYPAY.ru
04.01.2024;GRISH-KO.ru
04.01.2024;GRISHCO.ru
04.01.2024;GROMOVIGOR.ru
04.01.2024;GRUZFACT.ru
04.01.2024;GRYNYK.ru
04.01.2024;GTM158.ru
04.01.2024;GUANGZHOU-LOGIST.ru
04.01.2024;GUILTY-PLEASURE-HOME.ru
04.01.2024;GULYADESIGN.ru
04.01.2024;GURLEBAUS.ru
04.01.2024;GVLV.ru
04.01.2024;HAHARU.ru
04.01.2024;HAIHONG-HYDRAULIC.ru
04.01.2024;HAIRMOSCOW.ru
04.01.2024;HALTURINA-1.ru
04.01.2024;HAND-TOY.ru
04.01.2024;HANFAN.ru
04.01.2024;HAPPYBODYLASER.ru
04.01.2024;HARCHENKO-WORK.ru
04.01.2024;HARDCOREGAMES.ru
04.01.2024;HARMONYHEALTH.ru
04.01.2024;HASLO13.ru
04.01.2024;HASLSTROY.ru
04.01.2024;HAYAAT.ru
04.01.2024;HCSCLOUD.ru
04.01.2024;HEATON-RUSSIA.ru
04.01.2024;HEHERU.ru
04.01.2024;HELIDRONVL.ru
04.01.2024;HELP-FREEDOM.ru
04.01.2024;HELPWB.ru
04.01.2024;HERBALIFESHOP.ru
04.01.2024;HERCEGMOI.ru
04.01.2024;HIGHLEVELDIGITAL.ru
04.01.2024;HIKERSCLUB.ru
04.01.2024;HILLERD.ru
04.01.2024;HIRONSE.ru
04.01.2024;HITCOURSE.ru
04.01.2024;HM-HEIZKORPER-RUSSIA.ru
04.01.2024;HOCHU-SEX-TYUMEN.ru
04.01.2024;HOCHULECHUTUR.ru
04.01.2024;HOCHUSEO.ru
04.01.2024;HOCKEYAGENT.ru
04.01.2024;HOLEWORLD.ru
04.01.2024;HOLLLOP-2-2024.ru
04.01.2024;HOLLLOP2-2024.ru
04.01.2024;HOLLOOP-2-2024.ru
04.01.2024;HOLLOOP22024.ru
04.01.2024;HOLOP-2023.ru
04.01.2024;HOLOPE-2-2024.ru
04.01.2024;HOLOPE-2-HD.ru
04.01.2024;HOLOPH.ru
04.01.2024;HOLOPI-2-2024.ru
04.01.2024;HOLOPI2-HD.ru
04.01.2024;HOLOPI2-HD-2024.ru
04.01.2024;HOLOPO.ru
04.01.2024;HOLOPP2-2024.ru
04.01.2024;HOLOPX.ru
04.01.2024;HONEYCAKES.ru
04.01.2024;HONPAYS.ru
04.01.2024;HOOKAH-YALTA.ru
04.01.2024;HOPEFORFREEDOM.ru
04.01.2024;HOPEISLAND-KUZNETSOVA.ru
04.01.2024;HORRORDAYZ.ru
04.01.2024;HOWIMETYOURMOTHER.ru
04.01.2024;HRIPCHENKO.ru
04.01.2024;HUGLO.ru
04.01.2024;HUKSLEY.ru
04.01.2024;HUMB1E.ru
04.01.2024;HUNTERCRAFT.ru
04.01.2024;HVLP-46.ru
04.01.2024;HYBRIDEDUCATION.ru
04.01.2024;I-D-I.ru
04.01.2024;I2ABR.ru
04.01.2024;IANKELEVITCH.ru
04.01.2024;ICMAILOMAP.ru
04.01.2024;ICT-EXPO.ru
04.01.2024;ID-8014.ru
04.01.2024;ID0596.ru
04.01.2024;ID195731.ru
04.01.2024;ID263183.ru
04.01.2024;ID379375.ru
04.01.2024;ID382173.ru
04.01.2024;ID496717.ru
04.01.2024;ID536.ru
04.01.2024;ID58063.ru
04.01.2024;ID58064.ru
04.01.2024;ID58065.ru
04.01.2024;ID58066.ru
04.01.2024;ID58067.ru
04.01.2024;ID58068.ru
04.01.2024;ID582662.ru
04.01.2024;ID5936.ru
04.01.2024;ID5937.ru
04.01.2024;ID639642.ru
04.01.2024;ID65961.ru
04.01.2024;ID739274.ru
04.01.2024;ID836165.ru
04.01.2024;ID964289.ru
04.01.2024;IDEAL-VPN-S1.ru
04.01.2024;IDVMT.ru
04.01.2024;IEREMKIN.ru
04.01.2024;IGALOHN.ru
04.01.2024;IGORPOPOV4444.ru
04.01.2024;IGRIK5656.ru
04.01.2024;IGROVYYE-AVTOMATY-S-OTDACHEY.ru
04.01.2024;IHAN-AUTO.ru
04.01.2024;IKEA-LUXE.ru
04.01.2024;ILOVEATOMY.ru
04.01.2024;ILTIH.ru
04.01.2024;ILYA-DMITRIEV.ru
04.01.2024;ILYA-GRIGORISHIN.ru
04.01.2024;ILYATOM.ru
04.01.2024;ILYINKA38.ru
04.01.2024;IMATHBY.ru
04.01.2024;IMBND.ru
04.01.2024;IMIKHALCHUK.ru
04.01.2024;IMINNABETDINOV.ru
04.01.2024;IMPLANT-ZA-DEN.ru
04.01.2024;INCUBE-AI.ru
04.01.2024;INDIAPROJECT.ru
04.01.2024;INDIVIDUALKI-LIPECKA.ru
04.01.2024;INDIVIDUALKI-NOVOKUZNETSKI.ru
04.01.2024;INDIVIT.ru
04.01.2024;INFINITYCO.ru
04.01.2024;INFO-DELIVERYS.ru
04.01.2024;INFOBAD.ru
04.01.2024;INFORM-BURO-24.ru
04.01.2024;INFORM-BURO24.ru
04.01.2024;INFORM-VERIFY.ru
04.01.2024;INFORMATOR92.ru
04.01.2024;INFORMBURO-24.ru
04.01.2024;INFOXOZAINSHIRKI.ru
04.01.2024;INGAKNYAZEVA.ru
04.01.2024;INJECTIONMOLDINGMACHINE.ru
04.01.2024;INKYLAND-PLAYER.ru
04.01.2024;INSTALAZER.ru
04.01.2024;INTEGRAL-LYCEUM.ru
04.01.2024;INTEGRISTUDIO.ru
04.01.2024;INTERA-TRADE.ru
04.01.2024;INTERA-TREID.ru
04.01.2024;INTERATRADE.ru
04.01.2024;INTERNO-STUDIO.ru
04.01.2024;INTERRA-TREID.ru
04.01.2024;INTERRATRADE.ru
04.01.2024;IP-MEDICAL.ru
04.01.2024;IPA-DARK.ru
04.01.2024;IPANKRATIEV.ru
04.01.2024;IPASHKO.ru
04.01.2024;IPPOVENCE.ru
04.01.2024;IPSCRS.ru
04.01.2024;IPSCRU.ru
04.01.2024;IPSCRUS.ru
04.01.2024;IPSIMA.ru
04.01.2024;IRANEXPO.ru
04.01.2024;IRINA-TRIBUNSKAYA.ru
04.01.2024;IRINABOBRIK.ru
04.01.2024;IRINANEKLYUDOVA.ru
04.01.2024;IRISMARAL.ru
04.01.2024;ISAEV-E-V.ru
04.01.2024;ISKUZ.ru
04.01.2024;ISLAMOV-DIN.ru
04.01.2024;ISRAVIL.ru
04.01.2024;ISTA-ONLINE.ru
04.01.2024;ISWOW.ru
04.01.2024;ITBTEST.ru
04.01.2024;ITEAMF.ru
04.01.2024;ITIMOFEEVA.ru
04.01.2024;ITLOTUS.ru
04.01.2024;ITSOURCES.ru
04.01.2024;IUCT.ru
04.01.2024;IUDN.ru
04.01.2024;IVAN-ALEKSANDROVICH.ru
04.01.2024;IVAN-I-MARYA.ru
04.01.2024;IVAN-VIKTOROV.ru
04.01.2024;IVANGALITSKY.ru
04.01.2024;IVANRYK.ru
04.01.2024;IVLEEVABILET.ru
04.01.2024;IVLEEVABILETLOTO.ru
04.01.2024;IVVANDM96.ru
04.01.2024;IWEYKINA.ru
04.01.2024;IXAYRA.ru
04.01.2024;IZMAJLOVA-TOP.ru
04.01.2024;IZZI-TAXI.ru
04.01.2024;IZZI-TAXI1.ru
04.01.2024;IZZICASINO-BEL.ru
04.01.2024;IZZICASINO-BEL1.ru
04.01.2024;JAWIBATIK.ru
04.01.2024;JHRQUERIES.ru
04.01.2024;JIFANGFURNITURE.ru
04.01.2024;JLEBMILSER.ru
04.01.2024;JOB-1.ru
04.01.2024;JOHN4E.ru
04.01.2024;JOMA00.ru
04.01.2024;JOPUDZA.ru
04.01.2024;JPCHAIN.ru
04.01.2024;JPYCHAIN.ru
04.01.2024;JUBOGDANOVA.ru
04.01.2024;JUDOL.ru
04.01.2024;JULIJAKOTOVA.ru
04.01.2024;JUMP-CUT.ru
04.01.2024;JURIJMATVIENKO.ru
04.01.2024;JURIJR.ru
04.01.2024;JURIYBR.ru
04.01.2024;JUSOKOLOV.ru
04.01.2024;JUSPERNETWORK.ru
04.01.2024;JUST-A-TEST.ru
04.01.2024;JWOOW.ru
04.01.2024;K-7-CASINO.ru
04.01.2024;K1ND3R.ru
04.01.2024;K7CASINO.ru
04.01.2024;KAKTYZ-CASINO.ru
04.01.2024;KALACHIN-ORTHO.ru
04.01.2024;KALASHNIKOVA-PRO.ru
04.01.2024;KALINKA-AGENCY.ru
04.01.2024;KAMELY-CANDLE.ru
04.01.2024;KAMILALIMOV.ru
04.01.2024;KAMKOS.ru
04.01.2024;KANALIZACIJA24.ru
04.01.2024;KAPAMAN.ru
04.01.2024;KARIMOVADA.ru
04.01.2024;KARINANIKOLAEVA.ru
04.01.2024;KARKACH.ru
04.01.2024;KARKASTROI.ru
04.01.2024;KARTA-ZIMA.ru
04.01.2024;KATARINAKLIM.ru
04.01.2024;KATERINA-BIBIKOVA.ru
04.01.2024;KATOMKAZNANIJ.ru
04.01.2024;KATRIN-SERGIENKO.ru
04.01.2024;KATYASCHU.ru
04.01.2024;KAYSSLER.ru
04.01.2024;KAZANTSEV51.ru
04.01.2024;KAZINOSPARK.ru
04.01.2024;KAZINOVAVADA.ru
04.01.2024;KBKALASHNIKOV.ru
04.01.2024;KEAJIN.ru
04.01.2024;KERATIN-PROFI.ru
04.01.2024;KEYBIT.ru
04.01.2024;KGRUS.ru
04.01.2024;KHAROVSK.ru
04.01.2024;KHOLBOEV.ru
04.01.2024;KHRAMOVDEVELOPMENT.ru
04.01.2024;KIA-COMMERCIAL.ru
04.01.2024;KILITPRO.ru
04.01.2024;KINESIO-YOGA.ru
04.01.2024;KINGOFTHECOURT.ru
04.01.2024;KINO-PITCH.ru
04.01.2024;KINO-TILL.ru
04.01.2024;KINOGGO.ru
04.01.2024;KINOHOMTV.ru
04.01.2024;KIRHA-TERIJOKI.ru
04.01.2024;KIRILLGOLUBEV.ru
04.01.2024;KIRILLTECHSPEC4RU.ru
04.01.2024;KISIMI.ru
04.01.2024;KITGPT.ru
04.01.2024;KK-MSK.ru
04.01.2024;KK-SPB.ru
04.01.2024;KKARPUNINA.ru
04.01.2024;KLIPNEW.ru
04.01.2024;KLLEPPERR.ru
04.01.2024;KLYBADMIRALS.ru
04.01.2024;KM-RUSSIA.ru
04.01.2024;KMETOL.ru
04.01.2024;KMPSALE.ru
04.01.2024;KMU-BKU.ru
04.01.2024;KNAUTCOM.ru
04.01.2024;KNIGAVYAZANIYA.ru
04.01.2024;KNJAZEV-TOP.ru
04.01.2024;KNOWLEDGEINPOCKET.ru
04.01.2024;KNOWLEDGEKEYFUTURE.ru
04.01.2024;KNOWLEDGEKEYSUCCESS.ru
04.01.2024;KOLOBILERDS.ru
04.01.2024;KOLOGRIVIY.ru
04.01.2024;KOLOGRIVY.ru
04.01.2024;KOLOLA.ru
04.01.2024;KOMMETSANT.ru
04.01.2024;KOMPANIETS-7.ru
04.01.2024;KONESEVA.ru
04.01.2024;KONFETA-FILM.ru
04.01.2024;KONOPLEVAA.ru
04.01.2024;KONSTANTINBERLINETS.ru
04.01.2024;KOOEN.ru
04.01.2024;KOR-TOP.ru
04.01.2024;KORADO-RUSSIA.ru
04.01.2024;KORAEV.ru
04.01.2024;KOROLKOV-1.ru
04.01.2024;KOSEA.ru
04.01.2024;KOSMOKOTIK.ru
04.01.2024;KOSMOSTATION.ru
04.01.2024;KOSTA777.ru
04.01.2024;KOSTANDI.ru
04.01.2024;KOSTENKO-DESIGN.ru
04.01.2024;KOTIK-SKOTIK.ru
04.01.2024;KOTMIRSKII.ru
04.01.2024;KOTOMYSH.ru
04.01.2024;KOVERKAMNI.ru
04.01.2024;KOZLINEEVA.ru
04.01.2024;KOZLITSKIY.ru
04.01.2024;KRAKENSLOTS.ru
04.01.2024;KRAN-196.ru
04.01.2024;KRASNODAR-PUTANA.ru
04.01.2024;KRASOTCA.ru
04.01.2024;KRASTONIROVKA.ru
04.01.2024;KRIPTA233.ru
04.01.2024;KRISTINAMOROZ.ru
04.01.2024;KROPHOTO.ru
04.01.2024;KROSOPTOM.ru
04.01.2024;KRUDNEVA.ru
04.01.2024;KRUGLYE-54.ru
04.01.2024;KRUGLYE-74.ru
04.01.2024;KRUGLYE-78.ru
04.01.2024;KRUGLYE-93.ru
04.01.2024;KRUMEL.ru
04.01.2024;KRUVIT.ru
04.01.2024;KSENIA2035.ru
04.01.2024;KSUE-KSUE.ru
04.01.2024;KSURASH.ru
04.01.2024;KTOFK.ru
04.01.2024;KUKULIOK.ru
04.01.2024;KULPANOVICH.ru
04.01.2024;KUPIT-SHINSHILLU.ru
04.01.2024;KUPRELEL.ru
04.01.2024;KURAKSA.ru
04.01.2024;KURIE7239.ru
04.01.2024;KURIE7241.ru
04.01.2024;KURIER7379.ru
04.01.2024;KURSY-NYTRICIOLOGII.ru
04.01.2024;KUSUM.ru
04.01.2024;KUZBAN.ru
04.01.2024;KUZMIN-087.ru
04.01.2024;KVARTHALLA.ru
04.01.2024;KVARTIRAA-V-SOCHI.ru
04.01.2024;KVO70.ru
04.01.2024;KYTAPORN.ru
04.01.2024;KYTDPORN.ru
04.01.2024;KYTFPORN.ru
04.01.2024;KYTSPORN.ru
04.01.2024;L-BORA.ru
04.01.2024;L-LLL.ru
04.01.2024;L-SERVISE.ru
04.01.2024;LA-LUZ.ru
04.01.2024;LAB7F.ru
04.01.2024;LABJOURNAL.ru
04.01.2024;LADY-AGENT.ru
04.01.2024;LAGBASH.ru
04.01.2024;LAKOMKA76.ru
04.01.2024;LAMIEM.ru
04.01.2024;LAMMIN-RUSSIA.ru
04.01.2024;LANGEXPANSE.ru
04.01.2024;LANSINGMEDICAL.ru
04.01.2024;LAPIN-BUSINESS.ru
04.01.2024;LAPPI-SHOP.ru
04.01.2024;LAPPISHOP.ru
04.01.2024;LASER-QUIZ.ru
04.01.2024;LASHKLP.ru
04.01.2024;LAUNICO.ru
04.01.2024;LAVA-SCAN.ru
04.01.2024;LCDEVEL.ru
04.01.2024;LD-PAY21423.ru
04.01.2024;LD-PAY21424.ru
04.01.2024;LD-PAY21465.ru
04.01.2024;LD-PAY21488.ru
04.01.2024;LE-MURR.ru
04.01.2024;LEADALYTICS.ru
04.01.2024;LEARNINGFORADULTS.ru
04.01.2024;LEARNINGWITHOUTBORDERS.ru
04.01.2024;LEDACTIVE.ru
04.01.2024;LEGACYCRAFT.ru
04.01.2024;LEGACYRUST.ru
04.01.2024;LEGALBTC.ru
04.01.2024;LELYA-LAGUZ.ru
04.01.2024;LENTA-WPGRABBER.ru
04.01.2024;LENYLKAELENA.ru
04.01.2024;LESA39.ru
04.01.2024;LESNAYABELKA.ru
04.01.2024;LETO-RUSSIA.ru
04.01.2024;LEVGEROV.ru
04.01.2024;LEXXV.ru
04.01.2024;LIBCLIENT.ru
04.01.2024;LIFE-BALLANCE.ru
04.01.2024;LIFE-IN-BALANCE.ru
04.01.2024;LIFE-IN-BALLANCE.ru
04.01.2024;LIFEBALLANCE.ru
04.01.2024;LIGHTGLOW.ru
04.01.2024;LIKEKREMEN.ru
04.01.2024;LILIABIZNES.ru
04.01.2024;LIMOVS.ru
04.01.2024;LINKMOOD.ru
04.01.2024;LIPECKHIMPROM.ru
04.01.2024;LIVECHAIN.ru
04.01.2024;LIVEVK-PRO.ru
04.01.2024;LKVSK.ru
04.01.2024;LMARTINELLI.ru
04.01.2024;LOANCHAIN.ru
04.01.2024;LOBASH-OV.ru
04.01.2024;LOCALMEMES.ru
04.01.2024;LOCVENT.ru
04.01.2024;LOFT-KAZINO.ru
04.01.2024;LOKER-ACAB.ru
04.01.2024;LOKSANA.ru
04.01.2024;LONDONT.ru
04.01.2024;LONG-FREESH.ru
04.01.2024;LOOGIN.ru
04.01.2024;LOST-NEWS.ru
04.01.2024;LOSTREALMSMC.ru
04.01.2024;LOSVALIK5.ru
04.01.2024;LOUVBEBRAND.ru
04.01.2024;LOUVEBRAND.ru
04.01.2024;LOVECLOUDAPP.ru
04.01.2024;LOVEINTHESKY6310.ru
04.01.2024;LS-TALES.ru
04.01.2024;LSTK-UG.ru
04.01.2024;LSTKUG.ru
04.01.2024;LUBBUBNOVA.ru
04.01.2024;LUMANGILOCINO.ru
04.01.2024;LUNARIYA.ru
04.01.2024;LUNNARCAPITAL.ru
04.01.2024;LUNNEMONE.ru
04.01.2024;LVS1259.ru
04.01.2024;LXBERG.ru
04.01.2024;LXNKLV.ru
04.01.2024;LYNUC.ru
04.01.2024;M0BILEGTES.ru
04.01.2024;M2CLOUD.ru
04.01.2024;MAGMAREFORGED.ru
04.01.2024;MAGNITNYE-SHCHETKI.ru
04.01.2024;MAHINA-1.ru
04.01.2024;MAILBOX42.ru
04.01.2024;MAIN-MAIL.ru
04.01.2024;MAINPAPER.ru
04.01.2024;MAKESHAPE.ru
04.01.2024;MAKSIM-MARTYUSHEV.ru
04.01.2024;MAKSIM-TSALIKOV.ru
04.01.2024;MAKSIMSHILKIN.ru
04.01.2024;MALKINFREE.ru
04.01.2024;MALONHOST.ru
04.01.2024;MAMMA-MIA86.ru
04.01.2024;MANNAPOFF.ru
04.01.2024;MANNSOOR.ru
04.01.2024;MANSUR-WORK.ru
04.01.2024;MAPMUR.ru
04.01.2024;MARDIK.ru
04.01.2024;MARI-TECH.ru
04.01.2024;MARIA-SUBBOTINA.ru
04.01.2024;MARIJA-SHESTAKOVA.ru
04.01.2024;MARINA-LEONOVA.ru
04.01.2024;MARINAMV.ru
04.01.2024;MARINE-COATING.ru
04.01.2024;MARINEGALLERY.ru
04.01.2024;MARIYASMIRNOVA.ru
04.01.2024;MARK-PL.ru
04.01.2024;MARKOVATARGET.ru
04.01.2024;MARTA2505.ru
04.01.2024;MARTYNOVA87.ru
04.01.2024;MARUSOVA93.ru
04.01.2024;MASLO-CEPNOE.ru
04.01.2024;MASSAGEMESTO.ru
04.01.2024;MASTER-CHEREPOVETS.ru
04.01.2024;MASTEROFSTYLE.ru
04.01.2024;MASTERSKAYA-BEAUTY.ru
04.01.2024;MASTERSKAYA-YB.ru
04.01.2024;MATERIAAROMATICA.ru
04.01.2024;MATNAKASH.ru
04.01.2024;MATRIX-KRISS.ru
04.01.2024;MATYTSYN78.ru
04.01.2024;MAXIBATTERY.ru
04.01.2024;MAXIM-BANDURIN.ru
04.01.2024;MAXIMBIKE.ru
04.01.2024;MAZNYA-WALLPAPERS.ru
04.01.2024;MBCP.ru
04.01.2024;MBOSS55.ru
04.01.2024;MBTCOFFREEMONTO24.ru
04.01.2024;MBTLASER.ru
04.01.2024;MCSPANDX.ru
04.01.2024;MDESIGN-STUDIO.ru
04.01.2024;MDK-MED.ru
04.01.2024;MDK-MEDGROUP.ru
04.01.2024;MEADWOOD.ru
04.01.2024;MEBEL-MIGART.ru
04.01.2024;MEBELMIGART.ru
04.01.2024;MEBELVIA-MSK.ru
04.01.2024;MEBELVKUBE24.ru
04.01.2024;MEDBLOGGER.ru
04.01.2024;MEDVEDEVBORIS.ru
04.01.2024;MEDZIMA.ru
04.01.2024;MEKORA.ru
04.01.2024;MEL2024.ru
04.01.2024;MELBET2024.ru
04.01.2024;MELBETREGISTRACIYA.ru
04.01.2024;MELINEHN.ru
04.01.2024;MELOMAP.ru
04.01.2024;MEMBERFEES.ru
04.01.2024;MEMORYM.ru
04.01.2024;MENASTIROLITIST.ru
04.01.2024;MERAPOLIS.ru
04.01.2024;MERGS.ru
04.01.2024;METAPLAN8.ru
04.01.2024;MEXEOH2024.ru
04.01.2024;MGERDJUKOV.ru
04.01.2024;MGRITSAENKO.ru
04.01.2024;MIAMIYAMI.ru
04.01.2024;MIAPOLIS.ru
04.01.2024;MIARTIVIL.ru
04.01.2024;MICOSMOS.ru
04.01.2024;MIDEERART.ru
04.01.2024;MIGRACASH.ru
04.01.2024;MIGULKO.ru
04.01.2024;MIK-CHURZIN.ru
04.01.2024;MIKEEVID.ru
04.01.2024;MIKHALYCH-RP.ru
04.01.2024;MIKS-OIL.ru
04.01.2024;MIKU-MIRAI.ru
04.01.2024;MILLPART.ru
04.01.2024;MINALTOV.ru
04.01.2024;MINDVITA.ru
04.01.2024;MINEMAXX.ru
04.01.2024;MINKA-VALOVA-1.ru
04.01.2024;MIR-4-PAY.ru
04.01.2024;MIR-LOVE.ru
04.01.2024;MIRAPOLIC.ru
04.01.2024;MIROSMOL.ru
04.01.2024;MISTERFOMA.ru
04.01.2024;MITRIC.ru
04.01.2024;MIXED-TRAVEL.ru
04.01.2024;MIXPARADE.ru
04.01.2024;MKFIT.ru
04.01.2024;MNN25.ru
04.01.2024;MNN26.ru
04.01.2024;MOBINEXTBOT.ru
04.01.2024;MOBPIRAT.ru
04.01.2024;MOCKALGO.ru
04.01.2024;MOD-V.ru
04.01.2024;MOI-PUTI.ru
04.01.2024;MOJNOSLOJNO.ru
04.01.2024;MOLBAPROJECT.ru
04.01.2024;MOLDEXPO.ru
04.01.2024;MOLION.ru
04.01.2024;MOMASIA.ru
04.01.2024;MOMLATINO.ru
04.01.2024;MOMO-CHICKEN.ru
04.01.2024;MONENTA.ru
04.01.2024;MONEY-TELEGRAM.ru
04.01.2024;MONEYPAYS2.ru
04.01.2024;MONKEYCHAIN.ru
04.01.2024;MONKEYCLOUD.ru
04.01.2024;MONOCODE-BEAUTY.ru
04.01.2024;MONZIN.ru
04.01.2024;MOOCOO.ru
04.01.2024;MOONAME.ru
04.01.2024;MORSER.ru
04.01.2024;MOSCOWCITYDATE10.ru
04.01.2024;MOSCOWNEWS24.ru
04.01.2024;MOSCOWTREZVYIVODITEL.ru
04.01.2024;MOSINM.ru
04.01.2024;MOSKOWNEWS24.ru
04.01.2024;MOSKOWTRAVEL.ru
04.01.2024;MOSKVACITI2.ru
04.01.2024;MOSMERTO.ru
04.01.2024;MOTOCLUB-CRM.ru
04.01.2024;MOTODREAMS.ru
04.01.2024;MOUSTACHEE.ru
04.01.2024;MOYMANNY.ru
04.01.2024;MOYPOCHERK.ru
04.01.2024;MOZGONOV.ru
04.01.2024;MOZHNODESIGN.ru
04.01.2024;MPESNYA.ru
04.01.2024;MRAHMAT.ru
04.01.2024;MRFANKY.ru
04.01.2024;MRKNOFFICIAL.ru
04.01.2024;MRORLOVICH.ru
04.01.2024;MS-RITUAL.ru
04.01.2024;MSF7017.ru
04.01.2024;MSHULGINA.ru
04.01.2024;MSK-UTA.ru
04.01.2024;MSKUMOV.ru
04.01.2024;MT-TRADING.ru
04.01.2024;MTTRADING.ru
04.01.2024;MTULJAKOV.ru
04.01.2024;MUR8.ru
04.01.2024;MURAD05.ru
04.01.2024;MURAVIEW.ru
04.01.2024;MUROSMOL.ru
04.01.2024;MUSAPPLAB.ru
04.01.2024;MUSICCHAIN.ru
04.01.2024;MUSTAZYAPOVA.ru
04.01.2024;MVKOROTEEV.ru
04.01.2024;MVSIMONOV.ru
04.01.2024;MVV23777.ru
04.01.2024;MY-DOSIER3-0.ru
04.01.2024;MY24SIGNALS.ru
04.01.2024;MYBIOPROD.ru
04.01.2024;MYGENEALOGY.ru
04.01.2024;MYHOME-RND.ru
04.01.2024;MYHOMM.ru
04.01.2024;MYROSMOI.ru
04.01.2024;MYSIGNALS-24.ru
04.01.2024;MYSIKWEL.ru
04.01.2024;MYSKELETON.ru
04.01.2024;MZAHARCHENKO.ru
04.01.2024;NABLODATEL-INFO.ru
04.01.2024;NADEZHDA-SOKOLOVA.ru
04.01.2024;NADEZHDAPLUS.ru
04.01.2024;NAFISOVICH.ru
04.01.2024;NAMAKSGROUP.ru
04.01.2024;NANO-FIBER.ru
04.01.2024;NASIYAIVLEEVAPODAROK.ru
04.01.2024;NATALIAZINNATOVA.ru
04.01.2024;NATALIKULAKOVA.ru
04.01.2024;NATDROZDOWA.ru
04.01.2024;NAVOLNE-REF.ru
04.01.2024;NAZAVI.ru
04.01.2024;NCDATA.ru
04.01.2024;NE-DOLZHNIK-24.ru
04.01.2024;NE-DOLZHNIK-DOLGA24.ru
04.01.2024;NEDOLZHNIK-24.ru
04.01.2024;NEDOLZHNIK2024.ru
04.01.2024;NEDVIGAPRAVO.ru
04.01.2024;NELENASA.ru
04.01.2024;NELLYKUTUZOVA.ru
04.01.2024;NELTOR.ru
04.01.2024;NEONDON.ru
04.01.2024;NEPRIENKO.ru
04.01.2024;NETKRAKEN.ru
04.01.2024;NETWORKING34VLG.ru
04.01.2024;NEUROGRAPHICDISCOVERY.ru
04.01.2024;NEWBUSINESSSTART.ru
04.01.2024;NEWCATBOX.ru
04.01.2024;NEWS-TODAY-24.ru
04.01.2024;NEXT-LEVEL-NIKOLAEVA.ru
04.01.2024;NEXTGENELECTRIC.ru
04.01.2024;NGELECTRIC.ru
04.01.2024;NICOLEMOSCOW.ru
04.01.2024;NIILAB.ru
04.01.2024;NIKIFOROVA-NAIL.ru
04.01.2024;NIKOLAJ-NIKITIN.ru
04.01.2024;NIKOLAVNIN.ru
04.01.2024;NIKRESEARCH.ru
04.01.2024;NIKVELIKAN.ru
04.01.2024;NISANOVAAN-1.ru
04.01.2024;NIVADESIGN-1.ru
04.01.2024;NJOTO.ru
04.01.2024;NKATKOVA.ru
04.01.2024;NKTPVL1995.ru
04.01.2024;NKV1219.ru
04.01.2024;NLITO.ru
04.01.2024;NLLOTO.ru
04.01.2024;NLONO.ru
04.01.2024;NLOOTO.ru
04.01.2024;NLORO.ru
04.01.2024;NLOTOO.ru
04.01.2024;NLP-PRAKTIK.ru
04.01.2024;NLRUST.ru
04.01.2024;NN-TNS-E.ru
04.01.2024;NNEMEC299.ru
04.01.2024;NNLOTO.ru
04.01.2024;NOCODECONF.ru
04.01.2024;NODASHAJEWELRY.ru
04.01.2024;NOLOTO.ru
04.01.2024;NORD-SPB.ru
04.01.2024;NORDMODA.ru
04.01.2024;NOREX-HOST.ru
04.01.2024;NORMA-GEO.ru
04.01.2024;NOVOKUZNECK-RELAX.ru
04.01.2024;NOVOSTROYANAPA.ru
04.01.2024;NOZHENKINA.ru
04.01.2024;NPLB0NUSDLAGRY.ru
04.01.2024;NPLGRY0NL1NE.ru
04.01.2024;NPLGRYONL1NE.ru
04.01.2024;NPLSKARCADEONL1NE.ru
04.01.2024;NPLWEBR0ZYWKA.ru
04.01.2024;NSHVETSOVA.ru
04.01.2024;NSKCVETY.ru
04.01.2024;NSPNUTR.ru
04.01.2024;NUBODY.ru
04.01.2024;NULJANCHENKO.ru
04.01.2024;NUNTHENUN.ru
04.01.2024;NUR-SERPUHOV.ru
04.01.2024;NURECORDS.ru
04.01.2024;NURGALEEV95.ru
04.01.2024;NURSERPUHOV.ru
04.01.2024;NVIDIA-GEFORCE-EXPERIENCE.ru
04.01.2024;NYDESIGNSTUDIO.ru
04.01.2024;O303A.ru
04.01.2024;O8NOVLENIE.ru
04.01.2024;OBESHUK.ru
04.01.2024;OBLEPIXASHOP.ru
04.01.2024;OBRAZOVAIKA.ru
04.01.2024;OBUCHATORY.ru
04.01.2024;OBUHOVGROUP.ru
04.01.2024;OCC-T.ru
04.01.2024;OCHEM.ru
04.01.2024;ODNEPROVSKAJA.ru
04.01.2024;ODUBAS.ru
04.01.2024;OFD-ORD1230.ru
04.01.2024;OFD-ORD1860.ru
04.01.2024;OFD-ORD2225.ru
04.01.2024;OFD-ORD3063.ru
04.01.2024;OFD-ORD4059.ru
04.01.2024;OFD-ORD4127.ru
04.01.2024;OFD-ORD9599.ru
04.01.2024;OFFICE-REZANOV.ru
04.01.2024;OFFNICK.ru
04.01.2024;OGAVRIKOV.ru
04.01.2024;OGIMG.ru
04.01.2024;OGORDINA.ru
04.01.2024;OHOTACRAFT.ru
04.01.2024;OISHRAN.ru
04.01.2024;OISKHAR.ru
04.01.2024;OISKHRAN.ru
04.01.2024;OKOSHKINO-TURBO-PAGE-44525.ru
04.01.2024;OKSANATEACHER.ru
04.01.2024;OKURILIN.ru
04.01.2024;OLARADRI.ru
04.01.2024;OLD-CS.ru
04.01.2024;OLDCONIFER.ru
04.01.2024;OLDMAC.ru
04.01.2024;OLDS-CS.ru
04.01.2024;OLEG-SHURMIN.ru
04.01.2024;OLEGFRUMSON.ru
04.01.2024;OLESIAFOKINA.ru
04.01.2024;OLGA-BARAKOVSKAYA.ru
04.01.2024;OLGAVASILENOK.ru
04.01.2024;OLGAZMASSAGE.ru
04.01.2024;OLIVINEAPP.ru
04.01.2024;OLKOGOLEK.ru
04.01.2024;OLYPERMANENT.ru
04.01.2024;OMAGER.ru
04.01.2024;OMSK-ELECTRIC.ru
04.01.2024;OMURBEK.ru
04.01.2024;ONE-AN.ru
04.01.2024;ONE4111.ru
04.01.2024;ONEAFFILIATE.ru
04.01.2024;ONION-CASINO.ru
04.01.2024;ONLINE-POST.ru
04.01.2024;ONLY-BOOM.ru
04.01.2024;ONPOINTMSK.ru
04.01.2024;ONSLOUFRO.ru
04.01.2024;OOONAYDA.ru
04.01.2024;OOOROLSTROY.ru
04.01.2024;OOOSEGMENT.ru
04.01.2024;OPEN-DROP.ru
04.01.2024;OPER-ACTOR.ru
04.01.2024;OPERA-PLAY.ru
04.01.2024;OPERFEKTO.ru
04.01.2024;OPIUMCLO.ru
04.01.2024;OPLATA7483.ru
04.01.2024;OPLATA7484.ru
04.01.2024;OPOTS2.ru
04.01.2024;OPTICTIMES.ru
04.01.2024;OPUSMSK.ru
04.01.2024;ORANGEAI.ru
04.01.2024;ORDER-1317.ru
04.01.2024;ORDER-4638.ru
04.01.2024;ORDER-7362.ru
04.01.2024;ORDER2058.ru
04.01.2024;ORDER2853.ru
04.01.2024;ORDER3750.ru
04.01.2024;ORDER4057.ru
04.01.2024;ORDER4893.ru
04.01.2024;ORDER4922.ru
04.01.2024;ORDER5573.ru
04.01.2024;ORDER6073.ru
04.01.2024;ORDER6804.ru
04.01.2024;ORDER7345.ru
04.01.2024;ORDER7366.ru
04.01.2024;ORDER8935.ru
04.01.2024;ORDIN74.ru
04.01.2024;ORIMORI.ru
04.01.2024;ORPALTECH.ru
04.01.2024;ORSO-RUSSIA.ru
04.01.2024;OSA74.ru
04.01.2024;OSIPENKOV-PRO.ru
04.01.2024;OSOBIY-POVOD.ru
04.01.2024;OTDELKA-OMSK.ru
04.01.2024;OTELBOOKING.ru
04.01.2024;OTLENUSI.ru
04.01.2024;OTN2.ru
04.01.2024;OUTDOOROASIS.ru
04.01.2024;OVERCUT.ru
04.01.2024;OYSHRAN.ru
04.01.2024;OYSKHRAN.ru
04.01.2024;OZEMPIK-KUPIT.ru
04.01.2024;OZOLOTAREV.ru
04.01.2024;P-NOVOKUZNECK.ru
04.01.2024;P1N-UP.ru
04.01.2024;P5A.ru
04.01.2024;PAAVVLOVVAA.ru
04.01.2024;PAGE-4218.ru
04.01.2024;PANDACHAIN.ru
04.01.2024;PANDACLOUD.ru
04.01.2024;PANJAKOVSKII.ru
04.01.2024;PANTEON7.ru
04.01.2024;PAOPW.ru
04.01.2024;PAPABRUS.ru
04.01.2024;PAPRIKABAND.ru
04.01.2024;PARAGAN.ru
04.01.2024;PARFENOVMEDIA.ru
04.01.2024;PARFINENKO-ADVOKAT.ru
04.01.2024;PARTNER72IGV.ru
04.01.2024;PARTY-VILLAGE.ru
04.01.2024;PARTYVILLAGE.ru
04.01.2024;PATHSUCCESS.ru
04.01.2024;PAVELIAL.ru
04.01.2024;PAVELNESVETAILO.ru
04.01.2024;PAVLOVA100.ru
04.01.2024;PAY-ID161123.ru
04.01.2024;PAY-ID583422.ru
04.01.2024;PAY-ID675471.ru
04.01.2024;PAY-ID745521.ru
04.01.2024;PAYMANTS-INFORM.ru
04.01.2024;PAYMANTS-TRANSFER.ru
04.01.2024;PAYMENT-248.ru
04.01.2024;PAYMENT-249.ru
04.01.2024;PAYMENT-250.ru
04.01.2024;PAYMENT-252.ru
04.01.2024;PAYMENT-253.ru
04.01.2024;PAYYANDEX.ru
04.01.2024;PC-MOBILITY.ru
04.01.2024;PDANILA991.ru
04.01.2024;PEARAI.ru
04.01.2024;PEARCHAIN.ru
04.01.2024;PEARCLOUD.ru
04.01.2024;PECHI-IZ-TALKOHLORITA-23.ru
04.01.2024;PEDAGOGICALCENTER.ru
04.01.2024;PERESK2024.ru
04.01.2024;PERMF.ru
04.01.2024;PERMINOVA-YOGA.ru
04.01.2024;PERSONALPSY.ru
04.01.2024;PESTCONTROL24.ru
04.01.2024;PETRASHISHIN.ru
04.01.2024;PETROVNA-K.ru
04.01.2024;PGOLOVNIN.ru
04.01.2024;PHCLOUD2024.ru
04.01.2024;PHILANTHROPY47.ru
04.01.2024;PHILLION.ru
04.01.2024;PHLEBOLOG-VORONEZH.ru
04.01.2024;PHONE-SURGEON.ru
04.01.2024;PHOTO-IRISKA.ru
04.01.2024;PHOTO2024.ru
04.01.2024;PHOTOMYSHKINA.ru
04.01.2024;PIANO-CHORDS.ru
04.01.2024;PIANO-MSK.ru
04.01.2024;PIANOCHORDS.ru
04.01.2024;PIEDFISH.ru
04.01.2024;PIN-UP-ORIGINAL.ru
04.01.2024;PIN-UP-WIN.ru
04.01.2024;PIN-UP12.ru
04.01.2024;PIN-UP13.ru
04.01.2024;PIN-UP14.ru
04.01.2024;PIN-UP15.ru
04.01.2024;PIN-UP16.ru
04.01.2024;PIN-UP17.ru
04.01.2024;PIN-UP18.ru
04.01.2024;PIN-UP19.ru
04.01.2024;PIN-UP20.ru
04.01.2024;PIN-UP21.ru
04.01.2024;PINTERECT.ru
04.01.2024;PINUP-2024.ru
04.01.2024;PINUP-2025.ru
04.01.2024;PINUP2024WIN.ru
04.01.2024;PINUP2025.ru
04.01.2024;PINUPCASINO2025.ru
04.01.2024;PIROKVL.ru
04.01.2024;PKAMARANT.ru
04.01.2024;PKAPA.ru
04.01.2024;PKGBYURO.ru
04.01.2024;PLATMILA.ru
04.01.2024;PLAY-DRAMA.ru
04.01.2024;PLAY-HC.ru
04.01.2024;PLAYTALE.ru
04.01.2024;PLAZMA-DV.ru
04.01.2024;PLAZMADV.ru
04.01.2024;PLITOCHNIK-50.ru
04.01.2024;PLOJKI.ru
04.01.2024;PLOLLI.ru
04.01.2024;PLSHN.ru
04.01.2024;PLUS-CHAT.ru
04.01.2024;PLUSCHAT.ru
04.01.2024;PMARKEVICH.ru
04.01.2024;PMTK82.ru
04.01.2024;PNEFEDOV.ru
04.01.2024;PODRIADONLINE.ru
04.01.2024;POGODINAPSY.ru
04.01.2024;POHUI11.ru
04.01.2024;POISKMETALLOOBRABOTKI.ru
04.01.2024;POISKMODULNYKHZDANIY.ru
04.01.2024;POIZ-MARKET.ru
04.01.2024;POIZONSTYLE.ru
04.01.2024;POKER-PLAY.ru
04.01.2024;POLIGLIKOLI.ru
04.01.2024;POLINANAZAR.ru
04.01.2024;POLIZRUM.ru
04.01.2024;POLOSATIKYSSV.ru
04.01.2024;POPCORN-CINEMA.ru
04.01.2024;POPOVA2024.ru
04.01.2024;POPROBYSAM.ru
04.01.2024;PORAPOPARE.ru
04.01.2024;POROSHINROMULUS.ru
04.01.2024;POSUDOMOJKI643.ru
04.01.2024;POUNDCHAIN.ru
04.01.2024;POUPOCK.ru
04.01.2024;POWER-LI.ru
04.01.2024;PRAGMAMEDIA.ru
04.01.2024;PRAGMANEWS.ru
04.01.2024;PRAV-CHETKI.ru
04.01.2024;PRAVILOTRAINING.ru
04.01.2024;PRAVO24N.ru
04.01.2024;PRAZDNIK-TD.ru
04.01.2024;PREMIUMV.ru
04.01.2024;PRILPRO.ru
04.01.2024;PRINTERSHOPTEC.ru
04.01.2024;PRINTLK.ru
04.01.2024;PRIVALES1.ru
04.01.2024;PRIVAT18ARCHIVE.ru
04.01.2024;PRO-CASHBACK-ONLINE.ru
04.01.2024;PRO-HOSTINGI69.ru
04.01.2024;PRO32C.ru
04.01.2024;PROC22.ru
04.01.2024;PRODSTUDIO.ru
04.01.2024;PRODWHOAMI.ru
04.01.2024;PROEKT-NATALE.ru
04.01.2024;PROF-ELECTRIKA.ru
04.01.2024;PROF-ESOTERIC.ru
04.01.2024;PROF-PARS-BET.ru
04.01.2024;PROFF-POSUDA.ru
04.01.2024;PROFHANDLER.ru
04.01.2024;PROFITSTROI75.ru
04.01.2024;PROFTEPLOAUDIT.ru
04.01.2024;PROG-STAR.ru
04.01.2024;PROJECTBYANNA.ru
04.01.2024;PROJECTPUNK.ru
04.01.2024;PROJECTX2024.ru
04.01.2024;PROMALPASIKO.ru
04.01.2024;PROMEBELKLIENT.ru
04.01.2024;PROMOEVROPA-LAND.ru
04.01.2024;PROMOEVROPA-RUS.ru
04.01.2024;PROMOEVROPA-TORG.ru
04.01.2024;PROMOEVROPALAND.ru
04.01.2024;PROMOEVROPALIFE.ru
04.01.2024;PROMOEVROPARUS.ru
04.01.2024;PROMOEVROPATORG.ru
04.01.2024;PROPEMINE.ru
04.01.2024;PROPUBERTATOLGA.ru
04.01.2024;PROSTITUTKI--NOVOKUZNETSKA.ru
04.01.2024;PROSTITUTKI--ROSTOVA.ru
04.01.2024;PROSTITUTKI--TYUMEN.ru
04.01.2024;PROSTITUTKI-KRASNODARA.ru
04.01.2024;PROSTITUTKI-NOVOKUZNETSK-NOMERA.ru
04.01.2024;PROSTITUTKI-NOVOKUZNETSKA.ru
04.01.2024;PROSTITUTKI-NOVOKUZNETSKA1.ru
04.01.2024;PROSTITUTKI-NOVOSIBIRSK.ru
04.01.2024;PROSTITUTKI-TYUMEN.ru
04.01.2024;PROSTITUTKINOVOKUZNETSK.ru
04.01.2024;PROSTITUTKIRYAZAN.ru
04.01.2024;PROSTOVIP.ru
04.01.2024;PROSTOVKI.ru
04.01.2024;PROTEKTORPROFILE.ru
04.01.2024;PROXRISE.ru
04.01.2024;PROXYROTATOR.ru
04.01.2024;PS-SECRET.ru
04.01.2024;PSEREBRENIKOV.ru
04.01.2024;PSIHOLOR23.ru
04.01.2024;PSINUSIKOTINUS.ru
04.01.2024;PSOFRONOV.ru
04.01.2024;PSY-REVIEW.ru
04.01.2024;PSYCHOLOGIST-EKATERINA.ru
04.01.2024;PSYMIRA.ru
04.01.2024;PUNTO-CLUB.ru
04.01.2024;PUSHKASTUDIO.ru
04.01.2024;PUTANI-KRASNODAR.ru
04.01.2024;PVZJOB.ru
04.01.2024;PVZOZON.ru
04.01.2024;PVZOZON-DOSTAVKA.ru
04.01.2024;PVZOZONDOSTAVKA.ru
04.01.2024;Q-ANON.ru
04.01.2024;Q-MARKETING.ru
04.01.2024;Q9M.ru
04.01.2024;QESBT.ru
04.01.2024;QNT1.ru
04.01.2024;QQQWW.ru
04.01.2024;QR-BADGE.ru
04.01.2024;QR-BRELOK.ru
04.01.2024;QR-GIRL.ru
04.01.2024;QR-PRIVATE.ru
04.01.2024;QR-VIDEO.ru
04.01.2024;QREVER.ru
04.01.2024;QUEST-CRAFT.ru
04.01.2024;QULILAND.ru
04.01.2024;QURMANNN.ru
04.01.2024;QUYDONAN.ru
04.01.2024;R3PAM.ru
04.01.2024;RABOTAIZDOMAMLM.ru
04.01.2024;RADIO-SOUND.ru
04.01.2024;RADIO-ZVUK.ru
04.01.2024;RADOVSKIY.ru
04.01.2024;RAELBG.ru
04.01.2024;RAIKINSCHOOL.ru
04.01.2024;RAIN44444.ru
04.01.2024;RAINBOWPRESS.ru
04.01.2024;RAITINGCASINO2024TOP1WINO.ru
04.01.2024;RAMENGAMES2024.ru
04.01.2024;RANDOMAISER.ru
04.01.2024;RARITET-OOO.ru
04.01.2024;RASCHET-KUHNI-TUYMEN.ru
04.01.2024;RASMOSREG.ru
04.01.2024;RASSKAZER.ru
04.01.2024;RAVNOVESIE-SPB.ru
04.01.2024;RAVNOVESIESPB.ru
04.01.2024;RAYZI.ru
04.01.2024;RAZEBCA.ru
04.01.2024;RAZVAL-24.ru
04.01.2024;RAZVITIE39.ru
04.01.2024;RBL-CLUB.ru
04.01.2024;RCBUYING.ru
04.01.2024;RDUBROVIN.ru
04.01.2024;RDVORKIN.ru
04.01.2024;REALTYPROAGENT.ru
04.01.2024;REALTYUM.ru
04.01.2024;REBITICA.ru
04.01.2024;REBOOTICA.ru
04.01.2024;RECEPTOR-KRSK.ru
04.01.2024;RED7MOSCOW.ru
04.01.2024;REDDIT-CREW.ru
04.01.2024;REDFURGON.ru
04.01.2024;REGFABERLIC.ru
04.01.2024;REGIONKRYM.ru
04.01.2024;REGIST-PITER.ru
04.01.2024;REGISTRATSIA-V-PITERE.ru
04.01.2024;REGISTRATSIJA-V-MOSKWE.ru
04.01.2024;REITINGCASINO.ru
04.01.2024;REKET10.ru
04.01.2024;REKOTOV.ru
04.01.2024;RELAXBLACKNSK.ru
04.01.2024;REMBOLIT.ru
04.01.2024;REMGIDRO32.ru
04.01.2024;REMONT-KOTLOV-NAVIEN.ru
04.01.2024;REMONT-PK-KMS.ru
04.01.2024;REMONT12PRO.ru
04.01.2024;REMONTPOPRAVILAM.ru
04.01.2024;REMSERVIS-53.ru
04.01.2024;RENAISSANCE-E.ru
04.01.2024;RENS-RUSSIA.ru
04.01.2024;RENT-HUB.ru
04.01.2024;REPROGRAMM.ru
04.01.2024;REPUTATION-HELP.ru
04.01.2024;RESIDENTWEB.ru
04.01.2024;RESQO.ru
04.01.2024;RETARI.ru
04.01.2024;RETRIT-CENTER.ru
04.01.2024;REWELLER.ru
04.01.2024;REWERS-FF-QARENA.ru
04.01.2024;RFLOVE.ru
04.01.2024;RIBOTICA.ru
04.01.2024;RICASAPARTNERS.ru
04.01.2024;RICH-77.ru
04.01.2024;RICHARDCHANCELLOR.ru
04.01.2024;RICHARDCHANCELLOR-WHISKY.ru
04.01.2024;RICKZAK.ru
04.01.2024;RINARIN.ru
04.01.2024;RIOBET186.ru
04.01.2024;RISEOFKINGDOMSDONATE.ru
04.01.2024;RISHOPOLOK.ru
04.01.2024;RITUALUSL.ru
04.01.2024;RKHALIKOV.ru
04.01.2024;RKUTSENKO.ru
04.01.2024;RMBT48.ru
04.01.2024;RN-NV.ru
04.01.2024;RN-NV086.ru
04.01.2024;RN-NV86.ru
04.01.2024;ROBBIXTWO.ru
04.01.2024;ROBOCATPUNKROCK.ru
04.01.2024;ROCATOM.ru
04.01.2024;ROCKFEL.ru
04.01.2024;RODINA-TOP.ru
04.01.2024;RODINA-WORK.ru
04.01.2024;RODINMN.ru
04.01.2024;ROGSCHOOLNEWS.ru
04.01.2024;ROMAN-MAJOROV.ru
04.01.2024;ROMANAPI.ru
04.01.2024;ROMANCE6310.ru
04.01.2024;ROMANPRODJSVO.ru
04.01.2024;ROMBUTHUS.ru
04.01.2024;ROMMER-ONLINE.ru
04.01.2024;RONIN-STYLE.ru
04.01.2024;ROOM-TRAVEL.ru
04.01.2024;ROSSOLENKO-1.ru
04.01.2024;ROSSTAT-INFO.ru
04.01.2024;ROSSTAT-INFORM.ru
04.01.2024;ROSTHERM-RUSSIA.ru
04.01.2024;ROSTOV-INDIVIDUALKI.ru
04.01.2024;ROXCASINO-SLOTO.ru
04.01.2024;ROXCASINO-SLOTO1.ru
04.01.2024;ROYALA.ru
04.01.2024;ROYALO.ru
04.01.2024;ROZBUKET.ru
04.01.2024;RSCHERBININ.ru
04.01.2024;RSIPSC.ru
04.01.2024;RST-TENDER.ru
04.01.2024;RSULTYGOV.ru
04.01.2024;RTARARAEV.ru
04.01.2024;RTSGEO.ru
04.01.2024;RU-SECURITY7482.ru
04.01.2024;RU-TAIYILASER.ru
04.01.2024;RUBCHAIN.ru
04.01.2024;RUBLECHAIN.ru
04.01.2024;RUBYWOOJEWELRY.ru
04.01.2024;RUGORGEOUS.ru
04.01.2024;RULODKI.ru
04.01.2024;RUNPOQLS.ru
04.01.2024;RUS-2189.ru
04.01.2024;RUSCHAIN.ru
04.01.2024;RUSDOSUG-99.ru
04.01.2024;RUSDYNAMICS.ru
04.01.2024;RUSORE.ru
04.01.2024;RUSRORE.ru
04.01.2024;RUSSIACHAIN.ru
04.01.2024;RUSSIAFA.ru
04.01.2024;RUSSIAN-FUN.ru
04.01.2024;RUSSIANCHAIN.ru
04.01.2024;RUSSIANFUNS.ru
04.01.2024;RUSSIANPEDIA.ru
04.01.2024;RUSTOE.ru
04.01.2024;RUSTORI.ru
04.01.2024;RUSTORR.ru
04.01.2024;RUSTOTE.ru
04.01.2024;RUSTRE.ru
04.01.2024;RUTERM-ONLINE.ru
04.01.2024;RUZK.ru
04.01.2024;RV-SAMARA.ru
04.01.2024;RYACHMENEVA.ru
04.01.2024;S-KORNIENKO.ru
04.01.2024;SAASLOF.ru
04.01.2024;SAAVAGE.ru
04.01.2024;SADPART.ru
04.01.2024;SAENKO-D.ru
04.01.2024;SAGAFONOV.ru
04.01.2024;SAGALOW.ru
04.01.2024;SAKRYTIN.ru
04.01.2024;SAKURADUTY.ru
04.01.2024;SALESO.ru
04.01.2024;SALEWILLBE.ru
04.01.2024;SAMFOFSED.ru
04.01.2024;SAMREQION.ru
04.01.2024;SAMSUNGALAXY.ru
04.01.2024;SANEDERSS.ru
04.01.2024;SANJASHARAPOV.ru
04.01.2024;SANLINE-RUSSIA.ru
04.01.2024;SANTEHNIKPITER.ru
04.01.2024;SAPFIRINJIR.ru
04.01.2024;SARABIANNA.ru
04.01.2024;SARUTOBISENSE.ru
04.01.2024;SASUKKEE.ru
04.01.2024;SAUGABAY.ru
04.01.2024;SAVILIX.ru
04.01.2024;SAVIN93.ru
04.01.2024;SAWAESTHETIC.ru
04.01.2024;SBM24.ru
04.01.2024;SBOR-KING.ru
04.01.2024;SBP-SHOP.ru
04.01.2024;SBT174.ru
04.01.2024;SCHNEIDER-ALTIVAR.ru
04.01.2024;SCHNEIDER-ELECTRIC-ALTIVAR.ru
04.01.2024;SCHNEIDERELECTRIC-ALTIVAR.ru
04.01.2024;SCHOOL-ACNE.ru
04.01.2024;SCHOOLGOMMAKATE.ru
04.01.2024;SCHUFFTEIN.ru
04.01.2024;SCLONENIEWORD.ru
04.01.2024;SCREEN5S.ru
04.01.2024;SDELKA7369.ru
04.01.2024;SDRONINA.ru
04.01.2024;SEARCH-AI.ru
04.01.2024;SEBAS31.ru
04.01.2024;SELECTOR-KAZINO.ru
04.01.2024;SELIGEREC-CAMP.ru
04.01.2024;SEMIKLETOV.ru
04.01.2024;SENRUSLAN.ru
04.01.2024;SEQE.ru
04.01.2024;SERFCLICKPRO.ru
04.01.2024;SERGEI-NEKRASOV.ru
04.01.2024;SERGEJ-MELNIKOV.ru
04.01.2024;SERGEY-FILATOV.ru
04.01.2024;SERGEYTSAREV.ru
04.01.2024;SERGLMS.ru
04.01.2024;SERMASTER.ru
04.01.2024;SERVICE-1246.ru
04.01.2024;SERVICE-9855.ru
04.01.2024;SERVISTREZVYIVODITELMOSCOW.ru
04.01.2024;SERZ-4.ru
04.01.2024;SEV-1.ru
04.01.2024;SEVAS-REMONT.ru
04.01.2024;SEVER-FJORD.ru
04.01.2024;SEVERNAYA-RUSSIA.ru
04.01.2024;SEVERYANA.ru
04.01.2024;SEWING72.ru
04.01.2024;SEX--59.ru
04.01.2024;SFIT-MYIR.ru
04.01.2024;SGIT-PYIR.ru
04.01.2024;SGOGOLEVA.ru
04.01.2024;SHADOWPUBLIC.ru
04.01.2024;SHAKI-CVETY.ru
04.01.2024;SHARABARIN.ru
04.01.2024;SHARAVOZTV.ru
04.01.2024;SHATALOVA-7.ru
04.01.2024;SHATUN-WAY.ru
04.01.2024;SHCHEBENKUPIT.ru
04.01.2024;SHIHAHMEDOVA.ru
04.01.2024;SHILENK0.ru
04.01.2024;SHISHOW.ru
04.01.2024;SHKADIN-CLUB.ru
04.01.2024;SHKAFFCUPE.ru
04.01.2024;SHKAY.ru
04.01.2024;SHKOLAZNANIE.ru
04.01.2024;SHOMCHENKO.ru
04.01.2024;SHONGIN.ru
04.01.2024;SHOPEROPT.ru
04.01.2024;SHOPSEXPRESS.ru
04.01.2024;SHOW-ORGANISATION.ru
04.01.2024;SHTIM.ru
04.01.2024;SHURADO.ru
04.01.2024;SHVECHKA.ru
04.01.2024;SHVEDYUK.ru
04.01.2024;SIBERIA1968.ru
04.01.2024;SIBERIANVIEW.ru
04.01.2024;SIBGENKO.ru
04.01.2024;SIBIO-RUSSIA.ru
04.01.2024;SILAEV-PRO.ru
04.01.2024;SILEN-OK.ru
04.01.2024;SILFIDA87.ru
04.01.2024;SILL-2381.ru
04.01.2024;SIMISSO.ru
04.01.2024;SIMPLE-WAY.ru
04.01.2024;SIMPLEX-WB.ru
04.01.2024;SINKROS80.ru
04.01.2024;SKAJTUKOVA.ru
04.01.2024;SKAZBUKI.ru
04.01.2024;SKF-KRIT.ru
04.01.2024;SKILLWEEK.ru
04.01.2024;SKOCHILOVA.ru
04.01.2024;SKOLOTIL.ru
04.01.2024;SKYDONATE.ru
04.01.2024;SLAVAKEYMAN.ru
04.01.2024;SLEONOVA.ru
04.01.2024;SLI2024.ru
04.01.2024;SLJAPIN.ru
04.01.2024;SLLLOVO-PACANA.ru
04.01.2024;SLLLOVOPACANA.ru
04.01.2024;SLLOVO-PACONA.ru
04.01.2024;SLLOVOPACANA.ru
04.01.2024;SLLOVOPACANA2023.ru
04.01.2024;SLLOVOPACANO.ru
04.01.2024;SLOM-FILO.ru
04.01.2024;SLOTTICA3GG.ru
04.01.2024;SLOVO-PAACONA.ru
04.01.2024;SLOVO-PACANAK.ru
04.01.2024;SLOVO-PACONA1S.ru
04.01.2024;SLOVO-PACONAV.ru
04.01.2024;SLOVOO-PACONA.ru
04.01.2024;SLOVOPACAHNU.ru
04.01.2024;SLOVOPACAHU.ru
04.01.2024;SLOVOPACANED.ru
04.01.2024;SLOVOPACANFE.ru
04.01.2024;SLOVOPACANNE.ru
04.01.2024;SLOVOPACANSEZ.ru
04.01.2024;SLOVOPACANUE.ru
04.01.2024;SLOVOPACANUW.ru
04.01.2024;SLOVOPACARVSE.ru
04.01.2024;SLOVOPACATEE.ru
04.01.2024;SLOVOPACAVSE.ru
04.01.2024;SLUGOVSKAJA.ru
04.01.2024;SM5FASTNET.ru
04.01.2024;SMART-HOME-OMSK.ru
04.01.2024;SMARTOTDYH.ru
04.01.2024;SMCPZAO.ru
04.01.2024;SMICOIN.ru
04.01.2024;SMIRNOVYROST.ru
04.01.2024;SMMTRON.ru
04.01.2024;SNAPSOLUTION.ru
04.01.2024;SNEGOMARKET.ru
04.01.2024;SNEGOMAX.ru
04.01.2024;SNOBRAND.ru
04.01.2024;SOCHI4FUN.ru
04.01.2024;SOCHIENDURO.ru
04.01.2024;SOFTBERY.ru
04.01.2024;SOL-MOSFEST4.ru
04.01.2024;SOL-MOSFEST5.ru
04.01.2024;SOLODOVNIKIW.ru
04.01.2024;SOLSERIA.ru
04.01.2024;SOLWIKI.ru
04.01.2024;SOMNLQPU.ru
04.01.2024;SONYBOX.ru
04.01.2024;SOOLTANAT.ru
04.01.2024;SOREVNOVANIE24.ru
04.01.2024;SORP-CONSULT.ru
04.01.2024;SORPCONSULT.ru
04.01.2024;SOUNDHOST.ru
04.01.2024;SOUNDINTOUCH.ru
04.01.2024;SOVA-SIZIKOVA.ru
04.01.2024;SOWYOU.ru
04.01.2024;SPECUTIL.ru
04.01.2024;SPIIICHKI.ru
04.01.2024;SPINAMBA3.ru
04.01.2024;SPONGEBOP.ru
04.01.2024;SPOTPRICE.ru
04.01.2024;SPROS-PRO.ru
04.01.2024;SPSK-VAPS.ru
04.01.2024;SQUATTERBLOAT.ru
04.01.2024;SRPOTOLOK.ru
04.01.2024;SSAVRAN.ru
04.01.2024;SSHAMANIN.ru
04.01.2024;ST-ISKHAKOV.ru
04.01.2024;ST911.ru
04.01.2024;STACYFLO.ru
04.01.2024;STALKER-LOST.ru
04.01.2024;STAND2NOJIKIS.ru
04.01.2024;STANDUP-TILL.ru
04.01.2024;STARDACASINOCOM4.ru
04.01.2024;STARDACASINOCOM5.ru
04.01.2024;STARK-AD.ru
04.01.2024;STARLAINE.ru
04.01.2024;STARLIK.ru
04.01.2024;STARLINEONLINE.ru
04.01.2024;STASENI6KA.ru
04.01.2024;STEAMCONMNUITY.ru
04.01.2024;STEAMCONMUNIRY.ru
04.01.2024;STEANCONRMUNITY.ru
04.01.2024;STEBEL-ONLAINE.ru
04.01.2024;STEH174.ru
04.01.2024;STEKLOSKOL.ru
04.01.2024;STELLARBRAND.ru
04.01.2024;STELMASHYK.ru
04.01.2024;STEPANSMIRNOV.ru
04.01.2024;STEPIN-A.ru
04.01.2024;STEREOSOUND-MP3.ru
04.01.2024;STFIRE.ru
04.01.2024;STI-RUSSIA.ru
04.01.2024;STO76CENTR.ru
04.01.2024;STOAVANGARD.ru
04.01.2024;STOP-DOLGI-2024.ru
04.01.2024;STORAGECLOUDS.ru
04.01.2024;STRABINKOV.ru
04.01.2024;STRAHOVKA001.ru
04.01.2024;STRATEGYM.ru
04.01.2024;STRISHKAPLUS.ru
04.01.2024;STROKI-MTS.ru
04.01.2024;STROYKA50.ru
04.01.2024;STROYTUMEN24.ru
04.01.2024;STSAPER.ru
04.01.2024;STUDYLADDER.ru
04.01.2024;STUDYTRAIL.ru
04.01.2024;SUDOTEST.ru
04.01.2024;SUGAR-PAPER28.ru
04.01.2024;SUPER-TOOLS51.ru
04.01.2024;SUPERNXVA.ru
04.01.2024;SVECHEVARYNYA.ru
04.01.2024;SVETLANA-KULIKOVA.ru
04.01.2024;SVETOPAD.ru
04.01.2024;SVETPROSVET.ru
04.01.2024;SVETSKIYSOYUZ.ru
04.01.2024;SVETYHOME.ru
04.01.2024;SVOBODA60.ru
04.01.2024;SWEET-FILM.ru
04.01.2024;SWEETLYK.ru
04.01.2024;SWEETVATA.ru
04.01.2024;SWISSLUXE.ru
04.01.2024;SWLOVE.ru
04.01.2024;SWTHM29.ru
04.01.2024;SXJN-SPV.ru
04.01.2024;SYROLOGIYA.ru
04.01.2024;TAB700.ru
04.01.2024;TACTICBOT.ru
04.01.2024;TAKIYE-SVADBY.ru
04.01.2024;TALESOFPIRATES.ru
04.01.2024;TANCHITTASTUDIO.ru
04.01.2024;TANDEM360.ru
04.01.2024;TANUSHABUCHINA.ru
04.01.2024;TANYATERRA.ru
04.01.2024;TARAKANOVANDREY.ru
04.01.2024;TARGETCARDBOARD.ru
04.01.2024;TARKMARANA.ru
04.01.2024;TARO-RUN-NUMEROLOGIYA-PROGRAMMNIESVECHI-AMULETIDOM.ru
04.01.2024;TATIANNA.ru
04.01.2024;TEACHER-TRUBITSYNA.ru
04.01.2024;TECHFUELING2.ru
04.01.2024;TECHNO-TUCH.ru
04.01.2024;TECHNOBOX-SHOP.ru
04.01.2024;TECHNOTUCH.ru
04.01.2024;TELEGRAM-SELL.ru
04.01.2024;TELEGRAMGURU.ru
04.01.2024;TELEGRAMNEWRU.ru
04.01.2024;TELNOV-PRO.ru
04.01.2024;TENBOOK.ru
04.01.2024;TENDER-RTS.ru
04.01.2024;TEPOTAM.ru
04.01.2024;TERRA-BLADE.ru
04.01.2024;TERRITORIA-REALNOSTI.ru
04.01.2024;TEST-DROPDDD.ru
04.01.2024;TEST-MAIN.ru
04.01.2024;TEST-WEDA.ru
04.01.2024;TESTFINA.ru
04.01.2024;TESTMEDICINA.ru
04.01.2024;TESTYC.ru
04.01.2024;TETTEY.ru
04.01.2024;TEZBAZAR.ru
04.01.2024;TG45EL.ru
04.01.2024;TGEYE.ru
04.01.2024;THAILAND-TURIZM.ru
04.01.2024;THE-TUDORS.ru
04.01.2024;THEATER40.ru
04.01.2024;THEATRE-ACTOR.ru
04.01.2024;THEATRE-TILL.ru
04.01.2024;THEMX0NDAY.ru
04.01.2024;THENOLIMIT.ru
04.01.2024;THEONLYBAG.ru
04.01.2024;THERMOTRUST-RUSSIA.ru
04.01.2024;THESONICBEAST.ru
04.01.2024;THISISBUIS.ru
04.01.2024;THOLCOM.ru
04.01.2024;TICKETS-RU.ru
04.01.2024;TIGR-FORTUNA.ru
04.01.2024;TILL-CASSA.ru
04.01.2024;TIMA-9195.ru
04.01.2024;TIMAGAMES.ru
04.01.2024;TIMEWEEB.ru
04.01.2024;TIMICHEV.ru
04.01.2024;TIMURABDULLAEV.ru
04.01.2024;TIMUROVA.ru
04.01.2024;TIN-DOLG.ru
04.01.2024;TINATIGRA.ru
04.01.2024;TINYLEAF.ru
04.01.2024;TITANIUM312.ru
04.01.2024;TITANIUMCOSMIC.ru
04.01.2024;TMRDH.ru
04.01.2024;TNC-E.ru
04.01.2024;TNKF-KAPLTAL-INVEST.ru
04.01.2024;TOANY.ru
04.01.2024;TODAY-24-7.ru
04.01.2024;TODAY-24-NEWS.ru
04.01.2024;TODAY-247.ru
04.01.2024;TODAY-24NEWS.ru
04.01.2024;TODAY24-7.ru
04.01.2024;TODAY247.ru
04.01.2024;TODAY24NEWS.ru
04.01.2024;TOFEE.ru
04.01.2024;TOL-SERP.ru
04.01.2024;TOLPYSHEV.ru
04.01.2024;TOMCHIKB.ru
04.01.2024;TONGOU.ru
04.01.2024;TONMIL.ru
04.01.2024;TOOL-TIME.ru
04.01.2024;TOOLBOT.ru
04.01.2024;TOP-ZAVESA.ru
04.01.2024;TOP505.ru
04.01.2024;TOPALOVA-DOC.ru
04.01.2024;TOPGAB.ru
04.01.2024;TOPSHINA-MSK.ru
04.01.2024;TORAEVER.ru
04.01.2024;TORRED.ru
04.01.2024;TOSIN.ru
04.01.2024;TOURFISHKA.ru
04.01.2024;TOURGOCS.ru
04.01.2024;TPETRANOVSKIJ.ru
04.01.2024;TPOPP.ru
04.01.2024;TRADELEAGUE.ru
04.01.2024;TRAM-MEDITATION.ru
04.01.2024;TRANSFER-PAYMS.ru
04.01.2024;TRANSFERGEORGIA.ru
04.01.2024;TRANSFERS-INFO.ru
04.01.2024;TRASSAM4DON.ru
04.01.2024;TREKS-M.ru
04.01.2024;TREMASOV-1.ru
04.01.2024;TRETYAK0718.ru
04.01.2024;TRIP-2179.ru
04.01.2024;TROEVER.ru
04.01.2024;TROLLTEAM.ru
04.01.2024;TRONEVA-26.ru
04.01.2024;TRUBOPLAST30.ru
04.01.2024;TRUEGAME-CLUB.ru
04.01.2024;TRUSAUTOALLET.ru
04.01.2024;TSEREDIANI.ru
04.01.2024;TSIBULSKII.ru
04.01.2024;TSIVENKO.ru
04.01.2024;TSUY.ru
04.01.2024;TTOLKAY.ru
04.01.2024;TU-CARS.ru
04.01.2024;TU-EDA.ru
04.01.2024;TULA-DOSUG.ru
04.01.2024;TULPIN.ru
04.01.2024;TURCIIA.ru
04.01.2024;TURFISHKA.ru
04.01.2024;TURKSEZONY.ru
04.01.2024;TUTORIZE.ru
04.01.2024;TUTORSHUB.ru
04.01.2024;TVGTN.ru
04.01.2024;TWIDATA.ru
04.01.2024;TYPETAB.ru
04.01.2024;TYSTROY.ru
04.01.2024;TYUMEN-DOSUG.ru
04.01.2024;TYUMENDEVKI.ru
04.01.2024;TYUMENDEVOCHKI.ru
04.01.2024;U-2417812-TRIAL-REG.ru
04.01.2024;UBISTORE.ru
04.01.2024;UCHET-RUS.ru
04.01.2024;UCHINIUM.ru
04.01.2024;UDMESPLUS.ru
04.01.2024;UEKARACA.ru
04.01.2024;UF-DTF.ru
04.01.2024;UFDTF.ru
04.01.2024;UGGAUSTRALIAA.ru
04.01.2024;UGGMOLL.ru
04.01.2024;UI-NASS.ru
04.01.2024;UMBRELLA-GAME.ru
04.01.2024;UMNITSA-ONLINE.ru
04.01.2024;UN1LTYAN.ru
04.01.2024;UNI-FITT-RUSSIA.ru
04.01.2024;UNIKURS.ru
04.01.2024;UNIVER-CENTER.ru
04.01.2024;UNIVERCELL.ru
04.01.2024;UNIVERSALYUG.ru
04.01.2024;UNIVERSITYCENTER.ru
04.01.2024;UNIVERSITYOFKNOWLEDGE.ru
04.01.2024;UNIVERSUM-COMMUNITY.ru
04.01.2024;UNLIMZERKALO.ru
04.01.2024;UNLY.ru
04.01.2024;UNRELEASED-TOURNAMENTS.ru
04.01.2024;URAITE.ru
04.01.2024;URALELITSTROI.ru
04.01.2024;URISTIOTVETI.ru
04.01.2024;URITE.ru
04.01.2024;URTUTOR.ru
04.01.2024;URZHINOVA.ru
04.01.2024;US-PUBG-MOBAIL.ru
04.01.2024;USACHAIN.ru
04.01.2024;USCHAIN.ru
04.01.2024;USDCHAIN.ru
04.01.2024;USKKOFF.ru
04.01.2024;USTANOVKA-ZABOROV-SMOLENSK.ru
04.01.2024;UTA-MSK.ru
04.01.2024;UTALES.ru
04.01.2024;UTMKA.ru
04.01.2024;UTR-KAZS2.ru
04.01.2024;V-PODPISKE.ru
04.01.2024;V3J.ru
04.01.2024;VADIM-O.ru
04.01.2024;VAHTA-RF.ru
04.01.2024;VALERII69.ru
04.01.2024;VALFEX-RUSSIA.ru
04.01.2024;VANCOUVER-CLUB.ru
04.01.2024;VANOVSKY.ru
04.01.2024;VANTEDA.ru
04.01.2024;VARESHKIE.ru
04.01.2024;VARIKOZANET-STAVROPOL.ru
04.01.2024;VASILEWSKIY.ru
04.01.2024;VAVADACASINO100.ru
04.01.2024;VAVADACASINO2024.ru
04.01.2024;VAVADAXCX.ru
04.01.2024;VBST174.ru
04.01.2024;VCHT-CENTER.ru
04.01.2024;VCHTCENTER.ru
04.01.2024;VECHERINART.ru
04.01.2024;VENOMEROK.ru
04.01.2024;VENUSBAND.ru
04.01.2024;VESLAV-V.ru
04.01.2024;VETERINARYMARKET.ru
04.01.2024;VETROVM.ru
04.01.2024;VGERTSEV.ru
04.01.2024;VHASANOV.ru
04.01.2024;VHURIN.ru
04.01.2024;VIBORU.ru
04.01.2024;VIDEOCHAIN.ru
04.01.2024;VIEBA.ru
04.01.2024;VIKI-MAKEUP.ru
04.01.2024;VIKTORKOMISSAR.ru
04.01.2024;VITALITY-MOS.ru
04.01.2024;VITALIY-RETOUCH.ru
04.01.2024;VITRAZHNIEOKNA.ru
04.01.2024;VIVA-MOT.ru
04.01.2024;VIVA-TECHNOLOGY.ru
04.01.2024;VIZANTIYA-OTEL.ru
04.01.2024;VK-ANDERTUSHKA.ru
04.01.2024;VK-AUTHORIZATION.ru
04.01.2024;VKDEZ.ru
04.01.2024;VKLEVE.ru
04.01.2024;VL-MIRONOV.ru
04.01.2024;VLADCLENOV7.ru
04.01.2024;VLADIMIRFOTO.ru
04.01.2024;VLADIMIROVNA33.ru
04.01.2024;VLADMINKIN.ru
04.01.2024;VLOMMDERS.ru
04.01.2024;VLOSIHE.ru
04.01.2024;VMGZ-45.ru
04.01.2024;VMGZ-60.ru
04.01.2024;VMOTKIN.ru
04.01.2024;VODKA-KASINO.ru
04.01.2024;VODOKANAL-RND.ru
04.01.2024;VOGELNOOT-RUSSIA.ru
04.01.2024;VOLKOV112007.ru
04.01.2024;VOLNACASINO-ZAL4.ru
04.01.2024;VOLNACASINO-ZAL5.ru
04.01.2024;VOLOSHINART.ru
04.01.2024;VOLSHEBNIKJA.ru
04.01.2024;VOLT-MAX.ru
04.01.2024;VOLZP.ru
04.01.2024;VONTAMONA.ru
04.01.2024;VORONEGHIMPROM.ru
04.01.2024;VORONOVCOPYLOV.ru
04.01.2024;VOROSHILOV68.ru
04.01.2024;VOVACOIN.ru
04.01.2024;VOVANKAZINO.ru
04.01.2024;VOVATITOV.ru
04.01.2024;VOZVRAT-URIST.ru
04.01.2024;VSAMURAJ.ru
04.01.2024;VSBREKLAMA.ru
04.01.2024;VSEDLADACHI.ru
04.01.2024;VSEPRAVILAOBSHENIA.ru
04.01.2024;VSH510.ru
04.01.2024;VSIODLADACHI.ru
04.01.2024;VSIODLAREMONTA.ru
04.01.2024;VSLETIN.ru
04.01.2024;VSMAGINA.ru
04.01.2024;VSTB174.ru
04.01.2024;VSYODLADACHI.ru
04.01.2024;VSYODLAREMONTA.ru
04.01.2024;VTEPLICAX.ru
04.01.2024;VUHANOVA.ru
04.01.2024;VVCHAIN.ru
04.01.2024;VVMAZANOV.ru
04.01.2024;VVVIN.ru
04.01.2024;VYS-YA.ru
04.01.2024;VYUSHKOV13.ru
04.01.2024;W-KRASNODAR.ru
04.01.2024;W-RX.ru
04.01.2024;WAPGAMEBOT.ru
04.01.2024;WARMHAUS-RUSSIA.ru
04.01.2024;WARRIORCODEX.ru
04.01.2024;WATCHSTORM.ru
04.01.2024;WATTSON-RUSSIA.ru
04.01.2024;WAYRONE-ONE.ru
04.01.2024;WB-ANALITIKA.ru
04.01.2024;WBPARTNERI.ru
04.01.2024;WEB-VARIANT.ru
04.01.2024;WEB3SYSTEM.ru
04.01.2024;WEBCREATOR44.ru
04.01.2024;WEBONTOLOGY.ru
04.01.2024;WEBSITESAUDITOR.ru
04.01.2024;WEBTVOYKORENOVSK.ru
04.01.2024;WEBUNIPROJECTS.ru
04.01.2024;WEGOVY-1MG.ru
04.01.2024;WEGOVY-APTEKA.ru
04.01.2024;WEGOVY-MOSCOW.ru
04.01.2024;WEGOVY-MOSKVA.ru
04.01.2024;WEGOVY-MSK.ru
04.01.2024;WEGOVY-OFFICIAL.ru
04.01.2024;WEGOVY-RUSSIA.ru
04.01.2024;WEGOVY-SEMAGLUTIDE.ru
04.01.2024;WEGOVY1.ru
04.01.2024;WEPINK.ru
04.01.2024;WESHINE-LABEL.ru
04.01.2024;WHAT-PEOPLE.ru
04.01.2024;WHATPEOPLE.ru
04.01.2024;WHATSAPP-API.ru
04.01.2024;WIK-DEV.ru
04.01.2024;WIK-PROD.ru
04.01.2024;WILD-POPSRU.ru
04.01.2024;WINDINGROAD.ru
04.01.2024;WINDOWSKEYDEAL.ru
04.01.2024;WINLINE-US.ru
04.01.2024;WINNAIAL.ru
04.01.2024;WINTERVALO.ru
04.01.2024;WISEMISER.ru
04.01.2024;WISMAT.ru
04.01.2024;WITCHYMISCHA-TOP.ru
04.01.2024;WLEBROTSGATE.ru
04.01.2024;WMRECORDS.ru
04.01.2024;WOAN.ru
04.01.2024;WODGEO.ru
04.01.2024;WOLFBRAND.ru
04.01.2024;WOLNCOM.ru
04.01.2024;WOMAH.ru
04.01.2024;WOMAM.ru
04.01.2024;WOOD-LUCK.ru
04.01.2024;WOOD33.ru
04.01.2024;WOOD51.ru
04.01.2024;WOODENTIME.ru
04.01.2024;WOODLINEN.ru
04.01.2024;WOODMEAD.ru
04.01.2024;WOWAN.ru
04.01.2024;WS-24.ru
04.01.2024;WTRUSSIA.ru
04.01.2024;WWWVOLZP.ru
04.01.2024;X-DZOR.ru
04.01.2024;X-SERVISE.ru
04.01.2024;X5EXPEDITION.ru
04.01.2024;XDRIP718.ru
04.01.2024;XDZOR.ru
04.01.2024;XFLOWERS1.ru
04.01.2024;XOLOP-2-2024.ru
04.01.2024;XTYT.ru
04.01.2024;XUMYMISHKA.ru
04.01.2024;XYXYA.ru
04.01.2024;XYZSCHOOL.ru
04.01.2024;YA-ELAGINA.ru
04.01.2024;YA-NEPOVAR.ru
04.01.2024;YA9ALCKINA.ru
04.01.2024;YADOLBAEB.ru
04.01.2024;YAKOREVA.ru
04.01.2024;YANDEXSHOPONLAIN.ru
04.01.2024;YANOTHER.ru
04.01.2024;YANUZAKOV.ru
04.01.2024;YAR-EAK.ru
04.01.2024;YASYA-GORD.ru
04.01.2024;YASYAGORD.ru
04.01.2024;YBALALAN.ru
04.01.2024;YDMNSKY.ru
04.01.2024;YEKIBAYEV.ru
04.01.2024;YENCHAIN.ru
04.01.2024;YMELICA.ru
04.01.2024;YMNWRX.ru
04.01.2024;YMORZIMA.ru
04.01.2024;YN-DATE.ru
04.01.2024;YOGA-CO.ru
04.01.2024;YOGAURAL.ru
04.01.2024;YOUNUBE.ru
04.01.2024;YOURBESTTRAVEL.ru
04.01.2024;YOUTTUBE.ru
04.01.2024;YOUTUBA.ru
04.01.2024;YSELIALA.ru
04.01.2024;YUANCHAIN.ru
04.01.2024;YULENKAX.ru
04.01.2024;YURAIT.ru
04.01.2024;YURIYSHAPOVALOV.ru
04.01.2024;ZAIMATOR.ru
04.01.2024;ZAK-1.ru
04.01.2024;ZAKAZ7369.ru
04.01.2024;ZAKON-POMOSH.ru
04.01.2024;ZAKON115FZ.ru
04.01.2024;ZAKROYOKNO.ru
04.01.2024;ZAMETKI-PENSIONERA-NEWS.ru
04.01.2024;ZAPAVTOSTOCK.ru
04.01.2024;ZAVARZINAC.ru
04.01.2024;ZAVODSVAROG.ru
04.01.2024;ZEAOFFICIAL.ru
04.01.2024;ZEEBEAT.ru
04.01.2024;ZEMONGAN.ru
04.01.2024;ZERKALODADDY.ru
04.01.2024;ZERKALOGAMA.ru
04.01.2024;ZHOMESERVER.ru
04.01.2024;ZINAIDANEM.ru
04.01.2024;ZIP-OREN.ru
04.01.2024;ZIWAR.ru
04.01.2024;ZIYOCORE.ru
04.01.2024;ZMB-CS.ru
04.01.2024;ZNAKMEBEL.ru
04.01.2024;ZOLOTO-KOLCHAKA.ru
04.01.2024;ZOLOTOKOLCHAKA.ru
04.01.2024;ZOO-GRAD.ru
04.01.2024;ZOOPARTS.ru
04.01.2024;ZOZHSOVET.ru
04.01.2024;ZUBKOV6773.ru
05.01.2024;0118.ru
05.01.2024;02AAM24.ru
05.01.2024;123-3D.ru
05.01.2024;123MOVIERULZ.ru
05.01.2024;12FAN.ru
05.01.2024;1384.ru
05.01.2024;154DAMDAM.ru
05.01.2024;18258312.ru
05.01.2024;186NYMEROLOG.ru
05.01.2024;198754.ru
05.01.2024;1BREMENSKIEMUZYKANTY2024.ru
05.01.2024;1C-SAB.ru
05.01.2024;1C-V8.ru
05.01.2024;1MONETKA.ru
05.01.2024;1MONOPOLY.ru
05.01.2024;1MOTOMIR.ru
05.01.2024;2024BESTCHEAPONLINE.ru
05.01.2024;2024BESTSALE.ru
05.01.2024;2024DISCOUNTSTORES.ru
05.01.2024;2024DRAGON.ru
05.01.2024;2024ONLINECHEAPSALE.ru
05.01.2024;2024ONLINEOUTLETS.ru
05.01.2024;2024OUTLETSTORES.ru
05.01.2024;2024STOREOUTLET.ru
05.01.2024;20USPEH24.ru
05.01.2024;2424K.ru
05.01.2024;2424PWK.ru
05.01.2024;247SPACE.ru
05.01.2024;24DAMDAM.ru
05.01.2024;24GERASIMOV.ru
05.01.2024;24IGO.ru
05.01.2024;24LID.ru
05.01.2024;24ORAKUL.ru
05.01.2024;24PASAZ29I4AUCF1OI6ERX7HGQ.ru
05.01.2024;24PIGULKA.ru
05.01.2024;24PWK-RU.ru
05.01.2024;24RENTALTOOL.ru
05.01.2024;28AI.ru
05.01.2024;29YA.ru
05.01.2024;29ZMD.ru
05.01.2024;2BIRKI.ru
05.01.2024;2FAVIASALES.ru
05.01.2024;2HOLOP2.ru
05.01.2024;2MILLENIUM.ru
05.01.2024;3DGUS.ru
05.01.2024;3DMAXPRINTING.ru
05.01.2024;3DPRINTCRAFT.ru
05.01.2024;3ELEKTRIKA.ru
05.01.2024;4G18.ru
05.01.2024;4H-ZONE.ru
05.01.2024;4T7.ru
05.01.2024;5-BERKUTOV.ru
05.01.2024;54ORIGINS.ru
05.01.2024;56YA.ru
05.01.2024;5854545.ru
05.01.2024;5AKE.ru
05.01.2024;5SIMS.ru
05.01.2024;666DAMDAM.ru
05.01.2024;6ZU.ru
05.01.2024;7799970.ru
05.01.2024;7KCASINOH.ru
05.01.2024;845145127.ru
05.01.2024;89023758133.ru
05.01.2024;89030025921.ru
05.01.2024;89249300130.ru
05.01.2024;8SLOVO-PATCONA.ru
05.01.2024;9244050900.ru
05.01.2024;9903.ru
05.01.2024;999DAMDAM.ru
05.01.2024;9MINECRAFT.ru
05.01.2024;A-48.ru
05.01.2024;A-FEMALE.ru
05.01.2024;A-LIVING-MAN.ru
05.01.2024;A-PARUSA39.ru
05.01.2024;A567.ru
05.01.2024;A9274467.ru
05.01.2024;AAIGNATENKO.ru
05.01.2024;AAUTH-TELEGRAMM.ru
05.01.2024;ABCPEREVOD.ru
05.01.2024;ABOGATEEV.ru
05.01.2024;ABONEMENT-OBSLUZIVANIE.ru
05.01.2024;ABORDAGECLUB.ru
05.01.2024;ABPROLAND.ru
05.01.2024;AC-56MILE.ru
05.01.2024;ACADEMY-MEDIATION.ru
05.01.2024;ACADEMYMEDIATION.ru
05.01.2024;ACADI-NEDV.ru
05.01.2024;ACAIT.ru
05.01.2024;ACARDENAS.ru
05.01.2024;ACCOUNTS-AVITO.ru
05.01.2024;ACEEXAMS.ru
05.01.2024;ACHEP.ru
05.01.2024;ACHIPMUNK.ru
05.01.2024;ACTIVE-PORTAL.ru
05.01.2024;AD4CLEAN.ru
05.01.2024;ADLPARTS.ru
05.01.2024;ADMIN-SITE.ru
05.01.2024;ADMIN-URALPTV.ru
05.01.2024;ADMIRALX-UOC.ru
05.01.2024;ADMTALAKAN.ru
05.01.2024;ADSGMIQW.ru
05.01.2024;ADVOKAT-NEMOV.ru
05.01.2024;ADVOKATKRASOV.ru
05.01.2024;AE-FLOWERS.ru
05.01.2024;AELITABIZNES.ru
05.01.2024;AERYGIN.ru
05.01.2024;AFBNDKR.ru
05.01.2024;AFCREAM.ru
05.01.2024;AFF-AFF.ru
05.01.2024;AFILARETOVA.ru
05.01.2024;AFISHA-SHOW.ru
05.01.2024;AFISHA63.ru
05.01.2024;AFTKEY.ru
05.01.2024;AG3NT.ru
05.01.2024;AGANCYPRO.ru
05.01.2024;AGDMKB.ru
05.01.2024;AGENT-SPB.ru
05.01.2024;AGENT-SPB78.ru
05.01.2024;AGENT-TERRA.ru
05.01.2024;AGENTURA01.ru
05.01.2024;AGMIO.ru
05.01.2024;AGPSGTTGG.ru
05.01.2024;AGRODOM74.ru
05.01.2024;AI-CLON.ru
05.01.2024;AI-ELEMENTARY.ru
05.01.2024;AI-GALAXY.ru
05.01.2024;AI-GOV.ru
05.01.2024;AI-SPEAKERS.ru
05.01.2024;AI12.ru
05.01.2024;AIBEE.ru
05.01.2024;AICLON.ru
05.01.2024;AIGALAXY.ru
05.01.2024;AIKIDO-DAMO.ru
05.01.2024;AILIKENS.ru
05.01.2024;AIP7.ru
05.01.2024;AIPROD.ru
05.01.2024;AIROUTER.ru
05.01.2024;AIRSOFT24.ru
05.01.2024;AIRSTROLL.ru
05.01.2024;AJOUREBUREAU.ru
05.01.2024;AKADEMIAZOLOTOVA.ru
05.01.2024;AKADEMIYA-KIVI.ru
05.01.2024;AKB-60.ru
05.01.2024;AKEBONOBREAKS.ru
05.01.2024;AKHUSAINOV.ru
05.01.2024;AKPP-MOSCOW.ru
05.01.2024;AKRUTKO.ru
05.01.2024;AKSENENKOOKSANA.ru
05.01.2024;AKSIGOR.ru
05.01.2024;AKTSIYAIVLEEVOY.ru
05.01.2024;AKULOVAV.ru
05.01.2024;AKURENBURG.ru
05.01.2024;AKVA68.ru
05.01.2024;AKVADOOR.ru
05.01.2024;AKVAKARS.ru
05.01.2024;AKVALOS-KRASNODAR.ru
05.01.2024;AKVALOS-ROSTOV.ru
05.01.2024;AKVATAMBOV.ru
05.01.2024;ALCO-EXPRESS24-SARATOV.ru
05.01.2024;ALCOBAR43.ru
05.01.2024;ALCOBAR46.ru
05.01.2024;ALCOEXPRESS43.ru
05.01.2024;ALCOEXPRESS46.ru
05.01.2024;ALCOSHOCK.ru
05.01.2024;ALEKSEEVSKYOTEL.ru
05.01.2024;ALEKSEY-VANIUSHKIN.ru
05.01.2024;ALEKSEYISTOMIN.ru
05.01.2024;ALEX-PETS.ru
05.01.2024;ALEX1678G.ru
05.01.2024;ALEXBRATCHENKO.ru
05.01.2024;ALEXEY-KOLESNIKOV.ru
05.01.2024;ALEXEYSADOV.ru
05.01.2024;ALEXPETS.ru
05.01.2024;ALEXVAF.ru
05.01.2024;ALFAMOLD.ru
05.01.2024;ALFASWITCH.ru
05.01.2024;ALHIMIADUSH.ru
05.01.2024;ALILAC.ru
05.01.2024;ALINA-BIRTHDAY.ru
05.01.2024;ALIYEVACINARE.ru
05.01.2024;ALL-TEPLICY.ru
05.01.2024;ALL-THINGS-COGNITEI.ru
05.01.2024;ALLCONSUMABLES.ru
05.01.2024;ALLINSEO.ru
05.01.2024;ALMATYRAGE.ru
05.01.2024;ALMAZBUR-CHEL.ru
05.01.2024;ALMAZOVOJ-KV-SALON.ru
05.01.2024;ALNIRED1.ru
05.01.2024;ALORDKIPANIDZE.ru
05.01.2024;ALP22.ru
05.01.2024;ALPENHAUS360.ru
05.01.2024;ALQ2U.ru
05.01.2024;ALT-GNOME.ru
05.01.2024;ALTAY-MANZHEROK.ru
05.01.2024;ALTERCRAFT.ru
05.01.2024;ALTSERVERS.ru
05.01.2024;ALTTECHNOGROUP.ru
05.01.2024;ALYONAAURUM.ru
05.01.2024;ALZOLOTOV.ru
05.01.2024;ALZVET.ru
05.01.2024;AM161.ru
05.01.2024;AMATYSIK.ru
05.01.2024;AMG-TUNING-DETAILING-CENTR.ru
05.01.2024;AMIRTAHOME.ru
05.01.2024;ANAPA-ESTATE.ru
05.01.2024;ANASTASIAEDAPINA.ru
05.01.2024;ANASTASIJA-KUZNETSOVA.ru
05.01.2024;ANDBARYNIN.ru
05.01.2024;ANDREEVBIM.ru
05.01.2024;ANDREY-MARINA.ru
05.01.2024;ANDROSOV-SM.ru
05.01.2024;ANDY9145.ru
05.01.2024;ANFISAMODE.ru
05.01.2024;ANGELIDES.ru
05.01.2024;ANGELINA-ART.ru
05.01.2024;ANGELINAFAIDYUK.ru
05.01.2024;ANGELKULINAR.ru
05.01.2024;ANGOSTURABITTERS.ru
05.01.2024;ANIBD.ru
05.01.2024;ANKETA-WORK.ru
05.01.2024;ANOD7.ru
05.01.2024;ANSAT-EXPERT.ru
05.01.2024;ANSPRO.ru
05.01.2024;ANSTTKCH.ru
05.01.2024;ANTONINA-KOSTINA.ru
05.01.2024;ANTONPOL.ru
05.01.2024;ANTONPOTAPOV.ru
05.01.2024;ANTY903.ru
05.01.2024;ANWAB.ru
05.01.2024;ANYA321111.ru
05.01.2024;ANYTA1.ru
05.01.2024;ANZFITNESS.ru
05.01.2024;AOSDVBBF.ru
05.01.2024;APDOU.ru
05.01.2024;APEXAI.ru
05.01.2024;APHMELEV.ru
05.01.2024;APISTUDIA.ru
05.01.2024;APMES.ru
05.01.2024;APOLYAKOV93.ru
05.01.2024;APPINVENT.ru
05.01.2024;APPLE-CLEVER.ru
05.01.2024;APPLEGADGETSHOP.ru
05.01.2024;APPLICATIONFORM-G0VTNZ.ru
05.01.2024;APRACINGBREAKS.ru
05.01.2024;APRAXIA.ru
05.01.2024;APRILE-DESIGN.ru
05.01.2024;APTECH-35.ru
05.01.2024;APYZHIKOV.ru
05.01.2024;AQUA68.ru
05.01.2024;AQUALOS-KRASNODAR.ru
05.01.2024;AQUALOS-ROSTOV.ru
05.01.2024;AQUALOS-SEPTIK.ru
05.01.2024;AQUATAMBOV.ru
05.01.2024;ARBITRAGE-SCANER.ru
05.01.2024;AREIGM.ru
05.01.2024;ARENDA-JOY.ru
05.01.2024;ARGAMING.ru
05.01.2024;ARGENTUM76.ru
05.01.2024;ARH-YOU.ru
05.01.2024;ARHYZCITY.ru
05.01.2024;ARIARYLI.ru
05.01.2024;ARIFDZHANOVA.ru
05.01.2024;ARISTUDIO.ru
05.01.2024;ARKANGELS-TRAVEL.ru
05.01.2024;ARKTIKA-BRP.ru
05.01.2024;ARM-TERRAZZO.ru
05.01.2024;ARMAMIR-RUS.ru
05.01.2024;ARMSPECSTROY.ru
05.01.2024;AROMAGRAD.ru
05.01.2024;ARPLATFORM.ru
05.01.2024;ARSENEYT.ru
05.01.2024;ART-BISCVIT.ru
05.01.2024;ART-PROTECT.ru
05.01.2024;ARTAPROJECTS.ru
05.01.2024;ARTCOMSOFT.ru
05.01.2024;ARTEMKONNOV.ru
05.01.2024;ARTPROMEDIA.ru
05.01.2024;ARTRON-MERYDIAN.ru
05.01.2024;ARTZHESTKOV.ru
05.01.2024;ARUDAJA.ru
05.01.2024;ARVENHOLD.ru
05.01.2024;ASCHAPOV.ru
05.01.2024;ASCMASTERSERVICE.ru
05.01.2024;ASGARDARM.ru
05.01.2024;ASGDMKT.ru
05.01.2024;ASINO-SPORT.ru
05.01.2024;ASK-ATLAS.ru
05.01.2024;ASTORMOLL.ru
05.01.2024;ASTRODB.ru
05.01.2024;ASTROFAMILY.ru
05.01.2024;ASURGAEV.ru
05.01.2024;ASVEGI.ru
05.01.2024;ATLANDA-V.ru
05.01.2024;ATMOSFERADUSHI.ru
05.01.2024;ATOMMONOCL-BEST.ru
05.01.2024;AUCTIONPROVINCE.ru
05.01.2024;AUDIMODELS.ru
05.01.2024;AUIASALE.ru
05.01.2024;AULAPHOI.ru
05.01.2024;AUR-GAME.ru
05.01.2024;AUTISMGPPC.ru
05.01.2024;AUTO-REIKI.ru
05.01.2024;AUTOCENTER-56MILE.ru
05.01.2024;AUTODOCTORSERVIS.ru
05.01.2024;AUTOLOGTRANC.ru
05.01.2024;AUTOMARKET-NN.ru
05.01.2024;AUTOPROMS.ru
05.01.2024;AUTOVIBES.ru
05.01.2024;AV-BARANOV.ru
05.01.2024;AV8ASALES.ru
05.01.2024;AVA-PREMIUM.ru
05.01.2024;AVAIASEILS.ru
05.01.2024;AVANS-REAL.ru
05.01.2024;AVAPREMIUM.ru
05.01.2024;AVDEEEVA.ru
05.01.2024;AVIA-FLY10.ru
05.01.2024;AVIACONTOUR.ru
05.01.2024;AVIASASES.ru
05.01.2024;AVITO-YUG.ru
05.01.2024;AVITO-ZARPLATA.ru
05.01.2024;AVITOLOG-KRASNODAR.ru
05.01.2024;AVITOLOG-LIPECK.ru
05.01.2024;AVITOLOG-PERM.ru
05.01.2024;AVITOLOG-ROSTOV-NA-DONU.ru
05.01.2024;AVITOLOG-SARATOV.ru
05.01.2024;AVITOLOG-UFA.ru
05.01.2024;AVITOLOG-ULYANOVSK.ru
05.01.2024;AVITOLOG-V-VLADIMIRE.ru
05.01.2024;AVITOLOG-VOLGOGRAD.ru
05.01.2024;AVITOLOG-VORONEZH.ru
05.01.2024;AVITOLOG-YAROSLAVL.ru
05.01.2024;AVTO-GU.ru
05.01.2024;AVTO-ZIMA.ru
05.01.2024;AVTOARMATURA.ru
05.01.2024;AVTOBAR24.ru
05.01.2024;AVTOCASHVRN.ru
05.01.2024;AVTOLAIN-TOUR.ru
05.01.2024;AVTOODEIALO-BEST.ru
05.01.2024;AVTOPORTRET58.ru
05.01.2024;AVTOSHTORKY-SKIDKA.ru
05.01.2024;AWIASEILS.ru
05.01.2024;AXBET.ru
05.01.2024;AXELMO.ru
05.01.2024;AXEPENT.ru
05.01.2024;AYK21.ru
05.01.2024;AYULDASHEVA.ru
05.01.2024;AYWAA.ru
05.01.2024;AZATYANPHOTO.ru
05.01.2024;AZDAEV.ru
05.01.2024;AZIMOVABEAUTY.ru
05.01.2024;AZINO777-OSU.ru
05.01.2024;AZMIEVA.ru
05.01.2024;AZUREX.ru
05.01.2024;B1B4TR0N.ru
05.01.2024;B2OS.ru
05.01.2024;B300.ru
05.01.2024;BABUSHOV.ru
05.01.2024;BAGIRA63.ru
05.01.2024;BAGIRATLT.ru
05.01.2024;BAIKALCORP.ru
05.01.2024;BALAGANSKAJA.ru
05.01.2024;BALKON-KOMFORT-SERVICE.ru
05.01.2024;BAMBOLLETTI-DZR.ru
05.01.2024;BANIA-HOSTA.ru
05.01.2024;BANK100.ru
05.01.2024;BANKOFFNET.ru
05.01.2024;BANKSEGAE.ru
05.01.2024;BANKVEZDE.ru
05.01.2024;BARAKA2737.ru
05.01.2024;BARHAT163.ru
05.01.2024;BARINOVA-TOP.ru
05.01.2024;BARNAUL-PKU.ru
05.01.2024;BARTPAVEL.ru
05.01.2024;BASHUTKINANASTYA.ru
05.01.2024;BASILEUS17.ru
05.01.2024;BASKIV.ru
05.01.2024;BASKOPOLINA.ru
05.01.2024;BASRP.ru
05.01.2024;BATMANRU.ru
05.01.2024;BAU-TEH.ru
05.01.2024;BAULIN-1.ru
05.01.2024;BAURAMIX.ru
05.01.2024;BAYYERFROMITALIA.ru
05.01.2024;BAZ-1.ru
05.01.2024;BAZELIK.ru
05.01.2024;BC-NEWS1.ru
05.01.2024;BC-NEWS2.ru
05.01.2024;BC-NEWS3.ru
05.01.2024;BDCAR.ru
05.01.2024;BDVAMK.ru
05.01.2024;BEARPRINT-FIRM.ru
05.01.2024;BEAUTY-WOW.ru
05.01.2024;BEAUTYLINE-UFA.ru
05.01.2024;BEAUTYZONE-SALON.ru
05.01.2024;BELFORTAI.ru
05.01.2024;BELJETEKA.ru
05.01.2024;BELKOVAART.ru
05.01.2024;BELLAGIO-HOT.ru
05.01.2024;BELLASTONE.ru
05.01.2024;BELLBIMBO-OPT.ru
05.01.2024;BELLISTRI.ru
05.01.2024;BELOVDV.ru
05.01.2024;BELPARQUET.ru
05.01.2024;BELYETEKA.ru
05.01.2024;BENEFITSQUALITY.ru
05.01.2024;BERANZHE-PHOTO.ru
05.01.2024;BERDNIKOV-1.ru
05.01.2024;BERDOFFGAME.ru
05.01.2024;BERDYANSK-USLUGI.ru
05.01.2024;BERDYANSKUSLUGI.ru
05.01.2024;BEREZKA-BOUTIQUE.ru
05.01.2024;BERRY-BOUTIQUE.ru
05.01.2024;BERRYBOUTIQUE.ru
05.01.2024;BESTCHANGEMONEY.ru
05.01.2024;BESTSIGNALS.ru
05.01.2024;BETMAX-INFO.ru
05.01.2024;BETON-STROIY.ru
05.01.2024;BEZBOZA.ru
05.01.2024;BEZUGLYI.ru
05.01.2024;BFDBMA.ru
05.01.2024;BFEDOTOV.ru
05.01.2024;BGB02.ru
05.01.2024;BGHOTELS.ru
05.01.2024;BGKZNNTORF.ru
05.01.2024;BIB39.ru
05.01.2024;BIDS193784.ru
05.01.2024;BIGMAILBOX.ru
05.01.2024;BIGMATUR-SYRTLANOV.ru
05.01.2024;BILET-AERO.ru
05.01.2024;BILLING-METRIKA.ru
05.01.2024;BIM4.ru
05.01.2024;BIOM-DETOX.ru
05.01.2024;BISNESBAD.ru
05.01.2024;BISSA-BRAND.ru
05.01.2024;BISSABRAND.ru
05.01.2024;BITCRYPTOREVIEWS.ru
05.01.2024;BITMININGCLUB.ru
05.01.2024;BITOVKA-MSK.ru
05.01.2024;BITZ-CASINO1.ru
05.01.2024;BIZNES-TARGET.ru
05.01.2024;BIZONLAIN.ru
05.01.2024;BK-22-BUH.ru
05.01.2024;BK-LEON2.ru
05.01.2024;BKOFD.ru
05.01.2024;BLACKAMIK.ru
05.01.2024;BLACKOUTCAFE.ru
05.01.2024;BLADE-KINGS.ru
05.01.2024;BLAGOPROEKT.ru
05.01.2024;BLANC-SPORT.ru
05.01.2024;BLAZERMAXA.ru
05.01.2024;BLDYDVLL.ru
05.01.2024;BLESK-METALLA.ru
05.01.2024;BLESSX.ru
05.01.2024;BLINIBURGER.ru
05.01.2024;BLISS-WILEY.ru
05.01.2024;BLNOTE.ru
05.01.2024;BMWMODELS.ru
05.01.2024;BMYNUTE.ru
05.01.2024;BO-SERVISE-REMONT.ru
05.01.2024;BODNARDESIGN.ru
05.01.2024;BOGDANPOTOLKI.ru
05.01.2024;BOKOVSKAYACR.ru
05.01.2024;BOMBUCKS-GAME.ru
05.01.2024;BOMCLICK.ru
05.01.2024;BONUS-VAVADA.ru
05.01.2024;BOOSTS-ONLINE.ru
05.01.2024;BOSONUTIE.ru
05.01.2024;BOTAKBTT.ru
05.01.2024;BOTCATALOG.ru
05.01.2024;BOTTT.ru
05.01.2024;BOX-SEND.ru
05.01.2024;BOX76CTO.ru
05.01.2024;BOXMINESTUDIO.ru
05.01.2024;BRADYNOSUS.ru
05.01.2024;BRAINBOOSTEDU.ru
05.01.2024;BRAND-AKSELERATOR.ru
05.01.2024;BRATP.ru
05.01.2024;BRAVE-STUDIO.ru
05.01.2024;BREMBOBREAKS.ru
05.01.2024;BREMENSKIE-MUZYKANT.ru
05.01.2024;BREMENSKIEMUZYKANTU.ru
05.01.2024;BREMENSKIMUZIKANTI.ru
05.01.2024;BREMENSMUZYKAN2024.ru
05.01.2024;BREMENSMUZYKANTY2024.ru
05.01.2024;BRIZZARD.ru
05.01.2024;BRNJOGARONLINE.ru
05.01.2024;BROW-1703.ru
05.01.2024;BRUCKAYA.ru
05.01.2024;BRUSSTROYSK.ru
05.01.2024;BSFGIQE.ru
05.01.2024;BSPSTUDIO.ru
05.01.2024;BSRSPB.ru
05.01.2024;BUDDHAANGEL.ru
05.01.2024;BUGROFF.ru
05.01.2024;BUH-NU.ru
05.01.2024;BUILDING-DEFECTS.ru
05.01.2024;BULAVSKAYAYULIYA.ru
05.01.2024;BURGERS-RMN.ru
05.01.2024;BURLAY.ru
05.01.2024;BURNCREDIT.ru
05.01.2024;BUSINESS-NOTICES24.ru
05.01.2024;BUSINESSCOOPERATIONONEVENTS.ru
05.01.2024;BUSINESSFORUM2024.ru
05.01.2024;BVZCMK.ru
05.01.2024;BXCKZF.ru
05.01.2024;BYCHKOV-TOP.ru
05.01.2024;BYDY-SVOBODEN-24.ru
05.01.2024;BYDY-SVOBODEN-OT-DOLGOV-24.ru
05.01.2024;BYKEPEE.ru
05.01.2024;BYRDA-REST.ru
05.01.2024;BYTECON.ru
05.01.2024;BYTJJG.ru
05.01.2024;BYTSERVICES.ru
05.01.2024;BZDBZD.ru
05.01.2024;CAFELS.ru
05.01.2024;CALCINED.ru
05.01.2024;CALCLINE.ru
05.01.2024;CAMSTRANS.ru
05.01.2024;CANADIAN24HOURAPHARMACY.ru
05.01.2024;CANOTTO.ru
05.01.2024;CANOTTOPIZZA.ru
05.01.2024;CANSONICSHOP.ru
05.01.2024;CAPITAL64.ru
05.01.2024;CAR-T-CELLS.ru
05.01.2024;CAR-T-THERAPY.ru
05.01.2024;CARANG.ru
05.01.2024;CARDIOVINS.ru
05.01.2024;CAREER-INVA.ru
05.01.2024;CAREERINVA.ru
05.01.2024;CARPICT.ru
05.01.2024;CARSAR-AUTO.ru
05.01.2024;CARTCELLS.ru
05.01.2024;CARTEX96.ru
05.01.2024;CARTTHERAPY.ru
05.01.2024;CASHEDA.ru
05.01.2024;CASHZAIMVSEMM.ru
05.01.2024;CASINOX-IT-HACKATON.ru
05.01.2024;CASIOZONE.ru
05.01.2024;CASSA-HALE.ru
05.01.2024;CDTO-GUU.ru
05.01.2024;CELEBNYJ-KLUCH-ESSENTUKI-KNZ.ru
05.01.2024;CENTEROJOURNAL.ru
05.01.2024;CENTR-BAMBOLLETTI.ru
05.01.2024;CFRV.ru
05.01.2024;CH23.ru
05.01.2024;CHAINNFT.ru
05.01.2024;CHARLIE144.ru
05.01.2024;CHASIKINO.ru
05.01.2024;CHEB-INTIM21.ru
05.01.2024;CHECHNYA-INVEST.ru
05.01.2024;CHEKUSLUGI1.ru
05.01.2024;CHENTSOVFEDOR.ru
05.01.2024;CHEPRASOV-7.ru
05.01.2024;CHERISSE.ru
05.01.2024;CHERNOBELAYLOVES.ru
05.01.2024;CHERNOE-BELOE.ru
05.01.2024;CHERODCHENKO.ru
05.01.2024;CHESHISUDA.ru
05.01.2024;CHESTNO-HOLODRF.ru
05.01.2024;CHETYRE-LAPY-I-HVOST.ru
05.01.2024;CHEZAMEM.ru
05.01.2024;CHILDKARLUGAS.ru
05.01.2024;CHILDWAY.ru
05.01.2024;CHINA-56MILE.ru
05.01.2024;CHINASTROP.ru
05.01.2024;CHINESPARTS.ru
05.01.2024;CHIP-TYUNING-CHELYABINSK.ru
05.01.2024;CHIP-TYUNING-KAZAN.ru
05.01.2024;CHIP-TYUNING-UFA.ru
05.01.2024;CHIP-TYUNING-VOLGOGRAD.ru
05.01.2024;CHIP-TYUNING-VORONEZH.ru
05.01.2024;CHISTIISTOKI.ru
05.01.2024;CHITANIA24.ru
05.01.2024;CHOOSE-TRAVEL.ru
05.01.2024;CHRYSOGRAPHER.ru
05.01.2024;CHUMAKTATUANA.ru
05.01.2024;CHYDOGRIB.ru
05.01.2024;CIRQ-VERNADTSKOGO.ru
05.01.2024;CIRQUS-VERNADTSKII.ru
05.01.2024;CISTOTA.ru
05.01.2024;CITROEN-TAN-AUTO.ru
05.01.2024;CLARKSOUTLET.ru
05.01.2024;CLASDIFOJWOEIDJ.ru
05.01.2024;CLASSICSERVER.ru
05.01.2024;CLDOIFJWEOIJAWE.ru
05.01.2024;CLEANENGINE64.ru
05.01.2024;CLI-K.ru
05.01.2024;CLICKER-BASE-API.ru
05.01.2024;CLICKSITEFAST.ru
05.01.2024;CLIENTSCAN.ru
05.01.2024;CLON-AI.ru
05.01.2024;CLONAI.ru
05.01.2024;CLOTHING7.ru
05.01.2024;CLSDFEIOWJOAJIDW.ru
05.01.2024;CLSDKJFWEDOAIJSDLQW.ru
05.01.2024;CLUB-DOBRA.ru
05.01.2024;CLWKDJOISJAKLDJVKJDF.ru
05.01.2024;CNEXTTEAM.ru
05.01.2024;CNOVA1234.ru
05.01.2024;COBRA-GRIEF.ru
05.01.2024;COBRAGRIEF.ru
05.01.2024;COCKBRAIN.ru
05.01.2024;COMPLEX-OCENKA.ru
05.01.2024;COMPUYMSHINKIREM-24.ru
05.01.2024;CON-BRIO.ru
05.01.2024;CONECTGAZ.ru
05.01.2024;CONFIDENCETOBE.ru
05.01.2024;CONNCTGAS.ru
05.01.2024;CONNECGAS.ru
05.01.2024;CONNETGAS.ru
05.01.2024;CONVENANTCODE.ru
05.01.2024;COOKIES-PAGE.ru
05.01.2024;COPOLLINA.ru
05.01.2024;CORPBOOKS.ru
05.01.2024;COSMETIKA-ORI.ru
05.01.2024;COURIER-FASTY.ru
05.01.2024;CP-LACOSTE-HOST.ru
05.01.2024;CRAFT-DEVELOPMENT.ru
05.01.2024;CRAFT-INVEST.ru
05.01.2024;CRAFT-LAND.ru
05.01.2024;CRAFT-VILLAGE.ru
05.01.2024;CRAFTBEER-TRADE.ru
05.01.2024;CRAFTDEVELOP.ru
05.01.2024;CRAFTGLAMP.ru
05.01.2024;CRAFTGLAMPING.ru
05.01.2024;CRAFTOFF.ru
05.01.2024;CRAFTORIENTA.ru
05.01.2024;CRAFTVILLAGE.ru
05.01.2024;CRAZYTIME-OFFICIAL.ru
05.01.2024;CREATIV-MSK.ru
05.01.2024;CREDIT-POLAR.ru
05.01.2024;CREDITMASTER24.ru
05.01.2024;CRIMINALLAWYER-PRO.ru
05.01.2024;CRMP-SUPREME.ru
05.01.2024;CRONSERVICE.ru
05.01.2024;CROSSOVER-MARKET.ru
05.01.2024;CRUPTOPRO.ru
05.01.2024;CRYPROPRO.ru
05.01.2024;CRYPTOPOTOK.ru
05.01.2024;CS-NOACTIVE.ru
05.01.2024;CTBINS.ru
05.01.2024;CTOC2018.ru
05.01.2024;CTSDN.ru
05.01.2024;CULIMOVA.ru
05.01.2024;CUMER.ru
05.01.2024;CVETKOVVILLE.ru
05.01.2024;CZ-INVEST.ru
05.01.2024;D-O-S-K-A.ru
05.01.2024;D1MM90.ru
05.01.2024;DA32.ru
05.01.2024;DAG-CARPETS.ru
05.01.2024;DAMARYA.ru
05.01.2024;DANCEDYNAMO.ru
05.01.2024;DANIEL16.ru
05.01.2024;DANIL-LGOTIN.ru
05.01.2024;DANIL-POPOV.ru
05.01.2024;DANIL111.ru
05.01.2024;DANKOVSKIJ.ru
05.01.2024;DANTOSHOP.ru
05.01.2024;DANYAOVCH1NNIKOV.ru
05.01.2024;DARIADANID.ru
05.01.2024;DARIALAPIK.ru
05.01.2024;DARIAROST.ru
05.01.2024;DARIII.ru
05.01.2024;DARIKF.ru
05.01.2024;DARK-STORIES.ru
05.01.2024;DARKCLIENT.ru
05.01.2024;DARKSIDEPLANET.ru
05.01.2024;DAROVANIE-CENTR.ru
05.01.2024;DARPERFUME.ru
05.01.2024;DATA-1ST.ru
05.01.2024;DATING1FOR.ru
05.01.2024;DAULETOV.ru
05.01.2024;DAVUDM.ru
05.01.2024;DBEZRUKOV.ru
05.01.2024;DBOGOSLAVSKAYA.ru
05.01.2024;DBOVTB.ru
05.01.2024;DBRIN.ru
05.01.2024;DBSK13.ru
05.01.2024;DC-CRIMEA.ru
05.01.2024;DCCRIMEA.ru
05.01.2024;DCSIBERIA.ru
05.01.2024;DD10.ru
05.01.2024;DDOMS.ru
05.01.2024;DDOROGANOV.ru
05.01.2024;DEAD-BEAT.ru
05.01.2024;DEAD-MINE.ru
05.01.2024;DEALERAUTO-MSK.ru
05.01.2024;DEATHTOMORTALS.ru
05.01.2024;DEEPFARM.ru
05.01.2024;DEFRIT.ru
05.01.2024;DEINERIS.ru
05.01.2024;DEKOBLOK.ru
05.01.2024;DEKORDVOR.ru
05.01.2024;DELITEK.ru
05.01.2024;DELIVERRO.ru
05.01.2024;DELIVERY-4679.ru
05.01.2024;DELIVERY-ID92387.ru
05.01.2024;DELIVERY216.ru
05.01.2024;DELUX173.ru
05.01.2024;DELUXE713-BETMAX.ru
05.01.2024;DEMESHKO16.ru
05.01.2024;DEMO-INVEST.ru
05.01.2024;DEMONTAZH-ZDANIJ.ru
05.01.2024;DEMONTAZHIVMSK.ru
05.01.2024;DENGIEKB.ru
05.01.2024;DENGIKAZAN.ru
05.01.2024;DENGIVOLOGDA.ru
05.01.2024;DENGIYA.ru
05.01.2024;DENISHOHLOV.ru
05.01.2024;DENISPOSPELOV.ru
05.01.2024;DENISSENKO.ru
05.01.2024;DENTALSEE.ru
05.01.2024;DENTINVEST.ru
05.01.2024;DEPYTATXXX.ru
05.01.2024;DERYAGINMG.ru
05.01.2024;DERZAKOV.ru
05.01.2024;DESIGN-JULIA.ru
05.01.2024;DESIGN-STEN.ru
05.01.2024;DESIGNPPT.ru
05.01.2024;DESTINYSOFT.ru
05.01.2024;DETALIX24.ru
05.01.2024;DETALZAVOD.ru
05.01.2024;DETKAVTOPE.ru
05.01.2024;DETOCHKA-NSK.ru
05.01.2024;DETSKIEVESCHI.ru
05.01.2024;DEVIALET-STORE.ru
05.01.2024;DEVIALETSTORE.ru
05.01.2024;DEVICEFORYOU.ru
05.01.2024;DEVNPLAY.ru
05.01.2024;DEVORA-PROF.ru
05.01.2024;DFOLOMKIN.ru
05.01.2024;DGARKUSHA.ru
05.01.2024;DHJW.ru
05.01.2024;DIAMOND-RUSSIA.ru
05.01.2024;DIETA-ZIMA.ru
05.01.2024;DIETASV.ru
05.01.2024;DIGITALBOOSTS.ru
05.01.2024;DIKTON.ru
05.01.2024;DILIMARKET.ru
05.01.2024;DIM2UVD.ru
05.01.2024;DIMCLICK.ru
05.01.2024;DIMOKFM.ru
05.01.2024;DIMONAST.ru
05.01.2024;DINGIVDOLG.ru
05.01.2024;DISP09.ru
05.01.2024;DIVAN-NEWTON.ru
05.01.2024;DJ02.ru
05.01.2024;DKENTI.ru
05.01.2024;DM-ALMON.ru
05.01.2024;DMITRIIPOLOVODOV.ru
05.01.2024;DMITRIKIOSE.ru
05.01.2024;DMITRIY21.ru
05.01.2024;DMMSNV.ru
05.01.2024;DMUKH.ru
05.01.2024;DMXL.ru
05.01.2024;DNEZHINSKAJA.ru
05.01.2024;DO-ORGAZMA.ru
05.01.2024;DO-ROOM.ru
05.01.2024;DOBRIILAVR.ru
05.01.2024;DOBROSOVESTNOV.ru
05.01.2024;DOC-ZDRAV.ru
05.01.2024;DOG-CLOTHES.ru
05.01.2024;DOGOVOR-LEGAL.ru
05.01.2024;DOLGINOV.ru
05.01.2024;DOLKA24.ru
05.01.2024;DOLYAM.ru
05.01.2024;DOM-RU-VDOM.ru
05.01.2024;DOMCKICK.ru
05.01.2024;DOMCKLIK.ru
05.01.2024;DOMCLCK.ru
05.01.2024;DOMCLICR.ru
05.01.2024;DOMCLIKC.ru
05.01.2024;DOMCLUCK.ru
05.01.2024;DOMLEKGO.ru
05.01.2024;DOMLICK.ru
05.01.2024;DOMOFONKLUCH.ru
05.01.2024;DOMRIADOM.ru
05.01.2024;DOORGAZMA.ru
05.01.2024;DOORS-YOSHKAROLA.ru
05.01.2024;DOPITAEV.ru
05.01.2024;DOROZHINSKAYADARYA.ru
05.01.2024;DOSTAVKA-4679.ru
05.01.2024;DOSTAVKA-HOLDSERVICE.ru
05.01.2024;DOSTAVKA-ID48273.ru
05.01.2024;DOSTAVKA-ORDER98485.ru
05.01.2024;DOSUG-SMR.ru
05.01.2024;DOSUG-ULAN-UDE.ru
05.01.2024;DOYAME.ru
05.01.2024;DPARHOMENKO.ru
05.01.2024;DRAGONFLYSHOP.ru
05.01.2024;DREAMCARMALL.ru
05.01.2024;DREAMCARPARTS.ru
05.01.2024;DREAMTOYMALL.ru
05.01.2024;DRUGAUTO.ru
05.01.2024;DRYERA.ru
05.01.2024;DRYERATECH.ru
05.01.2024;DS166.ru
05.01.2024;DSGN-PRO.ru
05.01.2024;DSHI-10.ru
05.01.2024;DTASHEV.ru
05.01.2024;DUBAMALL4H.ru
05.01.2024;DUBKOS.ru
05.01.2024;DUBOVAYA-ROSCHA-KNZ.ru
05.01.2024;DUCKOFDOOM.ru
05.01.2024;DUNAYEV.ru
05.01.2024;DVORCLUB.ru
05.01.2024;DVPISHCHULIN.ru
05.01.2024;DYSHI-SO-MNOY.ru
05.01.2024;DZABUZOV.ru
05.01.2024;DZBLADE.ru
05.01.2024;DZHUNIOR.ru
05.01.2024;DZHURAVLEV86.ru
05.01.2024;DZI54.ru
05.01.2024;DZUDO-SAMBO52.ru
05.01.2024;E-ABAKUMOV.ru
05.01.2024;E-AVIA-FLY10.ru
05.01.2024;E-CRM-PLUS.ru
05.01.2024;E-INGREDIENTS.ru
05.01.2024;E-KOMFORT76.ru
05.01.2024;E-SHESTAKOVA.ru
05.01.2024;EANANCHENKO.ru
05.01.2024;EARNDEALFIND.ru
05.01.2024;EASTVALUE.ru
05.01.2024;EASYCHIPSCONNECTOR.ru
05.01.2024;ECO-FERNANDO.ru
05.01.2024;ECOBG.ru
05.01.2024;ECOGREEN-HOUSE.ru
05.01.2024;ECOPACKBEL.ru
05.01.2024;ECOS19.ru
05.01.2024;ECOSTAFFING.ru
05.01.2024;EDA-247.ru
05.01.2024;EDA-ACADEMY.ru
05.01.2024;EDA-ZIMA.ru
05.01.2024;EDELMAN-7.ru
05.01.2024;EDEM-EVENT.ru
05.01.2024;EDEM-HALL.ru
05.01.2024;EDEMEVENT.ru
05.01.2024;EDEMHALL.ru
05.01.2024;EDEMWEDDING.ru
05.01.2024;EDOSST.ru
05.01.2024;EDUBKOVA.ru
05.01.2024;EDUCATIONEVOLVE.ru
05.01.2024;EDUCATIONSKILLS.ru
05.01.2024;EDUINNOVATIONS.ru
05.01.2024;EDUTECHADVANCE.ru
05.01.2024;EEGANJAN.ru
05.01.2024;EFREMOV-MM.ru
05.01.2024;EGEWAY.ru
05.01.2024;EHASHIMOV.ru
05.01.2024;EKB-AI.ru
05.01.2024;EKOSV.ru
05.01.2024;EL-SHARMEL.ru
05.01.2024;ELAN-HOTEL.ru
05.01.2024;ELAN-LAVKA.ru
05.01.2024;ELANCE-HOODIA.ru
05.01.2024;ELEC-PROPUSK.ru
05.01.2024;ELENA-EFIMOVA.ru
05.01.2024;ELENA-MOKEEVA.ru
05.01.2024;ELENAATOMY.ru
05.01.2024;ELENADOKSHINA.ru
05.01.2024;ELIMANSKAJA.ru
05.01.2024;ELIOZOV.ru
05.01.2024;ELIT-INSTRUMENT.ru
05.01.2024;ELLIZ-IVANOVA.ru
05.01.2024;ELSIMO.ru
05.01.2024;EMAIL-SIGNATURE.ru
05.01.2024;EMIGRARE-MD.ru
05.01.2024;EMMA-BALANCE.ru
05.01.2024;EMPLOYEEX.ru
05.01.2024;EMUTIGULLIN.ru
05.01.2024;ENGINEER-ROST.ru
05.01.2024;ENGLISH-TOOLS.ru
05.01.2024;ENOTIKE.ru
05.01.2024;ENTROPYWORLD.ru
05.01.2024;EOBUKHOVA.ru
05.01.2024;EPOPKOV.ru
05.01.2024;EROS72.ru
05.01.2024;ES-CIUR.ru
05.01.2024;ESCIUR.ru
05.01.2024;ESENKO.ru
05.01.2024;ESN-CD.ru
05.01.2024;ESSELEZNEV.ru
05.01.2024;ESSENCE-CLASSIC.ru
05.01.2024;ESTHETIC-INTERIOR.ru
05.01.2024;ETADIETA.ru
05.01.2024;ETOLEGKO-PRO.ru
05.01.2024;EUROBION-KRASNODAR.ru
05.01.2024;EUROBION-ROSTOV.ru
05.01.2024;EUROBION-SEPTIK.ru
05.01.2024;EV-KISELEV.ru
05.01.2024;EVA-DOMCLICK.ru
05.01.2024;EVA-WEBSTUDIO.ru
05.01.2024;EVADOMCLICK.ru
05.01.2024;EVAKUATORDON161.ru
05.01.2024;EVDOKIMOV-FAMILY.ru
05.01.2024;EVENTREZ.ru
05.01.2024;EVGENIA-BACHINSKAYA.ru
05.01.2024;EVGENIAPROCONTENT.ru
05.01.2024;EVGENIJ-KLIMOV.ru
05.01.2024;EVGENIYLEONOV.ru
05.01.2024;EVHUNT.ru
05.01.2024;EXAMINE-PAGE.ru
05.01.2024;EXELLENTYWORLD.ru
05.01.2024;EXPENSIVIA.ru
05.01.2024;EXPERIENCE-PAGE.ru
05.01.2024;EXPERT-56MILE.ru
05.01.2024;EXPERTLLC.ru
05.01.2024;EXPERTOSS.ru
05.01.2024;EXPRESS-POZDRAVLYASHKI.ru
05.01.2024;EXTRA-ART.ru
05.01.2024;EXTRASOFTSKILLS.ru
05.01.2024;EXTREZA-DESIGN.ru
05.01.2024;EYELABOPTIC.ru
05.01.2024;EZ-LEAGUE.ru
05.01.2024;EZHUKOVA-NEMKOVA.ru
05.01.2024;FAB-POP.ru
05.01.2024;FABLERA.ru
05.01.2024;FABRIKA-KARINA.ru
05.01.2024;FABRIKA-S.ru
05.01.2024;FACEIT-JOINS.ru
05.01.2024;FACEIT-NET.ru
05.01.2024;FACEIT-NEW.ru
05.01.2024;FACEIT-RU-COM.ru
05.01.2024;FACTORYOUTLET2024.ru
05.01.2024;FAKOW.ru
05.01.2024;FALLOWSERVERS.ru
05.01.2024;FAN4.ru
05.01.2024;FANANDSUN.ru
05.01.2024;FANSANTRAVEL.ru
05.01.2024;FANSPACE.ru
05.01.2024;FAST-MONEY2024.ru
05.01.2024;FAVOR-EKB.ru
05.01.2024;FAVORIT-TRUCKS.ru
05.01.2024;FAZASPB.ru
05.01.2024;FCS-AGENCY.ru
05.01.2024;FDSGMK.ru
05.01.2024;FELIXEDD.ru
05.01.2024;FEPROLDO.ru
05.01.2024;FERNANDO-RP.ru
05.01.2024;FF2B.ru
05.01.2024;FILIPPOVAU7.ru
05.01.2024;FILM-ZIMA.ru
05.01.2024;FIRDANO.ru
05.01.2024;FIRE-EX.ru
05.01.2024;FIRE-FOX-SALON.ru
05.01.2024;FIRMS-CARD.ru
05.01.2024;FISHCRAB-MSK.ru
05.01.2024;FITCEH.ru
05.01.2024;FITNES95.ru
05.01.2024;FITNESSLISA.ru
05.01.2024;FIVEHOST.ru
05.01.2024;FIXDREAM.ru
05.01.2024;FJBT.ru
05.01.2024;FLASHVPN-SUPPORT.ru
05.01.2024;FLERNI.ru
05.01.2024;FLIBUSTATG.ru
05.01.2024;FLIP-COIN.ru
05.01.2024;FLORA64.ru
05.01.2024;FLORBURG.ru
05.01.2024;FLOVVERS13.ru
05.01.2024;FLOWERINGOFFICE.ru
05.01.2024;FLOWERS4ME.ru
05.01.2024;FLWEBMASTER.ru
05.01.2024;FMSOCCER24.ru
05.01.2024;FOKINFISHING.ru
05.01.2024;FOMCHENKONV.ru
05.01.2024;FOOD-DRYER.ru
05.01.2024;FOOD-ZIMA.ru
05.01.2024;FOOLPN.ru
05.01.2024;FOR-CHINA.ru
05.01.2024;FORBO-BONDING.ru
05.01.2024;FORCE-USER.ru
05.01.2024;FORCEBRAND.ru
05.01.2024;FORCHINA.ru
05.01.2024;FORDSTILE.ru
05.01.2024;FORELIAN.ru
05.01.2024;FOREVERPRO.ru
05.01.2024;FORLIONS.ru
05.01.2024;FORMA-BARSELONA-MSK.ru
05.01.2024;FORMA-LIVERPOOL-MSK.ru
05.01.2024;FORMA-PSG-MSK.ru
05.01.2024;FORMALESA.ru
05.01.2024;FORMANI-DESIGN.ru
05.01.2024;FORMATLEBEDKO.ru
05.01.2024;FORMULA-GAZA.ru
05.01.2024;FORRENT77.ru
05.01.2024;FORT-BUY.ru
05.01.2024;FORTGAMER.ru
05.01.2024;FORTUNE-UZ.ru
05.01.2024;FORTUNEUZ.ru
05.01.2024;FORUM-GET-WILD.ru
05.01.2024;FORUM-WARMINE.ru
05.01.2024;FORWARDTOTECH.ru
05.01.2024;FOSEN.ru
05.01.2024;FOTO-GOLYKH.ru
05.01.2024;FOTOKATERINKA.ru
05.01.2024;FOX-PY.ru
05.01.2024;FRANSHIZA-MIOMASSAGE.ru
05.01.2024;FRANSHIZA-SALON.ru
05.01.2024;FREDICHKA12.ru
05.01.2024;FREE-FILES.ru
05.01.2024;FREEDOM-CHOICE.ru
05.01.2024;FREEDOM-HELP.ru
05.01.2024;FREEDOMDNS.ru
05.01.2024;FREESTYLEMEBEL.ru
05.01.2024;FREETAL.ru
05.01.2024;FRUTFRANCH.ru
05.01.2024;FSS-CASINO.ru
05.01.2024;FUDZI-KALUGA.ru
05.01.2024;FUGICARSHOP1.ru
05.01.2024;FUKOVSKIY.ru
05.01.2024;FUL-FLEX.ru
05.01.2024;FULFLEX.ru
05.01.2024;FULL-STACK-YOGA.ru
05.01.2024;FUNDAYGLAM.ru
05.01.2024;FUNGEAR.ru
05.01.2024;FUNTIK77.ru
05.01.2024;FURNI-GLADE.ru
05.01.2024;FURUMPAYS.ru
05.01.2024;FUTUREOFLEARNING.ru
05.01.2024;FVIASEILS.ru
05.01.2024;G-REX.ru
05.01.2024;G2SKINS.ru
05.01.2024;GAGSTER.ru
05.01.2024;GAMBIT-KOTSHAN.ru
05.01.2024;GAMESSELL.ru
05.01.2024;GAMINGPLAY.ru
05.01.2024;GAMMA-AR.ru
05.01.2024;GANGGANG.ru
05.01.2024;GANICHEV-1.ru
05.01.2024;GARAGE-TORG.ru
05.01.2024;GARANIN-7.ru
05.01.2024;GARANTPROFF.ru
05.01.2024;GAS-HERO.ru
05.01.2024;GASHERO.ru
05.01.2024;GASPROMSERVICE.ru
05.01.2024;GASZAP.ru
05.01.2024;GATPROJECT.ru
05.01.2024;GAVDEEV.ru
05.01.2024;GBABAYEVA.ru
05.01.2024;GDFKOOD.ru
05.01.2024;GDWAR.ru
05.01.2024;GE-FORCE-EXPERIENCE.ru
05.01.2024;GEELY-ICON.ru
05.01.2024;GEFORCE-GTX1060.ru
05.01.2024;GELEN-FORUM.ru
05.01.2024;GEMCENTERCRM.ru
05.01.2024;GEN-TV.ru
05.01.2024;GENERIK51.ru
05.01.2024;GENESIS-AGAT-EKB.ru
05.01.2024;GENEZING.ru
05.01.2024;GENICORE.ru
05.01.2024;GENIIMESTA.ru
05.01.2024;GENNADIYA-KARPUSHKINA.ru
05.01.2024;GENSHINSPIN.ru
05.01.2024;GEOPORTFOLIO.ru
05.01.2024;GEORE.ru
05.01.2024;GEORGIVANOV98.ru
05.01.2024;GERSHTEJN.ru
05.01.2024;GESKLINIK.ru
05.01.2024;GET-X-CRASH-GAME.ru
05.01.2024;GET-X-CRASH-GAMES.ru
05.01.2024;GETTEXSPEC.ru
05.01.2024;GETX-CRASH-GAME.ru
05.01.2024;GEVETEX.ru
05.01.2024;GFURSOV.ru
05.01.2024;GG-LUXURY-EDITION.ru
05.01.2024;GGBOSS.ru
05.01.2024;GGOZ.ru
05.01.2024;GHODOSOK.ru
05.01.2024;GIDROREZ36.ru
05.01.2024;GIEDA.ru
05.01.2024;GISCATALOG.ru
05.01.2024;GISMAKER.ru
05.01.2024;GIVERBRANING.ru
05.01.2024;GIZLAY.ru
05.01.2024;GL-DOORS.ru
05.01.2024;GLADIATOR-PRO.ru
05.01.2024;GLAZBOGAZERKALO.ru
05.01.2024;GLAZBOGOV.ru
05.01.2024;GLPOST.ru
05.01.2024;GLTRIP.ru
05.01.2024;GMAIL-NEW.ru
05.01.2024;GNESIN-MASTERS.ru
05.01.2024;GNESINMASTERS.ru
05.01.2024;GNOSIS-SCHOOL.ru
05.01.2024;GO-10.ru
05.01.2024;GO-11.ru
05.01.2024;GO-12.ru
05.01.2024;GO-13.ru
05.01.2024;GO-14.ru
05.01.2024;GO-15.ru
05.01.2024;GO-16.ru
05.01.2024;GO-17.ru
05.01.2024;GO-18.ru
05.01.2024;GO-FUN.ru
05.01.2024;GOA-TAXI.ru
05.01.2024;GOALIEMONKEY.ru
05.01.2024;GOEXTREMEFEST.ru
05.01.2024;GOLD-SOO.ru
05.01.2024;GOLDEN-FISH-TANKRU.ru
05.01.2024;GOLDFERM.ru
05.01.2024;GOLOS2024-ADELINA.ru
05.01.2024;GOLOSARUS.ru
05.01.2024;GONCHARSW.ru
05.01.2024;GONZOKAZINO.ru
05.01.2024;GOODBLOCK.ru
05.01.2024;GOOFOX.ru
05.01.2024;GOOPRO.ru
05.01.2024;GOREC777.ru
05.01.2024;GORODOK-KIDS.ru
05.01.2024;GORPROFFORUM.ru
05.01.2024;GOSTWRITER.ru
05.01.2024;GOXMEBEL.ru
05.01.2024;GPKUDROVO.ru
05.01.2024;GPTROUTER.ru
05.01.2024;GRACIAPART2.ru
05.01.2024;GRANKIN-PRO.ru
05.01.2024;GRANKINA-MASTER.ru
05.01.2024;GRAPHIC-WORKBOOK.ru
05.01.2024;GREENCOFFEEGT.ru
05.01.2024;GRIDFLOW.ru
05.01.2024;GRIDNEVA-TOP.ru
05.01.2024;GRIESTI.ru
05.01.2024;GRILL22.ru
05.01.2024;GROLEG.ru
05.01.2024;GTEIWH.ru
05.01.2024;GTS-MOSCOW.ru
05.01.2024;GTWQGR.ru
05.01.2024;GUDBLOK.ru
05.01.2024;GUITARAMPSERVICE.ru
05.01.2024;GULBANU.ru
05.01.2024;GUNENEMY.ru
05.01.2024;GUREEVDB.ru
05.01.2024;GURIN-7.ru
05.01.2024;GUTCIN.ru
05.01.2024;GUVENC.ru
05.01.2024;H2OC.ru
05.01.2024;HABAROVSK-INDI.ru
05.01.2024;HALE-CASSA.ru
05.01.2024;HAND-HOUSE.ru
05.01.2024;HANNIBALBARBERSHOP.ru
05.01.2024;HAPPY-CHILD-CHASTNYJ-DETSKIJ-SAD.ru
05.01.2024;HARTEN-HOT.ru
05.01.2024;HAUS-TOFF.ru
05.01.2024;HAUSTOFF.ru
05.01.2024;HAYTICKETS.ru
05.01.2024;HDFSKM.ru
05.01.2024;HDSGN.ru
05.01.2024;HELENASOUL.ru
05.01.2024;HELL-APP.ru
05.01.2024;HELP-RETRIEVER.ru
05.01.2024;HELP-WEB.ru
05.01.2024;HERACKER.ru
05.01.2024;HERBSITE.ru
05.01.2024;HI-FI-SOUND.ru
05.01.2024;HIFILEVEL.ru
05.01.2024;HIGH-BUSINESS.ru
05.01.2024;HIGH-END-STORE.ru
05.01.2024;HIGHCLASSESCORT.ru
05.01.2024;HIGHCLASSGIRLS.ru
05.01.2024;HIGHEND-STORE.ru
05.01.2024;HIGHENDSTORE.ru
05.01.2024;HILLMAKERMAN.ru
05.01.2024;HIMALAYASW.ru
05.01.2024;HISENSE-MARKET.ru
05.01.2024;HIZAIM.ru
05.01.2024;HL-AFFILIATE.ru
05.01.2024;HLIM.ru
05.01.2024;HLP-32.ru
05.01.2024;HLP-46.ru
05.01.2024;HOLD-3331.ru
05.01.2024;HOLLLOOP22024.ru
05.01.2024;HOLLLOP22024.ru
05.01.2024;HOLLOP2024.ru
05.01.2024;HOLLOPE2.ru
05.01.2024;HOLLOPP-2.ru
05.01.2024;HOLLOPP2.ru
05.01.2024;HOLLOPU-2HD.ru
05.01.2024;HOLLOPU-HDREZKA.ru
05.01.2024;HOLLOPU-LORDFILM.ru
05.01.2024;HOLLOPU2.ru
05.01.2024;HOLODOCTOR.ru
05.01.2024;HOLOP2-LORDFILM.ru
05.01.2024;HOLOP20213.ru
05.01.2024;HOLOP22.ru
05.01.2024;HOLOP22013.ru
05.01.2024;HOLOP2KINO.ru
05.01.2024;HOME-HOLL.ru
05.01.2024;HOME-SKETCH.ru
05.01.2024;HOMEBANK-ADRESA.ru
05.01.2024;HONDACRF.ru
05.01.2024;HONRICH.ru
05.01.2024;HOOLYWOOD.ru
05.01.2024;HOTEL-KVADRAT.ru
05.01.2024;HOTEL-SKETCH.ru
05.01.2024;HOTELKVADRAT.ru
05.01.2024;HOTELMAGNAT.ru
05.01.2024;HP-WILD.ru
05.01.2024;HPLASERJET-P1005.ru
05.01.2024;HPLAYER.ru
05.01.2024;HR-NESHUMOVA.ru
05.01.2024;HSLABARATORY.ru
05.01.2024;HTKWT.ru
05.01.2024;HTMKES.ru
05.01.2024;HTMWKT.ru
05.01.2024;HTWR.ru
05.01.2024;HUAWEICOM.ru
05.01.2024;HUGEFIX.ru
05.01.2024;HURGHADARUSSIANTOURS.ru
05.01.2024;HVLP-32.ru
05.01.2024;HVOYMIR.ru
05.01.2024;HYDROECOL.ru
05.01.2024;HYPNOTONE.ru
05.01.2024;HYROEW.ru
05.01.2024;IBOJARKINA.ru
05.01.2024;IBRAHIM-AILE.ru
05.01.2024;ICASECLUB.ru
05.01.2024;ICELEO.ru
05.01.2024;ID-HOTEL.ru
05.01.2024;ID02865.ru
05.01.2024;ID04865.ru
05.01.2024;ID58069.ru
05.01.2024;ID58070.ru
05.01.2024;ID5938.ru
05.01.2024;ID5939.ru
05.01.2024;ID729426.ru
05.01.2024;ID934863.ru
05.01.2024;ID956.ru
05.01.2024;ID97200.ru
05.01.2024;ID97400.ru
05.01.2024;IDAYANGL.ru
05.01.2024;IDEA-BIZNES.ru
05.01.2024;IDENBERE.ru
05.01.2024;IDMSBFINANCE.ru
05.01.2024;IESTA-GOLD.ru
05.01.2024;IEV1441EGOR.ru
05.01.2024;IFIORI.ru
05.01.2024;IGOATY.ru
05.01.2024;IGOR-KOLOSOV-INV.ru
05.01.2024;IGRAITOCHKA.ru
05.01.2024;IKFURNITURE.ru
05.01.2024;IKOMAR0FF.ru
05.01.2024;IKONNIKOV-1.ru
05.01.2024;IKOTOVICH.ru
05.01.2024;IKURAGIN.ru
05.01.2024;ILGAMGABDULLIN.ru
05.01.2024;ILPEROV.ru
05.01.2024;ILS3566.ru
05.01.2024;ILUZYG.ru
05.01.2024;ILYADOVA.ru
05.01.2024;IMFITONYASHKA.ru
05.01.2024;IMHOTEP16.ru
05.01.2024;IMMO-GAMES.ru
05.01.2024;IMPERIUMHAIRCLINIC.ru
05.01.2024;IMPERIUMV.ru
05.01.2024;IMPERIYA-ALCOGOLYA.ru
05.01.2024;IMPULSE-STROI.ru
05.01.2024;IMSHOWTV.ru
05.01.2024;INASYBULLIN.ru
05.01.2024;INB0X.ru
05.01.2024;INDIRA-HTML.ru
05.01.2024;INDUSTRIALCHEMISTRY.ru
05.01.2024;INEXRYTP.ru
05.01.2024;INF0KLASS.ru
05.01.2024;INFINITY-DRIVE.ru
05.01.2024;INFOAVIA-FLY10.ru
05.01.2024;INFOPTION.ru
05.01.2024;INFOPULSE1C.ru
05.01.2024;INFORMATIONPUPPYLOVE.ru
05.01.2024;INGNPUBLISHING.ru
05.01.2024;INKI64.ru
05.01.2024;INSIGHT-PROTECT.ru
05.01.2024;INSIGHTPROTECT.ru
05.01.2024;INSIGHTQUIZ.ru
05.01.2024;INSISTEC.ru
05.01.2024;INTIM-HABAROVSK.ru
05.01.2024;INVA-RABOTA.ru
05.01.2024;INVALIDNOST-OFORMIM.ru
05.01.2024;INVARABOTA.ru
05.01.2024;INVESTMAFIA.ru
05.01.2024;INVESTMAXIM.ru
05.01.2024;INWESTMOSCOW.ru
05.01.2024;IOENG.ru
05.01.2024;IOPTA.ru
05.01.2024;IORGIN.ru
05.01.2024;IPHONE-4.ru
05.01.2024;IPLUGARI.ru
05.01.2024;IPNATTI.ru
05.01.2024;IPOLIUMYANDEX.ru
05.01.2024;IPPKNSU.ru
05.01.2024;IPSHALIMOV.ru
05.01.2024;IRAKUDRYAVTSEVA.ru
05.01.2024;IREPLICA.ru
05.01.2024;IRI14450-7.ru
05.01.2024;IRINA-ZUEVA.ru
05.01.2024;IRINAMEZENTSEVA.ru
05.01.2024;IRINAMOROZOVAPSY.ru
05.01.2024;IRIS-AUTO.ru
05.01.2024;IRSAP-ONLINE.ru
05.01.2024;ISABUN.ru
05.01.2024;ISMAGILOVA-7.ru
05.01.2024;ISTORIIOTPOLY.ru
05.01.2024;ISTRAZHNIKOV.ru
05.01.2024;ISVIRIN.ru
05.01.2024;ITBAEV.ru
05.01.2024;ITERSPLAV21.ru
05.01.2024;ITRUTNEV.ru
05.01.2024;ITSVETAEVA.ru
05.01.2024;IVAFLOWERSTATION.ru
05.01.2024;IVANOV-ARTHUR.ru
05.01.2024;IVK78.ru
05.01.2024;IVORON84.ru
05.01.2024;IZ-TECH.ru
05.01.2024;IZAVOV-1.ru
05.01.2024;IZHEVSK-KLUBNIKA.ru
05.01.2024;IZICRAFT.ru
05.01.2024;IZOLOTOVA.ru
05.01.2024;IZUMTOUR.ru
05.01.2024;JAALEKSEEVA.ru
05.01.2024;JABATALOV.ru
05.01.2024;JAGOAGENCY.ru
05.01.2024;JAMROMCASINOBOTTTTT.ru
05.01.2024;JELATO.ru
05.01.2024;JEMCHIK.ru
05.01.2024;JEWELRYCREATOR.ru
05.01.2024;JFAROL.ru
05.01.2024;JHSFKT.ru
05.01.2024;JIVOFOOD.ru
05.01.2024;JIZALIFE.ru
05.01.2024;JK-MONAKO-SOCHI.ru
05.01.2024;JKENG.ru
05.01.2024;JOGOSONLINE.ru
05.01.2024;JOULA.ru
05.01.2024;JOURNALIER.ru
05.01.2024;JOY-JOY-DETSKIJ-SAD.ru
05.01.2024;JU-INTERIOR.ru
05.01.2024;JUGARBUZOVA.ru
05.01.2024;JUICYPUB.ru
05.01.2024;JUICYPUZZLES.ru
05.01.2024;JUINTERIOR.ru
05.01.2024;JULIJA-VOLOBUEVA.ru
05.01.2024;JULYCAFE.ru
05.01.2024;JUMPING01.ru
05.01.2024;JUNASHEVA.ru
05.01.2024;JUSHAGAEVA.ru
05.01.2024;JUST1K.ru
05.01.2024;K-GOROHOVA.ru
05.01.2024;K-POD86.ru
05.01.2024;K2LELISEEV.ru
05.01.2024;KADFBM.ru
05.01.2024;KAKNAZYVAETSYA.ru
05.01.2024;KAKTROSTINKA.ru
05.01.2024;KALEIDOSCOPEOFEVENTS.ru
05.01.2024;KAMELIA-KUPE.ru
05.01.2024;KAMERAVIDEONABLYUDENIYA.ru
05.01.2024;KAMNEREZ79.ru
05.01.2024;KANAEV117.ru
05.01.2024;KANERI.ru
05.01.2024;KAPE-BONUS.ru
05.01.2024;KAPEL-MED.ru
05.01.2024;KAPITANPLANETA.ru
05.01.2024;KARATE61.ru
05.01.2024;KARKAS-METAL.ru
05.01.2024;KASHEVICH.ru
05.01.2024;KASKOPLS.ru
05.01.2024;KATE24.ru
05.01.2024;KATERINA-MIKHAYLOVA.ru
05.01.2024;KATERINA2KA.ru
05.01.2024;KATERSUDAK.ru
05.01.2024;KATTKATHERINE.ru
05.01.2024;KAVKAZMAZ.ru
05.01.2024;KAZAN-AI.ru
05.01.2024;KAZAN-HOME.ru
05.01.2024;KAZINO-1XSLOTS.ru
05.01.2024;KBUZIN.ru
05.01.2024;KCHUDNAYA.ru
05.01.2024;KCHUPOV.ru
05.01.2024;KDOZMOROV.ru
05.01.2024;KEBEK-7.ru
05.01.2024;KEF-REMONT.ru
05.01.2024;KEHL-RENDER.ru
05.01.2024;KEM-OV.ru
05.01.2024;KEMDEP.ru
05.01.2024;KENIGWOOD.ru
05.01.2024;KENIK-MOTO.ru
05.01.2024;KENT-CASINO-AMP14.ru
05.01.2024;KENT-CASINO-AMP15.ru
05.01.2024;KENT-CASINO-AMP16.ru
05.01.2024;KENT-CASINO-AMP17.ru
05.01.2024;KEROO.ru
05.01.2024;KETO-FIGHTING.ru
05.01.2024;KETOMAMA.ru
05.01.2024;KETTIPIANO.ru
05.01.2024;KGALICHEVA.ru
05.01.2024;KGAUK.ru
05.01.2024;KGIYPXCJFKM.ru
05.01.2024;KHARCHENKO-RF.ru
05.01.2024;KHIBINY-TRAVEL-GUIDE.ru
05.01.2024;KHOVIAKOV.ru
05.01.2024;KHSMKDF.ru
05.01.2024;KHUSENIOSIF.ru
05.01.2024;KHVOOST.ru
05.01.2024;KIBERTREK-CENTR.ru
05.01.2024;KINO-HALE.ru
05.01.2024;KINO123.ru
05.01.2024;KINODOROGI.ru
05.01.2024;KINSABIANO.ru
05.01.2024;KIOSAST.ru
05.01.2024;KIROV-AI.ru
05.01.2024;KISS-MED.ru
05.01.2024;KISSLOVODSK.ru
05.01.2024;KISTIAKOVSKIY.ru
05.01.2024;KITCHEN-ART.ru
05.01.2024;KJWQ.ru
05.01.2024;KKREUTZZ.ru
05.01.2024;KL-SFT1.ru
05.01.2024;KLADANALIFE.ru
05.01.2024;KLARRGVUR.ru
05.01.2024;KLETOCHNOE-PITANIE35.ru
05.01.2024;KLETSENKO.ru
05.01.2024;KLIK-MIG.ru
05.01.2024;KLIKMIG.ru
05.01.2024;KLOCHKOV28.ru
05.01.2024;KM-UHTA.ru
05.01.2024;KMOSKALEV.ru
05.01.2024;KMURASHOVA.ru
05.01.2024;KNAS32.ru
05.01.2024;KNCGAMING.ru
05.01.2024;KNIGA-TERAPEVT.ru
05.01.2024;KNIGATERAPEVT.ru
05.01.2024;KNITSEKB.ru
05.01.2024;KNYAZ-NAUMOV.ru
05.01.2024;KNYAZHNA-CENTR.ru
05.01.2024;KOCHTRUCKLINE.ru
05.01.2024;KOD9.ru
05.01.2024;KOFEJNIKOF.ru
05.01.2024;KOFEJNYA-NA-ULITSE-CHAPLYGINA-1-12-STR-1.ru
05.01.2024;KOLEKSYON.ru
05.01.2024;KOLESAINFO.ru
05.01.2024;KOLKOM.ru
05.01.2024;KOLOMENSKIE-VOROTA.ru
05.01.2024;KOLYA-MALIBU.ru
05.01.2024;KOLYUCHIESTARTY.ru
05.01.2024;KOMPANIYA-PO-DEZINFEKTSII.ru
05.01.2024;KOMYAL.ru
05.01.2024;KONDRSHOW.ru
05.01.2024;KONEKTGAZ.ru
05.01.2024;KONGRESS-MGN.ru
05.01.2024;KONKURS42.ru
05.01.2024;KONNEKTGAZ.ru
05.01.2024;KONSTANTINOSIPOV.ru
05.01.2024;KONSTANTSIYA-NOSENKO.ru
05.01.2024;KONSTROOKT.ru
05.01.2024;KORLAYAS.ru
05.01.2024;KOS2DEV.ru
05.01.2024;KOSHATRAVEL.ru
05.01.2024;KOST13.ru
05.01.2024;KOSTER-NK.ru
05.01.2024;KOSTRECHUK.ru
05.01.2024;KOTOFEICH53.ru
05.01.2024;KOTYA-SHOP.ru
05.01.2024;KOVKA-V-STREZHEVOM.ru
05.01.2024;KOVKAGEFEST.ru
05.01.2024;KOVROCHIST21.ru
05.01.2024;KOZLOVANTON.ru
05.01.2024;KP-BEREG-PESOCHNOY.ru
05.01.2024;KPELEVIN.ru
05.01.2024;KPISCAN.ru
05.01.2024;KRASDOO.ru
05.01.2024;KRASIVOPASSPORT.ru
05.01.2024;KRASIVOYBUD.ru
05.01.2024;KRASNOVAYANDEX.ru
05.01.2024;KRASNOYARSKGID24.ru
05.01.2024;KRASVILD.ru
05.01.2024;KRAVCHENCAVE.ru
05.01.2024;KREATIVE-FN.ru
05.01.2024;KRED-CONSULTANT.ru
05.01.2024;KRESTLO.ru
05.01.2024;KREYKEN.ru
05.01.2024;KRIMBOOKING.ru
05.01.2024;KRISTINA-I-VLADIMIR.ru
05.01.2024;KRIWNEFF.ru
05.01.2024;KRONCINS.ru
05.01.2024;KRONOVA.ru
05.01.2024;KROTOVAM.ru
05.01.2024;KRSN-CD1.ru
05.01.2024;KRSN-CD2.ru
05.01.2024;KRUGLYE-96.ru
05.01.2024;KRUSSKAIA.ru
05.01.2024;KRUTI-PEDALS.ru
05.01.2024;KRUTOVERT.ru
05.01.2024;KRYPTO-ZIMA.ru
05.01.2024;KSDANILOV.ru
05.01.2024;KSDGJVS.ru
05.01.2024;KSL-CD.ru
05.01.2024;KSNKOSU.ru
05.01.2024;KSXENON.ru
05.01.2024;KTV54.ru
05.01.2024;KUBALATIN.ru
05.01.2024;KUCHEN-STERN.ru
05.01.2024;KUCHENSTERN.ru
05.01.2024;KUHNIVTUMENI.ru
05.01.2024;KUKSAPAVEL.ru
05.01.2024;KUMYSFEST.ru
05.01.2024;KUPACHA.ru
05.01.2024;KUPIINOSI.ru
05.01.2024;KUPIIZHIVI.ru
05.01.2024;KUPIT-MASLO.ru
05.01.2024;KUPITCHECK.ru
05.01.2024;KURIE7242.ru
05.01.2024;KURIE7243.ru
05.01.2024;KURIER7381.ru
05.01.2024;KUROCHKIN-1.ru
05.01.2024;KURORT-MANZHEROK.ru
05.01.2024;KURORTOLYMP.ru
05.01.2024;KURSY-UI-UX-DIZAYNA.ru
05.01.2024;KUZ35650.ru
05.01.2024;KUZMUKAL.ru
05.01.2024;KVADRAT-HOTEL.ru
05.01.2024;KVADRATHOTEL.ru
05.01.2024;KVADWOOD-VETROV.ru
05.01.2024;KVARTIRACRIMEA.ru
05.01.2024;KVIL53.ru
05.01.2024;KVILDNS.ru
05.01.2024;KYEJHF.ru
05.01.2024;L1RATCH.ru
05.01.2024;LAB-FB.ru
05.01.2024;LABCHEMIC.ru
05.01.2024;LABESTETIC.ru
05.01.2024;LABESTETICA.ru
05.01.2024;LABRADORIKI.ru
05.01.2024;LADA-56MILE.ru
05.01.2024;LADY-NICE.ru
05.01.2024;LADY-RAY.ru
05.01.2024;LADYTER.ru
05.01.2024;LAKIZA-1.ru
05.01.2024;LAMPA-LAMPASTORE.ru
05.01.2024;LANDCREATORS.ru
05.01.2024;LANDOFDESIGN.ru
05.01.2024;LANNERAERO.ru
05.01.2024;LARYNGORRHAGIA.ru
05.01.2024;LASKUTOVA-1.ru
05.01.2024;LATINA-TOP.ru
05.01.2024;LAUTEN.ru
05.01.2024;LAVRENOVA-1.ru
05.01.2024;LAWER-AUTO.ru
05.01.2024;LAWERAUTO.ru
05.01.2024;LBERNATSKII.ru
05.01.2024;LBUGAEVA.ru
05.01.2024;LCHKV.ru
05.01.2024;LCRM24.ru
05.01.2024;LD-PAY25263.ru
05.01.2024;LD-PAY42363.ru
05.01.2024;LD-PAY44742.ru
05.01.2024;LD-PAY44743.ru
05.01.2024;LD-PAY45231.ru
05.01.2024;LD-PAY77234.ru
05.01.2024;LD-PAY90845.ru
05.01.2024;LD-PAY94016.ru
05.01.2024;LD-PAY94742.ru
05.01.2024;LD-PAY97614.ru
05.01.2024;LD-PAY97834.ru
05.01.2024;LD-PAY97984.ru
05.01.2024;LEADERSHIP2009.ru
05.01.2024;LEARNINGSMART.ru
05.01.2024;LEBEDEV-GROUP.ru
05.01.2024;LECHENIE-POTENCYA.ru
05.01.2024;LEDSOVET.ru
05.01.2024;LEOMAX-MATRAS.ru
05.01.2024;LEON-LEONBETS.ru
05.01.2024;LEON-ZERKALO-AKTUALNOE.ru
05.01.2024;LEON-ZERKALO-E.ru
05.01.2024;LEON-ZERKALO-Q.ru
05.01.2024;LEON-ZERKALO-R.ru
05.01.2024;LEON-ZERKALO-RABOCHEE.ru
05.01.2024;LEON-ZERKALO-T.ru
05.01.2024;LEON-ZERKALO-W.ru
05.01.2024;LEON-ZERKALO33.ru
05.01.2024;LEON-ZERKALO34.ru
05.01.2024;LEON-ZERKALO35.ru
05.01.2024;LEON-ZERKALO36.ru
05.01.2024;LEON-ZERKALO37.ru
05.01.2024;LEONIDBABKIN.ru
05.01.2024;LEOSFURNITURE.ru
05.01.2024;LEOZOV.ru
05.01.2024;LEPISHIN.ru
05.01.2024;LERA2024.ru
05.01.2024;LERNEA.ru
05.01.2024;LETS-LOVE.ru
05.01.2024;LEXRAM.ru
05.01.2024;LIBERCIVIS.ru
05.01.2024;LIBRARI-PLUSE.ru
05.01.2024;LICEY42.ru
05.01.2024;LIDERSKILLS.ru
05.01.2024;LIDIAZHUKOVA.ru
05.01.2024;LIDIYATKACHEVA.ru
05.01.2024;LIFESTYLE-AUDIO.ru
05.01.2024;LIFESTYLE-SOUND.ru
05.01.2024;LIFESTYLEAUDIO.ru
05.01.2024;LIFESTYLESOUND.ru
05.01.2024;LIFETEC-SAFETY.ru
05.01.2024;LIFETECSAFETY.ru
05.01.2024;LIGHTBORN.ru
05.01.2024;LIMEROOM.ru
05.01.2024;LINARIA-DESIGN.ru
05.01.2024;LINE-CAR.ru
05.01.2024;LINEACALI-DESIGN.ru
05.01.2024;LISMETRIYA.ru
05.01.2024;LITE-VPN.ru
05.01.2024;LITSOITELO.ru
05.01.2024;LIYANEMCHIKOVA.ru
05.01.2024;LIZVICIOUS.ru
05.01.2024;LJUDMILAMAKAROVA.ru
05.01.2024;LK-STUDIO-BEAUTY.ru
05.01.2024;LLISITSYNA.ru
05.01.2024;LLYMAR.ru
05.01.2024;LMS-CYBERED.ru
05.01.2024;LOAN-GWEG.ru
05.01.2024;LOAN-QT.ru
05.01.2024;LOARDPAY.ru
05.01.2024;LOBACHEVSKY-SV.ru
05.01.2024;LOBNYA-POSUTOCHNO.ru
05.01.2024;LODKINO.ru
05.01.2024;LOGOVOCHUPACABRI.ru
05.01.2024;LOGWARAG.ru
05.01.2024;LOHMATOVA.ru
05.01.2024;LOKOMOTIONZELFIT.ru
05.01.2024;LORD3-LORDSERIK.ru
05.01.2024;LORDFILM1.ru
05.01.2024;LORDFILM333.ru
05.01.2024;LORELINE.ru
05.01.2024;LOSTHELP.ru
05.01.2024;LOSTWORLPVP.ru
05.01.2024;LOTORU781.ru
05.01.2024;LOVI-KROSSOVKI.ru
05.01.2024;LT78.ru
05.01.2024;LUBOEDELO.ru
05.01.2024;LUCIFER666.ru
05.01.2024;LUGAVTO.ru
05.01.2024;LUKYANOW.ru
05.01.2024;LUTHER40.ru
05.01.2024;LUXIBIZ.ru
05.01.2024;LYN-X.ru
05.01.2024;LYSENIE.ru
05.01.2024;LYSENKO3.ru
05.01.2024;LYUBOV-58.ru
05.01.2024;M-GELIOS.ru
05.01.2024;M-ROSTOV.ru
05.01.2024;M-VOICE.ru
05.01.2024;M313086I.ru
05.01.2024;MA62.ru
05.01.2024;MAAYA.ru
05.01.2024;MACBUG.ru
05.01.2024;MADBANNER.ru
05.01.2024;MADSOUL.ru
05.01.2024;MAGAZINSAYTOV.ru
05.01.2024;MAGEVALLEY.ru
05.01.2024;MAGICOFRUNES.ru
05.01.2024;MAGITRAFFIC.ru
05.01.2024;MAGLO99.ru
05.01.2024;MAHATRUCKLINE.ru
05.01.2024;MAILFIXREPAIR.ru
05.01.2024;MAJESTIC654.ru
05.01.2024;MAJESTICGIRLS.ru
05.01.2024;MAKAROV-IRK.ru
05.01.2024;MAKET2024.ru
05.01.2024;MAKSSUN.ru
05.01.2024;MALABEL.ru
05.01.2024;MALINAFM.ru
05.01.2024;MALINKINAAV.ru
05.01.2024;MAMURKOVA.ru
05.01.2024;MAMYIDETI.ru
05.01.2024;MANDALAM.ru
05.01.2024;MANGART.ru
05.01.2024;MANI-DORO.ru
05.01.2024;MANZHEROC.ru
05.01.2024;MANZHEROK04.ru
05.01.2024;MANZHEROK1.ru
05.01.2024;MANZHEROK4.ru
05.01.2024;MARATHONBETBETMAX.ru
05.01.2024;MARGARITA-IVANOVA.ru
05.01.2024;MARINAKOPYLOVA.ru
05.01.2024;MARINELLI-MTA.ru
05.01.2024;MARINKOV.ru
05.01.2024;MARKET-AS-BAD.ru
05.01.2024;MARKET-AS-LIGHT.ru
05.01.2024;MARKET-AS-MOST.ru
05.01.2024;MARKET-CLOSE-BAD.ru
05.01.2024;MARKET-CLOSE-GOOD.ru
05.01.2024;MARKET-CLOSE-LIGHT.ru
05.01.2024;MARKET-CLOSE-MOST.ru
05.01.2024;MARKET-FOR-BAD.ru
05.01.2024;MARKET-FOR-LIGHT.ru
05.01.2024;MARKET-FOR-MOST.ru
05.01.2024;MARKET-HOW-BAD.ru
05.01.2024;MARKET-HOW-GOOD.ru
05.01.2024;MARKET-HOW-LIGHT.ru
05.01.2024;MARKET-HOW-MOST.ru
05.01.2024;MARKETASH.ru
05.01.2024;MARKETESH.ru
05.01.2024;MARKETSHOP-PLEIS.ru
05.01.2024;MARLIEE5.ru
05.01.2024;MARMAZA.ru
05.01.2024;MARSRF.ru
05.01.2024;MARTAFLOR.ru
05.01.2024;MARTINICRMP.ru
05.01.2024;MASHINA-SLOTOV.ru
05.01.2024;MASHUK-PYATIGORSK-KNZ.ru
05.01.2024;MASKORAGREEN.ru
05.01.2024;MASSAGEBOLTYAN.ru
05.01.2024;MASTE-RU.ru
05.01.2024;MASTER-PENA.ru
05.01.2024;MASTER-S-78.ru
05.01.2024;MASTEROLEG.ru
05.01.2024;MASTERSKAYARVD.ru
05.01.2024;MASTERSNA96.ru
05.01.2024;MASTERTKIT.ru
05.01.2024;MATVEIKRAUZE.ru
05.01.2024;MATYAKUZNETSOWA.ru
05.01.2024;MAXIM-KRAYNEV.ru
05.01.2024;MAXIM-YNDX.ru
05.01.2024;MAXIMOVKURS.ru
05.01.2024;MAXIYM-OBRAZOVATELNYJ-TSENTR.ru
05.01.2024;MAXKRASILOFF.ru
05.01.2024;MAXVASILIE.ru
05.01.2024;MAYKOP-BANKRUPTCY.ru
05.01.2024;MB-PEREVOZKI.ru
05.01.2024;MB-SALES.ru
05.01.2024;MBFNBTW.ru
05.01.2024;MBP-ELECTRONIKA.ru
05.01.2024;MC-NEOMED.ru
05.01.2024;MCBAND.ru
05.01.2024;MCPARADISE.ru
05.01.2024;MDMAC.ru
05.01.2024;MDORON.ru
05.01.2024;MEADORWAR.ru
05.01.2024;MEB-ARSENAL.ru
05.01.2024;MEBEL-CEVASTOPOL.ru
05.01.2024;MEBEL-SEVACTOPOL.ru
05.01.2024;MEBEL-STATICA.ru
05.01.2024;MEBELEAM.ru
05.01.2024;MECLUB-EDA.ru
05.01.2024;MECLUB-FOOD.ru
05.01.2024;MECLUBEDA.ru
05.01.2024;MECLUBFOOD.ru
05.01.2024;MEDA-ECO.ru
05.01.2024;MEDIATOR-VICTORIA.ru
05.01.2024;MEDICINEONLINEE24.ru
05.01.2024;MEDVIPSHOP.ru
05.01.2024;MEEROVICH.ru
05.01.2024;MEGO-MARKET.ru
05.01.2024;MEKHEK.ru
05.01.2024;MELITOPOL-USLUGI.ru
05.01.2024;MELITOPOLUSLUGI.ru
05.01.2024;MELNOV-1.ru
05.01.2024;MEMORIALM.ru
05.01.2024;MEMORY-UROKI.ru
05.01.2024;MEMZON.ru
05.01.2024;MENLYPORTAL.ru
05.01.2024;MERCURYVL.ru
05.01.2024;MERICANMEDS.ru
05.01.2024;MERIGONCHAROVA.ru
05.01.2024;MERKULOVA-THERAPY.ru
05.01.2024;MERSEDES-BENZMODELS.ru
05.01.2024;MESOMERISM.ru
05.01.2024;METEORCLIMAT.ru
05.01.2024;MFORMELLE.ru
05.01.2024;MGGSTUDIO.ru
05.01.2024;MHAILUN.ru
05.01.2024;MI-SPB-RSERVICE.ru
05.01.2024;MIG-KLIK.ru
05.01.2024;MIGKLIK.ru
05.01.2024;MIKEPEPPER.ru
05.01.2024;MILLIONSTREET.ru
05.01.2024;MILTIBONUS.ru
05.01.2024;MINEPONY.ru
05.01.2024;MINERALNYE-VODY-KNZ.ru
05.01.2024;MINIDREVOC.ru
05.01.2024;MININROMAN.ru
05.01.2024;MIORDANOVA.ru
05.01.2024;MIR0N0VA.ru
05.01.2024;MIRABELKA.ru
05.01.2024;MIRHARIS.ru
05.01.2024;MIRKARNAVALA.ru
05.01.2024;MIRONOVAEN.ru
05.01.2024;MIRONOVICH2003.ru
05.01.2024;MIRPRAGI.ru
05.01.2024;MIRROR-APP.ru
05.01.2024;MIRZIN.ru
05.01.2024;MISCHENKOGN.ru
05.01.2024;MISHKUZZ.ru
05.01.2024;MISTERBID.ru
05.01.2024;MISTERMETALL.ru
05.01.2024;MITCHIEF.ru
05.01.2024;MIZVEKOVA.ru
05.01.2024;MKNCH.ru
05.01.2024;MKPITER.ru
05.01.2024;MKVAFS.ru
05.01.2024;MKXCZK.ru
05.01.2024;MMCRY.ru
05.01.2024;MMETEO.ru
05.01.2024;MMX2024.ru
05.01.2024;MNV-CD.ru
05.01.2024;MOBILESZONA.ru
05.01.2024;MOBLEGTES.ru
05.01.2024;MOIDOMSOMNOY.ru
05.01.2024;MOIKAVKAZ.ru
05.01.2024;MOJMAJ.ru
05.01.2024;MOLODEJNO.ru
05.01.2024;MOMSLIGHTHOUSE.ru
05.01.2024;MONADOS.ru
05.01.2024;MONARCHSCV.ru
05.01.2024;MONEY-TRIP.ru
05.01.2024;MONEYURL.ru
05.01.2024;MONEYUSA.ru
05.01.2024;MONKEYGRINDER.ru
05.01.2024;MONTAZH-KROVLI24.ru
05.01.2024;MONZHEROK.ru
05.01.2024;MORECLIENT.ru
05.01.2024;MORECRABOV.ru
05.01.2024;MOREKOT-CENTR.ru
05.01.2024;MOSCOW-SEARCH-ZAIM.ru
05.01.2024;MOSCOWMUSICCONFERENCE.ru
05.01.2024;MOSENEGO.ru
05.01.2024;MOSKVATABAK1.ru
05.01.2024;MOSPHOTOGRAPHER.ru
05.01.2024;MOSTBET-QC.ru
05.01.2024;MOSTBET-QD.ru
05.01.2024;MOSTBET-QF.ru
05.01.2024;MOSTBET-QG.ru
05.01.2024;MOSTBET-QH.ru
05.01.2024;MOSTBET-QJ.ru
05.01.2024;MOSTBET-QK.ru
05.01.2024;MOSTBET-QL.ru
05.01.2024;MOSTBET-QM.ru
05.01.2024;MOSTBET-QN.ru
05.01.2024;MOSTBET-QS.ru
05.01.2024;MOSTBET-QX.ru
05.01.2024;MOSTBET-QZ.ru
05.01.2024;MOSTOR7.ru
05.01.2024;MOVIERECORDS.ru
05.01.2024;MOY-SVOBODA-OT-DOLGOV-24.ru
05.01.2024;MOYKOS.ru
05.01.2024;MOZHAROVSII.ru
05.01.2024;MP-VRN.ru
05.01.2024;MP3Y.ru
05.01.2024;MPBY.ru
05.01.2024;MQL-SOVETNIK.ru
05.01.2024;MRB5.ru
05.01.2024;MRCALMER.ru
05.01.2024;MSELSETI.ru
05.01.2024;MSEROUHOV.ru
05.01.2024;MSGAMMON.ru
05.01.2024;MSHABRATSKAYA.ru
05.01.2024;MSHELEPOV.ru
05.01.2024;MSK-AI.ru
05.01.2024;MSK-DISKONTS.ru
05.01.2024;MSKLEASING.ru
05.01.2024;MSTSHIPPING.ru
05.01.2024;MT-ALG1.ru
05.01.2024;MTANKOVA.ru
05.01.2024;MTERRO.ru
05.01.2024;MTK199BB.ru
05.01.2024;MUITIUROK.ru
05.01.2024;MULIBONUS.ru
05.01.2024;MULTBONUS.ru
05.01.2024;MULTIBINUS.ru
05.01.2024;MULTIBONYS.ru
05.01.2024;MULTIBOTS.ru
05.01.2024;MULTIROK.ru
05.01.2024;MULTIYROK.ru
05.01.2024;MULTUROK.ru
05.01.2024;MULTYBONUS.ru
05.01.2024;MUNZHARO-KUPIT.ru
05.01.2024;MUPZSS.ru
05.01.2024;MURATOVICH.ru
05.01.2024;MURAVEVDEV.ru
05.01.2024;MURINUS.ru
05.01.2024;MURSUNIDA.ru
05.01.2024;MVDSAMARA.ru
05.01.2024;MY-CHELNY.ru
05.01.2024;MY-PODELNIK.ru
05.01.2024;MYBUSTICKETS.ru
05.01.2024;MYDOMRECEPT.ru
05.01.2024;MYFREELANCING.ru
05.01.2024;MYHOMECANDLES.ru
05.01.2024;MYOBUCHENIE.ru
05.01.2024;MYONLINEPRO.ru
05.01.2024;MYPETPROJECTS.ru
05.01.2024;MYSOMBRA.ru
05.01.2024;MYSTERIUMASTRUM.ru
05.01.2024;MYSTORECLUB.ru
05.01.2024;MYWEEK-NEWS.ru
05.01.2024;MZHMAKIN.ru
05.01.2024;MZMCLUB.ru
05.01.2024;N-KA.ru
05.01.2024;N-TYULYUBAEVA.ru
05.01.2024;NABOISCHIKOVA.ru
05.01.2024;NADEZHDA-ESSENTUKI-KNZ.ru
05.01.2024;NADEZHDA-UO.ru
05.01.2024;NADYARA.ru
05.01.2024;NAGIBINFOND.ru
05.01.2024;NAGROINVEST.ru
05.01.2024;NAILCHEF.ru
05.01.2024;NALIMOFF.ru
05.01.2024;NANYA-KHV.ru
05.01.2024;NART-FEST.ru
05.01.2024;NASHAGVPEREDI.ru
05.01.2024;NASNAUMOV.ru
05.01.2024;NASTENA130782.ru
05.01.2024;NASTIIA-LEV.ru
05.01.2024;NASTYA-RHYTMFOCUS.ru
05.01.2024;NATALIA-DRONOVA.ru
05.01.2024;NATASAYED.ru
05.01.2024;NAUKA-MIXT.ru
05.01.2024;NAVISDEVS.ru
05.01.2024;NDIVENTE.ru
05.01.2024;NE-BYDY-DOLZEN24.ru
05.01.2024;NEBROSCO.ru
05.01.2024;NECHEPURENKO-BEAUTY-SALON.ru
05.01.2024;NEDLPOAS.ru
05.01.2024;NEEDPROFI.ru
05.01.2024;NEFROZZYA.ru
05.01.2024;NEIROKUZ.ru
05.01.2024;NEOLINE-SKIDKA.ru
05.01.2024;NEROSAVE.ru
05.01.2024;NETASSETS.ru
05.01.2024;NETKUPONAM.ru
05.01.2024;NETSKOLOV.ru
05.01.2024;NETWORKTECHNOLOGI.ru
05.01.2024;NEUNOAGENT.ru
05.01.2024;NEURO-TRAINING.ru
05.01.2024;NEUROGUIDES.ru
05.01.2024;NEUROPHOTOGRAPHER.ru
05.01.2024;NEUROSAVE.ru
05.01.2024;NEVALYASH.ru
05.01.2024;NEVERIAMC.ru
05.01.2024;NEW-FITNESS-FIT.ru
05.01.2024;NEW-TERRITORIES.ru
05.01.2024;NEW-ZIMA.ru
05.01.2024;NEWARTPORTAL.ru
05.01.2024;NEWLYSTORE.ru
05.01.2024;NEWS-AS-BAD.ru
05.01.2024;NEWS-AS-LIGHT.ru
05.01.2024;NEWS-AS-MOST.ru
05.01.2024;NEWS-CLOSE-BAD.ru
05.01.2024;NEWS-CLOSE-GOOD.ru
05.01.2024;NEWS-CLOSE-LIGHT.ru
05.01.2024;NEWS-CLOSE-MOST.ru
05.01.2024;NEWS-FOR-BAD.ru
05.01.2024;NEWS-FOR-LIGHT.ru
05.01.2024;NEWS-FOR-MOST.ru
05.01.2024;NEWS-HOW-BAD.ru
05.01.2024;NEWS-HOW-LIGHT.ru
05.01.2024;NEWS-HOW-MOST.ru
05.01.2024;NEWSIGNALS.ru
05.01.2024;NEWTURKISHSERIAL.ru
05.01.2024;NEXTLEVELEDU.ru
05.01.2024;NFERBER.ru
05.01.2024;NGREBNYOV.ru
05.01.2024;NHAIR-KHV.ru
05.01.2024;NICKTVER.ru
05.01.2024;NICMIC.ru
05.01.2024;NIK51.ru
05.01.2024;NIKAKNIGA.ru
05.01.2024;NIKKA-A.ru
05.01.2024;NILYA1987.ru
05.01.2024;NINAMIRONOVA.ru
05.01.2024;NIZHALSKIY.ru
05.01.2024;NKD24.ru
05.01.2024;NN-CDD.ru
05.01.2024;NOGAB.ru
05.01.2024;NOGINSK-USZN.ru
05.01.2024;NONRU.ru
05.01.2024;NORNAGROUP.ru
05.01.2024;NOSHENNYE-KOLGOTKI.ru
05.01.2024;NOVAARENAEVENT.ru
05.01.2024;NOVELLATUT.ru
05.01.2024;NOVIECHUDESASVETA.ru
05.01.2024;NOVIKOV-S.ru
05.01.2024;NOVIKOVVK.ru
05.01.2024;NOVMMC24443.ru
05.01.2024;NOVOAGENCY.ru
05.01.2024;NOVOKAT.ru
05.01.2024;NOZPHER.ru
05.01.2024;NPLEKSKLUZB0NUS.ru
05.01.2024;NPLZABAWAONL1NE.ru
05.01.2024;NPOMOGAEVA.ru
05.01.2024;NPPKRS.ru
05.01.2024;NRYGALOV.ru
05.01.2024;NS2REGRU.ru
05.01.2024;NSIRUS.ru
05.01.2024;NSKSO.ru
05.01.2024;NSURF.ru
05.01.2024;NTC-COOP.ru
05.01.2024;NTERLEEVA.ru
05.01.2024;NTVSNK.ru
05.01.2024;NUDEBRAWL.ru
05.01.2024;NUMEROPSIHOLOG.ru
05.01.2024;NUMWAY-1.ru
05.01.2024;NUMWAY-10.ru
05.01.2024;NUMWAY-11.ru
05.01.2024;NUMWAY-12.ru
05.01.2024;NUMWAY-13.ru
05.01.2024;NUMWAY-14.ru
05.01.2024;NUMWAY-15.ru
05.01.2024;NUMWAY-16.ru
05.01.2024;NUMWAY-17.ru
05.01.2024;NUMWAY-18.ru
05.01.2024;NUMWAY-19.ru
05.01.2024;NUMWAY-2.ru
05.01.2024;NUMWAY-20.ru
05.01.2024;NUMWAY-21.ru
05.01.2024;NUMWAY-22.ru
05.01.2024;NUMWAY-23.ru
05.01.2024;NUMWAY-24.ru
05.01.2024;NUMWAY-25.ru
05.01.2024;NUMWAY-26.ru
05.01.2024;NUMWAY-27.ru
05.01.2024;NUMWAY-28.ru
05.01.2024;NUMWAY-29.ru
05.01.2024;NUMWAY-3.ru
05.01.2024;NUMWAY-30.ru
05.01.2024;NUMWAY-31.ru
05.01.2024;NUMWAY-32.ru
05.01.2024;NUMWAY-33.ru
05.01.2024;NUMWAY-34.ru
05.01.2024;NUMWAY-35.ru
05.01.2024;NUMWAY-36.ru
05.01.2024;NUMWAY-37.ru
05.01.2024;NUMWAY-38.ru
05.01.2024;NUMWAY-39.ru
05.01.2024;NUMWAY-4.ru
05.01.2024;NUMWAY-40.ru
05.01.2024;NUMWAY-41.ru
05.01.2024;NUMWAY-42.ru
05.01.2024;NUMWAY-43.ru
05.01.2024;NUMWAY-44.ru
05.01.2024;NUMWAY-45.ru
05.01.2024;NUMWAY-46.ru
05.01.2024;NUMWAY-47.ru
05.01.2024;NUMWAY-48.ru
05.01.2024;NUMWAY-49.ru
05.01.2024;NUMWAY-5.ru
05.01.2024;NUMWAY-50.ru
05.01.2024;NUMWAY-51.ru
05.01.2024;NUMWAY-52.ru
05.01.2024;NUMWAY-53.ru
05.01.2024;NUMWAY-54.ru
05.01.2024;NUMWAY-55.ru
05.01.2024;NUMWAY-56.ru
05.01.2024;NUMWAY-57.ru
05.01.2024;NUMWAY-58.ru
05.01.2024;NUMWAY-59.ru
05.01.2024;NUMWAY-6.ru
05.01.2024;NUMWAY-60.ru
05.01.2024;NUMWAY-7.ru
05.01.2024;NUMWAY-8.ru
05.01.2024;NUMWAY-9.ru
05.01.2024;NURINFO.ru
05.01.2024;NURIPOTEKA.ru
05.01.2024;NVAD.ru
05.01.2024;NVKISLITSYNA.ru
05.01.2024;NVPSOCHI.ru
05.01.2024;NVPUG.ru
05.01.2024;OAVINOVA.ru
05.01.2024;OBDTOOLS.ru
05.01.2024;OBOIZHIDKIESHOP.ru
05.01.2024;OBRTV.ru
05.01.2024;OBUKHOVAI.ru
05.01.2024;OCEAN-SALON.ru
05.01.2024;ODOMETR-SERVICE.ru
05.01.2024;OEM-SERVER-LARA.ru
05.01.2024;OETKG.ru
05.01.2024;OFANTASTIC.ru
05.01.2024;OFD-ORD1406.ru
05.01.2024;OFD-ORD2660.ru
05.01.2024;OFD-ORD3251.ru
05.01.2024;OFD-ORD3802.ru
05.01.2024;OFD-ORD5372.ru
05.01.2024;OFD-ORD5425.ru
05.01.2024;OFD-ORD5880.ru
05.01.2024;OFD-ORD6778.ru
05.01.2024;OFD-ORD9528.ru
05.01.2024;OFD-ORD9550.ru
05.01.2024;OFD5289.ru
05.01.2024;OFD7068.ru
05.01.2024;OFD9347.ru
05.01.2024;OFD9680.ru
05.01.2024;OFFICIAL-THEDOGHOUSE.ru
05.01.2024;OFFSITE-RIOBET115.ru
05.01.2024;OFISNAY-MEBEL.ru
05.01.2024;OFPTIME.ru
05.01.2024;OGM1-5.ru
05.01.2024;OHOTA-AND-RIBALKA.ru
05.01.2024;OILPULLING.ru
05.01.2024;OK-APARTMENTS.ru
05.01.2024;OKLEVAKINA.ru
05.01.2024;OKNOKINO.ru
05.01.2024;OKOZAKONA.ru
05.01.2024;OLA-LA-FLOWERSHOP.ru
05.01.2024;OLAPTEV.ru
05.01.2024;OLDWORKER.ru
05.01.2024;OLEGANVIDEOS.ru
05.01.2024;OLEGDOLMATOV.ru
05.01.2024;OLESENKA-R-A.ru
05.01.2024;OLGA-HRUSTALEVA.ru
05.01.2024;OLGAGUBAREVA.ru
05.01.2024;OLGAKRYUCHKOVA.ru
05.01.2024;OLGAPHOTO-CHEPURNAJA.ru
05.01.2024;OLIAMANTIHORA.ru
05.01.2024;OLIFEROV.ru
05.01.2024;OLIMP-RP.ru
05.01.2024;OLIVAFOOD.ru
05.01.2024;OLIVAMIRA.ru
05.01.2024;OLIVKAMIRA.ru
05.01.2024;OLZHASNURLANOV.ru
05.01.2024;OMAYENTE.ru
05.01.2024;OMGPOST.ru
05.01.2024;OMLOVE.ru
05.01.2024;OMSK-REYA.ru
05.01.2024;OMYBED.ru
05.01.2024;ONLINEBEST2024.ru
05.01.2024;ONLINEBESTSALE2024.ru
05.01.2024;ONLINEBORZOVAKIDS.ru
05.01.2024;ONLINECHEAPSALE2024.ru
05.01.2024;ONLINEJOGOS.ru
05.01.2024;ONLINEOUTLETSALE2024.ru
05.01.2024;ONLINESALESHOPS2024.ru
05.01.2024;ONLINESUCCESSHUB.ru
05.01.2024;ONLINEZAIM-MOSCOW.ru
05.01.2024;ONLINEZAIM-SPB.ru
05.01.2024;ONLIXAK.ru
05.01.2024;OOAIMR.ru
05.01.2024;OOOMKM.ru
05.01.2024;OOOUKMOIDOM.ru
05.01.2024;OPEN-HEART-4LOVE.ru
05.01.2024;OPENINGEO.ru
05.01.2024;OPLATA-RABOT.ru
05.01.2024;OPLATA7485.ru
05.01.2024;OPLATA7486.ru
05.01.2024;OPLOTOLGA.ru
05.01.2024;OPRAFOX.ru
05.01.2024;OPSV01.ru
05.01.2024;OPTIKA-CRIMEA.ru
05.01.2024;OPTITOOLS.ru
05.01.2024;ORANTA-MED.ru
05.01.2024;ORD21648.ru
05.01.2024;ORD21687.ru
05.01.2024;ORD52474.ru
05.01.2024;ORD64246.ru
05.01.2024;ORD64286.ru
05.01.2024;ORDER-4651.ru
05.01.2024;ORDER-8737.ru
05.01.2024;ORDER0418.ru
05.01.2024;ORDER0521.ru
05.01.2024;ORDER0716.ru
05.01.2024;ORDER0918.ru
05.01.2024;ORDER2073.ru
05.01.2024;ORDER4059.ru
05.01.2024;ORDER5092.ru
05.01.2024;ORDER6081.ru
05.01.2024;ORDER7109.ru
05.01.2024;ORDER8034.ru
05.01.2024;ORDER8101.ru
05.01.2024;ORDER8647.ru
05.01.2024;ORDER9152.ru
05.01.2024;OREHOV-TOP.ru
05.01.2024;ORGOAZM.ru
05.01.2024;ORIGINALKOREANCOSMETICS.ru
05.01.2024;ORIXO.ru
05.01.2024;ORLOV11.ru
05.01.2024;ORLYATAKID.ru
05.01.2024;ORNABI.ru
05.01.2024;ORQWRG.ru
05.01.2024;ORTO-MEGAN.ru
05.01.2024;ORZUNOVA.ru
05.01.2024;OSAGO-POLAR.ru
05.01.2024;OSAGO-ZIMA.ru
05.01.2024;OSAGOARH29.ru
05.01.2024;OSAGOVSEM36.ru
05.01.2024;OSKLEX.ru
05.01.2024;OSKOLMOIKA.ru
05.01.2024;OSODOLLS.ru
05.01.2024;OSTANOVI-MGNOVENIYE.ru
05.01.2024;OTOGREVSVIEZDOM.ru
05.01.2024;OTVETOL.ru
05.01.2024;OTZYVY-VAVADA.ru
05.01.2024;OURINSALE.ru
05.01.2024;OUROADS.ru
05.01.2024;OUTLETSFACTORY2024.ru
05.01.2024;OUTLETSHOPONLINE2024.ru
05.01.2024;OUTSIGHT-BUDNI.ru
05.01.2024;OZIMUK-ARCH.ru
05.01.2024;P-KASKAD.ru
05.01.2024;P2PCATCHER.ru
05.01.2024;PACKFF.ru
05.01.2024;PAGE-3189.ru
05.01.2024;PAGFL.ru
05.01.2024;PAHAN1.ru
05.01.2024;PALAZZO-DUCALE.ru
05.01.2024;PALMARY-TOUR.ru
05.01.2024;PANPAV88.ru
05.01.2024;PANYUSHOV.ru
05.01.2024;PAP-BUILD.ru
05.01.2024;PAPERS-AS-BAD.ru
05.01.2024;PAPERS-AS-LIGHT.ru
05.01.2024;PAPERS-AS-MOST.ru
05.01.2024;PAPERS-CLOSE-BAD.ru
05.01.2024;PAPERS-CLOSE-GOOD.ru
05.01.2024;PAPERS-CLOSE-LIGHT.ru
05.01.2024;PAPERS-CLOSE-MOST.ru
05.01.2024;PAPERS-FOR-BAD.ru
05.01.2024;PAPERS-FOR-LIGHT.ru
05.01.2024;PAPERS-FOR-MOST.ru
05.01.2024;PAPERS-HOW-BAD.ru
05.01.2024;PAPERS-HOW-LIGHT.ru
05.01.2024;PAPERS-HOW-MOST.ru
05.01.2024;PARESTEA.ru
05.01.2024;PARKCURIER.ru
05.01.2024;PARTNER-EDA-COURIER.ru
05.01.2024;PARTNERGU.ru
05.01.2024;PARTSANDTUNING.ru
05.01.2024;PASIS007.ru
05.01.2024;PASTRONE.ru
05.01.2024;PAULBROWER.ru
05.01.2024;PAVELBART.ru
05.01.2024;PAVELNAUMOV.ru
05.01.2024;PAVLOVMEDIA.ru
05.01.2024;PAVLOVNAIA.ru
05.01.2024;PAY-ID353424.ru
05.01.2024;PAY-ID454521.ru
05.01.2024;PAY-ID533241.ru
05.01.2024;PAY-VTB.ru
05.01.2024;PAYD08.ru
05.01.2024;PAYD09.ru
05.01.2024;PAYMENT-254.ru
05.01.2024;PAYMENT-255.ru
05.01.2024;PAYMOMS.ru
05.01.2024;PAYSERVICESHOP.ru
05.01.2024;PBORINA.ru
05.01.2024;PBOUTSOURCE.ru
05.01.2024;PDFLIB.ru
05.01.2024;PDOROSCHENKOVA.ru
05.01.2024;PDVSERVER.ru
05.01.2024;PEFIMOVA.ru
05.01.2024;PENSIONNEWS.ru
05.01.2024;PEREVOZKASHKAFA39.ru
05.01.2024;PERFECT-ELK.ru
05.01.2024;PERFECT-W.ru
05.01.2024;PERFECTW.ru
05.01.2024;PERFECTWORKS.ru
05.01.2024;PERMANENT-SALON.ru
05.01.2024;PERSONALITY23.ru
05.01.2024;PES-DA.ru
05.01.2024;PETERSBURGLIFE.ru
05.01.2024;PETRMOROZOV.ru
05.01.2024;PETRO-BETON.ru
05.01.2024;PETRSYSOEV.ru
05.01.2024;PHKORSHUNOVA.ru
05.01.2024;PHOTOA6.ru
05.01.2024;PHOTODARI.ru
05.01.2024;PHOTOGRAPHYLOVER.ru
05.01.2024;PHOTOSHIKINNA.ru
05.01.2024;PHOTOVIRGINIA.ru
05.01.2024;PHSAVENKOV.ru
05.01.2024;PHUKETGO.ru
05.01.2024;PHYJFM.ru
05.01.2024;PICGEN.ru
05.01.2024;PICKMEAL.ru
05.01.2024;PICTURAI.ru
05.01.2024;PICZOOM.ru
05.01.2024;PIK-KONDER.ru
05.01.2024;PIKNIK-KMS.ru
05.01.2024;PIN-UP-12.ru
05.01.2024;PIN-UP-3.ru
05.01.2024;PIN-UP-CASINO10.ru
05.01.2024;PIN-UP-CASINO12.ru
05.01.2024;PIN-UP-CASINO18.ru
05.01.2024;PIN-UP-CASINO19.ru
05.01.2024;PIN-UP-CASINO2.ru
05.01.2024;PIN-UP-CASINO23.ru
05.01.2024;PIN-UP-CASINO25.ru
05.01.2024;PIN-UP-CASINO26.ru
05.01.2024;PIN-UP-CASINO27.ru
05.01.2024;PIN-UP-CASINO28.ru
05.01.2024;PIN-UP-CASINO29.ru
05.01.2024;PIN-UP-CASINO3.ru
05.01.2024;PIN-UP-CASINO30.ru
05.01.2024;PIN-UP-CASINO31.ru
05.01.2024;PIN-UP-CASINO32.ru
05.01.2024;PIN-UP-CASINO33.ru
05.01.2024;PIN-UP-CASINO34.ru
05.01.2024;PIN-UP-CASINO35.ru
05.01.2024;PIN-UP-CASINO36.ru
05.01.2024;PIN-UP-CASINO38.ru
05.01.2024;PIN-UP-CASINO39.ru
05.01.2024;PIN-UP-CASINO4.ru
05.01.2024;PIN-UP-CASINO5.ru
05.01.2024;PIN-UP-CASINO52.ru
05.01.2024;PIN-UP-CASINO53.ru
05.01.2024;PIN-UP-CASINO54.ru
05.01.2024;PIN-UP-CASINO55.ru
05.01.2024;PIN-UP-CASINO56.ru
05.01.2024;PIN-UP-CASINO6.ru
05.01.2024;PIN-UP-CASINO7.ru
05.01.2024;PIN-UP-CASINO8.ru
05.01.2024;PIN-UP-CASINO9.ru
05.01.2024;PIN-UP-ONLINE-GG.ru
05.01.2024;PINKDUCK.ru
05.01.2024;PINMONEY-WW.ru
05.01.2024;PINPICS.ru
05.01.2024;PINUP-241.ru
05.01.2024;PINUPSCASINO1.ru
05.01.2024;PIRATES-BRAWL.ru
05.01.2024;PIRYET-BRATSK.ru
05.01.2024;PISHI-I-PRODAVAY.ru
05.01.2024;PITCH-FM.ru
05.01.2024;PITCHFM.ru
05.01.2024;PLACEVIBE.ru
05.01.2024;PLANETA-USLUG.ru
05.01.2024;PLATA-LOM.ru
05.01.2024;PLATEZHEI-2024.ru
05.01.2024;PLATEZHEI-2024-STOP.ru
05.01.2024;PLATEZHEI-NET24.ru
05.01.2024;PLAYFORTUNA-10.ru
05.01.2024;PLAYFORTUNA-12.ru
05.01.2024;PLAYFORTUNA-13.ru
05.01.2024;PLAYFORTUNA-14.ru
05.01.2024;PLAYFORTUNA-15.ru
05.01.2024;PLAYFORTUNA-16.ru
05.01.2024;PLAYFORTUNA-17.ru
05.01.2024;PLAYFORTUNA-18.ru
05.01.2024;PLAYFORTUNA-19.ru
05.01.2024;PLAYFORTUNA-20.ru
05.01.2024;PLAYFORTUNA-21.ru
05.01.2024;PLAYFORTUNA-23.ru
05.01.2024;PLAYFORTUNA-25.ru
05.01.2024;PLAYFORTUNA-28.ru
05.01.2024;PLAYFORTUNA-29.ru
05.01.2024;PLAYFORTUNA-4.ru
05.01.2024;PLAYFORTUNA-5.ru
05.01.2024;PLAYFORTUNA-8.ru
05.01.2024;PLAYFORTUNA-P.ru
05.01.2024;PLAYFORTUNA-Y.ru
05.01.2024;PLAYONLINENOZEXE.ru
05.01.2024;PLAYONLINENOZEXQ.ru
05.01.2024;PLAYONLINENOZEXR.ru
05.01.2024;PLAYONLINENOZEXT.ru
05.01.2024;PLAYONLINENOZEXW.ru
05.01.2024;PLAYONLINENOZEXY.ru
05.01.2024;PLEASURE-ISLAND.ru
05.01.2024;PLEASURE-LADIES.ru
05.01.2024;PLEINDEVIEBEAUTE.ru
05.01.2024;PLETENIY-UYUT.ru
05.01.2024;PLOSCHADKAMESTO.ru
05.01.2024;PLOTNIKOV41.ru
05.01.2024;PLUS-AVIA-FLY10.ru
05.01.2024;PMNSK.ru
05.01.2024;PMWAY.ru
05.01.2024;PNDKMS.ru
05.01.2024;POCHTABANK-KABINET.ru
05.01.2024;PODARKIBERRY.ru
05.01.2024;PODDON13.ru
05.01.2024;PODOPRONAILS-SALON.ru
05.01.2024;PODOSHKA.ru
05.01.2024;POLAR-STONE01.ru
05.01.2024;POLIANNA-SALON.ru
05.01.2024;POLIGON-77.ru
05.01.2024;POLIMECHANIKA.ru
05.01.2024;POLZAIAGOD.ru
05.01.2024;POLZARND.ru
05.01.2024;PONOMAREV1.ru
05.01.2024;PORAPORA.ru
05.01.2024;PORNO-FOTKI.ru
05.01.2024;PORSCHEMODELS.ru
05.01.2024;PORTFOLIOVITAL.ru
05.01.2024;POSHSYROVARNYA.ru
05.01.2024;POSITIV-SERVIS.ru
05.01.2024;POSTER-AI.ru
05.01.2024;POSTERAI.ru
05.01.2024;POSTERDIGITAL.ru
05.01.2024;POSTOMAN.ru
05.01.2024;POTAPOV-RV.ru
05.01.2024;POTENCIYA-ONLINE.ru
05.01.2024;POTENCIYA-PROSTO.ru
05.01.2024;POTOLKI-KOLIBRI.ru
05.01.2024;POTOLKI-SPBB.ru
05.01.2024;POTREBITELI34.ru
05.01.2024;POWERINSIGHT.ru
05.01.2024;PPK-OPT.ru
05.01.2024;PPODSEVALOV.ru
05.01.2024;PRAVDADESIGN.ru
05.01.2024;PRAVDAMIR.ru
05.01.2024;PRAVOVIE-USLUGI.ru
05.01.2024;PREGTG.ru
05.01.2024;PREMIERA22.ru
05.01.2024;PREMIUM-AUDIO.ru
05.01.2024;PREMIUM-AV.ru
05.01.2024;PREMIUM-FORGING.ru
05.01.2024;PREMIUM-HI-FI.ru
05.01.2024;PREMIUM-HIFI.ru
05.01.2024;PREMIUMAV.ru
05.01.2024;PRESLIFE55-SALON.ru
05.01.2024;PRESTA-KUHNI.ru
05.01.2024;PRICE-SHOP.ru
05.01.2024;PRICEL-SLON.ru
05.01.2024;PRIMORSK-USLUGI.ru
05.01.2024;PRIMORSKUSLUGI.ru
05.01.2024;PRINTMIG.ru
05.01.2024;PRIVENG.ru
05.01.2024;PRO-DOMO.ru
05.01.2024;PRO-SUBARU.ru
05.01.2024;PROAVIA-FLY10.ru
05.01.2024;PROBERKA.ru
05.01.2024;PRODOMBLOG.ru
05.01.2024;PRODUCTHELP.ru
05.01.2024;PRODUKTRU.ru
05.01.2024;PROEKT-I-DOM.ru
05.01.2024;PROEKTBIM.ru
05.01.2024;PROEKTDEREVNYA.ru
05.01.2024;PROF-FLOWERS.ru
05.01.2024;PROFOTO22.ru
05.01.2024;PROFREMBYT.ru
05.01.2024;PROFSAIT.ru
05.01.2024;PROFSAITE.ru
05.01.2024;PROFSET59.ru
05.01.2024;PROG1C01.ru
05.01.2024;PROJECT-FOTOPREOBRAGENIE.ru
05.01.2024;PROKOPEYSK.ru
05.01.2024;PROMMED-LIVEDO.ru
05.01.2024;PROMOCOD-VAVADA.ru
05.01.2024;PROMOKOD-BERI.ru
05.01.2024;PROMOKODS-VAVADA.ru
05.01.2024;PROONLANPART.ru
05.01.2024;PROSHENKOV.ru
05.01.2024;PROSPEKTAUTO1.ru
05.01.2024;PROSTITUTKI--HABAROVSKA.ru
05.01.2024;PROSTITUTKI-HABAROVSKA.ru
05.01.2024;PROSTO-ICQ.ru
05.01.2024;PROSTOCHEREPASHKA.ru
05.01.2024;PROSTOOZAPUSKAH.ru
05.01.2024;PROSTOSOVKUSOM.ru
05.01.2024;PROSYSTEMSECURITY.ru
05.01.2024;PROURZIN-LIV.ru
05.01.2024;PROVCORPORATION.ru
05.01.2024;PRUDM.ru
05.01.2024;PSMELOV.ru
05.01.2024;PSY30.ru
05.01.2024;PSYCHOLOGIST24.ru
05.01.2024;PTG-CD.ru
05.01.2024;PUBLICATIONS-THEATRE.ru
05.01.2024;PUREFISH.ru
05.01.2024;PURISOV.ru
05.01.2024;PUSH-ART.ru
05.01.2024;PUSHRKV.ru
05.01.2024;PUSTORADITSY.ru
05.01.2024;PUTIN-RF.ru
05.01.2024;PUTNIK-STUDIO.ru
05.01.2024;PVP-EPOHA.ru
05.01.2024;PWPVE.ru
05.01.2024;Q3-Q4.ru
05.01.2024;Q3Q4.ru
05.01.2024;QBRP.ru
05.01.2024;QGEJIF.ru
05.01.2024;QGTKAH.ru
05.01.2024;QK7P.ru
05.01.2024;QOVVRN.ru
05.01.2024;QPKVARTIRY.ru
05.01.2024;QRVEJIYY.ru
05.01.2024;QRWFIJVA.ru
05.01.2024;QTDEV.ru
05.01.2024;QUANTUM-CONSTRUCTOR.ru
05.01.2024;QUHT.ru
05.01.2024;RABOTA-INVA.ru
05.01.2024;RABOTA-REGIONA.ru
05.01.2024;RABOTAINVA.ru
05.01.2024;RABOTAREGIONA.ru
05.01.2024;RADCHENKO-PHOTO.ru
05.01.2024;RADIATOR178.ru
05.01.2024;RADUGA-DS.ru
05.01.2024;RAHMADEEV.ru
05.01.2024;RAHTAROV.ru
05.01.2024;RAPID-TRADE.ru
05.01.2024;RARK31.ru
05.01.2024;RASBY.ru
05.01.2024;RASKAPSHIK.ru
05.01.2024;RASP-IV-ALKA.ru
05.01.2024;RASPIVALKA.ru
05.01.2024;RAVEKING.ru
05.01.2024;RAYKAEVENT.ru
05.01.2024;RCCT2017.ru
05.01.2024;RE-SV.ru
05.01.2024;REAL-RUSSIA.ru
05.01.2024;REALCHECKSITE.ru
05.01.2024;REALITYMAG.ru
05.01.2024;REALMADRID-STAVKA.ru
05.01.2024;REALTOR-PK.ru
05.01.2024;REALTORPK.ru
05.01.2024;REBEER.ru
05.01.2024;REDRIDE.ru
05.01.2024;REDSOX54.ru
05.01.2024;REG174RUS.ru
05.01.2024;REKRUTING22.ru
05.01.2024;RELOEUROPA.ru
05.01.2024;REMAKE-TO.ru
05.01.2024;REMIXZN.ru
05.01.2024;REMKT.ru
05.01.2024;REMONT-CATERPILLAR.ru
05.01.2024;REMONT-RVD.ru
05.01.2024;REMONT-STIRALOK42.ru
05.01.2024;REMONT450.ru
05.01.2024;REMONTROS.ru
05.01.2024;REMONTTO4KA.ru
05.01.2024;REMTNVD.ru
05.01.2024;REMUTWUZZORSM24.ru
05.01.2024;RENT-GLOW.ru
05.01.2024;REPETITOR71.ru
05.01.2024;REPUBLIC-OF-GAMES.ru
05.01.2024;RESETVAPE.ru
05.01.2024;RESPECT-RECIPE.ru
05.01.2024;RESPECTRECIPE.ru
05.01.2024;RESTORANKIN.ru
05.01.2024;RESWORLD.ru
05.01.2024;RETOXCIN.ru
05.01.2024;RETROGRAD-STUDIO.ru
05.01.2024;REWARDS-FF-GARENU.ru
05.01.2024;REWARDS-GARENAA-FF.ru
05.01.2024;REWINTIM.ru
05.01.2024;REZA220.ru
05.01.2024;REZUNOVA-NORILSK.ru
05.01.2024;RF-SIGMA.ru
05.01.2024;RGEKOBD.ru
05.01.2024;RGOMOZOV.ru
05.01.2024;RHDSHI31.ru
05.01.2024;RI-51.ru
05.01.2024;RIAZANOVNIK.ru
05.01.2024;RIGHTJOBBD.ru
05.01.2024;RIM-H.ru
05.01.2024;RIMK05.ru
05.01.2024;RINAT-FREE.ru
05.01.2024;RINGO-BELLS.ru
05.01.2024;RINGTONARIUM.ru
05.01.2024;RINOPLASTIKA-VSEM.ru
05.01.2024;RITZ-HOUSE.ru
05.01.2024;RITZHOUSE.ru
05.01.2024;RIZOLIN-FS.ru
05.01.2024;RJASKIN.ru
05.01.2024;RKAMASTER.ru
05.01.2024;RKISHIEV.ru
05.01.2024;ROADTEL.ru
05.01.2024;ROBOT-APP.ru
05.01.2024;ROCHILOV.ru
05.01.2024;ROCKETA-QUEEN.ru
05.01.2024;ROCKETDONATE.ru
05.01.2024;ROMANOVSKAYA09.ru
05.01.2024;ROMANSAVCHENKO.ru
05.01.2024;ROMZERA.ru
05.01.2024;RONINLONGPRO.ru
05.01.2024;ROO-KROOG.ru
05.01.2024;ROSLESRF.ru
05.01.2024;ROYALESCORTS.ru
05.01.2024;ROZANOVA-7.ru
05.01.2024;RPLUSN.ru
05.01.2024;RPWEB.ru
05.01.2024;RSPENISCH.ru
05.01.2024;RTS-DV.ru
05.01.2024;RTSDV.ru
05.01.2024;RU-ID0947.ru
05.01.2024;RU-SECURITY7746.ru
05.01.2024;RU-TL.ru
05.01.2024;RU-VTB.ru
05.01.2024;RUB-RMB.ru
05.01.2024;RUBASHKI76.ru
05.01.2024;RUBINLAR.ru
05.01.2024;RUKAV-ALFAGOMMA.ru
05.01.2024;RUKAV-PARKER.ru
05.01.2024;RUMAMBABOT.ru
05.01.2024;RUS-2147.ru
05.01.2024;RUS-MONITORING.ru
05.01.2024;RUS-PRAZD.ru
05.01.2024;RUS-SERIAL1.ru
05.01.2024;RUS23K.ru
05.01.2024;RUS247001-1.ru
05.01.2024;RUSAUTOTRASSA.ru
05.01.2024;RUSIKH.ru
05.01.2024;RUSLAN-YAKUSHEV.ru
05.01.2024;RUSLAN77.ru
05.01.2024;RUSPODOLOG.ru
05.01.2024;RUSSIA-SERIAL.ru
05.01.2024;RUSSKIY-D.ru
05.01.2024;RUST-TATARSTAN.ru
05.01.2024;RUSTINFINITY.ru
05.01.2024;RUSTOR-DOWNLOADS.ru
05.01.2024;RUSTRADEMISSION.ru
05.01.2024;RYBALKA65.ru
05.01.2024;RYKHLIK-DESIGN.ru
05.01.2024;RZARIFOV.ru
05.01.2024;S-ERMILOVA.ru
05.01.2024;S18F.ru
05.01.2024;S3KOGALYM.ru
05.01.2024;SABINA-STUDY.ru
05.01.2024;SABRINVEST.ru
05.01.2024;SAFARGALIEV.ru
05.01.2024;SAFARIMEDIA.ru
05.01.2024;SAFLANDYSH.ru
05.01.2024;SAIT1.ru
05.01.2024;SAKIT7.ru
05.01.2024;SAKURA-ROLL.ru
05.01.2024;SALEONLINECHEAP2024.ru
05.01.2024;SALES-STRUCTURE.ru
05.01.2024;SALTWATER-FISH.ru
05.01.2024;SAMARA-PM.ru
05.01.2024;SAMSUNG-SMART-SWITCH.ru
05.01.2024;SANDR1184.ru
05.01.2024;SANMOSKI.ru
05.01.2024;SARFISH.ru
05.01.2024;SARMAT-EXPRESS.ru
05.01.2024;SATLAVPROD.ru
05.01.2024;SAVABEAUTYSALON.ru
05.01.2024;SAVAOPEN.ru
05.01.2024;SAYAANAESTATE.ru
05.01.2024;SBERBANK-MONEYBACK.ru
05.01.2024;SBOR-BAZY.ru
05.01.2024;SBRIGADA.ru
05.01.2024;SCARIONE.ru
05.01.2024;SCH-CD.ru
05.01.2024;SCHEPETOV.ru
05.01.2024;SCHOOL11NUR.ru
05.01.2024;SCHOOLMASTERY.ru
05.01.2024;SCHOOLOFMAGICIANS.ru
05.01.2024;SCM-ALCO.ru
05.01.2024;SCM-CONSULTING.ru
05.01.2024;SCOOP-OPT.ru
05.01.2024;SDD-REDUT.ru
05.01.2024;SDELKA7371.ru
05.01.2024;SDFEQRRFDSFD.ru
05.01.2024;SDOLDIN.ru
05.01.2024;SEARCHP.ru
05.01.2024;SEASIDE-PREMIUM.ru
05.01.2024;SECTOR-SPORT.ru
05.01.2024;SEF19.ru
05.01.2024;SEHMETSVD.ru
05.01.2024;SELF-LOVE-CENTR.ru
05.01.2024;SELFDESK.ru
05.01.2024;SELFMADE-STUDIO-SALON.ru
05.01.2024;SEMAKI.ru
05.01.2024;SEMENA-SIBIRI54.ru
05.01.2024;SENVIBOOST.ru
05.01.2024;SEOSON.ru
05.01.2024;SEPTIK-TOPAS-ROSTOV.ru
05.01.2024;SEPTIK-TOPAS-SOCHI.ru
05.01.2024;SERERO.ru
05.01.2024;SERGEIPANOV.ru
05.01.2024;SERGEYSUTKOVOY.ru
05.01.2024;SERGHSMILE.ru
05.01.2024;SERVICE-4576.ru
05.01.2024;SERVICE-ID4165RU.ru
05.01.2024;SERVICEMTZ.ru
05.01.2024;SETAMCOMMLNITY.ru
05.01.2024;SEX277.ru
05.01.2024;SFERABASKET.ru
05.01.2024;SFIPI.ru
05.01.2024;SGOVORTREIDEROV.ru
05.01.2024;SHADOW-BOX.ru
05.01.2024;SHADT-SGART.ru
05.01.2024;SHAEKHOV.ru
05.01.2024;SHAIBA5.ru
05.01.2024;SHAKHOVSKAYA-ANNA.ru
05.01.2024;SHAKLEINAPHOTO.ru
05.01.2024;SHAMILSCHOOL.ru
05.01.2024;SHAMITOVA.ru
05.01.2024;SHARMINFO.ru
05.01.2024;SHATER4YOU.ru
05.01.2024;SHATURNAYA.ru
05.01.2024;SHAWEETY44.ru
05.01.2024;SHCH2024.ru
05.01.2024;SHELEMBA.ru
05.01.2024;SHINDIK.ru
05.01.2024;SHISHKINLOG.ru
05.01.2024;SHKINA.ru
05.01.2024;SHKION.ru
05.01.2024;SHKOLA-DLYA-VSEH.ru
05.01.2024;SHOKOTKO-1.ru
05.01.2024;SHOP-NIMFA.ru
05.01.2024;SHOPMYPRO.ru
05.01.2024;SHOPSONLINECHEAP2024.ru
05.01.2024;SHPITALEV.ru
05.01.2024;SHTOPOROV.ru
05.01.2024;SHTUKATUR-58.ru
05.01.2024;SHULIMOVANDREY.ru
05.01.2024;SHUNAWOW.ru
05.01.2024;SHVATOVA.ru
05.01.2024;SIBAFF.ru
05.01.2024;SIBIRHEALTH.ru
05.01.2024;SIBUMI-NAILS.ru
05.01.2024;SID-AV.ru
05.01.2024;SIGNFLOW.ru
05.01.2024;SIM-LIFT.ru
05.01.2024;SIMANTYEV.ru
05.01.2024;SIMMONN.ru
05.01.2024;SIMONOVLAB.ru
05.01.2024;SINGH-1.ru
05.01.2024;SIR-SATTAROV.ru
05.01.2024;SITEGALLERY.ru
05.01.2024;SITOWEB.ru
05.01.2024;SIZAM-TECHNOLOGY.ru
05.01.2024;SIZAMTECHNOLOGY.ru
05.01.2024;SK-REMONTKVARTIR.ru
05.01.2024;SKECHTR.ru
05.01.2024;SKETCH-PLANS.ru
05.01.2024;SKETCHPLANS.ru
05.01.2024;SKF-T.ru
05.01.2024;SKIDKA-CARCAM.ru
05.01.2024;SKIDKA-SVITERA.ru
05.01.2024;SKLIEY.ru
05.01.2024;SKM-BUH.ru
05.01.2024;SKM-LAWER.ru
05.01.2024;SKM-PTO.ru
05.01.2024;SKM-SALES.ru
05.01.2024;SKM-SUPPLY.ru
05.01.2024;SKOBEL-CANDY.ru
05.01.2024;SKOLCHIN.ru
05.01.2024;SKORDULI.ru
05.01.2024;SKR9102202.ru
05.01.2024;SKU86.ru
05.01.2024;SKUPKAAVTO59.ru
05.01.2024;SKUSHOP86.ru
05.01.2024;SLADKIJ-PODAROK.ru
05.01.2024;SLADKOZALILREG55.ru
05.01.2024;SLAUMA.ru
05.01.2024;SLEEP-BAG-SHOP.ru
05.01.2024;SLELIKOV.ru
05.01.2024;SLIMFITNICE.ru
05.01.2024;SLIVANNYSIK.ru
05.01.2024;SLIVKOED.ru
05.01.2024;SLIVSVB.ru
05.01.2024;SLK-SKM.ru
05.01.2024;SLOANLBL.ru
05.01.2024;SLOLOOVOPACANA.ru
05.01.2024;SLOLOOVOPACANA1-8.ru
05.01.2024;SLOOVO-PACONA.ru
05.01.2024;SLOTY-VAVADA.ru
05.01.2024;SLOVO-PACONA-VSE.ru
05.01.2024;SLOVO-PACONA1-8.ru
05.01.2024;SLOVO-PACONAA8.ru
05.01.2024;SLOVO-PATCONA.ru
05.01.2024;SLOVO-PATCONA8S.ru
05.01.2024;SLOVOO-PACANH.ru
05.01.2024;SLOVOOPACANH.ru
05.01.2024;SLOVOPACANAIORU.ru
05.01.2024;SLOVOPACANAOU.ru
05.01.2024;SLOVOPACANEU.ru
05.01.2024;SLOVOPACANEUVSE.ru
05.01.2024;SLOVOPACANQ.ru
05.01.2024;SLOVOPACANRV.ru
05.01.2024;SLOVOPACANUQ.ru
05.01.2024;SLOVOPACANWAE.ru
05.01.2024;SLOVOPACANWARU.ru
05.01.2024;SLOVOPACANWE.ru
05.01.2024;SLOVOPACANWQE.ru
05.01.2024;SLOVOPACANWVSE.ru
05.01.2024;SLOVOPACENQA.ru
05.01.2024;SLOVOPACONA8.ru
05.01.2024;SLOVOPACONE.ru
05.01.2024;SLOVOPACONV.ru
05.01.2024;SLOVOPOCANEV.ru
05.01.2024;SLOVOPOCANV.ru
05.01.2024;SM-YA.ru
05.01.2024;SMALLBIZTRENDS.ru
05.01.2024;SMANAKIN.ru
05.01.2024;SMARTEDUINSIGHTS.ru
05.01.2024;SMARTHOME39.ru
05.01.2024;SMARTHOMEKLD.ru
05.01.2024;SMARTI-SHKOLA.ru
05.01.2024;SMARTLINK-PAGE.ru
05.01.2024;SMARTSTUDYTECH.ru
05.01.2024;SMCJE.ru
05.01.2024;SMENA-GAME.ru
05.01.2024;SMETANABEZ.ru
05.01.2024;SMGROUPPROJECT.ru
05.01.2024;SMITEPRO.ru
05.01.2024;SMOL-LES-PSKOV.ru
05.01.2024;SMOLOCHKOV.ru
05.01.2024;SMONGUSH.ru
05.01.2024;SN1LEZ.ru
05.01.2024;SNIBE-RF.ru
05.01.2024;SNITCHXV.ru
05.01.2024;SNOS-ZDANIJ.ru
05.01.2024;SNOWBROVELO.ru
05.01.2024;SNT-VOROBUSHEK.ru
05.01.2024;SNUS-UP.ru
05.01.2024;SOBLASN.ru
05.01.2024;SOCHI-AI.ru
05.01.2024;SOCIALRITUAL.ru
05.01.2024;SOCING.ru
05.01.2024;SOFTOCRAT.ru
05.01.2024;SOGAZ-AGRO.ru
05.01.2024;SOGUWEBINAR.ru
05.01.2024;SOKGLK.ru
05.01.2024;SOLAR-CLOUD.ru
05.01.2024;SOLBEREGPARNAYA.ru
05.01.2024;SOLFEDJIO-REPETITOR.ru
05.01.2024;SOLOMINVE.ru
05.01.2024;SOSEDI-MOS.ru
05.01.2024;SOUL-SALON.ru
05.01.2024;SOVENCYCLOPEDIA.ru
05.01.2024;SOVETY-OT-PRYSHEI.ru
05.01.2024;SOYUZVKR.ru
05.01.2024;SOZOZNOVA.ru
05.01.2024;SPACE80.ru
05.01.2024;SPACERUST.ru
05.01.2024;SPACIOUSCORNER.ru
05.01.2024;SPASENIHINA.ru
05.01.2024;SPB-AI.ru
05.01.2024;SPB-OKOSHKIN812.ru
05.01.2024;SPBAVTOPROKAT.ru
05.01.2024;SPBEVROREMONT.ru
05.01.2024;SPBSONUM.ru
05.01.2024;SPBWHIEDA.ru
05.01.2024;SPECTEHNIKAKMV.ru
05.01.2024;SPECTEKHNIKA24-7.ru
05.01.2024;SPECTROFOTOMETER.ru
05.01.2024;SPEKTR-IN.ru
05.01.2024;SPICEGRIEF.ru
05.01.2024;SPORTGOS.ru
05.01.2024;SPRAVKI-MOSKVA.ru
05.01.2024;SRBMIKI.ru
05.01.2024;SROOOOIVA.ru
05.01.2024;SSAKURA.ru
05.01.2024;SSBACADEMY.ru
05.01.2024;SSHAPIGUZOV.ru
05.01.2024;SSLOVO-PACONA.ru
05.01.2024;SSOKKOLL.ru
05.01.2024;STANDSKINS.ru
05.01.2024;STANDUP-HALE.ru
05.01.2024;STARLAND1.ru
05.01.2024;STARSMONEY.ru
05.01.2024;STARTAPUS.ru
05.01.2024;STARTFAYER.ru
05.01.2024;STARTINLIFE.ru
05.01.2024;STASONY.ru
05.01.2024;STAVCOOPTEX.ru
05.01.2024;STAVKINAXBET.ru
05.01.2024;STEAMCOMNIFFY.ru
05.01.2024;STELLAR-APART.ru
05.01.2024;STEPKINATATJANA.ru
05.01.2024;STEPMANIA.ru
05.01.2024;STILNEV.ru
05.01.2024;STIM-PARQUET.ru
05.01.2024;STMARKETKAZAN.ru
05.01.2024;STO-HUB.ru
05.01.2024;STO-SAMARA.ru
05.01.2024;STO100KPD.ru
05.01.2024;STOMATOLOGYRF.ru
05.01.2024;STOP-DOLG-24.ru
05.01.2024;STOP-VSE-DOLGI-24.ru
05.01.2024;STOREFL.ru
05.01.2024;STORYOS.ru
05.01.2024;STPROKOPOV.ru
05.01.2024;STRAHOVKA-ZA-GRANITSU.ru
05.01.2024;STRANA404.ru
05.01.2024;STREL4.ru
05.01.2024;STROIKA-DOM-BRIGADA.ru
05.01.2024;STROJMATERIALY-SERPUHOV.ru
05.01.2024;STROYKUS.ru
05.01.2024;STROYMARKET-NN.ru
05.01.2024;STRUKTURA-DESIGN.ru
05.01.2024;STSYMBALJUK.ru
05.01.2024;STUDIOROBLOX.ru
05.01.2024;STURT86.ru
05.01.2024;STV-CD.ru
05.01.2024;STYLEFORMENPRO.ru
05.01.2024;SUBBORON.ru
05.01.2024;SUBNA.ru
05.01.2024;SUCCESSNAVIGATOR.ru
05.01.2024;SUCURSALDINAMICOADMINISTRATIVA.ru
05.01.2024;SULTAN-DOORS.ru
05.01.2024;SULTANDOORS.ru
05.01.2024;SULTVN.ru
05.01.2024;SUMPLEX.ru
05.01.2024;SUNARTIS.ru
05.01.2024;SUNNYKENNEL.ru
05.01.2024;SUNRISE-PORTAL.ru
05.01.2024;SUNRISE-SHKOLA-TANTSEV.ru
05.01.2024;SUNSU.ru
05.01.2024;SUPER-CONSOLE.ru
05.01.2024;SUPERBUCKYBALL.ru
05.01.2024;SUPERCONSOLE.ru
05.01.2024;SUPERCONSOLEX.ru
05.01.2024;SUPERKAKTUS.ru
05.01.2024;SUPERMAMASITAONLINE.ru
05.01.2024;SUPERMEN-CENTR.ru
05.01.2024;SUPERPROMOANIVERZARIO.ru
05.01.2024;SURDIN.ru
05.01.2024;SURGUTOFFROAD.ru
05.01.2024;SUSACHEVA.ru
05.01.2024;SUTOCHNOKVARTIRA.ru
05.01.2024;SUVAR-MSK.ru
05.01.2024;SV-EDA.ru
05.01.2024;SVARKA-82.ru
05.01.2024;SVARKOMPTZ.ru
05.01.2024;SVARNOIPICO162.ru
05.01.2024;SVECHALUX.ru
05.01.2024;SVETLANA-DOROSHENKO-REGRESSOLOG.ru
05.01.2024;SVETLANACAKES.ru
05.01.2024;SVETLANAPETROVA.ru
05.01.2024;SVETLANAUBRINSKAYA.ru
05.01.2024;SVETLANNAMEDVEDEVA.ru
05.01.2024;SVOBODA-OT-DOLGOV-24.ru
05.01.2024;SVOBODEN-OT-DOLGA2024.ru
05.01.2024;SVOJASTROYKA-ZIMA.ru
05.01.2024;SWEDISH-COSM.ru
05.01.2024;SWINGERI.ru
05.01.2024;SYKAAA-CASINO123.ru
05.01.2024;SYSTEMUPDATE.ru
05.01.2024;SYZRANTSEV.ru
05.01.2024;SZILJAK.ru
05.01.2024;T-FRAME.ru
05.01.2024;TAKECOIN.ru
05.01.2024;TALASSO45.ru
05.01.2024;TALIRUM.ru
05.01.2024;TAMTAMIA.ru
05.01.2024;TANCPOLE-MGN.ru
05.01.2024;TANKIN-YAROSLAV.ru
05.01.2024;TANKISTGOD.ru
05.01.2024;TANKTASTIC.ru
05.01.2024;TANSKAJA.ru
05.01.2024;TARANOV1.ru
05.01.2024;TAT-APP.ru
05.01.2024;TATAKOKOVIHA.ru
05.01.2024;TB-7TUDIO.ru
05.01.2024;TBAHAREV.ru
05.01.2024;TBATR.ru
05.01.2024;TCHERKASHINA.ru
05.01.2024;TD-NM.ru
05.01.2024;TEATR-EDINSTVO.ru
05.01.2024;TEBRIZ-ARKHYZ.ru
05.01.2024;TECH-SOYUZ.ru
05.01.2024;TECHLEARNINGS.ru
05.01.2024;TECO247.ru
05.01.2024;TEH-POMOSH.ru
05.01.2024;TEH-TOCHKA.ru
05.01.2024;TEKHNOFEST.ru
05.01.2024;TEKN0SAN.ru
05.01.2024;TELEFONNII-SPRAVOCHNIK-KRIMA.ru
05.01.2024;TELEGAEXEL.ru
05.01.2024;TELETALK.ru
05.01.2024;TEMNYSHEVA.ru
05.01.2024;TENLIPA.ru
05.01.2024;TENNIS-KUCHINO.ru
05.01.2024;TENSEZDXR.ru
05.01.2024;TEORYAIGR.ru
05.01.2024;TEPLOHOD-KIROVCHANKA.ru
05.01.2024;TEPLOSTROYSET.ru
05.01.2024;TERKAPHOTO.ru
05.01.2024;TERMOPORTKI.ru
05.01.2024;TESTDEPLBOTM.ru
05.01.2024;TESTEDY.ru
05.01.2024;TESTWORKENTERPRISE.ru
05.01.2024;TEX-SPEC-RHITECTOR.ru
05.01.2024;TEXATRUCKLINE.ru
05.01.2024;TEXNO-ZIMA.ru
05.01.2024;TFARTUR.ru
05.01.2024;TFVIDEO.ru
05.01.2024;TGKOEW.ru
05.01.2024;THE-HEALING-PLACE.ru
05.01.2024;THEATRE-HALE.ru
05.01.2024;THEATREINSIGHT.ru
05.01.2024;THEONEN.ru
05.01.2024;THESWEETESTSWEATERS.ru
05.01.2024;THODZHAEV.ru
05.01.2024;THOUTHMINE.ru
05.01.2024;THUNDERLAND.ru
05.01.2024;THUNDERSPIRIT.ru
05.01.2024;TI30.ru
05.01.2024;TILS-4521.ru
05.01.2024;TIM-SINGAI.ru
05.01.2024;TINKOFF-STRAHOVANIE.ru
05.01.2024;TIPS-2189.ru
05.01.2024;TIXIMAN.ru
05.01.2024;TKMIEM.ru
05.01.2024;TL-RU.ru
05.01.2024;TLISITSA.ru
05.01.2024;TLUKINA.ru
05.01.2024;TOCHAOSAGO.ru
05.01.2024;TOKAREVNICK.ru
05.01.2024;TOMATO-HOUSE.ru
05.01.2024;TOMATOUSB.ru
05.01.2024;TOP-TRAVELS.ru
05.01.2024;TOP-WRISTWATCH.ru
05.01.2024;TOP-ZAIM-MOSCOW.ru
05.01.2024;TOPAS-ROSTOV.ru
05.01.2024;TOPSIGNALS.ru
05.01.2024;TOPSORTA.ru
05.01.2024;TORIODI.ru
05.01.2024;TORISTORE.ru
05.01.2024;TORTBERI-SHOP.ru
05.01.2024;TOSHOMYASO.ru
05.01.2024;TOT-SAMIY-SITE-NIKE.ru
05.01.2024;TOTANGO.ru
05.01.2024;TOURIZZMO.ru
05.01.2024;TOW16.ru
05.01.2024;TOYO-TOP.ru
05.01.2024;TPK3DTECH.ru
05.01.2024;TPRINTWEB.ru
05.01.2024;TRADECONVEYOR.ru
05.01.2024;TRADING-STRATEGY.ru
05.01.2024;TRANSFER24P2P.ru
05.01.2024;TRANSRESERV.ru
05.01.2024;TRAUTOMSKTT.ru
05.01.2024;TRAVEL-7.ru
05.01.2024;TRAVELERPRO.ru
05.01.2024;TREENER.ru
05.01.2024;TREESAUTOLLT.ru
05.01.2024;TRHMWQK.ru
05.01.2024;TRIKONIPOLYANA.ru
05.01.2024;TRSERVICEWHATT.ru
05.01.2024;TRUCKINPARTS.ru
05.01.2024;TRUSAUTOWLLET.ru
05.01.2024;TSCZV.ru
05.01.2024;TSENTR-DERMATOLOGII-V-OKTYABRSKOM-ADMINISTRATIVNOM-OKRUGE.ru
05.01.2024;TSIFROVOJ.ru
05.01.2024;TSVETY-CHEHOVRF.ru
05.01.2024;TTVNARRKOT.ru
05.01.2024;TULA-AUTOCENTER-PLUS.ru
05.01.2024;TULSKAYA-SHAHMATNAYA-GOSTINAYA.ru
05.01.2024;TUPAI-DESIGN.ru
05.01.2024;TUR-ZIMA.ru
05.01.2024;TURKISHSERIALS.ru
05.01.2024;TURNKEY-WEBSIT-DEVELOPMENT.ru
05.01.2024;TUROVSKAYAYULIA.ru
05.01.2024;TURTLEPOLIT.ru
05.01.2024;TUTAEVYURIST.ru
05.01.2024;TUTORRIA.ru
05.01.2024;TUTSILA.ru
05.01.2024;TVERICONS.ru
05.01.2024;TVOROGOV-1.ru
05.01.2024;TVOY-VEBINAR.ru
05.01.2024;TWEBPRINTERST.ru
05.01.2024;TWERK-TWERK.ru
05.01.2024;TWWGQQER.ru
05.01.2024;TYGROVICH.ru
05.01.2024;UBAKANOVA.ru
05.01.2024;UFA-OIL.ru
05.01.2024;UGECOLOGISTIKA.ru
05.01.2024;UGKBEARING.ru
05.01.2024;UGOLNIKOVA-PRO.ru
05.01.2024;UGOLOK33.ru
05.01.2024;UGULIZADE.ru
05.01.2024;UKLADKA-ASFALTA24.ru
05.01.2024;UKRYTIE96.ru
05.01.2024;UKUENGLISH.ru
05.01.2024;ULTRA2005.ru
05.01.2024;ULTRASOURCE.ru
05.01.2024;ULYANOVSK-WINDOWS-10-SETUP.ru
05.01.2024;UMEDGROUP.ru
05.01.2024;UMNUSHKIN.ru
05.01.2024;UNCENSURING.ru
05.01.2024;UNDINANADIN.ru
05.01.2024;UNIBOX-YA.ru
05.01.2024;UNITYABKHAZIA.ru
05.01.2024;UPAKOVA.ru
05.01.2024;UR-ARENDA.ru
05.01.2024;URIST-DLYA-PENSIONEROV.ru
05.01.2024;USAFAROVA.ru
05.01.2024;USERBOTS.ru
05.01.2024;USHAKOVA-INTERIOR.ru
05.01.2024;USHAKOVAINTERIOR.ru
05.01.2024;USHIK71.ru
05.01.2024;USPEKHI-FOND.ru
05.01.2024;UVATRON.ru
05.01.2024;V1TAL2302.ru
05.01.2024;VACA6I.ru
05.01.2024;VAGANOV89.ru
05.01.2024;VALDAYSOUL.ru
05.01.2024;VALENKORUK.ru
05.01.2024;VALERISAFRONOFF.ru
05.01.2024;VALLERIE.ru
05.01.2024;VALTEC-MARKET.ru
05.01.2024;VAMEDVEDEVA.ru
05.01.2024;VAPORAJZER.ru
05.01.2024;VAPORAJZERI.ru
05.01.2024;VAPORAJZERY.ru
05.01.2024;VAPORAYZER.ru
05.01.2024;VAPORAYZERI.ru
05.01.2024;VAPORAYZERY.ru
05.01.2024;VARZEH3.ru
05.01.2024;VASHTRANS.ru
05.01.2024;VASHURINA.ru
05.01.2024;VASILJEVSC.ru
05.01.2024;VASTEROVADOLLS.ru
05.01.2024;VAVADA-5.ru
05.01.2024;VAVADA-CASINO-OFITSIALNYJ-SAJT.ru
05.01.2024;VAVADA-CASINO-VIP.ru
05.01.2024;VAVADA-COM-ZERKALO.ru
05.01.2024;VAVADA-ONLAJN.ru
05.01.2024;VAVADA-PROMOKOD.ru
05.01.2024;VAVADA-RABOCHEE-ZERKALO.ru
05.01.2024;VAVADA-RABOCHIJ-SAJT.ru
05.01.2024;VAVADA-VASINO-RABOCHEE.ru
05.01.2024;VAVADA501.ru
05.01.2024;VAVADA503.ru
05.01.2024;VAVADA508.ru
05.01.2024;VAVADA509.ru
05.01.2024;VAVADA510.ru
05.01.2024;VAVADA511.ru
05.01.2024;VAVADA517.ru
05.01.2024;VAVADA522.ru
05.01.2024;VAVADA523.ru
05.01.2024;VAVADA524.ru
05.01.2024;VAVADA541.ru
05.01.2024;VAVADA542.ru
05.01.2024;VAVADA543.ru
05.01.2024;VAVADA548.ru
05.01.2024;VAVADA575.ru
05.01.2024;VAVADA576.ru
05.01.2024;VAVADA579.ru
05.01.2024;VAVADA770.ru
05.01.2024;VAVADA771.ru
05.01.2024;VAVADA772.ru
05.01.2024;VAVADA773.ru
05.01.2024;VAVADA774.ru
05.01.2024;VAVADA776.ru
05.01.2024;VAVADA807.ru
05.01.2024;VAVADA809.ru
05.01.2024;VAVADA818.ru
05.01.2024;VAVADA847.ru
05.01.2024;VAVADA889.ru
05.01.2024;VAVADA906.ru
05.01.2024;VBUGREEV.ru
05.01.2024;VDEOUTKA.ru
05.01.2024;VDIMTS.ru
05.01.2024;VDPIXEL.ru
05.01.2024;VDXNV.ru
05.01.2024;VEDMED-ASTRO.ru
05.01.2024;VELIKVOY.ru
05.01.2024;VENTDIZAJN.ru
05.01.2024;VERDINEN.ru
05.01.2024;VERIFROSBPLAT.ru
05.01.2024;VERNADTSKOGO-CIRQ.ru
05.01.2024;VERSAO2.ru
05.01.2024;VERYBIGBOSS.ru
05.01.2024;VESELYASHCHII-GAZ.ru
05.01.2024;VESELYJ-HVOST.ru
05.01.2024;VETLUNCH.ru
05.01.2024;VFX3D.ru
05.01.2024;VGBDBR.ru
05.01.2024;VGRIVA.ru
05.01.2024;VIAGRAMIR.ru
05.01.2024;VICKTORIASUW.ru
05.01.2024;VICKTORIYA.ru
05.01.2024;VICTORBAVUR.ru
05.01.2024;VIDEOGRAFER.ru
05.01.2024;VIDEOGRAPH-SHOP.ru
05.01.2024;VIKAR-OIL.ru
05.01.2024;VIKGRH.ru
05.01.2024;VIKUPAUTO-76.ru
05.01.2024;VILENAFAT.ru
05.01.2024;VILLABIRAA62.ru
05.01.2024;VILNISS.ru
05.01.2024;VIMINAKOVA.ru
05.01.2024;VINOGRADINKAMARIN.ru
05.01.2024;VINT-SPB2005.ru
05.01.2024;VIP-DATE.ru
05.01.2024;VIP-PLEASURE.ru
05.01.2024;VIPART24.ru
05.01.2024;VIPGZ.ru
05.01.2024;VIT9Z.ru
05.01.2024;VITA-HERB.ru
05.01.2024;VITALIK-HARIN.ru
05.01.2024;VITALLIY.ru
05.01.2024;VIVA-LADIES.ru
05.01.2024;VIVAGIRLS.ru
05.01.2024;VIVATKL.ru
05.01.2024;VK-BLOCKIROVKA.ru
05.01.2024;VK-PROVERKA.ru
05.01.2024;VKUKARTSEV.ru
05.01.2024;VLADFREEDMAN.ru
05.01.2024;VLADIMIRBOBROV.ru
05.01.2024;VLADIMIRKRISTINA.ru
05.01.2024;VLADIMIROV-AV.ru
05.01.2024;VLADIMIRZOLOTO12.ru
05.01.2024;VLADKALASHNIKOV.ru
05.01.2024;VLADU30.ru
05.01.2024;VLAS-95.ru
05.01.2024;VLASOV82.ru
05.01.2024;VLEDENEVA.ru
05.01.2024;VLEJER.ru
05.01.2024;VMAREEVA.ru
05.01.2024;VMIKLYAEW.ru
05.01.2024;VMOMENTE09.ru
05.01.2024;VODA-ROMANOVSKAYA.ru
05.01.2024;VOENFORMOPT.ru
05.01.2024;VOIDMTA.ru
05.01.2024;VOIIR.ru
05.01.2024;VOLCHKOVAOLGA.ru
05.01.2024;VOLGICHI.ru
05.01.2024;VOLKOVAO1984.ru
05.01.2024;VOLTAPLEX.ru
05.01.2024;VOLVO-TRUCK67.ru
05.01.2024;VOLYAIRAZUM.ru
05.01.2024;VOOL-STUDIO.ru
05.01.2024;VOROTAITOCHKA.ru
05.01.2024;VOSTMEBEL.ru
05.01.2024;VOSTOK-DON.ru
05.01.2024;VOTE-S.ru
05.01.2024;VOVIKSTROY.ru
05.01.2024;VOXZOGO.ru
05.01.2024;VOYENNAYA-IPOTEKA.ru
05.01.2024;VOZALEL.ru
05.01.2024;VOZBUZHDAJ.ru
05.01.2024;VOZBUZHDAT.ru
05.01.2024;VPE4ERSKAYA.ru
05.01.2024;VPUTINTSEV.ru
05.01.2024;VR-MEDITACIA.ru
05.01.2024;VROLIN.ru
05.01.2024;VSEOIP.ru
05.01.2024;VSEPROSHARM.ru
05.01.2024;VSKSTRAHOVANIE.ru
05.01.2024;VSNSORTA.ru
05.01.2024;VTB-BONUS.ru
05.01.2024;VTBCREDIT.ru
05.01.2024;VTOLSTOVKE.ru
05.01.2024;VTUDOR.ru
05.01.2024;VTULKA-PRO.ru
05.01.2024;VUESP.ru
05.01.2024;VVOME.ru
05.01.2024;VYACH-KUZMIN.ru
05.01.2024;VYAZANIETOP.ru
05.01.2024;VYKUPMASHIN54.ru
05.01.2024;VYRUCHAIKAZAIM.ru
05.01.2024;VYVERT80.ru
05.01.2024;VZ-LOM.ru
05.01.2024;VZGLIAD-TASHTYP.ru
05.01.2024;VZLET-CENTR.ru
05.01.2024;W-VOTE.ru
05.01.2024;WABWEY.ru
05.01.2024;WASSILEWSKI.ru
05.01.2024;WAYKURS.ru
05.01.2024;WBANALYST.ru
05.01.2024;WEARSYNC.ru
05.01.2024;WEB-ARTOX.ru
05.01.2024;WEB-DEV-SITE.ru
05.01.2024;WEBCAM-FREE.ru
05.01.2024;WEBCAM-GIRLS-ONLINE.ru
05.01.2024;WEBSHEDEVER.ru
05.01.2024;WEBSITE-DA.ru
05.01.2024;WEBSITE-MOSCOW.ru
05.01.2024;WEBSMODEL.ru
05.01.2024;WEBVITWORK.ru
05.01.2024;WEDAGAMES.ru
05.01.2024;WEDDDEN.ru
05.01.2024;WEFIGHTDEPRESSION.ru
05.01.2024;WESTBRAUN86ZX.ru
05.01.2024;WHITE-ZUB.ru
05.01.2024;WHITEBYTE.ru
05.01.2024;WHITEDRAGON9.ru
05.01.2024;WHITEPOINTDESIGN.ru
05.01.2024;WIGSALON.ru
05.01.2024;WIKIBIO.ru
05.01.2024;WILDBERRIIEES.ru
05.01.2024;WILDJOURNEY.ru
05.01.2024;WILKTOR.ru
05.01.2024;WIND-TUNNEL.ru
05.01.2024;WINDOWSXP7811011.ru
05.01.2024;WINDROSECLUB.ru
05.01.2024;WINEDIPLOMACY.ru
05.01.2024;WINEDIPLOMAT.ru
05.01.2024;WIPSERVIS.ru
05.01.2024;WITHOUTLOVENOTCOUNT.ru
05.01.2024;WIXTOOL.ru
05.01.2024;WIZART-TOO.ru
05.01.2024;WK-UFA.ru
05.01.2024;WMOSFED.ru
05.01.2024;WOMAN-ZIMA.ru
05.01.2024;WOMEN-INSTITUTE.ru
05.01.2024;WONDERHALL.ru
05.01.2024;WOOD299.ru
05.01.2024;WORDPRESSDEV.ru
05.01.2024;WORK-ANKETA.ru
05.01.2024;WOW-LAND-CENTR.ru
05.01.2024;WPLEV.ru
05.01.2024;WREDMEDIA.ru
05.01.2024;WREVER.ru
05.01.2024;WRSN.ru
05.01.2024;X-POKERCLUB.ru
05.01.2024;X10CAPITAL.ru
05.01.2024;XANSTVA.ru
05.01.2024;XAUSTOVA.ru
05.01.2024;XCPTN.ru
05.01.2024;XDSGN.ru
05.01.2024;XEROXSERVICE.ru
05.01.2024;XGBELLOWS.ru
05.01.2024;XH4L3.ru
05.01.2024;XISTOR.ru
05.01.2024;XNTOHX.ru
05.01.2024;XOHIGHHEELS.ru
05.01.2024;XOLOP2-2023.ru
05.01.2024;XOLOP2-2024.ru
05.01.2024;XOLOP2023.ru
05.01.2024;XRAEK.ru
05.01.2024;XSTYLE-SHOP.ru
05.01.2024;XTK61.ru
05.01.2024;XXX-AI.ru
05.01.2024;YAKOV-IGOREVICH.ru
05.01.2024;YAKUNINN.ru
05.01.2024;YAKUSHEVAPROJECT.ru
05.01.2024;YALTAALEXANDER.ru
05.01.2024;YAMANTAKI.ru
05.01.2024;YAMSKIH-DESING.ru
05.01.2024;YAMUSTER.ru
05.01.2024;YANDEX-BUSINESS-PROMO.ru
05.01.2024;YANDEXD-KLOUN.ru
05.01.2024;YANDEXRIDER.ru
05.01.2024;YANINA-SALON.ru
05.01.2024;YAX07.ru
05.01.2024;YBORISOVP.ru
05.01.2024;YCHITELYA922.ru
05.01.2024;YEAGERTITAN.ru
05.01.2024;YNOVKA.ru
05.01.2024;YOCHESS.ru
05.01.2024;YOGA-MONIKL.ru
05.01.2024;YOOAI.ru
05.01.2024;YOOCLOUD.ru
05.01.2024;YOOIOT.ru
05.01.2024;YOUR-BLISS.ru
05.01.2024;YOUR-PERFECTION.ru
05.01.2024;YOURREALITY.ru
05.01.2024;YSENJU.ru
05.01.2024;YUG-KEJTERING.ru
05.01.2024;YULCHE16.ru
05.01.2024;YULDASHEVATATIANA.ru
05.01.2024;Z-VTB.ru
05.01.2024;ZABOTAOMIRE.ru
05.01.2024;ZAGRANPOEZDKI.ru
05.01.2024;ZAIKA-B-DAY.ru
05.01.2024;ZAIM-BOOSTY.ru
05.01.2024;ZAJTSEV-K.ru
05.01.2024;ZAKAZ-713812.ru
05.01.2024;ZAKAZ7371.ru
05.01.2024;ZAKAZAUTO41.ru
05.01.2024;ZAKRZHEVSKIJ-PRO.ru
05.01.2024;ZALALOV.ru
05.01.2024;ZAMOKMASTER18.ru
05.01.2024;ZAPLATIL-DOLG-2024.ru
05.01.2024;ZAPOVOROTOM.ru
05.01.2024;ZARJANKIN.ru
05.01.2024;ZAROBJTAT82.ru
05.01.2024;ZAYAVKA1.ru
05.01.2024;ZAYEDHR.ru
05.01.2024;ZDOROB48.ru
05.01.2024;ZEMTZM.ru
05.01.2024;ZEVS-STORE.ru
05.01.2024;ZF-LIFETEC.ru
05.01.2024;ZFLIFETEC.ru
05.01.2024;ZH1GULIN.ru
05.01.2024;ZH3SRT.ru
05.01.2024;ZHANMILIMEROV.ru
05.01.2024;ZHIRKOVA-ILLUSTRATION.ru
05.01.2024;ZHIVI-V-KAIF.ru
05.01.2024;ZHK-ONLINE.ru
05.01.2024;ZHUKOV-FINCON.ru
05.01.2024;ZIBUNOVA.ru
05.01.2024;ZIGMAACTING.ru
05.01.2024;ZILAIMYC.ru
05.01.2024;ZINVAPEL.ru
05.01.2024;ZMI946.ru
05.01.2024;ZMIERSK.ru
05.01.2024;ZNAFASBEKOVA.ru
05.01.2024;ZNAKOMSTVE.ru
05.01.2024;ZO-V.ru
05.01.2024;ZO-VI.ru
05.01.2024;ZOLOTOI-OVEN.ru
05.01.2024;ZOLOTOJ-ULEJ-REST.ru
05.01.2024;ZV-ANIMATOR.ru
05.01.2024;ZVM-PRO.ru
06.01.2024;050124.ru
06.01.2024;0877.ru
06.01.2024;09Q.ru
06.01.2024;1-8SLOVO-PACONA.ru
06.01.2024;1-LITR.ru
06.01.2024;10-LITROV.ru
06.01.2024;1000-RSB.ru
06.01.2024;10000-BC-DOUBLEMAXRU.ru
06.01.2024;100OSAGO.ru
06.01.2024;101SITE.ru
06.01.2024;11STYLEV.ru
06.01.2024;1DOM-VL.ru
06.01.2024;1FLASH.ru
06.01.2024;1HOSTINGI.ru
06.01.2024;1POPCORN.ru
06.01.2024;1WIN-MIRROR12.ru
06.01.2024;20-LITROV.ru
06.01.2024;200-LITROV.ru
06.01.2024;200LITROV.ru
06.01.2024;2024GREENDRAGON.ru
06.01.2024;2114-ZIMA.ru
06.01.2024;21DQMBR.ru
06.01.2024;23BOX.ru
06.01.2024;24-7P.ru
06.01.2024;24-7RU.ru
06.01.2024;24-PU.ru
06.01.2024;24-TRACK.ru
06.01.2024;24HUSBANDTOGO.ru
06.01.2024;24SAMSA.ru
06.01.2024;29HZ.ru
06.01.2024;2CSGO.ru
06.01.2024;2DEATH.ru
06.01.2024;2GLO.ru
06.01.2024;2HOLOP2024.ru
06.01.2024;2YURISTA.ru
06.01.2024;3D-ONLINEFIT.ru
06.01.2024;3D-WB.ru
06.01.2024;3D-WORLDSTICKET.ru
06.01.2024;3HTIM7Y.ru
06.01.2024;3V-AGENCY.ru
06.01.2024;4C518KB.ru
06.01.2024;4EV3R.ru
06.01.2024;4GDR.ru
06.01.2024;4RING.ru
06.01.2024;4VAG.ru
06.01.2024;5-LITROV.ru
06.01.2024;5003044.ru
06.01.2024;56T1EVN.ru
06.01.2024;66NEURO.ru
06.01.2024;75W90.ru
06.01.2024;77MEB.ru
06.01.2024;7DOLLARS.ru
06.01.2024;7KCASINOONLINE.ru
06.01.2024;805NMZG.ru
06.01.2024;8201.ru
06.01.2024;90K-YETIRU.ru
06.01.2024;9600BAUD.ru
06.01.2024;9771934244.ru
06.01.2024;A-STYLE-59.ru
06.01.2024;A-VOTTING.ru
06.01.2024;A56JQO4.ru
06.01.2024;A7ZU4XC.ru
06.01.2024;AAACOPYBAGS.ru
06.01.2024;AAAREPLICABAGS.ru
06.01.2024;AASOBOL.ru
06.01.2024;AB-TEST.ru
06.01.2024;ABALAKOFF.ru
06.01.2024;ABCDEM.ru
06.01.2024;ABDULLINASTYLE.ru
06.01.2024;ABERNAD.ru
06.01.2024;ABJIBP.ru
06.01.2024;ABLJAZOV.ru
06.01.2024;ABRAMELINA.ru
06.01.2024;ABRAND-GROUP.ru
06.01.2024;ABSOLUTPAYS.ru
06.01.2024;AC-CHERY186.ru
06.01.2024;AC-HAVAL186.ru
06.01.2024;ACELLE.ru
06.01.2024;ACGAPS.ru
06.01.2024;ACRT2L0.ru
06.01.2024;ACSMOBILE.ru
06.01.2024;ACSMOBILEOPT.ru
06.01.2024;ACTIVEPULSE.ru
06.01.2024;ADEILLE.ru
06.01.2024;ADELHUND.ru
06.01.2024;ADELICIOUSHOUSE.ru
06.01.2024;ADMIRAL-INVEST.ru
06.01.2024;ADMIRAL-PERM.ru
06.01.2024;ADMIRAL-STAR.ru
06.01.2024;ADMIRAL-YAR.ru
06.01.2024;ADMIRALISSIMUS.ru
06.01.2024;ADMIRALSKYI.ru
06.01.2024;ADMOBILKALUGA.ru
06.01.2024;ADNEWSCONNECT.ru
06.01.2024;ADPANTELEEV.ru
06.01.2024;ADS-BOARD-KZ.ru
06.01.2024;ADSTURBINE.ru
06.01.2024;ADVODEFENCE.ru
06.01.2024;ADVOKAT-VEREMEY.ru
06.01.2024;ADVOKATEVRN.ru
06.01.2024;AEK88.ru
06.01.2024;AELITASEMENA.ru
06.01.2024;AEROECSPRESS.ru
06.01.2024;AEROEKXPRESS.ru
06.01.2024;AEROEXPESS.ru
06.01.2024;AEROEXRESS.ru
06.01.2024;AFAN76.ru
06.01.2024;AFESPRO.ru
06.01.2024;AFILINOVA.ru
06.01.2024;AFILIPPOVICH.ru
06.01.2024;AFM-HOSTING.ru
06.01.2024;AFRAME-K.ru
06.01.2024;AFTERPUTIN.ru
06.01.2024;AGATFASAD.ru
06.01.2024;AGE-GUARD.ru
06.01.2024;AGEGUARD.ru
06.01.2024;AGENCYAGK.ru
06.01.2024;AGLYCK.ru
06.01.2024;AGONCHIKOVA.ru
06.01.2024;AHEXFOP.ru
06.01.2024;AHMED-NATALYKONDRA86.ru
06.01.2024;AI-TG.ru
06.01.2024;AIFRAME.ru
06.01.2024;AILITA-SEMENA.ru
06.01.2024;AILITASEMENA.ru
06.01.2024;AIMARABIZNESATOMI.ru
06.01.2024;AIRBNB-HELP.ru
06.01.2024;AIROEXPRESS.ru
06.01.2024;AITARO.ru
06.01.2024;AITEQ.ru
06.01.2024;AIXPHARM.ru
06.01.2024;AIZVON.ru
06.01.2024;AJBTIE.ru
06.01.2024;AJEQR.ru
06.01.2024;AJIBFT.ru
06.01.2024;AJIBTC.ru
06.01.2024;AJKZK.ru
06.01.2024;AJZVJJ.ru
06.01.2024;AKB03.ru
06.01.2024;AKB14.ru
06.01.2024;AKB25.ru
06.01.2024;AKB28.ru
06.01.2024;AKB75.ru
06.01.2024;AKBARYUSUPOV.ru
06.01.2024;AKBULAKSOSH3.ru
06.01.2024;AKCENTKRASOTA-PROMO2.ru
06.01.2024;AKLAVESIN.ru
06.01.2024;AKONKOVA.ru
06.01.2024;AKOSENKOV.ru
06.01.2024;AKPROMO23.ru
06.01.2024;AKT-NEDV.ru
06.01.2024;AKTUALCONT.ru
06.01.2024;ALAVTOLIGHT.ru
06.01.2024;ALEKSANDR-OS.ru
06.01.2024;ALEKSANDRAA.ru
06.01.2024;ALEKSANDRPILOVETS.ru
06.01.2024;ALENA-KUMARYA.ru
06.01.2024;ALENAKALININA.ru
06.01.2024;ALENAWISE.ru
06.01.2024;ALESYAKHROMEY.ru
06.01.2024;ALESYARAI.ru
06.01.2024;ALEX-UTKIN.ru
06.01.2024;ALEX4GAME.ru
06.01.2024;ALEXANDER-PISKUNOV.ru
06.01.2024;ALEXC.ru
06.01.2024;ALEXEY-KLEYMENOV.ru
06.01.2024;ALEXNEMYNOV.ru
06.01.2024;ALEXNINE.ru
06.01.2024;ALEXVISH.ru
06.01.2024;ALFASEMINAR081223.ru
06.01.2024;ALKO-STOP-NN.ru
06.01.2024;ALL-HOSTINGI.ru
06.01.2024;ALLCITYBROKER.ru
06.01.2024;ALM-SERVICE.ru
06.01.2024;ALPA-UTILS.ru
06.01.2024;ALPHA-MC.ru
06.01.2024;ALPHA-PE.ru
06.01.2024;ALPHASTUDIO-PROD.ru
06.01.2024;ALTAIAUTOTOUR.ru
06.01.2024;ALTAYA-SEMENA.ru
06.01.2024;ALTAYASEMENA.ru
06.01.2024;ALTEC-ST.ru
06.01.2024;ALUPTON.ru
06.01.2024;AM2MIK.ru
06.01.2024;AMAEVA1984.ru
06.01.2024;AMAHANEVA.ru
06.01.2024;AMAKARETS.ru
06.01.2024;AMAWIT.ru
06.01.2024;AMBASENMOS.ru
06.01.2024;AMBEERS.ru
06.01.2024;AMBERFISHING.ru
06.01.2024;AMBERHONEY.ru
06.01.2024;AMBERLOOT.ru
06.01.2024;AMBERTRAVELS.ru
06.01.2024;AMDMAX.ru
06.01.2024;AMERICAN-MOVE.ru
06.01.2024;AMMACODER.ru
06.01.2024;AMODIN.ru
06.01.2024;AMORELLE.ru
06.01.2024;AMSONLINE.ru
06.01.2024;ANAGINA.ru
06.01.2024;ANASTASIAHAPPY.ru
06.01.2024;AND4089.ru
06.01.2024;ANDREI-K.ru
06.01.2024;ANDREJKULESHOV.ru
06.01.2024;ANICMS.ru
06.01.2024;ANIMEII.ru
06.01.2024;ANISABAKERY.ru
06.01.2024;ANKARIAN-MC.ru
06.01.2024;ANNA-PSYHOLOG.ru
06.01.2024;ANNAGREY.ru
06.01.2024;ANNAKONIUHOVA.ru
06.01.2024;ANNAKONOL.ru
06.01.2024;ANNAKULAKOVA.ru
06.01.2024;ANNAPSYHOLOG.ru
06.01.2024;ANO-STEP.ru
06.01.2024;ANTA-KUZ.ru
06.01.2024;ANTONBOBKOV.ru
06.01.2024;ANTONDOMNITSKIY.ru
06.01.2024;ANTONHIN.ru
06.01.2024;ANTONILIN0882.ru
06.01.2024;ANTONOVKA-KONKURS.ru
06.01.2024;ANTONY29.ru
06.01.2024;ANTUSHEVA.ru
06.01.2024;ANYBES.ru
06.01.2024;ANYWIG.ru
06.01.2024;APALMIN.ru
06.01.2024;APART-FRESH.ru
06.01.2024;APARTMENTS38.ru
06.01.2024;APARULAVA.ru
06.01.2024;APELSEAN28.ru
06.01.2024;APITUT.ru
06.01.2024;APKPO.ru
06.01.2024;APPLE-VPN.ru
06.01.2024;APPLEKART.ru
06.01.2024;APPPPP.ru
06.01.2024;APTEKA-R.ru
06.01.2024;AQORDA.ru
06.01.2024;AQUASABI.ru
06.01.2024;AQUASTYLERUSSIA.ru
06.01.2024;ARA-INCO.ru
06.01.2024;ARAMBOLSK.ru
06.01.2024;ARAMEO.ru
06.01.2024;ARBALETMEB.ru
06.01.2024;ARBOCRM.ru
06.01.2024;ARBOINFO.ru
06.01.2024;ARBOSHOP.ru
06.01.2024;ARCH-VSOYOUZE.ru
06.01.2024;ARCHABDULLAEV.ru
06.01.2024;ARCHYZ.ru
06.01.2024;ARCPAY.ru
06.01.2024;ARENDA-MULCHER.ru
06.01.2024;ARENDA-TK.ru
06.01.2024;AREONMINE.ru
06.01.2024;ARGUNSKIY.ru
06.01.2024;ARHITECTOFSITES.ru
06.01.2024;ARIADNAFINANCE.ru
06.01.2024;ARMANI4.ru
06.01.2024;ARMORYSTORE.ru
06.01.2024;AROEXPRESS.ru
06.01.2024;AROMESTORE.ru
06.01.2024;ARROEXPRESS.ru
06.01.2024;ARSAUL-HOTEL.ru
06.01.2024;ARSUHINARS.ru
06.01.2024;ART-IRKUTSK.ru
06.01.2024;ART-MOONSAND.ru
06.01.2024;ART-PICASSO.ru
06.01.2024;ART-SPECTRUM.ru
06.01.2024;ARTASTYLE.ru
06.01.2024;ARTCOASTDESIGN.ru
06.01.2024;ARTCOASTSTUDIO.ru
06.01.2024;ARTICLE-HACK.ru
06.01.2024;ARTPATRIOT.ru
06.01.2024;ARTPENOPLAST.ru
06.01.2024;ARTSMIRNOFF.ru
06.01.2024;ARTTL.ru
06.01.2024;ARTUSHA.ru
06.01.2024;AS-MARKELOVA.ru
06.01.2024;ASAFIULLINA.ru
06.01.2024;ASAMODUROV.ru
06.01.2024;ASAPRONOV.ru
06.01.2024;ASEDENKOVA.ru
06.01.2024;ASEKSEMBAEV.ru
06.01.2024;ASHVARTSMAN.ru
06.01.2024;ASITKOV.ru
06.01.2024;ASKO63.ru
06.01.2024;ASPHALTSTROI.ru
06.01.2024;ASPIRE-VIRGO.ru
06.01.2024;ASSAY-PAGE.ru
06.01.2024;ASSISTX.ru
06.01.2024;ASSLINE.ru
06.01.2024;ASSOLITER.ru
06.01.2024;ASTAHOVAPHOTO.ru
06.01.2024;ASTERVOICE.ru
06.01.2024;ASTRONOAERO.ru
06.01.2024;ATEREHINA.ru
06.01.2024;ATIAYTON.ru
06.01.2024;ATOM-KOMPLEKT.ru
06.01.2024;AURORACASINOONLINE.ru
06.01.2024;AUTENKO.ru
06.01.2024;AUTH-UID.ru
06.01.2024;AUTO-CHINA186.ru
06.01.2024;AUTO-RAVE.ru
06.01.2024;AUTODRIVE-RUSSIA.ru
06.01.2024;AUTOPARTS35.ru
06.01.2024;AUTORAVE.ru
06.01.2024;AUTORVK.ru
06.01.2024;AVALON-GAME.ru
06.01.2024;AVATAR-WORLD.ru
06.01.2024;AVATARIAGAME.ru
06.01.2024;AVDEEVAFOTO.ru
06.01.2024;AVIATOR-2024.ru
06.01.2024;AVIATRIKS.ru
06.01.2024;AVITONSM.ru
06.01.2024;AVITOSVN.ru
06.01.2024;AVJRET.ru
06.01.2024;AVLADIMIROVNA.ru
06.01.2024;AVTJKDSA.ru
06.01.2024;AVTO-GARAJ.ru
06.01.2024;AVTO-VIKUP-PERM.ru
06.01.2024;AVTODELAEM.ru
06.01.2024;AVTOZAPCHASSTI.ru
06.01.2024;AVTOZAPCHASTI1.ru
06.01.2024;AVTOZAPCHASTIZ.ru
06.01.2024;AVZXV.ru
06.01.2024;AZHIZHINA.ru
06.01.2024;AZHULINA.ru
06.01.2024;AZIZOCHKA.ru
06.01.2024;AZIZWILDBERRIES.ru
06.01.2024;B2B-CR.ru
06.01.2024;BABEL-FISH.ru
06.01.2024;BABRKITCHEN.ru
06.01.2024;BABUSHARIP.ru
06.01.2024;BACHKORTOSTAN.ru
06.01.2024;BAHKORTOSTAN.ru
06.01.2024;BAIKALNORD.ru
06.01.2024;BAKULINLIFESTYLE.ru
06.01.2024;BALASHOV-DESIGN.ru
06.01.2024;BALKON-OTDELKA-SPB.ru
06.01.2024;BANIKA-BANI67.ru
06.01.2024;BANIKA-BANI68.ru
06.01.2024;BANKROLLSTORE.ru
06.01.2024;BANNOVA1.ru
06.01.2024;BAPIN.ru
06.01.2024;BARAN1.ru
06.01.2024;BARANOVK.ru
06.01.2024;BARANYCHEV.ru
06.01.2024;BARGORA.ru
06.01.2024;BARISTAPERM.ru
06.01.2024;BASCHKORTOSTAN.ru
06.01.2024;BASHIROVA-1.ru
06.01.2024;BASKORTOSTAN.ru
06.01.2024;BASKOV-1.ru
06.01.2024;BASSEIN-IC.ru
06.01.2024;BATLAEW.ru
06.01.2024;BATUMI-TRAVEL.ru
06.01.2024;BAUMGARTNER.ru
06.01.2024;BAXILI-MOS.ru
06.01.2024;BAXILI-MOS1.ru
06.01.2024;BAXILI-MSK.ru
06.01.2024;BAXILI-MSK1.ru
06.01.2024;BAYARD-OMSK.ru
06.01.2024;BAZA-CRM.ru
06.01.2024;BAZAPOSTAVCHIK.ru
06.01.2024;BAZARAKA.ru
06.01.2024;BAZATI.ru
06.01.2024;BAZOSKIDS.ru
06.01.2024;BAZYAEVA.ru
06.01.2024;BCAKFF.ru
06.01.2024;BEATSS.ru
06.01.2024;BEDGOWNBAKEHOUSE.ru
06.01.2024;BEHTEREVKA.ru
06.01.2024;BELGOROD-LADA.ru
06.01.2024;BELOKRYLOVA.ru
06.01.2024;BELOSOROCHA.ru
06.01.2024;BENORICATS.ru
06.01.2024;BEREGBIYA.ru
06.01.2024;BESPROIGRISHNAYALOTEREYA.ru
06.01.2024;BEST-BANI.ru
06.01.2024;BEST-CS.ru
06.01.2024;BESTAVTOSTO.ru
06.01.2024;BESTCLEANERS.ru
06.01.2024;BESTFINRU.ru
06.01.2024;BESTSALE2024.ru
06.01.2024;BESTSALE2024FACTORY.ru
06.01.2024;BEZ-GARNIRA.ru
06.01.2024;BEZGOOS.ru
06.01.2024;BEZRUKOV-7.ru
06.01.2024;BEZSKLEEK.ru
06.01.2024;BFLQWEFB.ru
06.01.2024;BFRTA.ru
06.01.2024;BH-53.ru
06.01.2024;BH53.ru
06.01.2024;BIBLIODRUG.ru
06.01.2024;BINGO1.ru
06.01.2024;BINGOTOUR.ru
06.01.2024;BIOHACKE.ru
06.01.2024;BIOHACKERU.ru
06.01.2024;BIOHAKE.ru
06.01.2024;BIOHAKERU.ru
06.01.2024;BIRKOVA.ru
06.01.2024;BISTRIEZENGI24.ru
06.01.2024;BITMIKI.ru
06.01.2024;BITRIXTT.ru
06.01.2024;BITRIXWEB.ru
06.01.2024;BITSERVIS123.ru
06.01.2024;BITZ-CASINO-AMP2.ru
06.01.2024;BITZ-CASINO-AMP3.ru
06.01.2024;BITZ-CASINO-AMP4.ru
06.01.2024;BITZ-CASINO-AMP5.ru
06.01.2024;BIZVTP.ru
06.01.2024;BJAFDSJ.ru
06.01.2024;BJEKKZ.ru
06.01.2024;BJIEQ.ru
06.01.2024;BJTEG.ru
06.01.2024;BJZKS.ru
06.01.2024;BJZRIQ.ru
06.01.2024;BKIOHAJ.ru
06.01.2024;BLACK-GAME77.ru
06.01.2024;BLACKBIRDSTORE.ru
06.01.2024;BLAGO-SVO.ru
06.01.2024;BLAGODATSKAIA.ru
06.01.2024;BLAGOY-GROUP.ru
06.01.2024;BLAGOYGROUP.ru
06.01.2024;BLESSX7.ru
06.01.2024;BLESXAK.ru
06.01.2024;BLOOOMY.ru
06.01.2024;BLRGAME.ru
06.01.2024;BLUESEVENTY.ru
06.01.2024;BM4RKET.ru
06.01.2024;BM54.ru
06.01.2024;BNJFTE.ru
06.01.2024;BNJSSS.ru
06.01.2024;BO4AR0VAN.ru
06.01.2024;BOARD-ADS-KZ.ru
06.01.2024;BOARD-BULLETIN-KZ.ru
06.01.2024;BOARD-NOTICE-FREE-KZ.ru
06.01.2024;BOBBYHERMES.ru
06.01.2024;BOBVAL.ru
06.01.2024;BOCHKARYOVA.ru
06.01.2024;BODY-DESIGN-24.ru
06.01.2024;BODY-UNNV.ru
06.01.2024;BOEV-7.ru
06.01.2024;BOGATOV72.ru
06.01.2024;BOGDAN330.ru
06.01.2024;BOGDANOVA-NUTRITION.ru
06.01.2024;BOOK2024.ru
06.01.2024;BOOOM1.ru
06.01.2024;BOOST-LABS.ru
06.01.2024;BOOSTIKS.ru
06.01.2024;BORGICH.ru
06.01.2024;BORODKIN-7.ru
06.01.2024;BORYA199191.ru
06.01.2024;BOT-APPETITE.ru
06.01.2024;BOT1SEARCH.ru
06.01.2024;BOTALKA-SCHOOL.ru
06.01.2024;BOTAN-RENT.ru
06.01.2024;BOTANICAL-CERAMICS.ru
06.01.2024;BOTOCRYPT.ru
06.01.2024;BOTWORKSHOP.ru
06.01.2024;BOX-PROMO.ru
06.01.2024;BOXBERRY-ONLINE.ru
06.01.2024;BOXRUN.ru
06.01.2024;BOY1.ru
06.01.2024;BPESFF.ru
06.01.2024;BRAINOZAVRIKI.ru
06.01.2024;BRAMS28.ru
06.01.2024;BRAND-BROKER-IT.ru
06.01.2024;BRANDEP.ru
06.01.2024;BRANDNETREND.ru
06.01.2024;BRANDPACKAGE23.ru
06.01.2024;BRAVO43.ru
06.01.2024;BRAVOLARISTO.ru
06.01.2024;BRAZXI.ru
06.01.2024;BREMENSKIEMUZYKANTY2025.ru
06.01.2024;BRNCONQUISTJOGOS.ru
06.01.2024;BRNJ0G0NAVEGADOR.ru
06.01.2024;BRO-VTB.ru
06.01.2024;BROTHERSOFBALL.ru
06.01.2024;BROTK.ru
06.01.2024;BS-ADMIRAL.ru
06.01.2024;BUCHET.ru
06.01.2024;BUDDY-GROOM.ru
06.01.2024;BUDDY-VERSE.ru
06.01.2024;BUILDRUSSIAFORUM.ru
06.01.2024;BULKISS.ru
06.01.2024;BULLETIN-BOARD-KZ.ru
06.01.2024;BUMAGIA22.ru
06.01.2024;BURKALTSEV.ru
06.01.2024;BUSAKHIN.ru
06.01.2024;BUY-ITEM.ru
06.01.2024;BXDKACADEMY.ru
06.01.2024;BYO-TEST.ru
06.01.2024;BYSTRYJ-OTVET.ru
06.01.2024;C7Y.ru
06.01.2024;CABURA-GAME.ru
06.01.2024;CAFE-REDGRAIN.ru
06.01.2024;CAFE-WORLD.ru
06.01.2024;CAFEROSHA.ru
06.01.2024;CAKES40.ru
06.01.2024;CANAKR.ru
06.01.2024;CANELINS.ru
06.01.2024;CANON-CENTR-SUPPORT.ru
06.01.2024;CANON-I-SENSYS-LBP6000.ru
06.01.2024;CANON-I-SENSYS-LBP6020.ru
06.01.2024;CANON-I-SENSYS-LBP6020B.ru
06.01.2024;CANON-I-SENSYS-LBP6030B.ru
06.01.2024;CAR-GRAD.ru
06.01.2024;CARCARYCH.ru
06.01.2024;CARGO312.ru
06.01.2024;CARLO-POLETTI.ru
06.01.2024;CARPOFREM.ru
06.01.2024;CARZINFO.ru
06.01.2024;CASINO-GAMMA.ru
06.01.2024;CASINO-VAVADA-ONLINE3.ru
06.01.2024;CASINO-VAVADA-PLAY777X.ru
06.01.2024;CASINO-VAVADA-PLAY777XY.ru
06.01.2024;CASINO-VAVADA-PLAY7X.ru
06.01.2024;CASINO-VAVADA-WIN77.ru
06.01.2024;CASINO-VAVADA-WIN77777X.ru
06.01.2024;CASINO-VAVADA-WIN7777X.ru
06.01.2024;CASINO-VAVADA-WIN77XX.ru
06.01.2024;CASINO-VAVADA77.ru
06.01.2024;CASINO-VAVADA7777XX.ru
06.01.2024;CASINO-VAVADA777X.ru
06.01.2024;CASINOSVAVADA77777AX.ru
06.01.2024;CASINOSVAVADA7BX.ru
06.01.2024;CASINOVAVADAOF.ru
06.01.2024;CASINOX-982.ru
06.01.2024;CASSA-FADED.ru
06.01.2024;CASSA-HALES.ru
06.01.2024;CAT-CASINO-GAME.ru
06.01.2024;CAT-CASINO38.ru
06.01.2024;CAT-CASINO88A.ru
06.01.2024;CATAPP.ru
06.01.2024;CATBONUS.ru
06.01.2024;CATCASINO4.ru
06.01.2024;CATCASINO5.ru
06.01.2024;CATCASINOO.ru
06.01.2024;CATCASINOZ.ru
06.01.2024;CATSITES.ru
06.01.2024;CAWINE.ru
06.01.2024;CBMCLUB.ru
06.01.2024;CCKCOF8OFM9TC8G0PGP8.ru
06.01.2024;CDEKDOGOVORA.ru
06.01.2024;CDMID.ru
06.01.2024;CEJJKR.ru
06.01.2024;CEJJSA.ru
06.01.2024;CELESTIALCONNECTIONS11.ru
06.01.2024;CENTRGAS31.ru
06.01.2024;CEPOSSZ.ru
06.01.2024;CETTRG.ru
06.01.2024;CFSOROKIN.ru
06.01.2024;CHAIRMAN750.ru
06.01.2024;CHAMPIONPIZZA.ru
06.01.2024;CHAPTERSGAME.ru
06.01.2024;CHASISTORE.ru
06.01.2024;CHATGPT5-TURBO.ru
06.01.2024;CHATGPTSHOP.ru
06.01.2024;CHEAPSALES2024.ru
06.01.2024;CHERNOVTIMUR.ru
06.01.2024;CHESHIRKA.ru
06.01.2024;CHILLCHEESE.ru
06.01.2024;CHIN-CHIN-CAFE.ru
06.01.2024;CHINAGOODSUS.ru
06.01.2024;CHINALOGIA.ru
06.01.2024;CHINESE-PARTS.ru
06.01.2024;CHIPDIG.ru
06.01.2024;CHISTYAKOFF-12976.ru
06.01.2024;CHRISTINA-GERASKINA.ru
06.01.2024;CINEMA-MALINA.ru
06.01.2024;CISNATION.ru
06.01.2024;CITYSWAN.ru
06.01.2024;CJ86.ru
06.01.2024;CJKZ.ru
06.01.2024;CJTKR.ru
06.01.2024;CKC-OK.ru
06.01.2024;CKGTE.ru
06.01.2024;CKHBM.ru
06.01.2024;CKLAT312.ru
06.01.2024;CLAYENKITTEN.ru
06.01.2024;CLICK-HELP.ru
06.01.2024;CLICK-HELPS.ru
06.01.2024;CLICKS-HELP.ru
06.01.2024;CLIMATEPRJ.ru
06.01.2024;CLIPCAR.ru
06.01.2024;CLOUD-SRV.ru
06.01.2024;CLOUDKEEPING.ru
06.01.2024;CLOUDSTROE.ru
06.01.2024;CLUBNIKA-AQW.ru
06.01.2024;CMKTHE.ru
06.01.2024;CMQRZZ.ru
06.01.2024;CMYKCOLOR.ru
06.01.2024;COAL-WHOLESALE.ru
06.01.2024;COBADONAT.ru
06.01.2024;CODE-SENSE.ru
06.01.2024;CODEFOLIO.ru
06.01.2024;CODELABA.ru
06.01.2024;CODINGGO.ru
06.01.2024;COLLP.ru
06.01.2024;COM-DEPO.ru
06.01.2024;COMFORT-MODUL.ru
06.01.2024;COMPANIONSHIP-MSK.ru
06.01.2024;COMPANIONSHIP2024.ru
06.01.2024;CONQUEROR-MOSKOW.ru
06.01.2024;CONQUEROR-MSK.ru
06.01.2024;CONQUEROR2024.ru
06.01.2024;CONTENTBURO.ru
06.01.2024;COOLSEPTIC.ru
06.01.2024;COPULATION.ru
06.01.2024;COPYLINGO.ru
06.01.2024;COSMETIC-STYLE.ru
06.01.2024;COSMETOLOGKRSK.ru
06.01.2024;COTETCCZ.ru
06.01.2024;COURSE-SYMMETRY-STROKE.ru
06.01.2024;COURSONIX.ru
06.01.2024;COZYBEAR.ru
06.01.2024;COZYFEET.ru
06.01.2024;COZYMOON.ru
06.01.2024;CPXRG.ru
06.01.2024;CRB-VARN.ru
06.01.2024;CREDIT-RAY.ru
06.01.2024;CRIMEA-KYOKUSHIN.ru
06.01.2024;CRIMEADVOKAT.ru
06.01.2024;CRISISACADEMY.ru
06.01.2024;CRQHXSZ.ru
06.01.2024;CRUSHTEST.ru
06.01.2024;CRYSTALUNIVERSE.ru
06.01.2024;CS-GET.ru
06.01.2024;CS16-AMC.ru
06.01.2024;CUBEFRAMEWORK.ru
06.01.2024;CWLK.ru
06.01.2024;CWTIMES.ru
06.01.2024;D-PEREEZD.ru
06.01.2024;D8MEBY2.ru
06.01.2024;DAARYA.ru
06.01.2024;DADDY-1.ru
06.01.2024;DADDY-2.ru
06.01.2024;DADDY-777.ru
06.01.2024;DADDY-FUN.ru
06.01.2024;DADDY-PLAY.ru
06.01.2024;DADDY2.ru
06.01.2024;DADDYCAZIK.ru
06.01.2024;DADDYFUN.ru
06.01.2024;DADDYY.ru
06.01.2024;DAFTBRUS.ru
06.01.2024;DAFX.ru
06.01.2024;DAIJAZZU.ru
06.01.2024;DALTONIQ.ru
06.01.2024;DAMIRBOX.ru
06.01.2024;DAN1314.ru
06.01.2024;DANILINART.ru
06.01.2024;DANSEM.ru
06.01.2024;DARI-MECHTU.ru
06.01.2024;DARINAZHU.ru
06.01.2024;DARK-1WEB.ru
06.01.2024;DARK-PURPLE.ru
06.01.2024;DARKHARBOR.ru
06.01.2024;DATES-NEON.ru
06.01.2024;DATINGLOVE24.ru
06.01.2024;DATYVYHODA.ru
06.01.2024;DAVESOV.ru
06.01.2024;DAVINCIBOXING.ru
06.01.2024;DAW-SOFTWARE.ru
06.01.2024;DAXLIR.ru
06.01.2024;DAXTIME.ru
06.01.2024;DDZXCD.ru
06.01.2024;DEBET-OFFER.ru
06.01.2024;DEBOZRT.ru
06.01.2024;DEBZXV.ru
06.01.2024;DECORRITO.ru
06.01.2024;DEGRTLE.ru
06.01.2024;DEIRIDESIGN.ru
06.01.2024;DEKOR-MASTER12.ru
06.01.2024;DEL-ZAYNULLIN.ru
06.01.2024;DELAEMMOBIL.ru
06.01.2024;DELAIMONEY.ru
06.01.2024;DELIVERY-7549.ru
06.01.2024;DELIVERY-ORDER312.ru
06.01.2024;DELIVERY-WORK.ru
06.01.2024;DELIVERY217.ru
06.01.2024;DELIZHANS.ru
06.01.2024;DELSA-FASHION.ru
06.01.2024;DELUXEBAG.ru
06.01.2024;DEMITRADE.ru
06.01.2024;DEMOPVP.ru
06.01.2024;DENARO-MYBAGS.ru
06.01.2024;DENGI-V-DOLG-ZAIM.ru
06.01.2024;DENGI-VSEMM.ru
06.01.2024;DENGIMOI.ru
06.01.2024;DENIS-GOLUBEV.ru
06.01.2024;DENIS-MASLOV.ru
06.01.2024;DENISANDRIIAKIN.ru
06.01.2024;DENMIN.ru
06.01.2024;DEOXIDIZER.ru
06.01.2024;DESIGN-CRAFT.ru
06.01.2024;DESIGN-SHTORI.ru
06.01.2024;DESIGNINTERIERAMSK.ru
06.01.2024;DESMOSERVICEPARTS.ru
06.01.2024;DETSON.ru
06.01.2024;DEVICE-PRO.ru
06.01.2024;DEVISPLUS.ru
06.01.2024;DEVKATESCHMIDDY.ru
06.01.2024;DEVUSHKA-MOROZ.ru
06.01.2024;DEZARD.ru
06.01.2024;DG-BOB.ru
06.01.2024;DGTEN.ru
06.01.2024;DHITROV.ru
06.01.2024;DIANA-SYCHEVA.ru
06.01.2024;DIANOMI-LOGISTIC.ru
06.01.2024;DIANOMI-LOGISTICS.ru
06.01.2024;DIANOMILOGISTIC.ru
06.01.2024;DIANOMILOGISTICS.ru
06.01.2024;DIAPHONE.ru
06.01.2024;DICH-MAFIA.ru
06.01.2024;DIK228.ru
06.01.2024;DIMA112.ru
06.01.2024;DIMANTOSINA.ru
06.01.2024;DIMCCOY.ru
06.01.2024;DIMIKO.ru
06.01.2024;DIMKO7.ru
06.01.2024;DINA-WISDOM.ru
06.01.2024;DINATELLI.ru
06.01.2024;DIPLOM2U.ru
06.01.2024;DIPLOM4SALE.ru
06.01.2024;DIPLOMJET.ru
06.01.2024;DISCONSUL.ru
06.01.2024;DIZAYNKUHNI.ru
06.01.2024;DIZELNOE-MASLO.ru
06.01.2024;DJTKE.ru
06.01.2024;DKAPSTUD.ru
06.01.2024;DKARPUHIN.ru
06.01.2024;DKAYUMOV.ru
06.01.2024;DKBTM.ru
06.01.2024;DKJTB.ru
06.01.2024;DLYATAXI.ru
06.01.2024;DMITRIJSUVOROV.ru
06.01.2024;DMITRYDE.ru
06.01.2024;DMKZX.ru
06.01.2024;DMOSKOVKIN.ru
06.01.2024;DMT-DOM.ru
06.01.2024;DMTKW.ru
06.01.2024;DMTTY.ru
06.01.2024;DNCMOTO.ru
06.01.2024;DNEVNIK-KABINET.ru
06.01.2024;DOBROSELYE.ru
06.01.2024;DOG-BREEDS.ru
06.01.2024;DOGRZFZ.ru
06.01.2024;DOKUMENTHOTEL.ru
06.01.2024;DOLINA-YAUZI.ru
06.01.2024;DOLINAYAUZI.ru
06.01.2024;DOM-TANTSA-PROART.ru
06.01.2024;DOMA-V-IPOTEKU.ru
06.01.2024;DOMENUS990.ru
06.01.2024;DOMGATE.ru
06.01.2024;DOMMACHIN.ru
06.01.2024;DOMNAMESAND.ru
06.01.2024;DON-RP.ru
06.01.2024;DONERTUCHKOVO.ru
06.01.2024;DONTDIE.ru
06.01.2024;DOOM1.ru
06.01.2024;DOREPAY.ru
06.01.2024;DOROHIN-1.ru
06.01.2024;DOSAAF-BERDSK.ru
06.01.2024;DOSHIKRECHNAYA.ru
06.01.2024;DOSTAVKA-7459.ru
06.01.2024;DOSTAVKA-FLUX.ru
06.01.2024;DOTACC.ru
06.01.2024;DOWN7.ru
06.01.2024;DPC-BLOG.ru
06.01.2024;DPFIRPO.ru
06.01.2024;DPOROTIKOV.ru
06.01.2024;DRAPKIN.ru
06.01.2024;DRDUBININA.ru
06.01.2024;DREAMALBOM.ru
06.01.2024;DREAMFEEL.ru
06.01.2024;DREAMVS.ru
06.01.2024;DREJKING.ru
06.01.2024;DREKW.ru
06.01.2024;DREWFILMS.ru
06.01.2024;DRIPCASINO-BEZOPASNO.ru
06.01.2024;DRIPCASINO-OFFICIAL.ru
06.01.2024;DRIPCASINO-ONLINE.ru
06.01.2024;DRIVE-ESCORT.ru
06.01.2024;DRO-STRELEC.ru
06.01.2024;DRON-FPV.ru
06.01.2024;DROZHANOVA.ru
06.01.2024;DRUPAL-SECURITY.ru
06.01.2024;DRUPALSECURITY.ru
06.01.2024;DRYERTECH.ru
06.01.2024;DSAMOTORS.ru
06.01.2024;DTHPCT.ru
06.01.2024;DTOPOR.ru
06.01.2024;DUBAITAXI.ru
06.01.2024;DUBAIVISTA.ru
06.01.2024;DUBROVSKIJ-PRO.ru
06.01.2024;DUCM39.ru
06.01.2024;DUGOUT63.ru
06.01.2024;DUSTGLASS.ru
06.01.2024;DUX5SCF.ru
06.01.2024;DVOBLIKOV.ru
06.01.2024;DVORNIKOV-PRO.ru
06.01.2024;DYR87.ru
06.01.2024;DYSCRIPT.ru
06.01.2024;DZENZALIVSTORI.ru
06.01.2024;DZIANISMARKEVICH.ru
06.01.2024;DZISHOP.ru
06.01.2024;E-KREPEJ.ru
06.01.2024;E-LTEH.ru
06.01.2024;EARTHQDOTA.ru
06.01.2024;EBJTRS.ru
06.01.2024;EBSABNN.ru
06.01.2024;ECHOLOT-STOR.ru
06.01.2024;ECO-ZAKAZ.ru
06.01.2024;ECODIGMA.ru
06.01.2024;ECOMKA.ru
06.01.2024;ECOYB.ru
06.01.2024;EDANT.ru
06.01.2024;EDUCAPLAY.ru
06.01.2024;EDUCATION-GB.ru
06.01.2024;EDYA89.ru
06.01.2024;EFFECTPROFI.ru
06.01.2024;EFI-1.ru
06.01.2024;EFREMOVALASH.ru
06.01.2024;EGAST.ru
06.01.2024;EGE-ISTRA.ru
06.01.2024;EGE2025.ru
06.01.2024;EGE2026.ru
06.01.2024;EGE2027.ru
06.01.2024;EGE2028.ru
06.01.2024;EGE2029.ru
06.01.2024;EGE2030.ru
06.01.2024;EGEBEZNERVOV.ru
06.01.2024;EJKBMN.ru
06.01.2024;EJTKR.ru
06.01.2024;EJZJZD.ru
06.01.2024;EKADERM.ru
06.01.2024;EKATERINALESOVAYA.ru
06.01.2024;EKATERINASVOEVOLINA.ru
06.01.2024;EKO-ZAKAZ.ru
06.01.2024;EKOSOUROVA.ru
06.01.2024;EKOTORG-24.ru
06.01.2024;EKOTORG24.ru
06.01.2024;ELDARI.ru
06.01.2024;ELDER-VANILLA.ru
06.01.2024;ELECTRIC69.ru
06.01.2024;ELEGANZABAG.ru
06.01.2024;ELEKTROPRO72.ru
06.01.2024;ELENA-ENISEY.ru
06.01.2024;ELENA-LOGINOVA.ru
06.01.2024;ELENA792007.ru
06.01.2024;ELENABYX2009.ru
06.01.2024;ELENAGREBNEVA.ru
06.01.2024;ELENAOVSIY.ru
06.01.2024;ELENART-STYLE.ru
06.01.2024;ELENAZOLNIKOVA.ru
06.01.2024;ELENTRENER.ru
06.01.2024;ELISEEW697.ru
06.01.2024;ELIT-JEWELRY.ru
06.01.2024;ELITE-MINE.ru
06.01.2024;ELITSTRAHOVANIE.ru
06.01.2024;ELIZAURIST.ru
06.01.2024;ELIZSAZART.ru
06.01.2024;ELLAPARF.ru
06.01.2024;ELLINACOPYWRITER.ru
06.01.2024;ELMAREN.ru
06.01.2024;ELMISHOPING.ru
06.01.2024;EMAIL-VERIFIC.ru
06.01.2024;EMANY.ru
06.01.2024;EMPRESS8888.ru
06.01.2024;ENCASH.ru
06.01.2024;ENERGYAGRO.ru
06.01.2024;ENERGYATV.ru
06.01.2024;ENGLISH-ONLY.ru
06.01.2024;ENJOYSKY.ru
06.01.2024;ENMZV.ru
06.01.2024;EPBGKN.ru
06.01.2024;EPBTMK.ru
06.01.2024;EPHBDG.ru
06.01.2024;EPHSDT.ru
06.01.2024;EPJY.ru
06.01.2024;EPMZJB.ru
06.01.2024;EPNBZK.ru
06.01.2024;EPZXVF.ru
06.01.2024;ERMOLAEVFOTO.ru
06.01.2024;EROEXPRESS.ru
06.01.2024;ERSTEMEDICAL.ru
06.01.2024;ERSTESPORT.ru
06.01.2024;ES-LYSENKO.ru
06.01.2024;ESKOW666-HOSTINGI.ru
06.01.2024;ESMANAGER.ru
06.01.2024;ESMONT.ru
06.01.2024;ESOLOVYEVA.ru
06.01.2024;ETALONAVT.ru
06.01.2024;ETALONJEWERLY.ru
06.01.2024;ETOVLV.ru
06.01.2024;EUROASIABEAUTY.ru
06.01.2024;EUROPA-BONUS.ru
06.01.2024;EUROSTYLE-SOCHI.ru
06.01.2024;EVA763.ru
06.01.2024;EVAK-SOS.ru
06.01.2024;EVAKUATOR08.ru
06.01.2024;EVENT-7.ru
06.01.2024;EVESPRODUCTION.ru
06.01.2024;EVGENIYZAHAROV.ru
06.01.2024;EVISAIRAN.ru
06.01.2024;EVOYG.ru
06.01.2024;EVPLEKHANOVA.ru
06.01.2024;EVPLIDER.ru
06.01.2024;EVRASIA-TRADE.ru
06.01.2024;EXISTETIC.ru
06.01.2024;EXOSTONE.ru
06.01.2024;EXPHOST.ru
06.01.2024;EXPRESSALBOM.ru
06.01.2024;EXPROMT-NA-SHKOLNOY.ru
06.01.2024;EYE-OF-GOD-BOT.ru
06.01.2024;EZMP.ru
06.01.2024;EZNMBK.ru
06.01.2024;F-START.ru
06.01.2024;F-VOTTING.ru
06.01.2024;F0ASA.ru
06.01.2024;FABERLIC-24.ru
06.01.2024;FABERLIC-MYSHOP.ru
06.01.2024;FABERLICINFO.ru
06.01.2024;FABLUBOV.ru
06.01.2024;FABRIKAUFA.ru
06.01.2024;FACEPLASKA.ru
06.01.2024;FACEPLASTIKA.ru
06.01.2024;FACTOY2024BEST.ru
06.01.2024;FADED-CASSA.ru
06.01.2024;FAKTBI.ru
06.01.2024;FALCONE-INTERNATIONAL.ru
06.01.2024;FAN-FICS.ru
06.01.2024;FARMING-TOP.ru
06.01.2024;FASHIONOPTIC.ru
06.01.2024;FASHIONSITY.ru
06.01.2024;FAST-ONLINE-ZAIM.ru
06.01.2024;FASTZAEM.ru
06.01.2024;FATHERPATRICE.ru
06.01.2024;FAUNA-INFO.ru
06.01.2024;FAVORITECHOICE.ru
06.01.2024;FAZARK.ru
06.01.2024;FEARIXAY.ru
06.01.2024;FECHA21.ru
06.01.2024;FEDOSOV-PRO.ru
06.01.2024;FEEDBACKLY.ru
06.01.2024;FEEDER-HELP.ru
06.01.2024;FEELTHEWAY.ru
06.01.2024;FENOMENALE.ru
06.01.2024;FERRARIFILM.ru
06.01.2024;FFOBOSTT.ru
06.01.2024;FGHBA.ru
06.01.2024;FGRIGZZ.ru
06.01.2024;FINANCEMENT-ANTIC.ru
06.01.2024;FINBERY.ru
06.01.2024;FIND-DATA.ru
06.01.2024;FINDVIZH.ru
06.01.2024;FINDYOU2024.ru
06.01.2024;FINE-ZAYM.ru
06.01.2024;FINLDE.ru
06.01.2024;FIREWORK-GAMES.ru
06.01.2024;FIRST-LUCKY.ru
06.01.2024;FIRST-WINNER24.ru
06.01.2024;FIRSTPLACEDUBAI.ru
06.01.2024;FISHINGINKALININGRAD.ru
06.01.2024;FIT-ONLINE74.ru
06.01.2024;FIT-SMARTSPORT.ru
06.01.2024;FITNESKURSI.ru
06.01.2024;FITNESOBUCHENIE.ru
06.01.2024;FITNESSPORT74.ru
06.01.2024;FITNESTRENERI.ru
06.01.2024;FITNEWONLINE.ru
06.01.2024;FITSMARTSPORT.ru
06.01.2024;FIVEPAWNS.ru
06.01.2024;FIX891.ru
06.01.2024;FJGIR.ru
06.01.2024;FJGR.ru
06.01.2024;FJIGBP.ru
06.01.2024;FJIGBS.ru
06.01.2024;FJKTR.ru
06.01.2024;FJKTSA.ru
06.01.2024;FJMBK.ru
06.01.2024;FJTRA.ru
06.01.2024;FKKZXJ.ru
06.01.2024;FLAGMAN36.ru
06.01.2024;FLASHPLAYER-SKACHAT.ru
06.01.2024;FLIPINSPB.ru
06.01.2024;FLIRENSADOV.ru
06.01.2024;FLIRTLIVE.ru
06.01.2024;FLIWER-SHOPEE.ru
06.01.2024;FLOR-FANTAZIYA.ru
06.01.2024;FLOSME.ru
06.01.2024;FLYBUGI.ru
06.01.2024;FMEBEL64.ru
06.01.2024;FNAF7.ru
06.01.2024;FOLK-RSO.ru
06.01.2024;FOND-OBEREG.ru
06.01.2024;FONWEB.ru
06.01.2024;FOR-EVERYONE-TRADER.ru
06.01.2024;FORESTBRUS.ru
06.01.2024;FORGEGRAM.ru
06.01.2024;FORM-PRINT3D.ru
06.01.2024;FORMPRINT3D.ru
06.01.2024;FORTEPIANOLESSONS.ru
06.01.2024;FORTUNA34.ru
06.01.2024;FORTUNADRIVE.ru
06.01.2024;FORTUNATOURS.ru
06.01.2024;FORTUNE-TRAVEL.ru
06.01.2024;FORTUNETRAVEL.ru
06.01.2024;FOTON-ZAO.ru
06.01.2024;FOTOPAMIAT.ru
06.01.2024;FOTOPAMYAT.ru
06.01.2024;FREE-NOTICE-BOARD-KZ.ru
06.01.2024;FREEDOMAPARTS.ru
06.01.2024;FRESHBALANCE.ru
06.01.2024;FRESHYNEWS.ru
06.01.2024;FRIDSHTAND.ru
06.01.2024;FROLDOK1973.ru
06.01.2024;FROMY.ru
06.01.2024;FRONTENDCLUB.ru
06.01.2024;FRYTAI.ru
06.01.2024;FRYTHAI.ru
06.01.2024;FTBIA.ru
06.01.2024;FTIIGP.ru
06.01.2024;FUCKUSA.ru
06.01.2024;FUELROBOTICS3.ru
06.01.2024;FUNCTIONSCHOOL.ru
06.01.2024;FUND-MECHA.ru
06.01.2024;FUPR.ru
06.01.2024;FURYALEXMICHAELIDES.ru
06.01.2024;FUTBOLKA-MOUNTAIN.ru
06.01.2024;FUTORPLACE.ru
06.01.2024;G12SPB.ru
06.01.2024;G5K4B1R.ru
06.01.2024;GABE-GAMES.ru
06.01.2024;GAEVETS-7.ru
06.01.2024;GAKOZHEVNIKOVA.ru
06.01.2024;GALAXYE8.ru
06.01.2024;GALINKA2702.ru
06.01.2024;GALS-ONLINE.ru
06.01.2024;GAME2024.ru
06.01.2024;GAMMA-2.ru
06.01.2024;GAMMA-777.ru
06.01.2024;GAMMA-BET.ru
06.01.2024;GAMMA2.ru
06.01.2024;GAMMA777.ru
06.01.2024;GAMMACASSINO.ru
06.01.2024;GAMMACAZIK.ru
06.01.2024;GARDENCENTERNALCHIK.ru
06.01.2024;GARENAA.ru
06.01.2024;GARIPOVAILONA.ru
06.01.2024;GAZETAMINGITAU.ru
06.01.2024;GB-KONSULT.ru
06.01.2024;GBWORKSHOP.ru
06.01.2024;GEEKKONA.ru
06.01.2024;GELMANCARS.ru
06.01.2024;GENERATORIC.ru
06.01.2024;GENERATORICA.ru
06.01.2024;GENIC-LEAN.ru
06.01.2024;GENICLEAN.ru
06.01.2024;GERENTI.ru
06.01.2024;GET-HOSTING.ru
06.01.2024;GET-REWARDED.ru
06.01.2024;GETSC.ru
06.01.2024;GEYNCHEI.ru
06.01.2024;GGROMYKO.ru
06.01.2024;GHETTOMONEY.ru
06.01.2024;GHEVONDYAN.ru
06.01.2024;GIGLIO-NERO.ru
06.01.2024;GINGERBREADKOLOMNA.ru
06.01.2024;GINGERBREADMUSEUMKOLOMNA.ru
06.01.2024;GIORGY-SAFINA.ru
06.01.2024;GIRLSBYKSENIA.ru
06.01.2024;GISDOM96.ru
06.01.2024;GJHTEQ.ru
06.01.2024;GJTREK.ru
06.01.2024;GJTRTE.ru
06.01.2024;GKUSTAREV.ru
06.01.2024;GLADYSHEVAYOGA.ru
06.01.2024;GLAVSOSISKA.ru
06.01.2024;GLBEER.ru
06.01.2024;GLEA-MIX.ru
06.01.2024;GLEAMIX.ru
06.01.2024;GLENMAKLAUND.ru
06.01.2024;GLOBAL-CDEK.ru
06.01.2024;GLOBALCDEK.ru
06.01.2024;GLOBEX-GPS.ru
06.01.2024;GO-19.ru
06.01.2024;GO-20.ru
06.01.2024;GO-21.ru
06.01.2024;GO-22.ru
06.01.2024;GO-23.ru
06.01.2024;GO-25.ru
06.01.2024;GO22LM.ru
06.01.2024;GOANSK.ru
06.01.2024;GOFRHINO.ru
06.01.2024;GOGOTOBEST.ru
06.01.2024;GOLDMOTORSGROUP.ru
06.01.2024;GOLOS-ONLINE.ru
06.01.2024;GOLOSPARTICIPATTION.ru
06.01.2024;GOLOSWHASTS.ru
06.01.2024;GOOD-KVIZ.ru
06.01.2024;GOOD-ZAIMY.ru
06.01.2024;GOODWOODSTONE.ru
06.01.2024;GOOGLELLC.ru
06.01.2024;GOOPENSOURCE.ru
06.01.2024;GOOT11.ru
06.01.2024;GORA-DISK.ru
06.01.2024;GORKY-RECORDS.ru
06.01.2024;GORKYRECORDS.ru
06.01.2024;GOROVOJ.ru
06.01.2024;GORSHKOVAANNA.ru
06.01.2024;GOSHORT.ru
06.01.2024;GOSVON.ru
06.01.2024;GOXTREMEFEST.ru
06.01.2024;GP109SPB.ru
06.01.2024;GPERDOMO.ru
06.01.2024;GQWJRTT.ru
06.01.2024;GQWRJG.ru
06.01.2024;GRADTRAIN.ru
06.01.2024;GRANDFATHER-CLOCK.ru
06.01.2024;GRANDRAIN.ru
06.01.2024;GRANDTREIN.ru
06.01.2024;GRANDYRAIN.ru
06.01.2024;GRANELLEGROUP.ru
06.01.2024;GRANGTRAIN.ru
06.01.2024;GRANI74.ru
06.01.2024;GRANTTRAIN.ru
06.01.2024;GRASSSHOP.ru
06.01.2024;GREBENIKOV1.ru
06.01.2024;GREEN-GEORGIA.ru
06.01.2024;GREENGEORGIA.ru
06.01.2024;GRIBO-KOT.ru
06.01.2024;GRIFZPJ.ru
06.01.2024;GRIM-99.ru
06.01.2024;GRIM99.ru
06.01.2024;GRINMANN.ru
06.01.2024;GRJTREG.ru
06.01.2024;GRMONTAGE.ru
06.01.2024;GROMGEEK.ru
06.01.2024;GRUNDFOSMSK.ru
06.01.2024;GRUSHA-CAFE.ru
06.01.2024;GRUUUFG.ru
06.01.2024;GRUZ42.ru
06.01.2024;GTARENT.ru
06.01.2024;GTM-MMA.ru
06.01.2024;GTOAPP.ru
06.01.2024;GTVVCODE.ru
06.01.2024;GUARDSMEN-KAVKAZ.ru
06.01.2024;GUBKIN-RNM.ru
06.01.2024;GUEENOFBUTTERFLIESLILI.ru
06.01.2024;GURULEAD.ru
06.01.2024;GURULIDS.ru
06.01.2024;GUTABS.ru
06.01.2024;GUUKB.ru
06.01.2024;GYYGLA.ru
06.01.2024;H-VOTTING.ru
06.01.2024;HACCP56.ru
06.01.2024;HAIRWER.ru
06.01.2024;HALES-CASSA.ru
06.01.2024;HARRYTECHPAGE.ru
06.01.2024;HARSH-MOBILE.ru
06.01.2024;HAUTECUISINE1.ru
06.01.2024;HAVAL-IRK.ru
06.01.2024;HBINALIEV.ru
06.01.2024;HEYJESUS.ru
06.01.2024;HGOST.ru
06.01.2024;HHOLLLOP-2.ru
06.01.2024;HHOLLLOPP-2.ru
06.01.2024;HHOLLOPP-2.ru
06.01.2024;HHOLLOPP2.ru
06.01.2024;HIDRONIX.ru
06.01.2024;HIGH-QUALITY-BAGS-AND-SHOES.ru
06.01.2024;HIKIKOMORI81.ru
06.01.2024;HIKOSEN-CARA.ru
06.01.2024;HINAZUKI.ru
06.01.2024;HISTORYMEBEL.ru
06.01.2024;HITOZON.ru
06.01.2024;HITWILDBERRIES.ru
06.01.2024;HJJFD.ru
06.01.2024;HJKRRE.ru
06.01.2024;HJRIBS.ru
06.01.2024;HJZ38W6.ru
06.01.2024;HKDPUM0.ru
06.01.2024;HMJBRT.ru
06.01.2024;HOCKEY-HISTORY.ru
06.01.2024;HOKKEYHYSTORY.ru
06.01.2024;HOLD-1248.ru
06.01.2024;HOLEODA.ru
06.01.2024;HOLL-O-P-2.ru
06.01.2024;HOLLO-P-2.ru
06.01.2024;HOLLOP2024-2.ru
06.01.2024;HOLLOPP-2-2023.ru
06.01.2024;HOLLOPP-22024.ru
06.01.2024;HOLLOPP2-2024.ru
06.01.2024;HOLO-P2.ru
06.01.2024;HOLOP-2024.ru
06.01.2024;HOLOP-2025.ru
06.01.2024;HOLOP2-2025.ru
06.01.2024;HOLOP2025.ru
06.01.2024;HOLOPP2-HD.ru
06.01.2024;HOMEOFLUNA.ru
06.01.2024;HONGQI-AUTOIMPORT.ru
06.01.2024;HONGSHUN-INDUSTRIAL.ru
06.01.2024;HOOOLLE.ru
06.01.2024;HOPE0.ru
06.01.2024;HOPRIK.ru
06.01.2024;HOSTEL-HUNTING.ru
06.01.2024;HOSTELNASHTYKOVA.ru
06.01.2024;HOSTIING.ru
06.01.2024;HOSTINGI-TOP.ru
06.01.2024;HOSTINGI27.ru
06.01.2024;HOSTINGIPODSAIT.ru
06.01.2024;HOSTINGPULS.ru
06.01.2024;HOSTISTAR.ru
06.01.2024;HOT-HEART.ru
06.01.2024;HOT-SIBERIA.ru
06.01.2024;HOTELPLATAN.ru
06.01.2024;HOTIKO.ru
06.01.2024;HOUSE-KARKAS.ru
06.01.2024;HP-LASERJET-P-1005.ru
06.01.2024;HRUSTNOITOCHKA.ru
06.01.2024;HTTPS-SIKCC.ru
06.01.2024;HUMINTRADING.ru
06.01.2024;HUSBANDTOGO.ru
06.01.2024;HUURFJ.ru
06.01.2024;HVPSHOP.ru
06.01.2024;HWEFHUEWFHIUWEH.ru
06.01.2024;HYDRANGEASTIME.ru
06.01.2024;HZDDDZ.ru
06.01.2024;HZJZX.ru
06.01.2024;HZXBJDD.ru
06.01.2024;HZXBJR.ru
06.01.2024;I40IN.ru
06.01.2024;IAMLINK.ru
06.01.2024;IBELORUS.ru
06.01.2024;ICHIRKIN.ru
06.01.2024;ID-NEW.ru
06.01.2024;ID-PAY7213.ru
06.01.2024;ID-SEND.ru
06.01.2024;ID03850.ru
06.01.2024;ID3617.ru
06.01.2024;ID3917.ru
06.01.2024;ID479285.ru
06.01.2024;ID485.ru
06.01.2024;ID541642.ru
06.01.2024;ID541647.ru
06.01.2024;ID58071.ru
06.01.2024;ID58072.ru
06.01.2024;ID58073.ru
06.01.2024;ID58074.ru
06.01.2024;ID90385.ru
06.01.2024;ID90908.ru
06.01.2024;ID93502.ru
06.01.2024;ID93504.ru
06.01.2024;ID963785.ru
06.01.2024;IDEAPLACE.ru
06.01.2024;IDEMVSADIK.ru
06.01.2024;IDVIT-FORMULA.ru
06.01.2024;IDY-KYDA-HOCHY.ru
06.01.2024;IFGS.ru
06.01.2024;IGNALEX.ru
06.01.2024;IGORKABANOV.ru
06.01.2024;IGRAY-VAVADA.ru
06.01.2024;IIBESSONOFF.ru
06.01.2024;IISET.ru
06.01.2024;IKB-NR.ru
06.01.2024;IKOGAJ.ru
06.01.2024;IKUROCHKIN.ru
06.01.2024;ILDARBINANAS.ru
06.01.2024;ILLADELPH.ru
06.01.2024;ILLUGA.ru
06.01.2024;ILYA-SAFONOV.ru
06.01.2024;ILYALIN.ru
06.01.2024;IMGPEAK.ru
06.01.2024;IMOBILS.ru
06.01.2024;IMPERIAL-MEBEL.ru
06.01.2024;IMPERIUM-NIK.ru
06.01.2024;IMPLANT-KREMLDENTA.ru
06.01.2024;INAGMI.ru
06.01.2024;INAMUHINA.ru
06.01.2024;INCELCORE.ru
06.01.2024;INDUSTRIALCONSULT.ru
06.01.2024;INFANTTER1.ru
06.01.2024;INFERNO-ROLEPLAY.ru
06.01.2024;INFINITYRP.ru
06.01.2024;INFO-MIDPASS.ru
06.01.2024;INFO-PAYMS.ru
06.01.2024;INFO1SEARCH.ru
06.01.2024;INFOMIDPASS.ru
06.01.2024;INK1R.ru
06.01.2024;INKSLATE.ru
06.01.2024;INNOVATORU.ru
06.01.2024;INPRESSETS.ru
06.01.2024;INTELLAW.ru
06.01.2024;INTERFC.ru
06.01.2024;INTERIOR-INFO.ru
06.01.2024;INVERSUS.ru
06.01.2024;INVEST-KCR.ru
06.01.2024;INVESTFREE.ru
06.01.2024;INVESTICII-OTZYV.ru
06.01.2024;INVESTMENT-PROMO.ru
06.01.2024;INVESTMENT-SURVEY.ru
06.01.2024;IOSVISION.ru
06.01.2024;IPCHANNEL.ru
06.01.2024;IPEREVOZCHIKOVA.ru
06.01.2024;IPOTEKASAFE.ru
06.01.2024;IPOTEKASAVE.ru
06.01.2024;IRINAKAZANKINA.ru
06.01.2024;ISAEVV.ru
06.01.2024;ISANINADIANA.ru
06.01.2024;ISCANIA.ru
06.01.2024;ISHMUL.ru
06.01.2024;ISHTOPEL.ru
06.01.2024;ISTANBULLU.ru
06.01.2024;ISTOMIN-A.ru
06.01.2024;ISTRASERVER.ru
06.01.2024;IT-MAB.ru
06.01.2024;IT5870.ru
06.01.2024;ITPRODEXIM.ru
06.01.2024;ITPULSAR.ru
06.01.2024;IVANOVICH-7.ru
06.01.2024;IVANOVIGOR2904.ru
06.01.2024;IVLEEVALOTOBILET.ru
06.01.2024;IZIKSHOP.ru
06.01.2024;IZOTOVA1.ru
06.01.2024;IZUMRUD-CLUB.ru
06.01.2024;JAKRINKA.ru
06.01.2024;JAN-DZHU.ru
06.01.2024;JASIPINGOLSKI.ru
06.01.2024;JCENTR.ru
06.01.2024;JEAJITSU.ru
06.01.2024;JENSKISAIT.ru
06.01.2024;JETEM-ELEGANT.ru
06.01.2024;JINGLE-BELLS2021.ru
06.01.2024;JIVOJIVEMZEN.ru
06.01.2024;JJSTYLE.ru
06.01.2024;JKONSULT.ru
06.01.2024;JMICVZR.ru
06.01.2024;JMMARKETINGSCHOOL.ru
06.01.2024;JNBORISOVA.ru
06.01.2024;JNMV.ru
06.01.2024;JOBWICK.ru
06.01.2024;JOHNTITOR.ru
06.01.2024;JOILLOKI.ru
06.01.2024;JOY-HOME.ru
06.01.2024;JOY-X.ru
06.01.2024;JOYCHARTS.ru
06.01.2024;JOYE-SIB.ru
06.01.2024;JOYOFCHOICE.ru
06.01.2024;JOYPETSTORE.ru
06.01.2024;JOYPHONE.ru
06.01.2024;JOYS1.ru
06.01.2024;JOYSBLOG.ru
06.01.2024;JOYSOAP.ru
06.01.2024;JOZZCASINO24.ru
06.01.2024;JPMORGANCHASSESIGNIN.ru
06.01.2024;JPUPKEVICH.ru
06.01.2024;JUJUBB.ru
06.01.2024;JULIA-JERELY.ru
06.01.2024;JULIA-JEWERLY.ru
06.01.2024;JULOMAKINA.ru
06.01.2024;JUNKER-FURNACE.ru
06.01.2024;JURCHENKO-7.ru
06.01.2024;JURIST-BUSINESS.ru
06.01.2024;JURIST-OLGA-VIDYAEVA.ru
06.01.2024;JUUVAROVA.ru
06.01.2024;JV-SPIN-MEGA-BONUS.ru
06.01.2024;JVSPIN-HELP.ru
06.01.2024;JVSPIN-OFFICIALL.ru
06.01.2024;JVSPINC.ru
06.01.2024;KADETFM.ru
06.01.2024;KADYPOL.ru
06.01.2024;KADYROVA-WORK.ru
06.01.2024;KAFEROSCHA.ru
06.01.2024;KAIGORODTSEV74.ru
06.01.2024;KALESAMI.ru
06.01.2024;KANALIZACIYA-SPB.ru
06.01.2024;KANSU.ru
06.01.2024;KANTRSKRIP-SHOOL.ru
06.01.2024;KARTHOLDING.ru
06.01.2024;KAS-ONE.ru
06.01.2024;KASYANES.ru
06.01.2024;KATEDID.ru
06.01.2024;KATERINALEE.ru
06.01.2024;KATY-IVA22.ru
06.01.2024;KATYAILDAR.ru
06.01.2024;KATYASVET.ru
06.01.2024;KAZACHENKO-SA.ru
06.01.2024;KAZAKBRAIN.ru
06.01.2024;KAZENNOV-7.ru
06.01.2024;KAZIC.ru
06.01.2024;KAZINO-GAMA-SAIT.ru
06.01.2024;KBAEROTECH.ru
06.01.2024;KEBIN.ru
06.01.2024;KEMIE.ru
06.01.2024;KENESOV-7.ru
06.01.2024;KENTZERKALO.ru
06.01.2024;KEPECO.ru
06.01.2024;KERAMBEAT.ru
06.01.2024;KERKEGOR.ru
06.01.2024;KEYIDOF.ru
06.01.2024;KEYSTOR.ru
06.01.2024;KGMID.ru
06.01.2024;KHNW8FX.ru
06.01.2024;KIMBO09.ru
06.01.2024;KIMEREY.ru
06.01.2024;KINDBRAIN.ru
06.01.2024;KINO-FADED.ru
06.01.2024;KINO-HALES.ru
06.01.2024;KINO-MALINA.ru
06.01.2024;KINO4IKA.ru
06.01.2024;KIPOXIS.ru
06.01.2024;KIPPLAY.ru
06.01.2024;KIRABAST.ru
06.01.2024;KIRILL-NAZAROV.ru
06.01.2024;KIRJAKOV.ru
06.01.2024;KIRNA.ru
06.01.2024;KISSELBOX.ru
06.01.2024;KIT-MOSKOW.ru
06.01.2024;KKA4.ru
06.01.2024;KKKOTIQQQ.ru
06.01.2024;KKSPB77.ru
06.01.2024;KLIM212.ru
06.01.2024;KLIMATINFOBET.ru
06.01.2024;KLIMATINFOBETS.ru
06.01.2024;KLIMATINFOINFOS.ru
06.01.2024;KLIMATINFOJOB.ru
06.01.2024;KLIMATINFOJOBS.ru
06.01.2024;KLIMATINFOTOP.ru
06.01.2024;KLIMATINFOTOPS.ru
06.01.2024;KLPINFO.ru
06.01.2024;KLSNKVA.ru
06.01.2024;KLUMBA-NOVOSIBIRSK.ru
06.01.2024;KLUMBANOVOSIBIRSK.ru
06.01.2024;KLYEV.ru
06.01.2024;KNIAGINIANATALIA.ru
06.01.2024;KNIAGINIASVETLANA.ru
06.01.2024;KNOPKATSGIRLS.ru
06.01.2024;KNYAGINYAELENA.ru
06.01.2024;KNYAGINYAIRINA.ru
06.01.2024;KNYAGINYAMARGARITA.ru
06.01.2024;KNYAZ-MEBEL.ru
06.01.2024;KNYAZEVA-HAIRSTYLE.ru
06.01.2024;KOFEYNYY-SIROP.ru
06.01.2024;KOLBOV88.ru
06.01.2024;KOLCOILOVEYOU.ru
06.01.2024;KOLOMNAGINGERBREAD.ru
06.01.2024;KOLOMNAGINGERBREADMUSEUM.ru
06.01.2024;KOM47.ru
06.01.2024;KOMIZA.ru
06.01.2024;KOMPILETSKIY.ru
06.01.2024;KOMPYUTERNOE-ZRENIE.ru
06.01.2024;KOMSM.ru
06.01.2024;KONKUR2024.ru
06.01.2024;KONOFOLSKIYVE.ru
06.01.2024;KONOPLEV-1.ru
06.01.2024;KOPEYEV.ru
06.01.2024;KOREAN-NANCY.ru
06.01.2024;KOROLEVSOVET.ru
06.01.2024;KORONASPORTA.ru
06.01.2024;KOSHKINA-NAILS.ru
06.01.2024;KOSMODASHA.ru
06.01.2024;KOSTYAKLESOV.ru
06.01.2024;KOTCHENOV-NICK.ru
06.01.2024;KOTFRAG.ru
06.01.2024;KOTIKLISOV.ru
06.01.2024;KOVRIGINA-1.ru
06.01.2024;KRAKENHRI.ru
06.01.2024;KRANTICK.ru
06.01.2024;KRAZMAEVA.ru
06.01.2024;KREDO-KOMFORT.ru
06.01.2024;KRESTSOBOR.ru
06.01.2024;KRIPTOMANIA.ru
06.01.2024;KROVGIDRO.ru
06.01.2024;KRUTOZALILREG56.ru
06.01.2024;KRYMOVEV.ru
06.01.2024;KS-AKIMOVA-TOP.ru
06.01.2024;KS-PETROGRAD.ru
06.01.2024;KSDAN.ru
06.01.2024;KSERO.ru
06.01.2024;KSUKR789.ru
06.01.2024;KUB3R.ru
06.01.2024;KUBAN-AQUA.ru
06.01.2024;KUENKELWAGNER.ru
06.01.2024;KUHNI-MOSKVA1.ru
06.01.2024;KUHNI-MOSKVA2.ru
06.01.2024;KUHNIDOPOTOLKA.ru
06.01.2024;KUHNYAIZMASSIVA.ru
06.01.2024;KUKHTINOVA.ru
06.01.2024;KUKILO.ru
06.01.2024;KULAKOVA24.ru
06.01.2024;KULAKOVAT.ru
06.01.2024;KULER-EKB.ru
06.01.2024;KUMANKOFF.ru
06.01.2024;KUPAZ.ru
06.01.2024;KUPITDOM1.ru
06.01.2024;KUPITPROFNASTIL.ru
06.01.2024;KUPRDIMA.ru
06.01.2024;KURIE2382.ru
06.01.2024;KURIE5482.ru
06.01.2024;KURIER3232.ru
06.01.2024;KURNIKOVPI.ru
06.01.2024;KUROYAMI.ru
06.01.2024;KVADRUFIKI.ru
06.01.2024;KVARTIRANASUTKI03.ru
06.01.2024;KVV0.ru
06.01.2024;KZHATKIN.ru
06.01.2024;L2UFC.ru
06.01.2024;LA-BEAUTI.ru
06.01.2024;LA-KLINIKA.ru
06.01.2024;LA2ENJOY.ru
06.01.2024;LA2WINGS.ru
06.01.2024;LAB-INDUCTOR.ru
06.01.2024;LABS-CASINO.ru
06.01.2024;LADA-ON-RIVER.ru
06.01.2024;LADY-WOLD-BY-WOLD.ru
06.01.2024;LAGEROTDIHA.ru
06.01.2024;LAIDI.ru
06.01.2024;LAKMA-FRANCHISE.ru
06.01.2024;LAMIDANKO.ru
06.01.2024;LANAHALIALLI.ru
06.01.2024;LAPONKA-COIN.ru
06.01.2024;LARATRAVEL.ru
06.01.2024;LARKADIJJ.ru
06.01.2024;LAS6161.ru
06.01.2024;LASTWARS.ru
06.01.2024;LATOPICK.ru
06.01.2024;LAVADELITON.ru
06.01.2024;LD-MAIL.ru
06.01.2024;LD-PAY21742.ru
06.01.2024;LD-PAY21744.ru
06.01.2024;LD-PAY23531.ru
06.01.2024;LD-PAY23911.ru
06.01.2024;LD-PAY42374.ru
06.01.2024;LD-PAY53743.ru
06.01.2024;LD-PAY54374.ru
06.01.2024;LD-PAY57234.ru
06.01.2024;LD-PAY75372.ru
06.01.2024;LD-PAY77192.ru
06.01.2024;LD-PAY77194.ru
06.01.2024;LD-PAY77196.ru
06.01.2024;LD-PAY91124.ru
06.01.2024;LD15643.ru
06.01.2024;LD416043.ru
06.01.2024;LD41661.ru
06.01.2024;LD51064.ru
06.01.2024;LD51723.ru
06.01.2024;LD56167.ru
06.01.2024;LD69190.ru
06.01.2024;LD71723.ru
06.01.2024;LE-FORTUNA.ru
06.01.2024;LEAD-DREAM.ru
06.01.2024;LEADDREAM.ru
06.01.2024;LEADER-EDU.ru
06.01.2024;LEANLEX.ru
06.01.2024;LEATHERCRAFTERS.ru
06.01.2024;LEBEDEV89774564707.ru
06.01.2024;LEDU-CLUB.ru
06.01.2024;LEEOLEG.ru
06.01.2024;LEGERA-STUDIO.ru
06.01.2024;LEGZOCASINO-BUY.ru
06.01.2024;LEGZOCASINO-ONE.ru
06.01.2024;LEGZOKASINOZ.ru
06.01.2024;LEGZOKASINOZ1.ru
06.01.2024;LELYA71.ru
06.01.2024;LENADOPLINSKA.ru
06.01.2024;LENENESSI.ru
06.01.2024;LENTV-SHOP.ru
06.01.2024;LERUAMARLEN.ru
06.01.2024;LESA40.ru
06.01.2024;LESNOY64.ru
06.01.2024;LESTNICA-DOMA.ru
06.01.2024;LEVCASINOBONUS.ru
06.01.2024;LEVIVATE.ru
06.01.2024;LEXORANGE.ru
06.01.2024;LFK-KIDS.ru
06.01.2024;LGONCHARUK.ru
06.01.2024;LIGA-SKACHAT.ru
06.01.2024;LIKI-TEX.ru
06.01.2024;LINEAGE-PVP.ru
06.01.2024;LINEAGE21.ru
06.01.2024;LINEN-ELEGANCE.ru
06.01.2024;LINENELEGANCE.ru
06.01.2024;LIPSIHA.ru
06.01.2024;LIPSIHI.ru
06.01.2024;LISI2024.ru
06.01.2024;LISISTA.ru
06.01.2024;LITATEX.ru
06.01.2024;LITR-MASLA.ru
06.01.2024;LIVECRMP.ru
06.01.2024;LIXIANG-AUTOIMPORT.ru
06.01.2024;LKRASHENININ.ru
06.01.2024;LNOVOSELOVA.ru
06.01.2024;LOG-GAMES.ru
06.01.2024;LOGISTERIYA.ru
06.01.2024;LOGIVARIUM.ru
06.01.2024;LOLPAROL12345.ru
06.01.2024;LOOKITRUSSIA.ru
06.01.2024;LORUN.ru
06.01.2024;LOSTHUB.ru
06.01.2024;LOTTOBALL.ru
06.01.2024;LOVE-FCKTORY.ru
06.01.2024;LOVEFCKTORY.ru
06.01.2024;LOVETRAVEL174.ru
06.01.2024;LOWASPB.ru
06.01.2024;LOWPRIORITY.ru
06.01.2024;LROZHKOVA.ru
06.01.2024;LUCHEREM.ru
06.01.2024;LUCHIYREMONT.ru
06.01.2024;LUCIDERESU.ru
06.01.2024;LUCKY-JET-BONUS-1WIN.ru
06.01.2024;LUCKY-JET7.ru
06.01.2024;LUCKYJET-2024.ru
06.01.2024;LUMITOOL.ru
06.01.2024;LUXURY-GIRL.ru
06.01.2024;LVBAGSCOPY.ru
06.01.2024;LVELICHKINA.ru
06.01.2024;M-KMS.ru
06.01.2024;M-RP5.ru
06.01.2024;M1RC2H.ru
06.01.2024;M3T.ru
06.01.2024;MACHINANEBOLEY.ru
06.01.2024;MAESTROEGE.ru
06.01.2024;MAESTROOGE.ru
06.01.2024;MAESTROSCHOOL.ru
06.01.2024;MAFINMAG.ru
06.01.2024;MAGIC-HOST.ru
06.01.2024;MAGNUS-MAG.ru
06.01.2024;MAIL-102.ru
06.01.2024;MAIL-365.ru
06.01.2024;MAILPOTAP.ru
06.01.2024;MAINNEWSBOT.ru
06.01.2024;MAISONPARFUMS.ru
06.01.2024;MAKI-MOSCOW.ru
06.01.2024;MAKI-MSK.ru
06.01.2024;MAKI-SPB.ru
06.01.2024;MAKIMOSCOW.ru
06.01.2024;MAKINOVOSIBIRSK.ru
06.01.2024;MAKIROSEOPT.ru
06.01.2024;MAKS-POPOV.ru
06.01.2024;MAKSIM-MAIL.ru
06.01.2024;MALEVAL.ru
06.01.2024;MALIBU-SURGUT.ru
06.01.2024;MALIEXPRESS.ru
06.01.2024;MALOROSSY.ru
06.01.2024;MALOVAAISINA.ru
06.01.2024;MANGALHOUSE-VP.ru
06.01.2024;MANITA-SUSHI.ru
06.01.2024;MANTEL-CLOCK.ru
06.01.2024;MARIA-IVANOVA.ru
06.01.2024;MARIKASKOVA.ru
06.01.2024;MARIMAN.ru
06.01.2024;MARINAPLUTOVA.ru
06.01.2024;MARKET-3D.ru
06.01.2024;MARKET-GRASIA.ru
06.01.2024;MARKETINGOOD.ru
06.01.2024;MARKMAP.ru
06.01.2024;MARTAEVENT.ru
06.01.2024;MARYJANEBAR.ru
06.01.2024;MASLOV888.ru
06.01.2024;MASQI.ru
06.01.2024;MASSAMEBEL.ru
06.01.2024;MASSTECHNOLOGY.ru
06.01.2024;MASTER-REMOHOLOD.ru
06.01.2024;MASTER888DOM.ru
06.01.2024;MASTERCARSERVIS.ru
06.01.2024;MASTERPC38.ru
06.01.2024;MASTERPROSTO.ru
06.01.2024;MATRICA-SUDBY-RASSCHITAT.ru
06.01.2024;MATRISRB.ru
06.01.2024;MATSNEFF.ru
06.01.2024;MAX-ISAKOV.ru
06.01.2024;MAXBULGAKOV.ru
06.01.2024;MAXF39.ru
06.01.2024;MAXKEYT.ru
06.01.2024;MAXPROTOPTEN.ru
06.01.2024;MAZUR-PRO.ru
06.01.2024;MBCDM11.ru
06.01.2024;MBLLLLB.ru
06.01.2024;MBUTYLIN.ru
06.01.2024;MCHEREVAN.ru
06.01.2024;MCVOST.ru
06.01.2024;MDESTINY.ru
06.01.2024;MDMID.ru
06.01.2024;MDVGAFK.ru
06.01.2024;ME-TV.ru
06.01.2024;MEBEL-WIN.ru
06.01.2024;MEBEL54-NSK.ru
06.01.2024;MEBELGO24.ru
06.01.2024;MEDEDTEC.ru
06.01.2024;MEDEDTEH.ru
06.01.2024;MEDETTECH.ru
06.01.2024;MEDIC21.ru
06.01.2024;MEDIUM-INVESTMENTS.ru
06.01.2024;MEDLIFE102.ru
06.01.2024;MEDNIKOVMATHPHY.ru
06.01.2024;MEDVEDEVAANA0108.ru
06.01.2024;MEGA-HOSTINGI.ru
06.01.2024;MEGA-PROD.ru
06.01.2024;MEGAPIT.ru
06.01.2024;MEGASAKHTOUR.ru
06.01.2024;MEGASTORUS.ru
06.01.2024;MELBETZERKALO27TOP.ru
06.01.2024;MELBETZERKALONEW.ru
06.01.2024;MELNIKOV20.ru
06.01.2024;MENTALCOLLECTION.ru
06.01.2024;MERKULOV-PROEKT.ru
06.01.2024;METIANEU.ru
06.01.2024;MGSTUDIOVISHIVKA.ru
06.01.2024;MID-PASS.ru
06.01.2024;MIDDPASS.ru
06.01.2024;MIDPESS.ru
06.01.2024;MIDPSS.ru
06.01.2024;MIDRASS.ru
06.01.2024;MIDTOKEN.ru
06.01.2024;MINYOU.ru
06.01.2024;MIRATORG-SUPERMARKET.ru
06.01.2024;MIRAVSTVO.ru
06.01.2024;MIRBRONI.ru
06.01.2024;MIRE-NA8999P.ru
06.01.2024;MIRE-NA8999PYB.ru
06.01.2024;MIRGAZA96.ru
06.01.2024;MIRIBIA.ru
06.01.2024;MIRONOVMATTHEW.ru
06.01.2024;MIRTEYA.ru
06.01.2024;MIS-S2007.ru
06.01.2024;MISHA-BRAND.ru
06.01.2024;MISOZ.ru
06.01.2024;MIXTAPECAT.ru
06.01.2024;MKHANIN.ru
06.01.2024;MKIMPORT.ru
06.01.2024;MKNORD.ru
06.01.2024;MKUTS.ru
06.01.2024;MKXO4GD.ru
06.01.2024;MLAKUSTA.ru
06.01.2024;MLDPASS.ru
06.01.2024;MLEROYMERLIN.ru
06.01.2024;MLKFRANCHISE.ru
06.01.2024;MLMON.ru
06.01.2024;MMICHAEL.ru
06.01.2024;MNG-MODEL.ru
06.01.2024;MOBITWEAK.ru
06.01.2024;MODPASS.ru
06.01.2024;MOHRA.ru
06.01.2024;MOIFABERLIK-RU.ru
06.01.2024;MOLELNAYA.ru
06.01.2024;MOMOTYCH.ru
06.01.2024;MONASTRY.ru
06.01.2024;MONETAPAYS.ru
06.01.2024;MONEY-GOOD.ru
06.01.2024;MONEYCLAD.ru
06.01.2024;MONIN-URAL.ru
06.01.2024;MONO-MANIK.ru
06.01.2024;MOONLADIES.ru
06.01.2024;MOROZOVPRO.ru
06.01.2024;MOSCOW-SRV.ru
06.01.2024;MOSCOW5.ru
06.01.2024;MOSCOWCITYLOVE12.ru
06.01.2024;MOSEVROSTYLE.ru
06.01.2024;MOSGORZABOR.ru
06.01.2024;MOTEL-SKAZKA.ru
06.01.2024;MOTELSKAZKA.ru
06.01.2024;MOVEMENT2021.ru
06.01.2024;MOZGOSHLIK.ru
06.01.2024;MP-BVK.ru
06.01.2024;MPOLIGON.ru
06.01.2024;MQUARESMA.ru
06.01.2024;MR-CARVER.ru
06.01.2024;MRALEXX8745-WORK.ru
06.01.2024;MRBO-BOLOHOV.ru
06.01.2024;MRHURACAN.ru
06.01.2024;MRP5.ru
06.01.2024;MRSBOGATOVA.ru
06.01.2024;MS63O8F.ru
06.01.2024;MSA231FA.ru
06.01.2024;MSK-1C.ru
06.01.2024;MSK12.ru
06.01.2024;MSYR.ru
06.01.2024;MT0.ru
06.01.2024;MTSENS.ru
06.01.2024;MTVDITYD.ru
06.01.2024;MUHOMORY93.ru
06.01.2024;MUKANAEVA.ru
06.01.2024;MUSHANOVA.ru
06.01.2024;MUSIC-SNIPPETS.ru
06.01.2024;MUTANT1752.ru
06.01.2024;MUZEJKOLOMENSKOGOPRJANIKA.ru
06.01.2024;MXVAR.ru
06.01.2024;MY-CAKE.ru
06.01.2024;MYAIEXPERT.ru
06.01.2024;MYAVTOSERVIS.ru
06.01.2024;MYDOMENONLY.ru
06.01.2024;MYGCHINAANDREI.ru
06.01.2024;MYPHOTOMEMORY.ru
06.01.2024;MYSUPERSITES.ru
06.01.2024;MYTESTDOMAIN2.ru
06.01.2024;MYTGB.ru
06.01.2024;MYZHNINADOMUMY24.ru
06.01.2024;MZIMAN.ru
06.01.2024;N94GI8S.ru
06.01.2024;NA-VYBORY.ru
06.01.2024;NABORCHASOV.ru
06.01.2024;NABORNOSKOV.ru
06.01.2024;NADEZHKINA-1.ru
06.01.2024;NADVORETRAVA.ru
06.01.2024;NADYA-MUSIC.ru
06.01.2024;NADYATOCHKARU.ru
06.01.2024;NAFANT111.ru
06.01.2024;NAIFRIT.ru
06.01.2024;NAISYS.ru
06.01.2024;NAIVAEN.ru
06.01.2024;NAKLEYKANN.ru
06.01.2024;NANOGTYAX-SPB.ru
06.01.2024;NASHA-KVASHA.ru
06.01.2024;NATALINAZUEVA.ru
06.01.2024;NATAPLU.ru
06.01.2024;NATIONALLLOTTERY.ru
06.01.2024;NATIONALOTTERY.ru
06.01.2024;NATURA-RESTO.ru
06.01.2024;NAVYBORY.ru
06.01.2024;NAZARI-NAZRI.ru
06.01.2024;NAZZZIA.ru
06.01.2024;NCHICHURA.ru
06.01.2024;ND-SERVICE.ru
06.01.2024;NENASTYAZ.ru
06.01.2024;NEON850.ru
06.01.2024;NEOTERA.ru
06.01.2024;NESTOR-SPB.ru
06.01.2024;NETMYX.ru
06.01.2024;NEURO-TEXT.ru
06.01.2024;NEUROFLAVOR.ru
06.01.2024;NEUROMARKETING-DIGITAL.ru
06.01.2024;NEVSTOL-NVRS.ru
06.01.2024;NEWAVTOSERVIS.ru
06.01.2024;NEWCLEANSOLUTIONS.ru
06.01.2024;NEWGBK.ru
06.01.2024;NEWLIGHT-STYLE.ru
06.01.2024;NEWS-ITE.ru
06.01.2024;NEWSPORTALPRO.ru
06.01.2024;NEWSREELS.ru
06.01.2024;NEWSREKLAMA.ru
06.01.2024;NEWTIMER.ru
06.01.2024;NEWTONECLUB.ru
06.01.2024;NGGDROP.ru
06.01.2024;NIAZIT.ru
06.01.2024;NICEHOSTEL33.ru
06.01.2024;NIK159.ru
06.01.2024;NIKOLAYZHDANOV.ru
06.01.2024;NILANTRIUS.ru
06.01.2024;NKOSHKAROV.ru
06.01.2024;NLISTOVA.ru
06.01.2024;NN-EVENT.ru
06.01.2024;NOCOUNTERFEIT.ru
06.01.2024;NOSKISTORE.ru
06.01.2024;NOTAKANGA.ru
06.01.2024;NOTESCOACH.ru
06.01.2024;NOTICE-BOARD-FREE-KZ.ru
06.01.2024;NOVACERAMIC.ru
06.01.2024;NOVIKOV-MEDIA.ru
06.01.2024;NOVIKOVSPB.ru
06.01.2024;NOVIVECTOR.ru
06.01.2024;NOVIYGODIDZEN.ru
06.01.2024;NOVOSIBIRSK-GOROD.ru
06.01.2024;NOZHNITSYART.ru
06.01.2024;NPUCHKOV.ru
06.01.2024;NS45.ru
06.01.2024;NT2005.ru
06.01.2024;NUDE-SERVICE.ru
06.01.2024;NULLHOOK.ru
06.01.2024;NURKENOVA.ru
06.01.2024;NUTAK.ru
06.01.2024;NUTQ.ru
06.01.2024;NZAVOROHIN.ru
06.01.2024;NZLO.ru
06.01.2024;NZVUXLM.ru
06.01.2024;OAKTREE-ENGLISH.ru
06.01.2024;OCAGO-RAY.ru
06.01.2024;OCHAROVANIE-RASTENIYI.ru
06.01.2024;OCHKIOPRAVI.ru
06.01.2024;OFD-ORD1252.ru
06.01.2024;OFD-ORD3185.ru
06.01.2024;OFD-ORD3431.ru
06.01.2024;OFD-ORD3528.ru
06.01.2024;OFD-ORD3832.ru
06.01.2024;OFD-ORD5100.ru
06.01.2024;OFD-ORD5427.ru
06.01.2024;OFD-ORD6649.ru
06.01.2024;OFD-ORD7090.ru
06.01.2024;OFD-ORD7878.ru
06.01.2024;OFD-ORD8021.ru
06.01.2024;OFD-ORD8238.ru
06.01.2024;OFD-ORD9303.ru
06.01.2024;OFD-ORD9457.ru
06.01.2024;OFD-ORD9873.ru
06.01.2024;OFD4176.ru
06.01.2024;OFD5908.ru
06.01.2024;OFD7462.ru
06.01.2024;OFFICIAL-SITE-VAVADA.ru
06.01.2024;OFP-PROFI.ru
06.01.2024;OGE2025.ru
06.01.2024;OGE2026.ru
06.01.2024;OGE2027.ru
06.01.2024;OGE2028.ru
06.01.2024;OGE2029.ru
06.01.2024;OGE2030.ru
06.01.2024;OGERULES.ru
06.01.2024;OGG-BEAUTY.ru
06.01.2024;OHTACITY.ru
06.01.2024;OIU-SHOP.ru
06.01.2024;OJESE.ru
06.01.2024;OJUHCZI.ru
06.01.2024;OKBARA.ru
06.01.2024;OKEANLETA.ru
06.01.2024;OKNAHITECHE.ru
06.01.2024;OLD-MIX.ru
06.01.2024;OLDTAVERN.ru
06.01.2024;OLEG-PLOTNIKOV.ru
06.01.2024;OLEGDESHUK.ru
06.01.2024;OLESYAFEDOROVA.ru
06.01.2024;OLGA-SIVAK.ru
06.01.2024;OLLFO.ru
06.01.2024;OLOLOFO.ru
06.01.2024;OMAHOVA.ru
06.01.2024;OMNIAGRO.ru
06.01.2024;ONE-HOSTINGI.ru
06.01.2024;ONEFACT.ru
06.01.2024;ONEROX.ru
06.01.2024;ONGELDIG7371-SERVICEINTERNATIONAAL.ru
06.01.2024;ONION-KASINO.ru
06.01.2024;ONLIMOVE.ru
06.01.2024;ONLINE-LPU.ru
06.01.2024;ONLINE-PROFITS.ru
06.01.2024;ONLINEFIT3D.ru
06.01.2024;ONLINEKASSIRS.ru
06.01.2024;ONLINEWORK83.ru
06.01.2024;ONSTYLESALON.ru
06.01.2024;OOOKOMILFO.ru
06.01.2024;OORG1.ru
06.01.2024;OPENKROKZO.ru
06.01.2024;OPENMP-RP.ru
06.01.2024;OPENSOURCE360.ru
06.01.2024;OPLATA3273.ru
06.01.2024;OPLATA3283.ru
06.01.2024;OPTOMSIMBEZLIM.ru
06.01.2024;OPTSTYLES.ru
06.01.2024;ORD2140.ru
06.01.2024;ORD389285.ru
06.01.2024;ORDER-1200.ru
06.01.2024;ORDER-1580.ru
06.01.2024;ORDER-4653.ru
06.01.2024;ORDER-8266.ru
06.01.2024;ORDER-ID4662.ru
06.01.2024;ORDER-ID8710.ru
06.01.2024;ORDER0688.ru
06.01.2024;ORDER2901.ru
06.01.2024;ORDER5087.ru
06.01.2024;ORDER5648.ru
06.01.2024;ORDER7690.ru
06.01.2024;ORDER8001.ru
06.01.2024;ORDER8099.ru
06.01.2024;ORDER9070.ru
06.01.2024;ORGEAF.ru
06.01.2024;ORGEAP.ru
06.01.2024;ORTOMEDICINE.ru
06.01.2024;OSAFTV.ru
06.01.2024;OSKINAAA.ru
06.01.2024;OST790.ru
06.01.2024;OSTEKLENIE-BALKONOV-MSK.ru
06.01.2024;OSTRALIST.ru
06.01.2024;OSTROVERKHOVA.ru
06.01.2024;OTDELKA-BALKONA-CHELYABINSK.ru
06.01.2024;OTDELKA-BALKONA-KRD.ru
06.01.2024;OTDELKA-BALKONA-VRN.ru
06.01.2024;OTOCLINIC.ru
06.01.2024;OTT-1.ru
06.01.2024;OTTOJUNKER.ru
06.01.2024;OTVETY-TESTY.ru
06.01.2024;OUTLETSALE2024.ru
06.01.2024;OUTLETSHOP2024.ru
06.01.2024;OVANIK.ru
06.01.2024;OVERSEAS-REAL-ESTATE.ru
06.01.2024;OXIMITOXAMIN.ru
06.01.2024;OZAVARINA.ru
06.01.2024;OZON-PUNKT.ru
06.01.2024;PADELMAG.ru
06.01.2024;PAGAST.ru
06.01.2024;PAIZON.ru
06.01.2024;PAKETON24.ru
06.01.2024;PALUNIN.ru
06.01.2024;PANABRIKO.ru
06.01.2024;PANDORACPES.ru
06.01.2024;PANEESALAME.ru
06.01.2024;PANEL-KI.ru
06.01.2024;PAPILIN-ARBITR.ru
06.01.2024;PARADNICOLE.ru
06.01.2024;PARIFRIBET.ru
06.01.2024;PARKKUR.ru
06.01.2024;PART1R.ru
06.01.2024;PARTNER-HOST.ru
06.01.2024;PARTNERKID.ru
06.01.2024;PARTNERPROWEB.ru
06.01.2024;PARTNERSHIP-CLUB.ru
06.01.2024;PARTNERSHIP-SUCCESS.ru
06.01.2024;PASLAIN.ru
06.01.2024;PASSGAM.ru
06.01.2024;PASSGAMES.ru
06.01.2024;PASSGEME.ru
06.01.2024;PASSINE.ru
06.01.2024;PASSLAIN.ru
06.01.2024;PASSLANE.ru
06.01.2024;PASSLIEN.ru
06.01.2024;PASSLIN.ru
06.01.2024;PATCHERLUCKY.ru
06.01.2024;PAVELSOYFER.ru
06.01.2024;PAVLOVA1204.ru
06.01.2024;PAWSYMASKED-MC.ru
06.01.2024;PAY-ID098431.ru
06.01.2024;PAY-ID103543.ru
06.01.2024;PAY-ID124742.ru
06.01.2024;PAY-ID317312.ru
06.01.2024;PAY-ID345611.ru
06.01.2024;PAY-ID492013.ru
06.01.2024;PAY-ID5416.ru
06.01.2024;PAY-ID6571.ru
06.01.2024;PAY-ID729014.ru
06.01.2024;PAY-ID753622.ru
06.01.2024;PAY-ID765234.ru
06.01.2024;PAY-ID789431.ru
06.01.2024;PAY-ID832114.ru
06.01.2024;PAY-ID890733.ru
06.01.2024;PAY720653.ru
06.01.2024;PAYDEF.ru
06.01.2024;PAYDEFOULTED.ru
06.01.2024;PAYMENT-256.ru
06.01.2024;PAYMENT-257.ru
06.01.2024;PAYMENT-258.ru
06.01.2024;PAYMENT-259.ru
06.01.2024;PAYMENT-260.ru
06.01.2024;PAYMENT-261.ru
06.01.2024;PAYNEST.ru
06.01.2024;PEAST.ru
06.01.2024;PECHI-IZ-TALKOHLORITA-24.ru
06.01.2024;PEDAST.ru
06.01.2024;PEGADT.ru
06.01.2024;PEGASY.ru
06.01.2024;PEGATS.ru
06.01.2024;PEGST.ru
06.01.2024;PEN1.ru
06.01.2024;PENKOV-1.ru
06.01.2024;PENOBETONURAL.ru
06.01.2024;PENTKADASHA.ru
06.01.2024;PEOPLES-FAVORITE.ru
06.01.2024;PERETYAZHKASUPER.ru
06.01.2024;PERFECT-WATCH-CENTER.ru
06.01.2024;PERFECTWATCHCENTER.ru
06.01.2024;PERM-MY-MAIL.ru
06.01.2024;PERMACULTURY.ru
06.01.2024;PETRUSHKOVI.ru
06.01.2024;PGAST.ru
06.01.2024;PGWS.ru
06.01.2024;PHANTOM-MOSCOW.ru
06.01.2024;PHOQUE.ru
06.01.2024;PHREMEZOVA.ru
06.01.2024;PHYS9.ru
06.01.2024;PIERCINGORENBURG.ru
06.01.2024;PIERCINGZONE.ru
06.01.2024;PIERREBOSSI.ru
06.01.2024;PIKNIKVSADU.ru
06.01.2024;PIKUREMONTNOYTBUK24.ru
06.01.2024;PIN-UP-CASINO-1-24.ru
06.01.2024;PIN-UP-CASINO-2-24.ru
06.01.2024;PIN-UP-CASINO-3-24.ru
06.01.2024;PIN-UP808.ru
06.01.2024;PIPELINE-WALD.ru
06.01.2024;PIPELINE-WEB.ru
06.01.2024;PIPELINEWEB.ru
06.01.2024;PIROGI-LG.ru
06.01.2024;PISKUNOVALEXANDER.ru
06.01.2024;PIX1.ru
06.01.2024;PIXEL-MINE.ru
06.01.2024;PIZDAKOTENKY.ru
06.01.2024;PK-EMPIRE.ru
06.01.2024;PKERN.ru
06.01.2024;PLAKSIN-TOP.ru
06.01.2024;PLANTFOCUS.ru
06.01.2024;PLAST-TOP.ru
06.01.2024;PLAY-DADDY.ru
06.01.2024;PLAY-FORTUNA-1CASINO.ru
06.01.2024;PLAY-TODAY1.ru
06.01.2024;PLAY-TODAY2.ru
06.01.2024;PLAY2XXM.ru
06.01.2024;PLAYDADDY.ru
06.01.2024;PLAYONLINEDADDY.ru
06.01.2024;PLAYSFORTUNA.ru
06.01.2024;PLAYWAR.ru
06.01.2024;PLAYXSOCIALXCASINOX.ru
06.01.2024;PLESHAKOV06.ru
06.01.2024;PLINTUS-OK.ru
06.01.2024;PLITKA-FEM.ru
06.01.2024;PLOTNIKOV91.ru
06.01.2024;PMRESALE.ru
06.01.2024;PN-SOFT.ru
06.01.2024;PNEVMA-SPB.ru
06.01.2024;PODOROVA.ru
06.01.2024;POEHALIKARELIA.ru
06.01.2024;POETHOUSE.ru
06.01.2024;POETS2.ru
06.01.2024;POGRUZCHIK-VILOCHNYY.ru
06.01.2024;POINT-SHOW.ru
06.01.2024;POLIGENM.ru
06.01.2024;POLINA-BRYLEVA.ru
06.01.2024;POLISED.ru
06.01.2024;POMOGAEV70.ru
06.01.2024;POMOGU1C.ru
06.01.2024;PONTELEEV.ru
06.01.2024;POOLNSK.ru
06.01.2024;POPOV2.ru
06.01.2024;POPOVAAE.ru
06.01.2024;PORTNOVEK.ru
06.01.2024;PORTRETCLIENTA.ru
06.01.2024;PORTRETKLIENTA.ru
06.01.2024;PORYADOK-HR.ru
06.01.2024;POSITIVEFORHEALTH.ru
06.01.2024;POSSHLLYAK.ru
06.01.2024;POTYOMKINA.ru
06.01.2024;POWDER-MIXER.ru
06.01.2024;POWLEAN.ru
06.01.2024;PRAZDNK.ru
06.01.2024;PRED-SHKOLA.ru
06.01.2024;PREEVENT.ru
06.01.2024;PREEVENTS.ru
06.01.2024;PREMIUMTGBOT.ru
06.01.2024;PRIDE-SOCIETY.ru
06.01.2024;PRIME-X-STUDIO.ru
06.01.2024;PRIMEXSTUDIO.ru
06.01.2024;PRINTER-PERM.ru
06.01.2024;PRINTMSW.ru
06.01.2024;PRINTWISE.ru
06.01.2024;PRIUT-SUN.ru
06.01.2024;PRIVATKI.ru
06.01.2024;PRO-DOXOD.ru
06.01.2024;PRO-HOSTING1.ru
06.01.2024;PRO-PLASTER25.ru
06.01.2024;PRO-PLASTER58.ru
06.01.2024;PRO-SGAVTO.ru
06.01.2024;PRO-SVOBODU.ru
06.01.2024;PROAQUALION.ru
06.01.2024;PROAVTOINFO.ru
06.01.2024;PRODUCT-7.ru
06.01.2024;PRODUCTION-LOGISTICS.ru
06.01.2024;PRODUCTIZDEREVNI.ru
06.01.2024;PRODUKTYFERMERA.ru
06.01.2024;PRODUKTYIZDEREVNI.ru
06.01.2024;PROEKT-PROF.ru
06.01.2024;PROF-HOST.ru
06.01.2024;PROFESSOR-GOGIN5.ru
06.01.2024;PROFI-HOSTING.ru
06.01.2024;PROFSTORUS.ru
06.01.2024;PROGNOZE.ru
06.01.2024;PROGREBIMILLION.ru
06.01.2024;PROGRESS-AO.ru
06.01.2024;PROJECTASU.ru
06.01.2024;PROJECTX-HOOKAH.ru
06.01.2024;PROKMARGO.ru
06.01.2024;PROKRIPTA.ru
06.01.2024;PROKRIPTO.ru
06.01.2024;PROMENAD-KRD.ru
06.01.2024;PROMIR-123.ru
06.01.2024;PROMISHLENNOE-ZRENIE.ru
06.01.2024;PROMO-NEDV.ru
06.01.2024;PRONQX.ru
06.01.2024;PROPEREEZD24.ru
06.01.2024;PROPINSIDER.ru
06.01.2024;PROPWORKSHOP.ru
06.01.2024;PRORASTIM.ru
06.01.2024;PROSEOPLUS.ru
06.01.2024;PROSHARLI.ru
06.01.2024;PROSTKURS.ru
06.01.2024;PROSTOZABEJ.ru
06.01.2024;PROTECHCONST.ru
06.01.2024;PROVAVADA.ru
06.01.2024;PS69X.ru
06.01.2024;PSE67.ru
06.01.2024;PSIHOLOG-AHRAMENKO-I-V.ru
06.01.2024;PSYCHOLOGISTLTV.ru
06.01.2024;PSYCOSMOS.ru
06.01.2024;PUFFPOINT.ru
06.01.2024;PUTEVKALAGER.ru
06.01.2024;PYATOV-SMIRNOVA.ru
06.01.2024;PYTHLEARN.ru
06.01.2024;PYVLGDJG.ru
06.01.2024;PZLWH1K.ru
06.01.2024;Q-MIDPASS.ru
06.01.2024;QAZAZU.ru
06.01.2024;QDESHUK.ru
06.01.2024;QLUB-LEDI-X.ru
06.01.2024;QLV0UNI.ru
06.01.2024;QT3LG9K.ru
06.01.2024;QTOZDES.ru
06.01.2024;QUANTUM-BIT.ru
06.01.2024;QUBAND.ru
06.01.2024;QUE-GROUP.ru
06.01.2024;QUICK-FINOFF18.ru
06.01.2024;QUIZ-VACANCY.ru
06.01.2024;QUIZGURU.ru
06.01.2024;QUQUEQE.ru
06.01.2024;RA1PH-7QDGWBF4.ru
06.01.2024;RABOTABANKROTSTVA.ru
06.01.2024;RADA-LIFE.ru
06.01.2024;RADAKRASNODAR.ru
06.01.2024;RADANVI.ru
06.01.2024;RADIO-CONTROL.ru
06.01.2024;RADIO-EFIR-ONLINE.ru
06.01.2024;RAGE-RPG.ru
06.01.2024;RAGERPG.ru
06.01.2024;RAIS-ROLEPLAY.ru
06.01.2024;RAMAZANKIMPAEV.ru
06.01.2024;RAMAZANOVA-RAMAZANOVA.ru
06.01.2024;RAMENBET-AMP1.ru
06.01.2024;RAMENBET-AMP6.ru
06.01.2024;RAMENBET-AMP7.ru
06.01.2024;RAMENBET-AMP8.ru
06.01.2024;RAMZAN1.ru
06.01.2024;RANOBEHUB.ru
06.01.2024;RASPUTINVLZ.ru
06.01.2024;RATNER-1.ru
06.01.2024;RAUANBAH.ru
06.01.2024;RAVAGECUBE.ru
06.01.2024;RAY-ONE.ru
06.01.2024;RAYON-ONLINE.ru
06.01.2024;RB-DEZ.ru
06.01.2024;RBT-ONE.ru
06.01.2024;RDHOLRUSS.ru
06.01.2024;REACTZARIPOV.ru
06.01.2024;REAL-STROY-74.ru
06.01.2024;RECHKINA-1.ru
06.01.2024;REDWOODFAMQ-GTA5RP.ru
06.01.2024;REGION74GAME.ru
06.01.2024;REMEMBERGO.ru
06.01.2024;REMISH79-1.ru
06.01.2024;REMONT-TELEFONOV-KOLOMNA.ru
06.01.2024;REMONT-VANNOI-KAZAN.ru
06.01.2024;REMONTCARSERVIS.ru
06.01.2024;REMONTEZEHLPMI24.ru
06.01.2024;REMONTOPLAN.ru
06.01.2024;RENATQA.ru
06.01.2024;RENDER22.ru
06.01.2024;RENT-FOUND.ru
06.01.2024;RENT-RAY.ru
06.01.2024;RENT-SWAP.ru
06.01.2024;RENTWEBHOSTING.ru
06.01.2024;REPAIR-EQUIPMENT.ru
06.01.2024;REPLICALUXURY.ru
06.01.2024;REROHENN.ru
06.01.2024;RESISTANCY.ru
06.01.2024;RESPOYG.ru
06.01.2024;REVOSERVICE.ru
06.01.2024;REVUELTA.ru
06.01.2024;REWARDC-OFF-GARENA.ru
06.01.2024;RFO-UPDATE.ru
06.01.2024;RGPRINT.ru
06.01.2024;RIABKONV.ru
06.01.2024;RIASCOOTERCLUB.ru
06.01.2024;RIBNOEMESTOMAGAZIN.ru
06.01.2024;RICOH-AFICIO-SP100.ru
06.01.2024;RICOH-SP-150.ru
06.01.2024;RIGATV.ru
06.01.2024;RIKONDEVCRM.ru
06.01.2024;RINARCH.ru
06.01.2024;RINEYSKAYA.ru
06.01.2024;RIOBET-2024-1.ru
06.01.2024;RIOBET-2024-2.ru
06.01.2024;RIOBET-2024-3.ru
06.01.2024;RIONMINE.ru
06.01.2024;RITSAFE.ru
06.01.2024;RITUALV.ru
06.01.2024;RITUALZ.ru
06.01.2024;RK54.ru
06.01.2024;RLDANNNA.ru
06.01.2024;ROBOLOGIA.ru
06.01.2024;ROBOSAD.ru
06.01.2024;ROBOTIP.ru
06.01.2024;ROCMUSIC.ru
06.01.2024;ROLL5G.ru
06.01.2024;ROLLRENTCAR.ru
06.01.2024;ROMA1.ru
06.01.2024;ROMAN-FILATOV.ru
06.01.2024;ROMANENKOFAMILY.ru
06.01.2024;ROMANKOPYLOV.ru
06.01.2024;ROMANOVSKAYAEVGENIYA.ru
06.01.2024;ROMANOVSKAYAPROYAVLENIE.ru
06.01.2024;ROMANTIC-MOSCOW13.ru
06.01.2024;ROMANTICSKY12.ru
06.01.2024;ROMIXNETWORK.ru
06.01.2024;ROMZING.ru
06.01.2024;ROOFRACKS.ru
06.01.2024;ROOM-TRAVELS.ru
06.01.2024;ROSE12.ru
06.01.2024;ROSEOPT-TOMSK.ru
06.01.2024;ROSEOPTTOMSK.ru
06.01.2024;ROSLAVLBAZAASSORTI.ru
06.01.2024;ROYAL-MODELS.ru
06.01.2024;RP5RU.ru
06.01.2024;RPASTRONE.ru
06.01.2024;RSADCHIKOV.ru
06.01.2024;RSWS.ru
06.01.2024;RTK-PROVIDER.ru
06.01.2024;RU-6PAYMENTS.ru
06.01.2024;RU-ID7728.ru
06.01.2024;RU-SECURITY3278.ru
06.01.2024;RU-WPAYS.ru
06.01.2024;RUS-6321.ru
06.01.2024;RUSLO-FEST.ru
06.01.2024;RUSLOFEST.ru
06.01.2024;RUSMUZEUM.ru
06.01.2024;RUSSKAYAFILOSOFIYA.ru
06.01.2024;RUSSKOEKRAEVEDENIE.ru
06.01.2024;RUSSKOEPRAVOSLAVIE.ru
06.01.2024;RUST-PLAY.ru
06.01.2024;RUSTAMFATTAKHOV.ru
06.01.2024;RUSTY-BATTERY.ru
06.01.2024;RUSTYLOCK.ru
06.01.2024;RUYA-EXPRESS.ru
06.01.2024;RYBOLOV-MARKETPLACE.ru
06.01.2024;RYBOLOVMARKETPLACE.ru
06.01.2024;RYSKALOV.ru
06.01.2024;RZHANITSIN.ru
06.01.2024;S-VAVADA-B.ru
06.01.2024;S-VOTTING.ru
06.01.2024;SAAPERFUME.ru
06.01.2024;SADDOCTOR.ru
06.01.2024;SADIMICHURINA.ru
06.01.2024;SAFAROVGASAN.ru
06.01.2024;SAFONOVOBTI.ru
06.01.2024;SAHAYRGA.ru
06.01.2024;SAITVISITKA.ru
06.01.2024;SAKHTWO.ru
06.01.2024;SALESHOPS2024.ru
06.01.2024;SALIMIPOTEKA.ru
06.01.2024;SALONMASSAGA.ru
06.01.2024;SAMOLETPIUS.ru
06.01.2024;SAMORAZVITIELOV.ru
06.01.2024;SAMRRUS.ru
06.01.2024;SANDME.ru
06.01.2024;SANDUGASH.ru
06.01.2024;SANTEHPULS.ru
06.01.2024;SANTEKH-MSK.ru
06.01.2024;SANTEKHNIKI-MSK.ru
06.01.2024;SARAH73.ru
06.01.2024;SARCAZY.ru
06.01.2024;SASHA33.ru
06.01.2024;SATANIK.ru
06.01.2024;SAVINAULYA-MUZRUK.ru
06.01.2024;SAVOSTIANOV.ru
06.01.2024;SBODNARUK.ru
06.01.2024;SCAN-PRINT.ru
06.01.2024;SCANDALISTS.ru
06.01.2024;SCHOOLALBOM.ru
06.01.2024;SCRITT.ru
06.01.2024;SCY1.ru
06.01.2024;SD131.ru
06.01.2024;SDELKA2382.ru
06.01.2024;SDM3.ru
06.01.2024;SEGUER0.ru
06.01.2024;SELSAD.ru
06.01.2024;SEMANTIC-CODE.ru
06.01.2024;SEMANTICCODE.ru
06.01.2024;SEMENA-AELITA.ru
06.01.2024;SEMENA-AILITA.ru
06.01.2024;SEMENAAELITA.ru
06.01.2024;SEMENAAILITA.ru
06.01.2024;SEND-IT-OUT.ru
06.01.2024;SENSE-SPACE.ru
06.01.2024;SENSEBANK.ru
06.01.2024;SER200382.ru
06.01.2024;SERAL-RASHA.ru
06.01.2024;SEREGASMOSTOV.ru
06.01.2024;SERGEY-RYZHOV.ru
06.01.2024;SERGEYDMITR.ru
06.01.2024;SERV4ME.ru
06.01.2024;SERVER2021.ru
06.01.2024;SERVERY-GTA-RP.ru
06.01.2024;SERVICE-3279.ru
06.01.2024;SERVICE-STANKOV.ru
06.01.2024;SERVICESTAV.ru
06.01.2024;SERVIGUR.ru
06.01.2024;SERVOHOSTPRO.ru
06.01.2024;SERYSHEV-1.ru
06.01.2024;SESHAS.ru
06.01.2024;SET-STORE.ru
06.01.2024;SET4EMKSDR.ru
06.01.2024;SETEVOE-SHOP.ru
06.01.2024;SEVAP.ru
06.01.2024;SEWINGS72.ru
06.01.2024;SEXYMILFS.ru
06.01.2024;SEXYMILFSCHAT.ru
06.01.2024;SFERA-BARNAUL.ru
06.01.2024;SHADIHANANI.ru
06.01.2024;SHARIKOK.ru
06.01.2024;SHCH-ANNA-PREMIUM.ru
06.01.2024;SHELFING.ru
06.01.2024;SHIELD-MSC.ru
06.01.2024;SHIMANOSTORE.ru
06.01.2024;SHISHOV-PRO.ru
06.01.2024;SHKADIN.ru
06.01.2024;SHKAFYIKUHNI.ru
06.01.2024;SHMOTKU.ru
06.01.2024;SHN-LEGAL.ru
06.01.2024;SHNYR-KURYER.ru
06.01.2024;SHOESFORSEA.ru
06.01.2024;SHOP2024BEST.ru
06.01.2024;SHOPS2024CHEAPS.ru
06.01.2024;SHOPSALES2024.ru
06.01.2024;SHOPVMITINO.ru
06.01.2024;SHTAIN.ru
06.01.2024;SHUSHANNA.ru
06.01.2024;SHVABRACOM.ru
06.01.2024;SHVEYTSARSKIE-CHASY.ru
06.01.2024;SIG-3178.ru
06.01.2024;SIGNALY-NA-SPORT.ru
06.01.2024;SIGNREVISION.ru
06.01.2024;SIGSON.ru
06.01.2024;SIKCCRU.ru
06.01.2024;SIKCCV.ru
06.01.2024;SIKCVV.ru
06.01.2024;SIKT0R.ru
06.01.2024;SILENTOV.ru
06.01.2024;SILVACAT.ru
06.01.2024;SILVER-COIN.ru
06.01.2024;SIMASHKA.ru
06.01.2024;SIMPLE-BUSINESS.ru
06.01.2024;SIMPLEFEST.ru
06.01.2024;SINYAGINA-IT.ru
06.01.2024;SIROVANDREY.ru
06.01.2024;SISTEMA-X.ru
06.01.2024;SITRAK-HOWO67.ru
06.01.2024;SK-ARKHAN.ru
06.01.2024;SK-MAX-MONTAGE.ru
06.01.2024;SK-PITT.ru
06.01.2024;SK-STROIMAKS.ru
06.01.2024;SKIBIDIGAME.ru
06.01.2024;SKILLITONS.ru
06.01.2024;SKIPAD.ru
06.01.2024;SKIWE.ru
06.01.2024;SKKKATYA.ru
06.01.2024;SKLLAD.ru
06.01.2024;SKOLKOZAPLATILO100ZAUZNATSKOLKOZAPLATILO100.ru
06.01.2024;SKPROXIMA.ru
06.01.2024;SKRYABINEM.ru
06.01.2024;SKULLGIRLS.ru
06.01.2024;SKURYSHKO.ru
06.01.2024;SKVETKIN.ru
06.01.2024;SKWLKRFLM.ru
06.01.2024;SKYNETVIDEO.ru
06.01.2024;SL-HOROSCOPE.ru
06.01.2024;SLADKII-DOMIK.ru
06.01.2024;SLAVICA7.ru
06.01.2024;SLAVUY.ru
06.01.2024;SLBZ.ru
06.01.2024;SLEEPINGWELL.ru
06.01.2024;SLIVGRAM.ru
06.01.2024;SLLOVOLPACAANA.ru
06.01.2024;SLO-VO-PACANA.ru
06.01.2024;SLO-VO-PACANA-1-8.ru
06.01.2024;SLOBODCHICKOVKIRILL.ru
06.01.2024;SLOTOZAL-KASIN2.ru
06.01.2024;SLOVO-PACONA-1S.ru
06.01.2024;SLOVO-PACONA8S.ru
06.01.2024;SLOVO-PACONAVSE.ru
06.01.2024;SLOVOMARKETOLOGA.ru
06.01.2024;SLOVOPACANDY.ru
06.01.2024;SLOVOPACANRE.ru
06.01.2024;SLOVOPACANVBA.ru
06.01.2024;SLOVOPACANZHA.ru
06.01.2024;SLOVOPACDU.ru
06.01.2024;SLOVOPACONA8S.ru
06.01.2024;SLOVOPATSANAKROV.ru
06.01.2024;SLOVOPOCANAD.ru
06.01.2024;SLOVOPOCANAQE.ru
06.01.2024;SLOVOPOCANAVE.ru
06.01.2024;SLOVOPOCANAWA.ru
06.01.2024;SLOVVO-PACANA-1-8.ru
06.01.2024;SLOVVVO-PACANA.ru
06.01.2024;SMAMINA.ru
06.01.2024;SMART-ITCENTER.ru
06.01.2024;SMARTFIT74.ru
06.01.2024;SMARTFUELING3.ru
06.01.2024;SMARTORIX.ru
06.01.2024;SMARTSDELKA.ru
06.01.2024;SMARTSDIRECT.ru
06.01.2024;SMEGR.ru
06.01.2024;SMITLER.ru
06.01.2024;SMKABANOV.ru
06.01.2024;SMMACADEMY-NN8.ru
06.01.2024;SMMACADEMY-NN9.ru
06.01.2024;SMMGELAZUTDINOV.ru
06.01.2024;SMMKNIGA.ru
06.01.2024;SMOKER1994123.ru
06.01.2024;SMOOR.ru
06.01.2024;SMWGROUP.ru
06.01.2024;SNAPVISION.ru
06.01.2024;SNEGOHOD-YAMAHA.ru
06.01.2024;SNEGOUBORCHIK.ru
06.01.2024;SNOVDOM.ru
06.01.2024;SNYUK.ru
06.01.2024;SOCHI-MK1.ru
06.01.2024;SOFYASIMONOVA.ru
06.01.2024;SOKHAN.ru
06.01.2024;SOKOLOV1986.ru
06.01.2024;SOKYWOO.ru
06.01.2024;SOLOGEL.ru
06.01.2024;SOLOVEY27.ru
06.01.2024;SONIC-SPB.ru
06.01.2024;SONUM-RU.ru
06.01.2024;SOPROVOZHDENIYE.ru
06.01.2024;SOPSKORYI56.ru
06.01.2024;SORTECHPARTS.ru
06.01.2024;SOTNIKOVV.ru
06.01.2024;SP-FLOOR.ru
06.01.2024;SPB-KJ.ru
06.01.2024;SPB-KOSMETOLOGIYA.ru
06.01.2024;SPB-NEDV.ru
06.01.2024;SPB55.ru
06.01.2024;SPBAV.ru
06.01.2024;SPBFLT.ru
06.01.2024;SPBLEROYMERLIN.ru
06.01.2024;SPBPSU.ru
06.01.2024;SPETSODEZHDA-EKATERINBURG.ru
06.01.2024;SPISLIT.ru
06.01.2024;SPORT-BOOKMAKERS.ru
06.01.2024;SPORTFIT74.ru
06.01.2024;SPORTFIT84.ru
06.01.2024;SPORTMARKET-DONETSK.ru
06.01.2024;SPORTPLATFORMA.ru
06.01.2024;SPPOTOLKI.ru
06.01.2024;SPRINGENERGIZED-SEAL.ru
06.01.2024;SRN33S.ru
06.01.2024;SRVALL.ru
06.01.2024;SSEBA.ru
06.01.2024;SSLOVOLPACAANA.ru
06.01.2024;SSOFJA.ru
06.01.2024;ST0704.ru
06.01.2024;STABILIS72-DOM.ru
06.01.2024;STAND2NOOJIIK.ru
06.01.2024;STANDBAR-KVARTIRA.ru
06.01.2024;STANDOFCLICKER.ru
06.01.2024;STANDUP-FADED.ru
06.01.2024;STANDUP-HALES.ru
06.01.2024;STANISLAVNAME.ru
06.01.2024;STARS-HOSTING.ru
06.01.2024;STARSHINOVY.ru
06.01.2024;START-MSC.ru
06.01.2024;STAV-FLOWERS-FIORI.ru
06.01.2024;STEAMCONNUNITIY.ru
06.01.2024;STEEL-1.ru
06.01.2024;STEELWOODSTONE.ru
06.01.2024;STELLARPROJECTS.ru
06.01.2024;STELLARVERSE.ru
06.01.2024;STEMCOMNUNITIY.ru
06.01.2024;STEMCOMNUNIYTIY.ru
06.01.2024;STEPAKRU.ru
06.01.2024;STH-TARIF.ru
06.01.2024;STOLOLO.ru
06.01.2024;STOMABLOGER.ru
06.01.2024;STORAGEKFILES.ru
06.01.2024;STOREMAUTO.ru
06.01.2024;STOREOUTLET2024.ru
06.01.2024;STORES2024.ru
06.01.2024;STOYANOVELITE.ru
06.01.2024;STRATEG-CRM.ru
06.01.2024;STROIDAY.ru
06.01.2024;STROIKASOVET.ru
06.01.2024;STROY-DOBRO-MSK.ru
06.01.2024;STROY-DOMIK-NETHOUSE.ru
06.01.2024;STROYAKA.ru
06.01.2024;STROYBFBOT.ru
06.01.2024;STROYSNABMONTAZH.ru
06.01.2024;STSBS.ru
06.01.2024;STUDIO-MDC.ru
06.01.2024;STUDIO-TM.ru
06.01.2024;STUDIOCAT.ru
06.01.2024;STUDIOMELISSA.ru
06.01.2024;STUKATURKA-MSK.ru
06.01.2024;STUROSS.ru
06.01.2024;STYA-SAVINA.ru
06.01.2024;STYLE-1.ru
06.01.2024;STYLE-ARH-STROY.ru
06.01.2024;STYLEKRD.ru
06.01.2024;SUBCRAFT.ru
06.01.2024;SUBZAIT.ru
06.01.2024;SUGAR-PAPER29.ru
06.01.2024;SUGARR.ru
06.01.2024;SUNMAR-OLGINO.ru
06.01.2024;SUPER-TOOL51.ru
06.01.2024;SUPERAVTOSERVIS.ru
06.01.2024;SUPERPRO-HOSTING.ru
06.01.2024;SUPERZAIMY.ru
06.01.2024;SUPPORT-HELPS.ru
06.01.2024;SUPPORT-T.ru
06.01.2024;SUPPORTS-HELP.ru
06.01.2024;SUPRALL-GASIK.ru
06.01.2024;SURVEYAI.ru
06.01.2024;SUSHI-KUZ.ru
06.01.2024;SUSTALITS.ru
06.01.2024;SVA-MASSAGE.ru
06.01.2024;SVATYA.ru
06.01.2024;SVETOCON.ru
06.01.2024;SVETTRAV.ru
06.01.2024;SVIDANIECITY13.ru
06.01.2024;SVOBODA-UHODA.ru
06.01.2024;SVOYATROPAURAL.ru
06.01.2024;SVS-REMONT.ru
06.01.2024;SYRN.ru
06.01.2024;SYSTJ.ru
06.01.2024;SZHOVNIR.ru
06.01.2024;SZOZULJA.ru
06.01.2024;TABULOV.ru
06.01.2024;TAJ-MARKET.ru
06.01.2024;TAKRIVOSHEEVA.ru
06.01.2024;TAMARA-KHANUM.ru
06.01.2024;TAMINGLINUX.ru
06.01.2024;TAP-HOME.ru
06.01.2024;TARAKAN-DEZ-MSK.ru
06.01.2024;TARANTSEV.ru
06.01.2024;TARJAMACKEY.ru
06.01.2024;TARX65.ru
06.01.2024;TASYA-TURCHINA.ru
06.01.2024;TATIANAPI19.ru
06.01.2024;TATIAVGUST.ru
06.01.2024;TATPROFCONSALTING.ru
06.01.2024;TATTOO-FAMILY.ru
06.01.2024;TATYANA-IVCHENKO94.ru
06.01.2024;TAUTOWN.ru
06.01.2024;TAXAMOTOR.ru
06.01.2024;TCEK63-DO.ru
06.01.2024;TCP66.ru
06.01.2024;TCSSKRD.ru
06.01.2024;TD-POLYLACK.ru
06.01.2024;TD-SEMENOV.ru
06.01.2024;TDARTINOX.ru
06.01.2024;TDCPANORAMASOCHI.ru
06.01.2024;TDLAR.ru
06.01.2024;TEAM-10.ru
06.01.2024;TEAM-KAIF.ru
06.01.2024;TEAMFITTING.ru
06.01.2024;TEAMTIKET.ru
06.01.2024;TEBAIKIN.ru
06.01.2024;TECH-ENTER.ru
06.01.2024;TECHAWAY.ru
06.01.2024;TECHPOWERPC.ru
06.01.2024;TEKHNIKUM-INTERNAT-SHUBA.ru
06.01.2024;TELEG-AUT.ru
06.01.2024;TELEGR-AUTENTICH.ru
06.01.2024;TELEGRAMRENT.ru
06.01.2024;TEMURYUNUSOV.ru
06.01.2024;TERRA-AGES.ru
06.01.2024;TEST-GITLAB.ru
06.01.2024;TESTO-TESTO.ru
06.01.2024;TESTOVYIDOMEN.ru
06.01.2024;TEXSTYLE-NEW.ru
06.01.2024;TEXTILEMSW.ru
06.01.2024;TFCNAF.ru
06.01.2024;TFSDFGOLOVIN.ru
06.01.2024;TGGAME.ru
06.01.2024;TGGAME111.ru
06.01.2024;THE-SAINT.ru
06.01.2024;THEATRE-FADED.ru
06.01.2024;THEATRE-HALES.ru
06.01.2024;THECASINOXCOM.ru
06.01.2024;THEJD.ru
06.01.2024;THEMAESTRO.ru
06.01.2024;THEMAKKATE.ru
06.01.2024;THEROOM-NV.ru
06.01.2024;THUGGERVPN.ru
06.01.2024;TICKETBOLSHOI.ru
06.01.2024;TIKTOK-VEDUSHCHIY.ru
06.01.2024;TIME-PRINT.ru
06.01.2024;TIMEOUTFITNESS.ru
06.01.2024;TIMERIFT.ru
06.01.2024;TIMINA84.ru
06.01.2024;TIMLABSHOP.ru
06.01.2024;TIMOTECHSALE.ru
06.01.2024;TIR98LZ.ru
06.01.2024;TISHIN-7.ru
06.01.2024;TITORPLACE.ru
06.01.2024;TITSTOK.ru
06.01.2024;TIVIKI.ru
06.01.2024;TLGMN.ru
06.01.2024;TLIVINGSTON.ru
06.01.2024;TLLYNNAW.ru
06.01.2024;TLSWP.ru
06.01.2024;TMKL.ru
06.01.2024;TOHAVLASOV.ru
06.01.2024;TOMIRISA.ru
06.01.2024;TOMMERDOM.ru
06.01.2024;TOMNORDEN.ru
06.01.2024;TONVA-GROUP.ru
06.01.2024;TOP-RKO.ru
06.01.2024;TOP-TELE-MASTER.ru
06.01.2024;TOPANKETA.ru
06.01.2024;TOPAVTOSERVIS.ru
06.01.2024;TOPBANKCARDS.ru
06.01.2024;TOPGAMERULEZ.ru
06.01.2024;TOPHELPDESKS.ru
06.01.2024;TOUCH-CARD.ru
06.01.2024;TOYSHANDMADE.ru
06.01.2024;TQREZ.ru
06.01.2024;TRAC24.ru
06.01.2024;TRAIDUN.ru
06.01.2024;TRANS-INFO34.ru
06.01.2024;TRANSFERGESH.ru
06.01.2024;TRAVEASK.ru
06.01.2024;TRAVELAKS.ru
06.01.2024;TRAVELESK.ru
06.01.2024;TRAWELASK.ru
06.01.2024;TREESLICE.ru
06.01.2024;TRENER-FITNES.ru
06.01.2024;TRENING-IZHEVSK-ONLINE.ru
06.01.2024;TRENZA.ru
06.01.2024;TRIP-6731.ru
06.01.2024;TRIYR.ru
06.01.2024;TRMSKORGTT.ru
06.01.2024;TROT-TELENET.ru
06.01.2024;TROUTPIER.ru
06.01.2024;TRUE-SOFT.ru
06.01.2024;TRUPARTS.ru
06.01.2024;TSGIRLS2.ru
06.01.2024;TSHAJ.ru
06.01.2024;TSHIELDHERO.ru
06.01.2024;TSHOVREBOVA.ru
06.01.2024;TSU000.ru
06.01.2024;TSVAAN.ru
06.01.2024;TSVETI-VIP.ru
06.01.2024;TUMHMAGIC.ru
06.01.2024;TUR1960.ru
06.01.2024;TURKSERIALLS.ru
06.01.2024;TURORPLACE.ru
06.01.2024;TURSHIEV.ru
06.01.2024;TUTERPLACE.ru
06.01.2024;TUTIRPLACE.ru
06.01.2024;TUTOPLACE.ru
06.01.2024;TUTOR-PLACE.ru
06.01.2024;TUTORLACE.ru
06.01.2024;TUTORPACE.ru
06.01.2024;TUTORPIACE.ru
06.01.2024;TUTORPLAC.ru
06.01.2024;TUTORPLAIS.ru
06.01.2024;TUTORPLASE.ru
06.01.2024;TUTORPLECE.ru
06.01.2024;TV-HDR.ru
06.01.2024;TVIZA.ru
06.01.2024;TVOETO.ru
06.01.2024;TVOIHR.ru
06.01.2024;TVOIPOMOSHNIKVRAZVITII.ru
06.01.2024;TVOJTEMP.ru
06.01.2024;TWEAKAPP.ru
06.01.2024;TWEETX.ru
06.01.2024;TWINSLOFT.ru
06.01.2024;TYTORPLACE.ru
06.01.2024;UAZOPT73.ru
06.01.2024;UBESLAN.ru
06.01.2024;UFA-NOUT.ru
06.01.2024;UG186.ru
06.01.2024;UGGLY.ru
06.01.2024;UHELP24.ru
06.01.2024;UKDOMK.ru
06.01.2024;ULMAS416.ru
06.01.2024;ULTIMATESEO.ru
06.01.2024;ULTRANIT.ru
06.01.2024;ULYAPROJECT.ru
06.01.2024;ULZMS.ru
06.01.2024;UNAROKOVA.ru
06.01.2024;UNITY-RP.ru
06.01.2024;UNREVEALED.ru
06.01.2024;UNSL-IB.ru
06.01.2024;UPOHARBD.ru
06.01.2024;UR-JUST.ru
06.01.2024;URBAN-STILE.ru
06.01.2024;URDAEVA.ru
06.01.2024;URISTIOTVETI3.ru
06.01.2024;USADBA174.ru
06.01.2024;USENETALL.ru
06.01.2024;USKULYA.ru
06.01.2024;USOROKIN.ru
06.01.2024;UTEPLENIE-BALKONA-MSK.ru
06.01.2024;UTKK-YUG.ru
06.01.2024;V-AMPIRE.ru
06.01.2024;V-APPLES.ru
06.01.2024;V-PROGNOZE.ru
06.01.2024;V1B0UHL.ru
06.01.2024;V2SD.ru
06.01.2024;VAGNERAEBUT.ru
06.01.2024;VAIBORIS.ru
06.01.2024;VALDAY-DACHI.ru
06.01.2024;VALERA-L53.ru
06.01.2024;VALERY-MEDVEDEV.ru
06.01.2024;VALKAVIAN.ru
06.01.2024;VANLEDIS.ru
06.01.2024;VARESHKINA.ru
06.01.2024;VARIKOZANET-BARNAUL.ru
06.01.2024;VARIKOZANET-BELOKURIHA.ru
06.01.2024;VARIKOZANET-BIYSK.ru
06.01.2024;VARIKOZANET-GORNOALTAYSK.ru
06.01.2024;VARIKOZANET-KAMENNAOBI.ru
06.01.2024;VARIKOZANET-RUBCOVSK.ru
06.01.2024;VARIKOZANET-ZARINSK.ru
06.01.2024;VARVARA-KEMPEL.ru
06.01.2024;VASEM.ru
06.01.2024;VASHUGOL.ru
06.01.2024;VASHUKO.ru
06.01.2024;VASILEV2000.ru
06.01.2024;VATAPAY.ru
06.01.2024;VAULT29.ru
06.01.2024;VAV8.ru
06.01.2024;VAVADA-100.ru
06.01.2024;VAVADA-77.ru
06.01.2024;VAVADA-AQW.ru
06.01.2024;VAVADA-BQW.ru
06.01.2024;VAVADA-BRE.ru
06.01.2024;VAVADA-CASINO-777.ru
06.01.2024;VAVADA-CASINO-GAMES.ru
06.01.2024;VAVADA-CASINO-ONLAIN.ru
06.01.2024;VAVADA-CASINO-ONLINE.ru
06.01.2024;VAVADA-CASINO23.ru
06.01.2024;VAVADA-CASINO25.ru
06.01.2024;VAVADA-CASINO77777PX.ru
06.01.2024;VAVADA-CASINO777VO.ru
06.01.2024;VAVADA-CASINO777XP.ru
06.01.2024;VAVADA-CASINO77P.ru
06.01.2024;VAVADA-CASINO77VO.ru
06.01.2024;VAVADA-CASINO77XP.ru
06.01.2024;VAVADA-CASINO7VO.ru
06.01.2024;VAVADA-CAZINO777U.ru
06.01.2024;VAVADA-EZ.ru
06.01.2024;VAVADA-FJ.ru
06.01.2024;VAVADA-GAMES-OFFICIAL.ru
06.01.2024;VAVADA-KAZINO777J.ru
06.01.2024;VAVADA-KAZINO777K.ru
06.01.2024;VAVADA-OFFICIAL-SITE.ru
06.01.2024;VAVADA-OJ.ru
06.01.2024;VAVADA-ONLINE-OFICIAL.ru
06.01.2024;VAVADA-ORG.ru
06.01.2024;VAVADA-OTZYV-KAZINO.ru
06.01.2024;VAVADA-OX.ru
06.01.2024;VAVADA-PLAY.ru
06.01.2024;VAVADA-PLAY-CASINO.ru
06.01.2024;VAVADA-PLAY-OFFICIAL.ru
06.01.2024;VAVADA-PX.ru
06.01.2024;VAVADA-SMART1.ru
06.01.2024;VAVADA-SO.ru
06.01.2024;VAVADA-VHOD.ru
06.01.2024;VAVADA-ZERKALO-KAZINO.ru
06.01.2024;VAVADA2.ru
06.01.2024;VAVADA362.ru
06.01.2024;VAVADA3717.ru
06.01.2024;VAVADA7007.ru
06.01.2024;VAVADA704.ru
06.01.2024;VAVADA713.ru
06.01.2024;VAVADA869.ru
06.01.2024;VAVADA870.ru
06.01.2024;VAVADA913.ru
06.01.2024;VAVADA960.ru
06.01.2024;VAVADA999K.ru
06.01.2024;VAVADAAT.ru
06.01.2024;VAVADAAZUREWEBSITESNET.ru
06.01.2024;VAVADACASINO-1.ru
06.01.2024;VAVADACASINO-777.ru
06.01.2024;VAVADACASINO101.ru
06.01.2024;VAVADACASINO202.ru
06.01.2024;VAVADACASINO77777FX.ru
06.01.2024;VAVADACASINO77DX.ru
06.01.2024;VAVADACASINO77SX.ru
06.01.2024;VAVADACASINO7FC.ru
06.01.2024;VAVADACASINOS7-7.ru
06.01.2024;VAVADACSINO.ru
06.01.2024;VAVADAF2F2.ru
06.01.2024;VAVADAGAME-RS14.ru
06.01.2024;VAVADAKASINO1.ru
06.01.2024;VAVADAKAZINO1.ru
06.01.2024;VAVADAMEDIA.ru
06.01.2024;VAVADAPLAY22.ru
06.01.2024;VAVADAPLAY333.ru
06.01.2024;VAVADAPLAY333V.ru
06.01.2024;VAVADAPLAY33XX.ru
06.01.2024;VAVADAPLAY7.ru
06.01.2024;VAVADAS-CASINO.ru
06.01.2024;VAVADAS1.ru
06.01.2024;VAVADAS3.ru
06.01.2024;VAVADASITE1.ru
06.01.2024;VAVADASITES4AA.ru
06.01.2024;VAVADATORCASINO.ru
06.01.2024;VAVADATURNIR.ru
06.01.2024;VAVADAZZERKALA.ru
06.01.2024;VAYATETA.ru
06.01.2024;VBULKIN.ru
06.01.2024;VEDAMEZ.ru
06.01.2024;VEDUSHCHIYE.ru
06.01.2024;VEEVSHOP.ru
06.01.2024;VELESDVOR.ru
06.01.2024;VELIKOROSSY.ru
06.01.2024;VELNOVNATA.ru
06.01.2024;VELOVACH.ru
06.01.2024;VELOVACH-INDUSTRIES.ru
06.01.2024;VEPANESHNIKOV.ru
06.01.2024;VERANDA-TERRACA.ru
06.01.2024;VERANDA-TERRASA.ru
06.01.2024;VERTEKS-RU.ru
06.01.2024;VESTACERAMICA.ru
06.01.2024;VESTASHOW.ru
06.01.2024;VETRADAR24.ru
06.01.2024;VF-FETISOV.ru
06.01.2024;VGALTSEV.ru
06.01.2024;VH-SHOP.ru
06.01.2024;VIC90.ru
06.01.2024;VICIPAY.ru
06.01.2024;VICKOKEX.ru
06.01.2024;VIDEO15.ru
06.01.2024;VIKA-ZHUKOVA.ru
06.01.2024;VIKEUR.ru
06.01.2024;VIKTAILS.ru
06.01.2024;VIKTORIA-MODEL.ru
06.01.2024;VIKTORIYA-GONCHAROVA.ru
06.01.2024;VIKTORIYA-VIDEO.ru
06.01.2024;VIKUPAUTOMOSCW.ru
06.01.2024;VILLASKYARHYZ.ru
06.01.2024;VILOCHNYJ.ru
06.01.2024;VILOCHNYJ-POGRUZCHIK.ru
06.01.2024;VILOCHNYY-POGRUZCHIK.ru
06.01.2024;VINNIKOVA-7.ru
06.01.2024;VIONHOST.ru
06.01.2024;VIPREMONTAVTO.ru
06.01.2024;VIRTUALPROD.ru
06.01.2024;VISMANOVA.ru
06.01.2024;VIT-SPB.ru
06.01.2024;VITA-AESTHETICA.ru
06.01.2024;VITAGOR-ANALYTICS.ru
06.01.2024;VITODAR.ru
06.01.2024;VITRUVE.ru
06.01.2024;VITUWA.ru
06.01.2024;VIVA-BOOMS.ru
06.01.2024;VIZ-MODELI.ru
06.01.2024;VK-BRAND.ru
06.01.2024;VKA-MUSEUM.ru
06.01.2024;VKALEDIN.ru
06.01.2024;VKSOVA.ru
06.01.2024;VLAD36.ru
06.01.2024;VLADICHKA.ru
06.01.2024;VLADIMIRILIN.ru
06.01.2024;VLNANN.ru
06.01.2024;VLPROKAT.ru
06.01.2024;VMESTE-71.ru
06.01.2024;VMGORCHAKOV.ru
06.01.2024;VODAROSTOV.ru
06.01.2024;VODAVINO.ru
06.01.2024;VODYZHEVA.ru
06.01.2024;VOKATECH.ru
06.01.2024;VOMELECHKO.ru
06.01.2024;VORON61.ru
06.01.2024;VORONKAMLMBOT1.ru
06.01.2024;VORONSOV.ru
06.01.2024;VOROTA-FORM.ru
06.01.2024;VOYAH-AUTOIMPORT.ru
06.01.2024;VPCOOK.ru
06.01.2024;VPERLOV.ru
06.01.2024;VPOBEREZHNAYA.ru
06.01.2024;VPROGNIZE.ru
06.01.2024;VPROGNOSE.ru
06.01.2024;VSE-SLOVO-PACONA.ru
06.01.2024;VSE-SLOVOLPACANA.ru
06.01.2024;VSEKOPTIT.ru
06.01.2024;VSEM-HOSTING.ru
06.01.2024;VSEPRAVDA.ru
06.01.2024;VSERDOBINTSEVA.ru
06.01.2024;VSEROSSIYSKIYKONKURS.ru
06.01.2024;VSESLOVOLPACANA.ru
06.01.2024;VSESPRAVKI-CHELYABINSK.ru
06.01.2024;VSEVIDIAVTOREM.ru
06.01.2024;VSEXXX.ru
06.01.2024;VSVETLANA.ru
06.01.2024;VSWED.ru
06.01.2024;VULKAN-RUSSIA9.ru
06.01.2024;VVALERA.ru
06.01.2024;VVBARI.ru
06.01.2024;VVDIW.ru
06.01.2024;VVSK-1.ru
06.01.2024;VYBOR-2024.ru
06.01.2024;VYBORY-PREZIDENTA2024.ru
06.01.2024;VYLCAN-MAIL.ru
06.01.2024;VYLCAN-MAIL-SERVER.ru
06.01.2024;VYSOTAPROMALP.ru
06.01.2024;VYSOTSKISIARHEI.ru
06.01.2024;VZAEMDENGI.ru
06.01.2024;W-TODAY.ru
06.01.2024;WAFFEN75.ru
06.01.2024;WAND6.ru
06.01.2024;WANDPANEEL.ru
06.01.2024;WATSAEPP.ru
06.01.2024;WAWOO.ru
06.01.2024;WEAREXDEVELOPMENT.ru
06.01.2024;WEB-KLASS.ru
06.01.2024;WEBALEKSY.ru
06.01.2024;WEBCAM-GIRLS18.ru
06.01.2024;WEBCAM-HOT.ru
06.01.2024;WEBCAM-LOLLY.ru
06.01.2024;WEM9M.ru
06.01.2024;WERWOLION-DEMO.ru
06.01.2024;WGOLOS.ru
06.01.2024;WHATSNAME.ru
06.01.2024;WHHATSAP-GOLOSS.ru
06.01.2024;WHITE-PROJECTS.ru
06.01.2024;WHYLINUX.ru
06.01.2024;WIFI-MASTER.ru
06.01.2024;WILDSAKH.ru
06.01.2024;WILOMSK.ru
06.01.2024;WINNNER.ru
06.01.2024;WINRAR-SKACHAT.ru
06.01.2024;WLSAID4.ru
06.01.2024;WOODMODULE.ru
06.01.2024;WORD-WEATHER.ru
06.01.2024;WORK-HALL.ru
06.01.2024;WORKBOXTOOLS.ru
06.01.2024;WORKTRACK.ru
06.01.2024;WORLD-CONT.ru
06.01.2024;WORLDFORWOMEN.ru
06.01.2024;WORLDWIDENEWS.ru
06.01.2024;WOWLEADER.ru
06.01.2024;WOWSTARS.ru
06.01.2024;WPVED.ru
06.01.2024;WWNINFO.ru
06.01.2024;WWW-GB.ru
06.01.2024;WWWRP5.ru
06.01.2024;WWWSLO-VO-PACANAA.ru
06.01.2024;WWWSLOVOPACANAA.ru
06.01.2024;WWWVAVADACASINO.ru
06.01.2024;X-SKYNET.ru
06.01.2024;X-ZZ.ru
06.01.2024;X1-SLOT.ru
06.01.2024;XAKSVEN.ru
06.01.2024;XEC2VQK.ru
06.01.2024;XF-DEV.ru
06.01.2024;XINHAOYINGHUI.ru
06.01.2024;XINKALIPLUS.ru
06.01.2024;XLSOLUTION.ru
06.01.2024;XOLOP2024.ru
06.01.2024;XOLOP2025.ru
06.01.2024;XORCUNNE.ru
06.01.2024;XPIZDA.ru
06.01.2024;XSILVER.ru
06.01.2024;YA-PONCHIKI.ru
06.01.2024;YALALOV-ADIL.ru
06.01.2024;YAMAHA-MSK.ru
06.01.2024;YAMAHA-TRANSPORTER-WORK.ru
06.01.2024;YANAMUHA.ru
06.01.2024;YANDEX9.ru
06.01.2024;YANDEXDIREKT.ru
06.01.2024;YANDEXMSK.ru
06.01.2024;YAPONCHIKI.ru
06.01.2024;YARMOMEDOV.ru
06.01.2024;YASNOVIDICHAYA-POMOCHET.ru
06.01.2024;YASQUIER.ru
06.01.2024;YAYTSESLAV.ru
06.01.2024;YBORISOV.ru
06.01.2024;YCOURT.ru
06.01.2024;YFFD.ru
06.01.2024;YFZJB23.ru
06.01.2024;YKTGIFT.ru
06.01.2024;YNDEXEDA.ru
06.01.2024;YOMYY0.ru
06.01.2024;YONALAZAREVA.ru
06.01.2024;YOOSANA-VORONEZH.ru
06.01.2024;YOUKEYD.ru
06.01.2024;YOURKEYD.ru
06.01.2024;YOURRSMNHTK.ru
06.01.2024;YSVOIX.ru
06.01.2024;YUBSERJ0311.ru
06.01.2024;YULAPINA-WB.ru
06.01.2024;YULAYMURATOFF.ru
06.01.2024;YULIASHIVA.ru
06.01.2024;YUNSA.ru
06.01.2024;YUSAMOYLOVA.ru
06.01.2024;YUSF-DESIGN.ru
06.01.2024;Z-INFO.ru
06.01.2024;ZAASFALTIROVAT.ru
06.01.2024;ZABGPK.ru
06.01.2024;ZAHINK.ru
06.01.2024;ZAIM-SWAP.ru
06.01.2024;ZAIM-VAM.ru
06.01.2024;ZAIM-VERT.ru
06.01.2024;ZAIM-WAY.ru
06.01.2024;ZAKAZ2382.ru
06.01.2024;ZAKAZUNAS.ru
06.01.2024;ZALIVNOVIYGOD.ru
06.01.2024;ZANTATA.ru
06.01.2024;ZAPARNIK.ru
06.01.2024;ZAPMETALLSNAB.ru
06.01.2024;ZASHIBU.ru
06.01.2024;ZASHIBY.ru
06.01.2024;ZBLIFE.ru
06.01.2024;ZCVO1.ru
06.01.2024;ZDOROVKUS.ru
06.01.2024;ZEEKR-AUTOIMPORT.ru
06.01.2024;ZENZALIVHAPPYNG.ru
06.01.2024;ZERCALO-RAMENBET.ru
06.01.2024;ZERKALA-NA-ZAKAZ-MSK.ru
06.01.2024;ZHARENOE-MOROZHENOE.ru
06.01.2024;ZHATSTASH.ru
06.01.2024;ZHENSHHINAINRED.ru
06.01.2024;ZHIZNESTROU-MEBEL.ru
06.01.2024;ZIMFIRABERRY.ru
06.01.2024;ZIMOF5.ru
06.01.2024;ZISPAY.ru
06.01.2024;ZIYATIKASE.ru
06.01.2024;ZLODEJ2012.ru
06.01.2024;ZLOVNYA.ru
06.01.2024;ZONEFRAG.ru
06.01.2024;ZOOZ1.ru
06.01.2024;ZORRAILA.ru
06.01.2024;ZOSURABALPIN.ru
06.01.2024;ZOZURABALPIN.ru
06.01.2024;ZP-MIDPASS.ru
06.01.2024;ZPMIDPASS.ru
06.01.2024;ZULYAYA.ru
06.01.2024;ZXC1.ru
06.01.2024;ZXMCO.ru
06.01.2024;ZXTEC.ru
06.01.2024;ZZMG.ru
07.01.2024;01-04-2024.ru
07.01.2024;01-05-2024.ru
07.01.2024;01-06-2024.ru
07.01.2024;01-07-2024.ru
07.01.2024;01-08-2024.ru
07.01.2024;02-04-2024.ru
07.01.2024;02-05-2024.ru
07.01.2024;02-06-2024.ru
07.01.2024;02-07-2024.ru
07.01.2024;02-08-2024.ru
07.01.2024;03-04-2024.ru
07.01.2024;03-05-2024.ru
07.01.2024;03-06-2024.ru
07.01.2024;03-07-2024.ru
07.01.2024;03-08-2024.ru
07.01.2024;04-04-2024.ru
07.01.2024;04-05-2024.ru
07.01.2024;04-06-2024.ru
07.01.2024;04-07-2024.ru
07.01.2024;04-08-2024.ru
07.01.2024;05-04-2024.ru
07.01.2024;05-05-2024.ru
07.01.2024;05-06-2024.ru
07.01.2024;05-07-2024.ru
07.01.2024;05-08-2024.ru
07.01.2024;06-04-2024.ru
07.01.2024;06-05-2024.ru
07.01.2024;06-06-2024.ru
07.01.2024;06-07-2024.ru
07.01.2024;06-08-2024.ru
07.01.2024;07-04-2024.ru
07.01.2024;07-05-2024.ru
07.01.2024;07-06-2024.ru
07.01.2024;07-07-2024.ru
07.01.2024;07-08-2024.ru
07.01.2024;08-04-2024.ru
07.01.2024;08-05-2024.ru
07.01.2024;08-06-2024.ru
07.01.2024;08-07-2024.ru
07.01.2024;08-08-2024.ru
07.01.2024;080402.ru
07.01.2024;09-04-2024.ru
07.01.2024;09-05-2024.ru
07.01.2024;09-06-2024.ru
07.01.2024;09-07-2024.ru
07.01.2024;09-08-2024.ru
07.01.2024;10-04-2024.ru
07.01.2024;10-05-2024.ru
07.01.2024;10-06-2024.ru
07.01.2024;10-07-2024.ru
07.01.2024;10-08-2024.ru
07.01.2024;1006SHOP.ru
07.01.2024;100PRINTEROV.ru
07.01.2024;11-04-2024.ru
07.01.2024;11-05-2024.ru
07.01.2024;11-06-2024.ru
07.01.2024;11-07-2024.ru
07.01.2024;11-08-2024.ru
07.01.2024;1111S.ru
07.01.2024;1112333.ru
07.01.2024;11EPID.ru
07.01.2024;12-04-2024.ru
07.01.2024;12-05-2024.ru
07.01.2024;12-06-2024.ru
07.01.2024;12-07-2024.ru
07.01.2024;12-08-2024.ru
07.01.2024;13-04-2024.ru
07.01.2024;13-05-2024.ru
07.01.2024;13-06-2024.ru
07.01.2024;13-07-2024.ru
07.01.2024;13-08-2024.ru
07.01.2024;1337ANTIK.ru
07.01.2024;14-04-2024.ru
07.01.2024;14-05-2024.ru
07.01.2024;14-06-2024.ru
07.01.2024;14-07-2024.ru
07.01.2024;14-08-2024.ru
07.01.2024;15-04-2024.ru
07.01.2024;15-05-2024.ru
07.01.2024;15-06-2024.ru
07.01.2024;15-07-2024.ru
07.01.2024;15-08-2024.ru
07.01.2024;16-04-2024.ru
07.01.2024;16-05-2024.ru
07.01.2024;16-06-2024.ru
07.01.2024;16-07-2024.ru
07.01.2024;16-08-2024.ru
07.01.2024;17-04-2024.ru
07.01.2024;17-05-2024.ru
07.01.2024;17-06-2024.ru
07.01.2024;17-07-2024.ru
07.01.2024;17-08-2024.ru
07.01.2024;179406.ru
07.01.2024;18-04-2024.ru
07.01.2024;18-05-2024.ru
07.01.2024;18-06-2024.ru
07.01.2024;18-07-2024.ru
07.01.2024;18-08-2024.ru
07.01.2024;189075.ru
07.01.2024;19-04-2024.ru
07.01.2024;19-05-2024.ru
07.01.2024;19-06-2024.ru
07.01.2024;19-07-2024.ru
07.01.2024;19-08-2024.ru
07.01.2024;1C-CREATE.ru
07.01.2024;1C-KURSY-ONLINE.ru
07.01.2024;1C-PROFIL.ru
07.01.2024;1C-UC1.ru
07.01.2024;1JZGT.ru
07.01.2024;1SRT.ru
07.01.2024;1XBET-APP175.ru
07.01.2024;1XBET-CAZZINO.ru
07.01.2024;1XBET-CHERRY35.ru
07.01.2024;1XBET-DARK.ru
07.01.2024;1XBET-DELUXE.ru
07.01.2024;1XBET-DREAM.ru
07.01.2024;1XBET-JACKPOT.ru
07.01.2024;1XBET-MIRROR2019.ru
07.01.2024;1XBET-OFFICIAL-LOGIN.ru
07.01.2024;1XBET-PLAYX.ru
07.01.2024;1XBET-VAUCHER.ru
07.01.2024;1XBET329-I.ru
07.01.2024;1XBETDOSTYP.ru
07.01.2024;1XBETEXTRA.ru
07.01.2024;1XBETHELP.ru
07.01.2024;1XBETRUSSIA.ru
07.01.2024;1XBETTER.ru
07.01.2024;1XBETXPLAY.ru
07.01.2024;1XBETZERKALO2020.ru
07.01.2024;20-04-2024.ru
07.01.2024;20-05-2024.ru
07.01.2024;20-06-2024.ru
07.01.2024;20-07-2024.ru
07.01.2024;20-08-2024.ru
07.01.2024;2024CHEAPONLINE.ru
07.01.2024;21-04-2024.ru
07.01.2024;21-05-2024.ru
07.01.2024;21-06-2024.ru
07.01.2024;21-07-2024.ru
07.01.2024;21-08-2024.ru
07.01.2024;218465.ru
07.01.2024;21XBET.ru
07.01.2024;22-04-2024.ru
07.01.2024;22-05-2024.ru
07.01.2024;22-06-2024.ru
07.01.2024;22-07-2024.ru
07.01.2024;22-08-2024.ru
07.01.2024;23-04-2024.ru
07.01.2024;23-05-2024.ru
07.01.2024;23-06-2024.ru
07.01.2024;23-07-2024.ru
07.01.2024;23-08-2024.ru
07.01.2024;24-04-2024.ru
07.01.2024;24-05-2024.ru
07.01.2024;24-06-2024.ru
07.01.2024;24-07-2024.ru
07.01.2024;24-08-2024.ru
07.01.2024;24KK.ru
07.01.2024;24NOVOSTI-ROSSI.ru
07.01.2024;24OKNA-REMONT.ru
07.01.2024;24WSC.ru
07.01.2024;25-04-2024.ru
07.01.2024;25-05-2024.ru
07.01.2024;25-06-2024.ru
07.01.2024;25-07-2024.ru
07.01.2024;25-08-2024.ru
07.01.2024;26-04-2024.ru
07.01.2024;26-05-2024.ru
07.01.2024;26-06-2024.ru
07.01.2024;26-07-2024.ru
07.01.2024;26-08-2024.ru
07.01.2024;27-04-2024.ru
07.01.2024;27-05-2024.ru
07.01.2024;27-06-2024.ru
07.01.2024;27-07-2024.ru
07.01.2024;27-08-2024.ru
07.01.2024;28-04-2024.ru
07.01.2024;28-05-2024.ru
07.01.2024;28-06-2024.ru
07.01.2024;28-07-2024.ru
07.01.2024;28-08-2024.ru
07.01.2024;289657.ru
07.01.2024;29-04-2024.ru
07.01.2024;29-05-2024.ru
07.01.2024;29-06-2024.ru
07.01.2024;29-07-2024.ru
07.01.2024;29-08-2024.ru
07.01.2024;2DR31.ru
07.01.2024;2MAKOV.ru
07.01.2024;30-04-2024.ru
07.01.2024;30-05-2024.ru
07.01.2024;30-06-2024.ru
07.01.2024;30-07-2024.ru
07.01.2024;30-08-2024.ru
07.01.2024;3075.ru
07.01.2024;31-05-2024.ru
07.01.2024;31-07-2024.ru
07.01.2024;31-08-2024.ru
07.01.2024;340769.ru
07.01.2024;367941.ru
07.01.2024;3746.ru
07.01.2024;381402.ru
07.01.2024;389206.ru
07.01.2024;3ZYPOJ6.ru
07.01.2024;438217.ru
07.01.2024;453097.ru
07.01.2024;4KTURBO.ru
07.01.2024;4ME4YOU.ru
07.01.2024;537096.ru
07.01.2024;572093.ru
07.01.2024;59MINUT.ru
07.01.2024;5KEK-PRO.ru
07.01.2024;617492.ru
07.01.2024;620375.ru
07.01.2024;66829.ru
07.01.2024;67CODE.ru
07.01.2024;67F1WLM.ru
07.01.2024;684702.ru
07.01.2024;6DWBJZK.ru
07.01.2024;6TDFZ4S.ru
07.01.2024;710352.ru
07.01.2024;738409.ru
07.01.2024;76521.ru
07.01.2024;785609.ru
07.01.2024;79777.ru
07.01.2024;7QMHTVG.ru
07.01.2024;8309762.ru
07.01.2024;853791.ru
07.01.2024;86957.ru
07.01.2024;8915248187.ru
07.01.2024;892222.ru
07.01.2024;8BITOVERKILL.ru
07.01.2024;8BRAND.ru
07.01.2024;8BUSINMAGAZIN.ru
07.01.2024;9168087299.ru
07.01.2024;921067.ru
07.01.2024;9779354885.ru
07.01.2024;9ENNEATYPES.ru
07.01.2024;9S5OE0Q.ru
07.01.2024;A-BARHATOVA.ru
07.01.2024;A-CHEK.ru
07.01.2024;A-ITSTORE.ru
07.01.2024;A-SHCHEGLOV.ru
07.01.2024;A3DETAILING.ru
07.01.2024;AARTEMSHISHKIN.ru
07.01.2024;ABHAZIYALIFE.ru
07.01.2024;ABSTRACTARTS.ru
07.01.2024;ACADEMY-KULTURAZV.ru
07.01.2024;ACADEMYGA.ru
07.01.2024;ACADEMYREGRESSION.ru
07.01.2024;ACCEPT-PAYMENT.ru
07.01.2024;ACHIZHKOV.ru
07.01.2024;ACOMPASS.ru
07.01.2024;ACYL.ru
07.01.2024;AD-GURU.ru
07.01.2024;AD247.ru
07.01.2024;ADAMVIP.ru
07.01.2024;ADANILKO.ru
07.01.2024;ADSSAPSAN.ru
07.01.2024;ADVOCATE-VELIKHODSKIY.ru
07.01.2024;ADVOCATSHABLYA.ru
07.01.2024;AERMAKOVICH.ru
07.01.2024;AEROFLOTID.ru
07.01.2024;AEROS9080.ru
07.01.2024;AEVSJUKOV.ru
07.01.2024;AEZHUK.ru
07.01.2024;AFFECTIONATEAFFINITY.ru
07.01.2024;AFFECTIONSPARKSPOT.ru
07.01.2024;AFOXIS2024.ru
07.01.2024;AFROSTYLETLT.ru
07.01.2024;AGRELS.ru
07.01.2024;AGRILS.ru
07.01.2024;AGROKAD-MSK.ru
07.01.2024;AHRAPUNOVA.ru
07.01.2024;AI-ADVERTISING.ru
07.01.2024;AI-REELS.ru
07.01.2024;AIAB.ru
07.01.2024;AIEXPERT24.ru
07.01.2024;AIFLUENT.ru
07.01.2024;AIFSU.ru
07.01.2024;AIGOURMETS.ru
07.01.2024;AINTELLIGENCE24.ru
07.01.2024;AIPREDICT.ru
07.01.2024;AIR-POL.ru
07.01.2024;AISIRI.ru
07.01.2024;AISMARTHOME.ru
07.01.2024;AITGBOT.ru
07.01.2024;AIWISION.ru
07.01.2024;AK-LEV.ru
07.01.2024;AKADEMICO.ru
07.01.2024;AKB-AUTO-STERLITAMAK.ru
07.01.2024;AKERDEV.ru
07.01.2024;AKI-TIM.ru
07.01.2024;AKOBYAKOV.ru
07.01.2024;AKOLB.ru
07.01.2024;ALCOBAR042.ru
07.01.2024;ALCOBAR045.ru
07.01.2024;ALCOCITY042.ru
07.01.2024;ALCOCITY045.ru
07.01.2024;ALCOEXPRESS042.ru
07.01.2024;ALCOEXPRESS045.ru
07.01.2024;ALCOLAVCA042.ru
07.01.2024;ALCOLAVCA045.ru
07.01.2024;ALCONIGHT042.ru
07.01.2024;ALCONIGHT045.ru
07.01.2024;ALCOSTOCK042.ru
07.01.2024;ALCOSTOCK045.ru
07.01.2024;ALCOTIME042.ru
07.01.2024;ALCOTIME045.ru
07.01.2024;ALEKSANDRA-KOPCHEVSKAYA.ru
07.01.2024;ALEKSEEVSA.ru
07.01.2024;ALEKSPLOT.ru
07.01.2024;ALEKSYNAILS.ru
07.01.2024;ALENAKORDESIGN.ru
07.01.2024;ALESKER-RIELTOR.ru
07.01.2024;ALEXANDRMAKAROV.ru
07.01.2024;ALEXASANY.ru
07.01.2024;ALEXIS17WAYNE.ru
07.01.2024;ALFALOGISTICK.ru
07.01.2024;ALFASW.ru
07.01.2024;ALIMANAGER.ru
07.01.2024;ALINALUKIANOVA.ru
07.01.2024;ALLENVORAN.ru
07.01.2024;ALLFORSALES.ru
07.01.2024;ALLISSTORYBRAND.ru
07.01.2024;ALPHANERD.ru
07.01.2024;ALSKMINE.ru
07.01.2024;ALT-WEB.ru
07.01.2024;ALVA7.ru
07.01.2024;ALXVN.ru
07.01.2024;AMA-7.ru
07.01.2024;AMADEYPB.ru
07.01.2024;AMBRELLA-COURSES.ru
07.01.2024;AMGSTOCK.ru
07.01.2024;AMISVRN.ru
07.01.2024;AMONGWHEEL.ru
07.01.2024;AMOURADEPTADVENTURES.ru
07.01.2024;AMOURADVENTURESAPLENTY.ru
07.01.2024;AMOURAMPLEADVENTURES.ru
07.01.2024;AMOURAVENUEDATES.ru
07.01.2024;AMOUREPICENTER.ru
07.01.2024;AMPHORABAR.ru
07.01.2024;AMPLEAMOURAEGIS.ru
07.01.2024;AMPLEAMOURALCOVE.ru
07.01.2024;AMPLEAMOURARCADE.ru
07.01.2024;AMPLEAMOURNEST.ru
07.01.2024;AMRESCUE.ru
07.01.2024;AMTATAY.ru
07.01.2024;AMURKAB.ru
07.01.2024;AN08081982.ru
07.01.2024;ANAGAMY.ru
07.01.2024;ANALIZ-PRO.ru
07.01.2024;ANANYEVA-STORE.ru
07.01.2024;ANAPA-KUHNI.ru
07.01.2024;ANASTASIA-PHOTOSPB.ru
07.01.2024;ANDREEV83.ru
07.01.2024;ANDROID-APK.ru
07.01.2024;ANGLISKY.ru
07.01.2024;ANICAGE.ru
07.01.2024;ANIMAL666.ru
07.01.2024;ANIMATOR-IVENTA.ru
07.01.2024;ANIMEONEAPK.ru
07.01.2024;ANISKEVICH7.ru
07.01.2024;ANJUNADEEPHOUSEMUSIC.ru
07.01.2024;ANNA-BANKETOVA.ru
07.01.2024;ANNA-TURINA.ru
07.01.2024;ANNA-VASHDOCTOR.ru
07.01.2024;ANNA-ZHUKOVA.ru
07.01.2024;ANNA260202.ru
07.01.2024;ANNABELALOVA.ru
07.01.2024;ANNAKYRAKOVA.ru
07.01.2024;ANPROSTORY.ru
07.01.2024;ANVIVI.ru
07.01.2024;AO-GLONASS.ru
07.01.2024;APENIN79.ru
07.01.2024;APETHRONE.ru
07.01.2024;APINIGIN.ru
07.01.2024;APLUSFABRICS.ru
07.01.2024;APPDAROM.ru
07.01.2024;APPLIEDTHEATRE.ru
07.01.2024;APPLYAPP.ru
07.01.2024;APRONIX.ru
07.01.2024;ARASAKA.ru
07.01.2024;ARBAH.ru
07.01.2024;ARCANUMMODO.ru
07.01.2024;ARCHST.ru
07.01.2024;ARCILLA.ru
07.01.2024;ARCTIC-M.ru
07.01.2024;ARCTICMOSQUITO.ru
07.01.2024;ARELLON-SOFT.ru
07.01.2024;ARGOSRUS.ru
07.01.2024;ARHIVPOKUPOKPLUSHKA.ru
07.01.2024;ARMADADORS.ru
07.01.2024;ARNIKANORD.ru
07.01.2024;ARSOY.ru
07.01.2024;ARSPORT-KZN.ru
07.01.2024;ART-GIFTT.ru
07.01.2024;ART-GOBO.ru
07.01.2024;ARTEMOV-TOP.ru
07.01.2024;ARTEVENING.ru
07.01.2024;ARTGOBO.ru
07.01.2024;ARTMAPMSK.ru
07.01.2024;ARTPICK.ru
07.01.2024;ARTUSMANOV.ru
07.01.2024;ARTYAKOBS.ru
07.01.2024;ARZ-BREEZY.ru
07.01.2024;ARZONSHOP.ru
07.01.2024;ARZWINTER.ru
07.01.2024;AS-TARASOV.ru
07.01.2024;ASDZXCASD.ru
07.01.2024;ASKSTAR.ru
07.01.2024;ASLYAMOV.ru
07.01.2024;ASSUNAYUUKI.ru
07.01.2024;ATLANT-KIRPICH.ru
07.01.2024;ATLAS-BAIKAL.ru
07.01.2024;ATOMYVOLGOGRAD.ru
07.01.2024;ATTENDIT.ru
07.01.2024;ATZ-GROUP.ru
07.01.2024;AUDITOPROFI.ru
07.01.2024;AUDITORPROFI.ru
07.01.2024;AUQAMOON.ru
07.01.2024;AUQASUN.ru
07.01.2024;AURORA-MENTIS.ru
07.01.2024;AUTO-HELPERS.ru
07.01.2024;AUTOEXPERT50.ru
07.01.2024;AUTOGRELKA.ru
07.01.2024;AUTOMAID.ru
07.01.2024;AUTOTODEY.ru
07.01.2024;AV-NEUDAHIN.ru
07.01.2024;AVA-LETNIJ.ru
07.01.2024;AVERNOMED.ru
07.01.2024;AVIA-AWD.ru
07.01.2024;AVIAAWD.ru
07.01.2024;AVIAID.ru
07.01.2024;AVIBREABERS.ru
07.01.2024;AVIDREABERS.ru
07.01.2024;AVIDREAD.ru
07.01.2024;AVIDREADRES.ru
07.01.2024;AVIDREADRS.ru
07.01.2024;AVIDREADS.ru
07.01.2024;AVIDRIDERS.ru
07.01.2024;AVIREADERS.ru
07.01.2024;AVITONCA.ru
07.01.2024;AVTO-GRELKA.ru
07.01.2024;AVTO-VAN.ru
07.01.2024;AVTO7DAYS.ru
07.01.2024;AVTOBOT38.ru
07.01.2024;AVTOCASH31.ru
07.01.2024;AVTOMAGISTRAL22.ru
07.01.2024;AVTOODEIALO.ru
07.01.2024;AVTORGASTROBAR.ru
07.01.2024;AVVTECH.ru
07.01.2024;AVYSHEGORODTSEVA.ru
07.01.2024;AWD-AVIA.ru
07.01.2024;AWDAVIA.ru
07.01.2024;AYLEENEWQWERY.ru
07.01.2024;AZALIYA89-PHOTO.ru
07.01.2024;AZATSHAFIGULLIN.ru
07.01.2024;AZIZ-RAKHIMA.ru
07.01.2024;AZORA-SINICHKINA.ru
07.01.2024;AZUREPEACE.ru
07.01.2024;B2BSHISHA.ru
07.01.2024;B2BSOGLASIE.ru
07.01.2024;B2GETA.ru
07.01.2024;B7BAR.ru
07.01.2024;BAA1003.ru
07.01.2024;BABY-NEWS.ru
07.01.2024;BAGAUTDINOVRF.ru
07.01.2024;BAIKALDESIGN.ru
07.01.2024;BAKSKR4.ru
07.01.2024;BALI-FREEPEOPLE.ru
07.01.2024;BALI-NARKOLOG.ru
07.01.2024;BALI-REHAB.ru
07.01.2024;BALIFREEPEOPLE.ru
07.01.2024;BALINARKOLOG.ru
07.01.2024;BALISOULSPA.ru
07.01.2024;BANKCOMMUNIT.ru
07.01.2024;BANKETFURSHET-CATERING.ru
07.01.2024;BANKROTSTVOHELP.ru
07.01.2024;BANKROTSTVOTVER.ru
07.01.2024;BAODIGROUP.ru
07.01.2024;BAR-TENDER.ru
07.01.2024;BARASHEK-SHOP.ru
07.01.2024;BARASHEK-STORE.ru
07.01.2024;BARASHEKSHOP.ru
07.01.2024;BARASHKA-SHOP.ru
07.01.2024;BARASHKA-STORE.ru
07.01.2024;BARASHKASHOP.ru
07.01.2024;BARASHKASTORE.ru
07.01.2024;BARMOTIN.ru
07.01.2024;BARS-ATS.ru
07.01.2024;BARYKINAIRINA.ru
07.01.2024;BASICOBRAND.ru
07.01.2024;BASNAYAKE-7.ru
07.01.2024;BATAGI.ru
07.01.2024;BATAGIFASHION.ru
07.01.2024;BATSURA.ru
07.01.2024;BAVM.ru
07.01.2024;BAZA-OTDYHA-UFA.ru
07.01.2024;BAZAROSTOV.ru
07.01.2024;BAZILIKPIZZA.ru
07.01.2024;BAZYLEW.ru
07.01.2024;BBITRIX24.ru
07.01.2024;BEARIN.ru
07.01.2024;BEDASCH.ru
07.01.2024;BELAVENTSEV.ru
07.01.2024;BELGOROD-POVERKA.ru
07.01.2024;BELIEVERS24.ru
07.01.2024;BELONE.ru
07.01.2024;BELPECTIN.ru
07.01.2024;BERDNIKOVA-TOP.ru
07.01.2024;BERRYRISE.ru
07.01.2024;BESPALEVA.ru
07.01.2024;BESTATTORNEY.ru
07.01.2024;BESTOCKEDCLIENT.ru
07.01.2024;BESTOUTLETSTORE2024.ru
07.01.2024;BESTTOVARSALE.ru
07.01.2024;BETTINA-BARTY.ru
07.01.2024;BETTINABARTY.ru
07.01.2024;BEZOBIDPROJECT.ru
07.01.2024;BEZUMNOVKUSNO.ru
07.01.2024;BIBABOCLUB.ru
07.01.2024;BIG-BAMBOO-GAMES.ru
07.01.2024;BIGWARLUS.ru
07.01.2024;BINBO777.ru
07.01.2024;BIOTECH-SENSOR.ru
07.01.2024;BISFINANCE.ru
07.01.2024;BIVONDOC.ru
07.01.2024;BLACKCOHOSH.ru
07.01.2024;BLACKMOR4.ru
07.01.2024;BLAZERMAXG.ru
07.01.2024;BLAZERMAXJ.ru
07.01.2024;BLISSFULBONDVOYAGE.ru
07.01.2024;BLISSFULMATEENCOUNTER.ru
07.01.2024;BMBRAIN.ru
07.01.2024;BODACONCEPT.ru
07.01.2024;BODYTRACKR.ru
07.01.2024;BOGA-7.ru
07.01.2024;BOIKEN.ru
07.01.2024;BOLNYEDETI.ru
07.01.2024;BOLSHAKOVO-39.ru
07.01.2024;BOLT02.ru
07.01.2024;BOMBARDINA-PAGE.ru
07.01.2024;BOND23042006.ru
07.01.2024;BONUS-1XBET225.ru
07.01.2024;BONUS-1XBET919.ru
07.01.2024;BOOKMADE.ru
07.01.2024;BOOKMARE.ru
07.01.2024;BOOKMITE.ru
07.01.2024;BOOLMATE.ru
07.01.2024;BOOMATE.ru
07.01.2024;BORTNIKSA.ru
07.01.2024;BORZNABOR.ru
07.01.2024;BOSS-IVAN.ru
07.01.2024;BOT10.ru
07.01.2024;BOT1INFORU.ru
07.01.2024;BOTINFORU.ru
07.01.2024;BOTSTOPEOPLE.ru
07.01.2024;BOVA-1.ru
07.01.2024;BOXBERRY-INFORMATION.ru
07.01.2024;BOXING51.ru
07.01.2024;BOYSSCAUT.ru
07.01.2024;BRAINFUSION.ru
07.01.2024;BRAINSTROMING.ru
07.01.2024;BRAINY7.ru
07.01.2024;BRANDSPROMO.ru
07.01.2024;BREMENSKIE-MUZYKANTY-2024.ru
07.01.2024;BREMENSKIEMUZIK.ru
07.01.2024;BREMENSKIEMUZIKANT2024.ru
07.01.2024;BREMENSKIEMUZIKAYNTY2024.ru
07.01.2024;BREMENSKIEMUZYKANTY2024F.ru
07.01.2024;BRENDKUPI.ru
07.01.2024;BRENDY-MINE.ru
07.01.2024;BRICSLOGISTIC.ru
07.01.2024;BRICSLOGISTICS.ru
07.01.2024;BRILLXZERKALO01.ru
07.01.2024;BRILLXZERKALO1.ru
07.01.2024;BRYANSK-POVERKA.ru
07.01.2024;BSG-HOME.ru
07.01.2024;BUCAT.ru
07.01.2024;BUDDY-SCHOOL.ru
07.01.2024;BUHGALT-GURU.ru
07.01.2024;BUHGALTANOS.ru
07.01.2024;BUHGALTGURU.ru
07.01.2024;BUHGAPROFI.ru
07.01.2024;BUILDMEHOUSE.ru
07.01.2024;BUKMATE.ru
07.01.2024;BULLYSTAFF.ru
07.01.2024;BUSHNEVACOPYWRITER.ru
07.01.2024;BUTIKMEDSERVICE.ru
07.01.2024;BUTKOMUSIC.ru
07.01.2024;BYDY-NE-DOLGHEN24.ru
07.01.2024;BYLOOK.ru
07.01.2024;BZIU.ru
07.01.2024;C-PD.ru
07.01.2024;C6M.ru
07.01.2024;CAAANE4KA.ru
07.01.2024;CAB792CA90IKO.ru
07.01.2024;CAFE-SHAFRAN.ru
07.01.2024;CAFERICO.ru
07.01.2024;CAGRIP.ru
07.01.2024;CANDY-WAX.ru
07.01.2024;CANISTRO.ru
07.01.2024;CAPITAL-22.ru
07.01.2024;CAPITAL22.ru
07.01.2024;CAPITALIFY.ru
07.01.2024;CAPITDIO.ru
07.01.2024;CAR-ASSISTANT.ru
07.01.2024;CAR-STORM.ru
07.01.2024;CARSTORM.ru
07.01.2024;CASH-INBOX.ru
07.01.2024;CASH-PAYMENT.ru
07.01.2024;CASINOJOK.ru
07.01.2024;CASSA-ROUTE.ru
07.01.2024;CATANTICHEAT.ru
07.01.2024;CATGEL.ru
07.01.2024;CAWAGRAF.ru
07.01.2024;CBHELPER.ru
07.01.2024;CDEK-PARTNERSHIP.ru
07.01.2024;CE2TLDQ.ru
07.01.2024;CELESTIALLOVEVISTA.ru
07.01.2024;CELICEL.ru
07.01.2024;CENTER-ALLON4.ru
07.01.2024;CESELL.ru
07.01.2024;CGEXPERT.ru
07.01.2024;CHARLIETEA.ru
07.01.2024;CHARM-JEWELRY.ru
07.01.2024;CHASTOT-NIC.ru
07.01.2024;CHASYSMART.ru
07.01.2024;CHATSEO.ru
07.01.2024;CHAWALL.ru
07.01.2024;CHEAPONLINE2024.ru
07.01.2024;CHEAPSTORES2024.ru
07.01.2024;CHERDAK-MECHTATELI.ru
07.01.2024;CHERKASOVA-WORK.ru
07.01.2024;CHERNOVA-OLGA.ru
07.01.2024;CHERNOZEM-KUPIT.ru
07.01.2024;CHERRYROLL.ru
07.01.2024;CHEVENING.ru
07.01.2024;CHIGR.ru
07.01.2024;CHILDDOC.ru
07.01.2024;CHILLAX-SHOP.ru
07.01.2024;CHINBAR.ru
07.01.2024;CHIRTSOVT.ru
07.01.2024;CHISTIMEBEL.ru
07.01.2024;CHISTOE-SEREBRO.ru
07.01.2024;CHRISTINO4KA.ru
07.01.2024;CHRONICAR.ru
07.01.2024;CHSAT.ru
07.01.2024;CHTO-ESLI.ru
07.01.2024;CINEMA-WORK.ru
07.01.2024;CITY-1XBET311.ru
07.01.2024;CIV2INF.ru
07.01.2024;CLEAN-PROFI54.ru
07.01.2024;CLEAN47.ru
07.01.2024;CLEANING-SERVICE03.ru
07.01.2024;CLEDO.ru
07.01.2024;CLEENORA.ru
07.01.2024;CLIMATICAIR.ru
07.01.2024;CLOUDOBZOR.ru
07.01.2024;CLYNIC.ru
07.01.2024;CMEPKA.ru
07.01.2024;CMOLETT.ru
07.01.2024;COACH-HUB.ru
07.01.2024;COCAFE.ru
07.01.2024;COMBUCHALIVE.ru
07.01.2024;COMMUNITY-GROUP.ru
07.01.2024;COMPX-NSK.ru
07.01.2024;COOKSHAT.ru
07.01.2024;COOMETT.ru
07.01.2024;COOMMEET.ru
07.01.2024;CORSOIT.ru
07.01.2024;COSKUNAK.ru
07.01.2024;COSMICCONNECTIONCOAST.ru
07.01.2024;COSMICCONNECTIONCORRIDOR.ru
07.01.2024;COSMICCONNECTIONCOVE.ru
07.01.2024;COSMICCONNECTIONHUB.ru
07.01.2024;COSMO2024X.ru
07.01.2024;COURSEYOU.ru
07.01.2024;COZYGLOWEKB.ru
07.01.2024;CRAFTORA.ru
07.01.2024;CRAVINBLOOD.ru
07.01.2024;CREATIVABLE.ru
07.01.2024;CREATIVEFUL.ru
07.01.2024;CREATIVILY.ru
07.01.2024;CREDITONBY.ru
07.01.2024;CRELATSO.ru
07.01.2024;CREUDIO.ru
07.01.2024;CRIMEAPROKAT.ru
07.01.2024;CRM-LIVE.ru
07.01.2024;CRUNCHPRODUCTION.ru
07.01.2024;CRYPTOPXART.ru
07.01.2024;CRYPTTUM.ru
07.01.2024;CRYPTUMM.ru
07.01.2024;CS-KLINOK.ru
07.01.2024;CS2-MAIL.ru
07.01.2024;CS2-WEPLAYTV.ru
07.01.2024;CTOSO.ru
07.01.2024;CUBE-COLLECTION.ru
07.01.2024;CUBE-MINYSTER.ru
07.01.2024;CULT-BODY.ru
07.01.2024;CUMEET.ru
07.01.2024;CUPIDARROWBLISS.ru
07.01.2024;CUPIDCASCADE.ru
07.01.2024;CURSY-EXCEL.ru
07.01.2024;CUSOTMCODE.ru
07.01.2024;CUSTOMCODE.ru
07.01.2024;CUSVV.ru
07.01.2024;CUTCAKE.ru
07.01.2024;CVETI-ORSK.ru
07.01.2024;CVETI01.ru
07.01.2024;CVETI03.ru
07.01.2024;CVETI10.ru
07.01.2024;CVETI12.ru
07.01.2024;CVETI13.ru
07.01.2024;CVETI14.ru
07.01.2024;CVETI17.ru
07.01.2024;CVETI19.ru
07.01.2024;CVETI22.ru
07.01.2024;CVETI28.ru
07.01.2024;CVETI31.ru
07.01.2024;CVETI33.ru
07.01.2024;CVETI37.ru
07.01.2024;CVETI39.ru
07.01.2024;CVETI40.ru
07.01.2024;CVETI41.ru
07.01.2024;CVETI42.ru
07.01.2024;CVETI43.ru
07.01.2024;CVETI44.ru
07.01.2024;CVETI45.ru
07.01.2024;CVETI46.ru
07.01.2024;CVETI48.ru
07.01.2024;CVETI49.ru
07.01.2024;CVETI51.ru
07.01.2024;CVETI53.ru
07.01.2024;CVETI57.ru
07.01.2024;CVETI60.ru
07.01.2024;CVETI65.ru
07.01.2024;CVETI75.ru
07.01.2024;CVETI76.ru
07.01.2024;CVETI79.ru
07.01.2024;CVETI81.ru
07.01.2024;CVETI82.ru
07.01.2024;CVETI85.ru
07.01.2024;CVETI92.ru
07.01.2024;CVETI95.ru
07.01.2024;CVETI96.ru
07.01.2024;CVETI97.ru
07.01.2024;CYBER-INNOVATIONS.ru
07.01.2024;CYBER-WOLF-VR.ru
07.01.2024;CYBERALEX74.ru
07.01.2024;CYBERWOLF-VR.ru
07.01.2024;CYKN9QP.ru
07.01.2024;D-ATOMIC.ru
07.01.2024;D-NADEZHDA.ru
07.01.2024;D-YEAR.ru
07.01.2024;DAAYA.ru
07.01.2024;DADIGAMOV.ru
07.01.2024;DALAOBAN.ru
07.01.2024;DALBATTOUR.ru
07.01.2024;DAMASHNIY.ru
07.01.2024;DAMPILOVA.ru
07.01.2024;DANETHZ.ru
07.01.2024;DANINIEL.ru
07.01.2024;DANNYE-CHELOVEKA.ru
07.01.2024;DARPARFUM.ru
07.01.2024;DARPARFUME.ru
07.01.2024;DASHTECH-COURSES.ru
07.01.2024;DATA-TELECOM.ru
07.01.2024;DAYTRADINGLIVE.ru
07.01.2024;DBATLUK.ru
07.01.2024;DE-PIN.ru
07.01.2024;DEALER-TJ.ru
07.01.2024;DECORLABEL.ru
07.01.2024;DECREATIVE.ru
07.01.2024;DEFENDE.ru
07.01.2024;DEFINE-G.ru
07.01.2024;DEIPRA.ru
07.01.2024;DEKOKOS.ru
07.01.2024;DELESKE.ru
07.01.2024;DELIVERY-4126.ru
07.01.2024;DELIVERY-ORDER198.ru
07.01.2024;DELIVERY218.ru
07.01.2024;DELOLITCLUB.ru
07.01.2024;DEMGOR.ru
07.01.2024;DENGKRM1.ru
07.01.2024;DENGORSHKOV.ru
07.01.2024;DENIS-VALIEV.ru
07.01.2024;DENISMILLER.ru
07.01.2024;DENKRM.ru
07.01.2024;DEREVO77.ru
07.01.2024;DEREVOVO.ru
07.01.2024;DESIGNERYEAR.ru
07.01.2024;DESTINYDUODEN.ru
07.01.2024;DESTINYDUODIVE.ru
07.01.2024;DESTINYDUODOMAIN.ru
07.01.2024;DESTINYLOVELINK.ru
07.01.2024;DETAL01.ru
07.01.2024;DETIINVALIDY.ru
07.01.2024;DEV-MODE.ru
07.01.2024;DEV-TEST-20.ru
07.01.2024;DEVKOLESNIKOV.ru
07.01.2024;DEVPGX.ru
07.01.2024;DEYLLA.ru
07.01.2024;DIAGSTORE.ru
07.01.2024;DIDYOUPRAYTODAY.ru
07.01.2024;DIEBLONDE.ru
07.01.2024;DIGITALEDEN.ru
07.01.2024;DIGITALMARKETIR.ru
07.01.2024;DILEONIDIS.ru
07.01.2024;DIOSIFOV.ru
07.01.2024;DIPIDI.ru
07.01.2024;DIPLOMMUSHKETOV.ru
07.01.2024;DIRXAM.ru
07.01.2024;DISCOUNT-PAY.ru
07.01.2024;DISCOUNT-PAYMENT.ru
07.01.2024;DISHA1008.ru
07.01.2024;DISK-ROMASHKA.ru
07.01.2024;DISKONTOKNO-SP.ru
07.01.2024;DITHARD.ru
07.01.2024;DIVINATION-ON-RUNES.ru
07.01.2024;DIVINATION-RUNES.ru
07.01.2024;DIVINEDISH.ru
07.01.2024;DIWES.ru
07.01.2024;DIXIE-34.ru
07.01.2024;DIZRAPTOR.ru
07.01.2024;DJVK.ru
07.01.2024;DMAILERRU.ru
07.01.2024;DMALYSHEVA.ru
07.01.2024;DMHAIR.ru
07.01.2024;DMITRYBOGOV.ru
07.01.2024;DMLARIK.ru
07.01.2024;DNGKRRG.ru
07.01.2024;DOBROSOTSKAYA.ru
07.01.2024;DOBRYNYA-STUDIO.ru
07.01.2024;DOCSLOT.ru
07.01.2024;DOCTORSHPYRNYI.ru
07.01.2024;DOFAMIN-BOX.ru
07.01.2024;DOGBYE.ru
07.01.2024;DOHOD-DOMA.ru
07.01.2024;DOKALLIANCE-SNAB.ru
07.01.2024;DOKTOR-PODNEBESOV.ru
07.01.2024;DOLENA.ru
07.01.2024;DOLGAM-SKAZHI-STOP.ru
07.01.2024;DOLGHNIK-STOP2024.ru
07.01.2024;DOLGHNIK2024-STOP.ru
07.01.2024;DOMA-NA-SELIGERE.ru
07.01.2024;DOMAIN-NAME-SHOP.ru
07.01.2024;DOMASNIY.ru
07.01.2024;DOMDIZAYN.ru
07.01.2024;DOMIK-SHI.ru
07.01.2024;DOMINATORS-TEAM.ru
07.01.2024;DOMINOHAN.ru
07.01.2024;DOMKARKAS-PRO.ru
07.01.2024;DOMPAYF.ru
07.01.2024;DOMPROECT.ru
07.01.2024;DOMVRIVERE.ru
07.01.2024;DOPUSK-V-SRO-IZYSKANIYA.ru
07.01.2024;DORAMARUS.ru
07.01.2024;DORAMKA.ru
07.01.2024;DORAMKI.ru
07.01.2024;DOSTAVKA-4569.ru
07.01.2024;DOSTAVKA-SHE.ru
07.01.2024;DOSTAVKA-YOULY.ru
07.01.2024;DOZASPORTA.ru
07.01.2024;DPAVLIDI.ru
07.01.2024;DREAMDATEDELL.ru
07.01.2024;DREAMDATEDIVE.ru
07.01.2024;DREAMDATEDUET.ru
07.01.2024;DREAMDATEVOYAGE.ru
07.01.2024;DREAMLANDDUO.ru
07.01.2024;DREAMYDUETDATES.ru
07.01.2024;DREAMYDUOJOURNEY.ru
07.01.2024;DREAMYROMANCEJUNCTION.ru
07.01.2024;DREYNERE.ru
07.01.2024;DRGOGOREVA.ru
07.01.2024;DRIRA.ru
07.01.2024;DRIVECOACH.ru
07.01.2024;DRONFPV.ru
07.01.2024;DRRYABOFFMD.ru
07.01.2024;DRY-SOFT.ru
07.01.2024;DUBAI-SELL.ru
07.01.2024;DUBAIPERFUMESHOP.ru
07.01.2024;DUOROLLO.ru
07.01.2024;DV-AUTORAZBORKA.ru
07.01.2024;DVCHEKANOV.ru
07.01.2024;DVOREC-SAKHALIN.ru
07.01.2024;DVRONZHIN.ru
07.01.2024;DWANARCHY.ru
07.01.2024;DYEAR.ru
07.01.2024;DYOUTUBE.ru
07.01.2024;DYUMIN2036.ru
07.01.2024;DZARIPOV.ru
07.01.2024;E-24KK.ru
07.01.2024;EAGODUNOVA.ru
07.01.2024;EAREFYEV.ru
07.01.2024;EARN-PAYING.ru
07.01.2024;EASYPANDA.ru
07.01.2024;EBANNOE.ru
07.01.2024;EBARSUKOV.ru
07.01.2024;ECLATS.ru
07.01.2024;ECLECTICASHOP.ru
07.01.2024;ECO-FALCON.ru
07.01.2024;ECO-WEEKEND.ru
07.01.2024;ECOLOGISTPODOLSK.ru
07.01.2024;ECONEST.ru
07.01.2024;ECOSAB.ru
07.01.2024;ECOSEXUAL.ru
07.01.2024;EDANEBEDA.ru
07.01.2024;EDDURDEN.ru
07.01.2024;EDELVEIYS.ru
07.01.2024;EDEXPERTLIB.ru
07.01.2024;EDTECH-TECHNOLOGIES-COURSES.ru
07.01.2024;EDUCOOL.ru
07.01.2024;EDZU.ru
07.01.2024;EFELECTRIC.ru
07.01.2024;EGE-AMBRELLA.ru
07.01.2024;EGHT-JNR.ru
07.01.2024;EGOR145.ru
07.01.2024;EGUREVA.ru
07.01.2024;EGY-HOME-GROUP.ru
07.01.2024;EKOBOND.ru
07.01.2024;EKURTIZANKA.ru
07.01.2024;ELACTATION.ru
07.01.2024;ELAEVA-1.ru
07.01.2024;ELCADS.ru
07.01.2024;ELCAS.ru
07.01.2024;ELCATC.ru
07.01.2024;ELDTECH.ru
07.01.2024;ELEAF-OFFICIAL.ru
07.01.2024;ELECTRICPROECT.ru
07.01.2024;ELENA-FILIPPOVA.ru
07.01.2024;ELENA-SHKIRDOVA.ru
07.01.2024;ELENAIVANEN.ru
07.01.2024;ELENAKOMISSAROVA.ru
07.01.2024;ELENAKOSA72.ru
07.01.2024;ELENAPIKUN.ru
07.01.2024;ELENASHKIRDOVA.ru
07.01.2024;ELENATYUKALOVA.ru
07.01.2024;ELITE-BATH.ru
07.01.2024;ELITE-BONUS.ru
07.01.2024;ELKIDAROM55.ru
07.01.2024;ELM-RUSSIA.ru
07.01.2024;ELMIRA-MAKAROVA.ru
07.01.2024;ENCHANTINGEMBRACEEDEN.ru
07.01.2024;ENCHANTINGEMBRACEENCOUNTER.ru
07.01.2024;ENCHANTINGEMBRACEEXPEDITION.ru
07.01.2024;ENCHANTINGLOVECRUISE.ru
07.01.2024;ENCHANTINGLOVEHARBOR.ru
07.01.2024;ENDEMIC-CLUB.ru
07.01.2024;ENDO-FILES.ru
07.01.2024;ENDOFILES.ru
07.01.2024;ENJOY-MANIA.ru
07.01.2024;ENJOYMANIA.ru
07.01.2024;ENOTPLAY.ru
07.01.2024;EOCHIROVA.ru
07.01.2024;EOG-GLAZ-BOGA.ru
07.01.2024;EPICBANK.ru
07.01.2024;ERASOVANATA.ru
07.01.2024;ERC-MYCODE.ru
07.01.2024;ERKMAN77.ru
07.01.2024;ERLCGROUP.ru
07.01.2024;EROTAR.ru
07.01.2024;ERSHOWP4V.ru
07.01.2024;ES-000.ru
07.01.2024;ESCHNEIDER.ru
07.01.2024;ESFERE.ru
07.01.2024;ESHKIRDOVA.ru
07.01.2024;ESINA-EK.ru
07.01.2024;ESOTERICSECRETS.ru
07.01.2024;ESPHERA.ru
07.01.2024;ESS-AIRFIELD.ru
07.01.2024;ESTEKS-TKANI.ru
07.01.2024;ETERNALEMBRACEENCOUNTER.ru
07.01.2024;ETERNALESSENCEENCLAVE.ru
07.01.2024;ETERNALESSENCEEXPEDITION.ru
07.01.2024;ETERNALEUPHORIADATES.ru
07.01.2024;ETERNALFLAMEDATES.ru
07.01.2024;ETERNITYSOULMATE.ru
07.01.2024;ETOVANYA.ru
07.01.2024;EUGENITOZ.ru
07.01.2024;EURODATES.ru
07.01.2024;EUROMEDICO.ru
07.01.2024;EVA-WOMAN-CLUB.ru
07.01.2024;EVACADEMY.ru
07.01.2024;EVACUATOR-08.ru
07.01.2024;EVAKUATA.ru
07.01.2024;EVAKUVATORRIADOM-KG.ru
07.01.2024;EVENT-FUTURE.ru
07.01.2024;EVENTURBO.ru
07.01.2024;EVENTWB.ru
07.01.2024;EVERLASTINGECSTASY.ru
07.01.2024;EVERLASTINGJOYHARBOR.ru
07.01.2024;EVERSETX24X.ru
07.01.2024;EVGENIA-KANAK.ru
07.01.2024;EVGENIJN.ru
07.01.2024;EXCUS.ru
07.01.2024;EXPERT-REZ.ru
07.01.2024;EXSIGN.ru
07.01.2024;EXTRIME-FOREST.ru
07.01.2024;EZHGUTOV.ru
07.01.2024;EZKIP.ru
07.01.2024;F96IK7T.ru
07.01.2024;FAART.ru
07.01.2024;FABERLICLAVMILLION.ru
07.01.2024;FACE-NEWS.ru
07.01.2024;FACEIT-LOGIN.ru
07.01.2024;FACTORRING.ru
07.01.2024;FACTORYSALE2024.ru
07.01.2024;FAMILYACTOR.ru
07.01.2024;FANCYFINDS.ru
07.01.2024;FANERSKY.ru
07.01.2024;FANTAZERKIN.ru
07.01.2024;FANTAZYWORLD.ru
07.01.2024;FASADPROM.ru
07.01.2024;FATYHOV.ru
07.01.2024;FAVREAU.ru
07.01.2024;FAZLIDDIN.ru
07.01.2024;FEDCKOVAIULIA.ru
07.01.2024;FEDOKS.ru
07.01.2024;FEMIEDA.ru
07.01.2024;FEMININE-CLIENT.ru
07.01.2024;FEMMEWISDOM.ru
07.01.2024;FERTIKHBEAUTY.ru
07.01.2024;FEZT.ru
07.01.2024;FFBUY.ru
07.01.2024;FFCITY.ru
07.01.2024;FGOS-ZNANIE.ru
07.01.2024;FIBER-FLORA.ru
07.01.2024;FIGHTCHAMP.ru
07.01.2024;FILITOVICHCONSULTING.ru
07.01.2024;FILITOVICHROMAN.ru
07.01.2024;FILVORDY.ru
07.01.2024;FINANSTIME.ru
07.01.2024;FINEDOGS.ru
07.01.2024;FINPLANAPP.ru
07.01.2024;FINS-NAVIGATOR.ru
07.01.2024;FIRESAFEPROJECT.ru
07.01.2024;FIRSTROUNDMANAGEMENT.ru
07.01.2024;FISHERCOM.ru
07.01.2024;FISHSTORE32.ru
07.01.2024;FITJUNIOR.ru
07.01.2024;FLADIX.ru
07.01.2024;FLAMMACANDLES.ru
07.01.2024;FLAYID.ru
07.01.2024;FLAYRADAR.ru
07.01.2024;FLAYRADAR24.ru
07.01.2024;FLEXXY.ru
07.01.2024;FLIGHTSAEROFLOT.ru
07.01.2024;FLIPLIVING.ru
07.01.2024;FLIRADAR24.ru
07.01.2024;FLOWBLOOM.ru
07.01.2024;FLUIDAEROFLOT.ru
07.01.2024;FLY-ID-AEROFLOT.ru
07.01.2024;FLYID-AEROFLOT.ru
07.01.2024;FLYIDAEROFLOT.ru
07.01.2024;FLYLIKEME.ru
07.01.2024;FMZ-GUITAR.ru
07.01.2024;FOND-SY.ru
07.01.2024;FOREVERYOURSVISTA.ru
07.01.2024;FORPRIZES24.ru
07.01.2024;FORTIS-NSK.ru
07.01.2024;FORUM-YAPPAROV.ru
07.01.2024;FORUMIDEI.ru
07.01.2024;FRANCHIZE-ZELENIYGOROD.ru
07.01.2024;FRANCHPRODUCTION.ru
07.01.2024;FREEPEOPLE-BALI.ru
07.01.2024;FREEPEOPLEBALI.ru
07.01.2024;FREZZIA.ru
07.01.2024;FRIZ-SPB.ru
07.01.2024;FSDDSCORING.ru
07.01.2024;FSEARX.ru
07.01.2024;FSVPS-GOV.ru
07.01.2024;FTCAP.ru
07.01.2024;FULLCYCLE-F.ru
07.01.2024;FUNNYCUBE.ru
07.01.2024;FUNSWEX.ru
07.01.2024;FURFUT.ru
07.01.2024;FURNI-MARKET.ru
07.01.2024;FURNICULTURE.ru
07.01.2024;FURYXNET.ru
07.01.2024;FYZO.ru
07.01.2024;G-GTC.ru
07.01.2024;G4MES.ru
07.01.2024;GADAI24.ru
07.01.2024;GADANIE78.ru
07.01.2024;GADD3N.ru
07.01.2024;GAGARINOVA-STUDIO.ru
07.01.2024;GALLEREYS.ru
07.01.2024;GAMEXBOY.ru
07.01.2024;GANG-OFFICIAL.ru
07.01.2024;GARAZH76.ru
07.01.2024;GARDASAR.ru
07.01.2024;GASIK79.ru
07.01.2024;GASTROBAR-UGODNIKI.ru
07.01.2024;GATSBY-BARBERSHOP.ru
07.01.2024;GATSBYBARBER.ru
07.01.2024;GATSBYBARBERSHOP.ru
07.01.2024;GAZPROECT.ru
07.01.2024;GD-DIGITAL.ru
07.01.2024;GD08ZSM.ru
07.01.2024;GDEKUDAKOGDA.ru
07.01.2024;GEFESTCRAFT.ru
07.01.2024;GERZ-SURGUT.ru
07.01.2024;GETTIX0DX.ru
07.01.2024;GHLAND.ru
07.01.2024;GHUSAMOVA.ru
07.01.2024;GIFT-FREE.ru
07.01.2024;GIFTSFREE.ru
07.01.2024;GIGROMETER.ru
07.01.2024;GIZNITVORHESTVO.ru
07.01.2024;GK-ASM-78.ru
07.01.2024;GK-ASM78.ru
07.01.2024;GKAPRELEVSKIY.ru
07.01.2024;GLADKIH-WORK.ru
07.01.2024;GLAMPRADAR.ru
07.01.2024;GLAVMIN.ru
07.01.2024;GLAVNAYA-KUHNYA-STRANY.ru
07.01.2024;GLAVSHPAN.ru
07.01.2024;GLISEMEBEL.ru
07.01.2024;GLITSAN.ru
07.01.2024;GLOBALOF123.ru
07.01.2024;GMN86.ru
07.01.2024;GO-GIRL.ru
07.01.2024;GOFAG.ru
07.01.2024;GOFROG.ru
07.01.2024;GOKOLENKOFF.ru
07.01.2024;GOLDENBRI.ru
07.01.2024;GOLOSSUI-WATSP.ru
07.01.2024;GOLOSVKS.ru
07.01.2024;GOPIMATA.ru
07.01.2024;GOROX123.ru
07.01.2024;GORSVETPRO.ru
07.01.2024;GORUKO.ru
07.01.2024;GOS-CONTRACT.ru
07.01.2024;GPARFENTSEV.ru
07.01.2024;GPT-BLOGER.ru
07.01.2024;GQRE.ru
07.01.2024;GRACEMETAL.ru
07.01.2024;GRANDREALLY.ru
07.01.2024;GRASS-POLIV.ru
07.01.2024;GRAVITYARKHYZ.ru
07.01.2024;GRAZMER.ru
07.01.2024;GRDES.ru
07.01.2024;GRE79EN.ru
07.01.2024;GRIBPSY.ru
07.01.2024;GRINDASIB.ru
07.01.2024;GROWISART.ru
07.01.2024;GRUZDETALI.ru
07.01.2024;GRUZOTAXI-KG.ru
07.01.2024;GRUZOVOE-TAXI124.ru
07.01.2024;GT-KAT.ru
07.01.2024;GT-TECHNIC.ru
07.01.2024;GT-TECHNICS.ru
07.01.2024;GTTECHNIC.ru
07.01.2024;GTU-SERVICE.ru
07.01.2024;GULIANI77.ru
07.01.2024;GUNGAMER.ru
07.01.2024;GURYAN.ru
07.01.2024;GUTECHH.ru
07.01.2024;HAIR-NEWS.ru
07.01.2024;HAIRDRESSERSBLOND.ru
07.01.2024;HAJAGHA.ru
07.01.2024;HALCORIUM.ru
07.01.2024;HANDHOK.ru
07.01.2024;HANDUS.ru
07.01.2024;HAPPYMULEY.ru
07.01.2024;HARLEYROCKS.ru
07.01.2024;HARMONYHAVENDATES.ru
07.01.2024;HARMONYMATCHMAKER.ru
07.01.2024;HATAJANOV.ru
07.01.2024;HDHDGHDFGBDFGHG.ru
07.01.2024;HEALTHY-BODIES.ru
07.01.2024;HEARTBEATHARBOR.ru
07.01.2024;HEARTFELTHARMONY.ru
07.01.2024;HEARTFELTHARMONYHABITAT.ru
07.01.2024;HEARTFELTHARMONYHAVEN.ru
07.01.2024;HEARTFELTHARMONYHEMISPHERE.ru
07.01.2024;HEARTFELTHARMONYHUE.ru
07.01.2024;HEARTWARMINGHARBOR.ru
07.01.2024;HELP-DOLGAM.ru
07.01.2024;HELP-O-DOLGAX24.ru
07.01.2024;HELPONTHEROAD.ru
07.01.2024;HERTZ64.ru
07.01.2024;HEXBAGS.ru
07.01.2024;HGN0L.ru
07.01.2024;HIGHTECHDEV.ru
07.01.2024;HIKELIKE.ru
07.01.2024;HITECHDEV.ru
07.01.2024;HITROVAV.ru
07.01.2024;HOCHYDESERT.ru
07.01.2024;HOHTOH.ru
07.01.2024;HOHTON.ru
07.01.2024;HOLD-7585.ru
07.01.2024;HOLJOOP-2.ru
07.01.2024;HOLJOOP2.ru
07.01.2024;HOLL-O-P2.ru
07.01.2024;HOLL-OP-2.ru
07.01.2024;HOLOP02.ru
07.01.2024;HOLOP2-2024LORDFILM.ru
07.01.2024;HOLOP22024.ru
07.01.2024;HOLOPP2024.ru
07.01.2024;HOLSTCAFE.ru
07.01.2024;HOMEACTOR.ru
07.01.2024;HOMEADDICTED.ru
07.01.2024;HOMELAB7.ru
07.01.2024;HONTON.ru
07.01.2024;HOOKAHSURF.ru
07.01.2024;HOSTING4YOU.ru
07.01.2024;HOSTPULSE.ru
07.01.2024;HOT1XBET-204.ru
07.01.2024;HOTELCAPSULE.ru
07.01.2024;HOTININ.ru
07.01.2024;HOUSE-LSTK.ru
07.01.2024;HPUNCHER.ru
07.01.2024;HRAM-INFO.ru
07.01.2024;HROLL.ru
07.01.2024;HUAWEIAITO.ru
07.01.2024;HUDIPRINT.ru
07.01.2024;HUMANJOBS.ru
07.01.2024;HUNCHUN-INFO.ru
07.01.2024;HUNKYTEL.ru
07.01.2024;HYDRAMARKETS.ru
07.01.2024;HYDROINFORM.ru
07.01.2024;HYPE-MONITOR24.ru
07.01.2024;HYPESERVER.ru
07.01.2024;HYPEVANILLA.ru
07.01.2024;HYTHE.ru
07.01.2024;I-BEE.ru
07.01.2024;IARTEMEVA.ru
07.01.2024;IBBD.ru
07.01.2024;IBDT.ru
07.01.2024;IBIKO.ru
07.01.2024;ICEGESH.ru
07.01.2024;ICELEONID.ru
07.01.2024;ICESEASONS.ru
07.01.2024;ICL-SUPPORT.ru
07.01.2024;ID-85821.ru
07.01.2024;ID00196.ru
07.01.2024;ID09280.ru
07.01.2024;ID09380.ru
07.01.2024;ID3618.ru
07.01.2024;ID3626.ru
07.01.2024;ID58075.ru
07.01.2024;ID58076.ru
07.01.2024;ID58077.ru
07.01.2024;ID58078.ru
07.01.2024;ID718943.ru
07.01.2024;ID733.ru
07.01.2024;ID752895.ru
07.01.2024;ID93050.ru
07.01.2024;ID93056.ru
07.01.2024;ID98461.ru
07.01.2024;IDAEROFLOT.ru
07.01.2024;IF-CAPITAL.ru
07.01.2024;IGOR75.ru
07.01.2024;IGREBENKOV.ru
07.01.2024;IHOMEFUN.ru
07.01.2024;IKONTIRES.ru
07.01.2024;IKOROBKOVA.ru
07.01.2024;IKOROVINA.ru
07.01.2024;ILAREFM.ru
07.01.2024;ILLUMED.ru
07.01.2024;ILLUMEDCRM.ru
07.01.2024;ILOBYNTSEV.ru
07.01.2024;ILYSHAVOLKOV.ru
07.01.2024;IM2024.ru
07.01.2024;IMATUSEVICH.ru
07.01.2024;IMBA-RUN.ru
07.01.2024;IMBACHECK.ru
07.01.2024;IMTTLISSK.ru
07.01.2024;INBARN.ru
07.01.2024;INCHOCO-GROUP.ru
07.01.2024;INCHOCOGROUP.ru
07.01.2024;INCIFRA.ru
07.01.2024;INDIETKETO.ru
07.01.2024;INETELNIRO.ru
07.01.2024;INFO-NEWES.ru
07.01.2024;INK112.ru
07.01.2024;INMAR13.ru
07.01.2024;INNCKASEMENOVA.ru
07.01.2024;INSTABITCH.ru
07.01.2024;INSTALADIES.ru
07.01.2024;INSTAWOMAN.ru
07.01.2024;INTELLABINFO.ru
07.01.2024;INTERESTOR.ru
07.01.2024;INTEXTILE.ru
07.01.2024;INTIM-SALE.ru
07.01.2024;INTISSKNER.ru
07.01.2024;INTTNEIRR.ru
07.01.2024;INVESTPIONEER.ru
07.01.2024;INVESTTINKOFF.ru
07.01.2024;INVITE-YOU.ru
07.01.2024;IOANNDANILOV1965.ru
07.01.2024;IOFVMD3.ru
07.01.2024;IPEKYOLU.ru
07.01.2024;IPM-TITAN.ru
07.01.2024;IRARAENKO.ru
07.01.2024;IREMONTER-BLOG.ru
07.01.2024;IRENA-INTERIORS.ru
07.01.2024;IRINACH.ru
07.01.2024;IRINANALETSKO.ru
07.01.2024;IRONCRAFT72.ru
07.01.2024;IRSDIRECT.ru
07.01.2024;ISBX.ru
07.01.2024;ISCHEM21.ru
07.01.2024;ISHARDIN.ru
07.01.2024;ISHIGALI.ru
07.01.2024;ISKRSINT.ru
07.01.2024;ISTRAVILLAGEHILLS.ru
07.01.2024;IT-SMM-NIKITATRIFONOV.ru
07.01.2024;IT85.ru
07.01.2024;ITAKDALEE2023.ru
07.01.2024;ITDAEG.ru
07.01.2024;ITEAMCITY.ru
07.01.2024;ITPROGEDU.ru
07.01.2024;IULIADOLGOVA.ru
07.01.2024;IVANOVO-POVERKA.ru
07.01.2024;IVENTURER.ru
07.01.2024;IVSEYCHAS.ru
07.01.2024;IVVOS.ru
07.01.2024;IWANNAMEETU.ru
07.01.2024;IZMAILOVOMOIKA.ru
07.01.2024;JANBATIST.ru
07.01.2024;JANFORS.ru
07.01.2024;JAZETT-MUSIC.ru
07.01.2024;JEEP-SEV.ru
07.01.2024;JLATIMORE.ru
07.01.2024;JMBRAND.ru
07.01.2024;JO7.ru
07.01.2024;JOBSGID.ru
07.01.2024;JOGAWIPSERVIS.ru
07.01.2024;JOGAWIPSERWIS.ru
07.01.2024;JOHNSROTHSCHIG.ru
07.01.2024;JOINMYQUIZ.ru
07.01.2024;JOLIX.ru
07.01.2024;JSGU.ru
07.01.2024;JUGEGERASIMOVA.ru
07.01.2024;JULIASOLTPHOTO.ru
07.01.2024;JULIAYGRIG.ru
07.01.2024;JUMISHINA.ru
07.01.2024;JUNGIANPSYCHOLOGIST.ru
07.01.2024;JXFHARDWARE.ru
07.01.2024;JXXX.ru
07.01.2024;K-CHER.ru
07.01.2024;KADESSTUDIO.ru
07.01.2024;KAELL.ru
07.01.2024;KAGONU.ru
07.01.2024;KAIBELEV.ru
07.01.2024;KAK-SPISAT-DOLG24.ru
07.01.2024;KAKASHKIN.ru
07.01.2024;KALININBEST.ru
07.01.2024;KALK2.ru
07.01.2024;KALUGA-POVERKA.ru
07.01.2024;KALYGA-TYAGA.ru
07.01.2024;KAMENOTES126.ru
07.01.2024;KANDAUROVA.ru
07.01.2024;KAP4ENY.ru
07.01.2024;KAPSURAL.ru
07.01.2024;KARABASBUM.ru
07.01.2024;KARANDZEI.ru
07.01.2024;KARASEV88.ru
07.01.2024;KARDIOWIN.ru
07.01.2024;KARELIYA-JOKIRANTA.ru
07.01.2024;KASAYHANOV.ru
07.01.2024;KASHKINOV.ru
07.01.2024;KASOY.ru
07.01.2024;KASPISERVICE.ru
07.01.2024;KASSINO-1XBET855.ru
07.01.2024;KATE-SPACE.ru
07.01.2024;KAVALLINI.ru
07.01.2024;KAZAN-AZS.ru
07.01.2024;KAZAN-OSOBNYAK.ru
07.01.2024;KAZZACHOK.ru
07.01.2024;KB-OPALUBKA.ru
07.01.2024;KBLEV.ru
07.01.2024;KEBAB-MARKET.ru
07.01.2024;KELOV.ru
07.01.2024;KEMEROVO-SANGA.ru
07.01.2024;KERK-PRINT.ru
07.01.2024;KERKPRINT.ru
07.01.2024;KESGIN.ru
07.01.2024;KETI-DROBKOVA.ru
07.01.2024;KEYBAZAAR.ru
07.01.2024;KEYPROGRAMING.ru
07.01.2024;KHAKHAY01.ru
07.01.2024;KHARKIN.ru
07.01.2024;KHASANZINATULIN.ru
07.01.2024;KHASYANOV-HOST.ru
07.01.2024;KHECHOIAN.ru
07.01.2024;KIA80.ru
07.01.2024;KICK-HOST.ru
07.01.2024;KILOMETR64.ru
07.01.2024;KIMOLEGV.ru
07.01.2024;KING-ARZ.ru
07.01.2024;KINO-ROUTE.ru
07.01.2024;KINOALENA.ru
07.01.2024;KINOVOOD.ru
07.01.2024;KIRAKRIK.ru
07.01.2024;KIRPICH-ROSTOV.ru
07.01.2024;KITCHENAID-RUSSIA.ru
07.01.2024;KIYAMOVRUSIK.ru
07.01.2024;KKRIVENKO.ru
07.01.2024;KKTECHSTUDENT.ru
07.01.2024;KLEMMAVAG.ru
07.01.2024;KLICHNYJ.ru
07.01.2024;KLIENTY-BLIZKO.ru
07.01.2024;KLIMSON.ru
07.01.2024;KLINICKCOSMET.ru
07.01.2024;KLINORA.ru
07.01.2024;KLINPSYSNEGIR.ru
07.01.2024;KLIPKO.ru
07.01.2024;KLYUSAVN.ru
07.01.2024;KNIGKIDOM.ru
07.01.2024;KNITTING-WOMEN.ru
07.01.2024;KNNNKO.ru
07.01.2024;KOBRU.ru
07.01.2024;KOCHKAREVA.ru
07.01.2024;KODLAB.ru
07.01.2024;KOGDAKAK.ru
07.01.2024;KOLGOTKI-NOSHENNYE.ru
07.01.2024;KOMANDAKARD.ru
07.01.2024;KOMAYDAN.ru
07.01.2024;KOMETALOM.ru
07.01.2024;KONSES.ru
07.01.2024;KOPCHEVSKAYA.ru
07.01.2024;KOPCHU-RF.ru
07.01.2024;KOPETS.ru
07.01.2024;KOPEV.ru
07.01.2024;KOPNICHEV.ru
07.01.2024;KOREYAINFO.ru
07.01.2024;KOREYKUPI.ru
07.01.2024;KORICASPB.ru
07.01.2024;KORPUSENKO.ru
07.01.2024;KOST2021.ru
07.01.2024;KOSTROMA-POVERKA.ru
07.01.2024;KOTLAEVDANIL.ru
07.01.2024;KOTOVAEVENT.ru
07.01.2024;KOVROV-POVERKA.ru
07.01.2024;KPL13.ru
07.01.2024;KRASEKO24.ru
07.01.2024;KRASKI-TOUR.ru
07.01.2024;KRASNAYATELEGA.ru
07.01.2024;KRASNOEI.ru
07.01.2024;KRAVCHENKOIV.ru
07.01.2024;KREDIT-APPLY.ru
07.01.2024;KRIPMON.ru
07.01.2024;KRRMONEY1.ru
07.01.2024;KRU-APP.ru
07.01.2024;KRUGLYE-161.ru
07.01.2024;KRUGLYE-52.ru
07.01.2024;KRUZHOK28.ru
07.01.2024;KRUZHOKSPACE.ru
07.01.2024;KSNOW.ru
07.01.2024;KUHNI-PRACTICA.ru
07.01.2024;KUHNYA-MK-PROEKT-DESIGN.ru
07.01.2024;KUHNYA-MK-PROEKTDESIGN.ru
07.01.2024;KUHNYA-MKPROEKT-DESIGN.ru
07.01.2024;KUHNYA-MKPROEKTDESIGN.ru
07.01.2024;KUHNYAMK-PROEKT-DESIGN.ru
07.01.2024;KUHNYAMK-PROEKTDESIGN.ru
07.01.2024;KUHNYAMKPROEKT-DESIGN.ru
07.01.2024;KUHNYAMKPROEKTDESIGN.ru
07.01.2024;KUKLINMIKE.ru
07.01.2024;KUKOLKASHOP.ru
07.01.2024;KULAKOVA-WORK.ru
07.01.2024;KULTURAZV-ACADEMY.ru
07.01.2024;KUMAREVA.ru
07.01.2024;KUPI-BREND.ru
07.01.2024;KUPR-HOME.ru
07.01.2024;KURIE2383.ru
07.01.2024;KURIER3212.ru
07.01.2024;KURILCHENKO.ru
07.01.2024;KURS-WILDBERRIES.ru
07.01.2024;KURS4YOU.ru
07.01.2024;KURSK-POVERKA.ru
07.01.2024;KURSOVAYAREISH.ru
07.01.2024;KURSTEST.ru
07.01.2024;KURSU-AVTODIAGNOSTA.ru
07.01.2024;KURSY-DIZAJNERA-INTERERA.ru
07.01.2024;KURSY-ENGLISH.ru
07.01.2024;KURSY-OBUCHENIE-ASTROLOGII.ru
07.01.2024;KURSY-OBUCHENIE-NUMEROLOGII.ru
07.01.2024;KURSY-PROFORIENTACII.ru
07.01.2024;KVADRAT21.ru
07.01.2024;KVAGALEX.ru
07.01.2024;KVANARIN.ru
07.01.2024;KVINOKUROV.ru
07.01.2024;KYCHIKOV.ru
07.01.2024;KYRSSADOVNIK116.ru
07.01.2024;KZHITKOVA.ru
07.01.2024;LA-PA.ru
07.01.2024;LAB-PI.ru
07.01.2024;LABLOV.ru
07.01.2024;LABORATORY-PI.ru
07.01.2024;LABPI.ru
07.01.2024;LACTIC.ru
07.01.2024;LADA-ORENBURG56.ru
07.01.2024;LALABEKYAN.ru
07.01.2024;LALAKIN.ru
07.01.2024;LAMPINROOM.ru
07.01.2024;LAND8822.ru
07.01.2024;LANPETRICHENKO.ru
07.01.2024;LARIONOV-NBRK.ru
07.01.2024;LARISA-LOGINOVA.ru
07.01.2024;LATEBLOOMER.ru
07.01.2024;LAUTUSBIO.ru
07.01.2024;LAVROVACOUSTIC.ru
07.01.2024;LAW212.ru
07.01.2024;LAZYMONKEYS.ru
07.01.2024;LCATS.ru
07.01.2024;LD-PAY154832.ru
07.01.2024;LD-PAY154836.ru
07.01.2024;LD-PAY274099.ru
07.01.2024;LD-PAY42157.ru
07.01.2024;LD-PAY42158.ru
07.01.2024;LD-PAY72935.ru
07.01.2024;LD-PAY78241.ru
07.01.2024;LD-PAY78242.ru
07.01.2024;LD-PAY78243.ru
07.01.2024;LD-PAY83639.ru
07.01.2024;LD-PAY83739.ru
07.01.2024;LD-PAY92351.ru
07.01.2024;LD-PAY98234.ru
07.01.2024;LD-PAY98872.ru
07.01.2024;LD-PAY98892.ru
07.01.2024;LD826315.ru
07.01.2024;LEARNING-TECH-ENGLISH.ru
07.01.2024;LECATS.ru
07.01.2024;LEHACH.ru
07.01.2024;LEI-LEI.ru
07.01.2024;LEIIKA.ru
07.01.2024;LEMONRECORDS.ru
07.01.2024;LENARSPH.ru
07.01.2024;LEON-ZERKALO-CASINO.ru
07.01.2024;LEON-ZERKALO-CASINO1.ru
07.01.2024;LERIANASTORIES.ru
07.01.2024;LESHOZ33.ru
07.01.2024;LESHOZ62.ru
07.01.2024;LESTNICHNOE-REMESLO.ru
07.01.2024;LETSBERRY.ru
07.01.2024;LEVELUPZONE.ru
07.01.2024;LGIBADULLIN.ru
07.01.2024;LGORJUSHKO.ru
07.01.2024;LICASIST.ru
07.01.2024;LICMIC.ru
07.01.2024;LIFE-IN-FINLAND.ru
07.01.2024;LIFEISSTRANGE.ru
07.01.2024;LIGADIRECTOLOGOV.ru
07.01.2024;LIGHT-ENGLISH66.ru
07.01.2024;LILYSPORT.ru
07.01.2024;LIPETSK-POVERKA.ru
07.01.2024;LIPSS48.ru
07.01.2024;LISSSOUND.ru
07.01.2024;LITEREMONT.ru
07.01.2024;LITTLEGRIGO.ru
07.01.2024;LITTLEMANI.ru
07.01.2024;LIVE-CRM.ru
07.01.2024;LIVEJOB24.ru
07.01.2024;LIVEWALLADMIN.ru
07.01.2024;LKMGPU.ru
07.01.2024;LKS-AEROFLOT.ru
07.01.2024;LKSAEROFLOT.ru
07.01.2024;LLCLEADER.ru
07.01.2024;LMIMG.ru
07.01.2024;LOCKOPENDOOR.ru
07.01.2024;LOCKPAD.ru
07.01.2024;LOFOG.ru
07.01.2024;LOFT-BERRY.ru
07.01.2024;LOG-PILOT.ru
07.01.2024;LOGINSHAREPOINTMCROSOFTNLINE.ru
07.01.2024;LOGINSHAREPOINTMCROSOFTONLINE.ru
07.01.2024;LOGISNER.ru
07.01.2024;LOGISST.ru
07.01.2024;LOGISTA23.ru
07.01.2024;LOGO-MIR-1.ru
07.01.2024;LOGPILOT.ru
07.01.2024;LOHMATI.ru
07.01.2024;LOVECONNECTIONHUB.ru
07.01.2024;LOVEMIND.ru
07.01.2024;LOVER-MIND.ru
07.01.2024;LOVERMIND.ru
07.01.2024;LOVESPACEFEST.ru
07.01.2024;LOVINGLIFECRUISE.ru
07.01.2024;LOVINGLIFELAGOON.ru
07.01.2024;LOVINGLIFELATITUDE.ru
07.01.2024;LOVINGLIFELIGHTHOUSE.ru
07.01.2024;LOVINGLIFELOOM.ru
07.01.2024;LOWESKIT.ru
07.01.2024;LOWINDSTORE.ru
07.01.2024;LUCKGUY.ru
07.01.2024;LUCKYJET-SLOT2.ru
07.01.2024;LUEVOLS.ru
07.01.2024;LYNQ.ru
07.01.2024;LZAMYATINA.ru
07.01.2024;M-EVGENIYA33.ru
07.01.2024;M-PROFCENTER.ru
07.01.2024;M2UPRDOR.ru
07.01.2024;MADEBYLOCALS.ru
07.01.2024;MADELIRIHS.ru
07.01.2024;MAEATIVE.ru
07.01.2024;MAFTEJ.ru
07.01.2024;MAGAVRI.ru
07.01.2024;MAGAZIN999.ru
07.01.2024;MAGENTATBA.ru
07.01.2024;MAGGERMAN.ru
07.01.2024;MAGIC-SON.ru
07.01.2024;MAGIC-THAI-ONLINE.ru
07.01.2024;MAIKISHOP.ru
07.01.2024;MAIL-SENDER.ru
07.01.2024;MAILBZ.ru
07.01.2024;MAILSENDLER.ru
07.01.2024;MAJESTIC-PROMO.ru
07.01.2024;MAKAROVADASHKA.ru
07.01.2024;MAKEES.ru
07.01.2024;MAKLER-OREKHOVO.ru
07.01.2024;MAKSIMOV-OFFICIAL.ru
07.01.2024;MANETRAVEL.ru
07.01.2024;MANIA-ZNANIA.ru
07.01.2024;MANIPULYATORMOSKVA.ru
07.01.2024;MANKU.ru
07.01.2024;MANYKRD.ru
07.01.2024;MANYOFFERS.ru
07.01.2024;MARBYF.ru
07.01.2024;MARCOMARO.ru
07.01.2024;MARI-NA-LUNE.ru
07.01.2024;MARIASTADNIK.ru
07.01.2024;MARIJA-PHOTO.ru
07.01.2024;MARINACH.ru
07.01.2024;MARINATAN.ru
07.01.2024;MARKET-TRAINING.ru
07.01.2024;MARKPLEHANOV.ru
07.01.2024;MARLOKIN.ru
07.01.2024;MARMARIS2022.ru
07.01.2024;MAROKRYN.ru
07.01.2024;MARSELANDALIYA.ru
07.01.2024;MARYAKYKLINA.ru
07.01.2024;MASHAGONDA.ru
07.01.2024;MASHTRASH.ru
07.01.2024;MATCHX-ONL-INE-RES-94.ru
07.01.2024;MATHSEMPIRE.ru
07.01.2024;MATKAPITALYKT.ru
07.01.2024;MATTHEW-KUDRIN.ru
07.01.2024;MATVEYEV-ADS.ru
07.01.2024;MAXEDPACK.ru
07.01.2024;MAXIMOVYAKOW.ru
07.01.2024;MAYOROVA-007.ru
07.01.2024;MDETKOVA.ru
07.01.2024;MEBEL-PION.ru
07.01.2024;MEBELHOMM.ru
07.01.2024;MEBELI-S.ru
07.01.2024;MEBELMANN.ru
07.01.2024;MED-CAP.ru
07.01.2024;MEDIAHUBS7.ru
07.01.2024;MEDIAPHASE.ru
07.01.2024;MEDIAPLOT.ru
07.01.2024;MEDIMIND.ru
07.01.2024;MEDPOSTAMENT.ru
07.01.2024;MEDPROFI54.ru
07.01.2024;MEDTAXI98.ru
07.01.2024;MEGA-ZDRAV.ru
07.01.2024;MEGATRONAV.ru
07.01.2024;MEHOV-NAKIDKI.ru
07.01.2024;MELCOME.ru
07.01.2024;MELMANDA.ru
07.01.2024;MEMVR.ru
07.01.2024;MENMAGAZIN.ru
07.01.2024;MENTALRU1.ru
07.01.2024;MENTALSIGN.ru
07.01.2024;MERGEN-CEO.ru
07.01.2024;MET-ALEX.ru
07.01.2024;METIZ-OST-1.ru
07.01.2024;MEYZA.ru
07.01.2024;MGO-OPT.ru
07.01.2024;MGOOPT.ru
07.01.2024;MGOVAPING.ru
07.01.2024;MICROGREENS-NSK.ru
07.01.2024;MIHAIL-VITEBSKIY.ru
07.01.2024;MIK-M.ru
07.01.2024;MIKEG.ru
07.01.2024;MIKEYS.ru
07.01.2024;MILANABRONNIKOVA.ru
07.01.2024;MILLIONAIRE-BRAND.ru
07.01.2024;MIMI-NEWS.ru
07.01.2024;MINDALLAVANDA.ru
07.01.2024;MINI-NEWS.ru
07.01.2024;MINIGAZIEVA.ru
07.01.2024;MINTAGIR.ru
07.01.2024;MIOVIBE.ru
07.01.2024;MIPO-ONLINE.ru
07.01.2024;MIR-NOZHEK.ru
07.01.2024;MIR-TELEKOM.ru
07.01.2024;MIRANTICA.ru
07.01.2024;MIRNOZHEK.ru
07.01.2024;MIRTA59.ru
07.01.2024;MIRUNROUX.ru
07.01.2024;MISCAPITAL.ru
07.01.2024;MISHKIBAND.ru
07.01.2024;MISSIGN.ru
07.01.2024;MITSUBISHICLIMAT.ru
07.01.2024;MIXEEV53.ru
07.01.2024;MIYASUNDUKOVA.ru
07.01.2024;MKPEREGORODKI.ru
07.01.2024;MKS-RAP.ru
07.01.2024;MKURTUKOVA.ru
07.01.2024;MLASTOCHKIN.ru
07.01.2024;MLKITCHEN.ru
07.01.2024;MMMPAROVOZ.ru
07.01.2024;MMYSIK.ru
07.01.2024;MNGAVRILOVWORK.ru
07.01.2024;MNOGOVR.ru
07.01.2024;MNYDNG.ru
07.01.2024;MNYKRR.ru
07.01.2024;MO-LIST.ru
07.01.2024;MOBDOP.ru
07.01.2024;MOCKIN.ru
07.01.2024;MODA4MINI.ru
07.01.2024;MODNYEPLATYA.ru
07.01.2024;MOLEV-1.ru
07.01.2024;MOLODTSOVVA.ru
07.01.2024;MOMISDADIS.ru
07.01.2024;MONETOCHKAFORGOODLACK.ru
07.01.2024;MONEYBIMKA.ru
07.01.2024;MONEYCERBUR.ru
07.01.2024;MONEYCUTON.ru
07.01.2024;MONEYFISER.ru
07.01.2024;MONEYGGSER.ru
07.01.2024;MONEYGROOVKA.ru
07.01.2024;MONEYHEADMI.ru
07.01.2024;MONEYKESPER.ru
07.01.2024;MONEYSHOFT.ru
07.01.2024;MONEYSILVERER.ru
07.01.2024;MONOCHROMEANGIE.ru
07.01.2024;MOPS-ARTUR.ru
07.01.2024;MOPXMVATGP.ru
07.01.2024;MORE-KORZIN.ru
07.01.2024;MORERYBU.ru
07.01.2024;MOROZOVAN83.ru
07.01.2024;MOROZZ-MASTER.ru
07.01.2024;MOS0.ru
07.01.2024;MOSDES.ru
07.01.2024;MOSPODCAST.ru
07.01.2024;MOSTRANSAUTO.ru
07.01.2024;MOY-KLASS.ru
07.01.2024;MOYAVOLOGDA.ru
07.01.2024;MR1XBET.ru
07.01.2024;MRVIC52.ru
07.01.2024;MSADAT.ru
07.01.2024;MSRVANILA.ru
07.01.2024;MSTUDIO-126.ru
07.01.2024;MTS-MOD.ru
07.01.2024;MTSENSOR.ru
07.01.2024;MUDMR.ru
07.01.2024;MUHAMETSHIN-TOP.ru
07.01.2024;MUKASE.ru
07.01.2024;MUPKES.ru
07.01.2024;MUR-TOP.ru
07.01.2024;MURAVSKAJA-7.ru
07.01.2024;MURMANTOWN.ru
07.01.2024;MUROM-POVERKA.ru
07.01.2024;MUS-AB.ru
07.01.2024;MUSHKETOVDIPLOM.ru
07.01.2024;MVIK-AQUA.ru
07.01.2024;MXRENT.ru
07.01.2024;MY-MAIL-MAILER-ACCOUNT.ru
07.01.2024;MY-STRIKE.ru
07.01.2024;MY-STRIKEBALL.ru
07.01.2024;MY-YAPF.ru
07.01.2024;MYAKK.ru
07.01.2024;MYBESTVIDEOS.ru
07.01.2024;MYBS7.ru
07.01.2024;MYCODE-ERC.ru
07.01.2024;MYCSGO-PROMOCODE.ru
07.01.2024;MYGUIZ.ru
07.01.2024;MYHAPPYWHEEL.ru
07.01.2024;MYMARUSYA.ru
07.01.2024;MYPULMONOLOG.ru
07.01.2024;MYQIUZ.ru
07.01.2024;MYSTICALWORLD.ru
07.01.2024;MYSTRIKE.ru
07.01.2024;MYSTRIKEBALL.ru
07.01.2024;MYWAY-SHOP.ru
07.01.2024;N-CLASS.ru
07.01.2024;N23EO.ru
07.01.2024;N4UTIL.ru
07.01.2024;NA-ELECTRO.ru
07.01.2024;NADEZDA-LIZAR.ru
07.01.2024;NADO-DOLGO.ru
07.01.2024;NADODOLGO.ru
07.01.2024;NAILGLOW.ru
07.01.2024;NAIORKA.ru
07.01.2024;NAKTOP.ru
07.01.2024;NAMELO.ru
07.01.2024;NANCHITE.ru
07.01.2024;NAPETROVKE-JOB.ru
07.01.2024;NARKOLOG-BALI.ru
07.01.2024;NAS-CLOUD.ru
07.01.2024;NASSSKA.ru
07.01.2024;NASTASYABB2008.ru
07.01.2024;NATAF555.ru
07.01.2024;NATALYABEVZPSY.ru
07.01.2024;NATARARINA.ru
07.01.2024;NATASHAUA.ru
07.01.2024;NATURESPOT.ru
07.01.2024;NAVIGGTOP1XBET.ru
07.01.2024;NAYSSESTYOREMNTE24.ru
07.01.2024;NCHEBUNINA.ru
07.01.2024;NCTSZ32.ru
07.01.2024;NDOMASHKEVICH.ru
07.01.2024;NE-BYDY-DOLGHEN24.ru
07.01.2024;NE-DOLGHEN24.ru
07.01.2024;NE-DOLGHNIK2024.ru
07.01.2024;NEGATIVN1Y.ru
07.01.2024;NEIIRSINT.ru
07.01.2024;NEIRINTEL.ru
07.01.2024;NEIROSSETT.ru
07.01.2024;NEKMERSININVEST.ru
07.01.2024;NEOCIGAR.ru
07.01.2024;NEOHUMANISTS-SPB.ru
07.01.2024;NERFICRAFT.ru
07.01.2024;NESTEROV-SERVER.ru
07.01.2024;NET-SCHOOOL.ru
07.01.2024;NETHERSWORD.ru
07.01.2024;NEVELSKIY.ru
07.01.2024;NEVTUDVER.ru
07.01.2024;NEW-TB.ru
07.01.2024;NEWLK.ru
07.01.2024;NEWMARKETINGS.ru
07.01.2024;NEWS-PAPERS.ru
07.01.2024;NGOROZHANKIN.ru
07.01.2024;NIC-WEBMASTER.ru
07.01.2024;NIKHOME21.ru
07.01.2024;NIKITADAVYDOV.ru
07.01.2024;NIKITAEKK.ru
07.01.2024;NIKNATION.ru
07.01.2024;NIN-JNR.ru
07.01.2024;NINA-GORBUNOVA.ru
07.01.2024;NINETEENSEVENTYTWO.ru
07.01.2024;NISHTYAKOFF.ru
07.01.2024;NIZACEN.ru
07.01.2024;NIZHNIK-ALEXANDR.ru
07.01.2024;NIZHNOVJEWELIR.ru
07.01.2024;NJ95WSL.ru
07.01.2024;NK-MGMT.ru
07.01.2024;NMBD.ru
07.01.2024;NNAKHYP.ru
07.01.2024;NO-EDITS.ru
07.01.2024;NO-SNOW.ru
07.01.2024;NOEDITS.ru
07.01.2024;NOGINSK-TEHOSMOTR.ru
07.01.2024;NONTING.ru
07.01.2024;NOPLAGIAT.ru
07.01.2024;NORGRAMM.ru
07.01.2024;NOROMI.ru
07.01.2024;NORTHERN-MARIANNA.ru
07.01.2024;NOSHENNYE-TRUSIKI.ru
07.01.2024;NOSHENNYE-TRUSY.ru
07.01.2024;NOTA-RE.ru
07.01.2024;NOTARIUS-PEREVALSK.ru
07.01.2024;NOTFORGNOMES.ru
07.01.2024;NOTOKIO.ru
07.01.2024;NOVOMOSKOVSK-POVERKA.ru
07.01.2024;NOVOSLOB-DD.ru
07.01.2024;NOZH-I-VILKA.ru
07.01.2024;NREUT.ru
07.01.2024;NRK-SIBERIA.ru
07.01.2024;NSPASS.ru
07.01.2024;NSSERVER.ru
07.01.2024;NTREALTY.ru
07.01.2024;NTROREL.ru
07.01.2024;NULLTOMATO.ru
07.01.2024;NUMISAUCT.ru
07.01.2024;NVURIST00.ru
07.01.2024;NYTRADER.ru
07.01.2024;NZAROVASVETLANA.ru
07.01.2024;OBEU.ru
07.01.2024;OBITRIP.ru
07.01.2024;OBNINSK-POVERKA.ru
07.01.2024;OBSADOVO.ru
07.01.2024;OBUKHOVA-MAIL.ru
07.01.2024;OFD-ORD2475.ru
07.01.2024;OFD-ORD2952.ru
07.01.2024;OFD-ORD3199.ru
07.01.2024;OFD-ORD3963.ru
07.01.2024;OFD-ORD5984.ru
07.01.2024;OFD-ORD6612.ru
07.01.2024;OFD-ORD7133.ru
07.01.2024;OFD-ORD7859.ru
07.01.2024;OFD-ORD9745.ru
07.01.2024;OFFGARENA.ru
07.01.2024;OFFICIAL-1XBET80.ru
07.01.2024;OFFICIAL-BOOKOFDEAD.ru
07.01.2024;OGURCHIKRU.ru
07.01.2024;OKIPHOTOGRAPHY.ru
07.01.2024;OKNOLUBOV.ru
07.01.2024;OKSTUDYC.ru
07.01.2024;OKUNEVPRO.ru
07.01.2024;OLCHERMEDIA.ru
07.01.2024;OLEGPYTALEV.ru
07.01.2024;OLEZHAN.ru
07.01.2024;OLGAABUKINA.ru
07.01.2024;OLGAKNYAZEVNA.ru
07.01.2024;OLGAKOVALCHUK.ru
07.01.2024;OLIMPBOT.ru
07.01.2024;OMAGDEEVA.ru
07.01.2024;OMEGA-CORP.ru
07.01.2024;OMIDENRP.ru
07.01.2024;ON-DON.ru
07.01.2024;ONE-BTL.ru
07.01.2024;ONEREGION.ru
07.01.2024;ONLINECASINO-1XBET440.ru
07.01.2024;ONLINEDOCFOTO.ru
07.01.2024;ONLINEMAGIYA-TARO.ru
07.01.2024;ONLINEMATHTESTS.ru
07.01.2024;ONLINEOUTLETS2024.ru
07.01.2024;ONLINESALEOUTLET2024.ru
07.01.2024;ONLINESITE-1XBET986.ru
07.01.2024;ONLY-GENERATOR.ru
07.01.2024;ONLY-STONE.ru
07.01.2024;ONLYCSAT.ru
07.01.2024;ONLYROUTER.ru
07.01.2024;ONQUALITY.ru
07.01.2024;OOKMATE.ru
07.01.2024;OOOAEI.ru
07.01.2024;OOODOLG.ru
07.01.2024;OOOPEREKUSKA.ru
07.01.2024;OPERAMEAT.ru
07.01.2024;OPLATA3274.ru
07.01.2024;OPLATA3275.ru
07.01.2024;ORBUZCRAFT.ru
07.01.2024;ORD-174409.ru
07.01.2024;ORD-2231.ru
07.01.2024;ORD-2232.ru
07.01.2024;ORD-2233.ru
07.01.2024;ORD-72844.ru
07.01.2024;ORD-830997.ru
07.01.2024;ORD8092.ru
07.01.2024;ORDER-1201.ru
07.01.2024;ORDER-4657.ru
07.01.2024;ORDER-8372.ru
07.01.2024;ORDER-ID1719.ru
07.01.2024;ORDER-ID4417.ru
07.01.2024;ORDER0118.ru
07.01.2024;ORDER0281.ru
07.01.2024;ORDER0291.ru
07.01.2024;ORDER0715.ru
07.01.2024;ORDER0961.ru
07.01.2024;ORDER0989.ru
07.01.2024;ORDER1927.ru
07.01.2024;ORDER4092.ru
07.01.2024;ORDER7087.ru
07.01.2024;ORDER7101.ru
07.01.2024;ORDER8095.ru
07.01.2024;ORDER8907.ru
07.01.2024;ORDER9022.ru
07.01.2024;ORDER9906.ru
07.01.2024;OREXTICKS.ru
07.01.2024;ORIGFIL.ru
07.01.2024;ORIGINALZ.ru
07.01.2024;ORIONAG.ru
07.01.2024;ORIONCORP.ru
07.01.2024;ORIONTRANSAVTO.ru
07.01.2024;ORLOVAALINA.ru
07.01.2024;ORUN-LMS.ru
07.01.2024;OSIPOV64.ru
07.01.2024;OSKAR-88.ru
07.01.2024;OSKAR-MEBEL.ru
07.01.2024;OSKOL-POVERKA.ru
07.01.2024;OSMO2005.ru
07.01.2024;OSOBENNYESVECHI.ru
07.01.2024;OSTROVOKDOK.ru
07.01.2024;OTKACKA.ru
07.01.2024;OUTBARN.ru
07.01.2024;OVIKPROEKT.ru
07.01.2024;OVVRUS.ru
07.01.2024;OXANASOL.ru
07.01.2024;OXOXOX.ru
07.01.2024;P109SPB.ru
07.01.2024;PAGE-9176.ru
07.01.2024;PAJASOS.ru
07.01.2024;PAKETBRAND.ru
07.01.2024;PALEVGENICH.ru
07.01.2024;PAM24.ru
07.01.2024;PANDA35.ru
07.01.2024;PANLOG.ru
07.01.2024;PANTRYBOT.ru
07.01.2024;PAR-ZAGAR.ru
07.01.2024;PARFUMEDAR.ru
07.01.2024;PARKIGSVO.ru
07.01.2024;PARKINGSO.ru
07.01.2024;PARKINSVO.ru
07.01.2024;PART2024.ru
07.01.2024;PARTNERSEDA.ru
07.01.2024;PARZAGAR.ru
07.01.2024;PASSIONATELOVEPURSUIT.ru
07.01.2024;PASSIONATEPULSEPALACE.ru
07.01.2024;PASSIONATEPULSEPLACE.ru
07.01.2024;PASSIONATEPULSEPOINT.ru
07.01.2024;PASSIONPUZZLEPLACE.ru
07.01.2024;PAVELMASTA.ru
07.01.2024;PAVELPROKUDIN.ru
07.01.2024;PAY-DISCOUNT.ru
07.01.2024;PAY-PROMO.ru
07.01.2024;PAYD10.ru
07.01.2024;PAYMENT-262.ru
07.01.2024;PAYMENT-263.ru
07.01.2024;PAYMENT-264.ru
07.01.2024;PAYMENT-265.ru
07.01.2024;PAYMENT-ACCEPT.ru
07.01.2024;PAYMENT-DISCOUNT.ru
07.01.2024;PAYMENTFORYOU.ru
07.01.2024;PC-GIFTITEMS.ru
07.01.2024;PCDL.ru
07.01.2024;PDOMIK.ru
07.01.2024;PEACEPOINT.ru
07.01.2024;PECHKA-24.ru
07.01.2024;PEOPLEXPANSE.ru
07.01.2024;PERESELKIN.ru
07.01.2024;PEREZAGRUZKARF.ru
07.01.2024;PERINATAL-GROUP.ru
07.01.2024;PERMANENTBOR.ru
07.01.2024;PERSONACTOR.ru
07.01.2024;PERVYE89.ru
07.01.2024;PESOK-SHCHEBEN.ru
07.01.2024;PETCAREPASSPORT.ru
07.01.2024;PETERLEONTYEV.ru
07.01.2024;PETRLEONTYEV.ru
07.01.2024;PFKDZWE.ru
07.01.2024;PG2017.ru
07.01.2024;PH-MLNKV-ANN.ru
07.01.2024;PHANTOMZONE.ru
07.01.2024;PHOTO-SURF.ru
07.01.2024;PHOTOKEEPSAKE.ru
07.01.2024;PHOTONAVIGATE.ru
07.01.2024;PHPAPP.ru
07.01.2024;PHPSU.ru
07.01.2024;PHUKET-VISARUN.ru
07.01.2024;PIAR-X.ru
07.01.2024;PIARX.ru
07.01.2024;PILLOWKINGDOM.ru
07.01.2024;PILS-3489.ru
07.01.2024;PIP33.ru
07.01.2024;PITIRIMOVPROJECT.ru
07.01.2024;PJADUHOV.ru
07.01.2024;PKOLESNIK.ru
07.01.2024;PLAKSINOFFICIAL.ru
07.01.2024;PLANBSERVICE.ru
07.01.2024;PLANETASIRIUS.ru
07.01.2024;PLAVANIE-AQUARELKA.ru
07.01.2024;PLAYERID.ru
07.01.2024;PLLNIKOLAEVSKY.ru
07.01.2024;PLUS-KARTA.ru
07.01.2024;PLUSELECTRO-TKACHEV.ru
07.01.2024;PM-SOLUTIONS.ru
07.01.2024;POCHTOVETS.ru
07.01.2024;PODAROKIVLEEVA.ru
07.01.2024;PODBORONOV.ru
07.01.2024;PODDSPB.ru
07.01.2024;PODOLYAKA-SEGODNYA.ru
07.01.2024;POEDIM777.ru
07.01.2024;POL-AIR.ru
07.01.2024;POLEZNOINFO.ru
07.01.2024;POLINADESIGN.ru
07.01.2024;POLIVODAPHOTO.ru
07.01.2024;POMNEM.ru
07.01.2024;POPKO-1.ru
07.01.2024;PORODY-KOSHEK.ru
07.01.2024;PORSHEN-PRO.ru
07.01.2024;PORTFOLIO-RD.ru
07.01.2024;PORTRET-PO-NITI.ru
07.01.2024;PORTVOSTOK.ru
07.01.2024;POSHIV-KIRGIZIIA.ru
07.01.2024;POST-OPLATA.ru
07.01.2024;POTENCIY-INDI.ru
07.01.2024;POTENCIY-ONLINE.ru
07.01.2024;POWERACTOR.ru
07.01.2024;POWERHITRADIO.ru
07.01.2024;POZITIVVSEM.ru
07.01.2024;PR-VEKA.ru
07.01.2024;PRAVILO-1.ru
07.01.2024;PRAVOZAKONNO.ru
07.01.2024;PRECAPITAL.ru
07.01.2024;PREM-AIR.ru
07.01.2024;PRIMAKVO.ru
07.01.2024;PRINTAJ850.ru
07.01.2024;PRIVMA.ru
07.01.2024;PRO-DES.ru
07.01.2024;PRO-MASTER-DOM.ru
07.01.2024;PRO-RABOTY.ru
07.01.2024;PROBATTLESW.ru
07.01.2024;PROBCE.ru
07.01.2024;PROCONT-SOFT.ru
07.01.2024;PROCONTSOFT.ru
07.01.2024;PRODACHA23.ru
07.01.2024;PROFBRAIDERS.ru
07.01.2024;PROFICIENTPYTHON.ru
07.01.2024;PROFORIENTACIYA-OBUCHENIE.ru
07.01.2024;PROJECT-ABYSS.ru
07.01.2024;PROJECT-CRMP.ru
07.01.2024;PROJECT10.ru
07.01.2024;PROKHOROCK.ru
07.01.2024;PROLYBOV.ru
07.01.2024;PROMO-PAY.ru
07.01.2024;PROMOCOD-EASYDROP.ru
07.01.2024;PROMOWISE.ru
07.01.2024;PROMPTCOURSE.ru
07.01.2024;PROPASSPORTS.ru
07.01.2024;PROSBRESNTVERCH.ru
07.01.2024;PROTING.ru
07.01.2024;PROTOPST.ru
07.01.2024;PROVANSS.ru
07.01.2024;PROVINCIA37.ru
07.01.2024;PRROGOLOOSUI.ru
07.01.2024;PRSTRNST.ru
07.01.2024;PRYZHOV.ru
07.01.2024;PRZ2HBK.ru
07.01.2024;PSIHOLOG-DEPRESSIYA.ru
07.01.2024;PSKOVAPARTMENTS.ru
07.01.2024;PSNKV.ru
07.01.2024;PSU-TOOLS.ru
07.01.2024;PSYCHOLOG-AR.ru
07.01.2024;PSYCHOLOG-PRO.ru
07.01.2024;PSYSERGEI.ru
07.01.2024;PTGFREEBOT.ru
07.01.2024;PUFFMI-OFFICIAL.ru
07.01.2024;PUFPROFESSOR.ru
07.01.2024;PUREHEARTRENDEZVOUS.ru
07.01.2024;PUREPUREGAZ.ru
07.01.2024;PUZOSR3.ru
07.01.2024;PVERMOLAEFF.ru
07.01.2024;PW-ANGEL.ru
07.01.2024;PWD-AEROFLOT.ru
07.01.2024;PWDAEROFLOT.ru
07.01.2024;Q-MAG.ru
07.01.2024;QIRALI.ru
07.01.2024;QOSIMJON.ru
07.01.2024;QOSMOSCAST.ru
07.01.2024;QRCHECKSPB.ru
07.01.2024;QTD952E.ru
07.01.2024;QUIZIZ.ru
07.01.2024;R0U85J2.ru
07.01.2024;RAABBOXINGSCHOOL.ru
07.01.2024;RABOTA2022.ru
07.01.2024;RADIANTHEARTHUB.ru
07.01.2024;RADIANTLOVEQUEST.ru
07.01.2024;RADIANTRROMANCENOOK.ru
07.01.2024;RADIANTRROMANCERAPTURE.ru
07.01.2024;RADIANTRROMANCEREALM.ru
07.01.2024;RADIANTRROMANCERIDGE.ru
07.01.2024;RADIANTRROMANCERIFT.ru
07.01.2024;RADIOLOM155.ru
07.01.2024;RADIUSPRINT.ru
07.01.2024;RADJAYOGA.ru
07.01.2024;RADSGROUP.ru
07.01.2024;RAFRESH.ru
07.01.2024;RAITINGZAIMOV.ru
07.01.2024;RASPUTINAAV.ru
07.01.2024;RASSPASS.ru
07.01.2024;RAYAKALININA.ru
07.01.2024;RAZDVAGAS.ru
07.01.2024;RBLINOV.ru
07.01.2024;READBIT.ru
07.01.2024;REAL-1XBET825.ru
07.01.2024;REAL1XBET-11.ru
07.01.2024;REALFINIX.ru
07.01.2024;REALITYLOVE.ru
07.01.2024;REBELS-BOT.ru
07.01.2024;REDSPANDEX.ru
07.01.2024;REGION-OPERATORY.ru
07.01.2024;REGNUMANIMALIA.ru
07.01.2024;REHAB-BALI.ru
07.01.2024;REHAB-THAI.ru
07.01.2024;REHABBALI.ru
07.01.2024;REHABTHAI.ru
07.01.2024;REITINGZAIMOV.ru
07.01.2024;REKLAMA-DN.ru
07.01.2024;REKLAMA5566.ru
07.01.2024;RELATIONSHIPPLUS.ru
07.01.2024;REMIN07.ru
07.01.2024;REMONT-STIR-MSK.ru
07.01.2024;REMONTAPLAN.ru
07.01.2024;REMONTSTIR-MSK.ru
07.01.2024;REMONTSTIRMSK.ru
07.01.2024;REMSTROYCOMPANY.ru
07.01.2024;RENDER-WOOD.ru
07.01.2024;RENT-PROPERTY.ru
07.01.2024;RENTFURGON.ru
07.01.2024;RENTKISS.ru
07.01.2024;REPAIR-56.ru
07.01.2024;RESILEX.ru
07.01.2024;RESTART-YAR.ru
07.01.2024;RESURSRF.ru
07.01.2024;RETROTAPESRU3.ru
07.01.2024;REWERD-FF-GERANA.ru
07.01.2024;RHLAPOV.ru
07.01.2024;RIELT-SAMARA.ru
07.01.2024;RIM-HOSTINGI.ru
07.01.2024;RITAPSY.ru
07.01.2024;RITMIX-STUDIO.ru
07.01.2024;RIWIRDSS-GARENNE-FF.ru
07.01.2024;RM78.ru
07.01.2024;ROBOPROJECTS.ru
07.01.2024;ROBOT-GAZON.ru
07.01.2024;ROFFCOIN.ru
07.01.2024;ROLMSCOMPANY.ru
07.01.2024;ROMADAN.ru
07.01.2024;ROMANMALSEV.ru
07.01.2024;ROMANYULDASHEV.ru
07.01.2024;ROMGD.ru
07.01.2024;ROMII7.ru
07.01.2024;RONDO-CAPITAL.ru
07.01.2024;RONDOLOVE.ru
07.01.2024;ROOMS-RSL.ru
07.01.2024;ROSE04.ru
07.01.2024;ROSE05.ru
07.01.2024;ROSE07.ru
07.01.2024;ROSE11.ru
07.01.2024;ROSE15.ru
07.01.2024;ROSE17.ru
07.01.2024;ROSE19.ru
07.01.2024;ROSE20.ru
07.01.2024;ROSE247.ru
07.01.2024;ROSE41.ru
07.01.2024;ROSE65.ru
07.01.2024;ROSE79.ru
07.01.2024;ROSE80.ru
07.01.2024;ROSE81.ru
07.01.2024;ROSE82.ru
07.01.2024;ROSE88.ru
07.01.2024;ROSE89.ru
07.01.2024;ROSE90.ru
07.01.2024;ROSE91.ru
07.01.2024;ROSE92.ru
07.01.2024;ROSE95.ru
07.01.2024;ROSE97.ru
07.01.2024;ROSEHOST.ru
07.01.2024;ROSES14.ru
07.01.2024;ROSES25.ru
07.01.2024;ROSES57.ru
07.01.2024;ROSES70.ru
07.01.2024;ROSES72.ru
07.01.2024;ROSES74.ru
07.01.2024;ROSES76.ru
07.01.2024;ROUTE-CASSA.ru
07.01.2024;ROYAL-ENGINEERING.ru
07.01.2024;ROYAL-STUDIOS.ru
07.01.2024;ROYALTY-CARDS.ru
07.01.2024;RS-WORKS.ru
07.01.2024;RSHISHININ.ru
07.01.2024;RSO-TS.ru
07.01.2024;RU-COD.ru
07.01.2024;RU-ID5826.ru
07.01.2024;RU-SECURITY9928.ru
07.01.2024;RUBBERPLIT.ru
07.01.2024;RUBUYER.ru
07.01.2024;RUMACHIK-AE.ru
07.01.2024;RUS-4321.ru
07.01.2024;RUSICHWAR.ru
07.01.2024;RUSLANBAGAUTDINOV.ru
07.01.2024;RUSLANZANOCH.ru
07.01.2024;RUSPROVERKA.ru
07.01.2024;RUSSASS.ru
07.01.2024;RUSSKOT.ru
07.01.2024;RUSSOASS.ru
07.01.2024;RUSTY-CAT.ru
07.01.2024;RV3SFQ.ru
07.01.2024;RYAZAN-POVERKA.ru
07.01.2024;RYBACHENKO-NSK.ru
07.01.2024;RYBALKALIFE.ru
07.01.2024;RYBENKOV.ru
07.01.2024;RYBINSK-POVERKA.ru
07.01.2024;RYZKEVICH.ru
07.01.2024;RZANOCH.ru
07.01.2024;S-JNR.ru
07.01.2024;S-MARKT.ru
07.01.2024;SAAKYANTT.ru
07.01.2024;SABRAMOVICH.ru
07.01.2024;SAFEPAWS.ru
07.01.2024;SAI1TDEB1T.ru
07.01.2024;SAINTMOLLY.ru
07.01.2024;SALEOUTLET2024.ru
07.01.2024;SALONKAREVRN.ru
07.01.2024;SAMOEDNSO.ru
07.01.2024;SAN7119.ru
07.01.2024;SANA5460.ru
07.01.2024;SANDTRY.ru
07.01.2024;SANTESERVICE.ru
07.01.2024;SANTEXHOUSE24.ru
07.01.2024;SAPAROV-1.ru
07.01.2024;SAPRYKIN-PRO.ru
07.01.2024;SARA-HOME.ru
07.01.2024;SASASASA.ru
07.01.2024;SASHAKOTOVSKIE.ru
07.01.2024;SASHASHALIMOVA.ru
07.01.2024;SAUNA04.ru
07.01.2024;SAYBE.ru
07.01.2024;SAZONOVAJENYA.ru
07.01.2024;SBERPAYER.ru
07.01.2024;SBLECKOM.ru
07.01.2024;SBLESKIM.ru
07.01.2024;SBLESKON.ru
07.01.2024;SBR555.ru
07.01.2024;SCHASTIYE.ru
07.01.2024;SCHOOL-ACCREDITATION.ru
07.01.2024;SCUFFCRAFT.ru
07.01.2024;SD4KH5GUGGG577.ru
07.01.2024;SDELKA2386.ru
07.01.2024;SEA-FOODSTORE.ru
07.01.2024;SEACENTRE.ru
07.01.2024;SEAFOODF.ru
07.01.2024;SEAMUSOIDA.ru
07.01.2024;SEARCH-DRIVER-SOFT.ru
07.01.2024;SEARCHER-API.ru
07.01.2024;SEASTEP.ru
07.01.2024;SECLINIC.ru
07.01.2024;SECOND-OPINION.ru
07.01.2024;SECRET-OBJECT.ru
07.01.2024;SEGRETTI.ru
07.01.2024;SEIFR.ru
07.01.2024;SELEZNYOVA.ru
07.01.2024;SENDER-PROMO.ru
07.01.2024;SENDER-PROMOTION.ru
07.01.2024;SENTTY.ru
07.01.2024;SEO2024.ru
07.01.2024;SEO4WEB.ru
07.01.2024;SEPTICTOP-1.ru
07.01.2024;SEQUEL-PODCAST.ru
07.01.2024;SEREGARADIOTEK.ru
07.01.2024;SERENA13.ru
07.01.2024;SERENDIPITYSOULMATE.ru
07.01.2024;SERENESOULHARBOR.ru
07.01.2024;SERENESOULMINGLE.ru
07.01.2024;SERENESOULSANCTUARY.ru
07.01.2024;SERENESOULSHORE.ru
07.01.2024;SERGEJ-KARTASHOV.ru
07.01.2024;SERGEJAN.ru
07.01.2024;SERGEJKOLESNIK.ru
07.01.2024;SERGEY-STEPNOY.ru
07.01.2024;SERGEY-VEDENYO.ru
07.01.2024;SERVICE-4759.ru
07.01.2024;SERVICE-8182.ru
07.01.2024;SERVICE-89129120112.ru
07.01.2024;SERVICES7.ru
07.01.2024;SERVICEXPERTIZA.ru
07.01.2024;SERVIS-AVITO.ru
07.01.2024;SERVISEPLUS.ru
07.01.2024;SEV-MONTAJ.ru
07.01.2024;SFERAPROF.ru
07.01.2024;SFESSENS.ru
07.01.2024;SGURCHENKO.ru
07.01.2024;SHAHLEVICH.ru
07.01.2024;SHANGHAI64.ru
07.01.2024;SHANHAINVKZ.ru
07.01.2024;SHANTITG.ru
07.01.2024;SHARAPOV-SHARAPOV.ru
07.01.2024;SHARKANIE.ru
07.01.2024;SHAVLJUK.ru
07.01.2024;SHELTERCRAFT.ru
07.01.2024;SHEMMY-ART.ru
07.01.2024;SHIMMERS-LOUNGE.ru
07.01.2024;SHIMMERS-MOSCOWCITY.ru
07.01.2024;SHIMMERSLOUNGE.ru
07.01.2024;SHIRINBOXES.ru
07.01.2024;SHIXKERIMOW.ru
07.01.2024;SHKIRSKIY.ru
07.01.2024;SHKOLABABKOV.ru
07.01.2024;SHLIM-TECH.ru
07.01.2024;SHLYAPP.ru
07.01.2024;SHNAIDERYAK.ru
07.01.2024;SHOE-FETISHISM.ru
07.01.2024;SHOPPINGSALE2024.ru
07.01.2024;SHORAHANOV.ru
07.01.2024;SHORTEVERYWHERE.ru
07.01.2024;SHTEFUTSA.ru
07.01.2024;SHTRANS.ru
07.01.2024;SHUMEIKOV.ru
07.01.2024;SHUMEIKOVL.ru
07.01.2024;SIARTY-DANCESTUDIO.ru
07.01.2024;SIBERIAN-REHAB.ru
07.01.2024;SIBERIAVPN.ru
07.01.2024;SIDNEYJOBTTTTTTTGOSUSLUGI.ru
07.01.2024;SIGNFUL.ru
07.01.2024;SIGNLESS.ru
07.01.2024;SIGNNESS.ru
07.01.2024;SIKOLOV.ru
07.01.2024;SILALFA.ru
07.01.2024;SILUSHKA-FITNESS.ru
07.01.2024;SIM-MOSCOW24.ru
07.01.2024;SIMAGIC.ru
07.01.2024;SIMPLELANDS.ru
07.01.2024;SIMPLESOAP.ru
07.01.2024;SIMPLYLIVE.ru
07.01.2024;SIMUCUBE.ru
07.01.2024;SINNEX.ru
07.01.2024;SIPLE.ru
07.01.2024;SIRENIO.ru
07.01.2024;SIRI-AI.ru
07.01.2024;SIRIAI.ru
07.01.2024;SITEDOMT.ru
07.01.2024;SIZOV-PHOTO.ru
07.01.2024;SK-AMADEUS.ru
07.01.2024;SK-KOLIZEY.ru
07.01.2024;SK-NOVIIADRESS.ru
07.01.2024;SKADIGRIEF.ru
07.01.2024;SKAZKAYASLIYAROSLAVL.ru
07.01.2024;SKIDKA-STORKIAVTO.ru
07.01.2024;SKIDKI-NA-SPORTKOSTYMI.ru
07.01.2024;SKIDKI-RUBASHKY.ru
07.01.2024;SKIDKI-TERMOBELYE.ru
07.01.2024;SKOLYVANOV.ru
07.01.2024;SKUPKA24BELYAEVO.ru
07.01.2024;SKUSTODOV.ru
07.01.2024;SKYLINEFEST.ru
07.01.2024;SLADKIEPODARKI38.ru
07.01.2024;SLANZANOCH.ru
07.01.2024;SLBX20.ru
07.01.2024;SLIMEVR.ru
07.01.2024;SLIVALINI.ru
07.01.2024;SLIVANET18.ru
07.01.2024;SLIVOGRAM.ru
07.01.2024;SLONETSKII.ru
07.01.2024;SLOVO-PACANAI.ru
07.01.2024;SLOVO-PACANAVSE.ru
07.01.2024;SLOVO-PACANJ.ru
07.01.2024;SLOVO-PACANJ-1-8.ru
07.01.2024;SLOVO-PACANNA.ru
07.01.2024;SLOVO-PACCANA.ru
07.01.2024;SLOVO-PACONAVS.ru
07.01.2024;SLOVO-PATSANU-1-8.ru
07.01.2024;SLOVOOPACONA.ru
07.01.2024;SLOVOOPACONA8.ru
07.01.2024;SLOVOPACAD.ru
07.01.2024;SLOVOPACAED.ru
07.01.2024;SLOVOPACANER.ru
07.01.2024;SLOVOPACANRAY.ru
07.01.2024;SLOVOPACANTWQE.ru
07.01.2024;SLOVOPACANTWZHE.ru
07.01.2024;SLOVOPACANTYE.ru
07.01.2024;SLOVOPACANU-1-8.ru
07.01.2024;SLOVOPACAVER.ru
07.01.2024;SLOVOPACCANAA.ru
07.01.2024;SLOVOPACNBA.ru
07.01.2024;SLOVOPACNGA.ru
07.01.2024;SLOVOPACONA-8.ru
07.01.2024;SMAPY.ru
07.01.2024;SMART-POCHINKA.ru
07.01.2024;SMARTLINK-SOME-ASSAY.ru
07.01.2024;SMARTLINK-SOME-COOKIES.ru
07.01.2024;SMARTLINK-SOME-EXAMINE.ru
07.01.2024;SMARTLINK-SOME-EXPERIENCE.ru
07.01.2024;SMARTLOGICAI-CHAT.ru
07.01.2024;SMARTRONIK.ru
07.01.2024;SMARTS7.ru
07.01.2024;SMARTUZI.ru
07.01.2024;SMETYRUS.ru
07.01.2024;SMM-BOOM.ru
07.01.2024;SMM1000TG.ru
07.01.2024;SMMKINGS.ru
07.01.2024;SMOLENSK-POVERKA.ru
07.01.2024;SMOPLUS.ru
07.01.2024;SMORODINA-PRO.ru
07.01.2024;SMOTRIM-SMOTRI.ru
07.01.2024;SMSSTAV26.ru
07.01.2024;SNKRILOVA.ru
07.01.2024;SNT-SADOVOD73.ru
07.01.2024;SOBYANIN2030.ru
07.01.2024;SOCHI24GMAIL.ru
07.01.2024;SOCIAL-URTK.ru
07.01.2024;SOGLASIEVITA.ru
07.01.2024;SOKILOV.ru
07.01.2024;SOKLOV.ru
07.01.2024;SOKOL96.ru
07.01.2024;SOKOLIV.ru
07.01.2024;SOKOLOB.ru
07.01.2024;SOKOLOC.ru
07.01.2024;SOKOLV.ru
07.01.2024;SOKOOV.ru
07.01.2024;SOLACESHOP.ru
07.01.2024;SOLNECHNIYFRUIT.ru
07.01.2024;SOLOVEVAA.ru
07.01.2024;SOMOLOV.ru
07.01.2024;SONGSEARCH.ru
07.01.2024;SOOLOV.ru
07.01.2024;SOQLASIE.ru
07.01.2024;SOSEDU74.ru
07.01.2024;SOUL-CATS.ru
07.01.2024;SOUL-CHARTS.ru
07.01.2024;SOULCREAM.ru
07.01.2024;SOULFULUNIONZONE.ru
07.01.2024;SOULPICTURE.ru
07.01.2024;SP-AEROFLOT.ru
07.01.2024;SP-SPUTNIK.ru
07.01.2024;SPA-SMORODINA.ru
07.01.2024;SPACELOGISTICS.ru
07.01.2024;SPAEROFLOT.ru
07.01.2024;SPAMI.ru
07.01.2024;SPARKLINGROMANCEGROVE.ru
07.01.2024;SPARTANTESTOSTERONE.ru
07.01.2024;SPASHRAM-NIKULINO.ru
07.01.2024;SPBCHEKI.ru
07.01.2024;SPEC-TURBO.ru
07.01.2024;SPECIY33.ru
07.01.2024;SPECSTROYRUS.ru
07.01.2024;SPECTECHNOKRATIKA.ru
07.01.2024;SPISOKZAIMOV.ru
07.01.2024;SPISOKZAYMOV.ru
07.01.2024;SPOKIPOKI.ru
07.01.2024;SPORTLIFEWORLD.ru
07.01.2024;SPORTWAYBRAND.ru
07.01.2024;SRMSIBUR.ru
07.01.2024;SRO-ARSENAL.ru
07.01.2024;SRO-DOPUSK-IZYSKANIYA-OF.ru
07.01.2024;SRURU.ru
07.01.2024;SSCHULKOV774.ru
07.01.2024;SSLINK.ru
07.01.2024;SSR-RB.ru
07.01.2024;STAEMCONMMUNILTY.ru
07.01.2024;STAND2NNOJIK.ru
07.01.2024;STANDUP-ROUTE.ru
07.01.2024;STANIRANON.ru
07.01.2024;STANISLAV-PRO.ru
07.01.2024;STANY-SVOBODEN-OT-DOLGA24.ru
07.01.2024;STARLIGHT-SX.ru
07.01.2024;STAROCHKIN.ru
07.01.2024;START-1XBET112.ru
07.01.2024;START-1XBET424.ru
07.01.2024;STASKALAYDA.ru
07.01.2024;STEEL-FEEL.ru
07.01.2024;STELA-SAROV.ru
07.01.2024;STELLARCRAFT.ru
07.01.2024;STEP-ECOSYSTEM.ru
07.01.2024;STEPANOVAJULIA.ru
07.01.2024;STIHOTERAPIA.ru
07.01.2024;STIR-REMONT-MSK.ru
07.01.2024;STIRREMONTMSK.ru
07.01.2024;STNEIRROV.ru
07.01.2024;STOKNET.ru
07.01.2024;STOPYOURADDICTION.ru
07.01.2024;STORECHEAP2024.ru
07.01.2024;STR1X.ru
07.01.2024;STREAMOCEAN.ru
07.01.2024;STROITEL82.ru
07.01.2024;STRUCTURAWEAR.ru
07.01.2024;STUD-SPRAVKI.ru
07.01.2024;STUDIA-PODEM.ru
07.01.2024;STUDIO1861.ru
07.01.2024;STUDSOVETSPB.ru
07.01.2024;STVOL24.ru
07.01.2024;STYLEBOM.ru
07.01.2024;STYLEINN.ru
07.01.2024;SUCURSALDINAMICADMINISTRATIVO.ru
07.01.2024;SULTAN-SULEMAN.ru
07.01.2024;SUMMERKNOWLEDGE.ru
07.01.2024;SUNHUA.ru
07.01.2024;SUNSHINEBULLY-STAFF.ru
07.01.2024;SUOVENIRS.ru
07.01.2024;SUPER-PEREVOD-PESEN.ru
07.01.2024;SUPER-SEREGA.ru
07.01.2024;SURF-PIZZA.ru
07.01.2024;SURVIVAL-CITY-NATURE.ru
07.01.2024;SURVIVE-AFTER.ru
07.01.2024;SURVIVEAFTER.ru
07.01.2024;SUSI-CITY.ru
07.01.2024;SVARAP.ru
07.01.2024;SVETLANABISNES.ru
07.01.2024;SVINSVIST.ru
07.01.2024;SVIREPEN.ru
07.01.2024;SVITERY-ZIMNIYE.ru
07.01.2024;SVKESSENS.ru
07.01.2024;SVOBODEN-OT-DOLGA24.ru
07.01.2024;SVOBODEN-OT-PLATEZHA24.ru
07.01.2024;SVOLOSNIKOV.ru
07.01.2024;SWEETESTSERENADE.ru
07.01.2024;SWEETHEARTHARBOR.ru
07.01.2024;SWEETHEARTSERENITY.ru
07.01.2024;SWEETHEARTSOIREE.ru
07.01.2024;SWEETHEARTSYMPHONY.ru
07.01.2024;SWMSK.ru
07.01.2024;SXLDY.ru
07.01.2024;SYMTRIOS.ru
07.01.2024;SYNC-PART.ru
07.01.2024;SYNCNET.ru
07.01.2024;SYNCPART.ru
07.01.2024;SYRENNYJ.ru
07.01.2024;SYSTALIT-MAZ.ru
07.01.2024;SYVOROTKA-RESNICY.ru
07.01.2024;SZOT2008.ru
07.01.2024;TABAC-SALE.ru
07.01.2024;TAKAMULGROUP.ru
07.01.2024;TALENTIAN.ru
07.01.2024;TALES-TEAM.ru
07.01.2024;TALIYAHAFIZ.ru
07.01.2024;TAMBOV-POVERKA.ru
07.01.2024;TAMILAMED.ru
07.01.2024;TANAEVSKY.ru
07.01.2024;TANCHAT.ru
07.01.2024;TANK2D.ru
07.01.2024;TANUGO.ru
07.01.2024;TAPMALL.ru
07.01.2024;TARASOFT-A.ru
07.01.2024;TARASOFTA.ru
07.01.2024;TAROMOONIGHT.ru
07.01.2024;TASK-LINK.ru
07.01.2024;TC-ICEBERG.ru
07.01.2024;TDANIKS.ru
07.01.2024;TEAM-GIRLS.ru
07.01.2024;TEAMGIRLS.ru
07.01.2024;TECHNOLOGIST02.ru
07.01.2024;TECHNOPARK74.ru
07.01.2024;TEHNIKA-POCHINKA.ru
07.01.2024;TEHNOCOT.ru
07.01.2024;TELEDRAMAS.ru
07.01.2024;TELEGRAFS.ru
07.01.2024;TELEGRAM-CHANNELS.ru
07.01.2024;TELEGRAM-NOTCOIN.ru
07.01.2024;TELEGRAMP.ru
07.01.2024;TELEGRANGS.ru
07.01.2024;TELEGRANN.ru
07.01.2024;TELEGRANW.ru
07.01.2024;TELEGRUP.ru
07.01.2024;TELNIKOVA.ru
07.01.2024;TENCAT.ru
07.01.2024;TENDERTIMEHARBOR.ru
07.01.2024;TENDERTOUCHTREASURE.ru
07.01.2024;TENDERTOUCHVOYAGE.ru
07.01.2024;TENOSHARE.ru
07.01.2024;TEPLOUJUT.ru
07.01.2024;TERENTEV-WORK.ru
07.01.2024;TERRAVED.ru
07.01.2024;TEST-JPH.ru
07.01.2024;TESTINGAPI.ru
07.01.2024;TESTLABINET.ru
07.01.2024;TEXAMER.ru
07.01.2024;TEXTINBOX.ru
07.01.2024;TEYAA.ru
07.01.2024;TFINDEX1.ru
07.01.2024;TGANEVICH.ru
07.01.2024;TGBATLES.ru
07.01.2024;TGMHUB.ru
07.01.2024;TGPALM.ru
07.01.2024;THAI-REHAB.ru
07.01.2024;THAIREHAB.ru
07.01.2024;THE-BOYS.ru
07.01.2024;THEATRE-ROUTE.ru
07.01.2024;THERMOSHEF.ru
07.01.2024;THESALGOR.ru
07.01.2024;THESAU.ru
07.01.2024;TIBBIT.ru
07.01.2024;TICKETID.ru
07.01.2024;TIDO-BRAND.ru
07.01.2024;TIELTVER.ru
07.01.2024;TIGOSHIN.ru
07.01.2024;TIGUR.ru
07.01.2024;TIKTOKMONETIZAIHON.ru
07.01.2024;TIKTOKMONETKI.ru
07.01.2024;TIKUSHIN.ru
07.01.2024;TILER72.ru
07.01.2024;TIMCHESTN.ru
07.01.2024;TINGATE.ru
07.01.2024;TINGEST.ru
07.01.2024;TINGNESS.ru
07.01.2024;TIPO-ELGRECO.ru
07.01.2024;TIPS-7298.ru
07.01.2024;TIPSOFDAY.ru
07.01.2024;TISHINSKII-BULVAR.ru
07.01.2024;TITAN-HOST.ru
07.01.2024;TITOVVI2013.ru
07.01.2024;TKDMFT.ru
07.01.2024;TLGHOSTBOT.ru
07.01.2024;TMK-ASM.ru
07.01.2024;TN-JNR.ru
07.01.2024;TN-ONE.ru
07.01.2024;TN-ONE1.ru
07.01.2024;TN-ONE12.ru
07.01.2024;TN-ONE2024.ru
07.01.2024;TN-ONE24.ru
07.01.2024;TN-ONE247.ru
07.01.2024;TN-ONE3.ru
07.01.2024;TN-ONE7.ru
07.01.2024;TN-ONE8.ru
07.01.2024;TN-ONE88.ru
07.01.2024;TN6.ru
07.01.2024;TOCARIIIPASTRY.ru
07.01.2024;TOGG-KRSK.ru
07.01.2024;TOKAREVWORK.ru
07.01.2024;TOLKAY72.ru
07.01.2024;TOP-ALBOM.ru
07.01.2024;TOP-KREDITOK.ru
07.01.2024;TOPCLINICA.ru
07.01.2024;TOPSERVISGAME.ru
07.01.2024;TOPSLOTSCASINO.ru
07.01.2024;TOPYURIST1986.ru
07.01.2024;TORF-KUPIT.ru
07.01.2024;TORT-PERM.ru
07.01.2024;TORTEREZKA.ru
07.01.2024;TOTAL-NEWS.ru
07.01.2024;TOURISTIK-A.ru
07.01.2024;TOURLINER.ru
07.01.2024;TPLUSGRUP.ru
07.01.2024;TRANS-X.ru
07.01.2024;TRASHMASH.ru
07.01.2024;TRATSITETT.ru
07.01.2024;TRAURFLOWERS.ru
07.01.2024;TRAVEL-REPUTATION.ru
07.01.2024;TRAVELGOV.ru
07.01.2024;TRAVELREPUTATION.ru
07.01.2024;TRBD.ru
07.01.2024;TREK-KING.ru
07.01.2024;TRIP-4891.ru
07.01.2024;TRISOVIK.ru
07.01.2024;TROPINKAMI.ru
07.01.2024;TRUEGIRL.ru
07.01.2024;TRUEHEARTTREK.ru
07.01.2024;TRYANGLE-TEAM.ru
07.01.2024;TRYBOGATYRAPUPZEMELY.ru
07.01.2024;TRYBOGATYRAPUPZEMLY.ru
07.01.2024;TRYBOGATYRAPUPZMLY.ru
07.01.2024;TS8YZFU.ru
07.01.2024;TSDMR.ru
07.01.2024;TSHIBKOVA.ru
07.01.2024;TSONLINENET.ru
07.01.2024;TTMSKSITETT.ru
07.01.2024;TTSITEMSKTT.ru
07.01.2024;TTXT.ru
07.01.2024;TULA-POVERKA.ru
07.01.2024;TULAESTATE.ru
07.01.2024;TUMAFIN.ru
07.01.2024;TUPICHENKO.ru
07.01.2024;TUR-LINER.ru
07.01.2024;TURBO-UM.ru
07.01.2024;TURKYRGYZSTAN.ru
07.01.2024;TURMANBETOV.ru
07.01.2024;TUTZAIMY.ru
07.01.2024;TV3UX5N.ru
07.01.2024;TVER-POVERKA.ru
07.01.2024;TVOYDAGESTAN.ru
07.01.2024;TYT-HELP-DOLGAM.ru
07.01.2024;TYT-O-DOLGAX24.ru
07.01.2024;U6Z0MRB.ru
07.01.2024;UCHUMUCHU.ru
07.01.2024;UDOSTOVIRENIYA-SURGUTT-86.ru
07.01.2024;UGC-CREATOR.ru
07.01.2024;UGGSSTORE.ru
07.01.2024;UGUIZ.ru
07.01.2024;UNDOMIEL.ru
07.01.2024;UNION-EPILATEME.ru
07.01.2024;UNITKEYS.ru
07.01.2024;UNIVERSITALY.ru
07.01.2024;UNTING.ru
07.01.2024;UNVIX.ru
07.01.2024;UPRAVLENIE-MAKSIMUM.ru
07.01.2024;UPS-SO.ru
07.01.2024;UQIUZ.ru
07.01.2024;UQIZ.ru
07.01.2024;URAIRKA.ru
07.01.2024;URALINVESTCLUB.ru
07.01.2024;URISTIOTVETI5.ru
07.01.2024;USEFACTS.ru
07.01.2024;V-SRO-DOPUSK-IZYSKANIYA.ru
07.01.2024;V1PER37.ru
07.01.2024;VA-PETUKHOV.ru
07.01.2024;VAAVGROUP.ru
07.01.2024;VADIMVELICHKO.ru
07.01.2024;VAKANSII-DEVUSHKAM.ru
07.01.2024;VALENTIO.ru
07.01.2024;VALERAVOLKOV.ru
07.01.2024;VALERAXT.ru
07.01.2024;VALHALLAPOLIT.ru
07.01.2024;VALKMARINA.ru
07.01.2024;VALLENTINA.ru
07.01.2024;VAM-PODAROCK.ru
07.01.2024;VAN4KHD.ru
07.01.2024;VARUS13.ru
07.01.2024;VASTU-HOME.ru
07.01.2024;VAUCHER-1XBET.ru
07.01.2024;VDIS7.ru
07.01.2024;VDSIMA.ru
07.01.2024;VEBINNEIRO.ru
07.01.2024;VEERAL.ru
07.01.2024;VELHAEL.ru
07.01.2024;VELIKHODSKIY.ru
07.01.2024;VERGEBRAND.ru
07.01.2024;VERIU.ru
07.01.2024;VERJIE.ru
07.01.2024;VERNADTSKOGO-CIRKYE.ru
07.01.2024;VERNATSKOGO-CIRKUS.ru
07.01.2024;VERNUTDENGIOTBROKERA.ru
07.01.2024;VEROCOACHING.ru
07.01.2024;VESKOVOCLUB.ru
07.01.2024;VETAKUZINA.ru
07.01.2024;VEVADEQ.ru
07.01.2024;VGRWLKU.ru
07.01.2024;VIBERAY.ru
07.01.2024;VIDEOGRAFPLUS.ru
07.01.2024;VIDEOMASHINA.ru
07.01.2024;VIDEORG-NEOLINE.ru
07.01.2024;VIKAMINASYAN.ru
07.01.2024;VIKI-LASHES.ru
07.01.2024;VIKINGSECURITY.ru
07.01.2024;VIKINGY.ru
07.01.2024;VILLAMIRAPET.ru
07.01.2024;VIP-AVTOUFA.ru
07.01.2024;VIP-ZAIM24.ru
07.01.2024;VISDY.ru
07.01.2024;VISIONERD.ru
07.01.2024;VISIOTEINE.ru
07.01.2024;VISUALPRES.ru
07.01.2024;VITPRO8.ru
07.01.2024;VIVA-TECHNOLOGIES.ru
07.01.2024;VIVIDOZ.ru
07.01.2024;VLADIMIR-POVERKA.ru
07.01.2024;VLADIMIR-SHKODA.ru
07.01.2024;VLADVD91.ru
07.01.2024;VLANATVLA.ru
07.01.2024;VLO97M4.ru
07.01.2024;VMAP3D.ru
07.01.2024;VMESTEEDEM.ru
07.01.2024;VMOMENTE-SPB.ru
07.01.2024;VMOREV.ru
07.01.2024;VNMG46Q.ru
07.01.2024;VOICECOMMUNITY.ru
07.01.2024;VOINS-LEGENDS.ru
07.01.2024;VOKAL-SOCHI.ru
07.01.2024;VOKZALGROUP.ru
07.01.2024;VOLFSONDIGTAL.ru
07.01.2024;VOLOCHAJ.ru
07.01.2024;VOLVOBME.ru
07.01.2024;VOODOOO-LAB.ru
07.01.2024;VOROJEYAKAMNI.ru
07.01.2024;VORONEZH-POVERKA.ru
07.01.2024;VOROPAEVATANYA.ru
07.01.2024;VOSTOK-N.ru
07.01.2024;VOTESBATLE.ru
07.01.2024;VOZERKOV.ru
07.01.2024;VOZOL-SHOP.ru
07.01.2024;VPN-GPTALK.ru
07.01.2024;VPOLETAEV.ru
07.01.2024;VRONZHIN.ru
07.01.2024;VSEKOGTI.ru
07.01.2024;VSENEURONKI.ru
07.01.2024;VSEOTRAVMAH.ru
07.01.2024;VSFCEO.ru
07.01.2024;VSTUPI-V-SRO-IZYSKANIYA.ru
07.01.2024;VSULTANSHA.ru
07.01.2024;VSYAMUZIKA.ru
07.01.2024;VTB24URB.ru
07.01.2024;VTRENDEMARKET.ru
07.01.2024;VULPO.ru
07.01.2024;VVL-3.ru
07.01.2024;VYSTAVKI-NOVOSIB.ru
07.01.2024;VZLETPERMANENT.ru
07.01.2024;VZYKINA.ru
07.01.2024;W-PPAANEL.ru
07.01.2024;WANDOG.ru
07.01.2024;WAYFORPAYS.ru
07.01.2024;WBK-SOFT.ru
07.01.2024;WBKSOFT.ru
07.01.2024;WBPARTNER.ru
07.01.2024;WDFILE.ru
07.01.2024;WEATHERGUIDE.ru
07.01.2024;WEB-BRICK.ru
07.01.2024;WEB-HILLS.ru
07.01.2024;WEB-KNOWLEDGE.ru
07.01.2024;WEBHOSTINGI.ru
07.01.2024;WEBLABS24.ru
07.01.2024;WEILO.ru
07.01.2024;WELCOMEBUSINESS.ru
07.01.2024;WELLDONEV.ru
07.01.2024;WEPLAYTV-CS2.ru
07.01.2024;WHATSALL.ru
07.01.2024;WHATSAPP-REG.ru
07.01.2024;WHATSAPP-SMS.ru
07.01.2024;WHATSAPPLOGIN.ru
07.01.2024;WHATSAPPREGSMS.ru
07.01.2024;WHATSOK.ru
07.01.2024;WHATTSAPKESH.ru
07.01.2024;WHITE-JACKAL.ru
07.01.2024;WHITE-KEEPERS.ru
07.01.2024;WHITE-MOSCOW.ru
07.01.2024;WHITEWOLFHACK.ru
07.01.2024;WHOISDOG.ru
07.01.2024;WHSSL.ru
07.01.2024;WHXIVM.ru
07.01.2024;WIKIKOT.ru
07.01.2024;WILDKITTY.ru
07.01.2024;WILSA.ru
07.01.2024;WIN-TEAM.ru
07.01.2024;WINDOWSCOLLECTION.ru
07.01.2024;WITCHESEMELI.ru
07.01.2024;WITHLOVEWEDDING.ru
07.01.2024;WKOLA1.ru
07.01.2024;WLADIMIR-ARZER.ru
07.01.2024;WM-COM.ru
07.01.2024;WORKBAND.ru
07.01.2024;WORKCOURIER.ru
07.01.2024;WORKHELPERS.ru
07.01.2024;WORLDACCS.ru
07.01.2024;WORLDDENT-ROSTOV.ru
07.01.2024;WOW-COFE.ru
07.01.2024;WRONGDOOR.ru
07.01.2024;WSC24.ru
07.01.2024;WUXEE.ru
07.01.2024;WVATSIK.ru
07.01.2024;WWGOLD.ru
07.01.2024;WWW-DYSON.ru
07.01.2024;X-STORE71.ru
07.01.2024;XALMGGER08.ru
07.01.2024;XCOMUNNAC.ru
07.01.2024;XENIAMAXIMCHUK.ru
07.01.2024;XIAOMI-OPTOM.ru
07.01.2024;XLUZ.ru
07.01.2024;XN0VA.ru
07.01.2024;XSTALKX.ru
07.01.2024;XT1NMWJ.ru
07.01.2024;XXX-TELEGA.ru
07.01.2024;XYTOPOK271.ru
07.01.2024;Y6OHP3M.ru
07.01.2024;YAGABOT.ru
07.01.2024;YAHMUR-MEDITAION.ru
07.01.2024;YAHOOCOM.ru
07.01.2024;YANAFILIPTSOVA.ru
07.01.2024;YANDEX-SOSINA.ru
07.01.2024;YANETMAIL.ru
07.01.2024;YANGWANGU6.ru
07.01.2024;YANISNAB.ru
07.01.2024;YARIKKRD.ru
07.01.2024;YAROSLAV27.ru
07.01.2024;YAROSLAVL-POVERKA.ru
07.01.2024;YASHISHOV.ru
07.01.2024;YEBAR-REST.ru
07.01.2024;YEBLOO.ru
07.01.2024;YEVROSHOP.ru
07.01.2024;YOOCASSA.ru
07.01.2024;YOOKASS.ru
07.01.2024;YOOKASSSA.ru
07.01.2024;YORAZOV.ru
07.01.2024;YOUNGMOUNTAINS.ru
07.01.2024;YOUNGSCI-INCRAS.ru
07.01.2024;YOURTEACHERVALERY.ru
07.01.2024;YOYOSH.ru
07.01.2024;YQAK65Z.ru
07.01.2024;YRISTCONSYLTANT.ru
07.01.2024;YUGUIDE.ru
07.01.2024;YUKINOVNA.ru
07.01.2024;YULIASHADRINA.ru
07.01.2024;YULIYA-KAMM.ru
07.01.2024;YURAIT6.ru
07.01.2024;YURIGRIGA.ru
07.01.2024;YURYSW.ru
07.01.2024;Z0BLKVX.ru
07.01.2024;Z0PFEYA.ru
07.01.2024;Z0RGSHOME.ru
07.01.2024;ZACVET.ru
07.01.2024;ZAEM77.ru
07.01.2024;ZAEMSRAZY.ru
07.01.2024;ZAEMVSEMONLINE.ru
07.01.2024;ZAIM-NA-VYBOR.ru
07.01.2024;ZAKAZ2482.ru
07.01.2024;ZAKIROVAA93.ru
07.01.2024;ZAKZAR.ru
07.01.2024;ZAMDOK.ru
07.01.2024;ZAPARTY.ru
07.01.2024;ZAPCHASTIVAGGM.ru
07.01.2024;ZARMNYKRR.ru
07.01.2024;ZASHCHITNIK23.ru
07.01.2024;ZASTROYSHIKSTROY.ru
07.01.2024;ZAVIANNA.ru
07.01.2024;ZAVRM.ru
07.01.2024;ZAYM-BEZ-PROBLEM.ru
07.01.2024;ZAYM-DOSTUPEN.ru
07.01.2024;ZAYM-KOGDA-NADO.ru
07.01.2024;ZAYM-VSEGDA.ru
07.01.2024;ZDESKRUTO.ru
07.01.2024;ZEEKR-CX1E.ru
07.01.2024;ZEFIRBUKET.ru
07.01.2024;ZENINVLADIMIR.ru
07.01.2024;ZENTOX.ru
07.01.2024;ZEONCRYPTO.ru
07.01.2024;ZERKALO-1XBET157.ru
07.01.2024;ZHIGAREV-1.ru
07.01.2024;ZHMURK0.ru
07.01.2024;ZHUFAMILY.ru
07.01.2024;ZIFRAVISION.ru
07.01.2024;ZLATOSLOVSCHOOL.ru
07.01.2024;ZNAI-KRASNODAR.ru
07.01.2024;ZOJINAKA.ru
07.01.2024;ZOLOTO56.ru
07.01.2024;ZOLOTO583.ru
07.01.2024;ZONI3XK.ru
07.01.2024;ZOO-KOT.ru
07.01.2024;ZSD-SPB.ru
07.01.2024;ZUBOV24.ru
07.01.2024;ZURAB-ZARUBIN.ru
07.01.2024;ZVERIEST.ru
07.01.2024;ZVEZDNAIAGAVAN.ru
07.01.2024;ZVONIKA.ru
08.01.2024;0171.ru
08.01.2024;01SCHOOL.ru
08.01.2024;070124.ru
08.01.2024;1-XSLOTS-CASINO-1.ru
08.01.2024;1000BRICKS.ru
08.01.2024;1428357.ru
08.01.2024;1C-FINEXP.ru
08.01.2024;1PA0QW4.ru
08.01.2024;1WIN-APPLICATION.ru
08.01.2024;1WIN1WIN1WIN1WIN.ru
08.01.2024;1XBET-PFBAZA.ru
08.01.2024;21WORK.ru
08.01.2024;2270745.ru
08.01.2024;24-A.ru
08.01.2024;24-COM.ru
08.01.2024;2424-A.ru
08.01.2024;2424-COM.ru
08.01.2024;2492.ru
08.01.2024;24ACTIVELIFE.ru
08.01.2024;24BEBRA.ru
08.01.2024;24MAGAZIN-KZ.ru
08.01.2024;24MARKETPLACE-BOOST.ru
08.01.2024;24SURVEY.ru
08.01.2024;24VLKA.ru
08.01.2024;28CATERING.ru
08.01.2024;2PISTONS.ru
08.01.2024;2STORY.ru
08.01.2024;2XOLOP.ru
08.01.2024;30-MIN.ru
08.01.2024;312323.ru
08.01.2024;321650.ru
08.01.2024;32MOB.ru
08.01.2024;3745363.ru
08.01.2024;3D-VIEW.ru
08.01.2024;3DVIZUAL-BTK.ru
08.01.2024;3EDINSTVA-BLOG.ru
08.01.2024;42AM.ru
08.01.2024;4CHEESE.ru
08.01.2024;4KTUBE.ru
08.01.2024;4P7RQEB.ru
08.01.2024;4VAN.ru
08.01.2024;618606.ru
08.01.2024;61TRAVEL.ru
08.01.2024;66LUXBAG.ru
08.01.2024;71-TULA.ru
08.01.2024;72PARITET.ru
08.01.2024;777-REMONT.ru
08.01.2024;7NIKOV.ru
08.01.2024;7VETROV-SOCHI.ru
08.01.2024;8-SHAMAN.ru
08.01.2024;8963.ru
08.01.2024;910STUDIO.ru
08.01.2024;9110119011.ru
08.01.2024;9263501214.ru
08.01.2024;9290444343.ru
08.01.2024;999HUDI.ru
08.01.2024;AA001.ru
08.01.2024;AALEEV.ru
08.01.2024;AANOSHINA.ru
08.01.2024;ABAT-RUSSIA.ru
08.01.2024;ABCKITCHXENNYC.ru
08.01.2024;ABDARTUR.ru
08.01.2024;ABEZUMOV.ru
08.01.2024;ABIMEX.ru
08.01.2024;ABUSHINA.ru
08.01.2024;ABYSS-MAIN.ru
08.01.2024;AC-TULA-SALON.ru
08.01.2024;ACADEMICARCH.ru
08.01.2024;ACCPAYSED.ru
08.01.2024;ACCSESSUAR.ru
08.01.2024;ACONCAGUA24.ru
08.01.2024;ACONCAGUAEXPERT.ru
08.01.2024;ADAIKIN.ru
08.01.2024;ADJI-FASHION.ru
08.01.2024;ADLENALINE.ru
08.01.2024;ADM-CLEANING.ru
08.01.2024;ADMINOCHKA.ru
08.01.2024;ADRINA8.ru
08.01.2024;ADVBORODINSKY.ru
08.01.2024;ADVENTUREAGENCYGAME.ru
08.01.2024;ADVOKAT-9911.ru
08.01.2024;ADVOKATPERFILEV.ru
08.01.2024;AFANASEV-MOSCOW.ru
08.01.2024;AFEARDER.ru
08.01.2024;AFINSURANCE.ru
08.01.2024;AG-SOLUTIONS.ru
08.01.2024;AGNIRAM.ru
08.01.2024;AGROBIONA.ru
08.01.2024;AGROPRICES.ru
08.01.2024;AHMEDOVA-TOP.ru
08.01.2024;AI-MARKET24.ru
08.01.2024;AI-SPORTS.ru
08.01.2024;AIDARU.ru
08.01.2024;AIDAYS.ru
08.01.2024;AIKOZHIN.ru
08.01.2024;AILJUHIN.ru
08.01.2024;AIMIDO.ru
08.01.2024;AIMLM.ru
08.01.2024;AINSELIT.ru
08.01.2024;AIRINGER.ru
08.01.2024;AITOM9.ru
08.01.2024;AKHODAK.ru
08.01.2024;AKLENOV.ru
08.01.2024;AKSITE.ru
08.01.2024;AKU0620.ru
08.01.2024;AKVASISTEMS.ru
08.01.2024;AL-LAND.ru
08.01.2024;ALBION-OVERLAY.ru
08.01.2024;ALCURATOVA.ru
08.01.2024;ALEGRI-FINANCE.ru
08.01.2024;ALEKSANDROVAVERONICA.ru
08.01.2024;ALEKSGON.ru
08.01.2024;ALEXANDER-GONCHAROV.ru
08.01.2024;ALEXCROSSSMILE.ru
08.01.2024;ALEXEYKUPTSOV.ru
08.01.2024;ALEXGFGM.ru
08.01.2024;ALFAMERCH.ru
08.01.2024;ALGODEN.ru
08.01.2024;ALICESWANSON.ru
08.01.2024;ALIGHI.ru
08.01.2024;ALINAILUSHENKO.ru
08.01.2024;ALISIYA-SP.ru
08.01.2024;ALIVEC999.ru
08.01.2024;ALJAPIN.ru
08.01.2024;ALLAATOMS.ru
08.01.2024;ALMAZSTRONG.ru
08.01.2024;ALMIRDO.ru
08.01.2024;ALP-MOS.ru
08.01.2024;ALT-ARENDA.ru
08.01.2024;ALT-CREDIT.ru
08.01.2024;ALTERNACO.ru
08.01.2024;ALYBIN.ru
08.01.2024;AM9L9.ru
08.01.2024;AMBURG.ru
08.01.2024;AMELIYA-TIDVI.ru
08.01.2024;AMELXEN.ru
08.01.2024;AMENPROJECT.ru
08.01.2024;AMOSKOW.ru
08.01.2024;AMPEKLOL.ru
08.01.2024;ANDREEVANAT93.ru
08.01.2024;ANDREIADAMOFF.ru
08.01.2024;ANDREJSTEPANOV.ru
08.01.2024;ANGELINAZZHDANOVA.ru
08.01.2024;ANIMEMASTER.ru
08.01.2024;ANIMESTOCK.ru
08.01.2024;ANKA-TOP.ru
08.01.2024;ANKETA-ONLINE24.ru
08.01.2024;ANNA-VICTOR-85.ru
08.01.2024;ANNABIZNES.ru
08.01.2024;ANNAVACHEDINA.ru
08.01.2024;ANNET-MAKHANEVA.ru
08.01.2024;ANONIMNYJ-CHAT.ru
08.01.2024;ANOTHERTRAVELGUIDE.ru
08.01.2024;ANRE-88.ru
08.01.2024;ANTI-COACHING.ru
08.01.2024;ANTOHA99.ru
08.01.2024;ANTON121192.ru
08.01.2024;ANTONDRONYAEV.ru
08.01.2024;ANTONSTESHENKO.ru
08.01.2024;ANYLIRYI-DOLG24.ru
08.01.2024;ANYPEN.ru
08.01.2024;APART-DESIGN.ru
08.01.2024;APARTMENTS-KAZAN.ru
08.01.2024;APELSEAN29.ru
08.01.2024;APODKORYTOV.ru
08.01.2024;APODLESNYH.ru
08.01.2024;APURTOVA.ru
08.01.2024;AQUA-ENGINEERING.ru
08.01.2024;AQUADOCTORCENTR.ru
08.01.2024;AQUAMINES.ru
08.01.2024;ARARATEXPERT.ru
08.01.2024;ARCHIFLOW.ru
08.01.2024;AREA-RP.ru
08.01.2024;ARENDOK.ru
08.01.2024;ARGANMIDASRU.ru
08.01.2024;ARK-STROI.ru
08.01.2024;ARMAVAC.ru
08.01.2024;ARMDES.ru
08.01.2024;ARSLANKERIMOV.ru
08.01.2024;ART-GG.ru
08.01.2024;ARTANDPROMPT.ru
08.01.2024;ARTEDEGRASS.ru
08.01.2024;ARTEMKZNTSV.ru
08.01.2024;ARTFAZAN.ru
08.01.2024;ARTKALASH.ru
08.01.2024;ARTKGZ.ru
08.01.2024;ARTREPORT.ru
08.01.2024;ARTWALLTER.ru
08.01.2024;ARZONONLINE.ru
08.01.2024;ASHLEENKOV.ru
08.01.2024;ASKELO.ru
08.01.2024;ASP-DEV-OPS.ru
08.01.2024;ASP-DEVOPS.ru
08.01.2024;ASTRO-XENIA.ru
08.01.2024;ATAN33.ru
08.01.2024;AUDIOKNIGA-BESPLATNO.ru
08.01.2024;AURATER.ru
08.01.2024;AURO-OCAGO.ru
08.01.2024;AURORIS.ru
08.01.2024;AUTISTICIMPACT.ru
08.01.2024;AUTOFLOTBUS.ru
08.01.2024;AUTOMIXX.ru
08.01.2024;AUTOMOCHINA.ru
08.01.2024;AUTOSHKOLA1.ru
08.01.2024;AV-NOTES.ru
08.01.2024;AVALONIAUI.ru
08.01.2024;AVANGARD-RP.ru
08.01.2024;AVRORABAND.ru
08.01.2024;AVSCHUKIN.ru
08.01.2024;AVTOCK.ru
08.01.2024;AVTOSHKOLAOTSH.ru
08.01.2024;AXDTL.ru
08.01.2024;AXONENODE.ru
08.01.2024;AYDOKAS.ru
08.01.2024;AYNA05.ru
08.01.2024;AZARENKO-TRAF.ru
08.01.2024;AZIAUTO.ru
08.01.2024;AZINO777-7AGAIN.ru
08.01.2024;AZINO777-7AND.ru
08.01.2024;AZINO777-7BIG.ru
08.01.2024;AZINO777-7BUILD.ru
08.01.2024;AZINO777-7BUT.ru
08.01.2024;AZINO777-7BY.ru
08.01.2024;AZINO777-7FOR.ru
08.01.2024;AZINO777-7FROM.ru
08.01.2024;AZINO777-7HAD.ru
08.01.2024;AZINO777-7HAVE.ru
08.01.2024;AZINO777-7HOME.ru
08.01.2024;AZINO777-7HOUSE.ru
08.01.2024;AZINO777-7HOW.ru
08.01.2024;AZINO777-7I.ru
08.01.2024;AZINO777-7IF.ru
08.01.2024;AZINO777-7IS.ru
08.01.2024;AZINO777-7KIND.ru
08.01.2024;AZINO777-7MOTHER.ru
08.01.2024;AZINO777-7NEAR.ru
08.01.2024;AZINO777-7NEED.ru
08.01.2024;AZINO777-7OR.ru
08.01.2024;AZINO777-7OTHER.ru
08.01.2024;AZINO777-7PICTURE.ru
08.01.2024;AZINO777-7POINT.ru
08.01.2024;AZINO777-7PUT.ru
08.01.2024;AZINO777-7READ.ru
08.01.2024;AZINO777-7SUCH.ru
08.01.2024;AZINO777-7THREE.ru
08.01.2024;AZINO777-7US.ru
08.01.2024;AZINO777-7WAS.ru
08.01.2024;AZINO777-7WE.ru
08.01.2024;AZINO777-7WELL.ru
08.01.2024;AZINO777-7WENT.ru
08.01.2024;AZINO777-7WERE.ru
08.01.2024;AZINO777-7WHAT.ru
08.01.2024;AZINO777-7WILL.ru
08.01.2024;AZINO777-7WITH.ru
08.01.2024;AZINO777-7WORD.ru
08.01.2024;AZINO777-7WORLD.ru
08.01.2024;AZINO777-7YOU.ru
08.01.2024;AZINO777-AM.ru
08.01.2024;AZINO777-DOWNLOAD.ru
08.01.2024;AZINO777-MD.ru
08.01.2024;AZINO777-XGIV.ru
08.01.2024;BABKIUKOTA.ru
08.01.2024;BACKROOMS-LIMINALITY.ru
08.01.2024;BAGELCORNER.ru
08.01.2024;BAIHAIRULLIN.ru
08.01.2024;BALABOLOFF.ru
08.01.2024;BALLADER.ru
08.01.2024;BALLLET.ru
08.01.2024;BANERSVE.ru
08.01.2024;BANIHYGGEMSK44.ru
08.01.2024;BANIHYGGESPB53.ru
08.01.2024;BANIKA-BANI69.ru
08.01.2024;BANIKA-BANI70.ru
08.01.2024;BANIKA-BANI71.ru
08.01.2024;BANIKA-BANI72.ru
08.01.2024;BANKETNAARTEMA31.ru
08.01.2024;BANKROT-V-OMSKE.ru
08.01.2024;BARINPRIEHAL.ru
08.01.2024;BASE1981.ru
08.01.2024;BASEBOYS.ru
08.01.2024;BASSTMK.ru
08.01.2024;BATRAT.ru
08.01.2024;BAYCEL77.ru
08.01.2024;BAZA-METIZOV.ru
08.01.2024;BAZAVULKAN.ru
08.01.2024;BBORIS.ru
08.01.2024;BDARTS.ru
08.01.2024;BEIJINGMOTORS.ru
08.01.2024;BELEBEY-TEATR.ru
08.01.2024;BELOUSOVA-DESIGN.ru
08.01.2024;BELSOB.ru
08.01.2024;BELYIAV.ru
08.01.2024;BELYJJLOTOS.ru
08.01.2024;BERGAT.ru
08.01.2024;BERIOSSS.ru
08.01.2024;BERYACRAFT.ru
08.01.2024;BEST-COMPUTER.ru
08.01.2024;BESTBEAUTYBOX.ru
08.01.2024;BETSTARSRU5.ru
08.01.2024;BETWINNER-BET-OF.ru
08.01.2024;BEYAZBKE.ru
08.01.2024;BFSHI.ru
08.01.2024;BI22E1.ru
08.01.2024;BIBLIOTEKA-RIELTORA.ru
08.01.2024;BIBLLIOTEKA-REALTORA.ru
08.01.2024;BIGFOOT-TOUR-MSK.ru
08.01.2024;BIGGARIK.ru
08.01.2024;BIGGREENEG.ru
08.01.2024;BIGSTINKYCHOD.ru
08.01.2024;BIKLOGISTIK.ru
08.01.2024;BINARUM.ru
08.01.2024;BINGO777.ru
08.01.2024;BIO-NUTRITION.ru
08.01.2024;BIOACTIVE-BIOLIFT.ru
08.01.2024;BIRDFEEDERS.ru
08.01.2024;BITBYTER.ru
08.01.2024;BITSISTEMA.ru
08.01.2024;BITSTROY-PRO.ru
08.01.2024;BIZMEN-RUS.ru
08.01.2024;BKABAK.ru
08.01.2024;BLACK-SCUM.ru
08.01.2024;BLEAKET.ru
08.01.2024;BLEKER24.ru
08.01.2024;BLIK-CRYPTO.ru
08.01.2024;BLOCKTOPIAMODS.ru
08.01.2024;BLOG27.ru
08.01.2024;BLOG27RU.ru
08.01.2024;BLOOP3R.ru
08.01.2024;BLUEVIKA.ru
08.01.2024;BMEDOVIK.ru
08.01.2024;BOBFOX.ru
08.01.2024;BODRIK.ru
08.01.2024;BOEVOD.ru
08.01.2024;BOGATYRYAITRIPUPZEMLI.ru
08.01.2024;BOJARKINA-7.ru
08.01.2024;BOLDAR.ru
08.01.2024;BOLLYWOODCASINOBONUS.ru
08.01.2024;BONUS-ZA.ru
08.01.2024;BONUSBESDEP2.ru
08.01.2024;BOO7T.ru
08.01.2024;BOOKNOVEL.ru
08.01.2024;BOOSSLIKE.ru
08.01.2024;BOOZERBAR.ru
08.01.2024;BOOZERBARSHOP.ru
08.01.2024;BOROVIKVV.ru
08.01.2024;BOTPR.ru
08.01.2024;BOXINGTRAINER.ru
08.01.2024;BR45SIC.ru
08.01.2024;BRANDINGAWARDS.ru
08.01.2024;BRANDLAKE.ru
08.01.2024;BRANDPACKAGE24.ru
08.01.2024;BRANDSKILL.ru
08.01.2024;BREMENSKIE-MUZYKANTY2024.ru
08.01.2024;BREMENSKIMUZIKANT-2024.ru
08.01.2024;BREMENSKIMUZIKANT2024.ru
08.01.2024;BREMENSKIMUZIKANTU.ru
08.01.2024;BRIANSKY.ru
08.01.2024;BRILLIANT-LOOK.ru
08.01.2024;BRIZALIKS.ru
08.01.2024;BRYANSK-POTOLOK.ru
08.01.2024;BSU-VTI.ru
08.01.2024;BUDEI.ru
08.01.2024;BUDUSHHEE.ru
08.01.2024;BUILDERS-PORTAL.ru
08.01.2024;BUKETGOLOS.ru
08.01.2024;BULGAKOVA-PRO.ru
08.01.2024;BULLDOGBAR.ru
08.01.2024;BULLZAIM.ru
08.01.2024;BURCHUN.ru
08.01.2024;BUSINESSROST2024.ru
08.01.2024;BUTON38.ru
08.01.2024;BUYCRYPT.ru
08.01.2024;BYKOVTON.ru
08.01.2024;BYTEFLOWNET.ru
08.01.2024;BYTIFY.ru
08.01.2024;BYTRENDS.ru
08.01.2024;C7142Y3.ru
08.01.2024;CALLIGRAMME-IRIS.ru
08.01.2024;CANDIESLAB.ru
08.01.2024;CANDLE1.ru
08.01.2024;CANDLEPOWERFORUMS.ru
08.01.2024;CARCAM-REGISTR.ru
08.01.2024;CARDGAZPROM.ru
08.01.2024;CARDUCCI-CRIMEA.ru
08.01.2024;CARGOLOGISTIKA.ru
08.01.2024;CARPETDAG.ru
08.01.2024;CARTELSTRIP.ru
08.01.2024;CASHFLIX.ru
08.01.2024;CASHKOT.ru
08.01.2024;CASHWWS.ru
08.01.2024;CASINO-JET-TON.ru
08.01.2024;CASINO-JETTON.ru
08.01.2024;CASINORU6-2023.ru
08.01.2024;CASINOS120.ru
08.01.2024;CASINOS194.ru
08.01.2024;CASINOS226.ru
08.01.2024;CASINOS250.ru
08.01.2024;CASINOS337.ru
08.01.2024;CASINOS395.ru
08.01.2024;CASINOS400.ru
08.01.2024;CASINOS403.ru
08.01.2024;CASINOS589.ru
08.01.2024;CASINOS590.ru
08.01.2024;CASINOS599.ru
08.01.2024;CASINOS655.ru
08.01.2024;CASINOS687.ru
08.01.2024;CASINOS754.ru
08.01.2024;CASINOS791.ru
08.01.2024;CASINOS814.ru
08.01.2024;CASINOS869.ru
08.01.2024;CASINOS875.ru
08.01.2024;CASINOS876.ru
08.01.2024;CASINOS914.ru
08.01.2024;CASINOS924.ru
08.01.2024;CASINOS959.ru
08.01.2024;CASKOSAGO.ru
08.01.2024;CASSA-POOL.ru
08.01.2024;CAT-CASINO777.ru
08.01.2024;CAT-CASINOSS.ru
08.01.2024;CATSUNDAY.ru
08.01.2024;CENTER-ORLVONOK.ru
08.01.2024;CENTEREKSPERTIZ.ru
08.01.2024;CHAIKARESTO.ru
08.01.2024;CHAMARER.ru
08.01.2024;CHANGENS.ru
08.01.2024;CHARM-LADY.ru
08.01.2024;CHAT01.ru
08.01.2024;CHAUSOVB.ru
08.01.2024;CHEB-BSMP-MED-CAP.ru
08.01.2024;CHEBURASHKA-VYHODNOJ.ru
08.01.2024;CHEERFULPONYTAIL.ru
08.01.2024;CHEREPANOV-7.ru
08.01.2024;CHERKASOVAMED.ru
08.01.2024;CHESTNOVA-OLGA.ru
08.01.2024;CHETEXT.ru
08.01.2024;CHINA-VEST.ru
08.01.2024;CHINAYANXIN.ru
08.01.2024;CHIP-GLUSHITEL.ru
08.01.2024;CHIPGLUSHITEL.ru
08.01.2024;CHIPYDLYASTANKOV.ru
08.01.2024;CHIRKLEY.ru
08.01.2024;CHISTOSAMO.ru
08.01.2024;CHISTYEPRUDY21.ru
08.01.2024;CHNCAR.ru
08.01.2024;CHORDERR.ru
08.01.2024;CHOVAL.ru
08.01.2024;CHR1STINE.ru
08.01.2024;CHUBENKO-7.ru
08.01.2024;CIFRO-RUBL.ru
08.01.2024;CITRUS-DRESS.ru
08.01.2024;CIUND.ru
08.01.2024;CJOLI.ru
08.01.2024;CLARUSMED.ru
08.01.2024;CLASSIC-KASKO.ru
08.01.2024;CLEANING-GENERAL.ru
08.01.2024;CLEVER-WOMEN.ru
08.01.2024;CLINALEROR.ru
08.01.2024;CLIREL.ru
08.01.2024;CLOUD-DREAMRUSTTOP.ru
08.01.2024;CLOUD-GOLDEN-RATIO.ru
08.01.2024;CLSKUNTSEVO.ru
08.01.2024;CLUB-FRANCHISE.ru
08.01.2024;CODELOGIX.ru
08.01.2024;COFFEEMAN-SHOP.ru
08.01.2024;COFFEEMANSHOP.ru
08.01.2024;COLD-DRAGON.ru
08.01.2024;COLONIALTEA.ru
08.01.2024;COLORCUP.ru
08.01.2024;COMENERSTROY.ru
08.01.2024;COMICS-FILM.ru
08.01.2024;COMMUNICADA.ru
08.01.2024;COMMUNITY-HUB.ru
08.01.2024;COMMUNITYX.ru
08.01.2024;CONDITIONING-SERVICES.ru
08.01.2024;CONTROL-HEALTH.ru
08.01.2024;COOLPOST.ru
08.01.2024;COPYWRITING-AI.ru
08.01.2024;COPYWRITINGAI.ru
08.01.2024;CRAFTY-TOYS.ru
08.01.2024;CRAFTYTOYS.ru
08.01.2024;CRAZECOUPON.ru
08.01.2024;CRAZY-TIME-GAME.ru
08.01.2024;CRAZY-TRAVELER.ru
08.01.2024;CREATIVE-OLGABAR.ru
08.01.2024;CREDIT-BUDET.ru
08.01.2024;CREDIT-KEEP.ru
08.01.2024;CREDIT-LINK.ru
08.01.2024;CREDIT-RANG.ru
08.01.2024;CREDITE-ATLATIC.ru
08.01.2024;CREDITRANG.ru
08.01.2024;CRESTAWEAR.ru
08.01.2024;CROSS-AUDIO-JAM.ru
08.01.2024;CROUDIP.ru
08.01.2024;CRYPTOBOTPROLLC.ru
08.01.2024;CRYPTOEXCHANGEHUB.ru
08.01.2024;CRYPTOTRADINGSYSTEM.ru
08.01.2024;CTM-ART.ru
08.01.2024;CURRENTZONE.ru
08.01.2024;CUSTOMJOY.ru
08.01.2024;CVETI-FIESTA.ru
08.01.2024;CVETOCHGORODOK.ru
08.01.2024;CYBERSECSAFETY.ru
08.01.2024;CYPEX-MC.ru
08.01.2024;D-KALASHNIKOV.ru
08.01.2024;D-SMART39.ru
08.01.2024;D-TOP.ru
08.01.2024;D5LWX19.ru
08.01.2024;DA-FAME.ru
08.01.2024;DAGETSHEET.ru
08.01.2024;DALONLINE.ru
08.01.2024;DALTONIFER.ru
08.01.2024;DAMAVAND24.ru
08.01.2024;DAMAVANDEXPERT.ru
08.01.2024;DANCEMAXSPB.ru
08.01.2024;DANIELGONSALES.ru
08.01.2024;DAPAVLENKOV.ru
08.01.2024;DARIAILN.ru
08.01.2024;DARYAILN.ru
08.01.2024;DASHATAFF.ru
08.01.2024;DASHBOARD-BT.ru
08.01.2024;DASHENTSIYA.ru
08.01.2024;DATLAKE.ru
08.01.2024;DAVIDSHOP.ru
08.01.2024;DAVINCHI-BOT.ru
08.01.2024;DAVINSKIH.ru
08.01.2024;DAYZNEWLIFE.ru
08.01.2024;DAZEMLYANYH.ru
08.01.2024;DEARTRUSP.ru
08.01.2024;DEBET-URALSIB.ru
08.01.2024;DECKTOPUS.ru
08.01.2024;DECORESH.ru
08.01.2024;DEEPLINK1.ru
08.01.2024;DEFININJA.ru
08.01.2024;DEIRI-DESIGN.ru
08.01.2024;DELICIOUS-NUTRITIOUS.ru
08.01.2024;DELIVERY-4127.ru
08.01.2024;DELIVERY-4128.ru
08.01.2024;DELIVERY-4167.ru
08.01.2024;DELIVERY219.ru
08.01.2024;DELPHI-TRUCK.ru
08.01.2024;DELUXANAPA.ru
08.01.2024;DELUXEDUBAI.ru
08.01.2024;DEM4ENKO99.ru
08.01.2024;DENILAY.ru
08.01.2024;DENIS-KATRICHENKO.ru
08.01.2024;DENISOVMARKETING.ru
08.01.2024;DENSTVER.ru
08.01.2024;DERSEMIRI.ru
08.01.2024;DESIGN-MODELS.ru
08.01.2024;DESIGNELECTRIC.ru
08.01.2024;DESIPROFI.ru
08.01.2024;DEST-PE.ru
08.01.2024;DEV-INSTALL.ru
08.01.2024;DEV-MIPS.ru
08.01.2024;DEV-MOD.ru
08.01.2024;DEZCLEAN-96.ru
08.01.2024;DFM-ABAKAN.ru
08.01.2024;DFM-AUTOGRAD.ru
08.01.2024;DGENTLMEN.ru
08.01.2024;DGRINBERG.ru
08.01.2024;DHARISOV.ru
08.01.2024;DIANAMARTSEVA.ru
08.01.2024;DIETPLANAI.ru
08.01.2024;DIKII-BARBERSHOP.ru
08.01.2024;DILEMMASERVIS.ru
08.01.2024;DIMKAMA.ru
08.01.2024;DINAMOCHEL.ru
08.01.2024;DINARA-RYSKULOVA.ru
08.01.2024;DINGLER.ru
08.01.2024;DIRECTOR-IP.ru
08.01.2024;DIUSHAZ.ru
08.01.2024;DIVINEARMY.ru
08.01.2024;DIZAYNDEREVO.ru
08.01.2024;DJANGO-TRAINING.ru
08.01.2024;DK-TODAY.ru
08.01.2024;DKOZAEVA.ru
08.01.2024;DKRUZHAEV.ru
08.01.2024;DKUTEPOV.ru
08.01.2024;DLICAN.ru
08.01.2024;DMELNICHUK.ru
08.01.2024;DMITRIEVICH2004.ru
08.01.2024;DMITROVBAD.ru
08.01.2024;DOCRAEV.ru
08.01.2024;DOGCAM.ru
08.01.2024;DOGSISTEMCRM.ru
08.01.2024;DOKUCHAEVA-7.ru
08.01.2024;DOLG2024.ru
08.01.2024;DOLG24-NET.ru
08.01.2024;DOLGA24-TYT-NET.ru
08.01.2024;DOLGOBRO.ru
08.01.2024;DOLPHINBONUS.ru
08.01.2024;DOMAIN-EMAIL.ru
08.01.2024;DOMAIN-NOT-FOUND.ru
08.01.2024;DOMASHNYAYA-SHAURMA.ru
08.01.2024;DOME-RF.ru
08.01.2024;DOMEN-POCHTA.ru
08.01.2024;DOMURASHEK-INVITE.ru
08.01.2024;DON-FORTNITE.ru
08.01.2024;DONETSK-DVERI.ru
08.01.2024;DONETSKDVERI.ru
08.01.2024;DONVIVE.ru
08.01.2024;DOOM4ACE.ru
08.01.2024;DOOMFACE.ru
08.01.2024;DOOMSDAYRUST.ru
08.01.2024;DOPESTCONTENTMEDIA.ru
08.01.2024;DOROMILE.ru
08.01.2024;DOSAAFVOLKHOV.ru
08.01.2024;DOSTAVKA-3245.ru
08.01.2024;DOSTAVKA-3246.ru
08.01.2024;DOSTAVKAKURIER.ru
08.01.2024;DOTAWEB.ru
08.01.2024;DOZPZAIM.ru
08.01.2024;DPOSKRJAKOV.ru
08.01.2024;DR-ELENABOCHKAREVA.ru
08.01.2024;DR-FOX.ru
08.01.2024;DR-FOXY.ru
08.01.2024;DRAMIXRUSSIA.ru
08.01.2024;DREAMBAG-NKL.ru
08.01.2024;DRINKANDSING.ru
08.01.2024;DRIVE-YANDEX.ru
08.01.2024;DRIVEMOTO16.ru
08.01.2024;DRKISIEV.ru
08.01.2024;DRLEVTER.ru
08.01.2024;DRM-TUNING.ru
08.01.2024;DRONZHIN.ru
08.01.2024;DROPCARDZ.ru
08.01.2024;DRUSREM.ru
08.01.2024;DS-AUTO-PRAVO.ru
08.01.2024;DSEMINARI.ru
08.01.2024;DSKURATOV.ru
08.01.2024;DSLINII.ru
08.01.2024;DSS-RZD.ru
08.01.2024;DSTEBLECOV.ru
08.01.2024;DTROONN.ru
08.01.2024;DU-PORTAL.ru
08.01.2024;DUDUDE-BIT.ru
08.01.2024;DUPORTAL.ru
08.01.2024;DVERIDONETSK.ru
08.01.2024;DWDASH.ru
08.01.2024;DYSLEXFONT.ru
08.01.2024;DZHABRAILOV-1.ru
08.01.2024;DZHITSY.ru
08.01.2024;E-07-01-23.ru
08.01.2024;EASY68.ru
08.01.2024;EATMESTUDIO.ru
08.01.2024;EAVORONINA68.ru
08.01.2024;EAZYYZ.ru
08.01.2024;EBOGOMOLOV.ru
08.01.2024;ECATERINACHEREPANOVA.ru
08.01.2024;ECLD.ru
08.01.2024;ECO-LINK.ru
08.01.2024;ECOVATA-WOOLPRO.ru
08.01.2024;EDEMA-KOTEL.ru
08.01.2024;EDERKACH.ru
08.01.2024;EDU-V-KISLOVODSK.ru
08.01.2024;EDYARD93.ru
08.01.2024;EF-1.ru
08.01.2024;EINESHER.ru
08.01.2024;EINKAUF.ru
08.01.2024;EKOMBAROVA.ru
08.01.2024;EKTOROPYGINA.ru
08.01.2024;ELBIK.ru
08.01.2024;ELBRUS-KSUSHAKOTLYAR.ru
08.01.2024;ELECTRA-STYLE.ru
08.01.2024;ELECTRONPLAZA.ru
08.01.2024;ELEKTRIKUFA02.ru
08.01.2024;ELEKTROCHAINIK.ru
08.01.2024;ELENADOLLS.ru
08.01.2024;ELHIT.ru
08.01.2024;ELITTA-LUNEGOVA.ru
08.01.2024;ELKI10-LORDFILM.ru
08.01.2024;ELLINAVA.ru
08.01.2024;ELNAFO.ru
08.01.2024;ELTECH-EMERALD.ru
08.01.2024;EMAIL-FOR-DOMAIN.ru
08.01.2024;EMAIL-SOCIALHUB.ru
08.01.2024;EMENU24.ru
08.01.2024;EMILLIONOV.ru
08.01.2024;EMIN-I-NILUFER.ru
08.01.2024;EMIRATES-AUTO.ru
08.01.2024;EMOJI-POISK.ru
08.01.2024;EMUKASHEV.ru
08.01.2024;EN2ELECTRIC.ru
08.01.2024;EN2YOU.ru
08.01.2024;ENDO-ACTIVATOR.ru
08.01.2024;ENDOACTIVATOR.ru
08.01.2024;ENERGY-SPINE.ru
08.01.2024;ENERPROEKT.ru
08.01.2024;ENGTRAINER.ru
08.01.2024;ENIXRISE.ru
08.01.2024;ENTECHGROUP-CHILLERS.ru
08.01.2024;EPILUNIVERSE.ru
08.01.2024;ER-MENKO.ru
08.01.2024;EREMNIKAER.ru
08.01.2024;ERTUGRULPAMUK.ru
08.01.2024;ESCORTDATING.ru
08.01.2024;ESHIRINOV.ru
08.01.2024;ESPANALIVE.ru
08.01.2024;ESSAY-AI.ru
08.01.2024;ESSAYAI.ru
08.01.2024;ETK22.ru
08.01.2024;EUPOST4.ru
08.01.2024;EURODENT12.ru
08.01.2024;EUROSPORT-1.ru
08.01.2024;EVA-KOVRIKI-TROKOT.ru
08.01.2024;EVA-SLWOANME.ru
08.01.2024;EVAKUATOR-NEDOROGO-AUTOHELP.ru
08.01.2024;EVAKUATORS-AUTOHELP.ru
08.01.2024;EVASPACE.ru
08.01.2024;EVENTS-PAL.ru
08.01.2024;EVERMES.ru
08.01.2024;EVGENIADAR.ru
08.01.2024;EVGENIJAORLOVA.ru
08.01.2024;EVILLYR.ru
08.01.2024;EVILTW.ru
08.01.2024;EVOKUATOR-NSK.ru
08.01.2024;EVOLTONE.ru
08.01.2024;EVTPHOTO.ru
08.01.2024;EXAMINE-SOME-ASSAY.ru
08.01.2024;EXAMINE-SOME-COOKIES.ru
08.01.2024;EXAMINE-SOME-EXPERIENCE.ru
08.01.2024;EXAMINE-SOME-SMARTLINK.ru
08.01.2024;EXCFAMQ.ru
08.01.2024;EXEEDBLOG.ru
08.01.2024;EXKAVATOROV.ru
08.01.2024;EXOFILLERS.ru
08.01.2024;EXTASYSTUDIO.ru
08.01.2024;EZ-STOCK.ru
08.01.2024;EZERSKI.ru
08.01.2024;EZHIZHILEVA.ru
08.01.2024;F-AR.ru
08.01.2024;F-PROFI.ru
08.01.2024;F0RBES.ru
08.01.2024;FABERLICVIP.ru
08.01.2024;FACE-ESTHETICS.ru
08.01.2024;FACEESTETICS.ru
08.01.2024;FACEITVERIFY.ru
08.01.2024;FACTOR-TECH.ru
08.01.2024;FACTORTECH.ru
08.01.2024;FAMI455.ru
08.01.2024;FANDAK.ru
08.01.2024;FANS-LY.ru
08.01.2024;FARM-K.ru
08.01.2024;FB-DV.ru
08.01.2024;FEDYANPSYAN.ru
08.01.2024;FEEL-DREAM.ru
08.01.2024;FEELDREAM.ru
08.01.2024;FEELDREAMS.ru
08.01.2024;FEELLIAN.ru
08.01.2024;FEWTEROR.ru
08.01.2024;FIBRA-SPB.ru
08.01.2024;FIKETIME.ru
08.01.2024;FILM-ABOUT.ru
08.01.2024;FILMTOR.ru
08.01.2024;FIN-GARDEN.ru
08.01.2024;FINANSE-ONLINE.ru
08.01.2024;FINANSOVIY-SOYUZNIK.ru
08.01.2024;FIREGATTI.ru
08.01.2024;FIRELEATHER.ru
08.01.2024;FIRENDSCRAFT.ru
08.01.2024;FIREPLAYCS.ru
08.01.2024;FIRMOPEN.ru
08.01.2024;FIRSTXMAIL.ru
08.01.2024;FISHIN-GOOD.ru
08.01.2024;FITIR90.ru
08.01.2024;FITOBOCHKA22.ru
08.01.2024;FITTOURSPB.ru
08.01.2024;FL-LG.ru
08.01.2024;FLBK.ru
08.01.2024;FLIBUSTA-FB2.ru
08.01.2024;FLUSSONIC-BILLING.ru
08.01.2024;FMKRASYAR.ru
08.01.2024;FOFL.ru
08.01.2024;FOKANOVA.ru
08.01.2024;FORCE-RP.ru
08.01.2024;FORCECRMP.ru
08.01.2024;FORCERP.ru
08.01.2024;FORCESAVE343412.ru
08.01.2024;FORESTDI.ru
08.01.2024;FORMULA-ANIMAL.ru
08.01.2024;FORMULA-OPT.ru
08.01.2024;FORTEPAY.ru
08.01.2024;FORUMPAYMENT.ru
08.01.2024;FOTONIO.ru
08.01.2024;FOTOZAKAZ34.ru
08.01.2024;FOU3103.ru
08.01.2024;FPLAHOV.ru
08.01.2024;FREEDOMCREDIT.ru
08.01.2024;FRENDSHOP.ru
08.01.2024;FRIDAANAPA.ru
08.01.2024;FRIENDS-CASINO106.ru
08.01.2024;FRONTOURS.ru
08.01.2024;FROSTWIX.ru
08.01.2024;FULFILLMENTRF.ru
08.01.2024;FUMO-STORE.ru
08.01.2024;FUSO-EUROAZIA.ru
08.01.2024;FUSSERER.ru
08.01.2024;GALAKTIK-STUDIO.ru
08.01.2024;GALINANAUMOVANL.ru
08.01.2024;GALINAPSYHELP.ru
08.01.2024;GAME-AVIATOR2.ru
08.01.2024;GAME-AVIATRIX.ru
08.01.2024;GARANTIA-REMONTA.ru
08.01.2024;GARILLAPRODUCTION.ru
08.01.2024;GARIPOV-PRO.ru
08.01.2024;GARTSYNOV.ru
08.01.2024;GAVRILKO.ru
08.01.2024;GBATTALOVA.ru
08.01.2024;GDEETO.ru
08.01.2024;GELOTK.ru
08.01.2024;GELOTOY.ru
08.01.2024;GELOTOYS.ru
08.01.2024;GENERAI.ru
08.01.2024;GENNADIYIGLIN.ru
08.01.2024;GENRYONLINE.ru
08.01.2024;GEORGEBEST.ru
08.01.2024;GEOSUPCON.ru
08.01.2024;GERA360.ru
08.01.2024;GERBELFILM.ru
08.01.2024;GERVALD.ru
08.01.2024;GETFORESIGHT.ru
08.01.2024;GETSPINS.ru
08.01.2024;GG-ART.ru
08.01.2024;GGKASSA.ru
08.01.2024;GHFGHFG.ru
08.01.2024;GIBADULLIN-1.ru
08.01.2024;GIFTPOST.ru
08.01.2024;GIGITO.ru
08.01.2024;GIPNOZ-REGRESSIVNYJ.ru
08.01.2024;GIRAFFFFES.ru
08.01.2024;GIRAFPROD.ru
08.01.2024;GIRL-TOUR.ru
08.01.2024;GIRLSMAGIC.ru
08.01.2024;GIT-ANORAK.ru
08.01.2024;GLADYS-AI.ru
08.01.2024;GLAVBRAND.ru
08.01.2024;GO9LSOZDAL.ru
08.01.2024;GOENT.ru
08.01.2024;GOGULYA.ru
08.01.2024;GOLDENHOUSE82.ru
08.01.2024;GOLDFISHKA-239.ru
08.01.2024;GOLDFISHKA242.ru
08.01.2024;GOLDMONEY1.ru
08.01.2024;GOLUBIK1.ru
08.01.2024;GOMENOK.ru
08.01.2024;GOODMORN.ru
08.01.2024;GOODNEWSWEDDING.ru
08.01.2024;GOOSEIGOROH.ru
08.01.2024;GORBANOV.ru
08.01.2024;GOROD-DETYM.ru
08.01.2024;GORODKOMMUNAR.ru
08.01.2024;GOS-POCHTA.ru
08.01.2024;GOTTLIEB3000.ru
08.01.2024;GOZVKC.ru
08.01.2024;GPT-SERVICE.ru
08.01.2024;GPTMAN.ru
08.01.2024;GR-TEAM.ru
08.01.2024;GRAAB.ru
08.01.2024;GRABIMKITAY.ru
08.01.2024;GRACH-SARKISYAN.ru
08.01.2024;GRADSTROICOMPANY.ru
08.01.2024;GRAFVINO.ru
08.01.2024;GRAND-VEGAS.ru
08.01.2024;GRANDLOMBARDUFA.ru
08.01.2024;GRAPHICDESIGN-KURSY.ru
08.01.2024;GREADBOARD.ru
08.01.2024;GREAT-WAR.ru
08.01.2024;GREENNEED.ru
08.01.2024;GREENOILSERVICE.ru
08.01.2024;GREYA-BLOG.ru
08.01.2024;GROM-TOP.ru
08.01.2024;GSM911-NV.ru
08.01.2024;GUARSHA.ru
08.01.2024;GUFIZAYM.ru
08.01.2024;GURROV.ru
08.01.2024;GURUBI.ru
08.01.2024;GUTTAPERCHA.ru
08.01.2024;GYM-49.ru
08.01.2024;GZIKA.ru
08.01.2024;HACTIFY.ru
08.01.2024;HAIRSTORIES.ru
08.01.2024;HANDYMANFORHOUR.ru
08.01.2024;HANWEIRUS.ru
08.01.2024;HAOZE.ru
08.01.2024;HAPPYBEAR38.ru
08.01.2024;HARD-SKILLZ.ru
08.01.2024;HASLMEBEL.ru
08.01.2024;HBATUR.ru
08.01.2024;HEADOFDEV.ru
08.01.2024;HELLGATE-WARS.ru
08.01.2024;HELP-O-DOLGAX.ru
08.01.2024;HELPIPUMREMKAKP24.ru
08.01.2024;HELPTREE.ru
08.01.2024;HELPWOOD.ru
08.01.2024;HEMAH57.ru
08.01.2024;HGRTEX.ru
08.01.2024;HIDZHAMACENTRE.ru
08.01.2024;HIGHEST-MARK.ru
08.01.2024;HIGHESTMARK.ru
08.01.2024;HIJAMACENTRE.ru
08.01.2024;HILESTHE.ru
08.01.2024;HINDEMITHX.ru
08.01.2024;HIROMANTNOVIKOV.ru
08.01.2024;HISARKAHVE.ru
08.01.2024;HO-LL-O-P-2.ru
08.01.2024;HO-LL-O-P2.ru
08.01.2024;HOCHU-MEBEL63.ru
08.01.2024;HOKEYSHOP.ru
08.01.2024;HOLD-7248.ru
08.01.2024;HOLD-7249.ru
08.01.2024;HOLOP--2.ru
08.01.2024;HOLOP-2-2.ru
08.01.2024;HOLOP2-KINOFILM.ru
08.01.2024;HOLOP2-KINOGO.ru
08.01.2024;HOLOPA--2.ru
08.01.2024;HOLOTROPNOEDIHANIE.ru
08.01.2024;HOLOTROPNOEDYHANIE.ru
08.01.2024;HOLY-RAP.ru
08.01.2024;HOMENKO-7.ru
08.01.2024;HORECAINC.ru
08.01.2024;HOSTINGBUY.ru
08.01.2024;HOT-FLOW.ru
08.01.2024;HOT-GIRLS24.ru
08.01.2024;HOULWHENDISTANCESEPARATESUS.ru
08.01.2024;HOUSENEAR.ru
08.01.2024;HRAMOVW.ru
08.01.2024;HRAMPEROVO.ru
08.01.2024;HSING.ru
08.01.2024;HUDEIZDES.ru
08.01.2024;HUGG-INGFACE.ru
08.01.2024;HUNCHUNINFO.ru
08.01.2024;HUSB-RND.ru
08.01.2024;HUSB-ROSTOV.ru
08.01.2024;HUSBAND-RND.ru
08.01.2024;HUSBAND-ROSTOV.ru
08.01.2024;HUSBAND-STORE.ru
08.01.2024;HUSBANDROSTOV.ru
08.01.2024;HUSBANDSTORE.ru
08.01.2024;HUSBRND.ru
08.01.2024;HUSBROSTOV.ru
08.01.2024;HYPERCRMP.ru
08.01.2024;I-CHERNYKH.ru
08.01.2024;I-DISPATCHER.ru
08.01.2024;I-MARKET24.ru
08.01.2024;IADKVAT.ru
08.01.2024;IAM-MIKA.ru
08.01.2024;IAMANDROID.ru
08.01.2024;IBIEV.ru
08.01.2024;ICENETWORK.ru
08.01.2024;ICENW.ru
08.01.2024;ICHUEV.ru
08.01.2024;ID-PAY2146.ru
08.01.2024;ID-PAY3641.ru
08.01.2024;ID-PAY7612.ru
08.01.2024;ID0647.ru
08.01.2024;ID06470.ru
08.01.2024;ID13402.ru
08.01.2024;ID13409.ru
08.01.2024;ID2131.ru
08.01.2024;ID2138.ru
08.01.2024;ID32260.ru
08.01.2024;ID53402.ru
08.01.2024;ID58079.ru
08.01.2024;ID58080.ru
08.01.2024;ID58081.ru
08.01.2024;ID58082.ru
08.01.2024;ID66905.ru
08.01.2024;ID77964.ru
08.01.2024;ID88063.ru
08.01.2024;IDALIM.ru
08.01.2024;IFLYTEK-RUSSIA.ru
08.01.2024;IFLYTEK-TRANSLATOR.ru
08.01.2024;IGRBUTIK.ru
08.01.2024;IGRUSHKI161OPT.ru
08.01.2024;IHACCP.ru
08.01.2024;IIUNIVERSITET.ru
08.01.2024;IKUSHNEREV.ru
08.01.2024;ILNURZAKIROV.ru
08.01.2024;ILUKINA.ru
08.01.2024;ILYALYAPIN.ru
08.01.2024;IMAGINESITE.ru
08.01.2024;IMBSOFT.ru
08.01.2024;IMEFIT.ru
08.01.2024;IMENAVSE.ru
08.01.2024;IMMIGRATION-TO-USA.ru
08.01.2024;IMMUNOLOGBRUM.ru
08.01.2024;IMPLANT-TLT.ru
08.01.2024;IMPORTEAM.ru
08.01.2024;IMYOT.ru
08.01.2024;INDOCIN.ru
08.01.2024;INFO-FILE.ru
08.01.2024;INFO-PRODUCTION.ru
08.01.2024;INFO-REKA.ru
08.01.2024;INFOGRAFINYA.ru
08.01.2024;INFOREKA.ru
08.01.2024;INFRACUBE.ru
08.01.2024;INGCOPLUS.ru
08.01.2024;INIT-SOFT.ru
08.01.2024;INJOY-MSK.ru
08.01.2024;INNATEKA.ru
08.01.2024;INNER-JOIN.ru
08.01.2024;INSITED.ru
08.01.2024;INSTITUT-PSIKHOLOGII.ru
08.01.2024;INSTRUMENTEX.ru
08.01.2024;INTECH-DUBNA.ru
08.01.2024;INTEGROMATON.ru
08.01.2024;INTERESNOEVREMYA.ru
08.01.2024;INTERIORDESIGNLIKE.ru
08.01.2024;INTERNATIONAL-SERVICES.ru
08.01.2024;INVESTPUBLIC.ru
08.01.2024;INWN.ru
08.01.2024;IPKONONOV.ru
08.01.2024;IPODELKI.ru
08.01.2024;IPR37.ru
08.01.2024;IPROBNY.ru
08.01.2024;IQPROGRESS.ru
08.01.2024;IRAFOMENKO1980.ru
08.01.2024;IRCUSTOM.ru
08.01.2024;IRIKAM.ru
08.01.2024;IRLYNNAN.ru
08.01.2024;ISAGALOVA.ru
08.01.2024;ISAJCHENKO.ru
08.01.2024;ISANNIKOV.ru
08.01.2024;ISHOPRU.ru
08.01.2024;ISIB-LEGO.ru
08.01.2024;ISNITKO.ru
08.01.2024;ITASAP.ru
08.01.2024;ITDENISKA.ru
08.01.2024;ITFORUMSK.ru
08.01.2024;ITPASH.ru
08.01.2024;IV-MEDICINE.ru
08.01.2024;IVA-TEX.ru
08.01.2024;IVAN-3D.ru
08.01.2024;IVAN151977RUS.ru
08.01.2024;IVANNESTERENKO.ru
08.01.2024;IVANOVICH-1.ru
08.01.2024;IVANRUSINOV.ru
08.01.2024;IVANSUS.ru
08.01.2024;IVOTRUST.ru
08.01.2024;IWANTAREPORT.ru
08.01.2024;IZHMAX.ru
08.01.2024;IZS31.ru
08.01.2024;IZUMITEL.ru
08.01.2024;JA-RA.ru
08.01.2024;JADYB.ru
08.01.2024;JAHIRCLEANER.ru
08.01.2024;JAMEXTECH.ru
08.01.2024;JANUARY-MADNESS.ru
08.01.2024;JAPANY.ru
08.01.2024;JEESTREAM.ru
08.01.2024;JENYABUDDA.ru
08.01.2024;JERKMATE-CHAT.ru
08.01.2024;JERKMATE-ONLINE.ru
08.01.2024;JERKMATE-PORN.ru
08.01.2024;JERKMATE-SEX.ru
08.01.2024;JET-TON.ru
08.01.2024;JK-KUINDZHI.ru
08.01.2024;JK-STRUNY.ru
08.01.2024;JK-TATE.ru
08.01.2024;JOVBAK.ru
08.01.2024;JP-NEWS.ru
08.01.2024;JS88.ru
08.01.2024;JUJULABEL.ru
08.01.2024;JVKARASEVA.ru
08.01.2024;KADASTRAL.ru
08.01.2024;KALYPINA.ru
08.01.2024;KAMLAK.ru
08.01.2024;KARGO959.ru
08.01.2024;KARTAHKA-ONLINE.ru
08.01.2024;KARTOHKA-ONLINE.ru
08.01.2024;KASTENVAGEN.ru
08.01.2024;KAT7.ru
08.01.2024;KATAND.ru
08.01.2024;KATINO.ru
08.01.2024;KATOKARENAPLAY.ru
08.01.2024;KATZDESIGN-REMONT.ru
08.01.2024;KAZBEK24.ru
08.01.2024;KAZBEKEXPERT.ru
08.01.2024;KAZBEKU.ru
08.01.2024;KBURKOV.ru
08.01.2024;KCATTANA.ru
08.01.2024;KDELEKTROYANDEX.ru
08.01.2024;KEILOS.ru
08.01.2024;KENGURU-BOXER.ru
08.01.2024;KENTUCKY-PROJECT.ru
08.01.2024;KEPLER-DEVELOPER.ru
08.01.2024;KETDESSERT.ru
08.01.2024;KHAMMATOV711.ru
08.01.2024;KHARINMAKS.ru
08.01.2024;KILIMANJARO24.ru
08.01.2024;KILIMANJAROEXPERT.ru
08.01.2024;KILLPOVERTY.ru
08.01.2024;KING-CRAFT.ru
08.01.2024;KINO-POOL.ru
08.01.2024;KIPKZN.ru
08.01.2024;KIRILLCLASH.ru
08.01.2024;KIROV-LADYSTRETCH.ru
08.01.2024;KIRTOMOL.ru
08.01.2024;KIRVVIK.ru
08.01.2024;KIURASH.ru
08.01.2024;KKAMZINA.ru
08.01.2024;KLASSNOZALILREG51.ru
08.01.2024;KLEEKLEE.ru
08.01.2024;KLEEXAM.ru
08.01.2024;KLIMOVICHGI.ru
08.01.2024;KLISHINEVGENII-1.ru
08.01.2024;KLYUCHEREVAPHOTO.ru
08.01.2024;KNYAZNIKOLAI.ru
08.01.2024;KNYAZSERGEI.ru
08.01.2024;KNYAZVALERIY.ru
08.01.2024;KNYAZVIKTOR.ru
08.01.2024;KOCHNEVS.ru
08.01.2024;KOCHUBINSKY.ru
08.01.2024;KOLOBOVA-PSY.ru
08.01.2024;KOLOS-TORG.ru
08.01.2024;KOMA76.ru
08.01.2024;KOMAROVASITES.ru
08.01.2024;KOMAROVSV.ru
08.01.2024;KONETEKA.ru
08.01.2024;KOROLEVA117.ru
08.01.2024;KORSHUN-KONDITER.ru
08.01.2024;KOS-7.ru
08.01.2024;KOSMOELKA.ru
08.01.2024;KOSMOPC.ru
08.01.2024;KOSOVA-TOP.ru
08.01.2024;KOSTALEVSKI.ru
08.01.2024;KOTELLUTEX.ru
08.01.2024;KOTELROSSEN.ru
08.01.2024;KOTELVOLGA.ru
08.01.2024;KOTKAM.ru
08.01.2024;KOVCHEGPREZIDENTA.ru
08.01.2024;KRASNJATOVA.ru
08.01.2024;KRASOTA2024.ru
08.01.2024;KRAVOKOZ.ru
08.01.2024;KRAYSHEN.ru
08.01.2024;KRDBLOG.ru
08.01.2024;KREDIT-LIQUID.ru
08.01.2024;KRISTRAVEL.ru
08.01.2024;KROVLY-PLUS.ru
08.01.2024;KRUTOAGENCY.ru
08.01.2024;KRUZHENKOVA.ru
08.01.2024;KRYM-GID.ru
08.01.2024;KSAFRI.ru
08.01.2024;KSARBAEV.ru
08.01.2024;KSENIATYULENEVA.ru
08.01.2024;KUFEZIN.ru
08.01.2024;KUHNIZAVR.ru
08.01.2024;KUKSINAA.ru
08.01.2024;KULAK0V.ru
08.01.2024;KURBANOVABROR.ru
08.01.2024;KURIE2137.ru
08.01.2024;KURIE2138.ru
08.01.2024;KURIER-FOUND.ru
08.01.2024;KURS-MARKETPLACE.ru
08.01.2024;KURSY-LANDSHAFNOGO-DIZAJNA.ru
08.01.2024;KURSY-REELS.ru
08.01.2024;KURYATNIKI-ANNUSHKI.ru
08.01.2024;KUTAKBAEV.ru
08.01.2024;KUZNICASOFTA.ru
08.01.2024;KYST-I-SHPATEL.ru
08.01.2024;KZOLOTOTRUBOV.ru
08.01.2024;L1NARO.ru
08.01.2024;LA-DUSHNILA.ru
08.01.2024;LA-LAND.ru
08.01.2024;LADUSHNILA.ru
08.01.2024;LADY-RU.ru
08.01.2024;LALATOTO.ru
08.01.2024;LAMANIERE.ru
08.01.2024;LANALIDA.ru
08.01.2024;LANTUX.ru
08.01.2024;LARSET.ru
08.01.2024;LASONEN.ru
08.01.2024;LATIFKJ.ru
08.01.2024;LAYNEEE.ru
08.01.2024;LAZYLEARNING.ru
08.01.2024;LD-PAY12374.ru
08.01.2024;LD-PAY12412.ru
08.01.2024;LD-PAY23123.ru
08.01.2024;LD-PAY23412.ru
08.01.2024;LD-PAY29341.ru
08.01.2024;LD-PAY63923.ru
08.01.2024;LD-PAY63924.ru
08.01.2024;LD-PAY63925.ru
08.01.2024;LD-PAY71424.ru
08.01.2024;LD-PAY89123.ru
08.01.2024;LD-PAY90189.ru
08.01.2024;LD-PAY91522.ru
08.01.2024;LD-PAY92513.ru
08.01.2024;LD832950.ru
08.01.2024;LD83295O.ru
08.01.2024;LE-DUSHNILA.ru
08.01.2024;LE-FORTUNE.ru
08.01.2024;LEARN-EN.ru
08.01.2024;LEBANDITRU1.ru
08.01.2024;LEBEDEVPASHKO.ru
08.01.2024;LED-CNC.ru
08.01.2024;LEDUSHNILA.ru
08.01.2024;LEET1337.ru
08.01.2024;LEFORTUNE.ru
08.01.2024;LEGIONCC.ru
08.01.2024;LEGITMINE.ru
08.01.2024;LEGKOTEKA.ru
08.01.2024;LELAR.ru
08.01.2024;LENINA24.ru
08.01.2024;LENINAEXPERT.ru
08.01.2024;LENIZA.ru
08.01.2024;LEO-NIKO.ru
08.01.2024;LEONIDDMITRIEV.ru
08.01.2024;LESA41.ru
08.01.2024;LETNEVALERA.ru
08.01.2024;LETS-BOOMS.ru
08.01.2024;LEV-GONCHAROV.ru
08.01.2024;LEVELSE.ru
08.01.2024;LEXFONK.ru
08.01.2024;LEYSAN-HYPNOREGRESS.ru
08.01.2024;LGCX.ru
08.01.2024;LIFE-SECRETS-LEARNING.ru
08.01.2024;LIKEABIRDMSK.ru
08.01.2024;LIKERUSSIAN.ru
08.01.2024;LIKOROVSKIY.ru
08.01.2024;LIMIND.ru
08.01.2024;LINGERIE-COURSE.ru
08.01.2024;LISACLIN.ru
08.01.2024;LISI4KIN.ru
08.01.2024;LITTLE-KROSH.ru
08.01.2024;LITTLE-PROJECT.ru
08.01.2024;LIVEBUSH.ru
08.01.2024;LIVEBUSHES.ru
08.01.2024;LIVESTREAMVIDEO.ru
08.01.2024;LIYAMK.ru
08.01.2024;LK3-ENG.ru
08.01.2024;LKAN.ru
08.01.2024;LLCKOMPASSSTROY.ru
08.01.2024;LLM-TESTS-CHECKER.ru
08.01.2024;LMSCYBERED.ru
08.01.2024;LOFIMONEY.ru
08.01.2024;LOFIRO.ru
08.01.2024;LOFTMONEY.ru
08.01.2024;LOGIN-FACEBOOK.ru
08.01.2024;LOGITEKTRANS.ru
08.01.2024;LOLA-KOLESNIKOVA.ru
08.01.2024;LOMONOSOVA0.ru
08.01.2024;LONLOST.ru
08.01.2024;LOOKINPLAY.ru
08.01.2024;LORDSPACE.ru
08.01.2024;LOST-LIGHT.ru
08.01.2024;LOTOS-STUDIO.ru
08.01.2024;LOVES-STORI.ru
08.01.2024;LOVESKY1.ru
08.01.2024;LS-DESING.ru
08.01.2024;LTD77.ru
08.01.2024;LTDFIN.ru
08.01.2024;LTVALERIA21.ru
08.01.2024;LU4KO.ru
08.01.2024;LUCHSHIJ-GIPNOLOG.ru
08.01.2024;LUDAILINA.ru
08.01.2024;LUKASKITCHEN.ru
08.01.2024;LUNALUM.ru
08.01.2024;LVA-1.ru
08.01.2024;LVILK.ru
08.01.2024;LYMLYM.ru
08.01.2024;LYRIDINE.ru
08.01.2024;M-7K-CASINO1.ru
08.01.2024;M-7K-CASINO2.ru
08.01.2024;M-7K-CASINO3.ru
08.01.2024;M-KENT-CASINO1.ru
08.01.2024;M-KENT-CASINO2.ru
08.01.2024;M-KENT-CASINO3.ru
08.01.2024;M200510.ru
08.01.2024;MACH-STROY.ru
08.01.2024;MACROANALYSIS.ru
08.01.2024;MACROCODERS.ru
08.01.2024;MADISON-RPG.ru
08.01.2024;MAG-SCHOOL.ru
08.01.2024;MAGICKAM.ru
08.01.2024;MAGICQUIZ.ru
08.01.2024;MAGICQUIZAI.ru
08.01.2024;MAISONS-DU-MONDE.ru
08.01.2024;MAKAROVALUBOV.ru
08.01.2024;MAKSIM-GREK.ru
08.01.2024;MAKSIM-ISPOVEDNIK.ru
08.01.2024;MAKSKRYD.ru
08.01.2024;MAKSPOTAP.ru
08.01.2024;MALIKA-MEBEL.ru
08.01.2024;MAMMOPLASTIK.ru
08.01.2024;MANUSKRIPTUM.ru
08.01.2024;MARCHEMOTO.ru
08.01.2024;MARIARU.ru
08.01.2024;MARILYNCOLLECTION.ru
08.01.2024;MARINAPOIDEMNAKONCERT.ru
08.01.2024;MARKETINGTRANSLATIONS.ru
08.01.2024;MARKETPLACE360.ru
08.01.2024;MARSIB.ru
08.01.2024;MARTECHAGENCY.ru
08.01.2024;MARYVORONOVAPSY.ru
08.01.2024;MASHAKONKINA.ru
08.01.2024;MASORAR.ru
08.01.2024;MASTERA-CLASS.ru
08.01.2024;MATCHLESS-NAS.ru
08.01.2024;MATHMASTER-CLASS.ru
08.01.2024;MATRIX-SAENASTYA.ru
08.01.2024;MAXICORE.ru
08.01.2024;MAXK94.ru
08.01.2024;MAXSO1O.ru
08.01.2024;MAZURINASCHOOL.ru
08.01.2024;MBAEV.ru
08.01.2024;MBMETAL.ru
08.01.2024;MC-WHITEGRIEF.ru
08.01.2024;MDAPLAY.ru
08.01.2024;MEDALRUST.ru
08.01.2024;MEDIA-ANKETA.ru
08.01.2024;MEDICEDIA.ru
08.01.2024;MEDJUUL.ru
08.01.2024;MEDOVAYASV.ru
08.01.2024;MEET-NC-HILL.ru
08.01.2024;MEETANATOR.ru
08.01.2024;MEETNCHILL.ru
08.01.2024;MEEZYAGENCY.ru
08.01.2024;MEGA-AQVA-SHOP.ru
08.01.2024;MEGA555NET3.ru
08.01.2024;MEGASFERA-NN.ru
08.01.2024;MELBET-548.ru
08.01.2024;MEMMED.ru
08.01.2024;MEOWINGCAT.ru
08.01.2024;MERCUTIO67.ru
08.01.2024;MEREVER.ru
08.01.2024;MESTOSILA.ru
08.01.2024;METALMASTER03.ru
08.01.2024;METIZOV-BAZA.ru
08.01.2024;METRIKA88.ru
08.01.2024;METRIKAESTATE.ru
08.01.2024;METRIKAREALTY.ru
08.01.2024;METRIKASTUDIO.ru
08.01.2024;MFO-ZAIMY.ru
08.01.2024;MHT-THEATR.ru
08.01.2024;MI-LORD.ru
08.01.2024;MIASS-DOU40.ru
08.01.2024;MICHAILARCHANGELREVDA.ru
08.01.2024;MIHA2036.ru
08.01.2024;MIHAIL-P.ru
08.01.2024;MIKAGONCHAROV.ru
08.01.2024;MIKITKO.ru
08.01.2024;MILAKOM.ru
08.01.2024;MILEEXPRESS.ru
08.01.2024;MILUXURY.ru
08.01.2024;MIMILASER.ru
08.01.2024;MINDRUSH.ru
08.01.2024;MINECRAFTCOMMUNITYSTORE.ru
08.01.2024;MIPS4DEV.ru
08.01.2024;MIR-LAB.ru
08.01.2024;MIRKUB.ru
08.01.2024;MIRZOJAN-1.ru
08.01.2024;MISHASAIGANOV.ru
08.01.2024;MISSILNARA.ru
08.01.2024;MIXAILMICHEL.ru
08.01.2024;MK-TEH.ru
08.01.2024;MKVASOV.ru
08.01.2024;MM-TRACKER.ru
08.01.2024;MMA-CLUB.ru
08.01.2024;MMA123.ru
08.01.2024;MMALASHEVICH.ru
08.01.2024;MMAMONOV.ru
08.01.2024;MOJBALKON.ru
08.01.2024;MOLABNEX.ru
08.01.2024;MOLCAJETES.ru
08.01.2024;MOLIENDOCOFFEE.ru
08.01.2024;MOLOKODA.ru
08.01.2024;MOLOKODESIGN.ru
08.01.2024;MOMO-FOOD.ru
08.01.2024;MOMO-STORE-EDU.ru
08.01.2024;MOMOFOOD.ru
08.01.2024;MOMOTIK.ru
08.01.2024;MONCLERSTOCK.ru
08.01.2024;MONEYGROWSCHOOL.ru
08.01.2024;MONK-PRO.ru
08.01.2024;MONOKULARSHOP.ru
08.01.2024;MONOTONESHOP.ru
08.01.2024;MONROCASINO2.ru
08.01.2024;MOONMUZ.ru
08.01.2024;MOONTERRA.ru
08.01.2024;MORE111.ru
08.01.2024;MOROCCO24.ru
08.01.2024;MOROCCOEXPERT.ru
08.01.2024;MORTAL-KOMBAT-2021.ru
08.01.2024;MOSALUM.ru
08.01.2024;MOSCOWCITYDATE11.ru
08.01.2024;MOSKIT-STOP.ru
08.01.2024;MOSKVA-PROPUSK.ru
08.01.2024;MOSQP.ru
08.01.2024;MOTOM73-EXEED.ru
08.01.2024;MOTOOPTOM.ru
08.01.2024;MOTOPTOM.ru
08.01.2024;MOTORMINGLE.ru
08.01.2024;MOVINGCASTLE.ru
08.01.2024;MOVMEB.ru
08.01.2024;MOYDVIZH.ru
08.01.2024;MR-CRUTCH.ru
08.01.2024;MRGREENWARD.ru
08.01.2024;MRIZVANOV.ru
08.01.2024;MRSK-L.ru
08.01.2024;MRSVECHNOY.ru
08.01.2024;MSPPRAVO.ru
08.01.2024;MSPVP.ru
08.01.2024;MSVMASTER.ru
08.01.2024;MTPRJ.ru
08.01.2024;MUGLER-RUSSIA.ru
08.01.2024;MUHOMORICAFE.ru
08.01.2024;MUHOMORY24.ru
08.01.2024;MUHOMORYCAFE.ru
08.01.2024;MUSATOVA-PRO.ru
08.01.2024;MUSEUM1210.ru
08.01.2024;MUSICHAN.ru
08.01.2024;MUSIVUMSHOP.ru
08.01.2024;MUZHICHIN-SAN24.ru
08.01.2024;MY-ROOT.ru
08.01.2024;MYA-SO.ru
08.01.2024;MYNOTCOIN.ru
08.01.2024;MYROSSIAA.ru
08.01.2024;MYSTREETPHOTO.ru
08.01.2024;MYTA-LOUNGE.ru
08.01.2024;MYVIRTIK.ru
08.01.2024;N1SERVER.ru
08.01.2024;N1XSOON.ru
08.01.2024;N3HYSWO.ru
08.01.2024;NABEREZHNYE-CHELNY-XDOSUG.ru
08.01.2024;NADIAMIND.ru
08.01.2024;NADISIER.ru
08.01.2024;NAKIDKA-ALKANTARA-TROKOT.ru
08.01.2024;NAKIDKA-MEHOVAYA-TROKOT.ru
08.01.2024;NAKRASOTUSMOTRI.ru
08.01.2024;NALESHKO.ru
08.01.2024;NALMIRA.ru
08.01.2024;NASHBISNES.ru
08.01.2024;NASHI-CENTER.ru
08.01.2024;NASHIDOMIKI.ru
08.01.2024;NASYROVRR.ru
08.01.2024;NATALIKOZLOVA.ru
08.01.2024;NATALYA-ANTONOVA.ru
08.01.2024;NATIMHOMEDESIGN.ru
08.01.2024;NAVYKOV.ru
08.01.2024;NAZOVY.ru
08.01.2024;NCROWN.ru
08.01.2024;NE-PLATI-DOLG24.ru
08.01.2024;NE-PLATI-ZAKONNO24.ru
08.01.2024;NEBYKOVSKY.ru
08.01.2024;NEDOMASTER.ru
08.01.2024;NEIROSHKA.ru
08.01.2024;NEKITRR.ru
08.01.2024;NEKONE.ru
08.01.2024;NELLYAPYATAEVA.ru
08.01.2024;NEOMOR.ru
08.01.2024;NEOTECH-LAB.ru
08.01.2024;NEOTECHLAB.ru
08.01.2024;NEPALEXPERT.ru
08.01.2024;NEPLOHOY.ru
08.01.2024;NEPODCAST.ru
08.01.2024;NEQQA.ru
08.01.2024;NERPAMEDIA.ru
08.01.2024;NESTRUST.ru
08.01.2024;NET-DOLGOV2024.ru
08.01.2024;NET-NET-DOLGA24.ru
08.01.2024;NETLEPOS.ru
08.01.2024;NETMAPA.ru
08.01.2024;NEURONET-HELP.ru
08.01.2024;NEW-CONTROL.ru
08.01.2024;NEW-DIM3.ru
08.01.2024;NEW-VTB.ru
08.01.2024;NEWLAWA.ru
08.01.2024;NEWLITEBOX.ru
08.01.2024;NEWNIR.ru
08.01.2024;NEWROUTEAM.ru
08.01.2024;NEWSACH.ru
08.01.2024;NEYROLOGIKA.ru
08.01.2024;NEYROSHKA.ru
08.01.2024;NEZHNEENET.ru
08.01.2024;NGC3372.ru
08.01.2024;NGUBANOV.ru
08.01.2024;NIKA21SPB.ru
08.01.2024;NIKE-NAYK.ru
08.01.2024;NIKOLAJP.ru
08.01.2024;NIKOLNATALI.ru
08.01.2024;NIKSENKA.ru
08.01.2024;NISTRYL.ru
08.01.2024;NIUSEPH.ru
08.01.2024;NIZKAYA-CENA.ru
08.01.2024;NJIVA.ru
08.01.2024;NKARAKURT.ru
08.01.2024;NLBEKETOV.ru
08.01.2024;NLKCHBV.ru
08.01.2024;NM-SIP.ru
08.01.2024;NOBLE-BEAUTY.ru
08.01.2024;NOCHCLUB.ru
08.01.2024;NOCHNIKOV.ru
08.01.2024;NOKKTURN.ru
08.01.2024;NOMEROGRAM-1.ru
08.01.2024;NOOSFERA-RP.ru
08.01.2024;NORNOTEX.ru
08.01.2024;NOSING086.ru
08.01.2024;NOSOVAA.ru
08.01.2024;NOSOVAUNDIRECTOLOG.ru
08.01.2024;NOTCOIN-COM.ru
08.01.2024;NOTCOIN-TG.ru
08.01.2024;NOTCOINGAME.ru
08.01.2024;NOTCOINS.ru
08.01.2024;NOTIPS.ru
08.01.2024;NOVA-RAMENKY.ru
08.01.2024;NOVAVETA.ru
08.01.2024;NOVAYA-PSY.ru
08.01.2024;NOVIKOVAYUL3CHCKA.ru
08.01.2024;NOVO-54.ru
08.01.2024;NOVO54.ru
08.01.2024;NOVOROSSIYSK-INDI.ru
08.01.2024;NOVOSTI-NAPERVOM.ru
08.01.2024;NOVOSTINAPERVOM.ru
08.01.2024;NOVOSTNOYKANAL.ru
08.01.2024;NOVOSTOYKONTETNT.ru
08.01.2024;NPRINTSAMARA.ru
08.01.2024;NSBELT.ru
08.01.2024;NUBOT.ru
08.01.2024;NULLED-SOFT.ru
08.01.2024;NUTRICIAL.ru
08.01.2024;NVLASKINA.ru
08.01.2024;NYTIMES-GTA.ru
08.01.2024;O-DOLGAX24.ru
08.01.2024;O4D.ru
08.01.2024;OBED-MYTISCHI.ru
08.01.2024;OBIMENAH.ru
08.01.2024;OBLBAZA.ru
08.01.2024;OCAGO-KEEP.ru
08.01.2024;ODIXS.ru
08.01.2024;ODZILEVICH.ru
08.01.2024;OFD-ORD2993.ru
08.01.2024;OFD-ORD3089.ru
08.01.2024;OFD-ORD4988.ru
08.01.2024;OFD-ORD5134.ru
08.01.2024;OFD-ORD5368.ru
08.01.2024;OFD-ORD6064.ru
08.01.2024;OFD-ORD6556.ru
08.01.2024;OFD-ORD6920.ru
08.01.2024;OFD-ORD7591.ru
08.01.2024;OFD-ORD8683.ru
08.01.2024;OFD-ORD9083.ru
08.01.2024;OFD-ORD9246.ru
08.01.2024;OFD1968.ru
08.01.2024;OFD5703.ru
08.01.2024;OFD6976.ru
08.01.2024;OFF-ROAD-RIDER.ru
08.01.2024;OFFICE-TEHNIKA.ru
08.01.2024;OFORMLENIE-DOPYSKA-SRO.ru
08.01.2024;OFORMLENIE-DOPYSKA-SRO-RF.ru
08.01.2024;OGURZI.ru
08.01.2024;OGURZY.ru
08.01.2024;OHMYBOT.ru
08.01.2024;OHOTA-NA-BOTA.ru
08.01.2024;OHOTANABOTA.ru
08.01.2024;OHOTNICK.ru
08.01.2024;OKNOFILM.ru
08.01.2024;OKOROLEV.ru
08.01.2024;OKROYTOR.ru
08.01.2024;OKSANAGAMREKELI.ru
08.01.2024;OKSANAOKSA2206.ru
08.01.2024;OLAVROV.ru
08.01.2024;OLEGYASHCHIK.ru
08.01.2024;OLEGZYKOV.ru
08.01.2024;OLGA81.ru
08.01.2024;OLGAZABELINA-FINANCE.ru
08.01.2024;OMSKATALIZ.ru
08.01.2024;ONBOLSHENESHUTIT.ru
08.01.2024;ONEALBOM.ru
08.01.2024;ONLINE-ANKETA.ru
08.01.2024;ONLYFOODSFAN.ru
08.01.2024;ONLYFOODSFANS.ru
08.01.2024;ONLYFOODSFUNS.ru
08.01.2024;ONSONJA.ru
08.01.2024;OOMG.ru
08.01.2024;OOO-TCC.ru
08.01.2024;OOOFIN.ru
08.01.2024;OOSHREPOLOVO.ru
08.01.2024;OPENBRANDINGAWARDS.ru
08.01.2024;OPENINTIMSHOP.ru
08.01.2024;OPLATA-ICLOUD.ru
08.01.2024;OPLATA2131.ru
08.01.2024;OPLATA2138.ru
08.01.2024;OPLATI-DOLG24.ru
08.01.2024;OPROC-ANKETA.ru
08.01.2024;OPROS-ONLINE24.ru
08.01.2024;OPTICS-RUSSIA.ru
08.01.2024;OPTIKA-7.ru
08.01.2024;OPTISHKA.ru
08.01.2024;OPTMONET.ru
08.01.2024;ORDER-1202.ru
08.01.2024;ORDER-1203.ru
08.01.2024;ORDER-4254.ru
08.01.2024;ORDER-4701.ru
08.01.2024;ORDER0241.ru
08.01.2024;ORDER0289.ru
08.01.2024;ORDER0474.ru
08.01.2024;ORDER2087.ru
08.01.2024;ORDER8201.ru
08.01.2024;ORDER8404.ru
08.01.2024;ORDER8707.ru
08.01.2024;ORDER9280.ru
08.01.2024;ORDER9372.ru
08.01.2024;ORDER9808.ru
08.01.2024;OREKAH.ru
08.01.2024;OREN-STYLE.ru
08.01.2024;ORIAGOPA.ru
08.01.2024;ORJABKOVA.ru
08.01.2024;ORLEVO.ru
08.01.2024;OSAGOSHOP-PERM.ru
08.01.2024;OSAMA24.ru
08.01.2024;OSCARMUSIC.ru
08.01.2024;OSIPCHIK.ru
08.01.2024;OSKANO.ru
08.01.2024;OSTROVBT.ru
08.01.2024;OSTROVOK-MEBELI.ru
08.01.2024;OSVOBODIM-OT-DOLGOV24.ru
08.01.2024;OSVOBODIS-OT-DOLGA24.ru
08.01.2024;OTVER-OGE-EGE.ru
08.01.2024;OUTKINA.ru
08.01.2024;OVIGUL.ru
08.01.2024;OVOZINGUZBEK.ru
08.01.2024;OWNLUXHUB.ru
08.01.2024;OXANICER.ru
08.01.2024;OZ-BRIGADIR.ru
08.01.2024;OZON-R.ru
08.01.2024;OZONCARD30.ru
08.01.2024;P-NOVOROSSIYSK.ru
08.01.2024;PAGE-2984.ru
08.01.2024;PALMINATREND.ru
08.01.2024;PANABRIKA.ru
08.01.2024;PANDAZ.ru
08.01.2024;PANIME.ru
08.01.2024;PANTERAMEB.ru
08.01.2024;PAPA-NEWS.ru
08.01.2024;PARADISE-SHEREGESH.ru
08.01.2024;PARK247.ru
08.01.2024;PARKINSONEXPERT.ru
08.01.2024;PARMETROS.ru
08.01.2024;PARTNERS-DELIVERY.ru
08.01.2024;PASCHENKO-1.ru
08.01.2024;PASHINN.ru
08.01.2024;PATTERNLAB.ru
08.01.2024;PATTERNPASSAGE.ru
08.01.2024;PAVLO-IVAN.ru
08.01.2024;PAVLOVSKIY-LIMON.ru
08.01.2024;PAVLOVSKIY-PITOMNIK.ru
08.01.2024;PAY-ID284952.ru
08.01.2024;PAY-ID682467.ru
08.01.2024;PAY-ID980231.ru
08.01.2024;PAYD11.ru
08.01.2024;PAYD12.ru
08.01.2024;PAYMENT-266.ru
08.01.2024;PAYMENT-267.ru
08.01.2024;PAYMENT-269.ru
08.01.2024;PAYMENT-270.ru
08.01.2024;PAYMENTSDI.ru
08.01.2024;PAYSMANT-INFORM.ru
08.01.2024;PAYSMANT-ZAKAZ.ru
08.01.2024;PAYWELLES.ru
08.01.2024;PC-EVGART.ru
08.01.2024;PCIKOD.ru
08.01.2024;PEAKSOFT.ru
08.01.2024;PECHI-IZ-TALKOHLORITA-25.ru
08.01.2024;PELLETY-OPTOM-EKB.ru
08.01.2024;PELLETY-OPTOM-KRD.ru
08.01.2024;PELMENIDA.ru
08.01.2024;PERCHIC.ru
08.01.2024;PEREDVIZHNOYSAD.ru
08.01.2024;PERMANENT-PREMIUM.ru
08.01.2024;PERSLINE.ru
08.01.2024;PERVIENOVOSTI.ru
08.01.2024;PERVUI.ru
08.01.2024;PETKELITE.ru
08.01.2024;PETRYRIGIN.ru
08.01.2024;PETYHCRAFT.ru
08.01.2024;PFASFJKFPREMGIFT.ru
08.01.2024;PH-IRINAWOLF.ru
08.01.2024;PHILIMONOV03.ru
08.01.2024;PHOTOMASHU.ru
08.01.2024;PHOTORAF.ru
08.01.2024;PHPRU.ru
08.01.2024;PICENER.ru
08.01.2024;PICMAGIC.ru
08.01.2024;PILIGRIM72.ru
08.01.2024;PIN-UP-375.ru
08.01.2024;PIN-UP847.ru
08.01.2024;PINUP-OFFICIAL.ru
08.01.2024;PINUPCAS.ru
08.01.2024;PINUPMONEYWIN.ru
08.01.2024;PIPEART.ru
08.01.2024;PIQUADRO-MARKET.ru
08.01.2024;PIROGOVSKAYARIVERA.ru
08.01.2024;PITOMNIK-PAVLOVO.ru
08.01.2024;PITOMNIKDEREVIEVZAKAMIE.ru
08.01.2024;PIVAZI.ru
08.01.2024;PIXELNOODLE.ru
08.01.2024;PIZZA-BYRGER.ru
08.01.2024;PJATKOVA.ru
08.01.2024;PKARTASHOVA.ru
08.01.2024;PKCONSULT.ru
08.01.2024;PLASTIKA69.ru
08.01.2024;PLATEZHI3DS.ru
08.01.2024;PLAY4X.ru
08.01.2024;PLAYCULT.ru
08.01.2024;PLEXCGS.ru
08.01.2024;PLINKO-GAME.ru
08.01.2024;PLITKA-PAVLOVSKY-POSAD.ru
08.01.2024;PLS-DONATE.ru
08.01.2024;PNPSYSTEM.ru
08.01.2024;POALESER.ru
08.01.2024;POCHINKI-SCHOOL.ru
08.01.2024;POCHTA-DOMEN.ru
08.01.2024;POCHTA-DOMENA.ru
08.01.2024;PODPISKA-APPLE-MUSIC.ru
08.01.2024;POEZD-ELOK.ru
08.01.2024;POINTON.ru
08.01.2024;POIZONBEE.ru
08.01.2024;POLNIKOV-7.ru
08.01.2024;POLYAKOWAW.ru
08.01.2024;PONIBRASHIN.ru
08.01.2024;POOL-CASSA.ru
08.01.2024;POOL-STANDUP.ru
08.01.2024;POOL-THEATRE.ru
08.01.2024;POSAZHULYA.ru
08.01.2024;POSLAVSKIY.ru
08.01.2024;POSNETER.ru
08.01.2024;POSTAL-BOX.ru
08.01.2024;POSTGREGATE.ru
08.01.2024;POTATOMANIA.ru
08.01.2024;POTEKLA.ru
08.01.2024;POTENCIY-MUZH.ru
08.01.2024;POTENCIYA-BISTRO.ru
08.01.2024;POTENCLINIC-AZ.ru
08.01.2024;POTOLKIKOMFORT72.ru
08.01.2024;POXAS.ru
08.01.2024;PR-DIALOG.ru
08.01.2024;PRACTICE-SECRETS.ru
08.01.2024;PRECIOVLG.ru
08.01.2024;PRIDE-CAT.ru
08.01.2024;PRIDECAT.ru
08.01.2024;PRIMDG.ru
08.01.2024;PRIMOV.ru
08.01.2024;PRINTOLOGI.ru
08.01.2024;PRINTSHOP33.ru
08.01.2024;PRINTSHOP92.ru
08.01.2024;PRO-INSTRUCTOR.ru
08.01.2024;PRO100MIKHALYCH.ru
08.01.2024;PRODUCT-HERO.ru
08.01.2024;PRODUCT4EXPERT.ru
08.01.2024;PROELBRUS.ru
08.01.2024;PROF-INSTRUMENT57.ru
08.01.2024;PROFESSIONALCLEANING.ru
08.01.2024;PROFSTYLEBET.ru
08.01.2024;PROKATMED.ru
08.01.2024;PROM-TRAVEL.ru
08.01.2024;PROMOTAKE.ru
08.01.2024;PROSTATAUGRADE.ru
08.01.2024;PROSTI-NOVOROSSIYSK.ru
08.01.2024;PROSTITUTKI-NOVOROSSIJSKA.ru
08.01.2024;PROSUSHKA-KVARTIRY.ru
08.01.2024;PROSUSHKA-KVARTIRY-MSK.ru
08.01.2024;PROXY88.ru
08.01.2024;PSHKARIN.ru
08.01.2024;PSIHOLOGMOSKVA.ru
08.01.2024;PSIPOPUS.ru
08.01.2024;PSYCHOLOGY-RF.ru
08.01.2024;PSYERSHOVA.ru
08.01.2024;PSYHI.ru
08.01.2024;PSYHOLOG-DARIA-KUDRYAVTSEVA.ru
08.01.2024;PSYSOMATIC.ru
08.01.2024;PUPSISAD.ru
08.01.2024;PUSKUNOV.ru
08.01.2024;PWRBOOST.ru
08.01.2024;PYKOT.ru
08.01.2024;PZHENYA.ru
08.01.2024;Q-07-01-23.ru
08.01.2024;QAZEG.ru
08.01.2024;QIANCHOGAN.ru
08.01.2024;QUEEN-SPIN.ru
08.01.2024;QUELIANAT.ru
08.01.2024;QUINCELI.ru
08.01.2024;QUITEHOST.ru
08.01.2024;QUNIXRP.ru
08.01.2024;QWWWW.ru
08.01.2024;R-ALIA.ru
08.01.2024;RADIOMIPT.ru
08.01.2024;RADIOVID.ru
08.01.2024;RAFA4080.ru
08.01.2024;RALINAH.ru
08.01.2024;RAMHTHEZ.ru
08.01.2024;RAMINKURBANOV.ru
08.01.2024;RANDIDO.ru
08.01.2024;RAPZAYM.ru
08.01.2024;RASHIA96.ru
08.01.2024;RASHID066.ru
08.01.2024;RASSELM91.ru
08.01.2024;RASSEYANNIISKLEROZ.ru
08.01.2024;RAZVITIE-NAVYKOV.ru
08.01.2024;RBEEVA.ru
08.01.2024;RBOGOV.ru
08.01.2024;RE-STORATION.ru
08.01.2024;READY4ADVENTURE.ru
08.01.2024;REAL-AUTO-LOGISTIC.ru
08.01.2024;REALBORISOV.ru
08.01.2024;RECEPTI-EDA.ru
08.01.2024;RED-IBEX.ru
08.01.2024;REDIBEX.ru
08.01.2024;REDSUN-VOLT.ru
08.01.2024;REELS-MONEY.ru
08.01.2024;REGISTER-VAVADA99.ru
08.01.2024;REGISTRATOR64.ru
08.01.2024;REGULMONEY.ru
08.01.2024;REKA-INFO.ru
08.01.2024;REKAINFO.ru
08.01.2024;REM2ROM.ru
08.01.2024;REMCOMPRO.ru
08.01.2024;REMONT-HOLODILNIKOV-SROCHNO.ru
08.01.2024;REMONT-NOUTBUKOV-DELL-SPB.ru
08.01.2024;REMONT-VIDEO.ru
08.01.2024;REMONTSTERS.ru
08.01.2024;REMTEPPOL.ru
08.01.2024;RENATABOGACH.ru
08.01.2024;RENHEL.ru
08.01.2024;RENOVO-GROUP.ru
08.01.2024;RENT4CARS.ru
08.01.2024;RENTBIBOX.ru
08.01.2024;RERMILOVA.ru
08.01.2024;RESISTANSE.ru
08.01.2024;RESPIN-CASINO7780.ru
08.01.2024;RESPLENDENT.ru
08.01.2024;RESTGARDEN.ru
08.01.2024;REUT84.ru
08.01.2024;REWARDS-FREE-FIRE-GARENA.ru
08.01.2024;REXYCREW.ru
08.01.2024;REZUMAKER.ru
08.01.2024;RGEN3.ru
08.01.2024;RGPLAY.ru
08.01.2024;RHODEISLANDRP.ru
08.01.2024;RIDER-SCHOOL.ru
08.01.2024;RINCHINO.ru
08.01.2024;RINDEDER.ru
08.01.2024;RIPKA.ru
08.01.2024;RITBOON.ru
08.01.2024;RIVITALO.ru
08.01.2024;RIZAK.ru
08.01.2024;RK-HTTP.ru
08.01.2024;RK-SASL.ru
08.01.2024;RK-SMTP.ru
08.01.2024;RK-SSL.ru
08.01.2024;RK-TLC.ru
08.01.2024;RK-TTL.ru
08.01.2024;RK-UTF.ru
08.01.2024;RMISNIK.ru
08.01.2024;RMITKIN.ru
08.01.2024;ROCKDASH.ru
08.01.2024;RODIN-PHOTO.ru
08.01.2024;ROMA-S.ru
08.01.2024;ROMANTICCITY.ru
08.01.2024;ROMAZANOV-DROMAZANOV.ru
08.01.2024;ROSSENENGELS.ru
08.01.2024;ROSSHPUNT-PTO.ru
08.01.2024;ROSSIAMYSTRANA.ru
08.01.2024;ROYAL-DELIGHT.ru
08.01.2024;RP-NIKE.ru
08.01.2024;RRSTAGE.ru
08.01.2024;RSPANFILOV.ru
08.01.2024;RU-ESCORT.ru
08.01.2024;RU-ID8373.ru
08.01.2024;RUBIDON.ru
08.01.2024;RUCRAZYSTORE.ru
08.01.2024;RUMENZONE.ru
08.01.2024;RUNNERSBRO.ru
08.01.2024;RUSCASHCARDS.ru
08.01.2024;RUSKAJ.ru
08.01.2024;RUSL-SHOP.ru
08.01.2024;RUSSIABAD.ru
08.01.2024;RUSSIADRAMIX.ru
08.01.2024;RUSSIAN-GAMERS.ru
08.01.2024;RUSSIAN-REKLAMA.ru
08.01.2024;RUSSIANFORPEACE.ru
08.01.2024;RUSSIANTOPS.ru
08.01.2024;RUSTOR-MOBILES.ru
08.01.2024;RUTANCHIK.ru
08.01.2024;RUTORG-MARKET.ru
08.01.2024;RUTORS.ru
08.01.2024;RVT3ST2.ru
08.01.2024;RYBUSCHKIN.ru
08.01.2024;RYBUSCHKINA.ru
08.01.2024;RYLINA.ru
08.01.2024;RYRERARO.ru
08.01.2024;RYZHKOVCHEESE.ru
08.01.2024;RZN4.ru
08.01.2024;S5VKJ8R.ru
08.01.2024;SADKOBWFM.ru
08.01.2024;SADWOMANCC.ru
08.01.2024;SAGITOVA4.ru
08.01.2024;SAINTANGRY404.ru
08.01.2024;SAINTJACQUES.ru
08.01.2024;SALUKHOV.ru
08.01.2024;SAMARSKIYNAVES.ru
08.01.2024;SAMOSILA.ru
08.01.2024;SANDGARDEN.ru
08.01.2024;SANDGARDENING.ru
08.01.2024;SANDPONICS.ru
08.01.2024;SANS-ZAVOD.ru
08.01.2024;SANTEHBAZIS.ru
08.01.2024;SANTOSHKIN.ru
08.01.2024;SAPPHIREPJ.ru
08.01.2024;SARANTSEVAD.ru
08.01.2024;SARATOV-IMPLANT.ru
08.01.2024;SARATOV2024.ru
08.01.2024;SARATOVGID24.ru
08.01.2024;SARIRTOUR.ru
08.01.2024;SASHATORRO.ru
08.01.2024;SAT76.ru
08.01.2024;SATXCARBUYER.ru
08.01.2024;SAX-S.ru
08.01.2024;SCALEZIP.ru
08.01.2024;SCHETCHIK-S-PULTOM-MOSCOW.ru
08.01.2024;SCHNEIDER-ELECTRIC-LEXIUM.ru
08.01.2024;SCHNEIDER-LEXIUM.ru
08.01.2024;SCHOOL-VICTORIADEMENTIEVA.ru
08.01.2024;SCHOOL8-ZS.ru
08.01.2024;SCHOOLUSKOVA.ru
08.01.2024;SCOORET-HELP.ru
08.01.2024;SCOOTER-HELP.ru
08.01.2024;SDELKA2137.ru
08.01.2024;SDIVCOM-DOTCOM.ru
08.01.2024;SDPROGROUP.ru
08.01.2024;SECRETINFIRE.ru
08.01.2024;SECURESBERCARDPAYMENTS.ru
08.01.2024;SEEDBT.ru
08.01.2024;SEEDCOMPANY.ru
08.01.2024;SEFIROTATTOO.ru
08.01.2024;SELECTOR256.ru
08.01.2024;SELHOZEVA.ru
08.01.2024;SELLERHIT.ru
08.01.2024;SELOCAL.ru
08.01.2024;SEMENA78.ru
08.01.2024;SENIYA-CHALLENGE.ru
08.01.2024;SEO-7.ru
08.01.2024;SERCHPINA.ru
08.01.2024;SERGEJ-ATREPEV.ru
08.01.2024;SERGEY-NESTORENKO.ru
08.01.2024;SERGEY-SELLER.ru
08.01.2024;SERGEYVLADA.ru
08.01.2024;SERGOO92.ru
08.01.2024;SERIALUS.ru
08.01.2024;SERVICE-4572.ru
08.01.2024;SERVICE-4573.ru
08.01.2024;SERVICESHOP1.ru
08.01.2024;SERVICEWHITE.ru
08.01.2024;SERVISEBITREEMONT24.ru
08.01.2024;SEV-GID.ru
08.01.2024;SEVASTOPOL-INTIM.ru
08.01.2024;SEVPROFILE.ru
08.01.2024;SEX-NOVOROSSIYSK.ru
08.01.2024;SEX-TECH.ru
08.01.2024;SEXCHAT-18.ru
08.01.2024;SGORENKO.ru
08.01.2024;SHAMSIBAEVA.ru
08.01.2024;SHANGLYU.ru
08.01.2024;SHAROMARI.ru
08.01.2024;SHAURMA-COFFEE.ru
08.01.2024;SHERLYBUG.ru
08.01.2024;SHERSTJUK-7.ru
08.01.2024;SHIBUMIDESIGN.ru
08.01.2024;SHOPKIM.ru
08.01.2024;SHOPSPORTPIT.ru
08.01.2024;SHOSHKINA.ru
08.01.2024;SHOWKRD.ru
08.01.2024;SHRUTIS.ru
08.01.2024;SHTANDART77.ru
08.01.2024;SHTORCI-TROKOT.ru
08.01.2024;SHULGIN-PHOTO.ru
08.01.2024;SHURALEVA.ru
08.01.2024;SIBBLOCK.ru
08.01.2024;SIBERIANSHAMAN.ru
08.01.2024;SIG-8313.ru
08.01.2024;SIGARETKA-OPT.ru
08.01.2024;SIGMENTX.ru
08.01.2024;SILA-TOKA-INFO.ru
08.01.2024;SILAPRASCHUROV.ru
08.01.2024;SILAZDOROVI.ru
08.01.2024;SILENTWOOD.ru
08.01.2024;SILKANDMORE.ru
08.01.2024;SIM23.ru
08.01.2024;SIMKADJURIC.ru
08.01.2024;SIMONCHIK-SHOP.ru
08.01.2024;SIMPLE-FRANCH.ru
08.01.2024;SIMPLEFRANCH.ru
08.01.2024;SINAVLIN.ru
08.01.2024;SINNERDZR88.ru
08.01.2024;SIP-IP.ru
08.01.2024;SIRARIUS2016.ru
08.01.2024;SIROTIN-WORK.ru
08.01.2024;SITES-TILDA.ru
08.01.2024;SIZMESTEV.ru
08.01.2024;SKANDARI.ru
08.01.2024;SKANDYBAR.ru
08.01.2024;SKAZKAGENCY.ru
08.01.2024;SKAZKAPROJECT.ru
08.01.2024;SKILL-HUB.ru
08.01.2024;SKILL64.ru
08.01.2024;SKILLSETDUNDIN.ru
08.01.2024;SKLAD-SERVIS55.ru
08.01.2024;SKLADRAM.ru
08.01.2024;SKRASTINOV.ru
08.01.2024;SKRYABINA-INTERIORS.ru
08.01.2024;SKYBEAUTY-NN.ru
08.01.2024;SKYCITYLOVE.ru
08.01.2024;SKYROMANTIC1.ru
08.01.2024;SLEBIDO.ru
08.01.2024;SLEEPFANS.ru
08.01.2024;SLEMSIK.ru
08.01.2024;SLIMOFOR1.ru
08.01.2024;SLOTS-INFO.ru
08.01.2024;SLOVO-PACA-NA-1-8.ru
08.01.2024;SLOVO-PACA-NA-2-8.ru
08.01.2024;SLOVO-PACA-NA1-8.ru
08.01.2024;SLOVO-PACA-NA2-8.ru
08.01.2024;SLOVO-PACANAGE.ru
08.01.2024;SLOVO-PACANEW.ru
08.01.2024;SLOVO-PATSAN-2024.ru
08.01.2024;SLOVO-PATSANA-1.ru
08.01.2024;SLOVO-PATSANA-2024.ru
08.01.2024;SLOVOPAACOANA.ru
08.01.2024;SLOVOPACAN-2024.ru
08.01.2024;SLOVOPACANA-2024.ru
08.01.2024;SLOVOPACANA28.ru
08.01.2024;SLOVOPASOANA.ru
08.01.2024;SMART-HOME63.ru
08.01.2024;SMART-VPN-API.ru
08.01.2024;SMASHX.ru
08.01.2024;SMENANAPITKI.ru
08.01.2024;SMENSAP.ru
08.01.2024;SNBELOF.ru
08.01.2024;SNINZILIN.ru
08.01.2024;SO-DIST-VIE.ru
08.01.2024;SOC-ANKETA.ru
08.01.2024;SOCIONFIRE.ru
08.01.2024;SOFIE-FLOWERS.ru
08.01.2024;SOFT-SKILLZ.ru
08.01.2024;SOFTFORGE.ru
08.01.2024;SOFTWAREFORGE.ru
08.01.2024;SOKOL-NAVIDU.ru
08.01.2024;SOKOLNAVIDU.ru
08.01.2024;SOLEAS.ru
08.01.2024;SONYAPONO.ru
08.01.2024;SOPCONSULT.ru
08.01.2024;SORVER.ru
08.01.2024;SOTVETAMI.ru
08.01.2024;SOULTRANSFORMATIONTHERAPY.ru
08.01.2024;SOVR-TECH.ru
08.01.2024;SOVROSS-DR.ru
08.01.2024;SPACANASLOVO.ru
08.01.2024;SPACE-SOFT.ru
08.01.2024;SPACIALSPAREPART.ru
08.01.2024;SPBSTAMP.ru
08.01.2024;SPEAKEASE.ru
08.01.2024;SPEAKLIKERUSSIAN.ru
08.01.2024;SPECIALIST-HOSTING.ru
08.01.2024;SPECLIZING.ru
08.01.2024;SPEECH-TOTEXT.ru
08.01.2024;SPINA86.ru
08.01.2024;SPIVAKOVAPLAN.ru
08.01.2024;SPORTSAGENTS.ru
08.01.2024;SPROOTINFO.ru
08.01.2024;SQYIL.ru
08.01.2024;SRUBOVOI33.ru
08.01.2024;SSALINDA.ru
08.01.2024;SSEMEND.ru
08.01.2024;SSHUM.ru
08.01.2024;SSMONT.ru
08.01.2024;SSU-GOV.ru
08.01.2024;ST-REALIZATION.ru
08.01.2024;STADNIKOVS.ru
08.01.2024;STAFIKAPULO.ru
08.01.2024;STAMBUL-INFO.ru
08.01.2024;STANBOT.ru
08.01.2024;STANISLAV-KOROL.ru
08.01.2024;STATORER.ru
08.01.2024;STEAMCOMMINUTY.ru
08.01.2024;STEAMJOPA.ru
08.01.2024;STEPANVP.ru
08.01.2024;STICKEROVO.ru
08.01.2024;STORM-OK.ru
08.01.2024;STPR2.ru
08.01.2024;STRINGSBYMAIL.ru
08.01.2024;STROIM-DELAEM.ru
08.01.2024;STROYKAVMSK.ru
08.01.2024;STRUTSTUR.ru
08.01.2024;STTTBAKERY.ru
08.01.2024;STUDIO121.ru
08.01.2024;SUDOKLASS.ru
08.01.2024;SUGAR-PAPER30.ru
08.01.2024;SUGARBETS.ru
08.01.2024;SUKUK-INVEST.ru
08.01.2024;SUKUKINVEST.ru
08.01.2024;SUM-TIME.ru
08.01.2024;SUMTIME.ru
08.01.2024;SUNCUBES.ru
08.01.2024;SUPER-MARIO-BROS.ru
08.01.2024;SUPER-SUS.ru
08.01.2024;SUPERGRANDMARKET.ru
08.01.2024;SUPERPODDELKI.ru
08.01.2024;SUSHIPREMIUM-DRAGON.ru
08.01.2024;SUSHIPREMIUM-HOUSE.ru
08.01.2024;SUVOROVAKSENIYA.ru
08.01.2024;SVARTO.ru
08.01.2024;SVEESTI.ru
08.01.2024;SVET-OKNO.ru
08.01.2024;SVETDYSHI.ru
08.01.2024;SVNDON.ru
08.01.2024;SVOBODEN-OT-DOLGOV24.ru
08.01.2024;SWAP-GAMES.ru
08.01.2024;SWEETBYKET.ru
08.01.2024;SWET11.ru
08.01.2024;SX69.ru
08.01.2024;SYNCHRO-VLG.ru
08.01.2024;SYRLYBAEVA.ru
08.01.2024;T3EDUCATION.ru
08.01.2024;T9QMRA6.ru
08.01.2024;TABYSTY.ru
08.01.2024;TADARRUJ.ru
08.01.2024;TAM-VKUSNO.ru
08.01.2024;TANCY2023.ru
08.01.2024;TANKI-PREM.ru
08.01.2024;TANWAXCC.ru
08.01.2024;TARGETEV.ru
08.01.2024;TAROT-MAGICSCHOOL.ru
08.01.2024;TAROT-SPREADS.ru
08.01.2024;TAROTSPREADS.ru
08.01.2024;TASK-MANAGEMENT-DEV.ru
08.01.2024;TATIZA.ru
08.01.2024;TATJANA-POPOVA.ru
08.01.2024;TATYANA-ASTRO.ru
08.01.2024;TAXI-DISCOUNTER.ru
08.01.2024;TAYAKOR.ru
08.01.2024;TB-DB.ru
08.01.2024;TCHERNICHENKO.ru
08.01.2024;TCM1998.ru
08.01.2024;TECH-WORLD13.ru
08.01.2024;TECHFUELING3.ru
08.01.2024;TEHNODOMDV.ru
08.01.2024;TEHNOIGRY.ru
08.01.2024;TEHNOSELECT.ru
08.01.2024;TEKHNIKA-PORTAL.ru
08.01.2024;TELEGARM-AUTH.ru
08.01.2024;TELEGRAMPREMFLEXUX.ru
08.01.2024;TELLGM.ru
08.01.2024;TENDERHELP-BG.ru
08.01.2024;TENLK.ru
08.01.2024;TEOLYMA.ru
08.01.2024;TEPLOKOMUNELEN.ru
08.01.2024;TEREMSKAZOK.ru
08.01.2024;TESSERE-TKANI.ru
08.01.2024;TESSERETKANI.ru
08.01.2024;TEST-IS-TEST.ru
08.01.2024;TESTDOMAIN4PROJECTS.ru
08.01.2024;TESTPAPALMYSITE.ru
08.01.2024;TESTY-VITTE.ru
08.01.2024;TEXNOMIRA.ru
08.01.2024;TG-SLIV.ru
08.01.2024;THENIYTEW.ru
08.01.2024;THENOTCOIN.ru
08.01.2024;THREEAM.ru
08.01.2024;TIERNOVA.ru
08.01.2024;TIGER-7.ru
08.01.2024;TILOTER.ru
08.01.2024;TINDER-KIT.ru
08.01.2024;TINDERKIT.ru
08.01.2024;TINEALER.ru
08.01.2024;TINKOFFCLUB.ru
08.01.2024;TINKOFINVEST.ru
08.01.2024;TITANINV.ru
08.01.2024;TKSEO.ru
08.01.2024;TLISOVA.ru
08.01.2024;TMNDETAILING.ru
08.01.2024;TMNGD.ru
08.01.2024;TNT-NAZAROVO.ru
08.01.2024;TOCHIKI.ru
08.01.2024;TOFOT.ru
08.01.2024;TOKYOALL.ru
08.01.2024;TOLSTIAKOV.ru
08.01.2024;TOLSTIHINA.ru
08.01.2024;TOMATHOUSE.ru
08.01.2024;TOMSKCAMP.ru
08.01.2024;TONIKYANBUILD.ru
08.01.2024;TOOLMAGIC.ru
08.01.2024;TOOLSCODER.ru
08.01.2024;TOP-OF-THE.ru
08.01.2024;TOPAZK.ru
08.01.2024;TOPBANCK.ru
08.01.2024;TOPBIZKNIG.ru
08.01.2024;TOPDPS.ru
08.01.2024;TOPENDURO.ru
08.01.2024;TOPFOTKI.ru
08.01.2024;TOPSTOL63.ru
08.01.2024;TOPTISHKA.ru
08.01.2024;TORIZACIA.ru
08.01.2024;TOROG.ru
08.01.2024;TOUBCALEXPERT.ru
08.01.2024;TOUBKAL.ru
08.01.2024;TOUBKAL24.ru
08.01.2024;TOUR-CONTENT.ru
08.01.2024;TOURCONTENT.ru
08.01.2024;TOURISMCOURSE.ru
08.01.2024;TOURS-SAYA.ru
08.01.2024;TPERM.ru
08.01.2024;TRACK-ID29.ru
08.01.2024;TRADEIN-SHOP.ru
08.01.2024;TRADINGRULES.ru
08.01.2024;TRAFIK-GROUP.ru
08.01.2024;TRANSFORMATION-FOR-YOU.ru
08.01.2024;TRAVELSMARINA.ru
08.01.2024;TRAVERSEPITER.ru
08.01.2024;TREEPLENEEDLE.ru
08.01.2024;TREKVNEPAL.ru
08.01.2024;TRIANGOWL.ru
08.01.2024;TRIMTREX.ru
08.01.2024;TRIP-7319.ru
08.01.2024;TRIPPLE-X.ru
08.01.2024;TROFREM.ru
08.01.2024;TROPKINA.ru
08.01.2024;TRUEMIKMSKTT.ru
08.01.2024;TRUESERVPROTT.ru
08.01.2024;TSM-CH.ru
08.01.2024;TUMAAN.ru
08.01.2024;TUNINGVAG.ru
08.01.2024;TUPOLNIK.ru
08.01.2024;TURBIN-VINO.ru
08.01.2024;TURBINVINO.ru
08.01.2024;TUTDAROM.ru
08.01.2024;TUYAMODA.ru
08.01.2024;TVOI-MANIKUR.ru
08.01.2024;TVORCHES.ru
08.01.2024;TWIAD.ru
08.01.2024;TWIZIROREM-RUFI24.ru
08.01.2024;TWOIKOD.ru
08.01.2024;TYOSHAA.ru
08.01.2024;TYTUK.ru
08.01.2024;TZAK.ru
08.01.2024;UAGODNAYA.ru
08.01.2024;UAKBAEV.ru
08.01.2024;UBERSPORT.ru
08.01.2024;UBORCA-POSLE-POZHARA.ru
08.01.2024;UBORCA-POSLE-POZHARA-MSK.ru
08.01.2024;UBORKA-GRYAZNOJ-KVARTIRY.ru
08.01.2024;UBORKA-GRYAZNOJ-KVARTIRY-MSK.ru
08.01.2024;UCHIM-BIOLOGIU.ru
08.01.2024;UCHINESE.ru
08.01.2024;UCUSANAELL.ru
08.01.2024;UDOSTOVERENIYA86SURGUT.ru
08.01.2024;UF63.ru
08.01.2024;UGHB.ru
08.01.2024;UJUTMETR.ru
08.01.2024;UK-GALS.ru
08.01.2024;UKGALS.ru
08.01.2024;UKLADKA-VOLOS.ru
08.01.2024;UKUDOM.ru
08.01.2024;UKYDOM.ru
08.01.2024;UNGINONNI.ru
08.01.2024;UNIVERSEMUSIC.ru
08.01.2024;UNIXVPN.ru
08.01.2024;UNRESTER.ru
08.01.2024;UPAKOVKA62.ru
08.01.2024;URAEVSKIJ.ru
08.01.2024;URAL-HERBS.ru
08.01.2024;URAPAY.ru
08.01.2024;URIST-ULSK.ru
08.01.2024;UROLOG-DN.ru
08.01.2024;USA-EDU.ru
08.01.2024;USHAMIRSKAYA.ru
08.01.2024;USLUGI-AGRODRONA.ru
08.01.2024;USPESHNYJ.ru
08.01.2024;UTIUTI.ru
08.01.2024;UTR-KAZS3.ru
08.01.2024;UTSRF.ru
08.01.2024;UZNALKA.ru
08.01.2024;UZSHOPONLINE.ru
08.01.2024;V-INTERER.ru
08.01.2024;V-MOTORNAYA.ru
08.01.2024;V0OHJI3.ru
08.01.2024;VAC-PARTS.ru
08.01.2024;VADJ.ru
08.01.2024;VAIER.ru
08.01.2024;VALORANTSPIN.ru
08.01.2024;VANASTASIN.ru
08.01.2024;VASHPODAROKIVLEEVA.ru
08.01.2024;VASYAGIN086.ru
08.01.2024;VAVADA-IGRAT-ONLAJN.ru
08.01.2024;VAVADA989.ru
08.01.2024;VBASTRIKOV.ru
08.01.2024;VDGRECHKO.ru
08.01.2024;VDVPOSTBOT.ru
08.01.2024;VEDPORTAL-TEST.ru
08.01.2024;VELIFURKAN.ru
08.01.2024;VERAMEDMAR.ru
08.01.2024;VERESARA.ru
08.01.2024;VERTICAL-CAMP.ru
08.01.2024;VGIPNOZE.ru
08.01.2024;VIBRAGIN.ru
08.01.2024;VIEWSNAP.ru
08.01.2024;VIK0.ru
08.01.2024;VIKAMARKINA.ru
08.01.2024;VIKENERGOAVTOMAT.ru
08.01.2024;VILORYLAP.ru
08.01.2024;VIRTUALBOND.ru
08.01.2024;VIRTUALITYSHOW.ru
08.01.2024;VISAASSISTANT.ru
08.01.2024;VITALI-NEKRASOV.ru
08.01.2024;VIVA-CAKE.ru
08.01.2024;VIVO-CIS.ru
08.01.2024;VKAUCSBOT.ru
08.01.2024;VKONDAKOVA.ru
08.01.2024;VKORSHIK.ru
08.01.2024;VKUSNYAEDA.ru
08.01.2024;VLADAMAZHUGA.ru
08.01.2024;VLADCAR125.ru
08.01.2024;VLADIMIR-PILIPENKO.ru
08.01.2024;VLADIMIRMLS.ru
08.01.2024;VLADISLAVKIDANOV.ru
08.01.2024;VLADRYABOV.ru
08.01.2024;VLIANIEISTORICHESKIHFACTOROVNARASVITIEIZOBRAZITELNOGOIS.ru
08.01.2024;VLRUSSKIKH.ru
08.01.2024;VMASALOVA.ru
08.01.2024;VMRZK.ru
08.01.2024;VNEVSKIJ.ru
08.01.2024;VOLKG50REY.ru
08.01.2024;VOLODY19.ru
08.01.2024;VOLOGDA-WOOD.ru
08.01.2024;VOLOSHIN-STAVROPOL.ru
08.01.2024;VOROTA-KOXMA.ru
08.01.2024;VOSIK.ru
08.01.2024;VOSTORG-ECLAIRS.ru
08.01.2024;VOT-OGORODIK.ru
08.01.2024;VOVA-4IR.ru
08.01.2024;VOVKUSERU.ru
08.01.2024;VOYTYUK-PHOTO.ru
08.01.2024;VP-EMAIL.ru
08.01.2024;VPCONF.ru
08.01.2024;VPOLUEKTOVA.ru
08.01.2024;VRGTCOMPANY.ru
08.01.2024;VRM48.ru
08.01.2024;VSALMIN.ru
08.01.2024;VSE-KURSY-PYTHON.ru
08.01.2024;VSE-ZUBI-SARATOV.ru
08.01.2024;VSEBROVI.ru
08.01.2024;VSEMBILETLOTO.ru
08.01.2024;VSERUSSKOE.ru
08.01.2024;VSESLOVOPACAN.ru
08.01.2024;VSESTELKI24.ru
08.01.2024;VSEVKAM.ru
08.01.2024;VSTYPLENIE-V-SRO-SROCHNO.ru
08.01.2024;VSTYPLENIE-V-SRO-SROCHNO-RF.ru
08.01.2024;VSUKHONOS.ru
08.01.2024;VSYAHIMIA.ru
08.01.2024;VTISHIN.ru
08.01.2024;VYATININA.ru
08.01.2024;VYKUPAVTO74.ru
08.01.2024;VYSOTSKYIALP.ru
08.01.2024;VYVOZMUSORA-NF.ru
08.01.2024;WAKE-UP-NEO.ru
08.01.2024;WALLETPAYNET.ru
08.01.2024;WALPPAY.ru
08.01.2024;WARDHAM.ru
08.01.2024;WASZKONTENER.ru
08.01.2024;WAVES-CREDITE.ru
08.01.2024;WBZAKOPEIKI.ru
08.01.2024;WEB-SPORA.ru
08.01.2024;WEB-ULITKA.ru
08.01.2024;WEB2IT.ru
08.01.2024;WEBASTO-NADYM.ru
08.01.2024;WEBCOVERLET.ru
08.01.2024;WEBCRABS.ru
08.01.2024;WEBDSK.ru
08.01.2024;WEBFOODASSISTANT.ru
08.01.2024;WEBFOODDELIVERY.ru
08.01.2024;WEBFOODSYSTEM.ru
08.01.2024;WEBSOFTER.ru
08.01.2024;WECHANT.ru
08.01.2024;WEDENEEVA.ru
08.01.2024;WEDTIMES.ru
08.01.2024;WEREVER.ru
08.01.2024;WESLYNET.ru
08.01.2024;WHAATCSAP.ru
08.01.2024;WHENPRODUCTION.ru
08.01.2024;WHHATCAP.ru
08.01.2024;WHOLE-EVERGLOW.ru
08.01.2024;WILDWHITEWOLFY.ru
08.01.2024;WINCHESS.ru
08.01.2024;WINTERDREAMTOUR.ru
08.01.2024;WM-GAMES.ru
08.01.2024;WOGARCHIVE.ru
08.01.2024;WONDERSOPPING.ru
08.01.2024;WORK-PUSHKAREVAON.ru
08.01.2024;WORLD-FORTUNE.ru
08.01.2024;WORLD-VPN.ru
08.01.2024;WORLDFORTUNE.ru
08.01.2024;WORONTSOW.ru
08.01.2024;WOWVITALY2017.ru
08.01.2024;WUFFLES.ru
08.01.2024;WWRR.ru
08.01.2024;WWW-MASTER-SPLIT.ru
08.01.2024;X-ROCKET.ru
08.01.2024;X3MDOT.ru
08.01.2024;X3MM.ru
08.01.2024;XARIUM.ru
08.01.2024;XBLOOM.ru
08.01.2024;XDEVELOP.ru
08.01.2024;XENORALIES.ru
08.01.2024;XINALIAN.ru
08.01.2024;XNETWORKS.ru
08.01.2024;XTICAPI.ru
08.01.2024;XTRENDS.ru
08.01.2024;XXLEGION.ru
08.01.2024;YA-GE.ru
08.01.2024;YAGNISHEV.ru
08.01.2024;YAHMUR-MEDITATION.ru
08.01.2024;YAK86.ru
08.01.2024;YAKISHIN.ru
08.01.2024;YALICE.ru
08.01.2024;YANDEX-PISANOVA.ru
08.01.2024;YANDEXPARTNERSERVICE.ru
08.01.2024;YANEDAPART.ru
08.01.2024;YANKISFOTO.ru
08.01.2024;YAQA.ru
08.01.2024;YARKIY-GOROD.ru
08.01.2024;YARMIINFO.ru
08.01.2024;YARRAPROEKT.ru
08.01.2024;YASBOT.ru
08.01.2024;YEEZYWORLDS.ru
08.01.2024;YELLOW-CLUB.ru
08.01.2024;YELOPUKOVICH.ru
08.01.2024;YFALKO.ru
08.01.2024;YNDXX.ru
08.01.2024;YOOLOVIA.ru
08.01.2024;YORINONALA.ru
08.01.2024;YOURLUXHUB.ru
08.01.2024;YPASTUKHOV.ru
08.01.2024;YUDINAPOLINA.ru
08.01.2024;YUKOO.ru
08.01.2024;YULA1212.ru
08.01.2024;YULIABUYUN.ru
08.01.2024;YUMA-RP.ru
08.01.2024;YUPITERMEBEL.ru
08.01.2024;YURIST24-ONLINE.ru
08.01.2024;YUTNOEMESTO.ru
08.01.2024;Z-DETEKTOR.ru
08.01.2024;Z51CHV.ru
08.01.2024;Z8YNV.ru
08.01.2024;ZA-ZA-ZAIM.ru
08.01.2024;ZADROT-CHAN.ru
08.01.2024;ZAI161.ru
08.01.2024;ZAIKA-MARKETING.ru
08.01.2024;ZAIMUSEICHAS.ru
08.01.2024;ZAKAZ2138.ru
08.01.2024;ZAKD.ru
08.01.2024;ZAKHARAU.ru
08.01.2024;ZAKONNO24-NE-PLACHY.ru
08.01.2024;ZAKONNO24-STOP-DOLG.ru
08.01.2024;ZAP-MSK.ru
08.01.2024;ZAREMA-AJI.ru
08.01.2024;ZARYVNOVA.ru
08.01.2024;ZASOBA-7.ru
08.01.2024;ZAYEMONLINE.ru
08.01.2024;ZAYMY-MFO.ru
08.01.2024;ZAZAHOME.ru
08.01.2024;ZC4TM6W.ru
08.01.2024;ZDRAVIYASTRANE.ru
08.01.2024;ZEIGHT.ru
08.01.2024;ZEMLYA-SMYSLOV.ru
08.01.2024;ZEPTERRUS.ru
08.01.2024;ZHILANIA.ru
08.01.2024;ZHONGSHENG-GROUP.ru
08.01.2024;ZHONGSHENGGROUP.ru
08.01.2024;ZIBIMBAM.ru
08.01.2024;ZIVOY.ru
08.01.2024;ZLATA-VERA.ru
08.01.2024;ZMK-WELD.ru
08.01.2024;ZMK66.ru
08.01.2024;ZNACHENIE-KLICHKI.ru
08.01.2024;ZNAKOMLYS.ru
08.01.2024;ZNAKOMOF.ru
08.01.2024;ZOLOTAREVA-INTERIOR.ru
08.01.2024;ZOLOTOVA-TOP.ru
08.01.2024;ZOO4.ru
08.01.2024;ZOOMOTO.ru
08.01.2024;ZUBOVA24.ru
08.01.2024;ZUCZUG.ru
08.01.2024;ZUMFAP.ru
08.01.2024;ZVEZDYVAFRIKE.ru
08.01.2024;ZVONILENE.ru
08.01.2024;ZXGHO.ru
08.01.2024;ZYKOV-PHOTO.ru
08.01.2024;ZYLT.ru
08.01.2024;ZZARI.ru
09.01.2024;04RU.ru
09.01.2024;09-09.ru
09.01.2024;090124.ru
09.01.2024;090973-ULANOV.ru
09.01.2024;09SLADKO.ru
09.01.2024;0RIOFFICE.ru
09.01.2024;1000ST.ru
09.01.2024;1001PUZZLES.ru
09.01.2024;100500FACTS.ru
09.01.2024;1098.ru
09.01.2024;11V11.ru
09.01.2024;120-NA-80.ru
09.01.2024;1212012.ru
09.01.2024;13-OPERATION.ru
09.01.2024;15FES.ru
09.01.2024;161POTOLOK.ru
09.01.2024;192876.ru
09.01.2024;1C-VIT.ru
09.01.2024;1CPPZ.ru
09.01.2024;1CSCALE.ru
09.01.2024;1WIN-PROMOCODES-CFD.ru
09.01.2024;1WINSLOTS.ru
09.01.2024;1XBET-GOOD213.ru
09.01.2024;1XBETD.ru
09.01.2024;1XBETNK.ru
09.01.2024;2-HOLOP.ru
09.01.2024;2-XOLOP.ru
09.01.2024;2000WATT.ru
09.01.2024;2024-GO.ru
09.01.2024;2024CHEAPS.ru
09.01.2024;2024CHEAPSALE.ru
09.01.2024;2024OUTLETCHEAP.ru
09.01.2024;2024OUTLETFACTORY.ru
09.01.2024;207KCASINO.ru
09.01.2024;228COM.ru
09.01.2024;23FES.ru
09.01.2024;24-7COM.ru
09.01.2024;24-POTENCIYA.ru
09.01.2024;2424-7COM.ru
09.01.2024;24ALTERNATIVA.ru
09.01.2024;24GOLD.ru
09.01.2024;24MASTER-SERVICE.ru
09.01.2024;24PROVET.ru
09.01.2024;24TECHNOPLUS.ru
09.01.2024;24TERMA.ru
09.01.2024;24WISEXCHANGER.ru
09.01.2024;258359.ru
09.01.2024;26FES.ru
09.01.2024;2928-CARGO.ru
09.01.2024;2928CARGO.ru
09.01.2024;2COMING.ru
09.01.2024;2HOME2.ru
09.01.2024;2WEBCO.ru
09.01.2024;2WEBCOMPANY.ru
09.01.2024;30FES.ru
09.01.2024;31ZOV.ru
09.01.2024;33733.ru
09.01.2024;33REST.ru
09.01.2024;33STORAGE.ru
09.01.2024;34FES.ru
09.01.2024;3D-DV.ru
09.01.2024;3DESIGER.ru
09.01.2024;41120.ru
09.01.2024;4GAMEINN.ru
09.01.2024;4PLAN.ru
09.01.2024;4UBAROV.ru
09.01.2024;61FES.ru
09.01.2024;7-SECONDS.ru
09.01.2024;777-PINUP702.ru
09.01.2024;818PVV.ru
09.01.2024;87KCASINO.ru
09.01.2024;8ZNANII.ru
09.01.2024;9037947323.ru
09.01.2024;95FES.ru
09.01.2024;96-GR.ru
09.01.2024;9870987.ru
09.01.2024;A-ARTYUKH.ru
09.01.2024;A-BUDARIN.ru
09.01.2024;A-HEAD.ru
09.01.2024;A-IM.ru
09.01.2024;A-KLASS-PLUS.ru
09.01.2024;A-LENA-OK.ru
09.01.2024;A2468L.ru
09.01.2024;A30RETOUCH.ru
09.01.2024;AA-T.ru
09.01.2024;AAA-PLUS.ru
09.01.2024;AARRIIFF.ru
09.01.2024;ABAKOSTROMA.ru
09.01.2024;ABDRAKHMAN.ru
09.01.2024;ABDULAHATOV.ru
09.01.2024;ABFURNI.ru
09.01.2024;ABOBZAN.ru
09.01.2024;ABOUTIQ.ru
09.01.2024;ABRAMCHUKOVA-COPYWRITER.ru
09.01.2024;ABSOLUTTTE.ru
09.01.2024;ABSURDCODE.ru
09.01.2024;ABURYJ.ru
09.01.2024;ACADEMYFILTR.ru
09.01.2024;ACCOUNTSBUY.ru
09.01.2024;ACEPHYPH.ru
09.01.2024;ACHASTOV.ru
09.01.2024;ACHMUH.ru
09.01.2024;ACKWINSM.ru
09.01.2024;ACLAIRE.ru
09.01.2024;ACTIVATOR-OFFICE.ru
09.01.2024;ADBSALES.ru
09.01.2024;ADEP-T.ru
09.01.2024;ADFV.ru
09.01.2024;ADMKOCHETOVSKOE.ru
09.01.2024;ADRONIT.ru
09.01.2024;ADS-DATA.ru
09.01.2024;ADSCOLL.ru
09.01.2024;ADVOKAT-MITINO.ru
09.01.2024;ADWET.ru
09.01.2024;AELITAPETROVA.ru
09.01.2024;AERMOLITSKY.ru
09.01.2024;AETELING.ru
09.01.2024;AFG-MSK.ru
09.01.2024;AFLA-VIITORUL.ru
09.01.2024;AGASIO15.ru
09.01.2024;AGENTCOZY.ru
09.01.2024;AGENTGRU.ru
09.01.2024;AGOYA.ru
09.01.2024;AGRO-SENSOR.ru
09.01.2024;AGROGOU.ru
09.01.2024;AGROSENSORS.ru
09.01.2024;AHKRASOTKA.ru
09.01.2024;AIAIX.ru
09.01.2024;AICORTEX.ru
09.01.2024;AIDEVTECH.ru
09.01.2024;AINTEGRA.ru
09.01.2024;AINTELLECTS.ru
09.01.2024;AIRDEVICE.ru
09.01.2024;AIREALTOR.ru
09.01.2024;AIRINSECURITY.ru
09.01.2024;AIRTECHNIC.ru
09.01.2024;AISTROKE.ru
09.01.2024;AISYSDEV.ru
09.01.2024;AK84.ru
09.01.2024;AKADEMIA-OBRAZOVANIE.ru
09.01.2024;AKARAVAEV.ru
09.01.2024;AKB-DLYA-AVTO.ru
09.01.2024;AKINFERB.ru
09.01.2024;AKKUMULYATORNAYA-MINI-PILA.ru
09.01.2024;AKSANAKA.ru
09.01.2024;AKSENTEHNO.ru
09.01.2024;AKVIL69.ru
09.01.2024;AKYUZOTO1967.ru
09.01.2024;AL-AMIRKHANYAN.ru
09.01.2024;AL-TOURS.ru
09.01.2024;ALBRANT1.ru
09.01.2024;ALCODOSTAVKACLUB1210.ru
09.01.2024;ALCODOSTAVKASHOP1218.ru
09.01.2024;ALEBOOSTER.ru
09.01.2024;ALEGKIJ.ru
09.01.2024;ALEKS7549.ru
09.01.2024;ALEKSAKN.ru
09.01.2024;ALEKSEENKO-ROMA.ru
09.01.2024;ALEKSEY-NEMOV.ru
09.01.2024;ALEKSEYSHEVCHENKO.ru
09.01.2024;ALEMINTIS.ru
09.01.2024;ALENA-REDREEVA.ru
09.01.2024;ALENAKOPYLOVA.ru
09.01.2024;ALEROLS.ru
09.01.2024;ALETOPUS.ru
09.01.2024;ALEXANDRMAXIUTA.ru
09.01.2024;ALEXEV.ru
09.01.2024;ALEXEYKHROMOFF.ru
09.01.2024;ALEXPOD.ru
09.01.2024;ALFADEBETCARD.ru
09.01.2024;ALFAFORYMAGENT.ru
09.01.2024;ALINA-STORIES.ru
09.01.2024;ALINADROFEEVA.ru
09.01.2024;ALINAEFREMOVA.ru
09.01.2024;ALIRA-FORMULA.ru
09.01.2024;ALIRAFORMULA.ru
09.01.2024;ALISA1511.ru
09.01.2024;ALISA23.ru
09.01.2024;ALISAPROSEX.ru
09.01.2024;ALIVIN.ru
09.01.2024;ALKIREEV.ru
09.01.2024;ALL2024PRZ.ru
09.01.2024;ALLAGUZOVA.ru
09.01.2024;ALLAMOS.ru
09.01.2024;ALLCHATBOT.ru
09.01.2024;ALLMODDB.ru
09.01.2024;ALLPROMOKODS.ru
09.01.2024;ALLTHEMEBEL.ru
09.01.2024;ALOKOLS.ru
09.01.2024;ALQADY.ru
09.01.2024;ALTAIKRAI22.ru
09.01.2024;ALTTOBACCO.ru
09.01.2024;ALUMASTERS.ru
09.01.2024;AMAKSIMEN.ru
09.01.2024;AMALAFRUIT.ru
09.01.2024;AMALYUKOV.ru
09.01.2024;AMAMIN.ru
09.01.2024;AMAZONIA-GROUP.ru
09.01.2024;AMAZONIAGROUP.ru
09.01.2024;AMBSENMOS.ru
09.01.2024;AMGT-HOUSE.ru
09.01.2024;AMIRBEKOV-1.ru
09.01.2024;AMIRGARIPOV.ru
09.01.2024;AMOREES.ru
09.01.2024;AMOTYAKOV.ru
09.01.2024;AMPARO196.ru
09.01.2024;AMULET-NAKONECHNIK-FREYI.ru
09.01.2024;AMYSLIK.ru
09.01.2024;AMZIN1.ru
09.01.2024;AN-FM.ru
09.01.2024;AN-TANDEM.ru
09.01.2024;ANANASART.ru
09.01.2024;ANANASDOM.ru
09.01.2024;ANARCHY-LEGEND.ru
09.01.2024;ANASTASIASTEPANOVA.ru
09.01.2024;ANASTASIELIEVRE.ru
09.01.2024;ANASTTECH.ru
09.01.2024;ANATOLII-RS.ru
09.01.2024;ANCELYNN.ru
09.01.2024;ANDRE-PAVLOV.ru
09.01.2024;ANDROSOVACOACH.ru
09.01.2024;ANDRU44.ru
09.01.2024;ANDRUSHIN.ru
09.01.2024;ANFEDOTOVDESIGN.ru
09.01.2024;ANIKINA009.ru
09.01.2024;ANIKINAKM59.ru
09.01.2024;ANISSOVI.ru
09.01.2024;ANKETA-OPEN.ru
09.01.2024;ANKETA-YCLYG.ru
09.01.2024;ANNA-ALEHINA.ru
09.01.2024;ANNA-IGOREVN.ru
09.01.2024;ANNA-SYSOEVA.ru
09.01.2024;ANNA21127-1.ru
09.01.2024;ANNAFURSOVA.ru
09.01.2024;ANNAHARITONOVA.ru
09.01.2024;ANNALIBINA.ru
09.01.2024;ANNAMAKSIMENKO.ru
09.01.2024;ANONASLEDIE-KRSK.ru
09.01.2024;ANTDATACENTER.ru
09.01.2024;ANTICHRIST666.ru
09.01.2024;ANTIFARA.ru
09.01.2024;ANTIFRAUDSTER.ru
09.01.2024;ANTIPINA-SOROKINA.ru
09.01.2024;ANTIWES.ru
09.01.2024;ANTONBATUEV.ru
09.01.2024;ANTOS1996.ru
09.01.2024;ANTX24GO.ru
09.01.2024;ANYKEYMAN.ru
09.01.2024;ANYMONEYBOT.ru
09.01.2024;AOC-DELL-HP.ru
09.01.2024;AOCDELLHP.ru
09.01.2024;AODOEVSKY.ru
09.01.2024;APEXMINE.ru
09.01.2024;APIDB.ru
09.01.2024;APP74.ru
09.01.2024;APPARATY-SVARKA.ru
09.01.2024;APPARC.ru
09.01.2024;APPS-NODE.ru
09.01.2024;APTEKAGO-RABOTA.ru
09.01.2024;APUSHKA55.ru
09.01.2024;ARBITSCANNER.ru
09.01.2024;ARCHIMUSEUM.ru
09.01.2024;ARCPLAY.ru
09.01.2024;ARCVIKVEDUNIA.ru
09.01.2024;ARD3Y.ru
09.01.2024;ARENDA-KRANA24.ru
09.01.2024;ARGORN.ru
09.01.2024;ARKHYZ-KURORT.ru
09.01.2024;ARKTIKA77R.ru
09.01.2024;ARMANLIGHT.ru
09.01.2024;ARMBRANDY.ru
09.01.2024;AROMAVOLNY.ru
09.01.2024;AROMYVOLNY.ru
09.01.2024;ARONOVASK.ru
09.01.2024;ART-ACADEMY-DAR.ru
09.01.2024;ART-NOTA.ru
09.01.2024;ARTBUDO-HOUSE.ru
09.01.2024;ARTDIZAINMSK.ru
09.01.2024;ARTEMBIYAK.ru
09.01.2024;ARTEX-CREDIT.ru
09.01.2024;ARTKARAMBA.ru
09.01.2024;ARTKIDS-WEAR.ru
09.01.2024;ARTKIDSWEAR.ru
09.01.2024;ARTPUSHKIN.ru
09.01.2024;ARTS-MIND.ru
09.01.2024;ARTURFEDENEV.ru
09.01.2024;ARZCOUNTRY.ru
09.01.2024;ASFANDESIGN.ru
09.01.2024;ASHABRUKOV.ru
09.01.2024;ASHAFEEVA.ru
09.01.2024;ASHEPUROV.ru
09.01.2024;ASIKLEM.ru
09.01.2024;ASIZONENKO.ru
09.01.2024;ASKTARO.ru
09.01.2024;ASKTUT-OTVET.ru
09.01.2024;ASKTUT-VOPROS.ru
09.01.2024;ASMORGUN.ru
09.01.2024;ASSANELORA.ru
09.01.2024;ASSIDEI.ru
09.01.2024;ASTRAAMOVSKOE.ru
09.01.2024;ASTRACENTR.ru
09.01.2024;ASTRODOBROO.ru
09.01.2024;ASTROMAPS.ru
09.01.2024;ATISHKIN.ru
09.01.2024;ATMANSKII.ru
09.01.2024;ATMOSPH.ru
09.01.2024;ATN-SERVICES.ru
09.01.2024;ATOM-SM.ru
09.01.2024;ATOMIC-BEAM.ru
09.01.2024;ATOMY-SHOP.ru
09.01.2024;ATROYANOVSKAYA.ru
09.01.2024;ATTRACTIONSCRIMEA.ru
09.01.2024;AUDIOBOOK-S.ru
09.01.2024;AUDITBFO.ru
09.01.2024;AUHOVA.ru
09.01.2024;AURORA-38.ru
09.01.2024;AURUM-CRUISE.ru
09.01.2024;AUSIK.ru
09.01.2024;AUTHMALL.ru
09.01.2024;AUTO-INEWS.ru
09.01.2024;AUTOAITO.ru
09.01.2024;AUTOCHECKPOINT.ru
09.01.2024;AUTOLIN.ru
09.01.2024;AV-STM-OLD.ru
09.01.2024;AV-VOLKOV.ru
09.01.2024;AVERYANOW.ru
09.01.2024;AVITOLOG-KO.ru
09.01.2024;AVTO-EXPERTIZA360.ru
09.01.2024;AVTO-LED-FOX.ru
09.01.2024;AVTOBAFERI.ru
09.01.2024;AVTOBUY96.ru
09.01.2024;AVTOKALITKA.ru
09.01.2024;AVTOMIRAGE.ru
09.01.2024;AVTOMOBILEPORTAL.ru
09.01.2024;AVTOPLUSE.ru
09.01.2024;AVTOSERVIS-TOCHKA.ru
09.01.2024;AVTOSERVISOTADOIA.ru
09.01.2024;AWNQUOTED.ru
09.01.2024;AXE-BOARD.ru
09.01.2024;AXE-KIREEVA.ru
09.01.2024;AYKA-YANDEX.ru
09.01.2024;AYKINE.ru
09.01.2024;AZELENKOVA.ru
09.01.2024;AZINO777-7TELL.ru
09.01.2024;AZINO777-7THEY.ru
09.01.2024;AZINO777-7TO7.ru
09.01.2024;AZINO777-BONUS7.ru
09.01.2024;AZINO777-CASINO-PRO.ru
09.01.2024;AZINO777-CAZINO.ru
09.01.2024;AZINO777-CAZINOPAYZ.ru
09.01.2024;AZINO777-COM5.ru
09.01.2024;AZINO777-E.ru
09.01.2024;AZINO777-GAME.ru
09.01.2024;AZINO777-GET-BONUS.ru
09.01.2024;AZINO777-GOU.ru
09.01.2024;AZINO777-KASINOPLAY.ru
09.01.2024;AZINO777-KAZINO16.ru
09.01.2024;AZINO777-MO9.ru
09.01.2024;AZINO777-NY.ru
09.01.2024;AZINO777-OFICIALNIY-MOBBILNAYA.ru
09.01.2024;AZINO777-OFICIALNIY-SITE-MOBBILNAYA.ru
09.01.2024;AZINO777-ORIGINAL.ru
09.01.2024;AZINO777-REGGISTRACIYA.ru
09.01.2024;AZINO777-REGISTRACIJA.ru
09.01.2024;AZINO777-SAYT.ru
09.01.2024;AZINO777-TOPCAZINO.ru
09.01.2024;AZINO777-TOPSITE.ru
09.01.2024;AZINO777-XXL.ru
09.01.2024;AZINO777-ZERKALO.ru
09.01.2024;AZINO777-ZERKALO777.ru
09.01.2024;AZINO777CASINOCASH.ru
09.01.2024;AZINO777KAZINOSHKA131.ru
09.01.2024;AZINO777KAZINOSHKA21.ru
09.01.2024;AZINO777ONILNE.ru
09.01.2024;AZINO777WINMONEY.ru
09.01.2024;AZINOWINCASINO.ru
09.01.2024;AZSDLYASVOIH.ru
09.01.2024;AZUCAR.ru
09.01.2024;B-BO.ru
09.01.2024;B-MV.ru
09.01.2024;B4-GROUP.ru
09.01.2024;BABUSHARA.ru
09.01.2024;BAELBRAND.ru
09.01.2024;BAFFTYU3.ru
09.01.2024;BAGRYANTSEVD.ru
09.01.2024;BALIMA.ru
09.01.2024;BALOROV.ru
09.01.2024;BALTENSOUL.ru
09.01.2024;BANANBERRY.ru
09.01.2024;BAND-HOST.ru
09.01.2024;BANK-AKBARS.ru
09.01.2024;BANK-PSB.ru
09.01.2024;BANTIKO.ru
09.01.2024;BARASHKO78.ru
09.01.2024;BARBARA-PSY.ru
09.01.2024;BARBER-COSMETIC.ru
09.01.2024;BARBERINVEST.ru
09.01.2024;BARBERSHOP-KIROV.ru
09.01.2024;BARBERSHOPFAVORIT.ru
09.01.2024;BASHHIMTRANS.ru
09.01.2024;BASMAKSOV-PRO.ru
09.01.2024;BATINO.ru
09.01.2024;BATONCLEANING.ru
09.01.2024;BAVSTUDIO.ru
09.01.2024;BAYON-BARNAUL22.ru
09.01.2024;BAZA412.ru
09.01.2024;BAZHENOV-MEBEL.ru
09.01.2024;BBELYJ.ru
09.01.2024;BCS54.ru
09.01.2024;BEADSCHEME.ru
09.01.2024;BEAUTEKBEAUTY.ru
09.01.2024;BEAUTY-ACADEMY-D.ru
09.01.2024;BEAUTY-STYLING.ru
09.01.2024;BEAUTYPAD.ru
09.01.2024;BEAUTYWEBINAR.ru
09.01.2024;BEDLINGTONTERRIER.ru
09.01.2024;BEKETOV-1.ru
09.01.2024;BELACHEV.ru
09.01.2024;BELAJA-TOP.ru
09.01.2024;BELKAPLAY.ru
09.01.2024;BELLEDARSALON.ru
09.01.2024;BELOSNOFF.ru
09.01.2024;BELOUSOV36.ru
09.01.2024;BELOVEDGOD.ru
09.01.2024;BELOVLIVE.ru
09.01.2024;BELTCRAFTERS.ru
09.01.2024;BELUGA68.ru
09.01.2024;BELYNKA27.ru
09.01.2024;BENNIBA.ru
09.01.2024;BENTGLASS.ru
09.01.2024;BEREZA777.ru
09.01.2024;BEREZKAPOLSKA.ru
09.01.2024;BERHIKK.ru
09.01.2024;BERLINPOST.ru
09.01.2024;BERRYPHONE.ru
09.01.2024;BESSMERTNYKH.ru
09.01.2024;BEST-ENGINEER.ru
09.01.2024;BEST-LINKS.ru
09.01.2024;BEST2024CHEAP.ru
09.01.2024;BEST2024FACTORY.ru
09.01.2024;BESTCOURSES1C.ru
09.01.2024;BESTFORECAST.ru
09.01.2024;BESTN2024X.ru
09.01.2024;BETON-SPB-MONOLIT.ru
09.01.2024;BETON-V-SIMFEROPOLE.ru
09.01.2024;BEZDEPOZZ.ru
09.01.2024;BFL-KLIENT2024.ru
09.01.2024;BFPLAST.ru
09.01.2024;BG-SHELDYAEV.ru
09.01.2024;BHSONXILSLIN.ru
09.01.2024;BIFMARKET.ru
09.01.2024;BIFPRAVO.ru
09.01.2024;BIG-DATA-LEADS.ru
09.01.2024;BIG-GREENEGG.ru
09.01.2024;BIGDONGMONKEYKONG.ru
09.01.2024;BILETOTIVLEEVOY.ru
09.01.2024;BINARIUM-BONUS.ru
09.01.2024;BINARIUM-FORUM.ru
09.01.2024;BINARIUM-MEDIA.ru
09.01.2024;BINARIUM-MOBI.ru
09.01.2024;BINARIUM-TRADER.ru
09.01.2024;BINARIUM-TRADING.ru
09.01.2024;BINGO2024X.ru
09.01.2024;BIOLARLABS.ru
09.01.2024;BISWIND.ru
09.01.2024;BIT-HOST.ru
09.01.2024;BITDO.ru
09.01.2024;BIYADI.ru
09.01.2024;BIZCLASH.ru
09.01.2024;BIZIIPACK.ru
09.01.2024;BIZNES-SEGODNYA.ru
09.01.2024;BK-SERVICES.ru
09.01.2024;BLACK-KLIGAN.ru
09.01.2024;BLACK-WHITE-PROJECT.ru
09.01.2024;BLACKSPRUTS-COM.ru
09.01.2024;BLACKSPRUTZ.ru
09.01.2024;BLATNOYMARKET.ru
09.01.2024;BLIPART.ru
09.01.2024;BLOG-WORLD.ru
09.01.2024;BLOOMEESH.ru
09.01.2024;BMRU8.ru
09.01.2024;BNB-GIFT.ru
09.01.2024;BOARD-WAR.ru
09.01.2024;BOB-CASINO2024.ru
09.01.2024;BOBOTLE.ru
09.01.2024;BOGATOV-MEBEL.ru
09.01.2024;BOGATSKIY-VB.ru
09.01.2024;BOLSHE-NE-PLACHY-DOLG24.ru
09.01.2024;BONDDI.ru
09.01.2024;BONUS-FS.ru
09.01.2024;BONUSSGOQ.ru
09.01.2024;BONUSSGOT.ru
09.01.2024;BONUSSGOW.ru
09.01.2024;BOOMCS.ru
09.01.2024;BOOMSTARK.ru
09.01.2024;BOOST-JET.ru
09.01.2024;BOOSTJET.ru
09.01.2024;BORK-SERVICE.ru
09.01.2024;BORODINIV.ru
09.01.2024;BORWALD.ru
09.01.2024;BOSCH-SERVISE.ru
09.01.2024;BOSSREMONT.ru
09.01.2024;BOT-PROFI.ru
09.01.2024;BOTPROFI.ru
09.01.2024;BOXED-MAIL.ru
09.01.2024;BOYBLG.ru
09.01.2024;BOYKACAMP.ru
09.01.2024;BOZHEN.ru
09.01.2024;BRACESNVRS.ru
09.01.2024;BRAINFREE.ru
09.01.2024;BRANCHCORE.ru
09.01.2024;BRANDING-KRASNODAR.ru
09.01.2024;BRANDNA.ru
09.01.2024;BRANDZA.ru
09.01.2024;BRAVO77.ru
09.01.2024;BREEZE-O.ru
09.01.2024;BREMENSKIEMUZIKANE.ru
09.01.2024;BREMENSKIEMUZIKANTE.ru
09.01.2024;BREMENSKIEMUZYKANTY-2024.ru
09.01.2024;BREMENSKIEMUZYKANTY2026.ru
09.01.2024;BRIPA.ru
09.01.2024;BRNCARECARENT.ru
09.01.2024;BRONZE-ME.ru
09.01.2024;BROOKROMAN.ru
09.01.2024;BROTHER-SERVICE.ru
09.01.2024;BRUNDAKOV.ru
09.01.2024;BRUS-KLEENI.ru
09.01.2024;BRUSKLEENI.ru
09.01.2024;BU1LD4H0ME.ru
09.01.2024;BU1LD4H0USE.ru
09.01.2024;BUBNOVSKIIMED.ru
09.01.2024;BUBNOVSKIYMED.ru
09.01.2024;BUDETGLADKO.ru
09.01.2024;BUEVICHMA.ru
09.01.2024;BUH-OBSLUZHIVANIE.ru
09.01.2024;BUILD4YOUHOME.ru
09.01.2024;BUILDH0ME2YOU.ru
09.01.2024;BUILDHOME4YOU.ru
09.01.2024;BUILDING-DISCOUNTER.ru
09.01.2024;BUK-1WIN.ru
09.01.2024;BUK-AM.ru
09.01.2024;BULSCHOOL.ru
09.01.2024;BUNDESTAG-POST.ru
09.01.2024;BURENIE-TOCHKA.ru
09.01.2024;BYBLOOM.ru
09.01.2024;BYCARE.ru
09.01.2024;BYKOVDMITRY.ru
09.01.2024;BYKOVSKAYA-ECOM.ru
09.01.2024;BYTEBUZZ.ru
09.01.2024;BYTOVO-4-KA.ru
09.01.2024;BYTRADING.ru
09.01.2024;C0RSID.ru
09.01.2024;CAIMAN-TORG.ru
09.01.2024;CAKA1994.ru
09.01.2024;CAR-SPARS.ru
09.01.2024;CAR-TRUCK.ru
09.01.2024;CAREERPATHS.ru
09.01.2024;CARGO2928.ru
09.01.2024;CARGOSTARS.ru
09.01.2024;CARLBUCH.ru
09.01.2024;CARNAGENEWS.ru
09.01.2024;CARNED.ru
09.01.2024;CARP-DIVIZION.ru
09.01.2024;CARPDIVIZION.ru
09.01.2024;CARRY24XL.ru
09.01.2024;CARS-NAME.ru
09.01.2024;CARSTIRE.ru
09.01.2024;CASH-STR.ru
09.01.2024;CASHAYLA.ru
09.01.2024;CASHEW-STUDIO.ru
09.01.2024;CASHGUY.ru
09.01.2024;CASHKITIK.ru
09.01.2024;CASHYBONUS.ru
09.01.2024;CASINO-PINUP-BET-7.ru
09.01.2024;CASINO-PINUP777.ru
09.01.2024;CASINOPINUP-NEW.ru
09.01.2024;CASINOPINUP-PAYZ.ru
09.01.2024;CASSA-POOLS.ru
09.01.2024;CATALOG-SLIVOV.ru
09.01.2024;CATBASE.ru
09.01.2024;CATH-ANA.ru
09.01.2024;CATHANA.ru
09.01.2024;CAZINOWINBABLO.ru
09.01.2024;CBER-ANKETA.ru
09.01.2024;CCLARISSSA.ru
09.01.2024;CD-COOL.ru
09.01.2024;CDREVFR.ru
09.01.2024;CDSPACE.ru
09.01.2024;CELEBRITYFLOWERS.ru
09.01.2024;CELYNNETTE.ru
09.01.2024;CENA-KACHESTVO.ru
09.01.2024;CENA-REMONTA.ru
09.01.2024;CERAMIC43.ru
09.01.2024;CERTIFICADOS.ru
09.01.2024;CF-DEVICE.ru
09.01.2024;CFUWEDDING.ru
09.01.2024;CG95897.ru
09.01.2024;CHANDRATRIBE.ru
09.01.2024;CHAPAROV.ru
09.01.2024;CHATSELL.ru
09.01.2024;CHEAP2024SALES.ru
09.01.2024;CHEAPSTORE2024.ru
09.01.2024;CHEHOL-AVTO.ru
09.01.2024;CHEHOVA4.ru
09.01.2024;CHEHOVCLUB.ru
09.01.2024;CHEK-GOOD.ru
09.01.2024;CHERLOG.ru
09.01.2024;CHERNOSVITOV.ru
09.01.2024;CHESNOKS.ru
09.01.2024;CHILLAX-OFFICIAL.ru
09.01.2024;CHINA-CONF.ru
09.01.2024;CHIPICHAPA.ru
09.01.2024;CHIROVA.ru
09.01.2024;CHISTO-MSK.ru
09.01.2024;CHISTOTAVEZDE.ru
09.01.2024;CHRONOFILE.ru
09.01.2024;CHTOPLISNILOS.ru
09.01.2024;CHUNTIAN58.ru
09.01.2024;CINCHONA.ru
09.01.2024;CINCHONA-TONIC.ru
09.01.2024;CITY-SEVER.ru
09.01.2024;CITYBAY-MOSCOW.ru
09.01.2024;CL-CONNECT.ru
09.01.2024;CLICK-MONEY-2024.ru
09.01.2024;CLICK-MONEY2024.ru
09.01.2024;CLIMATE-MSK.ru
09.01.2024;CLINICA-LOR.ru
09.01.2024;CLINIKSTOM.ru
09.01.2024;CLOUD-MALL.ru
09.01.2024;CLUBS-BEAUTY.ru
09.01.2024;CNDONGAN.ru
09.01.2024;CNPOTOLOK.ru
09.01.2024;CNRFLEX.ru
09.01.2024;COACHING-PROF.ru
09.01.2024;CODEXGRIEF.ru
09.01.2024;CODREANU.ru
09.01.2024;COFEVN.ru
09.01.2024;COFFEE-VIETNAM.ru
09.01.2024;COFFEE-VN.ru
09.01.2024;COFFEEVIETNAM.ru
09.01.2024;COGNITRON.ru
09.01.2024;COGNITRONIX.ru
09.01.2024;COINCASA.ru
09.01.2024;COINTRUE.ru
09.01.2024;COLLOIDLAB.ru
09.01.2024;COLORIT3.ru
09.01.2024;COMFORT-SEA.ru
09.01.2024;COMPLINETEAM.ru
09.01.2024;CONDITIONER-SOCHI.ru
09.01.2024;CONTESTCONCURS.ru
09.01.2024;CONTRABANDACOFFEE.ru
09.01.2024;CORPACHI.ru
09.01.2024;CORTEXCORE.ru
09.01.2024;COSMIX24PRZ.ru
09.01.2024;COSMPROM.ru
09.01.2024;COUCH-SAMARA.ru
09.01.2024;COURSES1C.ru
09.01.2024;CRAFOR-SEAT.ru
09.01.2024;CRAFTIO.ru
09.01.2024;CRAFTTOPIA.ru
09.01.2024;CRB-P.ru
09.01.2024;CREDIT-MASS.ru
09.01.2024;CRISTAL-DURSO.ru
09.01.2024;CRISTALDURSO.ru
09.01.2024;CRITSUP.ru
09.01.2024;CROSSTRACK.ru
09.01.2024;CRYPTANIKA.ru
09.01.2024;CRYPTOLIFES.ru
09.01.2024;CRYSTALBRACELET.ru
09.01.2024;CS-GOTOUR.ru
09.01.2024;CS-SBORKA.ru
09.01.2024;CSGO-TOURS.ru
09.01.2024;CTIPBLEY.ru
09.01.2024;CURRENCYCOVE.ru
09.01.2024;CYBERDOMESECURITY.ru
09.01.2024;CYBERTRUSTSECURITY.ru
09.01.2024;CYBORGKILLER.ru
09.01.2024;D-EKIMOV.ru
09.01.2024;D0MBU1ILD.ru
09.01.2024;D1ANAS2015.ru
09.01.2024;DADDYYZ.ru
09.01.2024;DAHMIRA-VPN.ru
09.01.2024;DAKASKAS3.ru
09.01.2024;DALIDENGI.ru
09.01.2024;DAMACUAE.ru
09.01.2024;DANIELS-1.ru
09.01.2024;DANIIL-ZOLOTOV.ru
09.01.2024;DANIILR1DY.ru
09.01.2024;DANILAZORIN.ru
09.01.2024;DANVALVE-REMONT.ru
09.01.2024;DARIA-CHURSOVA.ru
09.01.2024;DARIA-MEZENTSEVA.ru
09.01.2024;DARKFUSION2024.ru
09.01.2024;DARKMOON12.ru
09.01.2024;DASHASBIRTHDAY.ru
09.01.2024;DATABYTES.ru
09.01.2024;DATADEVLAB.ru
09.01.2024;DATAINFOFAIL.ru
09.01.2024;DATALECT.ru
09.01.2024;DATALECTIC.ru
09.01.2024;DATALEKT.ru
09.01.2024;DATALEKTIK.ru
09.01.2024;DATATRONIX.ru
09.01.2024;DATING-NT.ru
09.01.2024;DAVIDJAN.ru
09.01.2024;DAVYDCHENKO.ru
09.01.2024;DBAUTORENT.ru
09.01.2024;DBBYKOV.ru
09.01.2024;DCHERDAKOV.ru
09.01.2024;DD-KUPOL.ru
09.01.2024;DDAPARTS.ru
09.01.2024;DEANNER.ru
09.01.2024;DEBET-ROSBANK.ru
09.01.2024;DECISION-LAB.ru
09.01.2024;DECOR-FARFOR.ru
09.01.2024;DECORFARFOR.ru
09.01.2024;DECORSTONEFORUS.ru
09.01.2024;DEDAL-SERVICES.ru
09.01.2024;DEDJURINA.ru
09.01.2024;DEKART-S.ru
09.01.2024;DEKATERINA.ru
09.01.2024;DELE-BEAUTY-STUDIO.ru
09.01.2024;DELHI-BANK.ru
09.01.2024;DELHIBANK.ru
09.01.2024;DELIVERY-18273.ru
09.01.2024;DELIVERY-6457.ru
09.01.2024;DELIVERY-93847.ru
09.01.2024;DELIVERY-ORDER3615.ru
09.01.2024;DELIVERY-ORDER9105.ru
09.01.2024;DELIVERY220.ru
09.01.2024;DELO-STROI.ru
09.01.2024;DELO-STROI-FAB.ru
09.01.2024;DELO-STROI-FABRIC.ru
09.01.2024;DELO-STROI-FABRICA.ru
09.01.2024;DELO-STROY-FAB.ru
09.01.2024;DELO-STROY-FABRIC.ru
09.01.2024;DELO-STROY-FABRICA.ru
09.01.2024;DELO89.ru
09.01.2024;DELOSTROIFAB.ru
09.01.2024;DELOSTROIFABRIC.ru
09.01.2024;DELOSTROIFABRICA.ru
09.01.2024;DELOSTROYFAB.ru
09.01.2024;DELOSTROYFABRIC.ru
09.01.2024;DELOSTROYFABRICA.ru
09.01.2024;DELTICO.ru
09.01.2024;DELUPER.ru
09.01.2024;DELYAGINA.ru
09.01.2024;DEMOGRINC.ru
09.01.2024;DEN-PELMEN.ru
09.01.2024;DEN90.ru
09.01.2024;DENEGA.ru
09.01.2024;DENISDEKOR.ru
09.01.2024;DENISPALYCHK.ru
09.01.2024;DENISSMORCHKOV.ru
09.01.2024;DENN-RUS.ru
09.01.2024;DENON-SERVICES.ru
09.01.2024;DENPR.ru
09.01.2024;DENTALSUMMIT.ru
09.01.2024;DEPIRO.ru
09.01.2024;DEREVNYABU.ru
09.01.2024;DERVOED.ru
09.01.2024;DESERTIKGEKKON.ru
09.01.2024;DESIGN-HOME-STUDIO.ru
09.01.2024;DESIGNHOFD.ru
09.01.2024;DET12SAD.ru
09.01.2024;DEUTSCHIK.ru
09.01.2024;DEV-IQ.ru
09.01.2024;DEV-NIKOLS.ru
09.01.2024;DEV-PS.ru
09.01.2024;DEZCOMPANY1.ru
09.01.2024;DEZKRAS.ru
09.01.2024;DG-GD.ru
09.01.2024;DI-OILS.ru
09.01.2024;DIANAGULYAN.ru
09.01.2024;DIETA-NEIROS.ru
09.01.2024;DIGMA-SERVICE.ru
09.01.2024;DILSU.ru
09.01.2024;DINADIANA.ru
09.01.2024;DIPLOMAX-RUSS.ru
09.01.2024;DIPLOMX-40.ru
09.01.2024;DISHK.ru
09.01.2024;DISPUTES-MEMBER.ru
09.01.2024;DISSERC.ru
09.01.2024;DISTECHNOLOGY.ru
09.01.2024;DIVINE--FORTUNE.ru
09.01.2024;DIVINE-DESIGN.ru
09.01.2024;DIVMARE.ru
09.01.2024;DIZ-ST.ru
09.01.2024;DJBAXTON.ru
09.01.2024;DJPLOMX-V-BRYANSKE.ru
09.01.2024;DJPX-RUSSIA.ru
09.01.2024;DKA1221.ru
09.01.2024;DKLOPOV.ru
09.01.2024;DLE-STORE.ru
09.01.2024;DM-SUPPLY.ru
09.01.2024;DM59.ru
09.01.2024;DMIHEEVA.ru
09.01.2024;DMITRIYEWICH.ru
09.01.2024;DMORAN-WIKI.ru
09.01.2024;DNDMOTO.ru
09.01.2024;DOBR-DOM.ru
09.01.2024;DOBROV-1.ru
09.01.2024;DOC-MIKHEEV.ru
09.01.2024;DOCDI.ru
09.01.2024;DOCS-MAILER.ru
09.01.2024;DOCSGO-WORK.ru
09.01.2024;DOCTODI.ru
09.01.2024;DOCUSIGN-E-SIGN.ru
09.01.2024;DOLG24-STOP.ru
09.01.2024;DOLGA24-NET.ru
09.01.2024;DOLGREGION.ru
09.01.2024;DOLPOLICE.ru
09.01.2024;DOLYANAD.ru
09.01.2024;DOMINION-1.ru
09.01.2024;DOMOFON-RF.ru
09.01.2024;DOMPPAY.ru
09.01.2024;DOMRU-TARIF.ru
09.01.2024;DON91.ru
09.01.2024;DONATBRAWL.ru
09.01.2024;DONESTUDIO.ru
09.01.2024;DONGFENG-RUSSIA.ru
09.01.2024;DONNICLINIC.ru
09.01.2024;DOSTAVKA-4579.ru
09.01.2024;DOSTAVKA-ID89374.ru
09.01.2024;DOSTAVKA-ID93485.ru
09.01.2024;DOSUG-SERPUHOV.ru
09.01.2024;DOVERIE-BEZDOLGOV.ru
09.01.2024;DOZKER.ru
09.01.2024;DPARF.ru
09.01.2024;DPETIN.ru
09.01.2024;DPOLSKIH.ru
09.01.2024;DR-AI.ru
09.01.2024;DR-VOROPAEVA.ru
09.01.2024;DRAG-OSTIN.ru
09.01.2024;DRAGOSTIN.ru
09.01.2024;DRAKKAR-PARTS.ru
09.01.2024;DRANDA.ru
09.01.2024;DRDURINYAN.ru
09.01.2024;DREGANI.ru
09.01.2024;DREIKA150.ru
09.01.2024;DRESSENSE.ru
09.01.2024;DRIP-CASINO-TOP4.ru
09.01.2024;DRIPZONE.ru
09.01.2024;DROBYSHEVA-1.ru
09.01.2024;DRONPARK.ru
09.01.2024;DROZDOV88.ru
09.01.2024;DRTLETSERI.ru
09.01.2024;DS53-KMS.ru
09.01.2024;DSICI.ru
09.01.2024;DSRGVCH.ru
09.01.2024;DSTOROZHKO.ru
09.01.2024;DTP-SIMF.ru
09.01.2024;DTRANS-1.ru
09.01.2024;DUBITSKAIA.ru
09.01.2024;DUCK--CASINO2024.ru
09.01.2024;DULUTHONLINE.ru
09.01.2024;DUO2024GIFT.ru
09.01.2024;DVATRITONA.ru
09.01.2024;DVERIGRANIT-MOSKVA.ru
09.01.2024;DVOINOIMINIBRUS.ru
09.01.2024;DVTRAIN.ru
09.01.2024;DW-HOWER.ru
09.01.2024;DWHOWER.ru
09.01.2024;DX2024.ru
09.01.2024;DYSON-SERVISES.ru
09.01.2024;E-KASATKINA.ru
09.01.2024;E-MAIL-CLOUD.ru
09.01.2024;E-OSAGO-RF.ru
09.01.2024;E-VGGU.ru
09.01.2024;EA1982.ru
09.01.2024;EARKHIPOVA.ru
09.01.2024;EARNINGSCHEME.ru
09.01.2024;EASYDELL.ru
09.01.2024;EATTHEMUSEUM.ru
09.01.2024;EBALLS.ru
09.01.2024;EBEDULEVA.ru
09.01.2024;EBELONOGOVA.ru
09.01.2024;ECO24-7.ru
09.01.2024;ECOPASTILA.ru
09.01.2024;ECORACK.ru
09.01.2024;ECOSTELLAZ.ru
09.01.2024;EDENTOURS.ru
09.01.2024;EDUARD-SOFTWARE.ru
09.01.2024;EDURZN.ru
09.01.2024;EFIMOVABUH.ru
09.01.2024;EG-BLOG.ru
09.01.2024;EG-CAFE.ru
09.01.2024;EG-RECIPE.ru
09.01.2024;EG-RESTAURANT.ru
09.01.2024;EG-TC.ru
09.01.2024;EGE-ONLINE-SHKOLA.ru
09.01.2024;EGGGREENBIG.ru
09.01.2024;EGIAZ.ru
09.01.2024;EGLORK.ru
09.01.2024;EGO2734.ru
09.01.2024;EGOLTSEVA.ru
09.01.2024;EGOR-DESIGN.ru
09.01.2024;EGOR-INC.ru
09.01.2024;EGOR5123777.ru
09.01.2024;EIRABETHER.ru
09.01.2024;EKATERINAFOMENKOWB.ru
09.01.2024;EKATERINBURG-SHKAFY-KUPE.ru
09.01.2024;EKIPADOBROVOLEC.ru
09.01.2024;EKOVRIGIN.ru
09.01.2024;EKPETROVA.ru
09.01.2024;EL-PROEKTI.ru
09.01.2024;ELEAF-VAPE.ru
09.01.2024;ELECTRO-MSK.ru
09.01.2024;ELECTROGENIUS.ru
09.01.2024;ELECTROZAPP.ru
09.01.2024;ELEKTRO-PARK.ru
09.01.2024;ELEKTRODNAYA.ru
09.01.2024;ELENA-EK.ru
09.01.2024;ELENA-KORNILOVA.ru
09.01.2024;ELENA-STARIKOVA-PEDAGOG.ru
09.01.2024;ELENA-VYLEGZHANINA.ru
09.01.2024;ELENA-YURIEVNA.ru
09.01.2024;ELINAMYRAVIEVA.ru
09.01.2024;ELISAKOLESNIK.ru
09.01.2024;ELITIMBER.ru
09.01.2024;ELIZAVETAPSY.ru
09.01.2024;ELJIG277.ru
09.01.2024;ELTUNES.ru
09.01.2024;EMAIL182.ru
09.01.2024;EMAIL7.ru
09.01.2024;EMELYANOVICHART.ru
09.01.2024;EMIR-TOURISM.ru
09.01.2024;ENERGIZER-POWER.ru
09.01.2024;ENGL-INZH.ru
09.01.2024;ENGREW.ru
09.01.2024;ENIGMAEVOLUTION.ru
09.01.2024;ENIKOLINA.ru
09.01.2024;ENIKOLY.ru
09.01.2024;ENLOPATIN.ru
09.01.2024;ENOVOZHENIN.ru
09.01.2024;EPILMEN.ru
09.01.2024;EPROLADI.ru
09.01.2024;EPSON-SERVICES.ru
09.01.2024;ERGOSPLIT.ru
09.01.2024;EROFEEVA-KSU.ru
09.01.2024;ERYGALOVA.ru
09.01.2024;ESDJADKOV.ru
09.01.2024;ESMEKALOV.ru
09.01.2024;ESTADIAONE.ru
09.01.2024;ESTATE-PHUKET.ru
09.01.2024;ESTETIKACOFFEE.ru
09.01.2024;ESTHETICLINES.ru
09.01.2024;ESVL.ru
09.01.2024;ETERNITYHAX.ru
09.01.2024;ETO-HOSTING.ru
09.01.2024;ETOALISON.ru
09.01.2024;EUPOROV24.ru
09.01.2024;EURASIABUSINESSTV.ru
09.01.2024;EUROPA-CASINO2024.ru
09.01.2024;EV-GOR.ru
09.01.2024;EVAELFIE1.ru
09.01.2024;EVAKUATOR-ONLINE.ru
09.01.2024;EVELIN-MUSIK-HALL.ru
09.01.2024;EVENTCONSULTANT.ru
09.01.2024;EVENTSHAR.ru
09.01.2024;EVERFOREVER-TEAM.ru
09.01.2024;EVERUN-EREL.ru
09.01.2024;EVGASIMONOVA.ru
09.01.2024;EVGLEVSKAYA-PHOTO.ru
09.01.2024;EVILTORCH.ru
09.01.2024;EVISHNJAKOV.ru
09.01.2024;EVODOLAGIN.ru
09.01.2024;EXCEL-LIFE.ru
09.01.2024;EXCELLIFE.ru
09.01.2024;EXITPAYSZ.ru
09.01.2024;EXPERIENCE-SOME-COOKIES.ru
09.01.2024;EXPERIENCE-SOME-EXAMINE.ru
09.01.2024;EXPERIENCE-SOME-SMARTLINK.ru
09.01.2024;EXPERT-SEPTIC.ru
09.01.2024;EXPERTFENIKS.ru
09.01.2024;EXPO-DOM-NN.ru
09.01.2024;EXSUPER.ru
09.01.2024;EYASIELL.ru
09.01.2024;EYFEL-PARFUM32.ru
09.01.2024;EZOSCOPE.ru
09.01.2024;EZOSECRET.ru
09.01.2024;FABRINA-BENONE.ru
09.01.2024;FABRINABENONE.ru
09.01.2024;FABTEPLIC.ru
09.01.2024;FAIRODIS.ru
09.01.2024;FAMIKON.ru
09.01.2024;FAMILY-HARMONIES.ru
09.01.2024;FAMILYDENT-TULA.ru
09.01.2024;FARINACOFFEE.ru
09.01.2024;FASHIONTVCOSMETICS.ru
09.01.2024;FASTVPN77.ru
09.01.2024;FATORIA.ru
09.01.2024;FBARANOV.ru
09.01.2024;FC-AUTOPARTS.ru
09.01.2024;FD89091745522.ru
09.01.2024;FELDE.ru
09.01.2024;FELS1.ru
09.01.2024;FETIS7111-7.ru
09.01.2024;FF-SYSTEM.ru
09.01.2024;FIELDNET.ru
09.01.2024;FIKSMI.ru
09.01.2024;FILE-MANAGER-SCHOOL-PROJECT.ru
09.01.2024;FILMFIESTA.ru
09.01.2024;FILMHOLOP2.ru
09.01.2024;FILMSR.ru
09.01.2024;FIN-HISTORY.ru
09.01.2024;FINCTEP.ru
09.01.2024;FIND-POINT.ru
09.01.2024;FINDOBRO.ru
09.01.2024;FINESTMARKET.ru
09.01.2024;FINSCHOOL-KRASNOVA.ru
09.01.2024;FIRMOS.ru
09.01.2024;FIRMYUR.ru
09.01.2024;FISENKO-0512.ru
09.01.2024;FISHING-TIME.ru
09.01.2024;FIT-SERVISE.ru
09.01.2024;FITBUKH.ru
09.01.2024;FITODIAGNOSTIKA.ru
09.01.2024;FITWIKI.ru
09.01.2024;FIVE-TIPS.ru
09.01.2024;FIZOKULTURA.ru
09.01.2024;FLABSDOLC.ru
09.01.2024;FLADERBADEN.ru
09.01.2024;FLAGI-SHOP.ru
09.01.2024;FLASHBAGS.ru
09.01.2024;FLAT-4.ru
09.01.2024;FLAT4.ru
09.01.2024;FLAVOR-MAP.ru
09.01.2024;FLAXBOWS.ru
09.01.2024;FLETH.ru
09.01.2024;FLIBUSTA-BOT.ru
09.01.2024;FLIGHTHARD.ru
09.01.2024;FLOCKMEN.ru
09.01.2024;FLOWER-LADY.ru
09.01.2024;FLOWER-ROOMVLG.ru
09.01.2024;FLTBUMBIMBAM.ru
09.01.2024;FLUFFY-CTG.ru
09.01.2024;FLUXESTATE.ru
09.01.2024;FLYNOVA-PRO.ru
09.01.2024;FOAUTO.ru
09.01.2024;FOG-SHOOT.ru
09.01.2024;FONCHIK.ru
09.01.2024;FONOLIFE.ru
09.01.2024;FOOD-JOKE.ru
09.01.2024;FOODDISPLAY.ru
09.01.2024;FOODINART.ru
09.01.2024;FOODYUP.ru
09.01.2024;FORESIGHTSTUDIO.ru
09.01.2024;FORMOSELA.ru
09.01.2024;FOROS-SANATORY.ru
09.01.2024;FORTGO.ru
09.01.2024;FORTPAGE.ru
09.01.2024;FORTU-NATA.ru
09.01.2024;FORTUNETIGGER.ru
09.01.2024;FOTOAPPARATY-ZERKALNYE-NEW.ru
09.01.2024;FOTON-ATLAS.ru
09.01.2024;FOURSDM.ru
09.01.2024;FOX1507.ru
09.01.2024;FOXWAR.ru
09.01.2024;FPVPIRANHA.ru
09.01.2024;FRAMEDESK.ru
09.01.2024;FRANCHISE-BRIGHT.ru
09.01.2024;FRANCHISEREVIEWS.ru
09.01.2024;FREECURRS.ru
09.01.2024;FREEDA77.ru
09.01.2024;FREEDOMOFCHOICE.ru
09.01.2024;FREEKURSIS.ru
09.01.2024;FREERAND.ru
09.01.2024;FREMYAA.ru
09.01.2024;FRENCHCLASS.ru
09.01.2024;FRESH-CASINO-AC-VOC1.ru
09.01.2024;FRESH-CASINO-ZASVOBODU.ru
09.01.2024;FRESHCASINOGROUP28.ru
09.01.2024;FRESHCASINOGROUP29.ru
09.01.2024;FRIENDLYWED.ru
09.01.2024;FRIENDSWINCAZINO.ru
09.01.2024;FROJYASOAP.ru
09.01.2024;FROLOV-ALEKSEY.ru
09.01.2024;FRONTEST.ru
09.01.2024;FROUD300.ru
09.01.2024;FROZEN-IT.ru
09.01.2024;FRUTALIKA.ru
09.01.2024;FSEDOV.ru
09.01.2024;FSQRT.ru
09.01.2024;FUJIFILM-SERVICES.ru
09.01.2024;FULFILMENT-CIARA.ru
09.01.2024;FUN-PLAY.ru
09.01.2024;FUNDAMENTALNOE.ru
09.01.2024;FURNIFOX.ru
09.01.2024;FUSIONONE2024.ru
09.01.2024;FUTURE-TRAJECTORY.ru
09.01.2024;FUTURETRAJECTORY.ru
09.01.2024;FVV-66.ru
09.01.2024;G-MAL.ru
09.01.2024;G00D-HOME.ru
09.01.2024;GAARACHEL.ru
09.01.2024;GALA-ART.ru
09.01.2024;GALARTA.ru
09.01.2024;GALAXY-RP.ru
09.01.2024;GALAXYAPARTMENTS.ru
09.01.2024;GALIEVAII.ru
09.01.2024;GALLA-YALA.ru
09.01.2024;GALLARYSHOES.ru
09.01.2024;GALLAYALA.ru
09.01.2024;GAMECOS.ru
09.01.2024;GAMES-MASTERS.ru
09.01.2024;GAMES-TECHNOLOGY.ru
09.01.2024;GAMETOPS.ru
09.01.2024;GAMING-EMPIRE.ru
09.01.2024;GAMING-HUB.ru
09.01.2024;GAMING-LAPTOPS-PC.ru
09.01.2024;GAMING-REVOLUTION.ru
09.01.2024;GAMINGREVOLUTION.ru
09.01.2024;GANG-VAPE.ru
09.01.2024;GARAGE-VLZ.ru
09.01.2024;GARANT-ETALON.ru
09.01.2024;GARRIPOTTER-LORDFILM.ru
09.01.2024;GARTESS.ru
09.01.2024;GASTIE.ru
09.01.2024;GAUKOV.ru
09.01.2024;GB-T.ru
09.01.2024;GDEKAZAN.ru
09.01.2024;GDEMOS.ru
09.01.2024;GDEPITER.ru
09.01.2024;GEEK-GALAXY.ru
09.01.2024;GEMEXCEPTIONAL.ru
09.01.2024;GEMMELLOW.ru
09.01.2024;GEPAHELP.ru
09.01.2024;GERB22.ru
09.01.2024;GESAC1.ru
09.01.2024;GET-BOUQUET.ru
09.01.2024;GGBETIS.ru
09.01.2024;GGCANDLES.ru
09.01.2024;GGLAUNCHER.ru
09.01.2024;GID-MTS.ru
09.01.2024;GIDNN.ru
09.01.2024;GIDSVET.ru
09.01.2024;GIDSVETA.ru
09.01.2024;GIFTEXCHANGE.ru
09.01.2024;GIGABYTE-SERVICES.ru
09.01.2024;GINEKUS.ru
09.01.2024;GIOVAGNOLI.ru
09.01.2024;GITNEWS.ru
09.01.2024;GJAKUPOVA.ru
09.01.2024;GK-INGINIRING.ru
09.01.2024;GK-RESOURCE.ru
09.01.2024;GKRESOURCE.ru
09.01.2024;GLADKOVAE.ru
09.01.2024;GLASSCUTTING82.ru
09.01.2024;GLOBALUSEDPARTS.ru
09.01.2024;GLOLOLO.ru
09.01.2024;GLONTY.ru
09.01.2024;GM-ADMIN.ru
09.01.2024;GMANN.ru
09.01.2024;GMNAVES.ru
09.01.2024;GMTPALLET.ru
09.01.2024;GOESMARKET.ru
09.01.2024;GOKITOKI.ru
09.01.2024;GOLDENFISH-TANK.ru
09.01.2024;GOLDENRATIO-MGN.ru
09.01.2024;GOLLOOSSUIII.ru
09.01.2024;GOLOOSUIII.ru
09.01.2024;GOLOSRUVLAGERE.ru
09.01.2024;GOODH0USE2YOU.ru
09.01.2024;GOPRO-SERVICES.ru
09.01.2024;GORDEEVADARI.ru
09.01.2024;GORENJE-SERVISE.ru
09.01.2024;GORNUSHKIN.ru
09.01.2024;GORODNOLOTHODOV.ru
09.01.2024;GORODRUKODELIYA.ru
09.01.2024;GORSKINO.ru
09.01.2024;GORUNOFF.ru
09.01.2024;GOSNADZOR-GOV.ru
09.01.2024;GOSVKS.ru
09.01.2024;GOTOBRAZIL.ru
09.01.2024;GOTOLATAM.ru
09.01.2024;GOTOMUSIC.ru
09.01.2024;GOTOVOEOOOIP.ru
09.01.2024;GOUKA.ru
09.01.2024;GPTTALKS.ru
09.01.2024;GRA-RB.ru
09.01.2024;GRAIL-EXPRESS.ru
09.01.2024;GRAIL-LOGISTICS.ru
09.01.2024;GRAILEXPRESS.ru
09.01.2024;GRAMMPLASTINOK.ru
09.01.2024;GRANDWILL.ru
09.01.2024;GRANIT8.ru
09.01.2024;GRANULYACIYA.ru
09.01.2024;GRAVEHVH.ru
09.01.2024;GREEN-SEPTIC.ru
09.01.2024;GREENEGGBIG.ru
09.01.2024;GREENGARDENZONE.ru
09.01.2024;GREG-GOR.ru
09.01.2024;GREG28.ru
09.01.2024;GREYIVLEV.ru
09.01.2024;GRIBOK-NA-NOGTIAH.ru
09.01.2024;GRIGOREVASV.ru
09.01.2024;GRIGORIEV00000.ru
09.01.2024;GRIMUAL.ru
09.01.2024;GRIOR.ru
09.01.2024;GRLEXPRESS.ru
09.01.2024;GROISMANMARKET.ru
09.01.2024;GROUP-MGS.ru
09.01.2024;GROVK.ru
09.01.2024;GRUNDIG-SERVICES.ru
09.01.2024;GRUZIGRUZ.ru
09.01.2024;GS-ROBOTECHNICS.ru
09.01.2024;GTA-MMO.ru
09.01.2024;GTE-KIP.ru
09.01.2024;GTW-NDM.ru
09.01.2024;GUDOZHNIKOVA.ru
09.01.2024;GUDZYAK.ru
09.01.2024;GUIDE-SRILANKA.ru
09.01.2024;GULGUL.ru
09.01.2024;GUSELNIKOVANAD.ru
09.01.2024;GUSEV-NN82.ru
09.01.2024;GVANH.ru
09.01.2024;GVEGETABLES.ru
09.01.2024;GYAKOVETS.ru
09.01.2024;GYOJI.ru
09.01.2024;H-OLOP-2.ru
09.01.2024;H0MEFORYOU.ru
09.01.2024;HABEZSTONE.ru
09.01.2024;HAIER-SERVICES.ru
09.01.2024;HAIR-ESTHETIC.ru
09.01.2024;HAIRVOLOS.ru
09.01.2024;HANDSTICH.ru
09.01.2024;HAPALKIN.ru
09.01.2024;HAPPYTALISM.ru
09.01.2024;HAPPYY.ru
09.01.2024;HARDCORETRADER.ru
09.01.2024;HARMANKARDON-SERVICE.ru
09.01.2024;HARRYBEAVER.ru
09.01.2024;HARUTPORTFOLIO.ru
09.01.2024;HAU-SECTOR.ru
09.01.2024;HAVENHAUS.ru
09.01.2024;HEALTHYFAMILYDC.ru
09.01.2024;HEATING-REPUBLIC.ru
09.01.2024;HEAVENCINEMA.ru
09.01.2024;HEAVYDRIP.ru
09.01.2024;HEBASHLEEN.ru
09.01.2024;HELGA-STYLE.ru
09.01.2024;HELGAHOME.ru
09.01.2024;HELIMAX.ru
09.01.2024;HELPER-SCHOOL.ru
09.01.2024;HELPGIFT.ru
09.01.2024;HELPIKOPOMPNOYTT24.ru
09.01.2024;HELSING-1.ru
09.01.2024;HEMNAV.ru
09.01.2024;HERINGHAN.ru
09.01.2024;HEYSHOPIT.ru
09.01.2024;HFGHFGJHFHDJFGH.ru
09.01.2024;HGE59.ru
09.01.2024;HIGHERMIND.ru
09.01.2024;HILKOVA.ru
09.01.2024;HILS-8376.ru
09.01.2024;HIPHOPSTAR.ru
09.01.2024;HISENSE-SERVICES.ru
09.01.2024;HMEGOSTI.ru
09.01.2024;HOBENYA.ru
09.01.2024;HOCHUINOSHU.ru
09.01.2024;HOCHUSMM.ru
09.01.2024;HOHNOLOGY.ru
09.01.2024;HOLD-7846.ru
09.01.2024;HOLDSERVICE-28931.ru
09.01.2024;HOLDSERVICE-92834.ru
09.01.2024;HOLENDMAKKER.ru
09.01.2024;HOLLOOPP.ru
09.01.2024;HOLLOOPP2.ru
09.01.2024;HOLOD-MASTER-CHELYABINSK.ru
09.01.2024;HOLOOP2.ru
09.01.2024;HOLOP-2HD.ru
09.01.2024;HOLOP-P2.ru
09.01.2024;HOLOP2-HD.ru
09.01.2024;HOLOP2026.ru
09.01.2024;HOLOPP--2.ru
09.01.2024;HOME-MAMA.ru
09.01.2024;HOME23.ru
09.01.2024;HOME2Y0U.ru
09.01.2024;HOME4-STROI.ru
09.01.2024;HOME4Y0U.ru
09.01.2024;HOMEANDFOOD.ru
09.01.2024;HOMEF0RYOU.ru
09.01.2024;HOMEHAUS.ru
09.01.2024;HOMEINNOVATIONS.ru
09.01.2024;HONALAM.ru
09.01.2024;HONGARI.ru
09.01.2024;HONOR-OF-KINGS.ru
09.01.2024;HOODSEY.ru
09.01.2024;HOSTING-MASTER.ru
09.01.2024;HOSTRUBTRY.ru
09.01.2024;HOTEL-VOLOGDA.ru
09.01.2024;HOTORDER.ru
09.01.2024;HOUPER.ru
09.01.2024;HOUSE24-YOU.ru
09.01.2024;HOUSEBU1LD.ru
09.01.2024;HOVRICH.ru
09.01.2024;HOW-PRETTY.ru
09.01.2024;HOWELANDS.ru
09.01.2024;HOWTOCLO.ru
09.01.2024;HOWTOHYGGE.ru
09.01.2024;HP-CORP.ru
09.01.2024;HR-RECRUTE.ru
09.01.2024;HSBST.ru
09.01.2024;HTA-EXPERT.ru
09.01.2024;HTATJANA.ru
09.01.2024;HUBRE.ru
09.01.2024;HWAITLYNNI.ru
09.01.2024;HWFIT.ru
09.01.2024;HYDRAA.ru
09.01.2024;HYNANCHER.ru
09.01.2024;HYUNDAI-FIX.ru
09.01.2024;IAROEL.ru
09.01.2024;IASHINN.ru
09.01.2024;IBELJAEV.ru
09.01.2024;IBOCHENKOV.ru
09.01.2024;IBSEA.ru
09.01.2024;IBSEO.ru
09.01.2024;IBSIA.ru
09.01.2024;IBSIO.ru
09.01.2024;IBTEX.ru
09.01.2024;ICANDOITMYSELF.ru
09.01.2024;ICON-BEAUTY.ru
09.01.2024;ICONMERCH.ru
09.01.2024;ID-RU.ru
09.01.2024;ID-TE.ru
09.01.2024;ID-TREE.ru
09.01.2024;ID1291.ru
09.01.2024;ID13932.ru
09.01.2024;ID13933.ru
09.01.2024;ID13934.ru
09.01.2024;ID13935.ru
09.01.2024;ID13936.ru
09.01.2024;ID13937.ru
09.01.2024;ID13938.ru
09.01.2024;ID13939.ru
09.01.2024;ID13941.ru
09.01.2024;ID13944.ru
09.01.2024;ID13946.ru
09.01.2024;ID13947.ru
09.01.2024;ID13948.ru
09.01.2024;ID13949.ru
09.01.2024;ID13950.ru
09.01.2024;ID1821.ru
09.01.2024;ID2141.ru
09.01.2024;ID2144.ru
09.01.2024;ID58083.ru
09.01.2024;ID58084.ru
09.01.2024;ID58085.ru
09.01.2024;ID58086.ru
09.01.2024;ID58087.ru
09.01.2024;ID58088.ru
09.01.2024;ID65982.ru
09.01.2024;ID71150.ru
09.01.2024;ID73150.ru
09.01.2024;ID759265.ru
09.01.2024;ID791854.ru
09.01.2024;ID92384.ru
09.01.2024;ID93150.ru
09.01.2024;ID98325.ru
09.01.2024;IDENOPT.ru
09.01.2024;IDU-PROJECTS.ru
09.01.2024;IERCON.ru
09.01.2024;IERKON.ru
09.01.2024;IFYTOR.ru
09.01.2024;IGDSLAB.ru
09.01.2024;IGEODEZIST.ru
09.01.2024;IGNATEVNB.ru
09.01.2024;IGNIFLUID.ru
09.01.2024;IGOREFIMENKO.ru
09.01.2024;IGORPANKRATOV.ru
09.01.2024;IKOSTOS.ru
09.01.2024;IKOVYLIN.ru
09.01.2024;ILCHENKO-TOP.ru
09.01.2024;ILEMAEVA.ru
09.01.2024;ILIPER.ru
09.01.2024;ILJASERGEEV.ru
09.01.2024;ILJASHLYKOV.ru
09.01.2024;ILNIKBEZ.ru
09.01.2024;ILTA-BAND.ru
09.01.2024;ILYAKOROLEV.ru
09.01.2024;ILYJS.ru
09.01.2024;IM-POPOV.ru
09.01.2024;IMBIRNYE-PRYANIKI.ru
09.01.2024;IMGBOLT.ru
09.01.2024;IMPERIYA-IT.ru
09.01.2024;IMPEX-SOLAR.ru
09.01.2024;INDELING.ru
09.01.2024;INDI-POTENCIYA.ru
09.01.2024;INDITOWERS.ru
09.01.2024;INFINITE-VANILLA.ru
09.01.2024;INFINIX-SERVICES.ru
09.01.2024;INFO-KDB.ru
09.01.2024;INFOCUS-SERVICE.ru
09.01.2024;INFOKURSI1.ru
09.01.2024;INFOMALAFEEVA.ru
09.01.2024;INFORESERV.ru
09.01.2024;INFOSRV.ru
09.01.2024;INKOR36.ru
09.01.2024;INNAVEDUTA.ru
09.01.2024;INNAVOLOSHINA.ru
09.01.2024;INNEDU.ru
09.01.2024;INNESA-SABAY.ru
09.01.2024;INSIDEANDROID.ru
09.01.2024;INTEL-SET.ru
09.01.2024;INTEPS-MOSKVA.ru
09.01.2024;INTERESTSPHERE.ru
09.01.2024;INTERGRAN-MSK.ru
09.01.2024;INTERNET-MARKETING-CHELYABINSK.ru
09.01.2024;INTFISH.ru
09.01.2024;INVESTOSFERA.ru
09.01.2024;INVESTVSOCHI.ru
09.01.2024;INZKH2011.ru
09.01.2024;IOANNASV.ru
09.01.2024;IONPRO.ru
09.01.2024;IOOPYT2.ru
09.01.2024;IOSKO-1.ru
09.01.2024;IP6NET.ru
09.01.2024;IPKON-ANALYTICS.ru
09.01.2024;IPPO-AUTISM.ru
09.01.2024;IPSOL1.ru
09.01.2024;IQDETAILING.ru
09.01.2024;IRAMAKEEVASTYLIST.ru
09.01.2024;IREJMAN.ru
09.01.2024;IRENA9023.ru
09.01.2024;IRIN-A.ru
09.01.2024;IRINA-KVARTIRA.ru
09.01.2024;IRINAKOMAN.ru
09.01.2024;IRINAKVARTIRA.ru
09.01.2024;IRINANEIRO.ru
09.01.2024;IRINAPROFMUSIC.ru
09.01.2024;IRINAWPGG.ru
09.01.2024;IRKSTARINA.ru
09.01.2024;IRKUTSKNOVOSTI.ru
09.01.2024;IRONRACK.ru
09.01.2024;ISAAC-THREED.ru
09.01.2024;ISACHENKO-1.ru
09.01.2024;ISHEKOVBR.ru
09.01.2024;ISHUGUNOVA.ru
09.01.2024;ISHUPODRYGYILIDRYGA.ru
09.01.2024;ISYANOVA.ru
09.01.2024;IT-ADAPTATION.ru
09.01.2024;IT-YOURTEACHER.ru
09.01.2024;ITADAPTATION.ru
09.01.2024;ITERZI.ru
09.01.2024;ITEXPERTCO.ru
09.01.2024;ITPUNK.ru
09.01.2024;IVA-POS.ru
09.01.2024;IVAN0VIVAN123321.ru
09.01.2024;IVANBELTSEV.ru
09.01.2024;IVANCBI.ru
09.01.2024;IVANISAEV.ru
09.01.2024;IVANOV-TOSNO.ru
09.01.2024;IVAPOS.ru
09.01.2024;IVATOLIN.ru
09.01.2024;IVAVILIN.ru
09.01.2024;IVBYCKOV.ru
09.01.2024;IVETTA-BABYFOTO56.ru
09.01.2024;IVMTECH.ru
09.01.2024;IWAMAIWANOVO.ru
09.01.2024;IYOD.ru
09.01.2024;IZHURBA.ru
09.01.2024;IZZI-CASINO-ACCOUNT1.ru
09.01.2024;IZZI-CASINO-FMCSPO4.ru
09.01.2024;IZZICASINO-PLAY83.ru
09.01.2024;JAGERNAUT007.ru
09.01.2024;JAGZAIM.ru
09.01.2024;JANOME-SERVICE.ru
09.01.2024;JAYSCAD.ru
09.01.2024;JBL-SERVICE.ru
09.01.2024;JBTMP.ru
09.01.2024;JEM-ART.ru
09.01.2024;JENIBAWANE.ru
09.01.2024;JESSICASBEADS.ru
09.01.2024;JETCASINOWIN.ru
09.01.2024;JEWEL-LAG.ru
09.01.2024;JEWELLAG.ru
09.01.2024;JGUSAROVA.ru
09.01.2024;JIGSAWPUZZLE.ru
09.01.2024;JOB-MAX.ru
09.01.2024;JOINSTOCKRUTOL.ru
09.01.2024;JOLESARA.ru
09.01.2024;JONYSHOT.ru
09.01.2024;JORDINIKS.ru
09.01.2024;JOURNAL-EARPP.ru
09.01.2024;JOUS-JK.ru
09.01.2024;JSAX.ru
09.01.2024;JUIZER.ru
09.01.2024;JUJAMSCHIKOVA.ru
09.01.2024;JUKOVSKI.ru
09.01.2024;JULIHACHEVA.ru
09.01.2024;JULIKAJPAN.ru
09.01.2024;JUNGLEPILATES.ru
09.01.2024;JURA-SERVICES.ru
09.01.2024;JURICHEV.ru
09.01.2024;JUST1DUDE.ru
09.01.2024;JUTURKINA.ru
09.01.2024;JVAFAEV.ru
09.01.2024;K4IR05.ru
09.01.2024;KAATS.ru
09.01.2024;KALIBATOV.ru
09.01.2024;KALINA-A.ru
09.01.2024;KALININGRADNOVOSTI.ru
09.01.2024;KALITKA-DESIGNER.ru
09.01.2024;KAMOTAROZIN.ru
09.01.2024;KAMTS.ru
09.01.2024;KANASTASIAD.ru
09.01.2024;KAPLAND.ru
09.01.2024;KARAFA76.ru
09.01.2024;KARAT-PLYUS22.ru
09.01.2024;KAREN-JANNE.ru
09.01.2024;KARSAKOV-PRO.ru
09.01.2024;KASINO-PLAYPINUP.ru
09.01.2024;KASINOPLAYPINUP.ru
09.01.2024;KASSA-VOZVRAT.ru
09.01.2024;KATELEGKIH.ru
09.01.2024;KATERINASULYMA.ru
09.01.2024;KATHARSISS-LAB.ru
09.01.2024;KATIRADA.ru
09.01.2024;KAYDANOV.ru
09.01.2024;KAZ-SILA-PRAVO.ru
09.01.2024;KAZANSKIY-CIRQUS.ru
09.01.2024;KBKOTE.ru
09.01.2024;KDPD.ru
09.01.2024;KEEPERS-SCHOOL.ru
09.01.2024;KELLERMAN.ru
09.01.2024;KELO-FOREST-SRUB-RF.ru
09.01.2024;KELO-FOREST-SRUBRF.ru
09.01.2024;KESTER641.ru
09.01.2024;KETOBOOSTFORTE.ru
09.01.2024;KFEDOSEEVA.ru
09.01.2024;KHAMZIN-AL.ru
09.01.2024;KHARLAMOVA-IRINA.ru
09.01.2024;KHOKHLOVOLEG.ru
09.01.2024;KIBITKIN.ru
09.01.2024;KIDDOGAMES.ru
09.01.2024;KIF-KZN.ru
09.01.2024;KIKOSHOP.ru
09.01.2024;KILARI.ru
09.01.2024;KIM-STROY.ru
09.01.2024;KINDERGARTEN-DEMO.ru
09.01.2024;KINDREDSOULS.ru
09.01.2024;KINDYN.ru
09.01.2024;KINZHIGALIEV.ru
09.01.2024;KIRILL8634RUSS.ru
09.01.2024;KISKEN.ru
09.01.2024;KISLYASHH.ru
09.01.2024;KISS-AND-HUG.ru
09.01.2024;KITAEVA-DESIGN.ru
09.01.2024;KITCHEN-LEBEDEVA.ru
09.01.2024;KITERJIO.ru
09.01.2024;KITKATZAIM.ru
09.01.2024;KITTENS-POSAD.ru
09.01.2024;KKLOKKOVA.ru
09.01.2024;KLADCHIK.ru
09.01.2024;KLAMSTER.ru
09.01.2024;KLASSIKAFITNESS.ru
09.01.2024;KLASSNO65.ru
09.01.2024;KLIENT2024-BFL.ru
09.01.2024;KLIENTI-V-DETAILING.ru
09.01.2024;KLIKBOX.ru
09.01.2024;KLIMOVPRO.ru
09.01.2024;KLUICHNIKOV.ru
09.01.2024;KLVOV.ru
09.01.2024;KMATOLYGIN.ru
09.01.2024;KMS-COM.ru
09.01.2024;KMSEO.ru
09.01.2024;KNIZHECHKAA.ru
09.01.2024;KNOPKA2005.ru
09.01.2024;KNYAJI.ru
09.01.2024;KOFE-V-KOFEMASHINU.ru
09.01.2024;KOGEZIA.ru
09.01.2024;KOGNITRON.ru
09.01.2024;KOLA-TRAVELS.ru
09.01.2024;KOLESODISCONT.ru
09.01.2024;KOLGOTINA.ru
09.01.2024;KOLOVERTNOV.ru
09.01.2024;KOLYADENKO.ru
09.01.2024;KOMA-POETRY.ru
09.01.2024;KOMPLEKTACIY.ru
09.01.2024;KONDRATIEVAARINA.ru
09.01.2024;KONEKSTRADE.ru
09.01.2024;KONKURSLAGER.ru
09.01.2024;KONSULOVA.ru
09.01.2024;KOOTA413.ru
09.01.2024;KOPTELOV-7.ru
09.01.2024;KORIAKINS.ru
09.01.2024;KORIELLAN.ru
09.01.2024;KORMTOVARY.ru
09.01.2024;KOROBKOW.ru
09.01.2024;KOROS08.ru
09.01.2024;KORSHUK1.ru
09.01.2024;KOSHKAREVA-PHOTO.ru
09.01.2024;KOSMETIKSTORY.ru
09.01.2024;KOSOLAPOFF.ru
09.01.2024;KOSTYAQQ.ru
09.01.2024;KOTOULYA.ru
09.01.2024;KOVALERIA.ru
09.01.2024;KOVALEVTRADE.ru
09.01.2024;KOVRIKI14.ru
09.01.2024;KPACC.ru
09.01.2024;KPICHERREMONTAY24.ru
09.01.2024;KRAFNERU.ru
09.01.2024;KRAFT-FLOWERS.ru
09.01.2024;KRASNODARNOVOSTI.ru
09.01.2024;KRASNOVEVGENY.ru
09.01.2024;KREIZA.ru
09.01.2024;KRETOV-7.ru
09.01.2024;KRIKUN-1.ru
09.01.2024;KRISKVIZ.ru
09.01.2024;KRISTINA-SKURSTEN.ru
09.01.2024;KRIVE.ru
09.01.2024;KRSD-ALG.ru
09.01.2024;KRSD-ALG1.ru
09.01.2024;KRUTIWEB.ru
09.01.2024;KSAMSONIK.ru
09.01.2024;KSAZONOVA.ru
09.01.2024;KSDEMO.ru
09.01.2024;KSENIABOBARYKINA.ru
09.01.2024;KSENIYAANISIMOVA.ru
09.01.2024;KSG-KOVKA.ru
09.01.2024;KST-ALG.ru
09.01.2024;KUBANHONEY.ru
09.01.2024;KUBIK-ROOM.ru
09.01.2024;KUCHEROVALEKSANDRA.ru
09.01.2024;KUCHKOV.ru
09.01.2024;KUDRYAVTSEV22.ru
09.01.2024;KUGOO-SERVICES.ru
09.01.2024;KUGRLI-FI.ru
09.01.2024;KUHNI-LEBEDEVOY.ru
09.01.2024;KUHNI-MSK-PROEKT-DESIGN.ru
09.01.2024;KUHNI-MSK-PROEKTDESIGN.ru
09.01.2024;KUHNI-MSKPROEKT-DESIGN.ru
09.01.2024;KUHNI-MSKPROEKTDESIGN.ru
09.01.2024;KUHNIMSK-PROEKT-DESIGN.ru
09.01.2024;KUHNIMSK-PROEKTDESIGN.ru
09.01.2024;KUHNIMSKPROEKT-DESIGN.ru
09.01.2024;KUHNIMSKPROEKTDESIGN.ru
09.01.2024;KUKLIYN.ru
09.01.2024;KUKOBA-PRO.ru
09.01.2024;KULIGINAMENTOR.ru
09.01.2024;KUPIT-BIAOJUE.ru
09.01.2024;KUPIT-POGRUZCHIK.ru
09.01.2024;KUPITNEDVIZHIMOST.ru
09.01.2024;KURGAN-ROCK.ru
09.01.2024;KURIE7244.ru
09.01.2024;KURIE7245.ru
09.01.2024;KURIER7382.ru
09.01.2024;KURNOV.ru
09.01.2024;KURORTY-KRYMA.ru
09.01.2024;KURS-ONLIONE.ru
09.01.2024;KURSY-ANDROID-RAZRABOTCHIK.ru
09.01.2024;KURSY-ORATORSKOGO-MASTERSTWA.ru
09.01.2024;KURSY-UI-UX-DIZAYN.ru
09.01.2024;KURTEY.ru
09.01.2024;KUTEPOV-DESIGN.ru
09.01.2024;KUTSENKOV.ru
09.01.2024;KUZNECOVA-SVETLANA.ru
09.01.2024;KUZNYA-FIGHT.ru
09.01.2024;KV93.ru
09.01.2024;KVA20122013.ru
09.01.2024;KVARTIRA-IRINA.ru
09.01.2024;KVARTIRAIRINA.ru
09.01.2024;KVESTNOVOKUZNETSK.ru
09.01.2024;KWADROCIKLY.ru
09.01.2024;KYOCERA-SERVICES.ru
09.01.2024;KYRGYZCITIZENSHIP.ru
09.01.2024;KYTGPORN.ru
09.01.2024;KYTHPORN.ru
09.01.2024;KYTJPORN.ru
09.01.2024;KYTKPORN.ru
09.01.2024;KYTLPORN.ru
09.01.2024;KYXNI12.ru
09.01.2024;KZDOC.ru
09.01.2024;KZOTKIN.ru
09.01.2024;KZTK.ru
09.01.2024;KZTTK.ru
09.01.2024;L-I-Q.ru
09.01.2024;L2TATHAMET.ru
09.01.2024;LABEL-DMDK.ru
09.01.2024;LABUTINA-7.ru
09.01.2024;LADDYDRESS.ru
09.01.2024;LADIMI.ru
09.01.2024;LADY-ASTRO.ru
09.01.2024;LADYA-YOLA.ru
09.01.2024;LAEFYE.ru
09.01.2024;LAGINOV.ru
09.01.2024;LAKOMKI-NEW.ru
09.01.2024;LALYROSFOOD.ru
09.01.2024;LAMERORK.ru
09.01.2024;LANDBREEZE.ru
09.01.2024;LAPIN47.ru
09.01.2024;LAPUSHKA-SEV.ru
09.01.2024;LASERCRAFTER.ru
09.01.2024;LAST-ASS.ru
09.01.2024;LASTASS.ru
09.01.2024;LAUFER-FLOOR.ru
09.01.2024;LAVANDERRUS.ru
09.01.2024;LAZONAIL.ru
09.01.2024;LD-PAY62827.ru
09.01.2024;LEADBIG-DATA.ru
09.01.2024;LEADERSPB.ru
09.01.2024;LEBEDEVA-KITCHEN.ru
09.01.2024;LEBEDEVA-LENA.ru
09.01.2024;LEBEDEVALENA.ru
09.01.2024;LEGAL-INFO.ru
09.01.2024;LEGAL-TOP.ru
09.01.2024;LEGALS-1.ru
09.01.2024;LEGANDARY.ru
09.01.2024;LEGENDARY-GAMES.ru
09.01.2024;LEGGAA.ru
09.01.2024;LEGION-ER.ru
09.01.2024;LEGIONASH.ru
09.01.2024;LEGIONOV.ru
09.01.2024;LEGZO-CASINO-GURU.ru
09.01.2024;LEGZO-CASINO76.ru
09.01.2024;LEGZO-CASINO77.ru
09.01.2024;LEGZO-CASINO78.ru
09.01.2024;LEGZO-CASINO79.ru
09.01.2024;LEGZO-CASINO80.ru
09.01.2024;LEGZO-CASINO81.ru
09.01.2024;LEGZO-CASINO82.ru
09.01.2024;LEKARSTVA-DLYA-PECHENI.ru
09.01.2024;LEKOYA.ru
09.01.2024;LEKSSY.ru
09.01.2024;LENA-WORK.ru
09.01.2024;LEO-TI.ru
09.01.2024;LEONARTO-KARTINY.ru
09.01.2024;LEOPIC.ru
09.01.2024;LERRON.ru
09.01.2024;LESNAYA-SKAZKA-VU.ru
09.01.2024;LESTA-PREM.ru
09.01.2024;LESTA-PRISE.ru
09.01.2024;LETTER-PATRIARCH.ru
09.01.2024;LETUNOVSKI.ru
09.01.2024;LEVCHENKO-PHOTO.ru
09.01.2024;LEVENTBILGIC.ru
09.01.2024;LEXARO.ru
09.01.2024;LEXCRIMINALIS.ru
09.01.2024;LEXKOZIN.ru
09.01.2024;LEYNONAOL.ru
09.01.2024;LEZHNEV-PRO.ru
09.01.2024;LIASHEREMET.ru
09.01.2024;LIBERTY-FRANCH.ru
09.01.2024;LICENSINGSERVICE.ru
09.01.2024;LIFEDRON.ru
09.01.2024;LIGHT-CASINO2024.ru
09.01.2024;LIGHTINTHEHOUSE.ru
09.01.2024;LIGHTVILLE.ru
09.01.2024;LIKPIC.ru
09.01.2024;LILIJASIDORENKO.ru
09.01.2024;LILOVA.ru
09.01.2024;LIMEBUKET163.ru
09.01.2024;LIMEROOMGA.ru
09.01.2024;LINEGEM.ru
09.01.2024;LINEN-MARKET.ru
09.01.2024;LINENMARKET.ru
09.01.2024;LINGBIZKIT.ru
09.01.2024;LINGVOSERVICE1.ru
09.01.2024;LINUXMAGIC.ru
09.01.2024;LIPOGEL.ru
09.01.2024;LITAVRIN.ru
09.01.2024;LITERAEMM.ru
09.01.2024;LITEXVANILLA.ru
09.01.2024;LKAZARJAN.ru
09.01.2024;LKISLITSYNA.ru
09.01.2024;LLDDELUXXE.ru
09.01.2024;LLDDELUXXEE.ru
09.01.2024;LLINDE.ru
09.01.2024;LODOCHKINA-SVETLANA-NIKOLAEVNA.ru
09.01.2024;LOGOPET.ru
09.01.2024;LOLIJO.ru
09.01.2024;LOMTEVA-PSYCHOLOGIST.ru
09.01.2024;LOO-HOTELS.ru
09.01.2024;LOOKPIN.ru
09.01.2024;LORD-SERIALIK.ru
09.01.2024;LORDFILM-SERYA.ru
09.01.2024;LORDIK-SERIAL.ru
09.01.2024;LORDIK-SERYA.ru
09.01.2024;LORDSERYA.ru
09.01.2024;LORDUS-SERIAL.ru
09.01.2024;LOSEWORLD.ru
09.01.2024;LOTOBILETIVLEEVA.ru
09.01.2024;LOTRENT.ru
09.01.2024;LOVE-SHE.ru
09.01.2024;LRAKOVA.ru
09.01.2024;LRCOKA.ru
09.01.2024;LS1985.ru
09.01.2024;LSA-SS.ru
09.01.2024;LSOROKIN.ru
09.01.2024;LUCHSHIJ-HOSTING-DLYA-SAITA.ru
09.01.2024;LUCKBUY.ru
09.01.2024;LUCKY--VULCAN.ru
09.01.2024;LUCKYVETSPB.ru
09.01.2024;LUDVIIGA.ru
09.01.2024;LUGAKOM.ru
09.01.2024;LUKJANCHIKOV.ru
09.01.2024;LUMAX-ELECTRIC.ru
09.01.2024;LUMISHK.ru
09.01.2024;LUNA6999.ru
09.01.2024;LUNAGLOW.ru
09.01.2024;LUSYA-HAEVA.ru
09.01.2024;LUXLIONS.ru
09.01.2024;LUXURYSPALIPETSK.ru
09.01.2024;LYCHSHIIPOOTVETAM.ru
09.01.2024;LYCORIN.ru
09.01.2024;LYUBIMOV-OLAP.ru
09.01.2024;LYUBINSKAYACOUTURE.ru
09.01.2024;MAC-GAMES.ru
09.01.2024;MACARONCLUB.ru
09.01.2024;MADERA-GROUPP.ru
09.01.2024;MADMOONSUN.ru
09.01.2024;MAGANYL.ru
09.01.2024;MAGICIAN-SNAKE.ru
09.01.2024;MAGICTRACKS-RUS.ru
09.01.2024;MAGICUNIVER.ru
09.01.2024;MAGNUMSHOPKZ.ru
09.01.2024;MAGPIN.ru
09.01.2024;MAIL-IVANOV.ru
09.01.2024;MAIL-N.ru
09.01.2024;MAIL-UNIVERSAL.ru
09.01.2024;MAILBASCULEFLIPPER.ru
09.01.2024;MAISKAYADECORATOR.ru
09.01.2024;MAKEEV-WORK.ru
09.01.2024;MAKHOVA-PSYCHOLOGY.ru
09.01.2024;MAKITA2000.ru
09.01.2024;MAKS-SOKOLOV.ru
09.01.2024;MAKTO74.ru
09.01.2024;MALIKOWAI.ru
09.01.2024;MALINA-MICHAEL.ru
09.01.2024;MALINELENA.ru
09.01.2024;MALINNIKOVA.ru
09.01.2024;MALTSAVA.ru
09.01.2024;MAMA-BOBYLEV.ru
09.01.2024;MAMGG53.ru
09.01.2024;MAMKINADOSA.ru
09.01.2024;MANGAL48.ru
09.01.2024;MANIA3D.ru
09.01.2024;MANUAL-TERAPIYA.ru
09.01.2024;MAPONME.ru
09.01.2024;MAPSONME.ru
09.01.2024;MAR-CASH.ru
09.01.2024;MARANIT.ru
09.01.2024;MARANTZ-SERVICE.ru
09.01.2024;MARAO-HOUSE.ru
09.01.2024;MARATGRIG.ru
09.01.2024;MARDACHYA.ru
09.01.2024;MARGOCHI-NATURAL.ru
09.01.2024;MARGOSOLOVEY.ru
09.01.2024;MARIA-BELCHUK.ru
09.01.2024;MARIA-WORK.ru
09.01.2024;MARIAVINOGRADOVA.ru
09.01.2024;MARIBEACH.ru
09.01.2024;MARIN777.ru
09.01.2024;MARINADUBENOK.ru
09.01.2024;MARINASHCHERBAKOVA.ru
09.01.2024;MARINPIN.ru
09.01.2024;MARIOBOIKO.ru
09.01.2024;MARIUPOL-MBOU50.ru
09.01.2024;MARIYA-GRIGOREVA.ru
09.01.2024;MARIYA-OMA.ru
09.01.2024;MARIYANIKITINA.ru
09.01.2024;MARKET-CART.ru
09.01.2024;MARKET-CSGOES.ru
09.01.2024;MARKET-TRANS-CARGO.ru
09.01.2024;MARKETPIZZA.ru
09.01.2024;MARKETTRANSCARGO.ru
09.01.2024;MARKISIK.ru
09.01.2024;MARKIZA-FLOWERS.ru
09.01.2024;MARSIC2024.ru
09.01.2024;MARTPV.ru
09.01.2024;MASTER-IMMO.ru
09.01.2024;MASTERA-SANTH24ELE.ru
09.01.2024;MASTERDOM123.ru
09.01.2024;MASTERRUBBER29.ru
09.01.2024;MASTERSKAYA-ALEXANDRA.ru
09.01.2024;MASTERSPIKOVVI24REM.ru
09.01.2024;MATCH-SMM.ru
09.01.2024;MATISHADOG.ru
09.01.2024;MATTIKO.ru
09.01.2024;MATVEEV-DEVOPS.ru
09.01.2024;MAXALISAPETR.ru
09.01.2024;MAXELOVSKIKH.ru
09.01.2024;MAXIMAST.ru
09.01.2024;MAXINLIGHT.ru
09.01.2024;MAYA100414.ru
09.01.2024;MBX51.ru
09.01.2024;MCSUPER.ru
09.01.2024;MDTOUR.ru
09.01.2024;ME1NAS.ru
09.01.2024;MEA-SOFT.ru
09.01.2024;MEBEL-EXPERTISE.ru
09.01.2024;MEBEL-LEBEDEVOY.ru
09.01.2024;MEBEL-OT-LEBEDEVOY.ru
09.01.2024;MEBEL-SOZVEZDIE.ru
09.01.2024;MEBELBROSKO.ru
09.01.2024;MEBELNO37.ru
09.01.2024;MEBELVKOMNATU.ru
09.01.2024;MEBSELLER.ru
09.01.2024;MED-SIDELKI.ru
09.01.2024;MEDIA-KURS.ru
09.01.2024;MEDIA-OPRS12.ru
09.01.2024;MEDIANN-DEV.ru
09.01.2024;MEDKAB-ZDOROVE.ru
09.01.2024;MEDKNIZHKI-CENA.ru
09.01.2024;MEDKNIZHKI-NEDOROGO.ru
09.01.2024;MEDTECC.ru
09.01.2024;MEEBLOOM.ru
09.01.2024;MEESHK.ru
09.01.2024;MEGABULL.ru
09.01.2024;MEGAPOLIS-CARSPB.ru
09.01.2024;MEISIFARM.ru
09.01.2024;MELONJUICE.ru
09.01.2024;MENDESFOTO.ru
09.01.2024;MENGJI.ru
09.01.2024;MENTAL-SIGN.ru
09.01.2024;MERCH-INFRA.ru
09.01.2024;MESENPRO.ru
09.01.2024;MESSENGPRO.ru
09.01.2024;METODACADEMY.ru
09.01.2024;MFC-AVANGARD.ru
09.01.2024;MGRENADER.ru
09.01.2024;MHOLOMEEV.ru
09.01.2024;MIASSMETALZAVOD.ru
09.01.2024;MIBLOOM.ru
09.01.2024;MICHELMORAN.ru
09.01.2024;MICHINOKU.ru
09.01.2024;MILANDIA.ru
09.01.2024;MILKYVEGANYOGA.ru
09.01.2024;MILLS-RUS.ru
09.01.2024;MILLS-RUSSIA.ru
09.01.2024;MILLSRUSSIA.ru
09.01.2024;MINIMIRSHOP.ru
09.01.2024;MIRABE.ru
09.01.2024;MIRATM.ru
09.01.2024;MIRBABOK.ru
09.01.2024;MIRMALYRA.ru
09.01.2024;MIRONOV98.ru
09.01.2024;MIRPRAV-ZALIV.ru
09.01.2024;MIRTADIKA.ru
09.01.2024;MISHURAGEMS.ru
09.01.2024;MISSMONEY.ru
09.01.2024;MISTER-CRAB.ru
09.01.2024;MIXVAGANOV.ru
09.01.2024;MIYADZAKI.ru
09.01.2024;MJAZIN.ru
09.01.2024;MJUZLENKO.ru
09.01.2024;MKBDEBERMIR.ru
09.01.2024;MKSZT.ru
09.01.2024;MKTER.ru
09.01.2024;MLAVRIK.ru
09.01.2024;MLMMLM.ru
09.01.2024;MMGARIFULLIN.ru
09.01.2024;MMMAS.ru
09.01.2024;MMMRRR.ru
09.01.2024;MNBVG1835.ru
09.01.2024;MNTSTORE.ru
09.01.2024;MOBICPLAY.ru
09.01.2024;MOBILE-STAFF.ru
09.01.2024;MOBILEGO-WORK.ru
09.01.2024;MODNYE-SVITERA.ru
09.01.2024;MODULTUR.ru
09.01.2024;MOHCTP.ru
09.01.2024;MOISEEV-OA.ru
09.01.2024;MOLD-E.ru
09.01.2024;MOLD-REMOVER.ru
09.01.2024;MOMENTICUS.ru
09.01.2024;MONETTOP.ru
09.01.2024;MONEY-2024.ru
09.01.2024;MONEY2024.ru
09.01.2024;MONEYBIMON.ru
09.01.2024;MONEYSELVER.ru
09.01.2024;MONO-MOSCOW.ru
09.01.2024;MOOMOOTATTS.ru
09.01.2024;MOON-BEAUTY-PILATES.ru
09.01.2024;MOON-ENERGYSCHOOL.ru
09.01.2024;MOON-PAY.ru
09.01.2024;MOON99.ru
09.01.2024;MOONSPRINT.ru
09.01.2024;MOROSHKA-ART.ru
09.01.2024;MOSAUTOVYKUP.ru
09.01.2024;MOSAVTOVYKUP.ru
09.01.2024;MOSCOWWESTI.ru
09.01.2024;MOSGROS.ru
09.01.2024;MOSHKIN-AV.ru
09.01.2024;MOSKRUG.ru
09.01.2024;MOSKVADO.ru
09.01.2024;MOSTWANTED9666.ru
09.01.2024;MOTKO.ru
09.01.2024;MOYDOM1LIVE.ru
09.01.2024;MOYVYZOV.ru
09.01.2024;MOZXHUB.ru
09.01.2024;MPN1.ru
09.01.2024;MRADIK.ru
09.01.2024;MRCIE.ru
09.01.2024;MRGRESTM.ru
09.01.2024;MRPL-GUIDE.ru
09.01.2024;MRWOODHOOKAH.ru
09.01.2024;MRYHIN.ru
09.01.2024;MSK-SOFT1.ru
09.01.2024;MSKDIESEL.ru
09.01.2024;MTO-PRO.ru
09.01.2024;MTSMIR.ru
09.01.2024;MUKHTARSHOP.ru
09.01.2024;MULFAR-MIDE.ru
09.01.2024;MULINY.ru
09.01.2024;MULTIKARP.ru
09.01.2024;MULTOLEND.ru
09.01.2024;MULYUKOVA-AG.ru
09.01.2024;MURUKAE.ru
09.01.2024;MUSATENKO.ru
09.01.2024;MUSICHENKOSVETLANA.ru
09.01.2024;MUZH-RUBASHKI.ru
09.01.2024;MUZHEVITIN.ru
09.01.2024;MUZINAHOME.ru
09.01.2024;MVTSAREV.ru
09.01.2024;MVVOLKOVA.ru
09.01.2024;MW-LESSONS.ru
09.01.2024;MY-CHALLENGE.ru
09.01.2024;MY-CHAT-TEST.ru
09.01.2024;MY-FREE.ru
09.01.2024;MY-HEAD.ru
09.01.2024;MY-Q.ru
09.01.2024;MYHOUSECLEANING.ru
09.01.2024;MYLTIIGRA.ru
09.01.2024;MYS1006.ru
09.01.2024;N-VERDIEV.ru
09.01.2024;NAASHX.ru
09.01.2024;NABEREJNIECHELNY.ru
09.01.2024;NADEJDA-369.ru
09.01.2024;NADEZHDADARTLOVEMAGIC.ru
09.01.2024;NAEAZY.ru
09.01.2024;NAFOTKAX.ru
09.01.2024;NAKIDKI-TROKOT.ru
09.01.2024;NAKRUTKA1.ru
09.01.2024;NAMUS-STROY.ru
09.01.2024;NANDHA.ru
09.01.2024;NAPOLETAEVA.ru
09.01.2024;NAPOLNYCSS.ru
09.01.2024;NARISOFKA.ru
09.01.2024;NARUTA.ru
09.01.2024;NASTJA-IVANOVA.ru
09.01.2024;NASTOLKICHAT.ru
09.01.2024;NASTYASROST.ru
09.01.2024;NATALEENID.ru
09.01.2024;NATALEXPRO.ru
09.01.2024;NATALJANAZAROVA.ru
09.01.2024;NATALYLEHAR.ru
09.01.2024;NATANBRONTS.ru
09.01.2024;NATLEATHER.ru
09.01.2024;NATNIKLOL.ru
09.01.2024;NAUMOG.ru
09.01.2024;NAUMOVART.ru
09.01.2024;NAVI-RUS.ru
09.01.2024;NAZAROVEVGENIY.ru
09.01.2024;NBIKKULOVA.ru
09.01.2024;NDR-ZHIV.ru
09.01.2024;NDREW73.ru
09.01.2024;NE-PLACHY-DOLG24.ru
09.01.2024;NEBERY.ru
09.01.2024;NEBOFRAME.ru
09.01.2024;NED406.ru
09.01.2024;NEED-ARMOR.ru
09.01.2024;NEEDET38.ru
09.01.2024;NEFTFOOD.ru
09.01.2024;NEKOBOBRIK.ru
09.01.2024;NEOBENONE.ru
09.01.2024;NEOBREZ.ru
09.01.2024;NEP-EXPRESS.ru
09.01.2024;NEPEXPRESS.ru
09.01.2024;NEPLOGISTICS.ru
09.01.2024;NEPTUNELOGISTICS.ru
09.01.2024;NEST-SHOP.ru
09.01.2024;NETY-DOLGA24.ru
09.01.2024;NETY-DOLGOV24.ru
09.01.2024;NEURNLN.ru
09.01.2024;NEUROMESH.ru
09.01.2024;NEUROSORT.ru
09.01.2024;NEVA-STOR.ru
09.01.2024;NEVA-STORE.ru
09.01.2024;NEVASTOR.ru
09.01.2024;NEWDENTCLINIC30.ru
09.01.2024;NEWHOUSE39.ru
09.01.2024;NEWS-BEAUTY.ru
09.01.2024;NEWS-RIBALKA.ru
09.01.2024;NEWSGAZETANEW.ru
09.01.2024;NEWSPRO-FIN.ru
09.01.2024;NEXUSZONE.ru
09.01.2024;NFEDYUNIN.ru
09.01.2024;NG2082.ru
09.01.2024;NIALLAS.ru
09.01.2024;NICKIN-SHOW.ru
09.01.2024;NIGHTMAREWORLD.ru
09.01.2024;NIK-PARKET.ru
09.01.2024;NIKA-S1.ru
09.01.2024;NIKANAIL.ru
09.01.2024;NIKEAIR-MAX.ru
09.01.2024;NIKOLAEVCASES.ru
09.01.2024;NIKOLATESLA2389.ru
09.01.2024;NIKOLAY31REG.ru
09.01.2024;NIKTINA.ru
09.01.2024;NIKVIVANOV1964.ru
09.01.2024;NINTENDO-SERVICES.ru
09.01.2024;NISLAV-KRITSKIY.ru
09.01.2024;NKATKALO.ru
09.01.2024;NKIMPROD.ru
09.01.2024;NKRAJNOV.ru
09.01.2024;NMNICOLAEVA2011.ru
09.01.2024;NNOV-ZABOR.ru
09.01.2024;NO89.ru
09.01.2024;NOCFRAME.ru
09.01.2024;NONAME-STUDIO-GAMEDEV.ru
09.01.2024;NONAMETHEATER.ru
09.01.2024;NOPCR.ru
09.01.2024;NORDICPROTECH.ru
09.01.2024;NORDINIKS.ru
09.01.2024;NOTCOIN-BLOG.ru
09.01.2024;NOTCOINTON.ru
09.01.2024;NOVIYORIENTIR.ru
09.01.2024;NOVOBENON.ru
09.01.2024;NOVOBENONE.ru
09.01.2024;NOVOSIBIRSK-EKSKURSII.ru
09.01.2024;NOVOSTROIKI-RYAZAN.ru
09.01.2024;NOVOSTROIKI-RYAZANONLINE.ru
09.01.2024;NPKSTAN.ru
09.01.2024;NPO-ALTER.ru
09.01.2024;NPOPEZ.ru
09.01.2024;NPOQEZ.ru
09.01.2024;NSORTLEY.ru
09.01.2024;NTARAJKOVICH.ru
09.01.2024;NTERESHIN.ru
09.01.2024;NTMSZ.ru
09.01.2024;NU-SASHKA.ru
09.01.2024;NULLAWAY.ru
09.01.2024;NUTELLAMOBILE.ru
09.01.2024;NVVOI.ru
09.01.2024;NWGFIREGLASS.ru
09.01.2024;NZT-BOT.ru
09.01.2024;O-DOLGAX2-PO-ZAKONY.ru
09.01.2024;O-DOLGAX24-ZABYDY.ru
09.01.2024;O-HOSTINGAH.ru
09.01.2024;O-NALOGAH.ru
09.01.2024;O-V-A.ru
09.01.2024;OASKAR.ru
09.01.2024;OBEGDZHANOVA.ru
09.01.2024;OBOGREVATEL-ZAKAZAT.ru
09.01.2024;OBOI-OBOI-PRO.ru
09.01.2024;OBOIDUVSE.ru
09.01.2024;OBORUDUS.ru
09.01.2024;OBUCHENIETELEGRAM.ru
09.01.2024;OCENKA-EKATERINBURG.ru
09.01.2024;OCENKA-NNV.ru
09.01.2024;OCENKAKM.ru
09.01.2024;OCHERNOTA.ru
09.01.2024;ODASATAN.ru
09.01.2024;ODASATAN666.ru
09.01.2024;ODEVAET.ru
09.01.2024;ODEZDADOM.ru
09.01.2024;ODINDOMALORDFILM.ru
09.01.2024;OFD-ORD1118.ru
09.01.2024;OFD-ORD1931.ru
09.01.2024;OFD-ORD3421.ru
09.01.2024;OFD-ORD3544.ru
09.01.2024;OFD-ORD6146.ru
09.01.2024;OFD-ORD7016.ru
09.01.2024;OFD-ORD7392.ru
09.01.2024;OFD-ORD9560.ru
09.01.2024;OFD-ORD9592.ru
09.01.2024;OFD-ORD9695.ru
09.01.2024;OFD-ORD9741.ru
09.01.2024;OFD-ORD9908.ru
09.01.2024;OFD1921.ru
09.01.2024;OFD3360.ru
09.01.2024;OFD9450.ru
09.01.2024;OFFICEDISCOUNTER.ru
09.01.2024;OFFICIAL-DELIVERY.ru
09.01.2024;OFFICIAL-ID9837.ru
09.01.2024;OGASANOV.ru
09.01.2024;OGENTATE.ru
09.01.2024;OGOEVA.ru
09.01.2024;OGOROD180.ru
09.01.2024;OGORODNICA24.ru
09.01.2024;OILCC.ru
09.01.2024;OKAMINSKAJA.ru
09.01.2024;OKINAWAHOTELMAJIN.ru
09.01.2024;OKSANAMARTY.ru
09.01.2024;OKSCHUROVA.ru
09.01.2024;OLATIVA.ru
09.01.2024;OLEGALEKSANDROV.ru
09.01.2024;OLEGSHUMAN.ru
09.01.2024;OLGA-LOGACHEVA.ru
09.01.2024;OLGA-VINNIKOVA.ru
09.01.2024;OLGAANIKINA90.ru
09.01.2024;OLGATHEWHITESWAN.ru
09.01.2024;OLGAVL.ru
09.01.2024;OLIPERTUS.ru
09.01.2024;OLLYA.ru
09.01.2024;OLYAYA.ru
09.01.2024;OLYMPUS-SERVICES.ru
09.01.2024;OLZER.ru
09.01.2024;OMSK-DONGFENGMOTOR.ru
09.01.2024;ONE1LIFE.ru
09.01.2024;ONEGOPTZ.ru
09.01.2024;ONESHOTTATTOO.ru
09.01.2024;ONKYO-SERVICES.ru
09.01.2024;ONLINE-BARBERCOURSES.ru
09.01.2024;ONLINE-PODGOTOVKA.ru
09.01.2024;ONLINE-REHAB.ru
09.01.2024;ONLINEKULTURA.ru
09.01.2024;ONLINEPROFESSY.ru
09.01.2024;ONLINEREHAB.ru
09.01.2024;ONLY-LOFT.ru
09.01.2024;ONLYQUEST.ru
09.01.2024;OOOURTK.ru
09.01.2024;OPEN-ANKETA.ru
09.01.2024;OPENFIRM.ru
09.01.2024;OPHIDIA.ru
09.01.2024;OPLATA2132.ru
09.01.2024;OPLATA2133.ru
09.01.2024;OPOZDYN.ru
09.01.2024;OPTIKALUT.ru
09.01.2024;OPTIMAL-DVR.ru
09.01.2024;OPTSHARIKI.ru
09.01.2024;ORAAUTO.ru
09.01.2024;ORD0128.ru
09.01.2024;ORDER-3834.ru
09.01.2024;ORDER-4703.ru
09.01.2024;ORDER-ID912875.ru
09.01.2024;ORDER-ID93485.ru
09.01.2024;ORDER1450.ru
09.01.2024;ORDER2089.ru
09.01.2024;ORDER5709.ru
09.01.2024;ORDER6505.ru
09.01.2024;ORDER6540.ru
09.01.2024;ORDER7205.ru
09.01.2024;ORDER7767.ru
09.01.2024;ORDER7807.ru
09.01.2024;ORDER8470.ru
09.01.2024;ORDER8640.ru
09.01.2024;ORDER8794.ru
09.01.2024;ORDER8910.ru
09.01.2024;ORDER9015.ru
09.01.2024;ORDER9074.ru
09.01.2024;ORDER9401.ru
09.01.2024;ORDER9870.ru
09.01.2024;ORFOGRAMIO.ru
09.01.2024;ORGANIZACIJ.ru
09.01.2024;ORGANIZEPDF.ru
09.01.2024;ORGANIZORRO.ru
09.01.2024;ORIENTIRPROF.ru
09.01.2024;ORIGIN-RP.ru
09.01.2024;ORION-REALTOR.ru
09.01.2024;ORIONREALTOR.ru
09.01.2024;ORLOVNIKITA.ru
09.01.2024;OS-LISKI.ru
09.01.2024;OSCAR1591.ru
09.01.2024;OSCARMUSICS.ru
09.01.2024;OSKARBEAUTY.ru
09.01.2024;OSTEKLENIE38.ru
09.01.2024;OTARDIGITAL.ru
09.01.2024;OTK154.ru
09.01.2024;OTOGREV-AUTO24.ru
09.01.2024;OTOPLENIE30.ru
09.01.2024;OTVETIMVSETUT.ru
09.01.2024;OTVETMP.ru
09.01.2024;OTXOH4IK.ru
09.01.2024;OUSTETIV.ru
09.01.2024;OUTLET2024.ru
09.01.2024;OVD-GOV.ru
09.01.2024;OVOD100.ru
09.01.2024;OWLSGRIP.ru
09.01.2024;OWN-PEOPLE.ru
09.01.2024;OWNPEOPLE.ru
09.01.2024;OXEXO.ru
09.01.2024;OYSHARA.ru
09.01.2024;OZEPAY.ru
09.01.2024;P-PETROVA.ru
09.01.2024;P-RR.ru
09.01.2024;P0STROIM-HOUSE.ru
09.01.2024;PAGE-4791.ru
09.01.2024;PALATKI-V-KEMPING.ru
09.01.2024;PALITRI.ru
09.01.2024;PALLETNYE-STELLAGI.ru
09.01.2024;PALYCH-PRO.ru
09.01.2024;PANO125.ru
09.01.2024;PANTELEEV-TOP.ru
09.01.2024;PARACELSUS-MED.ru
09.01.2024;PARK-FOROS.ru
09.01.2024;PARKSIDE-MOSCOW.ru
09.01.2024;PARTS-SCANNER.ru
09.01.2024;PASTACLUB.ru
09.01.2024;PAVEL4601.ru
09.01.2024;PAVILION-STROY.ru
09.01.2024;PAVLOVANV2023.ru
09.01.2024;PAY-ID714552.ru
09.01.2024;PAY-ID816844.ru
09.01.2024;PAY-ID855321.ru
09.01.2024;PAY-ID912512.ru
09.01.2024;PAYD13.ru
09.01.2024;PAYMENT-271.ru
09.01.2024;PAYMENT-272.ru
09.01.2024;PAYMENTS-ORDER975.ru
09.01.2024;PBK64.ru
09.01.2024;PDL-MASTER.ru
09.01.2024;PDL-SPORT.ru
09.01.2024;PDNV.ru
09.01.2024;PEARGIANNE.ru
09.01.2024;PECHATI-55.ru
09.01.2024;PECHATVEZDE.ru
09.01.2024;PECTOSOME.ru
09.01.2024;PEDKOM.ru
09.01.2024;PEGASSECURITY.ru
09.01.2024;PELAMIDA.ru
09.01.2024;PENO-PROM.ru
09.01.2024;PENTAX-SERVICE.ru
09.01.2024;PEREPLET-SPB.ru
09.01.2024;PERESADINA.ru
09.01.2024;PEREVEDENCZEVAA.ru
09.01.2024;PEREVOZKA-ONLINE.ru
09.01.2024;PERFECT-REBORN.ru
09.01.2024;PERFECTVANN.ru
09.01.2024;PEROVIAB.ru
09.01.2024;PERSHIJNTER.ru
09.01.2024;PERSHIN-PLASTICA.ru
09.01.2024;PERVINDICTAM.ru
09.01.2024;PETA634.ru
09.01.2024;PETFORD.ru
09.01.2024;PETRITUALEKB.ru
09.01.2024;PETRITUALKZN.ru
09.01.2024;PETRITUALMSK.ru
09.01.2024;PETRITUALNN.ru
09.01.2024;PETRITUALNS.ru
09.01.2024;PETRITUALSMR.ru
09.01.2024;PETRITUALSOCHI.ru
09.01.2024;PETRITUALVLG.ru
09.01.2024;PETRITUALVRN.ru
09.01.2024;PETRUSHECHKINA.ru
09.01.2024;PETRYPHO.ru
09.01.2024;PHARMA-LEX.ru
09.01.2024;PHENIXDNR.ru
09.01.2024;PHOENIXRPGARCHIVE.ru
09.01.2024;PHOTO-REELS.ru
09.01.2024;PHOTOCRIMEA.ru
09.01.2024;PHOTOELIZ-YA.ru
09.01.2024;PHOTOHTK.ru
09.01.2024;PHOTOIRK38.ru
09.01.2024;PHUDJAKOV.ru
09.01.2024;PHYGIATHLON.ru
09.01.2024;PHYGIATLON.ru
09.01.2024;PIN-BAR.ru
09.01.2024;PIN-UP-BETTINGS.ru
09.01.2024;PIN-UP-CASINO-BONUS.ru
09.01.2024;PIN-UP-GAMES.ru
09.01.2024;PIN-UP-SHOPS.ru
09.01.2024;PIN-UPCAZINOMONEY.ru
09.01.2024;PIN-UPCAZINOPLAYZ.ru
09.01.2024;PIN-UPKAZINOSLOTS.ru
09.01.2024;PIN-UPP2.ru
09.01.2024;PINSOMER.ru
09.01.2024;PINUP-4707.ru
09.01.2024;PINUP-894.ru
09.01.2024;PINUP-AVTOMATY587.ru
09.01.2024;PINUP-BEST1.ru
09.01.2024;PINUP-CASHCAZINO.ru
09.01.2024;PINUP-CAZINOPAYS.ru
09.01.2024;PINUP-CUSINO.ru
09.01.2024;PINUP-KASINO.ru
09.01.2024;PINUP-KASINOPLAY.ru
09.01.2024;PINUP-KASINOSLOTS.ru
09.01.2024;PINUP-KAZINO-25.ru
09.01.2024;PINUP-KAZINOSLOTS.ru
09.01.2024;PINUP-OFFCIAL-34.ru
09.01.2024;PINUP-PAYKASINO.ru
09.01.2024;PINUP-PAYSCASH.ru
09.01.2024;PINUP-PAYSKAZINO.ru
09.01.2024;PINUP-PLAYCAZINO.ru
09.01.2024;PINUP-PLAYKASINO.ru
09.01.2024;PINUP-PLAYSCAZINO.ru
09.01.2024;PINUP-SILVER.ru
09.01.2024;PINUP-WELCOME.ru
09.01.2024;PINUP-WINMONEY.ru
09.01.2024;PINUP24CASINO.ru
09.01.2024;PINUP7206.ru
09.01.2024;PINUPCASHCAZINO.ru
09.01.2024;PINUPCASINO-MONEY.ru
09.01.2024;PINUPCASINO-PLAYZ.ru
09.01.2024;PINUPCASINO66-3.ru
09.01.2024;PINUPCASINO77777BX.ru
09.01.2024;PINUPCASINO777AX.ru
09.01.2024;PINUPCASINOMONEY.ru
09.01.2024;PINUPCASINOPAYS.ru
09.01.2024;PINUPCASINOPLAY77777.ru
09.01.2024;PINUPCASINOPLAY7X.ru
09.01.2024;PINUPCAZINO-PAYS.ru
09.01.2024;PINUPCAZINOCASH.ru
09.01.2024;PINUPCAZINOPLAYS.ru
09.01.2024;PINUPKASINOPAYS.ru
09.01.2024;PINUPKAZINOCASHWIN.ru
09.01.2024;PINUPPLAYKAZINO.ru
09.01.2024;PINUPPLAYS.ru
09.01.2024;PINUPSLOTSPAYS.ru
09.01.2024;PINUPWIN-CAZINO.ru
09.01.2024;PIONEER-SERVICES.ru
09.01.2024;PIRAMIDA--SLOTS.ru
09.01.2024;PITERWESTI.ru
09.01.2024;PIZZADCC.ru
09.01.2024;PIZZASHOP163.ru
09.01.2024;PKOSKIN.ru
09.01.2024;PLAKATTA.ru
09.01.2024;PLAN3.ru
09.01.2024;PLATOVA-PRO.ru
09.01.2024;PLITUR.ru
09.01.2024;PLUM-RUST.ru
09.01.2024;PLUMBEARCOM.ru
09.01.2024;PMO-CONSULTING.ru
09.01.2024;PMORSEUR.ru
09.01.2024;PO-ZAKONY24-PRO-DOLG.ru
09.01.2024;POCHEMUETO.ru
09.01.2024;POCHTA-777.ru
09.01.2024;POCKET-OPTI0N.ru
09.01.2024;POCKET-OPTION-PROMOKOD.ru
09.01.2024;POCO-SERVICES.ru
09.01.2024;PODGORAET.ru
09.01.2024;PODGOTOVKA-ONLINE.ru
09.01.2024;PODUSHKA-OSTIO.ru
09.01.2024;POINT-IEARNING-WB.ru
09.01.2024;POLAND-TIKET.ru
09.01.2024;POLEV-PRO-HOSTINGI.ru
09.01.2024;POLOS67.ru
09.01.2024;POLOVINCHENKO.ru
09.01.2024;POLYNOM3.ru
09.01.2024;POLYPLITKA.ru
09.01.2024;POLYSTREAM.ru
09.01.2024;POOLS-CASSA.ru
09.01.2024;POOLS-KINO.ru
09.01.2024;POOLS-STANDUP.ru
09.01.2024;POOLS-THEATRE.ru
09.01.2024;POPOVAEB.ru
09.01.2024;PORTFOLIO-ZH.ru
09.01.2024;PORTFOLIO593.ru
09.01.2024;POSHIVCGD.ru
09.01.2024;POSITIVEKOT.ru
09.01.2024;POSLESMERTIE.ru
09.01.2024;POSMOTRIOTVET.ru
09.01.2024;POST-LOCATE.ru
09.01.2024;POSTAVKI-OPT.ru
09.01.2024;POSTROIM-DOM2Y0U.ru
09.01.2024;POSTROIM-HOME4YOU.ru
09.01.2024;POSUTOCHNO-TBILISI.ru
09.01.2024;POTESHNAYA.ru
09.01.2024;POTOLKIBRAUSE.ru
09.01.2024;POVOREHKA.ru
09.01.2024;POWER-GRACE.ru
09.01.2024;POWERSHOWIVAN.ru
09.01.2024;POZDNYAKOVALUBOV.ru
09.01.2024;POZNANIYAM.ru
09.01.2024;PPRROGOLOOSUI.ru
09.01.2024;PRACTICA-INFO.ru
09.01.2024;PRACTICKONF.ru
09.01.2024;PRAGMATIKANW.ru
09.01.2024;PRAVOCORP.ru
09.01.2024;PRAVOSLAVIEDO.ru
09.01.2024;PRDOC.ru
09.01.2024;PRECKYAN.ru
09.01.2024;PREKRASEN-MIR.ru
09.01.2024;PREM-WATCHES.ru
09.01.2024;PREM575.ru
09.01.2024;PREMIER-WINES.ru
09.01.2024;PREMIERWINES.ru
09.01.2024;PREMIUM-STUDIO-INTERIOR.ru
09.01.2024;PREMIUMPINUP-873.ru
09.01.2024;PRETTYPLUSS.ru
09.01.2024;PRIMATDAYZ.ru
09.01.2024;PRINTEVEZDE.ru
09.01.2024;PRIVATE25.ru
09.01.2024;PRO-BIZLEAD.ru
09.01.2024;PRO-DOLG2024.ru
09.01.2024;PRO-DOLGI24.ru
09.01.2024;PRO-FRAME.ru
09.01.2024;PRO-HOSTEXPERT.ru
09.01.2024;PRO-HOSTING24.ru
09.01.2024;PRO-HOSTINGLUD.ru
09.01.2024;PRO-TERM-KOTYOL.ru
09.01.2024;PRO24WISEXCHANGER.ru
09.01.2024;PROACTIVE63.ru
09.01.2024;PROBARMINO52.ru
09.01.2024;PROBCE24.ru
09.01.2024;PROBIVBOT.ru
09.01.2024;PRODAEM-NA-MP.ru
09.01.2024;PROF-AI.ru
09.01.2024;PROFAW.ru
09.01.2024;PROFILCHISTOTY.ru
09.01.2024;PROFILREMONTA.ru
09.01.2024;PROHRCOACHING.ru
09.01.2024;PROJECT-OF-NUTRITION.ru
09.01.2024;PROKHANOVKA.ru
09.01.2024;PROMOKOD-MEGAMARKETA.ru
09.01.2024;PROMTNET.ru
09.01.2024;PROOTSENKA.ru
09.01.2024;PROPUSK-PO-MOSKVE.ru
09.01.2024;PROSLOWLIFE.ru
09.01.2024;PROSTO13.ru
09.01.2024;PROSTOKOMFORTNO.ru
09.01.2024;PROVERKATELEGRAM.ru
09.01.2024;PRSNLHR.ru
09.01.2024;PRYADILSHIKOVAFOTO.ru
09.01.2024;PRYPETSEN.ru
09.01.2024;PSED22.ru
09.01.2024;PSHABUNIN.ru
09.01.2024;PSOLOMATOV.ru
09.01.2024;PSROOT.ru
09.01.2024;PSWIK.ru
09.01.2024;PSYCHOLOGTOP.ru
09.01.2024;PSYFORPEOPLE.ru
09.01.2024;PSYIN.ru
09.01.2024;PSYLIGHT29.ru
09.01.2024;PTEHPROEKT.ru
09.01.2024;PUFFMI-SHOP.ru
09.01.2024;PUMA-MOSCOW.ru
09.01.2024;PUMASPB.ru
09.01.2024;PUPEMA.ru
09.01.2024;PUSSYRIDE.ru
09.01.2024;PUTONDAY.ru
09.01.2024;PUTPREODOLENYA-ULYANOVSK.ru
09.01.2024;PV2393.ru
09.01.2024;PVAGIN.ru
09.01.2024;PVOSTRIKOV.ru
09.01.2024;PYATANOV.ru
09.01.2024;PYSHOOL.ru
09.01.2024;PYTHONWIKI.ru
09.01.2024;QARABASS.ru
09.01.2024;QR-GAMER.ru
09.01.2024;QR-LOGIN.ru
09.01.2024;QTY-COSMETICS.ru
09.01.2024;QTY-PRO.ru
09.01.2024;QTY-SHAMPOO.ru
09.01.2024;QTYCOSMETICS.ru
09.01.2024;QTYPRO.ru
09.01.2024;QTYPROFESSIONAL.ru
09.01.2024;QUADEONALI.ru
09.01.2024;QUALITY-RP.ru
09.01.2024;QUANTFEED.ru
09.01.2024;QUARTACONSULTING.ru
09.01.2024;QUICKSOUTH.ru
09.01.2024;RABBITMQ-LESSONS.ru
09.01.2024;RABOTA-ANKETA.ru
09.01.2024;RABOTA-MARIA-RA.ru
09.01.2024;RADAR-GO.ru
09.01.2024;RADARY-DETEKTORY.ru
09.01.2024;RADIANT-SMILE.ru
09.01.2024;RADIO-ONLAYN.ru
09.01.2024;RADIODETALI155.ru
09.01.2024;RADOSTEVAWB.ru
09.01.2024;RAGOZLA.ru
09.01.2024;RAISA-GUSEJNOVA.ru
09.01.2024;RAKKYCUPDATE.ru
09.01.2024;RAMBLCR.ru
09.01.2024;RAMZINCOR.ru
09.01.2024;RARUTJUNJAN.ru
09.01.2024;RASKHODNIKIRF.ru
09.01.2024;RASSANOVA-1.ru
09.01.2024;RASSTEGAJ.ru
09.01.2024;RAVLES.ru
09.01.2024;RAWARDS-FF-GARENU.ru
09.01.2024;RAYPINO.ru
09.01.2024;RAYZR.ru
09.01.2024;RBVASNAB.ru
09.01.2024;RE-SHOWER.ru
09.01.2024;REALME-SERVICES.ru
09.01.2024;REDKO-7.ru
09.01.2024;REDRAKI.ru
09.01.2024;REDSTARST.ru
09.01.2024;REDTASK-SERVER.ru
09.01.2024;REGARD-STROIT.ru
09.01.2024;REGCOURIER.ru
09.01.2024;REGRESSION-EIT.ru
09.01.2024;REKAOBLAKA.ru
09.01.2024;REKLAMABLOGER.ru
09.01.2024;REKLAMAUGA.ru
09.01.2024;REM-29.ru
09.01.2024;REM-TEHMASTER.ru
09.01.2024;REMONT-BRUSNIKA-KRD.ru
09.01.2024;REMONT-SAMARA-BRUSNIKA.ru
09.01.2024;REMONT-SMR.ru
09.01.2024;REMONT-TRAKTOR.ru
09.01.2024;REMONT001.ru
09.01.2024;REMONTKVARTIROMSK.ru
09.01.2024;REMONTKVUFA.ru
09.01.2024;REMONTNOVOSTROY64.ru
09.01.2024;REMONTOBUVI-OREL.ru
09.01.2024;REMONTPROD.ru
09.01.2024;REMONTPRODIGY.ru
09.01.2024;REMSKLAD54.ru
09.01.2024;RENT-MASS.ru
09.01.2024;RENTEESPACE.ru
09.01.2024;RENTISH13-AXIOMA.ru
09.01.2024;RENTLPG.ru
09.01.2024;REPO2.ru
09.01.2024;RESANTA-SERVICE.ru
09.01.2024;RESELLA.ru
09.01.2024;RESHOWER.ru
09.01.2024;RESPECTFOOTBALL.ru
09.01.2024;RESTORANPUBLICA.ru
09.01.2024;RETROFIT-SHOP.ru
09.01.2024;REUTENKO.ru
09.01.2024;REVERRISE.ru
09.01.2024;REVIEWAUTHMYGOVXSEC.ru
09.01.2024;REWARD-FF-QARENE.ru
09.01.2024;REWARDS-FF-GERENU.ru
09.01.2024;RF-CREDITS.ru
09.01.2024;RF-LOW.ru
09.01.2024;RFORMA.ru
09.01.2024;RGSON.ru
09.01.2024;RICKOWENS-MOSCOW.ru
09.01.2024;RIDEPORT.ru
09.01.2024;RIKASENSOR.ru
09.01.2024;RILS-KURSY-BESPLATNO.ru
09.01.2024;RIM-TKANI.ru
09.01.2024;RINALINA.ru
09.01.2024;RINAT-ISHMUHAMETOV.ru
09.01.2024;RIOBET2024.ru
09.01.2024;RIOBETCASINO-2024.ru
09.01.2024;RIOBETCAZINO.ru
09.01.2024;RIRI-PATTERN.ru
09.01.2024;RISEW.ru
09.01.2024;RISHAT-DAVLETGAREEV.ru
09.01.2024;RITUALNK.ru
09.01.2024;RK-TECHNOLOGIES.ru
09.01.2024;RKANAVA.ru
09.01.2024;RKTECHNOLOGIES.ru
09.01.2024;RMESTG.ru
09.01.2024;RMIAS.ru
09.01.2024;RNIKOLAJ.ru
09.01.2024;ROB2006.ru
09.01.2024;ROBOT-REMONT.ru
09.01.2024;ROBUXCARD.ru
09.01.2024;ROGENGURU.ru
09.01.2024;ROID-GP.ru
09.01.2024;ROKUT.ru
09.01.2024;ROLAND-SERVICES.ru
09.01.2024;ROMANSTRIGA.ru
09.01.2024;ROMASHKA-DIGITAL.ru
09.01.2024;ROOF-M.ru
09.01.2024;ROS-NEWS.ru
09.01.2024;ROSEN-PSYCHOLOG.ru
09.01.2024;ROSMEDICIN.ru
09.01.2024;ROSTAPLATFORMA.ru
09.01.2024;ROSTOVDON161.ru
09.01.2024;ROVA86.ru
09.01.2024;ROYAL-TG.ru
09.01.2024;RP-PLUS.ru
09.01.2024;RSDETAIL.ru
09.01.2024;RSDETAILING.ru
09.01.2024;RSKAMENSKIH.ru
09.01.2024;RSP108.ru
09.01.2024;RSTAXI.ru
09.01.2024;RU-ID8857.ru
09.01.2024;RU-SECURITY3764.ru
09.01.2024;RUATC.ru
09.01.2024;RUBBERPROFILE.ru
09.01.2024;RUBBITCOIN.ru
09.01.2024;RUBYPRECIOUS.ru
09.01.2024;RUCASINO-777.ru
09.01.2024;RUHAPPYBABY.ru
09.01.2024;RUMCGROUP.ru
09.01.2024;RUNTO24.ru
09.01.2024;RUS-PUZZLE.ru
09.01.2024;RUS-UZ.ru
09.01.2024;RUS123.ru
09.01.2024;RUSFACTORIES.ru
09.01.2024;RUSINOVAKURS.ru
09.01.2024;RUSS-POSTIN.ru
09.01.2024;RUSSIAN-LANDSCAPES.ru
09.01.2024;RUSSIAN-PUZZLE.ru
09.01.2024;RUSSIANPUZZLE.ru
09.01.2024;RUSSKOEFOTO.ru
09.01.2024;RUSSPIRIT.ru
09.01.2024;RUSSTRAK.ru
09.01.2024;RUST-ISLAND.ru
09.01.2024;RUST-PEAK.ru
09.01.2024;RUSTORE-DOWNLOAD.ru
09.01.2024;RUSTPEAK.ru
09.01.2024;RUZHDI.ru
09.01.2024;RYBAKOVA-7.ru
09.01.2024;RYBAKOVDA.ru
09.01.2024;RZD2024.ru
09.01.2024;S-PANORAMA.ru
09.01.2024;S-REDKIN.ru
09.01.2024;S2-IMPLANT.ru
09.01.2024;SA-DNR.ru
09.01.2024;SABAYTUR.ru
09.01.2024;SABUROVA-MARINA.ru
09.01.2024;SAD-IGNAT.ru
09.01.2024;SADBALASHOV.ru
09.01.2024;SAFETYBIZ.ru
09.01.2024;SAFONV.ru
09.01.2024;SAGIDANOVA.ru
09.01.2024;SAIGONEKB.ru
09.01.2024;SAITCREATE-ONLINE.ru
09.01.2024;SALAHOV-PRO.ru
09.01.2024;SALE2024ONLINE.ru
09.01.2024;SALON-AYLASHOME.ru
09.01.2024;SALVATOREFOZZI.ru
09.01.2024;SAMARA-TRUD.ru
09.01.2024;SAME877.ru
09.01.2024;SAMII-OTVETNII.ru
09.01.2024;SAMP-RD.ru
09.01.2024;SAMRETH.ru
09.01.2024;SAMURAIAUTO-VL.ru
09.01.2024;SANDREY8.ru
09.01.2024;SANGRAAL.ru
09.01.2024;SANTECH38.ru
09.01.2024;SANTEH-NCH.ru
09.01.2024;SANTEX-NCH.ru
09.01.2024;SANTEXIVAN.ru
09.01.2024;SAOLTI.ru
09.01.2024;SAPIAS.ru
09.01.2024;SAPPHIRERING.ru
09.01.2024;SASHABARANOVA.ru
09.01.2024;SATISFIED-IT.ru
09.01.2024;SATURN-X.ru
09.01.2024;SAVGUSMANOVA.ru
09.01.2024;SAVLITA.ru
09.01.2024;SAZONOV97.ru
09.01.2024;SAZZ-SMG.ru
09.01.2024;SBECK.ru
09.01.2024;SBITNEV4.ru
09.01.2024;SBNEMKIN.ru
09.01.2024;SBOOTIN.ru
09.01.2024;SCHEAT-PRO.ru
09.01.2024;SCHEWZOV.ru
09.01.2024;SCHUKLINA.ru
09.01.2024;SCIENCEPM.ru
09.01.2024;SCIENTIFICAMC.ru
09.01.2024;SCVBN.ru
09.01.2024;SDELAT-SVOIMI-RUKAMI.ru
09.01.2024;SDELKA7372.ru
09.01.2024;SDICI.ru
09.01.2024;SECUREA.ru
09.01.2024;SELECTOR-PLAY4.ru
09.01.2024;SELECTOR-ZERKALO.ru
09.01.2024;SELENA-1.ru
09.01.2024;SELENAWB.ru
09.01.2024;SELEZNEVAYULIA.ru
09.01.2024;SELIGER-ARENDA.ru
09.01.2024;SEMIKEY.ru
09.01.2024;SEMIRSHOP.ru
09.01.2024;SEMYONANTROPOV.ru
09.01.2024;SEND-ORDER.ru
09.01.2024;SENDERADS.ru
09.01.2024;SENDLI.ru
09.01.2024;SENDMEABROAD.ru
09.01.2024;SENSORFAQ.ru
09.01.2024;SEO-BILITY.ru
09.01.2024;SEO-BOSS.ru
09.01.2024;SEO-CRAFT.ru
09.01.2024;SEO-EXPERTNO.ru
09.01.2024;SEPLYARSKIY.ru
09.01.2024;SER6347.ru
09.01.2024;SERDITSKAYA.ru
09.01.2024;SERDITSKIY.ru
09.01.2024;SERGEIBOGDANOV.ru
09.01.2024;SERGEYLUKIN.ru
09.01.2024;SERGZET.ru
09.01.2024;SERIALBIT.ru
09.01.2024;SERIALLON.ru
09.01.2024;SERTIFIKAT-ISO-OFIC.ru
09.01.2024;SERVER-SPHERE.ru
09.01.2024;SERVERSPHERE.ru
09.01.2024;SERVICE-3422.ru
09.01.2024;SERVICE-DEMO.ru
09.01.2024;SEVASTOPOL-FUNDAMENT.ru
09.01.2024;SEVEN-WINDS-TEST-TASK.ru
09.01.2024;SEVERNAYA-SEMYA.ru
09.01.2024;SEVTIFEEV.ru
09.01.2024;SEXSICOLA.ru
09.01.2024;SEXTAK.ru
09.01.2024;SEXY-LIVECASINO2024.ru
09.01.2024;SEZONKA-TIRES.ru
09.01.2024;SFATKIN.ru
09.01.2024;SHADYEV-1.ru
09.01.2024;SHAHMARAN.ru
09.01.2024;SHAKHTRANSSERVICE.ru
09.01.2024;SHALVAR.ru
09.01.2024;SHAMANSK8.ru
09.01.2024;SHARAMAZANOV.ru
09.01.2024;SHCHEMELININA.ru
09.01.2024;SHDMA.ru
09.01.2024;SHE-LOVE.ru
09.01.2024;SHEEBURGER.ru
09.01.2024;SHELEMETEV.ru
09.01.2024;SHEVCHENKOEVEL.ru
09.01.2024;SHIBURGER.ru
09.01.2024;SHIK11.ru
09.01.2024;SHINA-X.ru
09.01.2024;SHINING-FUTURE.ru
09.01.2024;SHINY-ZIMA.ru
09.01.2024;SHINYFISH.ru
09.01.2024;SHKAFE-STUDIYO.ru
09.01.2024;SHKI12.ru
09.01.2024;SHOKOBOKS.ru
09.01.2024;SHOPMONA.ru
09.01.2024;SHOPPERINSPAIN.ru
09.01.2024;SHOPTOPTORG.ru
09.01.2024;SHOR-SPB.ru
09.01.2024;SHTORIM.ru
09.01.2024;SHUGGEENERGY.ru
09.01.2024;SIBGADGET.ru
09.01.2024;SICELICT.ru
09.01.2024;SIDEMOTION.ru
09.01.2024;SIEMENS-ORG.ru
09.01.2024;SILA-SEMECHKI.ru
09.01.2024;SILATOKA61.ru
09.01.2024;SIMAKOVA-7.ru
09.01.2024;SIMVOL22.ru
09.01.2024;SINER-GEL.ru
09.01.2024;SINOPRODUCTION.ru
09.01.2024;SITE-NAWP.ru
09.01.2024;SITE-PARS.ru
09.01.2024;SITEINWEB.ru
09.01.2024;SITI-SEVER.ru
09.01.2024;SITISEVER.ru
09.01.2024;SIVA-X.ru
09.01.2024;SIVICKAYA.ru
09.01.2024;SIVKOVA7.ru
09.01.2024;SK-ARHAN.ru
09.01.2024;SK-SIBERIA.ru
09.01.2024;SK-VIAR.ru
09.01.2024;SK-WED.ru
09.01.2024;SKA4KOVAEG.ru
09.01.2024;SKALA-CLUB.ru
09.01.2024;SKAMSUS.ru
09.01.2024;SKAUSHKA.ru
09.01.2024;SKAZHIMASTER.ru
09.01.2024;SKAZHIMASTERSKI.ru
09.01.2024;SKETCHCUT.ru
09.01.2024;SKICHANCE.ru
09.01.2024;SKIDKI-SPORTSUITS.ru
09.01.2024;SKILLITI.ru
09.01.2024;SKINBLITZ.ru
09.01.2024;SKLEGION-BYISK.ru
09.01.2024;SKONNOVA.ru
09.01.2024;SKOPYLOV003.ru
09.01.2024;SKZK2024.ru
09.01.2024;SLAVAREST.ru
09.01.2024;SLAVTEPLICA.ru
09.01.2024;SLEDOPYTS.ru
09.01.2024;SLEEPONSLEEPY.ru
09.01.2024;SLEEPPYSTORE.ru
09.01.2024;SLIV4.ru
09.01.2024;SLIV4FANS.ru
09.01.2024;SLOT--GID.ru
09.01.2024;SLOT-ONLINE.ru
09.01.2024;SLOTYUK.ru
09.01.2024;SLOVO-A-PACANA.ru
09.01.2024;SLOVO-G-PACANA.ru
09.01.2024;SLOVO-HER-PACANA.ru
09.01.2024;SLOVO-O-PACANA.ru
09.01.2024;SLOVO-PA-CA-NA.ru
09.01.2024;SLOVO-PA-CA-NA-1-8.ru
09.01.2024;SLOVO-PA-CANA.ru
09.01.2024;SLOVO-PACA-NA.ru
09.01.2024;SLOVO-PACA-NA-1-9.ru
09.01.2024;SLOVO-PACANAVSE8.ru
09.01.2024;SLOVO-PACONA-V.ru
09.01.2024;SLOVO-PACONA-VSE8.ru
09.01.2024;SLOVO-S-PACANA.ru
09.01.2024;SLOVO8PACANAI.ru
09.01.2024;SLOVOKREDITY.ru
09.01.2024;SLOVOPACANHER.ru
09.01.2024;SLOVOREPACANA.ru
09.01.2024;SLOVPACANDE.ru
09.01.2024;SLOVPACANOPA.ru
09.01.2024;SLOVPACAREDE.ru
09.01.2024;SLOVPACARFE.ru
09.01.2024;SMAGOBIS.ru
09.01.2024;SMAHNOLOGY.ru
09.01.2024;SMART-SHOP-124.ru
09.01.2024;SMARTSANATORIY.ru
09.01.2024;SMEK74.ru
09.01.2024;SMELUKOV.ru
09.01.2024;SMH-SYSTEM.ru
09.01.2024;SMILEMATH.ru
09.01.2024;SMIRNSFK.ru
09.01.2024;SMLECHKO.ru
09.01.2024;SNAB-VRN.ru
09.01.2024;SNOVATRIPPIN.ru
09.01.2024;SOBUSY.ru
09.01.2024;SOCHI-2025.ru
09.01.2024;SOCIALUNIVERSITET.ru
09.01.2024;SOCNN.ru
09.01.2024;SOFTTEST51.ru
09.01.2024;SOHRYAKOV.ru
09.01.2024;SOKOL-NSK.ru
09.01.2024;SOKOLKOV72.ru
09.01.2024;SOLONOV.ru
09.01.2024;SOMNEW.ru
09.01.2024;SONECHKAYAGODNAYA.ru
09.01.2024;SONIASOLIAR750.ru
09.01.2024;SOROKA-ALMET.ru
09.01.2024;SORVI-JACKPOT.ru
09.01.2024;SOSMEHOM.ru
09.01.2024;SOTUVCHISHOPDOM.ru
09.01.2024;SOTUVCHISHOPMARKET.ru
09.01.2024;SOUER.ru
09.01.2024;SOUTSMART.ru
09.01.2024;SOUZMIROV.ru
09.01.2024;SP-SEARCH.ru
09.01.2024;SPASTICHELOVECHESTVO.ru
09.01.2024;SPAVLOVSKIH.ru
09.01.2024;SPB-PSYDOCTOR.ru
09.01.2024;SPB-RABOTYAGA.ru
09.01.2024;SPBLV.ru
09.01.2024;SPEC-PK.ru
09.01.2024;SPECIALTOGOD.ru
09.01.2024;SPECIIPRJANOSTI.ru
09.01.2024;SPECTRONICA.ru
09.01.2024;SPECTRONIKA.ru
09.01.2024;SPETSTRONICA.ru
09.01.2024;SPETSTRONIKA.ru
09.01.2024;SPINIACASINO2024.ru
09.01.2024;SPIRTRFSPIRTZZZ.ru
09.01.2024;SPIRTRFSXPIRTZZZ.ru
09.01.2024;SPISOKCASINO2024.ru
09.01.2024;SPLAVPROEKT.ru
09.01.2024;SPLITKEYBOARD.ru
09.01.2024;SPORTBLOGPRO.ru
09.01.2024;SPORTSITEPRO.ru
09.01.2024;SPORTVSERDCE.ru
09.01.2024;SPRASHIVAITUT.ru
09.01.2024;SPRAVKATECH.ru
09.01.2024;SPRAVKAX-DLA-KREDJTOV.ru
09.01.2024;SPROSIORABOTE.ru
09.01.2024;SPRTLG.ru
09.01.2024;SPUTNIKANT.ru
09.01.2024;SPVGOVS.ru
09.01.2024;SQL-TRAINER.ru
09.01.2024;SRAVNIAPTEKI.ru
09.01.2024;SREDAKRACH.ru
09.01.2024;SREDNYAROGATKA.ru
09.01.2024;SRF-GROUP.ru
09.01.2024;SRO-DOPUSK-OFIC.ru
09.01.2024;SRO-STROYDONBASS.ru
09.01.2024;SSADOVA.ru
09.01.2024;SSHUTOV.ru
09.01.2024;SSI96.ru
09.01.2024;SSLOVOPACONA.ru
09.01.2024;STACY-PRO.ru
09.01.2024;STAEMCONMMUNILLTY.ru
09.01.2024;STAFEEVS.ru
09.01.2024;STALMM.ru
09.01.2024;STAND2NOOJIK.ru
09.01.2024;STAR-OSKOL-SHOZASHUSHI.ru
09.01.2024;STARAKANOV.ru
09.01.2024;STARDA-BIGWIN.ru
09.01.2024;STARDACASINO-TREBI-AF.ru
09.01.2024;STARGOD.ru
09.01.2024;STARSKY-JWLR.ru
09.01.2024;STARVARA2024.ru
09.01.2024;STASAY-TEXSPEC.ru
09.01.2024;STASIMOOD.ru
09.01.2024;STAVKIPLUS.ru
09.01.2024;STEELBOOM.ru
09.01.2024;STEP-PUZZLE.ru
09.01.2024;STEPP99.ru
09.01.2024;STEPPUZZLES.ru
09.01.2024;STEREOMARKET.ru
09.01.2024;STJAZHKOVA.ru
09.01.2024;STNKV.ru
09.01.2024;STNUMERO.ru
09.01.2024;STOL-IZ-KERAMOGRANITA.ru
09.01.2024;STOLOGY.ru
09.01.2024;STOMCLINNIC.ru
09.01.2024;STOMOTOLOGIAMONSTRY.ru
09.01.2024;STOMVYBOROVA-ORTHO.ru
09.01.2024;STONAERA.ru
09.01.2024;STOP-ALCOHOL.ru
09.01.2024;STOREER.ru
09.01.2024;STOREUTH.ru
09.01.2024;STORYPUBLISHER.ru
09.01.2024;STR-CASH.ru
09.01.2024;STR-ZAIM.ru
09.01.2024;STR0IM-DOM24.ru
09.01.2024;STRANAREMESLA.ru
09.01.2024;STREAM-CASINOS.ru
09.01.2024;STREKOZAMASTER.ru
09.01.2024;STRO1-GOODHOUSE.ru
09.01.2024;STROI-G0ODHOUSE.ru
09.01.2024;STROIH0USE-RF.ru
09.01.2024;STROIH0USE24.ru
09.01.2024;STROIHOUSE24.ru
09.01.2024;STROIKA-40.ru
09.01.2024;STROIM-DOM-KOLOMNA.ru
09.01.2024;STROIM-DOMM.ru
09.01.2024;STROITEL-EKATERINBURG.ru
09.01.2024;STRONGDETAILING.ru
09.01.2024;STROYSPECTR36.ru
09.01.2024;STUAPSE.ru
09.01.2024;STUDIO-DL-TEST.ru
09.01.2024;STUDIO-SHOW.ru
09.01.2024;STYLIST-MONICA.ru
09.01.2024;STYRKA35.ru
09.01.2024;SUBBOTEY.ru
09.01.2024;SUBCARS.ru
09.01.2024;SUDARIKOVJL.ru
09.01.2024;SUGARMAX.ru
09.01.2024;SUGUR.ru
09.01.2024;SUHNOLOGY.ru
09.01.2024;SULUSEWS.ru
09.01.2024;SUMKA-MONEY.ru
09.01.2024;SUMKI-ONLINE.ru
09.01.2024;SUNCHAI.ru
09.01.2024;SUNFUSHA.ru
09.01.2024;SUNSEAGULL.ru
09.01.2024;SUOMI123.ru
09.01.2024;SUPER-LIKE.ru
09.01.2024;SUPERCOLA.ru
09.01.2024;SUPERHNOLOGY.ru
09.01.2024;SUPERRSTAR.ru
09.01.2024;SUPERSTARR.ru
09.01.2024;SVAMIVSEGDA.ru
09.01.2024;SVANSON.ru
09.01.2024;SVE-HM.ru
09.01.2024;SVEFEDART.ru
09.01.2024;SVETLANACHEREDOVA.ru
09.01.2024;SVETLANADEMIDENKO.ru
09.01.2024;SVETLANANOVIKOVA.ru
09.01.2024;SVETLANASMIRN78.ru
09.01.2024;SVETLANATMOSPHERA.ru
09.01.2024;SVOBOTA.ru
09.01.2024;SVOIDOM96.ru
09.01.2024;SVOIPRODUCT.ru
09.01.2024;SVOYAKVARTIRA21.ru
09.01.2024;SVUB.ru
09.01.2024;SVVAS65.ru
09.01.2024;SVYATSOUNDZ.ru
09.01.2024;SW-ALEX.ru
09.01.2024;SWAPHUB.ru
09.01.2024;SWEETHOMETATTOO.ru
09.01.2024;SWIFTBIZ.ru
09.01.2024;SWIMMING-UOR2.ru
09.01.2024;SYCHEFF.ru
09.01.2024;SYGN.ru
09.01.2024;SYMBOL22.ru
09.01.2024;SYNCLABMAIL.ru
09.01.2024;SYNCLOOM.ru
09.01.2024;SZIC-OBSLED.ru
09.01.2024;T-MEXSOFT.ru
09.01.2024;T1XBET.ru
09.01.2024;T585.ru
09.01.2024;TAFT-SHOP.ru
09.01.2024;TAH-LG.ru
09.01.2024;TAHMAZYAN.ru
09.01.2024;TAI-RYADOM.ru
09.01.2024;TAIJIGONGFU.ru
09.01.2024;TAILORS-ALLY.ru
09.01.2024;TAKECONNECT.ru
09.01.2024;TAKEDAFLOW.ru
09.01.2024;TANKIEVA.ru
09.01.2024;TAPFAST.ru
09.01.2024;TAPYR.ru
09.01.2024;TAR007.ru
09.01.2024;TARANOVAANNA.ru
09.01.2024;TARASENKO-1.ru
09.01.2024;TAROLOG-VERA.ru
09.01.2024;TASKCONTEXT.ru
09.01.2024;TASTEOFFREEDOM.ru
09.01.2024;TATHAMET.ru
09.01.2024;TATIANA-AART.ru
09.01.2024;TATIANAMINIYAROVA.ru
09.01.2024;TATTEV.ru
09.01.2024;TATTOOMUSEUM.ru
09.01.2024;TATTWAH.ru
09.01.2024;TATY-KISELYOVA.ru
09.01.2024;TATYANAMUHITOVA.ru
09.01.2024;TAUSE.ru
09.01.2024;TAWALUK.ru
09.01.2024;TAXI-RUSSIAN.ru
09.01.2024;TAXIORDERING.ru
09.01.2024;TAXOPARK-LEOPARD.ru
09.01.2024;TAYPHUN01.ru
09.01.2024;TBERDJUGINA.ru
09.01.2024;TBLZHN.ru
09.01.2024;TD-ASK.ru
09.01.2024;TDSTS.ru
09.01.2024;TEALLAVI.ru
09.01.2024;TEANONJA.ru
09.01.2024;TECH-1.ru
09.01.2024;TECH-GC.ru
09.01.2024;TECHNOAI.ru
09.01.2024;TECHNOE.ru
09.01.2024;TECHNOLOGY-BASE.ru
09.01.2024;TECHNOLOGYBASE.ru
09.01.2024;TECHNORE.ru
09.01.2024;TECHNOSENSEY.ru
09.01.2024;TECHNOSOUTH.ru
09.01.2024;TEFAL-SERVICES.ru
09.01.2024;TEFLONIS.ru
09.01.2024;TEHMASTERRMT.ru
09.01.2024;TEHMASTERSTR.ru
09.01.2024;TEHNIKAHELP.ru
09.01.2024;TEHNOLOGIGAME.ru
09.01.2024;TEK-SBER.ru
09.01.2024;TELAQRANM.ru
09.01.2024;TELEGAMANIAC.ru
09.01.2024;TELOQRUAN.ru
09.01.2024;TELPOPOS.ru
09.01.2024;TENSECONDS.ru
09.01.2024;TEPEMOK.ru
09.01.2024;TEPLICA-GOST.ru
09.01.2024;TEPLICA123.ru
09.01.2024;TEPLICA180.ru
09.01.2024;TEPLICAUDACHA.ru
09.01.2024;TEPLICIN24.ru
09.01.2024;TEPLO-LION.ru
09.01.2024;TEPLOFF-DN.ru
09.01.2024;TEPLOVIZORREMONT.ru
09.01.2024;TERMODINAMIKA39.ru
09.01.2024;TERRITORY-LEGEND.ru
09.01.2024;TESA-NN.ru
09.01.2024;TEST-CASECC.ru
09.01.2024;TEST-MYWEB.ru
09.01.2024;TEST60.ru
09.01.2024;TESTTASKA25.ru
09.01.2024;TGBOTROOM.ru
09.01.2024;TGNSA.ru
09.01.2024;TGORBUNOVA.ru
09.01.2024;TGRJUK.ru
09.01.2024;TGTRADER.ru
09.01.2024;THANATOLOGIST.ru
09.01.2024;THEATERFEST64.ru
09.01.2024;THEFOLLOWME.ru
09.01.2024;THEFOOTBALLTIMES.ru
09.01.2024;THEINVESTING.ru
09.01.2024;THEOPENFIRM.ru
09.01.2024;THEORDINARY-SHOP.ru
09.01.2024;THEROAMER.ru
09.01.2024;THESIGN-PROJECT.ru
09.01.2024;THESNEAKERS24.ru
09.01.2024;THEUGLI-JOB.ru
09.01.2024;THEXRED.ru
09.01.2024;THUNDEROBOT-SERVICE.ru
09.01.2024;TIBIRUM.ru
09.01.2024;TIFLONADEZHDA.ru
09.01.2024;TIHERO.ru
09.01.2024;TIMADA.ru
09.01.2024;TIMMEDIA.ru
09.01.2024;TIMOFEICH-BARBEQUE-MSK.ru
09.01.2024;TINKINA.ru
09.01.2024;TIPS-2379.ru
09.01.2024;TIRANYAN.ru
09.01.2024;TISHKUN.ru
09.01.2024;TISTEH.ru
09.01.2024;TK-LEADER05.ru
09.01.2024;TLC-54.ru
09.01.2024;TMEX-SOFT.ru
09.01.2024;TMEXSOFT.ru
09.01.2024;TNIZHELTSOVA.ru
09.01.2024;TOCHKAZ.ru
09.01.2024;TOCHNOLOGY.ru
09.01.2024;TOHNOLOGY.ru
09.01.2024;TOKAREV777.ru
09.01.2024;TOMATCORP.ru
09.01.2024;TOMIKZAYM.ru
09.01.2024;TOP-10-RATING.ru
09.01.2024;TOP-INTERIORDESIGN.ru
09.01.2024;TOPASKTUT.ru
09.01.2024;TOPPOSTEL77.ru
09.01.2024;TOPSEYGG.ru
09.01.2024;TORCHEMARGIELA.ru
09.01.2024;TORGUEM-NA-MP.ru
09.01.2024;TORT-SOLO.ru
09.01.2024;TORTSOLO.ru
09.01.2024;TOSHGUN.ru
09.01.2024;TOSHIBA-SERVISE.ru
09.01.2024;TOURMD.ru
09.01.2024;TRACKFEEDMYNEWS.ru
09.01.2024;TRACKTRAIN.ru
09.01.2024;TRADERSFORUMOFFF.ru
09.01.2024;TRAFFIC-AGGREGATOR.ru
09.01.2024;TRAFFICAGGREGATOR.ru
09.01.2024;TRANCESPACE.ru
09.01.2024;TRANSPORTPROTO.ru
09.01.2024;TRAVELKRUF.ru
09.01.2024;TRIGGERCENTR.ru
09.01.2024;TRIIRIN.ru
09.01.2024;TRIKSEL.ru
09.01.2024;TRINPATHWAYREALTY.ru
09.01.2024;TRIPS-GOOD.ru
09.01.2024;TRUDOVSCKOE.ru
09.01.2024;TRUNOMAD.ru
09.01.2024;TRUSTCONSALT.ru
09.01.2024;TSENA-KACHESTVO.ru
09.01.2024;TSGER.ru
09.01.2024;TSGRADADM.ru
09.01.2024;TTRIFONOV.ru
09.01.2024;TTRIFONOVA.ru
09.01.2024;TUNESOUTH.ru
09.01.2024;TUNGALAG.ru
09.01.2024;TUNING-TELA-ONLINE.ru
09.01.2024;TURNIR-CLUB.ru
09.01.2024;TV504.ru
09.01.2024;TVOU-OPRC.ru
09.01.2024;TWELVE-JK.ru
09.01.2024;TWENTY12.ru
09.01.2024;TWINCAR.ru
09.01.2024;TWINNING.ru
09.01.2024;TYPE-GBT.ru
09.01.2024;TYT-WATER.ru
09.01.2024;TYYSIIM.ru
09.01.2024;TYZHAGENT.ru
09.01.2024;UBERALLEN.ru
09.01.2024;UBRATBOKA.ru
09.01.2024;UCHIMATEM.ru
09.01.2024;UCHIS-LEGKO.ru
09.01.2024;UDARNIK-REST.ru
09.01.2024;UEMZE.ru
09.01.2024;UFA-PARK-CITY.ru
09.01.2024;UFAREMONTKV.ru
09.01.2024;UGRA-DIOCESE.ru
09.01.2024;ULTIMATE-SERVIC.ru
09.01.2024;ULTRA-NEWS.ru
09.01.2024;ULTRA-TOKAR.ru
09.01.2024;UMINNAHA.ru
09.01.2024;UNCLEPOP.ru
09.01.2024;UNEMIAN.ru
09.01.2024;UNGAMEDEV.ru
09.01.2024;UNI-PORT.ru
09.01.2024;UNIDIEP.ru
09.01.2024;UNINDER.ru
09.01.2024;UNIONLASER.ru
09.01.2024;UNIVINDER.ru
09.01.2024;UNSTERBLICH.ru
09.01.2024;UNTYNATUR.ru
09.01.2024;UNZHAKOVATATIANA.ru
09.01.2024;UPRAVDU.ru
09.01.2024;UPRAVL22.ru
09.01.2024;URAL-FIT-MARKET.ru
09.01.2024;URALCABEL174.ru
09.01.2024;URALFITMARKET.ru
09.01.2024;URALIFE.ru
09.01.2024;URBAN-MAIL.ru
09.01.2024;URBANISTKA.ru
09.01.2024;URBANMUSICLABEL.ru
09.01.2024;URIENCESS.ru
09.01.2024;URIST-YALTA.ru
09.01.2024;URISTIOTVETI7.ru
09.01.2024;UROPHARM.ru
09.01.2024;USHATSKY.ru
09.01.2024;USHRT.ru
09.01.2024;USPEX2021.ru
09.01.2024;UTEPLITELSTROY.ru
09.01.2024;UZNAIOTVETUT.ru
09.01.2024;V-AGRORU.ru
09.01.2024;V-MOLCHANOV.ru
09.01.2024;V-STATE.ru
09.01.2024;V-VTB.ru
09.01.2024;V210970.ru
09.01.2024;V4GROUP.ru
09.01.2024;VAALEKSEEV.ru
09.01.2024;VADIM-VM.ru
09.01.2024;VAH-ZAEM.ru
09.01.2024;VAH-ZAIM.ru
09.01.2024;VAKAHI.ru
09.01.2024;VAKHTANGOVA-THEATE.ru
09.01.2024;VALENWOD.ru
09.01.2024;VALERA1220.ru
09.01.2024;VALERY-KORABLEV.ru
09.01.2024;VALUN76.ru
09.01.2024;VALVTECH.ru
09.01.2024;VALWEBSITE.ru
09.01.2024;VANGA8.ru
09.01.2024;VANHANEN.ru
09.01.2024;VARZESHI.ru
09.01.2024;VASY380V.ru
09.01.2024;VAT71.ru
09.01.2024;VAZABOGATSTVA.ru
09.01.2024;VAZYUKOV1967.ru
09.01.2024;VBITVA.ru
09.01.2024;VBUCKS-FORNITE.ru
09.01.2024;VDAMER.ru
09.01.2024;VDNEPROVSKIY.ru
09.01.2024;VDONATE.ru
09.01.2024;VDPIP.ru
09.01.2024;VE62RA19.ru
09.01.2024;VEJDA.ru
09.01.2024;VEKSHABANK.ru
09.01.2024;VELES-DOM.ru
09.01.2024;VELGAS.ru
09.01.2024;VELO-SUP.ru
09.01.2024;VELOSUP.ru
09.01.2024;VELOU.ru
09.01.2024;VELRENTA.ru
09.01.2024;VELRO.ru
09.01.2024;VENICE2002.ru
09.01.2024;VENT-LUCHOK.ru
09.01.2024;VENTPERM.ru
09.01.2024;VERAMED42.ru
09.01.2024;VERHOVTSEV.ru
09.01.2024;VERTEXTRAVEL.ru
09.01.2024;VESLASUSHI.ru
09.01.2024;VESSELPARTY.ru
09.01.2024;VEZDECHISTOTA.ru
09.01.2024;VF-TM07.ru
09.01.2024;VGARAGE-NALIVATOR.ru
09.01.2024;VGOLYNSKIJ.ru
09.01.2024;VHT-CASH.ru
09.01.2024;VICTORIAHOLIDAY.ru
09.01.2024;VICTORYFIT-SERVICES.ru
09.01.2024;VIDEO-HUB.ru
09.01.2024;VIDEOCRUSH.ru
09.01.2024;VIDJIM.ru
09.01.2024;VIETNAM-COFFEE.ru
09.01.2024;VIKALEONOVA.ru
09.01.2024;VIKKULLIKK.ru
09.01.2024;VIKTOR-PALBICH.ru
09.01.2024;VIKTORIIABELOVA.ru
09.01.2024;VILLASKYARKHYZ.ru
09.01.2024;VILOZHIOTVET.ru
09.01.2024;VIONAK.ru
09.01.2024;VIP-BONUS.ru
09.01.2024;VIP-CLUB-OBSHCHAK.ru
09.01.2024;VIP-KRD.ru
09.01.2024;VIPESCORTRABOTA.ru
09.01.2024;VIPIPING.ru
09.01.2024;VIRGIN-STUDIO.ru
09.01.2024;VISAPROCONNECT.ru
09.01.2024;VISPRO-TAXI.ru
09.01.2024;VITA-BODY.ru
09.01.2024;VITA-SANCTA.ru
09.01.2024;VITABODY.ru
09.01.2024;VITAMIN-MIX-FRANCHISE.ru
09.01.2024;VIVA-STRETCHING.ru
09.01.2024;VIVO-SERVICES.ru
09.01.2024;VJTRAVEL.ru
09.01.2024;VK-MINI-APP.ru
09.01.2024;VKANAVE.ru
09.01.2024;VKOLOMEETS70.ru
09.01.2024;VKUSNAYA-ZHIZN.ru
09.01.2024;VLAD-FARFOR.ru
09.01.2024;VLADIKUS.ru
09.01.2024;VLADIM5541.ru
09.01.2024;VLADIMIR-SALNIKOV.ru
09.01.2024;VLADIMIR-SHPINEV.ru
09.01.2024;VLADIMIRINVITATIONS.ru
09.01.2024;VLADIMIRISAEV.ru
09.01.2024;VLILIA56.ru
09.01.2024;VLSTYLE.ru
09.01.2024;VMAMENKO.ru
09.01.2024;VMR-YA.ru
09.01.2024;VNARYSHKIN.ru
09.01.2024;VNCOFE.ru
09.01.2024;VNCOFFEE.ru
09.01.2024;VNSANTEX.ru
09.01.2024;VODONAGREVATELI-80.ru
09.01.2024;VODYAMIR.ru
09.01.2024;VOLTER1985.ru
09.01.2024;VOODOLAB.ru
09.01.2024;VOODOO-IAB.ru
09.01.2024;VOODOO1-LAB.ru
09.01.2024;VORONOVAPRO.ru
09.01.2024;VOSMERKA-FILM.ru
09.01.2024;VOZDUH-YOGA.ru
09.01.2024;VOZI-ONLINE.ru
09.01.2024;VOZOL-OFFICIAL.ru
09.01.2024;VPEROV.ru
09.01.2024;VPYATETSKAYA.ru
09.01.2024;VRACHLOGOPEDBERNATSKAYA.ru
09.01.2024;VSAKHAROV.ru
09.01.2024;VSAMSONOVA.ru
09.01.2024;VSE-KARTINY.ru
09.01.2024;VSE-O-COMPUTERAH.ru
09.01.2024;VSEPABLIKI.ru
09.01.2024;VSHELUDKOV.ru
09.01.2024;VTBBANKCARD.ru
09.01.2024;VTORGROUP.ru
09.01.2024;VTORRENTE.ru
09.01.2024;VULKAN-APP.ru
09.01.2024;VULKAN-NEON2024.ru
09.01.2024;VULKAN-NIGHT.ru
09.01.2024;VULKAN-UP.ru
09.01.2024;VULKAN24--AVTOMATY.ru
09.01.2024;VULKAN24BEST.ru
09.01.2024;VULKANMILLION.ru
09.01.2024;VULKANPREMIUM-MAXIMUM.ru
09.01.2024;VULKANRUS.ru
09.01.2024;VULKANZONE.ru
09.01.2024;VVIKIPEDIA.ru
09.01.2024;VVMITR.ru
09.01.2024;VVOODOO-LAB.ru
09.01.2024;VWOODS.ru
09.01.2024;VYBOR22.ru
09.01.2024;WADUHA77.ru
09.01.2024;WAFFLELTS.ru
09.01.2024;WAKEVOLNA.ru
09.01.2024;WAKUS.ru
09.01.2024;WALTERSTUDIO.ru
09.01.2024;WANNITU.ru
09.01.2024;WATHSSAP.ru
09.01.2024;WBPODBORKA.ru
09.01.2024;WE-TO.ru
09.01.2024;WE313.ru
09.01.2024;WEART-1.ru
09.01.2024;WEB-TEIEGRAM-ORG.ru
09.01.2024;WEB-ZAIM-24.ru
09.01.2024;WEB-ZAIM24.ru
09.01.2024;WEBCAMAX.ru
09.01.2024;WEBDEVFOLIO.ru
09.01.2024;WEBFOODSYSTEMS.ru
09.01.2024;WEBSAITPRO.ru
09.01.2024;WEBSITE-1823.ru
09.01.2024;WEBSITE-1824.ru
09.01.2024;WEBSITE-1825.ru
09.01.2024;WEBSITE-1826.ru
09.01.2024;WEBSITE-1827.ru
09.01.2024;WEBSTODAY.ru
09.01.2024;WEL-KOM.ru
09.01.2024;WEPPERPAY.ru
09.01.2024;WFATB.ru
09.01.2024;WHIEDA-RUS.ru
09.01.2024;WHITCHEC.ru
09.01.2024;WILDWORLD-X.ru
09.01.2024;WILLIAMHILL--CASINO.ru
09.01.2024;WIN-GAME.ru
09.01.2024;WINDOOW.ru
09.01.2024;WINE-BOTTLES.ru
09.01.2024;WINE-BOXES.ru
09.01.2024;WINE-CORNER.ru
09.01.2024;WINE-DROP.ru
09.01.2024;WINEACADEMIA.ru
09.01.2024;WINEADVISER.ru
09.01.2024;WINEBAG.ru
09.01.2024;WINEBOTTLES.ru
09.01.2024;WINEBOXES.ru
09.01.2024;WINECORNER.ru
09.01.2024;WINEDROP.ru
09.01.2024;WINTERSURVIVAL.ru
09.01.2024;WINVULKANSTAVKA.ru
09.01.2024;WISHCASHMERE.ru
09.01.2024;WISHEUS.ru
09.01.2024;WISHWORKSHOP.ru
09.01.2024;WIZARDING-WORLD.ru
09.01.2024;WOOBLOOM.ru
09.01.2024;WORK-PITER1.ru
09.01.2024;WORKHOSTING.ru
09.01.2024;WORKRODIONOVA.ru
09.01.2024;WORLD-HAND-MADE.ru
09.01.2024;WORLD-OF-GAMING.ru
09.01.2024;WORLDOFGAMING.ru
09.01.2024;WORTAN.ru
09.01.2024;WOWCOFFE.ru
09.01.2024;WPBAG.ru
09.01.2024;WPCRM.ru
09.01.2024;WPDEALER.ru
09.01.2024;WWW-LOVEREPUBLIC.ru
09.01.2024;WWW-SUSTALIT.ru
09.01.2024;WWW-TV.ru
09.01.2024;WWWBOT.ru
09.01.2024;X-VTB.ru
09.01.2024;X0L0ST.ru
09.01.2024;XEROX-SERVICE.ru
09.01.2024;XGLS.ru
09.01.2024;XIAOMIEV-SU7.ru
09.01.2024;XINNIAN.ru
09.01.2024;XODEK.ru
09.01.2024;XOLOP--2.ru
09.01.2024;XOXBYDATA.ru
09.01.2024;XRAIDER.ru
09.01.2024;XROLEPLAY.ru
09.01.2024;XTYTRU.ru
09.01.2024;XUEAAAAAA.ru
09.01.2024;XVENON.ru
09.01.2024;XXXXXXXXXXXXXXXXXXXX.ru
09.01.2024;YA-85.ru
09.01.2024;YAANAA.ru
09.01.2024;YACCI.ru
09.01.2024;YAFLOR.ru
09.01.2024;YAGA-8881.ru
09.01.2024;YANDEX-ARSH.ru
09.01.2024;YANDEX42.ru
09.01.2024;YAPERDOL.ru
09.01.2024;YARMYINFRA.ru
09.01.2024;YEKATERINAKADOLO.ru
09.01.2024;YESSKY.ru
09.01.2024;YMAMAX.ru
09.01.2024;YOBEL.ru
09.01.2024;YOBERRY.ru
09.01.2024;YOCOOL.ru
09.01.2024;YODKAI.ru
09.01.2024;YOGEL.ru
09.01.2024;YOGEX.ru
09.01.2024;YOONOPAY.ru
09.01.2024;YOOVIA.ru
09.01.2024;YORLOV.ru
09.01.2024;YOU-DATE.ru
09.01.2024;YOUBERRY.ru
09.01.2024;YOURPSYCHOLOGISTS.ru
09.01.2024;YOVIA.ru
09.01.2024;YOVOW.ru
09.01.2024;YPOSPEEV.ru
09.01.2024;YROK0906.ru
09.01.2024;YRS-ALG.ru
09.01.2024;YSVDEVELOPMENT.ru
09.01.2024;YSVINVEST.ru
09.01.2024;YUDOLSTORE.ru
09.01.2024;YULIYA-ARTNAIL.ru
09.01.2024;YULYAOSINA.ru
09.01.2024;YURISTKONSULTNT.ru
09.01.2024;YURZINA.ru
09.01.2024;YUSKRA.ru
09.01.2024;Z-STRANA.ru
09.01.2024;ZABORY-TERRASY.ru
09.01.2024;ZABYDY-O-DOLGAX24.ru
09.01.2024;ZAEM-VAH.ru
09.01.2024;ZAEMSVEMBYSTRO.ru
09.01.2024;ZAIM-STR.ru
09.01.2024;ZAIM-VAH.ru
09.01.2024;ZAIMWIN.ru
09.01.2024;ZAJMIX.ru
09.01.2024;ZAKAZ7372.ru
09.01.2024;ZAKAZAT-GAZELI.ru
09.01.2024;ZAKON-O-DOLGAX24.ru
09.01.2024;ZAKON-OSTANOVIT-DOLG24.ru
09.01.2024;ZAKONNO-NE-PLACHY-DOLG24.ru
09.01.2024;ZAKONNO-STOP-DOLGI24.ru
09.01.2024;ZARANDER.ru
09.01.2024;ZASALON.ru
09.01.2024;ZAVADAS.ru
09.01.2024;ZAVODKOMPOZIT.ru
09.01.2024;ZAYMI-ZDES.ru
09.01.2024;ZDANOVA85.ru
09.01.2024;ZDOROVVIE.ru
09.01.2024;ZEERP.ru
09.01.2024;ZEFSLAB.ru
09.01.2024;ZENUATS.ru
09.01.2024;ZEPHANAEL.ru
09.01.2024;ZHAROVDV.ru
09.01.2024;ZHIGAREVA-1.ru
09.01.2024;ZHIVILO-7.ru
09.01.2024;ZHMIL.ru
09.01.2024;ZHORANDY.ru
09.01.2024;ZIMOVIE-GESH.ru
09.01.2024;ZIYABEK.ru
09.01.2024;ZLOVESKI.ru
09.01.2024;ZNDOM.ru
09.01.2024;ZOKIR-80.ru
09.01.2024;ZOMKA.ru
09.01.2024;ZONAWS.ru
09.01.2024;ZONDAPI17.ru
09.01.2024;ZOOEYSA.ru
09.01.2024;ZORB361.ru
09.01.2024;ZOYBIRG.ru
09.01.2024;ZS-ONLINE.ru
09.01.2024;ZSPERPITRRTEE.ru
09.01.2024;ZSPERPPPITRRTEE.ru
09.01.2024;ZTTK.ru
09.01.2024;ZURABYAN.ru
09.01.2024;ZVONIST.ru
09.01.2024;ZYKOVA-1.ru
09.01.2024;ZYLICELEN.ru
09.01.2024;ZZOOB.ru
09.01.2024;ZZYAAKODA.ru
10.01.2024;005K.ru
10.01.2024;007-LORDFILMS.ru
10.01.2024;090124RR.ru
10.01.2024;101INVEST.ru
10.01.2024;108BM.ru
10.01.2024;109-7-109.ru
10.01.2024;10SIMJON.ru
10.01.2024;12-V.ru
10.01.2024;1300JOYCASINO.ru
10.01.2024;1337TOMSK.ru
10.01.2024;142784.ru
10.01.2024;144011.ru
10.01.2024;1493.ru
10.01.2024;14MIN.ru
10.01.2024;159RU.ru
10.01.2024;174AUTO.ru
10.01.2024;19TEST.ru
10.01.2024;1CASINO-FRESH.ru
10.01.2024;1POBEDA-CASINOV2.ru
10.01.2024;1STEXPERTBUH.ru
10.01.2024;1T2E3S4T.ru
10.01.2024;1WIN-APK-FREE.ru
10.01.2024;1WIN-BK-CASINO.ru
10.01.2024;1WIN-DOWNLOAD-APK.ru
10.01.2024;1WINCAZINO.ru
10.01.2024;1XJOYCASINO-COM.ru
10.01.2024;2003065.ru
10.01.2024;23GIFTS.ru
10.01.2024;23KROVATKI.ru
10.01.2024;240710.ru
10.01.2024;24159RU.ru
10.01.2024;24ADVOKATOV.ru
10.01.2024;24INFONALOG.ru
10.01.2024;24PODR.ru
10.01.2024;24SYS.ru
10.01.2024;24TEKE.ru
10.01.2024;24YOULA.ru
10.01.2024;24YOULA24.ru
10.01.2024;25K-MEDIA.ru
10.01.2024;260790.ru
10.01.2024;2685210.ru
10.01.2024;2BARD.ru
10.01.2024;2BOROFF.ru
10.01.2024;2FERMERA.ru
10.01.2024;2POVOROTA.ru
10.01.2024;315820.ru
10.01.2024;3384.ru
10.01.2024;33HOTELS.ru
10.01.2024;34GORGAS.ru
10.01.2024;3600000.ru
10.01.2024;373737.ru
10.01.2024;393360.ru
10.01.2024;3DBELKA.ru
10.01.2024;3OHA.ru
10.01.2024;3US-STUDIO.ru
10.01.2024;3XLOVE.ru
10.01.2024;44443.ru
10.01.2024;45GOV.ru
10.01.2024;495-DOSKA.ru
10.01.2024;495-MEBEL.ru
10.01.2024;4GLAZA31.ru
10.01.2024;4KMAIL.ru
10.01.2024;4PLANA.ru
10.01.2024;50K-SLOBODA.ru
10.01.2024;52REG.ru
10.01.2024;53EA.ru
10.01.2024;568866.ru
10.01.2024;585CATALOG.ru
10.01.2024;5MINUT8.ru
10.01.2024;5PLANOV.ru
10.01.2024;6-66.ru
10.01.2024;6836438.ru
10.01.2024;6A6KA.ru
10.01.2024;7-OKEAN.ru
10.01.2024;71241.ru
10.01.2024;72HC.ru
10.01.2024;777-CASINOX550.ru
10.01.2024;77DEN77.ru
10.01.2024;78EPS.ru
10.01.2024;78KKKA.ru
10.01.2024;78ZMK.ru
10.01.2024;88-D.ru
10.01.2024;89526493164592D74D.ru
10.01.2024;8SLOVOPACONA.ru
10.01.2024;911-SAT.ru
10.01.2024;9433.ru
10.01.2024;97577.ru
10.01.2024;991112.ru
10.01.2024;A-A-KAZ.ru
10.01.2024;A-GIFTS.ru
10.01.2024;A-KUDASHKIN.ru
10.01.2024;A-MPRP.ru
10.01.2024;A-V-Y.ru
10.01.2024;A-VILLAGE.ru
10.01.2024;A23GOLD.ru
10.01.2024;A4SVETO.ru
10.01.2024;AACAUTO.ru
10.01.2024;AAKASIMOV.ru
10.01.2024;AAKMAN.ru
10.01.2024;AAPODOLSKIY.ru
10.01.2024;AAV01.ru
10.01.2024;ABARCHITECTS.ru
10.01.2024;ABARSKIH.ru
10.01.2024;ABB-ACS.ru
10.01.2024;ABDUFATTOKHOV.ru
10.01.2024;ABDUL-KHALID.ru
10.01.2024;ABERES.ru
10.01.2024;ABKHAZIA-RELAX.ru
10.01.2024;ABKOREA.ru
10.01.2024;ABOOKLIB.ru
10.01.2024;ABOUTHOSTINGS.ru
10.01.2024;ABRATCHIKOV.ru
10.01.2024;ABRNBONUSEMOCAO.ru
10.01.2024;ABRNCONQUIJOGS.ru
10.01.2024;ABRNEMOCAOJO.ru
10.01.2024;ABRNJOGADOLITE.ru
10.01.2024;ABRNJOGOSBONUS.ru
10.01.2024;ABRNREIDOSJOGOS.ru
10.01.2024;ABRNVENCEDOR.ru
10.01.2024;ABRNVIRAVENTURA.ru
10.01.2024;ABROSIMOV-VIDEO.ru
10.01.2024;ABSOLUTHOTELKLG.ru
10.01.2024;ABSOLUTPOTOLOK.ru
10.01.2024;ABUZ1WIN.ru
10.01.2024;AC-BEREGOVOI.ru
10.01.2024;ACADEMY-TANTRA.ru
10.01.2024;ACADEMY100X.ru
10.01.2024;ACANDANAT.ru
10.01.2024;ACASLIGHT.ru
10.01.2024;ACAYAZI.ru
10.01.2024;ACCOUNTBURG.ru
10.01.2024;ACHISTYAKOFF.ru
10.01.2024;ACIDMINE.ru
10.01.2024;ACTIVITO.ru
10.01.2024;AD-RM.ru
10.01.2024;ADCHERLO.ru
10.01.2024;ADDISAN.ru
10.01.2024;ADELF.ru
10.01.2024;ADELI-BR.ru
10.01.2024;ADGAMING5ZONE.ru
10.01.2024;ADIMPRESSION.ru
10.01.2024;ADM-ORDYNSK.ru
10.01.2024;ADM39.ru
10.01.2024;ADMIN-IUGOV.ru
10.01.2024;ADRJAGINA.ru
10.01.2024;ADS-BOSS.ru
10.01.2024;ADS-INNOVATION.ru
10.01.2024;ADS-SUPER.ru
10.01.2024;ADSBIGDATA.ru
10.01.2024;ADSBIGDATA-CENTR.ru
10.01.2024;ADSBIGDATA-INFO.ru
10.01.2024;ADSBIGDATA-ONLINE.ru
10.01.2024;ADSBIGDATA-PLUS.ru
10.01.2024;ADSBIGDATA-PRO.ru
10.01.2024;ADSBIGDATACENTR.ru
10.01.2024;ADSBIGDATAINFO.ru
10.01.2024;ADSBIGDATAONLINE.ru
10.01.2024;ADSBIGDATAPLUS.ru
10.01.2024;ADSBIGDATAPRO.ru
10.01.2024;ADSBIGDATASHOP.ru
10.01.2024;ADVAITAVE.ru
10.01.2024;ADVANTAPEREVOD.ru
10.01.2024;ADVCAMPER.ru
10.01.2024;ADVENTURE-ZONE.ru
10.01.2024;ADVENTUREADSX9.ru
10.01.2024;ADVLOCO.ru
10.01.2024;ADVOKAT-LEVITSKY.ru
10.01.2024;ADVOKATCHERNYSHOV.ru
10.01.2024;ADVOKATYZAPRAVA.ru
10.01.2024;ADVOKATZAPRAVA.ru
10.01.2024;AELTSOVA.ru
10.01.2024;AER-BAE.ru
10.01.2024;AERO-TT.ru
10.01.2024;AFENIKS.ru
10.01.2024;AFGRIBKOV.ru
10.01.2024;AFISHAMOSREG.ru
10.01.2024;AFK-175.ru
10.01.2024;AFTERLUNCH.ru
10.01.2024;AFTMARYL.ru
10.01.2024;AFVAS701.ru
10.01.2024;AGANCY-PRO.ru
10.01.2024;AGARKOVA1.ru
10.01.2024;AGIMI.ru
10.01.2024;AGNITORY-7.ru
10.01.2024;AGORJAEVA.ru
10.01.2024;AGRISTAR.ru
10.01.2024;AGROKLIMAT-74.ru
10.01.2024;AGROMAHSTROY.ru
10.01.2024;AGRUMART.ru
10.01.2024;AHMF.ru
10.01.2024;AI-KNOW-HOW.ru
10.01.2024;AIARTPRO.ru
10.01.2024;AIBEFUTURE.ru
10.01.2024;AIFINPROFIT.ru
10.01.2024;AIKNOWHOW.ru
10.01.2024;AIM2.ru
10.01.2024;AIPOZDRAV.ru
10.01.2024;AIRATMUSIN.ru
10.01.2024;AIT-SCHOOL.ru
10.01.2024;AIVANOV-HOMELAB.ru
10.01.2024;AIWEBHELPER.ru
10.01.2024;AJOUR55.ru
10.01.2024;AJPSYM.ru
10.01.2024;AKALINICHEV.ru
10.01.2024;AKARIH.ru
10.01.2024;AKGKTK.ru
10.01.2024;AKIREY.ru
10.01.2024;AKKUMAVTO.ru
10.01.2024;AKNULOONK.ru
10.01.2024;AKORIUKIN.ru
10.01.2024;AKORZIK.ru
10.01.2024;AKRYGIN.ru
10.01.2024;AKSEP.ru
10.01.2024;AKTIV77.ru
10.01.2024;AKTIVSANTEH.ru
10.01.2024;AKULA-HOSTING.ru
10.01.2024;AKUNTSOV.ru
10.01.2024;AKUPIPRODAI.ru
10.01.2024;AL-HAMRA.ru
10.01.2024;ALA-TOUR.ru
10.01.2024;ALATOUR.ru
10.01.2024;ALBERTSH.ru
10.01.2024;ALEKHINAAS.ru
10.01.2024;ALEKIGNATJEV.ru
10.01.2024;ALEKSEENKOV-PRO.ru
10.01.2024;ALEKSEEVA-PRONALOGI.ru
10.01.2024;ALENA28KUZNETSOVA.ru
10.01.2024;ALENAFINANCY.ru
10.01.2024;ALEXANDER20521.ru
10.01.2024;ALEXANDERKALININ.ru
10.01.2024;ALEXBELYH.ru
10.01.2024;ALEXEY-KUKLEV.ru
10.01.2024;ALEXEY-YAROSHENKO.ru
10.01.2024;ALEXNIKIF0ROVA.ru
10.01.2024;ALFA-AI.ru
10.01.2024;ALFA-GROUP-CONSTRUCTION.ru
10.01.2024;ALFA-KHIMKI.ru
10.01.2024;ALFASEW24.ru
10.01.2024;ALFRAX.ru
10.01.2024;ALGOFLORA.ru
10.01.2024;ALIANS-SIBIR.ru
10.01.2024;ALIBABAPE.ru
10.01.2024;ALICEGHOME.ru
10.01.2024;ALIENC.ru
10.01.2024;ALIFE-INVEST.ru
10.01.2024;ALIKALOLVOV.ru
10.01.2024;ALIYAM.ru
10.01.2024;ALIZADESABINA.ru
10.01.2024;ALL-MOLDS.ru
10.01.2024;ALLAGORBATOVA.ru
10.01.2024;ALLBAYUZ.ru
10.01.2024;ALLNONOGRAMS.ru
10.01.2024;ALLSTOCKS.ru
10.01.2024;ALMAZ-SKAT.ru
10.01.2024;ALMAZEXPORT.ru
10.01.2024;ALOARENDA.ru
10.01.2024;ALP-NEW.ru
10.01.2024;ALPHA-MEKONG.ru
10.01.2024;ALPNEW.ru
10.01.2024;ALTERGEIST.ru
10.01.2024;ALTUMGRP.ru
10.01.2024;AM178.ru
10.01.2024;AM911.ru
10.01.2024;AMELEKHOVETS.ru
10.01.2024;AMG-PORTAL.ru
10.01.2024;AMIDECANDLE.ru
10.01.2024;AMIGO-FEDORCHUK.ru
10.01.2024;AMIKHALKO.ru
10.01.2024;AMIRONIKO-1DAY.ru
10.01.2024;AMP-CARAUDIO.ru
10.01.2024;AMT-ENDO.ru
10.01.2024;AMT-GASTROGUSS.ru
10.01.2024;AMUREKO.ru
10.01.2024;ANALYZECONNECTIONS.ru
10.01.2024;ANARTCOMPANY.ru
10.01.2024;ANASTASIJA-GOLUBEVA.ru
10.01.2024;ANASTASIJA-IVANOVA.ru
10.01.2024;ANATOLLLY.ru
10.01.2024;ANDRESKUR.ru
10.01.2024;ANDREW-ZAJTSEV.ru
10.01.2024;ANDREY270368.ru
10.01.2024;ANDREYKARIMOV.ru
10.01.2024;ANDREYR17.ru
10.01.2024;ANDREYTIO.ru
10.01.2024;ANDRLEOANDR.ru
10.01.2024;ANDROMEDA2023.ru
10.01.2024;ANECHAEVA.ru
10.01.2024;ANEG1.ru
10.01.2024;ANET-MASSAGE.ru
10.01.2024;ANGELIKA-ADAMOVA.ru
10.01.2024;ANGRIG1978.ru
10.01.2024;ANIMALSERVICES.ru
10.01.2024;ANISSIMOVA.ru
10.01.2024;ANITA1301.ru
10.01.2024;ANKAR-MOTORS.ru
10.01.2024;ANNA-MYZNIKOVAST.ru
10.01.2024;ANNABABBA.ru
10.01.2024;ANNAPRODPO.ru
10.01.2024;ANNARYBAKOVA.ru
10.01.2024;ANNOSIPOVA2002.ru
10.01.2024;ANOCDC.ru
10.01.2024;ANPILOGOVNV.ru
10.01.2024;ANT1TSOV.ru
10.01.2024;ANTA-HOUSE.ru
10.01.2024;ANTI-D.ru
10.01.2024;ANTI-SANCTIONS.ru
10.01.2024;ANTI-TANKI.ru
10.01.2024;ANTIAC.ru
10.01.2024;ANTIBI0TIK.ru
10.01.2024;ANTICORAUTO.ru
10.01.2024;ANTICORAVTO.ru
10.01.2024;ANTOSHINA-ANTOSHINA.ru
10.01.2024;ANUTASKI.ru
10.01.2024;ANYUTKATM.ru
10.01.2024;APELSEAN30.ru
10.01.2024;APELSINOTELANAPA.ru
10.01.2024;APHENIX.ru
10.01.2024;APOLLO-CLEANING.ru
10.01.2024;APPLIED-ROBOTICS.ru
10.01.2024;APTEKAURAL.ru
10.01.2024;APTIEVICH.ru
10.01.2024;AQUA4SQ.ru
10.01.2024;AQYAR.ru
10.01.2024;AR-ASK.ru
10.01.2024;ARCHEOLOGYKALUGA.ru
10.01.2024;ARCHICLARITY.ru
10.01.2024;ARCHITECTURE-JOURNAL.ru
10.01.2024;ARDPAYPLATI.ru
10.01.2024;ARDPAYPLATIINFO.ru
10.01.2024;ARENASIBIRIA.ru
10.01.2024;ARENAUSPEHA.ru
10.01.2024;ARENDA-FOUND.ru
10.01.2024;ARENDA-INSTRUMENTA-RND.ru
10.01.2024;ARENDA-KOSTUMOV-KRSK.ru
10.01.2024;ARENDA-RETAKE.ru
10.01.2024;ARGOS-SNAB.ru
10.01.2024;ARGRISHIN.ru
10.01.2024;ARHANGELSK-GIRLS.ru
10.01.2024;ARHANGELSK-INDIVIDUALKA.ru
10.01.2024;ARHITEKTOR-JK.ru
10.01.2024;ARIFOV.ru
10.01.2024;ARIZONA-JINGLE.ru
10.01.2024;ARK-SP.ru
10.01.2024;ARKHYZ-HOTELS.ru
10.01.2024;ARLEORA.ru
10.01.2024;ARLIGHTHOME.ru
10.01.2024;ARMADAPACK-TEST.ru
10.01.2024;ARMAMEN.ru
10.01.2024;ARMIROVANII-SCOTCH-MS.ru
10.01.2024;ARMOREDLANDCRUISER.ru
10.01.2024;ARS-WORK.ru
10.01.2024;ARSENAL-BOT.ru
10.01.2024;ART-DMITRENKO.ru
10.01.2024;ARTA-INVEST.ru
10.01.2024;ARTAVTOMATIKA.ru
10.01.2024;ARTBOTS4U.ru
10.01.2024;ARTEM999.ru
10.01.2024;ARTEMKRAV00.ru
10.01.2024;ARTEMKROLIK.ru
10.01.2024;ARTEMOVER.ru
10.01.2024;ARTERIAMED.ru
10.01.2024;ARTEXPRESSTROI.ru
10.01.2024;ARTFEKLIN-BIZNESS.ru
10.01.2024;ARTFOODCONSULTING.ru
10.01.2024;ARTHASLICH.ru
10.01.2024;ARTHOUSE35.ru
10.01.2024;ARTIKA-HOL.ru
10.01.2024;ARTISTICAD8WEAR.ru
10.01.2024;ARTISUS-STORE.ru
10.01.2024;ARTKUSCH.ru
10.01.2024;ARTLIBRE.ru
10.01.2024;ARTLIF.ru
10.01.2024;ARTOTECA.ru
10.01.2024;ARTTKACHENKO.ru
10.01.2024;ARTURDANILOV.ru
10.01.2024;ASCHEBINA.ru
10.01.2024;ASEMENIHINA.ru
10.01.2024;ASEVENOU.ru
10.01.2024;ASHRECHA.ru
10.01.2024;ASK-INFORMGURU.ru
10.01.2024;ASMDETAL-74.ru
10.01.2024;ASOLOVYH.ru
10.01.2024;ASP-TISSI.ru
10.01.2024;ASSAY-SOME-EXAMINE.ru
10.01.2024;ASSAY-SOME-EXPERIENCE.ru
10.01.2024;ASSAY-SOME-SMARTLINK.ru
10.01.2024;ASTERIYA-STROY.ru
10.01.2024;ASTRA-AKZ.ru
10.01.2024;ASTRABIFF.ru
10.01.2024;ASTRAL-LORDFILMS.ru
10.01.2024;ASTRO-PROFI.ru
10.01.2024;ASTROGENESYS.ru
10.01.2024;ASTROLOG-GRIGORYAN.ru
10.01.2024;ASTROPLAST.ru
10.01.2024;ASUGIBIN.ru
10.01.2024;ATLANT-STAIRS.ru
10.01.2024;ATLANTID.ru
10.01.2024;ATLASSHRUGGED.ru
10.01.2024;ATMARKET34.ru
10.01.2024;ATMOS-KRIM.ru
10.01.2024;AUDI-AUTOMAT.ru
10.01.2024;AUDI-COMMUNITY.ru
10.01.2024;AUDIOMATE.ru
10.01.2024;AUDIOPUB.ru
10.01.2024;AUDIORANOBE.ru
10.01.2024;AURAPORT.ru
10.01.2024;AUTO-CHECK31.ru
10.01.2024;AUTO-LOFT23.ru
10.01.2024;AUTO-PLUSE.ru
10.01.2024;AUTO-URISTY.ru
10.01.2024;AUTO-VIRA.ru
10.01.2024;AUTOACCESSOR.ru
10.01.2024;AUTOADCHIC1.ru
10.01.2024;AUTOBANGER.ru
10.01.2024;AUTOHUT.ru
10.01.2024;AUTOKEY102.ru
10.01.2024;AUTOKEYUFA.ru
10.01.2024;AUTOKLUCHI-STROGINO.ru
10.01.2024;AUTOMASTERSKAYA1.ru
10.01.2024;AUTOMOB-OBZOR.ru
10.01.2024;AUTOSERVICE-UNION.ru
10.01.2024;AUTOURISTPRAVA.ru
10.01.2024;AUTOURISTZAPRAVA.ru
10.01.2024;AVAJEWELRY.ru
10.01.2024;AVARKOMSTAV.ru
10.01.2024;AVBANNIKOV.ru
10.01.2024;AVELCHENKOVA.ru
10.01.2024;AVENUECONSULT.ru
10.01.2024;AVERS36.ru
10.01.2024;AVERSHINASCHOOL.ru
10.01.2024;AVESTADENT-VSENA4.ru
10.01.2024;AVIASALET.ru
10.01.2024;AVIASALLIS.ru
10.01.2024;AVIATOR-GAME-1XBET.ru
10.01.2024;AVIATOR-GAME-MOSTBET.ru
10.01.2024;AVIATOR-GAME-OLIMP.ru
10.01.2024;AVIATOR-PLAY-1WIN.ru
10.01.2024;AVIATOR-PLAY-PINUP.ru
10.01.2024;AVITO-SALE.ru
10.01.2024;AVITO-TEAMS.ru
10.01.2024;AVITOWNM.ru
10.01.2024;AVKUDIN.ru
10.01.2024;AVMOISEENKO.ru
10.01.2024;AVMTRAVEL.ru
10.01.2024;AVMVISION.ru
10.01.2024;AVOKADAVR.ru
10.01.2024;AVOLINROCK.ru
10.01.2024;AVRORACOM.ru
10.01.2024;AVTO-ZABE.ru
10.01.2024;AVTONOM-GAZGOLDER.ru
10.01.2024;AVTOPARTNER-TD.ru
10.01.2024;AVTOPODBOR174-CHLBNSK.ru
10.01.2024;AVTOTIKHVIN.ru
10.01.2024;AVTOZAPCHASTI33RF.ru
10.01.2024;AVWATER.ru
10.01.2024;AX-WOOD.ru
10.01.2024;AYDAHO.ru
10.01.2024;AYDYN-ZAYTSEV.ru
10.01.2024;AYINTERIOR.ru
10.01.2024;AYSANHANDMADE.ru
10.01.2024;AZANCHEY.ru
10.01.2024;AZANEZHENKOVA.ru
10.01.2024;AZARIATOUR.ru
10.01.2024;AZART-RUS.ru
10.01.2024;AZARTJOYCASINO.ru
10.01.2024;AZATMARKETING.ru
10.01.2024;AZBYKA-GIBKOSTI.ru
10.01.2024;AZINO-JOYCASINO2.ru
10.01.2024;AZORIKOV.ru
10.01.2024;AZROSTRANS.ru
10.01.2024;B-VTB.ru
10.01.2024;B2SOFTWARE.ru
10.01.2024;BABKOV-1.ru
10.01.2024;BABY-BOXY.ru
10.01.2024;BABY-CURLS.ru
10.01.2024;BABYBOXY.ru
10.01.2024;BACKHASBI.ru
10.01.2024;BADNUGGET.ru
10.01.2024;BADYGEEV.ru
10.01.2024;BAHARAJANS.ru
10.01.2024;BAHILY-OPTOM-MS.ru
10.01.2024;BAHILY-OT-PROIZVODITELYA-MS.ru
10.01.2024;BAIKAL-TARGET.ru
10.01.2024;BAIKALWT.ru
10.01.2024;BAKHAEVA.ru
10.01.2024;BAKHSHTEIN.ru
10.01.2024;BAKUZOVA.ru
10.01.2024;BALALAR-STORE.ru
10.01.2024;BALDIMTECHNOLOGY.ru
10.01.2024;BALETOMANIA.ru
10.01.2024;BALHELP-PC.ru
10.01.2024;BALINTKALUGA.ru
10.01.2024;BALKON-TULA.ru
10.01.2024;BALKON134.ru
10.01.2024;BALKON136.ru
10.01.2024;BALKON152.ru
10.01.2024;BALKON171.ru
10.01.2024;BALKON34.ru
10.01.2024;BALKON36.ru
10.01.2024;BALKONNN.ru
10.01.2024;BALKONRND.ru
10.01.2024;BALKONWOW.ru
10.01.2024;BALKULTOLD.ru
10.01.2024;BALLABILE.ru
10.01.2024;BALLET-SHOE.ru
10.01.2024;BALLIE.ru
10.01.2024;BALLROMEDANCE.ru
10.01.2024;BALT-IT.ru
10.01.2024;BALUTKINOV.ru
10.01.2024;BANIHYGGEMSK45.ru
10.01.2024;BANIHYGGESPB54.ru
10.01.2024;BANIKA-BANI73.ru
10.01.2024;BANIKA-BANI74.ru
10.01.2024;BANKETHOLL7.ru
10.01.2024;BANKROT-SVOBODEN.ru
10.01.2024;BANKROTSTVO60.ru
10.01.2024;BANKROTSTVOVEZDE.ru
10.01.2024;BANKROTVEZDE.ru
10.01.2024;BANOPAR.ru
10.01.2024;BANYA-HOZBLOK.ru
10.01.2024;BANYA-NA-DROVAH-ANAPA.ru
10.01.2024;BAR-BOTANIST.ru
10.01.2024;BARAGUNOVA.ru
10.01.2024;BARBAKUTS.ru
10.01.2024;BARBERSHOPCOMPTON.ru
10.01.2024;BARBUR.ru
10.01.2024;BARDAKSTORE.ru
10.01.2024;BARER-YUG.ru
10.01.2024;BARISTA777.ru
10.01.2024;BARJAGINA.ru
10.01.2024;BARODA.ru
10.01.2024;BASIS-ELECTRON.ru
10.01.2024;BASSEIN-RAZUMNOE.ru
10.01.2024;BATANOVSPEAKER.ru
10.01.2024;BAZA-UJUT.ru
10.01.2024;BAZANN.ru
10.01.2024;BAZAPOISKOVIK.ru
10.01.2024;BAZATEHNIKA-3.ru
10.01.2024;BAZATEHNIKA-4.ru
10.01.2024;BAZATEHNIKA-5.ru
10.01.2024;BAZATEHNIKA-6.ru
10.01.2024;BAZATEHNIKA-7.ru
10.01.2024;BAZINGA809.ru
10.01.2024;BBEVENTS.ru
10.01.2024;BEARDEDBOULEVARD.ru
10.01.2024;BEARYULCHA.ru
10.01.2024;BEAT-MARKET.ru
10.01.2024;BEAUTYAKADEMKRIS.ru
10.01.2024;BEAUTYBUZZADS7.ru
10.01.2024;BEAUTYSHOP-NN.ru
10.01.2024;BEER-BOT.ru
10.01.2024;BEHRUS.ru
10.01.2024;BELANROS.ru
10.01.2024;BELARUKS.ru
10.01.2024;BELLPRIL3I4.ru
10.01.2024;BELLY-DANCES.ru
10.01.2024;BELYAEV85.ru
10.01.2024;BENIDORMISPANIYA.ru
10.01.2024;BEOGRAD-RESTARAN.ru
10.01.2024;BEOGRADE.ru
10.01.2024;BEREZKA76.ru
10.01.2024;BEREZOV-LSK.ru
10.01.2024;BEREZZKA1986.ru
10.01.2024;BERI-I-STROY.ru
10.01.2024;BERIESH42.ru
10.01.2024;BEST-CO.ru
10.01.2024;BEST-SERVERS.ru
10.01.2024;BESTBUYRU.ru
10.01.2024;BESTIYA-SALON.ru
10.01.2024;BESTKUHNI-VLADIMIR.ru
10.01.2024;BESTMAILS.ru
10.01.2024;BESTMANGAL72.ru
10.01.2024;BESTNDFLW.ru
10.01.2024;BESTOTVETIK.ru
10.01.2024;BESTSTAR24.ru
10.01.2024;BETKOANDREY.ru
10.01.2024;BETON-223.ru
10.01.2024;BEZCHASTNOV.ru
10.01.2024;BEZGRANITZ.ru
10.01.2024;BF1-VRNZH.ru
10.01.2024;BFLDOLG.ru
10.01.2024;BIATHLON-NSO.ru
10.01.2024;BIELEMANN.ru
10.01.2024;BIG-DATA-MOBILE.ru
10.01.2024;BIG-DATA-TARGET.ru
10.01.2024;BIGBASSBONANZASLOT.ru
10.01.2024;BIGCASHONLINE.ru
10.01.2024;BIGCHOD.ru
10.01.2024;BILERI.ru
10.01.2024;BILIM-EDU.ru
10.01.2024;BIN-INFO.ru
10.01.2024;BIOFOX31.ru
10.01.2024;BIONICBEAUTYADS3.ru
10.01.2024;BISSTORE24.ru
10.01.2024;BIT-EXP.ru
10.01.2024;BITRIX24-REGFORT.ru
10.01.2024;BITZCAZINO.ru
10.01.2024;BIVSL.ru
10.01.2024;BIZ-FUT.ru
10.01.2024;BIZNES-SOUZ.ru
10.01.2024;BLABLARUN.ru
10.01.2024;BLACKDUCKCORP.ru
10.01.2024;BLACKSTYLE21.ru
10.01.2024;BLADE-RUNNER-LORDFILMS.ru
10.01.2024;BLANKI69.ru
10.01.2024;BLEZZ-TECH.ru
10.01.2024;BLK-MASTER.ru
10.01.2024;BLOG128SCHOOL.ru
10.01.2024;BLOGNOTS.ru
10.01.2024;BLOKI-KIRPICH.ru
10.01.2024;BLOKNOTOFF.ru
10.01.2024;BLOOMBOOX.ru
10.01.2024;BLOSSOM-BLINDS.ru
10.01.2024;BLUECRYSTALL.ru
10.01.2024;BLUFFONREDHEAD.ru
10.01.2024;BLUSTARS.ru
10.01.2024;BMRUS.ru
10.01.2024;BMW666.ru
10.01.2024;BNDRL.ru
10.01.2024;BOBKOVKS.ru
10.01.2024;BOBMUR.ru
10.01.2024;BOBROVALV2016.ru
10.01.2024;BOBSKIY93.ru
10.01.2024;BOCHKA-SAUNA.ru
10.01.2024;BODYROCKET.ru
10.01.2024;BOGACHEVA-PRO.ru
10.01.2024;BOGATYREVA-TOP.ru
10.01.2024;BOL55.ru
10.01.2024;BOLSHOY-BALLET.ru
10.01.2024;BONDAREVA-PRO.ru
10.01.2024;BONTEN.ru
10.01.2024;BONTIC.ru
10.01.2024;BONUS-CASINO-SHANS30.ru
10.01.2024;BOOH-USLUGI.ru
10.01.2024;BOOKABOOK.ru
10.01.2024;BOOKISHSTYLEADS.ru
10.01.2024;BOOKOFRAGAME.ru
10.01.2024;BOOKS-OF-DEAD.ru
10.01.2024;BOOKS-OF-RA.ru
10.01.2024;BOOST-PC.ru
10.01.2024;BORISHOF-WEY.ru
10.01.2024;BORN4BALLET.ru
10.01.2024;BORSCHEMUSIC.ru
10.01.2024;BOSCH177.ru
10.01.2024;BOSFO-RUS.ru
10.01.2024;BOSSBROCODE.ru
10.01.2024;BOSSLIKES.ru
10.01.2024;BOSSLVL.ru
10.01.2024;BOT-COPILOT.ru
10.01.2024;BOT-ON.ru
10.01.2024;BOTSCASTLE.ru
10.01.2024;BOUNTY-DANCECLUB.ru
10.01.2024;BOUNTY-ZAIM.ru
10.01.2024;BOUNTYTRAVELMGN.ru
10.01.2024;BOZHENKOVA.ru
10.01.2024;BOZIEVA.ru
10.01.2024;BPG-KAMEN.ru
10.01.2024;BRALLE.ru
10.01.2024;BRANDPACKAGE25.ru
10.01.2024;BRATKORV.ru
10.01.2024;BRAVEOUS.ru
10.01.2024;BREMENSKIEMUZYKANTY-2023.ru
10.01.2024;BRENDSTREET77.ru
10.01.2024;BRICKSHOT.ru
10.01.2024;BRIGHT-SMILE-IMPLANT.ru
10.01.2024;BRILL24X.ru
10.01.2024;BRISTOL-SPB-HOTEL.ru
10.01.2024;BRIX-WELL.ru
10.01.2024;BRIZ-REALTY.ru
10.01.2024;BRIZ18.ru
10.01.2024;BROTHEN-SERVICE.ru
10.01.2024;BRRASHTONYRASH.ru
10.01.2024;BSOLNTSE.ru
10.01.2024;BT-BIRYUSA.ru
10.01.2024;BT-DD.ru
10.01.2024;BTMINE.ru
10.01.2024;BTRAUR.ru
10.01.2024;BUBNOVA8.ru
10.01.2024;BUCA-GAMES.ru
10.01.2024;BUDETPRODANO.ru
10.01.2024;BUHGUCHETIPORYADOK.ru
10.01.2024;BUHTA-OBMENA.ru
10.01.2024;BUILD-INSTRUMENT.ru
10.01.2024;BUKET-DOSTAVKA24.ru
10.01.2024;BUKHARINA.ru
10.01.2024;BUKKN.ru
10.01.2024;BUKSIRCAR.ru
10.01.2024;BULASHEVICH.ru
10.01.2024;BULATMR.ru
10.01.2024;BULGARIADOM.ru
10.01.2024;BUP-INSTRUMENT.ru
10.01.2024;BURAKOF.ru
10.01.2024;BURIMOREL.ru
10.01.2024;BUSHUTO.ru
10.01.2024;BUSINKA-DIY.ru
10.01.2024;BUTOLIN.ru
10.01.2024;BUZUNOVROMAN.ru
10.01.2024;BVS2000.ru
10.01.2024;BXPBOX.ru
10.01.2024;BY-SOKOLOVSKAIA.ru
10.01.2024;BYLBOLSOS.ru
10.01.2024;BYM70.ru
10.01.2024;BYT67.ru
10.01.2024;BYTOVYCH.ru
10.01.2024;BZMOVER.ru
10.01.2024;C-OEP.ru
10.01.2024;CA58.ru
10.01.2024;CABYCA.ru
10.01.2024;CAFE-PORTRETOFF.ru
10.01.2024;CAFFANDR.ru
10.01.2024;CAPI-LIP.ru
10.01.2024;CAPMERCURY.ru
10.01.2024;CAR-DELIVERY24-7.ru
10.01.2024;CARCAM-GOOD.ru
10.01.2024;CARD-HALVA-4YOU.ru
10.01.2024;CARDAN-NAMI.ru
10.01.2024;CARDINALCONF.ru
10.01.2024;CARDONLYHERE.ru
10.01.2024;CARL-JUNG-WINE.ru
10.01.2024;CARNOTES.ru
10.01.2024;CARPARTS-SOFT.ru
10.01.2024;CARSHUBURAL.ru
10.01.2024;CARVES-LEGEND.ru
10.01.2024;CASHFLOV-FOUND.ru
10.01.2024;CASHZP.ru
10.01.2024;CASINO-SHANS30.ru
10.01.2024;CASINO-SILVER215.ru
10.01.2024;CASINO-SLOTV6.ru
10.01.2024;CASINO-SOL-CAZINO5.ru
10.01.2024;CASINO-SOL-OFLCIAL2.ru
10.01.2024;CASINO-SOL357.ru
10.01.2024;CASINO-SPACE.ru
10.01.2024;CASINO-SPINCITY.ru
10.01.2024;CASINO-STAVKI-BONUS.ru
10.01.2024;CASINO-SUPERSLOTS-TOP.ru
10.01.2024;CASINONOW.ru
10.01.2024;CASINOPIRATEBAY.ru
10.01.2024;CASINOSPINCITY.ru
10.01.2024;CASINOX-COM.ru
10.01.2024;CASINOX-PLAY22.ru
10.01.2024;CASINOX-PLAYWIN6.ru
10.01.2024;CASINOX1.ru
10.01.2024;CASINOXPRESTIGE.ru
10.01.2024;CASIPEDIA.ru
10.01.2024;CASMK.ru
10.01.2024;CASSA-FUTURE.ru
10.01.2024;CASSION.ru
10.01.2024;CAT-CAM.ru
10.01.2024;CAT-CRAFT.ru
10.01.2024;CATALOGUM.ru
10.01.2024;CATCAMS.ru
10.01.2024;CEHUCHETKA.ru
10.01.2024;CELANS.ru
10.01.2024;CELESTIALCONNECTIONS12.ru
10.01.2024;CELTICCRY.ru
10.01.2024;CENSP.ru
10.01.2024;CENTER-COFFEE.ru
10.01.2024;CENTERCULINARY.ru
10.01.2024;CENTR-SPISANYA-DOLGOV.ru
10.01.2024;CENTRCOFFEE.ru
10.01.2024;CERAMICDZEN.ru
10.01.2024;CERT-SGR.ru
10.01.2024;CH73210.ru
10.01.2024;CHAGUNAVA.ru
10.01.2024;CHAICHI.ru
10.01.2024;CHAIKA-FINANCE.ru
10.01.2024;CHALYSHEVA.ru
10.01.2024;CHAMPINE-JK.ru
10.01.2024;CHANGCHENGCIZHUAN.ru
10.01.2024;CHANGE-CARS.ru
10.01.2024;CHANGECARS.ru
10.01.2024;CHANIEV.ru
10.01.2024;CHAPIKOV.ru
10.01.2024;CHARITYCHICADS2.ru
10.01.2024;CHARMANTER21.ru
10.01.2024;CHASHCHIN-1.ru
10.01.2024;CHASNTNIY-MASTER-IZHEVSK.ru
10.01.2024;CHASY-TAIMERY.ru
10.01.2024;CHAT-SIGN.ru
10.01.2024;CHEB78.ru
10.01.2024;CHECK-POINT37.ru
10.01.2024;CHEKALKIN.ru
10.01.2024;CHEKBUH24.ru
10.01.2024;CHEKINDSMSK.ru
10.01.2024;CHEKOTOVA-PHOTO.ru
10.01.2024;CHEPRASOFF.ru
10.01.2024;CHEREPOVETC-INTIM.ru
10.01.2024;CHERKASHINA-1.ru
10.01.2024;CHERVOCHKOVA.ru
10.01.2024;CHERY-JULY-EKB.ru
10.01.2024;CHINAMARKETPLEASE.ru
10.01.2024;CHINAUTO-IZMAILOVO.ru
10.01.2024;CHINAZUBY.ru
10.01.2024;CHIPCHIKOVA.ru
10.01.2024;CHISTIYGOROD72.ru
10.01.2024;CHISTOTATA-AMOCRM.ru
10.01.2024;CHISTYE-PRUDY-JK.ru
10.01.2024;CHIZMAANNA.ru
10.01.2024;CHL-RF-FORKLIFT.ru
10.01.2024;CHLB-ROBO.ru
10.01.2024;CHLB-UNI.ru
10.01.2024;CHLB-WHT.ru
10.01.2024;CHOICE-MOSCOW.ru
10.01.2024;CHOICE-MOSCOW24.ru
10.01.2024;CHOICE-SOCIETY.ru
10.01.2024;CHOICE-SOCIETY24.ru
10.01.2024;CHOO-MIR.ru
10.01.2024;CHOOSING-BEST.ru
10.01.2024;CHOOSING-CAPITAL.ru
10.01.2024;CHOOSING-CAPITAL24.ru
10.01.2024;CHOP-NSK.ru
10.01.2024;CHOPSTRAJ.ru
10.01.2024;CHOSE-YOUR-ONE.ru
10.01.2024;CHROMESHINA.ru
10.01.2024;CHUEVA174.ru
10.01.2024;CICADA85.ru
10.01.2024;CINEMACHIC2023.ru
10.01.2024;CINEMACRAFTADS7.ru
10.01.2024;CINOGO.ru
10.01.2024;CIRKUS-VERNATSKOGO.ru
10.01.2024;CIRKYE-VERNADTSKOGO.ru
10.01.2024;CITYTREES-2024.ru
10.01.2024;CKRMZ.ru
10.01.2024;CLARITYBEAUTY.ru
10.01.2024;CLASS-THEORY.ru
10.01.2024;CLEANAIR-MSK.ru
10.01.2024;CLEANING96.ru
10.01.2024;CLEANTRACE.ru
10.01.2024;CLICKBIDDER.ru
10.01.2024;CLIMBER-TEAM.ru
10.01.2024;CLIMBERTEAM.ru
10.01.2024;CLINICA-GUDELA.ru
10.01.2024;CLOUDUSLUGI.ru
10.01.2024;CLTRC.ru
10.01.2024;CLUB-17.ru
10.01.2024;CLUB17.ru
10.01.2024;CLUB17ONLINE.ru
10.01.2024;CLUB17STORE.ru
10.01.2024;CLUB36.ru
10.01.2024;CLUBNIKA-CASINOS.ru
10.01.2024;CLUBSHELL.ru
10.01.2024;CM-COM.ru
10.01.2024;CNC5D.ru
10.01.2024;CNTAOBAO.ru
10.01.2024;COACHING-JOURNAL.ru
10.01.2024;COBRA132008.ru
10.01.2024;COCOCOSMETICS.ru
10.01.2024;COCOSTEPS.ru
10.01.2024;CODEARTS.ru
10.01.2024;COFFEE22.ru
10.01.2024;COFFEE44KA-NET.ru
10.01.2024;COFFEETOK.ru
10.01.2024;COIL-SLITTING.ru
10.01.2024;COILSLITTING.ru
10.01.2024;COINSGEEK.ru
10.01.2024;COMFORTSHOP24.ru
10.01.2024;COMP-SITE.ru
10.01.2024;COMPANYSIRIUS.ru
10.01.2024;COMPBY.ru
10.01.2024;COMPOST-SYSTEMS.ru
10.01.2024;COMPOST-TURNERS.ru
10.01.2024;COMPOSTIROVANIE.ru
10.01.2024;CONCEPTCARPET.ru
10.01.2024;CONDECEP.ru
10.01.2024;CONSALTSERVIS.ru
10.01.2024;CONSTSITE.ru
10.01.2024;CONSULTING-360.ru
10.01.2024;CONSULTING360.ru
10.01.2024;CONT-LOGIS.ru
10.01.2024;CONTEXT-IN-DIRECT.ru
10.01.2024;CONTRACT-A.ru
10.01.2024;COOKIES-SOME-ASSAY.ru
10.01.2024;COOKIES-SOME-EXAMINE.ru
10.01.2024;COOKIES-SOME-EXPERIENCE.ru
10.01.2024;COOKIES-SOME-SMARTLINK.ru
10.01.2024;COOLFREIGHTS.ru
10.01.2024;COR-SOL.ru
10.01.2024;CORPS-DE-BALLET.ru
10.01.2024;COSMANTONOVA.ru
10.01.2024;COSMOBATH.ru
10.01.2024;COSMOGLAMPING.ru
10.01.2024;COSMOVID.ru
10.01.2024;COTTAGEBELOOSTROV.ru
10.01.2024;COUNTESS-PR.ru
10.01.2024;COYCHET.ru
10.01.2024;CRAFTMALTHOUSE.ru
10.01.2024;CRAZYCRANE.ru
10.01.2024;CREATIVE-APPROACH.ru
10.01.2024;CREATIVE-ATTITUDE.ru
10.01.2024;CREATIVECOUTURE8.ru
10.01.2024;CREDIT-CARD-HALVA.ru
10.01.2024;CREDIT-HALVA-4YOU.ru
10.01.2024;CREDITRA.ru
10.01.2024;CREDITRAY.ru
10.01.2024;CREDITRB.ru
10.01.2024;CREDITRC.ru
10.01.2024;CREDITRD.ru
10.01.2024;CREDITSMOMENTS.ru
10.01.2024;CRIMEABAY.ru
10.01.2024;CRM-USMOTO.ru
10.01.2024;CROCHETMANALIZA.ru
10.01.2024;CRONHOR.ru
10.01.2024;CROWN-SUCCESS.ru
10.01.2024;CROWN-SUCCESS24.ru
10.01.2024;CRPTJOB.ru
10.01.2024;CRR-SOLNYSHKO.ru
10.01.2024;CRYPTOBRASIL.ru
10.01.2024;CSLDEVICES.ru
10.01.2024;CSP52.ru
10.01.2024;CTCGROUP-K.ru
10.01.2024;CTP86.ru
10.01.2024;CUBE-COMPANY.ru
10.01.2024;CULTURE-JOURNAL.ru
10.01.2024;CUTUR-MODELS-SOCHI.ru
10.01.2024;CVETOCHNITSA.ru
10.01.2024;CYBERCATGAMES.ru
10.01.2024;CYBERCELINA.ru
10.01.2024;CYBERCHIC2022.ru
10.01.2024;CYBERSTREKOZA.ru
10.01.2024;CYBERSUBWAY.ru
10.01.2024;CYBERZHELEZYAKA.ru
10.01.2024;D-BERI.ru
10.01.2024;D-DOLGOFF.ru
10.01.2024;D-NFT.ru
10.01.2024;D-NFTS.ru
10.01.2024;D1SAD.ru
10.01.2024;D32-DI.ru
10.01.2024;D4NILOV.ru
10.01.2024;DA-COSMETICS.ru
10.01.2024;DACOSMETICS.ru
10.01.2024;DADVIBES.ru
10.01.2024;DAMINIONS.ru
10.01.2024;DAMMURIA.ru
10.01.2024;DAN-MAKS.ru
10.01.2024;DANCE-AWAY.ru
10.01.2024;DANCEABLE-REVOLUTION.ru
10.01.2024;DANIILANGRY.ru
10.01.2024;DANIILSTRELNIKOV.ru
10.01.2024;DANILMARIA.ru
10.01.2024;DARASLOW.ru
10.01.2024;DARCHAKOV.ru
10.01.2024;DARIALIPOVIK.ru
10.01.2024;DARIAMIKHEEVA.ru
10.01.2024;DARIBYDARI.ru
10.01.2024;DARJAMAKAROVA.ru
10.01.2024;DARKSCENE.ru
10.01.2024;DARNEWS.ru
10.01.2024;DARVIN5.ru
10.01.2024;DARYAKIIM.ru
10.01.2024;DASHHHA.ru
10.01.2024;DATACART.ru
10.01.2024;DATAMESSAGES.ru
10.01.2024;DAUBERG.ru
10.01.2024;DAVINCI-HOTELS.ru
10.01.2024;DAVNAT.ru
10.01.2024;DAVYDOVALLIANCEGROUP.ru
10.01.2024;DAYZGAMEVANILA.ru
10.01.2024;DBAGAUTDINOVA.ru
10.01.2024;DCATRINE.ru
10.01.2024;DCHUVILIN.ru
10.01.2024;DDCYBER.ru
10.01.2024;DDD-DDD376.ru
10.01.2024;DDD74.ru
10.01.2024;DDONUTS.ru
10.01.2024;DDONUTS-MSK.ru
10.01.2024;DDREEV.ru
10.01.2024;DE-NOSOV.ru
10.01.2024;DEBRIPRO.ru
10.01.2024;DECHEV.ru
10.01.2024;DECORGRANAT.ru
10.01.2024;DEDYUKINA.ru
10.01.2024;DEECITY.ru
10.01.2024;DELIVERY-3158.ru
10.01.2024;DELIVERY-ORDER1358.ru
10.01.2024;DELIVERY221.ru
10.01.2024;DELL-PROFISERVICE.ru
10.01.2024;DELOKVAM.ru
10.01.2024;DELOVEER.ru
10.01.2024;DELOVOIPRESTIGE.ru
10.01.2024;DELOVOYB2B.ru
10.01.2024;DEMIDOVALV.ru
10.01.2024;DEMO-CCT.ru
10.01.2024;DENISLAGUTIN.ru
10.01.2024;DENISOVA-MARIA.ru
10.01.2024;DENYUP.ru
10.01.2024;DEPARTAMENT-SPISANIYA-DOLGOV.ru
10.01.2024;DEPUSH.ru
10.01.2024;DEREVO-UHOD.ru
10.01.2024;DERIBO.ru
10.01.2024;DESCGEN.ru
10.01.2024;DESEVENTS.ru
10.01.2024;DESIGN-ELLIS.ru
10.01.2024;DESIGN-JOURNAL.ru
10.01.2024;DESREN.ru
10.01.2024;DETAILING-93.ru
10.01.2024;DETAILING181.ru
10.01.2024;DETAILING93.ru
10.01.2024;DETKLINCENTER.ru
10.01.2024;DETROITS-RP.ru
10.01.2024;DEZBLAG28.ru
10.01.2024;DGCOMPANY2.ru
10.01.2024;DGOLUBKOV.ru
10.01.2024;DGURIN.ru
10.01.2024;DIACRE.ru
10.01.2024;DIAGSMART.ru
10.01.2024;DIALOG-AGRO.ru
10.01.2024;DIALOGI-EMPATOV.ru
10.01.2024;DIAPAZONMECHANICA.ru
10.01.2024;DIESEL-MSK.ru
10.01.2024;DIESELMSK.ru
10.01.2024;DIETDESSERTS.ru
10.01.2024;DIETSNEIROS.ru
10.01.2024;DIEZ-POST.ru
10.01.2024;DIGITALDESIGNS3D.ru
10.01.2024;DIKOFUNNY.ru
10.01.2024;DILANMAKDELING.ru
10.01.2024;DILLER-MINSK.ru
10.01.2024;DIMCHER79.ru
10.01.2024;DIMENTIY666.ru
10.01.2024;DIMNOVIKOV.ru
10.01.2024;DIMULIK.ru
10.01.2024;DINAMICADDICT.ru
10.01.2024;DINO-LAMP.ru
10.01.2024;DINOZAVR-1.ru
10.01.2024;DIONHOT.ru
10.01.2024;DIPAVLOV.ru
10.01.2024;DIPLOMJ-126.ru
10.01.2024;DIRECT-SETTING-2024.ru
10.01.2024;DISK81-MAIL.ru
10.01.2024;DISNEY-LORDFILMS.ru
10.01.2024;DIVASTAV.ru
10.01.2024;DJ-AF.ru
10.01.2024;DJPLOMJ-71.ru
10.01.2024;DJPLOMJ-76.ru
10.01.2024;DJPLOMJ-KALUGA.ru
10.01.2024;DJPLOMJ-V-RUKI.ru
10.01.2024;DJZOTKIN.ru
10.01.2024;DKOROLIOV.ru
10.01.2024;DKY-COM.ru
10.01.2024;DLKAZNACHEEVA.ru
10.01.2024;DMASS.ru
10.01.2024;DMCHE84.ru
10.01.2024;DMDONCHENKO.ru
10.01.2024;DMITRIEVA-SILAEVA.ru
10.01.2024;DMR70.ru
10.01.2024;DMXMS.ru
10.01.2024;DNFTMARKET.ru
10.01.2024;DNFTS.ru
10.01.2024;DOBROMREMONT.ru
10.01.2024;DOBROTVORI.ru
10.01.2024;DOCNALOG.ru
10.01.2024;DOCTOR-LEBEDEV.ru
10.01.2024;DOCTOR-NEFEDOVA.ru
10.01.2024;DOCTORCHIKUNOV.ru
10.01.2024;DOCTORGE.ru
10.01.2024;DOKTOR-ALKO.ru
10.01.2024;DOKTORDICK.ru
10.01.2024;DOLPHIN-URAL.ru
10.01.2024;DOM-AKKORDA.ru
10.01.2024;DOM-COMFORT-LG.ru
10.01.2024;DOM-NA-OZERE.ru
10.01.2024;DOM-TUVA.ru
10.01.2024;DOM1-KULINAR.ru
10.01.2024;DOMAHADJOH.ru
10.01.2024;DOMAMOLOD.ru
10.01.2024;DOMAPITOMEC.ru
10.01.2024;DOMASHEVSKIJ-PRO.ru
10.01.2024;DOMENILYA-7.ru
10.01.2024;DOMESECURITY.ru
10.01.2024;DOMGREENHOUSE.ru
10.01.2024;DOMINA-SPB-HOTEL.ru
10.01.2024;DOMIWKI.ru
10.01.2024;DOMMI-MSK2.ru
10.01.2024;DOMNKOUGORSK.ru
10.01.2024;DOMONOLIT.ru
10.01.2024;DOMRELAXA.ru
10.01.2024;DOMSU.ru
10.01.2024;DOMZAG.ru
10.01.2024;DONBASSSTROY.ru
10.01.2024;DONGMOTORS.ru
10.01.2024;DOOMONE.ru
10.01.2024;DOOR-TEHNO.ru
10.01.2024;DOROJKA13.ru
10.01.2024;DORSNAB-MSK.ru
10.01.2024;DORSTROY-VOLSK.ru
10.01.2024;DOSKA-REKLAMY.ru
10.01.2024;DOSTAVKA-0121.ru
10.01.2024;DOSTAVKA-9765.ru
10.01.2024;DOSTAVKASUMOK.ru
10.01.2024;DOSTIZHENIE-JK.ru
10.01.2024;DOSUG-TAGIL.ru
10.01.2024;DOUBLELEAGUE.ru
10.01.2024;DOVGALENKO-A.ru
10.01.2024;DOWNLOAD-1WIN-APK.ru
10.01.2024;DOWNLOAD-PINUP-APK.ru
10.01.2024;DPALEV.ru
10.01.2024;DPK-ZUM.ru
10.01.2024;DR-BELAVIN.ru
10.01.2024;DRAEVSKIJ.ru
10.01.2024;DRAGONHOSTING.ru
10.01.2024;DRAGOSHA13.ru
10.01.2024;DRAGOSLAV.ru
10.01.2024;DRCDAYZ.ru
10.01.2024;DREAM-PALACE.ru
10.01.2024;DREAMCONT.ru
10.01.2024;DREAMPLACE-HOSTEL.ru
10.01.2024;DRGAVRILYUKEV.ru
10.01.2024;DRIFT-CASINO-SITE.ru
10.01.2024;DRIFTCASINO-DIV11.ru
10.01.2024;DRIP-CASINO-RU2.ru
10.01.2024;DRIPCASINO-GOS2.ru
10.01.2024;DRIPCASINO-SLOT4.ru
10.01.2024;DRIPCASINOLET8.ru
10.01.2024;DROKOVAPHOTO.ru
10.01.2024;DROMDOM.ru
10.01.2024;DROMIN.ru
10.01.2024;DRPROKHOR.ru
10.01.2024;DRSEEDS.ru
10.01.2024;DS1-BATAYSK.ru
10.01.2024;DSCOSMOCLINIC.ru
10.01.2024;DSGN-UP.ru
10.01.2024;DSHVED.ru
10.01.2024;DSTARR.ru
10.01.2024;DT-HELP.ru
10.01.2024;DTISHANSKAYA.ru
10.01.2024;DTK33.ru
10.01.2024;DTRAVNIKOV.ru
10.01.2024;DTS-SPB.ru
10.01.2024;DUEL-TOOL.ru
10.01.2024;DUELTOOL.ru
10.01.2024;DUKONSHOP.ru
10.01.2024;DUSHAPP.ru
10.01.2024;DVAROYALYA.ru
10.01.2024;DVD-LAND.ru
10.01.2024;DVIGATEL-INFO.ru
10.01.2024;DVR-VSEM.ru
10.01.2024;DVRS-SHOP.ru
10.01.2024;DYGOV.ru
10.01.2024;DYKALENKO.ru
10.01.2024;DYNAMICDESIGNS4U.ru
10.01.2024;DYSON-PRODUCT.ru
10.01.2024;DYUSS.ru
10.01.2024;DZESTELOV.ru
10.01.2024;DZHEMBETOV.ru
10.01.2024;E-ITC.ru
10.01.2024;EABDURAKHMANOV.ru
10.01.2024;EAGLESONG.ru
10.01.2024;EALUZINA.ru
10.01.2024;EAMATUKHIN.ru
10.01.2024;EAST-TESTER.ru
10.01.2024;EASY2RATE.ru
10.01.2024;EBAJANDINA.ru
10.01.2024;EBOGACHEV.ru
10.01.2024;ECLAI.ru
10.01.2024;ECO-SHIELD.ru
10.01.2024;ECOFASHION4ADS.ru
10.01.2024;ECOIFIN.ru
10.01.2024;ECOLOG-SAMKAEVA.ru
10.01.2024;ECOMTODAY.ru
10.01.2024;ECOSYSTEM-RUSSIA.ru
10.01.2024;ECUPRAVO.ru
10.01.2024;ED-PM.ru
10.01.2024;ED-RUSSIA.ru
10.01.2024;EDA-RAY.ru
10.01.2024;EDAKANAEV.ru
10.01.2024;EDANCHENKO.ru
10.01.2024;EDAVLETSHINA.ru
10.01.2024;EDEM72.ru
10.01.2024;EDIALELECTRO.ru
10.01.2024;EDINSTVOFRANCHISE.ru
10.01.2024;EDU-CAPITALSKILLS.ru
10.01.2024;EDUCAPSKILLS.ru
10.01.2024;EDUFASHION2GO.ru
10.01.2024;EDUFORGEBS.ru
10.01.2024;EDUFORGES.ru
10.01.2024;EDUFORGESOP.ru
10.01.2024;EDUMARKT.ru
10.01.2024;EENDALTSEVA.ru
10.01.2024;EFFEKTIVNYE-PROTIVOVIRUSNYE.ru
10.01.2024;EFTAESPORTS.ru
10.01.2024;EGANSHINA.ru
10.01.2024;EGIDA-DEZ.ru
10.01.2024;EGIREV.ru
10.01.2024;EGISO.ru
10.01.2024;EGORKIM.ru
10.01.2024;EGOZA-EGOZA.ru
10.01.2024;EGPLAY.ru
10.01.2024;EGROS05.ru
10.01.2024;EGRP-RUSH.ru
10.01.2024;EGULEDANI.ru
10.01.2024;EK-KONOVALOVA.ru
10.01.2024;EKATERINAGRISHINA.ru
10.01.2024;EKATERINAKUSTOVA.ru
10.01.2024;EKATERINASERGEEVNA.ru
10.01.2024;EKBDOMURAL.ru
10.01.2024;EKOCHIST.ru
10.01.2024;EKOSVECHA.ru
10.01.2024;ELARCH.ru
10.01.2024;ELDORADO2024-1.ru
10.01.2024;ELDORADO2024-2.ru
10.01.2024;ELECTRICNADOM24.ru
10.01.2024;ELECTRIK22.ru
10.01.2024;ELECTROMOBILSHOP.ru
10.01.2024;ELEKTRODOMSTROY.ru
10.01.2024;ELEKTROSAMOKAT24.ru
10.01.2024;ELEMENT174.ru
10.01.2024;ELENA-JAKOVLEVA.ru
10.01.2024;ELENAIVANENKOS.ru
10.01.2024;ELENAKHAZOVA-PSY.ru
10.01.2024;ELENAKOREL21.ru
10.01.2024;ELENASTEFAN.ru
10.01.2024;ELENASVIRIDOVA.ru
10.01.2024;ELENONAIR.ru
10.01.2024;ELEONOR-TOMSK.ru
10.01.2024;ELFILIPSERVER.ru
10.01.2024;ELI200317.ru
10.01.2024;ELISKISS.ru
10.01.2024;ELITPAPKE.ru
10.01.2024;ELMIRAKAS.ru
10.01.2024;ELVINABBASOV.ru
10.01.2024;EMAIL-ADS.ru
10.01.2024;EMAIL-UNIVERSAL.ru
10.01.2024;EMERALD-PROJECT.ru
10.01.2024;EMILE-HENRY-POSUDA.ru
10.01.2024;EMILEMI.ru
10.01.2024;EMITUSOVA.ru
10.01.2024;EMPATHYWINES.ru
10.01.2024;EMPIREZONE.ru
10.01.2024;ENATFULLINA.ru
10.01.2024;ENAXION.ru
10.01.2024;ENDRESS-H.ru
10.01.2024;ENGLISH-GRADE.ru
10.01.2024;ENJOYSARATOV.ru
10.01.2024;ENTESUS.ru
10.01.2024;EPERBAIN.ru
10.01.2024;EPIC-CRUISES.ru
10.01.2024;EPICHUNT.ru
10.01.2024;EPKUCHER.ru
10.01.2024;EPLITIN.ru
10.01.2024;EPOXY-FLOWERS.ru
10.01.2024;EQ74.ru
10.01.2024;ER-1.ru
10.01.2024;ERATRANSFORMATION.ru
10.01.2024;ERAVK-LIVE.ru
10.01.2024;EREMENKOE.ru
10.01.2024;ERGOLOGISTIC.ru
10.01.2024;ERMAKMK.ru
10.01.2024;EROTIC-SPA.ru
10.01.2024;ESAPRYKINA.ru
10.01.2024;ESCHETKINA.ru
10.01.2024;ESHDAVAI.ru
10.01.2024;ESOKLAKOVA.ru
10.01.2024;ESOTERICISM-JOURNAL.ru
10.01.2024;ESPANOL24.ru
10.01.2024;ESPANOLONLINE.ru
10.01.2024;ETAGI-EDUCATION.ru
10.01.2024;ETAGI-SMART.ru
10.01.2024;ETESTER.ru
10.01.2024;ETOOOYA.ru
10.01.2024;EUGENE7EVEN.ru
10.01.2024;EUPHORIA-NAILS.ru
10.01.2024;EUTOCHKA.ru
10.01.2024;EVAEVREN.ru
10.01.2024;EVAKUATOROCK.ru
10.01.2024;EVALIGRASS.ru
10.01.2024;EVELEVEL.ru
10.01.2024;EVERESTSTROY-NN.ru
10.01.2024;EVERFROST.ru
10.01.2024;EVGENIIBAZ.ru
10.01.2024;EVGENIY-SHALAEVSKIY.ru
10.01.2024;EVGENYPETROVICH.ru
10.01.2024;EVGESH4.ru
10.01.2024;EVGMILL.ru
10.01.2024;EVGSLES.ru
10.01.2024;EVOSONIC.ru
10.01.2024;EVOVIBES.ru
10.01.2024;EVRIKA-HOLOD.ru
10.01.2024;EVSEVLEEV.ru
10.01.2024;EXCELLENTCLIENT.ru
10.01.2024;EXCITE-QUINTET.ru
10.01.2024;EXGINE.ru
10.01.2024;EXIMCENTER.ru
10.01.2024;EXMONADE.ru
10.01.2024;EXODUS-CREDIT.ru
10.01.2024;EXPERIENCE-SOME-ASSAY.ru
10.01.2024;EXPERT-AUTO36.ru
10.01.2024;EXPERTAZS.ru
10.01.2024;EXPERTNIC.ru
10.01.2024;EXPERTPODOLOG.ru
10.01.2024;EXPO-TIHOMIROV.ru
10.01.2024;EXPOCASE.ru
10.01.2024;EXPRESS-COMPUTER.ru
10.01.2024;EXPRESS-FASAD.ru
10.01.2024;EXPRESSAUTODETAL.ru
10.01.2024;EXPRESSCOMPUTER.ru
10.01.2024;EXTREMEELEMENT.ru
10.01.2024;EXTREMEELEMENTSHOP.ru
10.01.2024;EXXXI.ru
10.01.2024;EYVATEL.ru
10.01.2024;F-INVESTOR.ru
10.01.2024;F-NFT.ru
10.01.2024;F-NFTS.ru
10.01.2024;F5BPMN.ru
10.01.2024;FABERLIC-ONLINE-SHOP.ru
10.01.2024;FABERLIC-RAY.ru
10.01.2024;FABERLICMYSHOP.ru
10.01.2024;FABERLICREGISTR.ru
10.01.2024;FACE-DETECTION.ru
10.01.2024;FACSINATED.ru
10.01.2024;FAHREEV.ru
10.01.2024;FAIRYTAILMAGIC.ru
10.01.2024;FAMILY-MASTER.ru
10.01.2024;FANERKA-MEBEL.ru
10.01.2024;FANOOS.ru
10.01.2024;FANZZY.ru
10.01.2024;FAPIMA.ru
10.01.2024;FARCRYTOP.ru
10.01.2024;FARMFRESHFASHION4.ru
10.01.2024;FASADMEBELCHELNY.ru
10.01.2024;FASCINATED.ru
10.01.2024;FASHION-DIANA.ru
10.01.2024;FASTRO-OF-HELP.ru
10.01.2024;FAVORIT-REMONT.ru
10.01.2024;FDT-SHEYKI-MATKI.ru
10.01.2024;FEDOCS.ru
10.01.2024;FEIZRACHMANOVA-PROGRAM.ru
10.01.2024;FEMMECOLORISTA.ru
10.01.2024;FENIXCELEBRITY.ru
10.01.2024;FERARCH.ru
10.01.2024;FESTIVEFASHIONS4.ru
10.01.2024;FETISOVA-NIKA.ru
10.01.2024;FEVICOL.ru
10.01.2024;FEXPS.ru
10.01.2024;FFTUMAN.ru
10.01.2024;FILAV1953.ru
10.01.2024;FILBOTS.ru
10.01.2024;FILE-MAIL.ru
10.01.2024;FILKOFFDESIGN.ru
10.01.2024;FILZIK.ru
10.01.2024;FINANCE-MAGIC.ru
10.01.2024;FINANCEMAGIC.ru
10.01.2024;FINANCIAL-ASSISTANCE.ru
10.01.2024;FINANSEONLI.ru
10.01.2024;FINIUCH.ru
10.01.2024;FIOLAART.ru
10.01.2024;FIRSIGHT.ru
10.01.2024;FIRSTEXPERTBUH.ru
10.01.2024;FISHMARKET-DN.ru
10.01.2024;FISHSEAFOODS.ru
10.01.2024;FITFASHION4LESS.ru
10.01.2024;FITOKAFE.ru
10.01.2024;FIX5.ru
10.01.2024;FKGRAND.ru
10.01.2024;FLARROWFILMS.ru
10.01.2024;FLASH-MOTO.ru
10.01.2024;FLAT2B.ru
10.01.2024;FLEURPAY.ru
10.01.2024;FLIGOVA.ru
10.01.2024;FLMTEAM.ru
10.01.2024;FLOWDEFRANCE.ru
10.01.2024;FLOWER-ROSTOV.ru
10.01.2024;FLOWERS-LUXE.ru
10.01.2024;FLOWERSALONNZ.ru
10.01.2024;FLOWERSKY42.ru
10.01.2024;FLOWJETECH.ru
10.01.2024;FLYAWARE.ru
10.01.2024;FLYSKY18.ru
10.01.2024;FNFTMARKET.ru
10.01.2024;FNFTS.ru
10.01.2024;FNSPORTS.ru
10.01.2024;FOCHENKOVA.ru
10.01.2024;FOCUSAESTHETICS.ru
10.01.2024;FOLOVLOL.ru
10.01.2024;FON-RICHTER.ru
10.01.2024;FOND2020.ru
10.01.2024;FOOD-WAVES.ru
10.01.2024;FOODELIVER.ru
10.01.2024;FOODIESTYLE5.ru
10.01.2024;FORAI.ru
10.01.2024;FORAUTOSERVICE.ru
10.01.2024;FORBUSINES.ru
10.01.2024;FORDIM-SPEAKING-CLUBS.ru
10.01.2024;FOREIGNSTEAM.ru
10.01.2024;FOREVERCARDS.ru
10.01.2024;FORFEEDBACK.ru
10.01.2024;FORLITTLETEST.ru
10.01.2024;FORME-AROMA.ru
10.01.2024;FORME-HOME.ru
10.01.2024;FORMEAROMA.ru
10.01.2024;FORPAYDAYS.ru
10.01.2024;FORTUNI.ru
10.01.2024;FORUM-PEACERP.ru
10.01.2024;FORUM-SIDOROV-VM.ru
10.01.2024;FORUMTURIST.ru
10.01.2024;FOTO68.ru
10.01.2024;FOTOUFA.ru
10.01.2024;FOXBIKE.ru
10.01.2024;FOXNEO.ru
10.01.2024;FR-RU.ru
10.01.2024;FR-RUS.ru
10.01.2024;FR-RUSSIA.ru
10.01.2024;FR-SHOP.ru
10.01.2024;FRADAR.ru
10.01.2024;FRAMETECHSP.ru
10.01.2024;FRANC161.ru
10.01.2024;FRANCAISONLINE.ru
10.01.2024;FRC-MEDIA.ru
10.01.2024;FREE-1WIN-APK.ru
10.01.2024;FREE-APK-1WIN.ru
10.01.2024;FREE-APK-PINUP.ru
10.01.2024;FREE-PINUP-APK.ru
10.01.2024;FREEGAMEPAY.ru
10.01.2024;FREIDNAVOLGE.ru
10.01.2024;FRESH-CASINO-POMOGAEM2.ru
10.01.2024;FRESHAUTO-MOSKVICH.ru
10.01.2024;FRESHCASINO-BBY3.ru
10.01.2024;FRESHCASINO-FINOIL6.ru
10.01.2024;FRESHCASINO-FINOIL7.ru
10.01.2024;FRESHCASINO-GROTECH.ru
10.01.2024;FRESHCASINO-GROTECH1.ru
10.01.2024;FRESHCASINO-LIVE5.ru
10.01.2024;FRESHCASINO-NP3.ru
10.01.2024;FRESHCASINO-OPR8.ru
10.01.2024;FRESHCASINO-SK3.ru
10.01.2024;FRESHCASINO-SLOTS.ru
10.01.2024;FRESHCASINO-TOD8.ru
10.01.2024;FRESHCASINO-VZL7.ru
10.01.2024;FRESHCASINO-WG11.ru
10.01.2024;FRESHCASINOEVAK18.ru
10.01.2024;FRESHCASINOZTOP4.ru
10.01.2024;FRESHNEWSDAYS24.ru
10.01.2024;FRIMAIL.ru
10.01.2024;FROJERPROMO.ru
10.01.2024;FROM-5.ru
10.01.2024;FROM5.ru
10.01.2024;FRONEZIS.ru
10.01.2024;FSCRUS.ru
10.01.2024;FSDOMODEDOVO.ru
10.01.2024;FUALUMNI.ru
10.01.2024;FUELROBOTICS4.ru
10.01.2024;FULFILLMART.ru
10.01.2024;FULLPRIZE.ru
10.01.2024;FUNDAMENTALNOE42.ru
10.01.2024;FURAGI.ru
10.01.2024;FURLONGMOVIE.ru
10.01.2024;FURRYOWO.ru
10.01.2024;FURUN.ru
10.01.2024;FUTURE-CASSA.ru
10.01.2024;FUTURE-KINO.ru
10.01.2024;FUTURE-STANDUP.ru
10.01.2024;FUTURE-THEATRE.ru
10.01.2024;FUTURETECHWEAR2.ru
10.01.2024;FUTURISTIC4KIDS.ru
10.01.2024;FZPY.ru
10.01.2024;G-MEDITATION.ru
10.01.2024;G-RAD.ru
10.01.2024;GAARN.ru
10.01.2024;GADALKA-LANA.ru
10.01.2024;GADATJ.ru
10.01.2024;GADATJONLINE.ru
10.01.2024;GAERGAERGERTH.ru
10.01.2024;GALAD2017-TOP.ru
10.01.2024;GALATEYA34.ru
10.01.2024;GAMA-CASINO-AMP5.ru
10.01.2024;GAMBLE-CASINOX1.ru
10.01.2024;GAME-AVIATOR-1WIN.ru
10.01.2024;GAME-AVIATOR-1XBET.ru
10.01.2024;GAME-AVIATOR-MOSTBET.ru
10.01.2024;GAME-AVIATOR-OLIMP.ru
10.01.2024;GAME-AVIATOR-PINUP.ru
10.01.2024;GAMEPOLE.ru
10.01.2024;GAMERKEYS.ru
10.01.2024;GAMMADOORS.ru
10.01.2024;GARAGEGASTROPUB.ru
10.01.2024;GARANTKRSK.ru
10.01.2024;GARDENGLAMADS.ru
10.01.2024;GARDENPATROL.ru
10.01.2024;GARENAFREE.ru
10.01.2024;GARRI-POTTER-LORDFILMS.ru
10.01.2024;GARRIWHITE.ru
10.01.2024;GARTZ.ru
10.01.2024;GARUSOFF.ru
10.01.2024;GASPARTY.ru
10.01.2024;GASTROJENTEROLOG.ru
10.01.2024;GASTROTURIZM-PO-PRIMORSKI.ru
10.01.2024;GASTROTURIZM-PO-PRIMORSKY.ru
10.01.2024;GAVEYOURVOTEBLE.ru
10.01.2024;GAZ-TORMOZ.ru
10.01.2024;GAZETA-OKNA.ru
10.01.2024;GAZIK-82.ru
10.01.2024;GAZMAGNAT.ru
10.01.2024;GAZPROMDEBET.ru
10.01.2024;GAZTEBE.ru
10.01.2024;GB4SPB.ru
10.01.2024;GCASPECTRA.ru
10.01.2024;GDDLESTHERMO.ru
10.01.2024;GDVVRN.ru
10.01.2024;GEELY-BRYANSK.ru
10.01.2024;GEELY-EK-3.ru
10.01.2024;GEENEVO.ru
10.01.2024;GEHMAN.ru
10.01.2024;GELENPARTY.ru
10.01.2024;GELEOTOR.ru
10.01.2024;GELESH.ru
10.01.2024;GENERALSUPPLIER.ru
10.01.2024;GENERATORING.ru
10.01.2024;GENESIS-DESIGN.ru
10.01.2024;GENKRAS.ru
10.01.2024;GEOGRSHOW.ru
10.01.2024;GEOKAD-PMK.ru
10.01.2024;GEOTAG-SHOP.ru
10.01.2024;GERBALSTAR.ru
10.01.2024;GERMAN-KITCHENS.ru
10.01.2024;GERMANW.ru
10.01.2024;GET-COMFORT.ru
10.01.2024;GET-PARTNERS.ru
10.01.2024;GET-STAT.ru
10.01.2024;GETGRASS.ru
10.01.2024;GETMESH.ru
10.01.2024;GETT-OIL.ru
10.01.2024;GETT-RUSSIA.ru
10.01.2024;GETTOIL.ru
10.01.2024;GETTRUSSIA.ru
10.01.2024;GFEDOROVA.ru
10.01.2024;GGERYCH.ru
10.01.2024;GGIDRONN.ru
10.01.2024;GGOLOVANOV.ru
10.01.2024;GHOST1974.ru
10.01.2024;GIDLINES.ru
10.01.2024;GIDRAVLICHESKOE-MASLO.ru
10.01.2024;GIDROSTROIARENA.ru
10.01.2024;GIFFTER.ru
10.01.2024;GINERA.ru
10.01.2024;GISEEN.ru
10.01.2024;GJULIJA.ru
10.01.2024;GKARNEEV.ru
10.01.2024;GKART38.ru
10.01.2024;GKIREEVA.ru
10.01.2024;GKRG.ru
10.01.2024;GKURCHENKO.ru
10.01.2024;GLAZURSTUDIO.ru
10.01.2024;GLOBALGLAM8.ru
10.01.2024;GLORY-MOSCOW.ru
10.01.2024;GLORY-MOSCOW24.ru
10.01.2024;GMAIOROVA.ru
10.01.2024;GMARKELOV.ru
10.01.2024;GMICCC.ru
10.01.2024;GNEVELITS.ru
10.01.2024;GO-26.ru
10.01.2024;GO-27.ru
10.01.2024;GO-28.ru
10.01.2024;GO-29.ru
10.01.2024;GO-30.ru
10.01.2024;GO-31.ru
10.01.2024;GO100EGE.ru
10.01.2024;GODENDAG.ru
10.01.2024;GODSOFLAVA.ru
10.01.2024;GODWEB.ru
10.01.2024;GOLDEN-STEPS.ru
10.01.2024;GOLFSTOCK.ru
10.01.2024;GOLLIN.ru
10.01.2024;GOLODNYE-IGRY-LORDFILMS.ru
10.01.2024;GOLOS-TALANT.ru
10.01.2024;GOO-DOG.ru
10.01.2024;GOOD-GORKASUIT.ru
10.01.2024;GOOD-LAZYROVEN.ru
10.01.2024;GOOD-LEGGING.ru
10.01.2024;GOODBALKON.ru
10.01.2024;GOODWIN-CASINO.ru
10.01.2024;GORBIN.ru
10.01.2024;GORDEM.ru
10.01.2024;GORIDOTLAPHOTO.ru
10.01.2024;GORILLABYBASTAKRD.ru
10.01.2024;GORILLABYBASTAMSK.ru
10.01.2024;GOROBETSSP.ru
10.01.2024;GORODPOST.ru
10.01.2024;GORODZNAET.ru
10.01.2024;GOST-PROEKTY.ru
10.01.2024;GOSUDARSKIY.ru
10.01.2024;GOT-YOUR-UNIVERSE-DANCE.ru
10.01.2024;GOTHROWTHEBALLETIKS.ru
10.01.2024;GOTYOURAUTORIZED.ru
10.01.2024;GOURMETADTRENDS24.ru
10.01.2024;GOV-45.ru
10.01.2024;GPATSEV.ru
10.01.2024;GPB-FORMATION.ru
10.01.2024;GPIGP.ru
10.01.2024;GPT-BIZBOT.ru
10.01.2024;GPTPICTURES.ru
10.01.2024;GRABUSHEVA.ru
10.01.2024;GRACE-PRO.ru
10.01.2024;GRACEAPRO.ru
10.01.2024;GRACEPRO.ru
10.01.2024;GRAFAELLO.ru
10.01.2024;GRAFAVTO.ru
10.01.2024;GRANAT38.ru
10.01.2024;GRAND-CASINO-GO.ru
10.01.2024;GRAND-CASINO-MAIN.ru
10.01.2024;GRAND-ONLINE-CASINO.ru
10.01.2024;GRAND-PRIXPET.ru
10.01.2024;GRANDONLINECASINO.ru
10.01.2024;GRAPEIOS.ru
10.01.2024;GRASSOPTTORG.ru
10.01.2024;GRAVIREZ.ru
10.01.2024;GRAZIERAGAZZISPB.ru
10.01.2024;GRBEAR.ru
10.01.2024;GRDSGN.ru
10.01.2024;GREAT-ADS.ru
10.01.2024;GREATWALL-IZMAILOVO.ru
10.01.2024;GREELY.ru
10.01.2024;GREENGLAMOUR9.ru
10.01.2024;GRIGIOREST.ru
10.01.2024;GRILL-KAMADO-GREEN.ru
10.01.2024;GRINIKEA.ru
10.01.2024;GROBITELI.ru
10.01.2024;GROUP-CRYPTO.ru
10.01.2024;GROWSELLER.ru
10.01.2024;GROXIN.ru
10.01.2024;GRREATCORPORATION.ru
10.01.2024;GRUZ-NHK.ru
10.01.2024;GRUZOPEREVOZKI-NOVOROSSIYSK.ru
10.01.2024;GRZT.ru
10.01.2024;GSHARD.ru
10.01.2024;GSHCHERBAKOV.ru
10.01.2024;GSIPRO.ru
10.01.2024;GSM079.ru
10.01.2024;GSSIM.ru
10.01.2024;GTAACADEMY.ru
10.01.2024;GTABL.ru
10.01.2024;GTABLE.ru
10.01.2024;GTU-ZIP.ru
10.01.2024;GTXGAME.ru
10.01.2024;GUBIN-1.ru
10.01.2024;GUDOVSCHIKOV.ru
10.01.2024;GUGKAEV.ru
10.01.2024;GUITAR-IDOL.ru
10.01.2024;GUITAR-TOLYATTI.ru
10.01.2024;GUITARIDOL.ru
10.01.2024;GULZ.ru
10.01.2024;GUNS-STORE13.ru
10.01.2024;GUZAREVICHMARY.ru
10.01.2024;GVOZDESTOYANIE-SARATOV.ru
10.01.2024;GWMC.ru
10.01.2024;GYPSOFEEL.ru
10.01.2024;H-O-L-O-P-2.ru
10.01.2024;H-STR.ru
10.01.2024;HA-HA-HA.ru
10.01.2024;HAISCAN.ru
10.01.2024;HALVA-4YOU.ru
10.01.2024;HALVA-CREDIT-CARD.ru
10.01.2024;HAMELEON2023.ru
10.01.2024;HANDMADEFORDOLLS.ru
10.01.2024;HANDS2HANDS.ru
10.01.2024;HAPPYCLOTHING.ru
10.01.2024;HAPPYFLASH.ru
10.01.2024;HARATSPUBMSK.ru
10.01.2024;HARD-DEVELOPER.ru
10.01.2024;HARIN-1.ru
10.01.2024;HARISMA71.ru
10.01.2024;HARITIDI.ru
10.01.2024;HARVEYMONICA.ru
10.01.2024;HARVICLUBVYBORG.ru
10.01.2024;HASHCORP.ru
10.01.2024;HASTASKILLS.ru
10.01.2024;HATE1899.ru
10.01.2024;HAYFILM.ru
10.01.2024;HB7.ru
10.01.2024;HDAGENCY.ru
10.01.2024;HEADLAMPSTORE.ru
10.01.2024;HEALTHSTYLEADS9.ru
10.01.2024;HEAVYLUXE.ru
10.01.2024;HEDONISTNOSE.ru
10.01.2024;HELEN-HOTEL-SPB.ru
10.01.2024;HELL-PROJECT.ru
10.01.2024;HELLNEP.ru
10.01.2024;HELP-PENSIA.ru
10.01.2024;HELPACADEMYCHELPACHENKO.ru
10.01.2024;HELPER39.ru
10.01.2024;HEMINGWAYREST.ru
10.01.2024;HENDYGRIEF.ru
10.01.2024;HETERO-FARM.ru
10.01.2024;HHENS.ru
10.01.2024;HIGHER-AURA.ru
10.01.2024;HIGHTLIGHT.ru
10.01.2024;HIMOPTT.ru
10.01.2024;HISTORICHAUTE1.ru
10.01.2024;HISTORY-ART.ru
10.01.2024;HIT-TEXTIL.ru
10.01.2024;HITAPI.ru
10.01.2024;HKM42.ru
10.01.2024;HO-L-O-P.ru
10.01.2024;HOCHU-UCHITSYA.ru
10.01.2024;HOGWARTZ.ru
10.01.2024;HOLD-3498.ru
10.01.2024;HOLIDAEYNG.ru
10.01.2024;HOLISTICELENA.ru
10.01.2024;HOLLAMEDIA.ru
10.01.2024;HOLLOP-22024-RU.ru
10.01.2024;HOLLOP22024-RU.ru
10.01.2024;HOLLOPAS2-RU.ru
10.01.2024;HOLLOPER2-RU.ru
10.01.2024;HOLOD-I-STIRKA-REMONT.ru
10.01.2024;HOLOP220243.ru
10.01.2024;HOLOP24.ru
10.01.2024;HOLOPP22024.ru
10.01.2024;HOME-KOSYKH.ru
10.01.2024;HOME-MEDBLOG.ru
10.01.2024;HOME-PC-SERVICE.ru
10.01.2024;HOME-TECHSERV.ru
10.01.2024;HOMETOPIA.ru
10.01.2024;HONEYBUCKET.ru
10.01.2024;HOSTIHOST.ru
10.01.2024;HOSTINGI-PRO.ru
10.01.2024;HOT-NIGHTS.ru
10.01.2024;HOT-RABBIT.ru
10.01.2024;HOTEL-IZMAILOVOALFA.ru
10.01.2024;HOTEL-OSKAR-SIMFEROPOL.ru
10.01.2024;HOTEL-ULANSKAYA.ru
10.01.2024;HOTEL-VK-GRAND.ru
10.01.2024;HOTEL-VK-ROYAL.ru
10.01.2024;HOTELZEMCHUZINA.ru
10.01.2024;HOTLINEINFO.ru
10.01.2024;HOVANSKAJA.ru
10.01.2024;HOVOINK.ru
10.01.2024;HOWARD-BOT.ru
10.01.2024;HR-01.ru
10.01.2024;HRBIGG.ru
10.01.2024;HROMESA.ru
10.01.2024;HRONIKI-NARNII-LORDFILMS.ru
10.01.2024;HSARGSYAN.ru
10.01.2024;HTMLSTART.ru
10.01.2024;HUBFORCAR.ru
10.01.2024;HUCKBOT.ru
10.01.2024;HUDEEMOSOZNANNO.ru
10.01.2024;HUFFLE.ru
10.01.2024;HUMMER-IZMAILOVO.ru
10.01.2024;HUNTERTEAM-FACEIT.ru
10.01.2024;HUTORSKOJ.ru
10.01.2024;HZKAK.ru
10.01.2024;IARRA.ru
10.01.2024;IASAM.ru
10.01.2024;IBONDAR-WORK.ru
10.01.2024;IBRAGIMOVA-AR.ru
10.01.2024;ICARUSDU.ru
10.01.2024;ICEHOUSECUBE.ru
10.01.2024;ICHATOV.ru
10.01.2024;ICITY62.ru
10.01.2024;ICOSMETOLOG.ru
10.01.2024;ID-LOGIN.ru
10.01.2024;ID-MALL.ru
10.01.2024;ID-VDS.ru
10.01.2024;ID01856.ru
10.01.2024;ID01998.ru
10.01.2024;ID03932.ru
10.01.2024;ID06382.ru
10.01.2024;ID06384.ru
10.01.2024;ID13251.ru
10.01.2024;ID15025.ru
10.01.2024;ID184527.ru
10.01.2024;ID2145.ru
10.01.2024;ID2147.ru
10.01.2024;ID21477.ru
10.01.2024;ID294556.ru
10.01.2024;ID362.ru
10.01.2024;ID394712.ru
10.01.2024;ID56038.ru
10.01.2024;ID56061.ru
10.01.2024;ID58089.ru
10.01.2024;ID58090.ru
10.01.2024;ID748296.ru
10.01.2024;ID76791.ru
10.01.2024;ID7855.ru
10.01.2024;ID83833.ru
10.01.2024;ID844826.ru
10.01.2024;ID89392.ru
10.01.2024;ID9492-PAY.ru
10.01.2024;IDEA-SELL.ru
10.01.2024;IDEALIZM-PLAST.ru
10.01.2024;IDELIA-TATAR.ru
10.01.2024;IDESIGNU.ru
10.01.2024;IFANA.ru
10.01.2024;IGINOVA.ru
10.01.2024;IGORGORBUNOV.ru
10.01.2024;IGORGROMOV.ru
10.01.2024;IGORLYCHEV.ru
10.01.2024;IGORNVIGOR.ru
10.01.2024;IGORSPITSYN.ru
10.01.2024;IGORSTPNV.ru
10.01.2024;IGRAPASTUKH.ru
10.01.2024;IGRAT-STAKE.ru
10.01.2024;IGRX.ru
10.01.2024;IHIL.ru
10.01.2024;IINESSA.ru
10.01.2024;IKHROMOV.ru
10.01.2024;IKINGREAL.ru
10.01.2024;IKOKOVKIN.ru
10.01.2024;ILDARZAGIDULLIN.ru
10.01.2024;ILEYBA.ru
10.01.2024;ILINAE.ru
10.01.2024;ILIYAANDLUBOV.ru
10.01.2024;ILJAHUA.ru
10.01.2024;ILJAKONONENKO.ru
10.01.2024;ILNAZ-7.ru
10.01.2024;ILYAKOVLEV.ru
10.01.2024;IMAGINATION-PLAYGROUND.ru
10.01.2024;IMBOTS.ru
10.01.2024;IMEX-LOG.ru
10.01.2024;IMMERSIVEPLUS.ru
10.01.2024;IMPERIONI.ru
10.01.2024;IMPLANT-DENT-VORONEZH.ru
10.01.2024;IMPLANT-ICEBERG.ru
10.01.2024;IMPLANT-MUROM.ru
10.01.2024;IMPROVETECH.ru
10.01.2024;IMPULSE-CLOUD.ru
10.01.2024;IMUSATOV.ru
10.01.2024;IN-VAM.ru
10.01.2024;INATAIVANOVA.ru
10.01.2024;INCREDIMAIL.ru
10.01.2024;INCRYPTOS.ru
10.01.2024;INDIALINK.ru
10.01.2024;INDIANAJONESANDTHEGREATCIRCLE.ru
10.01.2024;INDIATRADELINK.ru
10.01.2024;INDIVIDUALKI-SARANSK.ru
10.01.2024;INDUSTRIAL-PROM.ru
10.01.2024;INFERNSO.ru
10.01.2024;INFLUENCERLAB.ru
10.01.2024;INFO-DOWN.ru
10.01.2024;INFO-TRADEDUO.ru
10.01.2024;INFOGV.ru
10.01.2024;INFOMASTER-INF.ru
10.01.2024;INFOMED-NSK.ru
10.01.2024;INFORM-TIPOTVET.ru
10.01.2024;INFOSOVKUSOM23.ru
10.01.2024;INFOYOULA.ru
10.01.2024;INGLOTTEAM.ru
10.01.2024;INNTECHSOL.ru
10.01.2024;INSPIRE2YOURDANCE.ru
10.01.2024;INSPIRECNC.ru
10.01.2024;INSTABIZCONF.ru
10.01.2024;INSTERAVTO.ru
10.01.2024;INSTRUMENTLAR.ru
10.01.2024;INT1000464.ru
10.01.2024;INTAMED-CLINIC.ru
10.01.2024;INTASTY.ru
10.01.2024;INTELECTIO.ru
10.01.2024;INTERACTIVE-MOTHER.ru
10.01.2024;INTERLAVKA56.ru
10.01.2024;INTERPRACTICE.ru
10.01.2024;INTERVED.ru
10.01.2024;INTIM-CHEREPOVETC.ru
10.01.2024;INTIM-CHITA.ru
10.01.2024;INTIM-MAGNITOGORSK.ru
10.01.2024;INTIM-SARANSK.ru
10.01.2024;INTIM-ULAN-UDE.ru
10.01.2024;INTIM-VOLOGDA.ru
10.01.2024;INTONACIA-JK.ru
10.01.2024;INVA26.ru
10.01.2024;INVAM.ru
10.01.2024;INVAPRISTAVKA.ru
10.01.2024;INVEST-INTERIOR.ru
10.01.2024;INVEST-KVARTIRI.ru
10.01.2024;INVESTLEGKO.ru
10.01.2024;INVESTSTATE.ru
10.01.2024;INVOICESPRO.ru
10.01.2024;INVSBR-INFO24.ru
10.01.2024;INYAN-HOTEL.ru
10.01.2024;IONIK27.ru
10.01.2024;IOZHH.ru
10.01.2024;IPH-CRM.ru
10.01.2024;IPJEN.ru
10.01.2024;IPROBUY.ru
10.01.2024;IPTV5000.ru
10.01.2024;IRENE-STYLIST.ru
10.01.2024;IRINA-EDW-BELOVA.ru
10.01.2024;IRINA-MELNIK.ru
10.01.2024;IRK-IOPND.ru
10.01.2024;IRKSIB38.ru
10.01.2024;IRMACADEMY.ru
10.01.2024;ISAEVSKIY-PITOMNIK.ru
10.01.2024;ISEKAIKO.ru
10.01.2024;ISENR.ru
10.01.2024;ISETCHENKO.ru
10.01.2024;ISHTANKO.ru
10.01.2024;ISKRA-KRASNOGORSK.ru
10.01.2024;ISKRA-SPACE.ru
10.01.2024;ISKUSSTVENNII-INTELLEKT-KURSI.ru
10.01.2024;ISNIGUR.ru
10.01.2024;ISTA-YAKUBOVSKAYA.ru
10.01.2024;ISTEHNA.ru
10.01.2024;ISTNA.ru
10.01.2024;ISYNDICATE.ru
10.01.2024;IT-MELNIKOV.ru
10.01.2024;IT-NEUROSMART.ru
10.01.2024;ITCADEMY.ru
10.01.2024;ITEMES.ru
10.01.2024;ITHELP-RND.ru
10.01.2024;ITOMEGA.ru
10.01.2024;ITPENTEST.ru
10.01.2024;ITSALEKSEI.ru
10.01.2024;IVAN209600321080.ru
10.01.2024;IVANES47.ru
10.01.2024;IVANMARE.ru
10.01.2024;IVANOVOTRAVEL.ru
10.01.2024;IVASHOVAART.ru
10.01.2024;IVKUSHNER.ru
10.01.2024;IVLEEVAVASHBILET.ru
10.01.2024;IVSAVCHUK.ru
10.01.2024;IZMAILOVO-HOTELS-MOSCOW.ru
10.01.2024;IZZICASINO-FO3.ru
10.01.2024;IZZICASINO-KTF3.ru
10.01.2024;IZZICASINO-LKM4.ru
10.01.2024;IZZICOM.ru
10.01.2024;JAC-YUG.ru
10.01.2024;JACKICHAN.ru
10.01.2024;JDA-OILKAMCHATKA.ru
10.01.2024;JEDEW.ru
10.01.2024;JELBER.ru
10.01.2024;JET-CASINO-LICEE1.ru
10.01.2024;JETCASINO-DOK21.ru
10.01.2024;JINBU.ru
10.01.2024;JIUTIAN-DRYER.ru
10.01.2024;JOBCRPT.ru
10.01.2024;JOBDZEN.ru
10.01.2024;JOBTEM8.ru
10.01.2024;JOGUJIN.ru
10.01.2024;JOHNTBOOKS.ru
10.01.2024;JOIN-CO.ru
10.01.2024;JOKYA-1.ru
10.01.2024;JONSKILL.ru
10.01.2024;JOURNAL-FASHION.ru
10.01.2024;JOURNAL-MARKETING.ru
10.01.2024;JOURNALBEAT.ru
10.01.2024;JOURNEYS-JOURNAL.ru
10.01.2024;JOYCASINO-DSA.ru
10.01.2024;JOYCASINO-IGROVOY.ru
10.01.2024;JOYCASINO-OFICIALNIY-SITE.ru
10.01.2024;JOYCASINO24RU9.ru
10.01.2024;JOYCASINO6661.ru
10.01.2024;JOYCASINO721.ru
10.01.2024;JOYCASINO767.ru
10.01.2024;JOYCASINO777-PLAY.ru
10.01.2024;JOYCASINO777-ZERKALO2.ru
10.01.2024;JOYCASINODELUXE.ru
10.01.2024;JOYCASINOI.ru
10.01.2024;JOYCASINOONLAIN.ru
10.01.2024;JOYCASINOPREMIUM.ru
10.01.2024;JOYCASINORIOBET.ru
10.01.2024;JOYCASINOSITE8.ru
10.01.2024;JUANCANTINAESPANOLA.ru
10.01.2024;JUDO-ACADEMY.ru
10.01.2024;JULAASMITH.ru
10.01.2024;JULEVIN.ru
10.01.2024;JULIA9031626893.ru
10.01.2024;JULIEEEBURN.ru
10.01.2024;JULIUSTIMOVA.ru
10.01.2024;JUMASHEVA.ru
10.01.2024;JUST-RUST-DEVBLOG.ru
10.01.2024;JUSTATIKIN.ru
10.01.2024;K18-STORE.ru
10.01.2024;K22OOO.ru
10.01.2024;K2ACADEMY.ru
10.01.2024;K44M.ru
10.01.2024;KABARDINA-LOGO.ru
10.01.2024;KADASTRMAPS.ru
10.01.2024;KAE-SHOP.ru
10.01.2024;KAEM-TEXTILE.ru
10.01.2024;KAFEVOSTOK.ru
10.01.2024;KAIROSESTATE.ru
10.01.2024;KAIROSPHUKET.ru
10.01.2024;KAISERWURSTKGD.ru
10.01.2024;KAIZEN-SKILLS.ru
10.01.2024;KAKNOVYE.ru
10.01.2024;KAKVZYATZAIM.ru
10.01.2024;KALCHENKO-1.ru
10.01.2024;KALEYSHCHKOV.ru
10.01.2024;KALININGRAD-INTIM.ru
10.01.2024;KALININGRADGID24.ru
10.01.2024;KALYANIS.ru
10.01.2024;KAMAZ-AUTOIMPORT.ru
10.01.2024;KAMERTON-MUSIC.ru
10.01.2024;KANDINSKYARTBAR.ru
10.01.2024;KAPLENKOSTUDIO.ru
10.01.2024;KAR-MOTORS.ru
10.01.2024;KARAT-MONOLIT22.ru
10.01.2024;KARELIA-BANI.ru
10.01.2024;KARINA-ROMANCHUK.ru
10.01.2024;KARPOWA4V.ru
10.01.2024;KART-66.ru
10.01.2024;KARTANARUKI.ru
10.01.2024;KARTINIA.ru
10.01.2024;KARTOCHKACHE.ru
10.01.2024;KARTY-NE-VRUT.ru
10.01.2024;KASHNIKOV-1.ru
10.01.2024;KASSIDA911-DESIGN.ru
10.01.2024;KAT-ENERGY122.ru
10.01.2024;KAT-ENERGY86.ru
10.01.2024;KATALIZATOR38.ru
10.01.2024;KATEHUNTER.ru
10.01.2024;KATENKAR.ru
10.01.2024;KATOK-SEMYA.ru
10.01.2024;KATTYART-TULA.ru
10.01.2024;KATYABONTEN.ru
10.01.2024;KAZANEMBROIDERYSCHOOL.ru
10.01.2024;KAZINO-CASINOX222.ru
10.01.2024;KAZMINA454.ru
10.01.2024;KBDENGI.ru
10.01.2024;KBEGALIEVA.ru
10.01.2024;KBS-1.ru
10.01.2024;KDK-LUH.ru
10.01.2024;KDYKANOV.ru
10.01.2024;KEDR-BOCHKA.ru
10.01.2024;KEEPHOUSE23.ru
10.01.2024;KEGORKIN.ru
10.01.2024;KEISERFITNES.ru
10.01.2024;KEM-SPORT.ru
10.01.2024;KENTATUR.ru
10.01.2024;KENZHIN.ru
10.01.2024;KEY-SET.ru
10.01.2024;KEYTEQ.ru
10.01.2024;KGK-GLAVBUH-PLYUS.ru
10.01.2024;KGRAM.ru
10.01.2024;KGUDINI.ru
10.01.2024;KHAUSTEAM.ru
10.01.2024;KHOLLO.ru
10.01.2024;KHRISTOPHOROV.ru
10.01.2024;KIDDY2DANCECOPMETITION.ru
10.01.2024;KIDSFASHIONFUN4.ru
10.01.2024;KIELLESHAIA.ru
10.01.2024;KILICOGLU.ru
10.01.2024;KINGREALM.ru
10.01.2024;KINGREALMACHINERY.ru
10.01.2024;KINGSONS-JK.ru
10.01.2024;KINJUSHINA.ru
10.01.2024;KINO649.ru
10.01.2024;KINOHOL.ru
10.01.2024;KIR142.ru
10.01.2024;KIRAASTAF.ru
10.01.2024;KIRICHOK.ru
10.01.2024;KIRILLPLOTNIKOV.ru
10.01.2024;KIRISHIKHLEB.ru
10.01.2024;KIRNOSENKOYARIK.ru
10.01.2024;KIRSWORKSHOP.ru
10.01.2024;KIRTANSCHOOL.ru
10.01.2024;KIRYOUHA.ru
10.01.2024;KIS37.ru
10.01.2024;KITAISKIIPOKER.ru
10.01.2024;KITAYSKIEAVTO.ru
10.01.2024;KITAYSKIEAVTOMOBILI.ru
10.01.2024;KITCHEN-MSK.ru
10.01.2024;KIV2701.ru
10.01.2024;KIVAHACK.ru
10.01.2024;KLEME.ru
10.01.2024;KLEVA-CRIMEA.ru
10.01.2024;KLEVER-STV.ru
10.01.2024;KLEVERMIS.ru
10.01.2024;KLEVOEMESTOANAPA.ru
10.01.2024;KLIFFERDAUNF.ru
10.01.2024;KLIMOVU.ru
10.01.2024;KLM1.ru
10.01.2024;KLMSV.ru
10.01.2024;KLUB-SERVICE.ru
10.01.2024;KLUBSERVICE.ru
10.01.2024;KM-UR.ru
10.01.2024;KMVBESTRANSFER.ru
10.01.2024;KMW-INFO.ru
10.01.2024;KNIZHNIKM.ru
10.01.2024;KOBRA-DTK.ru
10.01.2024;KOCHETOVRIELT.ru
10.01.2024;KODUCARS.ru
10.01.2024;KOFFTOCHKI.ru
10.01.2024;KOFINK.ru
10.01.2024;KOI-PRUD-COLOCASIA.ru
10.01.2024;KOKODJAM.ru
10.01.2024;KOLESNIKOV6262.ru
10.01.2024;KOLMARTUR.ru
10.01.2024;KOLOBOKFAV.ru
10.01.2024;KOLOBOKTORG.ru
10.01.2024;KOLTUSHIEVENTS.ru
10.01.2024;KOMA143.ru
10.01.2024;KOMFORT-SECURITY.ru
10.01.2024;KOMISSARIKHIN.ru
10.01.2024;KOMPLEKTFILTROV.ru
10.01.2024;KON111.ru
10.01.2024;KONCEPT-PLUS.ru
10.01.2024;KONCHAKOV-PRO.ru
10.01.2024;KONDITER-CUM.ru
10.01.2024;KONDRASHEV-MASTER.ru
10.01.2024;KONDRPACH.ru
10.01.2024;KONINALYUBOV.ru
10.01.2024;KONKURSRURIS.ru
10.01.2024;KONSTR1.ru
10.01.2024;KONSULTANATSOCPRO.ru
10.01.2024;KONSULTARIUM.ru
10.01.2024;KONTEKST-REKLAMA.ru
10.01.2024;KOPORUSHKINAV.ru
10.01.2024;KOPTSOV.ru
10.01.2024;KOREAGUIDE.ru
10.01.2024;KORENSOV.ru
10.01.2024;KOREYA-PROM.ru
10.01.2024;KORIDORKA.ru
10.01.2024;KOROLEVAA.ru
10.01.2024;KOROLEVAMAK.ru
10.01.2024;KOROVIN-PHOTO.ru
10.01.2024;KOROVINA-WORK.ru
10.01.2024;KOS812.ru
10.01.2024;KOSHITOUR.ru
10.01.2024;KOSMO-MED.ru
10.01.2024;KOSSBRO.ru
10.01.2024;KOST-1.ru
10.01.2024;KOSTICK73.ru
10.01.2024;KOTPARFUM.ru
10.01.2024;KOVALKOVADI.ru
10.01.2024;KOVRYSHANTARAM.ru
10.01.2024;KOZLOVAJULIA.ru
10.01.2024;KOZYRENKOOLGA.ru
10.01.2024;KOZYREVA-3.ru
10.01.2024;KPNKYRSUROSSIA.ru
10.01.2024;KRAB4IK.ru
10.01.2024;KRANSHTAT.ru
10.01.2024;KRASDVER.ru
10.01.2024;KRASNOBOKAYA.ru
10.01.2024;KRASOTA-TEBE.ru
10.01.2024;KRASPOGODA.ru
10.01.2024;KREDIT-TIME.ru
10.01.2024;KREPKAYALYUBOV.ru
10.01.2024;KRIM-START.ru
10.01.2024;KRISMAYR.ru
10.01.2024;KRISTINA32HAIR.ru
10.01.2024;KROMDITAL.ru
10.01.2024;KRONSHTAT.ru
10.01.2024;KROVLIA-MSK.ru
10.01.2024;KRSMAIL.ru
10.01.2024;KRUTYKH1.ru
10.01.2024;KRYM-GRAD.ru
10.01.2024;KS8A.ru
10.01.2024;KSAMBRITSKAJA.ru
10.01.2024;KSHEF.ru
10.01.2024;KSU-EAGLE.ru
10.01.2024;KTRUBNIKOV.ru
10.01.2024;KUBAN-NET.ru
10.01.2024;KUDESIGNER.ru
10.01.2024;KUDINOVIVAN.ru
10.01.2024;KUHNI-DEDAL.ru
10.01.2024;KUHNISTANDART.ru
10.01.2024;KULICHOMLET.ru
10.01.2024;KUPE-GARDEROB.ru
10.01.2024;KUPI-STANKI.ru
10.01.2024;KUPIBUSSINES.ru
10.01.2024;KUPIM-PLASTINKI.ru
10.01.2024;KUPIT-GITARU.ru
10.01.2024;KURANOV-REHAB.ru
10.01.2024;KURIE7246.ru
10.01.2024;KURIE7247.ru
10.01.2024;KURIER7383.ru
10.01.2024;KUROE-ICHI.ru
10.01.2024;KURS-AM.ru
10.01.2024;KURSY-OBUCHENIE-TARO.ru
10.01.2024;KURSY-PO-MARKETPLEISAM.ru
10.01.2024;KURSY-PO-MARKETPLEJSAM.ru
10.01.2024;KURSY-PO-MARKETPLEYSAM.ru
10.01.2024;KURTAINS.ru
10.01.2024;KUSHNEROVA3DVIZ.ru
10.01.2024;KUSSHAI.ru
10.01.2024;KUVALDON.ru
10.01.2024;KUVERTS.ru
10.01.2024;KUZINPARTNERS-VTVERI.ru
10.01.2024;KUZSTUDIO.ru
10.01.2024;KVARELI-VEDZA.ru
10.01.2024;KVARTIRA-OT-ZASTROYSHIKA.ru
10.01.2024;KVARTIRA1085.ru
10.01.2024;KVB7.ru
10.01.2024;KVNV86.ru
10.01.2024;KWAKKERSPB.ru
10.01.2024;KYASHKO.ru
10.01.2024;KZFOTO.ru
10.01.2024;KZLTOPRAK.ru
10.01.2024;L2HOLLOWGAME.ru
10.01.2024;L2LIVE.ru
10.01.2024;LA-FAMILIA.ru
10.01.2024;LADOBALALA.ru
10.01.2024;LADY-ENERGY.ru
10.01.2024;LADY-LI.ru
10.01.2024;LADYDIAMONDS.ru
10.01.2024;LAF29.ru
10.01.2024;LAFLARTAE-DARYA.ru
10.01.2024;LAGALLERIABAR.ru
10.01.2024;LAGUTKINIT.ru
10.01.2024;LAJZAN.ru
10.01.2024;LAKSENOVA.ru
10.01.2024;LAKTOSTAZ.ru
10.01.2024;LAMELLY.ru
10.01.2024;LANASTYL.ru
10.01.2024;LAND-STREAMER.ru
10.01.2024;LANDSCAPECHIC.ru
10.01.2024;LANDSCAPINGDESIGN.ru
10.01.2024;LANERP.ru
10.01.2024;LAPKI-ZOO.ru
10.01.2024;LAPRESULT.ru
10.01.2024;LAPSRESULT.ru
10.01.2024;LAPTOPHELP.ru
10.01.2024;LAPUNALAPU.ru
10.01.2024;LARCHIKTAROT.ru
10.01.2024;LARIK50.ru
10.01.2024;LARIN85.ru
10.01.2024;LARINAIVANNAA.ru
10.01.2024;LARISAART37-TOP.ru
10.01.2024;LASERINFOBASE.ru
10.01.2024;LASKINA-PRO.ru
10.01.2024;LATOLIYA.ru
10.01.2024;LATUNIUM.ru
10.01.2024;LAVANDA-STUDIA.ru
10.01.2024;LAVEFABERLIC.ru
10.01.2024;LAVIREESHOP.ru
10.01.2024;LAVKA-KNIGOLUBA.ru
10.01.2024;LAVROV-WORK.ru
10.01.2024;LAW-PENSIA.ru
10.01.2024;LAWPENSIA.ru
10.01.2024;LAWYER-LAV.ru
10.01.2024;LAWYERS33.ru
10.01.2024;LAZERCLEAN.ru
10.01.2024;LAZERPRO36.ru
10.01.2024;LD-PAY-209941.ru
10.01.2024;LD-PAY-379099.ru
10.01.2024;LD-PAY127099.ru
10.01.2024;LD-PAY12941.ru
10.01.2024;LD-PAY2148099.ru
10.01.2024;LD-PAY290994.ru
10.01.2024;LD-PAY381109.ru
10.01.2024;LD-PAY4092112.ru
10.01.2024;LD-PAY487288.ru
10.01.2024;LD-PAY492882.ru
10.01.2024;LD-PAY521872.ru
10.01.2024;LD-PAY629112.ru
10.01.2024;LD-PAY730993.ru
10.01.2024;LD-PAY81232.ru
10.01.2024;LD-PAY81234.ru
10.01.2024;LDEMENTEVA.ru
10.01.2024;LDVOSKIN.ru
10.01.2024;LE-NEL.ru
10.01.2024;LEADGERS.ru
10.01.2024;LEAGUETRAVEL.ru
10.01.2024;LECTURAL.ru
10.01.2024;LEDIMAIL.ru
10.01.2024;LEGACYCLO.ru
10.01.2024;LEGALEDGE.ru
10.01.2024;LEGENDS-CITY.ru
10.01.2024;LEGNOARTE.ru
10.01.2024;LEGZO-CASINO-COUPON.ru
10.01.2024;LEGZO-CASINO-SPORT3.ru
10.01.2024;LEGZO-CASINO-TECHNOL1.ru
10.01.2024;LEGZOCASINO-PLAN3.ru
10.01.2024;LEGZOCASINO-WGD.ru
10.01.2024;LEGZOCAZINOWINSLOTS3.ru
10.01.2024;LEITZ-TOOLS.ru
10.01.2024;LENAMASLOVA-PRO.ru
10.01.2024;LENEKOY.ru
10.01.2024;LENINGRADSKIEPOMESTIYA.ru
10.01.2024;LENTA-ALUMINIEVAI-MS.ru
10.01.2024;LEOEA.ru
10.01.2024;LERIKA51.ru
10.01.2024;LES-PROMTORG.ru
10.01.2024;LESA42.ru
10.01.2024;LESTNICA70.ru
10.01.2024;LESTNICY-NA-KOSOURE.ru
10.01.2024;LETMISPIK.ru
10.01.2024;LETTER-BOX.ru
10.01.2024;LEVIN-70.ru
10.01.2024;LGAKI.ru
10.01.2024;LGENNADEVNA.ru
10.01.2024;LGORBACHEVA.ru
10.01.2024;LI-PH.ru
10.01.2024;LIBERTY-JONES-POSUDA.ru
10.01.2024;LIBNAZIVAEVSK.ru
10.01.2024;LIDER-STRAHOVANIE.ru
10.01.2024;LIDSKYY.ru
10.01.2024;LIFE-PLAY1.ru
10.01.2024;LIFESTYLE-APARTMENTS.ru
10.01.2024;LIFTY-SPB.ru
10.01.2024;LIGHTIDEASSTUDIO.ru
10.01.2024;LIGHTT.ru
10.01.2024;LIKAKPOPSHOP.ru
10.01.2024;LIMBLAB.ru
10.01.2024;LIMEEXPO.ru
10.01.2024;LINEDOOR-KAZAN.ru
10.01.2024;LINEVAFILM.ru
10.01.2024;LINGLORY.ru
10.01.2024;LINGUARD.ru
10.01.2024;LINK-SLOTS.ru
10.01.2024;LINKALEE.ru
10.01.2024;LINKINDIA.ru
10.01.2024;LINKMYINDIA.ru
10.01.2024;LINKS-AVITO.ru
10.01.2024;LINKTOINDIA.ru
10.01.2024;LINOTRUB.ru
10.01.2024;LINOZEMTSEVA.ru
10.01.2024;LINUXSKILL.ru
10.01.2024;LIPATOVA-7.ru
10.01.2024;LISSKNS.ru
10.01.2024;LISTENBOOK.ru
10.01.2024;LITEMATICA.ru
10.01.2024;LITOBIZ.ru
10.01.2024;LITOCALM.ru
10.01.2024;LITOFRISTY.ru
10.01.2024;LITOKORT.ru
10.01.2024;LITOMAXIMUS.ru
10.01.2024;LITOSFERUM.ru
10.01.2024;LITOZERK.ru
10.01.2024;LITRASHIK.ru
10.01.2024;LIUBOVCHIK.ru
10.01.2024;LIVE-CARDS.ru
10.01.2024;LIWIL.ru
10.01.2024;LIZARDCT.ru
10.01.2024;LIZINGOP.ru
10.01.2024;LKARUB.ru
10.01.2024;LKTILDA.ru
10.01.2024;LKULAGINA.ru
10.01.2024;LLIZZXX.ru
10.01.2024;LMN-KOMITET.ru
10.01.2024;LMONTHEFISHER.ru
10.01.2024;LOBACHEVA-SEWING.ru
10.01.2024;LOCALRESTLIFE.ru
10.01.2024;LOCKERSOM.ru
10.01.2024;LODES-VRN.ru
10.01.2024;LODGE-SKOVORODA.ru
10.01.2024;LOGICPED.ru
10.01.2024;LOGINOVAAN.ru
10.01.2024;LOGIONICA.ru
10.01.2024;LOGIONIKA.ru
10.01.2024;LOGISTICA-EXPRESS.ru
10.01.2024;LOGISTIKA-EXPRESS.ru
10.01.2024;LOGITRADING-SPB.ru
10.01.2024;LOGOMAIL.ru
10.01.2024;LOGOPEDLUCHINA.ru
10.01.2024;LOGYOLOL.ru
10.01.2024;LOMBARD-AUTO36.ru
10.01.2024;LOMBLY.ru
10.01.2024;LOMOFOM.ru
10.01.2024;LONG-L.ru
10.01.2024;LONGSLIVPRINT.ru
10.01.2024;LORANAS.ru
10.01.2024;LORD-OF-RINGS-LORDFILMS.ru
10.01.2024;LORD-RINGS-LORDFILMS.ru
10.01.2024;LORGANIUM.ru
10.01.2024;LOSPEDALNYJ.ru
10.01.2024;LOVEDUDKINA.ru
10.01.2024;LOVEMETRICS.ru
10.01.2024;LOVEOFELEGANCE.ru
10.01.2024;LP-MAIL.ru
10.01.2024;LP0908.ru
10.01.2024;LRKCT.ru
10.01.2024;LS-APARTMENTS.ru
10.01.2024;LSTK365.ru
10.01.2024;LSTOEVA.ru
10.01.2024;LT-ART.ru
10.01.2024;LTDZAVOD.ru
10.01.2024;LUCAS777.ru
10.01.2024;LUCHSHEZNAT.ru
10.01.2024;LUCKY-CASINOX690.ru
10.01.2024;LUDAPLUS.ru
10.01.2024;LUDUSTEAM.ru
10.01.2024;LUK-OPTOM.ru
10.01.2024;LUNA-EX.ru
10.01.2024;LUNINA7.ru
10.01.2024;LUNODAR.ru
10.01.2024;LUX-LUMEN.ru
10.01.2024;LUXELIFTGEL.ru
10.01.2024;LUXELIVING5ADS.ru
10.01.2024;LUXNSK.ru
10.01.2024;LUXSHIN.ru
10.01.2024;LV-WEDDING.ru
10.01.2024;LVJALYH.ru
10.01.2024;LVM78.ru
10.01.2024;LVXO.ru
10.01.2024;LXYBAGUA.ru
10.01.2024;LZHULANOVA.ru
10.01.2024;M-AVIASALES.ru
10.01.2024;M-LABORATORY.ru
10.01.2024;M-SERV1CE.ru
10.01.2024;M-UR.ru
10.01.2024;M-VODKA-CASINO.ru
10.01.2024;M-VODKABETCASINO.ru
10.01.2024;M0RDER.ru
10.01.2024;M19MARKOVA.ru
10.01.2024;M1HALOVICH.ru
10.01.2024;M3-GEELY-EK.ru
10.01.2024;M4KAROVAV.ru
10.01.2024;M4RDERO.ru
10.01.2024;MA-UR.ru
10.01.2024;MACHNEFF.ru
10.01.2024;MADDIMAS.ru
10.01.2024;MADEBYBEAR.ru
10.01.2024;MADGUDVIN.ru
10.01.2024;MADINAFOODS.ru
10.01.2024;MADMENGYM.ru
10.01.2024;MADOBEAUTY.ru
10.01.2024;MAFIA-SNEAKERS.ru
10.01.2024;MAFMAF.ru
10.01.2024;MAG--PRIVOROT-LIFE.ru
10.01.2024;MAG-PRIVOROT-LIFE.ru
10.01.2024;MAG-PRIVOROTS-LIFE.ru
10.01.2024;MAGAZIN-KARNIZOV.ru
10.01.2024;MAGECOSMETICS.ru
10.01.2024;MAGIC-BUFFET.ru
10.01.2024;MAGIC-PRIVOROTS-LIFE.ru
10.01.2024;MAGICAL-GARDEN.ru
10.01.2024;MAGICAMBER.ru
10.01.2024;MAGICIAN-FINAL.ru
10.01.2024;MAGIMOBI.ru
10.01.2024;MAGIYA-TS.ru
10.01.2024;MAGNA-DOORS.ru
10.01.2024;MAIDOL.ru
10.01.2024;MAIL-CONNECTOR.ru
10.01.2024;MAIL-MAILER-ACCOUNT.ru
10.01.2024;MAIL200.ru
10.01.2024;MAIL2FUTURE.ru
10.01.2024;MAILFILES.ru
10.01.2024;MAILGRABBER.ru
10.01.2024;MAILGRAD.ru
10.01.2024;MAILHOMECREDIT.ru
10.01.2024;MAILKM.ru
10.01.2024;MAILNNM.ru
10.01.2024;MAILPART.ru
10.01.2024;MAILTUX.ru
10.01.2024;MAILWM.ru
10.01.2024;MAISKY17.ru
10.01.2024;MAJESTIK-HOTELS-ANAPA.ru
10.01.2024;MAJOR-GEELY-PROMO.ru
10.01.2024;MAJOR-NEWS.ru
10.01.2024;MAJORDUAL.ru
10.01.2024;MAJOREVEN.ru
10.01.2024;MAJORHOOK.ru
10.01.2024;MAJORLEST.ru
10.01.2024;MAJORLIKE.ru
10.01.2024;MAJORNICE.ru
10.01.2024;MAJORPOOL.ru
10.01.2024;MAJORUGLY.ru
10.01.2024;MAJORWHAT.ru
10.01.2024;MAJORWISE.ru
10.01.2024;MAK-FLY.ru
10.01.2024;MAKARONET.ru
10.01.2024;MAKAROVMAC.ru
10.01.2024;MAKEEVA-WORK.ru
10.01.2024;MAKONIX.ru
10.01.2024;MAKSIMBOLDYREV.ru
10.01.2024;MAKSIMUM-MEAT.ru
10.01.2024;MALENEFF.ru
10.01.2024;MALLOWART.ru
10.01.2024;MAMZE1.ru
10.01.2024;MANGAZEYA-JK.ru
10.01.2024;MANGERQU.ru
10.01.2024;MANIKMANIA.ru
10.01.2024;MANLIB.ru
10.01.2024;MANYAPI.ru
10.01.2024;MAR-MA-LADA.ru
10.01.2024;MARAHCLINIC.ru
10.01.2024;MARCHENKO3352.ru
10.01.2024;MARCOPOLOTMN.ru
10.01.2024;MARGELET.ru
10.01.2024;MARGOZAY.ru
10.01.2024;MARIAMARINES.ru
10.01.2024;MARIAPETROVSKAYA.ru
10.01.2024;MARIASUMERK.ru
10.01.2024;MARIAUOKER.ru
10.01.2024;MARILAB-VRN.ru
10.01.2024;MARINA-BROVKO.ru
10.01.2024;MARINASTARODUBTSEVA.ru
10.01.2024;MARINATSVETKOVA.ru
10.01.2024;MARINE-GRAND.ru
10.01.2024;MARIOTRATTORIASPB.ru
10.01.2024;MARISPIRIDONOVA.ru
10.01.2024;MARKABRAMOV.ru
10.01.2024;MARKET-CRYPTO.ru
10.01.2024;MARKET-SEVASTOPOL.ru
10.01.2024;MARKETINGMNOGOMEREN.ru
10.01.2024;MARKETREKLAMA.ru
10.01.2024;MARMALADA.ru
10.01.2024;MAROHHA.ru
10.01.2024;MARSEL-L.ru
10.01.2024;MARTYNOVAPROPHOTO.ru
10.01.2024;MARVID.ru
10.01.2024;MARYANA-OSOKINA.ru
10.01.2024;MARYKI2018.ru
10.01.2024;MARYSHOV.ru
10.01.2024;MASHANOTFREE.ru
10.01.2024;MASHINGUN81.ru
10.01.2024;MASTDILETANTOV.ru
10.01.2024;MASTERA-BANY.ru
10.01.2024;MASTERIA-FRANCH.ru
10.01.2024;MASTERIMENI.ru
10.01.2024;MASTERKARTINOKMASTER.ru
10.01.2024;MASTERS-PHONE.ru
10.01.2024;MASTERSKAYABL.ru
10.01.2024;MASTFISH.ru
10.01.2024;MASTMEAT.ru
10.01.2024;MATEMATIKA-INFORMATIKA.ru
10.01.2024;MATEVOSYANGURGEN.ru
10.01.2024;MATGUSHCHIN.ru
10.01.2024;MATHBESK.ru
10.01.2024;MATRESHKA16.ru
10.01.2024;MATVEEV-DOBRONOS.ru
10.01.2024;MATVEEVAGRANTIK.ru
10.01.2024;MATYUNINS-PARTNERS.ru
10.01.2024;MAUCK.ru
10.01.2024;MAVIVAM.ru
10.01.2024;MAX-545.ru
10.01.2024;MAX-GMA.ru
10.01.2024;MAX00.ru
10.01.2024;MAXBURIN.ru
10.01.2024;MAXFABRIQUE.ru
10.01.2024;MAXIMASTERS.ru
10.01.2024;MAXSHILOV.ru
10.01.2024;MAYA-CRM.ru
10.01.2024;MB85.ru
10.01.2024;MBALANCE.ru
10.01.2024;MBALANCE-HOME.ru
10.01.2024;MC-STAL.ru
10.01.2024;MDAVYDOV.ru
10.01.2024;MDMSAT-FORUM.ru
10.01.2024;ME-TAL-SPB.ru
10.01.2024;MEAT74UP.ru
10.01.2024;MEB-ESTET.ru
10.01.2024;MEBEL-LV.ru
10.01.2024;MEBELKUHNIEKB-PRO.ru
10.01.2024;MEBELMAXSIM.ru
10.01.2024;MEBELTUN.ru
10.01.2024;MECHTAPC.ru
10.01.2024;MED-UN.ru
10.01.2024;MEDCENTER39.ru
10.01.2024;MEDELISTYLES.ru
10.01.2024;MEDLEGALONLINE.ru
10.01.2024;MEDSTANDART-MARKET.ru
10.01.2024;MEDSTANDARTMARKET.ru
10.01.2024;MEDTECH-CONSULT.ru
10.01.2024;MEDVEDTEAM.ru
10.01.2024;MEGA-BOSS.ru
10.01.2024;MEGACOLLAGE.ru
10.01.2024;MEGADJ.ru
10.01.2024;MEGAMAILL.ru
10.01.2024;MEKONGSPB.ru
10.01.2024;MEKRATECH.ru
10.01.2024;MELISTROY.ru
10.01.2024;MELMAN-PRO.ru
10.01.2024;MELN-E.ru
10.01.2024;MELREVS.ru
10.01.2024;MENENURGUUNA.ru
10.01.2024;MENOFACT.ru
10.01.2024;MENSID.ru
10.01.2024;MERCHDISE.ru
10.01.2024;MERIDIANSOLUTION.ru
10.01.2024;MERS-NN.ru
10.01.2024;MESHCHERYAKOVA.ru
10.01.2024;MESHKI-POLIETILENOVIE-MS.ru
10.01.2024;MESHKISZAVAZKAMI-MSK.ru
10.01.2024;METAL-SLITTING.ru
10.01.2024;METAL-TEHNIKA.ru
10.01.2024;METALL-PRIEM-NOVOROSSIYSK.ru
10.01.2024;METALL-PRIEM-SMOLENSK.ru
10.01.2024;METALLPOSTAVKA71.ru
10.01.2024;METALSLITTING.ru
10.01.2024;METAMORFOZIGAME.ru
10.01.2024;METAZOE.ru
10.01.2024;METOD-LUNEVA.ru
10.01.2024;METODLUNEVA.ru
10.01.2024;METTK.ru
10.01.2024;MGCBUILD.ru
10.01.2024;MGKBNK.ru
10.01.2024;MGMEB.ru
10.01.2024;MGORKUNOV.ru
10.01.2024;MIBUGAME.ru
10.01.2024;MIBUGAME24.ru
10.01.2024;MICHAELRICHI.ru
10.01.2024;MICOMISTICISM.ru
10.01.2024;MIK-MEB.ru
10.01.2024;MIKHAIL-82.ru
10.01.2024;MIKHAILSTRUNYASHEV.ru
10.01.2024;MILAMOISIUK.ru
10.01.2024;MILARSO-2.ru
10.01.2024;MILASHECHNAYA.ru
10.01.2024;MILLENIALKA.ru
10.01.2024;MILWAUKE.ru
10.01.2024;MIMINO29.ru
10.01.2024;MINBESP.ru
10.01.2024;MINBESPREDELA.ru
10.01.2024;MINBP.ru
10.01.2024;MINDPORTAL.ru
10.01.2024;MINEBOTS.ru
10.01.2024;MINECRAFT-CLUB.ru
10.01.2024;MINELIBERTY.ru
10.01.2024;MINEMSP.ru
10.01.2024;MINFINKHERSON.ru
10.01.2024;MINIPILA-GOOD.ru
10.01.2024;MINOBLAST.ru
10.01.2024;MINODROM.ru
10.01.2024;MINOTRADE.ru
10.01.2024;MIR-ORTO-SREDSTV.ru
10.01.2024;MIR-STATE.ru
10.01.2024;MIR-ZAP.ru
10.01.2024;MIRKUHNI55.ru
10.01.2024;MIROV82.ru
10.01.2024;MIROV94.ru
10.01.2024;MIRSAITOVA.ru
10.01.2024;MISS72.ru
10.01.2024;MISTOLOVO-PRK.ru
10.01.2024;MIUAS.ru
10.01.2024;MIVALLION.ru
10.01.2024;MIX-PART.ru
10.01.2024;MIXIFY.ru
10.01.2024;MJ7.ru
10.01.2024;MKIZMET.ru
10.01.2024;MKMINECRAFT.ru
10.01.2024;MKUDRIAVTSEV.ru
10.01.2024;MLABORATORY.ru
10.01.2024;MLATYNIN.ru
10.01.2024;MLOPOTKOV.ru
10.01.2024;MMAMIKONYAN.ru
10.01.2024;MMORDASOV.ru
10.01.2024;MMOTOV.ru
10.01.2024;MNENIJA.ru
10.01.2024;MNHPRINT.ru
10.01.2024;MOBILE-STOR.ru
10.01.2024;MOD-JK.ru
10.01.2024;MODE-DECOR.ru
10.01.2024;MODE-DESIGN.ru
10.01.2024;MODEDECOR.ru
10.01.2024;MODULDOM59.ru
10.01.2024;MOIKRAFT.ru
10.01.2024;MOISEEV6016.ru
10.01.2024;MOKUTOG.ru
10.01.2024;MOMALLAH.ru
10.01.2024;MOMEDIKORS.ru
10.01.2024;MONCHALETCHEGET.ru
10.01.2024;MONELUS.ru
10.01.2024;MONEYBANKCARDS.ru
10.01.2024;MONREG.ru
10.01.2024;MONTSERVIS.ru
10.01.2024;MOON-PRO.ru
10.01.2024;MOR-KONT.ru
10.01.2024;MORGODEV.ru
10.01.2024;MOROMSK.ru
10.01.2024;MOROZOV-RESIDENCE.ru
10.01.2024;MOROZOVRESIDENCE.ru
10.01.2024;MORSKASOV.ru
10.01.2024;MOS-NOVOSTROYKA.ru
10.01.2024;MOSCOW-BUILDS.ru
10.01.2024;MOSCOW-GLORY.ru
10.01.2024;MOSCOW-PARK.ru
10.01.2024;MOSCOWCITYLOVE13.ru
10.01.2024;MOSCOWMAGAZINE.ru
10.01.2024;MOSEUROOKNA.ru
10.01.2024;MOSFEDKARATE.ru
10.01.2024;MOSKOVITCH.ru
10.01.2024;MOSKV-VALERA.ru
10.01.2024;MOSKVICH-FRESHAUTO.ru
10.01.2024;MOSNAOB.ru
10.01.2024;MOSTANTENNA.ru
10.01.2024;MOSTBET-NICE.ru
10.01.2024;MOSTBET-OTZYVY3.ru
10.01.2024;MOSTBET-PLATINUM.ru
10.01.2024;MOSTBET-X.ru
10.01.2024;MOSTBET-ZERKALA-BETS.ru
10.01.2024;MOSTBET30-MONEY.ru
10.01.2024;MOSTBET333-NEO.ru
10.01.2024;MOSTBETCAZZINO.ru
10.01.2024;MOSTBETGLOBAL.ru
10.01.2024;MOSTBETPOWER.ru
10.01.2024;MOSTBETVHOD.ru
10.01.2024;MOSTBETZERKALA.ru
10.01.2024;MOSTBETZERKALO4.ru
10.01.2024;MOSTROVERHOVA.ru
10.01.2024;MOSTSHINY.ru
10.01.2024;MOTHERHOOD-JOURNAL.ru
10.01.2024;MOTO-PITER.ru
10.01.2024;MOUNTH-TOP-NEWS.ru
10.01.2024;MP-VAVILON.ru
10.01.2024;MPALCHIKOVA.ru
10.01.2024;MPK-ASTON.ru
10.01.2024;MPROVTHEATRE.ru
10.01.2024;MR-WHITE154.ru
10.01.2024;MRDMORNINGSTAR.ru
10.01.2024;MRGLUSHITEL.ru
10.01.2024;MS83.ru
10.01.2024;MSK-AVIATOR.ru
10.01.2024;MSK-MOSBOARD.ru
10.01.2024;MSKGIFTS.ru
10.01.2024;MSU-GEO.ru
10.01.2024;MT72.ru
10.01.2024;MTGPROFIX.ru
10.01.2024;MTMAUTOZAP.ru
10.01.2024;MTORBIN.ru
10.01.2024;MTTTK.ru
10.01.2024;MU71.ru
10.01.2024;MUCAILES.ru
10.01.2024;MUHAMADIJAROVA.ru
10.01.2024;MUMLEV.ru
10.01.2024;MUNDIAL-TEAM.ru
10.01.2024;MURAVIEV92.ru
10.01.2024;MUSAEV-ARCHITECT.ru
10.01.2024;MUSIC-IMPORT.ru
10.01.2024;MUSIC-JOURNAL.ru
10.01.2024;MUSICMODAMIX3.ru
10.01.2024;MY-CUT.ru
10.01.2024;MY-SKY-PRO.ru
10.01.2024;MY-VOCAL.ru
10.01.2024;MY000000.ru
10.01.2024;MY66.ru
10.01.2024;MYAKISHEVANF.ru
10.01.2024;MYAUDIOBOOKS.ru
10.01.2024;MYCOMYSTICISM.ru
10.01.2024;MYCRINGE.ru
10.01.2024;MYDEX-MC.ru
10.01.2024;MYHAMAM.ru
10.01.2024;MYKOLA.ru
10.01.2024;MYPOTENCIIA.ru
10.01.2024;MYSERIYA.ru
10.01.2024;MYSTICMODAMAGIC5.ru
10.01.2024;MYSTRANA-MYROSSIA24.ru
10.01.2024;MYTHICDEMONSART.ru
10.01.2024;MYTIZER.ru
10.01.2024;MYTRAVELSTORE.ru
10.01.2024;MYVOCAL.ru
10.01.2024;MYVRSCOPE.ru
10.01.2024;MZOBOV.ru
10.01.2024;N-AVA-COM.ru
10.01.2024;N-VTB.ru
10.01.2024;N1KITOSOR.ru
10.01.2024;N3LKST.ru
10.01.2024;NA-PERVOM.ru
10.01.2024;NAASSON.ru
10.01.2024;NACKORDI.ru
10.01.2024;NADINFOOD.ru
10.01.2024;NADOMIREMTTUCCH24.ru
10.01.2024;NAGULEVICH.ru
10.01.2024;NAIMAN-ELITE.ru
10.01.2024;NAIT-SCHOOL.ru
10.01.2024;NAKRUTKABOT.ru
10.01.2024;NALZP.ru
10.01.2024;NAMENNAA.ru
10.01.2024;NANCYRABBIT.ru
10.01.2024;NANNASTORE.ru
10.01.2024;NANO-CA.ru
10.01.2024;NANO-CALCIUM.ru
10.01.2024;NANOCHIPPLUS.ru
10.01.2024;NAPASPORTE.ru
10.01.2024;NAPERVOM.ru
10.01.2024;NAPOPROBYJ.ru
10.01.2024;NARCOLOGONLINE.ru
10.01.2024;NARKO52.ru
10.01.2024;NARTLANG.ru
10.01.2024;NASONOVSD.ru
10.01.2024;NASTAIVAI.ru
10.01.2024;NASTYA-RHYTHMFOCUS.ru
10.01.2024;NASWINT.ru
10.01.2024;NAT2TOCHKA0.ru
10.01.2024;NATAKIRILLOVA.ru
10.01.2024;NATAKOL.ru
10.01.2024;NATALIAPM.ru
10.01.2024;NATALIAROSPB.ru
10.01.2024;NATALIASIDOROVA.ru
10.01.2024;NATALIE-EREMINA.ru
10.01.2024;NATALIYA-MELNIKOVA.ru
10.01.2024;NATALIYAKOR.ru
10.01.2024;NATAROMAN.ru
10.01.2024;NATASHA-S.ru
10.01.2024;NATCOFARMA.ru
10.01.2024;NATIVEBALTICDSGN.ru
10.01.2024;NATOKAREV.ru
10.01.2024;NATUREADSTYLES7.ru
10.01.2024;NATUZZI-ONLINE.ru
10.01.2024;NAVACOM.ru
10.01.2024;NAZAROV-MAZER.ru
10.01.2024;NAZAROV13.ru
10.01.2024;NBESHLIU.ru
10.01.2024;NCHUJKO.ru
10.01.2024;NE-YOGA.ru
10.01.2024;NEAIM.ru
10.01.2024;NEBESNYJ-MIR.ru
10.01.2024;NEBO-SVET.ru
10.01.2024;NEDVIGIMOST-ELBRUS.ru
10.01.2024;NEDVIGIMOSTMIRA.ru
10.01.2024;NEDVIZH-VRN.ru
10.01.2024;NEEDAUDIT.ru
10.01.2024;NEEZHKO-1.ru
10.01.2024;NEIROBLAKO.ru
10.01.2024;NEKSART.ru
10.01.2024;NEMOLEKULA.ru
10.01.2024;NEOTRIC.ru
10.01.2024;NEPARSYA18.ru
10.01.2024;NEPRAVO.ru
10.01.2024;NEREUSHOSTEL.ru
10.01.2024;NEROOM.ru
10.01.2024;NESTERENKO-E.ru
10.01.2024;NESTEROVFAMILY.ru
10.01.2024;NET-PACK.ru
10.01.2024;NET75.ru
10.01.2024;NETFLIX-LORDFILM.ru
10.01.2024;NETFLIX-LORDSERIAL.ru
10.01.2024;NETGAN.ru
10.01.2024;NETOB.ru
10.01.2024;NETWORK-ENGINEER.ru
10.01.2024;NEUTRAT.ru
10.01.2024;NEVEM.ru
10.01.2024;NEVMAIL.ru
10.01.2024;NEVYAROVSKY.ru
10.01.2024;NEW-ADSBIGDATA.ru
10.01.2024;NEW-ALP.ru
10.01.2024;NEW-KVARTIRA-SPB.ru
10.01.2024;NEW-LIDERS.ru
10.01.2024;NEW-TRAINING.ru
10.01.2024;NEWADSBIGDATA.ru
10.01.2024;NEWALP.ru
10.01.2024;NEWBUSINESSCONSULT.ru
10.01.2024;NEWCARAGENCY.ru
10.01.2024;NEWS24DAILY.ru
10.01.2024;NEWSDAYS24.ru
10.01.2024;NEWSITE2.ru
10.01.2024;NEWSTORINW.ru
10.01.2024;NEXMIND.ru
10.01.2024;NEYROSET-DLYA-RAZDEVANIYA.ru
10.01.2024;NFTPOOL.ru
10.01.2024;NGHOST6.ru
10.01.2024;NGSTER.ru
10.01.2024;NICK-LANA.ru
10.01.2024;NICKCHERKESOV.ru
10.01.2024;NICKSAM.ru
10.01.2024;NIGHTKIDS.ru
10.01.2024;NIGHTLIFESTYLE9.ru
10.01.2024;NIGHTSLIM.ru
10.01.2024;NIIUX.ru
10.01.2024;NIKADOG.ru
10.01.2024;NIKAPRODUCTION.ru
10.01.2024;NIKASERVICES.ru
10.01.2024;NIKE-TIEMPO.ru
10.01.2024;NIKISHIN-FAMILY.ru
10.01.2024;NIKITINBRON.ru
10.01.2024;NIKKRVV.ru
10.01.2024;NIKOLAYDIKOV.ru
10.01.2024;NIKONOVVL.ru
10.01.2024;NIKROBHOME.ru
10.01.2024;NIKSCORPIO.ru
10.01.2024;NIKSELN.ru
10.01.2024;NILAVRIK.ru
10.01.2024;NIPOGREBNYAK.ru
10.01.2024;NIRLANDYA.ru
10.01.2024;NISTD.ru
10.01.2024;NJUMAEV.ru
10.01.2024;NKAZARINA.ru
10.01.2024;NKORSAKOV.ru
10.01.2024;NKOSOVA.ru
10.01.2024;NKUCHAEV.ru
10.01.2024;NN-MASTERS.ru
10.01.2024;NNEKIFOROVA.ru
10.01.2024;NNRUS.ru
10.01.2024;NOCODEMASTER.ru
10.01.2024;NOGINSKHELP-PC.ru
10.01.2024;NORDIMPEKS.ru
10.01.2024;NOTCHEAT.ru
10.01.2024;NOTCOIN-TELEGRAM-BOT.ru
10.01.2024;NOTCOINGROUP.ru
10.01.2024;NOTCOINTELEGAM.ru
10.01.2024;NOVA77.ru
10.01.2024;NOVATERIO.ru
10.01.2024;NOVCOI-TEST.ru
10.01.2024;NOVGORODTRAVEL.ru
10.01.2024;NOVOSIBIRSK-OCENKA.ru
10.01.2024;NOVOSTIEVROPA-24.ru
10.01.2024;NOVOSTIEVROPA-INFO.ru
10.01.2024;NOVOSTIEVROPA-MARKET.ru
10.01.2024;NOVOSTIEVROPA-ONLINE.ru
10.01.2024;NOVOSTIEVROPA-SHOP.ru
10.01.2024;NOVOSTIEVROPA-STROY.ru
10.01.2024;NOVOSTIEVROPA24.ru
10.01.2024;NOVOSTIEVROPAINFO.ru
10.01.2024;NOVOSTIEVROPAMARKET.ru
10.01.2024;NOVOSTIEVROPAONLINE.ru
10.01.2024;NOVOSTIEVROPASHOP.ru
10.01.2024;NOVOSTIEVROPASTROY.ru
10.01.2024;NOVOSTROIKA-ROSTOV.ru
10.01.2024;NOWDELIVER.ru
10.01.2024;NOWKNIT.ru
10.01.2024;NOWOSTROYKIMSK.ru
10.01.2024;NOZZZ1.ru
10.01.2024;NPAEFREMOV.ru
10.01.2024;NPFVEKTOR.ru
10.01.2024;NPO-NS.ru
10.01.2024;NPPBEARING.ru
10.01.2024;NPRO90.ru
10.01.2024;NPSRO-RYAZAN.ru
10.01.2024;NPTITSYNA.ru
10.01.2024;NS-1-HOSTING-REG.ru
10.01.2024;NSHUREKOVA.ru
10.01.2024;NSKFIT.ru
10.01.2024;NUANDR.ru
10.01.2024;NUMERICAL-ANALYSIS.ru
10.01.2024;NUMEROL.ru
10.01.2024;NUTRINETIC.ru
10.01.2024;NUTRITIONISTVALENTINA.ru
10.01.2024;NXTMAIL.ru
10.01.2024;NZELINSKAJA.ru
10.01.2024;O-SVOEM.ru
10.01.2024;OAMOISE.ru
10.01.2024;OASISFESTIVAL.ru
10.01.2024;OATAPINA.ru
10.01.2024;OATNA.ru
10.01.2024;OBAPRAVO.ru
10.01.2024;OBEREZKINA.ru
10.01.2024;OBITEL-ZLA-LORDFILMS.ru
10.01.2024;OBL196.ru
10.01.2024;OBLAG.ru
10.01.2024;OBLASTI-NEWS.ru
10.01.2024;OBNPOLIS.ru
10.01.2024;OBOR1A.ru
10.01.2024;OBYCH.ru
10.01.2024;OBYCHENIE-VOKALY.ru
10.01.2024;OBZHALOVATSHTRAF.ru
10.01.2024;OCEANICADSWAVE7.ru
10.01.2024;OCHEN-STRASHNOE-KINO-LORDFILMS.ru
10.01.2024;OCHKIKZ.ru
10.01.2024;OCTOPU.ru
10.01.2024;ODEGTJAREVA.ru
10.01.2024;ODINNOSOK.ru
10.01.2024;ODIS-MEBEL.ru
10.01.2024;OELENA.ru
10.01.2024;OFD-ORD1201.ru
10.01.2024;OFD-ORD1564.ru
10.01.2024;OFD-ORD1673.ru
10.01.2024;OFD-ORD3500.ru
10.01.2024;OFD-ORD3559.ru
10.01.2024;OFD-ORD4219.ru
10.01.2024;OFD-ORD4261.ru
10.01.2024;OFD-ORD4521.ru
10.01.2024;OFD-ORD4899.ru
10.01.2024;OFD-ORD4979.ru
10.01.2024;OFD-ORD4984.ru
10.01.2024;OFD-ORD5863.ru
10.01.2024;OFD-ORD8060.ru
10.01.2024;OFFICE-OBNINSK.ru
10.01.2024;OFFICE-PRINTER.ru
10.01.2024;OFFICIALSPORTSSITES.ru
10.01.2024;OFIS-MIR09.ru
10.01.2024;OFIZERY.ru
10.01.2024;OFRAM68.ru
10.01.2024;OGNEYAR-SHOP.ru
10.01.2024;OGROSHEVA.ru
10.01.2024;OGUZEV.ru
10.01.2024;OHERZIO.ru
10.01.2024;OHERZYO.ru
10.01.2024;OHRABOTA.ru
10.01.2024;OI-AI.ru
10.01.2024;OJAHINA.ru
10.01.2024;OKEYREALESTATE.ru
10.01.2024;OKIRSANOV.ru
10.01.2024;OKNAPLUS56.ru
10.01.2024;OKNAROSTA55.ru
10.01.2024;OKNAWOW.ru
10.01.2024;OKNO-SOCHI.ru
10.01.2024;OKOBOGA.ru
10.01.2024;OKOKNA134.ru
10.01.2024;OKOKNA136.ru
10.01.2024;OKOKNA152.ru
10.01.2024;OKOKNA161.ru
10.01.2024;OKOKNA164.ru
10.01.2024;OKOKNA171.ru
10.01.2024;OKOKNA34.ru
10.01.2024;OKOKNA36.ru
10.01.2024;OKOKNA52.ru
10.01.2024;OKOKNA61.ru
10.01.2024;OKOKNA64.ru
10.01.2024;OKOKNA71.ru
10.01.2024;OKOKNA72.ru
10.01.2024;OKOVILLE.ru
10.01.2024;OKSANABACHANOVA.ru
10.01.2024;OKSANAPOTANINA.ru
10.01.2024;OLCHIK019.ru
10.01.2024;OLD-AMSTERDAM.ru
10.01.2024;OLDCHATMAIL.ru
10.01.2024;OLEESHA.ru
10.01.2024;OLESYA-NASTAVNIK.ru
10.01.2024;OLGA-FOKINA.ru
10.01.2024;OLGA-MAKAREVICH.ru
10.01.2024;OLGA4741532.ru
10.01.2024;OLGADZHELEMEI.ru
10.01.2024;OLGAKAPITAN.ru
10.01.2024;OLGAMATVEEVASPB.ru
10.01.2024;OLGARABOTA66.ru
10.01.2024;OLGASHAKIROVA.ru
10.01.2024;OLGASHILINA.ru
10.01.2024;OLGUR64.ru
10.01.2024;OLIMPARENDA-MSK.ru
10.01.2024;OLIPUNK.ru
10.01.2024;OLKA2864647.ru
10.01.2024;OLKINOL90.ru
10.01.2024;OLOLONIUM.ru
10.01.2024;OLYMPIADA-DEDESHKO.ru
10.01.2024;OMASOFT.ru
10.01.2024;OMBRONMO.ru
10.01.2024;OMEGASIB.ru
10.01.2024;OMELYANOVICH.ru
10.01.2024;OMMOHOTELS.ru
10.01.2024;OMONOV.ru
10.01.2024;OMSK55-REMONT.ru
10.01.2024;OMSK55REMONT.ru
10.01.2024;ONCEHUMANS.ru
10.01.2024;ONETWO3.ru
10.01.2024;ONLINE-ADSBIGDATA.ru
10.01.2024;ONLINE-CASINO-STATISTICS.ru
10.01.2024;ONLINE-CHATGPT.ru
10.01.2024;ONLINE-REM.ru
10.01.2024;ONLINEADSBIGDATA.ru
10.01.2024;ONLINEPUZZLE.ru
10.01.2024;ONOXIEBEEKEEBIBI.ru
10.01.2024;ONTARIOHOUSE.ru
10.01.2024;ONWALUNA.ru
10.01.2024;OOFOKO.ru
10.01.2024;OOOIMPLANTAT.ru
10.01.2024;OOOTSU2021.ru
10.01.2024;OPEN-HEARTS.ru
10.01.2024;OPER-VIKH.ru
10.01.2024;OPERAMAIL.ru
10.01.2024;OPERBUH.ru
10.01.2024;OPLATA213.ru
10.01.2024;OPLATA2134.ru
10.01.2024;OPLATA2136.ru
10.01.2024;OPROSTUR.ru
10.01.2024;ORDER-1204.ru
10.01.2024;ORDER-4709.ru
10.01.2024;ORDER0541.ru
10.01.2024;ORDER1185.ru
10.01.2024;ORDER2997.ru
10.01.2024;ORDER3504.ru
10.01.2024;ORDER4749.ru
10.01.2024;ORDER7226.ru
10.01.2024;ORDER7344.ru
10.01.2024;ORDER7443.ru
10.01.2024;ORDER7446.ru
10.01.2024;ORDER8306.ru
10.01.2024;ORDER8330.ru
10.01.2024;ORDER8405.ru
10.01.2024;ORDER8466.ru
10.01.2024;ORDER9447.ru
10.01.2024;ORDERSMARTHOME.ru
10.01.2024;OREHINA.ru
10.01.2024;OREHSEKS.ru
10.01.2024;OREL-GIRLS.ru
10.01.2024;OREL-INTIM.ru
10.01.2024;OREN-RC.ru
10.01.2024;ORESHKIN77.ru
10.01.2024;ORGANIC-SFERA.ru
10.01.2024;ORGANIC-SPHERE.ru
10.01.2024;ORGYAN.ru
10.01.2024;ORIGINALYK.ru
10.01.2024;ORION-REALT.ru
10.01.2024;ORIONREALT.ru
10.01.2024;ORLOVTROTTER.ru
10.01.2024;ORMPHORO.ru
10.01.2024;ORONOV.ru
10.01.2024;ORTOSHOP-LIFE.ru
10.01.2024;OSAGO45.ru
10.01.2024;OSAGORAY.ru
10.01.2024;OSARBALIEVA.ru
10.01.2024;OSIPOVTEHNO.ru
10.01.2024;OSMANOV-1.ru
10.01.2024;OSMOGLAS.ru
10.01.2024;OSTEKLENIE-BESEDKI.ru
10.01.2024;OSTROUMOVA-PRO.ru
10.01.2024;OSTROV-VILLAGE.ru
10.01.2024;OSV-M130.ru
10.01.2024;OTK03.ru
10.01.2024;OTTOEVENT.ru
10.01.2024;OTU-STORE.ru
10.01.2024;OTUSTORE.ru
10.01.2024;OUR-WAY.ru
10.01.2024;OVALCOIN.ru
10.01.2024;OVCHINN.ru
10.01.2024;OVCHINNIKOV88.ru
10.01.2024;OVER-FOOD.ru
10.01.2024;OVERVOLT.ru
10.01.2024;OWL-MACHINE.ru
10.01.2024;OWXXI.ru
10.01.2024;OXINYA.ru
10.01.2024;OY-PRO.ru
10.01.2024;OZON-L.ru
10.01.2024;P-O-S.ru
10.01.2024;P4ELKI.ru
10.01.2024;PAGE-7621.ru
10.01.2024;PAIDMAIL.ru
10.01.2024;PAIDUCHO-BAND.ru
10.01.2024;PAKETY-DLYA-MEDICINSKIH-OTHODOV-KLASS-A-MS.ru
10.01.2024;PAKETY-DLYA-MEDICINSKIH-OTHODOV-KLASS-B-MS.ru
10.01.2024;PAKETY-DLYA-MEDICINSKIH-OTHODOV-MOS.ru
10.01.2024;PAKETYDLYAMEDICINSKIHOTHODOVMS.ru
10.01.2024;PAN661.ru
10.01.2024;PANAMAX-GRP.ru
10.01.2024;PANDA-SCHOOL.ru
10.01.2024;PANDORA-STYLE.ru
10.01.2024;PAPO4KASERGEI.ru
10.01.2024;PAREIKA.ru
10.01.2024;PARITET76.ru
10.01.2024;PARKOVKARABOTAET.ru
10.01.2024;PARSECWORX.ru
10.01.2024;PARSUN-EKB.ru
10.01.2024;PARSUN-URAL.ru
10.01.2024;PARSUNEKB.ru
10.01.2024;PARSUNURAL.ru
10.01.2024;PARTNER-KLIN.ru
10.01.2024;PARTOFART.ru
10.01.2024;PARTY-ORENBYRG.ru
10.01.2024;PARTYTEST.ru
10.01.2024;PASHKEVICHVL.ru
10.01.2024;PASSBOXPARK.ru
10.01.2024;PAULO-FRAU.ru
10.01.2024;PAVASILYEV.ru
10.01.2024;PAVCITY-JK.ru
10.01.2024;PAVELSAPIENS.ru
10.01.2024;PAVELTATTOO.ru
10.01.2024;PAY-APPLETOUCH.ru
10.01.2024;PAY-ID124116.ru
10.01.2024;PAY-ID412516.ru
10.01.2024;PAY-ID9485.ru
10.01.2024;PAYD14.ru
10.01.2024;PAYMENT-275.ru
10.01.2024;PAYMENT-276.ru
10.01.2024;PAYMENT-291.ru
10.01.2024;PAYMENT-292.ru
10.01.2024;PAYMENT-293.ru
10.01.2024;PAYMENT-AUTO36.ru
10.01.2024;PAYMENTS-ORDER978.ru
10.01.2024;PAYREDERED.ru
10.01.2024;PAZLTOURS.ru
10.01.2024;PBELAEV.ru
10.01.2024;PCDYNAMICS.ru
10.01.2024;PCM163.ru
10.01.2024;PCREMONTMASTER.ru
10.01.2024;PE4ENOV.ru
10.01.2024;PEACERP.ru
10.01.2024;PECHATI-ACHINSK.ru
10.01.2024;PECHI-IZ-TALKOHLORITA-26.ru
10.01.2024;PEDIPSI.ru
10.01.2024;PENSIA-LAW.ru
10.01.2024;PENSIALAW.ru
10.01.2024;PERCHATKI-3LX.ru
10.01.2024;PERESLAVTSEVA.ru
10.01.2024;PEREVOZCHIK-LORDFILM.ru
10.01.2024;PEREVOZMOSKVA.ru
10.01.2024;PERFECTBUH.ru
10.01.2024;PERKYEVEN.ru
10.01.2024;PERKYLIKE.ru
10.01.2024;PERKYNICE.ru
10.01.2024;PERKYUGLY.ru
10.01.2024;PERKYWISE.ru
10.01.2024;PERMATA.ru
10.01.2024;PERSHIN-ESK.ru
10.01.2024;PERVAYAEXPERTBUH.ru
10.01.2024;PESHNIN.ru
10.01.2024;PETERBURG-BINNY.ru
10.01.2024;PETQUEUE.ru
10.01.2024;PETRASHOVA.ru
10.01.2024;PETRCHUPRIKOV.ru
10.01.2024;PETROVAART.ru
10.01.2024;PETROVICH34.ru
10.01.2024;PETROVNAK67.ru
10.01.2024;PETROVVODKINSPB.ru
10.01.2024;PETRUX2014.ru
10.01.2024;PETS-MED.ru
10.01.2024;PETSFASHIONADS2.ru
10.01.2024;PETTITS.ru
10.01.2024;PEVSHIPO.ru
10.01.2024;PGERTMAN.ru
10.01.2024;PHANTOM-7.ru
10.01.2024;PHANTOM-GUIDES.ru
10.01.2024;PHANTOM-NAS.ru
10.01.2024;PHOBOCAFE62.ru
10.01.2024;PHOTO-B2B.ru
10.01.2024;PHOTOBRO.ru
10.01.2024;PHOTOZAZ.ru
10.01.2024;PHYSLIB.ru
10.01.2024;PIALKATEA.ru
10.01.2024;PICHSROS.ru
10.01.2024;PICK-YOUR-WINNER.ru
10.01.2024;PID-MAIL.ru
10.01.2024;PIERCING-TULA.ru
10.01.2024;PIKAYPETRI.ru
10.01.2024;PIN-TO.ru
10.01.2024;PINKYWAY.ru
10.01.2024;PINUP-APK-DOWNLOAD.ru
10.01.2024;PINUP-APK-FREE.ru
10.01.2024;PIOTROVSKIJ.ru
10.01.2024;PISMENSKAYA.ru
10.01.2024;PITBIKEZIP.ru
10.01.2024;PITER-SANTEHNIK.ru
10.01.2024;PIXELMASTERS.ru
10.01.2024;PLASTICDOORS.ru
10.01.2024;PLATFORM-24.ru
10.01.2024;PLATFORMA-DLYA-OBUCHENIYA-ONLINE.ru
10.01.2024;PLATFORMA-RU.ru
10.01.2024;PLATFORMAKIR.ru
10.01.2024;PLATFORMARU.ru
10.01.2024;PLATINUM-BFL.ru
10.01.2024;PLATINUM-MOSTBET404.ru
10.01.2024;PLATINUMHOTEL.ru
10.01.2024;PLATONGROUP.ru
10.01.2024;PLAY-STAKE.ru
10.01.2024;PLAYERTALK.ru
10.01.2024;PLAYWIN-CASINOX48.ru
10.01.2024;PLC-SMARTWALLET.ru
10.01.2024;PLESETSKPLZ.ru
10.01.2024;PLITCOMPLEKT.ru
10.01.2024;PLITKA-USOLIE.ru
10.01.2024;PLITKU69.ru
10.01.2024;PLUS236855.ru
10.01.2024;PMBRAIN.ru
10.01.2024;PNSV-ES.ru
10.01.2024;PO-PRIMORSKI.ru
10.01.2024;PO-PRIMORSKY.ru
10.01.2024;POCHINKA-PC-KZN.ru
10.01.2024;POCHINKA-PC-YOLA.ru
10.01.2024;PODAROK-MK-KLINIK.ru
10.01.2024;PODAROK-MLSALON.ru
10.01.2024;PODBEREMVSEMCREDIT.ru
10.01.2024;PODCHISTUYU.ru
10.01.2024;PODGUZNIKISKIDKI.ru
10.01.2024;PODOLOFT.ru
10.01.2024;POGADATJ.ru
10.01.2024;POINFOTUT.ru
10.01.2024;POISHIVOPOS.ru
10.01.2024;POKATAIKA-GRUZ.ru
10.01.2024;POKATAIKA-GRYZ.ru
10.01.2024;POKER-STORE.ru
10.01.2024;POKLA.ru
10.01.2024;POKRASKA-BRUSA.ru
10.01.2024;POLEDANCE4YOU.ru
10.01.2024;POLET-AGENCY.ru
10.01.2024;POLIETILENOVYE-MESHKI-MS.ru
10.01.2024;POLIFLOWERS.ru
10.01.2024;POLIMER-SAMARA.ru
10.01.2024;POLINABUZANOVA.ru
10.01.2024;POLINAFEY.ru
10.01.2024;POLIVATOR.ru
10.01.2024;POLOMOECHNIE-MACHINY.ru
10.01.2024;POLOVEDER.ru
10.01.2024;POLYMOVA.ru
10.01.2024;PONYSOCIAL.ru
10.01.2024;POPONINA.ru
10.01.2024;POPRODAM.ru
10.01.2024;PORA-SLETAT-EKB.ru
10.01.2024;PORODAVILLAGE.ru
10.01.2024;PORT-BABY.ru
10.01.2024;PORT-BEAUTY.ru
10.01.2024;PORT-HOME.ru
10.01.2024;PORTBABY.ru
10.01.2024;PORTBEAUTY.ru
10.01.2024;PORTFOLIO-PHOTO.ru
10.01.2024;PORTOLD.ru
10.01.2024;POSETBUH.ru
10.01.2024;POSITIVE-CLINIC26.ru
10.01.2024;POST2ALL.ru
10.01.2024;POSTIRAIKOVER.ru
10.01.2024;POSUDAVAM.ru
10.01.2024;POTENCIYA-DA.ru
10.01.2024;POTENCIYA-EST.ru
10.01.2024;POTENCIYA-VSEGDA.ru
10.01.2024;POUZNAVAIVSE.ru
10.01.2024;POVERKA-ARHANGELSK.ru
10.01.2024;POWERUM.ru
10.01.2024;POZITIVP.ru
10.01.2024;PR-DROZ.ru
10.01.2024;PRAVNA.ru
10.01.2024;PRECONSTRUCTION.ru
10.01.2024;PREMIUMMAIL.ru
10.01.2024;PREMIUMTELEGRAMRUSSIA.ru
10.01.2024;PRESTIGE-MOTO.ru
10.01.2024;PRESTIGEONEDEV.ru
10.01.2024;PRIBOYSPOT.ru
10.01.2024;PRICE-COMPARISON-AI.ru
10.01.2024;PRIDE-CAPITAL.ru
10.01.2024;PRIDE-CAPITAL24.ru
10.01.2024;PRIDE-FRIENDS.ru
10.01.2024;PRIDE-FRIENDS24.ru
10.01.2024;PRIIATELEV.ru
10.01.2024;PRIMARAIL.ru
10.01.2024;PRIMEYOGA.ru
10.01.2024;PRINTARTDOSKI.ru
10.01.2024;PRIPIP.ru
10.01.2024;PRISTAVKAUNA.ru
10.01.2024;PRISTROJKI.ru
10.01.2024;PRIVALOV-WORK.ru
10.01.2024;PRIVETDUBAI.ru
10.01.2024;PRIVOZE.ru
10.01.2024;PRIZANT.ru
10.01.2024;PRLIDER.ru
10.01.2024;PRMBEL.ru
10.01.2024;PRO-ASTROLOG.ru
10.01.2024;PRO-DS.ru
10.01.2024;PRO-DVINEM.ru
10.01.2024;PRO-HOSTING-PLACE.ru
10.01.2024;PRO-HOSTINGS.ru
10.01.2024;PRO-INCOME.ru
10.01.2024;PRO-LEST.ru
10.01.2024;PRO-MOSTBETTOP-INFO.ru
10.01.2024;PRO-MOVEMENT-NSK.ru
10.01.2024;PRO-TYP.ru
10.01.2024;PROADSBIGDATA.ru
10.01.2024;PROAVTONOMER.ru
10.01.2024;PROCHISTKA-KANALIZACII-TRUB-MOSKVA.ru
10.01.2024;PROCPRAVO.ru
10.01.2024;PROCRYPTOCOINS.ru
10.01.2024;PRODAIMED.ru
10.01.2024;PRODALA.ru
10.01.2024;PRODANOVSE.ru
10.01.2024;PRODBYRUDIK.ru
10.01.2024;PRODEFI.ru
10.01.2024;PRODESIGN39.ru
10.01.2024;PRODVIJHENIE-SAITOV.ru
10.01.2024;PROEKT-PUCHKOVA.ru
10.01.2024;PROEKTIROVANIEHOLODA.ru
10.01.2024;PROFABRICA.ru
10.01.2024;PROFEKIPAZH.ru
10.01.2024;PROFF-HOL.ru
10.01.2024;PROFFNAILSSCHOOL.ru
10.01.2024;PROFI-GURUASK.ru
10.01.2024;PROFI235.ru
10.01.2024;PROFIDENT-46.ru
10.01.2024;PROFILDOORS123.ru
10.01.2024;PROFIT-SPRINT.ru
10.01.2024;PROFJUREXPERT.ru
10.01.2024;PROFPOLOTNO.ru
10.01.2024;PROGARDENMAG.ru
10.01.2024;PROJECT-LIVEVK.ru
10.01.2024;PROJECTREGION.ru
10.01.2024;PROJECTSP.ru
10.01.2024;PROJET-VKLIVE.ru
10.01.2024;PROLINE-ESTHETICS.ru
10.01.2024;PROMENE.ru
10.01.2024;PROMETEI-ESSENTUKI.ru
10.01.2024;PROMO-UP.ru
10.01.2024;PROMO-UP-COMPANY.ru
10.01.2024;PROMOKOD-ODEZHDA.ru
10.01.2024;PROMOKOD-OZ.ru
10.01.2024;PROMOKOD-RENDEZ.ru
10.01.2024;PROMOKOD-TEHNIK.ru
10.01.2024;PROMOKOD-VKUS.ru
10.01.2024;PROMOPAYMENT.ru
10.01.2024;PROMOPULS.ru
10.01.2024;PROPRINT78.ru
10.01.2024;PROPRUTKI.ru
10.01.2024;PROSOCIALSOLUTION.ru
10.01.2024;PROSTITUTKA-CHITA.ru
10.01.2024;PROSTNEV.ru
10.01.2024;PROSTOPVZ.ru
10.01.2024;PROSYSTEM-CRM.ru
10.01.2024;PROTERIKA.ru
10.01.2024;PROZRACHNAYA-KLEJKAYA-LENTA-MS.ru
10.01.2024;PROZRACHNAYA-KLEJKAYA-LENTA-SKOTCH-MS.ru
10.01.2024;PRSLANA.ru
10.01.2024;PRYAMOI-UGOL.ru
10.01.2024;PS-VNUKOVO.ru
10.01.2024;PSE365.ru
10.01.2024;PSHONNY.ru
10.01.2024;PSOPE.ru
10.01.2024;PSY-BYSTROVA.ru
10.01.2024;PSYCHOLOGY-ALEX.ru
10.01.2024;PSYCHOLOGYMARK.ru
10.01.2024;PSYCHOSERV.ru
10.01.2024;PSYSOME.ru
10.01.2024;PTP68.ru
10.01.2024;PUBINDO.ru
10.01.2024;PUIUPZ.ru
10.01.2024;PULISIRUSSIA.ru
10.01.2024;PULSEAUDIT.ru
10.01.2024;PULYMEN.ru
10.01.2024;PUREFILTER.ru
10.01.2024;PUREHAUSE.ru
10.01.2024;PURRZILLA.ru
10.01.2024;PUTELIST.ru
10.01.2024;PUTPOST.ru
10.01.2024;PUTRAZVITIA.ru
10.01.2024;PUZRIKGAMES.ru
10.01.2024;PVLNBRS.ru
10.01.2024;PYATKOV86.ru
10.01.2024;Q-MEN.ru
10.01.2024;QCOMPUTERS.ru
10.01.2024;QIZLARMOSKVA.ru
10.01.2024;QOMAIL.ru
10.01.2024;QR-AZ.ru
10.01.2024;QUADPROJECT.ru
10.01.2024;QUALOG.ru
10.01.2024;QUANTUMPROFIT.ru
10.01.2024;QUATRO59.ru
10.01.2024;QUEEN-LOVE.ru
10.01.2024;QUICKRESTO-MSK.ru
10.01.2024;QUIZOKENGLISH.ru
10.01.2024;QUPLGEX2015.ru
10.01.2024;QVILL.ru
10.01.2024;QWERASDFDSA.ru
10.01.2024;R2ONLINEAWAKEN.ru
10.01.2024;RA-DEVELOP.ru
10.01.2024;RA-PREMIER.ru
10.01.2024;RABOTA-IT.ru
10.01.2024;RABOTA-KOPEMASH.ru
10.01.2024;RABOTADEVUSHKAMSPB.ru
10.01.2024;RABOTASKLAD.ru
10.01.2024;RADAEFIMOVAASTROLOG.ru
10.01.2024;RADEVELOP.ru
10.01.2024;RADIO-SCAN.ru
10.01.2024;RADIOLOMSKUPKA.ru
10.01.2024;RADIOZERO.ru
10.01.2024;RADMAIL.ru
10.01.2024;RADOVID.ru
10.01.2024;RAIVED.ru
10.01.2024;RALFFAMILY.ru
10.01.2024;RAM-PAGE.ru
10.01.2024;RAMENBET-CASINO-ONLINE.ru
10.01.2024;RAMENSKOE-RITUAL.ru
10.01.2024;RAMKAFE.ru
10.01.2024;RANDOMFORTRESS.ru
10.01.2024;RANDRE.ru
10.01.2024;RANGE-ROVER-SPORT.ru
10.01.2024;RARERECORD.ru
10.01.2024;RARERECORDS.ru
10.01.2024;RASSILKINASTYA.ru
10.01.2024;RASTI-PROSTO.ru
10.01.2024;RASTIPROSTO.ru
10.01.2024;RATERATE.ru
10.01.2024;RATERRAPLANET.ru
10.01.2024;RATHER-COOL.ru
10.01.2024;RATHERCOOL.ru
10.01.2024;RATING-MLM.ru
10.01.2024;RAUDINAMRAKHOV.ru
10.01.2024;RAWARD-FF-QARENA.ru
10.01.2024;RAYVAZOV.ru
10.01.2024;RAZGULAYEVENT.ru
10.01.2024;RAZVIVAIKASOCHI.ru
10.01.2024;RAZVSOZNANIYA.ru
10.01.2024;RB-PRO.ru
10.01.2024;RC36.ru
10.01.2024;RCDPO03.ru
10.01.2024;RE-MONTUS.ru
10.01.2024;REAGE-OTZYVY.ru
10.01.2024;REAGENT-24.ru
10.01.2024;REALDAI.ru
10.01.2024;REALTORRU.ru
10.01.2024;REDAKTORAZAT.ru
10.01.2024;REDARROWBUS.ru
10.01.2024;REDCRYSTALL.ru
10.01.2024;REDJAY.ru
10.01.2024;REDLANVI.ru
10.01.2024;REDPILL-INVEST.ru
10.01.2024;REF52.ru
10.01.2024;REFOSTRYAKGIFT.ru
10.01.2024;REG-MYHOSTING.ru
10.01.2024;REGION77-PROM.ru
10.01.2024;REGIONGLAVSTROY.ru
10.01.2024;REGIOPOLIS.ru
10.01.2024;REHENIE-PENSIONEROV.ru
10.01.2024;RELATIONSHIPS-JOURNAL.ru
10.01.2024;REM-50.ru
10.01.2024;REM-BLOG.ru
10.01.2024;REM-FORUM.ru
10.01.2024;REM-SAMSUNG-SPB.ru
10.01.2024;REMCRAFT-OTZIVI.ru
10.01.2024;REMGAZETA.ru
10.01.2024;REMINFO.ru
10.01.2024;REMONT-DIGITAL.ru
10.01.2024;REMONT-KOMPUTEROV-PETERBURG.ru
10.01.2024;REMONT-OBSLUZHIVANIE-KONDICIONEROV-V-MOSKVE.ru
10.01.2024;REMONTELEFONA.ru
10.01.2024;REMONTVALOV.ru
10.01.2024;REMONTYSYEPIKI24.ru
10.01.2024;RENYXXXA.ru
10.01.2024;REPEATMYTRIP.ru
10.01.2024;REPUBLIC-JK.ru
10.01.2024;REQX.ru
10.01.2024;REST-TRADE.ru
10.01.2024;RESTAURANT-COSTA.ru
10.01.2024;RESTAURANT-KARAOKE-DIA.ru
10.01.2024;RESTFLOR.ru
10.01.2024;RESTO-LAVKA.ru
10.01.2024;RESTOFF-BOT.ru
10.01.2024;RESTORANPOPONYATIAM-3.ru
10.01.2024;RESTORANPOPONYATIAM3.ru
10.01.2024;RESTVAN.ru
10.01.2024;RESULTS-NOT-TYPICAL.ru
10.01.2024;RETAIL-DOC.ru
10.01.2024;RETAIL-DOCTOR.ru
10.01.2024;RETAILDOC.ru
10.01.2024;RETOIL.ru
10.01.2024;RETROADCHIC80.ru
10.01.2024;REVIRIS.ru
10.01.2024;REXSHINY.ru
10.01.2024;REZKO-ZAIM.ru
10.01.2024;RF-KUGOO.ru
10.01.2024;RG15.ru
10.01.2024;RGS35.ru
10.01.2024;RHALIMOV.ru
10.01.2024;RIANON1971.ru
10.01.2024;RICHRUSSIAN.ru
10.01.2024;RICHTRAVELLER.ru
10.01.2024;RIGAMARS.ru
10.01.2024;RIK-ALEKS.ru
10.01.2024;RIK23.ru
10.01.2024;RINATZH11.ru
10.01.2024;RIO-SEROV.ru
10.01.2024;RIOBET-184.ru
10.01.2024;RISETON.ru
10.01.2024;RITACORP.ru
10.01.2024;RITUAL-G.ru
10.01.2024;RKALGIN.ru
10.01.2024;RKLIMANOV.ru
10.01.2024;RKOPII.ru
10.01.2024;RMACC.ru
10.01.2024;RMARTIN.ru
10.01.2024;RMURADOV.ru
10.01.2024;ROBOTOBO.ru
10.01.2024;ROBOTTESTER.ru
10.01.2024;RODOP-TRADING.ru
10.01.2024;RODZEVICH-7.ru
10.01.2024;ROG-PHONE.ru
10.01.2024;ROGPHONE.ru
10.01.2024;ROLATEX-METALL.ru
10.01.2024;ROLLBOX2LA.ru
10.01.2024;ROLLERSPORT72.ru
10.01.2024;ROMANOVANNA.ru
10.01.2024;ROMANOVOCITY.ru
10.01.2024;ROMANTIC-MOSCOW14.ru
10.01.2024;ROMANTICSKY13.ru
10.01.2024;ROMARISK.ru
10.01.2024;RONNIEANDBOB.ru
10.01.2024;ROOMTERIER.ru
10.01.2024;ROS-AVTOVOZ.ru
10.01.2024;ROSAVTOVOZ.ru
10.01.2024;ROSEMUNDUS.ru
10.01.2024;ROSINKA-NADYM.ru
10.01.2024;ROSIPACK.ru
10.01.2024;ROSKEDR-KEDROVAYA-FITOBOCHKA.ru
10.01.2024;ROSPITGROUPMSK.ru
10.01.2024;ROSSPROJECT.ru
10.01.2024;ROSTECHMEDIA.ru
10.01.2024;ROSTEX-DON.ru
10.01.2024;ROSTOWSKY.ru
10.01.2024;ROUNDDUAL.ru
10.01.2024;ROUNDEVEN.ru
10.01.2024;ROUNDHOOK.ru
10.01.2024;ROUNDLEST.ru
10.01.2024;ROUNDLIKE.ru
10.01.2024;ROUNDNICE.ru
10.01.2024;ROUNDPOOL.ru
10.01.2024;ROUNDUGLY.ru
10.01.2024;ROUNDWHAT.ru
10.01.2024;ROUNDWISE.ru
10.01.2024;ROUSSETSKY.ru
10.01.2024;ROXNUMBER.ru
10.01.2024;ROXNUMBER1.ru
10.01.2024;RPISCH.ru
10.01.2024;RS-EVENTS.ru
10.01.2024;RSEVENTS.ru
10.01.2024;RSHEVERGIN.ru
10.01.2024;RSK-77.ru
10.01.2024;RSOVETSKIJ.ru
10.01.2024;RTI-ARSENAL.ru
10.01.2024;RTIUCK.ru
10.01.2024;RU-ARCHE.ru
10.01.2024;RU-HELPER.ru
10.01.2024;RUARCHE.ru
10.01.2024;RUBCZOVSERG.ru
10.01.2024;RUBLEVSKAYA29.ru
10.01.2024;RUDKOVA.ru
10.01.2024;RUKA-RUKA.ru
10.01.2024;RUKARUKA.ru
10.01.2024;RUKOVOTSTVO.ru
10.01.2024;RUMOTOROLLING.ru
10.01.2024;RUNICHESKIE-STAVY.ru
10.01.2024;RURECORDBOOK.ru
10.01.2024;RUS-3821.ru
10.01.2024;RUS-4731.ru
10.01.2024;RUS-KEDR.ru
10.01.2024;RUSAUTO-2EKB.ru
10.01.2024;RUSBUY24.ru
10.01.2024;RUSHINY.ru
10.01.2024;RUSKRAN62.ru
10.01.2024;RUSLANIKO.ru
10.01.2024;RUSOUTDOR.ru
10.01.2024;RUSPAIDMAILS.ru
10.01.2024;RUSSIA-STAKES-CASINO8595.ru
10.01.2024;RUSSIAN-WIFE.ru
10.01.2024;RUSSIANGUANGZHOU.ru
10.01.2024;RUSSIANMASSAGE.ru
10.01.2024;RUSSIANWIFES.ru
10.01.2024;RUSSIANWIVES.ru
10.01.2024;RUSSKISPEECH.ru
10.01.2024;RUST20202.ru
10.01.2024;RUSTAMBAZAROV.ru
10.01.2024;RUSVARGA.ru
10.01.2024;RUSZAIMVAM.ru
10.01.2024;RUZONEINFO.ru
10.01.2024;RV-IT.ru
10.01.2024;RYBN-DESY.ru
10.01.2024;RYBO-STORE.ru
10.01.2024;RZELENKOV.ru
10.01.2024;S-KOSTIN.ru
10.01.2024;S-TORY.ru
10.01.2024;S0R0KA-TATA.ru
10.01.2024;S26MAT.ru
10.01.2024;SA-BEAUTYSCHOOL.ru
10.01.2024;SAAB-IZMAILOVO.ru
10.01.2024;SABDURASHIDOVA.ru
10.01.2024;SABINAKHASANOVA.ru
10.01.2024;SAD-STUDIO.ru
10.01.2024;SADIK52.ru
10.01.2024;SADIVA.ru
10.01.2024;SADYNATALI.ru
10.01.2024;SAFIN-TOP.ru
10.01.2024;SAFRONMAIL.ru
10.01.2024;SAINT-BEAUTY.ru
10.01.2024;SAKHALINTOUR.ru
10.01.2024;SAKRAMOV.ru
10.01.2024;SAKURA-BACK.ru
10.01.2024;SALAVATKHABIBULLIN1989.ru
10.01.2024;SALE-APPLE.ru
10.01.2024;SALEBIT.ru
10.01.2024;SALESSTANDARDS.ru
10.01.2024;SALL0.ru
10.01.2024;SALONBROOKLYN.ru
10.01.2024;SALONCULTUR.ru
10.01.2024;SALONLUCIA.ru
10.01.2024;SALUDSMM.ru
10.01.2024;SAMOLET-PLUS24.ru
10.01.2024;SANTONUK.ru
10.01.2024;SANYAGAMES.ru
10.01.2024;SAPOJOKDASHA.ru
10.01.2024;SARANSK-DEVKI.ru
10.01.2024;SAREF.ru
10.01.2024;SARMATSHOP.ru
10.01.2024;SARVOGONPUB.ru
10.01.2024;SASHA-STUDIES-JAPANESE.ru
10.01.2024;SATEENRESORTSHUMIHA.ru
10.01.2024;SATINLOTUS.ru
10.01.2024;SAUNOFF11.ru
10.01.2024;SAUNUNONSTOP24.ru
10.01.2024;SAUNY-OTDELKA.ru
10.01.2024;SAVANESJAN.ru
10.01.2024;SAVROVA.ru
10.01.2024;SBERPAYBANK.ru
10.01.2024;SBOL-INSTALLER.ru
10.01.2024;SBP-SBERBANK.ru
10.01.2024;SCHEDULE-PRO.ru
10.01.2024;SCHERGAN.ru
10.01.2024;SCHICHENKOV.ru
10.01.2024;SCHIPLETSOV.ru
10.01.2024;SCHOOL-REALWEB.ru
10.01.2024;SCIFIFASHION101.ru
10.01.2024;SCNEWSS114.ru
10.01.2024;SCOTCHBOX.ru
10.01.2024;SCTOCHKA-VR.ru
10.01.2024;SDELANOIVANOM.ru
10.01.2024;SDELKA7373.ru
10.01.2024;SDSCONNECT.ru
10.01.2024;SE-MOBILE.ru
10.01.2024;SECIP.ru
10.01.2024;SECRETMEBEL.ru
10.01.2024;SEENUPTORIA.ru
10.01.2024;SEIWAKAN.ru
10.01.2024;SEKRETYUYUTA.ru
10.01.2024;SELECTGROUPDUBAI.ru
10.01.2024;SELECTOR258GG.ru
10.01.2024;SELESHA.ru
10.01.2024;SELL-AUTO36.ru
10.01.2024;SELLBIT.ru
10.01.2024;SEMELENAPSY.ru
10.01.2024;SEMINAR241123.ru
10.01.2024;SEMSAREK.ru
10.01.2024;SEMZVEZD-EKB.ru
10.01.2024;SENDERADA.ru
10.01.2024;SENDERADB.ru
10.01.2024;SEOULSISTERS.ru
10.01.2024;SER-KUMINOV.ru
10.01.2024;SERAEV.ru
10.01.2024;SEREGA-VOLT.ru
10.01.2024;SEREJASKOBELEV.ru
10.01.2024;SERGALI-BREND.ru
10.01.2024;SERGEEFFCOM.ru
10.01.2024;SERGEEVALA.ru
10.01.2024;SERGEY-KRASILNIKOV.ru
10.01.2024;SERGEYKOBZEV.ru
10.01.2024;SERGOLOV.ru
10.01.2024;SERINFIRE.ru
10.01.2024;SERKOV-1.ru
10.01.2024;SERLEO1979.ru
10.01.2024;SERVICE-7249.ru
10.01.2024;SERVICE-AUTO36.ru
10.01.2024;SERVICE-POTOLKOV-EKB.ru
10.01.2024;SERVICE-YOULA.ru
10.01.2024;SERVICES-AVITO.ru
10.01.2024;SERVICES-YOULA.ru
10.01.2024;SERVIOUS.ru
10.01.2024;SERWELL.ru
10.01.2024;SERZHS.ru
10.01.2024;SEVASTOPOLSKIJ-7.ru
10.01.2024;SEVEN-P.ru
10.01.2024;SEVENP.ru
10.01.2024;SEVERSKAYA-RC.ru
10.01.2024;SEVERWASH.ru
10.01.2024;SEVLEASING.ru
10.01.2024;SEX-MAIL.ru
10.01.2024;SEXYSOCKS.ru
10.01.2024;SEZAM-TOP.ru
10.01.2024;SFERA-YUG.ru
10.01.2024;SHABAPOKER.ru
10.01.2024;SHACKIJ.ru
10.01.2024;SHACMAN-SEVER.ru
10.01.2024;SHAGAINAADAN.ru
10.01.2024;SHAKEPEARSHOP.ru
10.01.2024;SHAKIRAFIT.ru
10.01.2024;SHAKIROVTR.ru
10.01.2024;SHAKTIDEVI-LP.ru
10.01.2024;SHAM-ELECTRIC.ru
10.01.2024;SHANMON-TEHNIKA.ru
10.01.2024;SHAPKISHLIAPKI.ru
10.01.2024;SHARIKIKHABAROVSK.ru
10.01.2024;SHAROSKOP39.ru
10.01.2024;SHARPGO.ru
10.01.2024;SHAURTIME.ru
10.01.2024;SHEF-Y-PLITY.ru
10.01.2024;SHEFSTROI.ru
10.01.2024;SHEMATONOV.ru
10.01.2024;SHEMPTON.ru
10.01.2024;SHESDES.ru
10.01.2024;SHESTAKOVA1806.ru
10.01.2024;SHEYKIN58.ru
10.01.2024;SHHALILOV.ru
10.01.2024;SHIFT1904.ru
10.01.2024;SHIKAMI.ru
10.01.2024;SHINAPNZ-TEST.ru
10.01.2024;SHISHENKODENIS.ru
10.01.2024;SHISHKOVA-VERA.ru
10.01.2024;SHISHOV95.ru
10.01.2024;SHITKO.ru
10.01.2024;SHITTS-7.ru
10.01.2024;SHKAFCHIKOF.ru
10.01.2024;SHKAPOVA.ru
10.01.2024;SHKOLA-INVESTORA.ru
10.01.2024;SHKOLA-PLAVANIYA.ru
10.01.2024;SHKOLAUZI.ru
10.01.2024;SHLIFOVKA-BREVNA.ru
10.01.2024;SHLIFOVKA-BRUSA.ru
10.01.2024;SHLJUHIVSAMARA.ru
10.01.2024;SHLNK.ru
10.01.2024;SHLUHABELNA.ru
10.01.2024;SHMAKOVAVALERIA02.ru
10.01.2024;SHNAN.ru
10.01.2024;SHOPMODERN.ru
10.01.2024;SHOPORTOVAM.ru
10.01.2024;SHPINATIK.ru
10.01.2024;SHRAM-DESIGN.ru
10.01.2024;SHRTR.ru
10.01.2024;SHTABGROUP.ru
10.01.2024;SHTUCHKI-DRYUCHKI.ru
10.01.2024;SHUMAXEP93.ru
10.01.2024;SIATRIA.ru
10.01.2024;SIAY-CLEANING.ru
10.01.2024;SIBNEFTEGAZENGINEERING.ru
10.01.2024;SIBSKYLIFT.ru
10.01.2024;SIGNALSAGREGATOR.ru
10.01.2024;SILAZAIM.ru
10.01.2024;SIMAKOV-ALEX.ru
10.01.2024;SIMARGLFOOD.ru
10.01.2024;SIMCHAR.ru
10.01.2024;SIMFONICAMEBEL.ru
10.01.2024;SIMSTROYMOTAGE.ru
10.01.2024;SINITSA-1.ru
10.01.2024;SIRENA96MAIL.ru
10.01.2024;SISAEVA.ru
10.01.2024;SITE-DIZAIN.ru
10.01.2024;SITNIKOV-SIT.ru
10.01.2024;SITNIKOVPJ.ru
10.01.2024;SIX-ZERO.ru
10.01.2024;SJOELBAK.ru
10.01.2024;SK-KLINCH.ru
10.01.2024;SK-SECURITY.ru
10.01.2024;SKACHAT-MOSTBET.ru
10.01.2024;SKADSICI.ru
10.01.2024;SKALAMIRONOV.ru
10.01.2024;SKALYAZIN.ru
10.01.2024;SKAPEX.ru
10.01.2024;SKDISPRO.ru
10.01.2024;SKDOMPLUS.ru
10.01.2024;SKECHERSALE.ru
10.01.2024;SKG013.ru
10.01.2024;SKIDICH.ru
10.01.2024;SKILLBOX-SCHOOL.ru
10.01.2024;SKIMSDUPES.ru
10.01.2024;SKMAGDALINA.ru
10.01.2024;SKOBICOPHOTO.ru
10.01.2024;SKOROTEEV.ru
10.01.2024;SKOTCH-ARMIROVANNYJ-MS.ru
10.01.2024;SKOTCH-CENA-MS.ru
10.01.2024;SKOTCH-KUPIT-MOS.ru
10.01.2024;SKOTCH-KUPIT-MS.ru
10.01.2024;SKOTCH-OPT-MOS.ru
10.01.2024;SKRAH.ru
10.01.2024;SKRYLKOVA.ru
10.01.2024;SKUPAEM-KNIGI.ru
10.01.2024;SKYDIVERND.ru
10.01.2024;SKYGREL19.ru
10.01.2024;SLAROF.ru
10.01.2024;SLAVA-JK.ru
10.01.2024;SLICER03.ru
10.01.2024;SLIM-X.ru
10.01.2024;SLITTING.ru
10.01.2024;SLIVPLUGIN.ru
10.01.2024;SLLOVOPACCA-1-8.ru
10.01.2024;SLLOVOPACCA1-8.ru
10.01.2024;SLLOVOPACCA18.ru
10.01.2024;SLLOVOPACONA.ru
10.01.2024;SLONER.ru
10.01.2024;SLONUNDZAPLIA.ru
10.01.2024;SLOOVOPACONA.ru
10.01.2024;SLOTOZAL-INK.ru
10.01.2024;SLOVO-PAC-QANA.ru
10.01.2024;SLOVO-PACAVNA.ru
10.01.2024;SLOVO-PACSANA.ru
10.01.2024;SLOVO-PACSANA-Q.ru
10.01.2024;SLOVOPAC-G-OVNO.ru
10.01.2024;SLOVOPACHERNIA.ru
10.01.2024;SLOVOPACOVNO.ru
10.01.2024;SLOVOPACQASA.ru
10.01.2024;SLOVOPACSANAME.ru
10.01.2024;SLOVOPACSANARE.ru
10.01.2024;SLOVOPASONA.ru
10.01.2024;SLOVOPATSANA-VSE.ru
10.01.2024;SLOVOTVET.ru
10.01.2024;SLOW-DANCE.ru
10.01.2024;SMAGINA-7.ru
10.01.2024;SMART-AK.ru
10.01.2024;SMART-TECH-SERVICE.ru
10.01.2024;SMARTBIG.ru
10.01.2024;SMARTECHSNAB.ru
10.01.2024;SMARTFOXCDP.ru
10.01.2024;SMARTFUELING4.ru
10.01.2024;SMARTHOMESTYLE3.ru
10.01.2024;SMARTOPIA.ru
10.01.2024;SMARTTORNADO.ru
10.01.2024;SMETA161.ru
10.01.2024;SMETALILIES72.ru
10.01.2024;SMM-PR-MARKETING.ru
10.01.2024;SMMVLADA.ru
10.01.2024;SMOKERYSPB.ru
10.01.2024;SMOL633899.ru
10.01.2024;SMORODOVA.ru
10.01.2024;SMULGS.ru
10.01.2024;SNABTEHELIT.ru
10.01.2024;SNAP-DRESS.ru
10.01.2024;SNAPDRESS.ru
10.01.2024;SNEAKERSLOCATION.ru
10.01.2024;SNEGUROV-FILM.ru
10.01.2024;SNEID.ru
10.01.2024;SNETKOV1.ru
10.01.2024;SNG-DISTRIBUTION.ru
10.01.2024;SNOWSYNC.ru
10.01.2024;SNT-SOSNA.ru
10.01.2024;SO-RAZVITIE-ZOLOTAREVA.ru
10.01.2024;SOBIRAEM-YROZHAY.ru
10.01.2024;SOBOL-ANT.ru
10.01.2024;SOBYTIA-VOOONLIINE.ru
10.01.2024;SOCBANKROTSTVO.ru
10.01.2024;SOCHI-PROINVEST.ru
10.01.2024;SOCHIBAY.ru
10.01.2024;SOCHIESTATE23.ru
10.01.2024;SOCHIVIBE.ru
10.01.2024;SOCIAL-ATMOSPHERE.ru
10.01.2024;SOCIAL-BALLET-VOTE.ru
10.01.2024;SOFIA2024.ru
10.01.2024;SOFT-GLASPRODUKT.ru
10.01.2024;SOFT98.ru
10.01.2024;SOFTAK.ru
10.01.2024;SOFTKIP.ru
10.01.2024;SOLARIUMEGASUN.ru
10.01.2024;SOLARSTYLESAVVY6.ru
10.01.2024;SOLCASINO-DEVELOP2.ru
10.01.2024;SOLCASINO-GEL3.ru
10.01.2024;SOLCASINO-HICKLES1.ru
10.01.2024;SOLCASINO-OCE3.ru
10.01.2024;SOLING-AGENCY.ru
10.01.2024;SOLKASINOTOP3.ru
10.01.2024;SOLO-SOLOMATINA.ru
10.01.2024;SOLO-VIEW.ru
10.01.2024;SOLOVYOVY.ru
10.01.2024;SOM-MARKETING.ru
10.01.2024;SOMMARKETING.ru
10.01.2024;SOUL-MSK.ru
10.01.2024;SOUL-SPB.ru
10.01.2024;SOULCITYESTATE.ru
10.01.2024;SOULS-LIKE.ru
10.01.2024;SOUTHBIKEDESIGN.ru
10.01.2024;SOVA7.ru
10.01.2024;SOVMAIL.ru
10.01.2024;SP-IMPLANTATION.ru
10.01.2024;SP-VSENA4.ru
10.01.2024;SPACE-BRAND.ru
10.01.2024;SPACEBRAND.ru
10.01.2024;SPACEESTATEAI.ru
10.01.2024;SPACEGLAMPING.ru
10.01.2024;SPACESTYLE7ADS.ru
10.01.2024;SPACEWOMAN.ru
10.01.2024;SPAKALIPSO.ru
10.01.2024;SPASALONNALCHIK.ru
10.01.2024;SPBTOMSK.ru
10.01.2024;SPBZUB.ru
10.01.2024;SPEC007.ru
10.01.2024;SPEC1VPVCHDOBE.ru
10.01.2024;SPECHELL.ru
10.01.2024;SPECREMONT-URAL.ru
10.01.2024;SPECS-STO.ru
10.01.2024;SPECTEHNIKA37.ru
10.01.2024;SPEEDKULINAR.ru
10.01.2024;SPEKTR-ABA-SPB.ru
10.01.2024;SPERK.ru
10.01.2024;SPIATKIN.ru
10.01.2024;SPOKGOROD.ru
10.01.2024;SPONDULICKS.ru
10.01.2024;SPORT-ON-LINE.ru
10.01.2024;SPORTYADS101.ru
10.01.2024;SPREADSCAN.ru
10.01.2024;SPSPROJECT.ru
10.01.2024;SPTK-MOTORS.ru
10.01.2024;SQUIRRELMAIL.ru
10.01.2024;SRC-ILIR.ru
10.01.2024;SRR-FOUNDATION.ru
10.01.2024;SRV6.ru
10.01.2024;SS-FIREFOX.ru
10.01.2024;SSANGYONG-IZMAILOVO.ru
10.01.2024;SSHAMYKAEV.ru
10.01.2024;SSHATSKIJ.ru
10.01.2024;SSHKUT.ru
10.01.2024;SSK-PROMO.ru
10.01.2024;SSKRESERV.ru
10.01.2024;SSNSO.ru
10.01.2024;SSONOZAKI.ru
10.01.2024;STAKECASINO1.ru
10.01.2024;STAKEEEEE-OFFICIAL.ru
10.01.2024;STALHELP-PC.ru
10.01.2024;STALKERX.ru
10.01.2024;STALMACHINE.ru
10.01.2024;STANDART-TOUR.ru
10.01.2024;STANISLAV-KLEKOVKIN.ru
10.01.2024;STARDA-CASINO-BACK2.ru
10.01.2024;STARDACASINO-GLAZ2.ru
10.01.2024;STARDACASINO-SNM4.ru
10.01.2024;STARHOV.ru
10.01.2024;STARK-PROM.ru
10.01.2024;STARLIGHTERS.ru
10.01.2024;STARTVIT.ru
10.01.2024;STATERUST.ru
10.01.2024;STATESTATE.ru
10.01.2024;STAVKI-MOSTBET.ru
10.01.2024;STCONSALT.ru
10.01.2024;STE5.ru
10.01.2024;STEELANTIKOR.ru
10.01.2024;STEEP-TOURNAMENT.ru
10.01.2024;STEKLO-NAVES.ru
10.01.2024;STEP-TWO.ru
10.01.2024;STEREOSOUP.ru
10.01.2024;STICK-WOOD.ru
10.01.2024;STICKERSTAR.ru
10.01.2024;STICKWOOD.ru
10.01.2024;STIDIOFLOROOM.ru
10.01.2024;STIPERKA.ru
10.01.2024;STK-IMPERIAL.ru
10.01.2024;STO-DLASVOIH.ru
10.01.2024;STOM-WEST.ru
10.01.2024;STOMDISKONT.ru
10.01.2024;STOMPAVLOVA.ru
10.01.2024;STOMPLAZA.ru
10.01.2024;STONE-GARDENMSK.ru
10.01.2024;STONE-M.ru
10.01.2024;STOPVAGON.ru
10.01.2024;STORE-GEELY-PREFACE.ru
10.01.2024;STOREORF.ru
10.01.2024;STOSECOND.ru
10.01.2024;STRATWAY.ru
10.01.2024;STRAYSOUL.ru
10.01.2024;STREAMLIXX.ru
10.01.2024;STRELA-KZN.ru
10.01.2024;STRELEC-PERMANENTPENZA.ru
10.01.2024;STRELLKA.ru
10.01.2024;STRELNIKOVA-TOP.ru
10.01.2024;STROIKALUX.ru
10.01.2024;STROIREMCOM.ru
10.01.2024;STROPHOUSE.ru
10.01.2024;STROYBAZA-MSK.ru
10.01.2024;STROYCOMFORT1.ru
10.01.2024;STROYDOM365.ru
10.01.2024;STROYSTANDART-MOSCOW.ru
10.01.2024;STRUCTURE1.ru
10.01.2024;STUDIO-LEAF.ru
10.01.2024;STUDIO406.ru
10.01.2024;STUDIOEXP.ru
10.01.2024;STUDIOKUHNI58.ru
10.01.2024;STUDIYA-CHE.ru
10.01.2024;STUDIYACHE.ru
10.01.2024;STVTV.ru
10.01.2024;STYLE-GIRL.ru
10.01.2024;STYLELABORATORY.ru
10.01.2024;STYLISTLANSKAYA.ru
10.01.2024;SUBARU-ZVS.ru
10.01.2024;SUBKULT.ru
10.01.2024;SUDYRUS.ru
10.01.2024;SUGAR-PAPER31.ru
10.01.2024;SUGARLENA.ru
10.01.2024;SUH4NOFF4.ru
10.01.2024;SUHACHEV-WORK.ru
10.01.2024;SUHAREVA50.ru
10.01.2024;SUHAREVO-INVEST.ru
10.01.2024;SULAMA.ru
10.01.2024;SULOEW.ru
10.01.2024;SUMERKI-LORDFILMS.ru
10.01.2024;SUMKIPUPA-ITALY.ru
10.01.2024;SUNGUI.ru
10.01.2024;SUPER-ADSBIGDATA.ru
10.01.2024;SUPERADSBIGDATA.ru
10.01.2024;SUPERNOVAPENZA.ru
10.01.2024;SUPERSAFER.ru
10.01.2024;SUPERSKIDKUS.ru
10.01.2024;SUPIA.ru
10.01.2024;SUPPORT-DE-DIETRICH.ru
10.01.2024;SUSHENTSOVA.ru
10.01.2024;SVADBA-SERGEY-AND-ANASTASIA.ru
10.01.2024;SVADBA-SKORO.ru
10.01.2024;SVADBABAND.ru
10.01.2024;SVADEBNAYARAPSODIA.ru
10.01.2024;SVCHERNIKOV.ru
10.01.2024;SVECHEVAROV.ru
10.01.2024;SVERLIM21.ru
10.01.2024;SVETOZARAGRO.ru
10.01.2024;SVIDANIECITY14.ru
10.01.2024;SVL1.ru
10.01.2024;SVNMOSCOW.ru
10.01.2024;SVNPLUS.ru
10.01.2024;SVOYATOCHKA.ru
10.01.2024;SWAN-LAKE-PERFORMANCE.ru
10.01.2024;SWAN4LAKE.ru
10.01.2024;SWAN4SWAN-BALLET.ru
10.01.2024;SWEBSITE.ru
10.01.2024;SWEETNIKKISWEET.ru
10.01.2024;SWEETPRINTS.ru
10.01.2024;SWLEADERS.ru
10.01.2024;SYDNEY-PRIME-JK.ru
10.01.2024;SYLOGISTICS.ru
10.01.2024;SYTNOE-MESTO.ru
10.01.2024;SYTRONICS.ru
10.01.2024;SYTRONIX.ru
10.01.2024;SZ-EVOLUTION.ru
10.01.2024;SZAKATIY.ru
10.01.2024;T-I-S.ru
10.01.2024;T100T.ru
10.01.2024;T744622.ru
10.01.2024;TABLEDANCE.ru
10.01.2024;TACTAMARA-PRO.ru
10.01.2024;TAGAPOV.ru
10.01.2024;TAHYR.ru
10.01.2024;TAKATEVA.ru
10.01.2024;TAKEPRINT.ru
10.01.2024;TAMARAEGOROVA.ru
10.01.2024;TAMARAROZITEST.ru
10.01.2024;TAMARINKA1405.ru
10.01.2024;TAN9.ru
10.01.2024;TANIADIZAINER.ru
10.01.2024;TANITA8080.ru
10.01.2024;TANKORUBKA.ru
10.01.2024;TANTRA-ACADEMY.ru
10.01.2024;TANUSHKASTARKOVA.ru
10.01.2024;TAOGOODS.ru
10.01.2024;TAPOULLI.ru
10.01.2024;TARAKILLER.ru
10.01.2024;TARO-MAG.ru
10.01.2024;TASHAGRI.ru
10.01.2024;TASHHAQINTENSIVE.ru
10.01.2024;TASHINHLEB.ru
10.01.2024;TASKPLUS.ru
10.01.2024;TASKPLUS-DEV.ru
10.01.2024;TATIANA-SOROKINA.ru
10.01.2024;TATJANAVASSARA.ru
10.01.2024;TATJANAVINOGRADOVA.ru
10.01.2024;TATSACHE.ru
10.01.2024;TATYANA-VINOGRADOVA.ru
10.01.2024;TAXI-PROHLADNY.ru
10.01.2024;TAXIPLUS62.ru
10.01.2024;TAYAMNITSA.ru
10.01.2024;TCODD.ru
10.01.2024;TDCRANES.ru
10.01.2024;TDDYMKI.ru
10.01.2024;TDIFOTOP.ru
10.01.2024;TDK-96.ru
10.01.2024;TDURALMASH.ru
10.01.2024;TEA-DINASTY.ru
10.01.2024;TEA-DYNASTY.ru
10.01.2024;TEACHER401.ru
10.01.2024;TECHDLR.ru
10.01.2024;TECHNO-DA4A.ru
10.01.2024;TECHNO-PROSTO.ru
10.01.2024;TECHNOFEIA2244.ru
10.01.2024;TECHNOFOCUS.ru
10.01.2024;TECHNOSYNERGY.ru
10.01.2024;TECHSTYLE360.ru
10.01.2024;TEFITET.ru
10.01.2024;TEHMATE.ru
10.01.2024;TEHNOHUB-REG.ru
10.01.2024;TELEFUNS.ru
10.01.2024;TELEGRANDS.ru
10.01.2024;TELEGUNS.ru
10.01.2024;TEMAKROLIK.ru
10.01.2024;TENDER42.ru
10.01.2024;TENTHTEST.ru
10.01.2024;TEPLOZHUKOVSKY.ru
10.01.2024;TER-MOSESOVA.ru
10.01.2024;TEREHOVA-WORK.ru
10.01.2024;TEREK-COSSACKS.ru
10.01.2024;TERRACEMSK.ru
10.01.2024;TERRAIMPROVE.ru
10.01.2024;TERRIONOIL.ru
10.01.2024;TERSKYKAZAK.ru
10.01.2024;TEST-CPA-QUEEN.ru
10.01.2024;TEST186.ru
10.01.2024;TESTUDY.ru
10.01.2024;TEXCPEZ.ru
10.01.2024;TG-API.ru
10.01.2024;TG-AUTOPOST.ru
10.01.2024;TG-WOOLDOM.ru
10.01.2024;TGGEPATITOF.ru
10.01.2024;TGMONAX.ru
10.01.2024;TGOSPODINOVA.ru
10.01.2024;TGSEND.ru
10.01.2024;THE-7.ru
10.01.2024;THE-INSTALLER.ru
10.01.2024;THECOURSES.ru
10.01.2024;THEDANCE-FLOOR.ru
10.01.2024;THEDIGITALSHADOW.ru
10.01.2024;THEFIVE-JK.ru
10.01.2024;THEGRINMANN.ru
10.01.2024;THEIR-CROWN.ru
10.01.2024;THEIR-CROWN24.ru
10.01.2024;THEMAILSENDS.ru
10.01.2024;THEMAPLEBAR.ru
10.01.2024;THEPIEDPIPER.ru
10.01.2024;THEPOIZON.ru
10.01.2024;THERAPYHOUSE.ru
10.01.2024;THERMO-CLOTHES.ru
10.01.2024;THERMO-CLOTHING.ru
10.01.2024;THESIZZLESPB.ru
10.01.2024;THISAUTO.ru
10.01.2024;THRIFTYTRENDS3.ru
10.01.2024;TIBEEV.ru
10.01.2024;TIFMA.ru
10.01.2024;TIKHIY-DON34.ru
10.01.2024;TIKTOKTERMINATOR.ru
10.01.2024;TILDAFOODBAR.ru
10.01.2024;TILS-4912.ru
10.01.2024;TIM-RAIL.ru
10.01.2024;TIMECODETEAM.ru
10.01.2024;TIMELEADER-RND.ru
10.01.2024;TIMERBETON16.ru
10.01.2024;TIMIRYAZEVKA.ru
10.01.2024;TINCLUSION.ru
10.01.2024;TINKOFFJUNIOR.ru
10.01.2024;TIPO-SLON.ru
10.01.2024;TIPS-3648.ru
10.01.2024;TISHKIN-PRO.ru
10.01.2024;TITAN-TRUCK.ru
10.01.2024;TKHNVHUB.ru
10.01.2024;TKS-TERMINAL.ru
10.01.2024;TLIPWORK.ru
10.01.2024;TLNKMK.ru
10.01.2024;TM-EC.ru
10.01.2024;TMEET.ru
10.01.2024;TMV-AL.ru
10.01.2024;TOKAREV-IVANKO.ru
10.01.2024;TOKSYBAEV.ru
10.01.2024;TOLIMANGROUP.ru
10.01.2024;TOLMACHPICTURES.ru
10.01.2024;TOLMACHTV.ru
10.01.2024;TOLSTOVABRAND.ru
10.01.2024;TOMATOSICK.ru
10.01.2024;TOMSK-KEDR.ru
10.01.2024;TONGSHIFU.ru
10.01.2024;TOP-EXCHANGE.ru
10.01.2024;TOP100VTOPE.ru
10.01.2024;TOP11NEIRONOK.ru
10.01.2024;TOPAGENCY-SPB.ru
10.01.2024;TOPAPPLE-NN.ru
10.01.2024;TOPBEAUTY2024.ru
10.01.2024;TOPMED-MARKETING.ru
10.01.2024;TOPTUTUZNAI.ru
10.01.2024;TOPVOROT45.ru
10.01.2024;TOPZVONOK.ru
10.01.2024;TORCHFUEL.ru
10.01.2024;TORGIATB.ru
10.01.2024;TORINASCHOOL.ru
10.01.2024;TOROPYNIN.ru
10.01.2024;TORY-CLUB.ru
10.01.2024;TOTAL-LOOK.ru
10.01.2024;TOTOCOTORU.ru
10.01.2024;TOUR-PHOTO.ru
10.01.2024;TOURISM27.ru
10.01.2024;TPANARINA.ru
10.01.2024;TPKIMPERYA.ru
10.01.2024;TRADE-FIN24.ru
10.01.2024;TRADECOAL.ru
10.01.2024;TRADEMARKETPRO.ru
10.01.2024;TRADEVL.ru
10.01.2024;TRAFFOCSIC2.ru
10.01.2024;TRANSINVESTPRM.ru
10.01.2024;TRANZITWB.ru
10.01.2024;TRAVEL-BINGO.ru
10.01.2024;TRAVEL-VARLAMOV.ru
10.01.2024;TRAVELATA-LUBERTSY.ru
10.01.2024;TRAVELGORIZONT.ru
10.01.2024;TRAVELTARGET5.ru
10.01.2024;TRAVELTECHTRENDS2.ru
10.01.2024;TRAVELVARLAMOV.ru
10.01.2024;TRILOGAN-RP.ru
10.01.2024;TRIMETRIX.ru
10.01.2024;TRIMEXTRADE.ru
10.01.2024;TRINKET-SHOP.ru
10.01.2024;TRITIXRU.ru
10.01.2024;TRIUMPHHR.ru
10.01.2024;TROPICANAS.ru
10.01.2024;TROSINDA.ru
10.01.2024;TROSTINA.ru
10.01.2024;TROUPES-BALLET.ru
10.01.2024;TROVS.ru
10.01.2024;TRUSTCARGO.ru
10.01.2024;TSARSTVONEPTUNA.ru
10.01.2024;TSHEETGOODF.ru
10.01.2024;TSHEETMEDSWISS.ru
10.01.2024;TSIPLYAEV.ru
10.01.2024;TSK-AVTODETAL.ru
10.01.2024;TSUM-MARKETING.ru
10.01.2024;TSUSY.ru
10.01.2024;TSVETCKOVA1961.ru
10.01.2024;TSVETOCHNITSA.ru
10.01.2024;TSYGANKOV-PRO.ru
10.01.2024;TT29.ru
10.01.2024;TTTGG.ru
10.01.2024;TUHBATOVA.ru
10.01.2024;TUKTAROVADK.ru
10.01.2024;TULA-RF.ru
10.01.2024;TUMANFF.ru
10.01.2024;TUNING-EXHAUST.ru
10.01.2024;TURBO-WHEELZ.ru
10.01.2024;TURDBURGER.ru
10.01.2024;TURIZM-365.ru
10.01.2024;TURKTV-LORDFILM.ru
10.01.2024;TURYNAKAVKAZHOH.ru
10.01.2024;TUTEM.ru
10.01.2024;TUVIKS.ru
10.01.2024;TV-SONY-SPB.ru
10.01.2024;TVOJPSIHOLOG.ru
10.01.2024;TVOYMANIK.ru
10.01.2024;TWO-STEP-BALET.ru
10.01.2024;TWOAP.ru
10.01.2024;TYAPLYAP23.ru
10.01.2024;TYT-CEMENA.ru
10.01.2024;TYUMEN-UCHCENTER.ru
10.01.2024;UAVEDU.ru
10.01.2024;UBRR-CARD.ru
10.01.2024;UCBLOKPOST.ru
10.01.2024;UCHETIPORYADOK.ru
10.01.2024;UESHIMAIKUOXOANG.ru
10.01.2024;UFOMAILS.ru
10.01.2024;UIO66.ru
10.01.2024;UK-AVILON.ru
10.01.2024;UK-MASTEROK.ru
10.01.2024;UKTAM.ru
10.01.2024;ULAN-UDE-DEVKI.ru
10.01.2024;ULAN-UDE-INDIVIDUALKA.ru
10.01.2024;ULAN-UDE-INDIVIDUALKI.ru
10.01.2024;ULYANASHAROVA.ru
10.01.2024;UMAREKAWARI.ru
10.01.2024;UMBRELLAANAPA.ru
10.01.2024;UMTSIK.ru
10.01.2024;UNCONTROLLED.ru
10.01.2024;UNDEFINEDTONI.ru
10.01.2024;UNI-PREMIERAUTO.ru
10.01.2024;UNISTROIVBG.ru
10.01.2024;UNITHUB.ru
10.01.2024;UNITSERVER.ru
10.01.2024;UNIVERSITATES.ru
10.01.2024;UNIXDB.ru
10.01.2024;UNTRACT.ru
10.01.2024;UPANDLEAD.ru
10.01.2024;UPMOVIE.ru
10.01.2024;UPPAYS.ru
10.01.2024;UR-ENERGO.ru
10.01.2024;URA-TOUR.ru
10.01.2024;URAL-AUTOIMPORT.ru
10.01.2024;URALMETALLSERVICE.ru
10.01.2024;URBANARTADS8.ru
10.01.2024;URBANCULTFEST.ru
10.01.2024;URBANECOADS4U.ru
10.01.2024;URIST-PRAV.ru
10.01.2024;URIST-PRAVA.ru
10.01.2024;URISTZAPRAVA.ru
10.01.2024;URSAGAMES.ru
10.01.2024;USADBAKRASNAYA.ru
10.01.2024;USERCOM-TEAM.ru
10.01.2024;USHARAEVA.ru
10.01.2024;USKOVA2024.ru
10.01.2024;USLANDO.ru
10.01.2024;USOFFOSTORE.ru
10.01.2024;USPEH2024.ru
10.01.2024;USPEH7.ru
10.01.2024;USTANOVKA-MEZHKOMNATNIH-DVEREI.ru
10.01.2024;USTANOVKAKONDITSIONERA.ru
10.01.2024;USTYAKIN.ru
10.01.2024;UXIO.ru
10.01.2024;UYTMARKET.ru
10.01.2024;UYUTPARK.ru
10.01.2024;UZHKURIS.ru
10.01.2024;UZNAI-VSETUT.ru
10.01.2024;V-CG.ru
10.01.2024;V-MMLAB.ru
10.01.2024;V-MOSKALEV.ru
10.01.2024;V-OBED.ru
10.01.2024;V789.ru
10.01.2024;VA-ADAEV.ru
10.01.2024;VABES.ru
10.01.2024;VACCATALOGUE.ru
10.01.2024;VAGANY.ru
10.01.2024;VAGONCHIK-BANYA.ru
10.01.2024;VALENTINAATOMY.ru
10.01.2024;VALENTINAHOME.ru
10.01.2024;VALERIPERMANENT.ru
10.01.2024;VALISHEV215.ru
10.01.2024;VALNOUT.ru
10.01.2024;VAM-ZAEMI.ru
10.01.2024;VAMIROVA.ru
10.01.2024;VANAVARA84.ru
10.01.2024;VANFUN.ru
10.01.2024;VANGOGJIV23.ru
10.01.2024;VANILLABOX.ru
10.01.2024;VANN-REST.ru
10.01.2024;VAPEBOOM.ru
10.01.2024;VAPEYOU.ru
10.01.2024;VAPTEKE1.ru
10.01.2024;VARIKOZRUSSIA.ru
10.01.2024;VARLAMOV-TRAVEL.ru
10.01.2024;VARLAMOVTRAVEL.ru
10.01.2024;VARME-OPT.ru
10.01.2024;VAROLS.ru
10.01.2024;VAROMANOFF.ru
10.01.2024;VARSHAVSKIE-MENU.ru
10.01.2024;VARVARA-MODEL.ru
10.01.2024;VASH-ORTO-SHOP.ru
10.01.2024;VASHDOMBITA.ru
10.01.2024;VASILY-STAROSTIN.ru
10.01.2024;VASKEEVA.ru
10.01.2024;VATAILOR.ru
10.01.2024;VAZZART.ru
10.01.2024;VBLYASHIN.ru
10.01.2024;VBOGART.ru
10.01.2024;VBUDAN.ru
10.01.2024;VCWEATHER.ru
10.01.2024;VDEDIKOV.ru
10.01.2024;VDEMKIN51.ru
10.01.2024;VDOVINA-TOP.ru
10.01.2024;VEDAPULSEKB.ru
10.01.2024;VEDYPROSTO.ru
10.01.2024;VEGANGURMAN.ru
10.01.2024;VENCIBLOG.ru
10.01.2024;VENSFIT.ru
10.01.2024;VENTILYACIYA51.ru
10.01.2024;VERA-ORLOVA.ru
10.01.2024;VERTIKAL-18.ru
10.01.2024;VESELOVA-WEDDING.ru
10.01.2024;VESNA-TECH.ru
10.01.2024;VESOBNA.ru
10.01.2024;VET-RITUAL-DOLGOPRUDNY.ru
10.01.2024;VEVSYUKOV.ru
10.01.2024;VEXVANILLA.ru
10.01.2024;VFOMINTSEV.ru
10.01.2024;VGM88.ru
10.01.2024;VGNO.ru
10.01.2024;VHARITONCHIK.ru
10.01.2024;VI-7.ru
10.01.2024;VI-CARD.ru
10.01.2024;VIBITSSEN.ru
10.01.2024;VIBITSTIT.ru
10.01.2024;VICSMI.ru
10.01.2024;VICTORZORIN.ru
10.01.2024;VICVIC.ru
10.01.2024;VIDMAIL.ru
10.01.2024;VIKTORIAATOMY.ru
10.01.2024;VIKTORIAHOLIDAY.ru
10.01.2024;VILMASTROY.ru
10.01.2024;VILVM.ru
10.01.2024;VIN-D.ru
10.01.2024;VINGORUS.ru
10.01.2024;VINGORUSS.ru
10.01.2024;VINODIVINO.ru
10.01.2024;VINTAGEVOGUE10.ru
10.01.2024;VINTSVAIPERM.ru
10.01.2024;VIP-ADS.ru
10.01.2024;VIP-DOMIKI.ru
10.01.2024;VIP-REM.ru
10.01.2024;VISHNEV-1.ru
10.01.2024;VISHNEWSKAIA.ru
10.01.2024;VISIONCREATE.ru
10.01.2024;VISIONPRO3.ru
10.01.2024;VISITSTAVROPOL.ru
10.01.2024;VISUAL-JOURNAL.ru
10.01.2024;VITALIYKOLOTEV.ru
10.01.2024;VITAMINBA.ru
10.01.2024;VITIAZ-OFFICE.ru
10.01.2024;VIVOZ-OTHODOV.ru
10.01.2024;VIVOZIM-MUSOR-V-MOSKVE.ru
10.01.2024;VIZITWEB.ru
10.01.2024;VK-ANTIBAN.ru
10.01.2024;VKKONKYRS2024.ru
10.01.2024;VKMODUS.ru
10.01.2024;VKUSNIYA.ru
10.01.2024;VLADISLAVOSTAPENKO.ru
10.01.2024;VLADKOTOV.ru
10.01.2024;VLASTELIN-KOLETS-LORDFILMS.ru
10.01.2024;VLASTELINKOLCA.ru
10.01.2024;VLATLAKI.ru
10.01.2024;VLDOS.ru
10.01.2024;VMESTE-MISHA.ru
10.01.2024;VMGALLERY.ru
10.01.2024;VMORGACHEV.ru
10.01.2024;VNEVROV.ru
10.01.2024;VNSANTEH.ru
10.01.2024;VODBGR.ru
10.01.2024;VODOVOROT-ACADEMIC.ru
10.01.2024;VOEVODINA71PRO-BIZ.ru
10.01.2024;VOGIMU.ru
10.01.2024;VOIDCOIN.ru
10.01.2024;VOKHMYANIN.ru
10.01.2024;VOLKOVASTORE.ru
10.01.2024;VOLNA-CASINO-LINE4.ru
10.01.2024;VOLNACASINO-GRAP16.ru
10.01.2024;VOLNACASINO-ONL6.ru
10.01.2024;VOLNACASINO-POD6.ru
10.01.2024;VOLNACASINO-RSW12.ru
10.01.2024;VOLNACASINO-RSW13.ru
10.01.2024;VOLNACASINO-ST3.ru
10.01.2024;VOLNAPRODUCTION.ru
10.01.2024;VOLODIN2036.ru
10.01.2024;VOLOGDA-INDIVIDUALKA.ru
10.01.2024;VOLTAPROM.ru
10.01.2024;VOODIASD4.ru
10.01.2024;VOPROSIKI-ZDES.ru
10.01.2024;VOPROSINFORM.ru
10.01.2024;VORKUTAAA.ru
10.01.2024;VOROZHEIIA.ru
10.01.2024;VOSTANOVLU-7.ru
10.01.2024;VOSTOKKAFE.ru
10.01.2024;VOSTOKPORT.ru
10.01.2024;VOTE-MYCHAMP.ru
10.01.2024;VOXACADEMY.ru
10.01.2024;VOXHALL-JK.ru
10.01.2024;VOZLEEVA.ru
10.01.2024;VP-AUTO.ru
10.01.2024;VPC-CONSULT-KOTT.ru
10.01.2024;VPIATKIN.ru
10.01.2024;VPN-006.ru
10.01.2024;VPNPROO100.ru
10.01.2024;VPORY.ru
10.01.2024;VPS-THIRTEEN.ru
10.01.2024;VRASKIN.ru
10.01.2024;VREMAPIVA.ru
10.01.2024;VREMYAPIVA.ru
10.01.2024;VS2024.ru
10.01.2024;VSDEVOPS.ru
10.01.2024;VSE-CHASTI-LORDFILM.ru
10.01.2024;VSE-PC.ru
10.01.2024;VSE-PRUZHINI.ru
10.01.2024;VSE-SHOW.ru
10.01.2024;VSEBANIGORODA.ru
10.01.2024;VSEPESENKI.ru
10.01.2024;VSEROSSIYSKOESOREVNOVANIE24.ru
10.01.2024;VSESVOE42.ru
10.01.2024;VSEVDESIGN.ru
10.01.2024;VSNAP.ru
10.01.2024;VSTERH.ru
10.01.2024;VSTRECHA18.ru
10.01.2024;VTB-000101.ru
10.01.2024;VTB24-LUXFROX.ru
10.01.2024;VTIMP.ru
10.01.2024;VTOROYDOMEN57.ru
10.01.2024;VTSYGANOVA.ru
10.01.2024;VULKANMAIL.ru
10.01.2024;VV324.ru
10.01.2024;VVNEUGODOVA.ru
10.01.2024;VYAZUNYA.ru
10.01.2024;VYGODABANK.ru
10.01.2024;VYGODAZAIM.ru
10.01.2024;VYKUP-KVARTIR-MOSKVA.ru
10.01.2024;VYKUPAEM-KNIGI.ru
10.01.2024;VYVOZ-GRUNTA77.ru
10.01.2024;W-PAANEEL.ru
10.01.2024;W1PNG.ru
10.01.2024;WABMAIL.ru
10.01.2024;WALLETRUB.ru
10.01.2024;WALUNA.ru
10.01.2024;WAOS-SOFT.ru
10.01.2024;WAPANELS.ru
10.01.2024;WAR-T.ru
10.01.2024;WARCACHE.ru
10.01.2024;WARMCONTACT.ru
10.01.2024;WAS-JA.ru
10.01.2024;WASTILOG.ru
10.01.2024;WATCHES-STORE.ru
10.01.2024;WATCHSPEC.ru
10.01.2024;WATMANAGER.ru
10.01.2024;WATREQ.ru
10.01.2024;WATSYUK.ru
10.01.2024;WAYCES.ru
10.01.2024;WAYLEPAY.ru
10.01.2024;WBATTLE.ru
10.01.2024;WCSITY.ru
10.01.2024;WCW-RU.ru
10.01.2024;WEB-HOSTINGI24.ru
10.01.2024;WEB-KAYQER.ru
10.01.2024;WEBHOSTING-INFO.ru
10.01.2024;WEBINARTIME.ru
10.01.2024;WEBRC.ru
10.01.2024;WEBSERVER-DEV.ru
10.01.2024;WEBTELEGRARN.ru
10.01.2024;WELL-MONITOR.ru
10.01.2024;WELL-SIDEMSK.ru
10.01.2024;WELLNESSADWEAR5.ru
10.01.2024;WELLSIDE-DELUXE.ru
10.01.2024;WELLSIDE-ELIT.ru
10.01.2024;WELLSIDE-MSK.ru
10.01.2024;WELLSIDE-SALE.ru
10.01.2024;WEPRICE.ru
10.01.2024;WEY-BORISHOF.ru
10.01.2024;WHATSAKK.ru
10.01.2024;WHATSARR.ru
10.01.2024;WHATSEPEN.ru
10.01.2024;WHATSW.ru
10.01.2024;WHITEPHOENIX-CHARITY.ru
10.01.2024;WHYPODG.ru
10.01.2024;WHYZ.ru
10.01.2024;WIFI-7.ru
10.01.2024;WILDBERRIES-B2B.ru
10.01.2024;WILDLEATHER.ru
10.01.2024;WILDWESTGOLDSLOT.ru
10.01.2024;WILL-ASSIST.ru
10.01.2024;WIREHUB.ru
10.01.2024;WIRELESS-FAN.ru
10.01.2024;WIRUTEX-INSTRUMENT.ru
10.01.2024;WIT333.ru
10.01.2024;WITCHER-2.ru
10.01.2024;WLTHR.ru
10.01.2024;WMANAGER.ru
10.01.2024;WMZBANK.ru
10.01.2024;WOBIS-MSK.ru
10.01.2024;WOO-FOREST.ru
10.01.2024;WOOIMPORT.ru
10.01.2024;WORKOUT72.ru
10.01.2024;WOWBALKON.ru
10.01.2024;WOWSHOWEVENT.ru
10.01.2024;WPORTED.ru
10.01.2024;WRYDGEE.ru
10.01.2024;WSLP.ru
10.01.2024;WWWANNABABBA.ru
10.01.2024;WWWMADINAFOODS.ru
10.01.2024;WWWWALLETRUB.ru
10.01.2024;X-CASINO-SITE.ru
10.01.2024;X-CASINO-SLOT.ru
10.01.2024;X-CASINO-SLOTS.ru
10.01.2024;X-CASINOX16.ru
10.01.2024;X-E-P.ru
10.01.2024;X-PRINTER.ru
10.01.2024;XARCHEV.ru
10.01.2024;XDOSUG-NIZHNIJ-TAGIL.ru
10.01.2024;XDOSUG-SARANSKA.ru
10.01.2024;XI-AOMI.ru
10.01.2024;XIAOMI-PARTS.ru
10.01.2024;XNDK.ru
10.01.2024;XNTWRK.ru
10.01.2024;XOJIAKBAR.ru
10.01.2024;XPLAY-CASINOX1000.ru
10.01.2024;XPLAY-CASINOX666.ru
10.01.2024;XRUSTARS.ru
10.01.2024;XSENIYAHEAL.ru
10.01.2024;XULIGAN2312.ru
10.01.2024;XWYZ.ru
10.01.2024;XYWH.ru
10.01.2024;YA-JOBS.ru
10.01.2024;YA-LIL-KARLIK.ru
10.01.2024;YA1985.ru
10.01.2024;YA4YRKA.ru
10.01.2024;YABLOKOVBLR.ru
10.01.2024;YACHTSPAIN.ru
10.01.2024;YAFII.ru
10.01.2024;YAGOD.ru
10.01.2024;YANAPERLOVA.ru
10.01.2024;YANDEEX-PAY.ru
10.01.2024;YANDELENA.ru
10.01.2024;YANDEX-CTT.ru
10.01.2024;YANDEX-LC.ru
10.01.2024;YANDEXRUSSIA.ru
10.01.2024;YARKOV-GAMES.ru
10.01.2024;YAROGOV.ru
10.01.2024;YASH04KA.ru
10.01.2024;YASHOW.ru
10.01.2024;YASNOGORSKYPROSTORY.ru
10.01.2024;YASOSTOYANIYA.ru
10.01.2024;YAXUESOS.ru
10.01.2024;YBOEVA.ru
10.01.2024;YELLO-INVEST.ru
10.01.2024;YELLOW-SITE.ru
10.01.2024;YELO-INVEST.ru
10.01.2024;YESEDOMENI.ru
10.01.2024;YESLIB.ru
10.01.2024;YESYESBRAND.ru
10.01.2024;YGADAY.ru
10.01.2024;YLO-INVEST.ru
10.01.2024;YLOINVEST.ru
10.01.2024;YOGA-FERMA.ru
10.01.2024;YOULA-TEAMS.ru
10.01.2024;YOULIBRARY.ru
10.01.2024;YOUR-LAWS.ru
10.01.2024;YOURREALTORMSK.ru
10.01.2024;YOURWAYCHINA.ru
10.01.2024;YPERFECT-FITNESS.ru
10.01.2024;YROZENBERG.ru
10.01.2024;YSAMOV.ru
10.01.2024;YSHIRYAEV.ru
10.01.2024;YTVIEWS.ru
10.01.2024;YUELAGIN.ru
10.01.2024;YULIAFOKINA.ru
10.01.2024;YULIAKARPOVA.ru
10.01.2024;YULISOD.ru
10.01.2024;YULIYAZAKHAROVA.ru
10.01.2024;YULM.ru
10.01.2024;YUMMY-CASE.ru
10.01.2024;YUMMYCASE.ru
10.01.2024;YURIST-IZI-54.ru
10.01.2024;YURIST-KONSULTACIYA-MSK1.ru
10.01.2024;YURIVOROBEV.ru
10.01.2024;YUSHKA.ru
10.01.2024;YUZHAKOV88.ru
10.01.2024;YZOZULYA.ru
10.01.2024;Z-TSENTR.ru
10.01.2024;Z1210.ru
10.01.2024;Z51597.ru
10.01.2024;ZA-GOLOS.ru
10.01.2024;ZA-GROSHI.ru
10.01.2024;ZA1MICHOK.ru
10.01.2024;ZAGIDULLINILDAR.ru
10.01.2024;ZAGOLOS.ru
10.01.2024;ZAGORODNAIAZHIZN.ru
10.01.2024;ZAGRUZCHIKBIGBEGOV.ru
10.01.2024;ZAHIDULLIN.ru
10.01.2024;ZAIKROY.ru
10.01.2024;ZAIM-KREO.ru
10.01.2024;ZAIMCASHH.ru
10.01.2024;ZAIMKB.ru
10.01.2024;ZAIMRF.ru
10.01.2024;ZAIMSELO.ru
10.01.2024;ZAITSEVS.ru
10.01.2024;ZAITSV.ru
10.01.2024;ZAJMON.ru
10.01.2024;ZAK52.ru
10.01.2024;ZAKAZ7373.ru
10.01.2024;ZAKHAROV-SA.ru
10.01.2024;ZAMENIT-OKNA.ru
10.01.2024;ZAP4A.ru
10.01.2024;ZAPCHASTI-SCANIA.ru
10.01.2024;ZAR-HOSTYURAK.ru
10.01.2024;ZASLIVKAMI.ru
10.01.2024;ZAVALAL28.ru
10.01.2024;ZAY4TSEV.ru
10.01.2024;ZCONTROL.ru
10.01.2024;ZDESZNAIMVSE.ru
10.01.2024;ZDOROVLAB.ru
10.01.2024;ZDOROVYEOKNA.ru
10.01.2024;ZDREVABYT.ru
10.01.2024;ZEBRADENGI.ru
10.01.2024;ZEEHO-OFFICIAL.ru
10.01.2024;ZEEHOO.ru
10.01.2024;ZEEHOOFFICIAL.ru
10.01.2024;ZEEHORUSSIA.ru
10.01.2024;ZEFIRBOUQUET.ru
10.01.2024;ZELENOV22.ru
10.01.2024;ZENADFASHION5.ru
10.01.2024;ZERKALO-CASINOX540.ru
10.01.2024;ZERKALO-STAKE.ru
10.01.2024;ZERKALOJOYCASINO9.ru
10.01.2024;ZEROLUCK.ru
10.01.2024;ZHARKOV66.ru
10.01.2024;ZHELEZHELP-PC.ru
10.01.2024;ZHIBAREV.ru
10.01.2024;ZHIVMAR.ru
10.01.2024;ZHIVOVR.ru
10.01.2024;ZHUKOV-VU.ru
10.01.2024;ZHZARUBINA.ru
10.01.2024;ZIATOL.ru
10.01.2024;ZIMBULYA.ru
10.01.2024;ZIPASHOP.ru
10.01.2024;ZIUZINA.ru
10.01.2024;ZIXUAN.ru
10.01.2024;ZJIOUEHOT.ru
10.01.2024;ZLATA-T.ru
10.01.2024;ZOLELE.ru
10.01.2024;ZOLOLYES.ru
10.01.2024;ZONA-KOMFORTA-3.ru
10.01.2024;ZONAKOMFORTA3.ru
10.01.2024;ZONES-CASINO2.ru
10.01.2024;ZOOMAGAZIN-NOSIKI.ru
10.01.2024;ZOOMWEB.ru
10.01.2024;ZOVLA.ru
10.01.2024;ZOYEJEWELRY.ru
10.01.2024;ZOZH365.ru
10.01.2024;ZUBERMAN.ru
10.01.2024;ZUBR-IRKUTSK.ru
10.01.2024;ZUFAPIXEL.ru
10.01.2024;ZVPJ-7.ru
10.01.2024;ZVZ5.ru
10.01.2024;ZYEVOHELP-PC.ru
10.01.2024;ZZXZ.ru
