дата;домен;
2024-01-01;01022024.ru;
2024-01-01;0188.ru;
2024-01-01;02022024.ru;
2024-01-01;03022024.ru;
2024-01-01;03NK.ru;
2024-01-01;04022024.ru;
2024-01-01;04081984.ru;
2024-01-01;05022024.ru;
2024-01-01;06022024.ru;
2024-01-01;07022024.ru;
2024-01-01;08022024.ru;
2024-01-01;09022024.ru;
2024-01-01;1-ALCO.ru;
2024-01-01;1-ALKO.ru;
2024-01-01;1-DENT.ru;
2024-01-01;1-GRAD.ru;
2024-01-01;1-HOUSE.ru;
2024-01-01;1-LEKARSTVA.ru;
2024-01-01;1-ROS.ru;
2024-01-01;10-RUBLEJ.ru;
2024-01-01;1000MUSIC.ru;
2024-01-01;10022024.ru;
2024-01-01;100ECO.ru;
2024-01-01;101TEPLICA.ru;
2024-01-01;108DESIGN.ru;
2024-01-01;11022024.ru;
2024-01-01;12-KRESEL.ru;
2024-01-01;12022024.ru;
2024-01-01;13022024.ru;
2024-01-01;14022024.ru;
2024-01-01;15022024.ru;
2024-01-01;16022024.ru;
2024-01-01;17022024.ru;
2024-01-01;18022024.ru;
2024-01-01;19022024.ru;
2024-01-01;1967SEREGA.ru;
2024-01-01;19851130.ru;
2024-01-01;1ALKO.ru;
2024-01-01;1AUTOBUS.ru;
2024-01-01;1CEMENT.ru;
2024-01-01;1LEKARSTVA.ru;
2024-01-01;2-HANDS.ru;
2024-01-01;20022024.ru;
2024-01-01;2022328.ru;
2024-01-01;2025NG.ru;
2024-01-01;2025NY.ru;
2024-01-01;2026YEAR.ru;
2024-01-01;21022024.ru;
2024-01-01;22022024.ru;
2024-01-01;226684.ru;
2024-01-01;23022024.ru;
2024-01-01;24022024.ru;
2024-01-01;2461087.ru;
2024-01-01;24BYTOVKA.ru;
2024-01-01;24GOLD-MSK.ru;
2024-01-01;24INN.ru;
2024-01-01;24PROGRESS.ru;
2024-01-01;25022024.ru;
2024-01-01;26022024.ru;
2024-01-01;27022024.ru;
2024-01-01;28022024.ru;
2024-01-01;29022024.ru;
2024-01-01;2NAZEMNOV.ru;
2024-01-01;2SUMKI.ru;
2024-01-01;3DMIG.ru;
2024-01-01;4BITCOINS.ru;
2024-01-01;4ELECTRIC.ru;
2024-01-01;500505.ru;
2024-01-01;50BETON.ru;
2024-01-01;555METROV.ru;
2024-01-01;5DOC.ru;
2024-01-01;5DOK.ru;
2024-01-01;5GPLUS.ru;
2024-01-01;5MSK.ru;
2024-01-01;79120404444.ru;
2024-01-01;79151909595.ru;
2024-01-01;7OUT.ru;
2024-01-01;8MZ.ru;
2024-01-01;8SHKOLA.ru;
2024-01-01;9-16.ru;
2024-01-01;9MSK.ru;
2024-01-01;9SUN.ru;
2024-01-01;A-MAKE.ru;
2024-01-01;A-ZERO.ru;
2024-01-01;A1OKNA.ru;
2024-01-01;A1SPORT.ru;
2024-01-01;A1TELECOM.ru;
2024-01-01;A6XA3.ru;
2024-01-01;A8ARYSHEV.ru;
2024-01-01;AABOLDYREV.ru;
2024-01-01;AAFB.ru;
2024-01-01;AAKF.ru;
2024-01-01;AAKOPDZHANOVA.ru;
2024-01-01;AALD.ru;
2024-01-01;AALN.ru;
2024-01-01;AALR.ru;
2024-01-01;AALU.ru;
2024-01-01;AANL.ru;
2024-01-01;AARL.ru;
2024-01-01;ABAHTIMOV.ru;
2024-01-01;ABAKLASHKIN.ru;
2024-01-01;ABARYSHNIKOVA.ru;
2024-01-01;ABC-HOUSE.ru;
2024-01-01;ABC-WATER.ru;
2024-01-01;ABCWATER.ru;
2024-01-01;ABELMANOVSKAYA.ru;
2024-01-01;ABGL.ru;
2024-01-01;ABIGUS.ru;
2024-01-01;ABKHAZIA24.ru;
2024-01-01;ABLF.ru;
2024-01-01;ABNL.ru;
2024-01-01;ABOUTAGE.ru;
2024-01-01;ABOUTPURCHASE.ru;
2024-01-01;ABOUTTENDERS.ru;
2024-01-01;ABOUTWIN.ru;
2024-01-01;ABRAMTSEVSKAYA.ru;
2024-01-01;ABRIKOSOVSKIY.ru;
2024-01-01;ABUTROVA.ru;
2024-01-01;ABYW.ru;
2024-01-01;ACADEMIKINN.ru;
2024-01-01;ACADEMYLAB.ru;
2024-01-01;ACCESSGATE.ru;
2024-01-01;ACCOUNTSTEAM.ru;
2024-01-01;ACRICH.ru;
2024-01-01;ACRL.ru;
2024-01-01;ACROMA.ru;
2024-01-01;ACROMIN.ru;
2024-01-01;ACTIONBOT.ru;
2024-01-01;ACTIONCULTURE.ru;
2024-01-01;ACTIONLIGA.ru;
2024-01-01;ACTIPAY.ru;
2024-01-01;ACTIPHARM.ru;
2024-01-01;ACTIPLAY.ru;
2024-01-01;ACTIVEDREAMS.ru;
2024-01-01;ACTIVELOT.ru;
2024-01-01;ACTIVEPAGE.ru;
2024-01-01;ACTIVISOR.ru;
2024-01-01;ACTIWISE.ru;
2024-01-01;ACTIWOMEN.ru;
2024-01-01;ACTUMLMC.ru;
2024-01-01;ACUARIOS.ru;
2024-01-01;ADBU.ru;
2024-01-01;ADDGREEN.ru;
2024-01-01;ADENISENKOV.ru;
2024-01-01;ADIRUS.ru;
2024-01-01;ADLD.ru;
2024-01-01;ADLERAUTO.ru;
2024-01-01;ADLL.ru;
2024-01-01;ADMBUNKOVO.ru;
2024-01-01;ADMINV.ru;
2024-01-01;ADMONT.ru;
2024-01-01;ADNFTI.ru;
2024-01-01;ADORIN.ru;
2024-01-01;ADREALITY.ru;
2024-01-01;ADSPEED.ru;
2024-01-01;ADUA.ru;
2024-01-01;ADULT-LIFE.ru;
2024-01-01;ADULTSEO.ru;
2024-01-01;ADURKIN.ru;
2024-01-01;ADUTOV.ru;
2024-01-01;ADVACASH.ru;
2024-01-01;ADVOCATV.ru;
2024-01-01;ADVOKAT-JURIST.ru;
2024-01-01;AECU.ru;
2024-01-01;AEIL.ru;
2024-01-01;AEKG.ru;
2024-01-01;AEKU.ru;
2024-01-01;AELD.ru;
2024-01-01;AELN.ru;
2024-01-01;AELR.ru;
2024-01-01;AELU.ru;
2024-01-01;AEML.ru;
2024-01-01;AEMU.ru;
2024-01-01;AENL.ru;
2024-01-01;AENU.ru;
2024-01-01;AEROISK.ru;
2024-01-01;AEROSPEED.ru;
2024-01-01;AEROSTATE.ru;
2024-01-01;AEROTRUBY.ru;
2024-01-01;AEROVITAL.ru;
2024-01-01;AEROVIZIT.ru;
2024-01-01;AESKENDEROV.ru;
2024-01-01;AEZU.ru;
2024-01-01;AFDG.ru;
2024-01-01;AFETOV.ru;
2024-01-01;AFFIKO.ru;
2024-01-01;AFFIX-SPORTS.ru;
2024-01-01;AFINOV.ru;
2024-01-01;AFONIN-EGOR.ru;
2024-01-01;AFONOV.ru;
2024-01-01;AFRICANSHOP.ru;
2024-01-01;AFRODEZIAK.ru;
2024-01-01;AFVPN.ru;
2024-01-01;AGANICE.ru;
2024-01-01;AGEAI.ru;
2024-01-01;AGELABS.ru;
2024-01-01;AGENSTVOILLUSTRATOR.ru;
2024-01-01;AGENTGO.ru;
2024-01-01;AGESIL.ru;
2024-01-01;AGFABASF.ru;
2024-01-01;AGFV.ru;
2024-01-01;AGGB.ru;
2024-01-01;AGGL.ru;
2024-01-01;AGGT.ru;
2024-01-01;AGILEDESIGN.ru;
2024-01-01;AGILERA.ru;
2024-01-01;AGILITYLIFE.ru;
2024-01-01;AGLOMERACIJA.ru;
2024-01-01;AGNIEV.ru;
2024-01-01;AGNIO.ru;
2024-01-01;AGNTSEV.ru;
2024-01-01;AGR-AUTOMOTIVE.ru;
2024-01-01;AGR-NN.ru;
2024-01-01;AGR-SERVIS.ru;
2024-01-01;AGRAUTOMOTIVE.ru;
2024-01-01;AGRNN.ru;
2024-01-01;AGROASIA.ru;
2024-01-01;AGRONOMDATA.ru;
2024-01-01;AGROSAFETY.ru;
2024-01-01;AGROTECHNOFF.ru;
2024-01-01;AGROYAN.ru;
2024-01-01;AGRSERVIS.ru;
2024-01-01;AHAPOV.ru;
2024-01-01;AHASH.ru;
2024-01-01;AHHS.ru;
2024-01-01;AHLG.ru;
2024-01-01;AHPG.ru;
2024-01-01;AHSG.ru;
2024-01-01;AHVG.ru;
2024-01-01;AHZU.ru;
2024-01-01;AIKEYS.ru;
2024-01-01;AIKQ.ru;
2024-01-01;AILN.ru;
2024-01-01;AIR-K.ru;
2024-01-01;AIRBAG-STUDIO.ru;
2024-01-01;AIRBURN.ru;
2024-01-01;AIRBUX.ru;
2024-01-01;AIRHOOD.ru;
2024-01-01;AIRID.ru;
2024-01-01;AIRJACK.ru;
2024-01-01;AIRJOBS.ru;
2024-01-01;AIRLASKA.ru;
2024-01-01;AISTRESIDENCE.ru;
2024-01-01;AITEAMCHATBOT.ru;
2024-01-01;AKADEMIKI-NN.ru;
2024-01-01;AKADEMIKINN.ru;
2024-01-01;AKADEMSEMA.ru;
2024-01-01;AKCENTSTROY.ru;
2024-01-01;AKINKA.ru;
2024-01-01;AKIZHAN.ru;
2024-01-01;AKKUMLOM.ru;
2024-01-01;AKMETEST.ru;
2024-01-01;AKNOV.ru;
2024-01-01;AKPP-NNOV.ru;
2024-01-01;AKRION.ru;
2024-01-01;AKSBR.ru;
2024-01-01;AKTIFIT.ru;
2024-01-01;AKTIV31.ru;
2024-01-01;AKTIVATION.ru;
2024-01-01;AKTIVIRUS.ru;
2024-01-01;AKTUALITY.ru;
2024-01-01;AKTZ.ru;
2024-01-01;AKUNEEVA.ru;
2024-01-01;AKVADOSKA.ru;
2024-01-01;AKXG.ru;
2024-01-01;ALABYANA.ru;
2024-01-01;ALADOV.ru;
2024-01-01;ALANTIC.ru;
2024-01-01;ALANTOUR.ru;
2024-01-01;ALATOV.ru;
2024-01-01;ALBUREZ.ru;
2024-01-01;ALCO-1.ru;
2024-01-01;ALCO-X.ru;
2024-01-01;ALCOEXPRESS24.ru;
2024-01-01;ALCOLAVCA.ru;
2024-01-01;ALCOX.ru;
2024-01-01;ALEBAGROUP.ru;
2024-01-01;ALECTRO.ru;
2024-01-01;ALEKMART.ru;
2024-01-01;ALEKSANDRGERASIMOV.ru;
2024-01-01;ALEKSDIRECTORM.ru;
2024-01-01;ALEKSEJSHVETSOV.ru;
2024-01-01;ALELIUNAS.ru;
2024-01-01;ALEPARK.ru;
2024-01-01;ALEPHSOFT.ru;
2024-01-01;ALESHENKOVA.ru;
2024-01-01;ALEX-OSIPOV.ru;
2024-01-01;ALEXANDERNIKIFOROV.ru;
2024-01-01;ALEXANDROVKINO.ru;
2024-01-01;ALEXDORF.ru;
2024-01-01;ALEXEY-Z.ru;
2024-01-01;ALEXJUSTPHOTO.ru;
2024-01-01;ALEXPHARM.ru;
2024-01-01;ALEXSANDRIA.ru;
2024-01-01;ALEXXXX057.ru;
2024-01-01;ALEZ3000.ru;
2024-01-01;ALFADIREKT.ru;
2024-01-01;ALFALINER.ru;
2024-01-01;ALFARECORD.ru;
2024-01-01;ALFARING.ru;
2024-01-01;ALFARUST.ru;
2024-01-01;ALFASD.ru;
2024-01-01;ALGAEC.ru;
2024-01-01;ALGOBIT.ru;
2024-01-01;ALGOCAFE.ru;
2024-01-01;ALGOKING.ru;
2024-01-01;ALIBERTI.ru;
2024-01-01;ALIDOV.ru;
2024-01-01;ALIENGEAR.ru;
2024-01-01;ALIKABORISOVA.ru;
2024-01-01;ALIORBANK.ru;
2024-01-01;ALITRA.ru;
2024-01-01;ALKO-1.ru;
2024-01-01;ALKO-TOP.ru;
2024-01-01;ALKO-X.ru;
2024-01-01;ALKO1.ru;
2024-01-01;ALKOMIG66-88.ru;
2024-01-01;ALKOX.ru;
2024-01-01;ALLGRAM.ru;
2024-01-01;ALLINSALES.ru;
2024-01-01;ALLISSON.ru;
2024-01-01;ALLKADASTR.ru;
2024-01-01;ALLLEARNING.ru;
2024-01-01;ALLMETIZ-NN.ru;
2024-01-01;ALLUMPROF.ru;
2024-01-01;ALLUMTECH.ru;
2024-01-01;ALLUMTRADE.ru;
2024-01-01;ALLWEBPROMOTION.ru;
2024-01-01;ALLZAVOD.ru;
2024-01-01;ALMAGAMA.ru;
2024-01-01;ALMAVERDE.ru;
2024-01-01;ALMAZ-COMPANY.ru;
2024-01-01;ALMAZTPK.ru;
2024-01-01;ALNL.ru;
2024-01-01;ALOBIN.ru;
2024-01-01;ALPKLUB.ru;
2024-01-01;ALQL.ru;
2024-01-01;ALRD.ru;
2024-01-01;ALRR.ru;
2024-01-01;ALTAIMAUNTIN.ru;
2024-01-01;ALTAWASOL-GROUP.ru;
2024-01-01;ALTAYVOD.ru;
2024-01-01;ALTENBERG.ru;
2024-01-01;ALTERTUM.ru;
2024-01-01;ALTSOUND.ru;
2024-01-01;ALTUFEVSKOE.ru;
2024-01-01;ALTUFIEVSKOE.ru;
2024-01-01;ALTUSMED.ru;
2024-01-01;ALTVOYAGE.ru;
2024-01-01;ALUEV.ru;
2024-01-01;ALUMPROFF.ru;
2024-01-01;ALWAYSCARE.ru;
2024-01-01;AMANANNIKOV.ru;
2024-01-01;AMATISOUND.ru;
2024-01-01;AMAZINGS.ru;
2024-01-01;AMAZINGTALKER.ru;
2024-01-01;AMAZONIC.ru;
2024-01-01;AMBROK.ru;
2024-01-01;AMBULATORNY.ru;
2024-01-01;AMDANILKIN.ru;
2024-01-01;AMEDIO.ru;
2024-01-01;AMEGASHOP.ru;
2024-01-01;AMENIN.ru;
2024-01-01;AMERIGO29.ru;
2024-01-01;AMGAUTO.ru;
2024-01-01;AMILEEV.ru;
2024-01-01;AMINEVSKOE.ru;
2024-01-01;AMINIEVSKOE.ru;
2024-01-01;AMIREV.ru;
2024-01-01;AMITIZA.ru;
2024-01-01;AMLN.ru;
2024-01-01;AMMF.ru;
2024-01-01;AMMSTUFF.ru;
2024-01-01;AMNL.ru;
2024-01-01;AMPEK.ru;
2024-01-01;AMPERIVOLT.ru;
2024-01-01;AMPLAST.ru;
2024-01-01;AMUKOV.ru;
2024-01-01;AMURLIT.ru;
2024-01-01;AMUSOV.ru;
2024-01-01;ANADYRSKIY.ru;
2024-01-01;ANADYRSKY.ru;
2024-01-01;ANAGREEN.ru;
2024-01-01;ANAHOV.ru;
2024-01-01;ANAHOVA.ru;
2024-01-01;ANALOV.ru;
2024-01-01;ANALYTICSDAY.ru;
2024-01-01;ANASTASIA-PALAMARCHUK.ru;
2024-01-01;ANATOMYBEAUTY.ru;
2024-01-01;ANDEF.ru;
2024-01-01;ANDREANNA.ru;
2024-01-01;ANDREPAIRPRO.ru;
2024-01-01;ANDWAY.ru;
2024-01-01;ANDYCORE.ru;
2024-01-01;ANERT.ru;
2024-01-01;ANETAZHI.ru;
2024-01-01;ANGAR-SERVICE.ru;
2024-01-01;ANGARV.ru;
2024-01-01;ANGELBUKET.ru;
2024-01-01;ANGELFLEUR.ru;
2024-01-01;ANGRYBB.ru;
2024-01-01;ANHB.ru;
2024-01-01;ANIGRIF.ru;
2024-01-01;ANIMEMAN.ru;
2024-01-01;ANIMEMAX.ru;
2024-01-01;ANIMPERIA.ru;
2024-01-01;ANISHENKOV.ru;
2024-01-01;ANLL.ru;
2024-01-01;ANLN.ru;
2024-01-01;ANLR.ru;
2024-01-01;ANNL.ru;
2024-01-01;ANNV.ru;
2024-01-01;ANO-DPZN-PRAVO.ru;
2024-01-01;ANOMALITY.ru;
2024-01-01;ANONIMAZER.ru;
2024-01-01;ANONIST.ru;
2024-01-01;ANONOVA.ru;
2024-01-01;ANONSIM.ru;
2024-01-01;ANOSHENKOV.ru;
2024-01-01;ANOTHER-SHOP.ru;
2024-01-01;ANOTREK.ru;
2024-01-01;ANOXIDENT.ru;
2024-01-01;ANTBAGROV.ru;
2024-01-01;ANTIFLAG.ru;
2024-01-01;ANTIGIPERTONIK.ru;
2024-01-01;ANTIGRIBOK.ru;
2024-01-01;ANTILINK.ru;
2024-01-01;ANTIMOROZ.ru;
2024-01-01;ANTIPATIK.ru;
2024-01-01;ANTIPENKOVA.ru;
2024-01-01;ANTIPIGMENT.ru;
2024-01-01;ANTIQUER.ru;
2024-01-01;ANTISEKTA.ru;
2024-01-01;ANTISEMITE.ru;
2024-01-01;ANTISITE.ru;
2024-01-01;ANTOK.ru;
2024-01-01;ANTON-MARTYNENKO.ru;
2024-01-01;ANTONEVGRAFOV.ru;
2024-01-01;ANTONIOLI.ru;
2024-01-01;ANTONOVDI89.ru;
2024-01-01;ANTONOVPRO.ru;
2024-01-01;ANYLIKE.ru;
2024-01-01;ANYOPTION.ru;
2024-01-01;AOCU.ru;
2024-01-01;AODL.ru;
2024-01-01;AOKBIMPULS.ru;
2024-01-01;AOLU.ru;
2024-01-01;AOZU.ru;
2024-01-01;APALEV.ru;
2024-01-01;APECRYPTO.ru;
2024-01-01;APELSIM.ru;
2024-01-01;APENIN.ru;
2024-01-01;APERETIV.ru;
2024-01-01;APEXCRYPTO.ru;
2024-01-01;APEXO.ru;
2024-01-01;APIFONICA.ru;
2024-01-01;APILEAD.ru;
2024-01-01;APLIKACIA.ru;
2024-01-01;APOLEV.ru;
2024-01-01;APOLLONSAKH.ru;
2024-01-01;APPCONT.ru;
2024-01-01;APPLENPERRY.ru;
2024-01-01;APPLIE.ru;
2024-01-01;APPOINTED.ru;
2024-01-01;APPSELECT.ru;
2024-01-01;APPSLABS.ru;
2024-01-01;APPUSER.ru;
2024-01-01;APPWRITE.ru;
2024-01-01;APRTMESPB.ru;
2024-01-01;APTEKAO.ru;
2024-01-01;APTEKAU.ru;
2024-01-01;AQUA-ENGINEER.ru;
2024-01-01;AQUABEE.ru;
2024-01-01;AQUADESMO.ru;
2024-01-01;AQUADRIVER.ru;
2024-01-01;AQUALETTO.ru;
2024-01-01;AQUALINKS.ru;
2024-01-01;AQUATEPLOSTROY.ru;
2024-01-01;AQUAWALLET.ru;
2024-01-01;AQUELIA.ru;
2024-01-01;AQVR.ru;
2024-01-01;AR152.ru;
2024-01-01;ARAOKE.ru;
2024-01-01;ARAZAT.ru;
2024-01-01;ARBAGAR.ru;
2024-01-01;ARBALANCE.ru;
2024-01-01;ARBETON.ru;
2024-01-01;ARBORMASTER.ru;
2024-01-01;ARBUSIK.ru;
2024-01-01;ARCANA-EVENT.ru;
2024-01-01;ARCHAVIN.ru;
2024-01-01;ARCHPOLIS.ru;
2024-01-01;ARCTIKUM.ru;
2024-01-01;ARDAEV.ru;
2024-01-01;ARDICOM.ru;
2024-01-01;ARENDA-EXKAVATORA.ru;
2024-01-01;ARENDA-MINIPOGRUZCHIKA.ru;
2024-01-01;ARENDA-TECHNIKI.ru;
2024-01-01;ARENDAMANIPULATOR.ru;
2024-01-01;ARESTON.ru;
2024-01-01;ARETIN.ru;
2024-01-01;ARGOSREFINERY.ru;
2024-01-01;ARGUNI.ru;
2024-01-01;ARIFMETIKANN.ru;
2024-01-01;ARINOX.ru;
2024-01-01;ARIOST.ru;
2024-01-01;ARLD.ru;
2024-01-01;ARLL.ru;
2024-01-01;ARLR.ru;
2024-01-01;ARMAKOMRUS.ru;
2024-01-01;ARMDEK2.ru;
2024-01-01;ARMFIX.ru;
2024-01-01;ARMINO.ru;
2024-01-01;ARMORAMA.ru;
2024-01-01;ARMOURBOOK.ru;
2024-01-01;ARMYDO.ru;
2024-01-01;AROCODE.ru;
2024-01-01;AROMASTRANA.ru;
2024-01-01;ARSLOGISTIC.ru;
2024-01-01;ART-CONSTRUCTION.ru;
2024-01-01;ART-DEZIGN.ru;
2024-01-01;ART-HOLL.ru;
2024-01-01;ART-MAKE.ru;
2024-01-01;ART-TRADING.ru;
2024-01-01;ART-Y.ru;
2024-01-01;ARTCIRC.ru;
2024-01-01;ARTDECORO.ru;
2024-01-01;ARTDESING.ru;
2024-01-01;ARTDSG.ru;
2024-01-01;ARTELESPB.ru;
2024-01-01;ARTELGIOTTO.ru;
2024-01-01;ARTELON.ru;
2024-01-01;ARTELWEB.ru;
2024-01-01;ARTEMGUDKOV.ru;
2024-01-01;ARTFONIKA.ru;
2024-01-01;ARTGRES.ru;
2024-01-01;ARTMAXIMA.ru;
2024-01-01;ARTOPERATOR.ru;
2024-01-01;ARTPLAYER.ru;
2024-01-01;ARTRITY.ru;
2024-01-01;ARTRY.ru;
2024-01-01;ARTS-MAN.ru;
2024-01-01;ARTSMAN.ru;
2024-01-01;ARTVETER59.ru;
2024-01-01;ARTVISION-SAMARA.ru;
2024-01-01;ARZ-CISCO.ru;
2024-01-01;ARZAMATOV.ru;
2024-01-01;AS-MO.ru;
2024-01-01;ASEPTOLUX.ru;
2024-01-01;ASHENSKY.ru;
2024-01-01;ASHEULOV.ru;
2024-01-01;ASICLAB.ru;
2024-01-01;ASININ.ru;
2024-01-01;ASKORO.ru;
2024-01-01;ASLI-AYAT.ru;
2024-01-01;ASMTC.ru;
2024-01-01;ASOFEVA.ru;
2024-01-01;ASOKIN.ru;
2024-01-01;ASPCLOUD.ru;
2024-01-01;ASSETATLAS.ru;
2024-01-01;ASSEV.ru;
2024-01-01;ASTAPENKOVA.ru;
2024-01-01;ASTAVISTA.ru;
2024-01-01;ASTELLAS-PHARMA.ru;
2024-01-01;ASTERBIO.ru;
2024-01-01;ASTERLINK.ru;
2024-01-01;ASTRA-CLEANING.ru;
2024-01-01;ASTRACHAN.ru;
2024-01-01;ASTRAGOROD.ru;
2024-01-01;ASTRAHANCEV.ru;
2024-01-01;ASTRALBOT.ru;
2024-01-01;ASTRANOMIA.ru;
2024-01-01;ASTRASTEP.ru;
2024-01-01;ASTRODIETA.ru;
2024-01-01;ASTROFORM.ru;
2024-01-01;ASTROGON.ru;
2024-01-01;ASTRON100.ru;
2024-01-01;ASV-RC.ru;
2024-01-01;ASZE.ru;
2024-01-01;ATANOVA.ru;
2024-01-01;ATELERI.ru;
2024-01-01;ATLANTIC-INC.ru;
2024-01-01;ATLASLIFE.ru;
2024-01-01;ATMGK.ru;
2024-01-01;ATMOSFERAYUTA.ru;
2024-01-01;ATOMWAY.ru;
2024-01-01;ATOPOV.ru;
2024-01-01;ATSIGANOFF.ru;
2024-01-01;ATTACKPROOF.ru;
2024-01-01;ATTB.ru;
2024-01-01;ATXM.ru;
2024-01-01;AUAC.ru;
2024-01-01;AUDG.ru;
2024-01-01;AUDIOSOUL.ru;
2024-01-01;AUDIT-1.ru;
2024-01-01;AUMU.ru;
2024-01-01;AUNU.ru;
2024-01-01;AUPC.ru;
2024-01-01;AURORA-ONLINE54.ru;
2024-01-01;AURORA54.ru;
2024-01-01;AURORAONLINE54.ru;
2024-01-01;AURUM54.ru;
2024-01-01;AUSLOGIC.ru;
2024-01-01;AUSPORT.ru;
2024-01-01;AUTERA.ru;
2024-01-01;AUTHORSHIP.ru;
2024-01-01;AUTIK.ru;
2024-01-01;AUTO-EXPERTIZ.ru;
2024-01-01;AUTO-LOT.ru;
2024-01-01;AUTO-MOB.ru;
2024-01-01;AUTO-PASS.ru;
2024-01-01;AUTO-REKLAMA.ru;
2024-01-01;AUTO-USED.ru;
2024-01-01;AUTOBANNN.ru;
2024-01-01;AUTOBLANK.ru;
2024-01-01;AUTODOBOR.ru;
2024-01-01;AUTODRIVEPLUS.ru;
2024-01-01;AUTOED.ru;
2024-01-01;AUTOEROTIC.ru;
2024-01-01;AUTOGINES.ru;
2024-01-01;AUTOGLASS-NN.ru;
2024-01-01;AUTOGLASSNN.ru;
2024-01-01;AUTOHAYK.ru;
2024-01-01;AUTOHEART.ru;
2024-01-01;AUTOHOLDER.ru;
2024-01-01;AUTOKEN.ru;
2024-01-01;AUTOKOS.ru;
2024-01-01;AUTOLIVING.ru;
2024-01-01;AUTOMATICK.ru;
2024-01-01;AUTOMINE.ru;
2024-01-01;AUTOMOBILA.ru;
2024-01-01;AUTONAT.ru;
2024-01-01;AUTOPECH.ru;
2024-01-01;AUTOPODBORSCHOOL.ru;
2024-01-01;AUTOPROSHIVKA.ru;
2024-01-01;AUTOREMNI.ru;
2024-01-01;AUTORIZE.ru;
2024-01-01;AUTORUBKA.ru;
2024-01-01;AUTOSCOOP.ru;
2024-01-01;AUTOSEA.ru;
2024-01-01;AUTOSKAUT.ru;
2024-01-01;AUTOSORB.ru;
2024-01-01;AUTOTIK.ru;
2024-01-01;AUTOTRAVELNN.ru;
2024-01-01;AUTOTROFI.ru;
2024-01-01;AUTOTRUNK.ru;
2024-01-01;AUTOUKA.ru;
2024-01-01;AUTOVIKO.ru;
2024-01-01;AUTOVISUAL.ru;
2024-01-01;AUTOVOZIK.ru;
2024-01-01;AUTOWIND.ru;
2024-01-01;AUTOZIL.ru;
2024-01-01;AUUC.ru;
2024-01-01;AUVERS.ru;
2024-01-01;AUVU.ru;
2024-01-01;AV-TRANS.ru;
2024-01-01;AVALENTINE.ru;
2024-01-01;AVANGARDNAYA.ru;
2024-01-01;AVANGER.ru;
2024-01-01;AVANIK.ru;
2024-01-01;AVANQUEST.ru;
2024-01-01;AVANZANDO.ru;
2024-01-01;AVEDIK.ru;
2024-01-01;AVENEWS.ru;
2024-01-01;AVEOVA.ru;
2024-01-01;AVERTY.ru;
2024-01-01;AVERYUGIN.ru;
2024-01-01;AVIA-UNITS.ru;
2024-01-01;AVIANORMAL.ru;
2024-01-01;AVIASATES.ru;
2024-01-01;AVIATECHNICS.ru;
2024-01-01;AVIATSIONNAYA.ru;
2024-01-01;AVIAUNITS.ru;
2024-01-01;AVINOV.ru;
2024-01-01;AVISTERRA.ru;
2024-01-01;AVKAP.ru;
2024-01-01;AVKOL.ru;
2024-01-01;AVLOV.ru;
2024-01-01;AVOCADOGREEN.ru;
2024-01-01;AVONGARD.ru;
2024-01-01;AVOROV.ru;
2024-01-01;AVOTEAM.ru;
2024-01-01;AVPSERVICE.ru;
2024-01-01;AVSOV.ru;
2024-01-01;AVTAMONOVA.ru;
2024-01-01;AVTAVTO.ru;
2024-01-01;AVTO-IN.ru;
2024-01-01;AVTO109.ru;
2024-01-01;AVTOBELOGORSK.ru;
2024-01-01;AVTOBOTIK.ru;
2024-01-01;AVTOCD.ru;
2024-01-01;AVTOCENT.ru;
2024-01-01;AVTOCENTR-NN.ru;
2024-01-01;AVTOCENTRNN.ru;
2024-01-01;AVTOCHAIN.ru;
2024-01-01;AVTODIAGNOS.ru;
2024-01-01;AVTODOR-EN.ru;
2024-01-01;AVTODORL.ru;
2024-01-01;AVTODROID.ru;
2024-01-01;AVTOFURGON-DONGFENG.ru;
2024-01-01;AVTOGRILL.ru;
2024-01-01;AVTOMIR62.ru;
2024-01-01;AVTOPARKNN.ru;
2024-01-01;AVTOPROFINN.ru;
2024-01-01;AVTORAF.ru;
2024-01-01;AVTOSIDE.ru;
2024-01-01;AVTOSIL.ru;
2024-01-01;AVTOSMOTR.ru;
2024-01-01;AVTOTIMES.ru;
2024-01-01;AVTOVHOD.ru;
2024-01-01;AVTOVYKUPKRD.ru;
2024-01-01;AWELLNESS.ru;
2024-01-01;AWOP.ru;
2024-01-01;AWUP.ru;
2024-01-01;AXCV.ru;
2024-01-01;AXII.ru;
2024-01-01;AXILAND.ru;
2024-01-01;AXIONMED.ru;
2024-01-01;AXMV.ru;
2024-01-01;AXYOMA.ru;
2024-01-01;AYGU.ru;
2024-01-01;AYKU.ru;
2024-01-01;AYLU.ru;
2024-01-01;AYPS.ru;
2024-01-01;AYURVEDABEAUTY.ru;
2024-01-01;AYURVEDIUM.ru;
2024-01-01;AZAMARA.ru;
2024-01-01;AZAREV.ru;
2024-01-01;AZIANI.ru;
2024-01-01;AZSMINI.ru;
2024-01-01;AZTELEKOM.ru;
2024-01-01;AZUMANGA.ru;
2024-01-01;AZURSOFT.ru;
2024-01-01;AZWEBTY.ru;
2024-01-01;B-WEAR.ru;
2024-01-01;B1TR1X.ru;
2024-01-01;BABASAN.ru;
2024-01-01;BABEV.ru;
2024-01-01;BABSKY.ru;
2024-01-01;BABYELEPHANT.ru;
2024-01-01;BADBERI.ru;
2024-01-01;BADOO-SHOP.ru;
2024-01-01;BADROV.ru;
2024-01-01;BAEDEKER.ru;
2024-01-01;BAGIRANN.ru;
2024-01-01;BAGRATIONOVSKIY.ru;
2024-01-01;BAGRATIONOVSKY.ru;
2024-01-01;BAGRITSKOGO.ru;
2024-01-01;BAGROUND.ru;
2024-01-01;BAHD.ru;
2024-01-01;BAHLOV.ru;
2024-01-01;BAIKAL-TOURISM.ru;
2024-01-01;BAIKALFOND.ru;
2024-01-01;BAKG.ru;
2024-01-01;BAKH104.ru;
2024-01-01;BAKINSKAYA.ru;
2024-01-01;BALANCEGYM.ru;
2024-01-01;BALANO.ru;
2024-01-01;BALCONY52.ru;
2024-01-01;BALENG.ru;
2024-01-01;BALISTIC.ru;
2024-01-01;BALKON-FASAD.ru;
2024-01-01;BANANAMALL.ru;
2024-01-01;BANEEV.ru;
2024-01-01;BANHEIM.ru;
2024-01-01;BANITUMEN.ru;
2024-01-01;BANKIUS.ru;
2024-01-01;BANKROTSTVO-V-KRD.ru;
2024-01-01;BANNERX.ru;
2024-01-01;BANNIKOVSL.ru;
2024-01-01;BANYABOCHKA24.ru;
2024-01-01;BANYABRUS.ru;
2024-01-01;BANYIBOCHKI.ru;
2024-01-01;BARANT.ru;
2024-01-01;BARBART.ru;
2024-01-01;BARBERBOYS.ru;
2024-01-01;BARBIX.ru;
2024-01-01;BARBOV.ru;
2024-01-01;BARBURY.ru;
2024-01-01;BARCHAT.ru;
2024-01-01;BARFISH.ru;
2024-01-01;BARKOVSKAYAEU.ru;
2024-01-01;BARMALOL.ru;
2024-01-01;BARNAL.ru;
2024-01-01;BARNOV.ru;
2024-01-01;BARVIHINSKAYA.ru;
2024-01-01;BARVIKHINSKAYA.ru;
2024-01-01;BARYSHIHA.ru;
2024-01-01;BARYSHIKHA.ru;
2024-01-01;BARZIN.ru;
2024-01-01;BASHO.ru;
2024-01-01;BASHREMONT.ru;
2024-01-01;BASTITRADE.ru;
2024-01-01;BATGREEN.ru;
2024-01-01;BATTERIA.ru;
2024-01-01;BATTERYDESIGN.ru;
2024-01-01;BATTERYSOLUTION.ru;
2024-01-01;BATTLERZ.ru;
2024-01-01;BAUFAL.ru;
2024-01-01;BAUMOV.ru;
2024-01-01;BAUROVA.ru;
2024-01-01;BAVEK.ru;
2024-01-01;BAVRIN.ru;
2024-01-01;BAYBENKOV.ru;
2024-01-01;BAYDOROV.ru;
2024-01-01;BAYG.ru;
2024-01-01;BAZA-ZVO.ru;
2024-01-01;BAZIS-SCRIPT.ru;
2024-01-01;BAZYKA.ru;
2024-01-01;BBFR.ru;
2024-01-01;BBGE.ru;
2024-01-01;BBOA.ru;
2024-01-01;BBQ-ZAYAVKI.ru;
2024-01-01;BBQFOOD.ru;
2024-01-01;BBSW.ru;
2024-01-01;BC-DESIGN.ru;
2024-01-01;BCBE.ru;
2024-01-01;BCNR.ru;
2024-01-01;BCOG.ru;
2024-01-01;BCVA.ru;
2024-01-01;BDPG.ru;
2024-01-01;BDPK.ru;
2024-01-01;BDRG.ru;
2024-01-01;BDUE.ru;
2024-01-01;BEARSHARE.ru;
2024-01-01;BEATDROP.ru;
2024-01-01;BEATFACTORY.ru;
2024-01-01;BEAUTISHOP.ru;
2024-01-01;BEAUTY-NN.ru;
2024-01-01;BEAUTYANDLIFE.ru;
2024-01-01;BEAUTYARTEL.ru;
2024-01-01;BEAUTYBUREAU.ru;
2024-01-01;BEAUTYINSIGHT.ru;
2024-01-01;BEAUTYROYAL.ru;
2024-01-01;BEAUTYVIPSTORE.ru;
2024-01-01;BEAUTYVISIT.ru;
2024-01-01;BECEO.ru;
2024-01-01;BECKO.ru;
2024-01-01;BEDAN.ru;
2024-01-01;BEDEXPERT.ru;
2024-01-01;BEDROV.ru;
2024-01-01;BEFANI.ru;
2024-01-01;BEFG.ru;
2024-01-01;BEGARDEN.ru;
2024-01-01;BEGROV.ru;
2024-01-01;BEKENOVA.ru;
2024-01-01;BEKESOVA.ru;
2024-01-01;BEKUSOVA.ru;
2024-01-01;BEL-INFO.ru;
2024-01-01;BEL-PROEKT.ru;
2024-01-01;BELA27.ru;
2024-01-01;BELASTORE.ru;
2024-01-01;BELENTSOV.ru;
2024-01-01;BELHRAM.ru;
2024-01-01;BELIYPAVLIN.ru;
2024-01-01;BELMC.ru;
2024-01-01;BELOKAMENNY.ru;
2024-01-01;BELOYAROV.ru;
2024-01-01;BELRAI.ru;
2024-01-01;BELROS58.ru;
2024-01-01;BENAEV.ru;
2024-01-01;BENASSIM.ru;
2024-01-01;BENDON.ru;
2024-01-01;BENEFICENT.ru;
2024-01-01;BENEZE.ru;
2024-01-01;BENZODEL.ru;
2024-01-01;BEPELO.ru;
2024-01-01;BEPUB.ru;
2024-01-01;BERCASE.ru;
2024-01-01;BEREGUS.ru;
2024-01-01;BERENGER.ru;
2024-01-01;BEREZNYAKOVA.ru;
2024-01-01;BERGWOOD.ru;
2024-01-01;BERHAUS.ru;
2024-01-01;BERKAUSOV.ru;
2024-01-01;BERLEN.ru;
2024-01-01;BERLUCCI.ru;
2024-01-01;BERNAZOLINI.ru;
2024-01-01;BERNAZZOLINI.ru;
2024-01-01;BERNIKOVSKAYA.ru;
2024-01-01;BERNOV.ru;
2024-01-01;BERSENEVSKAYA.ru;
2024-01-01;BERSHAKOV.ru;
2024-01-01;BERVIK.ru;
2024-01-01;BESEDINSKOE.ru;
2024-01-01;BESHEN.ru;
2024-01-01;BESKUDNIKOVSKY.ru;
2024-01-01;BESPIVA.ru;
2024-01-01;BESSTIA.ru;
2024-01-01;BEST-PORTRET.ru;
2024-01-01;BESTSCIENCE.ru;
2024-01-01;BESTTREVEL-GRUZ.ru;
2024-01-01;BESTWORKING.ru;
2024-01-01;BET4FUN.ru;
2024-01-01;BETAEV.ru;
2024-01-01;BETBETBET.ru;
2024-01-01;BETKOV.ru;
2024-01-01;BETOND.ru;
2024-01-01;BETTERHUMAN.ru;
2024-01-01;BEVAT.ru;
2024-01-01;BEVID.ru;
2024-01-01;BEYONDINFINITY.ru;
2024-01-01;BEZDNINA.ru;
2024-01-01;BEZNIN.ru;
2024-01-01;BEZONES.ru;
2024-01-01;BEZYLON.ru;
2024-01-01;BFEA.ru;
2024-01-01;BFFG.ru;
2024-01-01;BFIE.ru;
2024-01-01;BFIR.ru;
2024-01-01;BFKG.ru;
2024-01-01;BFRG.ru;
2024-01-01;BFUNDAMENT.ru;
2024-01-01;BFVC.ru;
2024-01-01;BGHG.ru;
2024-01-01;BGSCHOOL.ru;
2024-01-01;BHBA.ru;
2024-01-01;BHFG.ru;
2024-01-01;BHGC.ru;
2024-01-01;BHHG.ru;
2024-01-01;BHOA.ru;
2024-01-01;BHPL.ru;
2024-01-01;BHRA.ru;
2024-01-01;BHSA.ru;
2024-01-01;BHVG.ru;
2024-01-01;BIBAEV.ru;
2024-01-01;BIBIKING.ru;
2024-01-01;BIBIREVSKAYA.ru;
2024-01-01;BIBLIOTECHNAYA.ru;
2024-01-01;BIBLIOTECHNY.ru;
2024-01-01;BIC22.ru;
2024-01-01;BIEA.ru;
2024-01-01;BIGCHARTS.ru;
2024-01-01;BIGCITYREALTY.ru;
2024-01-01;BIGCOOL.ru;
2024-01-01;BIGFAST.ru;
2024-01-01;BIGGRAYWOLF.ru;
2024-01-01;BIGLIMO.ru;
2024-01-01;BIGLOV.ru;
2024-01-01;BIGMICRO.ru;
2024-01-01;BIGSQUARE.ru;
2024-01-01;BIJMARKET.ru;
2024-01-01;BIKEANDGO.ru;
2024-01-01;BIKETRIAL.ru;
2024-01-01;BILET-1.ru;
2024-01-01;BILETBROKER.ru;
2024-01-01;BILETTER.ru;
2024-01-01;BILLIONREASONS.ru;
2024-01-01;BILLWOOD.ru;
2024-01-01;BINASCHOOL.ru;
2024-01-01;BINELI.ru;
2024-01-01;BINHOST.ru;
2024-01-01;BINOCOLO.ru;
2024-01-01;BIO-1.ru;
2024-01-01;BIO-CAPITAL.ru;
2024-01-01;BIO-D.ru;
2024-01-01;BIO-FINANCE.ru;
2024-01-01;BIO-K.ru;
2024-01-01;BIOCATERING.ru;
2024-01-01;BIOEXPLORER.ru;
2024-01-01;BIOGREENS.ru;
2024-01-01;BIOLOGYEASE.ru;
2024-01-01;BIONREGION.ru;
2024-01-01;BIORGANA.ru;
2024-01-01;BIOSANA.ru;
2024-01-01;BIOSOUL.ru;
2024-01-01;BIOWALLS.ru;
2024-01-01;BIOWAX.ru;
2024-01-01;BIRAY.ru;
2024-01-01;BIRZHEVAYA.ru;
2024-01-01;BISERA.ru;
2024-01-01;BISGRUP.ru;
2024-01-01;BISTROMAMA.ru;
2024-01-01;BISTRORBITNADOMU24.ru;
2024-01-01;BISTROVOZVODIMIE-CBANIA-OBLAST.ru;
2024-01-01;BISTROVOZVODIMIE-CBANIYA-OBLAST.ru;
2024-01-01;BISTROVOZVODIMIE-CBANYA-OBLAST.ru;
2024-01-01;BISTROVOZVODIMIE-CDANIYA-OBLAST.ru;
2024-01-01;BIT-LINE.ru;
2024-01-01;BIT0.ru;
2024-01-01;BITCOIN-CRYPTO.ru;
2024-01-01;BITCOINRUSH.ru;
2024-01-01;BITCRACK.ru;
2024-01-01;BITPACK.ru;
2024-01-01;BITSEVSKAYA.ru;
2024-01-01;BITSTRIP.ru;
2024-01-01;BITZY.ru;
2024-01-01;BIZ-D.ru;
2024-01-01;BIZ-S.ru;
2024-01-01;BIZARD.ru;
2024-01-01;BIZCREATOR.ru;
2024-01-01;BJGU.ru;
2024-01-01;BKEE.ru;
2024-01-01;BKIC.ru;
2024-01-01;BKKC.ru;
2024-01-01;BKOC.ru;
2024-01-01;BKOLODIN.ru;
2024-01-01;BKSG.ru;
2024-01-01;BKVG.ru;
2024-01-01;BL-MOTORS.ru;
2024-01-01;BLACK-SUSHI.ru;
2024-01-01;BLACKBARBER.ru;
2024-01-01;BLACKSWANLTD.ru;
2024-01-01;BLAGOVESCHENSKY.ru;
2024-01-01;BLAGOYSTROISTVO.ru;
2024-01-01;BLASTIC.ru;
2024-01-01;BLATOSPHERA77.ru;
2024-01-01;BLBE.ru;
2024-01-01;BLESKMASTER.ru;
2024-01-01;BLESSMYCODE.ru;
2024-01-01;BLEZE.ru;
2024-01-01;BLHA.ru;
2024-01-01;BLIE.ru;
2024-01-01;BLINBURG.ru;
2024-01-01;BLIZART.ru;
2024-01-01;BLKG.ru;
2024-01-01;BLME.ru;
2024-01-01;BLMOTORS.ru;
2024-01-01;BLOA.ru;
2024-01-01;BLOEMIST.ru;
2024-01-01;BLOGBRAIN.ru;
2024-01-01;BLOGGER-BLOGGEROV.ru;
2024-01-01;BLOKI-STROY.ru;
2024-01-01;BLOKTEPLO.ru;
2024-01-01;BLOODSOUL.ru;
2024-01-01;BLOOMAVENUE.ru;
2024-01-01;BLOOPS.ru;
2024-01-01;BLOSHENKOV.ru;
2024-01-01;BLOZHKO.ru;
2024-01-01;BLUOCEAN.ru;
2024-01-01;BLVCKCLINIC.ru;
2024-01-01;BLVG.ru;
2024-01-01;BMHG.ru;
2024-01-01;BMLK.ru;
2024-01-01;BMMAIL.ru;
2024-01-01;BMME.ru;
2024-01-01;BMSTONE.ru;
2024-01-01;BMUG.ru;
2024-01-01;BMVC.ru;
2024-01-01;BNDE.ru;
2024-01-01;BNDG.ru;
2024-01-01;BNNG.ru;
2024-01-01;BNUE.ru;
2024-01-01;BNUG.ru;
2024-01-01;BO-NAILS.ru;
2024-01-01;BOBESHKO.ru;
2024-01-01;BOBINOVA.ru;
2024-01-01;BOBOVA.ru;
2024-01-01;BOBRETSOVA.ru;
2024-01-01;BOCHILOVA.ru;
2024-01-01;BODEK.ru;
2024-01-01;BODON.ru;
2024-01-01;BODYBRAIN.ru;
2024-01-01;BODYGREEN.ru;
2024-01-01;BODYREHAB.ru;
2024-01-01;BOENG.ru;
2024-01-01;BOFSTROY.ru;
2024-01-01;BOGEMIYA-NN.ru;
2024-01-01;BOGEMIYANN.ru;
2024-01-01;BOGUL.ru;
2024-01-01;BOGUMIL.ru;
2024-01-01;BOGWARD.ru;
2024-01-01;BOI-UFC.ru;
2024-01-01;BOILSOFT.ru;
2024-01-01;BOITEAU.ru;
2024-01-01;BOKEEV.ru;
2024-01-01;BOKMAN.ru;
2024-01-01;BOKSEN.ru;
2024-01-01;BOLEST.ru;
2024-01-01;BOLLY4U.ru;
2024-01-01;BOLOHNOV.ru;
2024-01-01;BOLSHAYALUBYANKA.ru;
2024-01-01;BOLSHAYAORDYNKA.ru;
2024-01-01;BOLSHOY-AFANASEVSKY.ru;
2024-01-01;BOLSHOYAFANASEVSKY.ru;
2024-01-01;BOMBERMEN.ru;
2024-01-01;BONAK.ru;
2024-01-01;BONOMO.ru;
2024-01-01;BONUS-PARFUM.ru;
2024-01-01;BONUSSGOODOOE.ru;
2024-01-01;BONUSSGOODOOI.ru;
2024-01-01;BONUSSGOODOOO.ru;
2024-01-01;BONUSSGOODOOP.ru;
2024-01-01;BONUSSGOODOOQ.ru;
2024-01-01;BONUSSGOODOOR.ru;
2024-01-01;BONUSSGOODOOT.ru;
2024-01-01;BONUSSGOODOOU.ru;
2024-01-01;BONUSSGOODOOW.ru;
2024-01-01;BONUSSGOODOOY.ru;
2024-01-01;BOOK-D.ru;
2024-01-01;BOOMGO.ru;
2024-01-01;BOOMTRAVELS.ru;
2024-01-01;BOOSTAI.ru;
2024-01-01;BOOTPAY.ru;
2024-01-01;BORETI.ru;
2024-01-01;BORION.ru;
2024-01-01;BORISOVSKIE-PRUDY.ru;
2024-01-01;BORISOVSKIEPRUDY.ru;
2024-01-01;BORKUM.ru;
2024-01-01;BORMATENKOVA.ru;
2024-01-01;BOROVSKOY.ru;
2024-01-01;BOTANALYTICS.ru;
2024-01-01;BOTDER.ru;
2024-01-01;BOTKINSKY.ru;
2024-01-01;BOTMER.ru;
2024-01-01;BOTTEAM.ru;
2024-01-01;BOUFAL.ru;
2024-01-01;BOUFAN.ru;
2024-01-01;BOURGET.ru;
2024-01-01;BOUTIC.ru;
2024-01-01;BOXHEAD.ru;
2024-01-01;BOXMODE.ru;
2024-01-01;BOXMODUL.ru;
2024-01-01;BOXQ.ru;
2024-01-01;BOXVIEW.ru;
2024-01-01;BOZIKA.ru;
2024-01-01;BRAINSECRETS.ru;
2024-01-01;BRAINTARGET.ru;
2024-01-01;BRAKEL.ru;
2024-01-01;BRAKER.ru;
2024-01-01;BRALIN.ru;
2024-01-01;BRANDTEKA.ru;
2024-01-01;BRANIK.ru;
2024-01-01;BRANZA.ru;
2024-01-01;BRASER.ru;
2024-01-01;BRATISKA.ru;
2024-01-01;BRAVEC.ru;
2024-01-01;BRAZHENKOV.ru;
2024-01-01;BREANNA.ru;
2024-01-01;BREDNIKOVA.ru;
2024-01-01;BREDOV.ru;
2024-01-01;BREEFING.ru;
2024-01-01;BREEZLINE.ru;
2024-01-01;BREHUNOV.ru;
2024-01-01;BREZOV.ru;
2024-01-01;BRGC.ru;
2024-01-01;BRHA.ru;
2024-01-01;BRIDEBEAUTY.ru;
2024-01-01;BRIFPOST.ru;
2024-01-01;BRIKIN.ru;
2024-01-01;BRILINA.ru;
2024-01-01;BRILLIANT-LIFE.ru;
2024-01-01;BRITNI.ru;
2024-01-01;BRITNY.ru;
2024-01-01;BRODUAGA.ru;
2024-01-01;BROLO.ru;
2024-01-01;BRONCHI.ru;
2024-01-01;BRONLY.ru;
2024-01-01;BRONZASTUDIO.ru;
2024-01-01;BROSAT.ru;
2024-01-01;BROSTA.ru;
2024-01-01;BROVKOVA.ru;
2024-01-01;BROWN-COLOR.ru;
2024-01-01;BROZE.ru;
2024-01-01;BRRI.ru;
2024-01-01;BRRY.ru;
2024-01-01;BRUBER.ru;
2024-01-01;BRUS-1.ru;
2024-01-01;BRUSURAL.ru;
2024-01-01;BRYNSKIKH.ru;
2024-01-01;BSTROYKA.ru;
2024-01-01;BSVE.ru;
2024-01-01;BT-SPB.ru;
2024-01-01;BTL24.ru;
2024-01-01;BTTU.ru;
2024-01-01;BTUG.ru;
2024-01-01;BTWL.ru;
2024-01-01;BUBBLEBEEP.ru;
2024-01-01;BUBLIN.ru;
2024-01-01;BUCG.ru;
2024-01-01;BUCHKINA.ru;
2024-01-01;BUCHSERVIS.ru;
2024-01-01;BUDAEVA-1.ru;
2024-01-01;BUDAGO.ru;
2024-01-01;BUDDYSCHOOL.ru;
2024-01-01;BUDISM.ru;
2024-01-01;BUDOV.ru;
2024-01-01;BUDRIK.ru;
2024-01-01;BUDUSHCHAYA-PROFESSIYA.ru;
2024-01-01;BUEC.ru;
2024-01-01;BUEE.ru;
2024-01-01;BUENOV.ru;
2024-01-01;BUFC.ru;
2024-01-01;BUFS.ru;
2024-01-01;BUGASHEVA.ru;
2024-01-01;BUGC.ru;
2024-01-01;BUH-U.ru;
2024-01-01;BUHAMETOV.ru;
2024-01-01;BUHGALTER-YURIST.ru;
2024-01-01;BUILTGREEN.ru;
2024-01-01;BUJHM.ru;
2024-01-01;BUKARD.ru;
2024-01-01;BUKAVTSOV.ru;
2024-01-01;BUKEEV.ru;
2024-01-01;BUKET-NA-DONU.ru;
2024-01-01;BUKG.ru;
2024-01-01;BUKMIN.ru;
2024-01-01;BUKONT.ru;
2024-01-01;BUKVAD.ru;
2024-01-01;BUKVAG.ru;
2024-01-01;BUKVAK.ru;
2024-01-01;BUKVAL.ru;
2024-01-01;BUKVAM.ru;
2024-01-01;BUKVASH.ru;
2024-01-01;BUKVAT.ru;
2024-01-01;BUKVAV.ru;
2024-01-01;BUKVAZ.ru;
2024-01-01;BUKVODAR.ru;
2024-01-01;BULLNOVA.ru;
2024-01-01;BULLYMAFIA.ru;
2024-01-01;BUMAGAREZ.ru;
2024-01-01;BUMAK.ru;
2024-01-01;BUMARI.ru;
2024-01-01;BUMBOSHOP.ru;
2024-01-01;BUNDAS.ru;
2024-01-01;BUNDOV.ru;
2024-01-01;BUNKERHACK.ru;
2024-01-01;BURBOV.ru;
2024-01-01;BURDIK.ru;
2024-01-01;BURGERVILLE.ru;
2024-01-01;BURKAT.ru;
2024-01-01;BURMASTER37.ru;
2024-01-01;BUROGO.ru;
2024-01-01;BUROVAYA-KOMPANIYA.ru;
2024-01-01;BURTSOV.ru;
2024-01-01;BURVODSERVICE.ru;
2024-01-01;BUS-CHARTER.ru;
2024-01-01;BUSAREVA.ru;
2024-01-01;BUSINESS-ANALYTIC.ru;
2024-01-01;BUSINESSBUTLER.ru;
2024-01-01;BUSINESSTEKA.ru;
2024-01-01;BUSKET.ru;
2024-01-01;BUSLO.ru;
2024-01-01;BUSNESSMSK.ru;
2024-01-01;BUSULAEVA.ru;
2024-01-01;BUSYLIFE.ru;
2024-01-01;BUSYWAY.ru;
2024-01-01;BUT-1.ru;
2024-01-01;BUTIK-1.ru;
2024-01-01;BUTLAR.ru;
2024-01-01;BUTOM.ru;
2024-01-01;BUTURKA.ru;
2024-01-01;BUYINGTIME.ru;
2024-01-01;BUZAN.ru;
2024-01-01;BUZUN.ru;
2024-01-01;BVBG.ru;
2024-01-01;BVBS.ru;
2024-01-01;BVEG.ru;
2024-01-01;BVFS.ru;
2024-01-01;BVHS.ru;
2024-01-01;BVSSTROY.ru;
2024-01-01;BVUC.ru;
2024-01-01;BVUE.ru;
2024-01-01;BWGC.ru;
2024-01-01;BWLP.ru;
2024-01-01;BWT-SERVICE.ru;
2024-01-01;BYCU.ru;
2024-01-01;BYGET.ru;
2024-01-01;BYGREEN.ru;
2024-01-01;BYGU.ru;
2024-01-01;BYMU.ru;
2024-01-01;BYNU.ru;
2024-01-01;BYSTROE.ru;
2024-01-01;BYSTROW.ru;
2024-01-01;BYTOR.ru;
2024-01-01;BYVU.ru;
2024-01-01;BYYF.ru;
2024-01-01;BZMATH.ru;
2024-01-01;CABERA.ru;
2024-01-01;CABINET-CONNECT.ru;
2024-01-01;CABLINK.ru;
2024-01-01;CABRINA.ru;
2024-01-01;CACAOBEAN.ru;
2024-01-01;CACEIS.ru;
2024-01-01;CACIOTTA.ru;
2024-01-01;CAFEBOUTIQUE.ru;
2024-01-01;CAFRA.ru;
2024-01-01;CAGX.ru;
2024-01-01;CAKG.ru;
2024-01-01;CALABRO.ru;
2024-01-01;CALL-PAY.ru;
2024-01-01;CALLANALYTICS.ru;
2024-01-01;CALLS-IT.ru;
2024-01-01;CALSONIC.ru;
2024-01-01;CAM-CHAT.ru;
2024-01-01;CAMERMAN.ru;
2024-01-01;CAMPUSCAFE.ru;
2024-01-01;CANDLEMATIC.ru;
2024-01-01;CANTSLER.ru;
2024-01-01;CAOG.ru;
2024-01-01;CAPITAL-GRAD.ru;
2024-01-01;CAPITAL-LUX.ru;
2024-01-01;CAPITAL-SMART.ru;
2024-01-01;CAPITAL-TIME.ru;
2024-01-01;CAPPELLI.ru;
2024-01-01;CAPPOLY.ru;
2024-01-01;CAPREM.ru;
2024-01-01;CAPTAINCRASH.ru;
2024-01-01;CAR-TODAY.ru;
2024-01-01;CARAMELLY.ru;
2024-01-01;CARBONFIBRE.ru;
2024-01-01;CARCHER.ru;
2024-01-01;CARCOATING.ru;
2024-01-01;CARDBUS.ru;
2024-01-01;CARDOOR.ru;
2024-01-01;CAREER-CLASS.ru;
2024-01-01;CAREERCLASS.ru;
2024-01-01;CARELOTION.ru;
2024-01-01;CARGOHUNT.ru;
2024-01-01;CARNIVALCRUISES.ru;
2024-01-01;CAROFILM.ru;
2024-01-01;CARPROOF.ru;
2024-01-01;CARSIA.ru;
2024-01-01;CARTM.ru;
2024-01-01;CARTYPE.ru;
2024-01-01;CASHDELIVERYPRO.ru;
2024-01-01;CASHNGO.ru;
2024-01-01;CASTLE-KZN.ru;
2024-01-01;CATALOG-AI.ru;
2024-01-01;CATLORD.ru;
2024-01-01;CATWILD.ru;
2024-01-01;CBHA.ru;
2024-01-01;CBKA.ru;
2024-01-01;CBRY.ru;
2024-01-01;CBSNN.ru;
2024-01-01;CCEY.ru;
2024-01-01;CCLE.ru;
2024-01-01;CCLR.ru;
2024-01-01;CCNF.ru;
2024-01-01;CCNY.ru;
2024-01-01;CDDE.ru;
2024-01-01;CDEKS.ru;
2024-01-01;CDGG.ru;
2024-01-01;CDUC.ru;
2024-01-01;CELEBRATIONCHURCH.ru;
2024-01-01;CEMENT-X.ru;
2024-01-01;CEMENTX.ru;
2024-01-01;CEMETRY.ru;
2024-01-01;CENTER-KIDS.ru;
2024-01-01;CENTERLIZING.ru;
2024-01-01;CENTR-1.ru;
2024-01-01;CENTR-FINANCE.ru;
2024-01-01;CENTR-KAPITAL.ru;
2024-01-01;CENTR-REKONSTRUKCII.ru;
2024-01-01;CENTR-TECH.ru;
2024-01-01;CENTR-TOP.ru;
2024-01-01;CENTR-X.ru;
2024-01-01;CENTR1-ZAIM.ru;
2024-01-01;CENTREBUH.ru;
2024-01-01;CENTRKAPITAL.ru;
2024-01-01;CENTRNN.ru;
2024-01-01;CENTRTOP.ru;
2024-01-01;CERABAR.ru;
2024-01-01;CERMANY.ru;
2024-01-01;CERONLINE.ru;
2024-01-01;CESMONEY.ru;
2024-01-01;CEUG.ru;
2024-01-01;CFHG.ru;
2024-01-01;CFHL.ru;
2024-01-01;CGAG.ru;
2024-01-01;CGGG.ru;
2024-01-01;CGLAZ-MARYAM.ru;
2024-01-01;CGMG.ru;
2024-01-01;CGRG.ru;
2024-01-01;CHAINDEV.ru;
2024-01-01;CHALAKOVA.ru;
2024-01-01;CHAMELEONOFFICE.ru;
2024-01-01;CHAMINA.ru;
2024-01-01;CHANTRY.ru;
2024-01-01;CHAOTICA.ru;
2024-01-01;CHARP.ru;
2024-01-01;CHAYNIKOVA.ru;
2024-01-01;CHAYSTORY.ru;
2024-01-01;CHECCKO.ru;
2024-01-01;CHECCO.ru;
2024-01-01;CHECHIKOV.ru;
2024-01-01;CHECKID.ru;
2024-01-01;CHECKKO.ru;
2024-01-01;CHEHALKOV.ru;
2024-01-01;CHEKALEV.ru;
2024-01-01;CHEKOTOV.ru;
2024-01-01;CHELNOV.ru;
2024-01-01;CHEMSI.ru;
2024-01-01;CHEMSTOCK.ru;
2024-01-01;CHEPASOV.ru;
2024-01-01;CHEPELKIN.ru;
2024-01-01;CHERMENEVA.ru;
2024-01-01;CHERNOMUROV.ru;
2024-01-01;CHERRY-SAD.ru;
2024-01-01;CHERRYSAD.ru;
2024-01-01;CHERTEG75.ru;
2024-01-01;CHERUNOVA.ru;
2024-01-01;CHERVANEVA.ru;
2024-01-01;CHESTMASTER.ru;
2024-01-01;CHICKICK.ru;
2024-01-01;CHIGNON.ru;
2024-01-01;CHIMKENT.ru;
2024-01-01;CHINACARDATABASE.ru;
2024-01-01;CHINACARDB.ru;
2024-01-01;CHITAJ-NN.ru;
2024-01-01;CHITAJNN.ru;
2024-01-01;CHITALA.ru;
2024-01-01;CHITAY-NN.ru;
2024-01-01;CHITAYNN.ru;
2024-01-01;CHIZHANOV.ru;
2024-01-01;CHKSOFT.ru;
2024-01-01;CHMAROV.ru;
2024-01-01;CHMIREV.ru;
2024-01-01;CHMUROV.ru;
2024-01-01;CHMUROVA.ru;
2024-01-01;CHMUTOV.ru;
2024-01-01;CHONGCHONG.ru;
2024-01-01;CHOOSEGREEN.ru;
2024-01-01;CHOOSEONE.ru;
2024-01-01;CHPY.ru;
2024-01-01;CHUDOTABLETKA.ru;
2024-01-01;CHUPAKOV.ru;
2024-01-01;CHUVILKO.ru;
2024-01-01;CHVIROV.ru;
2024-01-01;CIFKOSHELEK.ru;
2024-01-01;CIFL.ru;
2024-01-01;CIFRAAUTO.ru;
2024-01-01;CIFRAAVTO.ru;
2024-01-01;CIFROVOEFOTO.ru;
2024-01-01;CIOA.ru;
2024-01-01;CITIL.ru;
2024-01-01;CITYDIALOG.ru;
2024-01-01;CITYDIET.ru;
2024-01-01;CITYGREENS.ru;
2024-01-01;CITYSPIRIT.ru;
2024-01-01;CIUG.ru;
2024-01-01;CIVG.ru;
2024-01-01;CIVL.ru;
2024-01-01;CKAA.ru;
2024-01-01;CKAC.ru;
2024-01-01;CKCG.ru;
2024-01-01;CKHH.ru;
2024-01-01;CKZN.ru;
2024-01-01;CLASSICALDESIGN.ru;
2024-01-01;CLASSICNN.ru;
2024-01-01;CLASSTEKA.ru;
2024-01-01;CLASSTOURNN.ru;
2024-01-01;CLEAN-CLEANING.ru;
2024-01-01;CLEANING-TOP.ru;
2024-01-01;CLEANING-X.ru;
2024-01-01;CLEANINGAGENCY.ru;
2024-01-01;CLEANINGBEES.ru;
2024-01-01;CLEANINGX.ru;
2024-01-01;CLEANKOV.ru;
2024-01-01;CLEANSCAN.ru;
2024-01-01;CLEANTAP.ru;
2024-01-01;CLEVERBUYER.ru;
2024-01-01;CLICKANDPICK.ru;
2024-01-01;CLICKMETRIC.ru;
2024-01-01;CLIKE.ru;
2024-01-01;CLMANN.ru;
2024-01-01;CLNG.ru;
2024-01-01;CLOCK-ONLINE.ru;
2024-01-01;CLONEART.ru;
2024-01-01;CLOUDSOC.ru;
2024-01-01;CLUB-CHANGAN.ru;
2024-01-01;CLUB-IQ.ru;
2024-01-01;CLUB-M.ru;
2024-01-01;CLUBHUMMER.ru;
2024-01-01;CLUBRUKODELIYA.ru;
2024-01-01;CLUBTICKET.ru;
2024-01-01;CLVE.ru;
2024-01-01;CLVN.ru;
2024-01-01;CMDTROPAREVO.ru;
2024-01-01;CMRX.ru;
2024-01-01;CMSAI.ru;
2024-01-01;CMUG.ru;
2024-01-01;CN-MARKET.ru;
2024-01-01;CNA75.ru;
2024-01-01;CNKG.ru;
2024-01-01;CNLR.ru;
2024-01-01;CNSF.ru;
2024-01-01;CNUE.ru;
2024-01-01;COACT.ru;
2024-01-01;COAE.ru;
2024-01-01;COCLICK.ru;
2024-01-01;COCR.ru;
2024-01-01;COCTAILS.ru;
2024-01-01;CODDAVINCI.ru;
2024-01-01;CODESTONE.ru;
2024-01-01;CODESTUDENT.ru;
2024-01-01;COFFEE-EAST.ru;
2024-01-01;COFITI.ru;
2024-01-01;COGRA.ru;
2024-01-01;COHGY.ru;
2024-01-01;COINDEV.ru;
2024-01-01;COINWORK.ru;
2024-01-01;COJE.ru;
2024-01-01;COLERS.ru;
2024-01-01;COLISEUMFIT.ru;
2024-01-01;COM-TOUR.ru;
2024-01-01;COMBIMED.ru;
2024-01-01;COMFORTABLECLOTHES.ru;
2024-01-01;COMFORTTRIP.ru;
2024-01-01;COMMENTY.ru;
2024-01-01;COMMONDESIGN.ru;
2024-01-01;COMPARELEARN.ru;
2024-01-01;COMPLEXIO.ru;
2024-01-01;COMPOMAT.ru;
2024-01-01;COMPSAFE.ru;
2024-01-01;CONDTORG.ru;
2024-01-01;CONFITEL.ru;
2024-01-01;CONTOOLS.ru;
2024-01-01;CONTROL-UNION.ru;
2024-01-01;CONTROLTRACK.ru;
2024-01-01;CONVERTKIT.ru;
2024-01-01;COOLDROP.ru;
2024-01-01;COOLPAPA.ru;
2024-01-01;COOLSTOP.ru;
2024-01-01;COPYLOV.ru;
2024-01-01;CORLY.ru;
2024-01-01;CORMAK.ru;
2024-01-01;CORPORATE-GOVERNANCE.ru;
2024-01-01;CORPORATEBANKING.ru;
2024-01-01;CORSETRY.ru;
2024-01-01;COSMO4.ru;
2024-01-01;COSMO422.ru;
2024-01-01;COSMOCHANGE.ru;
2024-01-01;COSMOCRM.ru;
2024-01-01;COSMOEXCHANGE.ru;
2024-01-01;COSMOSZOLOTO.ru;
2024-01-01;COUNTER-STRIKE15.ru;
2024-01-01;COVERFLEX.ru;
2024-01-01;COVROLINE.ru;
2024-01-01;CPAFIRM.ru;
2024-01-01;CQNN.ru;
2024-01-01;CRAFT-MONEY.ru;
2024-01-01;CRAFT-TIME.ru;
2024-01-01;CRAFTEKS.ru;
2024-01-01;CRAFTING-HEIGHT.ru;
2024-01-01;CRAZYBOOTS.ru;
2024-01-01;CRAZYTOYS27.ru;
2024-01-01;CRCF.ru;
2024-01-01;CRDBNN.ru;
2024-01-01;CREADOOR.ru;
2024-01-01;CREATEPLUS.ru;
2024-01-01;CREATIONZONE.ru;
2024-01-01;CREATIVEDIRECT.ru;
2024-01-01;CREATIVEHEARTS.ru;
2024-01-01;CREATIVESALES.ru;
2024-01-01;CREDIT2025.ru;
2024-01-01;CREDITKABANK.ru;
2024-01-01;CREWCONNECT.ru;
2024-01-01;CRHH.ru;
2024-01-01;CRICTIME.ru;
2024-01-01;CRIR.ru;
2024-01-01;CRIU.ru;
2024-01-01;CRLA.ru;
2024-01-01;CROCONS.ru;
2024-01-01;CROSSHEART.ru;
2024-01-01;CRYC.ru;
2024-01-01;CRYPTO-DEAL.ru;
2024-01-01;CRYPTO-EARN.ru;
2024-01-01;CRYPTO-GIFTS.ru;
2024-01-01;CRYPTO-HELP.ru;
2024-01-01;CRYPTO-INCOME.ru;
2024-01-01;CRYPTO-INVESTORS.ru;
2024-01-01;CRYPTO-KING.ru;
2024-01-01;CRYPTO-LEGAL.ru;
2024-01-01;CRYPTO-META.ru;
2024-01-01;CRYPTO-TRENDS.ru;
2024-01-01;CRYPTOABC.ru;
2024-01-01;CRYPTOAGENTS.ru;
2024-01-01;CRYPTOALGO.ru;
2024-01-01;CRYPTOARAB.ru;
2024-01-01;CRYPTOATMS.ru;
2024-01-01;CRYPTOBATTLES.ru;
2024-01-01;CRYPTOBOOMER.ru;
2024-01-01;CRYPTOBULLETIN.ru;
2024-01-01;CRYPTOBUNKER.ru;
2024-01-01;CRYPTOBUNNIES.ru;
2024-01-01;CRYPTOBUYING.ru;
2024-01-01;CRYPTOCASHBACK.ru;
2024-01-01;CRYPTOCHECKER.ru;
2024-01-01;CRYPTOCLICKS.ru;
2024-01-01;CRYPTOCOINERS.ru;
2024-01-01;CRYPTOCOININVEST.ru;
2024-01-01;CRYPTOCOINSHOP.ru;
2024-01-01;CRYPTOCOLLECTORS.ru;
2024-01-01;CRYPTOCOOP.ru;
2024-01-01;CRYPTODEFENSE.ru;
2024-01-01;CRYPTODIGEST.ru;
2024-01-01;CRYPTOEARNING.ru;
2024-01-01;CRYPTOETH.ru;
2024-01-01;CRYPTOFIAT.ru;
2024-01-01;CRYPTOFOODS.ru;
2024-01-01;CRYPTOFOR.ru;
2024-01-01;CRYPTOFORALL.ru;
2024-01-01;CRYPTOFRANC.ru;
2024-01-01;CRYPTOINK.ru;
2024-01-01;CRYPTOINTELLIGENCE.ru;
2024-01-01;CRYPTOINTERNATIONAL.ru;
2024-01-01;CRYPTOINVESTIGATION.ru;
2024-01-01;CRYPTOJAM.ru;
2024-01-01;CRYPTOKI.ru;
2024-01-01;CRYPTOKICK.ru;
2024-01-01;CRYPTOLAUNDRY.ru;
2024-01-01;CRYPTOLIBRARY.ru;
2024-01-01;CRYPTOLION.ru;
2024-01-01;CRYPTOLOOK.ru;
2024-01-01;CRYPTOLORD.ru;
2024-01-01;CRYPTOMANUAL.ru;
2024-01-01;CRYPTOMATH.ru;
2024-01-01;CRYPTOMEGA.ru;
2024-01-01;CRYPTOMININGFARM.ru;
2024-01-01;CRYPTOMOMS.ru;
2024-01-01;CRYPTOMUNDO.ru;
2024-01-01;CRYPTONAS.ru;
2024-01-01;CRYPTONI.ru;
2024-01-01;CRYPTONICE.ru;
2024-01-01;CRYPTOOASIS.ru;
2024-01-01;CRYPTOOFFERS.ru;
2024-01-01;CRYPTOOLS.ru;
2024-01-01;CRYPTOORACLE.ru;
2024-01-01;CRYPTOOS.ru;
2024-01-01;CRYPTOPARADISE.ru;
2024-01-01;CRYPTOPAWN.ru;
2024-01-01;CRYPTOPICK.ru;
2024-01-01;CRYPTOPIE.ru;
2024-01-01;CRYPTOPRISM.ru;
2024-01-01;CRYPTOREPUBLIC.ru;
2024-01-01;CRYPTOSAMURAI.ru;
2024-01-01;CRYPTOSHELL.ru;
2024-01-01;CRYPTOSIG.ru;
2024-01-01;CRYPTOSIM.ru;
2024-01-01;CRYPTOSLUT.ru;
2024-01-01;CRYPTOSS.ru;
2024-01-01;CRYPTOTAXCALCULATOR.ru;
2024-01-01;CRYPTOTECHNOLOGIES.ru;
2024-01-01;CRYPTOTRADINGS.ru;
2024-01-01;CRYPTOTREASURE.ru;
2024-01-01;CRYPTOWALK.ru;
2024-01-01;CRYPTOWATCHER.ru;
2024-01-01;CRYPTOWINNERS.ru;
2024-01-01;CRYPTOWIRED.ru;
2024-01-01;CRYPTOWORKER.ru;
2024-01-01;CRYPTOWOW.ru;
2024-01-01;CRYPTOZERO.ru;
2024-01-01;CRYPTOZINE.ru;
2024-01-01;CRYPTOZON.ru;
2024-01-01;CRYSTALCODE.ru;
2024-01-01;CRYSTALSAND.ru;
2024-01-01;CSKG.ru;
2024-01-01;CSUA.ru;
2024-01-01;CTHG.ru;
2024-01-01;CTMW.ru;
2024-01-01;CUBEAR.ru;
2024-01-01;CUBEGAMESSTUDIO.ru;
2024-01-01;CUHC.ru;
2024-01-01;CUIA.ru;
2024-01-01;CUNABULA.ru;
2024-01-01;CUORSE.ru;
2024-01-01;CURRENCYCRYPTO.ru;
2024-01-01;CUSTOMELECTRIC.ru;
2024-01-01;CUSTOMPCS.ru;
2024-01-01;CUSTOMRACK.ru;
2024-01-01;CVFA.ru;
2024-01-01;CVFC.ru;
2024-01-01;CVFG.ru;
2024-01-01;CVFS.ru;
2024-01-01;CVHF.ru;
2024-01-01;CVNG.ru;
2024-01-01;CVNL.ru;
2024-01-01;CVPG.ru;
2024-01-01;CVRA.ru;
2024-01-01;CVRL.ru;
2024-01-01;CVRR.ru;
2024-01-01;CVTE.ru;
2024-01-01;CVVME.ru;
2024-01-01;CVVP.ru;
2024-01-01;CVZR.ru;
2024-01-01;CYBER-AUTO.ru;
2024-01-01;CYBER-FOOD.ru;
2024-01-01;CYBERPRIVACY.ru;
2024-01-01;CYBERSECURITYJOBS.ru;
2024-01-01;CYCU.ru;
2024-01-01;CYGU.ru;
2024-01-01;CYLU.ru;
2024-01-01;CYMU.ru;
2024-01-01;D-MODULE.ru;
2024-01-01;DABABY.ru;
2024-01-01;DABINGO.ru;
2024-01-01;DAHIN.ru;
2024-01-01;DAILY-COFFEE.ru;
2024-01-01;DAILYNN.ru;
2024-01-01;DAIRYBARN.ru;
2024-01-01;DALD.ru;
2024-01-01;DALLO.ru;
2024-01-01;DALPORTCITY.ru;
2024-01-01;DAN9300999.ru;
2024-01-01;DANASANKOVA.ru;
2024-01-01;DANCEFOTO.ru;
2024-01-01;DANILA-REM.ru;
2024-01-01;DANILAMARKOV.ru;
2024-01-01;DANUL.ru;
2024-01-01;DAOG.ru;
2024-01-01;DARETOCARE.ru;
2024-01-01;DARK-SPACE.ru;
2024-01-01;DARMON.ru;
2024-01-01;DARS-EVRO.ru;
2024-01-01;DARTYAR.ru;
2024-01-01;DASHCAMERA.ru;
2024-01-01;DATA-M.ru;
2024-01-01;DATADEEPDIVE.ru;
2024-01-01;DATAEVOLUTION.ru;
2024-01-01;DATCHIKIGAZA.ru;
2024-01-01;DATE-MARKET.ru;
2024-01-01;DATEMARKET.ru;
2024-01-01;DATTAN.ru;
2024-01-01;DAUKSHA.ru;
2024-01-01;DAVLAEV.ru;
2024-01-01;DAZHELTOV.ru;
2024-01-01;DBDT.ru;
2024-01-01;DBFR.ru;
2024-01-01;DBGG.ru;
2024-01-01;DBHA.ru;
2024-01-01;DBIL.ru;
2024-01-01;DBLE.ru;
2024-01-01;DBWH.ru;
2024-01-01;DBZZ.ru;
2024-01-01;DC-DEVELOPMENT.ru;
2024-01-01;DCFR.ru;
2024-01-01;DCGG.ru;
2024-01-01;DCGS.ru;
2024-01-01;DCKG.ru;
2024-01-01;DCLR.ru;
2024-01-01;DCTU.ru;
2024-01-01;DDCE.ru;
2024-01-01;DDCF.ru;
2024-01-01;DDLA.ru;
2024-01-01;DDLI.ru;
2024-01-01;DDLR.ru;
2024-01-01;DDLT.ru;
2024-01-01;DDMF.ru;
2024-01-01;DDML.ru;
2024-01-01;DDNG.ru;
2024-01-01;DDNL.ru;
2024-01-01;DDOL.ru;
2024-01-01;DDRL.ru;
2024-01-01;DDTG.ru;
2024-01-01;DDW68.ru;
2024-01-01;DEATHCHANCE.ru;
2024-01-01;DEBETSITE.ru;
2024-01-01;DEBLER.ru;
2024-01-01;DEBOL.ru;
2024-01-01;DECAT-SERVICE.ru;
2024-01-01;DECATSERVICE.ru;
2024-01-01;DECO-FLORISTIC.ru;
2024-01-01;DECODOMO.ru;
2024-01-01;DECODREAM.ru;
2024-01-01;DECOFLORISTIC.ru;
2024-01-01;DECOLLETAGE.ru;
2024-01-01;DECORV.ru;
2024-01-01;DEDENEVA.ru;
2024-01-01;DEDL.ru;
2024-01-01;DEENKOVA.ru;
2024-01-01;DEFPRO-SPB.ru;
2024-01-01;DEGNER.ru;
2024-01-01;DELFIN4IK2012.ru;
2024-01-01;DELIANET.ru;
2024-01-01;DELINIATOR.ru;
2024-01-01;DELIVERY-3655.ru;
2024-01-01;DELIVERY-6547.ru;
2024-01-01;DELIVERY213.ru;
2024-01-01;DELIVERY4CASH.ru;
2024-01-01;DELMARO.ru;
2024-01-01;DELOCOR.ru;
2024-01-01;DELT-EX.ru;
2024-01-01;DELUXE-1.ru;
2024-01-01;DELUXE-DOMA.ru;
2024-01-01;DELUXE-FINANCE.ru;
2024-01-01;DELUXE-MUSIC.ru;
2024-01-01;DELUXE-SUSHI.ru;
2024-01-01;DELUXE-TOP.ru;
2024-01-01;DELUXE-X.ru;
2024-01-01;DELUXEDOMA.ru;
2024-01-01;DELUXEFINANCE.ru;
2024-01-01;DELUXESUSHI.ru;
2024-01-01;DELUXETOP.ru;
2024-01-01;DELUXEX.ru;
2024-01-01;DELYAAESTHETICSDIKAYA.ru;
2024-01-01;DEMBA.ru;
2024-01-01;DEMERT.ru;
2024-01-01;DEMETS.ru;
2024-01-01;DEMIDAILAN.ru;
2024-01-01;DEMIDEILAN.ru;
2024-01-01;DEMOKE.ru;
2024-01-01;DEMOLA.ru;
2024-01-01;DEMONA.ru;
2024-01-01;DEMONTAZH-SNOS.ru;
2024-01-01;DEMONTAZSH.ru;
2024-01-01;DEMUNT.ru;
2024-01-01;DEMYANENKOV.ru;
2024-01-01;DEN-DAVYDOV.ru;
2024-01-01;DENGOF.ru;
2024-01-01;DENI5P0N.ru;
2024-01-01;DENIPOCH.ru;
2024-01-01;DENKRASIVYI.ru;
2024-01-01;DENNISMOROSOFF.ru;
2024-01-01;DENTIGEAR.ru;
2024-01-01;DEPILJACIJA.ru;
2024-01-01;DEPRESSIONHELP.ru;
2024-01-01;DERESHKOV.ru;
2024-01-01;DEREVO-DEKOR.ru;
2024-01-01;DEREVOLESTNICA.ru;
2024-01-01;DERNER.ru;
2024-01-01;DERS4OV.ru;
2024-01-01;DERUFA-DELUXE.ru;
2024-01-01;DERYABOVA.ru;
2024-01-01;DESBUT.ru;
2024-01-01;DESHEVYH.ru;
2024-01-01;DESIGN-DEKO.ru;
2024-01-01;DESIGN-INTERERA.ru;
2024-01-01;DESIGN-PREMIUM.ru;
2024-01-01;DESIGN-RADIATRS.ru;
2024-01-01;DESIGNBISTRO.ru;
2024-01-01;DESIGNDEKO.ru;
2024-01-01;DESIGNFAERIE.ru;
2024-01-01;DESIGNLEGKO.ru;
2024-01-01;DESIGNRENOVATION.ru;
2024-01-01;DESIGNYOURBODY.ru;
2024-01-01;DESINGN.ru;
2024-01-01;DESKPROM.ru;
2024-01-01;DESKUR.ru;
2024-01-01;DESSER.ru;
2024-01-01;DETALI86.ru;
2024-01-01;DETEJLING-CENTR.ru;
2024-01-01;DETEKTRON.ru;
2024-01-01;DETERS.ru;
2024-01-01;DETI-PRO.ru;
2024-01-01;DETINN.ru;
2024-01-01;DETISAROVA.ru;
2024-01-01;DETKINN.ru;
2024-01-01;DETLOV.ru;
2024-01-01;DETPSYGO.ru;
2024-01-01;DETSAD-NN.ru;
2024-01-01;DETSADNN.ru;
2024-01-01;DETSKAYAAKADEMIYA.ru;
2024-01-01;DETTOR.ru;
2024-01-01;DEVCLUSTER.ru;
2024-01-01;DEVCONNECT.ru;
2024-01-01;DEVECON.ru;
2024-01-01;DEVETEL.ru;
2024-01-01;DEVPALGAME.ru;
2024-01-01;DEZINSEC.ru;
2024-01-01;DFDL.ru;
2024-01-01;DFIG.ru;
2024-01-01;DFKC.ru;
2024-01-01;DFVC.ru;
2024-01-01;DGAA.ru;
2024-01-01;DGBG.ru;
2024-01-01;DGCG.ru;
2024-01-01;DGDR.ru;
2024-01-01;DGKC.ru;
2024-01-01;DGLE.ru;
2024-01-01;DGLG.ru;
2024-01-01;DGNG.ru;
2024-01-01;DGNR.ru;
2024-01-01;DHCA.ru;
2024-01-01;DHCG.ru;
2024-01-01;DHHR.ru;
2024-01-01;DHLV.ru;
2024-01-01;DHRS.ru;
2024-01-01;DHSE.ru;
2024-01-01;DHTG.ru;
2024-01-01;DHUC.ru;
2024-01-01;DHUE.ru;
2024-01-01;DIAMONDSCLUB.ru;
2024-01-01;DIAMONDSOFCHOICE.ru;
2024-01-01;DIAMONDVAULTS.ru;
2024-01-01;DICORIA.ru;
2024-01-01;DIDNO.ru;
2024-01-01;DIET-LINE.ru;
2024-01-01;DIETTIPS.ru;
2024-01-01;DIFLOORS.ru;
2024-01-01;DIGITALMANUFACTURING.ru;
2024-01-01;DIGREEN.ru;
2024-01-01;DIKIYTIMYAN.ru;
2024-01-01;DIM-UY.ru;
2024-01-01;DIMSTAR.ru;
2024-01-01;DINSON.ru;
2024-01-01;DIPLOMPRIZNAN.ru;
2024-01-01;DISCOUNTPHARMACY.ru;
2024-01-01;DISFUNKCII.ru;
2024-01-01;DISK-SHINA.ru;
2024-01-01;DIVAN-KUPIL.ru;
2024-01-01;DIVANIKUPIT.ru;
2024-01-01;DIVANITA.ru;
2024-01-01;DIVANKUPIL.ru;
2024-01-01;DIVANKUPLYU.ru;
2024-01-01;DIVANYKUPIT.ru;
2024-01-01;DIVEINTO.ru;
2024-01-01;DIVIDEBYNULL.ru;
2024-01-01;DIVIDENTI.ru;
2024-01-01;DIVINGSERVICE.ru;
2024-01-01;DIVKAPITAL.ru;
2024-01-01;DIVNAYAROZA.ru;
2024-01-01;DIVOLOT.ru;
2024-01-01;DIZAYNDEKO.ru;
2024-01-01;DJANGOBLOG.ru;
2024-01-01;DKAL.ru;
2024-01-01;DKGG.ru;
2024-01-01;DKKG.ru;
2024-01-01;DKNE.ru;
2024-01-01;DKRK.ru;
2024-01-01;DKVW.ru;
2024-01-01;DLAE.ru;
2024-01-01;DLAL.ru;
2024-01-01;DLAR.ru;
2024-01-01;DLBR.ru;
2024-01-01;DLDD.ru;
2024-01-01;DLDG.ru;
2024-01-01;DLDI.ru;
2024-01-01;DLDM.ru;
2024-01-01;DLDN.ru;
2024-01-01;DLDR.ru;
2024-01-01;DLDT.ru;
2024-01-01;DLEI.ru;
2024-01-01;DLEO.ru;
2024-01-01;DLHG.ru;
2024-01-01;DLID.ru;
2024-01-01;DLII.ru;
2024-01-01;DLIR.ru;
2024-01-01;DLKG.ru;
2024-01-01;DLLI.ru;
2024-01-01;DLLM.ru;
2024-01-01;DLLN.ru;
2024-01-01;DLLO.ru;
2024-01-01;DLLT.ru;
2024-01-01;DLME.ru;
2024-01-01;DLMI.ru;
2024-01-01;DLMM.ru;
2024-01-01;DLMN.ru;
2024-01-01;DLND.ru;
2024-01-01;DLNE.ru;
2024-01-01;DLNI.ru;
2024-01-01;DLNM.ru;
2024-01-01;DLNO.ru;
2024-01-01;DLOA.ru;
2024-01-01;DLOE.ru;
2024-01-01;DLOI.ru;
2024-01-01;DLRE.ru;
2024-01-01;DLRI.ru;
2024-01-01;DLRL.ru;
2024-01-01;DLRM.ru;
2024-01-01;DLRO.ru;
2024-01-01;DLSL.ru;
2024-01-01;DLTI.ru;
2024-01-01;DLTL.ru;
2024-01-01;DLTN.ru;
2024-01-01;DLTO.ru;
2024-01-01;DLTT.ru;
2024-01-01;DLVA.ru;
2024-01-01;DMAKSIM.ru;
2024-01-01;DMD-HINKALNAYA.ru;
2024-01-01;DMESTO.ru;
2024-01-01;DMG-GARAGE.ru;
2024-01-01;DMINNIGAREEV.ru;
2024-01-01;DMITRIYMASHIN.ru;
2024-01-01;DMITROVKUZNEC.ru;
2024-01-01;DMLD.ru;
2024-01-01;DMLL.ru;
2024-01-01;DMLM.ru;
2024-01-01;DMLN.ru;
2024-01-01;DMLO.ru;
2024-01-01;DMLR.ru;
2024-01-01;DMML.ru;
2024-01-01;DMNL.ru;
2024-01-01;DMODULE.ru;
2024-01-01;DMS-FASAD.ru;
2024-01-01;DMUC.ru;
2024-01-01;DNCK.ru;
2024-01-01;DNLE.ru;
2024-01-01;DNLI.ru;
2024-01-01;DNLL.ru;
2024-01-01;DNLT.ru;
2024-01-01;DNNL.ru;
2024-01-01;DNOG.ru;
2024-01-01;DNOL.ru;
2024-01-01;DNRL.ru;
2024-01-01;DO-SHKOLNIK.ru;
2024-01-01;DOBKA.ru;
2024-01-01;DOBKO.ru;
2024-01-01;DOBROGNOM.ru;
2024-01-01;DOBROGROUP.ru;
2024-01-01;DOBROOREN.ru;
2024-01-01;DOBROUNION.ru;
2024-01-01;DOCKMATE.ru;
2024-01-01;DOCTORVEV.ru;
2024-01-01;DOGMADOG.ru;
2024-01-01;DOGROSE.ru;
2024-01-01;DOJU.ru;
2024-01-01;DOLANT.ru;
2024-01-01;DOLGUSHOV.ru;
2024-01-01;DOLLARDYNAMO.ru;
2024-01-01;DOM-NASOSOV.ru;
2024-01-01;DOM-NEVA.ru;
2024-01-01;DOM-PUMPS.ru;
2024-01-01;DOM44QUAKE.ru;
2024-01-01;DOMA-CENTR.ru;
2024-01-01;DOMA-CITY.ru;
2024-01-01;DOMA-PODKLUCH.ru;
2024-01-01;DOMACENTR.ru;
2024-01-01;DOMAIN-ARENDA.ru;
2024-01-01;DOMAINARENDA.ru;
2024-01-01;DOMAINSHARK.ru;
2024-01-01;DOMAINTEKA.ru;
2024-01-01;DOMAKINO.ru;
2024-01-01;DOMARIORAIN.ru;
2024-01-01;DOMASHNYMIR.ru;
2024-01-01;DOMAV.ru;
2024-01-01;DOMAVITO.ru;
2024-01-01;DOMBITSERVIS.ru;
2024-01-01;DOMEKAN.ru;
2024-01-01;DOMEN-ARENDA.ru;
2024-01-01;DOMENTM.ru;
2024-01-01;DOMFUTURA.ru;
2024-01-01;DOMKUPTSA.ru;
2024-01-01;DOMOZNAIKA.ru;
2024-01-01;DOMPUMPS.ru;
2024-01-01;DOMRIN.ru;
2024-01-01;DOMROZY.ru;
2024-01-01;DOMTRIZ.ru;
2024-01-01;DOMVKRD.ru;
2024-01-01;DONGXU.ru;
2024-01-01;DONOHARM.ru;
2024-01-01;DOOSHA.ru;
2024-01-01;DORAMALIV.ru;
2024-01-01;DORAMALOVE.ru;
2024-01-01;DORNIN.ru;
2024-01-01;DORNOV.ru;
2024-01-01;DORONENKOVA.ru;
2024-01-01;DORONI.ru;
2024-01-01;DOSKARIK.ru;
2024-01-01;DOSKAV.ru;
2024-01-01;DOSTAVKA-BILETOV.ru;
2024-01-01;DOSUG-IRK.ru;
2024-01-01;DOT-ART.ru;
2024-01-01;DOTUWAR.ru;
2024-01-01;DOUA.ru;
2024-01-01;DOUBLEBED.ru;
2024-01-01;DOWNOR.ru;
2024-01-01;DOYAN.ru;
2024-01-01;DPAA.ru;
2024-01-01;DPBA.ru;
2024-01-01;DPDK.ru;
2024-01-01;DPGG.ru;
2024-01-01;DPQP.ru;
2024-01-01;DRAGAT.ru;
2024-01-01;DRAKOROG.ru;
2024-01-01;DRAMALIVE.ru;
2024-01-01;DRBAUER.ru;
2024-01-01;DRCL.ru;
2024-01-01;DREAMARCH.ru;
2024-01-01;DREAMFORALL.ru;
2024-01-01;DREAMICON.ru;
2024-01-01;DREAMMAIL.ru;
2024-01-01;DREAMTEAMACADEMY.ru;
2024-01-01;DREER.ru;
2024-01-01;DREMER.ru;
2024-01-01;DREVITS.ru;
2024-01-01;DREZER.ru;
2024-01-01;DREZIN.ru;
2024-01-01;DRGA.ru;
2024-01-01;DRHA.ru;
2024-01-01;DRILLUNION.ru;
2024-01-01;DRILLWORK.ru;
2024-01-01;DRIMLA.ru;
2024-01-01;DRINKDRIVE.ru;
2024-01-01;DRIVE-AHEAD.ru;
2024-01-01;DRIVE-UP.ru;
2024-01-01;DRIVEID.ru;
2024-01-01;DRIVEMODE.ru;
2024-01-01;DRIVERSUPPORT.ru;
2024-01-01;DRIVERX.ru;
2024-01-01;DRKR.ru;
2024-01-01;DRLA.ru;
2024-01-01;DRLD.ru;
2024-01-01;DRLO.ru;
2024-01-01;DRLR.ru;
2024-01-01;DRLT.ru;
2024-01-01;DRNL.ru;
2024-01-01;DROBOTA.ru;
2024-01-01;DRONEN.ru;
2024-01-01;DRONESWAR.ru;
2024-01-01;DRQR.ru;
2024-01-01;DRRL.ru;
2024-01-01;DRTL.ru;
2024-01-01;DRUET.ru;
2024-01-01;DRUPAL-SEO.ru;
2024-01-01;DRUPALSEO.ru;
2024-01-01;DRUVO.ru;
2024-01-01;DRUZEVA.ru;
2024-01-01;DRYUKOV.ru;
2024-01-01;DSDF.ru;
2024-01-01;DSDG.ru;
2024-01-01;DSDL.ru;
2024-01-01;DSGL.ru;
2024-01-01;DSLI.ru;
2024-01-01;DSLL.ru;
2024-01-01;DSNQ.ru;
2024-01-01;DSS-KORVER.ru;
2024-01-01;DSTREMONT.ru;
2024-01-01;DSTROITEL.ru;
2024-01-01;DTFW.ru;
2024-01-01;DTHL.ru;
2024-01-01;DTIL.ru;
2024-01-01;DTRL.ru;
2024-01-01;DTS36.ru;
2024-01-01;DUBVKUBE.ru;
2024-01-01;DUHI21.ru;
2024-01-01;DUJU.ru;
2024-01-01;DUKLU.ru;
2024-01-01;DUNAT.ru;
2024-01-01;DUPC.ru;
2024-01-01;DUPLEV.ru;
2024-01-01;DUPLICATED.ru;
2024-01-01;DURANI.ru;
2024-01-01;DUROP.ru;
2024-01-01;DUTSKOV.ru;
2024-01-01;DUVES.ru;
2024-01-01;DUVITT.ru;
2024-01-01;DUVRI.ru;
2024-01-01;DVDL.ru;
2024-01-01;DVERI-TVERDIY-ZNAK.ru;
2024-01-01;DVERI-VOS.ru;
2024-01-01;DVERIGORODA.ru;
2024-01-01;DVERNOI-STYLE.ru;
2024-01-01;DVEZ.ru;
2024-01-01;DVOG.ru;
2024-01-01;DVREKLAMA.ru;
2024-01-01;DVSAUTO.ru;
2024-01-01;DXGU.ru;
2024-01-01;DXTU.ru;
2024-01-01;DXVK.ru;
2024-01-01;DYESTUDIO.ru;
2024-01-01;DYGU.ru;
2024-01-01;DYKU.ru;
2024-01-01;DYMU.ru;
2024-01-01;DYSON-ONLINE.ru;
2024-01-01;DZARAN.ru;
2024-01-01;E-BOND.ru;
2024-01-01;E-BOOM.ru;
2024-01-01;E-CARPOOL.ru;
2024-01-01;E-FON.ru;
2024-01-01;E-KAR.ru;
2024-01-01;E-MAILMARKETING.ru;
2024-01-01;E-MONSTER.ru;
2024-01-01;E-TECHNIK.ru;
2024-01-01;E-VILKA.ru;
2024-01-01;EAAL.ru;
2024-01-01;EADL.ru;
2024-01-01;EALD.ru;
2024-01-01;EALG.ru;
2024-01-01;EALN.ru;
2024-01-01;EALU.ru;
2024-01-01;EANL.ru;
2024-01-01;EARN-CRYPTO.ru;
2024-01-01;EASY-VENT.ru;
2024-01-01;EASYDIRECTOR.ru;
2024-01-01;EASYSHIPS.ru;
2024-01-01;EATGREENS.ru;
2024-01-01;EAVG.ru;
2024-01-01;EAVISION.ru;
2024-01-01;EBAVYKIN.ru;
2024-01-01;EBFG.ru;
2024-01-01;EBLC.ru;
2024-01-01;EBNE.ru;
2024-01-01;ECHO-TV.ru;
2024-01-01;ECKY.ru;
2024-01-01;ECLF.ru;
2024-01-01;ECO-BIZ.ru;
2024-01-01;ECO-DRIVER.ru;
2024-01-01;ECO-GRIB.ru;
2024-01-01;ECO-KAPITAL.ru;
2024-01-01;ECO-SPIRIT.ru;
2024-01-01;ECOCHADO.ru;
2024-01-01;ECOFINDER.ru;
2024-01-01;ECOFOOD24.ru;
2024-01-01;ECOKAPITAL.ru;
2024-01-01;ECOLABOR.ru;
2024-01-01;ECOLUS.ru;
2024-01-01;ECONOMHOTELS.ru;
2024-01-01;ECONOMISER.ru;
2024-01-01;ECOPROMIN.ru;
2024-01-01;ECOS-GROUP.ru;
2024-01-01;ECOSTAGE.ru;
2024-01-01;ECOVENTS.ru;
2024-01-01;ECPKT.ru;
2024-01-01;ECYU.ru;
2024-01-01;EDAFORYOU.ru;
2024-01-01;EDATAKIDA.ru;
2024-01-01;EDDL.ru;
2024-01-01;EDILGREEN.ru;
2024-01-01;EDINAROSS.ru;
2024-01-01;EDISKONT.ru;
2024-01-01;EDKG.ru;
2024-01-01;EDLD.ru;
2024-01-01;EDML.ru;
2024-01-01;EDRL.ru;
2024-01-01;EDUCATIONGUIDE.ru;
2024-01-01;EDUSOV.ru;
2024-01-01;EEAL.ru;
2024-01-01;EEBE.ru;
2024-01-01;EEDL.ru;
2024-01-01;EEFREMENKO.ru;
2024-01-01;EEIL.ru;
2024-01-01;EELD.ru;
2024-01-01;EELM.ru;
2024-01-01;EELN.ru;
2024-01-01;EELR.ru;
2024-01-01;EELT.ru;
2024-01-01;EEMU.ru;
2024-01-01;EENL.ru;
2024-01-01;EEOL.ru;
2024-01-01;EESL.ru;
2024-01-01;EETL.ru;
2024-01-01;EEVC.ru;
2024-01-01;EFAPOV.ru;
2024-01-01;EFIKOV.ru;
2024-01-01;EFOE.ru;
2024-01-01;EGCR.ru;
2024-01-01;EGHA.ru;
2024-01-01;EGORGOVORIN.ru;
2024-01-01;EGR24.ru;
2024-01-01;EGURNEV.ru;
2024-01-01;EHEG.ru;
2024-01-01;EHHS.ru;
2024-01-01;EHIR.ru;
2024-01-01;EHNE.ru;
2024-01-01;EHOC.ru;
2024-01-01;EHOTV.ru;
2024-01-01;EHUA.ru;
2024-01-01;EIAL.ru;
2024-01-01;EIEL.ru;
2024-01-01;EIGL.ru;
2024-01-01;EIGU.ru;
2024-01-01;EIHP.ru;
2024-01-01;EIIL.ru;
2024-01-01;EIJET.ru;
2024-01-01;EILD.ru;
2024-01-01;EILL.ru;
2024-01-01;EILN.ru;
2024-01-01;EILU.ru;
2024-01-01;EIML.ru;
2024-01-01;EINL.ru;
2024-01-01;EINSTEINSTORE.ru;
2024-01-01;EIOL.ru;
2024-01-01;EIRL.ru;
2024-01-01;EIVU.ru;
2024-01-01;EIWO.ru;
2024-01-01;EIZP.ru;
2024-01-01;EIZU.ru;
2024-01-01;EJEN.ru;
2024-01-01;EKAT24.ru;
2024-01-01;EKBPECHI.ru;
2024-01-01;EKIE.ru;
2024-01-01;EKJU.ru;
2024-01-01;EKKY.ru;
2024-01-01;EKO-CAPITAL.ru;
2024-01-01;EKO-X.ru;
2024-01-01;EKOCAPITAL.ru;
2024-01-01;EKOFINANCE.ru;
2024-01-01;EKOLIN.ru;
2024-01-01;EKOLOGIE.ru;
2024-01-01;EKONOMNOE-OTOPLENIE.ru;
2024-01-01;EKRONA.ru;
2024-01-01;EKSPERT-X.ru;
2024-01-01;EKSPERTX.ru;
2024-01-01;EKTG.ru;
2024-01-01;EKVADRAT.ru;
2024-01-01;EKVIDAN.ru;
2024-01-01;EKVJ.ru;
2024-01-01;ELAMKOVA.ru;
2024-01-01;ELAUTONOM.ru;
2024-01-01;ELDD.ru;
2024-01-01;ELDT.ru;
2024-01-01;ELECPM.ru;
2024-01-01;ELECTRICWALLET.ru;
2024-01-01;ELECTRODINAMIKA.ru;
2024-01-01;ELECTROHELPER.ru;
2024-01-01;ELECTROLAND24.ru;
2024-01-01;ELECTRONCO.ru;
2024-01-01;ELECTROSERV.ru;
2024-01-01;ELECTROSMN.ru;
2024-01-01;ELEFANTOPIZZA.ru;
2024-01-01;ELEGANTSMILE.ru;
2024-01-01;ELEKTRIK-NNOVGOROD.ru;
2024-01-01;ELEKTRIKV.ru;
2024-01-01;ELEMENTRY.ru;
2024-01-01;ELEON-PRO.ru;
2024-01-01;ELETEKA.ru;
2024-01-01;ELEVENSPORT.ru;
2024-01-01;ELGRP.ru;
2024-01-01;ELIT-SPA.ru;
2024-01-01;ELITALYANS.ru;
2024-01-01;ELITE-L.ru;
2024-01-01;ELITE-ST.ru;
2024-01-01;ELITSTOM-NN.ru;
2024-01-01;ELKA-M.ru;
2024-01-01;ELLD.ru;
2024-01-01;ELLR.ru;
2024-01-01;ELLT.ru;
2024-01-01;ELMASHIN.ru;
2024-01-01;ELMIRADANCE.ru;
2024-01-01;ELMIRAGIRLS.ru;
2024-01-01;ELMIRAMUSIC.ru;
2024-01-01;ELNR.ru;
2024-01-01;ELRD.ru;
2024-01-01;ELRL.ru;
2024-01-01;ELRR.ru;
2024-01-01;ELYRIA.ru;
2024-01-01;EMAIL-PHOTO.ru;
2024-01-01;EMANOVA.ru;
2024-01-01;EMBURSE.ru;
2024-01-01;EMELYANENKOV.ru;
2024-01-01;EMFD.ru;
2024-01-01;EMHS.ru;
2024-01-01;EMILIFOKS.ru;
2024-01-01;EMIXCLOUD.ru;
2024-01-01;EMLD.ru;
2024-01-01;EMMF.ru;
2024-01-01;EMMV.ru;
2024-01-01;EMNL.ru;
2024-01-01;EMPATIA-NN.ru;
2024-01-01;EMPATIYANN.ru;
2024-01-01;EMPIREO-COSMETICS.ru;
2024-01-01;EMPIRESTATE.ru;
2024-01-01;EMRECAN.ru;
2024-01-01;EMRL.ru;
2024-01-01;EMUE.ru;
2024-01-01;ENDEK.ru;
2024-01-01;ENDET.ru;
2024-01-01;ENDSTYLE.ru;
2024-01-01;ENERGO-PSTVK.ru;
2024-01-01;ENERGY-N.ru;
2024-01-01;ENGINEER-ANTONOV.ru;
2024-01-01;ENLN.ru;
2024-01-01;ENNL.ru;
2024-01-01;ENNZ.ru;
2024-01-01;ENVECO.ru;
2024-01-01;ENVIROGREEN.ru;
2024-01-01;EOAG.ru;
2024-01-01;EOAL.ru;
2024-01-01;EODL.ru;
2024-01-01;EOEL.ru;
2024-01-01;EOGU.ru;
2024-01-01;EOLM.ru;
2024-01-01;EOLN.ru;
2024-01-01;EOLR.ru;
2024-01-01;EOLT.ru;
2024-01-01;EOML.ru;
2024-01-01;EONL.ru;
2024-01-01;EONU.ru;
2024-01-01;EOOC.ru;
2024-01-01;EOOL.ru;
2024-01-01;EOTL.ru;
2024-01-01;EPFX.ru;
2024-01-01;EPIROZHKOVA.ru;
2024-01-01;EPITEKA.ru;
2024-01-01;EPOSTUR.ru;
2024-01-01;EPPG.ru;
2024-01-01;EPRODANOV.ru;
2024-01-01;EQUINOXEUROPE.ru;
2024-01-01;EQUIPMIND.ru;
2024-01-01;ERDL.ru;
2024-01-01;EREMIT.ru;
2024-01-01;ERENS.ru;
2024-01-01;ERLD.ru;
2024-01-01;ERLL.ru;
2024-01-01;ERLR.ru;
2024-01-01;ERMEL.ru;
2024-01-01;ERMOV.ru;
2024-01-01;ERNER.ru;
2024-01-01;ERNOT.ru;
2024-01-01;ERRL.ru;
2024-01-01;ERSHEV.ru;
2024-01-01;ERTOV.ru;
2024-01-01;ERUDIT-NN.ru;
2024-01-01;ESAILING.ru;
2024-01-01;ESDIR.ru;
2024-01-01;ESKART.ru;
2024-01-01;ESKORT-AGENTSTVO.ru;
2024-01-01;ESKOT.ru;
2024-01-01;ESLL.ru;
2024-01-01;ESOBOLEVASOBOLEWA.ru;
2024-01-01;ESRL.ru;
2024-01-01;ESSENSMUSTHAVE.ru;
2024-01-01;ESSENSVIVA.ru;
2024-01-01;ESTETICABH.ru;
2024-01-01;ESTETPODAROK.ru;
2024-01-01;ESTEVO.ru;
2024-01-01;ETALONPROD.ru;
2024-01-01;ETKOV.ru;
2024-01-01;ETLL.ru;
2024-01-01;ETNL.ru;
2024-01-01;ETNOERA.ru;
2024-01-01;ETNOV.ru;
2024-01-01;ETNZ.ru;
2024-01-01;ETOKLIMAT.ru;
2024-01-01;ETOPROKAT.ru;
2024-01-01;ETRUT.ru;
2024-01-01;EUCG.ru;
2024-01-01;EUCU.ru;
2024-01-01;EUDC.ru;
2024-01-01;EUDG.ru;
2024-01-01;EUEC.ru;
2024-01-01;EUHG.ru;
2024-01-01;EULU.ru;
2024-01-01;EUROGAS-LPG.ru;
2024-01-01;EUROGREENS.ru;
2024-01-01;EUROMONDO.ru;
2024-01-01;EUROPE-KLIMAT.ru;
2024-01-01;EUROPLAST-SAMARA.ru;
2024-01-01;EUROSTAMPTOOLING.ru;
2024-01-01;EUROSTROYPROEKT.ru;
2024-01-01;EVA43.ru;
2024-01-01;EVAGLOBAL.ru;
2024-01-01;EVAGR.ru;
2024-01-01;EVAKUATOR-ARHANGELSK.ru;
2024-01-01;EVAKUATOR51.ru;
2024-01-01;EVAKUATOR57.ru;
2024-01-01;EVAKUATOREXPERT.ru;
2024-01-01;EVALI-AGA.ru;
2024-01-01;EVENT-SQUAD.ru;
2024-01-01;EVERESTGLOBAL.ru;
2024-01-01;EVFC.ru;
2024-01-01;EVGENYSMIRNOV98.ru;
2024-01-01;EVING.ru;
2024-01-01;EVLC.ru;
2024-01-01;EVNMC.ru;
2024-01-01;EVO-MED.ru;
2024-01-01;EVOPRAVO.ru;
2024-01-01;EVRAZIYATRADE.ru;
2024-01-01;EVRIKARND.ru;
2024-01-01;EVROKREPEJ.ru;
2024-01-01;EVRONN.ru;
2024-01-01;EVRONORMA.ru;
2024-01-01;EVROSTROY-PLUS.ru;
2024-01-01;EVSHOV.ru;
2024-01-01;EX-FINS.ru;
2024-01-01;EXCLUSIV-STROY.ru;
2024-01-01;EXCLUSIVESOCHI.ru;
2024-01-01;EXE13EXE13.ru;
2024-01-01;EXGU.ru;
2024-01-01;EXIDEPROD.ru;
2024-01-01;EXKAV.ru;
2024-01-01;EXPATSCENTER.ru;
2024-01-01;EXPERT-BANKROT.ru;
2024-01-01;EXPERT-TT.ru;
2024-01-01;EXPLOSIONPROOF.ru;
2024-01-01;EXPO-E.ru;
2024-01-01;EXPRESS-ANALIZ.ru;
2024-01-01;EXPRESSLY.ru;
2024-01-01;EYECHECK.ru;
2024-01-01;EYEMAGIC.ru;
2024-01-01;EYWO.ru;
2024-01-01;EZELEV.ru;
2024-01-01;EZEROV.ru;
2024-01-01;EZFB.ru;
2024-01-01;EZGG.ru;
2024-01-01;EZGU.ru;
2024-01-01;EZHEV.ru;
2024-01-01;EZOGROUP.ru;
2024-01-01;FABDECOR.ru;
2024-01-01;FABERLIC-LOVE-MI.ru;
2024-01-01;FABERLIKOSMETIK.ru;
2024-01-01;FABERLIX.ru;
2024-01-01;FAHG.ru;
2024-01-01;FAIRYSEASON.ru;
2024-01-01;FAMF.ru;
2024-01-01;FAMILY-INVEST.ru;
2024-01-01;FAMILYDAY24.ru;
2024-01-01;FAMILYMATTER.ru;
2024-01-01;FANAI.ru;
2024-01-01;FANMAIL.ru;
2024-01-01;FAOE.ru;
2024-01-01;FAOG.ru;
2024-01-01;FAQ1.ru;
2024-01-01;FARFACE.ru;
2024-01-01;FARMDAR.ru;
2024-01-01;FASG.ru;
2024-01-01;FASH1ON.ru;
2024-01-01;FASONKASPB.ru;
2024-01-01;FASTERNET.ru;
2024-01-01;FASTFIXSERVICE.ru;
2024-01-01;FASTMONEYRU.ru;
2024-01-01;FASTREAD-NN.ru;
2024-01-01;FASTREADNN.ru;
2024-01-01;FASTSOUND.ru;
2024-01-01;FATASS.ru;
2024-01-01;FATBOSS.ru;
2024-01-01;FATCOCK.ru;
2024-01-01;FATEOFSTARS.ru;
2024-01-01;FATLAND.ru;
2024-01-01;FAWAUTO.ru;
2024-01-01;FAYNOV.ru;
2024-01-01;FAZLIEVA.ru;
2024-01-01;FBDL.ru;
2024-01-01;FBEA.ru;
2024-01-01;FBEG.ru;
2024-01-01;FBLG.ru;
2024-01-01;FBOZ.ru;
2024-01-01;FBUG.ru;
2024-01-01;FCGG.ru;
2024-01-01;FCKIROVEC.ru;
2024-01-01;FCLF.ru;
2024-01-01;FDEA.ru;
2024-01-01;FDEG.ru;
2024-01-01;FDHA.ru;
2024-01-01;FDHG.ru;
2024-01-01;FDIA.ru;
2024-01-01;FDLR.ru;
2024-01-01;FDPOGOSYAN.ru;
2024-01-01;FDRR.ru;
2024-01-01;FDUR.ru;
2024-01-01;FEAF.ru;
2024-01-01;FEBM.ru;
2024-01-01;FEDETSOV.ru;
2024-01-01;FEDKUSHEV.ru;
2024-01-01;FEDKUSHOV.ru;
2024-01-01;FEEA.ru;
2024-01-01;FEEDWELL.ru;
2024-01-01;FEERVERKI24.ru;
2024-01-01;FEIVERK.ru;
2024-01-01;FELDSHEROV.ru;
2024-01-01;FELINOLOGI.ru;
2024-01-01;FEMININA.ru;
2024-01-01;FEMININO.ru;
2024-01-01;FERMA-KOMPLEKT.ru;
2024-01-01;FERMA38.ru;
2024-01-01;FERMENTARIUM.ru;
2024-01-01;FERMSTORE.ru;
2024-01-01;FERROMOTORS-MB.ru;
2024-01-01;FERRUMPROF.ru;
2024-01-01;FERSHAM.ru;
2024-01-01;FERYKERR.ru;
2024-01-01;FESHENKOV.ru;
2024-01-01;FESHKO.ru;
2024-01-01;FEYH.ru;
2024-01-01;FEZIN.ru;
2024-01-01;FFBA.ru;
2024-01-01;FFBG.ru;
2024-01-01;FFCG.ru;
2024-01-01;FFER.ru;
2024-01-01;FFFY.ru;
2024-01-01;FFHG.ru;
2024-01-01;FFHZ.ru;
2024-01-01;FFIG.ru;
2024-01-01;FFKS.ru;
2024-01-01;FFMG.ru;
2024-01-01;FFNG.ru;
2024-01-01;FFPA.ru;
2024-01-01;FFTR.ru;
2024-01-01;FFVC.ru;
2024-01-01;FGIG.ru;
2024-01-01;FGOG.ru;
2024-01-01;FGPG.ru;
2024-01-01;FHBG.ru;
2024-01-01;FHDS.ru;
2024-01-01;FHFC.ru;
2024-01-01;FHFH.ru;
2024-01-01;FHGG.ru;
2024-01-01;FHHC.ru;
2024-01-01;FHLL.ru;
2024-01-01;FHMS.ru;
2024-01-01;FHPG.ru;
2024-01-01;FHPR.ru;
2024-01-01;FIBER-OPTICA.ru;
2024-01-01;FIBER-SHOP.ru;
2024-01-01;FIBERA.ru;
2024-01-01;FIDIEVA.ru;
2024-01-01;FIFTYEIGHT.ru;
2024-01-01;FIGHTERSWORLD.ru;
2024-01-01;FILECAVE.ru;
2024-01-01;FILIMONOVCAREER.ru;
2024-01-01;FILIPENKOVA.ru;
2024-01-01;FILMELANE.ru;
2024-01-01;FILMVISION.ru;
2024-01-01;FILTERCOFFEE.ru;
2024-01-01;FILTR24.ru;
2024-01-01;FIN-BLOG.ru;
2024-01-01;FIN-LINE.ru;
2024-01-01;FINAL-PRICE.ru;
2024-01-01;FINANCE-LUX.ru;
2024-01-01;FINANCE-PLAZA.ru;
2024-01-01;FINANCELUX.ru;
2024-01-01;FINECLICK.ru;
2024-01-01;FINEFLEUR.ru;
2024-01-01;FINGERPAINT.ru;
2024-01-01;FINLAND-TOUR.ru;
2024-01-01;FINN-TRAVEL.ru;
2024-01-01;FINNISHSPITZ.ru;
2024-01-01;FINSMARTHUBS.ru;
2024-01-01;FINTECHSERVICE.ru;
2024-01-01;FINTWIN.ru;
2024-01-01;FIRE-KIT.ru;
2024-01-01;FIREKIT.ru;
2024-01-01;FIRESTORM-KARATE.ru;
2024-01-01;FIRESTORMKARATE.ru;
2024-01-01;FIRMASIGMA.ru;
2024-01-01;FIRMOGRAD.ru;
2024-01-01;FIRSTELEVEN.ru;
2024-01-01;FISHEATER.ru;
2024-01-01;FISHMACHINE.ru;
2024-01-01;FISKINET.ru;
2024-01-01;FISTIS.ru;
2024-01-01;FITANDSLIM.ru;
2024-01-01;FITNESS-AURUM.ru;
2024-01-01;FITNESSVIP.ru;
2024-01-01;FITOZRENIE.ru;
2024-01-01;FITSTICK.ru;
2024-01-01;FITTRAIN.ru;
2024-01-01;FITZEN.ru;
2024-01-01;FIXARY.ru;
2024-01-01;FIXERY.ru;
2024-01-01;FIXWAVE.ru;
2024-01-01;FKBG.ru;
2024-01-01;FKHG.ru;
2024-01-01;FKJG.ru;
2024-01-01;FKKC.ru;
2024-01-01;FKKS.ru;
2024-01-01;FKTG.ru;
2024-01-01;FLAGMAN-FINANCE.ru;
2024-01-01;FLAMESCENT.ru;
2024-01-01;FLBS.ru;
2024-01-01;FLCF.ru;
2024-01-01;FLEBUSTA.ru;
2024-01-01;FLEETUP.ru;
2024-01-01;FLEPS.ru;
2024-01-01;FLEX7.ru;
2024-01-01;FLEXTERRA.ru;
2024-01-01;FLFC.ru;
2024-01-01;FLIPGLASS.ru;
2024-01-01;FLIPPINGMAGDALINA.ru;
2024-01-01;FLLA.ru;
2024-01-01;FLLI.ru;
2024-01-01;FLMA.ru;
2024-01-01;FLOBBY.ru;
2024-01-01;FLOMBIK.ru;
2024-01-01;FLOOR-TECH.ru;
2024-01-01;FLORIDAGREEN.ru;
2024-01-01;FLORISTBUTIK.ru;
2024-01-01;FLOWERPEOPLE.ru;
2024-01-01;FLOWERRRTV.ru;
2024-01-01;FLOWFLOWERS.ru;
2024-01-01;FLUCOLDEX.ru;
2024-01-01;FLUCOREM.ru;
2024-01-01;FLUPPYSANYAGAME.ru;
2024-01-01;FLUREVIT.ru;
2024-01-01;FLUSH-ROYAL.ru;
2024-01-01;FLUY.ru;
2024-01-01;FLYBYWORLD.ru;
2024-01-01;FLYCART.ru;
2024-01-01;FLYINGFLOWERS.ru;
2024-01-01;FLYWAYTRAVEL.ru;
2024-01-01;FMDG.ru;
2024-01-01;FMDL.ru;
2024-01-01;FMVA.ru;
2024-01-01;FMVS.ru;
2024-01-01;FNRR.ru;
2024-01-01;FNVR.ru;
2024-01-01;FOJUNE.ru;
2024-01-01;FOMENKOTREE.ru;
2024-01-01;FOMUSHKIN.ru;
2024-01-01;FOODCHAMP.ru;
2024-01-01;FOODKISS.ru;
2024-01-01;FOODPILOT.ru;
2024-01-01;FOODSLAB.ru;
2024-01-01;FOODTO.ru;
2024-01-01;FORAMEBELS.ru;
2024-01-01;FORCEMART.ru;
2024-01-01;FORCEWAVE.ru;
2024-01-01;FOREST-HILL.ru;
2024-01-01;FOREWAY.ru;
2024-01-01;FOREXWIKI.ru;
2024-01-01;FOROVA.ru;
2024-01-01;FORSAGEPARTS.ru;
2024-01-01;FORTEDANCE.ru;
2024-01-01;FORUM-DESTINY-RP.ru;
2024-01-01;FOTOMOTIV.ru;
2024-01-01;FOTOTOSTER.ru;
2024-01-01;FOURSEASONSHOTEL.ru;
2024-01-01;FOXCORE.ru;
2024-01-01;FOXFACE.ru;
2024-01-01;FPFA.ru;
2024-01-01;FPGG.ru;
2024-01-01;FPHG.ru;
2024-01-01;FRANT-RP.ru;
2024-01-01;FRBG.ru;
2024-01-01;FREE-JAZZ.ru;
2024-01-01;FREE-LAND.ru;
2024-01-01;FREECRYPTOCOIN.ru;
2024-01-01;FREEFEELING.ru;
2024-01-01;FREETECHIE.ru;
2024-01-01;FREEZANTE.ru;
2024-01-01;FRENCHNAIL.ru;
2024-01-01;FRENCHTOAST.ru;
2024-01-01;FRESH-1.ru;
2024-01-01;FRESH-TOP.ru;
2024-01-01;FRESH-X.ru;
2024-01-01;FRESH1.ru;
2024-01-01;FREZIUM.ru;
2024-01-01;FRIENDCLOUD.ru;
2024-01-01;FRIMANN.ru;
2024-01-01;FRIME-RP.ru;
2024-01-01;FRITEL.ru;
2024-01-01;FRME.ru;
2024-01-01;FROLLA.ru;
2024-01-01;FRONTME.ru;
2024-01-01;FRRG.ru;
2024-01-01;FRRU.ru;
2024-01-01;FRVC.ru;
2024-01-01;FRVS.ru;
2024-01-01;FSLG.ru;
2024-01-01;FSWL.ru;
2024-01-01;FSXF.ru;
2024-01-01;FTBY.ru;
2024-01-01;FTGG.ru;
2024-01-01;FTHG.ru;
2024-01-01;FTTR.ru;
2024-01-01;FTWR.ru;
2024-01-01;FUGL.ru;
2024-01-01;FULLBLAST.ru;
2024-01-01;FULLMOD.ru;
2024-01-01;FULON.ru;
2024-01-01;FUMINSHOU.ru;
2024-01-01;FUNCOOKING.ru;
2024-01-01;FUNKYCHICKEN.ru;
2024-01-01;FUNNYSWIM.ru;
2024-01-01;FURBES.ru;
2024-01-01;FURTH.ru;
2024-01-01;FUTEVA.ru;
2024-01-01;FUTURAMICADESIGN.ru;
2024-01-01;FUTUREOFCRYPTO.ru;
2024-01-01;FUTURETEC.ru;
2024-01-01;FUTURETECHNO.ru;
2024-01-01;FVAG.ru;
2024-01-01;FVGS.ru;
2024-01-01;FVLS.ru;
2024-01-01;FVRG.ru;
2024-01-01;FVSG.ru;
2024-01-01;FVVG.ru;
2024-01-01;FVYL.ru;
2024-01-01;FXDMAIL.ru;
2024-01-01;FZOZ.ru;
2024-01-01;G-NEXT.ru;
2024-01-01;G-SUIT.ru;
2024-01-01;GAB999.ru;
2024-01-01;GABILENA.ru;
2024-01-01;GAEE.ru;
2024-01-01;GAFUR.ru;
2024-01-01;GAGAEVA.ru;
2024-01-01;GAGEL.ru;
2024-01-01;GAGMAN.ru;
2024-01-01;GAGX.ru;
2024-01-01;GAHG.ru;
2024-01-01;GALAYAN.ru;
2024-01-01;GALISKAR.ru;
2024-01-01;GALOF.ru;
2024-01-01;GAME-MZS.ru;
2024-01-01;GAMENN.ru;
2024-01-01;GAMILYA.ru;
2024-01-01;GAMINGSCHOOL.ru;
2024-01-01;GAMOT.ru;
2024-01-01;GANIK.ru;
2024-01-01;GANKE.ru;
2024-01-01;GANKO.ru;
2024-01-01;GANOT.ru;
2024-01-01;GANSEN.ru;
2024-01-01;GANSON.ru;
2024-01-01;GAOC.ru;
2024-01-01;GAPARCHITECTS.ru;
2024-01-01;GAPKIN.ru;
2024-01-01;GAPONI.ru;
2024-01-01;GAR-DEN.ru;
2024-01-01;GARANT-JURIST.ru;
2024-01-01;GARANTIRE.ru;
2024-01-01;GARANTIRO.ru;
2024-01-01;GARANTSERT.ru;
2024-01-01;GARAZY.ru;
2024-01-01;GAREVA.ru;
2024-01-01;GARIL.ru;
2024-01-01;GARMONIAZHIZNI.ru;
2024-01-01;GARPE.ru;
2024-01-01;GARSONCLUB.ru;
2024-01-01;GARTENTAL.ru;
2024-01-01;GASCAPITAL.ru;
2024-01-01;GASHERD.ru;
2024-01-01;GASLER.ru;
2024-01-01;GASTSTATTE.ru;
2024-01-01;GAUK.ru;
2024-01-01;GAVEEVA.ru;
2024-01-01;GAVRESHOV.ru;
2024-01-01;GAVRILINAMAR.ru;
2024-01-01;GAVRO.ru;
2024-01-01;GAZ-PS.ru;
2024-01-01;GAZOBETON-BLOKI.ru;
2024-01-01;GAZONOLIFE.ru;
2024-01-01;GAZOPRIBOR.ru;
2024-01-01;GAZOSILIKATNYE-BLOKI.ru;
2024-01-01;GAZSCHETCHIK.ru;
2024-01-01;GBCOMP.ru;
2024-01-01;GBDOU95.ru;
2024-01-01;GBEA.ru;
2024-01-01;GBEYE.ru;
2024-01-01;GBRGOV.ru;
2024-01-01;GBSG.ru;
2024-01-01;GCHELPANOV.ru;
2024-01-01;GCKU.ru;
2024-01-01;GCNG.ru;
2024-01-01;GCOG.ru;
2024-01-01;GCPN.ru;
2024-01-01;GCTG.ru;
2024-01-01;GDEVIN.ru;
2024-01-01;GDFG.ru;
2024-01-01;GDGC.ru;
2024-01-01;GDGG.ru;
2024-01-01;GDGS.ru;
2024-01-01;GDKE.ru;
2024-01-01;GDOCS.ru;
2024-01-01;GDOE.ru;
2024-01-01;GDUE.ru;
2024-01-01;GEAE.ru;
2024-01-01;GEBLER.ru;
2024-01-01;GEBNER.ru;
2024-01-01;GEDEEV.ru;
2024-01-01;GEDMIN.ru;
2024-01-01;GEEKCHIC.ru;
2024-01-01;GEEKCREW.ru;
2024-01-01;GEGELO.ru;
2024-01-01;GEKERN.ru;
2024-01-01;GEKERT.ru;
2024-01-01;GELENKO.ru;
2024-01-01;GELGORGAZ.ru;
2024-01-01;GELGUD.ru;
2024-01-01;GELKO.ru;
2024-01-01;GELLIO.ru;
2024-01-01;GEMBIT.ru;
2024-01-01;GEMBITS.ru;
2024-01-01;GEMS-CLUB.ru;
2024-01-01;GENEMAN.ru;
2024-01-01;GENRIK.ru;
2024-01-01;GENSHIT.ru;
2024-01-01;GENTENDER.ru;
2024-01-01;GENZOS84.ru;
2024-01-01;GEOCOMPUTING.ru;
2024-01-01;GEOKOMI.ru;
2024-01-01;GEOTEK77.ru;
2024-01-01;GEPAMIN.ru;
2024-01-01;GEPEL.ru;
2024-01-01;GEPK.ru;
2024-01-01;GERASHENKOV.ru;
2024-01-01;GERBUSH.ru;
2024-01-01;GERCHEN.ru;
2024-01-01;GERDON.ru;
2024-01-01;GERIK.ru;
2024-01-01;GERODIN.ru;
2024-01-01;GERTOV.ru;
2024-01-01;GESKET.ru;
2024-01-01;GESLI.ru;
2024-01-01;GETABLE.ru;
2024-01-01;GETACT.ru;
2024-01-01;GETAGAIN.ru;
2024-01-01;GETAGO.ru;
2024-01-01;GETALLOW.ru;
2024-01-01;GETALREADY.ru;
2024-01-01;GETALSO.ru;
2024-01-01;GETALWAYS.ru;
2024-01-01;GETANOTHER.ru;
2024-01-01;GETAREA.ru;
2024-01-01;GETBAD.ru;
2024-01-01;GETBENEFIT.ru;
2024-01-01;GETBLOOD.ru;
2024-01-01;GETBOY.ru;
2024-01-01;GETBREAK.ru;
2024-01-01;GETCAN.ru;
2024-01-01;GETCATCH.ru;
2024-01-01;GETCUT.ru;
2024-01-01;GETEAT.ru;
2024-01-01;GETELSE.ru;
2024-01-01;GETEMPLOYEE.ru;
2024-01-01;GETEND.ru;
2024-01-01;GETENG.ru;
2024-01-01;GETENOUGH.ru;
2024-01-01;GETENTIRE.ru;
2024-01-01;GETEVER.ru;
2024-01-01;GETEVERY.ru;
2024-01-01;GETEYE.ru;
2024-01-01;GETFAIL.ru;
2024-01-01;GETFALL.ru;
2024-01-01;GETFAMILY.ru;
2024-01-01;GETFATHER.ru;
2024-01-01;GETFEW.ru;
2024-01-01;GETFILL.ru;
2024-01-01;GETHE.ru;
2024-01-01;GETIF.ru;
2024-01-01;GETINDEED.ru;
2024-01-01;GETITS.ru;
2024-01-01;GETKEEP.ru;
2024-01-01;GETLAST.ru;
2024-01-01;GETLOSS.ru;
2024-01-01;GETMAIN.ru;
2024-01-01;GETMANY.ru;
2024-01-01;GETMOTHER.ru;
2024-01-01;GETMUCH.ru;
2024-01-01;GETNO.ru;
2024-01-01;GETNOTICE.ru;
2024-01-01;GETOF.ru;
2024-01-01;GETONCE.ru;
2024-01-01;GETONTO.ru;
2024-01-01;GETOPEN.ru;
2024-01-01;GETOWN.ru;
2024-01-01;GETPARTY.ru;
2024-01-01;GETPEACE.ru;
2024-01-01;GETPER.ru;
2024-01-01;GETPIECE.ru;
2024-01-01;GETPIPE.ru;
2024-01-01;GETSAY.ru;
2024-01-01;GETSERIOUS.ru;
2024-01-01;GETSHOOT.ru;
2024-01-01;GETSIDE.ru;
2024-01-01;GETSIT.ru;
2024-01-01;GETSKILLED.ru;
2024-01-01;GETSO.ru;
2024-01-01;GETSON.ru;
2024-01-01;GETSTREET.ru;
2024-01-01;GETSURE.ru;
2024-01-01;GETTAKE.ru;
2024-01-01;GETTAX.ru;
2024-01-01;GETUPDATESAPP.ru;
2024-01-01;GETWAIT.ru;
2024-01-01;GETWALK.ru;
2024-01-01;GETWIDE.ru;
2024-01-01;GETWRONG.ru;
2024-01-01;GETYOURTRIP.ru;
2024-01-01;GEVORGJAN-7.ru;
2024-01-01;GEXU.ru;
2024-01-01;GEZEN.ru;
2024-01-01;GFAE.ru;
2024-01-01;GFBR.ru;
2024-01-01;GFEE.ru;
2024-01-01;GFFE.ru;
2024-01-01;GFFS.ru;
2024-01-01;GFKC.ru;
2024-01-01;GFOA.ru;
2024-01-01;GFOE.ru;
2024-01-01;GFTR.ru;
2024-01-01;GG-ARENA.ru;
2024-01-01;GGAV.ru;
2024-01-01;GGBA.ru;
2024-01-01;GGBETMAX.ru;
2024-01-01;GGDG.ru;
2024-01-01;GGEA.ru;
2024-01-01;GGHC.ru;
2024-01-01;GGHS.ru;
2024-01-01;GGKS.ru;
2024-01-01;GGNG.ru;
2024-01-01;GGTOTEM.ru;
2024-01-01;GGUG.ru;
2024-01-01;GHAA.ru;
2024-01-01;GHBS.ru;
2024-01-01;GHER.ru;
2024-01-01;GHES.ru;
2024-01-01;GHFA.ru;
2024-01-01;GHGE.ru;
2024-01-01;GHGG.ru;
2024-01-01;GHHS.ru;
2024-01-01;GHLA.ru;
2024-01-01;GHNA.ru;
2024-01-01;GHRE.ru;
2024-01-01;GHRR.ru;
2024-01-01;GHSL.ru;
2024-01-01;GIAE.ru;
2024-01-01;GIARDINOMAGICO.ru;
2024-01-01;GID-SOCHI.ru;
2024-01-01;GIDRANT-PB.ru;
2024-01-01;GIDWORLD.ru;
2024-01-01;GIEG.ru;
2024-01-01;GIFTMODEL.ru;
2024-01-01;GIGIENO.ru;
2024-01-01;GINEKOL-MED.ru;
2024-01-01;GINEKOMED.ru;
2024-01-01;GINOLY.ru;
2024-01-01;GIOA.ru;
2024-01-01;GIOE.ru;
2024-01-01;GITMASTER.ru;
2024-01-01;GITNOR.ru;
2024-01-01;GKEVROSTROI.ru;
2024-01-01;GKFC.ru;
2024-01-01;GKROTOR.ru;
2024-01-01;GKSOVETSKY.ru;
2024-01-01;GLAA.ru;
2024-01-01;GLAMKO.ru;
2024-01-01;GLASSCOVER.ru;
2024-01-01;GLASSWATER.ru;
2024-01-01;GLAVCONCERT.ru;
2024-01-01;GLAVDREVSNAB.ru;
2024-01-01;GLAVMODUL.ru;
2024-01-01;GLBR.ru;
2024-01-01;GLEBTARASOV.ru;
2024-01-01;GLESSI.ru;
2024-01-01;GLEZA.ru;
2024-01-01;GLEZI.ru;
2024-01-01;GLFE.ru;
2024-01-01;GLGU.ru;
2024-01-01;GLIE.ru;
2024-01-01;GLKG.ru;
2024-01-01;GLOBAL-CRYPTO.ru;
2024-01-01;GLOBAL-TOURVL.ru;
2024-01-01;GLOBAL-WILDBERRIES.ru;
2024-01-01;GLOBALWILDBERRIES.ru;
2024-01-01;GLOBCAM.ru;
2024-01-01;GLOBETEAM.ru;
2024-01-01;GLONT.ru;
2024-01-01;GLOOMS.ru;
2024-01-01;GLOWIX.ru;
2024-01-01;GLOWSTICKS.ru;
2024-01-01;GLPR.ru;
2024-01-01;GLSGRUPP.ru;
2024-01-01;GLUETEC-RUSSIA.ru;
2024-01-01;GMFG.ru;
2024-01-01;GMIA.ru;
2024-01-01;GMKR.ru;
2024-01-01;GMONTAGE.ru;
2024-01-01;GNAY.ru;
2024-01-01;GNBG.ru;
2024-01-01;GNEYS.ru;
2024-01-01;GNFG.ru;
2024-01-01;GNGG.ru;
2024-01-01;GNIE.ru;
2024-01-01;GNKC.ru;
2024-01-01;GNNG.ru;
2024-01-01;GNOA.ru;
2024-01-01;GNOE.ru;
2024-01-01;GNOJ.ru;
2024-01-01;GO-LOVE.ru;
2024-01-01;GODFORD.ru;
2024-01-01;GODKO.ru;
2024-01-01;GODS-WRIST.ru;
2024-01-01;GODUSNIK.ru;
2024-01-01;GODWRIST.ru;
2024-01-01;GODZONE.ru;
2024-01-01;GOELEVEN.ru;
2024-01-01;GOHG.ru;
2024-01-01;GOIER.ru;
2024-01-01;GOILO.ru;
2024-01-01;GOINGGREEN.ru;
2024-01-01;GOINGREEN.ru;
2024-01-01;GOLAKOVA.ru;
2024-01-01;GOLANOVA.ru;
2024-01-01;GOLAPPLE.ru;
2024-01-01;GOLD-A.ru;
2024-01-01;GOLDAPPE.ru;
2024-01-01;GOLDAPPL.ru;
2024-01-01;GOLDENI.ru;
2024-01-01;GOLDWICK.ru;
2024-01-01;GOLEK.ru;
2024-01-01;GOLNEVA.ru;
2024-01-01;GOLYANOVA.ru;
2024-01-01;GOMOM.ru;
2024-01-01;GONYAJ.ru;
2024-01-01;GOODFLO.ru;
2024-01-01;GOODFOOD42.ru;
2024-01-01;GOODFOODMOOD.ru;
2024-01-01;GOODOF.ru;
2024-01-01;GOODPROFIL.ru;
2024-01-01;GOODSONG.ru;
2024-01-01;GOODTHERM.ru;
2024-01-01;GOPG.ru;
2024-01-01;GOPON.ru;
2024-01-01;GORDYAKOV.ru;
2024-01-01;GORIHIN.ru;
2024-01-01;GOROD-KEMEROVO.ru;
2024-01-01;GORODA24.ru;
2024-01-01;GORODPEREMEN.ru;
2024-01-01;GOROR.ru;
2024-01-01;GOROVTSOV.ru;
2024-01-01;GORSHA.ru;
2024-01-01;GORTALOVA.ru;
2024-01-01;GORTOV.ru;
2024-01-01;GOSKICLUB.ru;
2024-01-01;GOSTINICA-NN.ru;
2024-01-01;GOSTINICANN.ru;
2024-01-01;GOTAUTO.ru;
2024-01-01;GOTCHI.ru;
2024-01-01;GOTOCLUB.ru;
2024-01-01;GOTOVITVKUSNO.ru;
2024-01-01;GOTRAINER.ru;
2024-01-01;GOTSOV.ru;
2024-01-01;GOVENMENT.ru;
2024-01-01;GOXU.ru;
2024-01-01;GOYLO.ru;
2024-01-01;GPCF.ru;
2024-01-01;GPCL.ru;
2024-01-01;GPDG.ru;
2024-01-01;GRABAREVA.ru;
2024-01-01;GRABOVSKI.ru;
2024-01-01;GRAD-KAPITAL.ru;
2024-01-01;GRAD-X.ru;
2024-01-01;GRADEDOM.ru;
2024-01-01;GRADKAPITAL.ru;
2024-01-01;GRADUSNIKMED.ru;
2024-01-01;GRAND-CMS.ru;
2024-01-01;GRAND-MSK.ru;
2024-01-01;GRANDSTOL.ru;
2024-01-01;GRANDSTROIKA.ru;
2024-01-01;GRANITANGEL.ru;
2024-01-01;GRASHENKOV.ru;
2024-01-01;GRASULOV.ru;
2024-01-01;GRATCH.ru;
2024-01-01;GREATWIN.ru;
2024-01-01;GREEKISLAND.ru;
2024-01-01;GREEN-DOOR.ru;
2024-01-01;GREENABL.ru;
2024-01-01;GREENACCESS.ru;
2024-01-01;GREENACRE.ru;
2024-01-01;GREENACT.ru;
2024-01-01;GREENACTIVE.ru;
2024-01-01;GREENADE.ru;
2024-01-01;GREENAG.ru;
2024-01-01;GREENAGENDA.ru;
2024-01-01;GREENAPE.ru;
2024-01-01;GREENAR.ru;
2024-01-01;GREENAROMA.ru;
2024-01-01;GREENARY.ru;
2024-01-01;GREENASPECT.ru;
2024-01-01;GREENASSET.ru;
2024-01-01;GREENATURE.ru;
2024-01-01;GREENAWARD.ru;
2024-01-01;GREENAWAY.ru;
2024-01-01;GREENBEATS.ru;
2024-01-01;GREENBED.ru;
2024-01-01;GREENBERETS.ru;
2024-01-01;GREENBETS.ru;
2024-01-01;GREENBI.ru;
2024-01-01;GREENBITCOIN.ru;
2024-01-01;GREENBLOCKS.ru;
2024-01-01;GREENBLU.ru;
2024-01-01;GREENBOARDS.ru;
2024-01-01;GREENBORN.ru;
2024-01-01;GREENBOWL.ru;
2024-01-01;GREENBREEZE.ru;
2024-01-01;GREENBUCKS.ru;
2024-01-01;GREENBUDDIES.ru;
2024-01-01;GREENCABIN.ru;
2024-01-01;GREENCACTUS.ru;
2024-01-01;GREENCANDLE.ru;
2024-01-01;GREENCAPS.ru;
2024-01-01;GREENCC.ru;
2024-01-01;GREENCHARM.ru;
2024-01-01;GREENCHINA.ru;
2024-01-01;GREENCLASS.ru;
2024-01-01;GREENCLOTH.ru;
2024-01-01;GREENCRYSTAL.ru;
2024-01-01;GREENDELI.ru;
2024-01-01;GREENDISK.ru;
2024-01-01;GREENDISPLAY.ru;
2024-01-01;GREENDUST.ru;
2024-01-01;GREENDUSTRY.ru;
2024-01-01;GREENEAGLE.ru;
2024-01-01;GREENEASY.ru;
2024-01-01;GREENEAT.ru;
2024-01-01;GREENECON.ru;
2024-01-01;GREENENGLISH.ru;
2024-01-01;GREENERGRASS.ru;
2024-01-01;GREENFAIR.ru;
2024-01-01;GREENFANTASY.ru;
2024-01-01;GREENFARMERS.ru;
2024-01-01;GREENFEAST.ru;
2024-01-01;GREENFI.ru;
2024-01-01;GREENFONDS.ru;
2024-01-01;GREENFORD.ru;
2024-01-01;GREENGAGE.ru;
2024-01-01;GREENGANG.ru;
2024-01-01;GREENGEEK.ru;
2024-01-01;GREENGEM.ru;
2024-01-01;GREENGENIUS.ru;
2024-01-01;GREENGINGER.ru;
2024-01-01;GREENGOLF.ru;
2024-01-01;GREENGRAPE.ru;
2024-01-01;GREENGRID.ru;
2024-01-01;GREENGROWER.ru;
2024-01-01;GREENGUY.ru;
2024-01-01;GREENHEADS.ru;
2024-01-01;GREENHEARTS.ru;
2024-01-01;GREENHEAVEN.ru;
2024-01-01;GREENHEDGES.ru;
2024-01-01;GREENHEROES.ru;
2024-01-01;GREENHONEY.ru;
2024-01-01;GREENHORN.ru;
2024-01-01;GREENHOUSING.ru;
2024-01-01;GREENINDIA.ru;
2024-01-01;GREENIP.ru;
2024-01-01;GREENISM.ru;
2024-01-01;GREENJACK.ru;
2024-01-01;GREENJUICES.ru;
2024-01-01;GREENJUNGLE.ru;
2024-01-01;GREENKIND.ru;
2024-01-01;GREENLABELS.ru;
2024-01-01;GREENLAUNCH.ru;
2024-01-01;GREENLEASE.ru;
2024-01-01;GREENLEGEND.ru;
2024-01-01;GREENLIFF.ru;
2024-01-01;GREENLIVES.ru;
2024-01-01;GREENLIZARD.ru;
2024-01-01;GREENLOGIX.ru;
2024-01-01;GREENLUNCH.ru;
2024-01-01;GREENLUXURY.ru;
2024-01-01;GREENMAMBA.ru;
2024-01-01;GREENMAPLE.ru;
2024-01-01;GREENMATIC.ru;
2024-01-01;GREENMD.ru;
2024-01-01;GREENMINT.ru;
2024-01-01;GREENMODE.ru;
2024-01-01;GREENMONKEYS.ru;
2024-01-01;GREENNANO.ru;
2024-01-01;GREENNINJA.ru;
2024-01-01;GREENONLY.ru;
2024-01-01;GREENONYX.ru;
2024-01-01;GREENOPIA.ru;
2024-01-01;GREENORBIT.ru;
2024-01-01;GREENORE.ru;
2024-01-01;GREENOVATE.ru;
2024-01-01;GREENPAC.ru;
2024-01-01;GREENPACKAGE.ru;
2024-01-01;GREENPALMS.ru;
2024-01-01;GREENPANTRY.ru;
2024-01-01;GREENPARKS.ru;
2024-01-01;GREENPAW.ru;
2024-01-01;GREENPICK.ru;
2024-01-01;GREENPINK.ru;
2024-01-01;GREENPOD.ru;
2024-01-01;GREENPOINTS.ru;
2024-01-01;GREENPOND.ru;
2024-01-01;GREENPURE.ru;
2024-01-01;GREENRELIEF.ru;
2024-01-01;GREENRIOT.ru;
2024-01-01;GREENRUNNER.ru;
2024-01-01;GREENSANTA.ru;
2024-01-01;GREENSCALE.ru;
2024-01-01;GREENSCOOTER.ru;
2024-01-01;GREENSCOUT.ru;
2024-01-01;GREENSEAL.ru;
2024-01-01;GREENSEASONS.ru;
2024-01-01;GREENSEC.ru;
2024-01-01;GREENSEEKER.ru;
2024-01-01;GREENSELECT.ru;
2024-01-01;GREENSHADES.ru;
2024-01-01;GREENSHADOW.ru;
2024-01-01;GREENSHEET.ru;
2024-01-01;GREENSITES.ru;
2024-01-01;GREENSLAND.ru;
2024-01-01;GREENSPEAK.ru;
2024-01-01;GREENSPEC.ru;
2024-01-01;GREENSPICE.ru;
2024-01-01;GREENSPIDER.ru;
2024-01-01;GREENSS.ru;
2024-01-01;GREENSTAY.ru;
2024-01-01;GREENSTUDIOS.ru;
2024-01-01;GREENSTYLING.ru;
2024-01-01;GREENSWAN.ru;
2024-01-01;GREENSWORLD.ru;
2024-01-01;GREENTECK.ru;
2024-01-01;GREENTEXT.ru;
2024-01-01;GREENTHING.ru;
2024-01-01;GREENTHINK.ru;
2024-01-01;GREENTIDE.ru;
2024-01-01;GREENTIP.ru;
2024-01-01;GREENTOKEN.ru;
2024-01-01;GREENTONE.ru;
2024-01-01;GREENTRAFFIC.ru;
2024-01-01;GREENUX.ru;
2024-01-01;GREENVPS.ru;
2024-01-01;GREENWEED.ru;
2024-01-01;GREENWINDOWS.ru;
2024-01-01;GREENWISH.ru;
2024-01-01;GREENWORKING.ru;
2024-01-01;GREENYOUNG.ru;
2024-01-01;GREENZONES.ru;
2024-01-01;GREENZY.ru;
2024-01-01;GRER.ru;
2024-01-01;GRIDASOVAN.ru;
2024-01-01;GRIVKOVA.ru;
2024-01-01;GRIZER.ru;
2024-01-01;GRIZLIARTMETALL.ru;
2024-01-01;GRIZOV.ru;
2024-01-01;GRIZZLYBARBERSHOP-PNZ.ru;
2024-01-01;GRKV.ru;
2024-01-01;GRODIS.ru;
2024-01-01;GROGU.ru;
2024-01-01;GROMEK.ru;
2024-01-01;GROOMPETS.ru;
2024-01-01;GROTUS.ru;
2024-01-01;GROZEN.ru;
2024-01-01;GRRI.ru;
2024-01-01;GRUI.ru;
2024-01-01;GRUNO.ru;
2024-01-01;GRUNT-PESOK.ru;
2024-01-01;GRUNWALD-FIRESPORT.ru;
2024-01-01;GRUSTNEV.ru;
2024-01-01;GRYZOPEREVOZ.ru;
2024-01-01;GS-SOLUTION.ru;
2024-01-01;GSAF.ru;
2024-01-01;GSDEV.ru;
2024-01-01;GSEGAL.ru;
2024-01-01;GSFC.ru;
2024-01-01;GSIG.ru;
2024-01-01;GSOG.ru;
2024-01-01;GTA-EMIRATES.ru;
2024-01-01;GTEG.ru;
2024-01-01;GTFR.ru;
2024-01-01;GTPU.ru;
2024-01-01;GTTA.ru;
2024-01-01;GTTU.ru;
2024-01-01;GTUC.ru;
2024-01-01;GUDIMO.ru;
2024-01-01;GUEE.ru;
2024-01-01;GUIDEIN.ru;
2024-01-01;GUIDEON.ru;
2024-01-01;GUMG.ru;
2024-01-01;GUNAUTO.ru;
2024-01-01;GURDOV.ru;
2024-01-01;GURLEVA.ru;
2024-01-01;GURU-X.ru;
2024-01-01;GUSION.ru;
2024-01-01;GUTEK.ru;
2024-01-01;GUTNEVA.ru;
2024-01-01;GUYUE.ru;
2024-01-01;GVCG.ru;
2024-01-01;GVCM.ru;
2024-01-01;GVEG.ru;
2024-01-01;GVHA.ru;
2024-01-01;GVIA.ru;
2024-01-01;GVLC.ru;
2024-01-01;GVPC.ru;
2024-01-01;GWOT.ru;
2024-01-01;GYGU.ru;
2024-01-01;GYMNETWORK.ru;
2024-01-01;GYROSMART.ru;
2024-01-01;GYROSORIGINAL.ru;
2024-01-01;HABITGO.ru;
2024-01-01;HACKBERRY.ru;
2024-01-01;HACKTHIS.ru;
2024-01-01;HAGNER.ru;
2024-01-01;HAHC.ru;
2024-01-01;HAKINI.ru;
2024-01-01;HALALBAKERY.ru;
2024-01-01;HALALBERRIES.ru;
2024-01-01;HAMIDULLIN-1.ru;
2024-01-01;HAMIDULLINA-1.ru;
2024-01-01;HAMMAMSAUNA.ru;
2024-01-01;HAMTSOV.ru;
2024-01-01;HANDBAGSALE.ru;
2024-01-01;HANDLI.ru;
2024-01-01;HANDRILOV.ru;
2024-01-01;HAPAR.ru;
2024-01-01;HAPPY-CAMPER.ru;
2024-01-01;HAPPY-CHOICE.ru;
2024-01-01;HAPPY-RABBIT.ru;
2024-01-01;HAPPYANGELS.ru;
2024-01-01;HAPPYNEW.ru;
2024-01-01;HAPPYPAYS.ru;
2024-01-01;HARCHENKOV.ru;
2024-01-01;HARTOV.ru;
2024-01-01;HASHY.ru;
2024-01-01;HASKI-JAKLIN.ru;
2024-01-01;HASTAMARKET.ru;
2024-01-01;HASTASKILL.ru;
2024-01-01;HASTEM.ru;
2024-01-01;HAUE.ru;
2024-01-01;HAVELOV.ru;
2024-01-01;HAYK4500.ru;
2024-01-01;HBAS.ru;
2024-01-01;HBEG.ru;
2024-01-01;HBFB.ru;
2024-01-01;HBHA.ru;
2024-01-01;HBIA.ru;
2024-01-01;HBKC.ru;
2024-01-01;HBKR.ru;
2024-01-01;HBMA.ru;
2024-01-01;HBPA.ru;
2024-01-01;HBTF.ru;
2024-01-01;HBUR.ru;
2024-01-01;HBVA.ru;
2024-01-01;HBXB.ru;
2024-01-01;HCBE.ru;
2024-01-01;HCDG.ru;
2024-01-01;HCFG.ru;
2024-01-01;HCGA.ru;
2024-01-01;HCIG.ru;
2024-01-01;HCNG.ru;
2024-01-01;HCOA.ru;
2024-01-01;HCOG.ru;
2024-01-01;HCUC.ru;
2024-01-01;HCVG.ru;
2024-01-01;HDAG.ru;
2024-01-01;HDEG.ru;
2024-01-01;HDFR.ru;
2024-01-01;HDGR.ru;
2024-01-01;HDGS.ru;
2024-01-01;HDHS.ru;
2024-01-01;HDKS.ru;
2024-01-01;HDNN.ru;
2024-01-01;HDPG.ru;
2024-01-01;HDRL.ru;
2024-01-01;HDTR.ru;
2024-01-01;HDVG.ru;
2024-01-01;HEAE.ru;
2024-01-01;HEALTHCAMP.ru;
2024-01-01;HEALUS.ru;
2024-01-01;HEBEA.ru;
2024-01-01;HEFNERCLUB.ru;
2024-01-01;HEGLET.ru;
2024-01-01;HEKR.ru;
2024-01-01;HELIAS.ru;
2024-01-01;HELLOBRO.ru;
2024-01-01;HELLOTTEC.ru;
2024-01-01;HELLOWIFI.ru;
2024-01-01;HELSION.ru;
2024-01-01;HEROUT.ru;
2024-01-01;HEVU.ru;
2024-01-01;HEXU.ru;
2024-01-01;HFDG.ru;
2024-01-01;HFHS.ru;
2024-01-01;HFIG.ru;
2024-01-01;HFMS.ru;
2024-01-01;HFPG.ru;
2024-01-01;HFSA.ru;
2024-01-01;HGCA.ru;
2024-01-01;HGDS.ru;
2024-01-01;HGFS.ru;
2024-01-01;HGLC.ru;
2024-01-01;HGNM.ru;
2024-01-01;HGXR.ru;
2024-01-01;HGXX.ru;
2024-01-01;HH88.ru;
2024-01-01;HHBS.ru;
2024-01-01;HHDR.ru;
2024-01-01;HHELEN.ru;
2024-01-01;HHGA.ru;
2024-01-01;HHHA.ru;
2024-01-01;HHMA.ru;
2024-01-01;HHNA.ru;
2024-01-01;HHNE.ru;
2024-01-01;HHPS.ru;
2024-01-01;HHRA.ru;
2024-01-01;HICG.ru;
2024-01-01;HIEE.ru;
2024-01-01;HIGHSCREEN-SUPPORT.ru;
2024-01-01;HIGHTECHWAVE.ru;
2024-01-01;HIIH.ru;
2024-01-01;HILOG.ru;
2024-01-01;HIMCHANE.ru;
2024-01-01;HINEW.ru;
2024-01-01;HIREDEV.ru;
2024-01-01;HIROMANTKA.ru;
2024-01-01;HISLAB.ru;
2024-01-01;HITCOUNT.ru;
2024-01-01;HIUG.ru;
2024-01-01;HIVENET.ru;
2024-01-01;HKBA.ru;
2024-01-01;HKBG.ru;
2024-01-01;HKDA.ru;
2024-01-01;HKEA.ru;
2024-01-01;HKGG.ru;
2024-01-01;HKIE.ru;
2024-01-01;HKIR.ru;
2024-01-01;HKKS.ru;
2024-01-01;HKLM.ru;
2024-01-01;HKMV.ru;
2024-01-01;HKNA.ru;
2024-01-01;HKPA.ru;
2024-01-01;HKPM.ru;
2024-01-01;HKRR.ru;
2024-01-01;HKSR.ru;
2024-01-01;HKTR.ru;
2024-01-01;HLAZ.ru;
2024-01-01;HLBRS.ru;
2024-01-01;HLEE.ru;
2024-01-01;HLEVNIKOV.ru;
2024-01-01;HLGC.ru;
2024-01-01;HLGR.ru;
2024-01-01;HLGS.ru;
2024-01-01;HLKC.ru;
2024-01-01;HLLG.ru;
2024-01-01;HLNA.ru;
2024-01-01;HLOPENKOVA.ru;
2024-01-01;HLSR.ru;
2024-01-01;HLUDEEVA.ru;
2024-01-01;HLVC.ru;
2024-01-01;HMCE.ru;
2024-01-01;HMDE.ru;
2024-01-01;HMFG.ru;
2024-01-01;HMGC.ru;
2024-01-01;HMHS.ru;
2024-01-01;HMIA.ru;
2024-01-01;HMKG.ru;
2024-01-01;HMOBI.ru;
2024-01-01;HMOC.ru;
2024-01-01;HMRA.ru;
2024-01-01;HMTA.ru;
2024-01-01;HMTG.ru;
2024-01-01;HMUG.ru;
2024-01-01;HMVS.ru;
2024-01-01;HNAA.ru;
2024-01-01;HNBA.ru;
2024-01-01;HNBG.ru;
2024-01-01;HNER.ru;
2024-01-01;HNGO.ru;
2024-01-01;HNHA.ru;
2024-01-01;HNIS.ru;
2024-01-01;HNKG.ru;
2024-01-01;HNLS.ru;
2024-01-01;HNNA.ru;
2024-01-01;HNNC.ru;
2024-01-01;HNOA.ru;
2024-01-01;HNPS.ru;
2024-01-01;HNRA.ru;
2024-01-01;HNSR.ru;
2024-01-01;HNTG.ru;
2024-01-01;HNTS.ru;
2024-01-01;HNVC.ru;
2024-01-01;HNYP.ru;
2024-01-01;HODEEVA.ru;
2024-01-01;HODOSOV.ru;
2024-01-01;HOFMANRUSSIA.ru;
2024-01-01;HOHC.ru;
2024-01-01;HOHR.ru;
2024-01-01;HOLD-3446.ru;
2024-01-01;HOLDMYHAND.ru;
2024-01-01;HOLDSTILL.ru;
2024-01-01;HOLIKOV.ru;
2024-01-01;HOLLYGREEN.ru;
2024-01-01;HOLMDESIGN.ru;
2024-01-01;HOLSPYRFUMEHZ.ru;
2024-01-01;HOME-STOCK.ru;
2024-01-01;HOMEALARMS.ru;
2024-01-01;HONDAK.ru;
2024-01-01;HONDAMARIN.ru;
2024-01-01;HOOKAH-ARENDA.ru;
2024-01-01;HOOKAHMANIA.ru;
2024-01-01;HOPUNOV.ru;
2024-01-01;HOPYLAND.ru;
2024-01-01;HORENKOV.ru;
2024-01-01;HORIZONT-HOST.ru;
2024-01-01;HORSERADISH.ru;
2024-01-01;HOST-NN.ru;
2024-01-01;HOSTING-PRO25.ru;
2024-01-01;HOTANGELS.ru;
2024-01-01;HOTCART.ru;
2024-01-01;HOTCHENKOV.ru;
2024-01-01;HOTCORE.ru;
2024-01-01;HOTCROSS.ru;
2024-01-01;HOTEL-COM.ru;
2024-01-01;HOTEL-OKTYABRSKAYA.ru;
2024-01-01;HOTEL-SILVA.ru;
2024-01-01;HOTELAFALINA.ru;
2024-01-01;HOTELNOVA.ru;
2024-01-01;HOTELSILVA.ru;
2024-01-01;HOTFAN.ru;
2024-01-01;HOVRENKOV.ru;
2024-01-01;HOVRYAKOV.ru;
2024-01-01;HOZOV.ru;
2024-01-01;HOZYAINOV.ru;
2024-01-01;HPAE.ru;
2024-01-01;HPAG.ru;
2024-01-01;HPAL.ru;
2024-01-01;HPDG.ru;
2024-01-01;HPGE.ru;
2024-01-01;HPLA.ru;
2024-01-01;HPLG.ru;
2024-01-01;HPLS.ru;
2024-01-01;HPML.ru;
2024-01-01;HPRG.ru;
2024-01-01;HPRR.ru;
2024-01-01;HPTA.ru;
2024-01-01;HPUG.ru;
2024-01-01;HQGU.ru;
2024-01-01;HQPR.ru;
2024-01-01;HR-MASTER.ru;
2024-01-01;HRBE.ru;
2024-01-01;HRBG.ru;
2024-01-01;HRCE.ru;
2024-01-01;HREPTUGOV.ru;
2024-01-01;HRFRIEND.ru;
2024-01-01;HRHG.ru;
2024-01-01;HRIA.ru;
2024-01-01;HRIPKOV.ru;
2024-01-01;HRITONENKOV.ru;
2024-01-01;HROMULINA.ru;
2024-01-01;HRPA.ru;
2024-01-01;HRRA.ru;
2024-01-01;HRUSHOV.ru;
2024-01-01;HRVG.ru;
2024-01-01;HRYN.ru;
2024-01-01;HRYP.ru;
2024-01-01;HSIL.ru;
2024-01-01;HSMF.ru;
2024-01-01;HSMR.ru;
2024-01-01;HSRL.ru;
2024-01-01;HSSF.ru;
2024-01-01;HTBW.ru;
2024-01-01;HTDL.ru;
2024-01-01;HTEE.ru;
2024-01-01;HTGG.ru;
2024-01-01;HTGH.ru;
2024-01-01;HTHS.ru;
2024-01-01;HTIE.ru;
2024-01-01;HTKG.ru;
2024-01-01;HTSF.ru;
2024-01-01;HTUS.ru;
2024-01-01;HUAG.ru;
2024-01-01;HUB-SHARING.ru;
2024-01-01;HUBAR.ru;
2024-01-01;HUBSHARING.ru;
2024-01-01;HUCKWEAR.ru;
2024-01-01;HUDANOV.ru;
2024-01-01;HUDOTEPLOV.ru;
2024-01-01;HUGECLOUDS.ru;
2024-01-01;HUHS.ru;
2024-01-01;HUIE.ru;
2024-01-01;HUNTLAB.ru;
2024-01-01;HUVC.ru;
2024-01-01;HUVU.ru;
2024-01-01;HVAA.ru;
2024-01-01;HVBA.ru;
2024-01-01;HVDG.ru;
2024-01-01;HVHS.ru;
2024-01-01;HVIS.ru;
2024-01-01;HVLC.ru;
2024-01-01;HVLE.ru;
2024-01-01;HVLG.ru;
2024-01-01;HVNA.ru;
2024-01-01;HVNG.ru;
2024-01-01;HVNS.ru;
2024-01-01;HVVC.ru;
2024-01-01;HWDG.ru;
2024-01-01;HXNB.ru;
2024-01-01;HYDRO-S.ru;
2024-01-01;HYDROTEHNOLOGY.ru;
2024-01-01;HYGGO.ru;
2024-01-01;HYPERHASH.ru;
2024-01-01;HYPERLOG.ru;
2024-01-01;HYPERTARGET.ru;
2024-01-01;HYPETV.ru;
2024-01-01;I-EST.ru;
2024-01-01;I-GORK.ru;
2024-01-01;I-SIGN.ru;
2024-01-01;I-STREAM.ru;
2024-01-01;I2026.ru;
2024-01-01;IAAL.ru;
2024-01-01;IADF.ru;
2024-01-01;IADL.ru;
2024-01-01;IAGAIN.ru;
2024-01-01;IAGU.ru;
2024-01-01;IALD.ru;
2024-01-01;IALN.ru;
2024-01-01;IALONG.ru;
2024-01-01;IALSO.ru;
2024-01-01;IALWAYS.ru;
2024-01-01;IANDRIEVSKAYA.ru;
2024-01-01;IANL.ru;
2024-01-01;IAOL.ru;
2024-01-01;IARTICLE.ru;
2024-01-01;IAUS.ru;
2024-01-01;IBCIKO.ru;
2024-01-01;IBDR.ru;
2024-01-01;IBEHIND.ru;
2024-01-01;IBETWEEN.ru;
2024-01-01;IBNG.ru;
2024-01-01;IBROTHER.ru;
2024-01-01;IBSICO.ru;
2024-01-01;IBSIKO.ru;
2024-01-01;IBUHAROV.ru;
2024-01-01;IBVE.ru;
2024-01-01;ICEFUSE.ru;
2024-01-01;ICGU.ru;
2024-01-01;ICLAIM.ru;
2024-01-01;ICOCOIN.ru;
2024-01-01;ICOCRYPTO.ru;
2024-01-01;ICOTOKEN.ru;
2024-01-01;ID-TEAM.ru;
2024-01-01;ID00491.ru;
2024-01-01;ID04491.ru;
2024-01-01;ID04961.ru;
2024-01-01;ID04963.ru;
2024-01-01;ID05491.ru;
2024-01-01;ID178.ru;
2024-01-01;ID195737.ru;
2024-01-01;ID285731.ru;
2024-01-01;ID385711.ru;
2024-01-01;ID58050.ru;
2024-01-01;ID58052.ru;
2024-01-01;ID58053.ru;
2024-01-01;ID58054.ru;
2024-01-01;ID5926.ru;
2024-01-01;ID5928.ru;
2024-01-01;ID842547895.ru;
2024-01-01;IDDG.ru;
2024-01-01;IDDY.ru;
2024-01-01;IDEA-FACTORY.ru;
2024-01-01;IDEA48.ru;
2024-01-01;IDEAKIT.ru;
2024-01-01;IDEED.ru;
2024-01-01;IDHL.ru;
2024-01-01;IDLD.ru;
2024-01-01;IDLL.ru;
2024-01-01;IDLN.ru;
2024-01-01;IDLR.ru;
2024-01-01;IDNL.ru;
2024-01-01;IDOWN.ru;
2024-01-01;IDTL.ru;
2024-01-01;IEAL.ru;
2024-01-01;IEBG.ru;
2024-01-01;IECONOMIC.ru;
2024-01-01;IEDL.ru;
2024-01-01;IEEL.ru;
2024-01-01;IEFFORT.ru;
2024-01-01;IEFG.ru;
2024-01-01;IEHA.ru;
2024-01-01;IEHG.ru;
2024-01-01;IEIL.ru;
2024-01-01;IEIZ.ru;
2024-01-01;IEKG.ru;
2024-01-01;IELAA.ru;
2024-01-01;IELL.ru;
2024-01-01;IELN.ru;
2024-01-01;IELR.ru;
2024-01-01;IENL.ru;
2024-01-01;IEOL.ru;
2024-01-01;IERG.ru;
2024-01-01;IERL.ru;
2024-01-01;IEUS.ru;
2024-01-01;IEVS.ru;
2024-01-01;IEXPECT.ru;
2024-01-01;IEXPLAIN.ru;
2024-01-01;IFAIL.ru;
2024-01-01;IFALL.ru;
2024-01-01;IFEELING.ru;
2024-01-01;IFINISH.ru;
2024-01-01;IFKG.ru;
2024-01-01;IFPF.ru;
2024-01-01;IGHC.ru;
2024-01-01;IGKG.ru;
2024-01-01;IGNATOVI.ru;
2024-01-01;IHGE.ru;
2024-01-01;IHGG.ru;
2024-01-01;IHLC.ru;
2024-01-01;IHMM.ru;
2024-01-01;IHNC.ru;
2024-01-01;IHPL.ru;
2024-01-01;IHUGE.ru;
2024-01-01;IHUSBAND.ru;
2024-01-01;IIAL.ru;
2024-01-01;IIBE.ru;
2024-01-01;IIBG.ru;
2024-01-01;IIDL.ru;
2024-01-01;IIEG.ru;
2024-01-01;IIEL.ru;
2024-01-01;IIJJ.ru;
2024-01-01;IILA.ru;
2024-01-01;IILD.ru;
2024-01-01;IILG.ru;
2024-01-01;IILM.ru;
2024-01-01;IILR.ru;
2024-01-01;IILS.ru;
2024-01-01;IILT.ru;
2024-01-01;IINL.ru;
2024-01-01;IIOC.ru;
2024-01-01;IIOL.ru;
2024-01-01;IIRL.ru;
2024-01-01;IISL.ru;
2024-01-01;IJLI.ru;
2024-01-01;IKALFA.ru;
2024-01-01;IKDE.ru;
2024-01-01;IKGT.ru;
2024-01-01;IKOE.ru;
2024-01-01;IKRESK.ru;
2024-01-01;IKRIN.ru;
2024-01-01;IKT-KAZAN.ru;
2024-01-01;IKUE.ru;
2024-01-01;ILDL.ru;
2024-01-01;ILDN.ru;
2024-01-01;ILDR.ru;
2024-01-01;ILDT.ru;
2024-01-01;ILEFT.ru;
2024-01-01;ILFL.ru;
2024-01-01;ILLD.ru;
2024-01-01;ILLM.ru;
2024-01-01;ILLN.ru;
2024-01-01;ILLR.ru;
2024-01-01;ILLT.ru;
2024-01-01;ILND.ru;
2024-01-01;ILNE.ru;
2024-01-01;ILNI.ru;
2024-01-01;ILNL.ru;
2024-01-01;ILNR.ru;
2024-01-01;ILOVECRAFT.ru;
2024-01-01;ILRD.ru;
2024-01-01;ILRL.ru;
2024-01-01;ILRR.ru;
2024-01-01;ILSL.ru;
2024-01-01;ILSM.ru;
2024-01-01;ILTL.ru;
2024-01-01;ILTN.ru;
2024-01-01;ILYINKA318.ru;
2024-01-01;IMAGINARYFRIENDS.ru;
2024-01-01;IMEROV.ru;
2024-01-01;IMLD.ru;
2024-01-01;IMLL.ru;
2024-01-01;IMML.ru;
2024-01-01;IMMZ.ru;
2024-01-01;IMNL.ru;
2024-01-01;IMPACTERA.ru;
2024-01-01;IMPERIAL-DETAILING.ru;
2024-01-01;IMPLANTAV.ru;
2024-01-01;IMPORTANTE.ru;
2024-01-01;IMPORTNN.ru;
2024-01-01;IMPREGNANT.ru;
2024-01-01;IMPULS-OPTTORG.ru;
2024-01-01;IMRL.ru;
2024-01-01;IMYSELF.ru;
2024-01-01;INBL.ru;
2024-01-01;INCEPTIONISM.ru;
2024-01-01;INCOLINE.ru;
2024-01-01;INDECOR-FRANSHIZA.ru;
2024-01-01;INDIANICA.ru;
2024-01-01;INDIATICA.ru;
2024-01-01;INFILIN.ru;
2024-01-01;INFINITYILLUSION.ru;
2024-01-01;INFO-CLIENTS.ru;
2024-01-01;INFO-HELPING.ru;
2024-01-01;INFO-SLIV.ru;
2024-01-01;INFOGRAMOTA.ru;
2024-01-01;INFOKAD.ru;
2024-01-01;INFORMBOOK.ru;
2024-01-01;INGLEZ.ru;
2024-01-01;INGOODSHAPE.ru;
2024-01-01;INGSTORE.ru;
2024-01-01;INGUSTO.ru;
2024-01-01;INISMI.ru;
2024-01-01;INKLADOVKA.ru;
2024-01-01;INLD.ru;
2024-01-01;INLT.ru;
2024-01-01;INNERBEAST.ru;
2024-01-01;INNOPLANETA.ru;
2024-01-01;INOXCOM.ru;
2024-01-01;INQZ.ru;
2024-01-01;INSPIREBOT.ru;
2024-01-01;INSPIRELAND.ru;
2024-01-01;INSTADATE.ru;
2024-01-01;INSTAGRAMSTORIES.ru;
2024-01-01;INSTAMAKE.ru;
2024-01-01;INSTASHOPS.ru;
2024-01-01;INSTRUK24.ru;
2024-01-01;INSURE-IT.ru;
2024-01-01;INTECHAVTO.ru;
2024-01-01;INTEGRADOM.ru;
2024-01-01;INTELLEKTPATENT.ru;
2024-01-01;INTELLERY.ru;
2024-01-01;INTER-VIDENIE.ru;
2024-01-01;INTERACTIVETV.ru;
2024-01-01;INTERCOST.ru;
2024-01-01;INTERVIDENIE-2025.ru;
2024-01-01;INTERVIDENIE2025.ru;
2024-01-01;INTERVYO.ru;
2024-01-01;INTIMUSLUGIBIJSK.ru;
2024-01-01;INURPITER.ru;
2024-01-01;INVEST-L.ru;
2024-01-01;INVESTGEOSERVICE.ru;
2024-01-01;INVESTING-1.ru;
2024-01-01;INVESTING-CRYPTO.ru;
2024-01-01;INVESTINGGROUP.ru;
2024-01-01;INVESTPAPA.ru;
2024-01-01;INVESTWALL.ru;
2024-01-01;INVITEGROUP.ru;
2024-01-01;INVTB.ru;
2024-01-01;IO-PRODUCTION.ru;
2024-01-01;IOAL.ru;
2024-01-01;IOBD2.ru;
2024-01-01;IOCG.ru;
2024-01-01;IODL.ru;
2024-01-01;IOEL.ru;
2024-01-01;IOLL.ru;
2024-01-01;IOLN.ru;
2024-01-01;IOLT.ru;
2024-01-01;IOLU.ru;
2024-01-01;IOML.ru;
2024-01-01;IONEXCHANGE.ru;
2024-01-01;IONL.ru;
2024-01-01;IONLY.ru;
2024-01-01;IONOVPRO.ru;
2024-01-01;IONSYSTEMS.ru;
2024-01-01;IOSL.ru;
2024-01-01;IOT-CLOUD.ru;
2024-01-01;IOTLOFT.ru;
2024-01-01;IOTWAY.ru;
2024-01-01;IOVC.ru;
2024-01-01;IOVER.ru;
2024-01-01;IOWL.ru;
2024-01-01;IOZU.ru;
2024-01-01;IPHG.ru;
2024-01-01;IPHONEZONE.ru;
2024-01-01;IPSCRATING.ru;
2024-01-01;IPSVICH.ru;
2024-01-01;IPSVN.ru;
2024-01-01;IPULL.ru;
2024-01-01;IQQT.ru;
2024-01-01;IQTRACK.ru;
2024-01-01;IQUH.ru;
2024-01-01;IRBIS-TYRES.ru;
2024-01-01;IRBITAGRO.ru;
2024-01-01;IRBIZINO.ru;
2024-01-01;IREDUCE.ru;
2024-01-01;IRINA-LI-PH.ru;
2024-01-01;IRINAFORMARS.ru;
2024-01-01;IRKTRAVEL.ru;
2024-01-01;IRLD.ru;
2024-01-01;IRLL.ru;
2024-01-01;IRLN.ru;
2024-01-01;IRLO.ru;
2024-01-01;IRLR.ru;
2024-01-01;IRMER.ru;
2024-01-01;IRML.ru;
2024-01-01;IRONCUSTOM.ru;
2024-01-01;IRONDRAGON.ru;
2024-01-01;IRPEN.ru;
2024-01-01;IRRY.ru;
2024-01-01;IRUSLAN077.ru;
2024-01-01;IRYM.ru;
2024-01-01;ISEEV.ru;
2024-01-01;ISERIOUS.ru;
2024-01-01;ISHEEV.ru;
2024-01-01;ISHKODA.ru;
2024-01-01;ISINCE.ru;
2024-01-01;ISINGLE.ru;
2024-01-01;ISLL.ru;
2024-01-01;ISLS.ru;
2024-01-01;ISMO2016.ru;
2024-01-01;ISOCARD.ru;
2024-01-01;ISOGRAM.ru;
2024-01-01;ISOLDER.ru;
2024-01-01;ISOLET.ru;
2024-01-01;ISOMELT.ru;
2024-01-01;ISOON.ru;
2024-01-01;ISOPAD.ru;
2024-01-01;ISOPRIME.ru;
2024-01-01;ISOTONE.ru;
2024-01-01;ISOTOPNN.ru;
2024-01-01;ISTAKE.ru;
2024-01-01;ISTROV.ru;
2024-01-01;IT-MA.ru;
2024-01-01;ITALIUA.ru;
2024-01-01;ITAPUA.ru;
2024-01-01;ITECHLAND.ru;
2024-01-01;ITGROM.ru;
2024-01-01;ITLUKASHIN.ru;
2024-01-01;ITSMYHEALTH.ru;
2024-01-01;ITUMAT.ru;
2024-01-01;IUBA.ru;
2024-01-01;IUBE.ru;
2024-01-01;IUCR.ru;
2024-01-01;IUGR.ru;
2024-01-01;IUMC.ru;
2024-01-01;IUMU.ru;
2024-01-01;IUPA.ru;
2024-01-01;IUSH.ru;
2024-01-01;IV-STROY.ru;
2024-01-01;IVAHNOV.ru;
2024-01-01;IVANA-BABUSHKINA.ru;
2024-01-01;IVANSHTANKO.ru;
2024-01-01;IVANSID.ru;
2024-01-01;IVANSTROYI.ru;
2024-01-01;IVANVASILIEVPEONY.ru;
2024-01-01;IVCENTR.ru;
2024-01-01;IVHR.ru;
2024-01-01;IVL-STORE.ru;
2024-01-01;IVMEGASHOP.ru;
2024-01-01;IVNC.ru;
2024-01-01;IVPE.ru;
2024-01-01;IVYEDGE.ru;
2024-01-01;IXRP.ru;
2024-01-01;IXXS.ru;
2024-01-01;IYOUNG.ru;
2024-01-01;IZIMEI.ru;
2024-01-01;IZOHOV.ru;
2024-01-01;IZOPROF.ru;
2024-01-01;JACINTA.ru;
2024-01-01;JADEGREEN.ru;
2024-01-01;JAGUARCARS.ru;
2024-01-01;JAZZDAYS.ru;
2024-01-01;JBSP.ru;
2024-01-01;JEANS-DISCOUNT.ru;
2024-01-01;JEEPNN.ru;
2024-01-01;JEFFNET.ru;
2024-01-01;JEGU.ru;
2024-01-01;JEKU.ru;
2024-01-01;JET-NN.ru;
2024-01-01;JETFLEX.ru;
2024-01-01;JETLEADS.ru;
2024-01-01;JETLIN.ru;
2024-01-01;JETPRIVATE.ru;
2024-01-01;JEWLERY.ru;
2024-01-01;JEXU.ru;
2024-01-01;JFLA.ru;
2024-01-01;JIAOYISUO.ru;
2024-01-01;JIXU.ru;
2024-01-01;JLIV.ru;
2024-01-01;JOB-PEOPLE.ru;
2024-01-01;JOBEL.ru;
2024-01-01;JOGGERS.ru;
2024-01-01;JOJY.ru;
2024-01-01;JOPD.ru;
2024-01-01;JOVU.ru;
2024-01-01;JOXU.ru;
2024-01-01;JPTM.ru;
2024-01-01;JSCS.ru;
2024-01-01;JUKONOHOVA.ru;
2024-01-01;JULIEKIM.ru;
2024-01-01;JUNCUS.ru;
2024-01-01;JUNGLETIME.ru;
2024-01-01;JUNKYFUNKY.ru;
2024-01-01;JURIDICHESKY.ru;
2024-01-01;JUST-LEX.ru;
2024-01-01;JUST-ONE.ru;
2024-01-01;JUSTAMOMENT.ru;
2024-01-01;JUSTBIG.ru;
2024-01-01;JUSTCATCH.ru;
2024-01-01;JUSTIQ.ru;
2024-01-01;JUSTROAD.ru;
2024-01-01;JUSTSTOP.ru;
2024-01-01;JUTOL.ru;
2024-01-01;JUTRUSOVA.ru;
2024-01-01;JUVU.ru;
2024-01-01;JUXU.ru;
2024-01-01;JVAY.ru;
2024-01-01;JWWJ.ru;
2024-01-01;JYBY.ru;
2024-01-01;K-VIDEO.ru;
2024-01-01;K4YOU.ru;
2024-01-01;KABOT.ru;
2024-01-01;KACHUROVA.ru;
2024-01-01;KAD24.ru;
2024-01-01;KADEL.ru;
2024-01-01;KADG.ru;
2024-01-01;KAFETEKA.ru;
2024-01-01;KAGARLITSKY.ru;
2024-01-01;KAGEL.ru;
2024-01-01;KAIJURO.ru;
2024-01-01;KAIUI.ru;
2024-01-01;KAIY.ru;
2024-01-01;KAKADUNN.ru;
2024-01-01;KALINNIKOVA.ru;
2024-01-01;KALTYKOV.ru;
2024-01-01;KALYL.ru;
2024-01-01;KAMAFOREST.ru;
2024-01-01;KAMENNOOSTROVSKY.ru;
2024-01-01;KAMENNYI-DOM.ru;
2024-01-01;KAMIN-CITY.ru;
2024-01-01;KAMIN-X.ru;
2024-01-01;KAMINV.ru;
2024-01-01;KAMLEO.ru;
2024-01-01;KAMNELOMKA.ru;
2024-01-01;KANALIYA.ru;
2024-01-01;KANALIZASIA.ru;
2024-01-01;KANBANWAY.ru;
2024-01-01;KANC-OFFICE.ru;
2024-01-01;KANDINSKYAI.ru;
2024-01-01;KAPELNITSI.ru;
2024-01-01;KAPITAL-OK.ru;
2024-01-01;KAPITAL-PARTNER.ru;
2024-01-01;KAPITAL-ROS.ru;
2024-01-01;KAPITALOK.ru;
2024-01-01;KAPITALPARTNER.ru;
2024-01-01;KAPITALROS.ru;
2024-01-01;KAPROVICH.ru;
2024-01-01;KARATE-FIRESTORM.ru;
2024-01-01;KARATEFIRESTORM.ru;
2024-01-01;KARAVANA.ru;
2024-01-01;KARHOV.ru;
2024-01-01;KARIKOVA.ru;
2024-01-01;KARKASMODUL.ru;
2024-01-01;KARKASNYE-DOM.ru;
2024-01-01;KARLPSY.ru;
2024-01-01;KARTINKI36.ru;
2024-01-01;KARTINYMASLOM.ru;
2024-01-01;KARTOGR.ru;
2024-01-01;KARYAKINVS.ru;
2024-01-01;KASHBIEV.ru;
2024-01-01;KASHINOV.ru;
2024-01-01;KASPEROS.ru;
2024-01-01;KATEMA.ru;
2024-01-01;KATIAMEM1981.ru;
2024-01-01;KATLE.ru;
2024-01-01;KATYUSHA-DV.ru;
2024-01-01;KAVGSM.ru;
2024-01-01;KAVKAZ-NOMERA.ru;
2024-01-01;KAYIY.ru;
2024-01-01;KAZINOPINUP2024.ru;
2024-01-01;KAZLOV.ru;
2024-01-01;KB-I.ru;
2024-01-01;KBBA.ru;
2024-01-01;KBHG.ru;
2024-01-01;KBKG.ru;
2024-01-01;KBKU.ru;
2024-01-01;KBNG.ru;
2024-01-01;KBOC.ru;
2024-01-01;KBVG.ru;
2024-01-01;KBVR.ru;
2024-01-01;KCNA.ru;
2024-01-01;KCOA.ru;
2024-01-01;KDDA.ru;
2024-01-01;KDF-23.ru;
2024-01-01;KDFG.ru;
2024-01-01;KDHA.ru;
2024-01-01;KDKA.ru;
2024-01-01;KDLA.ru;
2024-01-01;KDPA.ru;
2024-01-01;KDUG.ru;
2024-01-01;KDVG.ru;
2024-01-01;KEBABTOWN.ru;
2024-01-01;KEEPFIGHTING.ru;
2024-01-01;KEFALA.ru;
2024-01-01;KEJU.ru;
2024-01-01;KEKIN.ru;
2024-01-01;KELLYSQT.ru;
2024-01-01;KEPIG.ru;
2024-01-01;KERAMATEL.ru;
2024-01-01;KERAMZITDOSTAVKA.ru;
2024-01-01;KERMIK.ru;
2024-01-01;KESAREVA.ru;
2024-01-01;KESHBECK.ru;
2024-01-01;KESOL.ru;
2024-01-01;KETONOW.ru;
2024-01-01;KEYSAI.ru;
2024-01-01;KEYSBOX.ru;
2024-01-01;KFBA.ru;
2024-01-01;KFDA.ru;
2024-01-01;KFKG.ru;
2024-01-01;KFOG.ru;
2024-01-01;KFPL.ru;
2024-01-01;KGBA.ru;
2024-01-01;KGCA.ru;
2024-01-01;KGCC.ru;
2024-01-01;KGIA.ru;
2024-01-01;KGIG.ru;
2024-01-01;KGSR.ru;
2024-01-01;KGTV.ru;
2024-01-01;KHBS.ru;
2024-01-01;KHEG.ru;
2024-01-01;KHFA.ru;
2024-01-01;KHGC.ru;
2024-01-01;KHHC.ru;
2024-01-01;KHLA.ru;
2024-01-01;KHPG.ru;
2024-01-01;KHRA.ru;
2024-01-01;KHRG.ru;
2024-01-01;KHUA.ru;
2024-01-01;KHVC.ru;
2024-01-01;KIDLABS.ru;
2024-01-01;KIDNEYSTONE.ru;
2024-01-01;KIDNN.ru;
2024-01-01;KIDS-PRIKIDS.ru;
2024-01-01;KIDS-REVIEW.ru;
2024-01-01;KIDSCLUBBALAM.ru;
2024-01-01;KIDSFABRICS.ru;
2024-01-01;KIDSNN.ru;
2024-01-01;KIDZONE-ONLINE.ru;
2024-01-01;KIFIN.ru;
2024-01-01;KIGLER.ru;
2024-01-01;KIKLES.ru;
2024-01-01;KILG.ru;
2024-01-01;KILLERFICHA.ru;
2024-01-01;KINAST.ru;
2024-01-01;KINDERGYM.ru;
2024-01-01;KINDERLINE-CO.ru;
2024-01-01;KINGTEST.ru;
2024-01-01;KINNETIQ.ru;
2024-01-01;KINOEVENTS.ru;
2024-01-01;KINOLAIF.ru;
2024-01-01;KINOTEATRE.ru;
2024-01-01;KINOZORRO.ru;
2024-01-01;KIOG.ru;
2024-01-01;KIPFIN.ru;
2024-01-01;KIPR-TUR.ru;
2024-01-01;KIREV.ru;
2024-01-01;KIRILLEG.ru;
2024-01-01;KIRKARPOWA.ru;
2024-01-01;KIRKOR.ru;
2024-01-01;KISSIT.ru;
2024-01-01;KIT-FIRE.ru;
2024-01-01;KITAROVA.ru;
2024-01-01;KITFIRE.ru;
2024-01-01;KIXU.ru;
2024-01-01;KIYI.ru;
2024-01-01;KKDG.ru;
2024-01-01;KKFD.ru;
2024-01-01;KKHS.ru;
2024-01-01;KKPG.ru;
2024-01-01;KKSE.ru;
2024-01-01;KKZN.ru;
2024-01-01;KLADKOVA.ru;
2024-01-01;KLASSIK-NN.ru;
2024-01-01;KLBG.ru;
2024-01-01;KLEEBLATT.ru;
2024-01-01;KLEENORA.ru;
2024-01-01;KLEND.ru;
2024-01-01;KLEOPINA.ru;
2024-01-01;KLFS.ru;
2024-01-01;KLGG.ru;
2024-01-01;KLHG.ru;
2024-01-01;KLIK4.ru;
2024-01-01;KLIMAT-PROEKT.ru;
2024-01-01;KLIMAT-SYSTEMA.ru;
2024-01-01;KLIMATN.ru;
2024-01-01;KLIMATSYSTEMA.ru;
2024-01-01;KLISH.ru;
2024-01-01;KLLA.ru;
2024-01-01;KLTE.ru;
2024-01-01;KLTG.ru;
2024-01-01;KLUBNOVAYAYA.ru;
2024-01-01;KNABE.ru;
2024-01-01;KNCA.ru;
2024-01-01;KNIFEHIT.ru;
2024-01-01;KNIGAOMSK.ru;
2024-01-01;KNLG.ru;
2024-01-01;KNMAIL.ru;
2024-01-01;KNUC.ru;
2024-01-01;KNUE.ru;
2024-01-01;KNYAZANDREY.ru;
2024-01-01;KOBLE.ru;
2024-01-01;KOCHMAREVA.ru;
2024-01-01;KOD-EX.ru;
2024-01-01;KOFEWORKS.ru;
2024-01-01;KOLBANOVA.ru;
2024-01-01;KOLBO.ru;
2024-01-01;KOLIZEY-HIFI.ru;
2024-01-01;KOLOKINA-ATELIER.ru;
2024-01-01;KOLOTOV-ACADEMIC.ru;
2024-01-01;KOLYAPOCH.ru;
2024-01-01;KOMARDINA.ru;
2024-01-01;KOMARITO.ru;
2024-01-01;KOMDEL.ru;
2024-01-01;KOMFORTTECH.ru;
2024-01-01;KOMOZOVA.ru;
2024-01-01;KOMPRESSIONKA.ru;
2024-01-01;KOMPRESSORAM.ru;
2024-01-01;KOMPSCHOOL.ru;
2024-01-01;KOMRAD982.ru;
2024-01-01;KOMSHUKOV.ru;
2024-01-01;KONDAKOVV.ru;
2024-01-01;KONDRAEV.ru;
2024-01-01;KONIM.ru;
2024-01-01;KONKURSPESNI.ru;
2024-01-01;KONKVADRO.ru;
2024-01-01;KONSTREYD.ru;
2024-01-01;KONVERSE.ru;
2024-01-01;KONVERTE.ru;
2024-01-01;KOPEISKDOM.ru;
2024-01-01;KOPYOV.ru;
2024-01-01;KOPYTKOVA.ru;
2024-01-01;KOROBKISHOP.ru;
2024-01-01;KORODER.ru;
2024-01-01;KOROLOFF.ru;
2024-01-01;KORRAWORLD.ru;
2024-01-01;KORZON.ru;
2024-01-01;KOSHAEV.ru;
2024-01-01;KOSKISILVA.ru;
2024-01-01;KOSMETOLOGY-PROJECT.ru;
2024-01-01;KOSOPALOVA.ru;
2024-01-01;KOTATINOVA.ru;
2024-01-01;KOTENSHTEIN.ru;
2024-01-01;KOTONAEVA.ru;
2024-01-01;KOTOPESIA.ru;
2024-01-01;KOVKA-X.ru;
2024-01-01;KOVKAART.ru;
2024-01-01;KOVKAX.ru;
2024-01-01;KOVSHIKOV.ru;
2024-01-01;KOVZHAROV.ru;
2024-01-01;KOXU.ru;
2024-01-01;KOZHURKINA.ru;
2024-01-01;KPGA.ru;
2024-01-01;KPICHERREMONTY24.ru;
2024-01-01;KPPL.ru;
2024-01-01;KR39.ru;
2024-01-01;KRANPROM.ru;
2024-01-01;KRAPKA.ru;
2024-01-01;KRASARBA.ru;
2024-01-01;KRASNODARCHIP.ru;
2024-01-01;KRATKOSROCHKA.ru;
2024-01-01;KREMENEVA.ru;
2024-01-01;KREMTRAVA.ru;
2024-01-01;KRETER.ru;
2024-01-01;KRGA.ru;
2024-01-01;KRILIA.ru;
2024-01-01;KRINOV.ru;
2024-01-01;KRIPTOSAFE.ru;
2024-01-01;KRISTE.ru;
2024-01-01;KRISTINASTADNIK.ru;
2024-01-01;KRISTINAZVYKOVA.ru;
2024-01-01;KRLA.ru;
2024-01-01;KROHASVERBILOVA.ru;
2024-01-01;KROHINA.ru;
2024-01-01;KROLNEWS.ru;
2024-01-01;KROMSTAL.ru;
2024-01-01;KRONERPARTS.ru;
2024-01-01;KROVLYA-DA-FASAD.ru;
2024-01-01;KROVOV.ru;
2024-01-01;KRRE.ru;
2024-01-01;KRUIZOFF.ru;
2024-01-01;KRULEV.ru;
2024-01-01;KRUPLEVA.ru;
2024-01-01;KRUTENEVA.ru;
2024-01-01;KRUTIEVA.ru;
2024-01-01;KRUTOGON.ru;
2024-01-01;KRYLATSKAYA.ru;
2024-01-01;KSCL.ru;
2024-01-01;KSENI-VIT.ru;
2024-01-01;KSUC.ru;
2024-01-01;KSUG.ru;
2024-01-01;KT-IX.ru;
2024-01-01;KTAA.ru;
2024-01-01;KTCENTR.ru;
2024-01-01;KTITOROVA.ru;
2024-01-01;KTOO.ru;
2024-01-01;KTTE.ru;
2024-01-01;KTVA.ru;
2024-01-01;KU-C.ru;
2024-01-01;KUANSHPAEV.ru;
2024-01-01;KUBOMETRIKA.ru;
2024-01-01;KUDEP.ru;
2024-01-01;KUGG.ru;
2024-01-01;KUHNI-RASPRODAZHA.ru;
2024-01-01;KUHNI-X.ru;
2024-01-01;KUHNIMEDVED.ru;
2024-01-01;KUHNISTONE.ru;
2024-01-01;KUHNIT.ru;
2024-01-01;KUHNYA-NAZAKAZ.ru;
2024-01-01;KUHTINKA.ru;
2024-01-01;KUHTOV.ru;
2024-01-01;KUKLA-LOL.ru;
2024-01-01;KUKUZYAKI.ru;
2024-01-01;KULABUHOV.ru;
2024-01-01;KULASOV.ru;
2024-01-01;KULER-SPB.ru;
2024-01-01;KULINARIYADOM.ru;
2024-01-01;KULTURASE.ru;
2024-01-01;KUNAT.ru;
2024-01-01;KUNTSOV.ru;
2024-01-01;KUPIDOMV.ru;
2024-01-01;KUPIT-OKNAMSK.ru;
2024-01-01;KUPLIA.ru;
2024-01-01;KUPLUKVARTIRU.ru;
2024-01-01;KUPLYUDIVAN.ru;
2024-01-01;KURBUL.ru;
2024-01-01;KURIE7233.ru;
2024-01-01;KURIE7234.ru;
2024-01-01;KURIER7376.ru;
2024-01-01;KURNASOVA.ru;
2024-01-01;KURSAKOVA.ru;
2024-01-01;KURSKSSM.ru;
2024-01-01;KURSYMINI.ru;
2024-01-01;KUSHENKOV.ru;
2024-01-01;KUSHEVA.ru;
2024-01-01;KUTUZOVSKY-36.ru;
2024-01-01;KUTUZOVSKY10.ru;
2024-01-01;KUTUZOVSKY11.ru;
2024-01-01;KUTUZOVSKY13.ru;
2024-01-01;KUTUZOVSKY15.ru;
2024-01-01;KUTUZOVSKY16.ru;
2024-01-01;KUTUZOVSKY17.ru;
2024-01-01;KUTUZOVSKY18.ru;
2024-01-01;KUTUZOVSKY19.ru;
2024-01-01;KUTUZOVSKY2.ru;
2024-01-01;KUTUZOVSKY20.ru;
2024-01-01;KUTUZOVSKY21.ru;
2024-01-01;KUTUZOVSKY23.ru;
2024-01-01;KUTUZOVSKY25.ru;
2024-01-01;KUTUZOVSKY3.ru;
2024-01-01;KUTUZOVSKY32.ru;
2024-01-01;KUTUZOVSKY33.ru;
2024-01-01;KUTUZOVSKY34.ru;
2024-01-01;KUTUZOVSKY36.ru;
2024-01-01;KUTUZOVSKY37.ru;
2024-01-01;KUTUZOVSKY39.ru;
2024-01-01;KUTUZOVSKY41.ru;
2024-01-01;KUTUZOVSKY43.ru;
2024-01-01;KUTUZOVSKY45.ru;
2024-01-01;KUTUZOVSKY6.ru;
2024-01-01;KUTUZOVSKY7.ru;
2024-01-01;KUTUZOVSKY8.ru;
2024-01-01;KUTUZOVSKY9.ru;
2024-01-01;KUZMICHEV-WORK.ru;
2024-01-01;KUZOVOVA.ru;
2024-01-01;KVALOV.ru;
2024-01-01;KVANT-BIO.ru;
2024-01-01;KVANTPPC.ru;
2024-01-01;KVCNN.ru;
2024-01-01;KVETKINA.ru;
2024-01-01;KVINETS.ru;
2024-01-01;KVIZBOT.ru;
2024-01-01;KVLR.ru;
2024-01-01;KVOLCHEK.ru;
2024-01-01;KVPA.ru;
2024-01-01;KVSUTKI.ru;
2024-01-01;KWNV.ru;
2024-01-01;KXFD.ru;
2024-01-01;KXMM.ru;
2024-01-01;KXST.ru;
2024-01-01;KY-TECH.ru;
2024-01-01;KYCU.ru;
2024-01-01;KYGU.ru;
2024-01-01;KYLU.ru;
2024-01-01;KYRGYZDAR.ru;
2024-01-01;KYTIPORN.ru;
2024-01-01;KYTOPORN.ru;
2024-01-01;KYTPPORN.ru;
2024-01-01;KYTTPORN.ru;
2024-01-01;KYTUPORN.ru;
2024-01-01;KYTYPORN.ru;
2024-01-01;KYZU.ru;
2024-01-01;KZFOM.ru;
2024-01-01;KZNB.ru;
2024-01-01;KZNR.ru;
2024-01-01;KZNZ.ru;
2024-01-01;KZRG.ru;
2024-01-01;L-S-P.ru;
2024-01-01;LA2ONIX.ru;
2024-01-01;LAAE.ru;
2024-01-01;LABSTRESS.ru;
2024-01-01;LABUT.ru;
2024-01-01;LACOLUX.ru;
2024-01-01;LACREPE.ru;
2024-01-01;LADIESFASHION.ru;
2024-01-01;LADY-CKLUB.ru;
2024-01-01;LADY-JAN.ru;
2024-01-01;LAEA.ru;
2024-01-01;LAEE.ru;
2024-01-01;LAEI.ru;
2024-01-01;LAEO.ru;
2024-01-01;LAKEV.ru;
2024-01-01;LALASH.ru;
2024-01-01;LALM.ru;
2024-01-01;LALN.ru;
2024-01-01;LALOSH.ru;
2024-01-01;LALR.ru;
2024-01-01;LANBEK.ru;
2024-01-01;LANEN.ru;
2024-01-01;LANGOV.ru;
2024-01-01;LAOE.ru;
2024-01-01;LAPAKOVA.ru;
2024-01-01;LAPMALOY.ru;
2024-01-01;LAPTEVV.ru;
2024-01-01;LARCHWOODSPB.ru;
2024-01-01;LASCAR.ru;
2024-01-01;LASERTREE.ru;
2024-01-01;LASHARE001.ru;
2024-01-01;LASHENKOV.ru;
2024-01-01;LASHENKOVA.ru;
2024-01-01;LASHENOV.ru;
2024-01-01;LASHMIR.ru;
2024-01-01;LATELLO.ru;
2024-01-01;LATEXSEX.ru;
2024-01-01;LATUHINA.ru;
2024-01-01;LAVANDA5.ru;
2024-01-01;LAVENDERHILL.ru;
2024-01-01;LAVERZHE.ru;
2024-01-01;LAVKOMAT.ru;
2024-01-01;LAVRAKOVA.ru;
2024-01-01;LAVRENKOVA.ru;
2024-01-01;LAWSONS.ru;
2024-01-01;LAXU.ru;
2024-01-01;LAZERGRAVART.ru;
2024-01-01;LAZERUM-MSK.ru;
2024-01-01;LAZOTEL.ru;
2024-01-01;LAZURNYNN.ru;
2024-01-01;LAZYMMA.ru;
2024-01-01;LBGG.ru;
2024-01-01;LBHA.ru;
2024-01-01;LBHG.ru;
2024-01-01;LBKE.ru;
2024-01-01;LBKH.ru;
2024-01-01;LBRX.ru;
2024-01-01;LBUR.ru;
2024-01-01;LBVC.ru;
2024-01-01;LCGG.ru;
2024-01-01;LCKS.ru;
2024-01-01;LCLG.ru;
2024-01-01;LCRG.ru;
2024-01-01;LCUC.ru;
2024-01-01;LCUS.ru;
2024-01-01;LDAD.ru;
2024-01-01;LDAE.ru;
2024-01-01;LDAI.ru;
2024-01-01;LDAL.ru;
2024-01-01;LDAN.ru;
2024-01-01;LDAO.ru;
2024-01-01;LDDA.ru;
2024-01-01;LDDE.ru;
2024-01-01;LDDI.ru;
2024-01-01;LDDO.ru;
2024-01-01;LDEA.ru;
2024-01-01;LDED.ru;
2024-01-01;LDEG.ru;
2024-01-01;LDEI.ru;
2024-01-01;LDEO.ru;
2024-01-01;LDIA.ru;
2024-01-01;LDID.ru;
2024-01-01;LDIE.ru;
2024-01-01;LDII.ru;
2024-01-01;LDIL.ru;
2024-01-01;LDIN.ru;
2024-01-01;LDIO.ru;
2024-01-01;LDLA.ru;
2024-01-01;LDLE.ru;
2024-01-01;LDLI.ru;
2024-01-01;LDLL.ru;
2024-01-01;LDLM.ru;
2024-01-01;LDLO.ru;
2024-01-01;LDLS.ru;
2024-01-01;LDLT.ru;
2024-01-01;LDMD.ru;
2024-01-01;LDML.ru;
2024-01-01;LDMM.ru;
2024-01-01;LDNA.ru;
2024-01-01;LDND.ru;
2024-01-01;LDNE.ru;
2024-01-01;LDNI.ru;
2024-01-01;LDNL.ru;
2024-01-01;LDNM.ru;
2024-01-01;LDNN.ru;
2024-01-01;LDNO.ru;
2024-01-01;LDOA.ru;
2024-01-01;LDOD.ru;
2024-01-01;LDOI.ru;
2024-01-01;LDOO.ru;
2024-01-01;LDRD.ru;
2024-01-01;LDRI.ru;
2024-01-01;LDRL.ru;
2024-01-01;LDRN.ru;
2024-01-01;LDRO.ru;
2024-01-01;LDRR.ru;
2024-01-01;LDSD.ru;
2024-01-01;LDSL.ru;
2024-01-01;LDTL.ru;
2024-01-01;LDTO.ru;
2024-01-01;LDTT.ru;
2024-01-01;LEAD-WAY.ru;
2024-01-01;LEADDESK.ru;
2024-01-01;LEADER-X.ru;
2024-01-01;LEADERX.ru;
2024-01-01;LEADGROW.ru;
2024-01-01;LEADLEADER.ru;
2024-01-01;LEADMARKT.ru;
2024-01-01;LEAE.ru;
2024-01-01;LEARNROOM.ru;
2024-01-01;LEARNTODRAW.ru;
2024-01-01;LEASA.ru;
2024-01-01;LECG.ru;
2024-01-01;LECUBE.ru;
2024-01-01;LED3.ru;
2024-01-01;LEEGREEN.ru;
2024-01-01;LEGALCOMMUNITY.ru;
2024-01-01;LEGALDIGEST.ru;
2024-01-01;LEGIONSTEEL.ru;
2024-01-01;LEKAPB.ru;
2024-01-01;LEKAR39.ru;
2024-01-01;LEKARSTVA-1.ru;
2024-01-01;LEKARSTVA-X.ru;
2024-01-01;LEKARSTVA1.ru;
2024-01-01;LEKARSTVAX.ru;
2024-01-01;LEKSANDAR.ru;
2024-01-01;LELC.ru;
2024-01-01;LELD.ru;
2024-01-01;LELM.ru;
2024-01-01;LELONG.ru;
2024-01-01;LELR.ru;
2024-01-01;LELT.ru;
2024-01-01;LEML.ru;
2024-01-01;LENOLA.ru;
2024-01-01;LENPIL.ru;
2024-01-01;LENROS.ru;
2024-01-01;LEOGRANDPRIX.ru;
2024-01-01;LEPG.ru;
2024-01-01;LEPOV.ru;
2024-01-01;LEPSHIKOVA.ru;
2024-01-01;LERL.ru;
2024-01-01;LERR.ru;
2024-01-01;LESHEVA.ru;
2024-01-01;LESNOI-SHALASH.ru;
2024-01-01;LESTAVERTS.ru;
2024-01-01;LETCHIKABABUSHKINA.ru;
2024-01-01;LETEXTILE.ru;
2024-01-01;LETFOR.ru;
2024-01-01;LETIANPAI.ru;
2024-01-01;LETSCHILL.ru;
2024-01-01;LETSCRYPTO.ru;
2024-01-01;LEUA.ru;
2024-01-01;LEVG.ru;
2024-01-01;LEVKIM.ru;
2024-01-01;LEVSHENKOV.ru;
2024-01-01;LEVSHONKOV.ru;
2024-01-01;LEVTECH.ru;
2024-01-01;LEXS9011.ru;
2024-01-01;LFCG.ru;
2024-01-01;LFGA.ru;
2024-01-01;LFRG.ru;
2024-01-01;LFUG.ru;
2024-01-01;LGAA.ru;
2024-01-01;LGDG.ru;
2024-01-01;LGOG.ru;
2024-01-01;LGSG.ru;
2024-01-01;LHAB.ru;
2024-01-01;LHBA.ru;
2024-01-01;LHBG.ru;
2024-01-01;LHCS.ru;
2024-01-01;LHDS.ru;
2024-01-01;LHES.ru;
2024-01-01;LHHC.ru;
2024-01-01;LHIS.ru;
2024-01-01;LHLC.ru;
2024-01-01;LHMG.ru;
2024-01-01;LHSG.ru;
2024-01-01;LIAE.ru;
2024-01-01;LIBRACRYPTO.ru;
2024-01-01;LIBRUSEK.ru;
2024-01-01;LICHNYY.ru;
2024-01-01;LIDER-PARKET.ru;
2024-01-01;LIDER-POSAD.ru;
2024-01-01;LIDER-VOROTA.ru;
2024-01-01;LIDER-X.ru;
2024-01-01;LIDERCRYPTO.ru;
2024-01-01;LIDERNETA.ru;
2024-01-01;LIDERPARKET.ru;
2024-01-01;LIDG.ru;
2024-01-01;LIEA.ru;
2024-01-01;LIEI.ru;
2024-01-01;LIFEISNOW.ru;
2024-01-01;LIFELIB.ru;
2024-01-01;LIFETIP.ru;
2024-01-01;LIFLI.ru;
2024-01-01;LIFLIAPP.ru;
2024-01-01;LIGALEX.ru;
2024-01-01;LIGHAUDIO.ru;
2024-01-01;LIGHT-WEIGHT.ru;
2024-01-01;LIGHTTV.ru;
2024-01-01;LIIE.ru;
2024-01-01;LIKEND.ru;
2024-01-01;LIKKETA.ru;
2024-01-01;LIKOLOR-NN.ru;
2024-01-01;LIKVIDACIAY.ru;
2024-01-01;LILR.ru;
2024-01-01;LILUIREN.ru;
2024-01-01;LIMAREVA.ru;
2024-01-01;LINEAGETOP.ru;
2024-01-01;LINGREEN.ru;
2024-01-01;LINGUABRIDGE.ru;
2024-01-01;LINKNI.ru;
2024-01-01;LIOE.ru;
2024-01-01;LIOG.ru;
2024-01-01;LIONCAR.ru;
2024-01-01;LIRL.ru;
2024-01-01;LISABELLASKI.ru;
2024-01-01;LISAGREEN.ru;
2024-01-01;LITARD.ru;
2024-01-01;LITTLECHILDBACK.ru;
2024-01-01;LITTLEWAY.ru;
2024-01-01;LIUG.ru;
2024-01-01;LIVALL.ru;
2024-01-01;LIVEBAZAAR.ru;
2024-01-01;LIVENTALNAUCHIT.ru;
2024-01-01;LIVGID.ru;
2024-01-01;LKEC.ru;
2024-01-01;LKHC.ru;
2024-01-01;LKKR.ru;
2024-01-01;LKNC.ru;
2024-01-01;LKPG.ru;
2024-01-01;LKRA.ru;
2024-01-01;LKSA.ru;
2024-01-01;LLAE.ru;
2024-01-01;LLAO.ru;
2024-01-01;LLDA.ru;
2024-01-01;LLDL.ru;
2024-01-01;LLDM.ru;
2024-01-01;LLDN.ru;
2024-01-01;LLDO.ru;
2024-01-01;LLEA.ru;
2024-01-01;LLFS.ru;
2024-01-01;LLGA.ru;
2024-01-01;LLGG.ru;
2024-01-01;LLID.ru;
2024-01-01;LLIE.ru;
2024-01-01;LLIO.ru;
2024-01-01;LLIR.ru;
2024-01-01;LLKG.ru;
2024-01-01;LLLN.ru;
2024-01-01;LLMD.ru;
2024-01-01;LLMG.ru;
2024-01-01;LLML.ru;
2024-01-01;LLMN.ru;
2024-01-01;LLMR.ru;
2024-01-01;LLMT.ru;
2024-01-01;LLNA.ru;
2024-01-01;LLNC.ru;
2024-01-01;LLNE.ru;
2024-01-01;LLNG.ru;
2024-01-01;LLNI.ru;
2024-01-01;LLNM.ru;
2024-01-01;LLNO.ru;
2024-01-01;LLNR.ru;
2024-01-01;LLNT.ru;
2024-01-01;LLOE.ru;
2024-01-01;LLOI.ru;
2024-01-01;LLOL.ru;
2024-01-01;LLRA.ru;
2024-01-01;LLRD.ru;
2024-01-01;LLRE.ru;
2024-01-01;LLRI.ru;
2024-01-01;LLRL.ru;
2024-01-01;LLRM.ru;
2024-01-01;LLRN.ru;
2024-01-01;LLRO.ru;
2024-01-01;LLRT.ru;
2024-01-01;LLSD.ru;
2024-01-01;LLSE.ru;
2024-01-01;LLSI.ru;
2024-01-01;LLSL.ru;
2024-01-01;LLSN.ru;
2024-01-01;LLSO.ru;
2024-01-01;LLTA.ru;
2024-01-01;LLTE.ru;
2024-01-01;LLTI.ru;
2024-01-01;LLTN.ru;
2024-01-01;LLTO.ru;
2024-01-01;LLTR.ru;
2024-01-01;LMAD.ru;
2024-01-01;LMAE.ru;
2024-01-01;LMAHINA.ru;
2024-01-01;LMAL.ru;
2024-01-01;LMBE.ru;
2024-01-01;LMBS.ru;
2024-01-01;LMCR.ru;
2024-01-01;LMDD.ru;
2024-01-01;LMDL.ru;
2024-01-01;LMDR.ru;
2024-01-01;LMEA.ru;
2024-01-01;LMEE.ru;
2024-01-01;LMEI.ru;
2024-01-01;LMEL.ru;
2024-01-01;LMEM.ru;
2024-01-01;LMEO.ru;
2024-01-01;LMGA.ru;
2024-01-01;LMGG.ru;
2024-01-01;LMII.ru;
2024-01-01;LMIL.ru;
2024-01-01;LMIM.ru;
2024-01-01;LMLB.ru;
2024-01-01;LMLD.ru;
2024-01-01;LMLE.ru;
2024-01-01;LMLI.ru;
2024-01-01;LMLL.ru;
2024-01-01;LMLN.ru;
2024-01-01;LMLO.ru;
2024-01-01;LMMA.ru;
2024-01-01;LMME.ru;
2024-01-01;LMMI.ru;
2024-01-01;LMMM.ru;
2024-01-01;LMMN.ru;
2024-01-01;LMMR.ru;
2024-01-01;LMNA.ru;
2024-01-01;LMNE.ru;
2024-01-01;LMNI.ru;
2024-01-01;LMNL.ru;
2024-01-01;LMNM.ru;
2024-01-01;LMOA.ru;
2024-01-01;LMOE.ru;
2024-01-01;LMOI.ru;
2024-01-01;LMOM.ru;
2024-01-01;LMOO.ru;
2024-01-01;LMRE.ru;
2024-01-01;LMRI.ru;
2024-01-01;LMRL.ru;
2024-01-01;LMRM.ru;
2024-01-01;LMRO.ru;
2024-01-01;LMRT.ru;
2024-01-01;LMSD.ru;
2024-01-01;LMSL.ru;
2024-01-01;LMSO.ru;
2024-01-01;LMTL.ru;
2024-01-01;LMTN.ru;
2024-01-01;LMTT.ru;
2024-01-01;LMUO.ru;
2024-01-01;LMVA.ru;
2024-01-01;LNAA.ru;
2024-01-01;LNAD.ru;
2024-01-01;LNAE.ru;
2024-01-01;LNAI.ru;
2024-01-01;LNAO.ru;
2024-01-01;LNAR.ru;
2024-01-01;LNBF.ru;
2024-01-01;LNBR.ru;
2024-01-01;LNBS.ru;
2024-01-01;LNCG.ru;
2024-01-01;LNDA.ru;
2024-01-01;LNDD.ru;
2024-01-01;LNDL.ru;
2024-01-01;LNDM.ru;
2024-01-01;LNDO.ru;
2024-01-01;LNDT.ru;
2024-01-01;LNEA.ru;
2024-01-01;LNEE.ru;
2024-01-01;LNEI.ru;
2024-01-01;LNEL.ru;
2024-01-01;LNEN.ru;
2024-01-01;LNFS.ru;
2024-01-01;LNIA.ru;
2024-01-01;LNID.ru;
2024-01-01;LNIE.ru;
2024-01-01;LNII.ru;
2024-01-01;LNIL.ru;
2024-01-01;LNIM.ru;
2024-01-01;LNIN.ru;
2024-01-01;LNIO.ru;
2024-01-01;LNIR.ru;
2024-01-01;LNIS.ru;
2024-01-01;LNLA.ru;
2024-01-01;LNLD.ru;
2024-01-01;LNLE.ru;
2024-01-01;LNLI.ru;
2024-01-01;LNLL.ru;
2024-01-01;LNLO.ru;
2024-01-01;LNLR.ru;
2024-01-01;LNLS.ru;
2024-01-01;LNMA.ru;
2024-01-01;LNMD.ru;
2024-01-01;LNMI.ru;
2024-01-01;LNML.ru;
2024-01-01;LNMR.ru;
2024-01-01;LNMS.ru;
2024-01-01;LNMT.ru;
2024-01-01;LNNA.ru;
2024-01-01;LNND.ru;
2024-01-01;LNNE.ru;
2024-01-01;LNNM.ru;
2024-01-01;LNNN.ru;
2024-01-01;LNNO.ru;
2024-01-01;LNNR.ru;
2024-01-01;LNNS.ru;
2024-01-01;LNNT.ru;
2024-01-01;LNOA.ru;
2024-01-01;LNOD.ru;
2024-01-01;LNOI.ru;
2024-01-01;LNOL.ru;
2024-01-01;LNON.ru;
2024-01-01;LNOO.ru;
2024-01-01;LNPA.ru;
2024-01-01;LNRA.ru;
2024-01-01;LNRE.ru;
2024-01-01;LNRI.ru;
2024-01-01;LNRL.ru;
2024-01-01;LNRM.ru;
2024-01-01;LNRN.ru;
2024-01-01;LNRO.ru;
2024-01-01;LNRR.ru;
2024-01-01;LNRS.ru;
2024-01-01;LNRT.ru;
2024-01-01;LNSA.ru;
2024-01-01;LNSD.ru;
2024-01-01;LNSI.ru;
2024-01-01;LNSL.ru;
2024-01-01;LNSN.ru;
2024-01-01;LNSR.ru;
2024-01-01;LNTD.ru;
2024-01-01;LNTE.ru;
2024-01-01;LNTI.ru;
2024-01-01;LNTL.ru;
2024-01-01;LNTM.ru;
2024-01-01;LNTN.ru;
2024-01-01;LNTT.ru;
2024-01-01;LOAE.ru;
2024-01-01;LOAI.ru;
2024-01-01;LOANDPRO.ru;
2024-01-01;LOBG.ru;
2024-01-01;LOBTSOV.ru;
2024-01-01;LODD.ru;
2024-01-01;LODN.ru;
2024-01-01;LOEO.ru;
2024-01-01;LOFAZO.ru;
2024-01-01;LOFTREDSTAR2.ru;
2024-01-01;LOGGERSHUT.ru;
2024-01-01;LOGORITMICS.ru;
2024-01-01;LOGUSEVA.ru;
2024-01-01;LOHMAR.ru;
2024-01-01;LOII.ru;
2024-01-01;LOKIZO.ru;
2024-01-01;LOKROV.ru;
2024-01-01;LOLM.ru;
2024-01-01;LOLWUT.ru;
2024-01-01;LOMAUTO.ru;
2024-01-01;LOMONOSOV-STEKLO.ru;
2024-01-01;LONADELS.ru;
2024-01-01;LONER-PROJECT.ru;
2024-01-01;LONL.ru;
2024-01-01;LOOKAI.ru;
2024-01-01;LOPATO.ru;
2024-01-01;LOPNEV.ru;
2024-01-01;LOPUSHKOV.ru;
2024-01-01;LOPUSHKOVA.ru;
2024-01-01;LOSITAL.ru;
2024-01-01;LOSL.ru;
2024-01-01;LOSR.ru;
2024-01-01;LOSSED.ru;
2024-01-01;LOVEBOX68.ru;
2024-01-01;LOVEDEV.ru;
2024-01-01;LOVELYGREEN.ru;
2024-01-01;LOVEYOURDANCE.ru;
2024-01-01;LOVIRA.ru;
2024-01-01;LOZGUNOVA.ru;
2024-01-01;LPAA.ru;
2024-01-01;LPBG.ru;
2024-01-01;LPCA.ru;
2024-01-01;LPCG.ru;
2024-01-01;LPNC.ru;
2024-01-01;LPNE.ru;
2024-01-01;LPPR.ru;
2024-01-01;LPSZ.ru;
2024-01-01;LPTEST.ru;
2024-01-01;LPUG.ru;
2024-01-01;LPUS.ru;
2024-01-01;LPVG.ru;
2024-01-01;LQFP.ru;
2024-01-01;LRAA.ru;
2024-01-01;LRAL.ru;
2024-01-01;LRAN.ru;
2024-01-01;LRAO.ru;
2024-01-01;LRAR.ru;
2024-01-01;LRAT.ru;
2024-01-01;LRBA.ru;
2024-01-01;LRCA.ru;
2024-01-01;LRCG.ru;
2024-01-01;LRDA.ru;
2024-01-01;LRDD.ru;
2024-01-01;LRDE.ru;
2024-01-01;LRDI.ru;
2024-01-01;LRDL.ru;
2024-01-01;LRDM.ru;
2024-01-01;LRDN.ru;
2024-01-01;LRDO.ru;
2024-01-01;LRDR.ru;
2024-01-01;LRDT.ru;
2024-01-01;LREA.ru;
2024-01-01;LREE.ru;
2024-01-01;LREI.ru;
2024-01-01;LREL.ru;
2024-01-01;LREO.ru;
2024-01-01;LRER.ru;
2024-01-01;LRGG.ru;
2024-01-01;LRHG.ru;
2024-01-01;LRIA.ru;
2024-01-01;LRIE.ru;
2024-01-01;LRII.ru;
2024-01-01;LRIL.ru;
2024-01-01;LRIM.ru;
2024-01-01;LRIR.ru;
2024-01-01;LRLA.ru;
2024-01-01;LRLD.ru;
2024-01-01;LRLE.ru;
2024-01-01;LRLI.ru;
2024-01-01;LRLL.ru;
2024-01-01;LRLM.ru;
2024-01-01;LRLN.ru;
2024-01-01;LRLO.ru;
2024-01-01;LRLS.ru;
2024-01-01;LRLT.ru;
2024-01-01;LRMA.ru;
2024-01-01;LRMD.ru;
2024-01-01;LRME.ru;
2024-01-01;LRMG.ru;
2024-01-01;LRMI.ru;
2024-01-01;LRML.ru;
2024-01-01;LRMM.ru;
2024-01-01;LRMN.ru;
2024-01-01;LRMO.ru;
2024-01-01;LRMR.ru;
2024-01-01;LRNA.ru;
2024-01-01;LRNE.ru;
2024-01-01;LRNI.ru;
2024-01-01;LRNL.ru;
2024-01-01;LRNM.ru;
2024-01-01;LRNN.ru;
2024-01-01;LRNS.ru;
2024-01-01;LRNT.ru;
2024-01-01;LROA.ru;
2024-01-01;LROE.ru;
2024-01-01;LROI.ru;
2024-01-01;LROR.ru;
2024-01-01;LROT.ru;
2024-01-01;LRPP.ru;
2024-01-01;LRRA.ru;
2024-01-01;LRRD.ru;
2024-01-01;LRRE.ru;
2024-01-01;LRRI.ru;
2024-01-01;LRRL.ru;
2024-01-01;LRRM.ru;
2024-01-01;LRRN.ru;
2024-01-01;LRRO.ru;
2024-01-01;LRRR.ru;
2024-01-01;LRRT.ru;
2024-01-01;LRSG.ru;
2024-01-01;LRSL.ru;
2024-01-01;LRSO.ru;
2024-01-01;LRSR.ru;
2024-01-01;LRTD.ru;
2024-01-01;LRTE.ru;
2024-01-01;LRTL.ru;
2024-01-01;LRTN.ru;
2024-01-01;LRTO.ru;
2024-01-01;LRTR.ru;
2024-01-01;LRTT.ru;
2024-01-01;LRUG.ru;
2024-01-01;LRVC.ru;
2024-01-01;LSAE.ru;
2024-01-01;LSAF.ru;
2024-01-01;LSCF.ru;
2024-01-01;LSDG.ru;
2024-01-01;LSDO.ru;
2024-01-01;LSED.ru;
2024-01-01;LSEL.ru;
2024-01-01;LSIO.ru;
2024-01-01;LSIR.ru;
2024-01-01;LSLD.ru;
2024-01-01;LSLE.ru;
2024-01-01;LSLI.ru;
2024-01-01;LSLL.ru;
2024-01-01;LSLM.ru;
2024-01-01;LSLN.ru;
2024-01-01;LSLO.ru;
2024-01-01;LSLR.ru;
2024-01-01;LSLT.ru;
2024-01-01;LSNA.ru;
2024-01-01;LSND.ru;
2024-01-01;LSNE.ru;
2024-01-01;LSNI.ru;
2024-01-01;LSNL.ru;
2024-01-01;LSNN.ru;
2024-01-01;LSNO.ru;
2024-01-01;LSNR.ru;
2024-01-01;LSNS.ru;
2024-01-01;LSOA.ru;
2024-01-01;LSOD.ru;
2024-01-01;LSOE.ru;
2024-01-01;LSOO.ru;
2024-01-01;LSOR.ru;
2024-01-01;LSRA.ru;
2024-01-01;LSRD.ru;
2024-01-01;LSSM.ru;
2024-01-01;LSSN.ru;
2024-01-01;LTAA.ru;
2024-01-01;LTAD.ru;
2024-01-01;LTAE.ru;
2024-01-01;LTAI.ru;
2024-01-01;LTAL.ru;
2024-01-01;LTAM.ru;
2024-01-01;LTAN.ru;
2024-01-01;LTAO.ru;
2024-01-01;LTBA.ru;
2024-01-01;LTBU.ru;
2024-01-01;LTDG.ru;
2024-01-01;LTDI.ru;
2024-01-01;LTDN.ru;
2024-01-01;LTDO.ru;
2024-01-01;LTDR.ru;
2024-01-01;LTED.ru;
2024-01-01;LTFA.ru;
2024-01-01;LTGS.ru;
2024-01-01;LTIA.ru;
2024-01-01;LTID.ru;
2024-01-01;LTIE.ru;
2024-01-01;LTII.ru;
2024-01-01;LTIL.ru;
2024-01-01;LTIN.ru;
2024-01-01;LTKC.ru;
2024-01-01;LTLA.ru;
2024-01-01;LTLD.ru;
2024-01-01;LTLI.ru;
2024-01-01;LTLM.ru;
2024-01-01;LTLO.ru;
2024-01-01;LTLR.ru;
2024-01-01;LTLS.ru;
2024-01-01;LTMD.ru;
2024-01-01;LTMI.ru;
2024-01-01;LTML.ru;
2024-01-01;LTMM.ru;
2024-01-01;LTMN.ru;
2024-01-01;LTMT.ru;
2024-01-01;LTNA.ru;
2024-01-01;LTND.ru;
2024-01-01;LTNE.ru;
2024-01-01;LTNI.ru;
2024-01-01;LTNL.ru;
2024-01-01;LTNO.ru;
2024-01-01;LTNT.ru;
2024-01-01;LTOC.ru;
2024-01-01;LTOD.ru;
2024-01-01;LTOE.ru;
2024-01-01;LTOI.ru;
2024-01-01;LTOM.ru;
2024-01-01;LTOO.ru;
2024-01-01;LTOT.ru;
2024-01-01;LTRE.ru;
2024-01-01;LTRL.ru;
2024-01-01;LTRO.ru;
2024-01-01;LTRR.ru;
2024-01-01;LTSL.ru;
2024-01-01;LTTA.ru;
2024-01-01;LTTD.ru;
2024-01-01;LTTE.ru;
2024-01-01;LTTI.ru;
2024-01-01;LTTN.ru;
2024-01-01;LUAA.ru;
2024-01-01;LUBINOVA.ru;
2024-01-01;LUCG.ru;
2024-01-01;LUCKY-JET-1-WIN.ru;
2024-01-01;LUCKYCHIP.ru;
2024-01-01;LUFG.ru;
2024-01-01;LUGC.ru;
2024-01-01;LUHR.ru;
2024-01-01;LUMAHOME.ru;
2024-01-01;LUMIFOTO.ru;
2024-01-01;LUNSHINA.ru;
2024-01-01;LUOG.ru;
2024-01-01;LUPAK.ru;
2024-01-01;LUPEHINA.ru;
2024-01-01;LUPUL.ru;
2024-01-01;LUTSEV.ru;
2024-01-01;LUX-1.ru;
2024-01-01;LUX-CAPITAL.ru;
2024-01-01;LUX-X.ru;
2024-01-01;LUXE-1.ru;
2024-01-01;LUXE-TECH.ru;
2024-01-01;LUXE-X.ru;
2024-01-01;LUXE1.ru;
2024-01-01;LUXEPARKET.ru;
2024-01-01;LUXETOP.ru;
2024-01-01;LUXURYDESIGNER.ru;
2024-01-01;LVBG.ru;
2024-01-01;LVCE.ru;
2024-01-01;LVCS.ru;
2024-01-01;LVDA.ru;
2024-01-01;LVDG.ru;
2024-01-01;LVEC.ru;
2024-01-01;LVEE.ru;
2024-01-01;LVFA.ru;
2024-01-01;LVFC.ru;
2024-01-01;LVLE.ru;
2024-01-01;LVLR.ru;
2024-01-01;LVPR.ru;
2024-01-01;LVRE.ru;
2024-01-01;LVSG.ru;
2024-01-01;LVVA.ru;
2024-01-01;LXQT.ru;
2024-01-01;LYKU.ru;
2024-01-01;LYLU.ru;
2024-01-01;LYMU.ru;
2024-01-01;LYNX-IA.ru;
2024-01-01;LYNXTECH.ru;
2024-01-01;LYUBENKOV.ru;
2024-01-01;LYVU.ru;
2024-01-01;LZKM.ru;
2024-01-01;M-DOSKA.ru;
2024-01-01;M-EFFECT.ru;
2024-01-01;M-HELP360.ru;
2024-01-01;MACGREEN.ru;
2024-01-01;MACHINETIME.ru;
2024-01-01;MACROBOT.ru;
2024-01-01;MADEPOSTER.ru;
2024-01-01;MADISONGREEN.ru;
2024-01-01;MAERLING.ru;
2024-01-01;MAESTRO-PRAV.ru;
2024-01-01;MAGAZIN-STROI.ru;
2024-01-01;MAGAZIN-X.ru;
2024-01-01;MAGICFLORAL.ru;
2024-01-01;MAGICTRAIN.ru;
2024-01-01;MAGICWIFI.ru;
2024-01-01;MAGIYAOBRYADY.ru;
2024-01-01;MAGMA-NNOV.ru;
2024-01-01;MAGNA-NN.ru;
2024-01-01;MAIDER.ru;
2024-01-01;MAIL71.ru;
2024-01-01;MAKA-GROUP.ru;
2024-01-01;MAKAROVBLOG.ru;
2024-01-01;MAKECLUB.ru;
2024-01-01;MAKEFINANCE.ru;
2024-01-01;MAKETY-DOMOV.ru;
2024-01-01;MAKHOVSKIY-SITE.ru;
2024-01-01;MAKSUROVA.ru;
2024-01-01;MALAHAI.ru;
2024-01-01;MALIBU-NSK.ru;
2024-01-01;MALLBERRIES.ru;
2024-01-01;MALOVATOVA.ru;
2024-01-01;MALOVO.ru;
2024-01-01;MALUEV.ru;
2024-01-01;MAMASCLUB.ru;
2024-01-01;MAMNEVA.ru;
2024-01-01;MAMOV.ru;
2024-01-01;MANCAMP.ru;
2024-01-01;MANGOKING.ru;
2024-01-01;MANIZER.ru;
2024-01-01;MANOEV.ru;
2024-01-01;MANSTICK.ru;
2024-01-01;MANUALO.ru;
2024-01-01;MANUHOVA.ru;
2024-01-01;MAPMIND.ru;
2024-01-01;MARAFONN.ru;
2024-01-01;MARATZR.ru;
2024-01-01;MARDASHOV.ru;
2024-01-01;MARDONQ.ru;
2024-01-01;MAREENKOVA.ru;
2024-01-01;MARFICHEVA.ru;
2024-01-01;MARGARITADYUMINA.ru;
2024-01-01;MARIASMIRNOVA.ru;
2024-01-01;MARIAXEL.ru;
2024-01-01;MARINEBAY.ru;
2024-01-01;MARKETIP.ru;
2024-01-01;MARKO-DESIGN.ru;
2024-01-01;MARMELA.ru;
2024-01-01;MARMELADNOE.ru;
2024-01-01;MARMELADOVO.ru;
2024-01-01;MARSHISHKA.ru;
2024-01-01;MARSHUBA.ru;
2024-01-01;MASHA-IZNUTRI.ru;
2024-01-01;MASLANN.ru;
2024-01-01;MASLOVPR.ru;
2024-01-01;MASRECODE.ru;
2024-01-01;MASS-START.ru;
2024-01-01;MASTERA-SANTH24EL.ru;
2024-01-01;MASTERONLINESCHOOL.ru;
2024-01-01;MASTERSKAYMARKETOLOGA.ru;
2024-01-01;MATAX.ru;
2024-01-01;MATRASOLOGY.ru;
2024-01-01;MATTARELLO.ru;
2024-01-01;MATUROVO.ru;
2024-01-01;MATUSHKALIFE.ru;
2024-01-01;MAX-SERIALY.ru;
2024-01-01;MAXATIN.ru;
2024-01-01;MAXIGRAF.ru;
2024-01-01;MAXIMEPIHIN.ru;
2024-01-01;MAXIMUSHKA.ru;
2024-01-01;MAXPAD.ru;
2024-01-01;MAXVELL.ru;
2024-01-01;MAYLATOV.ru;
2024-01-01;MAYSALES.ru;
2024-01-01;MBBE.ru;
2024-01-01;MBDF.ru;
2024-01-01;MBKG.ru;
2024-01-01;MBPG.ru;
2024-01-01;MBXL.ru;
2024-01-01;MCNR.ru;
2024-01-01;MCTTV.ru;
2024-01-01;MCVG.ru;
2024-01-01;MDC-TELECOM.ru;
2024-01-01;MDGG.ru;
2024-01-01;MDLD.ru;
2024-01-01;MDLI.ru;
2024-01-01;MDLL.ru;
2024-01-01;MDLO.ru;
2024-01-01;MDNL.ru;
2024-01-01;MDUG.ru;
2024-01-01;ME-GO.ru;
2024-01-01;MEAT-BALL.ru;
2024-01-01;MEATPASTA.ru;
2024-01-01;MEB-V.ru;
2024-01-01;MEBELENOV.ru;
2024-01-01;MECHANIC24.ru;
2024-01-01;MECME.ru;
2024-01-01;MEDBUN.ru;
2024-01-01;MEDCLINICNN.ru;
2024-01-01;MEDIALEKT.ru;
2024-01-01;MEDIC-1.ru;
2024-01-01;MEDIC-AL.ru;
2024-01-01;MEDICALLICENSE.ru;
2024-01-01;MEDICINEGARDEN.ru;
2024-01-01;MEDIKA24.ru;
2024-01-01;MEDIKURS.ru;
2024-01-01;MEDISELF.ru;
2024-01-01;MEDITATIONGUIDE.ru;
2024-01-01;MEDITATIONN.ru;
2024-01-01;MEDIUMCRAFT.ru;
2024-01-01;MEDKLINIKA-NN.ru;
2024-01-01;MEDKLINIKANN.ru;
2024-01-01;MEDODELOV.ru;
2024-01-01;MEDOSTROY.ru;
2024-01-01;MEDVEZHANI.ru;
2024-01-01;MEGAMARIN.ru;
2024-01-01;MEGAMONASTERY.ru;
2024-01-01;MEHOW.ru;
2024-01-01;MEJR.ru;
2024-01-01;MEJU.ru;
2024-01-01;MEKASSA.ru;
2024-01-01;MELKOS.ru;
2024-01-01;MELNIKOVAN2020.ru;
2024-01-01;MELOFONIK.ru;
2024-01-01;MEMGODA.ru;
2024-01-01;MENSECRETS.ru;
2024-01-01;MENTALCHECK.ru;
2024-01-01;MENZHUNOV.ru;
2024-01-01;MEPABAME.ru;
2024-01-01;MEQR.ru;
2024-01-01;META-BOT.ru;
2024-01-01;META-BRAIN.ru;
2024-01-01;META-E.ru;
2024-01-01;METAALLIANCE.ru;
2024-01-01;METADEALS.ru;
2024-01-01;METADNS.ru;
2024-01-01;METAGALACTIC.ru;
2024-01-01;METAGET.ru;
2024-01-01;METAGLOBAL.ru;
2024-01-01;METAHALL.ru;
2024-01-01;METALINTERIOR.ru;
2024-01-01;METALLOKARKASI.ru;
2024-01-01;METALLOKOP.ru;
2024-01-01;METALORA.ru;
2024-01-01;METANEW.ru;
2024-01-01;METAROCKET.ru;
2024-01-01;METASLOT.ru;
2024-01-01;METASONIC.ru;
2024-01-01;METHOD-MARKETING.ru;
2024-01-01;METHOD-MS.ru;
2024-01-01;METROCARDS.ru;
2024-01-01;MFFG.ru;
2024-01-01;MFMA.ru;
2024-01-01;MFNE.ru;
2024-01-01;MFPE.ru;
2024-01-01;MGAG.ru;
2024-01-01;MGBA.ru;
2024-01-01;MGBG.ru;
2024-01-01;MGGA.ru;
2024-01-01;MGHA.ru;
2024-01-01;MGOG.ru;
2024-01-01;MGRANINA.ru;
2024-01-01;MGRG.ru;
2024-01-01;MHDR.ru;
2024-01-01;MHEA.ru;
2024-01-01;MHEE.ru;
2024-01-01;MHEG.ru;
2024-01-01;MHHG.ru;
2024-01-01;MHIA.ru;
2024-01-01;MHLA.ru;
2024-01-01;MHNS.ru;
2024-01-01;MHOG.ru;
2024-01-01;MHPL.ru;
2024-01-01;MHRE.ru;
2024-01-01;MHTA.ru;
2024-01-01;MIASS-BAGIRA.ru;
2024-01-01;MIBAO.ru;
2024-01-01;MICALAND.ru;
2024-01-01;MICAMA.ru;
2024-01-01;MICROBIOMICS.ru;
2024-01-01;MICROBULK.ru;
2024-01-01;MICROCORP.ru;
2024-01-01;MICROCRYPTO.ru;
2024-01-01;MICROGREENER.ru;
2024-01-01;MICROSKIN.ru;
2024-01-01;MIG-SWITCH.ru;
2024-01-01;MIGSWITCH.ru;
2024-01-01;MIGTYRES.ru;
2024-01-01;MIHALENKO.ru;
2024-01-01;MIHIREVA.ru;
2024-01-01;MIKMAN.ru;
2024-01-01;MILCHEV-7.ru;
2024-01-01;MILIUS.ru;
2024-01-01;MILKDIGITAL.ru;
2024-01-01;MILL-PARK.ru;
2024-01-01;MILLIONDOLLAREXPERT.ru;
2024-01-01;MILLISEC.ru;
2024-01-01;MILLPOINT.ru;
2024-01-01;MIN4TI.ru;
2024-01-01;MINASE.ru;
2024-01-01;MINDFULPATH.ru;
2024-01-01;MINDPUMP.ru;
2024-01-01;MINECRAFT-GAMEPLAYS.ru;
2024-01-01;MINEQUE.ru;
2024-01-01;MINERVA-IS.ru;
2024-01-01;MINGIN.ru;
2024-01-01;MINI-KURSI.ru;
2024-01-01;MINIGREENS.ru;
2024-01-01;MININGBASE.ru;
2024-01-01;MININGNETWORK.ru;
2024-01-01;MINLINK.ru;
2024-01-01;MINTCLEANING.ru;
2024-01-01;MINTGREEN.ru;
2024-01-01;MINTMAGNET.ru;
2024-01-01;MINTOPENERGO.ru;
2024-01-01;MIQUISSE.ru;
2024-01-01;MIR-CHARODEEV.ru;
2024-01-01;MIR-MAGII.ru;
2024-01-01;MIR-PROD.ru;
2024-01-01;MIR-STOLOV.ru;
2024-01-01;MIR-STROIKI.ru;
2024-01-01;MIRAZHOVDMITRY.ru;
2024-01-01;MIRJALYUZI.ru;
2024-01-01;MIRKAMINI.ru;
2024-01-01;MIRRA-COUPON.ru;
2024-01-01;MIRRA-PROMOKOD.ru;
2024-01-01;MIRROR24.ru;
2024-01-01;MIS-KLIN.ru;
2024-01-01;MISHARAPP.ru;
2024-01-01;MISHIMALIZM.ru;
2024-01-01;MISHNEVA.ru;
2024-01-01;MISSBAR.ru;
2024-01-01;MISTERSVIN.ru;
2024-01-01;MITCLUB.ru;
2024-01-01;MITINA9634.ru;
2024-01-01;MK-ART.ru;
2024-01-01;MKFA.ru;
2024-01-01;MKFE.ru;
2024-01-01;MKGREEN.ru;
2024-01-01;MKHERTEK.ru;
2024-01-01;MKORS-BAG.ru;
2024-01-01;ML-BOATS.ru;
2024-01-01;MLAE.ru;
2024-01-01;MLAL.ru;
2024-01-01;MLAO.ru;
2024-01-01;MLCA.ru;
2024-01-01;MLDD.ru;
2024-01-01;MLDE.ru;
2024-01-01;MLDO.ru;
2024-01-01;MLDT.ru;
2024-01-01;MLEA.ru;
2024-01-01;MLEL.ru;
2024-01-01;MLHS.ru;
2024-01-01;MLIE.ru;
2024-01-01;MLIL.ru;
2024-01-01;MLIO.ru;
2024-01-01;MLLD.ru;
2024-01-01;MLLO.ru;
2024-01-01;MLLT.ru;
2024-01-01;MLMO.ru;
2024-01-01;MLMR.ru;
2024-01-01;MLNA.ru;
2024-01-01;MLNC.ru;
2024-01-01;MLNE.ru;
2024-01-01;MLNI.ru;
2024-01-01;MLNO.ru;
2024-01-01;MLOA.ru;
2024-01-01;MLOD.ru;
2024-01-01;MLOE.ru;
2024-01-01;MLOI.ru;
2024-01-01;MLRA.ru;
2024-01-01;MLRI.ru;
2024-01-01;MLRL.ru;
2024-01-01;MLRN.ru;
2024-01-01;MLRR.ru;
2024-01-01;MLTM.ru;
2024-01-01;MMEG.ru;
2024-01-01;MMIV.ru;
2024-01-01;MMLD.ru;
2024-01-01;MMLE.ru;
2024-01-01;MMLN.ru;
2024-01-01;MMLO.ru;
2024-01-01;MMLR.ru;
2024-01-01;MMNL.ru;
2024-01-01;MNEL.ru;
2024-01-01;MNIEV.ru;
2024-01-01;MNLD.ru;
2024-01-01;MNLE.ru;
2024-01-01;MNLL.ru;
2024-01-01;MNLM.ru;
2024-01-01;MNLN.ru;
2024-01-01;MNLO.ru;
2024-01-01;MNLR.ru;
2024-01-01;MNNC.ru;
2024-01-01;MNNL.ru;
2024-01-01;MNOL.ru;
2024-01-01;MOBBIN.ru;
2024-01-01;MOBI-MAG.ru;
2024-01-01;MOBILEADMIN.ru;
2024-01-01;MOBILEOFFERS.ru;
2024-01-01;MOBILITYURBAN.ru;
2024-01-01;MOBILNAYA-BANYA-V-SPB.ru;
2024-01-01;MODA-ART.ru;
2024-01-01;MODAPOINT.ru;
2024-01-01;MODERN-HOME96.ru;
2024-01-01;MODERNPC.ru;
2024-01-01;MODNOE-SPB.ru;
2024-01-01;MODULMOS.ru;
2024-01-01;MOFLOW.ru;
2024-01-01;MOKEE.ru;
2024-01-01;MOKIEVA.ru;
2024-01-01;MOKKS.ru;
2024-01-01;MOKVELDM.ru;
2024-01-01;MOLECCULA.ru;
2024-01-01;MOLNIA777.ru;
2024-01-01;MOLODPUTIN.ru;
2024-01-01;MOLODYAEV.ru;
2024-01-01;MOLOV.ru;
2024-01-01;MOMENTALE.ru;
2024-01-01;MOMJEANS.ru;
2024-01-01;MOMQ.ru;
2024-01-01;MONE-X.ru;
2024-01-01;MONETADROP.ru;
2024-01-01;MONETASHIP.ru;
2024-01-01;MONEYRUFAST.ru;
2024-01-01;MONEYUNIVERSE.ru;
2024-01-01;MONKEYSEE.ru;
2024-01-01;MONOFLOOR.ru;
2024-01-01;MONOPOLIE.ru;
2024-01-01;MONOPOLYSMM.ru;
2024-01-01;MONOURETAN.ru;
2024-01-01;MONTAZH-FALCEVOY-SPB.ru;
2024-01-01;MOOLATRIKONA.ru;
2024-01-01;MOONBEE.ru;
2024-01-01;MOONSWING.ru;
2024-01-01;MOQU.ru;
2024-01-01;MORAES.ru;
2024-01-01;MORE-GOOD.ru;
2024-01-01;MORE-SPORTS.ru;
2024-01-01;MORELACE.ru;
2024-01-01;MORENS.ru;
2024-01-01;MORIUM-GROUP.ru;
2024-01-01;MORNE.ru;
2024-01-01;MORSHAKOV.ru;
2024-01-01;MORZHENKOV.ru;
2024-01-01;MORZOV.ru;
2024-01-01;MOS-KIT.ru;
2024-01-01;MOSB2B.ru;
2024-01-01;MOSCOW-2025.ru;
2024-01-01;MOSCOW2025.ru;
2024-01-01;MOSCVA-TIANYA.ru;
2024-01-01;MOSEC.ru;
2024-01-01;MOSHENKO.ru;
2024-01-01;MOSHENKOV.ru;
2024-01-01;MOSKOVINA.ru;
2024-01-01;MOSOUTLET.ru;
2024-01-01;MOSPRODEXPORT.ru;
2024-01-01;MOSTBETMAX.ru;
2024-01-01;MOTAYLO.ru;
2024-01-01;MOTIVATIONUP.ru;
2024-01-01;MOTOILNN.ru;
2024-01-01;MOTOLUB.ru;
2024-01-01;MOTOOIL-NN.ru;
2024-01-01;MOTORCYCLETOURS.ru;
2024-01-01;MOTORISTNN.ru;
2024-01-01;MOTORS911.ru;
2024-01-01;MOTORSERV.ru;
2024-01-01;MOTORSLIFE.ru;
2024-01-01;MOTREI.ru;
2024-01-01;MOTSKII.ru;
2024-01-01;MOURIER.ru;
2024-01-01;MOVEINVEST.ru;
2024-01-01;MOVIELIGHT.ru;
2024-01-01;MOVIETODAY.ru;
2024-01-01;MOVINGGROUP.ru;
2024-01-01;MOVINGTO.ru;
2024-01-01;MOYAMARKA.ru;
2024-01-01;MOYAOKA.ru;
2024-01-01;MP3SOS.ru;
2024-01-01;MPERSO.ru;
2024-01-01;MPFG.ru;
2024-01-01;MPGE.ru;
2024-01-01;MPHA.ru;
2024-01-01;MPQA.ru;
2024-01-01;MPRV.ru;
2024-01-01;MPUE.ru;
2024-01-01;MPWB.ru;
2024-01-01;MR-STEKOLLI.ru;
2024-01-01;MRCODE.ru;
2024-01-01;MREFREM.ru;
2024-01-01;MRFA.ru;
2024-01-01;MRHAMYR.ru;
2024-01-01;MRLE.ru;
2024-01-01;MRLM.ru;
2024-01-01;MRLO.ru;
2024-01-01;MRLR.ru;
2024-01-01;MRNL.ru;
2024-01-01;MRRG.ru;
2024-01-01;MRRL.ru;
2024-01-01;MRTCNN.ru;
2024-01-01;MSBSOFT.ru;
2024-01-01;MSC-TIANYA.ru;
2024-01-01;MSK-MUSIC64.ru;
2024-01-01;MSK1-NEWS.ru;
2024-01-01;MSK1-ZAIM.ru;
2024-01-01;MSK1NEWS.ru;
2024-01-01;MSLL.ru;
2024-01-01;MSLR.ru;
2024-01-01;MSRL.ru;
2024-01-01;MSVIRSKAYA.ru;
2024-01-01;MTBB.ru;
2024-01-01;MTBG.ru;
2024-01-01;MTFA.ru;
2024-01-01;MTGL.ru;
2024-01-01;MTHE.ru;
2024-01-01;MTHG.ru;
2024-01-01;MTKOIL.ru;
2024-01-01;MTLO.ru;
2024-01-01;MTVG.ru;
2024-01-01;MUDG.ru;
2024-01-01;MUGC.ru;
2024-01-01;MUHG.ru;
2024-01-01;MULTHIS.ru;
2024-01-01;MUPG.ru;
2024-01-01;MURMANFOOD.ru;
2024-01-01;MUSEEV.ru;
2024-01-01;MUSEUMDPO.ru;
2024-01-01;MUSHROOMZ.ru;
2024-01-01;MUSHTATOV.ru;
2024-01-01;MUSIC-MAG.ru;
2024-01-01;MUSICALOSCAR.ru;
2024-01-01;MUSICFORME.ru;
2024-01-01;MUSICOOL.ru;
2024-01-01;MUSICTEKA.ru;
2024-01-01;MUSIDEA.ru;
2024-01-01;MUSOROVIVOZ.ru;
2024-01-01;MUSTHAVEESSENS.ru;
2024-01-01;MUTG.ru;
2024-01-01;MUUC.ru;
2024-01-01;MUXSYAN.ru;
2024-01-01;MUZEUS.ru;
2024-01-01;MUZYCHIN.ru;
2024-01-01;MV-ORDERS.ru;
2024-01-01;MV33.ru;
2024-01-01;MVCG.ru;
2024-01-01;MVDE.ru;
2024-01-01;MVDG.ru;
2024-01-01;MVFG.ru;
2024-01-01;MVGA.ru;
2024-01-01;MVHR.ru;
2024-01-01;MVNC.ru;
2024-01-01;MVOA.ru;
2024-01-01;MVOS.ru;
2024-01-01;MVRG.ru;
2024-01-01;MVUC.ru;
2024-01-01;MVUG.ru;
2024-01-01;MXLS.ru;
2024-01-01;MXNK.ru;
2024-01-01;MY-BIRD.ru;
2024-01-01;MY-DENTISTRY-SOV.ru;
2024-01-01;MY-MAGNIT.ru;
2024-01-01;MY-PERFUME.ru;
2024-01-01;MY2025.ru;
2024-01-01;MYAKONKOV.ru;
2024-01-01;MYASONAZAKAZ.ru;
2024-01-01;MYBEAUTYBRAND.ru;
2024-01-01;MYCOLUX.ru;
2024-01-01;MYCORPORATE.ru;
2024-01-01;MYCU.ru;
2024-01-01;MYDEARPET.ru;
2024-01-01;MYDIRTYHOBBY.ru;
2024-01-01;MYFEAR.ru;
2024-01-01;MYFUNC.ru;
2024-01-01;MYGREENBOX.ru;
2024-01-01;MYGREENCAR.ru;
2024-01-01;MYGREENCITY.ru;
2024-01-01;MYHELPDESK.ru;
2024-01-01;MYHYDRO.ru;
2024-01-01;MYJW.ru;
2024-01-01;MYMONEYBANK.ru;
2024-01-01;MYOWNBOSS.ru;
2024-01-01;MYRIVA.ru;
2024-01-01;MYSORT.ru;
2024-01-01;MYSPARES.ru;
2024-01-01;MYSTERYMYSTERY.ru;
2024-01-01;MYTOPS.ru;
2024-01-01;MYXZ.ru;
2024-01-01;MYYY.ru;
2024-01-01;MYZAGORODOM.ru;
2024-01-01;MYZL.ru;
2024-01-01;MZ-ONLINE.ru;
2024-01-01;MZMP.ru;
2024-01-01;N-AGE.ru;
2024-01-01;N-FT.ru;
2024-01-01;N-GENERATION.ru;
2024-01-01;NA-ZABOY.ru;
2024-01-01;NAARA.ru;
2024-01-01;NABOICHENKO.ru;
2024-01-01;NADEJDASUPER.ru;
2024-01-01;NADOSUSHI.ru;
2024-01-01;NADZELENOVA.ru;
2024-01-01;NAGDALYAN.ru;
2024-01-01;NAGIBATORPWNZ.ru;
2024-01-01;NAHF.ru;
2024-01-01;NAILED-IT.ru;
2024-01-01;NAILSECRETS.ru;
2024-01-01;NAKOPIDENGI.ru;
2024-01-01;NAL-ARENDA.ru;
2024-01-01;NALARENDA.ru;
2024-01-01;NALMANGAL.ru;
2024-01-01;NAME-DELUXE.ru;
2024-01-01;NAMERENAT.ru;
2024-01-01;NANL.ru;
2024-01-01;NAPALI.ru;
2024-01-01;NARDOV.ru;
2024-01-01;NARVID.ru;
2024-01-01;NASHA-PAMYAT.ru;
2024-01-01;NASLEDSTVO-FEMIDA.ru;
2024-01-01;NASTIGLLO.ru;
2024-01-01;NATALI-TOUR.ru;
2024-01-01;NATALIBABAEVA.ru;
2024-01-01;NATAPRESS.ru;
2024-01-01;NATURAPETS.ru;
2024-01-01;NAVETKE.ru;
2024-01-01;NAZHIMOV.ru;
2024-01-01;NBAE.ru;
2024-01-01;NBDR.ru;
2024-01-01;NBFE.ru;
2024-01-01;NBGG.ru;
2024-01-01;NBHG.ru;
2024-01-01;NBHR.ru;
2024-01-01;NBIE.ru;
2024-01-01;NBLE.ru;
2024-01-01;NBNG.ru;
2024-01-01;NBOA.ru;
2024-01-01;NBPG.ru;
2024-01-01;NBPOLEVAYA.ru;
2024-01-01;NCBE.ru;
2024-01-01;NCDE.ru;
2024-01-01;NCFL.ru;
2024-01-01;NCGA.ru;
2024-01-01;ND-DESIGN.ru;
2024-01-01;NDDL.ru;
2024-01-01;NDHC.ru;
2024-01-01;NDIL.ru;
2024-01-01;NDLL.ru;
2024-01-01;NDLM.ru;
2024-01-01;NDLN.ru;
2024-01-01;NDLO.ru;
2024-01-01;NDNL.ru;
2024-01-01;NDOL.ru;
2024-01-01;NDOVGAJA.ru;
2024-01-01;NDPE.ru;
2024-01-01;NECOSOFT.ru;
2024-01-01;NEDESIGNER.ru;
2024-01-01;NEDVIGIMOSTI.ru;
2024-01-01;NEFTEMASHSTROI.ru;
2024-01-01;NEFTEMASHSTROY.ru;
2024-01-01;NEGANEWS.ru;
2024-01-01;NEGINSKY-BURO.ru;
2024-01-01;NEGLER.ru;
2024-01-01;NEHR.ru;
2024-01-01;NEJS.ru;
2024-01-01;NEJU.ru;
2024-01-01;NELG.ru;
2024-01-01;NELN.ru;
2024-01-01;NELR.ru;
2024-01-01;NEMANA.ru;
2024-01-01;NENDIN.ru;
2024-01-01;NEOLURK.ru;
2024-01-01;NEOMINE.ru;
2024-01-01;NEONBRAND.ru;
2024-01-01;NEONGREEN.ru;
2024-01-01;NEONSMOKE.ru;
2024-01-01;NEOPREPARAT.ru;
2024-01-01;NEPOSEDANN.ru;
2024-01-01;NEPOT.ru;
2024-01-01;NEPRIK.ru;
2024-01-01;NEPROPAL.ru;
2024-01-01;NERETHANO.ru;
2024-01-01;NET-WORKING.ru;
2024-01-01;NETES.ru;
2024-01-01;NETHATRIHEG.ru;
2024-01-01;NETHELIOS.ru;
2024-01-01;NETPEDIA.ru;
2024-01-01;NETSCALE.ru;
2024-01-01;NEUI.ru;
2024-01-01;NEUROFOODS.ru;
2024-01-01;NEVAHUB.ru;
2024-01-01;NEW-INVESTOR.ru;
2024-01-01;NEW-YEAR-TICKET.ru;
2024-01-01;NEWCARPET.ru;
2024-01-01;NEWDEX.ru;
2024-01-01;NEWSLIV.ru;
2024-01-01;NEWSOUTH.ru;
2024-01-01;NEWSSTARS.ru;
2024-01-01;NEWTILDA.ru;
2024-01-01;NEWVPS.ru;
2024-01-01;NEWYEARS-M.ru;
2024-01-01;NEXTBLOCK.ru;
2024-01-01;NEXTKUNU.ru;
2024-01-01;NEXUSBANK.ru;
2024-01-01;NFBG.ru;
2024-01-01;NFEEL.ru;
2024-01-01;NFFA.ru;
2024-01-01;NFHS.ru;
2024-01-01;NFNS.ru;
2024-01-01;NFRU.ru;
2024-01-01;NFTBROKER.ru;
2024-01-01;NFTEXCHANGE.ru;
2024-01-01;NFTTRADER.ru;
2024-01-01;NG2025.ru;
2024-01-01;NGGAZETA.ru;
2024-01-01;NGGG.ru;
2024-01-01;NGGS.ru;
2024-01-01;NGKF.ru;
2024-01-01;NGNS.ru;
2024-01-01;NGOL.ru;
2024-01-01;NGPG.ru;
2024-01-01;NGUE.ru;
2024-01-01;NGVS.ru;
2024-01-01;NHAR.ru;
2024-01-01;NHCE.ru;
2024-01-01;NHIE.ru;
2024-01-01;NHNC.ru;
2024-01-01;NHOE.ru;
2024-01-01;NHRE.ru;
2024-01-01;NHRG.ru;
2024-01-01;NHSE.ru;
2024-01-01;NHVC.ru;
2024-01-01;NI-COLL.ru;
2024-01-01;NIBEK.ru;
2024-01-01;NIBURG.ru;
2024-01-01;NIDG.ru;
2024-01-01;NIEPCE.ru;
2024-01-01;NIESE.ru;
2024-01-01;NIFANT.ru;
2024-01-01;NIGERIAN.ru;
2024-01-01;NIGHT-NEWS.ru;
2024-01-01;NIGROV.ru;
2024-01-01;NIJU.ru;
2024-01-01;NIKAIDO.ru;
2024-01-01;NIKNAYDEM.ru;
2024-01-01;NIKSOLOVEV.ru;
2024-01-01;NIKVIL.ru;
2024-01-01;NIML.ru;
2024-01-01;NINFEST.ru;
2024-01-01;NINIEV.ru;
2024-01-01;NINJA-PC.ru;
2024-01-01;NINL.ru;
2024-01-01;NIOTON.ru;
2024-01-01;NIPLIN.ru;
2024-01-01;NIPPA.ru;
2024-01-01;NIROD.ru;
2024-01-01;NISHAGUNAZAD.ru;
2024-01-01;NISOV.ru;
2024-01-01;NISSOV.ru;
2024-01-01;NITCHE.ru;
2024-01-01;NITG.ru;
2024-01-01;NIUA.ru;
2024-01-01;NIYAZOVA.ru;
2024-01-01;NIZIEVA.ru;
2024-01-01;NJECT.ru;
2024-01-01;NK-UCOZ.ru;
2024-01-01;NKCF.ru;
2024-01-01;NKFC.ru;
2024-01-01;NKKS.ru;
2024-01-01;NKUC.ru;
2024-01-01;NLAA.ru;
2024-01-01;NLAE.ru;
2024-01-01;NLAM.ru;
2024-01-01;NLAO.ru;
2024-01-01;NLAT.ru;
2024-01-01;NLCL.ru;
2024-01-01;NLDE.ru;
2024-01-01;NLDL.ru;
2024-01-01;NLDM.ru;
2024-01-01;NLDN.ru;
2024-01-01;NLDR.ru;
2024-01-01;NLDS.ru;
2024-01-01;NLDT.ru;
2024-01-01;NLEI.ru;
2024-01-01;NLEM.ru;
2024-01-01;NLEN.ru;
2024-01-01;NLER.ru;
2024-01-01;NLEY.ru;
2024-01-01;NLIE.ru;
2024-01-01;NLII.ru;
2024-01-01;NLIL.ru;
2024-01-01;NLIM.ru;
2024-01-01;NLIO.ru;
2024-01-01;NLIR.ru;
2024-01-01;NLLA.ru;
2024-01-01;NLLD.ru;
2024-01-01;NLLE.ru;
2024-01-01;NLLI.ru;
2024-01-01;NLLR.ru;
2024-01-01;NLLS.ru;
2024-01-01;NLLT.ru;
2024-01-01;NLMA.ru;
2024-01-01;NLME.ru;
2024-01-01;NLMI.ru;
2024-01-01;NLML.ru;
2024-01-01;NLMM.ru;
2024-01-01;NLMN.ru;
2024-01-01;NLMO.ru;
2024-01-01;NLMR.ru;
2024-01-01;NLNA.ru;
2024-01-01;NLND.ru;
2024-01-01;NLNE.ru;
2024-01-01;NLNI.ru;
2024-01-01;NLNO.ru;
2024-01-01;NLNS.ru;
2024-01-01;NLNT.ru;
2024-01-01;NLOA.ru;
2024-01-01;NLOC.ru;
2024-01-01;NLOD.ru;
2024-01-01;NLOE.ru;
2024-01-01;NLOI.ru;
2024-01-01;NLOL.ru;
2024-01-01;NLON.ru;
2024-01-01;NLOR.ru;
2024-01-01;NLRA.ru;
2024-01-01;NLRI.ru;
2024-01-01;NLRM.ru;
2024-01-01;NLRN.ru;
2024-01-01;NLRT.ru;
2024-01-01;NLSD.ru;
2024-01-01;NLSE.ru;
2024-01-01;NLSL.ru;
2024-01-01;NLSO.ru;
2024-01-01;NLSR.ru;
2024-01-01;NLTA.ru;
2024-01-01;NLTL.ru;
2024-01-01;NLTN.ru;
2024-01-01;NLTT.ru;
2024-01-01;NMAL.ru;
2024-01-01;NMBE.ru;
2024-01-01;NMCYAROSLAVL.ru;
2024-01-01;NMDL.ru;
2024-01-01;NMGS.ru;
2024-01-01;NMLA.ru;
2024-01-01;NMLD.ru;
2024-01-01;NMLE.ru;
2024-01-01;NMLI.ru;
2024-01-01;NMLL.ru;
2024-01-01;NMLM.ru;
2024-01-01;NMLN.ru;
2024-01-01;NMLO.ru;
2024-01-01;NMLR.ru;
2024-01-01;NMLT.ru;
2024-01-01;NMMG.ru;
2024-01-01;NMML.ru;
2024-01-01;NMNL.ru;
2024-01-01;NMRL.ru;
2024-01-01;NMTL.ru;
2024-01-01;NN-DOSTAVKA.ru;
2024-01-01;NN-HOST.ru;
2024-01-01;NN-KIDS.ru;
2024-01-01;NN-VAG.ru;
2024-01-01;NNAVTO.ru;
2024-01-01;NNBTI.ru;
2024-01-01;NNDOSTAVKA.ru;
2024-01-01;NNESTATE.ru;
2024-01-01;NNFA.ru;
2024-01-01;NNFG.ru;
2024-01-01;NNGI.ru;
2024-01-01;NNHG.ru;
2024-01-01;NNIG.ru;
2024-01-01;NNIL.ru;
2024-01-01;NNKIDS.ru;
2024-01-01;NNLA.ru;
2024-01-01;NNLD.ru;
2024-01-01;NNLE.ru;
2024-01-01;NNLI.ru;
2024-01-01;NNLM.ru;
2024-01-01;NNLN.ru;
2024-01-01;NNLO.ru;
2024-01-01;NNLR.ru;
2024-01-01;NNLS.ru;
2024-01-01;NNLT.ru;
2024-01-01;NNMASTERCLASS.ru;
2024-01-01;NNNL.ru;
2024-01-01;NNNU.ru;
2024-01-01;NNVAG.ru;
2024-01-01;NO-FACE.ru;
2024-01-01;NOHS.ru;
2024-01-01;NOJU.ru;
2024-01-01;NOM24INFO.ru;
2024-01-01;NORDIC-LIFE.ru;
2024-01-01;NORTIREW23.ru;
2024-01-01;NORTSOV.ru;
2024-01-01;NORTSOVA.ru;
2024-01-01;NOTARYDUBOVIK.ru;
2024-01-01;NOVIKOVI050707.ru;
2024-01-01;NOVMED-DENTAL.ru;
2024-01-01;NOVOHOLD.ru;
2024-01-01;NOVOLIP.ru;
2024-01-01;NOVOSILISH.ru;
2024-01-01;NOVTEHHOST.ru;
2024-01-01;NOXIK.ru;
2024-01-01;NOZHEV.ru;
2024-01-01;NP-VP.ru;
2024-01-01;NPDRSF.ru;
2024-01-01;NPNC.ru;
2024-01-01;NPP-ESKM.ru;
2024-01-01;NPP-KOMPOSIT.ru;
2024-01-01;NPRAMS.ru;
2024-01-01;NRAL.ru;
2024-01-01;NRBG.ru;
2024-01-01;NRDL.ru;
2024-01-01;NRIL.ru;
2024-01-01;NRLA.ru;
2024-01-01;NRLD.ru;
2024-01-01;NRLE.ru;
2024-01-01;NRLL.ru;
2024-01-01;NRLM.ru;
2024-01-01;NRLN.ru;
2024-01-01;NRLO.ru;
2024-01-01;NRLR.ru;
2024-01-01;NRLS.ru;
2024-01-01;NRLT.ru;
2024-01-01;NRNC.ru;
2024-01-01;NRNL.ru;
2024-01-01;NRRL.ru;
2024-01-01;NRTL.ru;
2024-01-01;NSHV.ru;
2024-01-01;NSK-HOLAPC.ru;
2024-01-01;NSK-ONLINE.ru;
2024-01-01;NSLE.ru;
2024-01-01;NSLI.ru;
2024-01-01;NSLM.ru;
2024-01-01;NSLN.ru;
2024-01-01;NSLO.ru;
2024-01-01;NSLR.ru;
2024-01-01;NSUKACHEV.ru;
2024-01-01;NTEY.ru;
2024-01-01;NTLL.ru;
2024-01-01;NTLR.ru;
2024-01-01;NTUNN.ru;
2024-01-01;NTXK.ru;
2024-01-01;NUBG.ru;
2024-01-01;NUEC.ru;
2024-01-01;NUGA5ELEMENT.ru;
2024-01-01;NUIG.ru;
2024-01-01;NUKEFUEL.ru;
2024-01-01;NUMEROTEKA.ru;
2024-01-01;NUREEV-1.ru;
2024-01-01;NURMEDICAL.ru;
2024-01-01;NUSG.ru;
2024-01-01;NUTME.ru;
2024-01-01;NUTRIGREEN.ru;
2024-01-01;NUTRIMIN.ru;
2024-01-01;NVAA.ru;
2024-01-01;NVBA.ru;
2024-01-01;NVHC.ru;
2024-01-01;NVIPCLOTH.ru;
2024-01-01;NVNA.ru;
2024-01-01;NVRA.ru;
2024-01-01;NVTA.ru;
2024-01-01;NVVA.ru;
2024-01-01;NWGU.ru;
2024-01-01;NWSITY.ru;
2024-01-01;NXAUTO.ru;
2024-01-01;NY2025.ru;
2024-01-01;NYAMKISES.ru;
2024-01-01;NYBL.ru;
2024-01-01;NYGU.ru;
2024-01-01;NYLU.ru;
2024-01-01;NYMAIL.ru;
2024-01-01;OA102.ru;
2024-01-01;OAAC.ru;
2024-01-01;OAAL.ru;
2024-01-01;OACA.ru;
2024-01-01;OADL.ru;
2024-01-01;OAEL.ru;
2024-01-01;OAGR.ru;
2024-01-01;OAHC.ru;
2024-01-01;OAKC.ru;
2024-01-01;OALD.ru;
2024-01-01;OALN.ru;
2024-01-01;OALR.ru;
2024-01-01;OALU.ru;
2024-01-01;OAML.ru;
2024-01-01;OANL.ru;
2024-01-01;OAOL.ru;
2024-01-01;OARL.ru;
2024-01-01;OASL.ru;
2024-01-01;OATL.ru;
2024-01-01;OBAA.ru;
2024-01-01;OBEREGLOVE.ru;
2024-01-01;OBIEDINENIE.ru;
2024-01-01;OBIER.ru;
2024-01-01;OBLOMOV2076.ru;
2024-01-01;OBMENCENTR.ru;
2024-01-01;OBOLSHOVA.ru;
2024-01-01;OBPC.ru;
2024-01-01;OBSTROI.ru;
2024-01-01;OBUHOVTD.ru;
2024-01-01;OBUNACHI.ru;
2024-01-01;OCGA.ru;
2024-01-01;OCHELARI.ru;
2024-01-01;OCLG.ru;
2024-01-01;OCOA.ru;
2024-01-01;OCPG.ru;
2024-01-01;OCSL.ru;
2024-01-01;OCUA.ru;
2024-01-01;ODDL.ru;
2024-01-01;ODDU.ru;
2024-01-01;ODESSA24.ru;
2024-01-01;ODHS.ru;
2024-01-01;ODIN-SB.ru;
2024-01-01;ODKC.ru;
2024-01-01;ODKD.ru;
2024-01-01;ODLD.ru;
2024-01-01;ODLL.ru;
2024-01-01;ODLM.ru;
2024-01-01;ODLN.ru;
2024-01-01;ODLT.ru;
2024-01-01;ODNC.ru;
2024-01-01;ODNL.ru;
2024-01-01;ODRIN.ru;
2024-01-01;ODRL.ru;
2024-01-01;ODTL.ru;
2024-01-01;ODVC.ru;
2024-01-01;OECG.ru;
2024-01-01;OEFG.ru;
2024-01-01;OEGS.ru;
2024-01-01;OEIC.ru;
2024-01-01;OEIG.ru;
2024-01-01;OEKG.ru;
2024-01-01;OELS.ru;
2024-01-01;OEOC.ru;
2024-01-01;OFAA.ru;
2024-01-01;OFBA.ru;
2024-01-01;OFD-ORD1370.ru;
2024-01-01;OFD-ORD6335.ru;
2024-01-01;OFD-ORD7963.ru;
2024-01-01;OFD-ORD9319.ru;
2024-01-01;OFD1899.ru;
2024-01-01;OFD2460.ru;
2024-01-01;OFD6938.ru;
2024-01-01;OFFEROK.ru;
2024-01-01;OFFG.ru;
2024-01-01;OFFICE-ZOTOV.ru;
2024-01-01;OFFICEKATALOG.ru;
2024-01-01;OFHA.ru;
2024-01-01;OFKH.ru;
2024-01-01;OFPA.ru;
2024-01-01;OFSF.ru;
2024-01-01;OGAEV.ru;
2024-01-01;OGDD.ru;
2024-01-01;OGFM.ru;
2024-01-01;OGHS.ru;
2024-01-01;OGRR.ru;
2024-01-01;OHBG.ru;
2024-01-01;OHCE.ru;
2024-01-01;OHDE.ru;
2024-01-01;OHGA.ru;
2024-01-01;OHGG.ru;
2024-01-01;OHGS.ru;
2024-01-01;OHHC.ru;
2024-01-01;OHIC.ru;
2024-01-01;OHKC.ru;
2024-01-01;OHOL.ru;
2024-01-01;OHOTSKAYA.ru;
2024-01-01;OHRE.ru;
2024-01-01;OIAG.ru;
2024-01-01;OICA.ru;
2024-01-01;OICR.ru;
2024-01-01;OICU.ru;
2024-01-01;OIFC.ru;
2024-01-01;OIGU.ru;
2024-01-01;OIIC.ru;
2024-01-01;OILMAIL.ru;
2024-01-01;OINU.ru;
2024-01-01;OIZU.ru;
2024-01-01;OK-CEMENT.ru;
2024-01-01;OK-KAMIN.ru;
2024-01-01;OK-PARKET.ru;
2024-01-01;OK-PEREVOZKA.ru;
2024-01-01;OK-PEREVOZKI.ru;
2024-01-01;OKCEMENT.ru;
2024-01-01;OKIBI.ru;
2024-01-01;OKKAMIN.ru;
2024-01-01;OKKOMFORT.ru;
2024-01-01;OKNA-TURBO-PAGE-44524.ru;
2024-01-01;OKNAYG.ru;
2024-01-01;OKNG.ru;
2024-01-01;OKNOTON.ru;
2024-01-01;OKOMOVA.ru;
2024-01-01;OKOSHKINO-TURBO-PAGE-44524.ru;
2024-01-01;OKPARKET.ru;
2024-01-01;OKPEREVOZKA.ru;
2024-01-01;OKPEREVOZKI.ru;
2024-01-01;OKWELLNESS.ru;
2024-01-01;OLBB.ru;
2024-01-01;OLESYAKARZA.ru;
2024-01-01;OLGA-TRUSHINA.ru;
2024-01-01;OLGAFOTOSTIL.ru;
2024-01-01;OLHC.ru;
2024-01-01;OLIMPIECNN.ru;
2024-01-01;OLKA1.ru;
2024-01-01;OLKORN.ru;
2024-01-01;OLLTIME.ru;
2024-01-01;OLNC.ru;
2024-01-01;OLOVOLINE.ru;
2024-01-01;OLSG.ru;
2024-01-01;OLVC.ru;
2024-01-01;OLYMPTOP.ru;
2024-01-01;OLYZE.ru;
2024-01-01;OMEGAURAL.ru;
2024-01-01;OMELAEVA.ru;
2024-01-01;OMML.ru;
2024-01-01;OMMU.ru;
2024-01-01;OMNICHECK.ru;
2024-01-01;OMNIMAN.ru;
2024-01-01;OMS2111.ru;
2024-01-01;OMSTORY.ru;
2024-01-01;OMXX.ru;
2024-01-01;ONDAKO.ru;
2024-01-01;ONEAGENT.ru;
2024-01-01;ONEENGLISH.ru;
2024-01-01;ONEWARRIOR-STUDIO.ru;
2024-01-01;ONHC.ru;
2024-01-01;ONKOLOG-MED.ru;
2024-01-01;ONKOLOGMED.ru;
2024-01-01;ONLINE-FACTORY.ru;
2024-01-01;ONLINE-MEETING.ru;
2024-01-01;ONLINE-OFFER.ru;
2024-01-01;ONLINE-SBIS.ru;
2024-01-01;ONLINE-VOROTA.ru;
2024-01-01;ONLINENBA.ru;
2024-01-01;ONLINEONLY.ru;
2024-01-01;ONLINEVOROTA.ru;
2024-01-01;ONLY-U.ru;
2024-01-01;ONLYTRUE.ru;
2024-01-01;ONNK.ru;
2024-01-01;ONRETAIL.ru;
2024-01-01;ONSARATOV.ru;
2024-01-01;ONSCARLETT.ru;
2024-01-01;ONTOMAP.ru;
2024-01-01;ONTRADERS.ru;
2024-01-01;ONUE.ru;
2024-01-01;OOEG.ru;
2024-01-01;OOGU.ru;
2024-01-01;OOOGG.ru;
2024-01-01;OOOMEDTEHNIKA.ru;
2024-01-01;OOOMERS.ru;
2024-01-01;OOORPD.ru;
2024-01-01;OOSG.ru;
2024-01-01;OPALUBKA-KRASNODAR.ru;
2024-01-01;OPALUBKA-NOVOSIB.ru;
2024-01-01;OPALUBKA-ROSTOV.ru;
2024-01-01;OPALUBKA-SPB78.ru;
2024-01-01;OPCW.ru;
2024-01-01;OPENLIMIT.ru;
2024-01-01;OPENPAGES.ru;
2024-01-01;OPENPAYMENTS.ru;
2024-01-01;OPENTITAN.ru;
2024-01-01;OPETRENKO.ru;
2024-01-01;OPGA.ru;
2024-01-01;OPLATA7476.ru;
2024-01-01;OPLATA7477.ru;
2024-01-01;OPLAUBKA-PITER.ru;
2024-01-01;OPTELLA.ru;
2024-01-01;OPTIMIZATSIYASAYTOV.ru;
2024-01-01;OPTMACH.ru;
2024-01-01;OPTO-MIR.ru;
2024-01-01;OPTREST.ru;
2024-01-01;OPTWIIL.ru;
2024-01-01;OPUA.ru;
2024-01-01;ORBIS-MOTO.ru;
2024-01-01;ORD-24828.ru;
2024-01-01;ORDER-1315.ru;
2024-01-01;ORDER-4615.ru;
2024-01-01;ORDER-7154.ru;
2024-01-01;ORDER8262.ru;
2024-01-01;OREHOVOE.ru;
2024-01-01;ORGANISERS.ru;
2024-01-01;ORIENT34.ru;
2024-01-01;ORTHOMEDICS.ru;
2024-01-01;ORTHOMOLPRO.ru;
2024-01-01;ORTUSLIGHTING.ru;
2024-01-01;ORVID.ru;
2024-01-01;ORZHUKOV.ru;
2024-01-01;OSAVPN.ru;
2024-01-01;OSCARTEX.ru;
2024-01-01;OSHUTOV.ru;
2024-01-01;OSIKOVA.ru;
2024-01-01;OSKARTOYS.ru;
2024-01-01;OSUA.ru;
2024-01-01;OTACADEMY.ru;
2024-01-01;OTCG.ru;
2024-01-01;OTEL-PARTNER.ru;
2024-01-01;OTGC.ru;
2024-01-01;OTHC.ru;
2024-01-01;OTIRO.ru;
2024-01-01;OTK-STONE.ru;
2024-01-01;OTKATVOROTA.ru;
2024-01-01;OTNOSHENIA-INFO.ru;
2024-01-01;OTOPLENIEELEKTRO.ru;
2024-01-01;OTPAPILLOM.ru;
2024-01-01;OTROHOV.ru;
2024-01-01;OTROKI.ru;
2024-01-01;OTZW.ru;
2024-01-01;OUBA.ru;
2024-01-01;OUFC.ru;
2024-01-01;OUGU.ru;
2024-01-01;OUHE.ru;
2024-01-01;OUHG.ru;
2024-01-01;OUKU.ru;
2024-01-01;OUMU.ru;
2024-01-01;OUMY.ru;
2024-01-01;OUPA.ru;
2024-01-01;OURBAN.ru;
2024-01-01;OUTDOCS.ru;
2024-01-01;OUTDOORPARTNER.ru;
2024-01-01;OWN-BUSINESS.ru;
2024-01-01;OXGU.ru;
2024-01-01;OXONOS.ru;
2024-01-01;OYLU.ru;
2024-01-01;OYYS.ru;
2024-01-01;OZBEKLAR.ru;
2024-01-01;OZERODOLGOE.ru;
2024-01-01;OZHEREDOV.ru;
2024-01-01;OZICORP.ru;
2024-01-01;OZONSTORE.ru;
2024-01-01;PADMAYOGA.ru;
2024-01-01;PADUR.ru;
2024-01-01;PAGNUEVA.ru;
2024-01-01;PAIDISTUDIO.ru;
2024-01-01;PAINSTATION.ru;
2024-01-01;PAINTBALLSPEKTR.ru;
2024-01-01;PAKIPAK.ru;
2024-01-01;PAKIPAKI.ru;
2024-01-01;PAKOSH.ru;
2024-01-01;PALEOECO.ru;
2024-01-01;PALIEVA.ru;
2024-01-01;PALMIRATUR.ru;
2024-01-01;PAMPERS24.ru;
2024-01-01;PANCOOK.ru;
2024-01-01;PANDAMO.ru;
2024-01-01;PAPAGAYO.ru;
2024-01-01;PAPAINVEST.ru;
2024-01-01;PAPERWALL.ru;
2024-01-01;PARENTACADEMY.ru;
2024-01-01;PARISPARIS.ru;
2024-01-01;PARKET-DELUXE.ru;
2024-01-01;PARKET-PARTNER.ru;
2024-01-01;PARKET-X.ru;
2024-01-01;PARKETDELUXE.ru;
2024-01-01;PARKETPARTNER.ru;
2024-01-01;PARORASPREDELITEL.ru;
2024-01-01;PARQUETELITE.ru;
2024-01-01;PASSIONISTA.ru;
2024-01-01;PASTALUB.ru;
2024-01-01;PASTAMEAT.ru;
2024-01-01;PATENTOVATEL.ru;
2024-01-01;PATENTPOINT.ru;
2024-01-01;PAVC.ru;
2024-01-01;PAVELBOBKOV.ru;
2024-01-01;PAVELMALAHOV.ru;
2024-01-01;PAVELSKAYA.ru;
2024-01-01;PAVKRAV.ru;
2024-01-01;PAVOZKOVA.ru;
2024-01-01;PAXU.ru;
2024-01-01;PAY-8755.ru;
2024-01-01;PAY-PAYMENTS.ru;
2024-01-01;PAY-ROBOT.ru;
2024-01-01;PAY0.ru;
2024-01-01;PAYMENT-234.ru;
2024-01-01;PAYMENT-235.ru;
2024-01-01;PAYMENT-SYSTEMS.ru;
2024-01-01;PBDG.ru;
2024-01-01;PBKT.ru;
2024-01-01;PBRG.ru;
2024-01-01;PCGE.ru;
2024-01-01;PCHELOVOD-2024.ru;
2024-01-01;PCIL.ru;
2024-01-01;PCPL.ru;
2024-01-01;PCTG.ru;
2024-01-01;PDCL.ru;
2024-01-01;PDLA.ru;
2024-01-01;PDNO.ru;
2024-01-01;PDRA.ru;
2024-01-01;PECHKA-BBQ-KRASNODAR.ru;
2024-01-01;PECHKIN-NN.ru;
2024-01-01;PECHKINNN.ru;
2024-01-01;PECHOK.ru;
2024-01-01;PEEA.ru;
2024-01-01;PEGOF.ru;
2024-01-01;PEKEN.ru;
2024-01-01;PELEV.ru;
2024-01-01;PENETRON-CRIMEA.ru;
2024-01-01;PENGEN.ru;
2024-01-01;PEPG.ru;
2024-01-01;PER3526.ru;
2024-01-01;PERBACCOWOW.ru;
2024-01-01;PEREVOZKA-1.ru;
2024-01-01;PEREVOZKA-X.ru;
2024-01-01;PEREVOZKAX.ru;
2024-01-01;PEREVOZKI-1.ru;
2024-01-01;PEREVOZKI-TOP.ru;
2024-01-01;PEREVOZKI-X.ru;
2024-01-01;PEREVOZKITOP.ru;
2024-01-01;PEREVOZKIX.ru;
2024-01-01;PERFECTA-VISION.ru;
2024-01-01;PERILA-YALTA.ru;
2024-01-01;PERMTERM.ru;
2024-01-01;PERSER.ru;
2024-01-01;PERSONALMAX.ru;
2024-01-01;PERVIYE.ru;
2024-01-01;PET-POINT.ru;
2024-01-01;PETCARES.ru;
2024-01-01;PETCENTRAL.ru;
2024-01-01;PETRABITUM.ru;
2024-01-01;PETRO-LINE.ru;
2024-01-01;PETS-NN.ru;
2024-01-01;PETSCHOICE.ru;
2024-01-01;PETYUKOV.ru;
2024-01-01;PEVIN.ru;
2024-01-01;PFAA.ru;
2024-01-01;PFAE.ru;
2024-01-01;PFEE.ru;
2024-01-01;PFFA.ru;
2024-01-01;PFFS.ru;
2024-01-01;PFKC.ru;
2024-01-01;PFRC.ru;
2024-01-01;PFVC.ru;
2024-01-01;PGAE.ru;
2024-01-01;PGCE.ru;
2024-01-01;PGEA.ru;
2024-01-01;PGNC.ru;
2024-01-01;PGRE.ru;
2024-01-01;PGSL.ru;
2024-01-01;PGUC.ru;
2024-01-01;PHAE.ru;
2024-01-01;PHANTASIE.ru;
2024-01-01;PHARMMETA.ru;
2024-01-01;PHARMRECON.ru;
2024-01-01;PHDL.ru;
2024-01-01;PHGA.ru;
2024-01-01;PHGC.ru;
2024-01-01;PHJPMPVVZC.ru;
2024-01-01;PHKS.ru;
2024-01-01;PHLA.ru;
2024-01-01;PHNA.ru;
2024-01-01;PHOA.ru;
2024-01-01;PHOENIXLIFE.ru;
2024-01-01;PHONEPE.ru;
2024-01-01;PHOTO-FISHKA.ru;
2024-01-01;PHOTO161.ru;
2024-01-01;PHOTOSHOCK.ru;
2024-01-01;PHOTOTOO.ru;
2024-01-01;PHOTOVISTA.ru;
2024-01-01;PHRE.ru;
2024-01-01;PHTG.ru;
2024-01-01;PHUA.ru;
2024-01-01;PHUKET-RIDDLES.ru;
2024-01-01;PICBYMOROZOVA.ru;
2024-01-01;PICLAW.ru;
2024-01-01;PIERRENICOLE.ru;
2024-01-01;PILINGIST.ru;
2024-01-01;PINKANDGREEN.ru;
2024-01-01;PIRSINGIST.ru;
2024-01-01;PISHENKO.ru;
2024-01-01;PITERMOY.ru;
2024-01-01;PIXYBUBBLES.ru;
2024-01-01;PIZAN.ru;
2024-01-01;PIZZANDDUCK.ru;
2024-01-01;PK-TRADE.ru;
2024-01-01;PKCG.ru;
2024-01-01;PKF-STANKOR.ru;
2024-01-01;PKHC.ru;
2024-01-01;PKKN.ru;
2024-01-01;PKOROTIN.ru;
2024-01-01;PKTJ.ru;
2024-01-01;PLANTLAMP.ru;
2024-01-01;PLASFOR.ru;
2024-01-01;PLATFORMART.ru;
2024-01-01;PLAYGENDARY.ru;
2024-01-01;PLAYSINFORTUNA7.ru;
2024-01-01;PLDR.ru;
2024-01-01;PLEDELITE-SALE.ru;
2024-01-01;PLEVE.ru;
2024-01-01;PLGG.ru;
2024-01-01;PLGS.ru;
2024-01-01;PLHA.ru;
2024-01-01;PLITKAKERAM.ru;
2024-01-01;PLJS.ru;
2024-01-01;PLNA.ru;
2024-01-01;PLOA.ru;
2024-01-01;PLOT-NIK.ru;
2024-01-01;PLPA.ru;
2024-01-01;PLRA.ru;
2024-01-01;PLUSAI.ru;
2024-01-01;PLVG.ru;
2024-01-01;PMBOT.ru;
2024-01-01;PMEG.ru;
2024-01-01;PMGZ.ru;
2024-01-01;PMHA.ru;
2024-01-01;PMHS.ru;
2024-01-01;PMKVG.ru;
2024-01-01;PMMO.ru;
2024-01-01;PMNC.ru;
2024-01-01;PMSPACE.ru;
2024-01-01;PNBA.ru;
2024-01-01;PNIG.ru;
2024-01-01;PNMAIL.ru;
2024-01-01;PNNL.ru;
2024-01-01;POAA.ru;
2024-01-01;POCG.ru;
2024-01-01;PODACHEVA.ru;
2024-01-01;PODBERI-VELIK.ru;
2024-01-01;PODKABLUK.ru;
2024-01-01;PODOLOG24.ru;
2024-01-01;PODZOLKOVA.ru;
2024-01-01;POGODA-V-TATARSKE.ru;
2024-01-01;POGREBOK24.ru;
2024-01-01;POIA.ru;
2024-01-01;POISK-AVIA.ru;
2024-01-01;POL38.ru;
2024-01-01;POLAEVA.ru;
2024-01-01;POLIFONII.ru;
2024-01-01;POLINIT-TEXTILE.ru;
2024-01-01;POLINSKY.ru;
2024-01-01;POLISHGLASS.ru;
2024-01-01;POLIT-LAND.ru;
2024-01-01;POLITAG.ru;
2024-01-01;POLOVOVA.ru;
2024-01-01;POLUART.ru;
2024-01-01;POOKI.ru;
2024-01-01;POPEREKNABOK.ru;
2024-01-01;POQR.ru;
2024-01-01;PORT-TLT.ru;
2024-01-01;PORTEMAR.ru;
2024-01-01;PORTURAL.ru;
2024-01-01;POSELOK-NA-ALTAE.ru;
2024-01-01;POSELOKNAALTAE.ru;
2024-01-01;POSETINN.ru;
2024-01-01;POSHBERRY.ru;
2024-01-01;POSITIVESTYLE.ru;
2024-01-01;POSPEHOV.ru;
2024-01-01;POSTOLOVA.ru;
2024-01-01;POTKINA.ru;
2024-01-01;POVAR-KONDITER.ru;
2024-01-01;POVARKOVA.ru;
2024-01-01;POWER-PLATFORM.ru;
2024-01-01;POWERDESK.ru;
2024-01-01;POWERLIST.ru;
2024-01-01;POWERWEBINAR.ru;
2024-01-01;POZDRAVILOFF.ru;
2024-01-01;POZHARNOVA.ru;
2024-01-01;POZHMETDVERI.ru;
2024-01-01;POZHSB.ru;
2024-01-01;POZHUSLUGI.ru;
2024-01-01;PPCE.ru;
2024-01-01;PPNA.ru;
2024-01-01;PPTE.ru;
2024-01-01;PRAGMAT97.ru;
2024-01-01;PRAGMATICPLAY-SLOTS.ru;
2024-01-01;PRAVE.ru;
2024-01-01;PRAVO-LEGAL.ru;
2024-01-01;PRAVOSPB812.ru;
2024-01-01;PRBMARKET.ru;
2024-01-01;PRECISIONBIOME.ru;
2024-01-01;PREDE.ru;
2024-01-01;PREMIUM-APARTMENT.ru;
2024-01-01;PRESENTCARDS.ru;
2024-01-01;PRESIDENTNN.ru;
2024-01-01;PRESS-QFP.ru;
2024-01-01;PRHS.ru;
2024-01-01;PRIBORAERO.ru;
2024-01-01;PRICHESKY.ru;
2024-01-01;PRIDE-TOMSK.ru;
2024-01-01;PRILETAJ.ru;
2024-01-01;PRIMA-MEH.ru;
2024-01-01;PRIMAWERA.ru;
2024-01-01;PRIMEACCOUNT.ru;
2024-01-01;PRIMEELECTRIC.ru;
2024-01-01;PRINIMAYMENYA.ru;
2024-01-01;PRIRODAPRO.ru;
2024-01-01;PRISHEPOV.ru;
2024-01-01;PRISMA-REPAIR.ru;
2024-01-01;PRITULINA.ru;
2024-01-01;PRIUTLIFE.ru;
2024-01-01;PRIVACYMAIL.ru;
2024-01-01;PRIVOROT-TARO.ru;
2024-01-01;PRO-CLINICS.ru;
2024-01-01;PRO-HOSTINGOM.ru;
2024-01-01;PRO-KLINIKA.ru;
2024-01-01;PRO-NEUROSETI.ru;
2024-01-01;PROAMPER.ru;
2024-01-01;PROBACK.ru;
2024-01-01;PROCASINO1.ru;
2024-01-01;PROCOOP.ru;
2024-01-01;PRODAMUSEDU.ru;
2024-01-01;PRODAMUSWEB.ru;
2024-01-01;PRODAMUSXL.ru;
2024-01-01;PRODAYKV.ru;
2024-01-01;PRODRAI.ru;
2024-01-01;PRODTEHNIKA.ru;
2024-01-01;PRODUCTLABS.ru;
2024-01-01;PRODUCTSHOPPER.ru;
2024-01-01;PRODUIT.ru;
2024-01-01;PROECTSERVIS.ru;
2024-01-01;PROEKT-GODA.ru;
2024-01-01;PROEKT-INTERIOR.ru;
2024-01-01;PROEKT-X.ru;
2024-01-01;PROEKTK.ru;
2024-01-01;PROEKTX.ru;
2024-01-01;PROF-CLINICS.ru;
2024-01-01;PROF-SHPIL.ru;
2024-01-01;PROFAITI.ru;
2024-01-01;PROFCAFE.ru;
2024-01-01;PROFCLINICS.ru;
2024-01-01;PROFESSII-BUDUSHCHEGO.ru;
2024-01-01;PROFFREALTOR.ru;
2024-01-01;PROFFRIELTOR.ru;
2024-01-01;PROFILAGRO.ru;
2024-01-01;PROGNOZMASTERY.ru;
2024-01-01;PROGRESS-STAL.ru;
2024-01-01;PROJDOKHA.ru;
2024-01-01;PROJEKT-STROY.ru;
2024-01-01;PROKATOTEKA.ru;
2024-01-01;PROKUDSKOE.ru;
2024-01-01;PROM-M.ru;
2024-01-01;PROMAPP.ru;
2024-01-01;PROMKOM-NN.ru;
2024-01-01;PROMOGRAND.ru;
2024-01-01;PROMRESURS-TYRE.ru;
2024-01-01;PROMSNAB-SERVICE.ru;
2024-01-01;PROPERTIE.ru;
2024-01-01;PROPERTYAUCTIONS.ru;
2024-01-01;PROPHOENIX.ru;
2024-01-01;PROPRIA.ru;
2024-01-01;PROREMONT56.ru;
2024-01-01;PROSBORKA.ru;
2024-01-01;PROSCRIPTOR.ru;
2024-01-01;PROSKVAZHINY.ru;
2024-01-01;PROSTO-SMETA.ru;
2024-01-01;PROSTOKOSHKI.ru;
2024-01-01;PROSTOVKAUTH.ru;
2024-01-01;PROTEACHING.ru;
2024-01-01;PROTECHSTORE.ru;
2024-01-01;PROTEINTECH.ru;
2024-01-01;PROVERATOR.ru;
2024-01-01;PROVINCYA.ru;
2024-01-01;PROVKAUTH.ru;
2024-01-01;PROWARES.ru;
2024-01-01;PRQR.ru;
2024-01-01;PRUA.ru;
2024-01-01;PRUNING.ru;
2024-01-01;PSIHOLOQ.ru;
2024-01-01;PSPASHKOV.ru;
2024-01-01;PSY-SEA.ru;
2024-01-01;PSYHOLOGVAM.ru;
2024-01-01;PSYSEA.ru;
2024-01-01;PSYSOVETI.ru;
2024-01-01;PTAA.ru;
2024-01-01;PTFA.ru;
2024-01-01;PUAA.ru;
2024-01-01;PUDRA-Z-HENS.ru;
2024-01-01;PUGC.ru;
2024-01-01;PUIC.ru;
2024-01-01;PULKINA.ru;
2024-01-01;PULMANOVA.ru;
2024-01-01;PUREOILS.ru;
2024-01-01;PUSHANOV.ru;
2024-01-01;PUSHEK.ru;
2024-01-01;PUSHFLOW.ru;
2024-01-01;PUTIDOROGINN.ru;
2024-01-01;PUTIH2024.ru;
2024-01-01;PUTINCRAFT.ru;
2024-01-01;PUTNIK3.ru;
2024-01-01;PVBA.ru;
2024-01-01;PVBG.ru;
2024-01-01;PVDE.ru;
2024-01-01;PVEZ.ru;
2024-01-01;PVMA.ru;
2024-01-01;PWNMECH.ru;
2024-01-01;PXPP.ru;
2024-01-01;PYATIGORSK-NARKOLOG.ru;
2024-01-01;PYTIH2024.ru;
2024-01-01;PYTIN-2024.ru;
2024-01-01;PYTIN-2030.ru;
2024-01-01;PYTIN-2036.ru;
2024-01-01;PYTIN-2042.ru;
2024-01-01;PYTUN2024.ru;
2024-01-01;QABU.ru;
2024-01-01;QALU.ru;
2024-01-01;QAMU.ru;
2024-01-01;QAPT.ru;
2024-01-01;QAVU.ru;
2024-01-01;QCLIMAT.ru;
2024-01-01;QEGO.ru;
2024-01-01;QEGU.ru;
2024-01-01;QENU.ru;
2024-01-01;QEVU.ru;
2024-01-01;QFLE.ru;
2024-01-01;QFNS.ru;
2024-01-01;QIBU.ru;
2024-01-01;QICU.ru;
2024-01-01;QIGU.ru;
2024-01-01;QIMG.ru;
2024-01-01;QIMU.ru;
2024-01-01;QIVU.ru;
2024-01-01;QIWO.ru;
2024-01-01;QIZU.ru;
2024-01-01;QJQJ.ru;
2024-01-01;QLOK.ru;
2024-01-01;QLOOM.ru;
2024-01-01;QMOVR.ru;
2024-01-01;QOBU.ru;
2024-01-01;QOGU.ru;
2024-01-01;QOLDAPPLE.ru;
2024-01-01;QOLU.ru;
2024-01-01;QOVU.ru;
2024-01-01;QOZU.ru;
2024-01-01;QPDP.ru;
2024-01-01;QQHA.ru;
2024-01-01;QQLXX.ru;
2024-01-01;QQRENTS.ru;
2024-01-01;QR-BOT.ru;
2024-01-01;QR-CHAT.ru;
2024-01-01;QR-DATING.ru;
2024-01-01;QRBC.ru;
2024-01-01;QROCK.ru;
2024-01-01;QRRR.ru;
2024-01-01;QRSTORY.ru;
2024-01-01;QSRU.ru;
2024-01-01;QSTN.ru;
2024-01-01;QTUR.ru;
2024-01-01;QUALIDA.ru;
2024-01-01;QUANTSOFT.ru;
2024-01-01;QUESTFAMILY.ru;
2024-01-01;QUGU.ru;
2024-01-01;QUICK-INCOME.ru;
2024-01-01;QUICKDELIVERCASH.ru;
2024-01-01;QUOE.ru;
2024-01-01;QUVU.ru;
2024-01-01;R-V-D.ru;
2024-01-01;R12U12S125.ru;
2024-01-01;R2-ONLINE.ru;
2024-01-01;R4LOGS.ru;
2024-01-01;RABATFIN.ru;
2024-01-01;RABOTAVSEM247.ru;
2024-01-01;RABUNDO.ru;
2024-01-01;RACESPACE.ru;
2024-01-01;RADIUSLINE.ru;
2024-01-01;RADMIR-MOSCOW.ru;
2024-01-01;RADPROM.ru;
2024-01-01;RADUGAFUND.ru;
2024-01-01;RAGEPC.ru;
2024-01-01;RAGOZ.ru;
2024-01-01;RAILDIRECT.ru;
2024-01-01;RAJN.ru;
2024-01-01;RAKUZ.ru;
2024-01-01;RANDOMDAY.ru;
2024-01-01;RANEV.ru;
2024-01-01;RAPOV.ru;
2024-01-01;RAPROMOTIONS.ru;
2024-01-01;RAPROSMOTR.ru;
2024-01-01;RASHINA.ru;
2024-01-01;RASSHIVIN.ru;
2024-01-01;RATINGBOT.ru;
2024-01-01;RATTLY.ru;
2024-01-01;RAUSS.ru;
2024-01-01;RAVEZOV.ru;
2024-01-01;RAVILOV737.ru;
2024-01-01;RAVISSA.ru;
2024-01-01;RAWG.ru;
2024-01-01;RAYNERMUSIC.ru;
2024-01-01;RAYPAYS.ru;
2024-01-01;RAZMAHAEVA.ru;
2024-01-01;RAZNOLOSKUT.ru;
2024-01-01;RAZUM-X.ru;
2024-01-01;RBP4.ru;
2024-01-01;RBPRK91645.ru;
2024-01-01;RBUR.ru;
2024-01-01;RBWW.ru;
2024-01-01;RCBE.ru;
2024-01-01;RCEG.ru;
2024-01-01;RCGG.ru;
2024-01-01;RCVA.ru;
2024-01-01;RD-SNAB.ru;
2024-01-01;RDCG.ru;
2024-01-01;RDRU.ru;
2024-01-01;RDUG.ru;
2024-01-01;RDVC.ru;
2024-01-01;RE-BRAIN.ru;
2024-01-01;REALPC.ru;
2024-01-01;REALTIE.ru;
2024-01-01;REDBRO.ru;
2024-01-01;REDEON.ru;
2024-01-01;REDVENTURES.ru;
2024-01-01;REEVEMGC.ru;
2024-01-01;REFINONLINE.ru;
2024-01-01;REFLEXER.ru;
2024-01-01;REG-OPT.ru;
2024-01-01;REG-STROY.ru;
2024-01-01;REGALMEBEL.ru;
2024-01-01;REGION-METROLOGIA.ru;
2024-01-01;REGION-PROECT.ru;
2024-01-01;REGION31RUS31.ru;
2024-01-01;REGIONHUB.ru;
2024-01-01;REGISTRS.ru;
2024-01-01;REGOPT.ru;
2024-01-01;REKLAWA.ru;
2024-01-01;RELEAZE.ru;
2024-01-01;RELOCATEME.ru;
2024-01-01;REMACT.ru;
2024-01-01;REMOCOFFEE.ru;
2024-01-01;REMONT-COMP64.ru;
2024-01-01;REMONT-STIR-HOLOD.ru;
2024-01-01;REMONT-VKVARTIRE.ru;
2024-01-01;REMONT-X.ru;
2024-01-01;REMONTDMITROV.ru;
2024-01-01;REMONTKUBAN.ru;
2024-01-01;REMONTOKNA77.ru;
2024-01-01;REMTECH24.ru;
2024-01-01;REMZHILSTROY-INVEST.ru;
2024-01-01;RENTACAMPER.ru;
2024-01-01;REPAREX.ru;
2024-01-01;REPTON.ru;
2024-01-01;RESHUNOVA.ru;
2024-01-01;RESIDENCESVILLAS.ru;
2024-01-01;RESOURCE-I.ru;
2024-01-01;RESTARACIA.ru;
2024-01-01;RESTOWIFI.ru;
2024-01-01;RESURSLES.ru;
2024-01-01;RETITLE.ru;
2024-01-01;RETODAY.ru;
2024-01-01;RETSIKL.ru;
2024-01-01;RETURNCALL.ru;
2024-01-01;REVERSENG.ru;
2024-01-01;REVETNEVA.ru;
2024-01-01;REVIEW-VS.ru;
2024-01-01;REVOV.ru;
2024-01-01;REVUT.ru;
2024-01-01;REXPORT.ru;
2024-01-01;RFAE.ru;
2024-01-01;RFEG.ru;
2024-01-01;RFFG.ru;
2024-01-01;RFLAGG.ru;
2024-01-01;RFLC.ru;
2024-01-01;RFRG.ru;
2024-01-01;RFTEPLO.ru;
2024-01-01;RFVE.ru;
2024-01-01;RGBUNO.ru;
2024-01-01;RGFS.ru;
2024-01-01;RGSYSTEM.ru;
2024-01-01;RHGC.ru;
2024-01-01;RHGS.ru;
2024-01-01;RHLC.ru;
2024-01-01;RHLG.ru;
2024-01-01;RHME.ru;
2024-01-01;RHMG.ru;
2024-01-01;RHMR.ru;
2024-01-01;RHOR.ru;
2024-01-01;RHUL.ru;
2024-01-01;RIBQ.ru;
2024-01-01;RICHMEIER.ru;
2024-01-01;RIELTORU.ru;
2024-01-01;RIGHTY.ru;
2024-01-01;RIJU.ru;
2024-01-01;RINATI.ru;
2024-01-01;RIOTSTREET.ru;
2024-01-01;RISKFLOW.ru;
2024-01-01;RISONT.ru;
2024-01-01;RITYTIREW23.ru;
2024-01-01;RIVERAVTO.ru;
2024-01-01;RKCG.ru;
2024-01-01;RKGC.ru;
2024-01-01;RKKS.ru;
2024-01-01;RKRZ.ru;
2024-01-01;RLIG.ru;
2024-01-01;RMGG.ru;
2024-01-01;RMW2016.ru;
2024-01-01;RNCLUB.ru;
2024-01-01;RNPRO.ru;
2024-01-01;RNRU.ru;
2024-01-01;ROBKOVA.ru;
2024-01-01;ROBOAVTO.ru;
2024-01-01;ROBOGOLD.ru;
2024-01-01;ROCKBOY.ru;
2024-01-01;ROCKETCOVER.ru;
2024-01-01;ROCKETLIFE.ru;
2024-01-01;RODANKOVA.ru;
2024-01-01;ROFG.ru;
2024-01-01;ROKOLO.ru;
2024-01-01;ROKOV.ru;
2024-01-01;ROMANKOVA.ru;
2024-01-01;ROMASHENKO.ru;
2024-01-01;ROOMEEZ.ru;
2024-01-01;ROOMNET.ru;
2024-01-01;RORS-MUSEUM.ru;
2024-01-01;ROS-TOP.ru;
2024-01-01;ROSECOSORT.ru;
2024-01-01;ROSLEASE.ru;
2024-01-01;ROSSINSTAGRAM.ru;
2024-01-01;ROSTOKNN.ru;
2024-01-01;ROYAL-AVTO.ru;
2024-01-01;ROYALKASKO.ru;
2024-01-01;ROYALMARIN.ru;
2024-01-01;ROYALPARKS.ru;
2024-01-01;ROYALTOOTH.ru;
2024-01-01;ROYALTOUCH.ru;
2024-01-01;ROYALTRADITIONS.ru;
2024-01-01;ROYALTYCHEF.ru;
2024-01-01;ROYALTYHOME.ru;
2024-01-01;ROYALUMBRELLA.ru;
2024-01-01;ROYALZONT.ru;
2024-01-01;ROYAMANN.ru;
2024-01-01;ROYARD.ru;
2024-01-01;ROYBAND.ru;
2024-01-01;ROYFAM.ru;
2024-01-01;ROYMAN.ru;
2024-01-01;ROYMEN.ru;
2024-01-01;ROYPAS.ru;
2024-01-01;ROYROS.ru;
2024-01-01;ROYSHOES.ru;
2024-01-01;ROYWEAR.ru;
2024-01-01;ROYYNA.ru;
2024-01-01;ROZAAISH.ru;
2024-01-01;ROZABELLA.ru;
2024-01-01;ROZABRAND.ru;
2024-01-01;ROZACARPET.ru;
2024-01-01;ROZACO.ru;
2024-01-01;ROZALACE.ru;
2024-01-01;ROZALIHOME.ru;
2024-01-01;ROZALIM.ru;
2024-01-01;ROZALINGERIE.ru;
2024-01-01;ROZAMI.ru;
2024-01-01;ROZAPROJECTS.ru;
2024-01-01;ROZARISTORE.ru;
2024-01-01;ROZASTYLE.ru;
2024-01-01;ROZEHOME.ru;
2024-01-01;ROZELINE.ru;
2024-01-01;ROZENBLUM.ru;
2024-01-01;ROZENGRIN.ru;
2024-01-01;ROZEX.ru;
2024-01-01;ROZHAYAT.ru;
2024-01-01;ROZHEK.ru;
2024-01-01;ROZIE.ru;
2024-01-01;ROZIHOME.ru;
2024-01-01;ROZIKITCHEN.ru;
2024-01-01;ROZISAI.ru;
2024-01-01;ROZISTYLE.ru;
2024-01-01;ROZITTA.ru;
2024-01-01;ROZITTABAGS.ru;
2024-01-01;ROZOVAYAKOZA.ru;
2024-01-01;ROZOVSHOP.ru;
2024-01-01;ROZPANTION.ru;
2024-01-01;ROZRIM.ru;
2024-01-01;ROZSOFTLIFE.ru;
2024-01-01;ROZYBIANCO.ru;
2024-01-01;ROZYBRAND.ru;
2024-01-01;ROZYPOCHTOY.ru;
2024-01-01;ROZZALIA.ru;
2024-01-01;ROZZASHOP.ru;
2024-01-01;RPBRAND.ru;
2024-01-01;RPERFUME.ru;
2024-01-01;RPGMODEL.ru;
2024-01-01;RPKBRAND.ru;
2024-01-01;RPLG.ru;
2024-01-01;RPMRECORDS.ru;
2024-01-01;RPTEXTILE.ru;
2024-01-01;RPYS.ru;
2024-01-01;RRADA.ru;
2024-01-01;RRBRAND.ru;
2024-01-01;RRCLEAN.ru;
2024-01-01;RRCRAFT.ru;
2024-01-01;RRCROSS.ru;
2024-01-01;RRDENIM.ru;
2024-01-01;RRDESIGNER.ru;
2024-01-01;RREMDES.ru;
2024-01-01;RREXCLUSIVE.ru;
2024-01-01;RRFS.ru;
2024-01-01;RRHOMESTORE.ru;
2024-01-01;RRLC.ru;
2024-01-01;RRLE.ru;
2024-01-01;RRLINE.ru;
2024-01-01;RRLIVE.ru;
2024-01-01;RRLOOK.ru;
2024-01-01;RRLS.ru;
2024-01-01;RRNC.ru;
2024-01-01;RROMARIO.ru;
2024-01-01;RROMARKET.ru;
2024-01-01;RROMAT.ru;
2024-01-01;RRONAPETS.ru;
2024-01-01;RRPETRA.ru;
2024-01-01;RRRAYANA.ru;
2024-01-01;RRRG.ru;
2024-01-01;RRSSHOP.ru;
2024-01-01;RRSTYLE.ru;
2024-01-01;RRTOYS.ru;
2024-01-01;RRYBALKO.ru;
2024-01-01;RS-OPEN.ru;
2024-01-01;RS-PRO.ru;
2024-01-01;RSABREND.ru;
2024-01-01;RSBREND.ru;
2024-01-01;RSELECTRICAL.ru;
2024-01-01;RSENAT.ru;
2024-01-01;RSENNAT.ru;
2024-01-01;RSFISH.ru;
2024-01-01;RSGSERVICE.ru;
2024-01-01;RSIMENTE.ru;
2024-01-01;RSITY.ru;
2024-01-01;RSJEWELLRY.ru;
2024-01-01;RSKIDS.ru;
2024-01-01;RSKINGDOM.ru;
2024-01-01;RSMBRAND.ru;
2024-01-01;RSNAMIBIA.ru;
2024-01-01;RSOPTICS.ru;
2024-01-01;RSPACK.ru;
2024-01-01;RSRATING.ru;
2024-01-01;RSRUTILUS.ru;
2024-01-01;RSSHOES.ru;
2024-01-01;RSSK-ATOLL.ru;
2024-01-01;RSSPURTT.ru;
2024-01-01;RSTACTICAL.ru;
2024-01-01;RSTSWEDEN.ru;
2024-01-01;RSTUMBRELLA.ru;
2024-01-01;RSVCOMPOSITE.ru;
2024-01-01;RSVLED.ru;
2024-01-01;RSVV.ru;
2024-01-01;RSWEAR.ru;
2024-01-01;RSZAPCHASTI.ru;
2024-01-01;RTAQUA.ru;
2024-01-01;RTBRAND.ru;
2024-01-01;RTCGIFT.ru;
2024-01-01;RTCVARMEL.ru;
2024-01-01;RTFIT.ru;
2024-01-01;RTLITE.ru;
2024-01-01;RTRMAX.ru;
2024-01-01;RTSGLASS.ru;
2024-01-01;RTTEAM.ru;
2024-01-01;RTTOYS.ru;
2024-01-01;RTWOHO.ru;
2024-01-01;RU-ID8847.ru;
2024-01-01;RU-SECURITY6294.ru;
2024-01-01;RUANO.ru;
2024-01-01;RUANTEA.ru;
2024-01-01;RUARS1.ru;
2024-01-01;RUAYA.ru;
2024-01-01;RUBANKO.ru;
2024-01-01;RUBARM.ru;
2024-01-01;RUBASOVA.ru;
2024-01-01;RUBASSHOES.ru;
2024-01-01;RUBBAG.ru;
2024-01-01;RUBBERHOLE.ru;
2024-01-01;RUBBMAT.ru;
2024-01-01;RUBELMEG.ru;
2024-01-01;RUBENIRELAND.ru;
2024-01-01;RUBEUS.ru;
2024-01-01;RUBICONJEANS.ru;
2024-01-01;RUBIFORM.ru;
2024-01-01;RUBIKI.ru;
2024-01-01;RUBIKIDS.ru;
2024-01-01;RUBIKIHOME.ru;
2024-01-01;RUBIKIPETS.ru;
2024-01-01;RUBINASECRET.ru;
2024-01-01;RUBINORUS.ru;
2024-01-01;RUBIRT.ru;
2024-01-01;RUBLEVSHOP.ru;
2024-01-01;RUBLIKE.ru;
2024-01-01;RUBYAPPLE.ru;
2024-01-01;RUBYGLOW.ru;
2024-01-01;RUBYJEWELRY.ru;
2024-01-01;RUBYKAR.ru;
2024-01-01;RUBYLOAN.ru;
2024-01-01;RUBYPRO.ru;
2024-01-01;RUBYROME.ru;
2024-01-01;RUBYROZE.ru;
2024-01-01;RUBYSTORY.ru;
2024-01-01;RUBYVIP.ru;
2024-01-01;RUBYWI.ru;
2024-01-01;RUCASTS.ru;
2024-01-01;RUCCKO.ru;
2024-01-01;RUCHISSHOP.ru;
2024-01-01;RUCHKINGROUP.ru;
2024-01-01;RUCKIDS.ru;
2024-01-01;RUCOMTEL.ru;
2024-01-01;RUCROC.ru;
2024-01-01;RUDAPIE.ru;
2024-01-01;RUDCOSMO.ru;
2024-01-01;RUDEFI.ru;
2024-01-01;RUDELOOT.ru;
2024-01-01;RUDENYAHOME.ru;
2024-01-01;RUDERIDERS.ru;
2024-01-01;RUDHOME.ru;
2024-01-01;RUDIHOME.ru;
2024-01-01;RUDIKITCHEN.ru;
2024-01-01;RUDIMER.ru;
2024-01-01;RUDIOLLI.ru;
2024-01-01;RUDISFEST.ru;
2024-01-01;RUDIWOODY.ru;
2024-01-01;RUDLEN.ru;
2024-01-01;RUDLOVE.ru;
2024-01-01;RUDNIX.ru;
2024-01-01;RUDOSHOES.ru;
2024-01-01;RUDOVIZ.ru;
2024-01-01;RUDROM.ru;
2024-01-01;RUDYAEVA.ru;
2024-01-01;RUDYSTORE.ru;
2024-01-01;RUEBROCA.ru;
2024-01-01;RUFAROHOME.ru;
2024-01-01;RUFFTUFF.ru;
2024-01-01;RUFIROOM.ru;
2024-01-01;RUFISHOPP.ru;
2024-01-01;RUFLELI.ru;
2024-01-01;RUFRECORDS.ru;
2024-01-01;RUFSTYLE.ru;
2024-01-01;RUFTABOO.ru;
2024-01-01;RUFUETTE.ru;
2024-01-01;RUGATCHI.ru;
2024-01-01;RUGBLISS.ru;
2024-01-01;RUGERD.ru;
2024-01-01;RUGGERIO.ru;
2024-01-01;RUGGINI.ru;
2024-01-01;RUGSDEPOT.ru;
2024-01-01;RUGSHOME.ru;
2024-01-01;RUGUCHOK.ru;
2024-01-01;RUHAT.ru;
2024-01-01;RUHIFASHION.ru;
2024-01-01;RUICHUANG.ru;
2024-01-01;RUIGEGE.ru;
2024-01-01;RUIKEDA.ru;
2024-01-01;RUIMING.ru;
2024-01-01;RUINVILL.ru;
2024-01-01;RUIPAL.ru;
2024-01-01;RUIWOOD.ru;
2024-01-01;RUIXI.ru;
2024-01-01;RUIYI.ru;
2024-01-01;RUIZHI.ru;
2024-01-01;RUJEE.ru;
2024-01-01;RUJESS.ru;
2024-01-01;RUJUE.ru;
2024-01-01;RUKAYA.ru;
2024-01-01;RUKER.ru;
2024-01-01;RUKMIR.ru;
2024-01-01;RUKOHOME.ru;
2024-01-01;RUKOLESO.ru;
2024-01-01;RULANNA.ru;
2024-01-01;RULANS.ru;
2024-01-01;RULERBENCH.ru;
2024-01-01;RULESJEANS.ru;
2024-01-01;RULESOFF.ru;
2024-01-01;RULLIER.ru;
2024-01-01;RULR.ru;
2024-01-01;RULSUN.ru;
2024-01-01;RUMAMED.ru;
2024-01-01;RUMENG.ru;
2024-01-01;RUMERU.ru;
2024-01-01;RUMHOME.ru;
2024-01-01;RUMIAHOME.ru;
2024-01-01;RUMINEL.ru;
2024-01-01;RUMISTAL.ru;
2024-01-01;RUMMUZA.ru;
2024-01-01;RUMOSS.ru;
2024-01-01;RUMUCOPA.ru;
2024-01-01;RUMVIL.ru;
2024-01-01;RUMYSTORE.ru;
2024-01-01;RUNAHOME.ru;
2024-01-01;RUNCHENG.ru;
2024-01-01;RUNCI.ru;
2024-01-01;RUNDRIVE.ru;
2024-01-01;RUNESGEMS.ru;
2024-01-01;RUNHOPE.ru;
2024-01-01;RUNHUANG.ru;
2024-01-01;RUNILA.ru;
2024-01-01;RUNIQUE.ru;
2024-01-01;RUNLEO.ru;
2024-01-01;RUNNTRADE.ru;
2024-01-01;RUNOAUTO.ru;
2024-01-01;RUNORIA.ru;
2024-01-01;RUNREACH.ru;
2024-01-01;RUNSHIDA.ru;
2024-01-01;RUNSOOM.ru;
2024-01-01;RUOTO.ru;
2024-01-01;RUPANUGA.ru;
2024-01-01;RUPASH.ru;
2024-01-01;RUPATEA.ru;
2024-01-01;RUPOV.ru;
2024-01-01;RUPTUR-SMOLENSK.ru;
2024-01-01;RURARU.ru;
2024-01-01;RURIH.ru;
2024-01-01;RURRI.ru;
2024-01-01;RURUZ.ru;
2024-01-01;RUS-INDOOR.ru;
2024-01-01;RUSAGA.ru;
2024-01-01;RUSAHOME.ru;
2024-01-01;RUSAIZ.ru;
2024-01-01;RUSAKCOLLECTION.ru;
2024-01-01;RUSAKIDS.ru;
2024-01-01;RUSAKOVASTORE.ru;
2024-01-01;RUSALKAHOME.ru;
2024-01-01;RUSANOVASTORE.ru;
2024-01-01;RUSANURU.ru;
2024-01-01;RUSAVINA.ru;
2024-01-01;RUSAZGU.ru;
2024-01-01;RUSBABIES.ru;
2024-01-01;RUSBARON.ru;
2024-01-01;RUSBELLA.ru;
2024-01-01;RUSCARP.ru;
2024-01-01;RUSCLO.ru;
2024-01-01;RUSCONTROL163.ru;
2024-01-01;RUSCOT.ru;
2024-01-01;RUSDANMIR.ru;
2024-01-01;RUSDEFI.ru;
2024-01-01;RUSDI.ru;
2024-01-01;RUSDISK.ru;
2024-01-01;RUSDRAKE.ru;
2024-01-01;RUSENMASH.ru;
2024-01-01;RUSENSHOP.ru;
2024-01-01;RUSHAARTS.ru;
2024-01-01;RUSHAGOODS.ru;
2024-01-01;RUSHBEL.ru;
2024-01-01;RUSHEW.ru;
2024-01-01;RUSHHAT.ru;
2024-01-01;RUSHHOME.ru;
2024-01-01;RUSHMD.ru;
2024-01-01;RUSHNIKBK.ru;
2024-01-01;RUSHO.ru;
2024-01-01;RUSHPETFOOD.ru;
2024-01-01;RUSHSI.ru;
2024-01-01;RUSHWAY.ru;
2024-01-01;RUSIKIDS.ru;
2024-01-01;RUSIKONOPIS.ru;
2024-01-01;RUSILIS.ru;
2024-01-01;RUSIONOK.ru;
2024-01-01;RUSISHMED.ru;
2024-01-01;RUSJAR.ru;
2024-01-01;RUSKOKO.ru;
2024-01-01;RUSKOTTON.ru;
2024-01-01;RUSLANASHOP.ru;
2024-01-01;RUSLANSTORE.ru;
2024-01-01;RUSLAPLUS.ru;
2024-01-01;RUSPIROTEH.ru;
2024-01-01;RUSRAS.ru;
2024-01-01;RUSROSBEL.ru;
2024-01-01;RUSSALINA.ru;
2024-01-01;RUSSBARON.ru;
2024-01-01;RUSSCOTTON.ru;
2024-01-01;RUSSIA-2025.ru;
2024-01-01;RUSSIAN-FPV.ru;
2024-01-01;RUSSIAN-WEAPON.ru;
2024-01-01;RUSSIANSHOOTERS.ru;
2024-01-01;RUSSIASPORTS.ru;
2024-01-01;RUSSKIEVPERD.ru;
2024-01-01;RUSSOLO.ru;
2024-01-01;RUSSOP.ru;
2024-01-01;RUSSUL.ru;
2024-01-01;RUSSZZ.ru;
2024-01-01;RUST-TEAM.ru;
2024-01-01;RUSTAJ.ru;
2024-01-01;RUSTEEN.ru;
2024-01-01;RUSTICITY.ru;
2024-01-01;RUSTICLAND.ru;
2024-01-01;RUSTIFRESH.ru;
2024-01-01;RUSTIKKA.ru;
2024-01-01;RUSTOMARKET.ru;
2024-01-01;RUSTOYSHOP.ru;
2024-01-01;RUSTYCODE.ru;
2024-01-01;RUSVAD.ru;
2024-01-01;RUSVENTKOM.ru;
2024-01-01;RUSVISHOP.ru;
2024-01-01;RUTAHOME.ru;
2024-01-01;RUTASIMPLE.ru;
2024-01-01;RUTHERA.ru;
2024-01-01;RUTHMILANO.ru;
2024-01-01;RUTRASTYLE.ru;
2024-01-01;RUTURIM.ru;
2024-01-01;RUTYA.ru;
2024-01-01;RUTZHOME.ru;
2024-01-01;RUUHEE.ru;
2024-01-01;RUVINNI.ru;
2024-01-01;RUXESHOP.ru;
2024-01-01;RUXKUP.ru;
2024-01-01;RUXPRO.ru;
2024-01-01;RUYAM.ru;
2024-01-01;RUYAMOOD.ru;
2024-01-01;RUYOTEX.ru;
2024-01-01;RUZANNASHOP.ru;
2024-01-01;RUZAPE.ru;
2024-01-01;RUZASHOP.ru;
2024-01-01;RUZIKIDS.ru;
2024-01-01;RUZIRU.ru;
2024-01-01;RUZZASTORE.ru;
2024-01-01;RVAG.ru;
2024-01-01;RVBRAND.ru;
2024-01-01;RVBSTORE.ru;
2024-01-01;RVCFIT.ru;
2024-01-01;RVCHOME.ru;
2024-01-01;RVFASHION.ru;
2024-01-01;RVFG.ru;
2024-01-01;RVHC.ru;
2024-01-01;RVITRINA.ru;
2024-01-01;RVKMARKET.ru;
2024-01-01;RVNC.ru;
2024-01-01;RVOA.ru;
2024-01-01;RVOSHOP.ru;
2024-01-01;RVRAZOR.ru;
2024-01-01;RVRBOX.ru;
2024-01-01;RVSJEWELRY.ru;
2024-01-01;RVSSTYLE.ru;
2024-01-01;RVSTOCK.ru;
2024-01-01;RVTT.ru;
2024-01-01;RVVG.ru;
2024-01-01;RWPLAST.ru;
2024-01-01;RXAUTO.ru;
2024-01-01;RXFORCE.ru;
2024-01-01;RXFORMULA.ru;
2024-01-01;RYABINART.ru;
2024-01-01;RYAHOUSE.ru;
2024-01-01;RYANKIDS.ru;
2024-01-01;RYANSHOP.ru;
2024-01-01;RYBEKKA.ru;
2024-01-01;RYBINGROUP.ru;
2024-01-01;RYCU.ru;
2024-01-01;RYKODELKIN.ru;
2024-01-01;RYLU.ru;
2024-01-01;RYMU.ru;
2024-01-01;RYNU.ru;
2024-01-01;RYOE.ru;
2024-01-01;RYSMAN.ru;
2024-01-01;RYSTORE.ru;
2024-01-01;RYTOYS.ru;
2024-01-01;RYUBAGS.ru;
2024-01-01;RYURIKOVICH.ru;
2024-01-01;RYZOVA.ru;
2024-01-01;RYZU.ru;
2024-01-01;S-KVARTIRA.ru;
2024-01-01;S1FOOD.ru;
2024-01-01;SADAGOVA.ru;
2024-01-01;SADOVAYA-RADOST.ru;
2024-01-01;SAFEDETECT.ru;
2024-01-01;SAFEGREEN.ru;
2024-01-01;SAFETREE.ru;
2024-01-01;SAGE-SHOP.ru;
2024-01-01;SAHONENKO.ru;
2024-01-01;SALES-DISCOUNTER.ru;
2024-01-01;SALTMEDIA.ru;
2024-01-01;SAM-VEM.ru;
2024-01-01;SAMAUMA.ru;
2024-01-01;SAMDEZ.ru;
2024-01-01;SAMIDETI.ru;
2024-01-01;SAMOEDBOX.ru;
2024-01-01;SAMOREZKA.ru;
2024-01-01;SAMRAVTO.ru;
2024-01-01;SANCHIST.ru;
2024-01-01;SANSARA-RELAX.ru;
2024-01-01;SANSERICO.ru;
2024-01-01;SANTIANO.ru;
2024-01-01;SANYA1.ru;
2024-01-01;SANZHAROV.ru;
2024-01-01;SAPIENSHOME.ru;
2024-01-01;SAPTEL.ru;
2024-01-01;SARAFANSCHOOL.ru;
2024-01-01;SARDINERUN.ru;
2024-01-01;SAS54.ru;
2024-01-01;SATIMED.ru;
2024-01-01;SATURN-N.ru;
2024-01-01;SAV-ALEKSEJ-S.ru;
2024-01-01;SAXP.ru;
2024-01-01;SBAGIROV.ru;
2024-01-01;SBALAN.ru;
2024-01-01;SBARBIN.ru;
2024-01-01;SBERPATENT.ru;
2024-01-01;SBHA.ru;
2024-01-01;SBP-C2B.ru;
2024-01-01;SBRENDIL.ru;
2024-01-01;SCAN-MET.ru;
2024-01-01;SCARYCLOWN.ru;
2024-01-01;SCFE.ru;
2024-01-01;SCHEBENDOSTAVKA.ru;
2024-01-01;SCHUKIN-FOR-KIDS.ru;
2024-01-01;SCOOTERRENTAL.ru;
2024-01-01;SCOOTERTEKA.ru;
2024-01-01;SCREENUP.ru;
2024-01-01;SCRV-PRO.ru;
2024-01-01;SDAIKA.ru;
2024-01-01;SDBF.ru;
2024-01-01;SDELKA7366.ru;
2024-01-01;SDEXTRA.ru;
2024-01-01;SDHG.ru;
2024-01-01;SDKE.ru;
2024-01-01;SEAGID.ru;
2024-01-01;SEARCHTEKA.ru;
2024-01-01;SEAROBOT.ru;
2024-01-01;SECURITYCARS.ru;
2024-01-01;SEDNEVA.ru;
2024-01-01;SEGET.ru;
2024-01-01;SELF-HEALTH.ru;
2024-01-01;SELFHARM.ru;
2024-01-01;SELLERIQ.ru;
2024-01-01;SELLLAB.ru;
2024-01-01;SEMANN.ru;
2024-01-01;SEMANOVA.ru;
2024-01-01;SEMINAR-MSK.ru;
2024-01-01;SEMINARMSK.ru;
2024-01-01;SEMUKHIN-ARCH.ru;
2024-01-01;SEO-MIR.ru;
2024-01-01;SEOPARTISAN.ru;
2024-01-01;SEQUOIASTUDIO.ru;
2024-01-01;SEREBRYAKOVM.ru;
2024-01-01;SEREZHENKOV.ru;
2024-01-01;SERGEJKOTLJAROV.ru;
2024-01-01;SERGEJTARASOV.ru;
2024-01-01;SERGIOTANNER.ru;
2024-01-01;SERIYGUS.ru;
2024-01-01;SERME.ru;
2024-01-01;SERTSPEC.ru;
2024-01-01;SERVER-GAME.ru;
2024-01-01;SERVICE-3249.ru;
2024-01-01;SERVICE-4258.ru;
2024-01-01;SERVICE-KOTLOV.ru;
2024-01-01;SERVICEPK.ru;
2024-01-01;SERVICESNN.ru;
2024-01-01;SERVICESTEEL.ru;
2024-01-01;SETEVIDENIE.ru;
2024-01-01;SEUG.ru;
2024-01-01;SEVMA.ru;
2024-01-01;SEVTEPLO.ru;
2024-01-01;SEX-USLUGA.ru;
2024-01-01;SEXIM.ru;
2024-01-01;SEXOFON.ru;
2024-01-01;SEXUSLUGA.ru;
2024-01-01;SEXYL.ru;
2024-01-01;SFCE.ru;
2024-01-01;SFFG.ru;
2024-01-01;SFKG.ru;
2024-01-01;SFNG.ru;
2024-01-01;SFVG.ru;
2024-01-01;SGAA.ru;
2024-01-01;SGGP.ru;
2024-01-01;SGMF.ru;
2024-01-01;SGYO.ru;
2024-01-01;SHAHTER42.ru;
2024-01-01;SHAHUNOV.ru;
2024-01-01;SHALITKIN.ru;
2024-01-01;SHALPAKOV.ru;
2024-01-01;SHAMANKI.ru;
2024-01-01;SHAMKOVA.ru;
2024-01-01;SHAMROCKOO4TUNE.ru;
2024-01-01;SHANIKOV.ru;
2024-01-01;SHAPENKOV.ru;
2024-01-01;SHAPOLOV.ru;
2024-01-01;SHAPULENKOV.ru;
2024-01-01;SHARABUROV.ru;
2024-01-01;SHAREDKITCHEN.ru;
2024-01-01;SHAREFOTO.ru;
2024-01-01;SHAREPHOTO.ru;
2024-01-01;SHAREWISE.ru;
2024-01-01;SHARMATEAS.ru;
2024-01-01;SHASHLIKNAUGLYAH.ru;
2024-01-01;SHATKOVA.ru;
2024-01-01;SHAUROVA.ru;
2024-01-01;SHAVELKOV.ru;
2024-01-01;SHAVOLINA.ru;
2024-01-01;SHAYDOROV.ru;
2024-01-01;SHAYTOROV.ru;
2024-01-01;SHCE.ru;
2024-01-01;SHEBUROV.ru;
2024-01-01;SHEENKO.ru;
2024-01-01;SHEHLOV.ru;
2024-01-01;SHEKALOVA.ru;
2024-01-01;SHELKANOV.ru;
2024-01-01;SHEMA-UCHASTKA.ru;
2024-01-01;SHEMUHINA.ru;
2024-01-01;SHENDAROV.ru;
2024-01-01;SHENDRIKOV.ru;
2024-01-01;SHENNIKOV.ru;
2024-01-01;SHEPLYAKOV.ru;
2024-01-01;SHERPAKOV.ru;
2024-01-01;SHEVANOVA.ru;
2024-01-01;SHEVROV.ru;
2024-01-01;SHIBI.ru;
2024-01-01;SHIGANOVA.ru;
2024-01-01;SHIGAREVA.ru;
2024-01-01;SHIGFIN.ru;
2024-01-01;SHIKER-KERIMOVA.ru;
2024-01-01;SHINDIAPINA.ru;
2024-01-01;SHIPCREW.ru;
2024-01-01;SHIPOLETOV.ru;
2024-01-01;SHISHANOV.ru;
2024-01-01;SHKAF-DEKOR.ru;
2024-01-01;SHKAFDEKOR.ru;
2024-01-01;SHKAFY-NA-ZAKAZ-MOSKVA.ru;
2024-01-01;SHKAFY-NA-ZAKAZ-MSK.ru;
2024-01-01;SHKOLA-EXPERTA.ru;
2024-01-01;SHKOLA-NN.ru;
2024-01-01;SHKOLA7.ru;
2024-01-01;SHKOLANN.ru;
2024-01-01;SHMANKOV.ru;
2024-01-01;SHMONOV.ru;
2024-01-01;SHOHROV.ru;
2024-01-01;SHOKOLADINFO.ru;
2024-01-01;SHOP-ALKO.ru;
2024-01-01;SHOPINA.ru;
2024-01-01;SHOPPINGONE.ru;
2024-01-01;SHORELAND.ru;
2024-01-01;SHOTOV.ru;
2024-01-01;SHTABOROV.ru;
2024-01-01;SHTINNIKOV.ru;
2024-01-01;SHUDRIKOV.ru;
2024-01-01;SHUNTS.ru;
2024-01-01;SHUPKO.ru;
2024-01-01;SHUTEEVA.ru;
2024-01-01;SHVILO.ru;
2024-01-01;SHYSHKIN.ru;
2024-01-01;SI-TE.ru;
2024-01-01;SIBERIANMEAT.ru;
2024-01-01;SIBERIAORGANIC.ru;
2024-01-01;SIBILEVA.ru;
2024-01-01;SIBKEA.ru;
2024-01-01;SIBRIDGE.ru;
2024-01-01;SIDECARS.ru;
2024-01-01;SIDESHOP.ru;
2024-01-01;SIGIN.ru;
2024-01-01;SIGMAACADEMY.ru;
2024-01-01;SIGUNOVA.ru;
2024-01-01;SILKYHAIR.ru;
2024-01-01;SILLETT.ru;
2024-01-01;SILVERGREEN.ru;
2024-01-01;SIMBIRSK-NEFTEPRODUCT.ru;
2024-01-01;SIMETRY.ru;
2024-01-01;SIMONGREEN.ru;
2024-01-01;SIMPLE-DOORS.ru;
2024-01-01;SIMPLEMENU.ru;
2024-01-01;SIMPLYWORK.ru;
2024-01-01;SION-STROY.ru;
2024-01-01;SISTEMA-CS.ru;
2024-01-01;SITEASTROLOGA.ru;
2024-01-01;SITESMERTI.ru;
2024-01-01;SIUG.ru;
2024-01-01;SIVOVA.ru;
2024-01-01;SK-SHVATKA74.ru;
2024-01-01;SK-YAKOR.ru;
2024-01-01;SKAZKADETSAD.ru;
2024-01-01;SKETCHBOOKS.ru;
2024-01-01;SKGARANTMSK.ru;
2024-01-01;SKILL-2178.ru;
2024-01-01;SKILLTY.ru;
2024-01-01;SKINFORMULA.ru;
2024-01-01;SKINWALKER.ru;
2024-01-01;SKKL.ru;
2024-01-01;SKORO-CHTENIE.ru;
2024-01-01;SKOROCHTENIENN.ru;
2024-01-01;SKPTPS.ru;
2024-01-01;SKUPKA-AVTO18.ru;
2024-01-01;SKV-SAMARA.ru;
2024-01-01;SKYLANT.ru;
2024-01-01;SKYPARKS.ru;
2024-01-01;SKYPOL.ru;
2024-01-01;SKYVENDING.ru;
2024-01-01;SLA210270.ru;
2024-01-01;SLASHEVA.ru;
2024-01-01;SLAV-GUARD.ru;
2024-01-01;SLAVYIA.ru;
2024-01-01;SLEEPREVOLUTION.ru;
2024-01-01;SLETAT-ABKHAZIA.ru;
2024-01-01;SLETAT-ALANYA.ru;
2024-01-01;SLETAT-ALUSHTA.ru;
2024-01-01;SLETAT-ANAPA.ru;
2024-01-01;SLETAT-ARMENIA.ru;
2024-01-01;SLETAT-AZERBAIJAN.ru;
2024-01-01;SLETAT-BAHRAIN.ru;
2024-01-01;SLETAT-BALI.ru;
2024-01-01;SLETAT-BELARUS.ru;
2024-01-01;SLETAT-BELEK.ru;
2024-01-01;SLETAT-BODRUM.ru;
2024-01-01;SLETAT-BULGARIA.ru;
2024-01-01;SLETAT-CHINA.ru;
2024-01-01;SLETAT-CORFU.ru;
2024-01-01;SLETAT-CRETE.ru;
2024-01-01;SLETAT-CRIMEA.ru;
2024-01-01;SLETAT-CROATIA.ru;
2024-01-01;SLETAT-CUBA.ru;
2024-01-01;SLETAT-CYPRUS.ru;
2024-01-01;SLETAT-DOMINICAN.ru;
2024-01-01;SLETAT-DUBAI.ru;
2024-01-01;SLETAT-EGIPET.ru;
2024-01-01;SLETAT-FRANCE.ru;
2024-01-01;SLETAT-GELENDZHIK.ru;
2024-01-01;SLETAT-GEORGIA.ru;
2024-01-01;SLETAT-GOA.ru;
2024-01-01;SLETAT-GREECE.ru;
2024-01-01;SLETAT-HAINAN.ru;
2024-01-01;SLETAT-HUNGRIA.ru;
2024-01-01;SLETAT-HURGADA.ru;
2024-01-01;SLETAT-ISRAEL.ru;
2024-01-01;SLETAT-ISTANBUL.ru;
2024-01-01;SLETAT-ITALY.ru;
2024-01-01;SLETAT-MALDIVES.ru;
2024-01-01;SLETAT-MARMARIS.ru;
2024-01-01;SLETAT-MAROKKO.ru;
2024-01-01;SLETAT-MAURITIUS.ru;
2024-01-01;SLETAT-MEXIKO.ru;
2024-01-01;SLETAT-MONTENEGRO.ru;
2024-01-01;SLETAT-OAE.ru;
2024-01-01;SLETAT-OMAN.ru;
2024-01-01;SLETAT-PATTAYA.ru;
2024-01-01;SLETAT-PHUKET.ru;
2024-01-01;SLETAT-QATAR.ru;
2024-01-01;SLETAT-RODOS.ru;
2024-01-01;SLETAT-SERBIA.ru;
2024-01-01;SLETAT-SEYCHELLES.ru;
2024-01-01;SLETAT-SHARJAH.ru;
2024-01-01;SLETAT-SHARMELSHEIH.ru;
2024-01-01;SLETAT-SIDE.ru;
2024-01-01;SLETAT-SOCHI.ru;
2024-01-01;SLETAT-SPAIN.ru;
2024-01-01;SLETAT-SRILANKA.ru;
2024-01-01;SLETAT-THAILAND.ru;
2024-01-01;SLETAT-TUNISIA.ru;
2024-01-01;SLETAT-TURKEY.ru;
2024-01-01;SLETAT-UZBEKISTAN.ru;
2024-01-01;SLETAT-VARADERO.ru;
2024-01-01;SLETAT-VENEZUELA.ru;
2024-01-01;SLETAT-VIETNAM.ru;
2024-01-01;SLETAT-YALTA.ru;
2024-01-01;SLETAT-ZANZIBAR.ru;
2024-01-01;SLOT78-ZERKALO.ru;
2024-01-01;SLOTGAMERS.ru;
2024-01-01;SLOVO1-8PACANA.ru;
2024-01-01;SLOVOOPASONA.ru;
2024-01-01;SLOVOPACANA8-2023.ru;
2024-01-01;SLOVOPACANADE.ru;
2024-01-01;SLOVOPACANAFE.ru;
2024-01-01;SLOVOPACANAHE.ru;
2024-01-01;SLOVOPACANALE.ru;
2024-01-01;SLOVOPACANAME.ru;
2024-01-01;SLOVOPACANAMI.ru;
2024-01-01;SLOVOPACANAOI.ru;
2024-01-01;SLOVOPACANAXE.ru;
2024-01-01;SLOVOPACANAXU.ru;
2024-01-01;SLOVOPACONAA.ru;
2024-01-01;SLOVOPASONAA.ru;
2024-01-01;SLOVOPASONAS.ru;
2024-01-01;SLOVOPASSONA.ru;
2024-01-01;SLOVOPASSONA8.ru;
2024-01-01;SLOVOPASSONAA.ru;
2024-01-01;SLPCV.ru;
2024-01-01;SLY-INTERIORS.ru;
2024-01-01;SMARTBARRIER.ru;
2024-01-01;SMARTCHAINS.ru;
2024-01-01;SMARTDAIRY.ru;
2024-01-01;SMARTELEPHANT.ru;
2024-01-01;SMARTOSIB.ru;
2024-01-01;SMCLINIK.ru;
2024-01-01;SMD1.ru;
2024-01-01;SMITHSPORT.ru;
2024-01-01;SMKLINIK.ru;
2024-01-01;SMM-NXRTH.ru;
2024-01-01;SMMGAME.ru;
2024-01-01;SMMHEAD.ru;
2024-01-01;SMPLITA.ru;
2024-01-01;SMSPAK.ru;
2024-01-01;SMUE.ru;
2024-01-01;SNABRO.ru;
2024-01-01;SNAILBEAUTY.ru;
2024-01-01;SNAILRACING.ru;
2024-01-01;SNFA.ru;
2024-01-01;SNLS.ru;
2024-01-01;SNNY.ru;
2024-01-01;SNOVIDETC.ru;
2024-01-01;SO-CUTE.ru;
2024-01-01;SO-HOT.ru;
2024-01-01;SOBACHYESERDTSE.ru;
2024-01-01;SOBERBASH.ru;
2024-01-01;SOBERIAUTO.ru;
2024-01-01;SOBERIAVTO.ru;
2024-01-01;SOBNAT.ru;
2024-01-01;SOBOV.ru;
2024-01-01;SOCFRILANCE.ru;
2024-01-01;SOCIAL-NEWS.ru;
2024-01-01;SOCIALGREEN.ru;
2024-01-01;SOCPROFILE.ru;
2024-01-01;SOCUT.ru;
2024-01-01;SOFYA8041.ru;
2024-01-01;SOHRANOV.ru;
2024-01-01;SOHRANOVA.ru;
2024-01-01;SOKOLOVSKAYADVOKAT.ru;
2024-01-01;SOKOREVA.ru;
2024-01-01;SOKOTOVA.ru;
2024-01-01;SOLANASUN.ru;
2024-01-01;SOLAR-GENERATOR.ru;
2024-01-01;SOLKOGAN.ru;
2024-01-01;SOLNCE-SVET.ru;
2024-01-01;SOLOKINA.ru;
2024-01-01;SOMEKINDOFCAT.ru;
2024-01-01;SON97.ru;
2024-01-01;SONNIYDESIGN.ru;
2024-01-01;SONNOE-CARSTVO.ru;
2024-01-01;SONOWORLD.ru;
2024-01-01;SOOSTERIA.ru;
2024-01-01;SORRENTOCLUB.ru;
2024-01-01;SORS15.ru;
2024-01-01;SOSG.ru;
2024-01-01;SOSOCREDIT.ru;
2024-01-01;SOTIKOVA.ru;
2024-01-01;SOULVIBRATION.ru;
2024-01-01;SOUNDCREATOR.ru;
2024-01-01;SOUNDIUM.ru;
2024-01-01;SOUNDRECORDER.ru;
2024-01-01;SOURCECHANGER.ru;
2024-01-01;SOUTHFIELD.ru;
2024-01-01;SOVTEXTILE.ru;
2024-01-01;SOYUZLAB.ru;
2024-01-01;SP-2025.ru;
2024-01-01;SP2025.ru;
2024-01-01;SPA-KURORTY.ru;
2024-01-01;SPACE-D.ru;
2024-01-01;SPACESMOKE.ru;
2024-01-01;SPALADEL.ru;
2024-01-01;SPATEKA.ru;
2024-01-01;SPB-CONS.ru;
2024-01-01;SPB-UBORKA.ru;
2024-01-01;SPB1-ZAIM.ru;
2024-01-01;SPECIALIT-DESIGN.ru;
2024-01-01;SPECIALSCOMEDY.ru;
2024-01-01;SPEED-N-CASH-GAME.ru;
2024-01-01;SPEKTR-GAZ.ru;
2024-01-01;SPELEOTURIZM.ru;
2024-01-01;SPELEOX.ru;
2024-01-01;SPESHOV.ru;
2024-01-01;SPHA.ru;
2024-01-01;SPICEDROP.ru;
2024-01-01;SPIDERCAM.ru;
2024-01-01;SPIKES-SHOP.ru;
2024-01-01;SPINCITYBET.ru;
2024-01-01;SPINCITYBONUS.ru;
2024-01-01;SPINCITYMAX.ru;
2024-01-01;SPINSPIN.ru;
2024-01-01;SPIRITUALIST.ru;
2024-01-01;SPITZER-SILO.ru;
2024-01-01;SPLIT-IT.ru;
2024-01-01;SPLITPROF.ru;
2024-01-01;SPORT-HOBBY.ru;
2024-01-01;SPORTGU.ru;
2024-01-01;SPORTISLAND.ru;
2024-01-01;SPORTPITSHOP.ru;
2024-01-01;SPORTS-ILLUSTRATED.ru;
2024-01-01;SPORTS-ONE.ru;
2024-01-01;SPORTSANALYTICS.ru;
2024-01-01;SPORTSAPP.ru;
2024-01-01;SPORTSCARDS.ru;
2024-01-01;SPORTSNN.ru;
2024-01-01;SPORTVIBOR.ru;
2024-01-01;SPRAZDNIK.ru;
2024-01-01;SPRINGCRAFT.ru;
2024-01-01;SPRINGFILD.ru;
2024-01-01;SPRINGMASTER.ru;
2024-01-01;SQHELL.ru;
2024-01-01;SRDL.ru;
2024-01-01;SRHA.ru;
2024-01-01;SRHR.ru;
2024-01-01;SROLIDER.ru;
2024-01-01;SSABIROV.ru;
2024-01-01;SSHITO.ru;
2024-01-01;SSHOHIN.ru;
2024-01-01;SSLEPTSOVA.ru;
2024-01-01;SSTRONA.ru;
2024-01-01;SSUL.ru;
2024-01-01;ST-GORIZONT.ru;
2024-01-01;ST-NITRO.ru;
2024-01-01;STAGEAI.ru;
2024-01-01;STAN-DIGITAL.ru;
2024-01-01;STANKOZAVODSEDIN.ru;
2024-01-01;STARAKASHEV.ru;
2024-01-01;STAREAST.ru;
2024-01-01;STARS-FOR-YOU.ru;
2024-01-01;STARSEX.ru;
2024-01-01;STARSKILL.ru;
2024-01-01;START-54.ru;
2024-01-01;START54.ru;
2024-01-01;STARTOILDV.ru;
2024-01-01;STARTWELD54.ru;
2024-01-01;STARTWELDING.ru;
2024-01-01;STARTWELDING54.ru;
2024-01-01;STATINOVA.ru;
2024-01-01;STATUS-STROI.ru;
2024-01-01;STATWOT.ru;
2024-01-01;STAVKISPORTANALITIKA.ru;
2024-01-01;STAVSKY.ru;
2024-01-01;STEELBULL.ru;
2024-01-01;STEEPCEILING.ru;
2024-01-01;STEKART.ru;
2024-01-01;STELLARBUCKS.ru;
2024-01-01;STEPAROVA.ru;
2024-01-01;STEPICHEVA.ru;
2024-01-01;STEPREALITY.ru;
2024-01-01;STEREOJAM.ru;
2024-01-01;STERRARUSSIA.ru;
2024-01-01;STEUERBERATUNG.ru;
2024-01-01;STFLOT.ru;
2024-01-01;STGORIZONT.ru;
2024-01-01;STHE.ru;
2024-01-01;STIMTORG.ru;
2024-01-01;STIPPLING.ru;
2024-01-01;STO-MATRESHKA.ru;
2024-01-01;STOLMAN.ru;
2024-01-01;STOM-TOP.ru;
2024-01-01;STOMAKLINIKA.ru;
2024-01-01;STOMATOLOGY-FAMILY.ru;
2024-01-01;STONE-VILLAGE.ru;
2024-01-01;STONEAUTO.ru;
2024-01-01;STOPTHEWAR.ru;
2024-01-01;STOPTSOV.ru;
2024-01-01;STOREFY.ru;
2024-01-01;STORREX.ru;
2024-01-01;STORYAL.ru;
2024-01-01;STRANGERUSSIA.ru;
2024-01-01;STREAMFLIX.ru;
2024-01-01;STREET-BOOTS.ru;
2024-01-01;STREET-CULTURE.ru;
2024-01-01;STROI-1.ru;
2024-01-01;STROI-D.ru;
2024-01-01;STROI-KOMPLEKS.ru;
2024-01-01;STROI-L.ru;
2024-01-01;STROI-NOVO.ru;
2024-01-01;STROI-PROJEKT.ru;
2024-01-01;STROI-X.ru;
2024-01-01;STROIKAB.ru;
2024-01-01;STROIKASOCHI.ru;
2024-01-01;STROIKINEWS.ru;
2024-01-01;STROINOVO.ru;
2024-01-01;STROIPROJEKT.ru;
2024-01-01;STROMEH-78.ru;
2024-01-01;STROY-COMP.ru;
2024-01-01;STROY-INTER.ru;
2024-01-01;STROY-KA-DACH.ru;
2024-01-01;STROY-KA-MAG.ru;
2024-01-01;STROY-OMEGA.ru;
2024-01-01;STROY-PANORAMA.ru;
2024-01-01;STROY-VAGON.ru;
2024-01-01;STROYKA-DACH.ru;
2024-01-01;STROYKA-MAG.ru;
2024-01-01;STROYKA-MARKETINGRUS.ru;
2024-01-01;STROYKA-OPT.ru;
2024-01-01;STROYREMONTMASTER.ru;
2024-01-01;STROYRUM.ru;
2024-01-01;STROYTOV.ru;
2024-01-01;STROYVVD.ru;
2024-01-01;STRYABKOV.ru;
2024-01-01;STUDIOONE-ZELENOGRAD.ru;
2024-01-01;STUDIYA-DIZAINA-INTERERA.ru;
2024-01-01;STUPENKI-NN.ru;
2024-01-01;STVF.ru;
2024-01-01;SUANMING.ru;
2024-01-01;SUCCESSUP.ru;
2024-01-01;SUDARCHITECTES.ru;
2024-01-01;SUFB.ru;
2024-01-01;SUGARINA.ru;
2024-01-01;SUKC.ru;
2024-01-01;SULX.ru;
2024-01-01;SUMMERGREEN.ru;
2024-01-01;SUN-BUX.ru;
2024-01-01;SUN5.ru;
2024-01-01;SUN9.ru;
2024-01-01;SUNUO.ru;
2024-01-01;SUNWER.ru;
2024-01-01;SUPERDRAW.ru;
2024-01-01;SUPERHUNT.ru;
2024-01-01;SUPERKEK.ru;
2024-01-01;SUPERLIVEHDPLAY.ru;
2024-01-01;SUPERNATURA.ru;
2024-01-01;SUPERSAAS.ru;
2024-01-01;SUPG.ru;
2024-01-01;SUPPORTBUSINESS.ru;
2024-01-01;SURGEPROTECTION.ru;
2024-01-01;SUROVOE.ru;
2024-01-01;SURVIX.ru;
2024-01-01;SUSHI-1.ru;
2024-01-01;SUVENIR-GOROHOVES.ru;
2024-01-01;SVBF.ru;
2024-01-01;SVDMOTORS.ru;
2024-01-01;SVETLYAKOV.ru;
2024-01-01;SVETOCAM.ru;
2024-01-01;SVETOYUG.ru;
2024-01-01;SVETVITRIN.ru;
2024-01-01;SVFF.ru;
2024-01-01;SVFR.ru;
2024-01-01;SVISTELKA.ru;
2024-01-01;SVOEV.ru;
2024-01-01;SVOEVREMYA.ru;
2024-01-01;SVOYSPORT.ru;
2024-01-01;SVOYWEBSITE.ru;
2024-01-01;SVOYZAVOD.ru;
2024-01-01;SVUF.ru;
2024-01-01;SVYAZINTEL.ru;
2024-01-01;SW-RP.ru;
2024-01-01;SWAQ.ru;
2024-01-01;SWCLOUD.ru;
2024-01-01;SWEET-FROST.ru;
2024-01-01;SWGU.ru;
2024-01-01;SWIFTMEDICAL.ru;
2024-01-01;SWITCHABLE.ru;
2024-01-01;SWPH.ru;
2024-01-01;SWSERV.ru;
2024-01-01;SYCHESLAV.ru;
2024-01-01;SYMBOLE.ru;
2024-01-01;SYMU.ru;
2024-01-01;SYNDA.ru;
2024-01-01;SYNTELCO.ru;
2024-01-01;SYSTEMLEVEL.ru;
2024-01-01;SYSTEMPAYMENT.ru;
2024-01-01;SYSTEMS-DESIGN.ru;
2024-01-01;SZGT.ru;
2024-01-01;TABLEFIX.ru;
2024-01-01;TADL.ru;
2024-01-01;TAFARI.ru;
2024-01-01;TAGEO.ru;
2024-01-01;TAKECRYPTO.ru;
2024-01-01;TALESOFARPHA.ru;
2024-01-01;TALKMUSE.ru;
2024-01-01;TAMADANCE.ru;
2024-01-01;TAMAZAEV.ru;
2024-01-01;TAMOZHNIKOV.ru;
2024-01-01;TANAC.ru;
2024-01-01;TANACHEVA.ru;
2024-01-01;TANCA.ru;
2024-01-01;TANDYR-OPT.ru;
2024-01-01;TANE4KAKIRI4.ru;
2024-01-01;TANKI-BONUS-NOW.ru;
2024-01-01;TANKI-NEWYEAR-BONUS.ru;
2024-01-01;TANTRASEX.ru;
2024-01-01;TANYAPHOTO.ru;
2024-01-01;TAPORIUM.ru;
2024-01-01;TAPTAPTAP.ru;
2024-01-01;TARA-UPAK.ru;
2024-01-01;TAROTGALAXY.ru;
2024-01-01;TARZIEVA.ru;
2024-01-01;TASTEGOOD.ru;
2024-01-01;TASTYAND.ru;
2024-01-01;TATAR-IGNATOV.ru;
2024-01-01;TATENCOM.ru;
2024-01-01;TATTISAM.ru;
2024-01-01;TAUA.ru;
2024-01-01;TAVANIS.ru;
2024-01-01;TAXONEIN.ru;
2024-01-01;TBGE.ru;
2024-01-01;TBHS.ru;
2024-01-01;TBKC.ru;
2024-01-01;TBLE.ru;
2024-01-01;TBPE.ru;
2024-01-01;TBRD.ru;
2024-01-01;TCAE.ru;
2024-01-01;TCBE.ru;
2024-01-01;TCDNS.ru;
2024-01-01;TCEE.ru;
2024-01-01;TCFE.ru;
2024-01-01;TCKC.ru;
2024-01-01;TCUC.ru;
2024-01-01;TD-ENERGIA.ru;
2024-01-01;TDLA.ru;
2024-01-01;TDLR.ru;
2024-01-01;TDPOINT.ru;
2024-01-01;TDVC.ru;
2024-01-01;TDYZ.ru;
2024-01-01;TEAM-BUILDER.ru;
2024-01-01;TEAMWAVE.ru;
2024-01-01;TEATRMIMOKROKODIL.ru;
2024-01-01;TECH-CO.ru;
2024-01-01;TECHNICALSALES.ru;
2024-01-01;TECHNOMONSTR.ru;
2024-01-01;TECHNOSMOTR.ru;
2024-01-01;TECHPAPA.ru;
2024-01-01;TEDG.ru;
2024-01-01;TEENCHALLENGE.ru;
2024-01-01;TEHNIKA-S.ru;
2024-01-01;TEHOSMOTR93.ru;
2024-01-01;TEHUL.ru;
2024-01-01;TEKCTIL.ru;
2024-01-01;TEKG.ru;
2024-01-01;TEKMET.ru;
2024-01-01;TELEGRAM-MINI-APPS.ru;
2024-01-01;TELEGRAMIST.ru;
2024-01-01;TELEIPOTEKA.ru;
2024-01-01;TELEKOMSK.ru;
2024-01-01;TELEKORTPOMOR.ru;
2024-01-01;TELEMDCN.ru;
2024-01-01;TELEMEDTEH.ru;
2024-01-01;TELMA-NN.ru;
2024-01-01;TEMASMIRNOV.ru;
2024-01-01;TEMP77.ru;
2024-01-01;TENKOT.ru;
2024-01-01;TENNISPROFI.ru;
2024-01-01;TENNYSON.ru;
2024-01-01;TENT-BREZENT.ru;
2024-01-01;TEOBEAR.ru;
2024-01-01;TEPLO-YEISK.ru;
2024-01-01;TEPLODEY.ru;
2024-01-01;TEPLOTEZ.ru;
2024-01-01;TERASTORE.ru;
2024-01-01;TEREMOK-53.ru;
2024-01-01;TERM1TE.ru;
2024-01-01;TERMO-PROJECT.ru;
2024-01-01;TERTOVA.ru;
2024-01-01;TES163.ru;
2024-01-01;TEST-X-1.ru;
2024-01-01;TESTASK.ru;
2024-01-01;TESTENGLISH.ru;
2024-01-01;TESTMANIA.ru;
2024-01-01;TESTMYAPP.ru;
2024-01-01;TETANUS.ru;
2024-01-01;TEXTILSITE.ru;
2024-01-01;TFDS.ru;
2024-01-01;TFEE.ru;
2024-01-01;TFGG.ru;
2024-01-01;TFHE.ru;
2024-01-01;TFHS.ru;
2024-01-01;TFIG.ru;
2024-01-01;TFLZONE.ru;
2024-01-01;TFMA.ru;
2024-01-01;TFPA.ru;
2024-01-01;TFRC.ru;
2024-01-01;TFRS.ru;
2024-01-01;TFTG.ru;
2024-01-01;TFTS.ru;
2024-01-01;TFUE.ru;
2024-01-01;TFUM.ru;
2024-01-01;TGAA.ru;
2024-01-01;TGCE.ru;
2024-01-01;TGFS.ru;
2024-01-01;TGGS.ru;
2024-01-01;TGHA.ru;
2024-01-01;TGIA.ru;
2024-01-01;TGIE.ru;
2024-01-01;TGPLUS-SHOP.ru;
2024-01-01;TGWF.ru;
2024-01-01;THAE.ru;
2024-01-01;THALASSOBRETAGNE.ru;
2024-01-01;THCE.ru;
2024-01-01;THDR.ru;
2024-01-01;THE-BIZ.ru;
2024-01-01;THEBAGSHOP.ru;
2024-01-01;THEFLAMINGO.ru;
2024-01-01;THEFOREVER.ru;
2024-01-01;THEGREENBOX.ru;
2024-01-01;THEGREENCARD.ru;
2024-01-01;THEGREENCAT.ru;
2024-01-01;THEGREENDAY.ru;
2024-01-01;THEGREENHOME.ru;
2024-01-01;THEGREENLAB.ru;
2024-01-01;THEGREENLINK.ru;
2024-01-01;THEGREENROOM.ru;
2024-01-01;THEGREENSHOP.ru;
2024-01-01;THEGREENWAY.ru;
2024-01-01;THEGREENWOOD.ru;
2024-01-01;THEHABIT.ru;
2024-01-01;THELOVES.ru;
2024-01-01;THENAME-DELUXE.ru;
2024-01-01;THEPARTYPAY.ru;
2024-01-01;THEPLAYLIST.ru;
2024-01-01;THERAILWAY.ru;
2024-01-01;THERMOLABS.ru;
2024-01-01;THESTOP.ru;
2024-01-01;THESUPPORTS.ru;
2024-01-01;THETHIRDPLACE.ru;
2024-01-01;THFS.ru;
2024-01-01;THGA.ru;
2024-01-01;THLE.ru;
2024-01-01;THULEAUTO.ru;
2024-01-01;TIANYA-AUTO.ru;
2024-01-01;TIANYA-MOS.ru;
2024-01-01;TIANYA-MSC.ru;
2024-01-01;TICKET-1.ru;
2024-01-01;TICKET-TOP.ru;
2024-01-01;TICKET-X.ru;
2024-01-01;TICKETBRO.ru;
2024-01-01;TICKETTOP.ru;
2024-01-01;TIFFANIE.ru;
2024-01-01;TIHANKOV.ru;
2024-01-01;TIHANKOVA.ru;
2024-01-01;TIHOMOLOV.ru;
2024-01-01;TIHOVODOV.ru;
2024-01-01;TIKETC.ru;
2024-01-01;TILL-2137.ru;
2024-01-01;TIMBERTEAM.ru;
2024-01-01;TIME-FINANCE.ru;
2024-01-01;TIMETOMEET.ru;
2024-01-01;TIPSAI.ru;
2024-01-01;TIPSLAB.ru;
2024-01-01;TIRABETHE.ru;
2024-01-01;TKBRAMPA.ru;
2024-01-01;TKCK.ru;
2024-01-01;TKLASSIKA.ru;
2024-01-01;TKUC.ru;
2024-01-01;TLDP.ru;
2024-01-01;TMCL.ru;
2024-01-01;TMFA.ru;
2024-01-01;TMLN.ru;
2024-01-01;TMLR.ru;
2024-01-01;TMML.ru;
2024-01-01;TMOG.ru;
2024-01-01;TMRL.ru;
2024-01-01;TMTL.ru;
2024-01-01;TMVA.ru;
2024-01-01;TNCE.ru;
2024-01-01;TNCG.ru;
2024-01-01;TNEL.ru;
2024-01-01;TNHA.ru;
2024-01-01;TNIL.ru;
2024-01-01;TNLD.ru;
2024-01-01;TNLE.ru;
2024-01-01;TNLI.ru;
2024-01-01;TNLL.ru;
2024-01-01;TNLM.ru;
2024-01-01;TNLN.ru;
2024-01-01;TNLO.ru;
2024-01-01;TNLR.ru;
2024-01-01;TNLT.ru;
2024-01-01;TNML.ru;
2024-01-01;TOBAD.ru;
2024-01-01;TOBUT.ru;
2024-01-01;TOCENKA.ru;
2024-01-01;TOCUP.ru;
2024-01-01;TODAYFINANCE.ru;
2024-01-01;TOFAIL.ru;
2024-01-01;TOFEEL.ru;
2024-01-01;TOHAVE.ru;
2024-01-01;TOJIKON.ru;
2024-01-01;TOKEEP.ru;
2024-01-01;TOKENMANIA.ru;
2024-01-01;TOLESS.ru;
2024-01-01;TOLOSS.ru;
2024-01-01;TONBERRY.ru;
2024-01-01;TONGDA-TRAILER.ru;
2024-01-01;TONH.ru;
2024-01-01;TOOLS-MSK.ru;
2024-01-01;TOOLSLABS.ru;
2024-01-01;TOOLSM.ru;
2024-01-01;TOP-ALCO.ru;
2024-01-01;TOP-ALKO.ru;
2024-01-01;TOP-BRUS.ru;
2024-01-01;TOP-CEMENT.ru;
2024-01-01;TOP-DELUXE.ru;
2024-01-01;TOP-EKO.ru;
2024-01-01;TOP-EKSPERT.ru;
2024-01-01;TOP-GURU.ru;
2024-01-01;TOP-IKRA.ru;
2024-01-01;TOP-KOVKA.ru;
2024-01-01;TOP-ROS.ru;
2024-01-01;TOP-TELEVISION.ru;
2024-01-01;TOPALKO.ru;
2024-01-01;TOPBED.ru;
2024-01-01;TOPCHIC.ru;
2024-01-01;TOPDR.ru;
2024-01-01;TOPELTOOLS.ru;
2024-01-01;TOPIMPLANT.ru;
2024-01-01;TOPLIVNAYA.ru;
2024-01-01;TOPROTANG.ru;
2024-01-01;TOPROVE.ru;
2024-01-01;TOPULL.ru;
2024-01-01;TOPUSH.ru;
2024-01-01;TOPUT.ru;
2024-01-01;TOQL.ru;
2024-01-01;TOQUITE.ru;
2024-01-01;TORCHERE.ru;
2024-01-01;TORISTORY.ru;
2024-01-01;TOROHOV.ru;
2024-01-01;TORTIKNN.ru;
2024-01-01;TOSHAKOV.ru;
2024-01-01;TOTHINK.ru;
2024-01-01;TOTIN.ru;
2024-01-01;TOUR-GURU.ru;
2024-01-01;TOURENT.ru;
2024-01-01;TOURGURU44.ru;
2024-01-01;TOURISTCLASS.ru;
2024-01-01;TOURNN.ru;
2024-01-01;TOURPLATFORM.ru;
2024-01-01;TOVANOV.ru;
2024-01-01;TOYEAR.ru;
2024-01-01;TOYET.ru;
2024-01-01;TPGA.ru;
2024-01-01;TQFN.ru;
2024-01-01;TRADE-X.ru;
2024-01-01;TRADEKZ.ru;
2024-01-01;TRADERETAIL.ru;
2024-01-01;TRADEZON.ru;
2024-01-01;TRADINGCONCEPT.ru;
2024-01-01;TRADINGTON.ru;
2024-01-01;TRAILCLUB.ru;
2024-01-01;TRAKTORCLICK.ru;
2024-01-01;TRANSFORMPLACE.ru;
2024-01-01;TRANSKATE.ru;
2024-01-01;TRANSLINE-FORKLIFT.ru;
2024-01-01;TRANSPORT-TECHNO.ru;
2024-01-01;TRAVEL-LAW.ru;
2024-01-01;TRAVEL-PORT.ru;
2024-01-01;TRAVELEND.ru;
2024-01-01;TRAVELOVERS.ru;
2024-01-01;TREBUHOV.ru;
2024-01-01;TREDIPIL.ru;
2024-01-01;TREEPARKER.ru;
2024-01-01;TRENDGAMES.ru;
2024-01-01;TREPOVA.ru;
2024-01-01;TREZVY.ru;
2024-01-01;TRIADAK.ru;
2024-01-01;TRIALNN.ru;
2024-01-01;TRIBAR-MEDIA.ru;
2024-01-01;TRIMAC.ru;
2024-01-01;TRIMMER-GAZONOKOSILKA.ru;
2024-01-01;TRIMMERGAZONOKOSILKA.ru;
2024-01-01;TRINGLOB.ru;
2024-01-01;TRINITIAIRSOFT.ru;
2024-01-01;TRIP-2317.ru;
2024-01-01;TRIPTEASE.ru;
2024-01-01;TRLD.ru;
2024-01-01;TRLR.ru;
2024-01-01;TROBA.ru;
2024-01-01;TROFLEXA.ru;
2024-01-01;TROPIK71.ru;
2024-01-01;TRUBA-ONLINE.ru;
2024-01-01;TRUBAONLINE.ru;
2024-01-01;TRUCK-RENT.ru;
2024-01-01;TRUCKS-ONLINE.ru;
2024-01-01;TRUEALI.ru;
2024-01-01;TRUEGGELMANN.ru;
2024-01-01;TRUGREEN.ru;
2024-01-01;TRULYBEAUTY.ru;
2024-01-01;TRVG.ru;
2024-01-01;TRYPLAY.ru;
2024-01-01;TRYSPORTS.ru;
2024-01-01;TSAPLINO.ru;
2024-01-01;TSKARKADA.ru;
2024-01-01;TSLL.ru;
2024-01-01;TSRL.ru;
2024-01-01;TSVETKOV-PHOTO.ru;
2024-01-01;TSVETLOVA.ru;
2024-01-01;TTAL.ru;
2024-01-01;TTDL.ru;
2024-01-01;TTHS.ru;
2024-01-01;TTIF.ru;
2024-01-01;TTIL.ru;
2024-01-01;TTLD.ru;
2024-01-01;TTLN.ru;
2024-01-01;TTLR.ru;
2024-01-01;TTNL.ru;
2024-01-01;TTRL.ru;
2024-01-01;TUBAO.ru;
2024-01-01;TUBC.ru;
2024-01-01;TUBETEAM.ru;
2024-01-01;TUE-IRT.ru;
2024-01-01;TUHC.ru;
2024-01-01;TUI-NN.ru;
2024-01-01;TULALEGION.ru;
2024-01-01;TULS-A.ru;
2024-01-01;TUNINGVIDEO.ru;
2024-01-01;TUNNL.ru;
2024-01-01;TUPIKINA.ru;
2024-01-01;TUR-GO.ru;
2024-01-01;TUR-OK.ru;
2024-01-01;TUR7.ru;
2024-01-01;TURBO-KASINO3.ru;
2024-01-01;TURININO.ru;
2024-01-01;TURIST-GID.ru;
2024-01-01;TURISTE.ru;
2024-01-01;TURNIK-CENTR.ru;
2024-01-01;TUSL.ru;
2024-01-01;TUSURLABS.ru;
2024-01-01;TUT-KNIFE.ru;
2024-01-01;TUVAZAIM.ru;
2024-01-01;TV-CODE.ru;
2024-01-01;TVAA.ru;
2024-01-01;TVAE.ru;
2024-01-01;TVASHTAR.ru;
2024-01-01;TVCE.ru;
2024-01-01;TVCF.ru;
2024-01-01;TVDE.ru;
2024-01-01;TVERDOSPLAV59.ru;
2024-01-01;TVFA.ru;
2024-01-01;TVFC.ru;
2024-01-01;TVHS.ru;
2024-01-01;TVITE.ru;
2024-01-01;TVLE.ru;
2024-01-01;TVNX.ru;
2024-01-01;TVOE-SHOP.ru;
2024-01-01;TVOYA-ENERGIA.ru;
2024-01-01;TVPA.ru;
2024-01-01;TVSKV71.ru;
2024-01-01;TVUA.ru;
2024-01-01;TWINWORLD.ru;
2024-01-01;TWOROOM.ru;
2024-01-01;TX-ELECTRO.ru;
2024-01-01;TXELECTRO.ru;
2024-01-01;TXNP.ru;
2024-01-01;TYCU.ru;
2024-01-01;TYGU.ru;
2024-01-01;TYKU.ru;
2024-01-01;TYMU.ru;
2024-01-01;TYNU.ru;
2024-01-01;TYPES-OF-BEER.ru;
2024-01-01;TYTV.ru;
2024-01-01;TYVU.ru;
2024-01-01;U-ANDREYA.ru;
2024-01-01;U-KOM.ru;
2024-01-01;U-TECHNOLOGIES.ru;
2024-01-01;UAEC.ru;
2024-01-01;UAFS.ru;
2024-01-01;UALR.ru;
2024-01-01;UALU.ru;
2024-01-01;UANC.ru;
2024-01-01;UAVTEAM.ru;
2024-01-01;UBERCUBE.ru;
2024-01-01;UBFS.ru;
2024-01-01;UBIA.ru;
2024-01-01;UBORKA178.ru;
2024-01-01;UBORKA3.ru;
2024-01-01;UBORSHCHITSA.ru;
2024-01-01;UBVA.ru;
2024-01-01;UCHENIKA.ru;
2024-01-01;UCHENIKOV.ru;
2024-01-01;UCHIMFOTO.ru;
2024-01-01;UCHISEBYA.ru;
2024-01-01;UCIA.ru;
2024-01-01;UCNA.ru;
2024-01-01;UCONFY-DEV.ru;
2024-01-01;UCZB.ru;
2024-01-01;UDAROV.ru;
2024-01-01;UDDUDZR.ru;
2024-01-01;UDEE.ru;
2024-01-01;UDFS.ru;
2024-01-01;UDHG.ru;
2024-01-01;UDHS.ru;
2024-01-01;UDICOM.ru;
2024-01-01;UDRC.ru;
2024-01-01;UEAS.ru;
2024-01-01;UECE.ru;
2024-01-01;UEFC.ru;
2024-01-01;UEGC.ru;
2024-01-01;UEKR.ru;
2024-01-01;UENC.ru;
2024-01-01;UESE.ru;
2024-01-01;UETG.ru;
2024-01-01;UFA3000.ru;
2024-01-01;UFADAR.ru;
2024-01-01;UFDG.ru;
2024-01-01;UFMA.ru;
2024-01-01;UFTG.ru;
2024-01-01;UFUA.ru;
2024-01-01;UGAA.ru;
2024-01-01;UGDC.ru;
2024-01-01;UGRIMOVA.ru;
2024-01-01;UGTARA.ru;
2024-01-01;UGUNDER.ru;
2024-01-01;UHANEVA.ru;
2024-01-01;UHAREV.ru;
2024-01-01;UHBC.ru;
2024-01-01;UHEC.ru;
2024-01-01;UHHC.ru;
2024-01-01;UHRE.ru;
2024-01-01;UHRS.ru;
2024-01-01;UHSC.ru;
2024-01-01;UIAC.ru;
2024-01-01;UIER.ru;
2024-01-01;UINU.ru;
2024-01-01;UIPUB.ru;
2024-01-01;UK-TRIP.ru;
2024-01-01;UKDE.ru;
2024-01-01;UKDIGITAL.ru;
2024-01-01;UKNN.ru;
2024-01-01;UKPG.ru;
2024-01-01;UKTRIP.ru;
2024-01-01;UKZB.ru;
2024-01-01;ULASHOP.ru;
2024-01-01;ULIBKA-PUSHCHINO.ru;
2024-01-01;ULLG.ru;
2024-01-01;ULMOPU.ru;
2024-01-01;ULYY.ru;
2024-01-01;UMEEV.ru;
2024-01-01;UMGG.ru;
2024-01-01;UMHS.ru;
2024-01-01;UMLG.ru;
2024-01-01;UMNEV.ru;
2024-01-01;UMNG.ru;
2024-01-01;UMNYAKOV.ru;
2024-01-01;UMVA.ru;
2024-01-01;UN-M.ru;
2024-01-01;UNDERSTANDME.ru;
2024-01-01;UNHA.ru;
2024-01-01;UNICA103.ru;
2024-01-01;UNIK-CENTR.ru;
2024-01-01;UNIKAN.ru;
2024-01-01;UNIKOMP.ru;
2024-01-01;UNIMUMS.ru;
2024-01-01;UNIONREC.ru;
2024-01-01;UNITAVIA.ru;
2024-01-01;UNIVERCON.ru;
2024-01-01;UNIVERFAN.ru;
2024-01-01;UNIVERSAL163.ru;
2024-01-01;UNNK.ru;
2024-01-01;UNPR.ru;
2024-01-01;UNVAST.ru;
2024-01-01;UOCG.ru;
2024-01-01;UOLC.ru;
2024-01-01;UPCL.ru;
2024-01-01;UPDZ.ru;
2024-01-01;UPFG.ru;
2024-01-01;UPGA.ru;
2024-01-01;UPNDOWN.ru;
2024-01-01;UR021290.ru;
2024-01-01;URAL-STROI.ru;
2024-01-01;URALIZ.ru;
2024-01-01;URALRTIPRODUCT.ru;
2024-01-01;URALZVUK.ru;
2024-01-01;URBANFIGHTER.ru;
2024-01-01;URBANNETWORK.ru;
2024-01-01;URHEILU.ru;
2024-01-01;URHOV.ru;
2024-01-01;URIELTORA.ru;
2024-01-01;URLF.ru;
2024-01-01;URLIKBEZ.ru;
2024-01-01;URMPMOBILE.ru;
2024-01-01;URSERVISE.ru;
2024-01-01;URSUS-TERRA.ru;
2024-01-01;URSUSTERRA.ru;
2024-01-01;US-74.ru;
2024-01-01;USACOIN.ru;
2024-01-01;USANET.ru;
2024-01-01;USECAPITAL.ru;
2024-01-01;USENKO-INFO.ru;
2024-01-01;USERACQUISITION.ru;
2024-01-01;USFR.ru;
2024-01-01;USLC.ru;
2024-01-01;USSY.ru;
2024-01-01;USTAV-SPB.ru;
2024-01-01;USTRISH.ru;
2024-01-01;UTFG.ru;
2024-01-01;UTHE.ru;
2024-01-01;UTM-RMNP.ru;
2024-01-01;UUOS.ru;
2024-01-01;UUPC.ru;
2024-01-01;UURC.ru;
2024-01-01;UUSC.ru;
2024-01-01;UUSY.ru;
2024-01-01;UUUC.ru;
2024-01-01;UVILIGHT.ru;
2024-01-01;UVLS.ru;
2024-01-01;UXRZ.ru;
2024-01-01;UYAL.ru;
2024-01-01;UYLI.ru;
2024-01-01;UYUTBALCON.ru;
2024-01-01;UZKARAOKE.ru;
2024-01-01;UZORA.ru;
2024-01-01;UZZE.ru;
2024-01-01;V-KLIMAT.ru;
2024-01-01;V-OK.ru;
2024-01-01;V-P-N.ru;
2024-01-01;V-PRODAZHE.ru;
2024-01-01;VABDULOV.ru;
2024-01-01;VACANTMSK.ru;
2024-01-01;VADIM-SOKOLOV-SH.ru;
2024-01-01;VADOV.ru;
2024-01-01;VAGAK.ru;
2024-01-01;VAGALT.ru;
2024-01-01;VAGISHOV.ru;
2024-01-01;VAGNON.ru;
2024-01-01;VAHLAKOV.ru;
2024-01-01;VAKG.ru;
2024-01-01;VALABEL.ru;
2024-01-01;VALENKOVA.ru;
2024-01-01;VALEZHNIKOV.ru;
2024-01-01;VALKOU.ru;
2024-01-01;VALMORE.ru;
2024-01-01;VALMSHOP.ru;
2024-01-01;VALOVSHIKOV.ru;
2024-01-01;VALTS.ru;
2024-01-01;VAMOHOV.ru;
2024-01-01;VAMTEXTILE.ru;
2024-01-01;VAN-CLUB.ru;
2024-01-01;VANGIN.ru;
2024-01-01;VANILASKY.ru;
2024-01-01;VARMIES.ru;
2024-01-01;VARNOT.ru;
2024-01-01;VARZOV.ru;
2024-01-01;VARZUMOVA.ru;
2024-01-01;VASHKOV.ru;
2024-01-01;VASHKOVA.ru;
2024-01-01;VASHSANTECHNIK.ru;
2024-01-01;VASTUMARKET.ru;
2024-01-01;VAUMIN.ru;
2024-01-01;VAURAS.ru;
2024-01-01;VAXU.ru;
2024-01-01;VAYAPSHOP.ru;
2024-01-01;VAZIN.ru;
2024-01-01;VAZIROVA.ru;
2024-01-01;VBEGLOVA.ru;
2024-01-01;VBEKKIR.ru;
2024-01-01;VBELUCCI.ru;
2024-01-01;VBFG.ru;
2024-01-01;VBRIGHTSHOP.ru;
2024-01-01;VBVG.ru;
2024-01-01;VBYVERY.ru;
2024-01-01;VCCL.ru;
2024-01-01;VCDG.ru;
2024-01-01;VCFA.ru;
2024-01-01;VCFC.ru;
2024-01-01;VCFE.ru;
2024-01-01;VCGU.ru;
2024-01-01;VCLOTHES.ru;
2024-01-01;VCRG.ru;
2024-01-01;VCRS.ru;
2024-01-01;VCUBEAI.ru;
2024-01-01;VDAGANI.ru;
2024-01-01;VDFG.ru;
2024-01-01;VDGA.ru;
2024-01-01;VDORATE.ru;
2024-01-01;VEBERG.ru;
2024-01-01;VEDG.ru;
2024-01-01;VEDNOV.ru;
2024-01-01;VEDYAHIN.ru;
2024-01-01;VEGANGREEN.ru;
2024-01-01;VEGMIX.ru;
2024-01-01;VEIDOV.ru;
2024-01-01;VEIMAN.ru;
2024-01-01;VEINER.ru;
2024-01-01;VEISOV.ru;
2024-01-01;VEISSE.ru;
2024-01-01;VEITKO.ru;
2024-01-01;VEKPROMUPAK.ru;
2024-01-01;VELEMENTIS.ru;
2024-01-01;VELES-NTC.ru;
2024-01-01;VELKE.ru;
2024-01-01;VENDEN.ru;
2024-01-01;VENDMARKT.ru;
2024-01-01;VENDOX.ru;
2024-01-01;VERATIMOSHINA.ru;
2024-01-01;VERESHKO.ru;
2024-01-01;VERHOLAMOV.ru;
2024-01-01;VERNEK.ru;
2024-01-01;VERSHIN.ru;
2024-01-01;VERSHINA-AUTO.ru;
2024-01-01;VERSHINAHOUSE.ru;
2024-01-01;VERSTAQ.ru;
2024-01-01;VERVAIN.ru;
2024-01-01;VESBUL.ru;
2024-01-01;VESELCHAC.ru;
2024-01-01;VESKOV.ru;
2024-01-01;VESTA-OTEL.ru;
2024-01-01;VESTASTOCK.ru;
2024-01-01;VESTIME.ru;
2024-01-01;VESTLI.ru;
2024-01-01;VETCHIN.ru;
2024-01-01;VETJOB.ru;
2024-01-01;VEYKOV.ru;
2024-01-01;VFCA.ru;
2024-01-01;VFCC.ru;
2024-01-01;VFEE.ru;
2024-01-01;VFMG.ru;
2024-01-01;VFRC.ru;
2024-01-01;VFSG.ru;
2024-01-01;VFTR.ru;
2024-01-01;VGARAVANI.ru;
2024-01-01;VGDC.ru;
2024-01-01;VGFA.ru;
2024-01-01;VGIKINFO.ru;
2024-01-01;VGSG.ru;
2024-01-01;VGVC.ru;
2024-01-01;VHAG.ru;
2024-01-01;VHDG.ru;
2024-01-01;VHFR.ru;
2024-01-01;VHSA.ru;
2024-01-01;VHUG.ru;
2024-01-01;VIASS.ru;
2024-01-01;VIATAXI.ru;
2024-01-01;VIATOK.ru;
2024-01-01;VIC03020405.ru;
2024-01-01;VICOSMETICS.ru;
2024-01-01;VICTORIA-PITER.ru;
2024-01-01;VICTORIALAW.ru;
2024-01-01;VIDENE.ru;
2024-01-01;VIDEO-IP.ru;
2024-01-01;VIDEOCREATORS.ru;
2024-01-01;VIDEOOTZYVI.ru;
2024-01-01;VIDUEV.ru;
2024-01-01;VIEWTOPIC.ru;
2024-01-01;VIGINT.ru;
2024-01-01;VIKOLOS.ru;
2024-01-01;VIKONTY.ru;
2024-01-01;VIKOP.ru;
2024-01-01;VIKTORYCENTER.ru;
2024-01-01;VILAMED.ru;
2024-01-01;VILGO.ru;
2024-01-01;VILOCHNYJ-CHELYABINSK.ru;
2024-01-01;VILOCHNYJ-EKB.ru;
2024-01-01;VILOCHNYJ-KRASNODAR.ru;
2024-01-01;VILOCHNYJ-NOVOSIB.ru;
2024-01-01;VILOCHNYJ-PERM.ru;
2024-01-01;VILOCHNYJ-ROSTOV.ru;
2024-01-01;VILOCHNYJ-SPB.ru;
2024-01-01;VILOCHNYJ-UFA.ru;
2024-01-01;VILOCHNYJ-VORONEZH.ru;
2024-01-01;VILPOV.ru;
2024-01-01;VIMBOR.ru;
2024-01-01;VIMBRA.ru;
2024-01-01;VIMBRO.ru;
2024-01-01;VIMDEN.ru;
2024-01-01;VIME63.ru;
2024-01-01;VIMSOCKS.ru;
2024-01-01;VINCHEV.ru;
2024-01-01;VINESTYLE.ru;
2024-01-01;VINKEN.ru;
2024-01-01;VINLIST.ru;
2024-01-01;VINTAGESOUL.ru;
2024-01-01;VINW.ru;
2024-01-01;VIOA.ru;
2024-01-01;VIOINOX.ru;
2024-01-01;VIP-TYRES.ru;
2024-01-01;VIPASSION.ru;
2024-01-01;VIPNN.ru;
2024-01-01;VIRTOV.ru;
2024-01-01;VIRUSTECH.ru;
2024-01-01;VISAGECOLOR.ru;
2024-01-01;VITALGREENS.ru;
2024-01-01;VITALWELLNESS.ru;
2024-01-01;VITTORIA-MEBELS.ru;
2024-01-01;VIVBRAND.ru;
2024-01-01;VIVCOLLECTION.ru;
2024-01-01;VIVLIFEEASY.ru;
2024-01-01;VIXINFO.ru;
2024-01-01;VIXOMA.ru;
2024-01-01;VIZHUNOV.ru;
2024-01-01;VIZHUNOVA.ru;
2024-01-01;VJEWELRY.ru;
2024-01-01;VJKHOME.ru;
2024-01-01;VJRAY.ru;
2024-01-01;VKABAGS.ru;
2024-01-01;VKIG.ru;
2024-01-01;VKINASH.ru;
2024-01-01;VKISSERV.ru;
2024-01-01;VKKG.ru;
2024-01-01;VKLUBNIKA.ru;
2024-01-01;VKMUSICBOT.ru;
2024-01-01;VKOBYAKOV.ru;
2024-01-01;VKURBA.ru;
2024-01-01;VKURSAH.ru;
2024-01-01;VKUSNAYA-PALITRA.ru;
2024-01-01;VKVPET.ru;
2024-01-01;VLA5OFFIV.ru;
2024-01-01;VLABER.ru;
2024-01-01;VLADNOTARY.ru;
2024-01-01;VLAGIN.ru;
2024-01-01;VLEFE.ru;
2024-01-01;VLEIB.ru;
2024-01-01;VLENV.ru;
2024-01-01;VLODKO.ru;
2024-01-01;VLOSKO.ru;
2024-01-01;VMAMONSCHOOL.ru;
2024-01-01;VMCG.ru;
2024-01-01;VMESTESTROI.ru;
2024-01-01;VMMG.ru;
2024-01-01;VMOLESOV.ru;
2024-01-01;VMTECHNICS.ru;
2024-01-01;VN-ART.ru;
2024-01-01;VNARIADE.ru;
2024-01-01;VNBREND.ru;
2024-01-01;VNDY.ru;
2024-01-01;VNEDOSTUP.ru;
2024-01-01;VNSG.ru;
2024-01-01;VOAG.ru;
2024-01-01;VOBEAUTY.ru;
2024-01-01;VOCALAB.ru;
2024-01-01;VOCOSINESS.ru;
2024-01-01;VOHMANOV.ru;
2024-01-01;VOINAR.ru;
2024-01-01;VOISIM.ru;
2024-01-01;VOIVOD.ru;
2024-01-01;VOJDAK.ru;
2024-01-01;VOKAGA.ru;
2024-01-01;VOKAGO.ru;
2024-01-01;VOLKONITINA.ru;
2024-01-01;VOLKOV-SERGEY.ru;
2024-01-01;VOLLAN.ru;
2024-01-01;VOLOA.ru;
2024-01-01;VOLOSTNIKOV.ru;
2024-01-01;VOLSHUKOV.ru;
2024-01-01;VOLTDRIVE.ru;
2024-01-01;VOLZHAKOV.ru;
2024-01-01;VOMSTYLE.ru;
2024-01-01;VONGAZ.ru;
2024-01-01;VOODA.ru;
2024-01-01;VORENTSOV.ru;
2024-01-01;VORNIK.ru;
2024-01-01;VOROHOV.ru;
2024-01-01;VOROTA-PARTNER.ru;
2024-01-01;VOROTA-VIP.ru;
2024-01-01;VOROTA-X.ru;
2024-01-01;VOROTALUXE.ru;
2024-01-01;VOROTAPARTNER.ru;
2024-01-01;VOROTAVIP.ru;
2024-01-01;VOROTAX.ru;
2024-01-01;VOSTON.ru;
2024-01-01;VOTONAYA.ru;
2024-01-01;VOVC.ru;
2024-01-01;VOVM.ru;
2024-01-01;VOVNEI.ru;
2024-01-01;VOXTAIM.ru;
2024-01-01;VOXU.ru;
2024-01-01;VOYAGE-KARELIA.ru;
2024-01-01;VOYAGELUX.ru;
2024-01-01;VOZHLAKOV.ru;
2024-01-01;VOZIYAN.ru;
2024-01-01;VOZLOV.ru;
2024-01-01;VOZNOV.ru;
2024-01-01;VPCA.ru;
2024-01-01;VPETBR.ru;
2024-01-01;VPFS.ru;
2024-01-01;VPIERCING.ru;
2024-01-01;VPROGE.ru;
2024-01-01;VPSPORT.ru;
2024-01-01;VPVA.ru;
2024-01-01;VQRV.ru;
2024-01-01;VQVC.ru;
2024-01-01;VR-AR-TEAM.ru;
2024-01-01;VR-STREET.ru;
2024-01-01;VRAGOV.ru;
2024-01-01;VRANOV.ru;
2024-01-01;VRDEMO.ru;
2024-01-01;VREDTO.ru;
2024-01-01;VREMEV.ru;
2024-01-01;VRFA.ru;
2024-01-01;VRHA.ru;
2024-01-01;VRHC.ru;
2024-01-01;VRIONI.ru;
2024-01-01;VRNIKA.ru;
2024-01-01;VRUMYANTSEV.ru;
2024-01-01;VS-PHOTO.ru;
2024-01-01;VSABO.ru;
2024-01-01;VSAMOVARE.ru;
2024-01-01;VSCARLETT.ru;
2024-01-01;VSEEXPERT.ru;
2024-01-01;VSEKRASKIZDES.ru;
2024-01-01;VSEMPROKAT.ru;
2024-01-01;VSEOFIRME.ru;
2024-01-01;VSERJV.ru;
2024-01-01;VSEYAR.ru;
2024-01-01;VSFREEDOM.ru;
2024-01-01;VSGG.ru;
2024-01-01;VSKPRIMO.ru;
2024-01-01;VSLAV.ru;
2024-01-01;VSVG.ru;
2024-01-01;VTAA.ru;
2024-01-01;VTAIDIOR.ru;
2024-01-01;VTAILV.ru;
2024-01-01;VTAIMONEY.ru;
2024-01-01;VTORIN.ru;
2024-01-01;VTOROEYA.ru;
2024-01-01;VTORRESYRS.ru;
2024-01-01;VTTU.ru;
2024-01-01;VUAS.ru;
2024-01-01;VUCG.ru;
2024-01-01;VUEL.ru;
2024-01-01;VUIA.ru;
2024-01-01;VUIG.ru;
2024-01-01;VUJU.ru;
2024-01-01;VULG.ru;
2024-01-01;VULKAN-KING.ru;
2024-01-01;VUMG.ru;
2024-01-01;VUNNA.ru;
2024-01-01;VUPIUPI.ru;
2024-01-01;VURAKA.ru;
2024-01-01;VURAKI.ru;
2024-01-01;VURAKO.ru;
2024-01-01;VUTMAN.ru;
2024-01-01;VUVG.ru;
2024-01-01;VVCE.ru;
2024-01-01;VVEDENSKII.ru;
2024-01-01;VVEU.ru;
2024-01-01;VVMA.ru;
2024-01-01;VVRA.ru;
2024-01-01;VVRB.ru;
2024-01-01;VVRG.ru;
2024-01-01;VVTG.ru;
2024-01-01;VWTB.ru;
2024-01-01;VYAKUSEVICH.ru;
2024-01-01;VYALTE.ru;
2024-01-01;VYATMEH.ru;
2024-01-01;VYKLUCHATEL.ru;
2024-01-01;VYKUP-PETERBURG.ru;
2024-01-01;VYNU.ru;
2024-01-01;VYVU.ru;
2024-01-01;W-HEAT.ru;
2024-01-01;WAGGONS.ru;
2024-01-01;WAGONWOOL.ru;
2024-01-01;WALKERMEDIA.ru;
2024-01-01;WALKTHELINE.ru;
2024-01-01;WALLGA.ru;
2024-01-01;WANTACCORD.ru;
2024-01-01;WARMER-PROIZVODSTVO.ru;
2024-01-01;WASH-BOX.ru;
2024-01-01;WASHERBOT2020.ru;
2024-01-01;WATCHFIRST.ru;
2024-01-01;WATERCHUD.ru;
2024-01-01;WAULT.ru;
2024-01-01;WAXSTUDIO.ru;
2024-01-01;WAY-HOME.ru;
2024-01-01;WAY-ON.ru;
2024-01-01;WDOK.ru;
2024-01-01;WEACADEMY.ru;
2024-01-01;WEBCAMCHAT.ru;
2024-01-01;WEBINARE.ru;
2024-01-01;WEBSLYLE.ru;
2024-01-01;WEDDINGITALY.ru;
2024-01-01;WEDTALK.ru;
2024-01-01;WEPOSITIVEGROUP.ru;
2024-01-01;WESTLAND666.ru;
2024-01-01;WG-01.ru;
2024-01-01;WG-NET.ru;
2024-01-01;WGSP.ru;
2024-01-01;WHDD.ru;
2024-01-01;WHEEL-STYLE.ru;
2024-01-01;WHITE-CLEANING-SPB.ru;
2024-01-01;WHITE-OFFICE.ru;
2024-01-01;WHITE-S.ru;
2024-01-01;WHITE-WALL.ru;
2024-01-01;WHITEBILBERRY.ru;
2024-01-01;WHOLEWOOD.ru;
2024-01-01;WIDEPAY.ru;
2024-01-01;WIIUJAPAN.ru;
2024-01-01;WILDHERB.ru;
2024-01-01;WILDPARTS.ru;
2024-01-01;WILDTHYME.ru;
2024-01-01;WILLBEBAD.ru;
2024-01-01;WILLEMACHINES.ru;
2024-01-01;WIN-TRADE.ru;
2024-01-01;WINEATALY.ru;
2024-01-01;WINEDIVE.ru;
2024-01-01;WINEMERCH.ru;
2024-01-01;WINESTULE.ru;
2024-01-01;WIRETRANSFERS.ru;
2024-01-01;WISHWITHME.ru;
2024-01-01;WIVU.ru;
2024-01-01;WIZMALL.ru;
2024-01-01;WLASSOWA.ru;
2024-01-01;WLDB.ru;
2024-01-01;WLDBRS.ru;
2024-01-01;WM-OBMEN.ru;
2024-01-01;WMKT.ru;
2024-01-01;WMMA.ru;
2024-01-01;WOLFMINE.ru;
2024-01-01;WOLFRUN.ru;
2024-01-01;WOOD-1.ru;
2024-01-01;WOOD-OPT.ru;
2024-01-01;WOOD-X.ru;
2024-01-01;WOODEKOR.ru;
2024-01-01;WOODSTROJ.ru;
2024-01-01;WOODTECHNICS.ru;
2024-01-01;WORK-22.ru;
2024-01-01;WORKBOOM.ru;
2024-01-01;WORKFINE.ru;
2024-01-01;WORKWORKWORK.ru;
2024-01-01;WORLD-SWEET.ru;
2024-01-01;WORLDOFGREEN.ru;
2024-01-01;WORLDVID.ru;
2024-01-01;WOWLICHKING.ru;
2024-01-01;WOWSOFTWARE.ru;
2024-01-01;WOWSTK.ru;
2024-01-01;WOWWORLD.ru;
2024-01-01;WPBP.ru;
2024-01-01;WSINVEST.ru;
2024-01-01;WSXC.ru;
2024-01-01;WUB-CONNECT.ru;
2024-01-01;WUBAND.ru;
2024-01-01;WUDZ.ru;
2024-01-01;WWMC.ru;
2024-01-01;WWW-PE.ru;
2024-01-01;WWWGRIZLIARTMETALL.ru;
2024-01-01;WXGU.ru;
2024-01-01;WYNESTYLE.ru;
2024-01-01;X-ALKO.ru;
2024-01-01;X-AUDIT.ru;
2024-01-01;X-BILET.ru;
2024-01-01;X-BRUS.ru;
2024-01-01;X-BUKET.ru;
2024-01-01;X-BUTIK.ru;
2024-01-01;X-CEMENT.ru;
2024-01-01;X-DELUXE.ru;
2024-01-01;X-ECO.ru;
2024-01-01;X-EKO.ru;
2024-01-01;X-GURU.ru;
2024-01-01;X-KUHNI.ru;
2024-01-01;X-LEADER.ru;
2024-01-01;X-LEKARSTVA.ru;
2024-01-01;X-LIDER.ru;
2024-01-01;X-MAGAZIN.ru;
2024-01-01;X-PARKET.ru;
2024-01-01;X-PEREVOZKA.ru;
2024-01-01;X-PEREVOZKI.ru;
2024-01-01;X-STOM.ru;
2024-01-01;X-STROI.ru;
2024-01-01;X-SUPER.ru;
2024-01-01;X-VOROTA.ru;
2024-01-01;X5AERO.ru;
2024-01-01;X5AIR.ru;
2024-01-01;X5AUTO.ru;
2024-01-01;X5AVTO.ru;
2024-01-01;X5DELIVERY.ru;
2024-01-01;XAFZ.ru;
2024-01-01;XAGU.ru;
2024-01-01;XALKO.ru;
2024-01-01;XALU.ru;
2024-01-01;XAMAP.ru;
2024-01-01;XANAD.ru;
2024-01-01;XBRUS.ru;
2024-01-01;XBUKET.ru;
2024-01-01;XCEMENT.ru;
2024-01-01;XDELUXE.ru;
2024-01-01;XDRIVEKZN.ru;
2024-01-01;XEGU.ru;
2024-01-01;XELU.ru;
2024-01-01;XEVU.ru;
2024-01-01;XEXU.ru;
2024-01-01;XIGU.ru;
2024-01-01;XILU.ru;
2024-01-01;XIMU.ru;
2024-01-01;XIVU.ru;
2024-01-01;XIXU.ru;
2024-01-01;XKUHNI.ru;
2024-01-01;XLAXO.ru;
2024-01-01;XLEET.ru;
2024-01-01;XLEKARSTVA.ru;
2024-01-01;XLZY.ru;
2024-01-01;XMLN.ru;
2024-01-01;XOKU.ru;
2024-01-01;XOLU.ru;
2024-01-01;XOMAIL.ru;
2024-01-01;XOMU.ru;
2024-01-01;XORAPP.ru;
2024-01-01;XOVU.ru;
2024-01-01;XOYM.ru;
2024-01-01;XOZU.ru;
2024-01-01;XPEREVOZKA.ru;
2024-01-01;XPEREVOZKI.ru;
2024-01-01;XPTG.ru;
2024-01-01;XSRP.ru;
2024-01-01;XTGU.ru;
2024-01-01;XUGU.ru;
2024-01-01;XUMU.ru;
2024-01-01;XUNU.ru;
2024-01-01;XUVU.ru;
2024-01-01;XVOROTA.ru;
2024-01-01;XXEI.ru;
2024-01-01;XXGU.ru;
2024-01-01;XYXU.ru;
2024-01-01;YABLONSKII.ru;
2024-01-01;YACHTBAY.ru;
2024-01-01;YAGODNYISTAN.ru;
2024-01-01;YAKHNO.ru;
2024-01-01;YAKOBOVSKI.ru;
2024-01-01;YAKOBOVSKII.ru;
2024-01-01;YAKOBOVSKY.ru;
2024-01-01;YALTA-EX.ru;
2024-01-01;YAMA3322.ru;
2024-01-01;YAMAXAXAZ.ru;
2024-01-01;YAMPOLSKII.ru;
2024-01-01;YANDEXDELIVERY.ru;
2024-01-01;YANITSKII.ru;
2024-01-01;YANKOVSKII.ru;
2024-01-01;YANZO.ru;
2024-01-01;YARCHEVSKI.ru;
2024-01-01;YARCHEVSKII.ru;
2024-01-01;YARCHEVSKY.ru;
2024-01-01;YARKOVSKII.ru;
2024-01-01;YARPECHATI.ru;
2024-01-01;YARQUEST.ru;
2024-01-01;YASTEPUK.ru;
2024-01-01;YATAR.ru;
2024-01-01;YAVSTVA.ru;
2024-01-01;YAZEPOV.ru;
2024-01-01;YCIC.ru;
2024-01-01;YETV.ru;
2024-01-01;YHPP.ru;
2024-01-01;YIWUMARKET.ru;
2024-01-01;YK-TEREM.ru;
2024-01-01;YKGO.ru;
2024-01-01;YMCENTR.ru;
2024-01-01;YMME.ru;
2024-01-01;YOCRYPTO.ru;
2024-01-01;YOCU.ru;
2024-01-01;YOGA58.ru;
2024-01-01;YOGAVAN.ru;
2024-01-01;YOJU.ru;
2024-01-01;YOU2025.ru;
2024-01-01;YOUFINDER.ru;
2024-01-01;YOUGREAT.ru;
2024-01-01;YOULAFILM.ru;
2024-01-01;YOUMAGO.ru;
2024-01-01;YOUMANGO.ru;
2024-01-01;YOUNGDEV.ru;
2024-01-01;YOUR-ANIMA.ru;
2024-01-01;YOUR-ANIMA-YER.ru;
2024-01-01;YOUR-ASIA.ru;
2024-01-01;YOUR-SERVER.ru;
2024-01-01;YOURANGELS.ru;
2024-01-01;YOURBESTBUY.ru;
2024-01-01;YOURBLOX.ru;
2024-01-01;YOURCANDY.ru;
2024-01-01;YOURENGLISHSCHOOL.ru;
2024-01-01;YOURMEDITATION.ru;
2024-01-01;YOURNEXTLEVEL.ru;
2024-01-01;YOUVIBE.ru;
2024-01-01;YPIR.ru;
2024-01-01;YRG-PATP.ru;
2024-01-01;YSCL.ru;
2024-01-01;YTGU.ru;
2024-01-01;YTTERBIUM.ru;
2024-01-01;YUNAKOV.ru;
2024-01-01;YUONGOR.ru;
2024-01-01;YURASOVSKII.ru;
2024-01-01;YURGINSKIY.ru;
2024-01-01;YURISTKRASNODAR.ru;
2024-01-01;YUSUPAKAEV.ru;
2024-01-01;YYZF.ru;
2024-01-01;YZRK.ru;
2024-01-01;Z-DOORS.ru;
2024-01-01;Z520.ru;
2024-01-01;ZABAEVA.ru;
2024-01-01;ZABEGO.ru;
2024-01-01;ZABEKO.ru;
2024-01-01;ZABLER.ru;
2024-01-01;ZABNIN.ru;
2024-01-01;ZADRON.ru;
2024-01-01;ZAGORSKY-TRAVEL.ru;
2024-01-01;ZAGORSKYHOUSE.ru;
2024-01-01;ZAGORSKYTRAVEL.ru;
2024-01-01;ZAGORYANSKII.ru;
2024-01-01;ZAGRANAVTO.ru;
2024-01-01;ZAGRANITSEY.ru;
2024-01-01;ZAHVATOV.ru;
2024-01-01;ZAIKOVSKII.ru;
2024-01-01;ZAILIN.ru;
2024-01-01;ZAKAZ7366.ru;
2024-01-01;ZAKAZFILMA.ru;
2024-01-01;ZAKONOGRAD.ru;
2024-01-01;ZAKREVSKII.ru;
2024-01-01;ZALYUBOVSKII.ru;
2024-01-01;ZAMORSKII.ru;
2024-01-01;ZAMOTINA.ru;
2024-01-01;ZAMULINA.ru;
2024-01-01;ZANJ.ru;
2024-01-01;ZAO-RIC.ru;
2024-01-01;ZAOZERSKII.ru;
2024-01-01;ZAPUP.ru;
2024-01-01;ZAPUSTIT.ru;
2024-01-01;ZARYA-SURVIVAL.ru;
2024-01-01;ZASERVICE.ru;
2024-01-01;ZAUTIN.ru;
2024-01-01;ZAV4791.ru;
2024-01-01;ZAVODNN.ru;
2024-01-01;ZAVOLZHSKY.ru;
2024-01-01;ZAYKA-LYALYA.ru;
2024-01-01;ZBOEV.ru;
2024-01-01;ZBON.ru;
2024-01-01;ZD-ONLINE.ru;
2024-01-01;ZDANIE-SENDVICH-CHL.ru;
2024-01-01;ZDANIE-SENDVICH-EKB.ru;
2024-01-01;ZDANIE-SENDVICH-KRD.ru;
2024-01-01;ZDANIE-SENDVICH-KZN.ru;
2024-01-01;ZDANIE-SENDVICH-NN.ru;
2024-01-01;ZDANIE-SENDVICH-NSK.ru;
2024-01-01;ZDANIE-SENDVICH-PRM.ru;
2024-01-01;ZDANIE-SENDVICH-RND.ru;
2024-01-01;ZDANIE-SENDVICH-SAM.ru;
2024-01-01;ZDANIE-SENDVICH-SPB.ru;
2024-01-01;ZDANIE-SENDVICH-UFA.ru;
2024-01-01;ZDANIE-SENDVICH-VRN.ru;
2024-01-01;ZDOROVENIK.ru;
2024-01-01;ZDOROVICA.ru;
2024-01-01;ZDOROVIKA.ru;
2024-01-01;ZDOROWIKI.ru;
2024-01-01;ZDRUS.ru;
2024-01-01;ZDVSER.ru;
2024-01-01;ZEGERT.ru;
2024-01-01;ZELENOVSKY.ru;
2024-01-01;ZEMAVTO.ru;
2024-01-01;ZEMLYANSKII.ru;
2024-01-01;ZENITPHOTO.ru;
2024-01-01;ZENSOLUTION.ru;
2024-01-01;ZERNETS.ru;
2024-01-01;ZEROIMPACT.ru;
2024-01-01;ZETXSTAVKA.ru;
2024-01-01;ZEVKIN.ru;
2024-01-01;ZGMI.ru;
2024-01-01;ZHABBAROV.ru;
2024-01-01;ZHANGOZINA.ru;
2024-01-01;ZHANSKLEY.ru;
2024-01-01;ZHARAVOV.ru;
2024-01-01;ZHEGUNOV.ru;
2024-01-01;ZHEHOVA.ru;
2024-01-01;ZHELOBKOV.ru;
2024-01-01;ZHELTOBROV.ru;
2024-01-01;ZHENILEN.ru;
2024-01-01;ZHEREHOV.ru;
2024-01-01;ZHESTKOVA.ru;
2024-01-01;ZHEVNINA.ru;
2024-01-01;ZHEY4.ru;
2024-01-01;ZHILETEKA.ru;
2024-01-01;ZHILINSKII.ru;
2024-01-01;ZHIMONOV.ru;
2024-01-01;ZHMANKOV.ru;
2024-01-01;ZHSTEKLO.ru;
2024-01-01;ZHUMATEX.ru;
2024-01-01;ZIBIN.ru;
2024-01-01;ZILOV.ru;
2024-01-01;ZIMNITSKII.ru;
2024-01-01;ZIMOVSKII.ru;
2024-01-01;ZINOVKINOL.ru;
2024-01-01;ZIPLOCKPRO.ru;
2024-01-01;ZLETSOV.ru;
2024-01-01;ZLHOHL.ru;
2024-01-01;ZMAEV.ru;
2024-01-01;ZMEOV.ru;
2024-01-01;ZMIOV.ru;
2024-01-01;ZMUA.ru;
2024-01-01;ZNAIKANN.ru;
2024-01-01;ZNAJKA-NN.ru;
2024-01-01;ZNAKILADONI.ru;
2024-01-01;ZNATOKINN.ru;
2024-01-01;ZNAYKA-NN.ru;
2024-01-01;ZNAYKANN.ru;
2024-01-01;ZOALOV.ru;
2024-01-01;ZOCG.ru;
2024-01-01;ZODCHIE330660.ru;
2024-01-01;ZODIEV.ru;
2024-01-01;ZOETROPE.ru;
2024-01-01;ZOHTOV.ru;
2024-01-01;ZOJU.ru;
2024-01-01;ZOLOTOY-YAKOR.ru;
2024-01-01;ZOMF.ru;
2024-01-01;ZONAAVTO.ru;
2024-01-01;ZONARA.ru;
2024-01-01;ZONEXX.ru;
2024-01-01;ZONKOV.ru;
2024-01-01;ZONMAN.ru;
2024-01-01;ZONTAG.ru;
2024-01-01;ZOOM-DESIGN.ru;
2024-01-01;ZOOMIRNN.ru;
2024-01-01;ZOOSFERANN.ru;
2024-01-01;ZOTTA.ru;
2024-01-01;ZPLN.ru;
2024-01-01;ZPOKER.ru;
2024-01-01;ZPTU.ru;
2024-01-01;ZRGU.ru;
2024-01-01;ZRLZ.ru;
2024-01-01;ZSAF.ru;
2024-01-01;ZSAFE.ru;
2024-01-01;ZSEL.ru;
2024-01-01;ZUBIKOVA.ru;
2024-01-01;ZUKAU.ru;
2024-01-01;ZUREV.ru;
2024-01-01;ZVALINAHINKALI.ru;
2024-01-01;ZVIU.ru;
2024-01-01;ZVONN.ru;
2024-01-01;ZVONNN.ru;
2024-01-01;ZVUKNACHAS.ru;
2024-01-01;ZVUKNADEN.ru;
2024-01-01;ZXCVBNNESTEROWA.ru;
2024-01-01;ZYABROV.ru;
2024-01-01;ZYBAREV.ru;
2024-01-01;ZYMOBIOMICS.ru;
2024-01-01;ZYMOLAB.ru;
2024-01-01;ZZME.ru;
2024-01-01;ZZYB.ru;
2024-01-02;000003.ru;
2024-01-02;00017.ru;
2024-01-02;000Q.ru;
2024-01-02;1-COOL-SCHOOL.ru;
2024-01-02;1000SKILLS.ru;
2024-01-02;100VENIKOV.ru;
2024-01-02;10SHKOLA.ru;
2024-01-02;111Q.ru;
2024-01-02;130488.ru;
2024-01-02;135429.ru;
2024-01-02;145372.ru;
2024-01-02;17711771.ru;
2024-01-02;18SOCTEST.ru;
2024-01-02;19BUS.ru;
2024-01-02;1AMD.ru;
2024-01-02;1XBET-BETTING-OBZOR.ru;
2024-01-02;1XBET-BETTING-PLATFORM.ru;
2024-01-02;1XBET-BK-OBZOR.ru;
2024-01-02;1XBET-OBZOR-BETTING.ru;
2024-01-02;1XBET-OBZOR-BK.ru;
2024-01-02;1XBET-PODROBNY-OBZOR.ru;
2024-01-02;1XBET-POLNY-OBZOR.ru;
2024-01-02;2022YA.ru;
2024-01-02;219846.ru;
2024-01-02;21GAME.ru;
2024-01-02;21PAUL.ru;
2024-01-02;222Q.ru;
2024-01-02;230923.ru;
2024-01-02;24HOLDING.ru;
2024-01-02;24PWK24.ru;
2024-01-02;24TIGLI.ru;
2024-01-02;259834.ru;
2024-01-02;261935.ru;
2024-01-02;27BUS.ru;
2024-01-02;2BARANA.ru;
2024-01-02;2BUSGO.ru;
2024-01-02;2GOBUS.ru;
2024-01-02;2STV.ru;
2024-01-02;3-LABS.ru;
2024-01-02;324760.ru;
2024-01-02;333Q.ru;
2024-01-02;34-7.ru;
2024-01-02;365SCORE.ru;
2024-01-02;369124.ru;
2024-01-02;369Q.ru;
2024-01-02;389501.ru;
2024-01-02;392651.ru;
2024-01-02;3HDPCJD3B8L3.ru;
2024-01-02;40BUS.ru;
2024-01-02;427935.ru;
2024-01-02;444Q.ru;
2024-01-02;478201.ru;
2024-01-02;478215.ru;
2024-01-02;483079.ru;
2024-01-02;4TDOCKER.ru;
2024-01-02;53704884.ru;
2024-01-02;555Q.ru;
2024-01-02;55PODARKOV.ru;
2024-01-02;57BUS.ru;
2024-01-02;58-GRUZOVIKOV.ru;
2024-01-02;58SOCTEST.ru;
2024-01-02;666Q.ru;
2024-01-02;68BUS.ru;
2024-01-02;702314.ru;
2024-01-02;70777.ru;
2024-01-02;72SOCTEST.ru;
2024-01-02;777Q.ru;
2024-01-02;785123.ru;
2024-01-02;798346.ru;
2024-01-02;808SCORE.ru;
2024-01-02;864935.ru;
2024-01-02;875995.ru;
2024-01-02;89256009797.ru;
2024-01-02;897652.ru;
2024-01-02;968514.ru;
2024-01-02;978612.ru;
2024-01-02;999Q.ru;
2024-01-02;9ATMOSPHERE.ru;
2024-01-02;A-PRONKO.ru;
2024-01-02;A1330105.ru;
2024-01-02;AAK87.ru;
2024-01-02;AAODEGOV.ru;
2024-01-02;AARABADZHI.ru;
2024-01-02;ABSOLUTELY-HALAL.ru;
2024-01-02;ACCOUNTSELL.ru;
2024-01-02;ACHYLOW.ru;
2024-01-02;ACTIVESEO.ru;
2024-01-02;ACUPR.ru;
2024-01-02;ADSERM.ru;
2024-01-02;ADVIAR.ru;
2024-01-02;ADZHIGARDAK-TRAVEL.ru;
2024-01-02;AERO-L4D.ru;
2024-01-02;AFFINAGE-BAND.ru;
2024-01-02;AFORIZMY-CITATY.ru;
2024-01-02;AGORNOSTAY.ru;
2024-01-02;AGRO-TRACK.ru;
2024-01-02;AGROSTEK.ru;
2024-01-02;AGUSH06.ru;
2024-01-02;AIR-RUN.ru;
2024-01-02;AIZNER.ru;
2024-01-02;AKKUMULYATORNAYA-PILA.ru;
2024-01-02;ALABAMAHEALTHACREDITION.ru;
2024-01-02;ALENA-LUKINA.ru;
2024-01-02;ALENABARSUKOVA.ru;
2024-01-02;ALENAKOSINOVAPH.ru;
2024-01-02;ALEX-LEV.ru;
2024-01-02;ALEXANDRKV.ru;
2024-01-02;ALEXEYVASUTIN.ru;
2024-01-02;ALEXS-PHOTO.ru;
2024-01-02;ALEXSAR2008.ru;
2024-01-02;ALEXSLZNVA.ru;
2024-01-02;ALFAMLM.ru;
2024-01-02;ALFAONLAIN.ru;
2024-01-02;ALGORITHMER.ru;
2024-01-02;ALIKINAYA.ru;
2024-01-02;ALIM071.ru;
2024-01-02;ALKOOZON.ru;
2024-01-02;ALLIGATOORSERVICE.ru;
2024-01-02;AMG-BRAKES.ru;
2024-01-02;AMGBRAKES.ru;
2024-01-02;AMLON.ru;
2024-01-02;AMOSOV-VIKTOR.ru;
2024-01-02;ANALIZ-BK-1XBET.ru;
2024-01-02;ANDREI-BOROVKOV.ru;
2024-01-02;ANDREYMAY.ru;
2024-01-02;ANDRONIEVSKAYA.ru;
2024-01-02;ANIMAHEALING.ru;
2024-01-02;ANKER-M.ru;
2024-01-02;ANN-YNDX.ru;
2024-01-02;ANTON-NESTERENKO.ru;
2024-01-02;ANTONI-PLATONOV.ru;
2024-01-02;ANVARKASIMOV.ru;
2024-01-02;AORSHLET.ru;
2024-01-02;APICHATGPT.ru;
2024-01-02;APOSTOLPROJECT.ru;
2024-01-02;APRILVI.ru;
2024-01-02;ARCHITECTSCHOOL23.ru;
2024-01-02;ARHKIP.ru;
2024-01-02;ARISTARKHOVSKY.ru;
2024-01-02;ARMAVIRSKAYA.ru;
2024-01-02;ARMYHUB.ru;
2024-01-02;AROMA-RAY.ru;
2024-01-02;AROMATPLANET.ru;
2024-01-02;ARSHIELD.ru;
2024-01-02;ART-RASKRASKI.ru;
2024-01-02;ART-SEMYANOVA.ru;
2024-01-02;ARTEFFACT.ru;
2024-01-02;ARTEL-SAKHALIN.ru;
2024-01-02;ARTEMIY-VISHKOV.ru;
2024-01-02;ARTIFLANG.ru;
2024-01-02;ARTOFROUTINE.ru;
2024-01-02;ARWASTYLE.ru;
2024-01-02;ARZ-SOMERTON.ru;
2024-01-02;ARZ-SPECTER.ru;
2024-01-02;ASANBEK.ru;
2024-01-02;ASHLEPKOV.ru;
2024-01-02;ASIDORKO.ru;
2024-01-02;ASIEN-RUS.ru;
2024-01-02;ASKME13.ru;
2024-01-02;ASKOZHARIN.ru;
2024-01-02;ASKVCHICAGO.ru;
2024-01-02;ASLAIV.ru;
2024-01-02;ASLAYA-ASD.ru;
2024-01-02;ASLIF.ru;
2024-01-02;ASLIFI.ru;
2024-01-02;ASMALIKOV.ru;
2024-01-02;ASMODEUSDSGN.ru;
2024-01-02;ASSENIZATORK.ru;
2024-01-02;ASTRADAMSKIY.ru;
2024-01-02;ASTRADAMSKY.ru;
2024-01-02;ASUBP.ru;
2024-01-02;ASYMPUS.ru;
2024-01-02;ATAMAN-PRO.ru;
2024-01-02;ATERZI.ru;
2024-01-02;ATLTEX.ru;
2024-01-02;ATMA-HOME.ru;
2024-01-02;ATRIAPROM.ru;
2024-01-02;ATTIQU.ru;
2024-01-02;AUGA77.ru;
2024-01-02;AULJANIN.ru;
2024-01-02;AUTHOR-TODAY.ru;
2024-01-02;AUTOCENTRO.ru;
2024-01-02;AUTOR-TODAY.ru;
2024-01-02;AUTORTUDAY.ru;
2024-01-02;AV4S59VASILIEV.ru;
2024-01-02;AVIA-LINK.ru;
2024-01-02;AVITO-RABOTA-V-TYUMENI.ru;
2024-01-02;AVRAR.ru;
2024-01-02;AVTARKEA.ru;
2024-01-02;AVTOKOCHKA.ru;
2024-01-02;AVTOR-TODAY.ru;
2024-01-02;AVTORTUDAY.ru;
2024-01-02;AWKWERD.ru;
2024-01-02;AYANDEX.ru;
2024-01-02;AZINO-MOBAIL.ru;
2024-01-02;AZINO-MOBILE777.ru;
2024-01-02;AZINO777MOB.ru;
2024-01-02;AZINOMO.ru;
2024-01-02;AZINOMO-BILE.ru;
2024-01-02;AZINOMOBAIL-57.ru;
2024-01-02;AZINOMOBI.ru;
2024-01-02;AZINOMOBIL777.ru;
2024-01-02;AZINOMOBILA.ru;
2024-01-02;AZVER.ru;
2024-01-02;BABRUKEVITCH.ru;
2024-01-02;BADINOV.ru;
2024-01-02;BADKAZANOVA.ru;
2024-01-02;BAGSIMEBEL.ru;
2024-01-02;BAIDU07.ru;
2024-01-02;BALABANOVAZAKON.ru;
2024-01-02;BALANDIN-1.ru;
2024-01-02;BARINOVATATYANA.ru;
2024-01-02;BAS-GOV.ru;
2024-01-02;BAS13.ru;
2024-01-02;BAS57.ru;
2024-01-02;BAS62.ru;
2024-01-02;BASGOV.ru;
2024-01-02;BASTIME.ru;
2024-01-02;BAYDRATKA.ru;
2024-01-02;BBS-GAY.ru;
2024-01-02;BEELANDS.ru;
2024-01-02;BEIGEONLINE.ru;
2024-01-02;BELART-HOUSE.ru;
2024-01-02;BELARUS-KLINKER.ru;
2024-01-02;BELYALEV.ru;
2024-01-02;BENEFITMART.ru;
2024-01-02;BERKALIEV.ru;
2024-01-02;BERSMAX.ru;
2024-01-02;BERYBSONV.ru;
2024-01-02;BESTCEN.ru;
2024-01-02;BETTING-PLATFORM-1XBET.ru;
2024-01-02;BEZ-DOLGA2024.ru;
2024-01-02;BEZOPASNOST39.ru;
2024-01-02;BGRIEF.ru;
2024-01-02;BIGBOOKNAME.ru;
2024-01-02;BIRDSBOOK.ru;
2024-01-02;BIZ-1.ru;
2024-01-02;BIZSTANDUP.ru;
2024-01-02;BK-1XBET-ANALIZ.ru;
2024-01-02;BK-1XBET-PODROBNY-OBZOR.ru;
2024-01-02;BKUCHKAROV.ru;
2024-01-02;BL-FX.ru;
2024-01-02;BLALEX.ru;
2024-01-02;BLOCKSTRIKEPRIVATEDATABASE.ru;
2024-01-02;BLVCKONLY.ru;
2024-01-02;BOBCOCCER.ru;
2024-01-02;BOBER-SHOP.ru;
2024-01-02;BOBSOCER.ru;
2024-01-02;BOGATIRTAIGI.ru;
2024-01-02;BOGDANOV-DESIGN.ru;
2024-01-02;BOLSHOYAFANASEVSKIY.ru;
2024-01-02;BOOKDUG.ru;
2024-01-02;BOOKVOEGKA.ru;
2024-01-02;BOOSTIME.ru;
2024-01-02;BORATOKKI.ru;
2024-01-02;BOVIBOT.ru;
2024-01-02;BOXBERRY-DELIVER.ru;
2024-01-02;BOXBERRY-TRACKING.ru;
2024-01-02;BREMENSKIEMUZYKANTY.ru;
2024-01-02;BREND-NEW.ru;
2024-01-02;BRISTMANY.ru;
2024-01-02;BRK-SHOP.ru;
2024-01-02;BROKER-MONEY24.ru;
2024-01-02;BUDILNIK-KHV.ru;
2024-01-02;BUDZETNO.ru;
2024-01-02;BUDZHETNO.ru;
2024-01-02;BUNNIDUFFI.ru;
2024-01-02;BUNNYPOST.ru;
2024-01-02;BUROBUH.ru;
2024-01-02;BUS-13.ru;
2024-01-02;BUS-57.ru;
2024-01-02;BUS-62.ru;
2024-01-02;BUSTAIM.ru;
2024-01-02;BUTUSHIN.ru;
2024-01-02;CADAVREA.ru;
2024-01-02;CAMERIT.ru;
2024-01-02;CANISTERA.ru;
2024-01-02;CAR-MOS.ru;
2024-01-02;CARANFEREN.ru;
2024-01-02;CARD-HOLDER.ru;
2024-01-02;CARPTAMAN.ru;
2024-01-02;CARTELKZN.ru;
2024-01-02;CASHMC.ru;
2024-01-02;CASTLEVANIA.ru;
2024-01-02;CATALOG-MRAMOR.ru;
2024-01-02;CDEK-OPLATA24.ru;
2024-01-02;CDNSSD.ru;
2024-01-02;CE-PE-RA1.ru;
2024-01-02;CENTR-DES.ru;
2024-01-02;CENTRALHIVE.ru;
2024-01-02;CHAINAUTO.ru;
2024-01-02;CHANDRACHILD.ru;
2024-01-02;CHAOSKING.ru;
2024-01-02;CHEER-PORTAL.ru;
2024-01-02;CHELKASSY.ru;
2024-01-02;CHERVI-ATYRAU.ru;
2024-01-02;CHERVI-URALSK.ru;
2024-01-02;CHESNYK-1.ru;
2024-01-02;CHETVERIKOS.ru;
2024-01-02;CHIDIP.ru;
2024-01-02;CHIPDEEP.ru;
2024-01-02;CHOCOPOLIYA.ru;
2024-01-02;CHONET.ru;
2024-01-02;CHUISHEVCREATIVE.ru;
2024-01-02;CHVOSTOK.ru;
2024-01-02;CLEANCLINIC118.ru;
2024-01-02;CLICKPROMARKET.ru;
2024-01-02;CLICKSA.ru;
2024-01-02;CLOUDBX.ru;
2024-01-02;COCO38.ru;
2024-01-02;COCTEST.ru;
2024-01-02;CODINGSTUDIO.ru;
2024-01-02;COLLECTIONNS.ru;
2024-01-02;COLORLAMB.ru;
2024-01-02;COMPANYID.ru;
2024-01-02;COMTEL-STROY.ru;
2024-01-02;CONTROLER-BOT.ru;
2024-01-02;CONTROLSERVIS.ru;
2024-01-02;COPROEMO.ru;
2024-01-02;CORONATIME.ru;
2024-01-02;CRIPTO777.ru;
2024-01-02;CROWDIP.ru;
2024-01-02;CUBE-ZHK.ru;
2024-01-02;CUCKOOO.ru;
2024-01-02;CUTEMARKET.ru;
2024-01-02;DA-PAOLO.ru;
2024-01-02;DAMAMAM.ru;
2024-01-02;DANGANRONPA.ru;
2024-01-02;DANIL-SMETANIN.ru;
2024-01-02;DANNYKOOPA.ru;
2024-01-02;DAPAOLO.ru;
2024-01-02;DAPPRADAR24.ru;
2024-01-02;DARIAEMACS.ru;
2024-01-02;DARKCRYSTALRAT.ru;
2024-01-02;DATEINPLACE.ru;
2024-01-02;DATETODATE.ru;
2024-01-02;DATEVERYDAY.ru;
2024-01-02;DATINCE.ru;
2024-01-02;DATINGPOISK.ru;
2024-01-02;DATINPLACE.ru;
2024-01-02;DAVILKIRIMOVA.ru;
2024-01-02;DAVLENIEINFO.ru;
2024-01-02;DBELIKIN.ru;
2024-01-02;DCHUKANOV.ru;
2024-01-02;DDTSATABULL.ru;
2024-01-02;DDVORNIKOV.ru;
2024-01-02;DEATHLOST.ru;
2024-01-02;DED200LET.ru;
2024-01-02;DEEPLEASING.ru;
2024-01-02;DELPOINT.ru;
2024-01-02;DEREVO2000.ru;
2024-01-02;DETGIZ.ru;
2024-01-02;DETIKOD.ru;
2024-01-02;DETSKAYAULIBKA.ru;
2024-01-02;DEVDESK.ru;
2024-01-02;DGATIATULIN.ru;
2024-01-02;DIAGRAM-SHOP.ru;
2024-01-02;DICKSLEEP.ru;
2024-01-02;DIDENKO-LANA.ru;
2024-01-02;DIGORD.ru;
2024-01-02;DILETANTES.ru;
2024-01-02;DIRIDIBLE.ru;
2024-01-02;DIS-LIS.ru;
2024-01-02;DIWATER.ru;
2024-01-02;DKURASHIN.ru;
2024-01-02;DKYZNTSOV.ru;
2024-01-02;DMITRI-IV.ru;
2024-01-02;DMYARKO.ru;
2024-01-02;DOBROEVREM.ru;
2024-01-02;DOCTOR-OCHERETNY.ru;
2024-01-02;DOCTORKSE.ru;
2024-01-02;DOMIK-39.ru;
2024-01-02;DOMSIV.ru;
2024-01-02;DOOSK.ru;
2024-01-02;DOTTOKA.ru;
2024-01-02;DP-ZELEZYKA.ru;
2024-01-02;DR-REVAZ.ru;
2024-01-02;DRAINMOON.ru;
2024-01-02;DRIFTCHAMPIONSCHOOL.ru;
2024-01-02;DRON10.ru;
2024-01-02;DYWOOS.ru;
2024-01-02;DZHULIETTE.ru;
2024-01-02;E-FOMENKO.ru;
2024-01-02;E-MAILSENDER.ru;
2024-01-02;E-SHOP1.ru;
2024-01-02;EALPEEV.ru;
2024-01-02;EASTBAND.ru;
2024-01-02;EASTLEAD.ru;
2024-01-02;EDAREG.ru;
2024-01-02;EDNBOX.ru;
2024-01-02;EDUGONN.ru;
2024-01-02;EDUGOUN.ru;
2024-01-02;EDUTATNEFT.ru;
2024-01-02;EFTGMOD.ru;
2024-01-02;EGIMRANOVA.ru;
2024-01-02;EGLUSHKO.ru;
2024-01-02;EGORDA.ru;
2024-01-02;EGORKA22.ru;
2024-01-02;EIWI.ru;
2024-01-02;EJAJA.ru;
2024-01-02;EKASUMOVA.ru;
2024-01-02;ELECTECHGURU.ru;
2024-01-02;ELECTRO-INSTRUMENTI.ru;
2024-01-02;ELEKTROLABA.ru;
2024-01-02;ELENA-TARO.ru;
2024-01-02;ELENANOSOVA.ru;
2024-01-02;ELENAPICHUGINA.ru;
2024-01-02;EMICADRE.ru;
2024-01-02;EMILMURSAKAEV.ru;
2024-01-02;ENVIRORUS.ru;
2024-01-02;EPOLADOV.ru;
2024-01-02;EQUALSTART.ru;
2024-01-02;ERMOLAEVA-MIC.ru;
2024-01-02;EROSHENKOPM.ru;
2024-01-02;ESATAEVA.ru;
2024-01-02;ESCAPE-WORLD.ru;
2024-01-02;ESPRIMO-DEV.ru;
2024-01-02;ETOMIA.ru;
2024-01-02;ETUBOLTSEVA.ru;
2024-01-02;EUGENIASOUL.ru;
2024-01-02;EVAKUATORSIM.ru;
2024-01-02;EVGEN75ONE.ru;
2024-01-02;EXCAVAT-PARTS.ru;
2024-01-02;EXCAVATPARTS.ru;
2024-01-02;EXCAVATTOR.ru;
2024-01-02;EXNOMODE.ru;
2024-01-02;EXPENLY.ru;
2024-01-02;EXPERT-LAWYERS.ru;
2024-01-02;EXPOREKLAMA.ru;
2024-01-02;EXPRAITING.ru;
2024-01-02;EXPRESS-AUTO-SELF-SERVICE.ru;
2024-01-02;EZAIDI.ru;
2024-01-02;EZID55.ru;
2024-01-02;EZRUST.ru;
2024-01-02;FAIRY-HOME.ru;
2024-01-02;FAMIPRO.ru;
2024-01-02;FANA1K.ru;
2024-01-02;FANAT1.ru;
2024-01-02;FARFOR62.ru;
2024-01-02;FASHIONHANDBAG.ru;
2024-01-02;FAST-METALL.ru;
2024-01-02;FEDORPUPKOV.ru;
2024-01-02;FEKLUNK.ru;
2024-01-02;FETSIDE.ru;
2024-01-02;FG-RESHEDU.ru;
2024-01-02;FIASHSCORE.ru;
2024-01-02;FILE-MANAGERS.ru;
2024-01-02;FILE-TRANSFER.ru;
2024-01-02;FILL1AND.ru;
2024-01-02;FILLMENT.ru;
2024-01-02;FILMENTPRO.ru;
2024-01-02;FILMIX-PRO.ru;
2024-01-02;FINANS-CREDIT24.ru;
2024-01-02;FISHTAMAN.ru;
2024-01-02;FKPR.ru;
2024-01-02;FLACHSCORE.ru;
2024-01-02;FLASHSKORE.ru;
2024-01-02;FLESHCORE.ru;
2024-01-02;FLESHSCORE.ru;
2024-01-02;FLNR.ru;
2024-01-02;FLORAGENET.ru;
2024-01-02;FLYINE.ru;
2024-01-02;FOKUS-FOTO.ru;
2024-01-02;FORYKIN.ru;
2024-01-02;FOUNDATIVE.ru;
2024-01-02;FR3E-VERIFY-G1FT-2024.ru;
2024-01-02;FREEBLOG24.ru;
2024-01-02;FRESH-OZON.ru;
2024-01-02;FRIENDSHIPTEST.ru;
2024-01-02;FROLENKOVA-EK.ru;
2024-01-02;FROLOW3W4NY.ru;
2024-01-02;FRUIT-CR-BL.ru;
2024-01-02;FUJICAR-VIDEO.ru;
2024-01-02;FUNI-X.ru;
2024-01-02;FUNNYHOSTER.ru;
2024-01-02;FZBANKROT.ru;
2024-01-02;GAMAKOVSHNUR.ru;
2024-01-02;GAME-JOKER.ru;
2024-01-02;GAMINGER.ru;
2024-01-02;GARMANOVASURGERY.ru;
2024-01-02;GAZOVAYA-PANEL.ru;
2024-01-02;GBYRITUAL.ru;
2024-01-02;GDISLAB.ru;
2024-01-02;GDPSHELPER.ru;
2024-01-02;GEMOHEIP.ru;
2024-01-02;GEOKULT.ru;
2024-01-02;GEOLOGDV.ru;
2024-01-02;GEOOPEN.ru;
2024-01-02;GEORGIYVARAKSIN.ru;
2024-01-02;GERMANAUTOPARTS.ru;
2024-01-02;GET-ZAP.ru;
2024-01-02;GHOGOV.ru;
2024-01-02;GIFTHELP.ru;
2024-01-02;GILVANOVA16.ru;
2024-01-02;GJCAM.ru;
2024-01-02;GLADUN-FAMILY.ru;
2024-01-02;GLAMPING-39.ru;
2024-01-02;GLBY.ru;
2024-01-02;GLOBALPHARMACYRUSSIA.ru;
2024-01-02;GLUTATHIONEMOSCOW.ru;
2024-01-02;GMAILY.ru;
2024-01-02;GMSDG.ru;
2024-01-02;GN39.ru;
2024-01-02;GO2BAS.ru;
2024-01-02;GOALPROJ.ru;
2024-01-02;GOALTECH.ru;
2024-01-02;GOOD-FIN-OFFERS.ru;
2024-01-02;GOOD-FINOFFERS.ru;
2024-01-02;GOTOBUS.ru;
2024-01-02;GPS21T.ru;
2024-01-02;GRANWCH.ru;
2024-01-02;GREGASHOP.ru;
2024-01-02;GRUZEVAK40.ru;
2024-01-02;GTAVIEW.ru;
2024-01-02;HAMIE.ru;
2024-01-02;HANDOKHYDRAULIC.ru;
2024-01-02;HAPPYHABITS.ru;
2024-01-02;HAPROV.ru;
2024-01-02;HATEBLUE.ru;
2024-01-02;HEDHANTER-TYUMEN.ru;
2024-01-02;HEDUS.ru;
2024-01-02;HELPSUD.ru;
2024-01-02;HEMOHELP.ru;
2024-01-02;HEXETH.ru;
2024-01-02;HH-RU-TYUMEN.ru;
2024-01-02;HH-TYUMEN.ru;
2024-01-02;HILL-666.ru;
2024-01-02;HIPDIP.ru;
2024-01-02;HITJOK.ru;
2024-01-02;HOLLISHOP.ru;
2024-01-02;HOLLYHOP.ru;
2024-01-02;HOLODOV10.ru;
2024-01-02;HOLOP-2-HD.ru;
2024-01-02;HOLOP2023.ru;
2024-01-02;HOLOP2H.ru;
2024-01-02;HOLOP2HD.ru;
2024-01-02;HOLOP2L.ru;
2024-01-02;HOLOP2O.ru;
2024-01-02;HOLOPE2.ru;
2024-01-02;HOLOPI2.ru;
2024-01-02;HOLOPP-2.ru;
2024-01-02;HOLOPP2.ru;
2024-01-02;HOME-MARKETS.ru;
2024-01-02;HOMEYANDEX.ru;
2024-01-02;HOROSHIJ-SEKS.ru;
2024-01-02;HRIK.ru;
2024-01-02;HUBCONTROL.ru;
2024-01-02;HUBSIGN.ru;
2024-01-02;HVACSTUDIO.ru;
2024-01-02;HVE365.ru;
2024-01-02;HYLIME.ru;
2024-01-02;I-GOB.ru;
2024-01-02;I-GOD.ru;
2024-01-02;I-LOVE-READ.ru;
2024-01-02;I-TDM.ru;
2024-01-02;ICLCK.ru;
2024-01-02;ID04021.ru;
2024-01-02;ID04064.ru;
2024-01-02;ID244.ru;
2024-01-02;ID58055.ru;
2024-01-02;ID58056.ru;
2024-01-02;ID58057.ru;
2024-01-02;ID58058.ru;
2024-01-02;ID5929.ru;
2024-01-02;ID5931.ru;
2024-01-02;IDOBRODOMOV.ru;
2024-01-02;IGASTAVOK.ru;
2024-01-02;IGORMELEHIN.ru;
2024-01-02;IJOD.ru;
2024-01-02;IKARMEDIA.ru;
2024-01-02;IKO-IKO.ru;
2024-01-02;ILINYX-98.ru;
2024-01-02;ILOVE-READ.ru;
2024-01-02;IMAGEBIZ.ru;
2024-01-02;IMBIR-LIFE.ru;
2024-01-02;IMBIRLIFE.ru;
2024-01-02;IMOYSEYUK.ru;
2024-01-02;IMPATRIATION.ru;
2024-01-02;IMPERIUMARKETING.ru;
2024-01-02;IMPERIUMMARKETING.ru;
2024-01-02;INFOCOURSE-HUB.ru;
2024-01-02;INFOHOLDING.ru;
2024-01-02;INFORMLEDY.ru;
2024-01-02;INGENSTROY.ru;
2024-01-02;INGOMOBILE.ru;
2024-01-02;INHUDE.ru;
2024-01-02;INLOVEPH.ru;
2024-01-02;INSTAHARAM.ru;
2024-01-02;INSTAKHERAM.ru;
2024-01-02;INSTAKHRAM.ru;
2024-01-02;INTELLITHR.ru;
2024-01-02;INTERNATIONAL-SPACE-REPUBLIC.ru;
2024-01-02;INVINTRO.ru;
2024-01-02;INYAKHIN.ru;
2024-01-02;IOIOO.ru;
2024-01-02;IOLOO.ru;
2024-01-02;IRALAIK.ru;
2024-01-02;IRINA4515.ru;
2024-01-02;IRPETROV.ru;
2024-01-02;IRZNV.ru;
2024-01-02;ISAKOV-PHOTO.ru;
2024-01-02;ISTANBULLIFE.ru;
2024-01-02;IT0N.ru;
2024-01-02;IVANABABUSHKINA.ru;
2024-01-02;IVANOFFDEM.ru;
2024-01-02;IVANRUSAK.ru;
2024-01-02;IVANTABAKOV.ru;
2024-01-02;IVEBALL.ru;
2024-01-02;J4TWO.ru;
2024-01-02;JACNIA.ru;
2024-01-02;JIGME.ru;
2024-01-02;JOHNNY-CUPCAKE.ru;
2024-01-02;JOHNNYCUPCAKE.ru;
2024-01-02;JOLOO.ru;
2024-01-02;JU-OZEROVA.ru;
2024-01-02;JUDUJUD.ru;
2024-01-02;JULIETSLAB.ru;
2024-01-02;JULYA-JULIAOVSA17.ru;
2024-01-02;JUST4TWO.ru;
2024-01-02;K511.ru;
2024-01-02;KAKFM.ru;
2024-01-02;KAKTUS-RU.ru;
2024-01-02;KARAULOVA-1.ru;
2024-01-02;KARAVAN-7.ru;
2024-01-02;KARDOPOL.ru;
2024-01-02;KARTHOLDER.ru;
2024-01-02;KASSYR.ru;
2024-01-02;KATALYMA.ru;
2024-01-02;KATEWEBDEV.ru;
2024-01-02;KATRINE-SH.ru;
2024-01-02;KAVKA-TSR.ru;
2024-01-02;KAVKAZSKIE-GORY.ru;
2024-01-02;KAVKAZSKIEGORY.ru;
2024-01-02;KAZBANKS.ru;
2024-01-02;KCDIM.ru;
2024-01-02;KEFIRKU196.ru;
2024-01-02;KETTU-RUSSIA.ru;
2024-01-02;KGRIDNEV.ru;
2024-01-02;KHAYYAT.ru;
2024-01-02;KINDFAMILY.ru;
2024-01-02;KINO-BADI.ru;
2024-01-02;KINO-EXCHANGE.ru;
2024-01-02;KINOBADI-BIZ.ru;
2024-01-02;KINOBADY.ru;
2024-01-02;KINOBARS.ru;
2024-01-02;KINOEXCHANGE.ru;
2024-01-02;KINOFORCE.ru;
2024-01-02;KINOGOONE.ru;
2024-01-02;KINOZAL-APPSPOT.ru;
2024-01-02;KITCHEN-STORY.ru;
2024-01-02;KIVANS.ru;
2024-01-02;KKUR.ru;
2024-01-02;KLAKOVSKY.ru;
2024-01-02;KLLSTS.ru;
2024-01-02;KNYAZMIHAIL.ru;
2024-01-02;KOKORINAPRO.ru;
2024-01-02;KOLESNIKPSY.ru;
2024-01-02;KONDAKOVDN.ru;
2024-01-02;KOST83.ru;
2024-01-02;KOST93.ru;
2024-01-02;KOSTIKVENTO.ru;
2024-01-02;KOVALYOVDENIS.ru;
2024-01-02;KPKUZMINSKOE.ru;
2024-01-02;KRIMINALS-TEAMZ.ru;
2024-01-02;KRITICHESKOE-MYSHLENIE.ru;
2024-01-02;KRUG-MASTEROV.ru;
2024-01-02;KRYMSKAYA-VESNA.ru;
2024-01-02;KSENIA-JAKOVLEVA.ru;
2024-01-02;KSHILOV.ru;
2024-01-02;KULAKOVA-TOP.ru;
2024-01-02;KUPTSOVI.ru;
2024-01-02;KURIE7235.ru;
2024-01-02;KURIE7236.ru;
2024-01-02;KURIER7377.ru;
2024-01-02;KURIGOHAN0.ru;
2024-01-02;KURSACHI.ru;
2024-01-02;KVADRA4.ru;
2024-01-02;KVJTOK.ru;
2024-01-02;KZLEMON4IK.ru;
2024-01-02;LABIANA.ru;
2024-01-02;LAIVBALL.ru;
2024-01-02;LAPAPILLON.ru;
2024-01-02;LAPYDOBRA.ru;
2024-01-02;LAV661.ru;
2024-01-02;LAVEBALL.ru;
2024-01-02;LAYOU.ru;
2024-01-02;LAZERPRIME.ru;
2024-01-02;LEAD-TEH.ru;
2024-01-02;LEADGIN.ru;
2024-01-02;LEKSIY27IVANOV.ru;
2024-01-02;LESKRIPLE.ru;
2024-01-02;LESTA-PRIZE.ru;
2024-01-02;LEVCHANSKY.ru;
2024-01-02;LEVEBALL.ru;
2024-01-02;LIASTAVOK.ru;
2024-01-02;LIBEBALL.ru;
2024-01-02;LIBRUSSIA.ru;
2024-01-02;LICHES.ru;
2024-01-02;LIFE-SKILL.ru;
2024-01-02;LIFEFUCK.ru;
2024-01-02;LIGASAVOK.ru;
2024-01-02;LIGASTAOK.ru;
2024-01-02;LIGASTAWOK.ru;
2024-01-02;LIGASTVOK.ru;
2024-01-02;LIGATAVOK.ru;
2024-01-02;LINKCO07.ru;
2024-01-02;LITMARKER.ru;
2024-01-02;LITMARKT.ru;
2024-01-02;LITSRV.ru;
2024-01-02;LIVABALL.ru;
2024-01-02;LIVBAL.ru;
2024-01-02;LIVBALL.ru;
2024-01-02;LIVBOL.ru;
2024-01-02;LIVEALL.ru;
2024-01-02;LIVEBAII.ru;
2024-01-02;LIVEBALLS.ru;
2024-01-02;LIVERESALT.ru;
2024-01-02;LIVESPORTS808.ru;
2024-01-02;LIVIBALL.ru;
2024-01-02;LIVSCORE.ru;
2024-01-02;LKTATNEFT.ru;
2024-01-02;LKUR.ru;
2024-01-02;LLVETV.ru;
2024-01-02;LOBMYS.ru;
2024-01-02;LOBPR.ru;
2024-01-02;LOGCOMSIB.ru;
2024-01-02;LOGIC-CUBE.ru;
2024-01-02;LOGOERA.ru;
2024-01-02;LOIOO.ru;
2024-01-02;LOKANTASI.ru;
2024-01-02;LOLII.ru;
2024-01-02;LOLOOO.ru;
2024-01-02;LONDON-BUS.ru;
2024-01-02;LONG-STYLE.ru;
2024-01-02;LORENTCRAFT.ru;
2024-01-02;LOSHKAREVS.ru;
2024-01-02;LOVE-READ.ru;
2024-01-02;LOVE-TALKS.ru;
2024-01-02;LOVEMEPLEASE.ru;
2024-01-02;LOVERKISS.ru;
2024-01-02;LOVESTEP.ru;
2024-01-02;LOVSITE.ru;
2024-01-02;LTD-OPT.ru;
2024-01-02;LUCKYJETGAMES.ru;
2024-01-02;LUXGLOW.ru;
2024-01-02;LYONE.ru;
2024-01-02;LYTIMA.ru;
2024-01-02;LYUBOTRAVEL.ru;
2024-01-02;LZT-MARKET.ru;
2024-01-02;LZTMARKET.ru;
2024-01-02;M-SCURATOV.ru;
2024-01-02;MADTEACHER.ru;
2024-01-02;MAISKOR.ru;
2024-01-02;MAISKORE.ru;
2024-01-02;MAKILROYGARAGE.ru;
2024-01-02;MAKRASHENINNIKOVA.ru;
2024-01-02;MALAYA-NIKITSKAYA.ru;
2024-01-02;MALAYANIKITSKAYA.ru;
2024-01-02;MALUGI.ru;
2024-01-02;MAMMY-LOVE.ru;
2024-01-02;MARIAYUGAI.ru;
2024-01-02;MARILYNF.ru;
2024-01-02;MARINA-VERS.ru;
2024-01-02;MARKSISTSKAYA38.ru;
2024-01-02;MASKEDLOVE.ru;
2024-01-02;MATCHDATING.ru;
2024-01-02;MATH02.ru;
2024-01-02;MAXIM324543-1.ru;
2024-01-02;MAYBOX.ru;
2024-01-02;MAYSKORE.ru;
2024-01-02;MCPOMO.ru;
2024-01-02;MCPROM.ru;
2024-01-02;MCPRONO.ru;
2024-01-02;MCROMO.ru;
2024-01-02;ME28SB.ru;
2024-01-02;MEADVED.ru;
2024-01-02;MEBELI-RAZBORKA.ru;
2024-01-02;MEBELMONOLLA.ru;
2024-01-02;MEDUZAMEDIA.ru;
2024-01-02;MEETLOVER.ru;
2024-01-02;MENDOX.ru;
2024-01-02;MENTALDRISTACTION.ru;
2024-01-02;MERCILESSLY.ru;
2024-01-02;MERILINMONRO.ru;
2024-01-02;MESTOHOME.ru;
2024-01-02;METAFORICAL-SAMARA.ru;
2024-01-02;METAL68.ru;
2024-01-02;METALL-PROF55.ru;
2024-01-02;METALLCONSTRUKT.ru;
2024-01-02;METRILAB.ru;
2024-01-02;MIFTAHOV-7.ru;
2024-01-02;MIKHAILZENKIN.ru;
2024-01-02;MIKHAILZEVAKIN.ru;
2024-01-02;MIKHALEVY.ru;
2024-01-02;MILAVETSA.ru;
2024-01-02;MILIWAY.ru;
2024-01-02;MINDOMO.ru;
2024-01-02;MINNESOTA-RP.ru;
2024-01-02;MINUS21GRAMS-REPO.ru;
2024-01-02;MIRACLEVPN.ru;
2024-01-02;MIRAISMM.ru;
2024-01-02;MIRONOVHAND.ru;
2024-01-02;MIRTETRIKS.ru;
2024-01-02;MISA-INTERFACE.ru;
2024-01-02;MISCORE.ru;
2024-01-02;MISKIT.ru;
2024-01-02;MIT1A.ru;
2024-01-02;MITAY-S.ru;
2024-01-02;MJAGKOVA.ru;
2024-01-02;MKPROMO.ru;
2024-01-02;MKRASHENINNIKOVA.ru;
2024-01-02;MLYKOVA.ru;
2024-01-02;MM-NG.ru;
2024-01-02;MMA233.ru;
2024-01-02;MMMMVVVV.ru;
2024-01-02;MOAYAD.ru;
2024-01-02;MOB-PJ.ru;
2024-01-02;MOBAZINO.ru;
2024-01-02;MOBILAZINO.ru;
2024-01-02;MOBILEAZINO777.ru;
2024-01-02;MOBILECYBERSPORTS.ru;
2024-01-02;MOBISOV.ru;
2024-01-02;MOLUKOV.ru;
2024-01-02;MONEYDYNAMICS.ru;
2024-01-02;MONTAZHSANTEHNIKI.ru;
2024-01-02;MOOI-VOZROJDENIE.ru;
2024-01-02;MOREDIZAYNA.ru;
2024-01-02;MOREZVUKOV.ru;
2024-01-02;MOSCOW-WEBSTUDIO.ru;
2024-01-02;MOSREGRU.ru;
2024-01-02;MOSTBET-POLNY-OBZOR.ru;
2024-01-02;MOSTBET-PREIMUDHESTVA-OBZOR.ru;
2024-01-02;MOSTBET-PREIMUSHESTVA-OBZOR.ru;
2024-01-02;MOVOTO.ru;
2024-01-02;MOZGOVITOV.ru;
2024-01-02;MPBUB.ru;
2024-01-02;MRAKE.ru;
2024-01-02;MRARAMZAMZAM.ru;
2024-01-02;MSAFR0N.ru;
2024-01-02;MSS-COMPANY.ru;
2024-01-02;MUDROGEN.ru;
2024-01-02;MUSEKEEPER.ru;
2024-01-02;MUSELYAN.ru;
2024-01-02;MUZHIK-MALL.ru;
2024-01-02;MUZHIK-MOLL.ru;
2024-01-02;MUZHIK3.ru;
2024-01-02;MUZHIKMALL.ru;
2024-01-02;MUZHIKMOLL.ru;
2024-01-02;MYASCORE.ru;
2024-01-02;MYBUBBLES.ru;
2024-01-02;MYDOMENN.ru;
2024-01-02;MYFABERLICLOVE.ru;
2024-01-02;MYFOOTBALLTOP.ru;
2024-01-02;MYKAVO.ru;
2024-01-02;MYOWNLINUXWAY.ru;
2024-01-02;MYRIADA.ru;
2024-01-02;MYSCOR.ru;
2024-01-02;MYSCOR3.ru;
2024-01-02;MYSCOREE.ru;
2024-01-02;MYTEHCOM.ru;
2024-01-02;N4ME.ru;
2024-01-02;NADEGDIN.ru;
2024-01-02;NADEJDIN.ru;
2024-01-02;NAGIMOVA-1.ru;
2024-01-02;NAHE-OTECHESTVO.ru;
2024-01-02;NAHMAD.ru;
2024-01-02;NALOG03.ru;
2024-01-02;NALOG86.ru;
2024-01-02;NAMEDWOLF.ru;
2024-01-02;NARASHIVANIE-VOLOS-TYUMEN.ru;
2024-01-02;NARODAPP.ru;
2024-01-02;NARODPOLIS.ru;
2024-01-02;NATALYA-SIDOROVA.ru;
2024-01-02;NAVKUSITSVET.ru;
2024-01-02;NAVODESHOP.ru;
2024-01-02;NDOSEEV.ru;
2024-01-02;NDSDIMAN.ru;
2024-01-02;NEDASHINO.ru;
2024-01-02;NEED4ME.ru;
2024-01-02;NEET-ALLIANCE.ru;
2024-01-02;NEONHALL.ru;
2024-01-02;NESH05.ru;
2024-01-02;NET-DOLGA2024.ru;
2024-01-02;NET-DOLGOV24.ru;
2024-01-02;NET-DOLZHEN2024.ru;
2024-01-02;NET-PLATEZHA24.ru;
2024-01-02;NETVIBE.ru;
2024-01-02;NEWS-SPACE.ru;
2024-01-02;NEWSSPORTBOX.ru;
2024-01-02;NINA-SOROKINA.ru;
2024-01-02;NK7389.ru;
2024-01-02;NKURASHEV.ru;
2024-01-02;NODEMARKETING.ru;
2024-01-02;NORTHWESTERNSTUDFARM.ru;
2024-01-02;NOTIONPROCLUB.ru;
2024-01-02;NOVEMBER13X2.ru;
2024-01-02;NOVINKI-NA-WILDBERRIES.ru;
2024-01-02;NOVOSTISROCHNO.ru;
2024-01-02;NPFVTB.ru;
2024-01-02;NPONOMARENKO.ru;
2024-01-02;NTWO.ru;
2024-01-02;NUNKNOWN.ru;
2024-01-02;NUVVANDA.ru;
2024-01-02;NVINNIKOV.ru;
2024-01-02;NYANFUS.ru;
2024-01-02;O-REBENKE.ru;
2024-01-02;OBEKASOVA.ru;
2024-01-02;OBZOR-BK-MOSTBET.ru;
2024-01-02;OBZOR-CASINO-MOST-BET.ru;
2024-01-02;OBZOR-MOST-BET-CASINO.ru;
2024-01-02;OBZOR-MOSTBET-BK.ru;
2024-01-02;OBZOR-MOSTBET-PREIMUDHESTVA.ru;
2024-01-02;OBZOR-MOSTBET-PREIMUSHESTVA.ru;
2024-01-02;OBZOR-POKER-1XBET.ru;
2024-01-02;OCENKA-SAMARA.ru;
2024-01-02;OCYFROVKA.ru;
2024-01-02;ODNORESHENIE.ru;
2024-01-02;OFD-ORD1630.ru;
2024-01-02;OFD-ORD1808.ru;
2024-01-02;OFD-ORD1956.ru;
2024-01-02;OFD-ORD4980.ru;
2024-01-02;OFD-ORD5308.ru;
2024-01-02;OFD-ORD5590.ru;
2024-01-02;OFD-ORD5868.ru;
2024-01-02;OFD-ORD6113.ru;
2024-01-02;OFD-ORD6189.ru;
2024-01-02;OGANESTRADER.ru;
2024-01-02;OKNO-GURU.ru;
2024-01-02;OKREK.ru;
2024-01-02;OLDHOMIGRAD.ru;
2024-01-02;OLEGSAN.ru;
2024-01-02;OLGA-HIT.ru;
2024-01-02;OLIVEBRANCHSHOP.ru;
2024-01-02;OME-TV.ru;
2024-01-02;OMECS.ru;
2024-01-02;ONELOVEHOBBY.ru;
2024-01-02;ONTAPE.ru;
2024-01-02;ONTAPE-DESIGN.ru;
2024-01-02;ONTAPE-EVENT.ru;
2024-01-02;ONTAPE-GAMING.ru;
2024-01-02;OPARINA-OPARINA.ru;
2024-01-02;OPEL030.ru;
2024-01-02;OPEN-CMS.ru;
2024-01-02;OPLATA7478.ru;
2024-01-02;OPLATA7479.ru;
2024-01-02;OPTOM-SIGARETY-SPB.ru;
2024-01-02;ORDER-4624.ru;
2024-01-02;ORDER0327.ru;
2024-01-02;ORDER7081.ru;
2024-01-02;ORELIUM.ru;
2024-01-02;ORION-IZH.ru;
2024-01-02;OTDELKA-22.ru;
2024-01-02;OTKROISVOIROT-RU.ru;
2024-01-02;OUBAITORIE.ru;
2024-01-02;OZONALKO.ru;
2024-01-02;OZONHAB.ru;
2024-01-02;OZONHD.ru;
2024-01-02;OZONKA.ru;
2024-01-02;P-COLD.ru;
2024-01-02;P-LUCKY.ru;
2024-01-02;PAHAN97V.ru;
2024-01-02;PAK1.ru;
2024-01-02;PAKCOLD.ru;
2024-01-02;PANSIONATAIST.ru;
2024-01-02;PARKOLOVO-DOM.ru;
2024-01-02;PATTAYA365.ru;
2024-01-02;PAY-ID323413.ru;
2024-01-02;PAY-ID742613.ru;
2024-01-02;PAY-ID813773.ru;
2024-01-02;PAY-ID937113.ru;
2024-01-02;PAYMENT-238.ru;
2024-01-02;PAYMENT-239.ru;
2024-01-02;PAYMENT-240.ru;
2024-01-02;PAYMENT-241.ru;
2024-01-02;PE4HDRUG4.ru;
2024-01-02;PENKINMA.ru;
2024-01-02;PERDED.ru;
2024-01-02;PEREMENI-ADYGEA.ru;
2024-01-02;PEREVERZEVAPHOTO.ru;
2024-01-02;PERMANENTLINE73.ru;
2024-01-02;PETERHOFA.ru;
2024-01-02;PETRUHNOV.ru;
2024-01-02;PHOTOKURS.ru;
2024-01-02;PIKBEST.ru;
2024-01-02;PIMENOV-WORK.ru;
2024-01-02;PIMEYES.ru;
2024-01-02;PINKU.ru;
2024-01-02;PISAEVA.ru;
2024-01-02;PITAN.ru;
2024-01-02;PITONTUTOR.ru;
2024-01-02;PLANDOUFGOS.ru;
2024-01-02;PLATEZH24-STOP.ru;
2024-01-02;PLATEZHA24-NET.ru;
2024-01-02;PLATRORMS.ru;
2024-01-02;PLAYFANS.ru;
2024-01-02;PLV1374.ru;
2024-01-02;PLYWOODFURNITURE.ru;
2024-01-02;PMCOACHING.ru;
2024-01-02;PODRABOTKA-TYUMEN-S-EZHEDNEVNOI-OPLATOI.ru;
2024-01-02;PODRABOTKA-V-TYUMENI.ru;
2024-01-02;PODROBNY-OBZOR-1XBET.ru;
2024-01-02;PODROBNY-OBZOR-BK-1XBET.ru;
2024-01-02;PODZAKAZAVTO.ru;
2024-01-02;POISONS-MAGAZINA.ru;
2024-01-02;POKER-1XBET-OBZOR.ru;
2024-01-02;POLNY-OBZOR-1XBET.ru;
2024-01-02;POLNY-OBZOR-MOSTBET.ru;
2024-01-02;POLYMERIZATION-LAMP.ru;
2024-01-02;POLYMERIZATIONLAMP.ru;
2024-01-02;POLZANEVRED.ru;
2024-01-02;PONATAILSBREND.ru;
2024-01-02;PONKIN-1.ru;
2024-01-02;POTOQ.ru;
2024-01-02;POVAGIALYLAB.ru;
2024-01-02;POVESTOCHKA.ru;
2024-01-02;PR418.ru;
2024-01-02;PRAMATER.ru;
2024-01-02;PREMIUM-WEB-DEVELOPMENT.ru;
2024-01-02;PREPOD-61.ru;
2024-01-02;PRICMEBEL.ru;
2024-01-02;PRINTER-COMPATIBILITY.ru;
2024-01-02;PRO-YUT.ru;
2024-01-02;PROBNIKOVA.ru;
2024-01-02;PROCEN10.ru;
2024-01-02;PRODAZHAMUKI.ru;
2024-01-02;PROE-OSAGO.ru;
2024-01-02;PROFMASSAGEIZH.ru;
2024-01-02;PROJECT-COURSE.ru;
2024-01-02;PROKOMBAIN.ru;
2024-01-02;PROKTT.ru;
2024-01-02;PROMOTATNEFT.ru;
2024-01-02;PROONVIZ.ru;
2024-01-02;PROSVET-CAKE.ru;
2024-01-02;PROSVET-CAKES.ru;
2024-01-02;PROSVETCAKE.ru;
2024-01-02;PROSVETCAKES.ru;
2024-01-02;PRUTKI-TOOLS.ru;
2024-01-02;PSI-INS.ru;
2024-01-02;PSWIRE.ru;
2024-01-02;PSYCHO0402.ru;
2024-01-02;PSYCHOBIOHACKING.ru;
2024-01-02;PSYTRANSFORMATIONS.ru;
2024-01-02;PTROYAN.ru;
2024-01-02;PUNKTKRASOTI.ru;
2024-01-02;PWK24.ru;
2024-01-02;PYTONTUTOR.ru;
2024-01-02;PZABORTSEV.ru;
2024-01-02;QEAKY.ru;
2024-01-02;QEMOHELP.ru;
2024-01-02;QO2BUS.ru;
2024-01-02;QR-FASHION.ru;
2024-01-02;QR-STUDIO.ru;
2024-01-02;QUANTUM-DT.ru;
2024-01-02;R2AAT.ru;
2024-01-02;R2BV.ru;
2024-01-02;RABOTA-V-TYUMENI.ru;
2024-01-02;RADIOCACHING.ru;
2024-01-02;RASHID88.ru;
2024-01-02;RAZBOR-7.ru;
2024-01-02;RC-IB-B24.ru;
2024-01-02;RCHINKOV.ru;
2024-01-02;REAL-STALIN.ru;
2024-01-02;REALLWORLD.ru;
2024-01-02;REGSIM7.ru;
2024-01-02;REHABPROTOCOLS.ru;
2024-01-02;REIKI-SYSTEM.ru;
2024-01-02;REKINA.ru;
2024-01-02;REKPOISK.ru;
2024-01-02;REMAX-ORIGINAL.ru;
2024-01-02;REMONT-STIR-MASH.ru;
2024-01-02;REPETIRUS-NADEZHDA.ru;
2024-01-02;REPPIEV.ru;
2024-01-02;RESERVIA.ru;
2024-01-02;RESORT72.ru;
2024-01-02;RETRIT72.ru;
2024-01-02;RETROMOTIVE.ru;
2024-01-02;REVENGE-RP.ru;
2024-01-02;RGVOZD.ru;
2024-01-02;RITUALGOV.ru;
2024-01-02;RIVER-POINT.ru;
2024-01-02;RMKSTROIGROUP.ru;
2024-01-02;ROB-1.ru;
2024-01-02;RODNIKIRESORT.ru;
2024-01-02;RODNIKIRETRIT.ru;
2024-01-02;ROMAAR.ru;
2024-01-02;ROMANKULIKOF.ru;
2024-01-02;ROMASSSHKII.ru;
2024-01-02;ROSTOVA-ASHURKINA.ru;
2024-01-02;ROWANBOT.ru;
2024-01-02;RPTEHMASTER.ru;
2024-01-02;RRF108.ru;
2024-01-02;RSKOTOV.ru;
2024-01-02;RTPCAZINO.ru;
2024-01-02;RU-DPO57.ru;
2024-01-02;RU-OBR.ru;
2024-01-02;RUBER-LUXE.ru;
2024-01-02;RUBSURWEB.ru;
2024-01-02;RUDNEV-DEV.ru;
2024-01-02;RUNTIMESPORT.ru;
2024-01-02;RUPATRIATION.ru;
2024-01-02;RUPVZ.ru;
2024-01-02;RUSBENDY.ru;
2024-01-02;RUSCSSARENA.ru;
2024-01-02;RUSFOOTBALL-INFO.ru;
2024-01-02;RUSFOOTBALLINFO.ru;
2024-01-02;RUSGYDRO.ru;
2024-01-02;RUSKH.ru;
2024-01-02;RUSMAN7GUS.ru;
2024-01-02;RUSSIACS.ru;
2024-01-02;RUSSIANBASKET.ru;
2024-01-02;RUSSIANFUTUREWEEK.ru;
2024-01-02;RVA27RUS.ru;
2024-01-02;RYTERIN.ru;
2024-01-02;SAINTDEB1T.ru;
2024-01-02;SAITOTZYVOV.ru;
2024-01-02;SALEKSANDROVICH.ru;
2024-01-02;SAMALET-PLUS-74.ru;
2024-01-02;SAMBUR63.ru;
2024-01-02;SAMPLETIME.ru;
2024-01-02;SAMSUNG-CENTER-MSK.ru;
2024-01-02;SAMULYAK-BEZUKLADNIKO.ru;
2024-01-02;SANASTASIJA.ru;
2024-01-02;SANGIST.ru;
2024-01-02;SARMAKARCHERY.ru;
2024-01-02;SAVELYPLATONOV.ru;
2024-01-02;SAVKAKIDS.ru;
2024-01-02;SBASKOV.ru;
2024-01-02;SBERLOGISTICS-TRACK.ru;
2024-01-02;SBERLOGISTICS-TRACKING.ru;
2024-01-02;SBORNIK-ME.ru;
2024-01-02;SBORNIKME.ru;
2024-01-02;SCENARIJ-ZHIZNI.ru;
2024-01-02;SCHASTLIVYJ-BILET.ru;
2024-01-02;SCHETININ-7.ru;
2024-01-02;SCOTEST.ru;
2024-01-02;SDADL.ru;
2024-01-02;SDELKA7367.ru;
2024-01-02;SDMIT6.ru;
2024-01-02;SEMENOVSONS.ru;
2024-01-02;SEMENTS.ru;
2024-01-02;SEMIRINKA.ru;
2024-01-02;SEREGINAG.ru;
2024-01-02;SEROVA13.ru;
2024-01-02;SERVISEFA.ru;
2024-01-02;SETROV.ru;
2024-01-02;SEX-MARKETS.ru;
2024-01-02;SFSFSEFSEF.ru;
2024-01-02;SHANGARAEV93.ru;
2024-01-02;SHCHEPINA.ru;
2024-01-02;SHCHERBAK-PRO.ru;
2024-01-02;SHEIDER.ru;
2024-01-02;SHLYAK-OG.ru;
2024-01-02;SHMELEVAR.ru;
2024-01-02;SHOEVA.ru;
2024-01-02;SHOVD.ru;
2024-01-02;SHUSTKHEM.ru;
2024-01-02;SHVOKAL.ru;
2024-01-02;SIBELECTRON.ru;
2024-01-02;SIBINDEX.ru;
2024-01-02;SIDELKAINFO.ru;
2024-01-02;SIMPLE-PIANO.ru;
2024-01-02;SIMPLEPIANO.ru;
2024-01-02;SIMSTUFF.ru;
2024-01-02;SINLEERY.ru;
2024-01-02;SIRIUS2024.ru;
2024-01-02;SITESELLING.ru;
2024-01-02;SIVILY.ru;
2024-01-02;SIZPROFI.ru;
2024-01-02;SKALIEV.ru;
2024-01-02;SKANER-VILOK.ru;
2024-01-02;SKANER-VILOK-BESPLATNO.ru;
2024-01-02;SKAYPE.ru;
2024-01-02;SKIN-PRINT.ru;
2024-01-02;SKINPRINT.ru;
2024-01-02;SKOLIEV.ru;
2024-01-02;SKORPION25.ru;
2024-01-02;SKUPKATOVARA.ru;
2024-01-02;SLOVOPACANABU.ru;
2024-01-02;SLOVOPACANAMW.ru;
2024-01-02;SLOVOPACANAQE.ru;
2024-01-02;SLOVOPACANASI.ru;
2024-01-02;SLOVOPACANASS.ru;
2024-01-02;SLOVOPACANAVS.ru;
2024-01-02;SLOVOPACANAVZ.ru;
2024-01-02;SLOVOPACANAZV.ru;
2024-01-02;SLOVOPACANCE.ru;
2024-01-02;SLOVOPACANEV.ru;
2024-01-02;SLOVOPACANW.ru;
2024-01-02;SMAKOVKA-ZEFIR.ru;
2024-01-02;SMART-CHASY-S-NAUSHNIKAMI.ru;
2024-01-02;SMARTHOUSETV.ru;
2024-01-02;SMARTSM.ru;
2024-01-02;SMEXA.ru;
2024-01-02;SMIRNOVANTON7777777.ru;
2024-01-02;SMK-NN.ru;
2024-01-02;SMOLESKUSLUGI.ru;
2024-01-02;SMYCDN.ru;
2024-01-02;SNV2701YFNFIF-1.ru;
2024-01-02;SOAP4ME.ru;
2024-01-02;SOCERSTAND.ru;
2024-01-02;SOCTECT.ru;
2024-01-02;SOFSO.ru;
2024-01-02;SOFT-MOTION.ru;
2024-01-02;SOKOLOV15.ru;
2024-01-02;SOLARTY.ru;
2024-01-02;SOMAROVA.ru;
2024-01-02;SOPOEV.ru;
2024-01-02;SOSOU.ru;
2024-01-02;SOSTEST.ru;
2024-01-02;SOTRAV.ru;
2024-01-02;SOTWE.ru;
2024-01-02;SOULSOFT.ru;
2024-01-02;SOUND-DELIVERY.ru;
2024-01-02;SOVASHARARU.ru;
2024-01-02;SOZDANIESAJTOVTUT.ru;
2024-01-02;SPACESATELLITE.ru;
2024-01-02;SPAKAILAS.ru;
2024-01-02;SPECOTSHIV.ru;
2024-01-02;SPICECANDIES.ru;
2024-01-02;SPRAVEDNIKOV.ru;
2024-01-02;SPROSI-MASTERA.ru;
2024-01-02;SS3003.ru;
2024-01-02;SSUKONNOV.ru;
2024-01-02;STAND2NOJJIIKX.ru;
2024-01-02;STAR-CHASERS.ru;
2024-01-02;STARLINGPSYCH.ru;
2024-01-02;STARPEPPER.ru;
2024-01-02;STARPSYCH.ru;
2024-01-02;STATEPROFIT.ru;
2024-01-02;STAVKATUT.ru;
2024-01-02;STEAMCORMUNTIY.ru;
2024-01-02;STELATO.ru;
2024-01-02;STEPDREAMAGENCY.ru;
2024-01-02;STOIOTO.ru;
2024-01-02;STOMOSNOVI.ru;
2024-01-02;STOP-DOLG2024.ru;
2024-01-02;STOP-GRABLI.ru;
2024-01-02;STRATEGPS.ru;
2024-01-02;STROYDOHOD.ru;
2024-01-02;STROYKATOOL.ru;
2024-01-02;STRUFANOV.ru;
2024-01-02;STUDY-PIANO.ru;
2024-01-02;STUDYPIANO.ru;
2024-01-02;STUKALKIN.ru;
2024-01-02;SU-HOSTESTSCHOOL.ru;
2024-01-02;SUBTEAM.ru;
2024-01-02;SUN-MIND.ru;
2024-01-02;SURVIVETHEFUTURE.ru;
2024-01-02;SVARKABRYANSK.ru;
2024-01-02;SVARKASMOLENSK.ru;
2024-01-02;SVECHKI-SPICHKI.ru;
2024-01-02;SVLMMET.ru;
2024-01-02;SVLMMET24.ru;
2024-01-02;SVLMNWZAR.ru;
2024-01-02;SVLMOBLC.ru;
2024-01-02;SVLMOBLCH.ru;
2024-01-02;SVOEAGRO.ru;
2024-01-02;SVOYAPILORAMA.ru;
2024-01-02;SWEETHOME88.ru;
2024-01-02;SWIMPH.ru;
2024-01-02;SWITERCH.ru;
2024-01-02;TAJUID.ru;
2024-01-02;TALKWESE.ru;
2024-01-02;TAMANCARP.ru;
2024-01-02;TAMANFISH.ru;
2024-01-02;TASZHANIO.ru;
2024-01-02;TAXIDUBROVKA.ru;
2024-01-02;TCRESPO.ru;
2024-01-02;TDMUSTAFIN.ru;
2024-01-02;TDWOOD.ru;
2024-01-02;TECHNOSPHERICUS.ru;
2024-01-02;TELEG-AUTHER.ru;
2024-01-02;TELESOVA.ru;
2024-01-02;TEMAPAVLOV.ru;
2024-01-02;TENNIS72.ru;
2024-01-02;TEPLO-V-ARKHYZE.ru;
2024-01-02;TEREKHOVA-ANDREEVA.ru;
2024-01-02;TESSSLYA.ru;
2024-01-02;TEXTRINA.ru;
2024-01-02;TGSFIT.ru;
2024-01-02;THAIRUSPORTAL.ru;
2024-01-02;THEEPOXYSTYLE.ru;
2024-01-02;THEFAVORITELOOK.ru;
2024-01-02;THEGIFT-OFFICIAL.ru;
2024-01-02;TIMEDOCTORRB.ru;
2024-01-02;TIMOFEEVYG.ru;
2024-01-02;TIMOFEYZIMA.ru;
2024-01-02;TIP-07.ru;
2024-01-02;TIVABILET.ru;
2024-01-02;TK-ZEUS.ru;
2024-01-02;TKACHGROUP.ru;
2024-01-02;TLA-AGENCY.ru;
2024-01-02;TLAGENCY.ru;
2024-01-02;TONDO-MEBEL.ru;
2024-01-02;TOPIBIRIGENIUS.ru;
2024-01-02;TOPTOP-AD.ru;
2024-01-02;TOPTOPAD.ru;
2024-01-02;TOR2024.ru;
2024-01-02;TOTALKAMASUTRA.ru;
2024-01-02;TPK-BG.ru;
2024-01-02;TPRBM.ru;
2024-01-02;TRADE-FREE.ru;
2024-01-02;TRADICII-PRAZDNIKOV.ru;
2024-01-02;TRADOR-BUILD.ru;
2024-01-02;TRAFIC22.ru;
2024-01-02;TRAFIK22.ru;
2024-01-02;TRANSFER-ARHYZ.ru;
2024-01-02;TRANSFER-AZAU.ru;
2024-01-02;TRANSFER-DOMBAJ.ru;
2024-01-02;TRANZISTORIA.ru;
2024-01-02;TRAPEZNIKOVAOA.ru;
2024-01-02;TRAVELLER1501.ru;
2024-01-02;TRISVET.ru;
2024-01-02;TRNSPRT.ru;
2024-01-02;TRUBOPROEKT.ru;
2024-01-02;TRUCKSIBIR.ru;
2024-01-02;TSENTR-ZANYATOSTI-TYUMEN.ru;
2024-01-02;TSVETKOV77.ru;
2024-01-02;TTVO.ru;
2024-01-02;TUMORV.ru;
2024-01-02;TUR4ANKATANYA24.ru;
2024-01-02;TUTORPHYSICS.ru;
2024-01-02;TUVABULET.ru;
2024-01-02;TVOA.ru;
2024-01-02;TW1XOOM.ru;
2024-01-02;TYOTANY.ru;
2024-01-02;TYVABILET.ru;
2024-01-02;U-IRINY.ru;
2024-01-02;UFA-TAXI-GO.ru;
2024-01-02;UGLOVOJ-SHKAF.ru;
2024-01-02;UKDEVIL.ru;
2024-01-02;UKDEVILS.ru;
2024-01-02;UKDEVIZ.ru;
2024-01-02;UKDEVLIZ.ru;
2024-01-02;ULAAN.ru;
2024-01-02;UMIDAXON.ru;
2024-01-02;UNDFND.ru;
2024-01-02;UNIMG.ru;
2024-01-02;UNIVERSAL003.ru;
2024-01-02;UNLOCKTEAM.ru;
2024-01-02;UNRUFF.ru;
2024-01-02;URAKOV-ALEXANDER.ru;
2024-01-02;URISTIOTVETIAT5.ru;
2024-01-02;UXRED.ru;
2024-01-02;UZON-TRAVEL.ru;
2024-01-02;V10BEL.ru;
2024-01-02;V1MARKET.ru;
2024-01-02;VADKOVSKIY.ru;
2024-01-02;VADKOVSKY.ru;
2024-01-02;VAKANSII-TYUMEN.ru;
2024-01-02;VAKANSII-V-TYUMENI.ru;
2024-01-02;VALERY-RAYUMOV.ru;
2024-01-02;VALHALLA-BARBER.ru;
2024-01-02;VALHALLABARBER.ru;
2024-01-02;VAPNEX.ru;
2024-01-02;VB22050.ru;
2024-01-02;VBCVET.ru;
2024-01-02;VD-BLACK.ru;
2024-01-02;VDBLACK.ru;
2024-01-02;VECRM.ru;
2024-01-02;VEDANTA-SOFTWARE.ru;
2024-01-02;VELIEV-1.ru;
2024-01-02;VELOSIPEDY-MARKET.ru;
2024-01-02;VENER1K.ru;
2024-01-02;VENERASMM.ru;
2024-01-02;VERTOGRADIS.ru;
2024-01-02;VESSGAME.ru;
2024-01-02;VFROG.ru;
2024-01-02;VI-HOD.ru;
2024-01-02;VILKI-BESPLATNO.ru;
2024-01-02;VILKI-NA-SPORT.ru;
2024-01-02;VIPSMARTMARKETING.ru;
2024-01-02;VIRIUS32.ru;
2024-01-02;VIRUSREPORT.ru;
2024-01-02;VIT-TIH.ru;
2024-01-02;VJALTSEV-7.ru;
2024-01-02;VKPLAYSTAT.ru;
2024-01-02;VKPLAYTOP.ru;
2024-01-02;VLADIMIR-LAW-AUDIT.ru;
2024-01-02;VLESS-VPN.ru;
2024-01-02;VLYNNYK.ru;
2024-01-02;VMASHTABE.ru;
2024-01-02;VOLOSY-DLYA-NARASHIVANIYA.ru;
2024-01-02;VORONTSOVSKIEPRUDY.ru;
2024-01-02;VOTTA.ru;
2024-01-02;VPN-VLESS.ru;
2024-01-02;VPOZHAROVA.ru;
2024-01-02;VSEKURSYVG.ru;
2024-01-02;VSEMATER.ru;
2024-01-02;VSEONINO.ru;
2024-01-02;VSKVOR.ru;
2024-01-02;VSPOLNY.ru;
2024-01-02;VT-EURASIA.ru;
2024-01-02;VTBONLAIN.ru;
2024-01-02;VVSCONTROL.ru;
2024-01-02;VYZYVALI.ru;
2024-01-02;WCG-WEB.ru;
2024-01-02;WCPROMO.ru;
2024-01-02;WEB-MANGO.ru;
2024-01-02;WEB-POLKOVNIK.ru;
2024-01-02;WERYKAI.ru;
2024-01-02;WHOID.ru;
2024-01-02;WIKIAUTHOR.ru;
2024-01-02;WOMANLADY.ru;
2024-01-02;WOMENHOOD.ru;
2024-01-02;WOODMERCH.ru;
2024-01-02;WWW-KARCHER.ru;
2024-01-02;WWW-YA.ru;
2024-01-02;XEONTIME.ru;
2024-01-02;XIAOMISU7MAX.ru;
2024-01-02;XMAKS.ru;
2024-01-02;XOLOP2.ru;
2024-01-02;XOROSH666.ru;
2024-01-02;XTRADATA.ru;
2024-01-02;YANDEX-4.ru;
2024-01-02;YANDEXDRIVE.ru;
2024-01-02;YARYGINGOLD.ru;
2024-01-02;YASHIZA.ru;
2024-01-02;YEYUYA.ru;
2024-01-02;YMLAEN.ru;
2024-01-02;YOOPIMV.ru;
2024-01-02;YOU2COOL.ru;
2024-01-02;YOULO.ru;
2024-01-02;YOUMALGOR.ru;
2024-01-02;YOUTOOCOOL.ru;
2024-01-02;YOXRP.ru;
2024-01-02;ZAIMANG.ru;
2024-01-02;ZAKAZ7367.ru;
2024-01-02;ZAKRITVOPROS.ru;
2024-01-02;ZARINO.ru;
2024-01-02;ZARPLATA-TYUMEN.ru;
2024-01-02;ZAVET-RAZUMA.ru;
2024-01-02;ZAXAR666.ru;
2024-01-02;ZDOROVETS-7.ru;
2024-01-02;ZEFIR-PHOTO-STUDIO.ru;
2024-01-02;ZEKANON.ru;
2024-01-02;ZENSAUNA.ru;
2024-01-02;ZEROTECHMC.ru;
2024-01-02;ZHENDOK.ru;
2024-01-02;ZHYLKAIDAROV.ru;
2024-01-02;ZIGANGIROVA.ru;
2024-01-02;ZLAYA-BUMAGA.ru;
2024-01-02;ZMEEV-7.ru;
2024-01-02;ZMERT.ru;
2024-01-02;ZULAN.ru;
2024-01-02;ZVNL.ru;
2024-01-02;ZVOOCH.ru;
2024-01-03;0701198199.ru;
2024-01-03;0RL0VA.ru;
2024-01-03;1000-RASKRASKA.ru;
2024-01-03;1000I1KNIGI.ru;
2024-01-03;101RECIPES.ru;
2024-01-03;15-CODD.ru;
2024-01-03;15CODD.ru;
2024-01-03;177TV.ru;
2024-01-03;1900SPB.ru;
2024-01-03;1PIN-UP24.ru;
2024-01-03;1PINUP24.ru;
2024-01-03;1TO12.ru;
2024-01-03;1WHALE.ru;
2024-01-03;1WIN-2023-GO.ru;
2024-01-03;1WIN-2024-AKE.ru;
2024-01-03;1WIN-2024-AKG.ru;
2024-01-03;1WIN-2024-STQ.ru;
2024-01-03;1WIN-2024-STX.ru;
2024-01-03;1WIN-2024-STZ.ru;
2024-01-03;1XSLOTSCASINO7.ru;
2024-01-03;2023-YEAR.ru;
2024-01-03;22COPY.ru;
2024-01-03;24NEWYEARSHOP.ru;
2024-01-03;24SURGUT-PND.ru;
2024-01-03;2FDZEN.ru;
2024-01-03;2FMAIL.ru;
2024-01-03;2FWILDBERRIES.ru;
2024-01-03;2GIS-ANDERTUSHKA.ru;
2024-01-03;2KVR.ru;
2024-01-03;2MOTORA.ru;
2024-01-03;3333222.ru;
2024-01-03;3D-SAD.ru;
2024-01-03;42AGENCY.ru;
2024-01-03;5FERA.ru;
2024-01-03;5ZVEZDOCHEK.ru;
2024-01-03;7-SABER.ru;
2024-01-03;71144.ru;
2024-01-03;74GOV.ru;
2024-01-03;75KVARTAL.ru;
2024-01-03;777CASIA.ru;
2024-01-03;777CASIB.ru;
2024-01-03;777CASIC.ru;
2024-01-03;777CASID.ru;
2024-01-03;777CASIE.ru;
2024-01-03;7901.ru;
2024-01-03;7E5.ru;
2024-01-03;7K7CASINO7.ru;
2024-01-03;7KCASINO7.ru;
2024-01-03;85CALC.ru;
2024-01-03;89063223838.ru;
2024-01-03;8ROCK.ru;
2024-01-03;9713333.ru;
2024-01-03;A807.ru;
2024-01-03;ABLEPSYCLI.ru;
2024-01-03;ABOBRYSHEV.ru;
2024-01-03;ABRISER.ru;
2024-01-03;ABSCRIPT.ru;
2024-01-03;AC-LADAIRK.ru;
2024-01-03;ACCESS4YOU.ru;
2024-01-03;ACEMOLD.ru;
2024-01-03;ACTIVELIFE-54.ru;
2024-01-03;AD-VENT.ru;
2024-01-03;ADAGYZOVA.ru;
2024-01-03;ADJARIA.ru;
2024-01-03;ADMDRAGUNKA.ru;
2024-01-03;ADWILD.ru;
2024-01-03;AFASTRAH.ru;
2024-01-03;AFFILIATE-PRO.ru;
2024-01-03;AFTERHOLIDAYS.ru;
2024-01-03;AGENCY42.ru;
2024-01-03;AGENTBANKA.ru;
2024-01-03;AGK-TEST-SITE.ru;
2024-01-03;AGROKINO.ru;
2024-01-03;AGUANIA.ru;
2024-01-03;AHIM-INVEST.ru;
2024-01-03;AI-BLOGGER.ru;
2024-01-03;AIBRAINCONTENT.ru;
2024-01-03;AIDEEL.ru;
2024-01-03;AIIGERISHA.ru;
2024-01-03;AIKEYAI.ru;
2024-01-03;AINOTES.ru;
2024-01-03;AINUDE.ru;
2024-01-03;AITHREADS.ru;
2024-01-03;AKI-OTYR.ru;
2024-01-03;AKIUSHKIN.ru;
2024-01-03;AKKKMMM.ru;
2024-01-03;AKPAEV.ru;
2024-01-03;AKTIVV.ru;
2024-01-03;AKURITSYNA.ru;
2024-01-03;AKVAHIT-RUSSIA.ru;
2024-01-03;AL1CERUN.ru;
2024-01-03;ALASTRAH.ru;
2024-01-03;ALBOMQ.ru;
2024-01-03;ALBREHT-1.ru;
2024-01-03;ALBUMQ.ru;
2024-01-03;ALEALESHE.ru;
2024-01-03;ALEKSANDRTRIFONOV.ru;
2024-01-03;ALEKSEJVESELOV.ru;
2024-01-03;ALEKSEY-1809.ru;
2024-01-03;ALEKSEY-77.ru;
2024-01-03;ALEKSPRESS.ru;
2024-01-03;ALEMMTV.ru;
2024-01-03;ALENAIVOCHKINA.ru;
2024-01-03;ALESIAPOPOVA.ru;
2024-01-03;ALEXEYKRYLOVSKIY.ru;
2024-01-03;ALEXEYROMANOV.ru;
2024-01-03;ALEXQUS64.ru;
2024-01-03;ALEXSMITH-PRO.ru;
2024-01-03;ALFAPARALLEL.ru;
2024-01-03;ALFAPOLICY.ru;
2024-01-03;ALFASOCHISEMINAR261023.ru;
2024-01-03;ALFASOCHISEMINAR301123.ru;
2024-01-03;ALFASTRASH.ru;
2024-01-03;ALFASTRH.ru;
2024-01-03;ALFASTTAH.ru;
2024-01-03;ALIBESTSHOP.ru;
2024-01-03;ALIEXPRESSPHOTO.ru;
2024-01-03;ALIMOVICH.ru;
2024-01-03;ALISALAPINA.ru;
2024-01-03;ALKOLEKAR.ru;
2024-01-03;ALLALTMEDICINE.ru;
2024-01-03;ALLCAPTAINS.ru;
2024-01-03;ALLCARAVANERS.ru;
2024-01-03;ALLIEXPRES.ru;
2024-01-03;ALLSALMON.ru;
2024-01-03;ALPHAPARALLEL.ru;
2024-01-03;ALSEZ.ru;
2024-01-03;ALTAIR-TV.ru;
2024-01-03;ALTEMTOP.ru;
2024-01-03;ALUMINIUM-ROSTOV.ru;
2024-01-03;ALUMINIUMMAX.ru;
2024-01-03;AMAGALL.ru;
2024-01-03;AMARKHANOVA.ru;
2024-01-03;AMAZONASNEW.ru;
2024-01-03;AMGDESIGNER.ru;
2024-01-03;AMPLIQ.ru;
2024-01-03;AMSKV.ru;
2024-01-03;ANALIZCOM.ru;
2024-01-03;ANAPA-DOSUG.ru;
2024-01-03;ANAVIS.ru;
2024-01-03;ANCOPY.ru;
2024-01-03;ANDEWOO.ru;
2024-01-03;ANDREJWARVAR.ru;
2024-01-03;ANDREYKOSOV.ru;
2024-01-03;ANDREYPAVLOV76.ru;
2024-01-03;ANGARSK-38.ru;
2024-01-03;ANGELSBAR.ru;
2024-01-03;ANGELSCLUBESCORT.ru;
2024-01-03;ANGRYPC.ru;
2024-01-03;ANIMALWORLDWIDE.ru;
2024-01-03;ANIMATIONWEBSITEPTV.ru;
2024-01-03;ANIRAID.ru;
2024-01-03;ANK713.ru;
2024-01-03;ANNA-AVERINA.ru;
2024-01-03;ANNA-SILANTEVA.ru;
2024-01-03;ANNA45.ru;
2024-01-03;ANNASTREAM.ru;
2024-01-03;ANNUUR.ru;
2024-01-03;ANTIGSAM606.ru;
2024-01-03;ANTOKHIN1.ru;
2024-01-03;ANTOSIKRIMA.ru;
2024-01-03;ANTYQUA.ru;
2024-01-03;AORTEGA.ru;
2024-01-03;APMAD.ru;
2024-01-03;APPLEIPHONE16.ru;
2024-01-03;APRICOT-VALLEY.ru;
2024-01-03;APTEKAKERA.ru;
2024-01-03;ARASERJ.ru;
2024-01-03;ARBITLIGHT.ru;
2024-01-03;ARCHIMED-PROJECT.ru;
2024-01-03;ARETKSX.ru;
2024-01-03;ARI-RITUAL.ru;
2024-01-03;ARIDEYA-RUSSIA.ru;
2024-01-03;ARIEL-NSK.ru;
2024-01-03;ARIELNSK.ru;
2024-01-03;ARIZONA-STUDIO.ru;
2024-01-03;ARIZONA-WEST.ru;
2024-01-03;ARKGAMECAG.ru;
2024-01-03;ARMUSTRUST.ru;
2024-01-03;ART-CULT.ru;
2024-01-03;ART4ME.ru;
2024-01-03;ARTEKS-BATLES.ru;
2024-01-03;ARTEMBABANSKII.ru;
2024-01-03;ARTEMBABANSKIY.ru;
2024-01-03;ARTEMBABANSKY.ru;
2024-01-03;ARTHALLSGALLERIES.ru;
2024-01-03;ARTLINE-MARKET.ru;
2024-01-03;ARZ-SAMURAI.ru;
2024-01-03;ASGARD-MP.ru;
2024-01-03;ASLAYA-AMS.ru;
2024-01-03;ASLAYA-AMS-FINANS.ru;
2024-01-03;ASOSHKA.ru;
2024-01-03;ASSADYKOVA.ru;
2024-01-03;ASSTRAL29.ru;
2024-01-03;ASTAKHOV-VIKTOR.ru;
2024-01-03;ASTAPOV-7.ru;
2024-01-03;ASTLAN.ru;
2024-01-03;ATAKDOMAIN.ru;
2024-01-03;ATHDD.ru;
2024-01-03;ATOMY-UFA.ru;
2024-01-03;ATS-UTC.ru;
2024-01-03;AUCTION-TRADER.ru;
2024-01-03;AUDIT-BANKROTSTVO.ru;
2024-01-03;AUTO-HELP72.ru;
2024-01-03;AUTONICS-RUSSIA.ru;
2024-01-03;AUTOPODBORCHELNY.ru;
2024-01-03;AUTOPODBORNIZHNIJ.ru;
2024-01-03;AUTOPODBORROSTOV.ru;
2024-01-03;AUTOPROGRAMS.ru;
2024-01-03;AUTOROOFRACK.ru;
2024-01-03;AUTOSALON-TULA.ru;
2024-01-03;AUTOSOS76.ru;
2024-01-03;AUTOVYKUP78.ru;
2024-01-03;AVEDAFOOD.ru;
2024-01-03;AVIATION-GIN.ru;
2024-01-03;AVIRAKHOVSKIY.ru;
2024-01-03;AVISLIA.ru;
2024-01-03;AVITOLOG2024.ru;
2024-01-03;AVKOPT.ru;
2024-01-03;AVTO-VYKUP-SPB.ru;
2024-01-03;AVTOCAMPING.ru;
2024-01-03;AVTOSHKOLA-MGN.ru;
2024-01-03;AXIOMCRM24.ru;
2024-01-03;AZARIO-RUSSIA.ru;
2024-01-03;AZHOLTIKOV.ru;
2024-01-03;BABESTATION.ru;
2024-01-03;BABKINAME.ru;
2024-01-03;BABKIUDOMA.ru;
2024-01-03;BADGODMAN.ru;
2024-01-03;BAGTT.ru;
2024-01-03;BAIDINRG.ru;
2024-01-03;BAIKALIANA.ru;
2024-01-03;BALBEKOVS.ru;
2024-01-03;BALUMAUGLI82.ru;
2024-01-03;BANANA-TON.ru;
2024-01-03;BANKI-SKLIANKI.ru;
2024-01-03;BARBIELISS.ru;
2024-01-03;BARCA-SERVER-MYAPP.ru;
2024-01-03;BARIDA.ru;
2024-01-03;BARNAUL-INDI.ru;
2024-01-03;BAROTOV.ru;
2024-01-03;BARSOFRUSSIA.ru;
2024-01-03;BAYARD55.ru;
2024-01-03;BAZA-21.ru;
2024-01-03;BAZA21.ru;
2024-01-03;BAZALEX.ru;
2024-01-03;BDUMA.ru;
2024-01-03;BEAUTY-365.ru;
2024-01-03;BEAUTY-VOTES.ru;
2024-01-03;BEBERASHVILI.ru;
2024-01-03;BEKRUZIBOEV.ru;
2024-01-03;BELVICS71TULA.ru;
2024-01-03;BEN-SERVICE.ru;
2024-01-03;BENCURAH.ru;
2024-01-03;BEREZHNOY1994.ru;
2024-01-03;BERGERR-RUSSIA.ru;
2024-01-03;BEST-NARKOLOG.ru;
2024-01-03;BETONIRK-ONLINE.ru;
2024-01-03;BIBIBAG.ru;
2024-01-03;BIBLIO-LITRES.ru;
2024-01-03;BICYCLEPEDALING.ru;
2024-01-03;BIGMONEYCODE.ru;
2024-01-03;BIKERSWAY.ru;
2024-01-03;BIRDFORUM.ru;
2024-01-03;BIZNESSNATALIEI.ru;
2024-01-03;BIZON-365.ru;
2024-01-03;BIZZON365.ru;
2024-01-03;BKKONTORA.ru;
2024-01-03;BLACK-NOTE.ru;
2024-01-03;BLACKENEDWHISKEY.ru;
2024-01-03;BLISSFULCREAMS.ru;
2024-01-03;BLOCK-MINE.ru;
2024-01-03;BLOOMIANA.ru;
2024-01-03;BLOSSOMNAIL.ru;
2024-01-03;BLOUSTAICI.ru;
2024-01-03;BLUE-WAVE.ru;
2024-01-03;BMSTU-DATE.ru;
2024-01-03;BOATCAMP.ru;
2024-01-03;BOGINYA-TLT.ru;
2024-01-03;BOLSHAKOVAV.ru;
2024-01-03;BONAPPETITEGAME.ru;
2024-01-03;BOOKOVO.ru;
2024-01-03;BOOMS-BEST.ru;
2024-01-03;BORISOV-EGOR.ru;
2024-01-03;BOSOVA11.ru;
2024-01-03;BOT-ROYALE.ru;
2024-01-03;BOYCHECHAK.ru;
2024-01-03;BRATIASUN.ru;
2024-01-03;BREMENSKIEMUZIKAN.ru;
2024-01-03;BREMENSKIEMUZIKANT.ru;
2024-01-03;BREMENSKIEMUZIKANTY.ru;
2024-01-03;BREMENSKIEMUZYKANTY2023.ru;
2024-01-03;BREMENSKIEMUZYKANTY2024.ru;
2024-01-03;BRONOHOTA.ru;
2024-01-03;BRUGMAN-RUSSIA.ru;
2024-01-03;BRUNI-SARABYANOV.ru;
2024-01-03;BUILDINGMIA.ru;
2024-01-03;BURDELNYJ.ru;
2024-01-03;BURGER-BOT.ru;
2024-01-03;BURLAKOVA-7.ru;
2024-01-03;BUS102-2024.ru;
2024-01-03;BUSHNELL-24.ru;
2024-01-03;BUTANAEVA.ru;
2024-01-03;BUYSIBERIAN.ru;
2024-01-03;BVB-KD.ru;
2024-01-03;BVBKB.ru;
2024-01-03;BY-AUTO-PARTS.ru;
2024-01-03;BY2BRO.ru;
2024-01-03;BYVSHIH.ru;
2024-01-03;CAKESTICKERS.ru;
2024-01-03;CALL4FREE.ru;
2024-01-03;CAMPINGI.ru;
2024-01-03;CANDELABRUMS.ru;
2024-01-03;CARHEALTHCHECK.ru;
2024-01-03;CARSSHOPING.ru;
2024-01-03;CASHYM.ru;
2024-01-03;CASINO7K7.ru;
2024-01-03;CASSA-TELLERS.ru;
2024-01-03;CATELAPINA.ru;
2024-01-03;CAZZANIGA.ru;
2024-01-03;CELEBRITY-LOUNGE.ru;
2024-01-03;CELESTIAVANILLA.ru;
2024-01-03;CENTER-COURSE.ru;
2024-01-03;CENTR-MAXI.ru;
2024-01-03;CENTR-MED-NOOVOSIBIRSK.ru;
2024-01-03;CERNIA.ru;
2024-01-03;CHARSTAR.ru;
2024-01-03;CHASOVO.ru;
2024-01-03;CHATROULETTE-GIRLS.ru;
2024-01-03;CHAWOOD.ru;
2024-01-03;CHEMSTAV.ru;
2024-01-03;CHIC-N-CHARME.ru;
2024-01-03;CHICGO.ru;
2024-01-03;CHILI-PEPPER.ru;
2024-01-03;CHILLERPUMP.ru;
2024-01-03;CHINALIZA.ru;
2024-01-03;CHINIMSERVICE.ru;
2024-01-03;CHOKUPIL.ru;
2024-01-03;CHONICHO.ru;
2024-01-03;CHSVSTICH.ru;
2024-01-03;CIELLULULASER.ru;
2024-01-03;CIRKUS-SOCHINSKII.ru;
2024-01-03;CIRQ-SOCHINSKII.ru;
2024-01-03;CITADEL-PROTECTION.ru;
2024-01-03;CIVZAPP.ru;
2024-01-03;CLASSTOP.ru;
2024-01-03;CLC79.ru;
2024-01-03;CLIMALAND.ru;
2024-01-03;CLOVERCUBES.ru;
2024-01-03;COBB15.ru;
2024-01-03;CODD15RU.ru;
2024-01-03;CODDD15.ru;
2024-01-03;CODDE15.ru;
2024-01-03;CODENAME-FLANKER.ru;
2024-01-03;COFFEEBSK.ru;
2024-01-03;COFFEELITE.ru;
2024-01-03;COI1I.ru;
2024-01-03;COLDBLUD.ru;
2024-01-03;COMFORTCATS.ru;
2024-01-03;COMPAS-AUTOCENTER.ru;
2024-01-03;COMPAS-EXPERT.ru;
2024-01-03;CONMC.ru;
2024-01-03;CONNECTOR73.ru;
2024-01-03;COPYRIGHT-CHU.ru;
2024-01-03;CORDX.ru;
2024-01-03;COSMETOLOG-365.ru;
2024-01-03;COSMETOLOG365.ru;
2024-01-03;COSMETOLOGY-365.ru;
2024-01-03;COSMETOLOGY365.ru;
2024-01-03;COSMOPYOS.ru;
2024-01-03;COUNT-HOST.ru;
2024-01-03;COVENANTMY.ru;
2024-01-03;CRAAAZYGAMES.ru;
2024-01-03;CRASHLIST1.ru;
2024-01-03;CREAMCRAFTS.ru;
2024-01-03;CREAMENCHANTMENT.ru;
2024-01-03;CREAMYELEGANCE.ru;
2024-01-03;CREATORSPACE.ru;
2024-01-03;CREDITZAYKA.ru;
2024-01-03;CRIMEANFACES.ru;
2024-01-03;CRUSHON.ru;
2024-01-03;CRYSTALBRIDE.ru;
2024-01-03;CS2BASE.ru;
2024-01-03;CUREMATE.ru;
2024-01-03;CURLYCHRISFOR.ru;
2024-01-03;DA-JIA.ru;
2024-01-03;DAGIROVSH.ru;
2024-01-03;DAJIA.ru;
2024-01-03;DAJIAXUEXIAO.ru;
2024-01-03;DALNIKOV.ru;
2024-01-03;DALNIKOVA.ru;
2024-01-03;DANIL-SOLOVYEV.ru;
2024-01-03;DANILAANDREEV.ru;
2024-01-03;DANILENKO-NUTRITION.ru;
2024-01-03;DANZHELTOV.ru;
2024-01-03;DAO-SAMA.ru;
2024-01-03;DAR-ZEMLI.ru;
2024-01-03;DARK-STORY.ru;
2024-01-03;DARKFANTI.ru;
2024-01-03;DARKTSTORY.ru;
2024-01-03;DARLINGUE.ru;
2024-01-03;DARRUSSIA.ru;
2024-01-03;DASHKEEERS.ru;
2024-01-03;DATADRIVENRETAIL.ru;
2024-01-03;DATADRIVENRETAILING.ru;
2024-01-03;DATARASYUK.ru;
2024-01-03;DAYZCLASSICMTA.ru;
2024-01-03;DBAYULDASHEV.ru;
2024-01-03;DCHETYRIN.ru;
2024-01-03;DDAKON.ru;
2024-01-03;DEBITOV.ru;
2024-01-03;DECODEMYDREAM.ru;
2024-01-03;DELIVERY-4546.ru;
2024-01-03;DELIVERY214.ru;
2024-01-03;DELTIC.ru;
2024-01-03;DELTIK.ru;
2024-01-03;DEN797.ru;
2024-01-03;DENBEND.ru;
2024-01-03;DENGISLOVO.ru;
2024-01-03;DENGIV.ru;
2024-01-03;DENGIVB.ru;
2024-01-03;DERATERSVI.ru;
2024-01-03;DESKTOP-TLGRAM.ru;
2024-01-03;DETIVFOKUSE.ru;
2024-01-03;DEV-GUILD.ru;
2024-01-03;DEV-PROGER.ru;
2024-01-03;DEV52.ru;
2024-01-03;DEVIJOE.ru;
2024-01-03;DEVOPS-FOR-PROGRAMMERS-PROJECT-76.ru;
2024-01-03;DGLAZUNOVA.ru;
2024-01-03;DGSPORTS.ru;
2024-01-03;DGVJ.ru;
2024-01-03;DHRABROV.ru;
2024-01-03;DIAL-RUSSIA.ru;
2024-01-03;DIAMOND-7.ru;
2024-01-03;DIANAKORNEVA.ru;
2024-01-03;DIBIPSICOLOGIA.ru;
2024-01-03;DIETOLOG-MOSCOW.ru;
2024-01-03;DIMVS80.ru;
2024-01-03;DIRINA-SM.ru;
2024-01-03;DIVIB.ru;
2024-01-03;DIZAIN-REMONT32.ru;
2024-01-03;DJMEGABYTE.ru;
2024-01-03;DJPROSPB.ru;
2024-01-03;DKINER.ru;
2024-01-03;DMSUPPLY.ru;
2024-01-03;DNESSCO.ru;
2024-01-03;DNK-ALLIANCE.ru;
2024-01-03;DOBROLIZING.ru;
2024-01-03;DOK-MEBEL-FRANSHIZA.ru;
2024-01-03;DOKTEH.ru;
2024-01-03;DOM11B.ru;
2024-01-03;DOMENSPORT.ru;
2024-01-03;DON019.ru;
2024-01-03;DONAVITO.ru;
2024-01-03;DOSPORTOS77.ru;
2024-01-03;DOSTAVKA-4547.ru;
2024-01-03;DOSUG-BARNAUL.ru;
2024-01-03;DOSVIDARY.ru;
2024-01-03;DRAZVALYAEV.ru;
2024-01-03;DREAMYCREAMS.ru;
2024-01-03;DREVOHOBBY.ru;
2024-01-03;DRIPALA.ru;
2024-01-03;DROORG.ru;
2024-01-03;DTCHERNONOG.ru;
2024-01-03;DTISHKIN.ru;
2024-01-03;DTK-BOREY.ru;
2024-01-03;DUBAI-PRIME.ru;
2024-01-03;DUBAI-REG.ru;
2024-01-03;DUBAI-SEA.ru;
2024-01-03;DUBAI-TRANSFER.ru;
2024-01-03;DUBAISEA.ru;
2024-01-03;DUBLIKATKLYCHA.ru;
2024-01-03;DUMHAMMER28.ru;
2024-01-03;DUMOS.ru;
2024-01-03;DUO-COFFEE.ru;
2024-01-03;DUSSE.ru;
2024-01-03;DUTYSTYLE.ru;
2024-01-03;DV-FLOWERS.ru;
2024-01-03;DVNAN.ru;
2024-01-03;DXB-SHOP.ru;
2024-01-03;DYNCRUGHAM.ru;
2024-01-03;DZENKOVICH.ru;
2024-01-03;DZIANIS.ru;
2024-01-03;E-ARC.ru;
2024-01-03;E-LNK.ru;
2024-01-03;EADODERACT.ru;
2024-01-03;EALEKSIN.ru;
2024-01-03;EASY-DROP-PROMOCOD.ru;
2024-01-03;EASYDONATESHOP.ru;
2024-01-03;ECONOMOSAGO.ru;
2024-01-03;EDBESSERMAN.ru;
2024-01-03;EDINOZHDYSOLGAV.ru;
2024-01-03;EDNA-FRILANS.ru;
2024-01-03;EDUCATIONINNOVATE.ru;
2024-01-03;EDUNEXTSTEPS.ru;
2024-01-03;EFIM0V.ru;
2024-01-03;EFORAL.ru;
2024-01-03;EGORLUN.ru;
2024-01-03;EIEYACHTS.ru;
2024-01-03;EIPTS.ru;
2024-01-03;EK-MIGUNOVA.ru;
2024-01-03;EKATERINA-LI.ru;
2024-01-03;EKATERINAFIL07.ru;
2024-01-03;EKATERINBURG-DOSUG.ru;
2024-01-03;ELATI.ru;
2024-01-03;ELEGRUM-SPB.ru;
2024-01-03;ELENA-KOSTINA.ru;
2024-01-03;ELENABEZRUKOVA93.ru;
2024-01-03;ELENY.ru;
2024-01-03;ELFAPERM.ru;
2024-01-03;ELFIDREAMER.ru;
2024-01-03;ELGISZ.ru;
2024-01-03;ELGUSTO11.ru;
2024-01-03;ELISKIN.ru;
2024-01-03;ELMIRACHIZH.ru;
2024-01-03;ELPST.ru;
2024-01-03;ELSEN-RUSSIA.ru;
2024-01-03;ELTPS.ru;
2024-01-03;EMAIL-OEZCOKUN.ru;
2024-01-03;EMELYANOV1989.ru;
2024-01-03;EMKAT.ru;
2024-01-03;EMKAZAKOV.ru;
2024-01-03;ENDURKINO.ru;
2024-01-03;ENDUROTEKA.ru;
2024-01-03;ENERGY-TM.ru;
2024-01-03;ENGLISH8.ru;
2024-01-03;ENRIKIESNO.ru;
2024-01-03;EOGEN.ru;
2024-01-03;EPIANGELS.ru;
2024-01-03;EPLTS.ru;
2024-01-03;EPOXY-STYLE.ru;
2024-01-03;EPSON-RICOH.ru;
2024-01-03;EROHIN-SB.ru;
2024-01-03;ESHATOS-LIB.ru;
2024-01-03;ESHISHKUTOVA.ru;
2024-01-03;ESHONFOOD.ru;
2024-01-03;ESPIUS.ru;
2024-01-03;ESPUS.ru;
2024-01-03;ESSENSVIP24.ru;
2024-01-03;ESSENSVIP61.ru;
2024-01-03;ESUCHKOVA.ru;
2024-01-03;ETOTOLKOTANEZ.ru;
2024-01-03;EUBLEFA.ru;
2024-01-03;EV-MEDIA.ru;
2024-01-03;EVA-DEMO1.ru;
2024-01-03;EVERLEST.ru;
2024-01-03;EVIDENCEMED.ru;
2024-01-03;EX-GRIEF.ru;
2024-01-03;EXAMIFY.ru;
2024-01-03;EXPRESSREST.ru;
2024-01-03;EYES-NSK.ru;
2024-01-03;EZHISCHE.ru;
2024-01-03;FABERLIC-NAFIKOVA.ru;
2024-01-03;FACENBASE.ru;
2024-01-03;FALLKICASE.ru;
2024-01-03;FAMIDOLLPROJECT.ru;
2024-01-03;FAMILY-ORGANIC.ru;
2024-01-03;FANFLOW.ru;
2024-01-03;FANOFFSILYBOYS.ru;
2024-01-03;FANTRIBE.ru;
2024-01-03;FANVIBE.ru;
2024-01-03;FARTYDICE.ru;
2024-01-03;FASTMI.ru;
2024-01-03;FEDINA-1.ru;
2024-01-03;FEDRESURSRF41.ru;
2024-01-03;FEDRESURSRF42.ru;
2024-01-03;FELDSHER03.ru;
2024-01-03;FES-DESIGN.ru;
2024-01-03;FFENNECHEK.ru;
2024-01-03;FIKFAP.ru;
2024-01-03;FILEPC.ru;
2024-01-03;FINADEMY.ru;
2024-01-03;FINAL-STROY.ru;
2024-01-03;FIRE-NEX.ru;
2024-01-03;FIRETEKNO.ru;
2024-01-03;FIRMA-OPTIC.ru;
2024-01-03;FISHANDRICE.ru;
2024-01-03;FITAKA.ru;
2024-01-03;FITROX.ru;
2024-01-03;FITVERONIKA.ru;
2024-01-03;FIVESAMP-RP.ru;
2024-01-03;FIZTECH-RUSSIA.ru;
2024-01-03;FL-MAR.ru;
2024-01-03;FLEXPRESS.ru;
2024-01-03;FLUPREDKLIO.ru;
2024-01-03;FNGINEER.ru;
2024-01-03;FOBOZ.ru;
2024-01-03;FOCUSLC.ru;
2024-01-03;FOCUSLEX.ru;
2024-01-03;FOKUSLEX.ru;
2024-01-03;FOLLYA.ru;
2024-01-03;FOMSOFT.ru;
2024-01-03;FORLETTER.ru;
2024-01-03;FORMAGINA.ru;
2024-01-03;FORUM-GRINCH-RP.ru;
2024-01-03;FORUMS-GUNZA.ru;
2024-01-03;FORYOU-4U.ru;
2024-01-03;FOTOMARI.ru;
2024-01-03;FOTOSTRELKAFEST.ru;
2024-01-03;FPV-FLY.ru;
2024-01-03;FRADAIKINA.ru;
2024-01-03;FRANKEEN.ru;
2024-01-03;FREECAM8.ru;
2024-01-03;FRESHHAUS.ru;
2024-01-03;FRUITGO.ru;
2024-01-03;FULLPAN.ru;
2024-01-03;FURAEV-1.ru;
2024-01-03;FUTBOTEKA.ru;
2024-01-03;FUTKINO.ru;
2024-01-03;FUTUREMINDEDU.ru;
2024-01-03;FXPROMAG.ru;
2024-01-03;GACHIRADIO.ru;
2024-01-03;GAGARIA.ru;
2024-01-03;GAIBOV1.ru;
2024-01-03;GALIEV-TOP.ru;
2024-01-03;GALLERY-FOUNTAIN.ru;
2024-01-03;GAME-COIN.ru;
2024-01-03;GAMEAVERAGE.ru;
2024-01-03;GAMEXTAZY.ru;
2024-01-03;GARILLACASINO8.ru;
2024-01-03;GARMONIA34.ru;
2024-01-03;GATESOFOLYMPUS2024.ru;
2024-01-03;GAZENKAMPF.ru;
2024-01-03;GC-EXPERT.ru;
2024-01-03;GEJNERT.ru;
2024-01-03;GELOPAY.ru;
2024-01-03;GEMA66.ru;
2024-01-03;GENERALCUBESON.ru;
2024-01-03;GENERALRAIN.ru;
2024-01-03;GENESISARENA.ru;
2024-01-03;GENEVIANA.ru;
2024-01-03;GET-ENGLISH.ru;
2024-01-03;GIDKAVKAZ.ru;
2024-01-03;GIS031.ru;
2024-01-03;GLAMPHOTEL.ru;
2024-01-03;GLAMPINGHOTEL.ru;
2024-01-03;GLASBOGA.ru;
2024-01-03;GLAVERSONPIT.ru;
2024-01-03;GLAVNOE-PRO-PENSUY-NEWS.ru;
2024-01-03;GLAZABOGATG.ru;
2024-01-03;GLAZBOGAOFICIAL.ru;
2024-01-03;GLOBALPARALLEL.ru;
2024-01-03;GLOBALTALENTSOLUTION.ru;
2024-01-03;GLS360.ru;
2024-01-03;GOBLAB.ru;
2024-01-03;GOBODEN.ru;
2024-01-03;GOJISTORE.ru;
2024-01-03;GOLDAPPLEINFO.ru;
2024-01-03;GOLDCYPRUS.ru;
2024-01-03;GOOPIIPD.ru;
2024-01-03;GOOTA.ru;
2024-01-03;GORILLACASINO7.ru;
2024-01-03;GORO-NEWS2024.ru;
2024-01-03;GOROD-MASTEROV1.ru;
2024-01-03;GORONIA.ru;
2024-01-03;GOROSKOPE2024.ru;
2024-01-03;GOSAUDIA.ru;
2024-01-03;GOSNSLUGI.ru;
2024-01-03;GPT-ASSISTANTS.ru;
2024-01-03;GRANCORAMINO.ru;
2024-01-03;GRANI-PRO.ru;
2024-01-03;GRAPHICDESIGN101.ru;
2024-01-03;GRCODER.ru;
2024-01-03;GRIFONVN.ru;
2024-01-03;GRIMCAST.ru;
2024-01-03;GRINCH2018.ru;
2024-01-03;GRISHINALEX82.ru;
2024-01-03;GROBITEL.ru;
2024-01-03;GRUZPER.ru;
2024-01-03;GRYPHCLUB.ru;
2024-01-03;GSKSB.ru;
2024-01-03;GUBERNYAN.ru;
2024-01-03;GUNFLEX.ru;
2024-01-03;GYMBOPRO.ru;
2024-01-03;GYMBOSPORTS.ru;
2024-01-03;GZHKU.ru;
2024-01-03;HACHATRJAN-7.ru;
2024-01-03;HACK-SKILL.ru;
2024-01-03;HAIREXPERTDOCTOR.ru;
2024-01-03;HANDYARI.ru;
2024-01-03;HARMONYCREAMS.ru;
2024-01-03;HARYOONLEE.ru;
2024-01-03;HAYRAPETYAN-1.ru;
2024-01-03;HEDGEBOOK.ru;
2024-01-03;HERBIANA.ru;
2024-01-03;HHOLOP2.ru;
2024-01-03;HIJAMA-AMINA.ru;
2024-01-03;HITMANS-SINDICATS-RUSSIA.ru;
2024-01-03;HITMANS-TIMA-MOSCOWS.ru;
2024-01-03;HITMANS-TIMA-MOSCOWSS.ru;
2024-01-03;HITUN.ru;
2024-01-03;HL-CS.ru;
2024-01-03;HOCHU-SEX-EKATERINBURG.ru;
2024-01-03;HOCKEYALEX.ru;
2024-01-03;HOLAF-TECH.ru;
2024-01-03;HOLD-6457.ru;
2024-01-03;HOLLOP-2.ru;
2024-01-03;HOLLOP-2-2024.ru;
2024-01-03;HOLLOP2.ru;
2024-01-03;HOLLOP2-2024.ru;
2024-01-03;HOLOP-2-2024.ru;
2024-01-03;HOLOP2-2024.ru;
2024-01-03;HOLOP2-FILM.ru;
2024-01-03;HOLOP2-KINO.ru;
2024-01-03;HOLOP2-SMOTRET.ru;
2024-01-03;HOLOP2023HD.ru;
2024-01-03;HOLOP2024.ru;
2024-01-03;HOLOP22023.ru;
2024-01-03;HOLOPHD.ru;
2024-01-03;HOLOPO2.ru;
2024-01-03;HOLOPP2HD.ru;
2024-01-03;HOLOPPE2.ru;
2024-01-03;HOLOPPI2.ru;
2024-01-03;HOLOPS2.ru;
2024-01-03;HOMEBEKA.ru;
2024-01-03;HOPEMAKAROVA.ru;
2024-01-03;HOROSHAYA-GADALKA.ru;
2024-01-03;HOROSHAYA-MASTERSKAYA.ru;
2024-01-03;HORSESECRETS.ru;
2024-01-03;HOSTELZAMZAM.ru;
2024-01-03;HOTELSTEC.ru;
2024-01-03;HUESTORE.ru;
2024-01-03;HUGEPETS.ru;
2024-01-03;HUMANGPT.ru;
2024-01-03;HUNTERSGOOD.ru;
2024-01-03;HUNTHELPER.ru;
2024-01-03;HUSEYNZADEE.ru;
2024-01-03;HUTSAU.ru;
2024-01-03;HYPERSHARK.ru;
2024-01-03;I-AM-HERE.ru;
2024-01-03;IA2024.ru;
2024-01-03;IAKKONEN.ru;
2024-01-03;IANPERN.ru;
2024-01-03;IAVICH.ru;
2024-01-03;ID-CRM.ru;
2024-01-03;ID-TECHNOLOGY.ru;
2024-01-03;ID-VPS.ru;
2024-01-03;ID0459.ru;
2024-01-03;ID04598.ru;
2024-01-03;ID332.ru;
2024-01-03;ID58059.ru;
2024-01-03;ID58060.ru;
2024-01-03;ID58061.ru;
2024-01-03;ID58062.ru;
2024-01-03;ID5932.ru;
2024-01-03;ID5935.ru;
2024-01-03;ID954737.ru;
2024-01-03;IECTA.ru;
2024-01-03;IERENBURG.ru;
2024-01-03;IFLARE.ru;
2024-01-03;IGORROMANENKO.ru;
2024-01-03;IKARPOVA.ru;
2024-01-03;IL-HELLO.ru;
2024-01-03;ILYA-KUZNETSOV.ru;
2024-01-03;ILYATESTER.ru;
2024-01-03;IMPERIAL-STATE-MC.ru;
2024-01-03;IMPERTAXI.ru;
2024-01-03;INCONDAST.ru;
2024-01-03;INDI-KURSK1.ru;
2024-01-03;INDIA-RUSSIA.ru;
2024-01-03;INDIVIDUALKI-ANAPA.ru;
2024-01-03;INDIVIDUALKI-BELGOROD.ru;
2024-01-03;INDIVIDUALKI-BELGORODA.ru;
2024-01-03;INDOGGOGIN.ru;
2024-01-03;INFEPOL.ru;
2024-01-03;INFOBOTRU.ru;
2024-01-03;INFOPUNK.ru;
2024-01-03;INNABOND.ru;
2024-01-03;INNAYABANYA.ru;
2024-01-03;INTEGRALHUMAN.ru;
2024-01-03;INTELLSOFA.ru;
2024-01-03;INTERMPLASTIC.ru;
2024-01-03;INTEXXX.ru;
2024-01-03;INTIM-PROSTITUTKI-EKATERINBURGA.ru;
2024-01-03;INVALIDNOST-OFFICIALNAYA.ru;
2024-01-03;IODKO-7.ru;
2024-01-03;IPGRISHMANOVA.ru;
2024-01-03;IPSISSIMUSDIGITAL.ru;
2024-01-03;IRAIDA-FEDORCHENKO.ru;
2024-01-03;IRAIRA679.ru;
2024-01-03;IRINAFIRE.ru;
2024-01-03;IRINAGLEBOVA.ru;
2024-01-03;IRINASIDORENKO.ru;
2024-01-03;IRISDISTRIBUTION.ru;
2024-01-03;IRK-PDRC.ru;
2024-01-03;IRKUTSK-HYUNDAI.ru;
2024-01-03;IRSAUTO.ru;
2024-01-03;ISSAEFF.ru;
2024-01-03;ISTAP.ru;
2024-01-03;IT-BLOCKNOTE.ru;
2024-01-03;IT-BLOKNOTE.ru;
2024-01-03;IT-CRUNCH.ru;
2024-01-03;IT-GEOFORM.ru;
2024-01-03;IT-OSMA.ru;
2024-01-03;ITARCHMAGAZINE.ru;
2024-01-03;ITAUSHKANOV.ru;
2024-01-03;ITBLOCKNOTE.ru;
2024-01-03;ITBLOKNOTE.ru;
2024-01-03;ITCOMING.ru;
2024-01-03;ITSVARKA.ru;
2024-01-03;IVANBORODA.ru;
2024-01-03;IVANKANEV.ru;
2024-01-03;IVESOCCER.ru;
2024-01-03;IVLEEVALOTO2024.ru;
2024-01-03;IWANNAFEN.ru;
2024-01-03;IZHARKIKH.ru;
2024-01-03;IZHBER.ru;
2024-01-03;J1S.ru;
2024-01-03;JAECOO-AVN.ru;
2024-01-03;JAKUSHEV-PRO.ru;
2024-01-03;JERRA-777.ru;
2024-01-03;JET-LUCKI.ru;
2024-01-03;JIKLO.ru;
2024-01-03;JIVA-SPB.ru;
2024-01-03;JOBLAD.ru;
2024-01-03;JODLAD.ru;
2024-01-03;JODLEX.ru;
2024-01-03;JOINGO.ru;
2024-01-03;JOKERNULLSBAGG.ru;
2024-01-03;JUBELOCHKINA-BELOCHKINA.ru;
2024-01-03;JULIANABORISOVA.ru;
2024-01-03;JULIETTPOLISHUK.ru;
2024-01-03;JUMPGO.ru;
2024-01-03;JUST-MINE.ru;
2024-01-03;KADALIER.ru;
2024-01-03;KAIROSNETWORK.ru;
2024-01-03;KALININMAX.ru;
2024-01-03;KALOUNIVOA.ru;
2024-01-03;KAMINEXT.ru;
2024-01-03;KANIKEEV.ru;
2024-01-03;KARABET.ru;
2024-01-03;KARAMANFIX.ru;
2024-01-03;KARTA-ITUNES.ru;
2024-01-03;KARTINKI1.ru;
2024-01-03;KAUSX1488.ru;
2024-01-03;KAYYA.ru;
2024-01-03;KAZAK-TKV.ru;
2024-01-03;KB-FORMAT.ru;
2024-01-03;KB640.ru;
2024-01-03;KBOCHKAREVA.ru;
2024-01-03;KDCRASSVET.ru;
2024-01-03;KDCUSTOM.ru;
2024-01-03;KEDROVY-KADET24.ru;
2024-01-03;KEYBADGE.ru;
2024-01-03;KHARITONOVA-EXPERT.ru;
2024-01-03;KIBERKISKA.ru;
2024-01-03;KING-ARIZONA.ru;
2024-01-03;KINO-FILMS.ru;
2024-01-03;KINO-TELLERS.ru;
2024-01-03;KINOKOKI.ru;
2024-01-03;KIPRVILLA.ru;
2024-01-03;KIRILL-39.ru;
2024-01-03;KIRILL-ZAKHAROV.ru;
2024-01-03;KIRPI4X.ru;
2024-01-03;KIRSHENMAN.ru;
2024-01-03;KISSASIANTV.ru;
2024-01-03;KKCOPY.ru;
2024-01-03;KLEIN-1.ru;
2024-01-03;KLSMYGOLOSOK.ru;
2024-01-03;KMD96.ru;
2024-01-03;KNIGATOP.ru;
2024-01-03;KNOWLEDGEBOOST.ru;
2024-01-03;KOBB15.ru;
2024-01-03;KOCOU79.ru;
2024-01-03;KOD-15.ru;
2024-01-03;KOD15.ru;
2024-01-03;KODD15.ru;
2024-01-03;KOLOGRIVYYNIKITA.ru;
2024-01-03;KOLOVER.ru;
2024-01-03;KOM-MUN-AR.ru;
2024-01-03;KOMAROVAANNA12.ru;
2024-01-03;KOMLOV.ru;
2024-01-03;KONKURS-INFORM.ru;
2024-01-03;KONON-MOBI.ru;
2024-01-03;KONOPACH.ru;
2024-01-03;KONSTANTIN-KOKOREV.ru;
2024-01-03;KONSULTACIYA-YURISTA5.ru;
2024-01-03;KORZIS.ru;
2024-01-03;KOSIAKOV.ru;
2024-01-03;KOSMETIKA-ALTAI.ru;
2024-01-03;KOSMETIKA-BAIKAL.ru;
2024-01-03;KOSMETIKA-KAVKAZA.ru;
2024-01-03;KOSMETIKA-RUSSIA.ru;
2024-01-03;KOSMOTATTOO1.ru;
2024-01-03;KOSTYLEV-PHOTO.ru;
2024-01-03;KOVALENKOA.ru;
2024-01-03;KOZIN-7.ru;
2024-01-03;KPBAG.ru;
2024-01-03;KRASOTVET.ru;
2024-01-03;KRATIK.ru;
2024-01-03;KRAZL-ML.ru;
2024-01-03;KREDIT-MIR.ru;
2024-01-03;KREDIT-STAY.ru;
2024-01-03;KRIMINALNOEPROSHLOE.ru;
2024-01-03;KRIVELSKIY.ru;
2024-01-03;KRUPILAD.ru;
2024-01-03;KSILENT.ru;
2024-01-03;KSP-MT.ru;
2024-01-03;KUBAI-FINANCE.ru;
2024-01-03;KUBANSKAYAPASEKA.ru;
2024-01-03;KUBASOVAREPETIT.ru;
2024-01-03;KUHNI-161.ru;
2024-01-03;KUHNI-CHERNOZEMIE.ru;
2024-01-03;KUHNYA-DESIGN-MK-PROEKT.ru;
2024-01-03;KUHNYA-DESIGN-MKPROEKT.ru;
2024-01-03;KUHNYA-DESIGNMK-PROEKT.ru;
2024-01-03;KUHNYA-DESIGNMKPROEKT.ru;
2024-01-03;KUHNYADESIGN-MK-PROEKT.ru;
2024-01-03;KUHNYADESIGN-MKPROEKT.ru;
2024-01-03;KUHNYADESIGNMK-PROEKT.ru;
2024-01-03;KUHNYADESIGNMKPROEKT.ru;
2024-01-03;KULISH27.ru;
2024-01-03;KUPIT-HAABAROVSK-MEDSPRAVKI.ru;
2024-01-03;KUPIT-VLADIVOSTOK-MEEDSPRAVKI.ru;
2024-01-03;KUPUT-KARTINU.ru;
2024-01-03;KUPUTKARTINU.ru;
2024-01-03;KURIE7237.ru;
2024-01-03;KURIE7238.ru;
2024-01-03;KURIER-YANDEXEDA.ru;
2024-01-03;KURIER7378.ru;
2024-01-03;KURSK-DOSUG.ru;
2024-01-03;KURSK-PUTANA.ru;
2024-01-03;KURSKK-MULTIMED.ru;
2024-01-03;KURTIZANKI-ANAPA.ru;
2024-01-03;KURUSH-BOOK.ru;
2024-01-03;KUTUZOVA15.ru;
2024-01-03;KUZ9000.ru;
2024-01-03;KUZMICHEVA-7.ru;
2024-01-03;KUZNETSOVDENIS76.ru;
2024-01-03;KVADRATPIFAGORA.ru;
2024-01-03;KVARTIRA-NA-SEVERNOM-KIPRE.ru;
2024-01-03;KVIDIK.ru;
2024-01-03;KVIPROKVO.ru;
2024-01-03;KVKZN.ru;
2024-01-03;KYBG.ru;
2024-01-03;L2ONS.ru;
2024-01-03;LA2-ARES.ru;
2024-01-03;LADY-CLUB0127.ru;
2024-01-03;LALILO.ru;
2024-01-03;LAMODACORP.ru;
2024-01-03;LANA-LADO.ru;
2024-01-03;LAREVECA.ru;
2024-01-03;LARTAB.ru;
2024-01-03;LASKA2000.ru;
2024-01-03;LATEGO.ru;
2024-01-03;LAWANGEL.ru;
2024-01-03;LAYSFAN.ru;
2024-01-03;LAZARLINEIKA.ru;
2024-01-03;LC-170.ru;
2024-01-03;LC170.ru;
2024-01-03;LD-57239.ru;
2024-01-03;LEAFMC.ru;
2024-01-03;LEDYS-BEAUTY.ru;
2024-01-03;LEEGO.ru;
2024-01-03;LELDER.ru;
2024-01-03;LEMAX-RUSSIA.ru;
2024-01-03;LEODARSH.ru;
2024-01-03;LEONBUKET.ru;
2024-01-03;LEONMGDN.ru;
2024-01-03;LESHUKOVA-7.ru;
2024-01-03;LESNAYA-SKAZKA09.ru;
2024-01-03;LETS-MEET.ru;
2024-01-03;LEVIKOR.ru;
2024-01-03;LEYKHTER.ru;
2024-01-03;LEZGIYAR.ru;
2024-01-03;LFASTRAH.ru;
2024-01-03;LFEODOR.ru;
2024-01-03;LICHI-SHOP.ru;
2024-01-03;LIFTINDUSTRIAL.ru;
2024-01-03;LIHANOV-1.ru;
2024-01-03;LIKE-EVENTS.ru;
2024-01-03;LIKEEVENTS.ru;
2024-01-03;LIKEMEEEE.ru;
2024-01-03;LIMBOGOR.ru;
2024-01-03;LINK-HR.ru;
2024-01-03;LINUXFORYOU.ru;
2024-01-03;LIONELLE.ru;
2024-01-03;LIPOVANKA.ru;
2024-01-03;LITTLEROCKROLL.ru;
2024-01-03;LKAVSK.ru;
2024-01-03;LLLIME.ru;
2024-01-03;LMONETERTH.ru;
2024-01-03;LND-PROD.ru;
2024-01-03;LOFTIZBA.ru;
2024-01-03;LOFTMAC.ru;
2024-01-03;LOLOPEPE.ru;
2024-01-03;LOM-METAL-PITER-PRIEM.ru;
2024-01-03;LOM-METAL-PITERPRIEM.ru;
2024-01-03;LOM-METALPITER-PRIEM.ru;
2024-01-03;LOM-METALPITERPRIEM.ru;
2024-01-03;LOM-PITER-METAL-PRIEM.ru;
2024-01-03;LOM-PITER-METALPRIEM.ru;
2024-01-03;LOM-PITER-PRIEM-METAL.ru;
2024-01-03;LOM-PITER-PRIEMMETAL.ru;
2024-01-03;LOM-PITERMETAL-PRIEM.ru;
2024-01-03;LOM-PITERMETALPRIEM.ru;
2024-01-03;LOM-PITERPRIEM-METAL.ru;
2024-01-03;LOM-PITERPRIEMMETAL.ru;
2024-01-03;LOMMETAL-PITER-PRIEM.ru;
2024-01-03;LOMMETAL-PITERPRIEM.ru;
2024-01-03;LOMMETALPITER-PRIEM.ru;
2024-01-03;LOMMETALPITERPRIEM.ru;
2024-01-03;LOMPITER-METAL-PRIEM.ru;
2024-01-03;LOMPITER-METALPRIEM.ru;
2024-01-03;LOMPITER-PRIEM-METAL.ru;
2024-01-03;LOMPITER-PRIEMMETAL.ru;
2024-01-03;LOMPITERMETAL-PRIEM.ru;
2024-01-03;LOMPITERMETALPRIEM.ru;
2024-01-03;LOMPITERPRIEM-METAL.ru;
2024-01-03;LOMPITERPRIEMMETAL.ru;
2024-01-03;LONE-SERVER.ru;
2024-01-03;LONGBRANCHBOURBON.ru;
2024-01-03;LORSHACHNEV.ru;
2024-01-03;LOTOIVLEEVA.ru;
2024-01-03;LOVE-SUITS.ru;
2024-01-03;LOVELEAD.ru;
2024-01-03;LOVESCRAFT.ru;
2024-01-03;LOVIANA.ru;
2024-01-03;LSGUD.ru;
2024-01-03;LSPOTOLKI.ru;
2024-01-03;LTAMI.ru;
2024-01-03;LUBOVSH.ru;
2024-01-03;LUCHSHIJ-IRRIGATOR.ru;
2024-01-03;LUCKI-JET.ru;
2024-01-03;LUKOVECKOE.ru;
2024-01-03;LUKUM-KRD.ru;
2024-01-03;LUX-STUFF.ru;
2024-01-03;LUXURYMAGG.ru;
2024-01-03;LUXURYMAGICC.ru;
2024-01-03;LVIRINA.ru;
2024-01-03;LVOVALEXEY.ru;
2024-01-03;LYOLLIX.ru;
2024-01-03;LYRURUS.ru;
2024-01-03;M6KA.ru;
2024-01-03;MA-CARDS.ru;
2024-01-03;MAEVK.ru;
2024-01-03;MAGAZIN-FLAGOV.ru;
2024-01-03;MAGAZIN-RUSSIA.ru;
2024-01-03;MAGAZIN-TOP.ru;
2024-01-03;MAIAC.ru;
2024-01-03;MAILUK.ru;
2024-01-03;MAKERSMOSCOW.ru;
2024-01-03;MAKERSSS.ru;
2024-01-03;MAKKIRSANV.ru;
2024-01-03;MAKVERTONSLEW.ru;
2024-01-03;MALASHEV.ru;
2024-01-03;MALINOVSSKAYA.ru;
2024-01-03;MALOFEEF.ru;
2024-01-03;MALTALETTER.ru;
2024-01-03;MALTASERVICE.ru;
2024-01-03;MALYSHEV-INFO.ru;
2024-01-03;MAMJCHKA25.ru;
2024-01-03;MANESCORT.ru;
2024-01-03;MANOOK20.ru;
2024-01-03;MANYJOB.ru;
2024-01-03;MARGARITASHVETS.ru;
2024-01-03;MARIMURO.ru;
2024-01-03;MARINA-DAVYDOVA.ru;
2024-01-03;MARINCEK.ru;
2024-01-03;MARINDGAN79.ru;
2024-01-03;MARINE-PROJECT-TEST.ru;
2024-01-03;MARIXNODES.ru;
2024-01-03;MARJANA-GOS.ru;
2024-01-03;MARKETPLACEGOODS.ru;
2024-01-03;MARVESTGROUPE.ru;
2024-01-03;MASHABYROVA.ru;
2024-01-03;MASLO-75W90.ru;
2024-01-03;MASLO-HVLP.ru;
2024-01-03;MASLO-IGP.ru;
2024-01-03;MASLO-PROMYVOCHNOE.ru;
2024-01-03;MASTER-DELETE.ru;
2024-01-03;MASTERCH.ru;
2024-01-03;MATURKEN.ru;
2024-01-03;MATYFUN.ru;
2024-01-03;MAXKTAXI.ru;
2024-01-03;MBHAJIN.ru;
2024-01-03;MBPLEGAL.ru;
2024-01-03;MBTIME.ru;
2024-01-03;MBURYKINA.ru;
2024-01-03;MEBEL-30.ru;
2024-01-03;MEBEL-NA-ZAKAZ-LUGANSK.ru;
2024-01-03;MEBELVOVA.ru;
2024-01-03;MECHTABRAND.ru;
2024-01-03;MEDICALSOL.ru;
2024-01-03;MEDITCINSKIY-CENTR.ru;
2024-01-03;MEDKNIGKI-V-NOOVOSIBIRSKE.ru;
2024-01-03;MEDKNIGKII54.ru;
2024-01-03;MEDKNIZHKU-NOVOSIBIIRSK.ru;
2024-01-03;MEDSPRAV-IN-OMMSK.ru;
2024-01-03;MEDSPRAVKI-MEDKNIGKII-V-OMSKE.ru;
2024-01-03;MEDVEDEV-BORIS.ru;
2024-01-03;MEDVEDEV2042.ru;
2024-01-03;MEEDSPRAVKI55-ZAKAZ.ru;
2024-01-03;MEGA-PLANE.ru;
2024-01-03;MEGAFEER.ru;
2024-01-03;MEHMANJAFARI.ru;
2024-01-03;MEINTEKRI.ru;
2024-01-03;MEMBES2024.ru;
2024-01-03;MEPARTNERTEAM.ru;
2024-01-03;MERCHDIVISION.ru;
2024-01-03;MERCHWAVE.ru;
2024-01-03;METALMARTCO.ru;
2024-01-03;METARENDA.ru;
2024-01-03;METEO-GIS.ru;
2024-01-03;MEZANA.ru;
2024-01-03;MFOSHKI.ru;
2024-01-03;MG-MINE-GAAMER.ru;
2024-01-03;MGANENKOVA.ru;
2024-01-03;MGK-ALLIANCE.ru;
2024-01-03;MGVOZD.ru;
2024-01-03;MIABUILD.ru;
2024-01-03;MIACOMENANT.ru;
2024-01-03;MIDAMA.ru;
2024-01-03;MIDNIGHTINC.ru;
2024-01-03;MIFA1973.ru;
2024-01-03;MIHAJLUKOV.ru;
2024-01-03;MIHALEV-1.ru;
2024-01-03;MIKE-AROUND.ru;
2024-01-03;MIKHA-PRO.ru;
2024-01-03;MIKS-ELECTROKARTING.ru;
2024-01-03;MILLENNIUM-RUSSIA.ru;
2024-01-03;MILLIONROADS.ru;
2024-01-03;MINDRULEVA.ru;
2024-01-03;MINIPILA-ACCUM.ru;
2024-01-03;MINTGO.ru;
2024-01-03;MIQOBRAND.ru;
2024-01-03;MIR-SOBACK.ru;
2024-01-03;MIRAFOKS.ru;
2024-01-03;MIRANUBIS.ru;
2024-01-03;MIRECHI.ru;
2024-01-03;MIRKAPITANOV.ru;
2024-01-03;MIRRECHI.ru;
2024-01-03;MIRYANOCHKA.ru;
2024-01-03;MIRZVYKOV.ru;
2024-01-03;MISEL-PRO.ru;
2024-01-03;MISS-XS.ru;
2024-01-03;MISTAYODA.ru;
2024-01-03;MISTERIA2010.ru;
2024-01-03;MITLG.ru;
2024-01-03;MITROXCLOUD.ru;
2024-01-03;MIXANARCHY.ru;
2024-01-03;MJY25.ru;
2024-01-03;MKKBABKI.ru;
2024-01-03;MMEOWW.ru;
2024-01-03;MNEX.ru;
2024-01-03;MNMACHINE.ru;
2024-01-03;MODVIK.ru;
2024-01-03;MOJSAD.ru;
2024-01-03;MOKDO.ru;
2024-01-03;MOKUR.ru;
2024-01-03;MOLDASH.ru;
2024-01-03;MONENIGHTCLUB.ru;
2024-01-03;MOOKRATIBOR.ru;
2024-01-03;MOONGO.ru;
2024-01-03;MOONHACK.ru;
2024-01-03;MOOTERNARY.ru;
2024-01-03;MORE-FANTASY.ru;
2024-01-03;MOROZ-77.ru;
2024-01-03;MORT-GAMES.ru;
2024-01-03;MORTALHACKER.ru;
2024-01-03;MOSDERN.ru;
2024-01-03;MOSDOSUG4.ru;
2024-01-03;MOSSTALGRUPP.ru;
2024-01-03;MOTORSERVIC.ru;
2024-01-03;MOZHAEV-1.ru;
2024-01-03;MRJAZANOVA.ru;
2024-01-03;MRKVTS.ru;
2024-01-03;MSHAPOVALENKO.ru;
2024-01-03;MSHIKALOVA.ru;
2024-01-03;MSK-SIBENERGI.ru;
2024-01-03;MSOLNTSEVA.ru;
2024-01-03;MTAVIDEO.ru;
2024-01-03;MULTI-SERVIC.ru;
2024-01-03;MULTIDRONY.ru;
2024-01-03;MUMATY24GO.ru;
2024-01-03;MURATOVD.ru;
2024-01-03;MUSIC-IOS.ru;
2024-01-03;MUSSAGALIYEV.ru;
2024-01-03;MUSYLMAN.ru;
2024-01-03;MY-BEAUTIFUL.ru;
2024-01-03;MY-PGUPS.ru;
2024-01-03;MY-WORKSTUDIO.ru;
2024-01-03;MYDENT73.ru;
2024-01-03;MYDOGISBORYAHVH.ru;
2024-01-03;MYFOORSOFK.ru;
2024-01-03;MYGAME2.ru;
2024-01-03;MYGOLOSKAIFF2.ru;
2024-01-03;MYISTYLE.ru;
2024-01-03;MYPGUPS.ru;
2024-01-03;MYPLAYSTATION-CLUB.ru;
2024-01-03;MYREFORMA.ru;
2024-01-03;MYSMARTSHOP.ru;
2024-01-03;MYSSLEOSN.ru;
2024-01-03;MYSTICORB.ru;
2024-01-03;MYWEBMASTERQWE.ru;
2024-01-03;N-ELECTRICS.ru;
2024-01-03;NAKHOLME.ru;
2024-01-03;NAKOPETIAN.ru;
2024-01-03;NALOZNKA.ru;
2024-01-03;NAME4YOU.ru;
2024-01-03;NAMINAL.ru;
2024-01-03;NARID.ru;
2024-01-03;NARODE.ru;
2024-01-03;NASTROIKATO.ru;
2024-01-03;NASTYA-A.ru;
2024-01-03;NATALIA-SEMENOVA.ru;
2024-01-03;NATALIATREBOR.ru;
2024-01-03;NATALIAZIMENS.ru;
2024-01-03;NATI7ONOVA.ru;
2024-01-03;NATLI317-7.ru;
2024-01-03;NBOLKUNOVA.ru;
2024-01-03;NECHITAU.ru;
2024-01-03;NEFIMKINA.ru;
2024-01-03;NEIROFEED.ru;
2024-01-03;NEON1KS.ru;
2024-01-03;NEPERSONAJ.ru;
2024-01-03;NET-DOLZHNIKOFF.ru;
2024-01-03;NET-PRAV.ru;
2024-01-03;NETWORKELECTRICS.ru;
2024-01-03;NETWORKING34.ru;
2024-01-03;NEURO-DIETA.ru;
2024-01-03;NEURO-OASIS.ru;
2024-01-03;NEURO-SOLUTIONS.ru;
2024-01-03;NEUROSKAZ.ru;
2024-01-03;NEVAROTANG.ru;
2024-01-03;NEWLAND-DISCORD.ru;
2024-01-03;NEWSVS.ru;
2024-01-03;NICAMUNIFY.ru;
2024-01-03;NICULSHIN.ru;
2024-01-03;NIEKYABRAMOV.ru;
2024-01-03;NIK271195.ru;
2024-01-03;NIKITAGOGOLEV.ru;
2024-01-03;NIKKOMAROV.ru;
2024-01-03;NIKOLAIPAVLOVS.ru;
2024-01-03;NIKOLAJ-B.ru;
2024-01-03;NINAMINAEVA.ru;
2024-01-03;NINJANED.ru;
2024-01-03;NISOFTW.ru;
2024-01-03;NKARTINI.ru;
2024-01-03;NKATKOV.ru;
2024-01-03;NMERI1103.ru;
2024-01-03;NN-MED-SPRAVKII.ru;
2024-01-03;NODLEMAGAZIN.ru;
2024-01-03;NOKHOTA.ru;
2024-01-03;NOMYSE2024X.ru;
2024-01-03;NOSMOS.ru;
2024-01-03;NOVIKOVPRAVO.ru;
2024-01-03;NOVOGODNIE-RECEPTY.ru;
2024-01-03;NOVOSIBB-MEDKNIZJKI.ru;
2024-01-03;NOVOSIBIRSK-MEEDKNIGKI.ru;
2024-01-03;NOVOSIBIRSKIY-CIRQ.ru;
2024-01-03;NOVOSIBIRSKY-CIRQUE.ru;
2024-01-03;NPITOP.ru;
2024-01-03;NR-LINK.ru;
2024-01-03;NS-IIV.ru;
2024-01-03;NSHAROY.ru;
2024-01-03;NSKPRAVO.ru;
2024-01-03;NTARAZANOV.ru;
2024-01-03;NUMERYES2024.ru;
2024-01-03;NURIYA-AGLIULLINA.ru;
2024-01-03;O-LAZAREVA.ru;
2024-01-03;OBAJAN.ru;
2024-01-03;OBRABOTKA-OT-KLOPOV.ru;
2024-01-03;OBUKATOVA.ru;
2024-01-03;OCENKA-KRASNODAR.ru;
2024-01-03;OCHKINO.ru;
2024-01-03;ODLSERVER.ru;
2024-01-03;OESINA.ru;
2024-01-03;OFD-ORD2201.ru;
2024-01-03;OFD-ORD2918.ru;
2024-01-03;OFD-ORD3182.ru;
2024-01-03;OFD-ORD3356.ru;
2024-01-03;OFD-ORD6349.ru;
2024-01-03;OFD-ORD6880.ru;
2024-01-03;OFD-ORD7072.ru;
2024-01-03;OFD-ORD8233.ru;
2024-01-03;OFD-ORD8732.ru;
2024-01-03;OFD-ORD9600.ru;
2024-01-03;OFD-ORD9708.ru;
2024-01-03;OFD-ORD9805.ru;
2024-01-03;OFD1784.ru;
2024-01-03;OFD4519.ru;
2024-01-03;OFD5055.ru;
2024-01-03;OFFERSOTBANKOV.ru;
2024-01-03;OFFRE-SPECIAL.ru;
2024-01-03;OFISN.ru;
2024-01-03;OGNEVECA.ru;
2024-01-03;OISHAR.ru;
2024-01-03;OKMMSK.ru;
2024-01-03;OKNA-PROBLEM-NET.ru;
2024-01-03;OKNAOMEGA.ru;
2024-01-03;OKNICEMAN.ru;
2024-01-03;OKOLEYLO.ru;
2024-01-03;OLEG-MARTYNOV.ru;
2024-01-03;OLEGPETROV.ru;
2024-01-03;OLEGSAVELO.ru;
2024-01-03;OMITORTERH.ru;
2024-01-03;OMODA-AVN.ru;
2024-01-03;OMODA-MSK-BALTAUTO.ru;
2024-01-03;OMODEJURNAL.ru;
2024-01-03;ONESPIN.ru;
2024-01-03;ONETOTWELVE.ru;
2024-01-03;ONLYBESTSERVER.ru;
2024-01-03;ONLYRARE.ru;
2024-01-03;OOOBULAVA.ru;
2024-01-03;OOOOOOOOOOOO.ru;
2024-01-03;OP-DONATE.ru;
2024-01-03;OPENGO2024.ru;
2024-01-03;OPENMINDBOT.ru;
2024-01-03;OPENMINDE.ru;
2024-01-03;OPLATA7481.ru;
2024-01-03;OPLATA7482.ru;
2024-01-03;OPROS21.ru;
2024-01-03;OPTIK-24.ru;
2024-01-03;OPTIKS-24.ru;
2024-01-03;OPTO-PHONE.ru;
2024-01-03;ORANGEZAGAR.ru;
2024-01-03;ORD-24727.ru;
2024-01-03;ORD-24740.ru;
2024-01-03;ORD-24741.ru;
2024-01-03;ORD-24836.ru;
2024-01-03;ORDER-1316.ru;
2024-01-03;ORDER-4630.ru;
2024-01-03;ORDER-8443.ru;
2024-01-03;ORDER0247.ru;
2024-01-03;ORDER0581.ru;
2024-01-03;ORDER0689.ru;
2024-01-03;ORDER0948.ru;
2024-01-03;ORDER4078.ru;
2024-01-03;ORDER6901.ru;
2024-01-03;ORDER8476.ru;
2024-01-03;ORDER8501.ru;
2024-01-03;ORDER9041.ru;
2024-01-03;OREOS2024.ru;
2024-01-03;ORGANIC-FAMILY.ru;
2024-01-03;ORIONMETIPRED.ru;
2024-01-03;OSAGO-MIR.ru;
2024-01-03;OSIRIA.ru;
2024-01-03;OSTDEUTSCHLAND.ru;
2024-01-03;OTELIDESHEVO.ru;
2024-01-03;OTEVGENI-JEWERLY.ru;
2024-01-03;OTNOSHENIA-PRACTICE.ru;
2024-01-03;OTOPLENUEDOMA.ru;
2024-01-03;OUTLETPOSUDY.ru;
2024-01-03;OVERVOLTAGE.ru;
2024-01-03;OVINGUIDEN.ru;
2024-01-03;OVL-MEDIA.ru;
2024-01-03;OYSHAR.ru;
2024-01-03;OZEMPIC-SEMAVIC.ru;
2024-01-03;P6-UCOZ.ru;
2024-01-03;PACIF.ru;
2024-01-03;PAG3.ru;
2024-01-03;PAGE-2189.ru;
2024-01-03;PANDADRIVE.ru;
2024-01-03;PANDORAMGN.ru;
2024-01-03;PANTALONES.ru;
2024-01-03;PANTALONESTEQUILA.ru;
2024-01-03;PAPER-TIME.ru;
2024-01-03;PARADIZ-RESTAURANT.ru;
2024-01-03;PARALLELIMPORTA.ru;
2024-01-03;PARANKIN.ru;
2024-01-03;PATIMARKET.ru;
2024-01-03;PATRIKILOVERS.ru;
2024-01-03;PATTERNCREATOR.ru;
2024-01-03;PAV1.ru;
2024-01-03;PAVLUIKOVSAR.ru;
2024-01-03;PAY-ID653412.ru;
2024-01-03;PAY-ID867443.ru;
2024-01-03;PAY-ID928451.ru;
2024-01-03;PAYD07.ru;
2024-01-03;PAYFOR2024.ru;
2024-01-03;PAYLOUVE.ru;
2024-01-03;PAYMENT-243.ru;
2024-01-03;PAYMENT-245.ru;
2024-01-03;PAYMENT-246.ru;
2024-01-03;PAYMENT-247.ru;
2024-01-03;PAYRELOVUS.ru;
2024-01-03;PAYTOSBER.ru;
2024-01-03;PB-STUDIO44.ru;
2024-01-03;PBOLDAREV.ru;
2024-01-03;PEANUWUT.ru;
2024-01-03;PELYYYAAA.ru;
2024-01-03;PERESVET12.ru;
2024-01-03;PEREVOD-XIAOLONGBAO.ru;
2024-01-03;PERS-GROUP.ru;
2024-01-03;PERS-STORE.ru;
2024-01-03;PERSONAL-GARDEN.ru;
2024-01-03;PERSONAL-VALUER.ru;
2024-01-03;PETANDRENT.ru;
2024-01-03;PETHOLIDAY.ru;
2024-01-03;PETKREMACIA.ru;
2024-01-03;PETRAKARIN.ru;
2024-01-03;PETVACATION.ru;
2024-01-03;PEV56.ru;
2024-01-03;PGIPS.ru;
2024-01-03;PGYPS.ru;
2024-01-03;PHARMADRIVE.ru;
2024-01-03;PHILIPPINEESS.ru;
2024-01-03;PHLORIVER.ru;
2024-01-03;PHOTO-MAGIK.ru;
2024-01-03;PHOTOEKA.ru;
2024-01-03;PHUKET-TRANSFER.ru;
2024-01-03;PHYSMATH-ONLINE.ru;
2024-01-03;PHYTYRA.ru;
2024-01-03;PIANO-JAZZ.ru;
2024-01-03;PIKPED.ru;
2024-01-03;PINUP24.ru;
2024-01-03;PITERSMM.ru;
2024-01-03;PIXAJET.ru;
2024-01-03;PIZZA11.ru;
2024-01-03;PIZZA83.ru;
2024-01-03;PIZZA86.ru;
2024-01-03;PIZZA89.ru;
2024-01-03;PKRIKOVA.ru;
2024-01-03;PLANTGO.ru;
2024-01-03;PLASMIN.ru;
2024-01-03;PLASTICPENZA.ru;
2024-01-03;PLASTICPNZ.ru;
2024-01-03;PLATIMARCET.ru;
2024-01-03;PLATIMARKER.ru;
2024-01-03;PLAYBOYMOSCOW.ru;
2024-01-03;PLAYGEIMS.ru;
2024-01-03;PLAYLEO.ru;
2024-01-03;PLERES.ru;
2024-01-03;PLUS-1WIN.ru;
2024-01-03;PLUSHINA.ru;
2024-01-03;PNEVMOFF.ru;
2024-01-03;PNG-DESIGN.ru;
2024-01-03;POCHEMUYA.ru;
2024-01-03;POCHTA-PODSTAVKIN.ru;
2024-01-03;PODOLOG-KUDROVA.ru;
2024-01-03;PODSFBGTE.ru;
2024-01-03;POINTER-TOUR.ru;
2024-01-03;POISONN.ru;
2024-01-03;POPIK2023.ru;
2024-01-03;POPTUS.ru;
2024-01-03;POPUSH.ru;
2024-01-03;PORTALELPTS.ru;
2024-01-03;PORTLSTROU.ru;
2024-01-03;POSHATOV.ru;
2024-01-03;POSPUCH.ru;
2024-01-03;POSPUH.ru;
2024-01-03;POSTGUARD.ru;
2024-01-03;POSTPUSH.ru;
2024-01-03;POTAPOVAOLGAVLADIMIROVNA.ru;
2024-01-03;POZYTRONA.ru;
2024-01-03;PPLAUTH.ru;
2024-01-03;PRACTICAL-ENGINEERS.ru;
2024-01-03;PRANKINO.ru;
2024-01-03;PRIME-PRODUCTION.ru;
2024-01-03;PRIMEGARDENS.ru;
2024-01-03;PRIMOCLIMA-RUSSIA.ru;
2024-01-03;PRISHEPA.ru;
2024-01-03;PRIVETYADOMA.ru;
2024-01-03;PRIVGIRL.ru;
2024-01-03;PRIZE-METRO-CC.ru;
2024-01-03;PRIZE-VTB.ru;
2024-01-03;PRIZOTIVLEEVOY.ru;
2024-01-03;PRO-IAM.ru;
2024-01-03;PRO-PUSHKINA.ru;
2024-01-03;PRO-VKLAD.ru;
2024-01-03;PROARENA-CS.ru;
2024-01-03;PROEKTWEBSETIMLM.ru;
2024-01-03;PROFATTESTATGROUP.ru;
2024-01-03;PROFESSEUR96.ru;
2024-01-03;PROFICITE.ru;
2024-01-03;PROFMETALL70.ru;
2024-01-03;PROFMOTIVATION.ru;
2024-01-03;PROFTIKET.ru;
2024-01-03;PROGRUZZ.ru;
2024-01-03;PROKOPJUK-1.ru;
2024-01-03;PROKOPOVS.ru;
2024-01-03;PROKSISHOP.ru;
2024-01-03;PROMOAVIANCA-ANIVERSARIO.ru;
2024-01-03;PRONIN-DESIGN.ru;
2024-01-03;PROPACK05.ru;
2024-01-03;PROPADS.ru;
2024-01-03;PROPOKUPKIPLUS.ru;
2024-01-03;PROSPERO-STORE.ru;
2024-01-03;PROSTAWKI.ru;
2024-01-03;PROSTITUTKA-ASTRAHANI.ru;
2024-01-03;PROSTITUTKAASTRAHANI.ru;
2024-01-03;PROSTITUTKI--KURSKA.ru;
2024-01-03;PROSTITUTKI-ANAPA1.ru;
2024-01-03;PROSTITUTKI-KURSK.ru;
2024-01-03;PROSTITUTKI-KURSKA.ru;
2024-01-03;PROSTITUTKI-VLADIMIRA.ru;
2024-01-03;PROSTITUTKIBARNAUL.ru;
2024-01-03;PROSTITUTKIEKATERINBURG.ru;
2024-01-03;PROSTITUTKIKURSKA.ru;
2024-01-03;PROTEZ54.ru;
2024-01-03;PROVERKIN24.ru;
2024-01-03;PROVKLAD.ru;
2024-01-03;PSHEVSKIJ.ru;
2024-01-03;PSIHOLOGMUZH.ru;
2024-01-03;PSIHOLOGSOROKINA.ru;
2024-01-03;PSKDIR.ru;
2024-01-03;PSKOV-KEY.ru;
2024-01-03;PSY-LECTORII.ru;
2024-01-03;PSYCHOLOG-IRINA-YULDASHEVA.ru;
2024-01-03;PSYNORMANN.ru;
2024-01-03;PUDRAZHENS.ru;
2024-01-03;PUKHOVTRAVEL.ru;
2024-01-03;PURELYCREAMY.ru;
2024-01-03;PUTIN-WORK.ru;
2024-01-03;PV17.ru;
2024-01-03;PYATACH.ru;
2024-01-03;PYSKAYOUDIMVN.ru;
2024-01-03;PYTTN.ru;
2024-01-03;QEQK.ru;
2024-01-03;QMNIA.ru;
2024-01-03;QR-SITE.ru;
2024-01-03;QUAKELANDS.ru;
2024-01-03;RABOTAI24.ru;
2024-01-03;RABOTAKURYER.ru;
2024-01-03;RADIANT-DOM.ru;
2024-01-03;RADIANTCREAMS.ru;
2024-01-03;RADMIRTINS.ru;
2024-01-03;RAKISAIONJI.ru;
2024-01-03;RAMAZANOV-WEB.ru;
2024-01-03;RAMENBETRU.ru;
2024-01-03;RAMNDEWOO.ru;
2024-01-03;RAMOZA.ru;
2024-01-03;RANDEVO.ru;
2024-01-03;RANDEVUU.ru;
2024-01-03;RANDOWOO.ru;
2024-01-03;RASSADAIRK.ru;
2024-01-03;RASSAN.ru;
2024-01-03;RASTAMANTALES.ru;
2024-01-03;RAT-KZ.ru;
2024-01-03;RAVWORLD.ru;
2024-01-03;RAZAVTO.ru;
2024-01-03;RAZGOVORCLUB.ru;
2024-01-03;RBC-FRANSHIZA.ru;
2024-01-03;RBOYKOV.ru;
2024-01-03;RBP63841.ru;
2024-01-03;RCWCA.ru;
2024-01-03;RDI-STUDIOS.ru;
2024-01-03;RDN24.ru;
2024-01-03;RDONNE.ru;
2024-01-03;RDROBOTOV.ru;
2024-01-03;REALTY-G.ru;
2024-01-03;REANDEWOO.ru;
2024-01-03;RECEPTYROSTA.ru;
2024-01-03;RECITATIV.ru;
2024-01-03;REFAKTORING.ru;
2024-01-03;RELAX35.ru;
2024-01-03;REMBURTECH.ru;
2024-01-03;REMONTOSEY.ru;
2024-01-03;REMSTEEL.ru;
2024-01-03;RENDEWU.ru;
2024-01-03;RENDEZVOUSINFO.ru;
2024-01-03;RENDTIME.ru;
2024-01-03;RENFIL.ru;
2024-01-03;REPLICACROSS.ru;
2024-01-03;REQISTRAD.ru;
2024-01-03;RESMASH1.ru;
2024-01-03;RESOURCESTRATEGIES.ru;
2024-01-03;RESTYLE74.ru;
2024-01-03;REVARB-FF-QARINA.ru;
2024-01-03;REWERDS-FF-QARENA.ru;
2024-01-03;REZERVUS.ru;
2024-01-03;RICHINVESTSOCHI.ru;
2024-01-03;RIGHKOVAEKATERINA.ru;
2024-01-03;RIGURENA.ru;
2024-01-03;RIHORD-ZORGE.ru;
2024-01-03;RIHORDZORGE.ru;
2024-01-03;RINOKONLINE.ru;
2024-01-03;RIORISE.ru;
2024-01-03;RITAPOPOVA28.ru;
2024-01-03;RIYA-PSIHOLOG.ru;
2024-01-03;RNDEWOO.ru;
2024-01-03;ROBKY.ru;
2024-01-03;ROLLNPIZZA.ru;
2024-01-03;ROM-SHOP.ru;
2024-01-03;ROOMAKE2015.ru;
2024-01-03;ROONGRIEF.ru;
2024-01-03;ROOT777.ru;
2024-01-03;ROOTNOTCREATIONS.ru;
2024-01-03;ROSMA-RUSSIA.ru;
2024-01-03;ROSPALET.ru;
2024-01-03;ROSSIA19K.ru;
2024-01-03;ROTANATOUR.ru;
2024-01-03;RROSTA.ru;
2024-01-03;RRVAHITOV.ru;
2024-01-03;RU-2024OPLATA.ru;
2024-01-03;RU-ID8456.ru;
2024-01-03;RU-SECURITY8858.ru;
2024-01-03;RUK-CUTTERS.ru;
2024-01-03;RURSG.ru;
2024-01-03;RUS-2167.ru;
2024-01-03;RUS-OPT-TORG.ru;
2024-01-03;RUSSIA-RELAX-RP.ru;
2024-01-03;RUSSIANPREMIUM-IKRA.ru;
2024-01-03;RUSTLINGLEAF.ru;
2024-01-03;RUSTY7UP.ru;
2024-01-03;RUZASUP.ru;
2024-01-03;RUZBASE.ru;
2024-01-03;RWSA.ru;
2024-01-03;RYSIEVA.ru;
2024-01-03;RZNORLOV.ru;
2024-01-03;SALAMATKINA.ru;
2024-01-03;SALE-22.ru;
2024-01-03;SALEMASH.ru;
2024-01-03;SALIKOV-7.ru;
2024-01-03;SALLANA3.ru;
2024-01-03;SALLOVATO.ru;
2024-01-03;SALONSBASE.ru;
2024-01-03;SAMKUH.ru;
2024-01-03;SANDUSHNILAS.ru;
2024-01-03;SANTESIN.ru;
2024-01-03;SARACHINA.ru;
2024-01-03;SARAYAN.ru;
2024-01-03;SARIN-PRODUCTION.ru;
2024-01-03;SARMATSTORE.ru;
2024-01-03;SATAIDANA.ru;
2024-01-03;SATTIKA.ru;
2024-01-03;SAVIN-DESIGN.ru;
2024-01-03;SBDKONKYRS.ru;
2024-01-03;SBRG1.ru;
2024-01-03;SBRGEL.ru;
2024-01-03;SDELKA7368.ru;
2024-01-03;SDKONRYRS.ru;
2024-01-03;SDUBOVA.ru;
2024-01-03;SECRETYOUTUBEROOM.ru;
2024-01-03;SEDOVRE.ru;
2024-01-03;SELVAREY.ru;
2024-01-03;SEMENOVAS.ru;
2024-01-03;SEMRUST.ru;
2024-01-03;SENRK.ru;
2024-01-03;SEO-FOMIN.ru;
2024-01-03;SEOPULL.ru;
2024-01-03;SEREGEYBON.ru;
2024-01-03;SERVICE-4579.ru;
2024-01-03;SERVICE-TOTO.ru;
2024-01-03;SERVICECENTRE31.ru;
2024-01-03;SERVICFA.ru;
2024-01-03;SETUPGAMESERVER.ru;
2024-01-03;SEVASTOPOL-DENISOW.ru;
2024-01-03;SEVERA-GROUP.ru;
2024-01-03;SEVERSRV.ru;
2024-01-03;SEVNAS.ru;
2024-01-03;SFG22.ru;
2024-01-03;SH-NOV.ru;
2024-01-03;SH12-ZAOZERNOE.ru;
2024-01-03;SHABAKINA-1.ru;
2024-01-03;SHABIR-ABEDI.ru;
2024-01-03;SHAHOVA-PRO.ru;
2024-01-03;SHARKESIGN.ru;
2024-01-03;SHENKOV.ru;
2024-01-03;SHIFTYA.ru;
2024-01-03;SHLAKOBLOKLG.ru;
2024-01-03;SHOFU-MEISINGER.ru;
2024-01-03;SHPILEVSKII.ru;
2024-01-03;SILA-KAVKAZA.ru;
2024-01-03;SILENCECHEATS.ru;
2024-01-03;SILKSKINCARE.ru;
2024-01-03;SIMKABEZLIMITKA.ru;
2024-01-03;SIMPIK.ru;
2024-01-03;SINENIKOLSKY.ru;
2024-01-03;SIPERKASSA.ru;
2024-01-03;SIPTEQUILA.ru;
2024-01-03;SK-DIPLOM.ru;
2024-01-03;SK-DOMMECHTY53.ru;
2024-01-03;SKAROVSKY.ru;
2024-01-03;SKBEATMUSICPRODUCER.ru;
2024-01-03;SKOBETS.ru;
2024-01-03;SKOLKOVOLIFE.ru;
2024-01-03;SKORNIAKOV.ru;
2024-01-03;SKY05.ru;
2024-01-03;SKYWHOISTHIS.ru;
2024-01-03;SLAVA-KOROLEV.ru;
2024-01-03;SLAVICGIRL.ru;
2024-01-03;SLAVYANSKAYADEVOCHKA.ru;
2024-01-03;SLLOVO-PACANA.ru;
2024-01-03;SLLOVO-PACANNA.ru;
2024-01-03;SLOVO-PACAANA-2.ru;
2024-01-03;SLOVO-PACAANA2.ru;
2024-01-03;SLOVO-PACAANA2-8.ru;
2024-01-03;SLOVO-PACONAA.ru;
2024-01-03;SLOVO-PACONAS.ru;
2024-01-03;SLOVOPACANABA.ru;
2024-01-03;SLOVOPACANEE.ru;
2024-01-03;SLOVOPACANGT.ru;
2024-01-03;SLOVOPACANOE.ru;
2024-01-03;SLOVOPACANQE.ru;
2024-01-03;SLOVOPACANRA.ru;
2024-01-03;SLOVOPACANRU.ru;
2024-01-03;SLOVOPACANUT.ru;
2024-01-03;SLOVOPACANVEN.ru;
2024-01-03;SLOVOPACANVES.ru;
2024-01-03;SLOVOPACONBE.ru;
2024-01-03;SLOVOPACONHE.ru;
2024-01-03;SLOVOSIBIRI.ru;
2024-01-03;SLOVOZAYM.ru;
2024-01-03;SLYMOFOR.ru;
2024-01-03;SM-DPK.ru;
2024-01-03;SMARTHOMEASSISTANT.ru;
2024-01-03;SMARTLEARNINGTECH.ru;
2024-01-03;SMAZKA-LITOL.ru;
2024-01-03;SMAZKA-SOLIDOL.ru;
2024-01-03;SMAZOCHNYE-MATERIALY.ru;
2024-01-03;SMELL690.ru;
2024-01-03;SMISMILE.ru;
2024-01-03;SMMNET.ru;
2024-01-03;SMMRRR.ru;
2024-01-03;SMOBILE-SERVICE.ru;
2024-01-03;SMOLENSK-POLIFASAD.ru;
2024-01-03;SMOTRING.ru;
2024-01-03;SNFSX.ru;
2024-01-03;SNITCHES.ru;
2024-01-03;SNOWFOLD.ru;
2024-01-03;SNV-FACORY.ru;
2024-01-03;SNV-FACTORY.ru;
2024-01-03;SOBERGO.ru;
2024-01-03;SOCHIGUSEVA.ru;
2024-01-03;SOFASMM.ru;
2024-01-03;SOFIMANI.ru;
2024-01-03;SOFKMYRU.ru;
2024-01-03;SOLNUMAO.ru;
2024-01-03;SOLOHINA.ru;
2024-01-03;SOMETESTSETC.ru;
2024-01-03;SOMMELIER-SPA.ru;
2024-01-03;SONDERSTORE.ru;
2024-01-03;SONSVETLANA.ru;
2024-01-03;SOQAZ.ru;
2024-01-03;SOTEKA.ru;
2024-01-03;SOUT-PRIM.ru;
2024-01-03;SOVINVARTOUR.ru;
2024-01-03;SOZM.ru;
2024-01-03;SP-KUST.ru;
2024-01-03;SPA-TANTRA.ru;
2024-01-03;SPACE-GOLUBOVA.ru;
2024-01-03;SPACE-MACE.ru;
2024-01-03;SPAPARUS.ru;
2024-01-03;SPAS-NA-DNEPRE.ru;
2024-01-03;SPAWNP3.ru;
2024-01-03;SPETRADE.ru;
2024-01-03;SPKDZZ.ru;
2024-01-03;SPKTV.ru;
2024-01-03;SPLIT-YANDEX.ru;
2024-01-03;SPORTSCANNER.ru;
2024-01-03;SPOTBMX.ru;
2024-01-03;SPOTPARK.ru;
2024-01-03;SPRINTDRIVE.ru;
2024-01-03;SR-57.ru;
2024-01-03;SRAVNIVPS.ru;
2024-01-03;SREDALIFE.ru;
2024-01-03;SSARKISOVA.ru;
2024-01-03;SSCOPY.ru;
2024-01-03;STACYWEI.ru;
2024-01-03;STAFF-LEARNING.ru;
2024-01-03;STANDUP-TELLERS.ru;
2024-01-03;STANISLAVJUS.ru;
2024-01-03;STANKO-TOOLS.ru;
2024-01-03;STANMS.ru;
2024-01-03;STARTBIZON365.ru;
2024-01-03;STARTMVP.ru;
2024-01-03;STASIAKOKO.ru;
2024-01-03;STASOKPROD.ru;
2024-01-03;STAY-ESTATE.ru;
2024-01-03;STCLD.ru;
2024-01-03;STEAMVALUE.ru;
2024-01-03;STEMIRBOLOTOVA.ru;
2024-01-03;STERPUGOV.ru;
2024-01-03;STILLBOARD.ru;
2024-01-03;STOPS-SCAM.ru;
2024-01-03;STORIS101.ru;
2024-01-03;STORYRUST.ru;
2024-01-03;STRAH-OSAGO.ru;
2024-01-03;STRETCHINGSPB.ru;
2024-01-03;STROIKA40.ru;
2024-01-03;STROITELSVODOMOV.ru;
2024-01-03;STRSOA.ru;
2024-01-03;STTOUC.ru;
2024-01-03;SUD-ZA.ru;
2024-01-03;SUDANOV.ru;
2024-01-03;SUHAREVA-PRO.ru;
2024-01-03;SUMERGENOVA.ru;
2024-01-03;SUMKIGOLD.ru;
2024-01-03;SUMKINFM.ru;
2024-01-03;SUNFORK.ru;
2024-01-03;SUPERSITE04.ru;
2024-01-03;SURFIK.ru;
2024-01-03;SURFTIPS.ru;
2024-01-03;SUSHKOVKV.ru;
2024-01-03;SVEJENICA.ru;
2024-01-03;SVEJIANA.ru;
2024-01-03;SVETLANA-ONLINE.ru;
2024-01-03;SVETLANASOTNICH.ru;
2024-01-03;SVOICAPITAL.ru;
2024-01-03;SVOJCHUZHOJ.ru;
2024-01-03;SVOYAPIZZA.ru;
2024-01-03;SVSTUDIO24.ru;
2024-01-03;SW-RP-CORP.ru;
2024-01-03;SWALEXUPDATE.ru;
2024-01-03;SYSTEM-PTA.ru;
2024-01-03;SYSTEMA-COURSE.ru;
2024-01-03;SZHIROV.ru;
2024-01-03;SZHUMADILOV.ru;
2024-01-03;T9221112661.ru;
2024-01-03;TACMOBILE.ru;
2024-01-03;TAIBEIZAIHAEYAHC.ru;
2024-01-03;TAKEMEBACKTO2016.ru;
2024-01-03;TAKLOKOVA.ru;
2024-01-03;TAKTMEDIA.ru;
2024-01-03;TAMARAM.ru;
2024-01-03;TANGOART.ru;
2024-01-03;TANKS3D.ru;
2024-01-03;TANKSBLIZ.ru;
2024-01-03;TANYADONCH.ru;
2024-01-03;TANYAVESNAPHOTOGRAPHER.ru;
2024-01-03;TARAOPT24.ru;
2024-01-03;TARO365.ru;
2024-01-03;TAROTRABBIT.ru;
2024-01-03;TATHAT.ru;
2024-01-03;TATIANASPR.ru;
2024-01-03;TATTY-MI.ru;
2024-01-03;TATYANAIVANTSOVA.ru;
2024-01-03;TAU-COLA.ru;
2024-01-03;TAUCOLA.ru;
2024-01-03;TAXI-DRIVEE.ru;
2024-01-03;TBYSTROVA.ru;
2024-01-03;TDNANOSERVICE.ru;
2024-01-03;TECHNO-LANDS.ru;
2024-01-03;TELEGRAMETR.ru;
2024-01-03;TELEGRAMGLAZBOGA.ru;
2024-01-03;TELLERS-CASSA.ru;
2024-01-03;TELO-YA.ru;
2024-01-03;TERNOVOI.ru;
2024-01-03;TERRAVIKA.ru;
2024-01-03;TESLATEQUILA.ru;
2024-01-03;TGBOTTEST.ru;
2024-01-03;TGPREMMM.ru;
2024-01-03;THEATRE-TELLERS.ru;
2024-01-03;TIAMUN.ru;
2024-01-03;TIGRKA.ru;
2024-01-03;TIMACHLOR.ru;
2024-01-03;TIMEWEBB.ru;
2024-01-03;TINOVIKOVA.ru;
2024-01-03;TK-ASKO.ru;
2024-01-03;TKHAL.ru;
2024-01-03;TMPEKAQ.ru;
2024-01-03;TNSAMA.ru;
2024-01-03;TOCHINOG.ru;
2024-01-03;TOI-GOH.ru;
2024-01-03;TONY07.ru;
2024-01-03;TOP-BEAUTY-SALON.ru;
2024-01-03;TOP-CREDIT-CARD.ru;
2024-01-03;TOP-DEBIT-CARD.ru;
2024-01-03;TOPCARS10.ru;
2024-01-03;TOPCASTLES.ru;
2024-01-03;TORRENT-GAME.ru;
2024-01-03;TOT-BOT.ru;
2024-01-03;TR-131.ru;
2024-01-03;TR131.ru;
2024-01-03;TRANDEWOO.ru;
2024-01-03;TRETIILISHNII.ru;
2024-01-03;TRGTUNNE.ru;
2024-01-03;TRI-BOGATYRYA-I-PUP-ZEMLI-MULTFILM2023.ru;
2024-01-03;TRIP-2178.ru;
2024-01-03;TRIPS-TRAVEL.ru;
2024-01-03;TROFIMOV108.ru;
2024-01-03;TSK-APRIORI.ru;
2024-01-03;TT-KEM.ru;
2024-01-03;TTK-KONCEPT.ru;
2024-01-03;TTRANSS.ru;
2024-01-03;TULA-AUTOCENTER.ru;
2024-01-03;TULA-TWO-CARS.ru;
2024-01-03;TUNING-TELA38.ru;
2024-01-03;TUVASADIK.ru;
2024-01-03;TVOYDEN-24.ru;
2024-01-03;TVOYWOMEN-24.ru;
2024-01-03;TWIDEONLINE.ru;
2024-01-03;TYR-VYHODNOGO-DNYA.ru;
2024-01-03;UAZTEMR.ru;
2024-01-03;UBABUSHKI-AVIA.ru;
2024-01-03;UBEKACH.ru;
2024-01-03;UCH12.ru;
2024-01-03;UCHETER.ru;
2024-01-03;UL00018.ru;
2024-01-03;ULTRAGO.ru;
2024-01-03;ULTRAVER.ru;
2024-01-03;ULYANITSKAYA-ANNA.ru;
2024-01-03;UNK37.ru;
2024-01-03;UNREALDECOR.ru;
2024-01-03;UO24.ru;
2024-01-03;UOFIS.ru;
2024-01-03;URALINVESTSTROI.ru;
2024-01-03;URISTIOTVETIAT7.ru;
2024-01-03;UROFOL-PILLS.ru;
2024-01-03;USCOPY.ru;
2024-01-03;USERS1C.ru;
2024-01-03;USPLIT.ru;
2024-01-03;USSRHIGHEREDUCATION.ru;
2024-01-03;UVIMASTER.ru;
2024-01-03;UZANTERACK.ru;
2024-01-03;V-WEBDESIGN.ru;
2024-01-03;V1STA-DRAFT.ru;
2024-01-03;VAGCODING.ru;
2024-01-03;VAITKEVICHUS.ru;
2024-01-03;VALENTINAGE.ru;
2024-01-03;VALERIANOCHKA.ru;
2024-01-03;VANSOZA.ru;
2024-01-03;VASCO-OIL.ru;
2024-01-03;VASURIGLASS.ru;
2024-01-03;VAZSXAPOKIN.ru;
2024-01-03;VBTOKNEROZ.ru;
2024-01-03;VBUHAREV.ru;
2024-01-03;VECTORCVAZI.ru;
2024-01-03;VEKTOR-MODA.ru;
2024-01-03;VELVETCREAMS.ru;
2024-01-03;VERASUNG.ru;
2024-01-03;VERINISOPOE.ru;
2024-01-03;VERSHINA-CLUB.ru;
2024-01-03;VEVDOKIMOVA.ru;
2024-01-03;VHAVUZ.ru;
2024-01-03;VIDEO-FOTO-SWADBA.ru;
2024-01-03;VIEWGO.ru;
2024-01-03;VIGOLUBOVA.ru;
2024-01-03;VIKOD.ru;
2024-01-03;VIKTOR83.ru;
2024-01-03;VILLA-NA-SEVERNOM-KIPRE.ru;
2024-01-03;VIRGINIABLACKWHISKEY.ru;
2024-01-03;VISALAVISTA.ru;
2024-01-03;VISITTARUSA.ru;
2024-01-03;VISITVERKHOTURYE.ru;
2024-01-03;VITAMINEUROPE.ru;
2024-01-03;VIVATON-KEMEROVO.ru;
2024-01-03;VKKONKYRS24.ru;
2024-01-03;VKPETITIONS.ru;
2024-01-03;VKPLAY2.ru;
2024-01-03;VKPLAYCONCEPT.ru;
2024-01-03;VKUSI38.ru;
2024-01-03;VKUSNODIETA.ru;
2024-01-03;VL-001.ru;
2024-01-03;VL001.ru;
2024-01-03;VLADIMIR-I.ru;
2024-01-03;VLADIMIR-I-KRISTINA.ru;
2024-01-03;VLADIMIRMIRO.ru;
2024-01-03;VLADIMIRSTRASHNOV.ru;
2024-01-03;VLADIVOSTOKVIBES.ru;
2024-01-03;VLESHA.ru;
2024-01-03;VODART-VODYANIK.ru;
2024-01-03;VOG-PRIM.ru;
2024-01-03;VOLLEYVIBE.ru;
2024-01-03;VOLNA2807.ru;
2024-01-03;VPOLUEKTOV.ru;
2024-01-03;VRACHIVKRIZISE.ru;
2024-01-03;VRAKIN.ru;
2024-01-03;VS404.ru;
2024-01-03;VSEINDEXY.ru;
2024-01-03;VSEPO50.ru;
2024-01-03;VSESVOE2.ru;
2024-01-03;VSNIKOLAEV.ru;
2024-01-03;VSOCIUM.ru;
2024-01-03;VSSEMENOV.ru;
2024-01-03;VTOSCHEV.ru;
2024-01-03;VTUK.ru;
2024-01-03;VUECOM.ru;
2024-01-03;VUGIY.ru;
2024-01-03;VUTYNEDASXCU.ru;
2024-01-03;VVB-OD.ru;
2024-01-03;VYNOSMUSORA.ru;
2024-01-03;VYSOV.ru;
2024-01-03;VYSSHAYALIGA.ru;
2024-01-03;VZRYVNOYKLEV.ru;
2024-01-03;W-PANNEL.ru;
2024-01-03;W1TYOGO.ru;
2024-01-03;WADADA.ru;
2024-01-03;WAGNEROK-PROJECT.ru;
2024-01-03;WALAAM.ru;
2024-01-03;WATTCARS.ru;
2024-01-03;WBMAGIC.ru;
2024-01-03;WDSMARKETING.ru;
2024-01-03;WEAREMAKERS.ru;
2024-01-03;WEB4LEARN.ru;
2024-01-03;WEBINARIYM.ru;
2024-01-03;WEDDING-BEARD.ru;
2024-01-03;WEDDINGKOSTYAKRISTINA.ru;
2024-01-03;WEEPOCKET.ru;
2024-01-03;WEMAKERS.ru;
2024-01-03;WENDROPSER.ru;
2024-01-03;WHERE2GOLF.ru;
2024-01-03;WHITE-WITCH.ru;
2024-01-03;WINLINE2024.ru;
2024-01-03;WMLOANS.ru;
2024-01-03;WOMENDEN24.ru;
2024-01-03;WOODCRAFT-MEB.ru;
2024-01-03;WSHOPY.ru;
2024-01-03;WWCLRT.ru;
2024-01-03;WWW-PROFITOOL.ru;
2024-01-03;WWWEIEYACHTS.ru;
2024-01-03;WWWGTO.ru;
2024-01-03;X-VOTES.ru;
2024-01-03;X10SION.ru;
2024-01-03;XINGHUILI.ru;
2024-01-03;XISTORIA.ru;
2024-01-03;XOEXE.ru;
2024-01-03;XOLOOP2.ru;
2024-01-03;XOLOP-2-2023.ru;
2024-01-03;XOLOPI-2.ru;
2024-01-03;XOLOPP-2.ru;
2024-01-03;XOMMA.ru;
2024-01-03;XOMYAK-3V1.ru;
2024-01-03;XOMYAK-3V1-UZBEKISTAN.ru;
2024-01-03;XP-9200.ru;
2024-01-03;XP9200.ru;
2024-01-03;XSHEP.ru;
2024-01-03;XSTRIKERS.ru;
2024-01-03;XUEXIAO.ru;
2024-01-03;XXX-BARNAUL.ru;
2024-01-03;XYVEND.ru;
2024-01-03;Y0URDADDY.ru;
2024-01-03;YA-BARANOV.ru;
2024-01-03;YA-MR.ru;
2024-01-03;YABETON.ru;
2024-01-03;YAD-PROM-TORG.ru;
2024-01-03;YAKOVLEVI.ru;
2024-01-03;YAL-AVTO.ru;
2024-01-03;YAMAZUMI.ru;
2024-01-03;YAMBLY.ru;
2024-01-03;YAN-MAIL.ru;
2024-01-03;YANDEX-MPOVOLNOV.ru;
2024-01-03;YANELLA96.ru;
2024-01-03;YANKAPRIVATE.ru;
2024-01-03;YASAM64.ru;
2024-01-03;YAVEISHIS.ru;
2024-01-03;YELLOINVEST1.ru;
2024-01-03;YELLOINVEST2.ru;
2024-01-03;YELLOINVEST3.ru;
2024-01-03;YOGALINA.ru;
2024-01-03;YONICHELNY.ru;
2024-01-03;YOOSOLUTIONS.ru;
2024-01-03;YOUDUN.ru;
2024-01-03;YOUGILE4TILDA.ru;
2024-01-03;YOUGILECONNECT.ru;
2024-01-03;YOUHELPER.ru;
2024-01-03;YOUNGUNICORN.ru;
2024-01-03;YPRST.ru;
2024-01-03;YULIA-NEKIPELOVA.ru;
2024-01-03;ZAKAZ7368.ru;
2024-01-03;ZAMOKVIP.ru;
2024-01-03;ZCH-DESIGN.ru;
2024-01-03;ZELENOE-REMESLO.ru;
2024-01-03;ZELENOEREMESLO.ru;
2024-01-03;ZEMLENICHKARP.ru;
2024-01-03;ZENISHIN.ru;
2024-01-03;ZERMATCOSMETIC.ru;
2024-01-03;ZHAKLIN-A.ru;
2024-01-03;ZHARPITSTSA.ru;
2024-01-03;ZHEKH.ru;
2024-01-03;ZHENSKIYMYR.ru;
2024-01-03;ZHESHARTDOU1.ru;
2024-01-03;ZHISTOVSKIY.ru;
2024-01-03;ZHITEYSKIYE.ru;
2024-01-03;ZHORIKI.ru;
2024-01-03;ZIBRITSKY.ru;
2024-01-03;ZIMENKIPARK.ru;
2024-01-03;ZIP-TEHNIKA.ru;
2024-01-03;ZISWEETS.ru;
2024-01-03;ZK-SAMOLET-PARTNER.ru;
2024-01-03;ZNAKOMSTVAPROSTO.ru;
2024-01-03;ZNAT-POLEZNO.ru;
2024-01-03;ZOLOTAVIN.ru;
2024-01-03;ZOLOTAYA-TROYKA.ru;
2024-01-03;ZOLOTOJSTANDART.ru;
2024-01-03;ZSQAWER.ru;
2024-01-03;ZUBKINO.ru;
2024-01-03;ZUFIK08.ru;
2024-01-03;ZVUKOSTOP.ru;
2024-01-04;01-03-2024.ru;
2024-01-04;02-03-2024.ru;
2024-01-04;03-03-2024.ru;
2024-01-04;04-03-2024.ru;
2024-01-04;05-03-2024.ru;
2024-01-04;05WS.ru;
2024-01-04;06-03-2024.ru;
2024-01-04;07-03-2024.ru;
2024-01-04;08-03-2024.ru;
2024-01-04;09-03-2024.ru;
2024-01-04;10-03-2024.ru;
2024-01-04;1001BIZ.ru;
2024-01-04;101STANOK.ru;
2024-01-04;10501.ru;
2024-01-04;11-00.ru;
2024-01-04;11-03-2024.ru;
2024-01-04;1122SHOP.ru;
2024-01-04;12-03-2024.ru;
2024-01-04;13-03-2024.ru;
2024-01-04;14-03-2024.ru;
2024-01-04;15-03-2024.ru;
2024-01-04;16-03-2024.ru;
2024-01-04;17PRO.ru;
2024-01-04;17W.ru;
2024-01-04;18-03-2024.ru;
2024-01-04;19-03-2024.ru;
2024-01-04;1C-ONE.ru;
2024-01-04;1KI174.ru;
2024-01-04;1MOZHGA.ru;
2024-01-04;1VAVADACASINO2024.ru;
2024-01-04;1XBET-BONUS-ZERKALO.ru;
2024-01-04;1XSAYT.ru;
2024-01-04;1XSLOTSCASINOBONUS-PLAY.ru;
2024-01-04;1YZ.ru;
2024-01-04;20-03-2024.ru;
2024-01-04;2024-03-17.ru;
2024-01-04;2024ONLINEOUTLET.ru;
2024-01-04;21-03-2024.ru;
2024-01-04;21-12-2112.ru;
2024-01-04;2112-2112.ru;
2024-01-04;21122112.ru;
2024-01-04;22-03-2024.ru;
2024-01-04;23-03-2024.ru;
2024-01-04;23GIG.ru;
2024-01-04;24-03-2024.ru;
2024-01-04;24COMBICLEAN96.ru;
2024-01-04;24ID24.ru;
2024-01-04;24JULY2024.ru;
2024-01-04;24P1N-UP.ru;
2024-01-04;25-03-2024.ru;
2024-01-04;26-03-2024.ru;
2024-01-04;27-03-2024.ru;
2024-01-04;28-03-2024.ru;
2024-01-04;29-03-2024.ru;
2024-01-04;2BOUNTY-KAZINO-ONLINE.ru;
2024-01-04;2CAT-CASINO-ONLINE.ru;
2024-01-04;2CLICKPAY.ru;
2024-01-04;2HOLOP.ru;
2024-01-04;2KDESIGN.ru;
2024-01-04;2KX.ru;
2024-01-04;2P1.ru;
2024-01-04;2SELECTOR-CASINO-ONLINE.ru;
2024-01-04;2SYKAAA-KAZINO.ru;
2024-01-04;2TEU.ru;
2024-01-04;2TURBO-KAZINO-ONLINE.ru;
2024-01-04;30-03-2024.ru;
2024-01-04;31-03-2024.ru;
2024-01-04;322LOUNGE.ru;
2024-01-04;38-KRASOA.ru;
2024-01-04;38-KRASOTA.ru;
2024-01-04;3BOUNTY-KAZINO-ONLINE.ru;
2024-01-04;3CAT-CASINO-ONLINE.ru;
2024-01-04;3DART360.ru;
2024-01-04;3DESNITSA.ru;
2024-01-04;3LEV-KAZINO-ONLINE.ru;
2024-01-04;3SELECTOR-CASINO-ONLINE.ru;
2024-01-04;3SYKAAA-KAZINO.ru;
2024-01-04;3TURBO-KAZINO-ONLINE.ru;
2024-01-04;4CLUBNIKA-CASINO-ONLINE.ru;
2024-01-04;4LAPY-I-XVOST.ru;
2024-01-04;4LEV-KAZINO-ONLINE.ru;
2024-01-04;4YRUN.ru;
2024-01-04;51BIZ.ru;
2024-01-04;52TOP.ru;
2024-01-04;5AVENUEWORK.ru;
2024-01-04;5CLUBNIKA-CASINO-ONLINE.ru;
2024-01-04;76Y.ru;
2024-01-04;7BITCOIN.ru;
2024-01-04;7OZ.ru;
2024-01-04;7SUPER-SLOTS.ru;
2024-01-04;7TARGETGROUP.ru;
2024-01-04;8003506005.ru;
2024-01-04;8354.ru;
2024-01-04;9130.ru;
2024-01-04;9616.ru;
2024-01-04;9K-YETIRU.ru;
2024-01-04;A-BASENKO.ru;
2024-01-04;AAAGM.ru;
2024-01-04;AAGOLUBEVDEV.ru;
2024-01-04;AALEKSANDER.ru;
2024-01-04;AAMIN.ru;
2024-01-04;ABASKAKOV.ru;
2024-01-04;ABCCHAIN.ru;
2024-01-04;ABCHAIN.ru;
2024-01-04;ABK79833934977.ru;
2024-01-04;ABODUNKOVA.ru;
2024-01-04;ABSTRACTTILDAFIRE.ru;
2024-01-04;AC-TULA-CARS.ru;
2024-01-04;ACADEMYNIKAH.ru;
2024-01-04;ACADEMYOFMASTERY.ru;
2024-01-04;ACE-STREAM-PK.ru;
2024-01-04;ACETAMA.ru;
2024-01-04;ACHQULUNK.ru;
2024-01-04;ACHUDOV.ru;
2024-01-04;AD92.ru;
2024-01-04;ADMKRGR.ru;
2024-01-04;ADS-74.ru;
2024-01-04;ADVOKAT3335.ru;
2024-01-04;ADVOKATPOMOJET.ru;
2024-01-04;ADVOKATRUSTAMOVA.ru;
2024-01-04;AEG-643.ru;
2024-01-04;AESEO.ru;
2024-01-04;AFISHA1.ru;
2024-01-04;AFRANTENKO.ru;
2024-01-04;AFRIEX.ru;
2024-01-04;AGADZAOVA.ru;
2024-01-04;AGENCY-BOTT.ru;
2024-01-04;AGENT333.ru;
2024-01-04;AGERLIH.ru;
2024-01-04;AGHORASHRAM.ru;
2024-01-04;AGKRASAVIN.ru;
2024-01-04;AGVOZDEV.ru;
2024-01-04;AHINJAN.ru;
2024-01-04;AI-102.ru;
2024-01-04;AI102.ru;
2024-01-04;AIHOMELAB.ru;
2024-01-04;AIROSALES.ru;
2024-01-04;AITESTLAB.ru;
2024-01-04;AJ1407.ru;
2024-01-04;AJQULUNK.ru;
2024-01-04;AKAGANOVICH.ru;
2024-01-04;AKATEVA-PHOTO.ru;
2024-01-04;AKKORA89.ru;
2024-01-04;AKMENS.ru;
2024-01-04;AKNULUNK.ru;
2024-01-04;AKONDUR.ru;
2024-01-04;AKUYAVSKAYA.ru;
2024-01-04;AKYCH.ru;
2024-01-04;ALADKIN.ru;
2024-01-04;ALAPYNIN.ru;
2024-01-04;ALARIZZ.ru;
2024-01-04;ALBATRO3D.ru;
2024-01-04;ALBINAZHAROVA.ru;
2024-01-04;ALCOMARKET77.ru;
2024-01-04;ALEFANIYA.ru;
2024-01-04;ALEKSANDR-KOROLEV.ru;
2024-01-04;ALEKSANDRALEVINA.ru;
2024-01-04;ALEKSEI-910.ru;
2024-01-04;ALEMARV.ru;
2024-01-04;ALESHKINTYT.ru;
2024-01-04;ALEXANDER-KAZAKOV.ru;
2024-01-04;ALEXCRAZYEDITOR.ru;
2024-01-04;ALEXEYALEYNIK.ru;
2024-01-04;ALEXFRILANSER.ru;
2024-01-04;ALEXNDOROHIN.ru;
2024-01-04;ALEXSEI777.ru;
2024-01-04;ALFA003.ru;
2024-01-04;ALFAAUTOCONFERENCE2023.ru;
2024-01-04;ALGEBRAINED.ru;
2024-01-04;ALIGNPRO.ru;
2024-01-04;ALINA-ZAHAROVA.ru;
2024-01-04;ALL-FOR-LADIES.ru;
2024-01-04;ALL4GEEK.ru;
2024-01-04;ALLDNS.ru;
2024-01-04;ALLRIY.ru;
2024-01-04;ALMATYSTORE.ru;
2024-01-04;ALSITALO.ru;
2024-01-04;ALTA-MODS.ru;
2024-01-04;ALTAITORGTECHNIKA.ru;
2024-01-04;ALTAMODS.ru;
2024-01-04;ALTER-BAND.ru;
2024-01-04;ALTERNATUM.ru;
2024-01-04;AM-HOLDING.ru;
2024-01-04;AM-HOLDING-PORTAL.ru;
2024-01-04;AMAKOVEEVA.ru;
2024-01-04;AMARTMEBEL.ru;
2024-01-04;AMDUKE84.ru;
2024-01-04;AMIZEV.ru;
2024-01-04;AMMASWIDT.ru;
2024-01-04;AMONIAJEWELLERY.ru;
2024-01-04;AMPERLIFE.ru;
2024-01-04;ANALLICHE.ru;
2024-01-04;ANALYZPRO.ru;
2024-01-04;ANANDARUSSIA.ru;
2024-01-04;ANASTASIALITKE.ru;
2024-01-04;ANATOLIJZHUKOV.ru;
2024-01-04;ANDREJ-SHMIDT.ru;
2024-01-04;ANDREY-KUPIN.ru;
2024-01-04;ANDYVRN05PRO.ru;
2024-01-04;ANGELFABERLIC.ru;
2024-01-04;ANHERT4G.ru;
2024-01-04;ANKETA78.ru;
2024-01-04;ANMARINEL.ru;
2024-01-04;ANNAPRUD-DESIGN.ru;
2024-01-04;ANNYHANDS.ru;
2024-01-04;ANO-FILES.ru;
2024-01-04;ANOFILES.ru;
2024-01-04;ANTON23.ru;
2024-01-04;ANTONGLOBA.ru;
2024-01-04;ANTONOV45.ru;
2024-01-04;ANTYPLAGIAT.ru;
2024-01-04;ANVSHAPOVALOV.ru;
2024-01-04;AODTEAM.ru;
2024-01-04;APCHELIMOV.ru;
2024-01-04;APELSEAN27.ru;
2024-01-04;APERDELEANU.ru;
2024-01-04;API-EOG.ru;
2024-01-04;API4FORMS.ru;
2024-01-04;APPLEDEM.ru;
2024-01-04;APPLEKHV.ru;
2024-01-04;APPS-RUSTORE.ru;
2024-01-04;APPSOCHI.ru;
2024-01-04;APPSRUSTORE.ru;
2024-01-04;APROSKUSHINA.ru;
2024-01-04;AQUAINDUSTRIAL.ru;
2024-01-04;AQUARELLECOURSE.ru;
2024-01-04;AQUAZOO-SOCHI.ru;
2024-01-04;ARBITRIGROUP.ru;
2024-01-04;ARENDA123.ru;
2024-01-04;ARENDAKALYANABANGKOK.ru;
2024-01-04;ARENDAKALYANAPATTAYA.ru;
2024-01-04;ARENDAKALYANAPHANGAN.ru;
2024-01-04;ARENDAKALYANAPHUKET.ru;
2024-01-04;ARENDAKALYANASAMUI.ru;
2024-01-04;ARGOSDAG.ru;
2024-01-04;ARINKAVLADISLAVOVNA.ru;
2024-01-04;ARM-ELPTS.ru;
2024-01-04;ARMADA-WOODS.ru;
2024-01-04;ARMELPTS.ru;
2024-01-04;AROMA-GLORIOUS.ru;
2024-01-04;AROMARULES.ru;
2024-01-04;ARSENIUS.ru;
2024-01-04;ARTAWAY.ru;
2024-01-04;ARTDALI.ru;
2024-01-04;ARTEM2015ASYS.ru;
2024-01-04;ARTGRIE.ru;
2024-01-04;ARTIFLY.ru;
2024-01-04;ARTILLERYMAN.ru;
2024-01-04;ARTISFY.ru;
2024-01-04;ARTISTVERADMITRIEVA.ru;
2024-01-04;ARTOFCERAMICA.ru;
2024-01-04;ARTSTYLE74.ru;
2024-01-04;ARTTECH2024.ru;
2024-01-04;ARZ-DEVIL.ru;
2024-01-04;ARZ-PIZDEC.ru;
2024-01-04;ARZ-SAKURA.ru;
2024-01-04;ARZ-WELLINGTON.ru;
2024-01-04;AS-SERVICE96.ru;
2024-01-04;ASATSURA.ru;
2024-01-04;ASCESIS.ru;
2024-01-04;ASD-CLINIC.ru;
2024-01-04;ASEVASTJANOV.ru;
2024-01-04;ASHREY.ru;
2024-01-04;ASPENERGO-KELVIN.ru;
2024-01-04;ASRIBN.ru;
2024-01-04;ASSELBORN.ru;
2024-01-04;ASYAOKHOTNIKOVA.ru;
2024-01-04;ASYROVA.ru;
2024-01-04;ATAGIRA.ru;
2024-01-04;ATFOODKITCHEN.ru;
2024-01-04;ATIAKSHIN.ru;
2024-01-04;ATLANTIS-TRADE.ru;
2024-01-04;ATORSHIN.ru;
2024-01-04;ATWOWHEELS.ru;
2024-01-04;AUDEEV.ru;
2024-01-04;AUG-VRN.ru;
2024-01-04;AURORA-SAMP.ru;
2024-01-04;AURUSBET.ru;
2024-01-04;AUTHLOGINSECURE.ru;
2024-01-04;AUTODRIVEPULSE.ru;
2024-01-04;AUTOEXHIBITION.ru;
2024-01-04;AUTOMARKETPLACES.ru;
2024-01-04;AUTOPODBORPRICE.ru;
2024-01-04;AUTOPOMOSH22.ru;
2024-01-04;AUTOWEBER.ru;
2024-01-04;AUTOZARIUS.ru;
2024-01-04;AVARIYNOE-VSKRYTIE-ZAMKOV.ru;
2024-01-04;AVDIM.ru;
2024-01-04;AVITOHELPER.ru;
2024-01-04;AVITOMN.ru;
2024-01-04;AVOCADOCRAFTING.ru;
2024-01-04;AVS-1.ru;
2024-01-04;AVTO-DTP.ru;
2024-01-04;AVTOBANN.ru;
2024-01-04;AVTOMENALEXEY.ru;
2024-01-04;AVTOSTEKLO-BEVZ.ru;
2024-01-04;AVTOYURIST-MOSKVA1.ru;
2024-01-04;AVTOZARIUS.ru;
2024-01-04;AWELESSBOSS.ru;
2024-01-04;AWELMINE.ru;
2024-01-04;AXOMATRINAT.ru;
2024-01-04;AZHAL.ru;
2024-01-04;AZION-MARKET.ru;
2024-01-04;AZIONMARKET.ru;
2024-01-04;B2BHOOKAH.ru;
2024-01-04;BABANIN-1.ru;
2024-01-04;BAGROV-ELECTRONIC-LIBRARY.ru;
2024-01-04;BAJDINA-1.ru;
2024-01-04;BAKINOVSKIJ.ru;
2024-01-04;BALABASNYA.ru;
2024-01-04;BALAHONOV-ALEKSANDR.ru;
2024-01-04;BALLET-AFISH.ru;
2024-01-04;BALOV-1.ru;
2024-01-04;BALROT.ru;
2024-01-04;BALTICFON.ru;
2024-01-04;BALTICTT-CUP.ru;
2024-01-04;BANANAAI.ru;
2024-01-04;BANANACHAIN.ru;
2024-01-04;BANK-YA.ru;
2024-01-04;BANKOSAUR.ru;
2024-01-04;BANKRUPTLAWYER.ru;
2024-01-04;BANKYA.ru;
2024-01-04;BARAMIDZE.ru;
2024-01-04;BARBERSOCHI.ru;
2024-01-04;BARPMOTORS.ru;
2024-01-04;BARUSHNOV.ru;
2024-01-04;BASART.ru;
2024-01-04;BASSTOR.ru;
2024-01-04;BATLESTG.ru;
2024-01-04;BATLESVK.ru;
2024-01-04;BATMANOFF.ru;
2024-01-04;BAYCREATIVECOPPER.ru;
2024-01-04;BAZA-METIZ-OV.ru;
2024-01-04;BAZAMETIZOV.ru;
2024-01-04;BBAMBYSHEVA.ru;
2024-01-04;BBEZGIN.ru;
2024-01-04;BCTOL.ru;
2024-01-04;BE-T.ru;
2024-01-04;BEANS-COFFEE.ru;
2024-01-04;BEARCHAIN.ru;
2024-01-04;BEAUTYDROPS.ru;
2024-01-04;BEKBUZAROV.ru;
2024-01-04;BELLAGEVORGYAN.ru;
2024-01-04;BELOEATELIER.ru;
2024-01-04;BELOUSOV-ANTON.ru;
2024-01-04;BEMACHTIG-INTERNATIONAALSERVICE.ru;
2024-01-04;BEMYEMPLOYEE.ru;
2024-01-04;BENZPILA.ru;
2024-01-04;BERBUX.ru;
2024-01-04;BEREZANTSEV-NIZYAEV.ru;
2024-01-04;BESELF-BY-MAKAROVA.ru;
2024-01-04;BESPAYEVNAIL.ru;
2024-01-04;BESTDEALS2024.ru;
2024-01-04;BESTYASHA.ru;
2024-01-04;BETUNLIM-CAZINO.ru;
2024-01-04;BEVZON.ru;
2024-01-04;BEZDEPOZITA6.ru;
2024-01-04;BFELIS.ru;
2024-01-04;BFTOUR.ru;
2024-01-04;BGMAKINA.ru;
2024-01-04;BIFANDIN.ru;
2024-01-04;BIG-ALUSHTA.ru;
2024-01-04;BIG-SITE.ru;
2024-01-04;BIGDATACHAIN.ru;
2024-01-04;BIJOU-RF.ru;
2024-01-04;BILLMAKITSEN.ru;
2024-01-04;BIM2.ru;
2024-01-04;BIZNESNL.ru;
2024-01-04;BKM67.ru;
2024-01-04;BLAZERMAXB.ru;
2024-01-04;BLAZERMAXC.ru;
2024-01-04;BLAZERMAXE.ru;
2024-01-04;BLAZERMAXF.ru;
2024-01-04;BLAZERMAXH.ru;
2024-01-04;BLAZERMAXI.ru;
2024-01-04;BLAZERMAXM.ru;
2024-01-04;BLAZERMAXN.ru;
2024-01-04;BLOG-ANGE.ru;
2024-01-04;BLONDIROOM.ru;
2024-01-04;BLUEFIG.ru;
2024-01-04;BLUROCAGO.ru;
2024-01-04;BOB-PRO.ru;
2024-01-04;BOBKOV-DESIGN.ru;
2024-01-04;BOBURKHAMDAMOFF.ru;
2024-01-04;BOCHAI.ru;
2024-01-04;BODA-PRO.ru;
2024-01-04;BODAPRO.ru;
2024-01-04;BODBOD.ru;
2024-01-04;BOGGATO.ru;
2024-01-04;BONAVENTURE-RUM.ru;
2024-01-04;BONDAR11.ru;
2024-01-04;BONDAREVVVA.ru;
2024-01-04;BONDSJEWELLERY.ru;
2024-01-04;BONUSY-CASINO2024.ru;
2024-01-04;BONUSY-V-CASINO1.ru;
2024-01-04;BONUSY-V-CASINO2.ru;
2024-01-04;BOOKCHERDAK.ru;
2024-01-04;BORIS-HVAC.ru;
2024-01-04;BORNXX24.ru;
2024-01-04;BORUSDESIGN.ru;
2024-01-04;BOTMANAGER.ru;
2024-01-04;BOTNADZOR.ru;
2024-01-04;BOUNCECAMP.ru;
2024-01-04;BOYARINKOV.ru;
2024-01-04;BOYCHENKO01.ru;
2024-01-04;BPLACATALOG.ru;
2024-01-04;BPMFABRIKA.ru;
2024-01-04;BRANDPACKAGE22.ru;
2024-01-04;BRASVET.ru;
2024-01-04;BRAVO131.ru;
2024-01-04;BREMENSKIEMUZIKANTIY.ru;
2024-01-04;BREMENSKIEMUZIKANTO.ru;
2024-01-04;BREMENSKMUZIKANTY.ru;
2024-01-04;BRNCARECARRENT.ru;
2024-01-04;BRNCONQUISTAJOGOS.ru;
2024-01-04;BRNEMOCAOGAME.ru;
2024-01-04;BRNJ0GOGRAT1S.ru;
2024-01-04;BRNJOGOGRATIS.ru;
2024-01-04;BRNJOGONAVEGADOR.ru;
2024-01-04;BRNJOGOSCASI.ru;
2024-01-04;BRNJOGUEAGOR.ru;
2024-01-04;BRNNAVEGADORJGO.ru;
2024-01-04;BRUNMAIER.ru;
2024-01-04;BSHAHANOV.ru;
2024-01-04;BULAROND.ru;
2024-01-04;BULATSIN.ru;
2024-01-04;BURLAT.ru;
2024-01-04;BUSINESSTECHNIC.ru;
2024-01-04;BUSSTO82.ru;
2024-01-04;BUY-RB.ru;
2024-01-04;BUYOSAGO.ru;
2024-01-04;BVALERA842.ru;
2024-01-04;BY-NATAKA.ru;
2024-01-04;BYTEFU.ru;
2024-01-04;CAKE-MOSCOW.ru;
2024-01-04;CALENDAR-SERVICE.ru;
2024-01-04;CALLOFNORTH.ru;
2024-01-04;CAMELMILK-LIFE.ru;
2024-01-04;CAMREGION.ru;
2024-01-04;CAR--VIN.ru;
2024-01-04;CARDAPPROVED.ru;
2024-01-04;CASINO-CLUBNIKA.ru;
2024-01-04;CASINO-PLAYZZ.ru;
2024-01-04;CASINOFONTAN.ru;
2024-01-04;CASINOX731.ru;
2024-01-04;CASSA-TILL.ru;
2024-01-04;CAT-CASINO2024.ru;
2024-01-04;CAT-CASINO36.ru;
2024-01-04;CATCASINO2024.ru;
2024-01-04;CATCHAIN.ru;
2024-01-04;CATCOURSES.ru;
2024-01-04;CATKAZINO.ru;
2024-01-04;CAZINOCLUBNIKA.ru;
2024-01-04;CAZINOCRYPTOBOSS.ru;
2024-01-04;CCPOISK.ru;
2024-01-04;CDN-BILET.ru;
2024-01-04;CEYMAND4X.ru;
2024-01-04;CHAINDATA.ru;
2024-01-04;CHAINMUSIC.ru;
2024-01-04;CHAINVIDEO.ru;
2024-01-04;CHANGHUAMOTO.ru;
2024-01-04;CHARMBOT.ru;
2024-01-04;CHASTYE.ru;
2024-01-04;CHATPHUKETA.ru;
2024-01-04;CHECHEVICHI.ru;
2024-01-04;CHECKERCSGO.ru;
2024-01-04;CHEK-SPB.ru;
2024-01-04;CHEKI-RUSSIA.ru;
2024-01-04;CHEKISTOV.ru;
2024-01-04;CHEKOF.ru;
2024-01-04;CHERKASOVA-PRO.ru;
2024-01-04;CHERRY-POPRU.ru;
2024-01-04;CHERRY79.ru;
2024-01-04;CHIBVIT.ru;
2024-01-04;CHIKAGA.ru;
2024-01-04;CHINESEEVCARS.ru;
2024-01-04;CHISTIAKOW.ru;
2024-01-04;CHISTO-I-TOCHKA.ru;
2024-01-04;CHNCHAIN.ru;
2024-01-04;CHOLIQUSHI8.ru;
2024-01-04;CHOOSELIFERUS.ru;
2024-01-04;CHUBAEV.ru;
2024-01-04;CIMA-ATELIER.ru;
2024-01-04;CINEMA-COSMOS.ru;
2024-01-04;CITYROMANCE6310.ru;
2024-01-04;CJ9.ru;
2024-01-04;CLONGARSON.ru;
2024-01-04;CLOUD-CASTLE.ru;
2024-01-04;CLOUD15.ru;
2024-01-04;CLOUDLEARNING.ru;
2024-01-04;CLOUDNFT.ru;
2024-01-04;CLUBSESTRAM.ru;
2024-01-04;CNCHAIN.ru;
2024-01-04;CNONE.ru;
2024-01-04;CNYCHAIN.ru;
2024-01-04;COCODEV.ru;
2024-01-04;CODE-UNIVERSE.ru;
2024-01-04;CODEKINGS.ru;
2024-01-04;COFFEKATE.ru;
2024-01-04;COLPALANS.ru;
2024-01-04;COMBILAND.ru;
2024-01-04;CONCERT-ORG.ru;
2024-01-04;CONZECCII.ru;
2024-01-04;COOFX.ru;
2024-01-04;COOKIES-IT.ru;
2024-01-04;COOKIESIT.ru;
2024-01-04;CORNER-LAB.ru;
2024-01-04;CORNERLAB.ru;
2024-01-04;CORPORATIV-SELIGER.ru;
2024-01-04;COSMOS-BASKET.ru;
2024-01-04;COSMOS-BASKETBALL.ru;
2024-01-04;COSMOSBASKET.ru;
2024-01-04;COURSE-EGE.ru;
2024-01-04;COZYKIDSPLACE.ru;
2024-01-04;CPS-YALTA.ru;
2024-01-04;CRAFTUM-DESIGN.ru;
2024-01-04;CREABLAST.ru;
2024-01-04;CREDIT-RANKING.ru;
2024-01-04;CREDIT-REBUILD.ru;
2024-01-04;CREDIT-ZONE24.ru;
2024-01-04;CREDITRANKING.ru;
2024-01-04;CRELATA.ru;
2024-01-04;CRIMEANOVOSTROY.ru;
2024-01-04;CRIMERP.ru;
2024-01-04;CRYSTA1.ru;
2024-01-04;CS16ADM.ru;
2024-01-04;CSGOBATTLE.ru;
2024-01-04;CSTOURGO.ru;
2024-01-04;CSTRADEMS.ru;
2024-01-04;CTPPARTS.ru;
2024-01-04;CUBECHAIN.ru;
2024-01-04;CUDOHUB.ru;
2024-01-04;CUPISMELBET.ru;
2024-01-04;CURRENCYEXCHANGE23.ru;
2024-01-04;CYBER-BOARD.ru;
2024-01-04;CYBERXSTATION.ru;
2024-01-04;D-GRUPP24.ru;
2024-01-04;DADDY-CASINO-AMP12.ru;
2024-01-04;DADDY-CASINO-AMP13.ru;
2024-01-04;DADDY-CASINO-AMP14.ru;
2024-01-04;DADDY-CASINO-AMP15.ru;
2024-01-04;DAF-XF-TRUCKS.ru;
2024-01-04;DAIMILK.ru;
2024-01-04;DANIKKK.ru;
2024-01-04;DANILOVVV.ru;
2024-01-04;DANUBE-SPORTZ.ru;
2024-01-04;DAOSOV.ru;
2024-01-04;DARCIKO.ru;
2024-01-04;DARGAS.ru;
2024-01-04;DARIA-UCHAEVA.ru;
2024-01-04;DARIAPERMONENT.ru;
2024-01-04;DATA-ENGINEER-TOOLS.ru;
2024-01-04;DATA-WEB.ru;
2024-01-04;DATACLASS.ru;
2024-01-04;DATINGALLGO.ru;
2024-01-04;DAY-GOOD.ru;
2024-01-04;DBELOUSOVA.ru;
2024-01-04;DBTSKILLS.ru;
2024-01-04;DBUKOV.ru;
2024-01-04;DECOR-ACADEMY.ru;
2024-01-04;DEEPCOURSE.ru;
2024-01-04;DEKSDEN.ru;
2024-01-04;DELFIKPRO.ru;
2024-01-04;DELIVERY-4513.ru;
2024-01-04;DELIVERY-TESTING.ru;
2024-01-04;DELIVERY215.ru;
2024-01-04;DELORUSS.ru;
2024-01-04;DELTABEST.ru;
2024-01-04;DEMAMED.ru;
2024-01-04;DEMON-CSS.ru;
2024-01-04;DEMOS-MUSIC.ru;
2024-01-04;DENCEL.ru;
2024-01-04;DENGINAZEMLE.ru;
2024-01-04;DENISJOSIK.ru;
2024-01-04;DENISKAZ.ru;
2024-01-04;DENTISTB1.ru;
2024-01-04;DEPERBRGAMER.ru;
2024-01-04;DESHEVYE-PROSTITUTKI-OMSKA.ru;
2024-01-04;DESHEVYEPROSTITUTKIROSTOVA.ru;
2024-01-04;DESING-KIRJAKOVA.ru;
2024-01-04;DESOTTA1.ru;
2024-01-04;DESTYCRAFT.ru;
2024-01-04;DETALIMACHIN.ru;
2024-01-04;DETIVIT.ru;
2024-01-04;DETIVSOCHI.ru;
2024-01-04;DETSTVA-MIR.ru;
2024-01-04;DEVELOPER-BOX.ru;
2024-01-04;DEVFEEDBACK.ru;
2024-01-04;DEVOTION-ENTERTAINMENT.ru;
2024-01-04;DEVSTUDIO-K.ru;
2024-01-04;DEZZ-INFEKTOR.ru;
2024-01-04;DFGHETRH.ru;
2024-01-04;DIANAMALF-CURSES.ru;
2024-01-04;DIGCENTR.ru;
2024-01-04;DIGICHAIN.ru;
2024-01-04;DIGITAL-FEDERATION.ru;
2024-01-04;DIGITALMESS.ru;
2024-01-04;DIMA-USTINOV.ru;
2024-01-04;DIMMRUSSU.ru;
2024-01-04;DISKAMIFRA.ru;
2024-01-04;DIVAFASHION.ru;
2024-01-04;DIVAN-ON-LINE.ru;
2024-01-04;DIZELBY.ru;
2024-01-04;DJAN-GO.ru;
2024-01-04;DJBAND.ru;
2024-01-04;DJONIZ.ru;
2024-01-04;DJOURNALISTA.ru;
2024-01-04;DLAVV.ru;
2024-01-04;DLEONIDIS.ru;
2024-01-04;DMITRY1996.ru;
2024-01-04;DMTRY.ru;
2024-01-04;DN4K34.ru;
2024-01-04;DNR-180.ru;
2024-01-04;DOBROMAF.ru;
2024-01-04;DOCTORSAVKINA.ru;
2024-01-04;DOG-GLAD.ru;
2024-01-04;DOGCHAIN.ru;
2024-01-04;DOGCLOUD.ru;
2024-01-04;DOKARA.ru;
2024-01-04;DOLBIMINATYAGIVAYEM.ru;
2024-01-04;DOLBINAT.ru;
2024-01-04;DOLGI-2024-NETY.ru;
2024-01-04;DOLGI-2024-STOP.ru;
2024-01-04;DOLGOV-2024-NET.ru;
2024-01-04;DOLGOV-NET74.ru;
2024-01-04;DOLLARCHAIN.ru;
2024-01-04;DOM-CERAMICA.ru;
2024-01-04;DOM-POSUTOCHNO.ru;
2024-01-04;DOMEN-PLEX.ru;
2024-01-04;DOMEN-PROTOSENDER.ru;
2024-01-04;DOMOHTA.ru;
2024-01-04;DOMOXTA.ru;
2024-01-04;DOOLBAIIB.ru;
2024-01-04;DOOM-V-SOCHI.ru;
2024-01-04;DOOSANPARTS.ru;
2024-01-04;DOREWT24.ru;
2024-01-04;DOROHIN-PRO.ru;
2024-01-04;DOSTAVKA-7846.ru;
2024-01-04;DOSTAVKA-SAMOKAT.ru;
2024-01-04;DOTDB.ru;
2024-01-04;DP-PEREVODOV.ru;
2024-01-04;DPK-WOOD.ru;
2024-01-04;DR-PARFENOVA.ru;
2024-01-04;DRAKOSHASTOM.ru;
2024-01-04;DRAMATIC-RUSS.ru;
2024-01-04;DRINKSACADEMY.ru;
2024-01-04;DRIVEEXPERTS.ru;
2024-01-04;DRONECATALOG.ru;
2024-01-04;DROVOSEKO.ru;
2024-01-04;DS68401.ru;
2024-01-04;DSATSKEVICH.ru;
2024-01-04;DTP-AVTO.ru;
2024-01-04;DUALITYMC.ru;
2024-01-04;DUBAINOVOSTI.ru;
2024-01-04;DUHTINA.ru;
2024-01-04;DUNTSOVAINITIATIVE.ru;
2024-01-04;DUPERISE.ru;
2024-01-04;DUPLET5.ru;
2024-01-04;DUSHEVNII-BLOGING.ru;
2024-01-04;DUSHEVNIIBLOGING.ru;
2024-01-04;DUSHNOMETR.ru;
2024-01-04;DVERIKRSK.ru;
2024-01-04;DVSTREND.ru;
2024-01-04;DVYASHIN.ru;
2024-01-04;DZAVITNEVICH.ru;
2024-01-04;DZINEVICH.ru;
2024-01-04;E-ROSSTAT.ru;
2024-01-04;E-SIMONOVA.ru;
2024-01-04;E-STB.ru;
2024-01-04;E-TNS.ru;
2024-01-04;E-VOLIK.ru;
2024-01-04;EBELOKON.ru;
2024-01-04;ECOBOXFF.ru;
2024-01-04;ECOGORODNSK.ru;
2024-01-04;ECOTUTTI.ru;
2024-01-04;EDAKA.ru;
2024-01-04;EDERGUNOVA.ru;
2024-01-04;EDGARSEDOV.ru;
2024-01-04;EDJACHENKO.ru;
2024-01-04;EDUAUT.ru;
2024-01-04;EDUCATIONALBLOG.ru;
2024-01-04;EDUCATIONALPORTAL.ru;
2024-01-04;EDUCATIONJOURNEY.ru;
2024-01-04;EDUCATIONPATH.ru;
2024-01-04;EDWARDBONAVENTURE.ru;
2024-01-04;EFIMENKO-WORK.ru;
2024-01-04;EFJ24.ru;
2024-01-04;EGOISTO21.ru;
2024-01-04;EGORY74.ru;
2024-01-04;EILYASHENKO.ru;
2024-01-04;EINIE.ru;
2024-01-04;EKA-GOLOVKOVA.ru;
2024-01-04;EKATERINA-ANTYUFEEVA.ru;
2024-01-04;EKOGREENLIFE.ru;
2024-01-04;ELCON38.ru;
2024-01-04;ELECTRON-DEV.ru;
2024-01-04;ELECTRONKIBANGKOK.ru;
2024-01-04;ELECTRONKIPATTAYA.ru;
2024-01-04;ELECTRONKIPHANGAN.ru;
2024-01-04;ELECTRONKIPHUKET.ru;
2024-01-04;ELECTRONKISAMUI.ru;
2024-01-04;ELEMENTARYTV.ru;
2024-01-04;ELENA09.ru;
2024-01-04;ELENAGROD.ru;
2024-01-04;ELENAPUZANKEVICH1977.ru;
2024-01-04;ELENARTII.ru;
2024-01-04;ELEVATEDENCOUNTERS10.ru;
2024-01-04;ELEVATOREXPO.ru;
2024-01-04;ELIZAPODARKI.ru;
2024-01-04;ELKORF.ru;
2024-01-04;ELOONMUSK.ru;
2024-01-04;ELSEN-FRUKT.ru;
2024-01-04;EMAIL-AUTH.ru;
2024-01-04;EMAILAUTH.ru;
2024-01-04;EMIL-9779.ru;
2024-01-04;ENOTSTER.ru;
2024-01-04;ENTERBLOG.ru;
2024-01-04;ENTYNESI.ru;
2024-01-04;EPICDAY.ru;
2024-01-04;ERMAK-AA.ru;
2024-01-04;EROSNY.ru;
2024-01-04;ERP-C.ru;
2024-01-04;ESKDOM35.ru;
2024-01-04;ESL-TEACHING.ru;
2024-01-04;ESSENSDUHIRU.ru;
2024-01-04;ESSENSSK.ru;
2024-01-04;ESUMAROKOVA.ru;
2024-01-04;ETB-GPB.ru;
2024-01-04;ETBGPB.ru;
2024-01-04;ETP-ARMTEK.ru;
2024-01-04;ETPARMTEK.ru;
2024-01-04;ETPGBP.ru;
2024-01-04;EUBMSTU.ru;
2024-01-04;EUCHAIN.ru;
2024-01-04;EUGENEDOZ.ru;
2024-01-04;EUGETRAFF.ru;
2024-01-04;EUROPEANCHAIN.ru;
2024-01-04;EUROPECHAIN.ru;
2024-01-04;EVABREAD.ru;
2024-01-04;EVALFAMILY.ru;
2024-01-04;EVEXPO.ru;
2024-01-04;EVGEIYA16.ru;
2024-01-04;EVGEN-RECORDZ.ru;
2024-01-04;EVGEN-VASILEV.ru;
2024-01-04;EVGENIIA-BA.ru;
2024-01-04;EVGENIJAPETRENKO.ru;
2024-01-04;EVGENIJKAZANTSEV.ru;
2024-01-04;EVGENYLEPIN.ru;
2024-01-04;EWAPRODUCTS.ru;
2024-01-04;EWBA.ru;
2024-01-04;EWOBIKES.ru;
2024-01-04;EXCONSULTING.ru;
2024-01-04;EXPA40.ru;
2024-01-04;EZLAUNCHER.ru;
2024-01-04;FABERLICGLOBAL.ru;
2024-01-04;FABERLICTREE.ru;
2024-01-04;FABERLIK-SALE.ru;
2024-01-04;FABRIC-3D.ru;
2024-01-04;FACBOLLOT.ru;
2024-01-04;FACEIT-COM.ru;
2024-01-04;FACEIT-RU.ru;
2024-01-04;FAIRY-LAND.ru;
2024-01-04;FAMECRAFT.ru;
2024-01-04;FANNY-VIDEOS.ru;
2024-01-04;FARGO-TV.ru;
2024-01-04;FARTU.ru;
2024-01-04;FASAD-IKONA.ru;
2024-01-04;FASHAYAN.ru;
2024-01-04;FASHION-KINGS.ru;
2024-01-04;FASILICA.ru;
2024-01-04;FAST-COMM.ru;
2024-01-04;FASTMONEYRF.ru;
2024-01-04;FEARBOT.ru;
2024-01-04;FEDERICABUGATTI-RUSSIA.ru;
2024-01-04;FEEDOMANIA.ru;
2024-01-04;FEIFANBBQ.ru;
2024-01-04;FELVITON.ru;
2024-01-04;FENOMCRIPTA.ru;
2024-01-04;FERMALAMANCHA.ru;
2024-01-04;FEVROENERGO.ru;
2024-01-04;FFARIKAD.ru;
2024-01-04;FFGARENA.ru;
2024-01-04;FIDIGI.ru;
2024-01-04;FIGHTCLUB-CS.ru;
2024-01-04;FILMES-LOUNGE.ru;
2024-01-04;FIN-LIFEHACK.ru;
2024-01-04;FIND-GAME.ru;
2024-01-04;FINKOROSTEL.ru;
2024-01-04;FINLIFEHACK.ru;
2024-01-04;FINNEWS24.ru;
2024-01-04;FIREPHOTO.ru;
2024-01-04;FISHIKO.ru;
2024-01-04;FISHPOKER.ru;
2024-01-04;FISHSHOP32.ru;
2024-01-04;FITCHEF.ru;
2024-01-04;FITKAM.ru;
2024-01-04;FIVESTARS24.ru;
2024-01-04;FIX-PHOTO.ru;
2024-01-04;FIZMAT21.ru;
2024-01-04;FL-PLATFORM.ru;
2024-01-04;FLAMENCOLIVE.ru;
2024-01-04;FOLINA.ru;
2024-01-04;FONBET-STAVKA.ru;
2024-01-04;FOPIVGG.ru;
2024-01-04;FOR-SCAN.ru;
2024-01-04;FORM-SERVICE.ru;
2024-01-04;FORMANTY.ru;
2024-01-04;FORTNITEACCS.ru;
2024-01-04;FORUM-ARZCISCO.ru;
2024-01-04;FORUM-MELLVINE-RP.ru;
2024-01-04;FORUM-RM.ru;
2024-01-04;FORUM-ZEMLENICHKARP.ru;
2024-01-04;FOXLANG.ru;
2024-01-04;FPULATOV.ru;
2024-01-04;FRACTY.ru;
2024-01-04;FRAMEFLOW.ru;
2024-01-04;FREEBETONLINE.ru;
2024-01-04;FREECASSA.ru;
2024-01-04;FREEKACCA.ru;
2024-01-04;FREEKASA.ru;
2024-01-04;FREEKASAA.ru;
2024-01-04;FREELANCEWELDER.ru;
2024-01-04;FREESKIDKA.ru;
2024-01-04;FREKASSA.ru;
2024-01-04;FRESH-HOUSE-NN.ru;
2024-01-04;FRESH-PERSPEKTIVA.ru;
2024-01-04;FRESH-PERSPEKTIVA1.ru;
2024-01-04;FRESH-STAT4.ru;
2024-01-04;FRESH-STAT5.ru;
2024-01-04;FRIKASSA.ru;
2024-01-04;FRIZIK.ru;
2024-01-04;FRJAN-SPV.ru;
2024-01-04;FSMINGQIAN.ru;
2024-01-04;FSTEPANOV.ru;
2024-01-04;FUJI-ELECTRIC-FRENIC.ru;
2024-01-04;FUJI-FRENIC.ru;
2024-01-04;FUJIELECTRIC-FRENIC.ru;
2024-01-04;FVJAN-SPV.ru;
2024-01-04;FYY-VIP.ru;
2024-01-04;FYYSPORTS888.ru;
2024-01-04;G7-MARKET.ru;
2024-01-04;GADJIMAGOMED.ru;
2024-01-04;GALAXY-AI.ru;
2024-01-04;GAMEDETAIL.ru;
2024-01-04;GAMPARTS-GARWOOD-BUCKEYE.ru;
2024-01-04;GARAGE123.ru;
2024-01-04;GARESWDININI.ru;
2024-01-04;GARIKFTOJAN.ru;
2024-01-04;GARMONIYA-DIT.ru;
2024-01-04;GAVVY.ru;
2024-01-04;GAZ-PAY.ru;
2024-01-04;GBPCHAIN.ru;
2024-01-04;GBULAH.ru;
2024-01-04;GEBST.ru;
2024-01-04;GEGISSL.ru;
2024-01-04;GENERALSTEP.ru;
2024-01-04;GENKOR777.ru;
2024-01-04;GEOCONSALTING.ru;
2024-01-04;GEOMETRYDASH-RU.ru;
2024-01-04;GEORGIJ-GONCHAROV.ru;
2024-01-04;GEOSTAR1.ru;
2024-01-04;GERASIMENKO-PRO.ru;
2024-01-04;GERONOK.ru;
2024-01-04;GESDT.ru;
2024-01-04;GETCURCE.ru;
2024-01-04;GGMINE.ru;
2024-01-04;GHEKB.ru;
2024-01-04;GIBRIDNOEOBUCHENIE.ru;
2024-01-04;GIDPOKOREE.ru;
2024-01-04;GIFTS2B.ru;
2024-01-04;GIPSDECO.ru;
2024-01-04;GIPSVMODE.ru;
2024-01-04;GIS-UFA.ru;
2024-01-04;GLAZUNOFF-AI.ru;
2024-01-04;GLEZDENEVA.ru;
2024-01-04;GMELEHOV.ru;
2024-01-04;GOCSTOUR.ru;
2024-01-04;GODOFBLOOD.ru;
2024-01-04;GOGA07.ru;
2024-01-04;GOGLOBAL1.ru;
2024-01-04;GOLDFISHKA-KAZINO.ru;
2024-01-04;GOLDFISHKA241.ru;
2024-01-04;GOLINETS.ru;
2024-01-04;GOLUBEVAFOT.ru;
2024-01-04;GONZO-KAZINO.ru;
2024-01-04;GONZOS-QUEST.ru;
2024-01-04;GOODLIFEHUB.ru;
2024-01-04;GORODA-NA.ru;
2024-01-04;GORODARCH.ru;
2024-01-04;GORODSKAYANARKOLOGIA1.ru;
2024-01-04;GOROGORO.ru;
2024-01-04;GOSHA200018.ru;
2024-01-04;GOSSIPGIRL-TV.ru;
2024-01-04;GOSTDEREVO.ru;
2024-01-04;GOSTINCHEK.ru;
2024-01-04;GOSTINCHEKI.ru;
2024-01-04;GOTJE.ru;
2024-01-04;GPB-ETP.ru;
2024-01-04;GPCHAIN.ru;
2024-01-04;GPTCHAIN.ru;
2024-01-04;GR-WOOD.ru;
2024-01-04;GRAPEAI.ru;
2024-01-04;GRAPECHAIN.ru;
2024-01-04;GRAPECLOUD.ru;
2024-01-04;GRAPH-ANIMATION.ru;
2024-01-04;GRAZHDANSTVO-BOLGARII.ru;
2024-01-04;GREYPAY.ru;
2024-01-04;GRISH-KO.ru;
2024-01-04;GRISHCO.ru;
2024-01-04;GROMOVIGOR.ru;
2024-01-04;GRUZFACT.ru;
2024-01-04;GRYNYK.ru;
2024-01-04;GTM158.ru;
2024-01-04;GUANGZHOU-LOGIST.ru;
2024-01-04;GUILTY-PLEASURE-HOME.ru;
2024-01-04;GULYADESIGN.ru;
2024-01-04;GURLEBAUS.ru;
2024-01-04;GVLV.ru;
2024-01-04;HAHARU.ru;
2024-01-04;HAIHONG-HYDRAULIC.ru;
2024-01-04;HAIRMOSCOW.ru;
2024-01-04;HALTURINA-1.ru;
2024-01-04;HAND-TOY.ru;
2024-01-04;HANFAN.ru;
2024-01-04;HAPPYBODYLASER.ru;
2024-01-04;HARCHENKO-WORK.ru;
2024-01-04;HARDCOREGAMES.ru;
2024-01-04;HARMONYHEALTH.ru;
2024-01-04;HASLO13.ru;
2024-01-04;HASLSTROY.ru;
2024-01-04;HAYAAT.ru;
2024-01-04;HCSCLOUD.ru;
2024-01-04;HEATON-RUSSIA.ru;
2024-01-04;HEHERU.ru;
2024-01-04;HELIDRONVL.ru;
2024-01-04;HELP-FREEDOM.ru;
2024-01-04;HELPWB.ru;
2024-01-04;HERBALIFESHOP.ru;
2024-01-04;HERCEGMOI.ru;
2024-01-04;HIGHLEVELDIGITAL.ru;
2024-01-04;HIKERSCLUB.ru;
2024-01-04;HILLERD.ru;
2024-01-04;HIRONSE.ru;
2024-01-04;HITCOURSE.ru;
2024-01-04;HM-HEIZKORPER-RUSSIA.ru;
2024-01-04;HOCHU-SEX-TYUMEN.ru;
2024-01-04;HOCHULECHUTUR.ru;
2024-01-04;HOCHUSEO.ru;
2024-01-04;HOCKEYAGENT.ru;
2024-01-04;HOLEWORLD.ru;
2024-01-04;HOLLLOP-2-2024.ru;
2024-01-04;HOLLLOP2-2024.ru;
2024-01-04;HOLLOOP-2-2024.ru;
2024-01-04;HOLLOOP22024.ru;
2024-01-04;HOLOP-2023.ru;
2024-01-04;HOLOPE-2-2024.ru;
2024-01-04;HOLOPE-2-HD.ru;
2024-01-04;HOLOPH.ru;
2024-01-04;HOLOPI-2-2024.ru;
2024-01-04;HOLOPI2-HD.ru;
2024-01-04;HOLOPI2-HD-2024.ru;
2024-01-04;HOLOPO.ru;
2024-01-04;HOLOPP2-2024.ru;
2024-01-04;HOLOPX.ru;
2024-01-04;HONEYCAKES.ru;
2024-01-04;HONPAYS.ru;
2024-01-04;HOOKAH-YALTA.ru;
2024-01-04;HOPEFORFREEDOM.ru;
2024-01-04;HOPEISLAND-KUZNETSOVA.ru;
2024-01-04;HORRORDAYZ.ru;
2024-01-04;HOWIMETYOURMOTHER.ru;
2024-01-04;HRIPCHENKO.ru;
2024-01-04;HUGLO.ru;
2024-01-04;HUKSLEY.ru;
2024-01-04;HUMB1E.ru;
2024-01-04;HUNTERCRAFT.ru;
2024-01-04;HVLP-46.ru;
2024-01-04;HYBRIDEDUCATION.ru;
2024-01-04;I-D-I.ru;
2024-01-04;I2ABR.ru;
2024-01-04;IANKELEVITCH.ru;
2024-01-04;ICMAILOMAP.ru;
2024-01-04;ICT-EXPO.ru;
2024-01-04;ID-8014.ru;
2024-01-04;ID0596.ru;
2024-01-04;ID195731.ru;
2024-01-04;ID263183.ru;
2024-01-04;ID379375.ru;
2024-01-04;ID382173.ru;
2024-01-04;ID496717.ru;
2024-01-04;ID536.ru;
2024-01-04;ID58063.ru;
2024-01-04;ID58064.ru;
2024-01-04;ID58065.ru;
2024-01-04;ID58066.ru;
2024-01-04;ID58067.ru;
2024-01-04;ID58068.ru;
2024-01-04;ID582662.ru;
2024-01-04;ID5936.ru;
2024-01-04;ID5937.ru;
2024-01-04;ID639642.ru;
2024-01-04;ID65961.ru;
2024-01-04;ID739274.ru;
2024-01-04;ID836165.ru;
2024-01-04;ID964289.ru;
2024-01-04;IDEAL-VPN-S1.ru;
2024-01-04;IDVMT.ru;
2024-01-04;IEREMKIN.ru;
2024-01-04;IGALOHN.ru;
2024-01-04;IGORPOPOV4444.ru;
2024-01-04;IGRIK5656.ru;
2024-01-04;IGROVYYE-AVTOMATY-S-OTDACHEY.ru;
2024-01-04;IHAN-AUTO.ru;
2024-01-04;IKEA-LUXE.ru;
2024-01-04;ILOVEATOMY.ru;
2024-01-04;ILTIH.ru;
2024-01-04;ILYA-DMITRIEV.ru;
2024-01-04;ILYA-GRIGORISHIN.ru;
2024-01-04;ILYATOM.ru;
2024-01-04;ILYINKA38.ru;
2024-01-04;IMATHBY.ru;
2024-01-04;IMBND.ru;
2024-01-04;IMIKHALCHUK.ru;
2024-01-04;IMINNABETDINOV.ru;
2024-01-04;IMPLANT-ZA-DEN.ru;
2024-01-04;INCUBE-AI.ru;
2024-01-04;INDIAPROJECT.ru;
2024-01-04;INDIVIDUALKI-LIPECKA.ru;
2024-01-04;INDIVIDUALKI-NOVOKUZNETSKI.ru;
2024-01-04;INDIVIT.ru;
2024-01-04;INFINITYCO.ru;
2024-01-04;INFO-DELIVERYS.ru;
2024-01-04;INFOBAD.ru;
2024-01-04;INFORM-BURO-24.ru;
2024-01-04;INFORM-BURO24.ru;
2024-01-04;INFORM-VERIFY.ru;
2024-01-04;INFORMATOR92.ru;
2024-01-04;INFORMBURO-24.ru;
2024-01-04;INFOXOZAINSHIRKI.ru;
2024-01-04;INGAKNYAZEVA.ru;
2024-01-04;INJECTIONMOLDINGMACHINE.ru;
2024-01-04;INKYLAND-PLAYER.ru;
2024-01-04;INSTALAZER.ru;
2024-01-04;INTEGRAL-LYCEUM.ru;
2024-01-04;INTEGRISTUDIO.ru;
2024-01-04;INTERA-TRADE.ru;
2024-01-04;INTERA-TREID.ru;
2024-01-04;INTERATRADE.ru;
2024-01-04;INTERNO-STUDIO.ru;
2024-01-04;INTERRA-TREID.ru;
2024-01-04;INTERRATRADE.ru;
2024-01-04;IP-MEDICAL.ru;
2024-01-04;IPA-DARK.ru;
2024-01-04;IPANKRATIEV.ru;
2024-01-04;IPASHKO.ru;
2024-01-04;IPPOVENCE.ru;
2024-01-04;IPSCRS.ru;
2024-01-04;IPSCRU.ru;
2024-01-04;IPSCRUS.ru;
2024-01-04;IPSIMA.ru;
2024-01-04;IRANEXPO.ru;
2024-01-04;IRINA-TRIBUNSKAYA.ru;
2024-01-04;IRINABOBRIK.ru;
2024-01-04;IRINANEKLYUDOVA.ru;
2024-01-04;IRISMARAL.ru;
2024-01-04;ISAEV-E-V.ru;
2024-01-04;ISKUZ.ru;
2024-01-04;ISLAMOV-DIN.ru;
2024-01-04;ISRAVIL.ru;
2024-01-04;ISTA-ONLINE.ru;
2024-01-04;ISWOW.ru;
2024-01-04;ITBTEST.ru;
2024-01-04;ITEAMF.ru;
2024-01-04;ITIMOFEEVA.ru;
2024-01-04;ITLOTUS.ru;
2024-01-04;ITSOURCES.ru;
2024-01-04;IUCT.ru;
2024-01-04;IUDN.ru;
2024-01-04;IVAN-ALEKSANDROVICH.ru;
2024-01-04;IVAN-I-MARYA.ru;
2024-01-04;IVAN-VIKTOROV.ru;
2024-01-04;IVANGALITSKY.ru;
2024-01-04;IVANRYK.ru;
2024-01-04;IVLEEVABILET.ru;
2024-01-04;IVLEEVABILETLOTO.ru;
2024-01-04;IVVANDM96.ru;
2024-01-04;IWEYKINA.ru;
2024-01-04;IXAYRA.ru;
2024-01-04;IZMAJLOVA-TOP.ru;
2024-01-04;IZZI-TAXI.ru;
2024-01-04;IZZI-TAXI1.ru;
2024-01-04;IZZICASINO-BEL.ru;
2024-01-04;IZZICASINO-BEL1.ru;
2024-01-04;JAWIBATIK.ru;
2024-01-04;JHRQUERIES.ru;
2024-01-04;JIFANGFURNITURE.ru;
2024-01-04;JLEBMILSER.ru;
2024-01-04;JOB-1.ru;
2024-01-04;JOHN4E.ru;
2024-01-04;JOMA00.ru;
2024-01-04;JOPUDZA.ru;
2024-01-04;JPCHAIN.ru;
2024-01-04;JPYCHAIN.ru;
2024-01-04;JUBOGDANOVA.ru;
2024-01-04;JUDOL.ru;
2024-01-04;JULIJAKOTOVA.ru;
2024-01-04;JUMP-CUT.ru;
2024-01-04;JURIJMATVIENKO.ru;
2024-01-04;JURIJR.ru;
2024-01-04;JURIYBR.ru;
2024-01-04;JUSOKOLOV.ru;
2024-01-04;JUSPERNETWORK.ru;
2024-01-04;JUST-A-TEST.ru;
2024-01-04;JWOOW.ru;
2024-01-04;K-7-CASINO.ru;
2024-01-04;K1ND3R.ru;
2024-01-04;K7CASINO.ru;
2024-01-04;KAKTYZ-CASINO.ru;
2024-01-04;KALACHIN-ORTHO.ru;
2024-01-04;KALASHNIKOVA-PRO.ru;
2024-01-04;KALINKA-AGENCY.ru;
2024-01-04;KAMELY-CANDLE.ru;
2024-01-04;KAMILALIMOV.ru;
2024-01-04;KAMKOS.ru;
2024-01-04;KANALIZACIJA24.ru;
2024-01-04;KAPAMAN.ru;
2024-01-04;KARIMOVADA.ru;
2024-01-04;KARINANIKOLAEVA.ru;
2024-01-04;KARKACH.ru;
2024-01-04;KARKASTROI.ru;
2024-01-04;KARTA-ZIMA.ru;
2024-01-04;KATARINAKLIM.ru;
2024-01-04;KATERINA-BIBIKOVA.ru;
2024-01-04;KATOMKAZNANIJ.ru;
2024-01-04;KATRIN-SERGIENKO.ru;
2024-01-04;KATYASCHU.ru;
2024-01-04;KAYSSLER.ru;
2024-01-04;KAZANTSEV51.ru;
2024-01-04;KAZINOSPARK.ru;
2024-01-04;KAZINOVAVADA.ru;
2024-01-04;KBKALASHNIKOV.ru;
2024-01-04;KEAJIN.ru;
2024-01-04;KERATIN-PROFI.ru;
2024-01-04;KEYBIT.ru;
2024-01-04;KGRUS.ru;
2024-01-04;KHAROVSK.ru;
2024-01-04;KHOLBOEV.ru;
2024-01-04;KHRAMOVDEVELOPMENT.ru;
2024-01-04;KIA-COMMERCIAL.ru;
2024-01-04;KILITPRO.ru;
2024-01-04;KINESIO-YOGA.ru;
2024-01-04;KINGOFTHECOURT.ru;
2024-01-04;KINO-PITCH.ru;
2024-01-04;KINO-TILL.ru;
2024-01-04;KINOGGO.ru;
2024-01-04;KINOHOMTV.ru;
2024-01-04;KIRHA-TERIJOKI.ru;
2024-01-04;KIRILLGOLUBEV.ru;
2024-01-04;KIRILLTECHSPEC4RU.ru;
2024-01-04;KISIMI.ru;
2024-01-04;KITGPT.ru;
2024-01-04;KK-MSK.ru;
2024-01-04;KK-SPB.ru;
2024-01-04;KKARPUNINA.ru;
2024-01-04;KLIPNEW.ru;
2024-01-04;KLLEPPERR.ru;
2024-01-04;KLYBADMIRALS.ru;
2024-01-04;KM-RUSSIA.ru;
2024-01-04;KMETOL.ru;
2024-01-04;KMPSALE.ru;
2024-01-04;KMU-BKU.ru;
2024-01-04;KNAUTCOM.ru;
2024-01-04;KNIGAVYAZANIYA.ru;
2024-01-04;KNJAZEV-TOP.ru;
2024-01-04;KNOWLEDGEINPOCKET.ru;
2024-01-04;KNOWLEDGEKEYFUTURE.ru;
2024-01-04;KNOWLEDGEKEYSUCCESS.ru;
2024-01-04;KOLOBILERDS.ru;
2024-01-04;KOLOGRIVIY.ru;
2024-01-04;KOLOGRIVY.ru;
2024-01-04;KOLOLA.ru;
2024-01-04;KOMMETSANT.ru;
2024-01-04;KOMPANIETS-7.ru;
2024-01-04;KONESEVA.ru;
2024-01-04;KONFETA-FILM.ru;
2024-01-04;KONOPLEVAA.ru;
2024-01-04;KONSTANTINBERLINETS.ru;
2024-01-04;KOOEN.ru;
2024-01-04;KOR-TOP.ru;
2024-01-04;KORADO-RUSSIA.ru;
2024-01-04;KORAEV.ru;
2024-01-04;KOROLKOV-1.ru;
2024-01-04;KOSEA.ru;
2024-01-04;KOSMOKOTIK.ru;
2024-01-04;KOSMOSTATION.ru;
2024-01-04;KOSTA777.ru;
2024-01-04;KOSTANDI.ru;
2024-01-04;KOSTENKO-DESIGN.ru;
2024-01-04;KOTIK-SKOTIK.ru;
2024-01-04;KOTMIRSKII.ru;
2024-01-04;KOTOMYSH.ru;
2024-01-04;KOVERKAMNI.ru;
2024-01-04;KOZLINEEVA.ru;
2024-01-04;KOZLITSKIY.ru;
2024-01-04;KRAKENSLOTS.ru;
2024-01-04;KRAN-196.ru;
2024-01-04;KRASNODAR-PUTANA.ru;
2024-01-04;KRASOTCA.ru;
2024-01-04;KRASTONIROVKA.ru;
2024-01-04;KRIPTA233.ru;
2024-01-04;KRISTINAMOROZ.ru;
2024-01-04;KROPHOTO.ru;
2024-01-04;KROSOPTOM.ru;
2024-01-04;KRUDNEVA.ru;
2024-01-04;KRUGLYE-54.ru;
2024-01-04;KRUGLYE-74.ru;
2024-01-04;KRUGLYE-78.ru;
2024-01-04;KRUGLYE-93.ru;
2024-01-04;KRUMEL.ru;
2024-01-04;KRUVIT.ru;
2024-01-04;KSENIA2035.ru;
2024-01-04;KSUE-KSUE.ru;
2024-01-04;KSURASH.ru;
2024-01-04;KTOFK.ru;
2024-01-04;KUKULIOK.ru;
2024-01-04;KULPANOVICH.ru;
2024-01-04;KUPIT-SHINSHILLU.ru;
2024-01-04;KUPRELEL.ru;
2024-01-04;KURAKSA.ru;
2024-01-04;KURIE7239.ru;
2024-01-04;KURIE7241.ru;
2024-01-04;KURIER7379.ru;
2024-01-04;KURSY-NYTRICIOLOGII.ru;
2024-01-04;KUSUM.ru;
2024-01-04;KUZBAN.ru;
2024-01-04;KUZMIN-087.ru;
2024-01-04;KVARTHALLA.ru;
2024-01-04;KVARTIRAA-V-SOCHI.ru;
2024-01-04;KVO70.ru;
2024-01-04;KYTAPORN.ru;
2024-01-04;KYTDPORN.ru;
2024-01-04;KYTFPORN.ru;
2024-01-04;KYTSPORN.ru;
2024-01-04;L-BORA.ru;
2024-01-04;L-LLL.ru;
2024-01-04;L-SERVISE.ru;
2024-01-04;LA-LUZ.ru;
2024-01-04;LAB7F.ru;
2024-01-04;LABJOURNAL.ru;
2024-01-04;LADY-AGENT.ru;
2024-01-04;LAGBASH.ru;
2024-01-04;LAKOMKA76.ru;
2024-01-04;LAMIEM.ru;
2024-01-04;LAMMIN-RUSSIA.ru;
2024-01-04;LANGEXPANSE.ru;
2024-01-04;LANSINGMEDICAL.ru;
2024-01-04;LAPIN-BUSINESS.ru;
2024-01-04;LAPPI-SHOP.ru;
2024-01-04;LAPPISHOP.ru;
2024-01-04;LASER-QUIZ.ru;
2024-01-04;LASHKLP.ru;
2024-01-04;LAUNICO.ru;
2024-01-04;LAVA-SCAN.ru;
2024-01-04;LCDEVEL.ru;
2024-01-04;LD-PAY21423.ru;
2024-01-04;LD-PAY21424.ru;
2024-01-04;LD-PAY21465.ru;
2024-01-04;LD-PAY21488.ru;
2024-01-04;LE-MURR.ru;
2024-01-04;LEADALYTICS.ru;
2024-01-04;LEARNINGFORADULTS.ru;
2024-01-04;LEARNINGWITHOUTBORDERS.ru;
2024-01-04;LEDACTIVE.ru;
2024-01-04;LEGACYCRAFT.ru;
2024-01-04;LEGACYRUST.ru;
2024-01-04;LEGALBTC.ru;
2024-01-04;LELYA-LAGUZ.ru;
2024-01-04;LENTA-WPGRABBER.ru;
2024-01-04;LENYLKAELENA.ru;
2024-01-04;LESA39.ru;
2024-01-04;LESNAYABELKA.ru;
2024-01-04;LETO-RUSSIA.ru;
2024-01-04;LEVGEROV.ru;
2024-01-04;LEXXV.ru;
2024-01-04;LIBCLIENT.ru;
2024-01-04;LIFE-BALLANCE.ru;
2024-01-04;LIFE-IN-BALANCE.ru;
2024-01-04;LIFE-IN-BALLANCE.ru;
2024-01-04;LIFEBALLANCE.ru;
2024-01-04;LIGHTGLOW.ru;
2024-01-04;LIKEKREMEN.ru;
2024-01-04;LILIABIZNES.ru;
2024-01-04;LIMOVS.ru;
2024-01-04;LINKMOOD.ru;
2024-01-04;LIPECKHIMPROM.ru;
2024-01-04;LIVECHAIN.ru;
2024-01-04;LIVEVK-PRO.ru;
2024-01-04;LKVSK.ru;
2024-01-04;LMARTINELLI.ru;
2024-01-04;LOANCHAIN.ru;
2024-01-04;LOBASH-OV.ru;
2024-01-04;LOCALMEMES.ru;
2024-01-04;LOCVENT.ru;
2024-01-04;LOFT-KAZINO.ru;
2024-01-04;LOKER-ACAB.ru;
2024-01-04;LOKSANA.ru;
2024-01-04;LONDONT.ru;
2024-01-04;LONG-FREESH.ru;
2024-01-04;LOOGIN.ru;
2024-01-04;LOST-NEWS.ru;
2024-01-04;LOSTREALMSMC.ru;
2024-01-04;LOSVALIK5.ru;
2024-01-04;LOUVBEBRAND.ru;
2024-01-04;LOUVEBRAND.ru;
2024-01-04;LOVECLOUDAPP.ru;
2024-01-04;LOVEINTHESKY6310.ru;
2024-01-04;LS-TALES.ru;
2024-01-04;LSTK-UG.ru;
2024-01-04;LSTKUG.ru;
2024-01-04;LUBBUBNOVA.ru;
2024-01-04;LUMANGILOCINO.ru;
2024-01-04;LUNARIYA.ru;
2024-01-04;LUNNARCAPITAL.ru;
2024-01-04;LUNNEMONE.ru;
2024-01-04;LVS1259.ru;
2024-01-04;LXBERG.ru;
2024-01-04;LXNKLV.ru;
2024-01-04;LYNUC.ru;
2024-01-04;M0BILEGTES.ru;
2024-01-04;M2CLOUD.ru;
2024-01-04;MAGMAREFORGED.ru;
2024-01-04;MAGNITNYE-SHCHETKI.ru;
2024-01-04;MAHINA-1.ru;
2024-01-04;MAILBOX42.ru;
2024-01-04;MAIN-MAIL.ru;
2024-01-04;MAINPAPER.ru;
2024-01-04;MAKESHAPE.ru;
2024-01-04;MAKSIM-MARTYUSHEV.ru;
2024-01-04;MAKSIM-TSALIKOV.ru;
2024-01-04;MAKSIMSHILKIN.ru;
2024-01-04;MALKINFREE.ru;
2024-01-04;MALONHOST.ru;
2024-01-04;MAMMA-MIA86.ru;
2024-01-04;MANNAPOFF.ru;
2024-01-04;MANNSOOR.ru;
2024-01-04;MANSUR-WORK.ru;
2024-01-04;MAPMUR.ru;
2024-01-04;MARDIK.ru;
2024-01-04;MARI-TECH.ru;
2024-01-04;MARIA-SUBBOTINA.ru;
2024-01-04;MARIJA-SHESTAKOVA.ru;
2024-01-04;MARINA-LEONOVA.ru;
2024-01-04;MARINAMV.ru;
2024-01-04;MARINE-COATING.ru;
2024-01-04;MARINEGALLERY.ru;
2024-01-04;MARIYASMIRNOVA.ru;
2024-01-04;MARK-PL.ru;
2024-01-04;MARKOVATARGET.ru;
2024-01-04;MARTA2505.ru;
2024-01-04;MARTYNOVA87.ru;
2024-01-04;MARUSOVA93.ru;
2024-01-04;MASLO-CEPNOE.ru;
2024-01-04;MASSAGEMESTO.ru;
2024-01-04;MASTER-CHEREPOVETS.ru;
2024-01-04;MASTEROFSTYLE.ru;
2024-01-04;MASTERSKAYA-BEAUTY.ru;
2024-01-04;MASTERSKAYA-YB.ru;
2024-01-04;MATERIAAROMATICA.ru;
2024-01-04;MATNAKASH.ru;
2024-01-04;MATRIX-KRISS.ru;
2024-01-04;MATYTSYN78.ru;
2024-01-04;MAXIBATTERY.ru;
2024-01-04;MAXIM-BANDURIN.ru;
2024-01-04;MAXIMBIKE.ru;
2024-01-04;MAZNYA-WALLPAPERS.ru;
2024-01-04;MBCP.ru;
2024-01-04;MBOSS55.ru;
2024-01-04;MBTCOFFREEMONTO24.ru;
2024-01-04;MBTLASER.ru;
2024-01-04;MCSPANDX.ru;
2024-01-04;MDESIGN-STUDIO.ru;
2024-01-04;MDK-MED.ru;
2024-01-04;MDK-MEDGROUP.ru;
2024-01-04;MEADWOOD.ru;
2024-01-04;MEBEL-MIGART.ru;
2024-01-04;MEBELMIGART.ru;
2024-01-04;MEBELVIA-MSK.ru;
2024-01-04;MEBELVKUBE24.ru;
2024-01-04;MEDBLOGGER.ru;
2024-01-04;MEDVEDEVBORIS.ru;
2024-01-04;MEDZIMA.ru;
2024-01-04;MEKORA.ru;
2024-01-04;MEL2024.ru;
2024-01-04;MELBET2024.ru;
2024-01-04;MELBETREGISTRACIYA.ru;
2024-01-04;MELINEHN.ru;
2024-01-04;MELOMAP.ru;
2024-01-04;MEMBERFEES.ru;
2024-01-04;MEMORYM.ru;
2024-01-04;MENASTIROLITIST.ru;
2024-01-04;MERAPOLIS.ru;
2024-01-04;MERGS.ru;
2024-01-04;METAPLAN8.ru;
2024-01-04;MEXEOH2024.ru;
2024-01-04;MGERDJUKOV.ru;
2024-01-04;MGRITSAENKO.ru;
2024-01-04;MIAMIYAMI.ru;
2024-01-04;MIAPOLIS.ru;
2024-01-04;MIARTIVIL.ru;
2024-01-04;MICOSMOS.ru;
2024-01-04;MIDEERART.ru;
2024-01-04;MIGRACASH.ru;
2024-01-04;MIGULKO.ru;
2024-01-04;MIK-CHURZIN.ru;
2024-01-04;MIKEEVID.ru;
2024-01-04;MIKHALYCH-RP.ru;
2024-01-04;MIKS-OIL.ru;
2024-01-04;MIKU-MIRAI.ru;
2024-01-04;MILLPART.ru;
2024-01-04;MINALTOV.ru;
2024-01-04;MINDVITA.ru;
2024-01-04;MINEMAXX.ru;
2024-01-04;MINKA-VALOVA-1.ru;
2024-01-04;MIR-4-PAY.ru;
2024-01-04;MIR-LOVE.ru;
2024-01-04;MIRAPOLIC.ru;
2024-01-04;MIROSMOL.ru;
2024-01-04;MISTERFOMA.ru;
2024-01-04;MITRIC.ru;
2024-01-04;MIXED-TRAVEL.ru;
2024-01-04;MIXPARADE.ru;
2024-01-04;MKFIT.ru;
2024-01-04;MNN25.ru;
2024-01-04;MNN26.ru;
2024-01-04;MOBINEXTBOT.ru;
2024-01-04;MOBPIRAT.ru;
2024-01-04;MOCKALGO.ru;
2024-01-04;MOD-V.ru;
2024-01-04;MOI-PUTI.ru;
2024-01-04;MOJNOSLOJNO.ru;
2024-01-04;MOLBAPROJECT.ru;
2024-01-04;MOLDEXPO.ru;
2024-01-04;MOLION.ru;
2024-01-04;MOMASIA.ru;
2024-01-04;MOMLATINO.ru;
2024-01-04;MOMO-CHICKEN.ru;
2024-01-04;MONENTA.ru;
2024-01-04;MONEY-TELEGRAM.ru;
2024-01-04;MONEYPAYS2.ru;
2024-01-04;MONKEYCHAIN.ru;
2024-01-04;MONKEYCLOUD.ru;
2024-01-04;MONOCODE-BEAUTY.ru;
2024-01-04;MONZIN.ru;
2024-01-04;MOOCOO.ru;
2024-01-04;MOONAME.ru;
2024-01-04;MORSER.ru;
2024-01-04;MOSCOWCITYDATE10.ru;
2024-01-04;MOSCOWNEWS24.ru;
2024-01-04;MOSCOWTREZVYIVODITEL.ru;
2024-01-04;MOSINM.ru;
2024-01-04;MOSKOWNEWS24.ru;
2024-01-04;MOSKOWTRAVEL.ru;
2024-01-04;MOSKVACITI2.ru;
2024-01-04;MOSMERTO.ru;
2024-01-04;MOTOCLUB-CRM.ru;
2024-01-04;MOTODREAMS.ru;
2024-01-04;MOUSTACHEE.ru;
2024-01-04;MOYMANNY.ru;
2024-01-04;MOYPOCHERK.ru;
2024-01-04;MOZGONOV.ru;
2024-01-04;MOZHNODESIGN.ru;
2024-01-04;MPESNYA.ru;
2024-01-04;MRAHMAT.ru;
2024-01-04;MRFANKY.ru;
2024-01-04;MRKNOFFICIAL.ru;
2024-01-04;MRORLOVICH.ru;
2024-01-04;MS-RITUAL.ru;
2024-01-04;MSF7017.ru;
2024-01-04;MSHULGINA.ru;
2024-01-04;MSK-UTA.ru;
2024-01-04;MSKUMOV.ru;
2024-01-04;MT-TRADING.ru;
2024-01-04;MTTRADING.ru;
2024-01-04;MTULJAKOV.ru;
2024-01-04;MUR8.ru;
2024-01-04;MURAD05.ru;
2024-01-04;MURAVIEW.ru;
2024-01-04;MUROSMOL.ru;
2024-01-04;MUSAPPLAB.ru;
2024-01-04;MUSICCHAIN.ru;
2024-01-04;MUSTAZYAPOVA.ru;
2024-01-04;MVKOROTEEV.ru;
2024-01-04;MVSIMONOV.ru;
2024-01-04;MVV23777.ru;
2024-01-04;MY-DOSIER3-0.ru;
2024-01-04;MY24SIGNALS.ru;
2024-01-04;MYBIOPROD.ru;
2024-01-04;MYGENEALOGY.ru;
2024-01-04;MYHOME-RND.ru;
2024-01-04;MYHOMM.ru;
2024-01-04;MYROSMOI.ru;
2024-01-04;MYSIGNALS-24.ru;
2024-01-04;MYSIKWEL.ru;
2024-01-04;MYSKELETON.ru;
2024-01-04;MZAHARCHENKO.ru;
2024-01-04;NABLODATEL-INFO.ru;
2024-01-04;NADEZHDA-SOKOLOVA.ru;
2024-01-04;NADEZHDAPLUS.ru;
2024-01-04;NAFISOVICH.ru;
2024-01-04;NAMAKSGROUP.ru;
2024-01-04;NANO-FIBER.ru;
2024-01-04;NASIYAIVLEEVAPODAROK.ru;
2024-01-04;NATALIAZINNATOVA.ru;
2024-01-04;NATALIKULAKOVA.ru;
2024-01-04;NATDROZDOWA.ru;
2024-01-04;NAVOLNE-REF.ru;
2024-01-04;NAZAVI.ru;
2024-01-04;NCDATA.ru;
2024-01-04;NE-DOLZHNIK-24.ru;
2024-01-04;NE-DOLZHNIK-DOLGA24.ru;
2024-01-04;NEDOLZHNIK-24.ru;
2024-01-04;NEDOLZHNIK2024.ru;
2024-01-04;NEDVIGAPRAVO.ru;
2024-01-04;NELENASA.ru;
2024-01-04;NELLYKUTUZOVA.ru;
2024-01-04;NELTOR.ru;
2024-01-04;NEONDON.ru;
2024-01-04;NEPRIENKO.ru;
2024-01-04;NETKRAKEN.ru;
2024-01-04;NETWORKING34VLG.ru;
2024-01-04;NEUROGRAPHICDISCOVERY.ru;
2024-01-04;NEWBUSINESSSTART.ru;
2024-01-04;NEWCATBOX.ru;
2024-01-04;NEWS-TODAY-24.ru;
2024-01-04;NEXT-LEVEL-NIKOLAEVA.ru;
2024-01-04;NEXTGENELECTRIC.ru;
2024-01-04;NGELECTRIC.ru;
2024-01-04;NICOLEMOSCOW.ru;
2024-01-04;NIILAB.ru;
2024-01-04;NIKIFOROVA-NAIL.ru;
2024-01-04;NIKOLAJ-NIKITIN.ru;
2024-01-04;NIKOLAVNIN.ru;
2024-01-04;NIKRESEARCH.ru;
2024-01-04;NIKVELIKAN.ru;
2024-01-04;NISANOVAAN-1.ru;
2024-01-04;NIVADESIGN-1.ru;
2024-01-04;NJOTO.ru;
2024-01-04;NKATKOVA.ru;
2024-01-04;NKTPVL1995.ru;
2024-01-04;NKV1219.ru;
2024-01-04;NLITO.ru;
2024-01-04;NLLOTO.ru;
2024-01-04;NLONO.ru;
2024-01-04;NLOOTO.ru;
2024-01-04;NLORO.ru;
2024-01-04;NLOTOO.ru;
2024-01-04;NLP-PRAKTIK.ru;
2024-01-04;NLRUST.ru;
2024-01-04;NN-TNS-E.ru;
2024-01-04;NNEMEC299.ru;
2024-01-04;NNLOTO.ru;
2024-01-04;NOCODECONF.ru;
2024-01-04;NODASHAJEWELRY.ru;
2024-01-04;NOLOTO.ru;
2024-01-04;NORD-SPB.ru;
2024-01-04;NORDMODA.ru;
2024-01-04;NOREX-HOST.ru;
2024-01-04;NORMA-GEO.ru;
2024-01-04;NOVOKUZNECK-RELAX.ru;
2024-01-04;NOVOSTROYANAPA.ru;
2024-01-04;NOZHENKINA.ru;
2024-01-04;NPLB0NUSDLAGRY.ru;
2024-01-04;NPLGRY0NL1NE.ru;
2024-01-04;NPLGRYONL1NE.ru;
2024-01-04;NPLSKARCADEONL1NE.ru;
2024-01-04;NPLWEBR0ZYWKA.ru;
2024-01-04;NSHVETSOVA.ru;
2024-01-04;NSKCVETY.ru;
2024-01-04;NSPNUTR.ru;
2024-01-04;NUBODY.ru;
2024-01-04;NULJANCHENKO.ru;
2024-01-04;NUNTHENUN.ru;
2024-01-04;NUR-SERPUHOV.ru;
2024-01-04;NURECORDS.ru;
2024-01-04;NURGALEEV95.ru;
2024-01-04;NURSERPUHOV.ru;
2024-01-04;NVIDIA-GEFORCE-EXPERIENCE.ru;
2024-01-04;NYDESIGNSTUDIO.ru;
2024-01-04;O303A.ru;
2024-01-04;O8NOVLENIE.ru;
2024-01-04;OBESHUK.ru;
2024-01-04;OBLEPIXASHOP.ru;
2024-01-04;OBRAZOVAIKA.ru;
2024-01-04;OBUCHATORY.ru;
2024-01-04;OBUHOVGROUP.ru;
2024-01-04;OCC-T.ru;
2024-01-04;OCHEM.ru;
2024-01-04;ODNEPROVSKAJA.ru;
2024-01-04;ODUBAS.ru;
2024-01-04;OFD-ORD1230.ru;
2024-01-04;OFD-ORD1860.ru;
2024-01-04;OFD-ORD2225.ru;
2024-01-04;OFD-ORD3063.ru;
2024-01-04;OFD-ORD4059.ru;
2024-01-04;OFD-ORD4127.ru;
2024-01-04;OFD-ORD9599.ru;
2024-01-04;OFFICE-REZANOV.ru;
2024-01-04;OFFNICK.ru;
2024-01-04;OGAVRIKOV.ru;
2024-01-04;OGIMG.ru;
2024-01-04;OGORDINA.ru;
2024-01-04;OHOTACRAFT.ru;
2024-01-04;OISHRAN.ru;
2024-01-04;OISKHAR.ru;
2024-01-04;OISKHRAN.ru;
2024-01-04;OKOSHKINO-TURBO-PAGE-44525.ru;
2024-01-04;OKSANATEACHER.ru;
2024-01-04;OKURILIN.ru;
2024-01-04;OLARADRI.ru;
2024-01-04;OLD-CS.ru;
2024-01-04;OLDCONIFER.ru;
2024-01-04;OLDMAC.ru;
2024-01-04;OLDS-CS.ru;
2024-01-04;OLEG-SHURMIN.ru;
2024-01-04;OLEGFRUMSON.ru;
2024-01-04;OLESIAFOKINA.ru;
2024-01-04;OLGA-BARAKOVSKAYA.ru;
2024-01-04;OLGAVASILENOK.ru;
2024-01-04;OLGAZMASSAGE.ru;
2024-01-04;OLIVINEAPP.ru;
2024-01-04;OLKOGOLEK.ru;
2024-01-04;OLYPERMANENT.ru;
2024-01-04;OMAGER.ru;
2024-01-04;OMSK-ELECTRIC.ru;
2024-01-04;OMURBEK.ru;
2024-01-04;ONE-AN.ru;
2024-01-04;ONE4111.ru;
2024-01-04;ONEAFFILIATE.ru;
2024-01-04;ONION-CASINO.ru;
2024-01-04;ONLINE-POST.ru;
2024-01-04;ONLY-BOOM.ru;
2024-01-04;ONPOINTMSK.ru;
2024-01-04;ONSLOUFRO.ru;
2024-01-04;OOONAYDA.ru;
2024-01-04;OOOROLSTROY.ru;
2024-01-04;OOOSEGMENT.ru;
2024-01-04;OPEN-DROP.ru;
2024-01-04;OPER-ACTOR.ru;
2024-01-04;OPERA-PLAY.ru;
2024-01-04;OPERFEKTO.ru;
2024-01-04;OPIUMCLO.ru;
2024-01-04;OPLATA7483.ru;
2024-01-04;OPLATA7484.ru;
2024-01-04;OPOTS2.ru;
2024-01-04;OPTICTIMES.ru;
2024-01-04;OPUSMSK.ru;
2024-01-04;ORANGEAI.ru;
2024-01-04;ORDER-1317.ru;
2024-01-04;ORDER-4638.ru;
2024-01-04;ORDER-7362.ru;
2024-01-04;ORDER2058.ru;
2024-01-04;ORDER2853.ru;
2024-01-04;ORDER3750.ru;
2024-01-04;ORDER4057.ru;
2024-01-04;ORDER4893.ru;
2024-01-04;ORDER4922.ru;
2024-01-04;ORDER5573.ru;
2024-01-04;ORDER6073.ru;
2024-01-04;ORDER6804.ru;
2024-01-04;ORDER7345.ru;
2024-01-04;ORDER7366.ru;
2024-01-04;ORDER8935.ru;
2024-01-04;ORDIN74.ru;
2024-01-04;ORIMORI.ru;
2024-01-04;ORPALTECH.ru;
2024-01-04;ORSO-RUSSIA.ru;
2024-01-04;OSA74.ru;
2024-01-04;OSIPENKOV-PRO.ru;
2024-01-04;OSOBIY-POVOD.ru;
2024-01-04;OTDELKA-OMSK.ru;
2024-01-04;OTELBOOKING.ru;
2024-01-04;OTLENUSI.ru;
2024-01-04;OTN2.ru;
2024-01-04;OUTDOOROASIS.ru;
2024-01-04;OVERCUT.ru;
2024-01-04;OYSHRAN.ru;
2024-01-04;OYSKHRAN.ru;
2024-01-04;OZEMPIK-KUPIT.ru;
2024-01-04;OZOLOTAREV.ru;
2024-01-04;P-NOVOKUZNECK.ru;
2024-01-04;P1N-UP.ru;
2024-01-04;P5A.ru;
2024-01-04;PAAVVLOVVAA.ru;
2024-01-04;PAGE-4218.ru;
2024-01-04;PANDACHAIN.ru;
2024-01-04;PANDACLOUD.ru;
2024-01-04;PANJAKOVSKII.ru;
2024-01-04;PANTEON7.ru;
2024-01-04;PAOPW.ru;
2024-01-04;PAPABRUS.ru;
2024-01-04;PAPRIKABAND.ru;
2024-01-04;PARAGAN.ru;
2024-01-04;PARFENOVMEDIA.ru;
2024-01-04;PARFINENKO-ADVOKAT.ru;
2024-01-04;PARTNER72IGV.ru;
2024-01-04;PARTY-VILLAGE.ru;
2024-01-04;PARTYVILLAGE.ru;
2024-01-04;PATHSUCCESS.ru;
2024-01-04;PAVELIAL.ru;
2024-01-04;PAVELNESVETAILO.ru;
2024-01-04;PAVLOVA100.ru;
2024-01-04;PAY-ID161123.ru;
2024-01-04;PAY-ID583422.ru;
2024-01-04;PAY-ID675471.ru;
2024-01-04;PAY-ID745521.ru;
2024-01-04;PAYMANTS-INFORM.ru;
2024-01-04;PAYMANTS-TRANSFER.ru;
2024-01-04;PAYMENT-248.ru;
2024-01-04;PAYMENT-249.ru;
2024-01-04;PAYMENT-250.ru;
2024-01-04;PAYMENT-252.ru;
2024-01-04;PAYMENT-253.ru;
2024-01-04;PAYYANDEX.ru;
2024-01-04;PC-MOBILITY.ru;
2024-01-04;PDANILA991.ru;
2024-01-04;PEARAI.ru;
2024-01-04;PEARCHAIN.ru;
2024-01-04;PEARCLOUD.ru;
2024-01-04;PECHI-IZ-TALKOHLORITA-23.ru;
2024-01-04;PEDAGOGICALCENTER.ru;
2024-01-04;PERESK2024.ru;
2024-01-04;PERMF.ru;
2024-01-04;PERMINOVA-YOGA.ru;
2024-01-04;PERSONALPSY.ru;
2024-01-04;PESTCONTROL24.ru;
2024-01-04;PETRASHISHIN.ru;
2024-01-04;PETROVNA-K.ru;
2024-01-04;PGOLOVNIN.ru;
2024-01-04;PHCLOUD2024.ru;
2024-01-04;PHILANTHROPY47.ru;
2024-01-04;PHILLION.ru;
2024-01-04;PHLEBOLOG-VORONEZH.ru;
2024-01-04;PHONE-SURGEON.ru;
2024-01-04;PHOTO-IRISKA.ru;
2024-01-04;PHOTO2024.ru;
2024-01-04;PHOTOMYSHKINA.ru;
2024-01-04;PIANO-CHORDS.ru;
2024-01-04;PIANO-MSK.ru;
2024-01-04;PIANOCHORDS.ru;
2024-01-04;PIEDFISH.ru;
2024-01-04;PIN-UP-ORIGINAL.ru;
2024-01-04;PIN-UP-WIN.ru;
2024-01-04;PIN-UP12.ru;
2024-01-04;PIN-UP13.ru;
2024-01-04;PIN-UP14.ru;
2024-01-04;PIN-UP15.ru;
2024-01-04;PIN-UP16.ru;
2024-01-04;PIN-UP17.ru;
2024-01-04;PIN-UP18.ru;
2024-01-04;PIN-UP19.ru;
2024-01-04;PIN-UP20.ru;
2024-01-04;PIN-UP21.ru;
2024-01-04;PINTERECT.ru;
2024-01-04;PINUP-2024.ru;
2024-01-04;PINUP-2025.ru;
2024-01-04;PINUP2024WIN.ru;
2024-01-04;PINUP2025.ru;
2024-01-04;PINUPCASINO2025.ru;
2024-01-04;PIROKVL.ru;
2024-01-04;PKAMARANT.ru;
2024-01-04;PKAPA.ru;
2024-01-04;PKGBYURO.ru;
2024-01-04;PLATMILA.ru;
2024-01-04;PLAY-DRAMA.ru;
2024-01-04;PLAY-HC.ru;
2024-01-04;PLAYTALE.ru;
2024-01-04;PLAZMA-DV.ru;
2024-01-04;PLAZMADV.ru;
2024-01-04;PLITOCHNIK-50.ru;
2024-01-04;PLOJKI.ru;
2024-01-04;PLOLLI.ru;
2024-01-04;PLSHN.ru;
2024-01-04;PLUS-CHAT.ru;
2024-01-04;PLUSCHAT.ru;
2024-01-04;PMARKEVICH.ru;
2024-01-04;PMTK82.ru;
2024-01-04;PNEFEDOV.ru;
2024-01-04;PODRIADONLINE.ru;
2024-01-04;POGODINAPSY.ru;
2024-01-04;POHUI11.ru;
2024-01-04;POISKMETALLOOBRABOTKI.ru;
2024-01-04;POISKMODULNYKHZDANIY.ru;
2024-01-04;POIZ-MARKET.ru;
2024-01-04;POIZONSTYLE.ru;
2024-01-04;POKER-PLAY.ru;
2024-01-04;POLIGLIKOLI.ru;
2024-01-04;POLINANAZAR.ru;
2024-01-04;POLIZRUM.ru;
2024-01-04;POLOSATIKYSSV.ru;
2024-01-04;POPCORN-CINEMA.ru;
2024-01-04;POPOVA2024.ru;
2024-01-04;POPROBYSAM.ru;
2024-01-04;PORAPOPARE.ru;
2024-01-04;POROSHINROMULUS.ru;
2024-01-04;POSUDOMOJKI643.ru;
2024-01-04;POUNDCHAIN.ru;
2024-01-04;POUPOCK.ru;
2024-01-04;POWER-LI.ru;
2024-01-04;PRAGMAMEDIA.ru;
2024-01-04;PRAGMANEWS.ru;
2024-01-04;PRAV-CHETKI.ru;
2024-01-04;PRAVILOTRAINING.ru;
2024-01-04;PRAVO24N.ru;
2024-01-04;PRAZDNIK-TD.ru;
2024-01-04;PREMIUMV.ru;
2024-01-04;PRILPRO.ru;
2024-01-04;PRINTERSHOPTEC.ru;
2024-01-04;PRINTLK.ru;
2024-01-04;PRIVALES1.ru;
2024-01-04;PRIVAT18ARCHIVE.ru;
2024-01-04;PRO-CASHBACK-ONLINE.ru;
2024-01-04;PRO-HOSTINGI69.ru;
2024-01-04;PRO32C.ru;
2024-01-04;PROC22.ru;
2024-01-04;PRODSTUDIO.ru;
2024-01-04;PRODWHOAMI.ru;
2024-01-04;PROEKT-NATALE.ru;
2024-01-04;PROF-ELECTRIKA.ru;
2024-01-04;PROF-ESOTERIC.ru;
2024-01-04;PROF-PARS-BET.ru;
2024-01-04;PROFF-POSUDA.ru;
2024-01-04;PROFHANDLER.ru;
2024-01-04;PROFITSTROI75.ru;
2024-01-04;PROFTEPLOAUDIT.ru;
2024-01-04;PROG-STAR.ru;
2024-01-04;PROJECTBYANNA.ru;
2024-01-04;PROJECTPUNK.ru;
2024-01-04;PROJECTX2024.ru;
2024-01-04;PROMALPASIKO.ru;
2024-01-04;PROMEBELKLIENT.ru;
2024-01-04;PROMOEVROPA-LAND.ru;
2024-01-04;PROMOEVROPA-RUS.ru;
2024-01-04;PROMOEVROPA-TORG.ru;
2024-01-04;PROMOEVROPALAND.ru;
2024-01-04;PROMOEVROPALIFE.ru;
2024-01-04;PROMOEVROPARUS.ru;
2024-01-04;PROMOEVROPATORG.ru;
2024-01-04;PROPEMINE.ru;
2024-01-04;PROPUBERTATOLGA.ru;
2024-01-04;PROSTITUTKI--NOVOKUZNETSKA.ru;
2024-01-04;PROSTITUTKI--ROSTOVA.ru;
2024-01-04;PROSTITUTKI--TYUMEN.ru;
2024-01-04;PROSTITUTKI-KRASNODARA.ru;
2024-01-04;PROSTITUTKI-NOVOKUZNETSK-NOMERA.ru;
2024-01-04;PROSTITUTKI-NOVOKUZNETSKA.ru;
2024-01-04;PROSTITUTKI-NOVOKUZNETSKA1.ru;
2024-01-04;PROSTITUTKI-NOVOSIBIRSK.ru;
2024-01-04;PROSTITUTKI-TYUMEN.ru;
2024-01-04;PROSTITUTKINOVOKUZNETSK.ru;
2024-01-04;PROSTITUTKIRYAZAN.ru;
2024-01-04;PROSTOVIP.ru;
2024-01-04;PROSTOVKI.ru;
2024-01-04;PROTEKTORPROFILE.ru;
2024-01-04;PROXRISE.ru;
2024-01-04;PROXYROTATOR.ru;
2024-01-04;PS-SECRET.ru;
2024-01-04;PSEREBRENIKOV.ru;
2024-01-04;PSIHOLOR23.ru;
2024-01-04;PSINUSIKOTINUS.ru;
2024-01-04;PSOFRONOV.ru;
2024-01-04;PSY-REVIEW.ru;
2024-01-04;PSYCHOLOGIST-EKATERINA.ru;
2024-01-04;PSYMIRA.ru;
2024-01-04;PUNTO-CLUB.ru;
2024-01-04;PUSHKASTUDIO.ru;
2024-01-04;PUTANI-KRASNODAR.ru;
2024-01-04;PVZJOB.ru;
2024-01-04;PVZOZON.ru;
2024-01-04;PVZOZON-DOSTAVKA.ru;
2024-01-04;PVZOZONDOSTAVKA.ru;
2024-01-04;Q-ANON.ru;
2024-01-04;Q-MARKETING.ru;
2024-01-04;Q9M.ru;
2024-01-04;QESBT.ru;
2024-01-04;QNT1.ru;
2024-01-04;QQQWW.ru;
2024-01-04;QR-BADGE.ru;
2024-01-04;QR-BRELOK.ru;
2024-01-04;QR-GIRL.ru;
2024-01-04;QR-PRIVATE.ru;
2024-01-04;QR-VIDEO.ru;
2024-01-04;QREVER.ru;
2024-01-04;QUEST-CRAFT.ru;
2024-01-04;QULILAND.ru;
2024-01-04;QURMANNN.ru;
2024-01-04;QUYDONAN.ru;
2024-01-04;R3PAM.ru;
2024-01-04;RABOTAIZDOMAMLM.ru;
2024-01-04;RADIO-SOUND.ru;
2024-01-04;RADIO-ZVUK.ru;
2024-01-04;RADOVSKIY.ru;
2024-01-04;RAELBG.ru;
2024-01-04;RAIKINSCHOOL.ru;
2024-01-04;RAIN44444.ru;
2024-01-04;RAINBOWPRESS.ru;
2024-01-04;RAITINGCASINO2024TOP1WINO.ru;
2024-01-04;RAMENGAMES2024.ru;
2024-01-04;RANDOMAISER.ru;
2024-01-04;RARITET-OOO.ru;
2024-01-04;RASCHET-KUHNI-TUYMEN.ru;
2024-01-04;RASMOSREG.ru;
2024-01-04;RASSKAZER.ru;
2024-01-04;RAVNOVESIE-SPB.ru;
2024-01-04;RAVNOVESIESPB.ru;
2024-01-04;RAYZI.ru;
2024-01-04;RAZEBCA.ru;
2024-01-04;RAZVAL-24.ru;
2024-01-04;RAZVITIE39.ru;
2024-01-04;RBL-CLUB.ru;
2024-01-04;RCBUYING.ru;
2024-01-04;RDUBROVIN.ru;
2024-01-04;RDVORKIN.ru;
2024-01-04;REALTYPROAGENT.ru;
2024-01-04;REALTYUM.ru;
2024-01-04;REBITICA.ru;
2024-01-04;REBOOTICA.ru;
2024-01-04;RECEPTOR-KRSK.ru;
2024-01-04;RED7MOSCOW.ru;
2024-01-04;REDDIT-CREW.ru;
2024-01-04;REDFURGON.ru;
2024-01-04;REGFABERLIC.ru;
2024-01-04;REGIONKRYM.ru;
2024-01-04;REGIST-PITER.ru;
2024-01-04;REGISTRATSIA-V-PITERE.ru;
2024-01-04;REGISTRATSIJA-V-MOSKWE.ru;
2024-01-04;REITINGCASINO.ru;
2024-01-04;REKET10.ru;
2024-01-04;REKOTOV.ru;
2024-01-04;RELAXBLACKNSK.ru;
2024-01-04;REMBOLIT.ru;
2024-01-04;REMGIDRO32.ru;
2024-01-04;REMONT-KOTLOV-NAVIEN.ru;
2024-01-04;REMONT-PK-KMS.ru;
2024-01-04;REMONT12PRO.ru;
2024-01-04;REMONTPOPRAVILAM.ru;
2024-01-04;REMSERVIS-53.ru;
2024-01-04;RENAISSANCE-E.ru;
2024-01-04;RENS-RUSSIA.ru;
2024-01-04;RENT-HUB.ru;
2024-01-04;REPROGRAMM.ru;
2024-01-04;REPUTATION-HELP.ru;
2024-01-04;RESIDENTWEB.ru;
2024-01-04;RESQO.ru;
2024-01-04;RETARI.ru;
2024-01-04;RETRIT-CENTER.ru;
2024-01-04;REWELLER.ru;
2024-01-04;REWERS-FF-QARENA.ru;
2024-01-04;RFLOVE.ru;
2024-01-04;RIBOTICA.ru;
2024-01-04;RICASAPARTNERS.ru;
2024-01-04;RICH-77.ru;
2024-01-04;RICHARDCHANCELLOR.ru;
2024-01-04;RICHARDCHANCELLOR-WHISKY.ru;
2024-01-04;RICKZAK.ru;
2024-01-04;RINARIN.ru;
2024-01-04;RIOBET186.ru;
2024-01-04;RISEOFKINGDOMSDONATE.ru;
2024-01-04;RISHOPOLOK.ru;
2024-01-04;RITUALUSL.ru;
2024-01-04;RKHALIKOV.ru;
2024-01-04;RKUTSENKO.ru;
2024-01-04;RMBT48.ru;
2024-01-04;RN-NV.ru;
2024-01-04;RN-NV086.ru;
2024-01-04;RN-NV86.ru;
2024-01-04;ROBBIXTWO.ru;
2024-01-04;ROBOCATPUNKROCK.ru;
2024-01-04;ROCATOM.ru;
2024-01-04;ROCKFEL.ru;
2024-01-04;RODINA-TOP.ru;
2024-01-04;RODINA-WORK.ru;
2024-01-04;RODINMN.ru;
2024-01-04;ROGSCHOOLNEWS.ru;
2024-01-04;ROMAN-MAJOROV.ru;
2024-01-04;ROMANAPI.ru;
2024-01-04;ROMANCE6310.ru;
2024-01-04;ROMANPRODJSVO.ru;
2024-01-04;ROMBUTHUS.ru;
2024-01-04;ROMMER-ONLINE.ru;
2024-01-04;RONIN-STYLE.ru;
2024-01-04;ROOM-TRAVEL.ru;
2024-01-04;ROSSOLENKO-1.ru;
2024-01-04;ROSSTAT-INFO.ru;
2024-01-04;ROSSTAT-INFORM.ru;
2024-01-04;ROSTHERM-RUSSIA.ru;
2024-01-04;ROSTOV-INDIVIDUALKI.ru;
2024-01-04;ROXCASINO-SLOTO.ru;
2024-01-04;ROXCASINO-SLOTO1.ru;
2024-01-04;ROYALA.ru;
2024-01-04;ROYALO.ru;
2024-01-04;ROZBUKET.ru;
2024-01-04;RSCHERBININ.ru;
2024-01-04;RSIPSC.ru;
2024-01-04;RST-TENDER.ru;
2024-01-04;RSULTYGOV.ru;
2024-01-04;RTARARAEV.ru;
2024-01-04;RTSGEO.ru;
2024-01-04;RU-SECURITY7482.ru;
2024-01-04;RU-TAIYILASER.ru;
2024-01-04;RUBCHAIN.ru;
2024-01-04;RUBLECHAIN.ru;
2024-01-04;RUBYWOOJEWELRY.ru;
2024-01-04;RUGORGEOUS.ru;
2024-01-04;RULODKI.ru;
2024-01-04;RUNPOQLS.ru;
2024-01-04;RUS-2189.ru;
2024-01-04;RUSCHAIN.ru;
2024-01-04;RUSDOSUG-99.ru;
2024-01-04;RUSDYNAMICS.ru;
2024-01-04;RUSORE.ru;
2024-01-04;RUSRORE.ru;
2024-01-04;RUSSIACHAIN.ru;
2024-01-04;RUSSIAFA.ru;
2024-01-04;RUSSIAN-FUN.ru;
2024-01-04;RUSSIANCHAIN.ru;
2024-01-04;RUSSIANFUNS.ru;
2024-01-04;RUSSIANPEDIA.ru;
2024-01-04;RUSTOE.ru;
2024-01-04;RUSTORI.ru;
2024-01-04;RUSTORR.ru;
2024-01-04;RUSTOTE.ru;
2024-01-04;RUSTRE.ru;
2024-01-04;RUTERM-ONLINE.ru;
2024-01-04;RUZK.ru;
2024-01-04;RV-SAMARA.ru;
2024-01-04;RYACHMENEVA.ru;
2024-01-04;S-KORNIENKO.ru;
2024-01-04;SAASLOF.ru;
2024-01-04;SAAVAGE.ru;
2024-01-04;SADPART.ru;
2024-01-04;SAENKO-D.ru;
2024-01-04;SAGAFONOV.ru;
2024-01-04;SAGALOW.ru;
2024-01-04;SAKRYTIN.ru;
2024-01-04;SAKURADUTY.ru;
2024-01-04;SALESO.ru;
2024-01-04;SALEWILLBE.ru;
2024-01-04;SAMFOFSED.ru;
2024-01-04;SAMREQION.ru;
2024-01-04;SAMSUNGALAXY.ru;
2024-01-04;SANEDERSS.ru;
2024-01-04;SANJASHARAPOV.ru;
2024-01-04;SANLINE-RUSSIA.ru;
2024-01-04;SANTEHNIKPITER.ru;
2024-01-04;SAPFIRINJIR.ru;
2024-01-04;SARABIANNA.ru;
2024-01-04;SARUTOBISENSE.ru;
2024-01-04;SASUKKEE.ru;
2024-01-04;SAUGABAY.ru;
2024-01-04;SAVILIX.ru;
2024-01-04;SAVIN93.ru;
2024-01-04;SAWAESTHETIC.ru;
2024-01-04;SBM24.ru;
2024-01-04;SBOR-KING.ru;
2024-01-04;SBP-SHOP.ru;
2024-01-04;SBT174.ru;
2024-01-04;SCHNEIDER-ALTIVAR.ru;
2024-01-04;SCHNEIDER-ELECTRIC-ALTIVAR.ru;
2024-01-04;SCHNEIDERELECTRIC-ALTIVAR.ru;
2024-01-04;SCHOOL-ACNE.ru;
2024-01-04;SCHOOLGOMMAKATE.ru;
2024-01-04;SCHUFFTEIN.ru;
2024-01-04;SCLONENIEWORD.ru;
2024-01-04;SCREEN5S.ru;
2024-01-04;SDELKA7369.ru;
2024-01-04;SDRONINA.ru;
2024-01-04;SEARCH-AI.ru;
2024-01-04;SEBAS31.ru;
2024-01-04;SELECTOR-KAZINO.ru;
2024-01-04;SELIGEREC-CAMP.ru;
2024-01-04;SEMIKLETOV.ru;
2024-01-04;SENRUSLAN.ru;
2024-01-04;SEQE.ru;
2024-01-04;SERFCLICKPRO.ru;
2024-01-04;SERGEI-NEKRASOV.ru;
2024-01-04;SERGEJ-MELNIKOV.ru;
2024-01-04;SERGEY-FILATOV.ru;
2024-01-04;SERGEYTSAREV.ru;
2024-01-04;SERGLMS.ru;
2024-01-04;SERMASTER.ru;
2024-01-04;SERVICE-1246.ru;
2024-01-04;SERVICE-9855.ru;
2024-01-04;SERVISTREZVYIVODITELMOSCOW.ru;
2024-01-04;SERZ-4.ru;
2024-01-04;SEV-1.ru;
2024-01-04;SEVAS-REMONT.ru;
2024-01-04;SEVER-FJORD.ru;
2024-01-04;SEVERNAYA-RUSSIA.ru;
2024-01-04;SEVERYANA.ru;
2024-01-04;SEWING72.ru;
2024-01-04;SEX--59.ru;
2024-01-04;SFIT-MYIR.ru;
2024-01-04;SGIT-PYIR.ru;
2024-01-04;SGOGOLEVA.ru;
2024-01-04;SHADOWPUBLIC.ru;
2024-01-04;SHAKI-CVETY.ru;
2024-01-04;SHARABARIN.ru;
2024-01-04;SHARAVOZTV.ru;
2024-01-04;SHATALOVA-7.ru;
2024-01-04;SHATUN-WAY.ru;
2024-01-04;SHCHEBENKUPIT.ru;
2024-01-04;SHIHAHMEDOVA.ru;
2024-01-04;SHILENK0.ru;
2024-01-04;SHISHOW.ru;
2024-01-04;SHKADIN-CLUB.ru;
2024-01-04;SHKAFFCUPE.ru;
2024-01-04;SHKAY.ru;
2024-01-04;SHKOLAZNANIE.ru;
2024-01-04;SHOMCHENKO.ru;
2024-01-04;SHONGIN.ru;
2024-01-04;SHOPEROPT.ru;
2024-01-04;SHOPSEXPRESS.ru;
2024-01-04;SHOW-ORGANISATION.ru;
2024-01-04;SHTIM.ru;
2024-01-04;SHURADO.ru;
2024-01-04;SHVECHKA.ru;
2024-01-04;SHVEDYUK.ru;
2024-01-04;SIBERIA1968.ru;
2024-01-04;SIBERIANVIEW.ru;
2024-01-04;SIBGENKO.ru;
2024-01-04;SIBIO-RUSSIA.ru;
2024-01-04;SILAEV-PRO.ru;
2024-01-04;SILEN-OK.ru;
2024-01-04;SILFIDA87.ru;
2024-01-04;SILL-2381.ru;
2024-01-04;SIMISSO.ru;
2024-01-04;SIMPLE-WAY.ru;
2024-01-04;SIMPLEX-WB.ru;
2024-01-04;SINKROS80.ru;
2024-01-04;SKAJTUKOVA.ru;
2024-01-04;SKAZBUKI.ru;
2024-01-04;SKF-KRIT.ru;
2024-01-04;SKILLWEEK.ru;
2024-01-04;SKOCHILOVA.ru;
2024-01-04;SKOLOTIL.ru;
2024-01-04;SKYDONATE.ru;
2024-01-04;SLAVAKEYMAN.ru;
2024-01-04;SLEONOVA.ru;
2024-01-04;SLI2024.ru;
2024-01-04;SLJAPIN.ru;
2024-01-04;SLLLOVO-PACANA.ru;
2024-01-04;SLLLOVOPACANA.ru;
2024-01-04;SLLOVO-PACONA.ru;
2024-01-04;SLLOVOPACANA.ru;
2024-01-04;SLLOVOPACANA2023.ru;
2024-01-04;SLLOVOPACANO.ru;
2024-01-04;SLOM-FILO.ru;
2024-01-04;SLOTTICA3GG.ru;
2024-01-04;SLOVO-PAACONA.ru;
2024-01-04;SLOVO-PACANAK.ru;
2024-01-04;SLOVO-PACONA1S.ru;
2024-01-04;SLOVO-PACONAV.ru;
2024-01-04;SLOVOO-PACONA.ru;
2024-01-04;SLOVOPACAHNU.ru;
2024-01-04;SLOVOPACAHU.ru;
2024-01-04;SLOVOPACANED.ru;
2024-01-04;SLOVOPACANFE.ru;
2024-01-04;SLOVOPACANNE.ru;
2024-01-04;SLOVOPACANSEZ.ru;
2024-01-04;SLOVOPACANUE.ru;
2024-01-04;SLOVOPACANUW.ru;
2024-01-04;SLOVOPACARVSE.ru;
2024-01-04;SLOVOPACATEE.ru;
2024-01-04;SLOVOPACAVSE.ru;
2024-01-04;SLUGOVSKAJA.ru;
2024-01-04;SM5FASTNET.ru;
2024-01-04;SMART-HOME-OMSK.ru;
2024-01-04;SMARTOTDYH.ru;
2024-01-04;SMCPZAO.ru;
2024-01-04;SMICOIN.ru;
2024-01-04;SMIRNOVYROST.ru;
2024-01-04;SMMTRON.ru;
2024-01-04;SNAPSOLUTION.ru;
2024-01-04;SNEGOMARKET.ru;
2024-01-04;SNEGOMAX.ru;
2024-01-04;SNOBRAND.ru;
2024-01-04;SOCHI4FUN.ru;
2024-01-04;SOCHIENDURO.ru;
2024-01-04;SOFTBERY.ru;
2024-01-04;SOL-MOSFEST4.ru;
2024-01-04;SOL-MOSFEST5.ru;
2024-01-04;SOLODOVNIKIW.ru;
2024-01-04;SOLSERIA.ru;
2024-01-04;SOLWIKI.ru;
2024-01-04;SOMNLQPU.ru;
2024-01-04;SONYBOX.ru;
2024-01-04;SOOLTANAT.ru;
2024-01-04;SOREVNOVANIE24.ru;
2024-01-04;SORP-CONSULT.ru;
2024-01-04;SORPCONSULT.ru;
2024-01-04;SOUNDHOST.ru;
2024-01-04;SOUNDINTOUCH.ru;
2024-01-04;SOVA-SIZIKOVA.ru;
2024-01-04;SOWYOU.ru;
2024-01-04;SPECUTIL.ru;
2024-01-04;SPIIICHKI.ru;
2024-01-04;SPINAMBA3.ru;
2024-01-04;SPONGEBOP.ru;
2024-01-04;SPOTPRICE.ru;
2024-01-04;SPROS-PRO.ru;
2024-01-04;SPSK-VAPS.ru;
2024-01-04;SQUATTERBLOAT.ru;
2024-01-04;SRPOTOLOK.ru;
2024-01-04;SSAVRAN.ru;
2024-01-04;SSHAMANIN.ru;
2024-01-04;ST-ISKHAKOV.ru;
2024-01-04;ST911.ru;
2024-01-04;STACYFLO.ru;
2024-01-04;STALKER-LOST.ru;
2024-01-04;STAND2NOJIKIS.ru;
2024-01-04;STANDUP-TILL.ru;
2024-01-04;STARDACASINOCOM4.ru;
2024-01-04;STARDACASINOCOM5.ru;
2024-01-04;STARK-AD.ru;
2024-01-04;STARLAINE.ru;
2024-01-04;STARLIK.ru;
2024-01-04;STARLINEONLINE.ru;
2024-01-04;STASENI6KA.ru;
2024-01-04;STEAMCONMNUITY.ru;
2024-01-04;STEAMCONMUNIRY.ru;
2024-01-04;STEANCONRMUNITY.ru;
2024-01-04;STEBEL-ONLAINE.ru;
2024-01-04;STEH174.ru;
2024-01-04;STEKLOSKOL.ru;
2024-01-04;STELLARBRAND.ru;
2024-01-04;STELMASHYK.ru;
2024-01-04;STEPANSMIRNOV.ru;
2024-01-04;STEPIN-A.ru;
2024-01-04;STEREOSOUND-MP3.ru;
2024-01-04;STFIRE.ru;
2024-01-04;STI-RUSSIA.ru;
2024-01-04;STO76CENTR.ru;
2024-01-04;STOAVANGARD.ru;
2024-01-04;STOP-DOLGI-2024.ru;
2024-01-04;STORAGECLOUDS.ru;
2024-01-04;STRABINKOV.ru;
2024-01-04;STRAHOVKA001.ru;
2024-01-04;STRATEGYM.ru;
2024-01-04;STRISHKAPLUS.ru;
2024-01-04;STROKI-MTS.ru;
2024-01-04;STROYKA50.ru;
2024-01-04;STROYTUMEN24.ru;
2024-01-04;STSAPER.ru;
2024-01-04;STUDYLADDER.ru;
2024-01-04;STUDYTRAIL.ru;
2024-01-04;SUDOTEST.ru;
2024-01-04;SUGAR-PAPER28.ru;
2024-01-04;SUPER-TOOLS51.ru;
2024-01-04;SUPERNXVA.ru;
2024-01-04;SVECHEVARYNYA.ru;
2024-01-04;SVETLANA-KULIKOVA.ru;
2024-01-04;SVETOPAD.ru;
2024-01-04;SVETPROSVET.ru;
2024-01-04;SVETSKIYSOYUZ.ru;
2024-01-04;SVETYHOME.ru;
2024-01-04;SVOBODA60.ru;
2024-01-04;SWEET-FILM.ru;
2024-01-04;SWEETLYK.ru;
2024-01-04;SWEETVATA.ru;
2024-01-04;SWISSLUXE.ru;
2024-01-04;SWLOVE.ru;
2024-01-04;SWTHM29.ru;
2024-01-04;SXJN-SPV.ru;
2024-01-04;SYROLOGIYA.ru;
2024-01-04;TAB700.ru;
2024-01-04;TACTICBOT.ru;
2024-01-04;TAKIYE-SVADBY.ru;
2024-01-04;TALESOFPIRATES.ru;
2024-01-04;TANCHITTASTUDIO.ru;
2024-01-04;TANDEM360.ru;
2024-01-04;TANUSHABUCHINA.ru;
2024-01-04;TANYATERRA.ru;
2024-01-04;TARAKANOVANDREY.ru;
2024-01-04;TARGETCARDBOARD.ru;
2024-01-04;TARKMARANA.ru;
2024-01-04;TARO-RUN-NUMEROLOGIYA-PROGRAMMNIESVECHI-AMULETIDOM.ru;
2024-01-04;TATIANNA.ru;
2024-01-04;TEACHER-TRUBITSYNA.ru;
2024-01-04;TECHFUELING2.ru;
2024-01-04;TECHNO-TUCH.ru;
2024-01-04;TECHNOBOX-SHOP.ru;
2024-01-04;TECHNOTUCH.ru;
2024-01-04;TELEGRAM-SELL.ru;
2024-01-04;TELEGRAMGURU.ru;
2024-01-04;TELEGRAMNEWRU.ru;
2024-01-04;TELNOV-PRO.ru;
2024-01-04;TENBOOK.ru;
2024-01-04;TENDER-RTS.ru;
2024-01-04;TEPOTAM.ru;
2024-01-04;TERRA-BLADE.ru;
2024-01-04;TERRITORIA-REALNOSTI.ru;
2024-01-04;TEST-DROPDDD.ru;
2024-01-04;TEST-MAIN.ru;
2024-01-04;TEST-WEDA.ru;
2024-01-04;TESTFINA.ru;
2024-01-04;TESTMEDICINA.ru;
2024-01-04;TESTYC.ru;
2024-01-04;TETTEY.ru;
2024-01-04;TEZBAZAR.ru;
2024-01-04;TG45EL.ru;
2024-01-04;TGEYE.ru;
2024-01-04;THAILAND-TURIZM.ru;
2024-01-04;THE-TUDORS.ru;
2024-01-04;THEATER40.ru;
2024-01-04;THEATRE-ACTOR.ru;
2024-01-04;THEATRE-TILL.ru;
2024-01-04;THEMX0NDAY.ru;
2024-01-04;THENOLIMIT.ru;
2024-01-04;THEONLYBAG.ru;
2024-01-04;THERMOTRUST-RUSSIA.ru;
2024-01-04;THESONICBEAST.ru;
2024-01-04;THISISBUIS.ru;
2024-01-04;THOLCOM.ru;
2024-01-04;TICKETS-RU.ru;
2024-01-04;TIGR-FORTUNA.ru;
2024-01-04;TILL-CASSA.ru;
2024-01-04;TIMA-9195.ru;
2024-01-04;TIMAGAMES.ru;
2024-01-04;TIMEWEEB.ru;
2024-01-04;TIMICHEV.ru;
2024-01-04;TIMURABDULLAEV.ru;
2024-01-04;TIMUROVA.ru;
2024-01-04;TIN-DOLG.ru;
2024-01-04;TINATIGRA.ru;
2024-01-04;TINYLEAF.ru;
2024-01-04;TITANIUM312.ru;
2024-01-04;TITANIUMCOSMIC.ru;
2024-01-04;TMRDH.ru;
2024-01-04;TNC-E.ru;
2024-01-04;TNKF-KAPLTAL-INVEST.ru;
2024-01-04;TOANY.ru;
2024-01-04;TODAY-24-7.ru;
2024-01-04;TODAY-24-NEWS.ru;
2024-01-04;TODAY-247.ru;
2024-01-04;TODAY-24NEWS.ru;
2024-01-04;TODAY24-7.ru;
2024-01-04;TODAY247.ru;
2024-01-04;TODAY24NEWS.ru;
2024-01-04;TOFEE.ru;
2024-01-04;TOL-SERP.ru;
2024-01-04;TOLPYSHEV.ru;
2024-01-04;TOMCHIKB.ru;
2024-01-04;TONGOU.ru;
2024-01-04;TONMIL.ru;
2024-01-04;TOOL-TIME.ru;
2024-01-04;TOOLBOT.ru;
2024-01-04;TOP-ZAVESA.ru;
2024-01-04;TOP505.ru;
2024-01-04;TOPALOVA-DOC.ru;
2024-01-04;TOPGAB.ru;
2024-01-04;TOPSHINA-MSK.ru;
2024-01-04;TORAEVER.ru;
2024-01-04;TORRED.ru;
2024-01-04;TOSIN.ru;
2024-01-04;TOURFISHKA.ru;
2024-01-04;TOURGOCS.ru;
2024-01-04;TPETRANOVSKIJ.ru;
2024-01-04;TPOPP.ru;
2024-01-04;TRADELEAGUE.ru;
2024-01-04;TRAM-MEDITATION.ru;
2024-01-04;TRANSFER-PAYMS.ru;
2024-01-04;TRANSFERGEORGIA.ru;
2024-01-04;TRANSFERS-INFO.ru;
2024-01-04;TRASSAM4DON.ru;
2024-01-04;TREKS-M.ru;
2024-01-04;TREMASOV-1.ru;
2024-01-04;TRETYAK0718.ru;
2024-01-04;TRIP-2179.ru;
2024-01-04;TROEVER.ru;
2024-01-04;TROLLTEAM.ru;
2024-01-04;TRONEVA-26.ru;
2024-01-04;TRUBOPLAST30.ru;
2024-01-04;TRUEGAME-CLUB.ru;
2024-01-04;TRUSAUTOALLET.ru;
2024-01-04;TSEREDIANI.ru;
2024-01-04;TSIBULSKII.ru;
2024-01-04;TSIVENKO.ru;
2024-01-04;TSUY.ru;
2024-01-04;TTOLKAY.ru;
2024-01-04;TU-CARS.ru;
2024-01-04;TU-EDA.ru;
2024-01-04;TULA-DOSUG.ru;
2024-01-04;TULPIN.ru;
2024-01-04;TURCIIA.ru;
2024-01-04;TURFISHKA.ru;
2024-01-04;TURKSEZONY.ru;
2024-01-04;TUTORIZE.ru;
2024-01-04;TUTORSHUB.ru;
2024-01-04;TVGTN.ru;
2024-01-04;TWIDATA.ru;
2024-01-04;TYPETAB.ru;
2024-01-04;TYSTROY.ru;
2024-01-04;TYUMEN-DOSUG.ru;
2024-01-04;TYUMENDEVKI.ru;
2024-01-04;TYUMENDEVOCHKI.ru;
2024-01-04;U-2417812-TRIAL-REG.ru;
2024-01-04;UBISTORE.ru;
2024-01-04;UCHET-RUS.ru;
2024-01-04;UCHINIUM.ru;
2024-01-04;UDMESPLUS.ru;
2024-01-04;UEKARACA.ru;
2024-01-04;UF-DTF.ru;
2024-01-04;UFDTF.ru;
2024-01-04;UGGAUSTRALIAA.ru;
2024-01-04;UGGMOLL.ru;
2024-01-04;UI-NASS.ru;
2024-01-04;UMBRELLA-GAME.ru;
2024-01-04;UMNITSA-ONLINE.ru;
2024-01-04;UN1LTYAN.ru;
2024-01-04;UNI-FITT-RUSSIA.ru;
2024-01-04;UNIKURS.ru;
2024-01-04;UNIVER-CENTER.ru;
2024-01-04;UNIVERCELL.ru;
2024-01-04;UNIVERSALYUG.ru;
2024-01-04;UNIVERSITYCENTER.ru;
2024-01-04;UNIVERSITYOFKNOWLEDGE.ru;
2024-01-04;UNIVERSUM-COMMUNITY.ru;
2024-01-04;UNLIMZERKALO.ru;
2024-01-04;UNLY.ru;
2024-01-04;UNRELEASED-TOURNAMENTS.ru;
2024-01-04;URAITE.ru;
2024-01-04;URALELITSTROI.ru;
2024-01-04;URISTIOTVETI.ru;
2024-01-04;URITE.ru;
2024-01-04;URTUTOR.ru;
2024-01-04;URZHINOVA.ru;
2024-01-04;US-PUBG-MOBAIL.ru;
2024-01-04;USACHAIN.ru;
2024-01-04;USCHAIN.ru;
2024-01-04;USDCHAIN.ru;
2024-01-04;USKKOFF.ru;
2024-01-04;USTANOVKA-ZABOROV-SMOLENSK.ru;
2024-01-04;UTA-MSK.ru;
2024-01-04;UTALES.ru;
2024-01-04;UTMKA.ru;
2024-01-04;UTR-KAZS2.ru;
2024-01-04;V-PODPISKE.ru;
2024-01-04;V3J.ru;
2024-01-04;VADIM-O.ru;
2024-01-04;VAHTA-RF.ru;
2024-01-04;VALERII69.ru;
2024-01-04;VALFEX-RUSSIA.ru;
2024-01-04;VANCOUVER-CLUB.ru;
2024-01-04;VANOVSKY.ru;
2024-01-04;VANTEDA.ru;
2024-01-04;VARESHKIE.ru;
2024-01-04;VARIKOZANET-STAVROPOL.ru;
2024-01-04;VASILEWSKIY.ru;
2024-01-04;VAVADACASINO100.ru;
2024-01-04;VAVADACASINO2024.ru;
2024-01-04;VAVADAXCX.ru;
2024-01-04;VBST174.ru;
2024-01-04;VCHT-CENTER.ru;
2024-01-04;VCHTCENTER.ru;
2024-01-04;VECHERINART.ru;
2024-01-04;VENOMEROK.ru;
2024-01-04;VENUSBAND.ru;
2024-01-04;VESLAV-V.ru;
2024-01-04;VETERINARYMARKET.ru;
2024-01-04;VETROVM.ru;
2024-01-04;VGERTSEV.ru;
2024-01-04;VHASANOV.ru;
2024-01-04;VHURIN.ru;
2024-01-04;VIBORU.ru;
2024-01-04;VIDEOCHAIN.ru;
2024-01-04;VIEBA.ru;
2024-01-04;VIKI-MAKEUP.ru;
2024-01-04;VIKTORKOMISSAR.ru;
2024-01-04;VITALITY-MOS.ru;
2024-01-04;VITALIY-RETOUCH.ru;
2024-01-04;VITRAZHNIEOKNA.ru;
2024-01-04;VIVA-MOT.ru;
2024-01-04;VIVA-TECHNOLOGY.ru;
2024-01-04;VIZANTIYA-OTEL.ru;
2024-01-04;VK-ANDERTUSHKA.ru;
2024-01-04;VK-AUTHORIZATION.ru;
2024-01-04;VKDEZ.ru;
2024-01-04;VKLEVE.ru;
2024-01-04;VL-MIRONOV.ru;
2024-01-04;VLADCLENOV7.ru;
2024-01-04;VLADIMIRFOTO.ru;
2024-01-04;VLADIMIROVNA33.ru;
2024-01-04;VLADMINKIN.ru;
2024-01-04;VLOMMDERS.ru;
2024-01-04;VLOSIHE.ru;
2024-01-04;VMGZ-45.ru;
2024-01-04;VMGZ-60.ru;
2024-01-04;VMOTKIN.ru;
2024-01-04;VODKA-KASINO.ru;
2024-01-04;VODOKANAL-RND.ru;
2024-01-04;VOGELNOOT-RUSSIA.ru;
2024-01-04;VOLKOV112007.ru;
2024-01-04;VOLNACASINO-ZAL4.ru;
2024-01-04;VOLNACASINO-ZAL5.ru;
2024-01-04;VOLOSHINART.ru;
2024-01-04;VOLSHEBNIKJA.ru;
2024-01-04;VOLT-MAX.ru;
2024-01-04;VOLZP.ru;
2024-01-04;VONTAMONA.ru;
2024-01-04;VORONEGHIMPROM.ru;
2024-01-04;VORONOVCOPYLOV.ru;
2024-01-04;VOROSHILOV68.ru;
2024-01-04;VOVACOIN.ru;
2024-01-04;VOVANKAZINO.ru;
2024-01-04;VOVATITOV.ru;
2024-01-04;VOZVRAT-URIST.ru;
2024-01-04;VSAMURAJ.ru;
2024-01-04;VSBREKLAMA.ru;
2024-01-04;VSEDLADACHI.ru;
2024-01-04;VSEPRAVILAOBSHENIA.ru;
2024-01-04;VSH510.ru;
2024-01-04;VSIODLADACHI.ru;
2024-01-04;VSIODLAREMONTA.ru;
2024-01-04;VSLETIN.ru;
2024-01-04;VSMAGINA.ru;
2024-01-04;VSTB174.ru;
2024-01-04;VSYODLADACHI.ru;
2024-01-04;VSYODLAREMONTA.ru;
2024-01-04;VTEPLICAX.ru;
2024-01-04;VUHANOVA.ru;
2024-01-04;VVCHAIN.ru;
2024-01-04;VVMAZANOV.ru;
2024-01-04;VVVIN.ru;
2024-01-04;VYS-YA.ru;
2024-01-04;VYUSHKOV13.ru;
2024-01-04;W-KRASNODAR.ru;
2024-01-04;W-RX.ru;
2024-01-04;WAPGAMEBOT.ru;
2024-01-04;WARMHAUS-RUSSIA.ru;
2024-01-04;WARRIORCODEX.ru;
2024-01-04;WATCHSTORM.ru;
2024-01-04;WATTSON-RUSSIA.ru;
2024-01-04;WAYRONE-ONE.ru;
2024-01-04;WB-ANALITIKA.ru;
2024-01-04;WBPARTNERI.ru;
2024-01-04;WEB-VARIANT.ru;
2024-01-04;WEB3SYSTEM.ru;
2024-01-04;WEBCREATOR44.ru;
2024-01-04;WEBONTOLOGY.ru;
2024-01-04;WEBSITESAUDITOR.ru;
2024-01-04;WEBTVOYKORENOVSK.ru;
2024-01-04;WEBUNIPROJECTS.ru;
2024-01-04;WEGOVY-1MG.ru;
2024-01-04;WEGOVY-APTEKA.ru;
2024-01-04;WEGOVY-MOSCOW.ru;
2024-01-04;WEGOVY-MOSKVA.ru;
2024-01-04;WEGOVY-MSK.ru;
2024-01-04;WEGOVY-OFFICIAL.ru;
2024-01-04;WEGOVY-RUSSIA.ru;
2024-01-04;WEGOVY-SEMAGLUTIDE.ru;
2024-01-04;WEGOVY1.ru;
2024-01-04;WEPINK.ru;
2024-01-04;WESHINE-LABEL.ru;
2024-01-04;WHAT-PEOPLE.ru;
2024-01-04;WHATPEOPLE.ru;
2024-01-04;WHATSAPP-API.ru;
2024-01-04;WIK-DEV.ru;
2024-01-04;WIK-PROD.ru;
2024-01-04;WILD-POPSRU.ru;
2024-01-04;WINDINGROAD.ru;
2024-01-04;WINDOWSKEYDEAL.ru;
2024-01-04;WINLINE-US.ru;
2024-01-04;WINNAIAL.ru;
2024-01-04;WINTERVALO.ru;
2024-01-04;WISEMISER.ru;
2024-01-04;WISMAT.ru;
2024-01-04;WITCHYMISCHA-TOP.ru;
2024-01-04;WLEBROTSGATE.ru;
2024-01-04;WMRECORDS.ru;
2024-01-04;WOAN.ru;
2024-01-04;WODGEO.ru;
2024-01-04;WOLFBRAND.ru;
2024-01-04;WOLNCOM.ru;
2024-01-04;WOMAH.ru;
2024-01-04;WOMAM.ru;
2024-01-04;WOOD-LUCK.ru;
2024-01-04;WOOD33.ru;
2024-01-04;WOOD51.ru;
2024-01-04;WOODENTIME.ru;
2024-01-04;WOODLINEN.ru;
2024-01-04;WOODMEAD.ru;
2024-01-04;WOWAN.ru;
2024-01-04;WS-24.ru;
2024-01-04;WTRUSSIA.ru;
2024-01-04;WWWVOLZP.ru;
2024-01-04;X-DZOR.ru;
2024-01-04;X-SERVISE.ru;
2024-01-04;X5EXPEDITION.ru;
2024-01-04;XDRIP718.ru;
2024-01-04;XDZOR.ru;
2024-01-04;XFLOWERS1.ru;
2024-01-04;XOLOP-2-2024.ru;
2024-01-04;XTYT.ru;
2024-01-04;XUMYMISHKA.ru;
2024-01-04;XYXYA.ru;
2024-01-04;XYZSCHOOL.ru;
2024-01-04;YA-ELAGINA.ru;
2024-01-04;YA-NEPOVAR.ru;
2024-01-04;YA9ALCKINA.ru;
2024-01-04;YADOLBAEB.ru;
2024-01-04;YAKOREVA.ru;
2024-01-04;YANDEXSHOPONLAIN.ru;
2024-01-04;YANOTHER.ru;
2024-01-04;YANUZAKOV.ru;
2024-01-04;YAR-EAK.ru;
2024-01-04;YASYA-GORD.ru;
2024-01-04;YASYAGORD.ru;
2024-01-04;YBALALAN.ru;
2024-01-04;YDMNSKY.ru;
2024-01-04;YEKIBAYEV.ru;
2024-01-04;YENCHAIN.ru;
2024-01-04;YMELICA.ru;
2024-01-04;YMNWRX.ru;
2024-01-04;YMORZIMA.ru;
2024-01-04;YN-DATE.ru;
2024-01-04;YOGA-CO.ru;
2024-01-04;YOGAURAL.ru;
2024-01-04;YOUNUBE.ru;
2024-01-04;YOURBESTTRAVEL.ru;
2024-01-04;YOUTTUBE.ru;
2024-01-04;YOUTUBA.ru;
2024-01-04;YSELIALA.ru;
2024-01-04;YUANCHAIN.ru;
2024-01-04;YULENKAX.ru;
2024-01-04;YURAIT.ru;
2024-01-04;YURIYSHAPOVALOV.ru;
2024-01-04;ZAIMATOR.ru;
2024-01-04;ZAK-1.ru;
2024-01-04;ZAKAZ7369.ru;
2024-01-04;ZAKON-POMOSH.ru;
2024-01-04;ZAKON115FZ.ru;
2024-01-04;ZAKROYOKNO.ru;
2024-01-04;ZAMETKI-PENSIONERA-NEWS.ru;
2024-01-04;ZAPAVTOSTOCK.ru;
2024-01-04;ZAVARZINAC.ru;
2024-01-04;ZAVODSVAROG.ru;
2024-01-04;ZEAOFFICIAL.ru;
2024-01-04;ZEEBEAT.ru;
2024-01-04;ZEMONGAN.ru;
2024-01-04;ZERKALODADDY.ru;
2024-01-04;ZERKALOGAMA.ru;
2024-01-04;ZHOMESERVER.ru;
2024-01-04;ZINAIDANEM.ru;
2024-01-04;ZIP-OREN.ru;
2024-01-04;ZIWAR.ru;
2024-01-04;ZIYOCORE.ru;
2024-01-04;ZMB-CS.ru;
2024-01-04;ZNAKMEBEL.ru;
2024-01-04;ZOLOTO-KOLCHAKA.ru;
2024-01-04;ZOLOTOKOLCHAKA.ru;
2024-01-04;ZOO-GRAD.ru;
2024-01-04;ZOOPARTS.ru;
2024-01-04;ZOZHSOVET.ru;
2024-01-04;ZUBKOV6773.ru;
2024-01-05;0118.ru;
2024-01-05;02AAM24.ru;
2024-01-05;123-3D.ru;
2024-01-05;123MOVIERULZ.ru;
2024-01-05;12FAN.ru;
2024-01-05;1384.ru;
2024-01-05;154DAMDAM.ru;
2024-01-05;18258312.ru;
2024-01-05;186NYMEROLOG.ru;
2024-01-05;198754.ru;
2024-01-05;1BREMENSKIEMUZYKANTY2024.ru;
2024-01-05;1C-SAB.ru;
2024-01-05;1C-V8.ru;
2024-01-05;1MONETKA.ru;
2024-01-05;1MONOPOLY.ru;
2024-01-05;1MOTOMIR.ru;
2024-01-05;2024BESTCHEAPONLINE.ru;
2024-01-05;2024BESTSALE.ru;
2024-01-05;2024DISCOUNTSTORES.ru;
2024-01-05;2024DRAGON.ru;
2024-01-05;2024ONLINECHEAPSALE.ru;
2024-01-05;2024ONLINEOUTLETS.ru;
2024-01-05;2024OUTLETSTORES.ru;
2024-01-05;2024STOREOUTLET.ru;
2024-01-05;20USPEH24.ru;
2024-01-05;2424K.ru;
2024-01-05;2424PWK.ru;
2024-01-05;247SPACE.ru;
2024-01-05;24DAMDAM.ru;
2024-01-05;24GERASIMOV.ru;
2024-01-05;24IGO.ru;
2024-01-05;24LID.ru;
2024-01-05;24ORAKUL.ru;
2024-01-05;24PASAZ29I4AUCF1OI6ERX7HGQ.ru;
2024-01-05;24PIGULKA.ru;
2024-01-05;24PWK-RU.ru;
2024-01-05;24RENTALTOOL.ru;
2024-01-05;28AI.ru;
2024-01-05;29YA.ru;
2024-01-05;29ZMD.ru;
2024-01-05;2BIRKI.ru;
2024-01-05;2FAVIASALES.ru;
2024-01-05;2HOLOP2.ru;
2024-01-05;2MILLENIUM.ru;
2024-01-05;3DGUS.ru;
2024-01-05;3DMAXPRINTING.ru;
2024-01-05;3DPRINTCRAFT.ru;
2024-01-05;3ELEKTRIKA.ru;
2024-01-05;4G18.ru;
2024-01-05;4H-ZONE.ru;
2024-01-05;4T7.ru;
2024-01-05;5-BERKUTOV.ru;
2024-01-05;54ORIGINS.ru;
2024-01-05;56YA.ru;
2024-01-05;5854545.ru;
2024-01-05;5AKE.ru;
2024-01-05;5SIMS.ru;
2024-01-05;666DAMDAM.ru;
2024-01-05;6ZU.ru;
2024-01-05;7799970.ru;
2024-01-05;7KCASINOH.ru;
2024-01-05;845145127.ru;
2024-01-05;89023758133.ru;
2024-01-05;89030025921.ru;
2024-01-05;89249300130.ru;
2024-01-05;8SLOVO-PATCONA.ru;
2024-01-05;9244050900.ru;
2024-01-05;9903.ru;
2024-01-05;999DAMDAM.ru;
2024-01-05;9MINECRAFT.ru;
2024-01-05;A-48.ru;
2024-01-05;A-FEMALE.ru;
2024-01-05;A-LIVING-MAN.ru;
2024-01-05;A-PARUSA39.ru;
2024-01-05;A567.ru;
2024-01-05;A9274467.ru;
2024-01-05;AAIGNATENKO.ru;
2024-01-05;AAUTH-TELEGRAMM.ru;
2024-01-05;ABCPEREVOD.ru;
2024-01-05;ABOGATEEV.ru;
2024-01-05;ABONEMENT-OBSLUZIVANIE.ru;
2024-01-05;ABORDAGECLUB.ru;
2024-01-05;ABPROLAND.ru;
2024-01-05;AC-56MILE.ru;
2024-01-05;ACADEMY-MEDIATION.ru;
2024-01-05;ACADEMYMEDIATION.ru;
2024-01-05;ACADI-NEDV.ru;
2024-01-05;ACAIT.ru;
2024-01-05;ACARDENAS.ru;
2024-01-05;ACCOUNTS-AVITO.ru;
2024-01-05;ACEEXAMS.ru;
2024-01-05;ACHEP.ru;
2024-01-05;ACHIPMUNK.ru;
2024-01-05;ACTIVE-PORTAL.ru;
2024-01-05;AD4CLEAN.ru;
2024-01-05;ADLPARTS.ru;
2024-01-05;ADMIN-SITE.ru;
2024-01-05;ADMIN-URALPTV.ru;
2024-01-05;ADMIRALX-UOC.ru;
2024-01-05;ADMTALAKAN.ru;
2024-01-05;ADSGMIQW.ru;
2024-01-05;ADVOKAT-NEMOV.ru;
2024-01-05;ADVOKATKRASOV.ru;
2024-01-05;AE-FLOWERS.ru;
2024-01-05;AELITABIZNES.ru;
2024-01-05;AERYGIN.ru;
2024-01-05;AFBNDKR.ru;
2024-01-05;AFCREAM.ru;
2024-01-05;AFF-AFF.ru;
2024-01-05;AFILARETOVA.ru;
2024-01-05;AFISHA-SHOW.ru;
2024-01-05;AFISHA63.ru;
2024-01-05;AFTKEY.ru;
2024-01-05;AG3NT.ru;
2024-01-05;AGANCYPRO.ru;
2024-01-05;AGDMKB.ru;
2024-01-05;AGENT-SPB.ru;
2024-01-05;AGENT-SPB78.ru;
2024-01-05;AGENT-TERRA.ru;
2024-01-05;AGENTURA01.ru;
2024-01-05;AGMIO.ru;
2024-01-05;AGPSGTTGG.ru;
2024-01-05;AGRODOM74.ru;
2024-01-05;AI-CLON.ru;
2024-01-05;AI-ELEMENTARY.ru;
2024-01-05;AI-GALAXY.ru;
2024-01-05;AI-GOV.ru;
2024-01-05;AI-SPEAKERS.ru;
2024-01-05;AI12.ru;
2024-01-05;AIBEE.ru;
2024-01-05;AICLON.ru;
2024-01-05;AIGALAXY.ru;
2024-01-05;AIKIDO-DAMO.ru;
2024-01-05;AILIKENS.ru;
2024-01-05;AIP7.ru;
2024-01-05;AIPROD.ru;
2024-01-05;AIROUTER.ru;
2024-01-05;AIRSOFT24.ru;
2024-01-05;AIRSTROLL.ru;
2024-01-05;AJOUREBUREAU.ru;
2024-01-05;AKADEMIAZOLOTOVA.ru;
2024-01-05;AKADEMIYA-KIVI.ru;
2024-01-05;AKB-60.ru;
2024-01-05;AKEBONOBREAKS.ru;
2024-01-05;AKHUSAINOV.ru;
2024-01-05;AKPP-MOSCOW.ru;
2024-01-05;AKRUTKO.ru;
2024-01-05;AKSENENKOOKSANA.ru;
2024-01-05;AKSIGOR.ru;
2024-01-05;AKTSIYAIVLEEVOY.ru;
2024-01-05;AKULOVAV.ru;
2024-01-05;AKURENBURG.ru;
2024-01-05;AKVA68.ru;
2024-01-05;AKVADOOR.ru;
2024-01-05;AKVAKARS.ru;
2024-01-05;AKVALOS-KRASNODAR.ru;
2024-01-05;AKVALOS-ROSTOV.ru;
2024-01-05;AKVATAMBOV.ru;
2024-01-05;ALCO-EXPRESS24-SARATOV.ru;
2024-01-05;ALCOBAR43.ru;
2024-01-05;ALCOBAR46.ru;
2024-01-05;ALCOEXPRESS43.ru;
2024-01-05;ALCOEXPRESS46.ru;
2024-01-05;ALCOSHOCK.ru;
2024-01-05;ALEKSEEVSKYOTEL.ru;
2024-01-05;ALEKSEY-VANIUSHKIN.ru;
2024-01-05;ALEKSEYISTOMIN.ru;
2024-01-05;ALEX-PETS.ru;
2024-01-05;ALEX1678G.ru;
2024-01-05;ALEXBRATCHENKO.ru;
2024-01-05;ALEXEY-KOLESNIKOV.ru;
2024-01-05;ALEXEYSADOV.ru;
2024-01-05;ALEXPETS.ru;
2024-01-05;ALEXVAF.ru;
2024-01-05;ALFAMOLD.ru;
2024-01-05;ALFASWITCH.ru;
2024-01-05;ALHIMIADUSH.ru;
2024-01-05;ALILAC.ru;
2024-01-05;ALINA-BIRTHDAY.ru;
2024-01-05;ALIYEVACINARE.ru;
2024-01-05;ALL-TEPLICY.ru;
2024-01-05;ALL-THINGS-COGNITEI.ru;
2024-01-05;ALLCONSUMABLES.ru;
2024-01-05;ALLINSEO.ru;
2024-01-05;ALMATYRAGE.ru;
2024-01-05;ALMAZBUR-CHEL.ru;
2024-01-05;ALMAZOVOJ-KV-SALON.ru;
2024-01-05;ALNIRED1.ru;
2024-01-05;ALORDKIPANIDZE.ru;
2024-01-05;ALP22.ru;
2024-01-05;ALPENHAUS360.ru;
2024-01-05;ALQ2U.ru;
2024-01-05;ALT-GNOME.ru;
2024-01-05;ALTAY-MANZHEROK.ru;
2024-01-05;ALTERCRAFT.ru;
2024-01-05;ALTSERVERS.ru;
2024-01-05;ALTTECHNOGROUP.ru;
2024-01-05;ALYONAAURUM.ru;
2024-01-05;ALZOLOTOV.ru;
2024-01-05;ALZVET.ru;
2024-01-05;AM161.ru;
2024-01-05;AMATYSIK.ru;
2024-01-05;AMG-TUNING-DETAILING-CENTR.ru;
2024-01-05;AMIRTAHOME.ru;
2024-01-05;ANAPA-ESTATE.ru;
2024-01-05;ANASTASIAEDAPINA.ru;
2024-01-05;ANASTASIJA-KUZNETSOVA.ru;
2024-01-05;ANDBARYNIN.ru;
2024-01-05;ANDREEVBIM.ru;
2024-01-05;ANDREY-MARINA.ru;
2024-01-05;ANDROSOV-SM.ru;
2024-01-05;ANDY9145.ru;
2024-01-05;ANFISAMODE.ru;
2024-01-05;ANGELIDES.ru;
2024-01-05;ANGELINA-ART.ru;
2024-01-05;ANGELINAFAIDYUK.ru;
2024-01-05;ANGELKULINAR.ru;
2024-01-05;ANGOSTURABITTERS.ru;
2024-01-05;ANIBD.ru;
2024-01-05;ANKETA-WORK.ru;
2024-01-05;ANOD7.ru;
2024-01-05;ANSAT-EXPERT.ru;
2024-01-05;ANSPRO.ru;
2024-01-05;ANSTTKCH.ru;
2024-01-05;ANTONINA-KOSTINA.ru;
2024-01-05;ANTONPOL.ru;
2024-01-05;ANTONPOTAPOV.ru;
2024-01-05;ANTY903.ru;
2024-01-05;ANWAB.ru;
2024-01-05;ANYA321111.ru;
2024-01-05;ANYTA1.ru;
2024-01-05;ANZFITNESS.ru;
2024-01-05;AOSDVBBF.ru;
2024-01-05;APDOU.ru;
2024-01-05;APEXAI.ru;
2024-01-05;APHMELEV.ru;
2024-01-05;APISTUDIA.ru;
2024-01-05;APMES.ru;
2024-01-05;APOLYAKOV93.ru;
2024-01-05;APPINVENT.ru;
2024-01-05;APPLE-CLEVER.ru;
2024-01-05;APPLEGADGETSHOP.ru;
2024-01-05;APPLICATIONFORM-G0VTNZ.ru;
2024-01-05;APRACINGBREAKS.ru;
2024-01-05;APRAXIA.ru;
2024-01-05;APRILE-DESIGN.ru;
2024-01-05;APTECH-35.ru;
2024-01-05;APYZHIKOV.ru;
2024-01-05;AQUA68.ru;
2024-01-05;AQUALOS-KRASNODAR.ru;
2024-01-05;AQUALOS-ROSTOV.ru;
2024-01-05;AQUALOS-SEPTIK.ru;
2024-01-05;AQUATAMBOV.ru;
2024-01-05;ARBITRAGE-SCANER.ru;
2024-01-05;AREIGM.ru;
2024-01-05;ARENDA-JOY.ru;
2024-01-05;ARGAMING.ru;
2024-01-05;ARGENTUM76.ru;
2024-01-05;ARH-YOU.ru;
2024-01-05;ARHYZCITY.ru;
2024-01-05;ARIARYLI.ru;
2024-01-05;ARIFDZHANOVA.ru;
2024-01-05;ARISTUDIO.ru;
2024-01-05;ARKANGELS-TRAVEL.ru;
2024-01-05;ARKTIKA-BRP.ru;
2024-01-05;ARM-TERRAZZO.ru;
2024-01-05;ARMAMIR-RUS.ru;
2024-01-05;ARMSPECSTROY.ru;
2024-01-05;AROMAGRAD.ru;
2024-01-05;ARPLATFORM.ru;
2024-01-05;ARSENEYT.ru;
2024-01-05;ART-BISCVIT.ru;
2024-01-05;ART-PROTECT.ru;
2024-01-05;ARTAPROJECTS.ru;
2024-01-05;ARTCOMSOFT.ru;
2024-01-05;ARTEMKONNOV.ru;
2024-01-05;ARTPROMEDIA.ru;
2024-01-05;ARTRON-MERYDIAN.ru;
2024-01-05;ARTZHESTKOV.ru;
2024-01-05;ARUDAJA.ru;
2024-01-05;ARVENHOLD.ru;
2024-01-05;ASCHAPOV.ru;
2024-01-05;ASCMASTERSERVICE.ru;
2024-01-05;ASGARDARM.ru;
2024-01-05;ASGDMKT.ru;
2024-01-05;ASINO-SPORT.ru;
2024-01-05;ASK-ATLAS.ru;
2024-01-05;ASTORMOLL.ru;
2024-01-05;ASTRODB.ru;
2024-01-05;ASTROFAMILY.ru;
2024-01-05;ASURGAEV.ru;
2024-01-05;ASVEGI.ru;
2024-01-05;ATLANDA-V.ru;
2024-01-05;ATMOSFERADUSHI.ru;
2024-01-05;ATOMMONOCL-BEST.ru;
2024-01-05;AUCTIONPROVINCE.ru;
2024-01-05;AUDIMODELS.ru;
2024-01-05;AUIASALE.ru;
2024-01-05;AULAPHOI.ru;
2024-01-05;AUR-GAME.ru;
2024-01-05;AUTISMGPPC.ru;
2024-01-05;AUTO-REIKI.ru;
2024-01-05;AUTOCENTER-56MILE.ru;
2024-01-05;AUTODOCTORSERVIS.ru;
2024-01-05;AUTOLOGTRANC.ru;
2024-01-05;AUTOMARKET-NN.ru;
2024-01-05;AUTOPROMS.ru;
2024-01-05;AUTOVIBES.ru;
2024-01-05;AV-BARANOV.ru;
2024-01-05;AV8ASALES.ru;
2024-01-05;AVA-PREMIUM.ru;
2024-01-05;AVAIASEILS.ru;
2024-01-05;AVANS-REAL.ru;
2024-01-05;AVAPREMIUM.ru;
2024-01-05;AVDEEEVA.ru;
2024-01-05;AVIA-FLY10.ru;
2024-01-05;AVIACONTOUR.ru;
2024-01-05;AVIASASES.ru;
2024-01-05;AVITO-YUG.ru;
2024-01-05;AVITO-ZARPLATA.ru;
2024-01-05;AVITOLOG-KRASNODAR.ru;
2024-01-05;AVITOLOG-LIPECK.ru;
2024-01-05;AVITOLOG-PERM.ru;
2024-01-05;AVITOLOG-ROSTOV-NA-DONU.ru;
2024-01-05;AVITOLOG-SARATOV.ru;
2024-01-05;AVITOLOG-UFA.ru;
2024-01-05;AVITOLOG-ULYANOVSK.ru;
2024-01-05;AVITOLOG-V-VLADIMIRE.ru;
2024-01-05;AVITOLOG-VOLGOGRAD.ru;
2024-01-05;AVITOLOG-VORONEZH.ru;
2024-01-05;AVITOLOG-YAROSLAVL.ru;
2024-01-05;AVTO-GU.ru;
2024-01-05;AVTO-ZIMA.ru;
2024-01-05;AVTOARMATURA.ru;
2024-01-05;AVTOBAR24.ru;
2024-01-05;AVTOCASHVRN.ru;
2024-01-05;AVTOLAIN-TOUR.ru;
2024-01-05;AVTOODEIALO-BEST.ru;
2024-01-05;AVTOPORTRET58.ru;
2024-01-05;AVTOSHTORKY-SKIDKA.ru;
2024-01-05;AWIASEILS.ru;
2024-01-05;AXBET.ru;
2024-01-05;AXELMO.ru;
2024-01-05;AXEPENT.ru;
2024-01-05;AYK21.ru;
2024-01-05;AYULDASHEVA.ru;
2024-01-05;AYWAA.ru;
2024-01-05;AZATYANPHOTO.ru;
2024-01-05;AZDAEV.ru;
2024-01-05;AZIMOVABEAUTY.ru;
2024-01-05;AZINO777-OSU.ru;
2024-01-05;AZMIEVA.ru;
2024-01-05;AZUREX.ru;
2024-01-05;B1B4TR0N.ru;
2024-01-05;B2OS.ru;
2024-01-05;B300.ru;
2024-01-05;BABUSHOV.ru;
2024-01-05;BAGIRA63.ru;
2024-01-05;BAGIRATLT.ru;
2024-01-05;BAIKALCORP.ru;
2024-01-05;BALAGANSKAJA.ru;
2024-01-05;BALKON-KOMFORT-SERVICE.ru;
2024-01-05;BAMBOLLETTI-DZR.ru;
2024-01-05;BANIA-HOSTA.ru;
2024-01-05;BANK100.ru;
2024-01-05;BANKOFFNET.ru;
2024-01-05;BANKSEGAE.ru;
2024-01-05;BANKVEZDE.ru;
2024-01-05;BARAKA2737.ru;
2024-01-05;BARHAT163.ru;
2024-01-05;BARINOVA-TOP.ru;
2024-01-05;BARNAUL-PKU.ru;
2024-01-05;BARTPAVEL.ru;
2024-01-05;BASHUTKINANASTYA.ru;
2024-01-05;BASILEUS17.ru;
2024-01-05;BASKIV.ru;
2024-01-05;BASKOPOLINA.ru;
2024-01-05;BASRP.ru;
2024-01-05;BATMANRU.ru;
2024-01-05;BAU-TEH.ru;
2024-01-05;BAULIN-1.ru;
2024-01-05;BAURAMIX.ru;
2024-01-05;BAYYERFROMITALIA.ru;
2024-01-05;BAZ-1.ru;
2024-01-05;BAZELIK.ru;
2024-01-05;BC-NEWS1.ru;
2024-01-05;BC-NEWS2.ru;
2024-01-05;BC-NEWS3.ru;
2024-01-05;BDCAR.ru;
2024-01-05;BDVAMK.ru;
2024-01-05;BEARPRINT-FIRM.ru;
2024-01-05;BEAUTY-WOW.ru;
2024-01-05;BEAUTYLINE-UFA.ru;
2024-01-05;BEAUTYZONE-SALON.ru;
2024-01-05;BELFORTAI.ru;
2024-01-05;BELJETEKA.ru;
2024-01-05;BELKOVAART.ru;
2024-01-05;BELLAGIO-HOT.ru;
2024-01-05;BELLASTONE.ru;
2024-01-05;BELLBIMBO-OPT.ru;
2024-01-05;BELLISTRI.ru;
2024-01-05;BELOVDV.ru;
2024-01-05;BELPARQUET.ru;
2024-01-05;BELYETEKA.ru;
2024-01-05;BENEFITSQUALITY.ru;
2024-01-05;BERANZHE-PHOTO.ru;
2024-01-05;BERDNIKOV-1.ru;
2024-01-05;BERDOFFGAME.ru;
2024-01-05;BERDYANSK-USLUGI.ru;
2024-01-05;BERDYANSKUSLUGI.ru;
2024-01-05;BEREZKA-BOUTIQUE.ru;
2024-01-05;BERRY-BOUTIQUE.ru;
2024-01-05;BERRYBOUTIQUE.ru;
2024-01-05;BESTCHANGEMONEY.ru;
2024-01-05;BESTSIGNALS.ru;
2024-01-05;BETMAX-INFO.ru;
2024-01-05;BETON-STROIY.ru;
2024-01-05;BEZBOZA.ru;
2024-01-05;BEZUGLYI.ru;
2024-01-05;BFDBMA.ru;
2024-01-05;BFEDOTOV.ru;
2024-01-05;BGB02.ru;
2024-01-05;BGHOTELS.ru;
2024-01-05;BGKZNNTORF.ru;
2024-01-05;BIB39.ru;
2024-01-05;BIDS193784.ru;
2024-01-05;BIGMAILBOX.ru;
2024-01-05;BIGMATUR-SYRTLANOV.ru;
2024-01-05;BILET-AERO.ru;
2024-01-05;BILLING-METRIKA.ru;
2024-01-05;BIM4.ru;
2024-01-05;BIOM-DETOX.ru;
2024-01-05;BISNESBAD.ru;
2024-01-05;BISSA-BRAND.ru;
2024-01-05;BISSABRAND.ru;
2024-01-05;BITCRYPTOREVIEWS.ru;
2024-01-05;BITMININGCLUB.ru;
2024-01-05;BITOVKA-MSK.ru;
2024-01-05;BITZ-CASINO1.ru;
2024-01-05;BIZNES-TARGET.ru;
2024-01-05;BIZONLAIN.ru;
2024-01-05;BK-22-BUH.ru;
2024-01-05;BK-LEON2.ru;
2024-01-05;BKOFD.ru;
2024-01-05;BLACKAMIK.ru;
2024-01-05;BLACKOUTCAFE.ru;
2024-01-05;BLADE-KINGS.ru;
2024-01-05;BLAGOPROEKT.ru;
2024-01-05;BLANC-SPORT.ru;
2024-01-05;BLAZERMAXA.ru;
2024-01-05;BLDYDVLL.ru;
2024-01-05;BLESK-METALLA.ru;
2024-01-05;BLESSX.ru;
2024-01-05;BLINIBURGER.ru;
2024-01-05;BLISS-WILEY.ru;
2024-01-05;BLNOTE.ru;
2024-01-05;BMWMODELS.ru;
2024-01-05;BMYNUTE.ru;
2024-01-05;BO-SERVISE-REMONT.ru;
2024-01-05;BODNARDESIGN.ru;
2024-01-05;BOGDANPOTOLKI.ru;
2024-01-05;BOKOVSKAYACR.ru;
2024-01-05;BOMBUCKS-GAME.ru;
2024-01-05;BOMCLICK.ru;
2024-01-05;BONUS-VAVADA.ru;
2024-01-05;BOOSTS-ONLINE.ru;
2024-01-05;BOSONUTIE.ru;
2024-01-05;BOTAKBTT.ru;
2024-01-05;BOTCATALOG.ru;
2024-01-05;BOTTT.ru;
2024-01-05;BOX-SEND.ru;
2024-01-05;BOX76CTO.ru;
2024-01-05;BOXMINESTUDIO.ru;
2024-01-05;BRADYNOSUS.ru;
2024-01-05;BRAINBOOSTEDU.ru;
2024-01-05;BRAND-AKSELERATOR.ru;
2024-01-05;BRATP.ru;
2024-01-05;BRAVE-STUDIO.ru;
2024-01-05;BREMBOBREAKS.ru;
2024-01-05;BREMENSKIE-MUZYKANT.ru;
2024-01-05;BREMENSKIEMUZYKANTU.ru;
2024-01-05;BREMENSKIMUZIKANTI.ru;
2024-01-05;BREMENSMUZYKAN2024.ru;
2024-01-05;BREMENSMUZYKANTY2024.ru;
2024-01-05;BRIZZARD.ru;
2024-01-05;BRNJOGARONLINE.ru;
2024-01-05;BROW-1703.ru;
2024-01-05;BRUCKAYA.ru;
2024-01-05;BRUSSTROYSK.ru;
2024-01-05;BSFGIQE.ru;
2024-01-05;BSPSTUDIO.ru;
2024-01-05;BSRSPB.ru;
2024-01-05;BUDDHAANGEL.ru;
2024-01-05;BUGROFF.ru;
2024-01-05;BUH-NU.ru;
2024-01-05;BUILDING-DEFECTS.ru;
2024-01-05;BULAVSKAYAYULIYA.ru;
2024-01-05;BURGERS-RMN.ru;
2024-01-05;BURLAY.ru;
2024-01-05;BURNCREDIT.ru;
2024-01-05;BUSINESS-NOTICES24.ru;
2024-01-05;BUSINESSCOOPERATIONONEVENTS.ru;
2024-01-05;BUSINESSFORUM2024.ru;
2024-01-05;BVZCMK.ru;
2024-01-05;BXCKZF.ru;
2024-01-05;BYCHKOV-TOP.ru;
2024-01-05;BYDY-SVOBODEN-24.ru;
2024-01-05;BYDY-SVOBODEN-OT-DOLGOV-24.ru;
2024-01-05;BYKEPEE.ru;
2024-01-05;BYRDA-REST.ru;
2024-01-05;BYTECON.ru;
2024-01-05;BYTJJG.ru;
2024-01-05;BYTSERVICES.ru;
2024-01-05;BZDBZD.ru;
2024-01-05;CAFELS.ru;
2024-01-05;CALCINED.ru;
2024-01-05;CALCLINE.ru;
2024-01-05;CAMSTRANS.ru;
2024-01-05;CANADIAN24HOURAPHARMACY.ru;
2024-01-05;CANOTTO.ru;
2024-01-05;CANOTTOPIZZA.ru;
2024-01-05;CANSONICSHOP.ru;
2024-01-05;CAPITAL64.ru;
2024-01-05;CAR-T-CELLS.ru;
2024-01-05;CAR-T-THERAPY.ru;
2024-01-05;CARANG.ru;
2024-01-05;CARDIOVINS.ru;
2024-01-05;CAREER-INVA.ru;
2024-01-05;CAREERINVA.ru;
2024-01-05;CARPICT.ru;
2024-01-05;CARSAR-AUTO.ru;
2024-01-05;CARTCELLS.ru;
2024-01-05;CARTEX96.ru;
2024-01-05;CARTTHERAPY.ru;
2024-01-05;CASHEDA.ru;
2024-01-05;CASHZAIMVSEMM.ru;
2024-01-05;CASINOX-IT-HACKATON.ru;
2024-01-05;CASIOZONE.ru;
2024-01-05;CASSA-HALE.ru;
2024-01-05;CDTO-GUU.ru;
2024-01-05;CELEBNYJ-KLUCH-ESSENTUKI-KNZ.ru;
2024-01-05;CENTEROJOURNAL.ru;
2024-01-05;CENTR-BAMBOLLETTI.ru;
2024-01-05;CFRV.ru;
2024-01-05;CH23.ru;
2024-01-05;CHAINNFT.ru;
2024-01-05;CHARLIE144.ru;
2024-01-05;CHASIKINO.ru;
2024-01-05;CHEB-INTIM21.ru;
2024-01-05;CHECHNYA-INVEST.ru;
2024-01-05;CHEKUSLUGI1.ru;
2024-01-05;CHENTSOVFEDOR.ru;
2024-01-05;CHEPRASOV-7.ru;
2024-01-05;CHERISSE.ru;
2024-01-05;CHERNOBELAYLOVES.ru;
2024-01-05;CHERNOE-BELOE.ru;
2024-01-05;CHERODCHENKO.ru;
2024-01-05;CHESHISUDA.ru;
2024-01-05;CHESTNO-HOLODRF.ru;
2024-01-05;CHETYRE-LAPY-I-HVOST.ru;
2024-01-05;CHEZAMEM.ru;
2024-01-05;CHILDKARLUGAS.ru;
2024-01-05;CHILDWAY.ru;
2024-01-05;CHINA-56MILE.ru;
2024-01-05;CHINASTROP.ru;
2024-01-05;CHINESPARTS.ru;
2024-01-05;CHIP-TYUNING-CHELYABINSK.ru;
2024-01-05;CHIP-TYUNING-KAZAN.ru;
2024-01-05;CHIP-TYUNING-UFA.ru;
2024-01-05;CHIP-TYUNING-VOLGOGRAD.ru;
2024-01-05;CHIP-TYUNING-VORONEZH.ru;
2024-01-05;CHISTIISTOKI.ru;
2024-01-05;CHITANIA24.ru;
2024-01-05;CHOOSE-TRAVEL.ru;
2024-01-05;CHRYSOGRAPHER.ru;
2024-01-05;CHUMAKTATUANA.ru;
2024-01-05;CHYDOGRIB.ru;
2024-01-05;CIRQ-VERNADTSKOGO.ru;
2024-01-05;CIRQUS-VERNADTSKII.ru;
2024-01-05;CISTOTA.ru;
2024-01-05;CITROEN-TAN-AUTO.ru;
2024-01-05;CLARKSOUTLET.ru;
2024-01-05;CLASDIFOJWOEIDJ.ru;
2024-01-05;CLASSICSERVER.ru;
2024-01-05;CLDOIFJWEOIJAWE.ru;
2024-01-05;CLEANENGINE64.ru;
2024-01-05;CLI-K.ru;
2024-01-05;CLICKER-BASE-API.ru;
2024-01-05;CLICKSITEFAST.ru;
2024-01-05;CLIENTSCAN.ru;
2024-01-05;CLON-AI.ru;
2024-01-05;CLONAI.ru;
2024-01-05;CLOTHING7.ru;
2024-01-05;CLSDFEIOWJOAJIDW.ru;
2024-01-05;CLSDKJFWEDOAIJSDLQW.ru;
2024-01-05;CLUB-DOBRA.ru;
2024-01-05;CLWKDJOISJAKLDJVKJDF.ru;
2024-01-05;CNEXTTEAM.ru;
2024-01-05;CNOVA1234.ru;
2024-01-05;COBRA-GRIEF.ru;
2024-01-05;COBRAGRIEF.ru;
2024-01-05;COCKBRAIN.ru;
2024-01-05;COMPLEX-OCENKA.ru;
2024-01-05;COMPUYMSHINKIREM-24.ru;
2024-01-05;CON-BRIO.ru;
2024-01-05;CONECTGAZ.ru;
2024-01-05;CONFIDENCETOBE.ru;
2024-01-05;CONNCTGAS.ru;
2024-01-05;CONNECGAS.ru;
2024-01-05;CONNETGAS.ru;
2024-01-05;CONVENANTCODE.ru;
2024-01-05;COOKIES-PAGE.ru;
2024-01-05;COPOLLINA.ru;
2024-01-05;CORPBOOKS.ru;
2024-01-05;COSMETIKA-ORI.ru;
2024-01-05;COURIER-FASTY.ru;
2024-01-05;CP-LACOSTE-HOST.ru;
2024-01-05;CRAFT-DEVELOPMENT.ru;
2024-01-05;CRAFT-INVEST.ru;
2024-01-05;CRAFT-LAND.ru;
2024-01-05;CRAFT-VILLAGE.ru;
2024-01-05;CRAFTBEER-TRADE.ru;
2024-01-05;CRAFTDEVELOP.ru;
2024-01-05;CRAFTGLAMP.ru;
2024-01-05;CRAFTGLAMPING.ru;
2024-01-05;CRAFTOFF.ru;
2024-01-05;CRAFTORIENTA.ru;
2024-01-05;CRAFTVILLAGE.ru;
2024-01-05;CRAZYTIME-OFFICIAL.ru;
2024-01-05;CREATIV-MSK.ru;
2024-01-05;CREDIT-POLAR.ru;
2024-01-05;CREDITMASTER24.ru;
2024-01-05;CRIMINALLAWYER-PRO.ru;
2024-01-05;CRMP-SUPREME.ru;
2024-01-05;CRONSERVICE.ru;
2024-01-05;CROSSOVER-MARKET.ru;
2024-01-05;CRUPTOPRO.ru;
2024-01-05;CRYPROPRO.ru;
2024-01-05;CRYPTOPOTOK.ru;
2024-01-05;CS-NOACTIVE.ru;
2024-01-05;CTBINS.ru;
2024-01-05;CTOC2018.ru;
2024-01-05;CTSDN.ru;
2024-01-05;CULIMOVA.ru;
2024-01-05;CUMER.ru;
2024-01-05;CVETKOVVILLE.ru;
2024-01-05;CZ-INVEST.ru;
2024-01-05;D-O-S-K-A.ru;
2024-01-05;D1MM90.ru;
2024-01-05;DA32.ru;
2024-01-05;DAG-CARPETS.ru;
2024-01-05;DAMARYA.ru;
2024-01-05;DANCEDYNAMO.ru;
2024-01-05;DANIEL16.ru;
2024-01-05;DANIL-LGOTIN.ru;
2024-01-05;DANIL-POPOV.ru;
2024-01-05;DANIL111.ru;
2024-01-05;DANKOVSKIJ.ru;
2024-01-05;DANTOSHOP.ru;
2024-01-05;DANYAOVCH1NNIKOV.ru;
2024-01-05;DARIADANID.ru;
2024-01-05;DARIALAPIK.ru;
2024-01-05;DARIAROST.ru;
2024-01-05;DARIII.ru;
2024-01-05;DARIKF.ru;
2024-01-05;DARK-STORIES.ru;
2024-01-05;DARKCLIENT.ru;
2024-01-05;DARKSIDEPLANET.ru;
2024-01-05;DAROVANIE-CENTR.ru;
2024-01-05;DARPERFUME.ru;
2024-01-05;DATA-1ST.ru;
2024-01-05;DATING1FOR.ru;
2024-01-05;DAULETOV.ru;
2024-01-05;DAVUDM.ru;
2024-01-05;DBEZRUKOV.ru;
2024-01-05;DBOGOSLAVSKAYA.ru;
2024-01-05;DBOVTB.ru;
2024-01-05;DBRIN.ru;
2024-01-05;DBSK13.ru;
2024-01-05;DC-CRIMEA.ru;
2024-01-05;DCCRIMEA.ru;
2024-01-05;DCSIBERIA.ru;
2024-01-05;DD10.ru;
2024-01-05;DDOMS.ru;
2024-01-05;DDOROGANOV.ru;
2024-01-05;DEAD-BEAT.ru;
2024-01-05;DEAD-MINE.ru;
2024-01-05;DEALERAUTO-MSK.ru;
2024-01-05;DEATHTOMORTALS.ru;
2024-01-05;DEEPFARM.ru;
2024-01-05;DEFRIT.ru;
2024-01-05;DEINERIS.ru;
2024-01-05;DEKOBLOK.ru;
2024-01-05;DEKORDVOR.ru;
2024-01-05;DELITEK.ru;
2024-01-05;DELIVERRO.ru;
2024-01-05;DELIVERY-4679.ru;
2024-01-05;DELIVERY-ID92387.ru;
2024-01-05;DELIVERY216.ru;
2024-01-05;DELUX173.ru;
2024-01-05;DELUXE713-BETMAX.ru;
2024-01-05;DEMESHKO16.ru;
2024-01-05;DEMO-INVEST.ru;
2024-01-05;DEMONTAZH-ZDANIJ.ru;
2024-01-05;DEMONTAZHIVMSK.ru;
2024-01-05;DENGIEKB.ru;
2024-01-05;DENGIKAZAN.ru;
2024-01-05;DENGIVOLOGDA.ru;
2024-01-05;DENGIYA.ru;
2024-01-05;DENISHOHLOV.ru;
2024-01-05;DENISPOSPELOV.ru;
2024-01-05;DENISSENKO.ru;
2024-01-05;DENTALSEE.ru;
2024-01-05;DENTINVEST.ru;
2024-01-05;DEPYTATXXX.ru;
2024-01-05;DERYAGINMG.ru;
2024-01-05;DERZAKOV.ru;
2024-01-05;DESIGN-JULIA.ru;
2024-01-05;DESIGN-STEN.ru;
2024-01-05;DESIGNPPT.ru;
2024-01-05;DESTINYSOFT.ru;
2024-01-05;DETALIX24.ru;
2024-01-05;DETALZAVOD.ru;
2024-01-05;DETKAVTOPE.ru;
2024-01-05;DETOCHKA-NSK.ru;
2024-01-05;DETSKIEVESCHI.ru;
2024-01-05;DEVIALET-STORE.ru;
2024-01-05;DEVIALETSTORE.ru;
2024-01-05;DEVICEFORYOU.ru;
2024-01-05;DEVNPLAY.ru;
2024-01-05;DEVORA-PROF.ru;
2024-01-05;DFOLOMKIN.ru;
2024-01-05;DGARKUSHA.ru;
2024-01-05;DHJW.ru;
2024-01-05;DIAMOND-RUSSIA.ru;
2024-01-05;DIETA-ZIMA.ru;
2024-01-05;DIETASV.ru;
2024-01-05;DIGITALBOOSTS.ru;
2024-01-05;DIKTON.ru;
2024-01-05;DILIMARKET.ru;
2024-01-05;DIM2UVD.ru;
2024-01-05;DIMCLICK.ru;
2024-01-05;DIMOKFM.ru;
2024-01-05;DIMONAST.ru;
2024-01-05;DINGIVDOLG.ru;
2024-01-05;DISP09.ru;
2024-01-05;DIVAN-NEWTON.ru;
2024-01-05;DJ02.ru;
2024-01-05;DKENTI.ru;
2024-01-05;DM-ALMON.ru;
2024-01-05;DMITRIIPOLOVODOV.ru;
2024-01-05;DMITRIKIOSE.ru;
2024-01-05;DMITRIY21.ru;
2024-01-05;DMMSNV.ru;
2024-01-05;DMUKH.ru;
2024-01-05;DMXL.ru;
2024-01-05;DNEZHINSKAJA.ru;
2024-01-05;DO-ORGAZMA.ru;
2024-01-05;DO-ROOM.ru;
2024-01-05;DOBRIILAVR.ru;
2024-01-05;DOBROSOVESTNOV.ru;
2024-01-05;DOC-ZDRAV.ru;
2024-01-05;DOG-CLOTHES.ru;
2024-01-05;DOGOVOR-LEGAL.ru;
2024-01-05;DOLGINOV.ru;
2024-01-05;DOLKA24.ru;
2024-01-05;DOLYAM.ru;
2024-01-05;DOM-RU-VDOM.ru;
2024-01-05;DOMCKICK.ru;
2024-01-05;DOMCKLIK.ru;
2024-01-05;DOMCLCK.ru;
2024-01-05;DOMCLICR.ru;
2024-01-05;DOMCLIKC.ru;
2024-01-05;DOMCLUCK.ru;
2024-01-05;DOMLEKGO.ru;
2024-01-05;DOMLICK.ru;
2024-01-05;DOMOFONKLUCH.ru;
2024-01-05;DOMRIADOM.ru;
2024-01-05;DOORGAZMA.ru;
2024-01-05;DOORS-YOSHKAROLA.ru;
2024-01-05;DOPITAEV.ru;
2024-01-05;DOROZHINSKAYADARYA.ru;
2024-01-05;DOSTAVKA-4679.ru;
2024-01-05;DOSTAVKA-HOLDSERVICE.ru;
2024-01-05;DOSTAVKA-ID48273.ru;
2024-01-05;DOSTAVKA-ORDER98485.ru;
2024-01-05;DOSUG-SMR.ru;
2024-01-05;DOSUG-ULAN-UDE.ru;
2024-01-05;DOYAME.ru;
2024-01-05;DPARHOMENKO.ru;
2024-01-05;DRAGONFLYSHOP.ru;
2024-01-05;DREAMCARMALL.ru;
2024-01-05;DREAMCARPARTS.ru;
2024-01-05;DREAMTOYMALL.ru;
2024-01-05;DRUGAUTO.ru;
2024-01-05;DRYERA.ru;
2024-01-05;DRYERATECH.ru;
2024-01-05;DS166.ru;
2024-01-05;DSGN-PRO.ru;
2024-01-05;DSHI-10.ru;
2024-01-05;DTASHEV.ru;
2024-01-05;DUBAMALL4H.ru;
2024-01-05;DUBKOS.ru;
2024-01-05;DUBOVAYA-ROSCHA-KNZ.ru;
2024-01-05;DUCKOFDOOM.ru;
2024-01-05;DUNAYEV.ru;
2024-01-05;DVORCLUB.ru;
2024-01-05;DVPISHCHULIN.ru;
2024-01-05;DYSHI-SO-MNOY.ru;
2024-01-05;DZABUZOV.ru;
2024-01-05;DZBLADE.ru;
2024-01-05;DZHUNIOR.ru;
2024-01-05;DZHURAVLEV86.ru;
2024-01-05;DZI54.ru;
2024-01-05;DZUDO-SAMBO52.ru;
2024-01-05;E-ABAKUMOV.ru;
2024-01-05;E-AVIA-FLY10.ru;
2024-01-05;E-CRM-PLUS.ru;
2024-01-05;E-INGREDIENTS.ru;
2024-01-05;E-KOMFORT76.ru;
2024-01-05;E-SHESTAKOVA.ru;
2024-01-05;EANANCHENKO.ru;
2024-01-05;EARNDEALFIND.ru;
2024-01-05;EASTVALUE.ru;
2024-01-05;EASYCHIPSCONNECTOR.ru;
2024-01-05;ECO-FERNANDO.ru;
2024-01-05;ECOBG.ru;
2024-01-05;ECOGREEN-HOUSE.ru;
2024-01-05;ECOPACKBEL.ru;
2024-01-05;ECOS19.ru;
2024-01-05;ECOSTAFFING.ru;
2024-01-05;EDA-247.ru;
2024-01-05;EDA-ACADEMY.ru;
2024-01-05;EDA-ZIMA.ru;
2024-01-05;EDELMAN-7.ru;
2024-01-05;EDEM-EVENT.ru;
2024-01-05;EDEM-HALL.ru;
2024-01-05;EDEMEVENT.ru;
2024-01-05;EDEMHALL.ru;
2024-01-05;EDEMWEDDING.ru;
2024-01-05;EDOSST.ru;
2024-01-05;EDUBKOVA.ru;
2024-01-05;EDUCATIONEVOLVE.ru;
2024-01-05;EDUCATIONSKILLS.ru;
2024-01-05;EDUINNOVATIONS.ru;
2024-01-05;EDUTECHADVANCE.ru;
2024-01-05;EEGANJAN.ru;
2024-01-05;EFREMOV-MM.ru;
2024-01-05;EGEWAY.ru;
2024-01-05;EHASHIMOV.ru;
2024-01-05;EKB-AI.ru;
2024-01-05;EKOSV.ru;
2024-01-05;EL-SHARMEL.ru;
2024-01-05;ELAN-HOTEL.ru;
2024-01-05;ELAN-LAVKA.ru;
2024-01-05;ELANCE-HOODIA.ru;
2024-01-05;ELEC-PROPUSK.ru;
2024-01-05;ELENA-EFIMOVA.ru;
2024-01-05;ELENA-MOKEEVA.ru;
2024-01-05;ELENAATOMY.ru;
2024-01-05;ELENADOKSHINA.ru;
2024-01-05;ELIMANSKAJA.ru;
2024-01-05;ELIOZOV.ru;
2024-01-05;ELIT-INSTRUMENT.ru;
2024-01-05;ELLIZ-IVANOVA.ru;
2024-01-05;ELSIMO.ru;
2024-01-05;EMAIL-SIGNATURE.ru;
2024-01-05;EMIGRARE-MD.ru;
2024-01-05;EMMA-BALANCE.ru;
2024-01-05;EMPLOYEEX.ru;
2024-01-05;EMUTIGULLIN.ru;
2024-01-05;ENGINEER-ROST.ru;
2024-01-05;ENGLISH-TOOLS.ru;
2024-01-05;ENOTIKE.ru;
2024-01-05;ENTROPYWORLD.ru;
2024-01-05;EOBUKHOVA.ru;
2024-01-05;EPOPKOV.ru;
2024-01-05;EROS72.ru;
2024-01-05;ES-CIUR.ru;
2024-01-05;ESCIUR.ru;
2024-01-05;ESENKO.ru;
2024-01-05;ESN-CD.ru;
2024-01-05;ESSELEZNEV.ru;
2024-01-05;ESSENCE-CLASSIC.ru;
2024-01-05;ESTHETIC-INTERIOR.ru;
2024-01-05;ETADIETA.ru;
2024-01-05;ETOLEGKO-PRO.ru;
2024-01-05;EUROBION-KRASNODAR.ru;
2024-01-05;EUROBION-ROSTOV.ru;
2024-01-05;EUROBION-SEPTIK.ru;
2024-01-05;EV-KISELEV.ru;
2024-01-05;EVA-DOMCLICK.ru;
2024-01-05;EVA-WEBSTUDIO.ru;
2024-01-05;EVADOMCLICK.ru;
2024-01-05;EVAKUATORDON161.ru;
2024-01-05;EVDOKIMOV-FAMILY.ru;
2024-01-05;EVENTREZ.ru;
2024-01-05;EVGENIA-BACHINSKAYA.ru;
2024-01-05;EVGENIAPROCONTENT.ru;
2024-01-05;EVGENIJ-KLIMOV.ru;
2024-01-05;EVGENIYLEONOV.ru;
2024-01-05;EVHUNT.ru;
2024-01-05;EXAMINE-PAGE.ru;
2024-01-05;EXELLENTYWORLD.ru;
2024-01-05;EXPENSIVIA.ru;
2024-01-05;EXPERIENCE-PAGE.ru;
2024-01-05;EXPERT-56MILE.ru;
2024-01-05;EXPERTLLC.ru;
2024-01-05;EXPERTOSS.ru;
2024-01-05;EXPRESS-POZDRAVLYASHKI.ru;
2024-01-05;EXTRA-ART.ru;
2024-01-05;EXTRASOFTSKILLS.ru;
2024-01-05;EXTREZA-DESIGN.ru;
2024-01-05;EYELABOPTIC.ru;
2024-01-05;EZ-LEAGUE.ru;
2024-01-05;EZHUKOVA-NEMKOVA.ru;
2024-01-05;FAB-POP.ru;
2024-01-05;FABLERA.ru;
2024-01-05;FABRIKA-KARINA.ru;
2024-01-05;FABRIKA-S.ru;
2024-01-05;FACEIT-JOINS.ru;
2024-01-05;FACEIT-NET.ru;
2024-01-05;FACEIT-NEW.ru;
2024-01-05;FACEIT-RU-COM.ru;
2024-01-05;FACTORYOUTLET2024.ru;
2024-01-05;FAKOW.ru;
2024-01-05;FALLOWSERVERS.ru;
2024-01-05;FAN4.ru;
2024-01-05;FANANDSUN.ru;
2024-01-05;FANSANTRAVEL.ru;
2024-01-05;FANSPACE.ru;
2024-01-05;FAST-MONEY2024.ru;
2024-01-05;FAVOR-EKB.ru;
2024-01-05;FAVORIT-TRUCKS.ru;
2024-01-05;FAZASPB.ru;
2024-01-05;FCS-AGENCY.ru;
2024-01-05;FDSGMK.ru;
2024-01-05;FELIXEDD.ru;
2024-01-05;FEPROLDO.ru;
2024-01-05;FERNANDO-RP.ru;
2024-01-05;FF2B.ru;
2024-01-05;FILIPPOVAU7.ru;
2024-01-05;FILM-ZIMA.ru;
2024-01-05;FIRDANO.ru;
2024-01-05;FIRE-EX.ru;
2024-01-05;FIRE-FOX-SALON.ru;
2024-01-05;FIRMS-CARD.ru;
2024-01-05;FISHCRAB-MSK.ru;
2024-01-05;FITCEH.ru;
2024-01-05;FITNES95.ru;
2024-01-05;FITNESSLISA.ru;
2024-01-05;FIVEHOST.ru;
2024-01-05;FIXDREAM.ru;
2024-01-05;FJBT.ru;
2024-01-05;FLASHVPN-SUPPORT.ru;
2024-01-05;FLERNI.ru;
2024-01-05;FLIBUSTATG.ru;
2024-01-05;FLIP-COIN.ru;
2024-01-05;FLORA64.ru;
2024-01-05;FLORBURG.ru;
2024-01-05;FLOVVERS13.ru;
2024-01-05;FLOWERINGOFFICE.ru;
2024-01-05;FLOWERS4ME.ru;
2024-01-05;FLWEBMASTER.ru;
2024-01-05;FMSOCCER24.ru;
2024-01-05;FOKINFISHING.ru;
2024-01-05;FOMCHENKONV.ru;
2024-01-05;FOOD-DRYER.ru;
2024-01-05;FOOD-ZIMA.ru;
2024-01-05;FOOLPN.ru;
2024-01-05;FOR-CHINA.ru;
2024-01-05;FORBO-BONDING.ru;
2024-01-05;FORCE-USER.ru;
2024-01-05;FORCEBRAND.ru;
2024-01-05;FORCHINA.ru;
2024-01-05;FORDSTILE.ru;
2024-01-05;FORELIAN.ru;
2024-01-05;FOREVERPRO.ru;
2024-01-05;FORLIONS.ru;
2024-01-05;FORMA-BARSELONA-MSK.ru;
2024-01-05;FORMA-LIVERPOOL-MSK.ru;
2024-01-05;FORMA-PSG-MSK.ru;
2024-01-05;FORMALESA.ru;
2024-01-05;FORMANI-DESIGN.ru;
2024-01-05;FORMATLEBEDKO.ru;
2024-01-05;FORMULA-GAZA.ru;
2024-01-05;FORRENT77.ru;
2024-01-05;FORT-BUY.ru;
2024-01-05;FORTGAMER.ru;
2024-01-05;FORTUNE-UZ.ru;
2024-01-05;FORTUNEUZ.ru;
2024-01-05;FORUM-GET-WILD.ru;
2024-01-05;FORUM-WARMINE.ru;
2024-01-05;FORWARDTOTECH.ru;
2024-01-05;FOSEN.ru;
2024-01-05;FOTO-GOLYKH.ru;
2024-01-05;FOTOKATERINKA.ru;
2024-01-05;FOX-PY.ru;
2024-01-05;FRANSHIZA-MIOMASSAGE.ru;
2024-01-05;FRANSHIZA-SALON.ru;
2024-01-05;FREDICHKA12.ru;
2024-01-05;FREE-FILES.ru;
2024-01-05;FREEDOM-CHOICE.ru;
2024-01-05;FREEDOM-HELP.ru;
2024-01-05;FREEDOMDNS.ru;
2024-01-05;FREESTYLEMEBEL.ru;
2024-01-05;FREETAL.ru;
2024-01-05;FRUTFRANCH.ru;
2024-01-05;FSS-CASINO.ru;
2024-01-05;FUDZI-KALUGA.ru;
2024-01-05;FUGICARSHOP1.ru;
2024-01-05;FUKOVSKIY.ru;
2024-01-05;FUL-FLEX.ru;
2024-01-05;FULFLEX.ru;
2024-01-05;FULL-STACK-YOGA.ru;
2024-01-05;FUNDAYGLAM.ru;
2024-01-05;FUNGEAR.ru;
2024-01-05;FUNTIK77.ru;
2024-01-05;FURNI-GLADE.ru;
2024-01-05;FURUMPAYS.ru;
2024-01-05;FUTUREOFLEARNING.ru;
2024-01-05;FVIASEILS.ru;
2024-01-05;G-REX.ru;
2024-01-05;G2SKINS.ru;
2024-01-05;GAGSTER.ru;
2024-01-05;GAMBIT-KOTSHAN.ru;
2024-01-05;GAMESSELL.ru;
2024-01-05;GAMINGPLAY.ru;
2024-01-05;GAMMA-AR.ru;
2024-01-05;GANGGANG.ru;
2024-01-05;GANICHEV-1.ru;
2024-01-05;GARAGE-TORG.ru;
2024-01-05;GARANIN-7.ru;
2024-01-05;GARANTPROFF.ru;
2024-01-05;GAS-HERO.ru;
2024-01-05;GASHERO.ru;
2024-01-05;GASPROMSERVICE.ru;
2024-01-05;GASZAP.ru;
2024-01-05;GATPROJECT.ru;
2024-01-05;GAVDEEV.ru;
2024-01-05;GBABAYEVA.ru;
2024-01-05;GDFKOOD.ru;
2024-01-05;GDWAR.ru;
2024-01-05;GE-FORCE-EXPERIENCE.ru;
2024-01-05;GEELY-ICON.ru;
2024-01-05;GEFORCE-GTX1060.ru;
2024-01-05;GELEN-FORUM.ru;
2024-01-05;GEMCENTERCRM.ru;
2024-01-05;GEN-TV.ru;
2024-01-05;GENERIK51.ru;
2024-01-05;GENESIS-AGAT-EKB.ru;
2024-01-05;GENEZING.ru;
2024-01-05;GENICORE.ru;
2024-01-05;GENIIMESTA.ru;
2024-01-05;GENNADIYA-KARPUSHKINA.ru;
2024-01-05;GENSHINSPIN.ru;
2024-01-05;GEOPORTFOLIO.ru;
2024-01-05;GEORE.ru;
2024-01-05;GEORGIVANOV98.ru;
2024-01-05;GERSHTEJN.ru;
2024-01-05;GESKLINIK.ru;
2024-01-05;GET-X-CRASH-GAME.ru;
2024-01-05;GET-X-CRASH-GAMES.ru;
2024-01-05;GETTEXSPEC.ru;
2024-01-05;GETX-CRASH-GAME.ru;
2024-01-05;GEVETEX.ru;
2024-01-05;GFURSOV.ru;
2024-01-05;GG-LUXURY-EDITION.ru;
2024-01-05;GGBOSS.ru;
2024-01-05;GGOZ.ru;
2024-01-05;GHODOSOK.ru;
2024-01-05;GIDROREZ36.ru;
2024-01-05;GIEDA.ru;
2024-01-05;GISCATALOG.ru;
2024-01-05;GISMAKER.ru;
2024-01-05;GIVERBRANING.ru;
2024-01-05;GIZLAY.ru;
2024-01-05;GL-DOORS.ru;
2024-01-05;GLADIATOR-PRO.ru;
2024-01-05;GLAZBOGAZERKALO.ru;
2024-01-05;GLAZBOGOV.ru;
2024-01-05;GLPOST.ru;
2024-01-05;GLTRIP.ru;
2024-01-05;GMAIL-NEW.ru;
2024-01-05;GNESIN-MASTERS.ru;
2024-01-05;GNESINMASTERS.ru;
2024-01-05;GNOSIS-SCHOOL.ru;
2024-01-05;GO-10.ru;
2024-01-05;GO-11.ru;
2024-01-05;GO-12.ru;
2024-01-05;GO-13.ru;
2024-01-05;GO-14.ru;
2024-01-05;GO-15.ru;
2024-01-05;GO-16.ru;
2024-01-05;GO-17.ru;
2024-01-05;GO-18.ru;
2024-01-05;GO-FUN.ru;
2024-01-05;GOA-TAXI.ru;
2024-01-05;GOALIEMONKEY.ru;
2024-01-05;GOEXTREMEFEST.ru;
2024-01-05;GOLD-SOO.ru;
2024-01-05;GOLDEN-FISH-TANKRU.ru;
2024-01-05;GOLDFERM.ru;
2024-01-05;GOLOS2024-ADELINA.ru;
2024-01-05;GOLOSARUS.ru;
2024-01-05;GONCHARSW.ru;
2024-01-05;GONZOKAZINO.ru;
2024-01-05;GOODBLOCK.ru;
2024-01-05;GOOFOX.ru;
2024-01-05;GOOPRO.ru;
2024-01-05;GOREC777.ru;
2024-01-05;GORODOK-KIDS.ru;
2024-01-05;GORPROFFORUM.ru;
2024-01-05;GOSTWRITER.ru;
2024-01-05;GOXMEBEL.ru;
2024-01-05;GPKUDROVO.ru;
2024-01-05;GPTROUTER.ru;
2024-01-05;GRACIAPART2.ru;
2024-01-05;GRANKIN-PRO.ru;
2024-01-05;GRANKINA-MASTER.ru;
2024-01-05;GRAPHIC-WORKBOOK.ru;
2024-01-05;GREENCOFFEEGT.ru;
2024-01-05;GRIDFLOW.ru;
2024-01-05;GRIDNEVA-TOP.ru;
2024-01-05;GRIESTI.ru;
2024-01-05;GRILL22.ru;
2024-01-05;GROLEG.ru;
2024-01-05;GTEIWH.ru;
2024-01-05;GTS-MOSCOW.ru;
2024-01-05;GTWQGR.ru;
2024-01-05;GUDBLOK.ru;
2024-01-05;GUITARAMPSERVICE.ru;
2024-01-05;GULBANU.ru;
2024-01-05;GUNENEMY.ru;
2024-01-05;GUREEVDB.ru;
2024-01-05;GURIN-7.ru;
2024-01-05;GUTCIN.ru;
2024-01-05;GUVENC.ru;
2024-01-05;H2OC.ru;
2024-01-05;HABAROVSK-INDI.ru;
2024-01-05;HALE-CASSA.ru;
2024-01-05;HAND-HOUSE.ru;
2024-01-05;HANNIBALBARBERSHOP.ru;
2024-01-05;HAPPY-CHILD-CHASTNYJ-DETSKIJ-SAD.ru;
2024-01-05;HARTEN-HOT.ru;
2024-01-05;HAUS-TOFF.ru;
2024-01-05;HAUSTOFF.ru;
2024-01-05;HAYTICKETS.ru;
2024-01-05;HDFSKM.ru;
2024-01-05;HDSGN.ru;
2024-01-05;HELENASOUL.ru;
2024-01-05;HELL-APP.ru;
2024-01-05;HELP-RETRIEVER.ru;
2024-01-05;HELP-WEB.ru;
2024-01-05;HERACKER.ru;
2024-01-05;HERBSITE.ru;
2024-01-05;HI-FI-SOUND.ru;
2024-01-05;HIFILEVEL.ru;
2024-01-05;HIGH-BUSINESS.ru;
2024-01-05;HIGH-END-STORE.ru;
2024-01-05;HIGHCLASSESCORT.ru;
2024-01-05;HIGHCLASSGIRLS.ru;
2024-01-05;HIGHEND-STORE.ru;
2024-01-05;HIGHENDSTORE.ru;
2024-01-05;HILLMAKERMAN.ru;
2024-01-05;HIMALAYASW.ru;
2024-01-05;HISENSE-MARKET.ru;
2024-01-05;HIZAIM.ru;
2024-01-05;HL-AFFILIATE.ru;
2024-01-05;HLIM.ru;
2024-01-05;HLP-32.ru;
2024-01-05;HLP-46.ru;
2024-01-05;HOLD-3331.ru;
2024-01-05;HOLLLOOP22024.ru;
2024-01-05;HOLLLOP22024.ru;
2024-01-05;HOLLOP2024.ru;
2024-01-05;HOLLOPE2.ru;
2024-01-05;HOLLOPP-2.ru;
2024-01-05;HOLLOPP2.ru;
2024-01-05;HOLLOPU-2HD.ru;
2024-01-05;HOLLOPU-HDREZKA.ru;
2024-01-05;HOLLOPU-LORDFILM.ru;
2024-01-05;HOLLOPU2.ru;
2024-01-05;HOLODOCTOR.ru;
2024-01-05;HOLOP2-LORDFILM.ru;
2024-01-05;HOLOP20213.ru;
2024-01-05;HOLOP22.ru;
2024-01-05;HOLOP22013.ru;
2024-01-05;HOLOP2KINO.ru;
2024-01-05;HOME-HOLL.ru;
2024-01-05;HOME-SKETCH.ru;
2024-01-05;HOMEBANK-ADRESA.ru;
2024-01-05;HONDACRF.ru;
2024-01-05;HONRICH.ru;
2024-01-05;HOOLYWOOD.ru;
2024-01-05;HOTEL-KVADRAT.ru;
2024-01-05;HOTEL-SKETCH.ru;
2024-01-05;HOTELKVADRAT.ru;
2024-01-05;HOTELMAGNAT.ru;
2024-01-05;HP-WILD.ru;
2024-01-05;HPLASERJET-P1005.ru;
2024-01-05;HPLAYER.ru;
2024-01-05;HR-NESHUMOVA.ru;
2024-01-05;HSLABARATORY.ru;
2024-01-05;HTKWT.ru;
2024-01-05;HTMKES.ru;
2024-01-05;HTMWKT.ru;
2024-01-05;HTWR.ru;
2024-01-05;HUAWEICOM.ru;
2024-01-05;HUGEFIX.ru;
2024-01-05;HURGHADARUSSIANTOURS.ru;
2024-01-05;HVLP-32.ru;
2024-01-05;HVOYMIR.ru;
2024-01-05;HYDROECOL.ru;
2024-01-05;HYPNOTONE.ru;
2024-01-05;HYROEW.ru;
2024-01-05;IBOJARKINA.ru;
2024-01-05;IBRAHIM-AILE.ru;
2024-01-05;ICASECLUB.ru;
2024-01-05;ICELEO.ru;
2024-01-05;ID-HOTEL.ru;
2024-01-05;ID02865.ru;
2024-01-05;ID04865.ru;
2024-01-05;ID58069.ru;
2024-01-05;ID58070.ru;
2024-01-05;ID5938.ru;
2024-01-05;ID5939.ru;
2024-01-05;ID729426.ru;
2024-01-05;ID934863.ru;
2024-01-05;ID956.ru;
2024-01-05;ID97200.ru;
2024-01-05;ID97400.ru;
2024-01-05;IDAYANGL.ru;
2024-01-05;IDEA-BIZNES.ru;
2024-01-05;IDENBERE.ru;
2024-01-05;IDMSBFINANCE.ru;
2024-01-05;IESTA-GOLD.ru;
2024-01-05;IEV1441EGOR.ru;
2024-01-05;IFIORI.ru;
2024-01-05;IGOATY.ru;
2024-01-05;IGOR-KOLOSOV-INV.ru;
2024-01-05;IGRAITOCHKA.ru;
2024-01-05;IKFURNITURE.ru;
2024-01-05;IKOMAR0FF.ru;
2024-01-05;IKONNIKOV-1.ru;
2024-01-05;IKOTOVICH.ru;
2024-01-05;IKURAGIN.ru;
2024-01-05;ILGAMGABDULLIN.ru;
2024-01-05;ILPEROV.ru;
2024-01-05;ILS3566.ru;
2024-01-05;ILUZYG.ru;
2024-01-05;ILYADOVA.ru;
2024-01-05;IMFITONYASHKA.ru;
2024-01-05;IMHOTEP16.ru;
2024-01-05;IMMO-GAMES.ru;
2024-01-05;IMPERIUMHAIRCLINIC.ru;
2024-01-05;IMPERIUMV.ru;
2024-01-05;IMPERIYA-ALCOGOLYA.ru;
2024-01-05;IMPULSE-STROI.ru;
2024-01-05;IMSHOWTV.ru;
2024-01-05;INASYBULLIN.ru;
2024-01-05;INB0X.ru;
2024-01-05;INDIRA-HTML.ru;
2024-01-05;INDUSTRIALCHEMISTRY.ru;
2024-01-05;INEXRYTP.ru;
2024-01-05;INF0KLASS.ru;
2024-01-05;INFINITY-DRIVE.ru;
2024-01-05;INFOAVIA-FLY10.ru;
2024-01-05;INFOPTION.ru;
2024-01-05;INFOPULSE1C.ru;
2024-01-05;INFORMATIONPUPPYLOVE.ru;
2024-01-05;INGNPUBLISHING.ru;
2024-01-05;INKI64.ru;
2024-01-05;INSIGHT-PROTECT.ru;
2024-01-05;INSIGHTPROTECT.ru;
2024-01-05;INSIGHTQUIZ.ru;
2024-01-05;INSISTEC.ru;
2024-01-05;INTIM-HABAROVSK.ru;
2024-01-05;INVA-RABOTA.ru;
2024-01-05;INVALIDNOST-OFORMIM.ru;
2024-01-05;INVARABOTA.ru;
2024-01-05;INVESTMAFIA.ru;
2024-01-05;INVESTMAXIM.ru;
2024-01-05;INWESTMOSCOW.ru;
2024-01-05;IOENG.ru;
2024-01-05;IOPTA.ru;
2024-01-05;IORGIN.ru;
2024-01-05;IPHONE-4.ru;
2024-01-05;IPLUGARI.ru;
2024-01-05;IPNATTI.ru;
2024-01-05;IPOLIUMYANDEX.ru;
2024-01-05;IPPKNSU.ru;
2024-01-05;IPSHALIMOV.ru;
2024-01-05;IRAKUDRYAVTSEVA.ru;
2024-01-05;IREPLICA.ru;
2024-01-05;IRI14450-7.ru;
2024-01-05;IRINA-ZUEVA.ru;
2024-01-05;IRINAMEZENTSEVA.ru;
2024-01-05;IRINAMOROZOVAPSY.ru;
2024-01-05;IRIS-AUTO.ru;
2024-01-05;IRSAP-ONLINE.ru;
2024-01-05;ISABUN.ru;
2024-01-05;ISMAGILOVA-7.ru;
2024-01-05;ISTORIIOTPOLY.ru;
2024-01-05;ISTRAZHNIKOV.ru;
2024-01-05;ISVIRIN.ru;
2024-01-05;ITBAEV.ru;
2024-01-05;ITERSPLAV21.ru;
2024-01-05;ITRUTNEV.ru;
2024-01-05;ITSVETAEVA.ru;
2024-01-05;IVAFLOWERSTATION.ru;
2024-01-05;IVANOV-ARTHUR.ru;
2024-01-05;IVK78.ru;
2024-01-05;IVORON84.ru;
2024-01-05;IZ-TECH.ru;
2024-01-05;IZAVOV-1.ru;
2024-01-05;IZHEVSK-KLUBNIKA.ru;
2024-01-05;IZICRAFT.ru;
2024-01-05;IZOLOTOVA.ru;
2024-01-05;IZUMTOUR.ru;
2024-01-05;JAALEKSEEVA.ru;
2024-01-05;JABATALOV.ru;
2024-01-05;JAGOAGENCY.ru;
2024-01-05;JAMROMCASINOBOTTTTT.ru;
2024-01-05;JELATO.ru;
2024-01-05;JEMCHIK.ru;
2024-01-05;JEWELRYCREATOR.ru;
2024-01-05;JFAROL.ru;
2024-01-05;JHSFKT.ru;
2024-01-05;JIVOFOOD.ru;
2024-01-05;JIZALIFE.ru;
2024-01-05;JK-MONAKO-SOCHI.ru;
2024-01-05;JKENG.ru;
2024-01-05;JOGOSONLINE.ru;
2024-01-05;JOULA.ru;
2024-01-05;JOURNALIER.ru;
2024-01-05;JOY-JOY-DETSKIJ-SAD.ru;
2024-01-05;JU-INTERIOR.ru;
2024-01-05;JUGARBUZOVA.ru;
2024-01-05;JUICYPUB.ru;
2024-01-05;JUICYPUZZLES.ru;
2024-01-05;JUINTERIOR.ru;
2024-01-05;JULIJA-VOLOBUEVA.ru;
2024-01-05;JULYCAFE.ru;
2024-01-05;JUMPING01.ru;
2024-01-05;JUNASHEVA.ru;
2024-01-05;JUSHAGAEVA.ru;
2024-01-05;JUST1K.ru;
2024-01-05;K-GOROHOVA.ru;
2024-01-05;K-POD86.ru;
2024-01-05;K2LELISEEV.ru;
2024-01-05;KADFBM.ru;
2024-01-05;KAKNAZYVAETSYA.ru;
2024-01-05;KAKTROSTINKA.ru;
2024-01-05;KALEIDOSCOPEOFEVENTS.ru;
2024-01-05;KAMELIA-KUPE.ru;
2024-01-05;KAMERAVIDEONABLYUDENIYA.ru;
2024-01-05;KAMNEREZ79.ru;
2024-01-05;KANAEV117.ru;
2024-01-05;KANERI.ru;
2024-01-05;KAPE-BONUS.ru;
2024-01-05;KAPEL-MED.ru;
2024-01-05;KAPITANPLANETA.ru;
2024-01-05;KARATE61.ru;
2024-01-05;KARKAS-METAL.ru;
2024-01-05;KASHEVICH.ru;
2024-01-05;KASKOPLS.ru;
2024-01-05;KATE24.ru;
2024-01-05;KATERINA-MIKHAYLOVA.ru;
2024-01-05;KATERINA2KA.ru;
2024-01-05;KATERSUDAK.ru;
2024-01-05;KATTKATHERINE.ru;
2024-01-05;KAVKAZMAZ.ru;
2024-01-05;KAZAN-AI.ru;
2024-01-05;KAZAN-HOME.ru;
2024-01-05;KAZINO-1XSLOTS.ru;
2024-01-05;KBUZIN.ru;
2024-01-05;KCHUDNAYA.ru;
2024-01-05;KCHUPOV.ru;
2024-01-05;KDOZMOROV.ru;
2024-01-05;KEBEK-7.ru;
2024-01-05;KEF-REMONT.ru;
2024-01-05;KEHL-RENDER.ru;
2024-01-05;KEM-OV.ru;
2024-01-05;KEMDEP.ru;
2024-01-05;KENIGWOOD.ru;
2024-01-05;KENIK-MOTO.ru;
2024-01-05;KENT-CASINO-AMP14.ru;
2024-01-05;KENT-CASINO-AMP15.ru;
2024-01-05;KENT-CASINO-AMP16.ru;
2024-01-05;KENT-CASINO-AMP17.ru;
2024-01-05;KEROO.ru;
2024-01-05;KETO-FIGHTING.ru;
2024-01-05;KETOMAMA.ru;
2024-01-05;KETTIPIANO.ru;
2024-01-05;KGALICHEVA.ru;
2024-01-05;KGAUK.ru;
2024-01-05;KGIYPXCJFKM.ru;
2024-01-05;KHARCHENKO-RF.ru;
2024-01-05;KHIBINY-TRAVEL-GUIDE.ru;
2024-01-05;KHOVIAKOV.ru;
2024-01-05;KHSMKDF.ru;
2024-01-05;KHUSENIOSIF.ru;
2024-01-05;KHVOOST.ru;
2024-01-05;KIBERTREK-CENTR.ru;
2024-01-05;KINO-HALE.ru;
2024-01-05;KINO123.ru;
2024-01-05;KINODOROGI.ru;
2024-01-05;KINSABIANO.ru;
2024-01-05;KIOSAST.ru;
2024-01-05;KIROV-AI.ru;
2024-01-05;KISS-MED.ru;
2024-01-05;KISSLOVODSK.ru;
2024-01-05;KISTIAKOVSKIY.ru;
2024-01-05;KITCHEN-ART.ru;
2024-01-05;KJWQ.ru;
2024-01-05;KKREUTZZ.ru;
2024-01-05;KL-SFT1.ru;
2024-01-05;KLADANALIFE.ru;
2024-01-05;KLARRGVUR.ru;
2024-01-05;KLETOCHNOE-PITANIE35.ru;
2024-01-05;KLETSENKO.ru;
2024-01-05;KLIK-MIG.ru;
2024-01-05;KLIKMIG.ru;
2024-01-05;KLOCHKOV28.ru;
2024-01-05;KM-UHTA.ru;
2024-01-05;KMOSKALEV.ru;
2024-01-05;KMURASHOVA.ru;
2024-01-05;KNAS32.ru;
2024-01-05;KNCGAMING.ru;
2024-01-05;KNIGA-TERAPEVT.ru;
2024-01-05;KNIGATERAPEVT.ru;
2024-01-05;KNITSEKB.ru;
2024-01-05;KNYAZ-NAUMOV.ru;
2024-01-05;KNYAZHNA-CENTR.ru;
2024-01-05;KOCHTRUCKLINE.ru;
2024-01-05;KOD9.ru;
2024-01-05;KOFEJNIKOF.ru;
2024-01-05;KOFEJNYA-NA-ULITSE-CHAPLYGINA-1-12-STR-1.ru;
2024-01-05;KOLEKSYON.ru;
2024-01-05;KOLESAINFO.ru;
2024-01-05;KOLKOM.ru;
2024-01-05;KOLOMENSKIE-VOROTA.ru;
2024-01-05;KOLYA-MALIBU.ru;
2024-01-05;KOLYUCHIESTARTY.ru;
2024-01-05;KOMPANIYA-PO-DEZINFEKTSII.ru;
2024-01-05;KOMYAL.ru;
2024-01-05;KONDRSHOW.ru;
2024-01-05;KONEKTGAZ.ru;
2024-01-05;KONGRESS-MGN.ru;
2024-01-05;KONKURS42.ru;
2024-01-05;KONNEKTGAZ.ru;
2024-01-05;KONSTANTINOSIPOV.ru;
2024-01-05;KONSTANTSIYA-NOSENKO.ru;
2024-01-05;KONSTROOKT.ru;
2024-01-05;KORLAYAS.ru;
2024-01-05;KOS2DEV.ru;
2024-01-05;KOSHATRAVEL.ru;
2024-01-05;KOST13.ru;
2024-01-05;KOSTER-NK.ru;
2024-01-05;KOSTRECHUK.ru;
2024-01-05;KOTOFEICH53.ru;
2024-01-05;KOTYA-SHOP.ru;
2024-01-05;KOVKA-V-STREZHEVOM.ru;
2024-01-05;KOVKAGEFEST.ru;
2024-01-05;KOVROCHIST21.ru;
2024-01-05;KOZLOVANTON.ru;
2024-01-05;KP-BEREG-PESOCHNOY.ru;
2024-01-05;KPELEVIN.ru;
2024-01-05;KPISCAN.ru;
2024-01-05;KRASDOO.ru;
2024-01-05;KRASIVOPASSPORT.ru;
2024-01-05;KRASIVOYBUD.ru;
2024-01-05;KRASNOVAYANDEX.ru;
2024-01-05;KRASNOYARSKGID24.ru;
2024-01-05;KRASVILD.ru;
2024-01-05;KRAVCHENCAVE.ru;
2024-01-05;KREATIVE-FN.ru;
2024-01-05;KRED-CONSULTANT.ru;
2024-01-05;KRESTLO.ru;
2024-01-05;KREYKEN.ru;
2024-01-05;KRIMBOOKING.ru;
2024-01-05;KRISTINA-I-VLADIMIR.ru;
2024-01-05;KRIWNEFF.ru;
2024-01-05;KRONCINS.ru;
2024-01-05;KRONOVA.ru;
2024-01-05;KROTOVAM.ru;
2024-01-05;KRSN-CD1.ru;
2024-01-05;KRSN-CD2.ru;
2024-01-05;KRUGLYE-96.ru;
2024-01-05;KRUSSKAIA.ru;
2024-01-05;KRUTI-PEDALS.ru;
2024-01-05;KRUTOVERT.ru;
2024-01-05;KRYPTO-ZIMA.ru;
2024-01-05;KSDANILOV.ru;
2024-01-05;KSDGJVS.ru;
2024-01-05;KSL-CD.ru;
2024-01-05;KSNKOSU.ru;
2024-01-05;KSXENON.ru;
2024-01-05;KTV54.ru;
2024-01-05;KUBALATIN.ru;
2024-01-05;KUCHEN-STERN.ru;
2024-01-05;KUCHENSTERN.ru;
2024-01-05;KUHNIVTUMENI.ru;
2024-01-05;KUKSAPAVEL.ru;
2024-01-05;KUMYSFEST.ru;
2024-01-05;KUPACHA.ru;
2024-01-05;KUPIINOSI.ru;
2024-01-05;KUPIIZHIVI.ru;
2024-01-05;KUPIT-MASLO.ru;
2024-01-05;KUPITCHECK.ru;
2024-01-05;KURIE7242.ru;
2024-01-05;KURIE7243.ru;
2024-01-05;KURIER7381.ru;
2024-01-05;KUROCHKIN-1.ru;
2024-01-05;KURORT-MANZHEROK.ru;
2024-01-05;KURORTOLYMP.ru;
2024-01-05;KURSY-UI-UX-DIZAYNA.ru;
2024-01-05;KUZ35650.ru;
2024-01-05;KUZMUKAL.ru;
2024-01-05;KVADRAT-HOTEL.ru;
2024-01-05;KVADRATHOTEL.ru;
2024-01-05;KVADWOOD-VETROV.ru;
2024-01-05;KVARTIRACRIMEA.ru;
2024-01-05;KVIL53.ru;
2024-01-05;KVILDNS.ru;
2024-01-05;KYEJHF.ru;
2024-01-05;L1RATCH.ru;
2024-01-05;LAB-FB.ru;
2024-01-05;LABCHEMIC.ru;
2024-01-05;LABESTETIC.ru;
2024-01-05;LABESTETICA.ru;
2024-01-05;LABRADORIKI.ru;
2024-01-05;LADA-56MILE.ru;
2024-01-05;LADY-NICE.ru;
2024-01-05;LADY-RAY.ru;
2024-01-05;LADYTER.ru;
2024-01-05;LAKIZA-1.ru;
2024-01-05;LAMPA-LAMPASTORE.ru;
2024-01-05;LANDCREATORS.ru;
2024-01-05;LANDOFDESIGN.ru;
2024-01-05;LANNERAERO.ru;
2024-01-05;LARYNGORRHAGIA.ru;
2024-01-05;LASKUTOVA-1.ru;
2024-01-05;LATINA-TOP.ru;
2024-01-05;LAUTEN.ru;
2024-01-05;LAVRENOVA-1.ru;
2024-01-05;LAWER-AUTO.ru;
2024-01-05;LAWERAUTO.ru;
2024-01-05;LBERNATSKII.ru;
2024-01-05;LBUGAEVA.ru;
2024-01-05;LCHKV.ru;
2024-01-05;LCRM24.ru;
2024-01-05;LD-PAY25263.ru;
2024-01-05;LD-PAY42363.ru;
2024-01-05;LD-PAY44742.ru;
2024-01-05;LD-PAY44743.ru;
2024-01-05;LD-PAY45231.ru;
2024-01-05;LD-PAY77234.ru;
2024-01-05;LD-PAY90845.ru;
2024-01-05;LD-PAY94016.ru;
2024-01-05;LD-PAY94742.ru;
2024-01-05;LD-PAY97614.ru;
2024-01-05;LD-PAY97834.ru;
2024-01-05;LD-PAY97984.ru;
2024-01-05;LEADERSHIP2009.ru;
2024-01-05;LEARNINGSMART.ru;
2024-01-05;LEBEDEV-GROUP.ru;
2024-01-05;LECHENIE-POTENCYA.ru;
2024-01-05;LEDSOVET.ru;
2024-01-05;LEOMAX-MATRAS.ru;
2024-01-05;LEON-LEONBETS.ru;
2024-01-05;LEON-ZERKALO-AKTUALNOE.ru;
2024-01-05;LEON-ZERKALO-E.ru;
2024-01-05;LEON-ZERKALO-Q.ru;
2024-01-05;LEON-ZERKALO-R.ru;
2024-01-05;LEON-ZERKALO-RABOCHEE.ru;
2024-01-05;LEON-ZERKALO-T.ru;
2024-01-05;LEON-ZERKALO-W.ru;
2024-01-05;LEON-ZERKALO33.ru;
2024-01-05;LEON-ZERKALO34.ru;
2024-01-05;LEON-ZERKALO35.ru;
2024-01-05;LEON-ZERKALO36.ru;
2024-01-05;LEON-ZERKALO37.ru;
2024-01-05;LEONIDBABKIN.ru;
2024-01-05;LEOSFURNITURE.ru;
2024-01-05;LEOZOV.ru;
2024-01-05;LEPISHIN.ru;
2024-01-05;LERA2024.ru;
2024-01-05;LERNEA.ru;
2024-01-05;LETS-LOVE.ru;
2024-01-05;LEXRAM.ru;
2024-01-05;LIBERCIVIS.ru;
2024-01-05;LIBRARI-PLUSE.ru;
2024-01-05;LICEY42.ru;
2024-01-05;LIDERSKILLS.ru;
2024-01-05;LIDIAZHUKOVA.ru;
2024-01-05;LIDIYATKACHEVA.ru;
2024-01-05;LIFESTYLE-AUDIO.ru;
2024-01-05;LIFESTYLE-SOUND.ru;
2024-01-05;LIFESTYLEAUDIO.ru;
2024-01-05;LIFESTYLESOUND.ru;
2024-01-05;LIFETEC-SAFETY.ru;
2024-01-05;LIFETECSAFETY.ru;
2024-01-05;LIGHTBORN.ru;
2024-01-05;LIMEROOM.ru;
2024-01-05;LINARIA-DESIGN.ru;
2024-01-05;LINE-CAR.ru;
2024-01-05;LINEACALI-DESIGN.ru;
2024-01-05;LISMETRIYA.ru;
2024-01-05;LITE-VPN.ru;
2024-01-05;LITSOITELO.ru;
2024-01-05;LIYANEMCHIKOVA.ru;
2024-01-05;LIZVICIOUS.ru;
2024-01-05;LJUDMILAMAKAROVA.ru;
2024-01-05;LK-STUDIO-BEAUTY.ru;
2024-01-05;LLISITSYNA.ru;
2024-01-05;LLYMAR.ru;
2024-01-05;LMS-CYBERED.ru;
2024-01-05;LOAN-GWEG.ru;
2024-01-05;LOAN-QT.ru;
2024-01-05;LOARDPAY.ru;
2024-01-05;LOBACHEVSKY-SV.ru;
2024-01-05;LOBNYA-POSUTOCHNO.ru;
2024-01-05;LODKINO.ru;
2024-01-05;LOGOVOCHUPACABRI.ru;
2024-01-05;LOGWARAG.ru;
2024-01-05;LOHMATOVA.ru;
2024-01-05;LOKOMOTIONZELFIT.ru;
2024-01-05;LORD3-LORDSERIK.ru;
2024-01-05;LORDFILM1.ru;
2024-01-05;LORDFILM333.ru;
2024-01-05;LORELINE.ru;
2024-01-05;LOSTHELP.ru;
2024-01-05;LOSTWORLPVP.ru;
2024-01-05;LOTORU781.ru;
2024-01-05;LOVI-KROSSOVKI.ru;
2024-01-05;LT78.ru;
2024-01-05;LUBOEDELO.ru;
2024-01-05;LUCIFER666.ru;
2024-01-05;LUGAVTO.ru;
2024-01-05;LUKYANOW.ru;
2024-01-05;LUTHER40.ru;
2024-01-05;LUXIBIZ.ru;
2024-01-05;LYN-X.ru;
2024-01-05;LYSENIE.ru;
2024-01-05;LYSENKO3.ru;
2024-01-05;LYUBOV-58.ru;
2024-01-05;M-GELIOS.ru;
2024-01-05;M-ROSTOV.ru;
2024-01-05;M-VOICE.ru;
2024-01-05;M313086I.ru;
2024-01-05;MA62.ru;
2024-01-05;MAAYA.ru;
2024-01-05;MACBUG.ru;
2024-01-05;MADBANNER.ru;
2024-01-05;MADSOUL.ru;
2024-01-05;MAGAZINSAYTOV.ru;
2024-01-05;MAGEVALLEY.ru;
2024-01-05;MAGICOFRUNES.ru;
2024-01-05;MAGITRAFFIC.ru;
2024-01-05;MAGLO99.ru;
2024-01-05;MAHATRUCKLINE.ru;
2024-01-05;MAILFIXREPAIR.ru;
2024-01-05;MAJESTIC654.ru;
2024-01-05;MAJESTICGIRLS.ru;
2024-01-05;MAKAROV-IRK.ru;
2024-01-05;MAKET2024.ru;
2024-01-05;MAKSSUN.ru;
2024-01-05;MALABEL.ru;
2024-01-05;MALINAFM.ru;
2024-01-05;MALINKINAAV.ru;
2024-01-05;MAMURKOVA.ru;
2024-01-05;MAMYIDETI.ru;
2024-01-05;MANDALAM.ru;
2024-01-05;MANGART.ru;
2024-01-05;MANI-DORO.ru;
2024-01-05;MANZHEROC.ru;
2024-01-05;MANZHEROK04.ru;
2024-01-05;MANZHEROK1.ru;
2024-01-05;MANZHEROK4.ru;
2024-01-05;MARATHONBETBETMAX.ru;
2024-01-05;MARGARITA-IVANOVA.ru;
2024-01-05;MARINAKOPYLOVA.ru;
2024-01-05;MARINELLI-MTA.ru;
2024-01-05;MARINKOV.ru;
2024-01-05;MARKET-AS-BAD.ru;
2024-01-05;MARKET-AS-LIGHT.ru;
2024-01-05;MARKET-AS-MOST.ru;
2024-01-05;MARKET-CLOSE-BAD.ru;
2024-01-05;MARKET-CLOSE-GOOD.ru;
2024-01-05;MARKET-CLOSE-LIGHT.ru;
2024-01-05;MARKET-CLOSE-MOST.ru;
2024-01-05;MARKET-FOR-BAD.ru;
2024-01-05;MARKET-FOR-LIGHT.ru;
2024-01-05;MARKET-FOR-MOST.ru;
2024-01-05;MARKET-HOW-BAD.ru;
2024-01-05;MARKET-HOW-GOOD.ru;
2024-01-05;MARKET-HOW-LIGHT.ru;
2024-01-05;MARKET-HOW-MOST.ru;
2024-01-05;MARKETASH.ru;
2024-01-05;MARKETESH.ru;
2024-01-05;MARKETSHOP-PLEIS.ru;
2024-01-05;MARLIEE5.ru;
2024-01-05;MARMAZA.ru;
2024-01-05;MARSRF.ru;
2024-01-05;MARTAFLOR.ru;
2024-01-05;MARTINICRMP.ru;
2024-01-05;MASHINA-SLOTOV.ru;
2024-01-05;MASHUK-PYATIGORSK-KNZ.ru;
2024-01-05;MASKORAGREEN.ru;
2024-01-05;MASSAGEBOLTYAN.ru;
2024-01-05;MASTE-RU.ru;
2024-01-05;MASTER-PENA.ru;
2024-01-05;MASTER-S-78.ru;
2024-01-05;MASTEROLEG.ru;
2024-01-05;MASTERSKAYARVD.ru;
2024-01-05;MASTERSNA96.ru;
2024-01-05;MASTERTKIT.ru;
2024-01-05;MATVEIKRAUZE.ru;
2024-01-05;MATYAKUZNETSOWA.ru;
2024-01-05;MAXIM-KRAYNEV.ru;
2024-01-05;MAXIM-YNDX.ru;
2024-01-05;MAXIMOVKURS.ru;
2024-01-05;MAXIYM-OBRAZOVATELNYJ-TSENTR.ru;
2024-01-05;MAXKRASILOFF.ru;
2024-01-05;MAXVASILIE.ru;
2024-01-05;MAYKOP-BANKRUPTCY.ru;
2024-01-05;MB-PEREVOZKI.ru;
2024-01-05;MB-SALES.ru;
2024-01-05;MBFNBTW.ru;
2024-01-05;MBP-ELECTRONIKA.ru;
2024-01-05;MC-NEOMED.ru;
2024-01-05;MCBAND.ru;
2024-01-05;MCPARADISE.ru;
2024-01-05;MDMAC.ru;
2024-01-05;MDORON.ru;
2024-01-05;MEADORWAR.ru;
2024-01-05;MEB-ARSENAL.ru;
2024-01-05;MEBEL-CEVASTOPOL.ru;
2024-01-05;MEBEL-SEVACTOPOL.ru;
2024-01-05;MEBEL-STATICA.ru;
2024-01-05;MEBELEAM.ru;
2024-01-05;MECLUB-EDA.ru;
2024-01-05;MECLUB-FOOD.ru;
2024-01-05;MECLUBEDA.ru;
2024-01-05;MECLUBFOOD.ru;
2024-01-05;MEDA-ECO.ru;
2024-01-05;MEDIATOR-VICTORIA.ru;
2024-01-05;MEDICINEONLINEE24.ru;
2024-01-05;MEDVIPSHOP.ru;
2024-01-05;MEEROVICH.ru;
2024-01-05;MEGO-MARKET.ru;
2024-01-05;MEKHEK.ru;
2024-01-05;MELITOPOL-USLUGI.ru;
2024-01-05;MELITOPOLUSLUGI.ru;
2024-01-05;MELNOV-1.ru;
2024-01-05;MEMORIALM.ru;
2024-01-05;MEMORY-UROKI.ru;
2024-01-05;MEMZON.ru;
2024-01-05;MENLYPORTAL.ru;
2024-01-05;MERCURYVL.ru;
2024-01-05;MERICANMEDS.ru;
2024-01-05;MERIGONCHAROVA.ru;
2024-01-05;MERKULOVA-THERAPY.ru;
2024-01-05;MERSEDES-BENZMODELS.ru;
2024-01-05;MESOMERISM.ru;
2024-01-05;METEORCLIMAT.ru;
2024-01-05;MFORMELLE.ru;
2024-01-05;MGGSTUDIO.ru;
2024-01-05;MHAILUN.ru;
2024-01-05;MI-SPB-RSERVICE.ru;
2024-01-05;MIG-KLIK.ru;
2024-01-05;MIGKLIK.ru;
2024-01-05;MIKEPEPPER.ru;
2024-01-05;MILLIONSTREET.ru;
2024-01-05;MILTIBONUS.ru;
2024-01-05;MINEPONY.ru;
2024-01-05;MINERALNYE-VODY-KNZ.ru;
2024-01-05;MINIDREVOC.ru;
2024-01-05;MININROMAN.ru;
2024-01-05;MIORDANOVA.ru;
2024-01-05;MIR0N0VA.ru;
2024-01-05;MIRABELKA.ru;
2024-01-05;MIRHARIS.ru;
2024-01-05;MIRKARNAVALA.ru;
2024-01-05;MIRONOVAEN.ru;
2024-01-05;MIRONOVICH2003.ru;
2024-01-05;MIRPRAGI.ru;
2024-01-05;MIRROR-APP.ru;
2024-01-05;MIRZIN.ru;
2024-01-05;MISCHENKOGN.ru;
2024-01-05;MISHKUZZ.ru;
2024-01-05;MISTERBID.ru;
2024-01-05;MISTERMETALL.ru;
2024-01-05;MITCHIEF.ru;
2024-01-05;MIZVEKOVA.ru;
2024-01-05;MKNCH.ru;
2024-01-05;MKPITER.ru;
2024-01-05;MKVAFS.ru;
2024-01-05;MKXCZK.ru;
2024-01-05;MMCRY.ru;
2024-01-05;MMETEO.ru;
2024-01-05;MMX2024.ru;
2024-01-05;MNV-CD.ru;
2024-01-05;MOBILESZONA.ru;
2024-01-05;MOBLEGTES.ru;
2024-01-05;MOIDOMSOMNOY.ru;
2024-01-05;MOIKAVKAZ.ru;
2024-01-05;MOJMAJ.ru;
2024-01-05;MOLODEJNO.ru;
2024-01-05;MOMSLIGHTHOUSE.ru;
2024-01-05;MONADOS.ru;
2024-01-05;MONARCHSCV.ru;
2024-01-05;MONEY-TRIP.ru;
2024-01-05;MONEYURL.ru;
2024-01-05;MONEYUSA.ru;
2024-01-05;MONKEYGRINDER.ru;
2024-01-05;MONTAZH-KROVLI24.ru;
2024-01-05;MONZHEROK.ru;
2024-01-05;MORECLIENT.ru;
2024-01-05;MORECRABOV.ru;
2024-01-05;MOREKOT-CENTR.ru;
2024-01-05;MOSCOW-SEARCH-ZAIM.ru;
2024-01-05;MOSCOWMUSICCONFERENCE.ru;
2024-01-05;MOSENEGO.ru;
2024-01-05;MOSKVATABAK1.ru;
2024-01-05;MOSPHOTOGRAPHER.ru;
2024-01-05;MOSTBET-QC.ru;
2024-01-05;MOSTBET-QD.ru;
2024-01-05;MOSTBET-QF.ru;
2024-01-05;MOSTBET-QG.ru;
2024-01-05;MOSTBET-QH.ru;
2024-01-05;MOSTBET-QJ.ru;
2024-01-05;MOSTBET-QK.ru;
2024-01-05;MOSTBET-QL.ru;
2024-01-05;MOSTBET-QM.ru;
2024-01-05;MOSTBET-QN.ru;
2024-01-05;MOSTBET-QS.ru;
2024-01-05;MOSTBET-QX.ru;
2024-01-05;MOSTBET-QZ.ru;
2024-01-05;MOSTOR7.ru;
2024-01-05;MOVIERECORDS.ru;
2024-01-05;MOY-SVOBODA-OT-DOLGOV-24.ru;
2024-01-05;MOYKOS.ru;
2024-01-05;MOZHAROVSII.ru;
2024-01-05;MP-VRN.ru;
2024-01-05;MP3Y.ru;
2024-01-05;MPBY.ru;
2024-01-05;MQL-SOVETNIK.ru;
2024-01-05;MRB5.ru;
2024-01-05;MRCALMER.ru;
2024-01-05;MSELSETI.ru;
2024-01-05;MSEROUHOV.ru;
2024-01-05;MSGAMMON.ru;
2024-01-05;MSHABRATSKAYA.ru;
2024-01-05;MSHELEPOV.ru;
2024-01-05;MSK-AI.ru;
2024-01-05;MSK-DISKONTS.ru;
2024-01-05;MSKLEASING.ru;
2024-01-05;MSTSHIPPING.ru;
2024-01-05;MT-ALG1.ru;
2024-01-05;MTANKOVA.ru;
2024-01-05;MTERRO.ru;
2024-01-05;MTK199BB.ru;
2024-01-05;MUITIUROK.ru;
2024-01-05;MULIBONUS.ru;
2024-01-05;MULTBONUS.ru;
2024-01-05;MULTIBINUS.ru;
2024-01-05;MULTIBONYS.ru;
2024-01-05;MULTIBOTS.ru;
2024-01-05;MULTIROK.ru;
2024-01-05;MULTIYROK.ru;
2024-01-05;MULTUROK.ru;
2024-01-05;MULTYBONUS.ru;
2024-01-05;MUNZHARO-KUPIT.ru;
2024-01-05;MUPZSS.ru;
2024-01-05;MURATOVICH.ru;
2024-01-05;MURAVEVDEV.ru;
2024-01-05;MURINUS.ru;
2024-01-05;MURSUNIDA.ru;
2024-01-05;MVDSAMARA.ru;
2024-01-05;MY-CHELNY.ru;
2024-01-05;MY-PODELNIK.ru;
2024-01-05;MYBUSTICKETS.ru;
2024-01-05;MYDOMRECEPT.ru;
2024-01-05;MYFREELANCING.ru;
2024-01-05;MYHOMECANDLES.ru;
2024-01-05;MYOBUCHENIE.ru;
2024-01-05;MYONLINEPRO.ru;
2024-01-05;MYPETPROJECTS.ru;
2024-01-05;MYSOMBRA.ru;
2024-01-05;MYSTERIUMASTRUM.ru;
2024-01-05;MYSTORECLUB.ru;
2024-01-05;MYWEEK-NEWS.ru;
2024-01-05;MZHMAKIN.ru;
2024-01-05;MZMCLUB.ru;
2024-01-05;N-KA.ru;
2024-01-05;N-TYULYUBAEVA.ru;
2024-01-05;NABOISCHIKOVA.ru;
2024-01-05;NADEZHDA-ESSENTUKI-KNZ.ru;
2024-01-05;NADEZHDA-UO.ru;
2024-01-05;NADYARA.ru;
2024-01-05;NAGIBINFOND.ru;
2024-01-05;NAGROINVEST.ru;
2024-01-05;NAILCHEF.ru;
2024-01-05;NALIMOFF.ru;
2024-01-05;NANYA-KHV.ru;
2024-01-05;NART-FEST.ru;
2024-01-05;NASHAGVPEREDI.ru;
2024-01-05;NASNAUMOV.ru;
2024-01-05;NASTENA130782.ru;
2024-01-05;NASTIIA-LEV.ru;
2024-01-05;NASTYA-RHYTMFOCUS.ru;
2024-01-05;NATALIA-DRONOVA.ru;
2024-01-05;NATASAYED.ru;
2024-01-05;NAUKA-MIXT.ru;
2024-01-05;NAVISDEVS.ru;
2024-01-05;NDIVENTE.ru;
2024-01-05;NE-BYDY-DOLZEN24.ru;
2024-01-05;NEBROSCO.ru;
2024-01-05;NECHEPURENKO-BEAUTY-SALON.ru;
2024-01-05;NEDLPOAS.ru;
2024-01-05;NEEDPROFI.ru;
2024-01-05;NEFROZZYA.ru;
2024-01-05;NEIROKUZ.ru;
2024-01-05;NEOLINE-SKIDKA.ru;
2024-01-05;NEROSAVE.ru;
2024-01-05;NETASSETS.ru;
2024-01-05;NETKUPONAM.ru;
2024-01-05;NETSKOLOV.ru;
2024-01-05;NETWORKTECHNOLOGI.ru;
2024-01-05;NEUNOAGENT.ru;
2024-01-05;NEURO-TRAINING.ru;
2024-01-05;NEUROGUIDES.ru;
2024-01-05;NEUROPHOTOGRAPHER.ru;
2024-01-05;NEUROSAVE.ru;
2024-01-05;NEVALYASH.ru;
2024-01-05;NEVERIAMC.ru;
2024-01-05;NEW-FITNESS-FIT.ru;
2024-01-05;NEW-TERRITORIES.ru;
2024-01-05;NEW-ZIMA.ru;
2024-01-05;NEWARTPORTAL.ru;
2024-01-05;NEWLYSTORE.ru;
2024-01-05;NEWS-AS-BAD.ru;
2024-01-05;NEWS-AS-LIGHT.ru;
2024-01-05;NEWS-AS-MOST.ru;
2024-01-05;NEWS-CLOSE-BAD.ru;
2024-01-05;NEWS-CLOSE-GOOD.ru;
2024-01-05;NEWS-CLOSE-LIGHT.ru;
2024-01-05;NEWS-CLOSE-MOST.ru;
2024-01-05;NEWS-FOR-BAD.ru;
2024-01-05;NEWS-FOR-LIGHT.ru;
2024-01-05;NEWS-FOR-MOST.ru;
2024-01-05;NEWS-HOW-BAD.ru;
2024-01-05;NEWS-HOW-LIGHT.ru;
2024-01-05;NEWS-HOW-MOST.ru;
2024-01-05;NEWSIGNALS.ru;
2024-01-05;NEWTURKISHSERIAL.ru;
2024-01-05;NEXTLEVELEDU.ru;
2024-01-05;NFERBER.ru;
2024-01-05;NGREBNYOV.ru;
2024-01-05;NHAIR-KHV.ru;
2024-01-05;NICKTVER.ru;
2024-01-05;NICMIC.ru;
2024-01-05;NIK51.ru;
2024-01-05;NIKAKNIGA.ru;
2024-01-05;NIKKA-A.ru;
2024-01-05;NILYA1987.ru;
2024-01-05;NINAMIRONOVA.ru;
2024-01-05;NIZHALSKIY.ru;
2024-01-05;NKD24.ru;
2024-01-05;NN-CDD.ru;
2024-01-05;NOGAB.ru;
2024-01-05;NOGINSK-USZN.ru;
2024-01-05;NONRU.ru;
2024-01-05;NORNAGROUP.ru;
2024-01-05;NOSHENNYE-KOLGOTKI.ru;
2024-01-05;NOVAARENAEVENT.ru;
2024-01-05;NOVELLATUT.ru;
2024-01-05;NOVIECHUDESASVETA.ru;
2024-01-05;NOVIKOV-S.ru;
2024-01-05;NOVIKOVVK.ru;
2024-01-05;NOVMMC24443.ru;
2024-01-05;NOVOAGENCY.ru;
2024-01-05;NOVOKAT.ru;
2024-01-05;NOZPHER.ru;
2024-01-05;NPLEKSKLUZB0NUS.ru;
2024-01-05;NPLZABAWAONL1NE.ru;
2024-01-05;NPOMOGAEVA.ru;
2024-01-05;NPPKRS.ru;
2024-01-05;NRYGALOV.ru;
2024-01-05;NS2REGRU.ru;
2024-01-05;NSIRUS.ru;
2024-01-05;NSKSO.ru;
2024-01-05;NSURF.ru;
2024-01-05;NTC-COOP.ru;
2024-01-05;NTERLEEVA.ru;
2024-01-05;NTVSNK.ru;
2024-01-05;NUDEBRAWL.ru;
2024-01-05;NUMEROPSIHOLOG.ru;
2024-01-05;NUMWAY-1.ru;
2024-01-05;NUMWAY-10.ru;
2024-01-05;NUMWAY-11.ru;
2024-01-05;NUMWAY-12.ru;
2024-01-05;NUMWAY-13.ru;
2024-01-05;NUMWAY-14.ru;
2024-01-05;NUMWAY-15.ru;
2024-01-05;NUMWAY-16.ru;
2024-01-05;NUMWAY-17.ru;
2024-01-05;NUMWAY-18.ru;
2024-01-05;NUMWAY-19.ru;
2024-01-05;NUMWAY-2.ru;
2024-01-05;NUMWAY-20.ru;
2024-01-05;NUMWAY-21.ru;
2024-01-05;NUMWAY-22.ru;
2024-01-05;NUMWAY-23.ru;
2024-01-05;NUMWAY-24.ru;
2024-01-05;NUMWAY-25.ru;
2024-01-05;NUMWAY-26.ru;
2024-01-05;NUMWAY-27.ru;
2024-01-05;NUMWAY-28.ru;
2024-01-05;NUMWAY-29.ru;
2024-01-05;NUMWAY-3.ru;
2024-01-05;NUMWAY-30.ru;
2024-01-05;NUMWAY-31.ru;
2024-01-05;NUMWAY-32.ru;
2024-01-05;NUMWAY-33.ru;
2024-01-05;NUMWAY-34.ru;
2024-01-05;NUMWAY-35.ru;
2024-01-05;NUMWAY-36.ru;
2024-01-05;NUMWAY-37.ru;
2024-01-05;NUMWAY-38.ru;
2024-01-05;NUMWAY-39.ru;
2024-01-05;NUMWAY-4.ru;
2024-01-05;NUMWAY-40.ru;
2024-01-05;NUMWAY-41.ru;
2024-01-05;NUMWAY-42.ru;
2024-01-05;NUMWAY-43.ru;
2024-01-05;NUMWAY-44.ru;
2024-01-05;NUMWAY-45.ru;
2024-01-05;NUMWAY-46.ru;
2024-01-05;NUMWAY-47.ru;
2024-01-05;NUMWAY-48.ru;
2024-01-05;NUMWAY-49.ru;
2024-01-05;NUMWAY-5.ru;
2024-01-05;NUMWAY-50.ru;
2024-01-05;NUMWAY-51.ru;
2024-01-05;NUMWAY-52.ru;
2024-01-05;NUMWAY-53.ru;
2024-01-05;NUMWAY-54.ru;
2024-01-05;NUMWAY-55.ru;
2024-01-05;NUMWAY-56.ru;
2024-01-05;NUMWAY-57.ru;
2024-01-05;NUMWAY-58.ru;
2024-01-05;NUMWAY-59.ru;
2024-01-05;NUMWAY-6.ru;
2024-01-05;NUMWAY-60.ru;
2024-01-05;NUMWAY-7.ru;
2024-01-05;NUMWAY-8.ru;
2024-01-05;NUMWAY-9.ru;
2024-01-05;NURINFO.ru;
2024-01-05;NURIPOTEKA.ru;
2024-01-05;NVAD.ru;
2024-01-05;NVKISLITSYNA.ru;
2024-01-05;NVPSOCHI.ru;
2024-01-05;NVPUG.ru;
2024-01-05;OAVINOVA.ru;
2024-01-05;OBDTOOLS.ru;
2024-01-05;OBOIZHIDKIESHOP.ru;
2024-01-05;OBRTV.ru;
2024-01-05;OBUKHOVAI.ru;
2024-01-05;OCEAN-SALON.ru;
2024-01-05;ODOMETR-SERVICE.ru;
2024-01-05;OEM-SERVER-LARA.ru;
2024-01-05;OETKG.ru;
2024-01-05;OFANTASTIC.ru;
2024-01-05;OFD-ORD1406.ru;
2024-01-05;OFD-ORD2660.ru;
2024-01-05;OFD-ORD3251.ru;
2024-01-05;OFD-ORD3802.ru;
2024-01-05;OFD-ORD5372.ru;
2024-01-05;OFD-ORD5425.ru;
2024-01-05;OFD-ORD5880.ru;
2024-01-05;OFD-ORD6778.ru;
2024-01-05;OFD-ORD9528.ru;
2024-01-05;OFD-ORD9550.ru;
2024-01-05;OFD5289.ru;
2024-01-05;OFD7068.ru;
2024-01-05;OFD9347.ru;
2024-01-05;OFD9680.ru;
2024-01-05;OFFICIAL-THEDOGHOUSE.ru;
2024-01-05;OFFSITE-RIOBET115.ru;
2024-01-05;OFISNAY-MEBEL.ru;
2024-01-05;OFPTIME.ru;
2024-01-05;OGM1-5.ru;
2024-01-05;OHOTA-AND-RIBALKA.ru;
2024-01-05;OILPULLING.ru;
2024-01-05;OK-APARTMENTS.ru;
2024-01-05;OKLEVAKINA.ru;
2024-01-05;OKNOKINO.ru;
2024-01-05;OKOZAKONA.ru;
2024-01-05;OLA-LA-FLOWERSHOP.ru;
2024-01-05;OLAPTEV.ru;
2024-01-05;OLDWORKER.ru;
2024-01-05;OLEGANVIDEOS.ru;
2024-01-05;OLEGDOLMATOV.ru;
2024-01-05;OLESENKA-R-A.ru;
2024-01-05;OLGA-HRUSTALEVA.ru;
2024-01-05;OLGAGUBAREVA.ru;
2024-01-05;OLGAKRYUCHKOVA.ru;
2024-01-05;OLGAPHOTO-CHEPURNAJA.ru;
2024-01-05;OLIAMANTIHORA.ru;
2024-01-05;OLIFEROV.ru;
2024-01-05;OLIMP-RP.ru;
2024-01-05;OLIVAFOOD.ru;
2024-01-05;OLIVAMIRA.ru;
2024-01-05;OLIVKAMIRA.ru;
2024-01-05;OLZHASNURLANOV.ru;
2024-01-05;OMAYENTE.ru;
2024-01-05;OMGPOST.ru;
2024-01-05;OMLOVE.ru;
2024-01-05;OMSK-REYA.ru;
2024-01-05;OMYBED.ru;
2024-01-05;ONLINEBEST2024.ru;
2024-01-05;ONLINEBESTSALE2024.ru;
2024-01-05;ONLINEBORZOVAKIDS.ru;
2024-01-05;ONLINECHEAPSALE2024.ru;
2024-01-05;ONLINEJOGOS.ru;
2024-01-05;ONLINEOUTLETSALE2024.ru;
2024-01-05;ONLINESALESHOPS2024.ru;
2024-01-05;ONLINESUCCESSHUB.ru;
2024-01-05;ONLINEZAIM-MOSCOW.ru;
2024-01-05;ONLINEZAIM-SPB.ru;
2024-01-05;ONLIXAK.ru;
2024-01-05;OOAIMR.ru;
2024-01-05;OOOMKM.ru;
2024-01-05;OOOUKMOIDOM.ru;
2024-01-05;OPEN-HEART-4LOVE.ru;
2024-01-05;OPENINGEO.ru;
2024-01-05;OPLATA-RABOT.ru;
2024-01-05;OPLATA7485.ru;
2024-01-05;OPLATA7486.ru;
2024-01-05;OPLOTOLGA.ru;
2024-01-05;OPRAFOX.ru;
2024-01-05;OPSV01.ru;
2024-01-05;OPTIKA-CRIMEA.ru;
2024-01-05;OPTITOOLS.ru;
2024-01-05;ORANTA-MED.ru;
2024-01-05;ORD21648.ru;
2024-01-05;ORD21687.ru;
2024-01-05;ORD52474.ru;
2024-01-05;ORD64246.ru;
2024-01-05;ORD64286.ru;
2024-01-05;ORDER-4651.ru;
2024-01-05;ORDER-8737.ru;
2024-01-05;ORDER0418.ru;
2024-01-05;ORDER0521.ru;
2024-01-05;ORDER0716.ru;
2024-01-05;ORDER0918.ru;
2024-01-05;ORDER2073.ru;
2024-01-05;ORDER4059.ru;
2024-01-05;ORDER5092.ru;
2024-01-05;ORDER6081.ru;
2024-01-05;ORDER7109.ru;
2024-01-05;ORDER8034.ru;
2024-01-05;ORDER8101.ru;
2024-01-05;ORDER8647.ru;
2024-01-05;ORDER9152.ru;
2024-01-05;OREHOV-TOP.ru;
2024-01-05;ORGOAZM.ru;
2024-01-05;ORIGINALKOREANCOSMETICS.ru;
2024-01-05;ORIXO.ru;
2024-01-05;ORLOV11.ru;
2024-01-05;ORLYATAKID.ru;
2024-01-05;ORNABI.ru;
2024-01-05;ORQWRG.ru;
2024-01-05;ORTO-MEGAN.ru;
2024-01-05;ORZUNOVA.ru;
2024-01-05;OSAGO-POLAR.ru;
2024-01-05;OSAGO-ZIMA.ru;
2024-01-05;OSAGOARH29.ru;
2024-01-05;OSAGOVSEM36.ru;
2024-01-05;OSKLEX.ru;
2024-01-05;OSKOLMOIKA.ru;
2024-01-05;OSODOLLS.ru;
2024-01-05;OSTANOVI-MGNOVENIYE.ru;
2024-01-05;OTOGREVSVIEZDOM.ru;
2024-01-05;OTVETOL.ru;
2024-01-05;OTZYVY-VAVADA.ru;
2024-01-05;OURINSALE.ru;
2024-01-05;OUROADS.ru;
2024-01-05;OUTLETSFACTORY2024.ru;
2024-01-05;OUTLETSHOPONLINE2024.ru;
2024-01-05;OUTSIGHT-BUDNI.ru;
2024-01-05;OZIMUK-ARCH.ru;
2024-01-05;P-KASKAD.ru;
2024-01-05;P2PCATCHER.ru;
2024-01-05;PACKFF.ru;
2024-01-05;PAGE-3189.ru;
2024-01-05;PAGFL.ru;
2024-01-05;PAHAN1.ru;
2024-01-05;PALAZZO-DUCALE.ru;
2024-01-05;PALMARY-TOUR.ru;
2024-01-05;PANPAV88.ru;
2024-01-05;PANYUSHOV.ru;
2024-01-05;PAP-BUILD.ru;
2024-01-05;PAPERS-AS-BAD.ru;
2024-01-05;PAPERS-AS-LIGHT.ru;
2024-01-05;PAPERS-AS-MOST.ru;
2024-01-05;PAPERS-CLOSE-BAD.ru;
2024-01-05;PAPERS-CLOSE-GOOD.ru;
2024-01-05;PAPERS-CLOSE-LIGHT.ru;
2024-01-05;PAPERS-CLOSE-MOST.ru;
2024-01-05;PAPERS-FOR-BAD.ru;
2024-01-05;PAPERS-FOR-LIGHT.ru;
2024-01-05;PAPERS-FOR-MOST.ru;
2024-01-05;PAPERS-HOW-BAD.ru;
2024-01-05;PAPERS-HOW-LIGHT.ru;
2024-01-05;PAPERS-HOW-MOST.ru;
2024-01-05;PARESTEA.ru;
2024-01-05;PARKCURIER.ru;
2024-01-05;PARTNER-EDA-COURIER.ru;
2024-01-05;PARTNERGU.ru;
2024-01-05;PARTSANDTUNING.ru;
2024-01-05;PASIS007.ru;
2024-01-05;PASTRONE.ru;
2024-01-05;PAULBROWER.ru;
2024-01-05;PAVELBART.ru;
2024-01-05;PAVELNAUMOV.ru;
2024-01-05;PAVLOVMEDIA.ru;
2024-01-05;PAVLOVNAIA.ru;
2024-01-05;PAY-ID353424.ru;
2024-01-05;PAY-ID454521.ru;
2024-01-05;PAY-ID533241.ru;
2024-01-05;PAY-VTB.ru;
2024-01-05;PAYD08.ru;
2024-01-05;PAYD09.ru;
2024-01-05;PAYMENT-254.ru;
2024-01-05;PAYMENT-255.ru;
2024-01-05;PAYMOMS.ru;
2024-01-05;PAYSERVICESHOP.ru;
2024-01-05;PBORINA.ru;
2024-01-05;PBOUTSOURCE.ru;
2024-01-05;PDFLIB.ru;
2024-01-05;PDOROSCHENKOVA.ru;
2024-01-05;PDVSERVER.ru;
2024-01-05;PEFIMOVA.ru;
2024-01-05;PENSIONNEWS.ru;
2024-01-05;PEREVOZKASHKAFA39.ru;
2024-01-05;PERFECT-ELK.ru;
2024-01-05;PERFECT-W.ru;
2024-01-05;PERFECTW.ru;
2024-01-05;PERFECTWORKS.ru;
2024-01-05;PERMANENT-SALON.ru;
2024-01-05;PERSONALITY23.ru;
2024-01-05;PES-DA.ru;
2024-01-05;PETERSBURGLIFE.ru;
2024-01-05;PETRMOROZOV.ru;
2024-01-05;PETRO-BETON.ru;
2024-01-05;PETRSYSOEV.ru;
2024-01-05;PHKORSHUNOVA.ru;
2024-01-05;PHOTOA6.ru;
2024-01-05;PHOTODARI.ru;
2024-01-05;PHOTOGRAPHYLOVER.ru;
2024-01-05;PHOTOSHIKINNA.ru;
2024-01-05;PHOTOVIRGINIA.ru;
2024-01-05;PHSAVENKOV.ru;
2024-01-05;PHUKETGO.ru;
2024-01-05;PHYJFM.ru;
2024-01-05;PICGEN.ru;
2024-01-05;PICKMEAL.ru;
2024-01-05;PICTURAI.ru;
2024-01-05;PICZOOM.ru;
2024-01-05;PIK-KONDER.ru;
2024-01-05;PIKNIK-KMS.ru;
2024-01-05;PIN-UP-12.ru;
2024-01-05;PIN-UP-3.ru;
2024-01-05;PIN-UP-CASINO10.ru;
2024-01-05;PIN-UP-CASINO12.ru;
2024-01-05;PIN-UP-CASINO18.ru;
2024-01-05;PIN-UP-CASINO19.ru;
2024-01-05;PIN-UP-CASINO2.ru;
2024-01-05;PIN-UP-CASINO23.ru;
2024-01-05;PIN-UP-CASINO25.ru;
2024-01-05;PIN-UP-CASINO26.ru;
2024-01-05;PIN-UP-CASINO27.ru;
2024-01-05;PIN-UP-CASINO28.ru;
2024-01-05;PIN-UP-CASINO29.ru;
2024-01-05;PIN-UP-CASINO3.ru;
2024-01-05;PIN-UP-CASINO30.ru;
2024-01-05;PIN-UP-CASINO31.ru;
2024-01-05;PIN-UP-CASINO32.ru;
2024-01-05;PIN-UP-CASINO33.ru;
2024-01-05;PIN-UP-CASINO34.ru;
2024-01-05;PIN-UP-CASINO35.ru;
2024-01-05;PIN-UP-CASINO36.ru;
2024-01-05;PIN-UP-CASINO38.ru;
2024-01-05;PIN-UP-CASINO39.ru;
2024-01-05;PIN-UP-CASINO4.ru;
2024-01-05;PIN-UP-CASINO5.ru;
2024-01-05;PIN-UP-CASINO52.ru;
2024-01-05;PIN-UP-CASINO53.ru;
2024-01-05;PIN-UP-CASINO54.ru;
2024-01-05;PIN-UP-CASINO55.ru;
2024-01-05;PIN-UP-CASINO56.ru;
2024-01-05;PIN-UP-CASINO6.ru;
2024-01-05;PIN-UP-CASINO7.ru;
2024-01-05;PIN-UP-CASINO8.ru;
2024-01-05;PIN-UP-CASINO9.ru;
2024-01-05;PIN-UP-ONLINE-GG.ru;
2024-01-05;PINKDUCK.ru;
2024-01-05;PINMONEY-WW.ru;
2024-01-05;PINPICS.ru;
2024-01-05;PINUP-241.ru;
2024-01-05;PINUPSCASINO1.ru;
2024-01-05;PIRATES-BRAWL.ru;
2024-01-05;PIRYET-BRATSK.ru;
2024-01-05;PISHI-I-PRODAVAY.ru;
2024-01-05;PITCH-FM.ru;
2024-01-05;PITCHFM.ru;
2024-01-05;PLACEVIBE.ru;
2024-01-05;PLANETA-USLUG.ru;
2024-01-05;PLATA-LOM.ru;
2024-01-05;PLATEZHEI-2024.ru;
2024-01-05;PLATEZHEI-2024-STOP.ru;
2024-01-05;PLATEZHEI-NET24.ru;
2024-01-05;PLAYFORTUNA-10.ru;
2024-01-05;PLAYFORTUNA-12.ru;
2024-01-05;PLAYFORTUNA-13.ru;
2024-01-05;PLAYFORTUNA-14.ru;
2024-01-05;PLAYFORTUNA-15.ru;
2024-01-05;PLAYFORTUNA-16.ru;
2024-01-05;PLAYFORTUNA-17.ru;
2024-01-05;PLAYFORTUNA-18.ru;
2024-01-05;PLAYFORTUNA-19.ru;
2024-01-05;PLAYFORTUNA-20.ru;
2024-01-05;PLAYFORTUNA-21.ru;
2024-01-05;PLAYFORTUNA-23.ru;
2024-01-05;PLAYFORTUNA-25.ru;
2024-01-05;PLAYFORTUNA-28.ru;
2024-01-05;PLAYFORTUNA-29.ru;
2024-01-05;PLAYFORTUNA-4.ru;
2024-01-05;PLAYFORTUNA-5.ru;
2024-01-05;PLAYFORTUNA-8.ru;
2024-01-05;PLAYFORTUNA-P.ru;
2024-01-05;PLAYFORTUNA-Y.ru;
2024-01-05;PLAYONLINENOZEXE.ru;
2024-01-05;PLAYONLINENOZEXQ.ru;
2024-01-05;PLAYONLINENOZEXR.ru;
2024-01-05;PLAYONLINENOZEXT.ru;
2024-01-05;PLAYONLINENOZEXW.ru;
2024-01-05;PLAYONLINENOZEXY.ru;
2024-01-05;PLEASURE-ISLAND.ru;
2024-01-05;PLEASURE-LADIES.ru;
2024-01-05;PLEINDEVIEBEAUTE.ru;
2024-01-05;PLETENIY-UYUT.ru;
2024-01-05;PLOSCHADKAMESTO.ru;
2024-01-05;PLOTNIKOV41.ru;
2024-01-05;PLUS-AVIA-FLY10.ru;
2024-01-05;PMNSK.ru;
2024-01-05;PMWAY.ru;
2024-01-05;PNDKMS.ru;
2024-01-05;POCHTABANK-KABINET.ru;
2024-01-05;PODARKIBERRY.ru;
2024-01-05;PODDON13.ru;
2024-01-05;PODOPRONAILS-SALON.ru;
2024-01-05;PODOSHKA.ru;
2024-01-05;POLAR-STONE01.ru;
2024-01-05;POLIANNA-SALON.ru;
2024-01-05;POLIGON-77.ru;
2024-01-05;POLIMECHANIKA.ru;
2024-01-05;POLZAIAGOD.ru;
2024-01-05;POLZARND.ru;
2024-01-05;PONOMAREV1.ru;
2024-01-05;PORAPORA.ru;
2024-01-05;PORNO-FOTKI.ru;
2024-01-05;PORSCHEMODELS.ru;
2024-01-05;PORTFOLIOVITAL.ru;
2024-01-05;POSHSYROVARNYA.ru;
2024-01-05;POSITIV-SERVIS.ru;
2024-01-05;POSTER-AI.ru;
2024-01-05;POSTERAI.ru;
2024-01-05;POSTERDIGITAL.ru;
2024-01-05;POSTOMAN.ru;
2024-01-05;POTAPOV-RV.ru;
2024-01-05;POTENCIYA-ONLINE.ru;
2024-01-05;POTENCIYA-PROSTO.ru;
2024-01-05;POTOLKI-KOLIBRI.ru;
2024-01-05;POTOLKI-SPBB.ru;
2024-01-05;POTREBITELI34.ru;
2024-01-05;POWERINSIGHT.ru;
2024-01-05;PPK-OPT.ru;
2024-01-05;PPODSEVALOV.ru;
2024-01-05;PRAVDADESIGN.ru;
2024-01-05;PRAVDAMIR.ru;
2024-01-05;PRAVOVIE-USLUGI.ru;
2024-01-05;PREGTG.ru;
2024-01-05;PREMIERA22.ru;
2024-01-05;PREMIUM-AUDIO.ru;
2024-01-05;PREMIUM-AV.ru;
2024-01-05;PREMIUM-FORGING.ru;
2024-01-05;PREMIUM-HI-FI.ru;
2024-01-05;PREMIUM-HIFI.ru;
2024-01-05;PREMIUMAV.ru;
2024-01-05;PRESLIFE55-SALON.ru;
2024-01-05;PRESTA-KUHNI.ru;
2024-01-05;PRICE-SHOP.ru;
2024-01-05;PRICEL-SLON.ru;
2024-01-05;PRIMORSK-USLUGI.ru;
2024-01-05;PRIMORSKUSLUGI.ru;
2024-01-05;PRINTMIG.ru;
2024-01-05;PRIVENG.ru;
2024-01-05;PRO-DOMO.ru;
2024-01-05;PRO-SUBARU.ru;
2024-01-05;PROAVIA-FLY10.ru;
2024-01-05;PROBERKA.ru;
2024-01-05;PRODOMBLOG.ru;
2024-01-05;PRODUCTHELP.ru;
2024-01-05;PRODUKTRU.ru;
2024-01-05;PROEKT-I-DOM.ru;
2024-01-05;PROEKTBIM.ru;
2024-01-05;PROEKTDEREVNYA.ru;
2024-01-05;PROF-FLOWERS.ru;
2024-01-05;PROFOTO22.ru;
2024-01-05;PROFREMBYT.ru;
2024-01-05;PROFSAIT.ru;
2024-01-05;PROFSAITE.ru;
2024-01-05;PROFSET59.ru;
2024-01-05;PROG1C01.ru;
2024-01-05;PROJECT-FOTOPREOBRAGENIE.ru;
2024-01-05;PROKOPEYSK.ru;
2024-01-05;PROMMED-LIVEDO.ru;
2024-01-05;PROMOCOD-VAVADA.ru;
2024-01-05;PROMOKOD-BERI.ru;
2024-01-05;PROMOKODS-VAVADA.ru;
2024-01-05;PROONLANPART.ru;
2024-01-05;PROSHENKOV.ru;
2024-01-05;PROSPEKTAUTO1.ru;
2024-01-05;PROSTITUTKI--HABAROVSKA.ru;
2024-01-05;PROSTITUTKI-HABAROVSKA.ru;
2024-01-05;PROSTO-ICQ.ru;
2024-01-05;PROSTOCHEREPASHKA.ru;
2024-01-05;PROSTOOZAPUSKAH.ru;
2024-01-05;PROSTOSOVKUSOM.ru;
2024-01-05;PROSYSTEMSECURITY.ru;
2024-01-05;PROURZIN-LIV.ru;
2024-01-05;PROVCORPORATION.ru;
2024-01-05;PRUDM.ru;
2024-01-05;PSMELOV.ru;
2024-01-05;PSY30.ru;
2024-01-05;PSYCHOLOGIST24.ru;
2024-01-05;PTG-CD.ru;
2024-01-05;PUBLICATIONS-THEATRE.ru;
2024-01-05;PUREFISH.ru;
2024-01-05;PURISOV.ru;
2024-01-05;PUSH-ART.ru;
2024-01-05;PUSHRKV.ru;
2024-01-05;PUSTORADITSY.ru;
2024-01-05;PUTIN-RF.ru;
2024-01-05;PUTNIK-STUDIO.ru;
2024-01-05;PVP-EPOHA.ru;
2024-01-05;PWPVE.ru;
2024-01-05;Q3-Q4.ru;
2024-01-05;Q3Q4.ru;
2024-01-05;QBRP.ru;
2024-01-05;QGEJIF.ru;
2024-01-05;QGTKAH.ru;
2024-01-05;QK7P.ru;
2024-01-05;QOVVRN.ru;
2024-01-05;QPKVARTIRY.ru;
2024-01-05;QRVEJIYY.ru;
2024-01-05;QRWFIJVA.ru;
2024-01-05;QTDEV.ru;
2024-01-05;QUANTUM-CONSTRUCTOR.ru;
2024-01-05;QUHT.ru;
2024-01-05;RABOTA-INVA.ru;
2024-01-05;RABOTA-REGIONA.ru;
2024-01-05;RABOTAINVA.ru;
2024-01-05;RABOTAREGIONA.ru;
2024-01-05;RADCHENKO-PHOTO.ru;
2024-01-05;RADIATOR178.ru;
2024-01-05;RADUGA-DS.ru;
2024-01-05;RAHMADEEV.ru;
2024-01-05;RAHTAROV.ru;
2024-01-05;RAPID-TRADE.ru;
2024-01-05;RARK31.ru;
2024-01-05;RASBY.ru;
2024-01-05;RASKAPSHIK.ru;
2024-01-05;RASP-IV-ALKA.ru;
2024-01-05;RASPIVALKA.ru;
2024-01-05;RAVEKING.ru;
2024-01-05;RAYKAEVENT.ru;
2024-01-05;RCCT2017.ru;
2024-01-05;RE-SV.ru;
2024-01-05;REAL-RUSSIA.ru;
2024-01-05;REALCHECKSITE.ru;
2024-01-05;REALITYMAG.ru;
2024-01-05;REALMADRID-STAVKA.ru;
2024-01-05;REALTOR-PK.ru;
2024-01-05;REALTORPK.ru;
2024-01-05;REBEER.ru;
2024-01-05;REDRIDE.ru;
2024-01-05;REDSOX54.ru;
2024-01-05;REG174RUS.ru;
2024-01-05;REKRUTING22.ru;
2024-01-05;RELOEUROPA.ru;
2024-01-05;REMAKE-TO.ru;
2024-01-05;REMIXZN.ru;
2024-01-05;REMKT.ru;
2024-01-05;REMONT-CATERPILLAR.ru;
2024-01-05;REMONT-RVD.ru;
2024-01-05;REMONT-STIRALOK42.ru;
2024-01-05;REMONT450.ru;
2024-01-05;REMONTROS.ru;
2024-01-05;REMONTTO4KA.ru;
2024-01-05;REMTNVD.ru;
2024-01-05;REMUTWUZZORSM24.ru;
2024-01-05;RENT-GLOW.ru;
2024-01-05;REPETITOR71.ru;
2024-01-05;REPUBLIC-OF-GAMES.ru;
2024-01-05;RESETVAPE.ru;
2024-01-05;RESPECT-RECIPE.ru;
2024-01-05;RESPECTRECIPE.ru;
2024-01-05;RESTORANKIN.ru;
2024-01-05;RESWORLD.ru;
2024-01-05;RETOXCIN.ru;
2024-01-05;RETROGRAD-STUDIO.ru;
2024-01-05;REWARDS-FF-GARENU.ru;
2024-01-05;REWARDS-GARENAA-FF.ru;
2024-01-05;REWINTIM.ru;
2024-01-05;REZA220.ru;
2024-01-05;REZUNOVA-NORILSK.ru;
2024-01-05;RF-SIGMA.ru;
2024-01-05;RGEKOBD.ru;
2024-01-05;RGOMOZOV.ru;
2024-01-05;RHDSHI31.ru;
2024-01-05;RI-51.ru;
2024-01-05;RIAZANOVNIK.ru;
2024-01-05;RIGHTJOBBD.ru;
2024-01-05;RIM-H.ru;
2024-01-05;RIMK05.ru;
2024-01-05;RINAT-FREE.ru;
2024-01-05;RINGO-BELLS.ru;
2024-01-05;RINGTONARIUM.ru;
2024-01-05;RINOPLASTIKA-VSEM.ru;
2024-01-05;RITZ-HOUSE.ru;
2024-01-05;RITZHOUSE.ru;
2024-01-05;RIZOLIN-FS.ru;
2024-01-05;RJASKIN.ru;
2024-01-05;RKAMASTER.ru;
2024-01-05;RKISHIEV.ru;
2024-01-05;ROADTEL.ru;
2024-01-05;ROBOT-APP.ru;
2024-01-05;ROCHILOV.ru;
2024-01-05;ROCKETA-QUEEN.ru;
2024-01-05;ROCKETDONATE.ru;
2024-01-05;ROMANOVSKAYA09.ru;
2024-01-05;ROMANSAVCHENKO.ru;
2024-01-05;ROMZERA.ru;
2024-01-05;RONINLONGPRO.ru;
2024-01-05;ROO-KROOG.ru;
2024-01-05;ROSLESRF.ru;
2024-01-05;ROYALESCORTS.ru;
2024-01-05;ROZANOVA-7.ru;
2024-01-05;RPLUSN.ru;
2024-01-05;RPWEB.ru;
2024-01-05;RSPENISCH.ru;
2024-01-05;RTS-DV.ru;
2024-01-05;RTSDV.ru;
2024-01-05;RU-ID0947.ru;
2024-01-05;RU-SECURITY7746.ru;
2024-01-05;RU-TL.ru;
2024-01-05;RU-VTB.ru;
2024-01-05;RUB-RMB.ru;
2024-01-05;RUBASHKI76.ru;
2024-01-05;RUBINLAR.ru;
2024-01-05;RUKAV-ALFAGOMMA.ru;
2024-01-05;RUKAV-PARKER.ru;
2024-01-05;RUMAMBABOT.ru;
2024-01-05;RUS-2147.ru;
2024-01-05;RUS-MONITORING.ru;
2024-01-05;RUS-PRAZD.ru;
2024-01-05;RUS-SERIAL1.ru;
2024-01-05;RUS23K.ru;
2024-01-05;RUS247001-1.ru;
2024-01-05;RUSAUTOTRASSA.ru;
2024-01-05;RUSIKH.ru;
2024-01-05;RUSLAN-YAKUSHEV.ru;
2024-01-05;RUSLAN77.ru;
2024-01-05;RUSPODOLOG.ru;
2024-01-05;RUSSIA-SERIAL.ru;
2024-01-05;RUSSKIY-D.ru;
2024-01-05;RUST-TATARSTAN.ru;
2024-01-05;RUSTINFINITY.ru;
2024-01-05;RUSTOR-DOWNLOADS.ru;
2024-01-05;RUSTRADEMISSION.ru;
2024-01-05;RYBALKA65.ru;
2024-01-05;RYKHLIK-DESIGN.ru;
2024-01-05;RZARIFOV.ru;
2024-01-05;S-ERMILOVA.ru;
2024-01-05;S18F.ru;
2024-01-05;S3KOGALYM.ru;
2024-01-05;SABINA-STUDY.ru;
2024-01-05;SABRINVEST.ru;
2024-01-05;SAFARGALIEV.ru;
2024-01-05;SAFARIMEDIA.ru;
2024-01-05;SAFLANDYSH.ru;
2024-01-05;SAIT1.ru;
2024-01-05;SAKIT7.ru;
2024-01-05;SAKURA-ROLL.ru;
2024-01-05;SALEONLINECHEAP2024.ru;
2024-01-05;SALES-STRUCTURE.ru;
2024-01-05;SALTWATER-FISH.ru;
2024-01-05;SAMARA-PM.ru;
2024-01-05;SAMSUNG-SMART-SWITCH.ru;
2024-01-05;SANDR1184.ru;
2024-01-05;SANMOSKI.ru;
2024-01-05;SARFISH.ru;
2024-01-05;SARMAT-EXPRESS.ru;
2024-01-05;SATLAVPROD.ru;
2024-01-05;SAVABEAUTYSALON.ru;
2024-01-05;SAVAOPEN.ru;
2024-01-05;SAYAANAESTATE.ru;
2024-01-05;SBERBANK-MONEYBACK.ru;
2024-01-05;SBOR-BAZY.ru;
2024-01-05;SBRIGADA.ru;
2024-01-05;SCARIONE.ru;
2024-01-05;SCH-CD.ru;
2024-01-05;SCHEPETOV.ru;
2024-01-05;SCHOOL11NUR.ru;
2024-01-05;SCHOOLMASTERY.ru;
2024-01-05;SCHOOLOFMAGICIANS.ru;
2024-01-05;SCM-ALCO.ru;
2024-01-05;SCM-CONSULTING.ru;
2024-01-05;SCOOP-OPT.ru;
2024-01-05;SDD-REDUT.ru;
2024-01-05;SDELKA7371.ru;
2024-01-05;SDFEQRRFDSFD.ru;
2024-01-05;SDOLDIN.ru;
2024-01-05;SEARCHP.ru;
2024-01-05;SEASIDE-PREMIUM.ru;
2024-01-05;SECTOR-SPORT.ru;
2024-01-05;SEF19.ru;
2024-01-05;SEHMETSVD.ru;
2024-01-05;SELF-LOVE-CENTR.ru;
2024-01-05;SELFDESK.ru;
2024-01-05;SELFMADE-STUDIO-SALON.ru;
2024-01-05;SEMAKI.ru;
2024-01-05;SEMENA-SIBIRI54.ru;
2024-01-05;SENVIBOOST.ru;
2024-01-05;SEOSON.ru;
2024-01-05;SEPTIK-TOPAS-ROSTOV.ru;
2024-01-05;SEPTIK-TOPAS-SOCHI.ru;
2024-01-05;SERERO.ru;
2024-01-05;SERGEIPANOV.ru;
2024-01-05;SERGEYSUTKOVOY.ru;
2024-01-05;SERGHSMILE.ru;
2024-01-05;SERVICE-4576.ru;
2024-01-05;SERVICE-ID4165RU.ru;
2024-01-05;SERVICEMTZ.ru;
2024-01-05;SETAMCOMMLNITY.ru;
2024-01-05;SEX277.ru;
2024-01-05;SFERABASKET.ru;
2024-01-05;SFIPI.ru;
2024-01-05;SGOVORTREIDEROV.ru;
2024-01-05;SHADOW-BOX.ru;
2024-01-05;SHADT-SGART.ru;
2024-01-05;SHAEKHOV.ru;
2024-01-05;SHAIBA5.ru;
2024-01-05;SHAKHOVSKAYA-ANNA.ru;
2024-01-05;SHAKLEINAPHOTO.ru;
2024-01-05;SHAMILSCHOOL.ru;
2024-01-05;SHAMITOVA.ru;
2024-01-05;SHARMINFO.ru;
2024-01-05;SHATER4YOU.ru;
2024-01-05;SHATURNAYA.ru;
2024-01-05;SHAWEETY44.ru;
2024-01-05;SHCH2024.ru;
2024-01-05;SHELEMBA.ru;
2024-01-05;SHINDIK.ru;
2024-01-05;SHISHKINLOG.ru;
2024-01-05;SHKINA.ru;
2024-01-05;SHKION.ru;
2024-01-05;SHKOLA-DLYA-VSEH.ru;
2024-01-05;SHOKOTKO-1.ru;
2024-01-05;SHOP-NIMFA.ru;
2024-01-05;SHOPMYPRO.ru;
2024-01-05;SHOPSONLINECHEAP2024.ru;
2024-01-05;SHPITALEV.ru;
2024-01-05;SHTOPOROV.ru;
2024-01-05;SHTUKATUR-58.ru;
2024-01-05;SHULIMOVANDREY.ru;
2024-01-05;SHUNAWOW.ru;
2024-01-05;SHVATOVA.ru;
2024-01-05;SIBAFF.ru;
2024-01-05;SIBIRHEALTH.ru;
2024-01-05;SIBUMI-NAILS.ru;
2024-01-05;SID-AV.ru;
2024-01-05;SIGNFLOW.ru;
2024-01-05;SIM-LIFT.ru;
2024-01-05;SIMANTYEV.ru;
2024-01-05;SIMMONN.ru;
2024-01-05;SIMONOVLAB.ru;
2024-01-05;SINGH-1.ru;
2024-01-05;SIR-SATTAROV.ru;
2024-01-05;SITEGALLERY.ru;
2024-01-05;SITOWEB.ru;
2024-01-05;SIZAM-TECHNOLOGY.ru;
2024-01-05;SIZAMTECHNOLOGY.ru;
2024-01-05;SK-REMONTKVARTIR.ru;
2024-01-05;SKECHTR.ru;
2024-01-05;SKETCH-PLANS.ru;
2024-01-05;SKETCHPLANS.ru;
2024-01-05;SKF-T.ru;
2024-01-05;SKIDKA-CARCAM.ru;
2024-01-05;SKIDKA-SVITERA.ru;
2024-01-05;SKLIEY.ru;
2024-01-05;SKM-BUH.ru;
2024-01-05;SKM-LAWER.ru;
2024-01-05;SKM-PTO.ru;
2024-01-05;SKM-SALES.ru;
2024-01-05;SKM-SUPPLY.ru;
2024-01-05;SKOBEL-CANDY.ru;
2024-01-05;SKOLCHIN.ru;
2024-01-05;SKORDULI.ru;
2024-01-05;SKR9102202.ru;
2024-01-05;SKU86.ru;
2024-01-05;SKUPKAAVTO59.ru;
2024-01-05;SKUSHOP86.ru;
2024-01-05;SLADKIJ-PODAROK.ru;
2024-01-05;SLADKOZALILREG55.ru;
2024-01-05;SLAUMA.ru;
2024-01-05;SLEEP-BAG-SHOP.ru;
2024-01-05;SLELIKOV.ru;
2024-01-05;SLIMFITNICE.ru;
2024-01-05;SLIVANNYSIK.ru;
2024-01-05;SLIVKOED.ru;
2024-01-05;SLIVSVB.ru;
2024-01-05;SLK-SKM.ru;
2024-01-05;SLOANLBL.ru;
2024-01-05;SLOLOOVOPACANA.ru;
2024-01-05;SLOLOOVOPACANA1-8.ru;
2024-01-05;SLOOVO-PACONA.ru;
2024-01-05;SLOTY-VAVADA.ru;
2024-01-05;SLOVO-PACONA-VSE.ru;
2024-01-05;SLOVO-PACONA1-8.ru;
2024-01-05;SLOVO-PACONAA8.ru;
2024-01-05;SLOVO-PATCONA.ru;
2024-01-05;SLOVO-PATCONA8S.ru;
2024-01-05;SLOVOO-PACANH.ru;
2024-01-05;SLOVOOPACANH.ru;
2024-01-05;SLOVOPACANAIORU.ru;
2024-01-05;SLOVOPACANAOU.ru;
2024-01-05;SLOVOPACANEU.ru;
2024-01-05;SLOVOPACANEUVSE.ru;
2024-01-05;SLOVOPACANQ.ru;
2024-01-05;SLOVOPACANRV.ru;
2024-01-05;SLOVOPACANUQ.ru;
2024-01-05;SLOVOPACANWAE.ru;
2024-01-05;SLOVOPACANWARU.ru;
2024-01-05;SLOVOPACANWE.ru;
2024-01-05;SLOVOPACANWQE.ru;
2024-01-05;SLOVOPACANWVSE.ru;
2024-01-05;SLOVOPACENQA.ru;
2024-01-05;SLOVOPACONA8.ru;
2024-01-05;SLOVOPACONE.ru;
2024-01-05;SLOVOPACONV.ru;
2024-01-05;SLOVOPOCANEV.ru;
2024-01-05;SLOVOPOCANV.ru;
2024-01-05;SM-YA.ru;
2024-01-05;SMALLBIZTRENDS.ru;
2024-01-05;SMANAKIN.ru;
2024-01-05;SMARTEDUINSIGHTS.ru;
2024-01-05;SMARTHOME39.ru;
2024-01-05;SMARTHOMEKLD.ru;
2024-01-05;SMARTI-SHKOLA.ru;
2024-01-05;SMARTLINK-PAGE.ru;
2024-01-05;SMARTSTUDYTECH.ru;
2024-01-05;SMCJE.ru;
2024-01-05;SMENA-GAME.ru;
2024-01-05;SMETANABEZ.ru;
2024-01-05;SMGROUPPROJECT.ru;
2024-01-05;SMITEPRO.ru;
2024-01-05;SMOL-LES-PSKOV.ru;
2024-01-05;SMOLOCHKOV.ru;
2024-01-05;SMONGUSH.ru;
2024-01-05;SN1LEZ.ru;
2024-01-05;SNIBE-RF.ru;
2024-01-05;SNITCHXV.ru;
2024-01-05;SNOS-ZDANIJ.ru;
2024-01-05;SNOWBROVELO.ru;
2024-01-05;SNT-VOROBUSHEK.ru;
2024-01-05;SNUS-UP.ru;
2024-01-05;SOBLASN.ru;
2024-01-05;SOCHI-AI.ru;
2024-01-05;SOCIALRITUAL.ru;
2024-01-05;SOCING.ru;
2024-01-05;SOFTOCRAT.ru;
2024-01-05;SOGAZ-AGRO.ru;
2024-01-05;SOGUWEBINAR.ru;
2024-01-05;SOKGLK.ru;
2024-01-05;SOLAR-CLOUD.ru;
2024-01-05;SOLBEREGPARNAYA.ru;
2024-01-05;SOLFEDJIO-REPETITOR.ru;
2024-01-05;SOLOMINVE.ru;
2024-01-05;SOSEDI-MOS.ru;
2024-01-05;SOUL-SALON.ru;
2024-01-05;SOVENCYCLOPEDIA.ru;
2024-01-05;SOVETY-OT-PRYSHEI.ru;
2024-01-05;SOYUZVKR.ru;
2024-01-05;SOZOZNOVA.ru;
2024-01-05;SPACE80.ru;
2024-01-05;SPACERUST.ru;
2024-01-05;SPACIOUSCORNER.ru;
2024-01-05;SPASENIHINA.ru;
2024-01-05;SPB-AI.ru;
2024-01-05;SPB-OKOSHKIN812.ru;
2024-01-05;SPBAVTOPROKAT.ru;
2024-01-05;SPBEVROREMONT.ru;
2024-01-05;SPBSONUM.ru;
2024-01-05;SPBWHIEDA.ru;
2024-01-05;SPECTEHNIKAKMV.ru;
2024-01-05;SPECTEKHNIKA24-7.ru;
2024-01-05;SPECTROFOTOMETER.ru;
2024-01-05;SPEKTR-IN.ru;
2024-01-05;SPICEGRIEF.ru;
2024-01-05;SPORTGOS.ru;
2024-01-05;SPRAVKI-MOSKVA.ru;
2024-01-05;SRBMIKI.ru;
2024-01-05;SROOOOIVA.ru;
2024-01-05;SSAKURA.ru;
2024-01-05;SSBACADEMY.ru;
2024-01-05;SSHAPIGUZOV.ru;
2024-01-05;SSLOVO-PACONA.ru;
2024-01-05;SSOKKOLL.ru;
2024-01-05;STANDSKINS.ru;
2024-01-05;STANDUP-HALE.ru;
2024-01-05;STARLAND1.ru;
2024-01-05;STARSMONEY.ru;
2024-01-05;STARTAPUS.ru;
2024-01-05;STARTFAYER.ru;
2024-01-05;STARTINLIFE.ru;
2024-01-05;STASONY.ru;
2024-01-05;STAVCOOPTEX.ru;
2024-01-05;STAVKINAXBET.ru;
2024-01-05;STEAMCOMNIFFY.ru;
2024-01-05;STELLAR-APART.ru;
2024-01-05;STEPKINATATJANA.ru;
2024-01-05;STEPMANIA.ru;
2024-01-05;STILNEV.ru;
2024-01-05;STIM-PARQUET.ru;
2024-01-05;STMARKETKAZAN.ru;
2024-01-05;STO-HUB.ru;
2024-01-05;STO-SAMARA.ru;
2024-01-05;STO100KPD.ru;
2024-01-05;STOMATOLOGYRF.ru;
2024-01-05;STOP-DOLG-24.ru;
2024-01-05;STOP-VSE-DOLGI-24.ru;
2024-01-05;STOREFL.ru;
2024-01-05;STORYOS.ru;
2024-01-05;STPROKOPOV.ru;
2024-01-05;STRAHOVKA-ZA-GRANITSU.ru;
2024-01-05;STRANA404.ru;
2024-01-05;STREL4.ru;
2024-01-05;STROIKA-DOM-BRIGADA.ru;
2024-01-05;STROJMATERIALY-SERPUHOV.ru;
2024-01-05;STROYKUS.ru;
2024-01-05;STROYMARKET-NN.ru;
2024-01-05;STRUKTURA-DESIGN.ru;
2024-01-05;STSYMBALJUK.ru;
2024-01-05;STUDIOROBLOX.ru;
2024-01-05;STURT86.ru;
2024-01-05;STV-CD.ru;
2024-01-05;STYLEFORMENPRO.ru;
2024-01-05;SUBBORON.ru;
2024-01-05;SUBNA.ru;
2024-01-05;SUCCESSNAVIGATOR.ru;
2024-01-05;SUCURSALDINAMICOADMINISTRATIVA.ru;
2024-01-05;SULTAN-DOORS.ru;
2024-01-05;SULTANDOORS.ru;
2024-01-05;SULTVN.ru;
2024-01-05;SUMPLEX.ru;
2024-01-05;SUNARTIS.ru;
2024-01-05;SUNNYKENNEL.ru;
2024-01-05;SUNRISE-PORTAL.ru;
2024-01-05;SUNRISE-SHKOLA-TANTSEV.ru;
2024-01-05;SUNSU.ru;
2024-01-05;SUPER-CONSOLE.ru;
2024-01-05;SUPERBUCKYBALL.ru;
2024-01-05;SUPERCONSOLE.ru;
2024-01-05;SUPERCONSOLEX.ru;
2024-01-05;SUPERKAKTUS.ru;
2024-01-05;SUPERMAMASITAONLINE.ru;
2024-01-05;SUPERMEN-CENTR.ru;
2024-01-05;SUPERPROMOANIVERZARIO.ru;
2024-01-05;SURDIN.ru;
2024-01-05;SURGUTOFFROAD.ru;
2024-01-05;SUSACHEVA.ru;
2024-01-05;SUTOCHNOKVARTIRA.ru;
2024-01-05;SUVAR-MSK.ru;
2024-01-05;SV-EDA.ru;
2024-01-05;SVARKA-82.ru;
2024-01-05;SVARKOMPTZ.ru;
2024-01-05;SVARNOIPICO162.ru;
2024-01-05;SVECHALUX.ru;
2024-01-05;SVETLANA-DOROSHENKO-REGRESSOLOG.ru;
2024-01-05;SVETLANACAKES.ru;
2024-01-05;SVETLANAPETROVA.ru;
2024-01-05;SVETLANAUBRINSKAYA.ru;
2024-01-05;SVETLANNAMEDVEDEVA.ru;
2024-01-05;SVOBODA-OT-DOLGOV-24.ru;
2024-01-05;SVOBODEN-OT-DOLGA2024.ru;
2024-01-05;SVOJASTROYKA-ZIMA.ru;
2024-01-05;SWEDISH-COSM.ru;
2024-01-05;SWINGERI.ru;
2024-01-05;SYKAAA-CASINO123.ru;
2024-01-05;SYSTEMUPDATE.ru;
2024-01-05;SYZRANTSEV.ru;
2024-01-05;SZILJAK.ru;
2024-01-05;T-FRAME.ru;
2024-01-05;TAKECOIN.ru;
2024-01-05;TALASSO45.ru;
2024-01-05;TALIRUM.ru;
2024-01-05;TAMTAMIA.ru;
2024-01-05;TANCPOLE-MGN.ru;
2024-01-05;TANKIN-YAROSLAV.ru;
2024-01-05;TANKISTGOD.ru;
2024-01-05;TANKTASTIC.ru;
2024-01-05;TANSKAJA.ru;
2024-01-05;TARANOV1.ru;
2024-01-05;TAT-APP.ru;
2024-01-05;TATAKOKOVIHA.ru;
2024-01-05;TB-7TUDIO.ru;
2024-01-05;TBAHAREV.ru;
2024-01-05;TBATR.ru;
2024-01-05;TCHERKASHINA.ru;
2024-01-05;TD-NM.ru;
2024-01-05;TEATR-EDINSTVO.ru;
2024-01-05;TEBRIZ-ARKHYZ.ru;
2024-01-05;TECH-SOYUZ.ru;
2024-01-05;TECHLEARNINGS.ru;
2024-01-05;TECO247.ru;
2024-01-05;TEH-POMOSH.ru;
2024-01-05;TEH-TOCHKA.ru;
2024-01-05;TEKHNOFEST.ru;
2024-01-05;TEKN0SAN.ru;
2024-01-05;TELEFONNII-SPRAVOCHNIK-KRIMA.ru;
2024-01-05;TELEGAEXEL.ru;
2024-01-05;TELETALK.ru;
2024-01-05;TEMNYSHEVA.ru;
2024-01-05;TENLIPA.ru;
2024-01-05;TENNIS-KUCHINO.ru;
2024-01-05;TENSEZDXR.ru;
2024-01-05;TEORYAIGR.ru;
2024-01-05;TEPLOHOD-KIROVCHANKA.ru;
2024-01-05;TEPLOSTROYSET.ru;
2024-01-05;TERKAPHOTO.ru;
2024-01-05;TERMOPORTKI.ru;
2024-01-05;TESTDEPLBOTM.ru;
2024-01-05;TESTEDY.ru;
2024-01-05;TESTWORKENTERPRISE.ru;
2024-01-05;TEX-SPEC-RHITECTOR.ru;
2024-01-05;TEXATRUCKLINE.ru;
2024-01-05;TEXNO-ZIMA.ru;
2024-01-05;TFARTUR.ru;
2024-01-05;TFVIDEO.ru;
2024-01-05;TGKOEW.ru;
2024-01-05;THE-HEALING-PLACE.ru;
2024-01-05;THEATRE-HALE.ru;
2024-01-05;THEATREINSIGHT.ru;
2024-01-05;THEONEN.ru;
2024-01-05;THESWEETESTSWEATERS.ru;
2024-01-05;THODZHAEV.ru;
2024-01-05;THOUTHMINE.ru;
2024-01-05;THUNDERLAND.ru;
2024-01-05;THUNDERSPIRIT.ru;
2024-01-05;TI30.ru;
2024-01-05;TILS-4521.ru;
2024-01-05;TIM-SINGAI.ru;
2024-01-05;TINKOFF-STRAHOVANIE.ru;
2024-01-05;TIPS-2189.ru;
2024-01-05;TIXIMAN.ru;
2024-01-05;TKMIEM.ru;
2024-01-05;TL-RU.ru;
2024-01-05;TLISITSA.ru;
2024-01-05;TLUKINA.ru;
2024-01-05;TOCHAOSAGO.ru;
2024-01-05;TOKAREVNICK.ru;
2024-01-05;TOMATO-HOUSE.ru;
2024-01-05;TOMATOUSB.ru;
2024-01-05;TOP-TRAVELS.ru;
2024-01-05;TOP-WRISTWATCH.ru;
2024-01-05;TOP-ZAIM-MOSCOW.ru;
2024-01-05;TOPAS-ROSTOV.ru;
2024-01-05;TOPSIGNALS.ru;
2024-01-05;TOPSORTA.ru;
2024-01-05;TORIODI.ru;
2024-01-05;TORISTORE.ru;
2024-01-05;TORTBERI-SHOP.ru;
2024-01-05;TOSHOMYASO.ru;
2024-01-05;TOT-SAMIY-SITE-NIKE.ru;
2024-01-05;TOTANGO.ru;
2024-01-05;TOURIZZMO.ru;
2024-01-05;TOW16.ru;
2024-01-05;TOYO-TOP.ru;
2024-01-05;TPK3DTECH.ru;
2024-01-05;TPRINTWEB.ru;
2024-01-05;TRADECONVEYOR.ru;
2024-01-05;TRADING-STRATEGY.ru;
2024-01-05;TRANSFER24P2P.ru;
2024-01-05;TRANSRESERV.ru;
2024-01-05;TRAUTOMSKTT.ru;
2024-01-05;TRAVEL-7.ru;
2024-01-05;TRAVELERPRO.ru;
2024-01-05;TREENER.ru;
2024-01-05;TREESAUTOLLT.ru;
2024-01-05;TRHMWQK.ru;
2024-01-05;TRIKONIPOLYANA.ru;
2024-01-05;TRSERVICEWHATT.ru;
2024-01-05;TRUCKINPARTS.ru;
2024-01-05;TRUSAUTOWLLET.ru;
2024-01-05;TSCZV.ru;
2024-01-05;TSENTR-DERMATOLOGII-V-OKTYABRSKOM-ADMINISTRATIVNOM-OKRUGE.ru;
2024-01-05;TSIFROVOJ.ru;
2024-01-05;TSVETY-CHEHOVRF.ru;
2024-01-05;TTVNARRKOT.ru;
2024-01-05;TULA-AUTOCENTER-PLUS.ru;
2024-01-05;TULSKAYA-SHAHMATNAYA-GOSTINAYA.ru;
2024-01-05;TUPAI-DESIGN.ru;
2024-01-05;TUR-ZIMA.ru;
2024-01-05;TURKISHSERIALS.ru;
2024-01-05;TURNKEY-WEBSIT-DEVELOPMENT.ru;
2024-01-05;TUROVSKAYAYULIA.ru;
2024-01-05;TURTLEPOLIT.ru;
2024-01-05;TUTAEVYURIST.ru;
2024-01-05;TUTORRIA.ru;
2024-01-05;TUTSILA.ru;
2024-01-05;TVERICONS.ru;
2024-01-05;TVOROGOV-1.ru;
2024-01-05;TVOY-VEBINAR.ru;
2024-01-05;TWEBPRINTERST.ru;
2024-01-05;TWERK-TWERK.ru;
2024-01-05;TWWGQQER.ru;
2024-01-05;TYGROVICH.ru;
2024-01-05;UBAKANOVA.ru;
2024-01-05;UFA-OIL.ru;
2024-01-05;UGECOLOGISTIKA.ru;
2024-01-05;UGKBEARING.ru;
2024-01-05;UGOLNIKOVA-PRO.ru;
2024-01-05;UGOLOK33.ru;
2024-01-05;UGULIZADE.ru;
2024-01-05;UKLADKA-ASFALTA24.ru;
2024-01-05;UKRYTIE96.ru;
2024-01-05;UKUENGLISH.ru;
2024-01-05;ULTRA2005.ru;
2024-01-05;ULTRASOURCE.ru;
2024-01-05;ULYANOVSK-WINDOWS-10-SETUP.ru;
2024-01-05;UMEDGROUP.ru;
2024-01-05;UMNUSHKIN.ru;
2024-01-05;UNCENSURING.ru;
2024-01-05;UNDINANADIN.ru;
2024-01-05;UNIBOX-YA.ru;
2024-01-05;UNITYABKHAZIA.ru;
2024-01-05;UPAKOVA.ru;
2024-01-05;UR-ARENDA.ru;
2024-01-05;URIST-DLYA-PENSIONEROV.ru;
2024-01-05;USAFAROVA.ru;
2024-01-05;USERBOTS.ru;
2024-01-05;USHAKOVA-INTERIOR.ru;
2024-01-05;USHAKOVAINTERIOR.ru;
2024-01-05;USHIK71.ru;
2024-01-05;USPEKHI-FOND.ru;
2024-01-05;UVATRON.ru;
2024-01-05;V1TAL2302.ru;
2024-01-05;VACA6I.ru;
2024-01-05;VAGANOV89.ru;
2024-01-05;VALDAYSOUL.ru;
2024-01-05;VALENKORUK.ru;
2024-01-05;VALERISAFRONOFF.ru;
2024-01-05;VALLERIE.ru;
2024-01-05;VALTEC-MARKET.ru;
2024-01-05;VAMEDVEDEVA.ru;
2024-01-05;VAPORAJZER.ru;
2024-01-05;VAPORAJZERI.ru;
2024-01-05;VAPORAJZERY.ru;
2024-01-05;VAPORAYZER.ru;
2024-01-05;VAPORAYZERI.ru;
2024-01-05;VAPORAYZERY.ru;
2024-01-05;VARZEH3.ru;
2024-01-05;VASHTRANS.ru;
2024-01-05;VASHURINA.ru;
2024-01-05;VASILJEVSC.ru;
2024-01-05;VASTEROVADOLLS.ru;
2024-01-05;VAVADA-5.ru;
2024-01-05;VAVADA-CASINO-OFITSIALNYJ-SAJT.ru;
2024-01-05;VAVADA-CASINO-VIP.ru;
2024-01-05;VAVADA-COM-ZERKALO.ru;
2024-01-05;VAVADA-ONLAJN.ru;
2024-01-05;VAVADA-PROMOKOD.ru;
2024-01-05;VAVADA-RABOCHEE-ZERKALO.ru;
2024-01-05;VAVADA-RABOCHIJ-SAJT.ru;
2024-01-05;VAVADA-VASINO-RABOCHEE.ru;
2024-01-05;VAVADA501.ru;
2024-01-05;VAVADA503.ru;
2024-01-05;VAVADA508.ru;
2024-01-05;VAVADA509.ru;
2024-01-05;VAVADA510.ru;
2024-01-05;VAVADA511.ru;
2024-01-05;VAVADA517.ru;
2024-01-05;VAVADA522.ru;
2024-01-05;VAVADA523.ru;
2024-01-05;VAVADA524.ru;
2024-01-05;VAVADA541.ru;
2024-01-05;VAVADA542.ru;
2024-01-05;VAVADA543.ru;
2024-01-05;VAVADA548.ru;
2024-01-05;VAVADA575.ru;
2024-01-05;VAVADA576.ru;
2024-01-05;VAVADA579.ru;
2024-01-05;VAVADA770.ru;
2024-01-05;VAVADA771.ru;
2024-01-05;VAVADA772.ru;
2024-01-05;VAVADA773.ru;
2024-01-05;VAVADA774.ru;
2024-01-05;VAVADA776.ru;
2024-01-05;VAVADA807.ru;
2024-01-05;VAVADA809.ru;
2024-01-05;VAVADA818.ru;
2024-01-05;VAVADA847.ru;
2024-01-05;VAVADA889.ru;
2024-01-05;VAVADA906.ru;
2024-01-05;VBUGREEV.ru;
2024-01-05;VDEOUTKA.ru;
2024-01-05;VDIMTS.ru;
2024-01-05;VDPIXEL.ru;
2024-01-05;VDXNV.ru;
2024-01-05;VEDMED-ASTRO.ru;
2024-01-05;VELIKVOY.ru;
2024-01-05;VENTDIZAJN.ru;
2024-01-05;VERDINEN.ru;
2024-01-05;VERIFROSBPLAT.ru;
2024-01-05;VERNADTSKOGO-CIRQ.ru;
2024-01-05;VERSAO2.ru;
2024-01-05;VERYBIGBOSS.ru;
2024-01-05;VESELYASHCHII-GAZ.ru;
2024-01-05;VESELYJ-HVOST.ru;
2024-01-05;VETLUNCH.ru;
2024-01-05;VFX3D.ru;
2024-01-05;VGBDBR.ru;
2024-01-05;VGRIVA.ru;
2024-01-05;VIAGRAMIR.ru;
2024-01-05;VICKTORIASUW.ru;
2024-01-05;VICKTORIYA.ru;
2024-01-05;VICTORBAVUR.ru;
2024-01-05;VIDEOGRAFER.ru;
2024-01-05;VIDEOGRAPH-SHOP.ru;
2024-01-05;VIKAR-OIL.ru;
2024-01-05;VIKGRH.ru;
2024-01-05;VIKUPAUTO-76.ru;
2024-01-05;VILENAFAT.ru;
2024-01-05;VILLABIRAA62.ru;
2024-01-05;VILNISS.ru;
2024-01-05;VIMINAKOVA.ru;
2024-01-05;VINOGRADINKAMARIN.ru;
2024-01-05;VINT-SPB2005.ru;
2024-01-05;VIP-DATE.ru;
2024-01-05;VIP-PLEASURE.ru;
2024-01-05;VIPART24.ru;
2024-01-05;VIPGZ.ru;
2024-01-05;VIT9Z.ru;
2024-01-05;VITA-HERB.ru;
2024-01-05;VITALIK-HARIN.ru;
2024-01-05;VITALLIY.ru;
2024-01-05;VIVA-LADIES.ru;
2024-01-05;VIVAGIRLS.ru;
2024-01-05;VIVATKL.ru;
2024-01-05;VK-BLOCKIROVKA.ru;
2024-01-05;VK-PROVERKA.ru;
2024-01-05;VKUKARTSEV.ru;
2024-01-05;VLADFREEDMAN.ru;
2024-01-05;VLADIMIRBOBROV.ru;
2024-01-05;VLADIMIRKRISTINA.ru;
2024-01-05;VLADIMIROV-AV.ru;
2024-01-05;VLADIMIRZOLOTO12.ru;
2024-01-05;VLADKALASHNIKOV.ru;
2024-01-05;VLADU30.ru;
2024-01-05;VLAS-95.ru;
2024-01-05;VLASOV82.ru;
2024-01-05;VLEDENEVA.ru;
2024-01-05;VLEJER.ru;
2024-01-05;VMAREEVA.ru;
2024-01-05;VMIKLYAEW.ru;
2024-01-05;VMOMENTE09.ru;
2024-01-05;VODA-ROMANOVSKAYA.ru;
2024-01-05;VOENFORMOPT.ru;
2024-01-05;VOIDMTA.ru;
2024-01-05;VOIIR.ru;
2024-01-05;VOLCHKOVAOLGA.ru;
2024-01-05;VOLGICHI.ru;
2024-01-05;VOLKOVAO1984.ru;
2024-01-05;VOLTAPLEX.ru;
2024-01-05;VOLVO-TRUCK67.ru;
2024-01-05;VOLYAIRAZUM.ru;
2024-01-05;VOOL-STUDIO.ru;
2024-01-05;VOROTAITOCHKA.ru;
2024-01-05;VOSTMEBEL.ru;
2024-01-05;VOSTOK-DON.ru;
2024-01-05;VOTE-S.ru;
2024-01-05;VOVIKSTROY.ru;
2024-01-05;VOXZOGO.ru;
2024-01-05;VOYENNAYA-IPOTEKA.ru;
2024-01-05;VOZALEL.ru;
2024-01-05;VOZBUZHDAJ.ru;
2024-01-05;VOZBUZHDAT.ru;
2024-01-05;VPE4ERSKAYA.ru;
2024-01-05;VPUTINTSEV.ru;
2024-01-05;VR-MEDITACIA.ru;
2024-01-05;VROLIN.ru;
2024-01-05;VSEOIP.ru;
2024-01-05;VSEPROSHARM.ru;
2024-01-05;VSKSTRAHOVANIE.ru;
2024-01-05;VSNSORTA.ru;
2024-01-05;VTB-BONUS.ru;
2024-01-05;VTBCREDIT.ru;
2024-01-05;VTOLSTOVKE.ru;
2024-01-05;VTUDOR.ru;
2024-01-05;VTULKA-PRO.ru;
2024-01-05;VUESP.ru;
2024-01-05;VVOME.ru;
2024-01-05;VYACH-KUZMIN.ru;
2024-01-05;VYAZANIETOP.ru;
2024-01-05;VYKUPMASHIN54.ru;
2024-01-05;VYRUCHAIKAZAIM.ru;
2024-01-05;VYVERT80.ru;
2024-01-05;VZ-LOM.ru;
2024-01-05;VZGLIAD-TASHTYP.ru;
2024-01-05;VZLET-CENTR.ru;
2024-01-05;W-VOTE.ru;
2024-01-05;WABWEY.ru;
2024-01-05;WASSILEWSKI.ru;
2024-01-05;WAYKURS.ru;
2024-01-05;WBANALYST.ru;
2024-01-05;WEARSYNC.ru;
2024-01-05;WEB-ARTOX.ru;
2024-01-05;WEB-DEV-SITE.ru;
2024-01-05;WEBCAM-FREE.ru;
2024-01-05;WEBCAM-GIRLS-ONLINE.ru;
2024-01-05;WEBSHEDEVER.ru;
2024-01-05;WEBSITE-DA.ru;
2024-01-05;WEBSITE-MOSCOW.ru;
2024-01-05;WEBSMODEL.ru;
2024-01-05;WEBVITWORK.ru;
2024-01-05;WEDAGAMES.ru;
2024-01-05;WEDDDEN.ru;
2024-01-05;WEFIGHTDEPRESSION.ru;
2024-01-05;WESTBRAUN86ZX.ru;
2024-01-05;WHITE-ZUB.ru;
2024-01-05;WHITEBYTE.ru;
2024-01-05;WHITEDRAGON9.ru;
2024-01-05;WHITEPOINTDESIGN.ru;
2024-01-05;WIGSALON.ru;
2024-01-05;WIKIBIO.ru;
2024-01-05;WILDBERRIIEES.ru;
2024-01-05;WILDJOURNEY.ru;
2024-01-05;WILKTOR.ru;
2024-01-05;WIND-TUNNEL.ru;
2024-01-05;WINDOWSXP7811011.ru;
2024-01-05;WINDROSECLUB.ru;
2024-01-05;WINEDIPLOMACY.ru;
2024-01-05;WINEDIPLOMAT.ru;
2024-01-05;WIPSERVIS.ru;
2024-01-05;WITHOUTLOVENOTCOUNT.ru;
2024-01-05;WIXTOOL.ru;
2024-01-05;WIZART-TOO.ru;
2024-01-05;WK-UFA.ru;
2024-01-05;WMOSFED.ru;
2024-01-05;WOMAN-ZIMA.ru;
2024-01-05;WOMEN-INSTITUTE.ru;
2024-01-05;WONDERHALL.ru;
2024-01-05;WOOD299.ru;
2024-01-05;WORDPRESSDEV.ru;
2024-01-05;WORK-ANKETA.ru;
2024-01-05;WOW-LAND-CENTR.ru;
2024-01-05;WPLEV.ru;
2024-01-05;WREDMEDIA.ru;
2024-01-05;WREVER.ru;
2024-01-05;WRSN.ru;
2024-01-05;X-POKERCLUB.ru;
2024-01-05;X10CAPITAL.ru;
2024-01-05;XANSTVA.ru;
2024-01-05;XAUSTOVA.ru;
2024-01-05;XCPTN.ru;
2024-01-05;XDSGN.ru;
2024-01-05;XEROXSERVICE.ru;
2024-01-05;XGBELLOWS.ru;
2024-01-05;XH4L3.ru;
2024-01-05;XISTOR.ru;
2024-01-05;XNTOHX.ru;
2024-01-05;XOHIGHHEELS.ru;
2024-01-05;XOLOP2-2023.ru;
2024-01-05;XOLOP2-2024.ru;
2024-01-05;XOLOP2023.ru;
2024-01-05;XRAEK.ru;
2024-01-05;XSTYLE-SHOP.ru;
2024-01-05;XTK61.ru;
2024-01-05;XXX-AI.ru;
2024-01-05;YAKOV-IGOREVICH.ru;
2024-01-05;YAKUNINN.ru;
2024-01-05;YAKUSHEVAPROJECT.ru;
2024-01-05;YALTAALEXANDER.ru;
2024-01-05;YAMANTAKI.ru;
2024-01-05;YAMSKIH-DESING.ru;
2024-01-05;YAMUSTER.ru;
2024-01-05;YANDEX-BUSINESS-PROMO.ru;
2024-01-05;YANDEXD-KLOUN.ru;
2024-01-05;YANDEXRIDER.ru;
2024-01-05;YANINA-SALON.ru;
2024-01-05;YAX07.ru;
2024-01-05;YBORISOVP.ru;
2024-01-05;YCHITELYA922.ru;
2024-01-05;YEAGERTITAN.ru;
2024-01-05;YNOVKA.ru;
2024-01-05;YOCHESS.ru;
2024-01-05;YOGA-MONIKL.ru;
2024-01-05;YOOAI.ru;
2024-01-05;YOOCLOUD.ru;
2024-01-05;YOOIOT.ru;
2024-01-05;YOUR-BLISS.ru;
2024-01-05;YOUR-PERFECTION.ru;
2024-01-05;YOURREALITY.ru;
2024-01-05;YSENJU.ru;
2024-01-05;YUG-KEJTERING.ru;
2024-01-05;YULCHE16.ru;
2024-01-05;YULDASHEVATATIANA.ru;
2024-01-05;Z-VTB.ru;
2024-01-05;ZABOTAOMIRE.ru;
2024-01-05;ZAGRANPOEZDKI.ru;
2024-01-05;ZAIKA-B-DAY.ru;
2024-01-05;ZAIM-BOOSTY.ru;
2024-01-05;ZAJTSEV-K.ru;
2024-01-05;ZAKAZ-713812.ru;
2024-01-05;ZAKAZ7371.ru;
2024-01-05;ZAKAZAUTO41.ru;
2024-01-05;ZAKRZHEVSKIJ-PRO.ru;
2024-01-05;ZALALOV.ru;
2024-01-05;ZAMOKMASTER18.ru;
2024-01-05;ZAPLATIL-DOLG-2024.ru;
2024-01-05;ZAPOVOROTOM.ru;
2024-01-05;ZARJANKIN.ru;
2024-01-05;ZAROBJTAT82.ru;
2024-01-05;ZAYAVKA1.ru;
2024-01-05;ZAYEDHR.ru;
2024-01-05;ZDOROB48.ru;
2024-01-05;ZEMTZM.ru;
2024-01-05;ZEVS-STORE.ru;
2024-01-05;ZF-LIFETEC.ru;
2024-01-05;ZFLIFETEC.ru;
2024-01-05;ZH1GULIN.ru;
2024-01-05;ZH3SRT.ru;
2024-01-05;ZHANMILIMEROV.ru;
2024-01-05;ZHIRKOVA-ILLUSTRATION.ru;
2024-01-05;ZHIVI-V-KAIF.ru;
2024-01-05;ZHK-ONLINE.ru;
2024-01-05;ZHUKOV-FINCON.ru;
2024-01-05;ZIBUNOVA.ru;
2024-01-05;ZIGMAACTING.ru;
2024-01-05;ZILAIMYC.ru;
2024-01-05;ZINVAPEL.ru;
2024-01-05;ZMI946.ru;
2024-01-05;ZMIERSK.ru;
2024-01-05;ZNAFASBEKOVA.ru;
2024-01-05;ZNAKOMSTVE.ru;
2024-01-05;ZO-V.ru;
2024-01-05;ZO-VI.ru;
2024-01-05;ZOLOTOI-OVEN.ru;
2024-01-05;ZOLOTOJ-ULEJ-REST.ru;
2024-01-05;ZV-ANIMATOR.ru;
2024-01-05;ZVM-PRO.ru;
2024-01-06;050124.ru;
2024-01-06;0877.ru;
2024-01-06;09Q.ru;
2024-01-06;1-8SLOVO-PACONA.ru;
2024-01-06;1-LITR.ru;
2024-01-06;10-LITROV.ru;
2024-01-06;1000-RSB.ru;
2024-01-06;10000-BC-DOUBLEMAXRU.ru;
2024-01-06;100OSAGO.ru;
2024-01-06;101SITE.ru;
2024-01-06;11STYLEV.ru;
2024-01-06;1DOM-VL.ru;
2024-01-06;1FLASH.ru;
2024-01-06;1HOSTINGI.ru;
2024-01-06;1POPCORN.ru;
2024-01-06;1WIN-MIRROR12.ru;
2024-01-06;20-LITROV.ru;
2024-01-06;200-LITROV.ru;
2024-01-06;200LITROV.ru;
2024-01-06;2024GREENDRAGON.ru;
2024-01-06;2114-ZIMA.ru;
2024-01-06;21DQMBR.ru;
2024-01-06;23BOX.ru;
2024-01-06;24-7P.ru;
2024-01-06;24-7RU.ru;
2024-01-06;24-PU.ru;
2024-01-06;24-TRACK.ru;
2024-01-06;24HUSBANDTOGO.ru;
2024-01-06;24SAMSA.ru;
2024-01-06;29HZ.ru;
2024-01-06;2CSGO.ru;
2024-01-06;2DEATH.ru;
2024-01-06;2GLO.ru;
2024-01-06;2HOLOP2024.ru;
2024-01-06;2YURISTA.ru;
2024-01-06;3D-ONLINEFIT.ru;
2024-01-06;3D-WB.ru;
2024-01-06;3D-WORLDSTICKET.ru;
2024-01-06;3HTIM7Y.ru;
2024-01-06;3V-AGENCY.ru;
2024-01-06;4C518KB.ru;
2024-01-06;4EV3R.ru;
2024-01-06;4GDR.ru;
2024-01-06;4RING.ru;
2024-01-06;4VAG.ru;
2024-01-06;5-LITROV.ru;
2024-01-06;5003044.ru;
2024-01-06;56T1EVN.ru;
2024-01-06;66NEURO.ru;
2024-01-06;75W90.ru;
2024-01-06;77MEB.ru;
2024-01-06;7DOLLARS.ru;
2024-01-06;7KCASINOONLINE.ru;
2024-01-06;805NMZG.ru;
2024-01-06;8201.ru;
2024-01-06;90K-YETIRU.ru;
2024-01-06;9600BAUD.ru;
2024-01-06;9771934244.ru;
2024-01-06;A-STYLE-59.ru;
2024-01-06;A-VOTTING.ru;
2024-01-06;A56JQO4.ru;
2024-01-06;A7ZU4XC.ru;
2024-01-06;AAACOPYBAGS.ru;
2024-01-06;AAAREPLICABAGS.ru;
2024-01-06;AASOBOL.ru;
2024-01-06;AB-TEST.ru;
2024-01-06;ABALAKOFF.ru;
2024-01-06;ABCDEM.ru;
2024-01-06;ABDULLINASTYLE.ru;
2024-01-06;ABERNAD.ru;
2024-01-06;ABJIBP.ru;
2024-01-06;ABLJAZOV.ru;
2024-01-06;ABRAMELINA.ru;
2024-01-06;ABRAND-GROUP.ru;
2024-01-06;ABSOLUTPAYS.ru;
2024-01-06;AC-CHERY186.ru;
2024-01-06;AC-HAVAL186.ru;
2024-01-06;ACELLE.ru;
2024-01-06;ACGAPS.ru;
2024-01-06;ACRT2L0.ru;
2024-01-06;ACSMOBILE.ru;
2024-01-06;ACSMOBILEOPT.ru;
2024-01-06;ACTIVEPULSE.ru;
2024-01-06;ADEILLE.ru;
2024-01-06;ADELHUND.ru;
2024-01-06;ADELICIOUSHOUSE.ru;
2024-01-06;ADMIRAL-INVEST.ru;
2024-01-06;ADMIRAL-PERM.ru;
2024-01-06;ADMIRAL-STAR.ru;
2024-01-06;ADMIRAL-YAR.ru;
2024-01-06;ADMIRALISSIMUS.ru;
2024-01-06;ADMIRALSKYI.ru;
2024-01-06;ADMOBILKALUGA.ru;
2024-01-06;ADNEWSCONNECT.ru;
2024-01-06;ADPANTELEEV.ru;
2024-01-06;ADS-BOARD-KZ.ru;
2024-01-06;ADSTURBINE.ru;
2024-01-06;ADVODEFENCE.ru;
2024-01-06;ADVOKAT-VEREMEY.ru;
2024-01-06;ADVOKATEVRN.ru;
2024-01-06;AEK88.ru;
2024-01-06;AELITASEMENA.ru;
2024-01-06;AEROECSPRESS.ru;
2024-01-06;AEROEKXPRESS.ru;
2024-01-06;AEROEXPESS.ru;
2024-01-06;AEROEXRESS.ru;
2024-01-06;AFAN76.ru;
2024-01-06;AFESPRO.ru;
2024-01-06;AFILINOVA.ru;
2024-01-06;AFILIPPOVICH.ru;
2024-01-06;AFM-HOSTING.ru;
2024-01-06;AFRAME-K.ru;
2024-01-06;AFTERPUTIN.ru;
2024-01-06;AGATFASAD.ru;
2024-01-06;AGE-GUARD.ru;
2024-01-06;AGEGUARD.ru;
2024-01-06;AGENCYAGK.ru;
2024-01-06;AGLYCK.ru;
2024-01-06;AGONCHIKOVA.ru;
2024-01-06;AHEXFOP.ru;
2024-01-06;AHMED-NATALYKONDRA86.ru;
2024-01-06;AI-TG.ru;
2024-01-06;AIFRAME.ru;
2024-01-06;AILITA-SEMENA.ru;
2024-01-06;AILITASEMENA.ru;
2024-01-06;AIMARABIZNESATOMI.ru;
2024-01-06;AIRBNB-HELP.ru;
2024-01-06;AIROEXPRESS.ru;
2024-01-06;AITARO.ru;
2024-01-06;AITEQ.ru;
2024-01-06;AIXPHARM.ru;
2024-01-06;AIZVON.ru;
2024-01-06;AJBTIE.ru;
2024-01-06;AJEQR.ru;
2024-01-06;AJIBFT.ru;
2024-01-06;AJIBTC.ru;
2024-01-06;AJKZK.ru;
2024-01-06;AJZVJJ.ru;
2024-01-06;AKB03.ru;
2024-01-06;AKB14.ru;
2024-01-06;AKB25.ru;
2024-01-06;AKB28.ru;
2024-01-06;AKB75.ru;
2024-01-06;AKBARYUSUPOV.ru;
2024-01-06;AKBULAKSOSH3.ru;
2024-01-06;AKCENTKRASOTA-PROMO2.ru;
2024-01-06;AKLAVESIN.ru;
2024-01-06;AKONKOVA.ru;
2024-01-06;AKOSENKOV.ru;
2024-01-06;AKPROMO23.ru;
2024-01-06;AKT-NEDV.ru;
2024-01-06;AKTUALCONT.ru;
2024-01-06;ALAVTOLIGHT.ru;
2024-01-06;ALEKSANDR-OS.ru;
2024-01-06;ALEKSANDRAA.ru;
2024-01-06;ALEKSANDRPILOVETS.ru;
2024-01-06;ALENA-KUMARYA.ru;
2024-01-06;ALENAKALININA.ru;
2024-01-06;ALENAWISE.ru;
2024-01-06;ALESYAKHROMEY.ru;
2024-01-06;ALESYARAI.ru;
2024-01-06;ALEX-UTKIN.ru;
2024-01-06;ALEX4GAME.ru;
2024-01-06;ALEXANDER-PISKUNOV.ru;
2024-01-06;ALEXC.ru;
2024-01-06;ALEXEY-KLEYMENOV.ru;
2024-01-06;ALEXNEMYNOV.ru;
2024-01-06;ALEXNINE.ru;
2024-01-06;ALEXVISH.ru;
2024-01-06;ALFASEMINAR081223.ru;
2024-01-06;ALKO-STOP-NN.ru;
2024-01-06;ALL-HOSTINGI.ru;
2024-01-06;ALLCITYBROKER.ru;
2024-01-06;ALM-SERVICE.ru;
2024-01-06;ALPA-UTILS.ru;
2024-01-06;ALPHA-MC.ru;
2024-01-06;ALPHA-PE.ru;
2024-01-06;ALPHASTUDIO-PROD.ru;
2024-01-06;ALTAIAUTOTOUR.ru;
2024-01-06;ALTAYA-SEMENA.ru;
2024-01-06;ALTAYASEMENA.ru;
2024-01-06;ALTEC-ST.ru;
2024-01-06;ALUPTON.ru;
2024-01-06;AM2MIK.ru;
2024-01-06;AMAEVA1984.ru;
2024-01-06;AMAHANEVA.ru;
2024-01-06;AMAKARETS.ru;
2024-01-06;AMAWIT.ru;
2024-01-06;AMBASENMOS.ru;
2024-01-06;AMBEERS.ru;
2024-01-06;AMBERFISHING.ru;
2024-01-06;AMBERHONEY.ru;
2024-01-06;AMBERLOOT.ru;
2024-01-06;AMBERTRAVELS.ru;
2024-01-06;AMDMAX.ru;
2024-01-06;AMERICAN-MOVE.ru;
2024-01-06;AMMACODER.ru;
2024-01-06;AMODIN.ru;
2024-01-06;AMORELLE.ru;
2024-01-06;AMSONLINE.ru;
2024-01-06;ANAGINA.ru;
2024-01-06;ANASTASIAHAPPY.ru;
2024-01-06;AND4089.ru;
2024-01-06;ANDREI-K.ru;
2024-01-06;ANDREJKULESHOV.ru;
2024-01-06;ANICMS.ru;
2024-01-06;ANIMEII.ru;
2024-01-06;ANISABAKERY.ru;
2024-01-06;ANKARIAN-MC.ru;
2024-01-06;ANNA-PSYHOLOG.ru;
2024-01-06;ANNAGREY.ru;
2024-01-06;ANNAKONIUHOVA.ru;
2024-01-06;ANNAKONOL.ru;
2024-01-06;ANNAKULAKOVA.ru;
2024-01-06;ANNAPSYHOLOG.ru;
2024-01-06;ANO-STEP.ru;
2024-01-06;ANTA-KUZ.ru;
2024-01-06;ANTONBOBKOV.ru;
2024-01-06;ANTONDOMNITSKIY.ru;
2024-01-06;ANTONHIN.ru;
2024-01-06;ANTONILIN0882.ru;
2024-01-06;ANTONOVKA-KONKURS.ru;
2024-01-06;ANTONY29.ru;
2024-01-06;ANTUSHEVA.ru;
2024-01-06;ANYBES.ru;
2024-01-06;ANYWIG.ru;
2024-01-06;APALMIN.ru;
2024-01-06;APART-FRESH.ru;
2024-01-06;APARTMENTS38.ru;
2024-01-06;APARULAVA.ru;
2024-01-06;APELSEAN28.ru;
2024-01-06;APITUT.ru;
2024-01-06;APKPO.ru;
2024-01-06;APPLE-VPN.ru;
2024-01-06;APPLEKART.ru;
2024-01-06;APPPPP.ru;
2024-01-06;APTEKA-R.ru;
2024-01-06;AQORDA.ru;
2024-01-06;AQUASABI.ru;
2024-01-06;AQUASTYLERUSSIA.ru;
2024-01-06;ARA-INCO.ru;
2024-01-06;ARAMBOLSK.ru;
2024-01-06;ARAMEO.ru;
2024-01-06;ARBALETMEB.ru;
2024-01-06;ARBOCRM.ru;
2024-01-06;ARBOINFO.ru;
2024-01-06;ARBOSHOP.ru;
2024-01-06;ARCH-VSOYOUZE.ru;
2024-01-06;ARCHABDULLAEV.ru;
2024-01-06;ARCHYZ.ru;
2024-01-06;ARCPAY.ru;
2024-01-06;ARENDA-MULCHER.ru;
2024-01-06;ARENDA-TK.ru;
2024-01-06;AREONMINE.ru;
2024-01-06;ARGUNSKIY.ru;
2024-01-06;ARHITECTOFSITES.ru;
2024-01-06;ARIADNAFINANCE.ru;
2024-01-06;ARMANI4.ru;
2024-01-06;ARMORYSTORE.ru;
2024-01-06;AROEXPRESS.ru;
2024-01-06;AROMESTORE.ru;
2024-01-06;ARROEXPRESS.ru;
2024-01-06;ARSAUL-HOTEL.ru;
2024-01-06;ARSUHINARS.ru;
2024-01-06;ART-IRKUTSK.ru;
2024-01-06;ART-MOONSAND.ru;
2024-01-06;ART-PICASSO.ru;
2024-01-06;ART-SPECTRUM.ru;
2024-01-06;ARTASTYLE.ru;
2024-01-06;ARTCOASTDESIGN.ru;
2024-01-06;ARTCOASTSTUDIO.ru;
2024-01-06;ARTICLE-HACK.ru;
2024-01-06;ARTPATRIOT.ru;
2024-01-06;ARTPENOPLAST.ru;
2024-01-06;ARTSMIRNOFF.ru;
2024-01-06;ARTTL.ru;
2024-01-06;ARTUSHA.ru;
2024-01-06;AS-MARKELOVA.ru;
2024-01-06;ASAFIULLINA.ru;
2024-01-06;ASAMODUROV.ru;
2024-01-06;ASAPRONOV.ru;
2024-01-06;ASEDENKOVA.ru;
2024-01-06;ASEKSEMBAEV.ru;
2024-01-06;ASHVARTSMAN.ru;
2024-01-06;ASITKOV.ru;
2024-01-06;ASKO63.ru;
2024-01-06;ASPHALTSTROI.ru;
2024-01-06;ASPIRE-VIRGO.ru;
2024-01-06;ASSAY-PAGE.ru;
2024-01-06;ASSISTX.ru;
2024-01-06;ASSLINE.ru;
2024-01-06;ASSOLITER.ru;
2024-01-06;ASTAHOVAPHOTO.ru;
2024-01-06;ASTERVOICE.ru;
2024-01-06;ASTRONOAERO.ru;
2024-01-06;ATEREHINA.ru;
2024-01-06;ATIAYTON.ru;
2024-01-06;ATOM-KOMPLEKT.ru;
2024-01-06;AURORACASINOONLINE.ru;
2024-01-06;AUTENKO.ru;
2024-01-06;AUTH-UID.ru;
2024-01-06;AUTO-CHINA186.ru;
2024-01-06;AUTO-RAVE.ru;
2024-01-06;AUTODRIVE-RUSSIA.ru;
2024-01-06;AUTOPARTS35.ru;
2024-01-06;AUTORAVE.ru;
2024-01-06;AUTORVK.ru;
2024-01-06;AVALON-GAME.ru;
2024-01-06;AVATAR-WORLD.ru;
2024-01-06;AVATARIAGAME.ru;
2024-01-06;AVDEEVAFOTO.ru;
2024-01-06;AVIATOR-2024.ru;
2024-01-06;AVIATRIKS.ru;
2024-01-06;AVITONSM.ru;
2024-01-06;AVITOSVN.ru;
2024-01-06;AVJRET.ru;
2024-01-06;AVLADIMIROVNA.ru;
2024-01-06;AVTJKDSA.ru;
2024-01-06;AVTO-GARAJ.ru;
2024-01-06;AVTO-VIKUP-PERM.ru;
2024-01-06;AVTODELAEM.ru;
2024-01-06;AVTOZAPCHASSTI.ru;
2024-01-06;AVTOZAPCHASTI1.ru;
2024-01-06;AVTOZAPCHASTIZ.ru;
2024-01-06;AVZXV.ru;
2024-01-06;AZHIZHINA.ru;
2024-01-06;AZHULINA.ru;
2024-01-06;AZIZOCHKA.ru;
2024-01-06;AZIZWILDBERRIES.ru;
2024-01-06;B2B-CR.ru;
2024-01-06;BABEL-FISH.ru;
2024-01-06;BABRKITCHEN.ru;
2024-01-06;BABUSHARIP.ru;
2024-01-06;BACHKORTOSTAN.ru;
2024-01-06;BAHKORTOSTAN.ru;
2024-01-06;BAIKALNORD.ru;
2024-01-06;BAKULINLIFESTYLE.ru;
2024-01-06;BALASHOV-DESIGN.ru;
2024-01-06;BALKON-OTDELKA-SPB.ru;
2024-01-06;BANIKA-BANI67.ru;
2024-01-06;BANIKA-BANI68.ru;
2024-01-06;BANKROLLSTORE.ru;
2024-01-06;BANNOVA1.ru;
2024-01-06;BAPIN.ru;
2024-01-06;BARAN1.ru;
2024-01-06;BARANOVK.ru;
2024-01-06;BARANYCHEV.ru;
2024-01-06;BARGORA.ru;
2024-01-06;BARISTAPERM.ru;
2024-01-06;BASCHKORTOSTAN.ru;
2024-01-06;BASHIROVA-1.ru;
2024-01-06;BASKORTOSTAN.ru;
2024-01-06;BASKOV-1.ru;
2024-01-06;BASSEIN-IC.ru;
2024-01-06;BATLAEW.ru;
2024-01-06;BATUMI-TRAVEL.ru;
2024-01-06;BAUMGARTNER.ru;
2024-01-06;BAXILI-MOS.ru;
2024-01-06;BAXILI-MOS1.ru;
2024-01-06;BAXILI-MSK.ru;
2024-01-06;BAXILI-MSK1.ru;
2024-01-06;BAYARD-OMSK.ru;
2024-01-06;BAZA-CRM.ru;
2024-01-06;BAZAPOSTAVCHIK.ru;
2024-01-06;BAZARAKA.ru;
2024-01-06;BAZATI.ru;
2024-01-06;BAZOSKIDS.ru;
2024-01-06;BAZYAEVA.ru;
2024-01-06;BCAKFF.ru;
2024-01-06;BEATSS.ru;
2024-01-06;BEDGOWNBAKEHOUSE.ru;
2024-01-06;BEHTEREVKA.ru;
2024-01-06;BELGOROD-LADA.ru;
2024-01-06;BELOKRYLOVA.ru;
2024-01-06;BELOSOROCHA.ru;
2024-01-06;BENORICATS.ru;
2024-01-06;BEREGBIYA.ru;
2024-01-06;BESPROIGRISHNAYALOTEREYA.ru;
2024-01-06;BEST-BANI.ru;
2024-01-06;BEST-CS.ru;
2024-01-06;BESTAVTOSTO.ru;
2024-01-06;BESTCLEANERS.ru;
2024-01-06;BESTFINRU.ru;
2024-01-06;BESTSALE2024.ru;
2024-01-06;BESTSALE2024FACTORY.ru;
2024-01-06;BEZ-GARNIRA.ru;
2024-01-06;BEZGOOS.ru;
2024-01-06;BEZRUKOV-7.ru;
2024-01-06;BEZSKLEEK.ru;
2024-01-06;BFLQWEFB.ru;
2024-01-06;BFRTA.ru;
2024-01-06;BH-53.ru;
2024-01-06;BH53.ru;
2024-01-06;BIBLIODRUG.ru;
2024-01-06;BINGO1.ru;
2024-01-06;BINGOTOUR.ru;
2024-01-06;BIOHACKE.ru;
2024-01-06;BIOHACKERU.ru;
2024-01-06;BIOHAKE.ru;
2024-01-06;BIOHAKERU.ru;
2024-01-06;BIRKOVA.ru;
2024-01-06;BISTRIEZENGI24.ru;
2024-01-06;BITMIKI.ru;
2024-01-06;BITRIXTT.ru;
2024-01-06;BITRIXWEB.ru;
2024-01-06;BITSERVIS123.ru;
2024-01-06;BITZ-CASINO-AMP2.ru;
2024-01-06;BITZ-CASINO-AMP3.ru;
2024-01-06;BITZ-CASINO-AMP4.ru;
2024-01-06;BITZ-CASINO-AMP5.ru;
2024-01-06;BIZVTP.ru;
2024-01-06;BJAFDSJ.ru;
2024-01-06;BJEKKZ.ru;
2024-01-06;BJIEQ.ru;
2024-01-06;BJTEG.ru;
2024-01-06;BJZKS.ru;
2024-01-06;BJZRIQ.ru;
2024-01-06;BKIOHAJ.ru;
2024-01-06;BLACK-GAME77.ru;
2024-01-06;BLACKBIRDSTORE.ru;
2024-01-06;BLAGO-SVO.ru;
2024-01-06;BLAGODATSKAIA.ru;
2024-01-06;BLAGOY-GROUP.ru;
2024-01-06;BLAGOYGROUP.ru;
2024-01-06;BLESSX7.ru;
2024-01-06;BLESXAK.ru;
2024-01-06;BLOOOMY.ru;
2024-01-06;BLRGAME.ru;
2024-01-06;BLUESEVENTY.ru;
2024-01-06;BM4RKET.ru;
2024-01-06;BM54.ru;
2024-01-06;BNJFTE.ru;
2024-01-06;BNJSSS.ru;
2024-01-06;BO4AR0VAN.ru;
2024-01-06;BOARD-ADS-KZ.ru;
2024-01-06;BOARD-BULLETIN-KZ.ru;
2024-01-06;BOARD-NOTICE-FREE-KZ.ru;
2024-01-06;BOBBYHERMES.ru;
2024-01-06;BOBVAL.ru;
2024-01-06;BOCHKARYOVA.ru;
2024-01-06;BODY-DESIGN-24.ru;
2024-01-06;BODY-UNNV.ru;
2024-01-06;BOEV-7.ru;
2024-01-06;BOGATOV72.ru;
2024-01-06;BOGDAN330.ru;
2024-01-06;BOGDANOVA-NUTRITION.ru;
2024-01-06;BOOK2024.ru;
2024-01-06;BOOOM1.ru;
2024-01-06;BOOST-LABS.ru;
2024-01-06;BOOSTIKS.ru;
2024-01-06;BORGICH.ru;
2024-01-06;BORODKIN-7.ru;
2024-01-06;BORYA199191.ru;
2024-01-06;BOT-APPETITE.ru;
2024-01-06;BOT1SEARCH.ru;
2024-01-06;BOTALKA-SCHOOL.ru;
2024-01-06;BOTAN-RENT.ru;
2024-01-06;BOTANICAL-CERAMICS.ru;
2024-01-06;BOTOCRYPT.ru;
2024-01-06;BOTWORKSHOP.ru;
2024-01-06;BOX-PROMO.ru;
2024-01-06;BOXBERRY-ONLINE.ru;
2024-01-06;BOXRUN.ru;
2024-01-06;BOY1.ru;
2024-01-06;BPESFF.ru;
2024-01-06;BRAINOZAVRIKI.ru;
2024-01-06;BRAMS28.ru;
2024-01-06;BRAND-BROKER-IT.ru;
2024-01-06;BRANDEP.ru;
2024-01-06;BRANDNETREND.ru;
2024-01-06;BRANDPACKAGE23.ru;
2024-01-06;BRAVO43.ru;
2024-01-06;BRAVOLARISTO.ru;
2024-01-06;BRAZXI.ru;
2024-01-06;BREMENSKIEMUZYKANTY2025.ru;
2024-01-06;BRNCONQUISTJOGOS.ru;
2024-01-06;BRNJ0G0NAVEGADOR.ru;
2024-01-06;BRO-VTB.ru;
2024-01-06;BROTHERSOFBALL.ru;
2024-01-06;BROTK.ru;
2024-01-06;BS-ADMIRAL.ru;
2024-01-06;BUCHET.ru;
2024-01-06;BUDDY-GROOM.ru;
2024-01-06;BUDDY-VERSE.ru;
2024-01-06;BUILDRUSSIAFORUM.ru;
2024-01-06;BULKISS.ru;
2024-01-06;BULLETIN-BOARD-KZ.ru;
2024-01-06;BUMAGIA22.ru;
2024-01-06;BURKALTSEV.ru;
2024-01-06;BUSAKHIN.ru;
2024-01-06;BUY-ITEM.ru;
2024-01-06;BXDKACADEMY.ru;
2024-01-06;BYO-TEST.ru;
2024-01-06;BYSTRYJ-OTVET.ru;
2024-01-06;C7Y.ru;
2024-01-06;CABURA-GAME.ru;
2024-01-06;CAFE-REDGRAIN.ru;
2024-01-06;CAFE-WORLD.ru;
2024-01-06;CAFEROSHA.ru;
2024-01-06;CAKES40.ru;
2024-01-06;CANAKR.ru;
2024-01-06;CANELINS.ru;
2024-01-06;CANON-CENTR-SUPPORT.ru;
2024-01-06;CANON-I-SENSYS-LBP6000.ru;
2024-01-06;CANON-I-SENSYS-LBP6020.ru;
2024-01-06;CANON-I-SENSYS-LBP6020B.ru;
2024-01-06;CANON-I-SENSYS-LBP6030B.ru;
2024-01-06;CAR-GRAD.ru;
2024-01-06;CARCARYCH.ru;
2024-01-06;CARGO312.ru;
2024-01-06;CARLO-POLETTI.ru;
2024-01-06;CARPOFREM.ru;
2024-01-06;CARZINFO.ru;
2024-01-06;CASINO-GAMMA.ru;
2024-01-06;CASINO-VAVADA-ONLINE3.ru;
2024-01-06;CASINO-VAVADA-PLAY777X.ru;
2024-01-06;CASINO-VAVADA-PLAY777XY.ru;
2024-01-06;CASINO-VAVADA-PLAY7X.ru;
2024-01-06;CASINO-VAVADA-WIN77.ru;
2024-01-06;CASINO-VAVADA-WIN77777X.ru;
2024-01-06;CASINO-VAVADA-WIN7777X.ru;
2024-01-06;CASINO-VAVADA-WIN77XX.ru;
2024-01-06;CASINO-VAVADA77.ru;
2024-01-06;CASINO-VAVADA7777XX.ru;
2024-01-06;CASINO-VAVADA777X.ru;
2024-01-06;CASINOSVAVADA77777AX.ru;
2024-01-06;CASINOSVAVADA7BX.ru;
2024-01-06;CASINOVAVADAOF.ru;
2024-01-06;CASINOX-982.ru;
2024-01-06;CASSA-FADED.ru;
2024-01-06;CASSA-HALES.ru;
2024-01-06;CAT-CASINO-GAME.ru;
2024-01-06;CAT-CASINO38.ru;
2024-01-06;CAT-CASINO88A.ru;
2024-01-06;CATAPP.ru;
2024-01-06;CATBONUS.ru;
2024-01-06;CATCASINO4.ru;
2024-01-06;CATCASINO5.ru;
2024-01-06;CATCASINOO.ru;
2024-01-06;CATCASINOZ.ru;
2024-01-06;CATSITES.ru;
2024-01-06;CAWINE.ru;
2024-01-06;CBMCLUB.ru;
2024-01-06;CCKCOF8OFM9TC8G0PGP8.ru;
2024-01-06;CDEKDOGOVORA.ru;
2024-01-06;CDMID.ru;
2024-01-06;CEJJKR.ru;
2024-01-06;CEJJSA.ru;
2024-01-06;CELESTIALCONNECTIONS11.ru;
2024-01-06;CENTRGAS31.ru;
2024-01-06;CEPOSSZ.ru;
2024-01-06;CETTRG.ru;
2024-01-06;CFSOROKIN.ru;
2024-01-06;CHAIRMAN750.ru;
2024-01-06;CHAMPIONPIZZA.ru;
2024-01-06;CHAPTERSGAME.ru;
2024-01-06;CHASISTORE.ru;
2024-01-06;CHATGPT5-TURBO.ru;
2024-01-06;CHATGPTSHOP.ru;
2024-01-06;CHEAPSALES2024.ru;
2024-01-06;CHERNOVTIMUR.ru;
2024-01-06;CHESHIRKA.ru;
2024-01-06;CHILLCHEESE.ru;
2024-01-06;CHIN-CHIN-CAFE.ru;
2024-01-06;CHINAGOODSUS.ru;
2024-01-06;CHINALOGIA.ru;
2024-01-06;CHINESE-PARTS.ru;
2024-01-06;CHIPDIG.ru;
2024-01-06;CHISTYAKOFF-12976.ru;
2024-01-06;CHRISTINA-GERASKINA.ru;
2024-01-06;CINEMA-MALINA.ru;
2024-01-06;CISNATION.ru;
2024-01-06;CITYSWAN.ru;
2024-01-06;CJ86.ru;
2024-01-06;CJKZ.ru;
2024-01-06;CJTKR.ru;
2024-01-06;CKC-OK.ru;
2024-01-06;CKGTE.ru;
2024-01-06;CKHBM.ru;
2024-01-06;CKLAT312.ru;
2024-01-06;CLAYENKITTEN.ru;
2024-01-06;CLICK-HELP.ru;
2024-01-06;CLICK-HELPS.ru;
2024-01-06;CLICKS-HELP.ru;
2024-01-06;CLIMATEPRJ.ru;
2024-01-06;CLIPCAR.ru;
2024-01-06;CLOUD-SRV.ru;
2024-01-06;CLOUDKEEPING.ru;
2024-01-06;CLOUDSTROE.ru;
2024-01-06;CLUBNIKA-AQW.ru;
2024-01-06;CMKTHE.ru;
2024-01-06;CMQRZZ.ru;
2024-01-06;CMYKCOLOR.ru;
2024-01-06;COAL-WHOLESALE.ru;
2024-01-06;COBADONAT.ru;
2024-01-06;CODE-SENSE.ru;
2024-01-06;CODEFOLIO.ru;
2024-01-06;CODELABA.ru;
2024-01-06;CODINGGO.ru;
2024-01-06;COLLP.ru;
2024-01-06;COM-DEPO.ru;
2024-01-06;COMFORT-MODUL.ru;
2024-01-06;COMPANIONSHIP-MSK.ru;
2024-01-06;COMPANIONSHIP2024.ru;
2024-01-06;CONQUEROR-MOSKOW.ru;
2024-01-06;CONQUEROR-MSK.ru;
2024-01-06;CONQUEROR2024.ru;
2024-01-06;CONTENTBURO.ru;
2024-01-06;COOLSEPTIC.ru;
2024-01-06;COPULATION.ru;
2024-01-06;COPYLINGO.ru;
2024-01-06;COSMETIC-STYLE.ru;
2024-01-06;COSMETOLOGKRSK.ru;
2024-01-06;COTETCCZ.ru;
2024-01-06;COURSE-SYMMETRY-STROKE.ru;
2024-01-06;COURSONIX.ru;
2024-01-06;COZYBEAR.ru;
2024-01-06;COZYFEET.ru;
2024-01-06;COZYMOON.ru;
2024-01-06;CPXRG.ru;
2024-01-06;CRB-VARN.ru;
2024-01-06;CREDIT-RAY.ru;
2024-01-06;CRIMEA-KYOKUSHIN.ru;
2024-01-06;CRIMEADVOKAT.ru;
2024-01-06;CRISISACADEMY.ru;
2024-01-06;CRQHXSZ.ru;
2024-01-06;CRUSHTEST.ru;
2024-01-06;CRYSTALUNIVERSE.ru;
2024-01-06;CS-GET.ru;
2024-01-06;CS16-AMC.ru;
2024-01-06;CUBEFRAMEWORK.ru;
2024-01-06;CWLK.ru;
2024-01-06;CWTIMES.ru;
2024-01-06;D-PEREEZD.ru;
2024-01-06;D8MEBY2.ru;
2024-01-06;DAARYA.ru;
2024-01-06;DADDY-1.ru;
2024-01-06;DADDY-2.ru;
2024-01-06;DADDY-777.ru;
2024-01-06;DADDY-FUN.ru;
2024-01-06;DADDY-PLAY.ru;
2024-01-06;DADDY2.ru;
2024-01-06;DADDYCAZIK.ru;
2024-01-06;DADDYFUN.ru;
2024-01-06;DADDYY.ru;
2024-01-06;DAFTBRUS.ru;
2024-01-06;DAFX.ru;
2024-01-06;DAIJAZZU.ru;
2024-01-06;DALTONIQ.ru;
2024-01-06;DAMIRBOX.ru;
2024-01-06;DAN1314.ru;
2024-01-06;DANILINART.ru;
2024-01-06;DANSEM.ru;
2024-01-06;DARI-MECHTU.ru;
2024-01-06;DARINAZHU.ru;
2024-01-06;DARK-1WEB.ru;
2024-01-06;DARK-PURPLE.ru;
2024-01-06;DARKHARBOR.ru;
2024-01-06;DATES-NEON.ru;
2024-01-06;DATINGLOVE24.ru;
2024-01-06;DATYVYHODA.ru;
2024-01-06;DAVESOV.ru;
2024-01-06;DAVINCIBOXING.ru;
2024-01-06;DAW-SOFTWARE.ru;
2024-01-06;DAXLIR.ru;
2024-01-06;DAXTIME.ru;
2024-01-06;DDZXCD.ru;
2024-01-06;DEBET-OFFER.ru;
2024-01-06;DEBOZRT.ru;
2024-01-06;DEBZXV.ru;
2024-01-06;DECORRITO.ru;
2024-01-06;DEGRTLE.ru;
2024-01-06;DEIRIDESIGN.ru;
2024-01-06;DEKOR-MASTER12.ru;
2024-01-06;DEL-ZAYNULLIN.ru;
2024-01-06;DELAEMMOBIL.ru;
2024-01-06;DELAIMONEY.ru;
2024-01-06;DELIVERY-7549.ru;
2024-01-06;DELIVERY-ORDER312.ru;
2024-01-06;DELIVERY-WORK.ru;
2024-01-06;DELIVERY217.ru;
2024-01-06;DELIZHANS.ru;
2024-01-06;DELSA-FASHION.ru;
2024-01-06;DELUXEBAG.ru;
2024-01-06;DEMITRADE.ru;
2024-01-06;DEMOPVP.ru;
2024-01-06;DENARO-MYBAGS.ru;
2024-01-06;DENGI-V-DOLG-ZAIM.ru;
2024-01-06;DENGI-VSEMM.ru;
2024-01-06;DENGIMOI.ru;
2024-01-06;DENIS-GOLUBEV.ru;
2024-01-06;DENIS-MASLOV.ru;
2024-01-06;DENISANDRIIAKIN.ru;
2024-01-06;DENMIN.ru;
2024-01-06;DEOXIDIZER.ru;
2024-01-06;DESIGN-CRAFT.ru;
2024-01-06;DESIGN-SHTORI.ru;
2024-01-06;DESIGNINTERIERAMSK.ru;
2024-01-06;DESMOSERVICEPARTS.ru;
2024-01-06;DETSON.ru;
2024-01-06;DEVICE-PRO.ru;
2024-01-06;DEVISPLUS.ru;
2024-01-06;DEVKATESCHMIDDY.ru;
2024-01-06;DEVUSHKA-MOROZ.ru;
2024-01-06;DEZARD.ru;
2024-01-06;DG-BOB.ru;
2024-01-06;DGTEN.ru;
2024-01-06;DHITROV.ru;
2024-01-06;DIANA-SYCHEVA.ru;
2024-01-06;DIANOMI-LOGISTIC.ru;
2024-01-06;DIANOMI-LOGISTICS.ru;
2024-01-06;DIANOMILOGISTIC.ru;
2024-01-06;DIANOMILOGISTICS.ru;
2024-01-06;DIAPHONE.ru;
2024-01-06;DICH-MAFIA.ru;
2024-01-06;DIK228.ru;
2024-01-06;DIMA112.ru;
2024-01-06;DIMANTOSINA.ru;
2024-01-06;DIMCCOY.ru;
2024-01-06;DIMIKO.ru;
2024-01-06;DIMKO7.ru;
2024-01-06;DINA-WISDOM.ru;
2024-01-06;DINATELLI.ru;
2024-01-06;DIPLOM2U.ru;
2024-01-06;DIPLOM4SALE.ru;
2024-01-06;DIPLOMJET.ru;
2024-01-06;DISCONSUL.ru;
2024-01-06;DIZAYNKUHNI.ru;
2024-01-06;DIZELNOE-MASLO.ru;
2024-01-06;DJTKE.ru;
2024-01-06;DKAPSTUD.ru;
2024-01-06;DKARPUHIN.ru;
2024-01-06;DKAYUMOV.ru;
2024-01-06;DKBTM.ru;
2024-01-06;DKJTB.ru;
2024-01-06;DLYATAXI.ru;
2024-01-06;DMITRIJSUVOROV.ru;
2024-01-06;DMITRYDE.ru;
2024-01-06;DMKZX.ru;
2024-01-06;DMOSKOVKIN.ru;
2024-01-06;DMT-DOM.ru;
2024-01-06;DMTKW.ru;
2024-01-06;DMTTY.ru;
2024-01-06;DNCMOTO.ru;
2024-01-06;DNEVNIK-KABINET.ru;
2024-01-06;DOBROSELYE.ru;
2024-01-06;DOG-BREEDS.ru;
2024-01-06;DOGRZFZ.ru;
2024-01-06;DOKUMENTHOTEL.ru;
2024-01-06;DOLINA-YAUZI.ru;
2024-01-06;DOLINAYAUZI.ru;
2024-01-06;DOM-TANTSA-PROART.ru;
2024-01-06;DOMA-V-IPOTEKU.ru;
2024-01-06;DOMENUS990.ru;
2024-01-06;DOMGATE.ru;
2024-01-06;DOMMACHIN.ru;
2024-01-06;DOMNAMESAND.ru;
2024-01-06;DON-RP.ru;
2024-01-06;DONERTUCHKOVO.ru;
2024-01-06;DONTDIE.ru;
2024-01-06;DOOM1.ru;
2024-01-06;DOREPAY.ru;
2024-01-06;DOROHIN-1.ru;
2024-01-06;DOSAAF-BERDSK.ru;
2024-01-06;DOSHIKRECHNAYA.ru;
2024-01-06;DOSTAVKA-7459.ru;
2024-01-06;DOSTAVKA-FLUX.ru;
2024-01-06;DOTACC.ru;
2024-01-06;DOWN7.ru;
2024-01-06;DPC-BLOG.ru;
2024-01-06;DPFIRPO.ru;
2024-01-06;DPOROTIKOV.ru;
2024-01-06;DRAPKIN.ru;
2024-01-06;DRDUBININA.ru;
2024-01-06;DREAMALBOM.ru;
2024-01-06;DREAMFEEL.ru;
2024-01-06;DREAMVS.ru;
2024-01-06;DREJKING.ru;
2024-01-06;DREKW.ru;
2024-01-06;DREWFILMS.ru;
2024-01-06;DRIPCASINO-BEZOPASNO.ru;
2024-01-06;DRIPCASINO-OFFICIAL.ru;
2024-01-06;DRIPCASINO-ONLINE.ru;
2024-01-06;DRIVE-ESCORT.ru;
2024-01-06;DRO-STRELEC.ru;
2024-01-06;DRON-FPV.ru;
2024-01-06;DROZHANOVA.ru;
2024-01-06;DRUPAL-SECURITY.ru;
2024-01-06;DRUPALSECURITY.ru;
2024-01-06;DRYERTECH.ru;
2024-01-06;DSAMOTORS.ru;
2024-01-06;DTHPCT.ru;
2024-01-06;DTOPOR.ru;
2024-01-06;DUBAITAXI.ru;
2024-01-06;DUBAIVISTA.ru;
2024-01-06;DUBROVSKIJ-PRO.ru;
2024-01-06;DUCM39.ru;
2024-01-06;DUGOUT63.ru;
2024-01-06;DUSTGLASS.ru;
2024-01-06;DUX5SCF.ru;
2024-01-06;DVOBLIKOV.ru;
2024-01-06;DVORNIKOV-PRO.ru;
2024-01-06;DYR87.ru;
2024-01-06;DYSCRIPT.ru;
2024-01-06;DZENZALIVSTORI.ru;
2024-01-06;DZIANISMARKEVICH.ru;
2024-01-06;DZISHOP.ru;
2024-01-06;E-KREPEJ.ru;
2024-01-06;E-LTEH.ru;
2024-01-06;EARTHQDOTA.ru;
2024-01-06;EBJTRS.ru;
2024-01-06;EBSABNN.ru;
2024-01-06;ECHOLOT-STOR.ru;
2024-01-06;ECO-ZAKAZ.ru;
2024-01-06;ECODIGMA.ru;
2024-01-06;ECOMKA.ru;
2024-01-06;ECOYB.ru;
2024-01-06;EDANT.ru;
2024-01-06;EDUCAPLAY.ru;
2024-01-06;EDUCATION-GB.ru;
2024-01-06;EDYA89.ru;
2024-01-06;EFFECTPROFI.ru;
2024-01-06;EFI-1.ru;
2024-01-06;EFREMOVALASH.ru;
2024-01-06;EGAST.ru;
2024-01-06;EGE-ISTRA.ru;
2024-01-06;EGE2025.ru;
2024-01-06;EGE2026.ru;
2024-01-06;EGE2027.ru;
2024-01-06;EGE2028.ru;
2024-01-06;EGE2029.ru;
2024-01-06;EGE2030.ru;
2024-01-06;EGEBEZNERVOV.ru;
2024-01-06;EJKBMN.ru;
2024-01-06;EJTKR.ru;
2024-01-06;EJZJZD.ru;
2024-01-06;EKADERM.ru;
2024-01-06;EKATERINALESOVAYA.ru;
2024-01-06;EKATERINASVOEVOLINA.ru;
2024-01-06;EKO-ZAKAZ.ru;
2024-01-06;EKOSOUROVA.ru;
2024-01-06;EKOTORG-24.ru;
2024-01-06;EKOTORG24.ru;
2024-01-06;ELDARI.ru;
2024-01-06;ELDER-VANILLA.ru;
2024-01-06;ELECTRIC69.ru;
2024-01-06;ELEGANZABAG.ru;
2024-01-06;ELEKTROPRO72.ru;
2024-01-06;ELENA-ENISEY.ru;
2024-01-06;ELENA-LOGINOVA.ru;
2024-01-06;ELENA792007.ru;
2024-01-06;ELENABYX2009.ru;
2024-01-06;ELENAGREBNEVA.ru;
2024-01-06;ELENAOVSIY.ru;
2024-01-06;ELENART-STYLE.ru;
2024-01-06;ELENAZOLNIKOVA.ru;
2024-01-06;ELENTRENER.ru;
2024-01-06;ELISEEW697.ru;
2024-01-06;ELIT-JEWELRY.ru;
2024-01-06;ELITE-MINE.ru;
2024-01-06;ELITSTRAHOVANIE.ru;
2024-01-06;ELIZAURIST.ru;
2024-01-06;ELIZSAZART.ru;
2024-01-06;ELLAPARF.ru;
2024-01-06;ELLINACOPYWRITER.ru;
2024-01-06;ELMAREN.ru;
2024-01-06;ELMISHOPING.ru;
2024-01-06;EMAIL-VERIFIC.ru;
2024-01-06;EMANY.ru;
2024-01-06;EMPRESS8888.ru;
2024-01-06;ENCASH.ru;
2024-01-06;ENERGYAGRO.ru;
2024-01-06;ENERGYATV.ru;
2024-01-06;ENGLISH-ONLY.ru;
2024-01-06;ENJOYSKY.ru;
2024-01-06;ENMZV.ru;
2024-01-06;EPBGKN.ru;
2024-01-06;EPBTMK.ru;
2024-01-06;EPHBDG.ru;
2024-01-06;EPHSDT.ru;
2024-01-06;EPJY.ru;
2024-01-06;EPMZJB.ru;
2024-01-06;EPNBZK.ru;
2024-01-06;EPZXVF.ru;
2024-01-06;ERMOLAEVFOTO.ru;
2024-01-06;EROEXPRESS.ru;
2024-01-06;ERSTEMEDICAL.ru;
2024-01-06;ERSTESPORT.ru;
2024-01-06;ES-LYSENKO.ru;
2024-01-06;ESKOW666-HOSTINGI.ru;
2024-01-06;ESMANAGER.ru;
2024-01-06;ESMONT.ru;
2024-01-06;ESOLOVYEVA.ru;
2024-01-06;ETALONAVT.ru;
2024-01-06;ETALONJEWERLY.ru;
2024-01-06;ETOVLV.ru;
2024-01-06;EUROASIABEAUTY.ru;
2024-01-06;EUROPA-BONUS.ru;
2024-01-06;EUROSTYLE-SOCHI.ru;
2024-01-06;EVA763.ru;
2024-01-06;EVAK-SOS.ru;
2024-01-06;EVAKUATOR08.ru;
2024-01-06;EVENT-7.ru;
2024-01-06;EVESPRODUCTION.ru;
2024-01-06;EVGENIYZAHAROV.ru;
2024-01-06;EVISAIRAN.ru;
2024-01-06;EVOYG.ru;
2024-01-06;EVPLEKHANOVA.ru;
2024-01-06;EVPLIDER.ru;
2024-01-06;EVRASIA-TRADE.ru;
2024-01-06;EXISTETIC.ru;
2024-01-06;EXOSTONE.ru;
2024-01-06;EXPHOST.ru;
2024-01-06;EXPRESSALBOM.ru;
2024-01-06;EXPROMT-NA-SHKOLNOY.ru;
2024-01-06;EYE-OF-GOD-BOT.ru;
2024-01-06;EZMP.ru;
2024-01-06;EZNMBK.ru;
2024-01-06;F-START.ru;
2024-01-06;F-VOTTING.ru;
2024-01-06;F0ASA.ru;
2024-01-06;FABERLIC-24.ru;
2024-01-06;FABERLIC-MYSHOP.ru;
2024-01-06;FABERLICINFO.ru;
2024-01-06;FABLUBOV.ru;
2024-01-06;FABRIKAUFA.ru;
2024-01-06;FACEPLASKA.ru;
2024-01-06;FACEPLASTIKA.ru;
2024-01-06;FACTOY2024BEST.ru;
2024-01-06;FADED-CASSA.ru;
2024-01-06;FAKTBI.ru;
2024-01-06;FALCONE-INTERNATIONAL.ru;
2024-01-06;FAN-FICS.ru;
2024-01-06;FARMING-TOP.ru;
2024-01-06;FASHIONOPTIC.ru;
2024-01-06;FASHIONSITY.ru;
2024-01-06;FAST-ONLINE-ZAIM.ru;
2024-01-06;FASTZAEM.ru;
2024-01-06;FATHERPATRICE.ru;
2024-01-06;FAUNA-INFO.ru;
2024-01-06;FAVORITECHOICE.ru;
2024-01-06;FAZARK.ru;
2024-01-06;FEARIXAY.ru;
2024-01-06;FECHA21.ru;
2024-01-06;FEDOSOV-PRO.ru;
2024-01-06;FEEDBACKLY.ru;
2024-01-06;FEEDER-HELP.ru;
2024-01-06;FEELTHEWAY.ru;
2024-01-06;FENOMENALE.ru;
2024-01-06;FERRARIFILM.ru;
2024-01-06;FFOBOSTT.ru;
2024-01-06;FGHBA.ru;
2024-01-06;FGRIGZZ.ru;
2024-01-06;FINANCEMENT-ANTIC.ru;
2024-01-06;FINBERY.ru;
2024-01-06;FIND-DATA.ru;
2024-01-06;FINDVIZH.ru;
2024-01-06;FINDYOU2024.ru;
2024-01-06;FINE-ZAYM.ru;
2024-01-06;FINLDE.ru;
2024-01-06;FIREWORK-GAMES.ru;
2024-01-06;FIRST-LUCKY.ru;
2024-01-06;FIRST-WINNER24.ru;
2024-01-06;FIRSTPLACEDUBAI.ru;
2024-01-06;FISHINGINKALININGRAD.ru;
2024-01-06;FIT-ONLINE74.ru;
2024-01-06;FIT-SMARTSPORT.ru;
2024-01-06;FITNESKURSI.ru;
2024-01-06;FITNESOBUCHENIE.ru;
2024-01-06;FITNESSPORT74.ru;
2024-01-06;FITNESTRENERI.ru;
2024-01-06;FITNEWONLINE.ru;
2024-01-06;FITSMARTSPORT.ru;
2024-01-06;FIVEPAWNS.ru;
2024-01-06;FIX891.ru;
2024-01-06;FJGIR.ru;
2024-01-06;FJGR.ru;
2024-01-06;FJIGBP.ru;
2024-01-06;FJIGBS.ru;
2024-01-06;FJKTR.ru;
2024-01-06;FJKTSA.ru;
2024-01-06;FJMBK.ru;
2024-01-06;FJTRA.ru;
2024-01-06;FKKZXJ.ru;
2024-01-06;FLAGMAN36.ru;
2024-01-06;FLASHPLAYER-SKACHAT.ru;
2024-01-06;FLIPINSPB.ru;
2024-01-06;FLIRENSADOV.ru;
2024-01-06;FLIRTLIVE.ru;
2024-01-06;FLIWER-SHOPEE.ru;
2024-01-06;FLOR-FANTAZIYA.ru;
2024-01-06;FLOSME.ru;
2024-01-06;FLYBUGI.ru;
2024-01-06;FMEBEL64.ru;
2024-01-06;FNAF7.ru;
2024-01-06;FOLK-RSO.ru;
2024-01-06;FOND-OBEREG.ru;
2024-01-06;FONWEB.ru;
2024-01-06;FOR-EVERYONE-TRADER.ru;
2024-01-06;FORESTBRUS.ru;
2024-01-06;FORGEGRAM.ru;
2024-01-06;FORM-PRINT3D.ru;
2024-01-06;FORMPRINT3D.ru;
2024-01-06;FORTEPIANOLESSONS.ru;
2024-01-06;FORTUNA34.ru;
2024-01-06;FORTUNADRIVE.ru;
2024-01-06;FORTUNATOURS.ru;
2024-01-06;FORTUNE-TRAVEL.ru;
2024-01-06;FORTUNETRAVEL.ru;
2024-01-06;FOTON-ZAO.ru;
2024-01-06;FOTOPAMIAT.ru;
2024-01-06;FOTOPAMYAT.ru;
2024-01-06;FREE-NOTICE-BOARD-KZ.ru;
2024-01-06;FREEDOMAPARTS.ru;
2024-01-06;FRESHBALANCE.ru;
2024-01-06;FRESHYNEWS.ru;
2024-01-06;FRIDSHTAND.ru;
2024-01-06;FROLDOK1973.ru;
2024-01-06;FROMY.ru;
2024-01-06;FRONTENDCLUB.ru;
2024-01-06;FRYTAI.ru;
2024-01-06;FRYTHAI.ru;
2024-01-06;FTBIA.ru;
2024-01-06;FTIIGP.ru;
2024-01-06;FUCKUSA.ru;
2024-01-06;FUELROBOTICS3.ru;
2024-01-06;FUNCTIONSCHOOL.ru;
2024-01-06;FUND-MECHA.ru;
2024-01-06;FUPR.ru;
2024-01-06;FURYALEXMICHAELIDES.ru;
2024-01-06;FUTBOLKA-MOUNTAIN.ru;
2024-01-06;FUTORPLACE.ru;
2024-01-06;G12SPB.ru;
2024-01-06;G5K4B1R.ru;
2024-01-06;GABE-GAMES.ru;
2024-01-06;GAEVETS-7.ru;
2024-01-06;GAKOZHEVNIKOVA.ru;
2024-01-06;GALAXYE8.ru;
2024-01-06;GALINKA2702.ru;
2024-01-06;GALS-ONLINE.ru;
2024-01-06;GAME2024.ru;
2024-01-06;GAMMA-2.ru;
2024-01-06;GAMMA-777.ru;
2024-01-06;GAMMA-BET.ru;
2024-01-06;GAMMA2.ru;
2024-01-06;GAMMA777.ru;
2024-01-06;GAMMACASSINO.ru;
2024-01-06;GAMMACAZIK.ru;
2024-01-06;GARDENCENTERNALCHIK.ru;
2024-01-06;GARENAA.ru;
2024-01-06;GARIPOVAILONA.ru;
2024-01-06;GAZETAMINGITAU.ru;
2024-01-06;GB-KONSULT.ru;
2024-01-06;GBWORKSHOP.ru;
2024-01-06;GEEKKONA.ru;
2024-01-06;GELMANCARS.ru;
2024-01-06;GENERATORIC.ru;
2024-01-06;GENERATORICA.ru;
2024-01-06;GENIC-LEAN.ru;
2024-01-06;GENICLEAN.ru;
2024-01-06;GERENTI.ru;
2024-01-06;GET-HOSTING.ru;
2024-01-06;GET-REWARDED.ru;
2024-01-06;GETSC.ru;
2024-01-06;GEYNCHEI.ru;
2024-01-06;GGROMYKO.ru;
2024-01-06;GHETTOMONEY.ru;
2024-01-06;GHEVONDYAN.ru;
2024-01-06;GIGLIO-NERO.ru;
2024-01-06;GINGERBREADKOLOMNA.ru;
2024-01-06;GINGERBREADMUSEUMKOLOMNA.ru;
2024-01-06;GIORGY-SAFINA.ru;
2024-01-06;GIRLSBYKSENIA.ru;
2024-01-06;GISDOM96.ru;
2024-01-06;GJHTEQ.ru;
2024-01-06;GJTREK.ru;
2024-01-06;GJTRTE.ru;
2024-01-06;GKUSTAREV.ru;
2024-01-06;GLADYSHEVAYOGA.ru;
2024-01-06;GLAVSOSISKA.ru;
2024-01-06;GLBEER.ru;
2024-01-06;GLEA-MIX.ru;
2024-01-06;GLEAMIX.ru;
2024-01-06;GLENMAKLAUND.ru;
2024-01-06;GLOBAL-CDEK.ru;
2024-01-06;GLOBALCDEK.ru;
2024-01-06;GLOBEX-GPS.ru;
2024-01-06;GO-19.ru;
2024-01-06;GO-20.ru;
2024-01-06;GO-21.ru;
2024-01-06;GO-22.ru;
2024-01-06;GO-23.ru;
2024-01-06;GO-25.ru;
2024-01-06;GO22LM.ru;
2024-01-06;GOANSK.ru;
2024-01-06;GOFRHINO.ru;
2024-01-06;GOGOTOBEST.ru;
2024-01-06;GOLDMOTORSGROUP.ru;
2024-01-06;GOLOS-ONLINE.ru;
2024-01-06;GOLOSPARTICIPATTION.ru;
2024-01-06;GOLOSWHASTS.ru;
2024-01-06;GOOD-KVIZ.ru;
2024-01-06;GOOD-ZAIMY.ru;
2024-01-06;GOODWOODSTONE.ru;
2024-01-06;GOOGLELLC.ru;
2024-01-06;GOOPENSOURCE.ru;
2024-01-06;GOOT11.ru;
2024-01-06;GORA-DISK.ru;
2024-01-06;GORKY-RECORDS.ru;
2024-01-06;GORKYRECORDS.ru;
2024-01-06;GOROVOJ.ru;
2024-01-06;GORSHKOVAANNA.ru;
2024-01-06;GOSHORT.ru;
2024-01-06;GOSVON.ru;
2024-01-06;GOXTREMEFEST.ru;
2024-01-06;GP109SPB.ru;
2024-01-06;GPERDOMO.ru;
2024-01-06;GQWJRTT.ru;
2024-01-06;GQWRJG.ru;
2024-01-06;GRADTRAIN.ru;
2024-01-06;GRANDFATHER-CLOCK.ru;
2024-01-06;GRANDRAIN.ru;
2024-01-06;GRANDTREIN.ru;
2024-01-06;GRANDYRAIN.ru;
2024-01-06;GRANELLEGROUP.ru;
2024-01-06;GRANGTRAIN.ru;
2024-01-06;GRANI74.ru;
2024-01-06;GRANTTRAIN.ru;
2024-01-06;GRASSSHOP.ru;
2024-01-06;GREBENIKOV1.ru;
2024-01-06;GREEN-GEORGIA.ru;
2024-01-06;GREENGEORGIA.ru;
2024-01-06;GRIBO-KOT.ru;
2024-01-06;GRIFZPJ.ru;
2024-01-06;GRIM-99.ru;
2024-01-06;GRIM99.ru;
2024-01-06;GRINMANN.ru;
2024-01-06;GRJTREG.ru;
2024-01-06;GRMONTAGE.ru;
2024-01-06;GROMGEEK.ru;
2024-01-06;GRUNDFOSMSK.ru;
2024-01-06;GRUSHA-CAFE.ru;
2024-01-06;GRUUUFG.ru;
2024-01-06;GRUZ42.ru;
2024-01-06;GTARENT.ru;
2024-01-06;GTM-MMA.ru;
2024-01-06;GTOAPP.ru;
2024-01-06;GTVVCODE.ru;
2024-01-06;GUARDSMEN-KAVKAZ.ru;
2024-01-06;GUBKIN-RNM.ru;
2024-01-06;GUEENOFBUTTERFLIESLILI.ru;
2024-01-06;GURULEAD.ru;
2024-01-06;GURULIDS.ru;
2024-01-06;GUTABS.ru;
2024-01-06;GUUKB.ru;
2024-01-06;GYYGLA.ru;
2024-01-06;H-VOTTING.ru;
2024-01-06;HACCP56.ru;
2024-01-06;HAIRWER.ru;
2024-01-06;HALES-CASSA.ru;
2024-01-06;HARRYTECHPAGE.ru;
2024-01-06;HARSH-MOBILE.ru;
2024-01-06;HAUTECUISINE1.ru;
2024-01-06;HAVAL-IRK.ru;
2024-01-06;HBINALIEV.ru;
2024-01-06;HEYJESUS.ru;
2024-01-06;HGOST.ru;
2024-01-06;HHOLLLOP-2.ru;
2024-01-06;HHOLLLOPP-2.ru;
2024-01-06;HHOLLOPP-2.ru;
2024-01-06;HHOLLOPP2.ru;
2024-01-06;HIDRONIX.ru;
2024-01-06;HIGH-QUALITY-BAGS-AND-SHOES.ru;
2024-01-06;HIKIKOMORI81.ru;
2024-01-06;HIKOSEN-CARA.ru;
2024-01-06;HINAZUKI.ru;
2024-01-06;HISTORYMEBEL.ru;
2024-01-06;HITOZON.ru;
2024-01-06;HITWILDBERRIES.ru;
2024-01-06;HJJFD.ru;
2024-01-06;HJKRRE.ru;
2024-01-06;HJRIBS.ru;
2024-01-06;HJZ38W6.ru;
2024-01-06;HKDPUM0.ru;
2024-01-06;HMJBRT.ru;
2024-01-06;HOCKEY-HISTORY.ru;
2024-01-06;HOKKEYHYSTORY.ru;
2024-01-06;HOLD-1248.ru;
2024-01-06;HOLEODA.ru;
2024-01-06;HOLL-O-P-2.ru;
2024-01-06;HOLLO-P-2.ru;
2024-01-06;HOLLOP2024-2.ru;
2024-01-06;HOLLOPP-2-2023.ru;
2024-01-06;HOLLOPP-22024.ru;
2024-01-06;HOLLOPP2-2024.ru;
2024-01-06;HOLO-P2.ru;
2024-01-06;HOLOP-2024.ru;
2024-01-06;HOLOP-2025.ru;
2024-01-06;HOLOP2-2025.ru;
2024-01-06;HOLOP2025.ru;
2024-01-06;HOLOPP2-HD.ru;
2024-01-06;HOMEOFLUNA.ru;
2024-01-06;HONGQI-AUTOIMPORT.ru;
2024-01-06;HONGSHUN-INDUSTRIAL.ru;
2024-01-06;HOOOLLE.ru;
2024-01-06;HOPE0.ru;
2024-01-06;HOPRIK.ru;
2024-01-06;HOSTEL-HUNTING.ru;
2024-01-06;HOSTELNASHTYKOVA.ru;
2024-01-06;HOSTIING.ru;
2024-01-06;HOSTINGI-TOP.ru;
2024-01-06;HOSTINGI27.ru;
2024-01-06;HOSTINGIPODSAIT.ru;
2024-01-06;HOSTINGPULS.ru;
2024-01-06;HOSTISTAR.ru;
2024-01-06;HOT-HEART.ru;
2024-01-06;HOT-SIBERIA.ru;
2024-01-06;HOTELPLATAN.ru;
2024-01-06;HOTIKO.ru;
2024-01-06;HOUSE-KARKAS.ru;
2024-01-06;HP-LASERJET-P-1005.ru;
2024-01-06;HRUSTNOITOCHKA.ru;
2024-01-06;HTTPS-SIKCC.ru;
2024-01-06;HUMINTRADING.ru;
2024-01-06;HUSBANDTOGO.ru;
2024-01-06;HUURFJ.ru;
2024-01-06;HVPSHOP.ru;
2024-01-06;HWEFHUEWFHIUWEH.ru;
2024-01-06;HYDRANGEASTIME.ru;
2024-01-06;HZDDDZ.ru;
2024-01-06;HZJZX.ru;
2024-01-06;HZXBJDD.ru;
2024-01-06;HZXBJR.ru;
2024-01-06;I40IN.ru;
2024-01-06;IAMLINK.ru;
2024-01-06;IBELORUS.ru;
2024-01-06;ICHIRKIN.ru;
2024-01-06;ID-NEW.ru;
2024-01-06;ID-PAY7213.ru;
2024-01-06;ID-SEND.ru;
2024-01-06;ID03850.ru;
2024-01-06;ID3617.ru;
2024-01-06;ID3917.ru;
2024-01-06;ID479285.ru;
2024-01-06;ID485.ru;
2024-01-06;ID541642.ru;
2024-01-06;ID541647.ru;
2024-01-06;ID58071.ru;
2024-01-06;ID58072.ru;
2024-01-06;ID58073.ru;
2024-01-06;ID58074.ru;
2024-01-06;ID90385.ru;
2024-01-06;ID90908.ru;
2024-01-06;ID93502.ru;
2024-01-06;ID93504.ru;
2024-01-06;ID963785.ru;
2024-01-06;IDEAPLACE.ru;
2024-01-06;IDEMVSADIK.ru;
2024-01-06;IDVIT-FORMULA.ru;
2024-01-06;IDY-KYDA-HOCHY.ru;
2024-01-06;IFGS.ru;
2024-01-06;IGNALEX.ru;
2024-01-06;IGORKABANOV.ru;
2024-01-06;IGRAY-VAVADA.ru;
2024-01-06;IIBESSONOFF.ru;
2024-01-06;IISET.ru;
2024-01-06;IKB-NR.ru;
2024-01-06;IKOGAJ.ru;
2024-01-06;IKUROCHKIN.ru;
2024-01-06;ILDARBINANAS.ru;
2024-01-06;ILLADELPH.ru;
2024-01-06;ILLUGA.ru;
2024-01-06;ILYA-SAFONOV.ru;
2024-01-06;ILYALIN.ru;
2024-01-06;IMGPEAK.ru;
2024-01-06;IMOBILS.ru;
2024-01-06;IMPERIAL-MEBEL.ru;
2024-01-06;IMPERIUM-NIK.ru;
2024-01-06;IMPLANT-KREMLDENTA.ru;
2024-01-06;INAGMI.ru;
2024-01-06;INAMUHINA.ru;
2024-01-06;INCELCORE.ru;
2024-01-06;INDUSTRIALCONSULT.ru;
2024-01-06;INFANTTER1.ru;
2024-01-06;INFERNO-ROLEPLAY.ru;
2024-01-06;INFINITYRP.ru;
2024-01-06;INFO-MIDPASS.ru;
2024-01-06;INFO-PAYMS.ru;
2024-01-06;INFO1SEARCH.ru;
2024-01-06;INFOMIDPASS.ru;
2024-01-06;INK1R.ru;
2024-01-06;INKSLATE.ru;
2024-01-06;INNOVATORU.ru;
2024-01-06;INPRESSETS.ru;
2024-01-06;INTELLAW.ru;
2024-01-06;INTERFC.ru;
2024-01-06;INTERIOR-INFO.ru;
2024-01-06;INVERSUS.ru;
2024-01-06;INVEST-KCR.ru;
2024-01-06;INVESTFREE.ru;
2024-01-06;INVESTICII-OTZYV.ru;
2024-01-06;INVESTMENT-PROMO.ru;
2024-01-06;INVESTMENT-SURVEY.ru;
2024-01-06;IOSVISION.ru;
2024-01-06;IPCHANNEL.ru;
2024-01-06;IPEREVOZCHIKOVA.ru;
2024-01-06;IPOTEKASAFE.ru;
2024-01-06;IPOTEKASAVE.ru;
2024-01-06;IRINAKAZANKINA.ru;
2024-01-06;ISAEVV.ru;
2024-01-06;ISANINADIANA.ru;
2024-01-06;ISCANIA.ru;
2024-01-06;ISHMUL.ru;
2024-01-06;ISHTOPEL.ru;
2024-01-06;ISTANBULLU.ru;
2024-01-06;ISTOMIN-A.ru;
2024-01-06;ISTRASERVER.ru;
2024-01-06;IT-MAB.ru;
2024-01-06;IT5870.ru;
2024-01-06;ITPRODEXIM.ru;
2024-01-06;ITPULSAR.ru;
2024-01-06;IVANOVICH-7.ru;
2024-01-06;IVANOVIGOR2904.ru;
2024-01-06;IVLEEVALOTOBILET.ru;
2024-01-06;IZIKSHOP.ru;
2024-01-06;IZOTOVA1.ru;
2024-01-06;IZUMRUD-CLUB.ru;
2024-01-06;JAKRINKA.ru;
2024-01-06;JAN-DZHU.ru;
2024-01-06;JASIPINGOLSKI.ru;
2024-01-06;JCENTR.ru;
2024-01-06;JEAJITSU.ru;
2024-01-06;JENSKISAIT.ru;
2024-01-06;JETEM-ELEGANT.ru;
2024-01-06;JINGLE-BELLS2021.ru;
2024-01-06;JIVOJIVEMZEN.ru;
2024-01-06;JJSTYLE.ru;
2024-01-06;JKONSULT.ru;
2024-01-06;JMICVZR.ru;
2024-01-06;JMMARKETINGSCHOOL.ru;
2024-01-06;JNBORISOVA.ru;
2024-01-06;JNMV.ru;
2024-01-06;JOBWICK.ru;
2024-01-06;JOHNTITOR.ru;
2024-01-06;JOILLOKI.ru;
2024-01-06;JOY-HOME.ru;
2024-01-06;JOY-X.ru;
2024-01-06;JOYCHARTS.ru;
2024-01-06;JOYE-SIB.ru;
2024-01-06;JOYOFCHOICE.ru;
2024-01-06;JOYPETSTORE.ru;
2024-01-06;JOYPHONE.ru;
2024-01-06;JOYS1.ru;
2024-01-06;JOYSBLOG.ru;
2024-01-06;JOYSOAP.ru;
2024-01-06;JOZZCASINO24.ru;
2024-01-06;JPMORGANCHASSESIGNIN.ru;
2024-01-06;JPUPKEVICH.ru;
2024-01-06;JUJUBB.ru;
2024-01-06;JULIA-JERELY.ru;
2024-01-06;JULIA-JEWERLY.ru;
2024-01-06;JULOMAKINA.ru;
2024-01-06;JUNKER-FURNACE.ru;
2024-01-06;JURCHENKO-7.ru;
2024-01-06;JURIST-BUSINESS.ru;
2024-01-06;JURIST-OLGA-VIDYAEVA.ru;
2024-01-06;JUUVAROVA.ru;
2024-01-06;JV-SPIN-MEGA-BONUS.ru;
2024-01-06;JVSPIN-HELP.ru;
2024-01-06;JVSPIN-OFFICIALL.ru;
2024-01-06;JVSPINC.ru;
2024-01-06;KADETFM.ru;
2024-01-06;KADYPOL.ru;
2024-01-06;KADYROVA-WORK.ru;
2024-01-06;KAFEROSCHA.ru;
2024-01-06;KAIGORODTSEV74.ru;
2024-01-06;KALESAMI.ru;
2024-01-06;KANALIZACIYA-SPB.ru;
2024-01-06;KANSU.ru;
2024-01-06;KANTRSKRIP-SHOOL.ru;
2024-01-06;KARTHOLDING.ru;
2024-01-06;KAS-ONE.ru;
2024-01-06;KASYANES.ru;
2024-01-06;KATEDID.ru;
2024-01-06;KATERINALEE.ru;
2024-01-06;KATY-IVA22.ru;
2024-01-06;KATYAILDAR.ru;
2024-01-06;KATYASVET.ru;
2024-01-06;KAZACHENKO-SA.ru;
2024-01-06;KAZAKBRAIN.ru;
2024-01-06;KAZENNOV-7.ru;
2024-01-06;KAZIC.ru;
2024-01-06;KAZINO-GAMA-SAIT.ru;
2024-01-06;KBAEROTECH.ru;
2024-01-06;KEBIN.ru;
2024-01-06;KEMIE.ru;
2024-01-06;KENESOV-7.ru;
2024-01-06;KENTZERKALO.ru;
2024-01-06;KEPECO.ru;
2024-01-06;KERAMBEAT.ru;
2024-01-06;KERKEGOR.ru;
2024-01-06;KEYIDOF.ru;
2024-01-06;KEYSTOR.ru;
2024-01-06;KGMID.ru;
2024-01-06;KHNW8FX.ru;
2024-01-06;KIMBO09.ru;
2024-01-06;KIMEREY.ru;
2024-01-06;KINDBRAIN.ru;
2024-01-06;KINO-FADED.ru;
2024-01-06;KINO-HALES.ru;
2024-01-06;KINO-MALINA.ru;
2024-01-06;KINO4IKA.ru;
2024-01-06;KIPOXIS.ru;
2024-01-06;KIPPLAY.ru;
2024-01-06;KIRABAST.ru;
2024-01-06;KIRILL-NAZAROV.ru;
2024-01-06;KIRJAKOV.ru;
2024-01-06;KIRNA.ru;
2024-01-06;KISSELBOX.ru;
2024-01-06;KIT-MOSKOW.ru;
2024-01-06;KKA4.ru;
2024-01-06;KKKOTIQQQ.ru;
2024-01-06;KKSPB77.ru;
2024-01-06;KLIM212.ru;
2024-01-06;KLIMATINFOBET.ru;
2024-01-06;KLIMATINFOBETS.ru;
2024-01-06;KLIMATINFOINFOS.ru;
2024-01-06;KLIMATINFOJOB.ru;
2024-01-06;KLIMATINFOJOBS.ru;
2024-01-06;KLIMATINFOTOP.ru;
2024-01-06;KLIMATINFOTOPS.ru;
2024-01-06;KLPINFO.ru;
2024-01-06;KLSNKVA.ru;
2024-01-06;KLUMBA-NOVOSIBIRSK.ru;
2024-01-06;KLUMBANOVOSIBIRSK.ru;
2024-01-06;KLYEV.ru;
2024-01-06;KNIAGINIANATALIA.ru;
2024-01-06;KNIAGINIASVETLANA.ru;
2024-01-06;KNOPKATSGIRLS.ru;
2024-01-06;KNYAGINYAELENA.ru;
2024-01-06;KNYAGINYAIRINA.ru;
2024-01-06;KNYAGINYAMARGARITA.ru;
2024-01-06;KNYAZ-MEBEL.ru;
2024-01-06;KNYAZEVA-HAIRSTYLE.ru;
2024-01-06;KOFEYNYY-SIROP.ru;
2024-01-06;KOLBOV88.ru;
2024-01-06;KOLCOILOVEYOU.ru;
2024-01-06;KOLOMNAGINGERBREAD.ru;
2024-01-06;KOLOMNAGINGERBREADMUSEUM.ru;
2024-01-06;KOM47.ru;
2024-01-06;KOMIZA.ru;
2024-01-06;KOMPILETSKIY.ru;
2024-01-06;KOMPYUTERNOE-ZRENIE.ru;
2024-01-06;KOMSM.ru;
2024-01-06;KONKUR2024.ru;
2024-01-06;KONOFOLSKIYVE.ru;
2024-01-06;KONOPLEV-1.ru;
2024-01-06;KOPEYEV.ru;
2024-01-06;KOREAN-NANCY.ru;
2024-01-06;KOROLEVSOVET.ru;
2024-01-06;KORONASPORTA.ru;
2024-01-06;KOSHKINA-NAILS.ru;
2024-01-06;KOSMODASHA.ru;
2024-01-06;KOSTYAKLESOV.ru;
2024-01-06;KOTCHENOV-NICK.ru;
2024-01-06;KOTFRAG.ru;
2024-01-06;KOTIKLISOV.ru;
2024-01-06;KOVRIGINA-1.ru;
2024-01-06;KRAKENHRI.ru;
2024-01-06;KRANTICK.ru;
2024-01-06;KRAZMAEVA.ru;
2024-01-06;KREDO-KOMFORT.ru;
2024-01-06;KRESTSOBOR.ru;
2024-01-06;KRIPTOMANIA.ru;
2024-01-06;KROVGIDRO.ru;
2024-01-06;KRUTOZALILREG56.ru;
2024-01-06;KRYMOVEV.ru;
2024-01-06;KS-AKIMOVA-TOP.ru;
2024-01-06;KS-PETROGRAD.ru;
2024-01-06;KSDAN.ru;
2024-01-06;KSERO.ru;
2024-01-06;KSUKR789.ru;
2024-01-06;KUB3R.ru;
2024-01-06;KUBAN-AQUA.ru;
2024-01-06;KUENKELWAGNER.ru;
2024-01-06;KUHNI-MOSKVA1.ru;
2024-01-06;KUHNI-MOSKVA2.ru;
2024-01-06;KUHNIDOPOTOLKA.ru;
2024-01-06;KUHNYAIZMASSIVA.ru;
2024-01-06;KUKHTINOVA.ru;
2024-01-06;KUKILO.ru;
2024-01-06;KULAKOVA24.ru;
2024-01-06;KULAKOVAT.ru;
2024-01-06;KULER-EKB.ru;
2024-01-06;KUMANKOFF.ru;
2024-01-06;KUPAZ.ru;
2024-01-06;KUPITDOM1.ru;
2024-01-06;KUPITPROFNASTIL.ru;
2024-01-06;KUPRDIMA.ru;
2024-01-06;KURIE2382.ru;
2024-01-06;KURIE5482.ru;
2024-01-06;KURIER3232.ru;
2024-01-06;KURNIKOVPI.ru;
2024-01-06;KUROYAMI.ru;
2024-01-06;KVADRUFIKI.ru;
2024-01-06;KVARTIRANASUTKI03.ru;
2024-01-06;KVV0.ru;
2024-01-06;KZHATKIN.ru;
2024-01-06;L2UFC.ru;
2024-01-06;LA-BEAUTI.ru;
2024-01-06;LA-KLINIKA.ru;
2024-01-06;LA2ENJOY.ru;
2024-01-06;LA2WINGS.ru;
2024-01-06;LAB-INDUCTOR.ru;
2024-01-06;LABS-CASINO.ru;
2024-01-06;LADA-ON-RIVER.ru;
2024-01-06;LADY-WOLD-BY-WOLD.ru;
2024-01-06;LAGEROTDIHA.ru;
2024-01-06;LAIDI.ru;
2024-01-06;LAKMA-FRANCHISE.ru;
2024-01-06;LAMIDANKO.ru;
2024-01-06;LANAHALIALLI.ru;
2024-01-06;LAPONKA-COIN.ru;
2024-01-06;LARATRAVEL.ru;
2024-01-06;LARKADIJJ.ru;
2024-01-06;LAS6161.ru;
2024-01-06;LASTWARS.ru;
2024-01-06;LATOPICK.ru;
2024-01-06;LAVADELITON.ru;
2024-01-06;LD-MAIL.ru;
2024-01-06;LD-PAY21742.ru;
2024-01-06;LD-PAY21744.ru;
2024-01-06;LD-PAY23531.ru;
2024-01-06;LD-PAY23911.ru;
2024-01-06;LD-PAY42374.ru;
2024-01-06;LD-PAY53743.ru;
2024-01-06;LD-PAY54374.ru;
2024-01-06;LD-PAY57234.ru;
2024-01-06;LD-PAY75372.ru;
2024-01-06;LD-PAY77192.ru;
2024-01-06;LD-PAY77194.ru;
2024-01-06;LD-PAY77196.ru;
2024-01-06;LD-PAY91124.ru;
2024-01-06;LD15643.ru;
2024-01-06;LD416043.ru;
2024-01-06;LD41661.ru;
2024-01-06;LD51064.ru;
2024-01-06;LD51723.ru;
2024-01-06;LD56167.ru;
2024-01-06;LD69190.ru;
2024-01-06;LD71723.ru;
2024-01-06;LE-FORTUNA.ru;
2024-01-06;LEAD-DREAM.ru;
2024-01-06;LEADDREAM.ru;
2024-01-06;LEADER-EDU.ru;
2024-01-06;LEANLEX.ru;
2024-01-06;LEATHERCRAFTERS.ru;
2024-01-06;LEBEDEV89774564707.ru;
2024-01-06;LEDU-CLUB.ru;
2024-01-06;LEEOLEG.ru;
2024-01-06;LEGERA-STUDIO.ru;
2024-01-06;LEGZOCASINO-BUY.ru;
2024-01-06;LEGZOCASINO-ONE.ru;
2024-01-06;LEGZOKASINOZ.ru;
2024-01-06;LEGZOKASINOZ1.ru;
2024-01-06;LELYA71.ru;
2024-01-06;LENADOPLINSKA.ru;
2024-01-06;LENENESSI.ru;
2024-01-06;LENTV-SHOP.ru;
2024-01-06;LERUAMARLEN.ru;
2024-01-06;LESA40.ru;
2024-01-06;LESNOY64.ru;
2024-01-06;LESTNICA-DOMA.ru;
2024-01-06;LEVCASINOBONUS.ru;
2024-01-06;LEVIVATE.ru;
2024-01-06;LEXORANGE.ru;
2024-01-06;LFK-KIDS.ru;
2024-01-06;LGONCHARUK.ru;
2024-01-06;LIGA-SKACHAT.ru;
2024-01-06;LIKI-TEX.ru;
2024-01-06;LINEAGE-PVP.ru;
2024-01-06;LINEAGE21.ru;
2024-01-06;LINEN-ELEGANCE.ru;
2024-01-06;LINENELEGANCE.ru;
2024-01-06;LIPSIHA.ru;
2024-01-06;LIPSIHI.ru;
2024-01-06;LISI2024.ru;
2024-01-06;LISISTA.ru;
2024-01-06;LITATEX.ru;
2024-01-06;LITR-MASLA.ru;
2024-01-06;LIVECRMP.ru;
2024-01-06;LIXIANG-AUTOIMPORT.ru;
2024-01-06;LKRASHENININ.ru;
2024-01-06;LNOVOSELOVA.ru;
2024-01-06;LOG-GAMES.ru;
2024-01-06;LOGISTERIYA.ru;
2024-01-06;LOGIVARIUM.ru;
2024-01-06;LOLPAROL12345.ru;
2024-01-06;LOOKITRUSSIA.ru;
2024-01-06;LORUN.ru;
2024-01-06;LOSTHUB.ru;
2024-01-06;LOTTOBALL.ru;
2024-01-06;LOVE-FCKTORY.ru;
2024-01-06;LOVEFCKTORY.ru;
2024-01-06;LOVETRAVEL174.ru;
2024-01-06;LOWASPB.ru;
2024-01-06;LOWPRIORITY.ru;
2024-01-06;LROZHKOVA.ru;
2024-01-06;LUCHEREM.ru;
2024-01-06;LUCHIYREMONT.ru;
2024-01-06;LUCIDERESU.ru;
2024-01-06;LUCKY-JET-BONUS-1WIN.ru;
2024-01-06;LUCKY-JET7.ru;
2024-01-06;LUCKYJET-2024.ru;
2024-01-06;LUMITOOL.ru;
2024-01-06;LUXURY-GIRL.ru;
2024-01-06;LVBAGSCOPY.ru;
2024-01-06;LVELICHKINA.ru;
2024-01-06;M-KMS.ru;
2024-01-06;M-RP5.ru;
2024-01-06;M1RC2H.ru;
2024-01-06;M3T.ru;
2024-01-06;MACHINANEBOLEY.ru;
2024-01-06;MAESTROEGE.ru;
2024-01-06;MAESTROOGE.ru;
2024-01-06;MAESTROSCHOOL.ru;
2024-01-06;MAFINMAG.ru;
2024-01-06;MAGIC-HOST.ru;
2024-01-06;MAGNUS-MAG.ru;
2024-01-06;MAIL-102.ru;
2024-01-06;MAIL-365.ru;
2024-01-06;MAILPOTAP.ru;
2024-01-06;MAINNEWSBOT.ru;
2024-01-06;MAISONPARFUMS.ru;
2024-01-06;MAKI-MOSCOW.ru;
2024-01-06;MAKI-MSK.ru;
2024-01-06;MAKI-SPB.ru;
2024-01-06;MAKIMOSCOW.ru;
2024-01-06;MAKINOVOSIBIRSK.ru;
2024-01-06;MAKIROSEOPT.ru;
2024-01-06;MAKS-POPOV.ru;
2024-01-06;MAKSIM-MAIL.ru;
2024-01-06;MALEVAL.ru;
2024-01-06;MALIBU-SURGUT.ru;
2024-01-06;MALIEXPRESS.ru;
2024-01-06;MALOROSSY.ru;
2024-01-06;MALOVAAISINA.ru;
2024-01-06;MANGALHOUSE-VP.ru;
2024-01-06;MANITA-SUSHI.ru;
2024-01-06;MANTEL-CLOCK.ru;
2024-01-06;MARIA-IVANOVA.ru;
2024-01-06;MARIKASKOVA.ru;
2024-01-06;MARIMAN.ru;
2024-01-06;MARINAPLUTOVA.ru;
2024-01-06;MARKET-3D.ru;
2024-01-06;MARKET-GRASIA.ru;
2024-01-06;MARKETINGOOD.ru;
2024-01-06;MARKMAP.ru;
2024-01-06;MARTAEVENT.ru;
2024-01-06;MARYJANEBAR.ru;
2024-01-06;MASLOV888.ru;
2024-01-06;MASQI.ru;
2024-01-06;MASSAMEBEL.ru;
2024-01-06;MASSTECHNOLOGY.ru;
2024-01-06;MASTER-REMOHOLOD.ru;
2024-01-06;MASTER888DOM.ru;
2024-01-06;MASTERCARSERVIS.ru;
2024-01-06;MASTERPC38.ru;
2024-01-06;MASTERPROSTO.ru;
2024-01-06;MATRICA-SUDBY-RASSCHITAT.ru;
2024-01-06;MATRISRB.ru;
2024-01-06;MATSNEFF.ru;
2024-01-06;MAX-ISAKOV.ru;
2024-01-06;MAXBULGAKOV.ru;
2024-01-06;MAXF39.ru;
2024-01-06;MAXKEYT.ru;
2024-01-06;MAXPROTOPTEN.ru;
2024-01-06;MAZUR-PRO.ru;
2024-01-06;MBCDM11.ru;
2024-01-06;MBLLLLB.ru;
2024-01-06;MBUTYLIN.ru;
2024-01-06;MCHEREVAN.ru;
2024-01-06;MCVOST.ru;
2024-01-06;MDESTINY.ru;
2024-01-06;MDMID.ru;
2024-01-06;MDVGAFK.ru;
2024-01-06;ME-TV.ru;
2024-01-06;MEBEL-WIN.ru;
2024-01-06;MEBEL54-NSK.ru;
2024-01-06;MEBELGO24.ru;
2024-01-06;MEDEDTEC.ru;
2024-01-06;MEDEDTEH.ru;
2024-01-06;MEDETTECH.ru;
2024-01-06;MEDIC21.ru;
2024-01-06;MEDIUM-INVESTMENTS.ru;
2024-01-06;MEDLIFE102.ru;
2024-01-06;MEDNIKOVMATHPHY.ru;
2024-01-06;MEDVEDEVAANA0108.ru;
2024-01-06;MEGA-HOSTINGI.ru;
2024-01-06;MEGA-PROD.ru;
2024-01-06;MEGAPIT.ru;
2024-01-06;MEGASAKHTOUR.ru;
2024-01-06;MEGASTORUS.ru;
2024-01-06;MELBETZERKALO27TOP.ru;
2024-01-06;MELBETZERKALONEW.ru;
2024-01-06;MELNIKOV20.ru;
2024-01-06;MENTALCOLLECTION.ru;
2024-01-06;MERKULOV-PROEKT.ru;
2024-01-06;METIANEU.ru;
2024-01-06;MGSTUDIOVISHIVKA.ru;
2024-01-06;MID-PASS.ru;
2024-01-06;MIDDPASS.ru;
2024-01-06;MIDPESS.ru;
2024-01-06;MIDPSS.ru;
2024-01-06;MIDRASS.ru;
2024-01-06;MIDTOKEN.ru;
2024-01-06;MINYOU.ru;
2024-01-06;MIRATORG-SUPERMARKET.ru;
2024-01-06;MIRAVSTVO.ru;
2024-01-06;MIRBRONI.ru;
2024-01-06;MIRE-NA8999P.ru;
2024-01-06;MIRE-NA8999PYB.ru;
2024-01-06;MIRGAZA96.ru;
2024-01-06;MIRIBIA.ru;
2024-01-06;MIRONOVMATTHEW.ru;
2024-01-06;MIRTEYA.ru;
2024-01-06;MIS-S2007.ru;
2024-01-06;MISHA-BRAND.ru;
2024-01-06;MISOZ.ru;
2024-01-06;MIXTAPECAT.ru;
2024-01-06;MKHANIN.ru;
2024-01-06;MKIMPORT.ru;
2024-01-06;MKNORD.ru;
2024-01-06;MKUTS.ru;
2024-01-06;MKXO4GD.ru;
2024-01-06;MLAKUSTA.ru;
2024-01-06;MLDPASS.ru;
2024-01-06;MLEROYMERLIN.ru;
2024-01-06;MLKFRANCHISE.ru;
2024-01-06;MLMON.ru;
2024-01-06;MMICHAEL.ru;
2024-01-06;MNG-MODEL.ru;
2024-01-06;MOBITWEAK.ru;
2024-01-06;MODPASS.ru;
2024-01-06;MOHRA.ru;
2024-01-06;MOIFABERLIK-RU.ru;
2024-01-06;MOLELNAYA.ru;
2024-01-06;MOMOTYCH.ru;
2024-01-06;MONASTRY.ru;
2024-01-06;MONETAPAYS.ru;
2024-01-06;MONEY-GOOD.ru;
2024-01-06;MONEYCLAD.ru;
2024-01-06;MONIN-URAL.ru;
2024-01-06;MONO-MANIK.ru;
2024-01-06;MOONLADIES.ru;
2024-01-06;MOROZOVPRO.ru;
2024-01-06;MOSCOW-SRV.ru;
2024-01-06;MOSCOW5.ru;
2024-01-06;MOSCOWCITYLOVE12.ru;
2024-01-06;MOSEVROSTYLE.ru;
2024-01-06;MOSGORZABOR.ru;
2024-01-06;MOTEL-SKAZKA.ru;
2024-01-06;MOTELSKAZKA.ru;
2024-01-06;MOVEMENT2021.ru;
2024-01-06;MOZGOSHLIK.ru;
2024-01-06;MP-BVK.ru;
2024-01-06;MPOLIGON.ru;
2024-01-06;MQUARESMA.ru;
2024-01-06;MR-CARVER.ru;
2024-01-06;MRALEXX8745-WORK.ru;
2024-01-06;MRBO-BOLOHOV.ru;
2024-01-06;MRHURACAN.ru;
2024-01-06;MRP5.ru;
2024-01-06;MRSBOGATOVA.ru;
2024-01-06;MS63O8F.ru;
2024-01-06;MSA231FA.ru;
2024-01-06;MSK-1C.ru;
2024-01-06;MSK12.ru;
2024-01-06;MSYR.ru;
2024-01-06;MT0.ru;
2024-01-06;MTSENS.ru;
2024-01-06;MTVDITYD.ru;
2024-01-06;MUHOMORY93.ru;
2024-01-06;MUKANAEVA.ru;
2024-01-06;MUSHANOVA.ru;
2024-01-06;MUSIC-SNIPPETS.ru;
2024-01-06;MUTANT1752.ru;
2024-01-06;MUZEJKOLOMENSKOGOPRJANIKA.ru;
2024-01-06;MXVAR.ru;
2024-01-06;MY-CAKE.ru;
2024-01-06;MYAIEXPERT.ru;
2024-01-06;MYAVTOSERVIS.ru;
2024-01-06;MYDOMENONLY.ru;
2024-01-06;MYGCHINAANDREI.ru;
2024-01-06;MYPHOTOMEMORY.ru;
2024-01-06;MYSUPERSITES.ru;
2024-01-06;MYTESTDOMAIN2.ru;
2024-01-06;MYTGB.ru;
2024-01-06;MYZHNINADOMUMY24.ru;
2024-01-06;MZIMAN.ru;
2024-01-06;N94GI8S.ru;
2024-01-06;NA-VYBORY.ru;
2024-01-06;NABORCHASOV.ru;
2024-01-06;NABORNOSKOV.ru;
2024-01-06;NADEZHKINA-1.ru;
2024-01-06;NADVORETRAVA.ru;
2024-01-06;NADYA-MUSIC.ru;
2024-01-06;NADYATOCHKARU.ru;
2024-01-06;NAFANT111.ru;
2024-01-06;NAIFRIT.ru;
2024-01-06;NAISYS.ru;
2024-01-06;NAIVAEN.ru;
2024-01-06;NAKLEYKANN.ru;
2024-01-06;NANOGTYAX-SPB.ru;
2024-01-06;NASHA-KVASHA.ru;
2024-01-06;NATALINAZUEVA.ru;
2024-01-06;NATAPLU.ru;
2024-01-06;NATIONALLLOTTERY.ru;
2024-01-06;NATIONALOTTERY.ru;
2024-01-06;NATURA-RESTO.ru;
2024-01-06;NAVYBORY.ru;
2024-01-06;NAZARI-NAZRI.ru;
2024-01-06;NAZZZIA.ru;
2024-01-06;NCHICHURA.ru;
2024-01-06;ND-SERVICE.ru;
2024-01-06;NENASTYAZ.ru;
2024-01-06;NEON850.ru;
2024-01-06;NEOTERA.ru;
2024-01-06;NESTOR-SPB.ru;
2024-01-06;NETMYX.ru;
2024-01-06;NEURO-TEXT.ru;
2024-01-06;NEUROFLAVOR.ru;
2024-01-06;NEUROMARKETING-DIGITAL.ru;
2024-01-06;NEVSTOL-NVRS.ru;
2024-01-06;NEWAVTOSERVIS.ru;
2024-01-06;NEWCLEANSOLUTIONS.ru;
2024-01-06;NEWGBK.ru;
2024-01-06;NEWLIGHT-STYLE.ru;
2024-01-06;NEWS-ITE.ru;
2024-01-06;NEWSPORTALPRO.ru;
2024-01-06;NEWSREELS.ru;
2024-01-06;NEWSREKLAMA.ru;
2024-01-06;NEWTIMER.ru;
2024-01-06;NEWTONECLUB.ru;
2024-01-06;NGGDROP.ru;
2024-01-06;NIAZIT.ru;
2024-01-06;NICEHOSTEL33.ru;
2024-01-06;NIK159.ru;
2024-01-06;NIKOLAYZHDANOV.ru;
2024-01-06;NILANTRIUS.ru;
2024-01-06;NKOSHKAROV.ru;
2024-01-06;NLISTOVA.ru;
2024-01-06;NN-EVENT.ru;
2024-01-06;NOCOUNTERFEIT.ru;
2024-01-06;NOSKISTORE.ru;
2024-01-06;NOTAKANGA.ru;
2024-01-06;NOTESCOACH.ru;
2024-01-06;NOTICE-BOARD-FREE-KZ.ru;
2024-01-06;NOVACERAMIC.ru;
2024-01-06;NOVIKOV-MEDIA.ru;
2024-01-06;NOVIKOVSPB.ru;
2024-01-06;NOVIVECTOR.ru;
2024-01-06;NOVIYGODIDZEN.ru;
2024-01-06;NOVOSIBIRSK-GOROD.ru;
2024-01-06;NOZHNITSYART.ru;
2024-01-06;NPUCHKOV.ru;
2024-01-06;NS45.ru;
2024-01-06;NT2005.ru;
2024-01-06;NUDE-SERVICE.ru;
2024-01-06;NULLHOOK.ru;
2024-01-06;NURKENOVA.ru;
2024-01-06;NUTAK.ru;
2024-01-06;NUTQ.ru;
2024-01-06;NZAVOROHIN.ru;
2024-01-06;NZLO.ru;
2024-01-06;NZVUXLM.ru;
2024-01-06;OAKTREE-ENGLISH.ru;
2024-01-06;OCAGO-RAY.ru;
2024-01-06;OCHAROVANIE-RASTENIYI.ru;
2024-01-06;OCHKIOPRAVI.ru;
2024-01-06;OFD-ORD1252.ru;
2024-01-06;OFD-ORD3185.ru;
2024-01-06;OFD-ORD3431.ru;
2024-01-06;OFD-ORD3528.ru;
2024-01-06;OFD-ORD3832.ru;
2024-01-06;OFD-ORD5100.ru;
2024-01-06;OFD-ORD5427.ru;
2024-01-06;OFD-ORD6649.ru;
2024-01-06;OFD-ORD7090.ru;
2024-01-06;OFD-ORD7878.ru;
2024-01-06;OFD-ORD8021.ru;
2024-01-06;OFD-ORD8238.ru;
2024-01-06;OFD-ORD9303.ru;
2024-01-06;OFD-ORD9457.ru;
2024-01-06;OFD-ORD9873.ru;
2024-01-06;OFD4176.ru;
2024-01-06;OFD5908.ru;
2024-01-06;OFD7462.ru;
2024-01-06;OFFICIAL-SITE-VAVADA.ru;
2024-01-06;OFP-PROFI.ru;
2024-01-06;OGE2025.ru;
2024-01-06;OGE2026.ru;
2024-01-06;OGE2027.ru;
2024-01-06;OGE2028.ru;
2024-01-06;OGE2029.ru;
2024-01-06;OGE2030.ru;
2024-01-06;OGERULES.ru;
2024-01-06;OGG-BEAUTY.ru;
2024-01-06;OHTACITY.ru;
2024-01-06;OIU-SHOP.ru;
2024-01-06;OJESE.ru;
2024-01-06;OJUHCZI.ru;
2024-01-06;OKBARA.ru;
2024-01-06;OKEANLETA.ru;
2024-01-06;OKNAHITECHE.ru;
2024-01-06;OLD-MIX.ru;
2024-01-06;OLDTAVERN.ru;
2024-01-06;OLEG-PLOTNIKOV.ru;
2024-01-06;OLEGDESHUK.ru;
2024-01-06;OLESYAFEDOROVA.ru;
2024-01-06;OLGA-SIVAK.ru;
2024-01-06;OLLFO.ru;
2024-01-06;OLOLOFO.ru;
2024-01-06;OMAHOVA.ru;
2024-01-06;OMNIAGRO.ru;
2024-01-06;ONE-HOSTINGI.ru;
2024-01-06;ONEFACT.ru;
2024-01-06;ONEROX.ru;
2024-01-06;ONGELDIG7371-SERVICEINTERNATIONAAL.ru;
2024-01-06;ONION-KASINO.ru;
2024-01-06;ONLIMOVE.ru;
2024-01-06;ONLINE-LPU.ru;
2024-01-06;ONLINE-PROFITS.ru;
2024-01-06;ONLINEFIT3D.ru;
2024-01-06;ONLINEKASSIRS.ru;
2024-01-06;ONLINEWORK83.ru;
2024-01-06;ONSTYLESALON.ru;
2024-01-06;OOOKOMILFO.ru;
2024-01-06;OORG1.ru;
2024-01-06;OPENKROKZO.ru;
2024-01-06;OPENMP-RP.ru;
2024-01-06;OPENSOURCE360.ru;
2024-01-06;OPLATA3273.ru;
2024-01-06;OPLATA3283.ru;
2024-01-06;OPTOMSIMBEZLIM.ru;
2024-01-06;OPTSTYLES.ru;
2024-01-06;ORD2140.ru;
2024-01-06;ORD389285.ru;
2024-01-06;ORDER-1200.ru;
2024-01-06;ORDER-1580.ru;
2024-01-06;ORDER-4653.ru;
2024-01-06;ORDER-8266.ru;
2024-01-06;ORDER-ID4662.ru;
2024-01-06;ORDER-ID8710.ru;
2024-01-06;ORDER0688.ru;
2024-01-06;ORDER2901.ru;
2024-01-06;ORDER5087.ru;
2024-01-06;ORDER5648.ru;
2024-01-06;ORDER7690.ru;
2024-01-06;ORDER8001.ru;
2024-01-06;ORDER8099.ru;
2024-01-06;ORDER9070.ru;
2024-01-06;ORGEAF.ru;
2024-01-06;ORGEAP.ru;
2024-01-06;ORTOMEDICINE.ru;
2024-01-06;OSAFTV.ru;
2024-01-06;OSKINAAA.ru;
2024-01-06;OST790.ru;
2024-01-06;OSTEKLENIE-BALKONOV-MSK.ru;
2024-01-06;OSTRALIST.ru;
2024-01-06;OSTROVERKHOVA.ru;
2024-01-06;OTDELKA-BALKONA-CHELYABINSK.ru;
2024-01-06;OTDELKA-BALKONA-KRD.ru;
2024-01-06;OTDELKA-BALKONA-VRN.ru;
2024-01-06;OTOCLINIC.ru;
2024-01-06;OTT-1.ru;
2024-01-06;OTTOJUNKER.ru;
2024-01-06;OTVETY-TESTY.ru;
2024-01-06;OUTLETSALE2024.ru;
2024-01-06;OUTLETSHOP2024.ru;
2024-01-06;OVANIK.ru;
2024-01-06;OVERSEAS-REAL-ESTATE.ru;
2024-01-06;OXIMITOXAMIN.ru;
2024-01-06;OZAVARINA.ru;
2024-01-06;OZON-PUNKT.ru;
2024-01-06;PADELMAG.ru;
2024-01-06;PAGAST.ru;
2024-01-06;PAIZON.ru;
2024-01-06;PAKETON24.ru;
2024-01-06;PALUNIN.ru;
2024-01-06;PANABRIKO.ru;
2024-01-06;PANDORACPES.ru;
2024-01-06;PANEESALAME.ru;
2024-01-06;PANEL-KI.ru;
2024-01-06;PAPILIN-ARBITR.ru;
2024-01-06;PARADNICOLE.ru;
2024-01-06;PARIFRIBET.ru;
2024-01-06;PARKKUR.ru;
2024-01-06;PART1R.ru;
2024-01-06;PARTNER-HOST.ru;
2024-01-06;PARTNERKID.ru;
2024-01-06;PARTNERPROWEB.ru;
2024-01-06;PARTNERSHIP-CLUB.ru;
2024-01-06;PARTNERSHIP-SUCCESS.ru;
2024-01-06;PASLAIN.ru;
2024-01-06;PASSGAM.ru;
2024-01-06;PASSGAMES.ru;
2024-01-06;PASSGEME.ru;
2024-01-06;PASSINE.ru;
2024-01-06;PASSLAIN.ru;
2024-01-06;PASSLANE.ru;
2024-01-06;PASSLIEN.ru;
2024-01-06;PASSLIN.ru;
2024-01-06;PATCHERLUCKY.ru;
2024-01-06;PAVELSOYFER.ru;
2024-01-06;PAVLOVA1204.ru;
2024-01-06;PAWSYMASKED-MC.ru;
2024-01-06;PAY-ID098431.ru;
2024-01-06;PAY-ID103543.ru;
2024-01-06;PAY-ID124742.ru;
2024-01-06;PAY-ID317312.ru;
2024-01-06;PAY-ID345611.ru;
2024-01-06;PAY-ID492013.ru;
2024-01-06;PAY-ID5416.ru;
2024-01-06;PAY-ID6571.ru;
2024-01-06;PAY-ID729014.ru;
2024-01-06;PAY-ID753622.ru;
2024-01-06;PAY-ID765234.ru;
2024-01-06;PAY-ID789431.ru;
2024-01-06;PAY-ID832114.ru;
2024-01-06;PAY-ID890733.ru;
2024-01-06;PAY720653.ru;
2024-01-06;PAYDEF.ru;
2024-01-06;PAYDEFOULTED.ru;
2024-01-06;PAYMENT-256.ru;
2024-01-06;PAYMENT-257.ru;
2024-01-06;PAYMENT-258.ru;
2024-01-06;PAYMENT-259.ru;
2024-01-06;PAYMENT-260.ru;
2024-01-06;PAYMENT-261.ru;
2024-01-06;PAYNEST.ru;
2024-01-06;PEAST.ru;
2024-01-06;PECHI-IZ-TALKOHLORITA-24.ru;
2024-01-06;PEDAST.ru;
2024-01-06;PEGADT.ru;
2024-01-06;PEGASY.ru;
2024-01-06;PEGATS.ru;
2024-01-06;PEGST.ru;
2024-01-06;PEN1.ru;
2024-01-06;PENKOV-1.ru;
2024-01-06;PENOBETONURAL.ru;
2024-01-06;PENTKADASHA.ru;
2024-01-06;PEOPLES-FAVORITE.ru;
2024-01-06;PERETYAZHKASUPER.ru;
2024-01-06;PERFECT-WATCH-CENTER.ru;
2024-01-06;PERFECTWATCHCENTER.ru;
2024-01-06;PERM-MY-MAIL.ru;
2024-01-06;PERMACULTURY.ru;
2024-01-06;PETRUSHKOVI.ru;
2024-01-06;PGAST.ru;
2024-01-06;PGWS.ru;
2024-01-06;PHANTOM-MOSCOW.ru;
2024-01-06;PHOQUE.ru;
2024-01-06;PHREMEZOVA.ru;
2024-01-06;PHYS9.ru;
2024-01-06;PIERCINGORENBURG.ru;
2024-01-06;PIERCINGZONE.ru;
2024-01-06;PIERREBOSSI.ru;
2024-01-06;PIKNIKVSADU.ru;
2024-01-06;PIKUREMONTNOYTBUK24.ru;
2024-01-06;PIN-UP-CASINO-1-24.ru;
2024-01-06;PIN-UP-CASINO-2-24.ru;
2024-01-06;PIN-UP-CASINO-3-24.ru;
2024-01-06;PIN-UP808.ru;
2024-01-06;PIPELINE-WALD.ru;
2024-01-06;PIPELINE-WEB.ru;
2024-01-06;PIPELINEWEB.ru;
2024-01-06;PIROGI-LG.ru;
2024-01-06;PISKUNOVALEXANDER.ru;
2024-01-06;PIX1.ru;
2024-01-06;PIXEL-MINE.ru;
2024-01-06;PIZDAKOTENKY.ru;
2024-01-06;PK-EMPIRE.ru;
2024-01-06;PKERN.ru;
2024-01-06;PLAKSIN-TOP.ru;
2024-01-06;PLANTFOCUS.ru;
2024-01-06;PLAST-TOP.ru;
2024-01-06;PLAY-DADDY.ru;
2024-01-06;PLAY-FORTUNA-1CASINO.ru;
2024-01-06;PLAY-TODAY1.ru;
2024-01-06;PLAY-TODAY2.ru;
2024-01-06;PLAY2XXM.ru;
2024-01-06;PLAYDADDY.ru;
2024-01-06;PLAYONLINEDADDY.ru;
2024-01-06;PLAYSFORTUNA.ru;
2024-01-06;PLAYWAR.ru;
2024-01-06;PLAYXSOCIALXCASINOX.ru;
2024-01-06;PLESHAKOV06.ru;
2024-01-06;PLINTUS-OK.ru;
2024-01-06;PLITKA-FEM.ru;
2024-01-06;PLOTNIKOV91.ru;
2024-01-06;PMRESALE.ru;
2024-01-06;PN-SOFT.ru;
2024-01-06;PNEVMA-SPB.ru;
2024-01-06;PODOROVA.ru;
2024-01-06;POEHALIKARELIA.ru;
2024-01-06;POETHOUSE.ru;
2024-01-06;POETS2.ru;
2024-01-06;POGRUZCHIK-VILOCHNYY.ru;
2024-01-06;POINT-SHOW.ru;
2024-01-06;POLIGENM.ru;
2024-01-06;POLINA-BRYLEVA.ru;
2024-01-06;POLISED.ru;
2024-01-06;POMOGAEV70.ru;
2024-01-06;POMOGU1C.ru;
2024-01-06;PONTELEEV.ru;
2024-01-06;POOLNSK.ru;
2024-01-06;POPOV2.ru;
2024-01-06;POPOVAAE.ru;
2024-01-06;PORTNOVEK.ru;
2024-01-06;PORTRETCLIENTA.ru;
2024-01-06;PORTRETKLIENTA.ru;
2024-01-06;PORYADOK-HR.ru;
2024-01-06;POSITIVEFORHEALTH.ru;
2024-01-06;POSSHLLYAK.ru;
2024-01-06;POTYOMKINA.ru;
2024-01-06;POWDER-MIXER.ru;
2024-01-06;POWLEAN.ru;
2024-01-06;PRAZDNK.ru;
2024-01-06;PRED-SHKOLA.ru;
2024-01-06;PREEVENT.ru;
2024-01-06;PREEVENTS.ru;
2024-01-06;PREMIUMTGBOT.ru;
2024-01-06;PRIDE-SOCIETY.ru;
2024-01-06;PRIME-X-STUDIO.ru;
2024-01-06;PRIMEXSTUDIO.ru;
2024-01-06;PRINTER-PERM.ru;
2024-01-06;PRINTMSW.ru;
2024-01-06;PRINTWISE.ru;
2024-01-06;PRIUT-SUN.ru;
2024-01-06;PRIVATKI.ru;
2024-01-06;PRO-DOXOD.ru;
2024-01-06;PRO-HOSTING1.ru;
2024-01-06;PRO-PLASTER25.ru;
2024-01-06;PRO-PLASTER58.ru;
2024-01-06;PRO-SGAVTO.ru;
2024-01-06;PRO-SVOBODU.ru;
2024-01-06;PROAQUALION.ru;
2024-01-06;PROAVTOINFO.ru;
2024-01-06;PRODUCT-7.ru;
2024-01-06;PRODUCTION-LOGISTICS.ru;
2024-01-06;PRODUCTIZDEREVNI.ru;
2024-01-06;PRODUKTYFERMERA.ru;
2024-01-06;PRODUKTYIZDEREVNI.ru;
2024-01-06;PROEKT-PROF.ru;
2024-01-06;PROF-HOST.ru;
2024-01-06;PROFESSOR-GOGIN5.ru;
2024-01-06;PROFI-HOSTING.ru;
2024-01-06;PROFSTORUS.ru;
2024-01-06;PROGNOZE.ru;
2024-01-06;PROGREBIMILLION.ru;
2024-01-06;PROGRESS-AO.ru;
2024-01-06;PROJECTASU.ru;
2024-01-06;PROJECTX-HOOKAH.ru;
2024-01-06;PROKMARGO.ru;
2024-01-06;PROKRIPTA.ru;
2024-01-06;PROKRIPTO.ru;
2024-01-06;PROMENAD-KRD.ru;
2024-01-06;PROMIR-123.ru;
2024-01-06;PROMISHLENNOE-ZRENIE.ru;
2024-01-06;PROMO-NEDV.ru;
2024-01-06;PRONQX.ru;
2024-01-06;PROPEREEZD24.ru;
2024-01-06;PROPINSIDER.ru;
2024-01-06;PROPWORKSHOP.ru;
2024-01-06;PRORASTIM.ru;
2024-01-06;PROSEOPLUS.ru;
2024-01-06;PROSHARLI.ru;
2024-01-06;PROSTKURS.ru;
2024-01-06;PROSTOZABEJ.ru;
2024-01-06;PROTECHCONST.ru;
2024-01-06;PROVAVADA.ru;
2024-01-06;PS69X.ru;
2024-01-06;PSE67.ru;
2024-01-06;PSIHOLOG-AHRAMENKO-I-V.ru;
2024-01-06;PSYCHOLOGISTLTV.ru;
2024-01-06;PSYCOSMOS.ru;
2024-01-06;PUFFPOINT.ru;
2024-01-06;PUTEVKALAGER.ru;
2024-01-06;PYATOV-SMIRNOVA.ru;
2024-01-06;PYTHLEARN.ru;
2024-01-06;PYVLGDJG.ru;
2024-01-06;PZLWH1K.ru;
2024-01-06;Q-MIDPASS.ru;
2024-01-06;QAZAZU.ru;
2024-01-06;QDESHUK.ru;
2024-01-06;QLUB-LEDI-X.ru;
2024-01-06;QLV0UNI.ru;
2024-01-06;QT3LG9K.ru;
2024-01-06;QTOZDES.ru;
2024-01-06;QUANTUM-BIT.ru;
2024-01-06;QUBAND.ru;
2024-01-06;QUE-GROUP.ru;
2024-01-06;QUICK-FINOFF18.ru;
2024-01-06;QUIZ-VACANCY.ru;
2024-01-06;QUIZGURU.ru;
2024-01-06;QUQUEQE.ru;
2024-01-06;RA1PH-7QDGWBF4.ru;
2024-01-06;RABOTABANKROTSTVA.ru;
2024-01-06;RADA-LIFE.ru;
2024-01-06;RADAKRASNODAR.ru;
2024-01-06;RADANVI.ru;
2024-01-06;RADIO-CONTROL.ru;
2024-01-06;RADIO-EFIR-ONLINE.ru;
2024-01-06;RAGE-RPG.ru;
2024-01-06;RAGERPG.ru;
2024-01-06;RAIS-ROLEPLAY.ru;
2024-01-06;RAMAZANKIMPAEV.ru;
2024-01-06;RAMAZANOVA-RAMAZANOVA.ru;
2024-01-06;RAMENBET-AMP1.ru;
2024-01-06;RAMENBET-AMP6.ru;
2024-01-06;RAMENBET-AMP7.ru;
2024-01-06;RAMENBET-AMP8.ru;
2024-01-06;RAMZAN1.ru;
2024-01-06;RANOBEHUB.ru;
2024-01-06;RASPUTINVLZ.ru;
2024-01-06;RATNER-1.ru;
2024-01-06;RAUANBAH.ru;
2024-01-06;RAVAGECUBE.ru;
2024-01-06;RAY-ONE.ru;
2024-01-06;RAYON-ONLINE.ru;
2024-01-06;RB-DEZ.ru;
2024-01-06;RBT-ONE.ru;
2024-01-06;RDHOLRUSS.ru;
2024-01-06;REACTZARIPOV.ru;
2024-01-06;REAL-STROY-74.ru;
2024-01-06;RECHKINA-1.ru;
2024-01-06;REDWOODFAMQ-GTA5RP.ru;
2024-01-06;REGION74GAME.ru;
2024-01-06;REMEMBERGO.ru;
2024-01-06;REMISH79-1.ru;
2024-01-06;REMONT-TELEFONOV-KOLOMNA.ru;
2024-01-06;REMONT-VANNOI-KAZAN.ru;
2024-01-06;REMONTCARSERVIS.ru;
2024-01-06;REMONTEZEHLPMI24.ru;
2024-01-06;REMONTOPLAN.ru;
2024-01-06;RENATQA.ru;
2024-01-06;RENDER22.ru;
2024-01-06;RENT-FOUND.ru;
2024-01-06;RENT-RAY.ru;
2024-01-06;RENT-SWAP.ru;
2024-01-06;RENTWEBHOSTING.ru;
2024-01-06;REPAIR-EQUIPMENT.ru;
2024-01-06;REPLICALUXURY.ru;
2024-01-06;REROHENN.ru;
2024-01-06;RESISTANCY.ru;
2024-01-06;RESPOYG.ru;
2024-01-06;REVOSERVICE.ru;
2024-01-06;REVUELTA.ru;
2024-01-06;REWARDC-OFF-GARENA.ru;
2024-01-06;RFO-UPDATE.ru;
2024-01-06;RGPRINT.ru;
2024-01-06;RIABKONV.ru;
2024-01-06;RIASCOOTERCLUB.ru;
2024-01-06;RIBNOEMESTOMAGAZIN.ru;
2024-01-06;RICOH-AFICIO-SP100.ru;
2024-01-06;RICOH-SP-150.ru;
2024-01-06;RIGATV.ru;
2024-01-06;RIKONDEVCRM.ru;
2024-01-06;RINARCH.ru;
2024-01-06;RINEYSKAYA.ru;
2024-01-06;RIOBET-2024-1.ru;
2024-01-06;RIOBET-2024-2.ru;
2024-01-06;RIOBET-2024-3.ru;
2024-01-06;RIONMINE.ru;
2024-01-06;RITSAFE.ru;
2024-01-06;RITUALV.ru;
2024-01-06;RITUALZ.ru;
2024-01-06;RK54.ru;
2024-01-06;RLDANNNA.ru;
2024-01-06;ROBOLOGIA.ru;
2024-01-06;ROBOSAD.ru;
2024-01-06;ROBOTIP.ru;
2024-01-06;ROCMUSIC.ru;
2024-01-06;ROLL5G.ru;
2024-01-06;ROLLRENTCAR.ru;
2024-01-06;ROMA1.ru;
2024-01-06;ROMAN-FILATOV.ru;
2024-01-06;ROMANENKOFAMILY.ru;
2024-01-06;ROMANKOPYLOV.ru;
2024-01-06;ROMANOVSKAYAEVGENIYA.ru;
2024-01-06;ROMANOVSKAYAPROYAVLENIE.ru;
2024-01-06;ROMANTIC-MOSCOW13.ru;
2024-01-06;ROMANTICSKY12.ru;
2024-01-06;ROMIXNETWORK.ru;
2024-01-06;ROMZING.ru;
2024-01-06;ROOFRACKS.ru;
2024-01-06;ROOM-TRAVELS.ru;
2024-01-06;ROSE12.ru;
2024-01-06;ROSEOPT-TOMSK.ru;
2024-01-06;ROSEOPTTOMSK.ru;
2024-01-06;ROSLAVLBAZAASSORTI.ru;
2024-01-06;ROYAL-MODELS.ru;
2024-01-06;RP5RU.ru;
2024-01-06;RPASTRONE.ru;
2024-01-06;RSADCHIKOV.ru;
2024-01-06;RSWS.ru;
2024-01-06;RTK-PROVIDER.ru;
2024-01-06;RU-6PAYMENTS.ru;
2024-01-06;RU-ID7728.ru;
2024-01-06;RU-SECURITY3278.ru;
2024-01-06;RU-WPAYS.ru;
2024-01-06;RUS-6321.ru;
2024-01-06;RUSLO-FEST.ru;
2024-01-06;RUSLOFEST.ru;
2024-01-06;RUSMUZEUM.ru;
2024-01-06;RUSSKAYAFILOSOFIYA.ru;
2024-01-06;RUSSKOEKRAEVEDENIE.ru;
2024-01-06;RUSSKOEPRAVOSLAVIE.ru;
2024-01-06;RUST-PLAY.ru;
2024-01-06;RUSTAMFATTAKHOV.ru;
2024-01-06;RUSTY-BATTERY.ru;
2024-01-06;RUSTYLOCK.ru;
2024-01-06;RUYA-EXPRESS.ru;
2024-01-06;RYBOLOV-MARKETPLACE.ru;
2024-01-06;RYBOLOVMARKETPLACE.ru;
2024-01-06;RYSKALOV.ru;
2024-01-06;RZHANITSIN.ru;
2024-01-06;S-VAVADA-B.ru;
2024-01-06;S-VOTTING.ru;
2024-01-06;SAAPERFUME.ru;
2024-01-06;SADDOCTOR.ru;
2024-01-06;SADIMICHURINA.ru;
2024-01-06;SAFAROVGASAN.ru;
2024-01-06;SAFONOVOBTI.ru;
2024-01-06;SAHAYRGA.ru;
2024-01-06;SAITVISITKA.ru;
2024-01-06;SAKHTWO.ru;
2024-01-06;SALESHOPS2024.ru;
2024-01-06;SALIMIPOTEKA.ru;
2024-01-06;SALONMASSAGA.ru;
2024-01-06;SAMOLETPIUS.ru;
2024-01-06;SAMORAZVITIELOV.ru;
2024-01-06;SAMRRUS.ru;
2024-01-06;SANDME.ru;
2024-01-06;SANDUGASH.ru;
2024-01-06;SANTEHPULS.ru;
2024-01-06;SANTEKH-MSK.ru;
2024-01-06;SANTEKHNIKI-MSK.ru;
2024-01-06;SARAH73.ru;
2024-01-06;SARCAZY.ru;
2024-01-06;SASHA33.ru;
2024-01-06;SATANIK.ru;
2024-01-06;SAVINAULYA-MUZRUK.ru;
2024-01-06;SAVOSTIANOV.ru;
2024-01-06;SBODNARUK.ru;
2024-01-06;SCAN-PRINT.ru;
2024-01-06;SCANDALISTS.ru;
2024-01-06;SCHOOLALBOM.ru;
2024-01-06;SCRITT.ru;
2024-01-06;SCY1.ru;
2024-01-06;SD131.ru;
2024-01-06;SDELKA2382.ru;
2024-01-06;SDM3.ru;
2024-01-06;SEGUER0.ru;
2024-01-06;SELSAD.ru;
2024-01-06;SEMANTIC-CODE.ru;
2024-01-06;SEMANTICCODE.ru;
2024-01-06;SEMENA-AELITA.ru;
2024-01-06;SEMENA-AILITA.ru;
2024-01-06;SEMENAAELITA.ru;
2024-01-06;SEMENAAILITA.ru;
2024-01-06;SEND-IT-OUT.ru;
2024-01-06;SENSE-SPACE.ru;
2024-01-06;SENSEBANK.ru;
2024-01-06;SER200382.ru;
2024-01-06;SERAL-RASHA.ru;
2024-01-06;SEREGASMOSTOV.ru;
2024-01-06;SERGEY-RYZHOV.ru;
2024-01-06;SERGEYDMITR.ru;
2024-01-06;SERV4ME.ru;
2024-01-06;SERVER2021.ru;
2024-01-06;SERVERY-GTA-RP.ru;
2024-01-06;SERVICE-3279.ru;
2024-01-06;SERVICE-STANKOV.ru;
2024-01-06;SERVICESTAV.ru;
2024-01-06;SERVIGUR.ru;
2024-01-06;SERVOHOSTPRO.ru;
2024-01-06;SERYSHEV-1.ru;
2024-01-06;SESHAS.ru;
2024-01-06;SET-STORE.ru;
2024-01-06;SET4EMKSDR.ru;
2024-01-06;SETEVOE-SHOP.ru;
2024-01-06;SEVAP.ru;
2024-01-06;SEWINGS72.ru;
2024-01-06;SEXYMILFS.ru;
2024-01-06;SEXYMILFSCHAT.ru;
2024-01-06;SFERA-BARNAUL.ru;
2024-01-06;SHADIHANANI.ru;
2024-01-06;SHARIKOK.ru;
2024-01-06;SHCH-ANNA-PREMIUM.ru;
2024-01-06;SHELFING.ru;
2024-01-06;SHIELD-MSC.ru;
2024-01-06;SHIMANOSTORE.ru;
2024-01-06;SHISHOV-PRO.ru;
2024-01-06;SHKADIN.ru;
2024-01-06;SHKAFYIKUHNI.ru;
2024-01-06;SHMOTKU.ru;
2024-01-06;SHN-LEGAL.ru;
2024-01-06;SHNYR-KURYER.ru;
2024-01-06;SHOESFORSEA.ru;
2024-01-06;SHOP2024BEST.ru;
2024-01-06;SHOPS2024CHEAPS.ru;
2024-01-06;SHOPSALES2024.ru;
2024-01-06;SHOPVMITINO.ru;
2024-01-06;SHTAIN.ru;
2024-01-06;SHUSHANNA.ru;
2024-01-06;SHVABRACOM.ru;
2024-01-06;SHVEYTSARSKIE-CHASY.ru;
2024-01-06;SIG-3178.ru;
2024-01-06;SIGNALY-NA-SPORT.ru;
2024-01-06;SIGNREVISION.ru;
2024-01-06;SIGSON.ru;
2024-01-06;SIKCCRU.ru;
2024-01-06;SIKCCV.ru;
2024-01-06;SIKCVV.ru;
2024-01-06;SIKT0R.ru;
2024-01-06;SILENTOV.ru;
2024-01-06;SILVACAT.ru;
2024-01-06;SILVER-COIN.ru;
2024-01-06;SIMASHKA.ru;
2024-01-06;SIMPLE-BUSINESS.ru;
2024-01-06;SIMPLEFEST.ru;
2024-01-06;SINYAGINA-IT.ru;
2024-01-06;SIROVANDREY.ru;
2024-01-06;SISTEMA-X.ru;
2024-01-06;SITRAK-HOWO67.ru;
2024-01-06;SK-ARKHAN.ru;
2024-01-06;SK-MAX-MONTAGE.ru;
2024-01-06;SK-PITT.ru;
2024-01-06;SK-STROIMAKS.ru;
2024-01-06;SKIBIDIGAME.ru;
2024-01-06;SKILLITONS.ru;
2024-01-06;SKIPAD.ru;
2024-01-06;SKIWE.ru;
2024-01-06;SKKKATYA.ru;
2024-01-06;SKLLAD.ru;
2024-01-06;SKOLKOZAPLATILO100ZAUZNATSKOLKOZAPLATILO100.ru;
2024-01-06;SKPROXIMA.ru;
2024-01-06;SKRYABINEM.ru;
2024-01-06;SKULLGIRLS.ru;
2024-01-06;SKURYSHKO.ru;
2024-01-06;SKVETKIN.ru;
2024-01-06;SKWLKRFLM.ru;
2024-01-06;SKYNETVIDEO.ru;
2024-01-06;SL-HOROSCOPE.ru;
2024-01-06;SLADKII-DOMIK.ru;
2024-01-06;SLAVICA7.ru;
2024-01-06;SLAVUY.ru;
2024-01-06;SLBZ.ru;
2024-01-06;SLEEPINGWELL.ru;
2024-01-06;SLIVGRAM.ru;
2024-01-06;SLLOVOLPACAANA.ru;
2024-01-06;SLO-VO-PACANA.ru;
2024-01-06;SLO-VO-PACANA-1-8.ru;
2024-01-06;SLOBODCHICKOVKIRILL.ru;
2024-01-06;SLOTOZAL-KASIN2.ru;
2024-01-06;SLOVO-PACONA-1S.ru;
2024-01-06;SLOVO-PACONA8S.ru;
2024-01-06;SLOVO-PACONAVSE.ru;
2024-01-06;SLOVOMARKETOLOGA.ru;
2024-01-06;SLOVOPACANDY.ru;
2024-01-06;SLOVOPACANRE.ru;
2024-01-06;SLOVOPACANVBA.ru;
2024-01-06;SLOVOPACANZHA.ru;
2024-01-06;SLOVOPACDU.ru;
2024-01-06;SLOVOPACONA8S.ru;
2024-01-06;SLOVOPATSANAKROV.ru;
2024-01-06;SLOVOPOCANAD.ru;
2024-01-06;SLOVOPOCANAQE.ru;
2024-01-06;SLOVOPOCANAVE.ru;
2024-01-06;SLOVOPOCANAWA.ru;
2024-01-06;SLOVVO-PACANA-1-8.ru;
2024-01-06;SLOVVVO-PACANA.ru;
2024-01-06;SMAMINA.ru;
2024-01-06;SMART-ITCENTER.ru;
2024-01-06;SMARTFIT74.ru;
2024-01-06;SMARTFUELING3.ru;
2024-01-06;SMARTORIX.ru;
2024-01-06;SMARTSDELKA.ru;
2024-01-06;SMARTSDIRECT.ru;
2024-01-06;SMEGR.ru;
2024-01-06;SMITLER.ru;
2024-01-06;SMKABANOV.ru;
2024-01-06;SMMACADEMY-NN8.ru;
2024-01-06;SMMACADEMY-NN9.ru;
2024-01-06;SMMGELAZUTDINOV.ru;
2024-01-06;SMMKNIGA.ru;
2024-01-06;SMOKER1994123.ru;
2024-01-06;SMOOR.ru;
2024-01-06;SMWGROUP.ru;
2024-01-06;SNAPVISION.ru;
2024-01-06;SNEGOHOD-YAMAHA.ru;
2024-01-06;SNEGOUBORCHIK.ru;
2024-01-06;SNOVDOM.ru;
2024-01-06;SNYUK.ru;
2024-01-06;SOCHI-MK1.ru;
2024-01-06;SOFYASIMONOVA.ru;
2024-01-06;SOKHAN.ru;
2024-01-06;SOKOLOV1986.ru;
2024-01-06;SOKYWOO.ru;
2024-01-06;SOLOGEL.ru;
2024-01-06;SOLOVEY27.ru;
2024-01-06;SONIC-SPB.ru;
2024-01-06;SONUM-RU.ru;
2024-01-06;SOPROVOZHDENIYE.ru;
2024-01-06;SOPSKORYI56.ru;
2024-01-06;SORTECHPARTS.ru;
2024-01-06;SOTNIKOVV.ru;
2024-01-06;SP-FLOOR.ru;
2024-01-06;SPB-KJ.ru;
2024-01-06;SPB-KOSMETOLOGIYA.ru;
2024-01-06;SPB-NEDV.ru;
2024-01-06;SPB55.ru;
2024-01-06;SPBAV.ru;
2024-01-06;SPBFLT.ru;
2024-01-06;SPBLEROYMERLIN.ru;
2024-01-06;SPBPSU.ru;
2024-01-06;SPETSODEZHDA-EKATERINBURG.ru;
2024-01-06;SPISLIT.ru;
2024-01-06;SPORT-BOOKMAKERS.ru;
2024-01-06;SPORTFIT74.ru;
2024-01-06;SPORTFIT84.ru;
2024-01-06;SPORTMARKET-DONETSK.ru;
2024-01-06;SPORTPLATFORMA.ru;
2024-01-06;SPPOTOLKI.ru;
2024-01-06;SPRINGENERGIZED-SEAL.ru;
2024-01-06;SRN33S.ru;
2024-01-06;SRVALL.ru;
2024-01-06;SSEBA.ru;
2024-01-06;SSLOVOLPACAANA.ru;
2024-01-06;SSOFJA.ru;
2024-01-06;ST0704.ru;
2024-01-06;STABILIS72-DOM.ru;
2024-01-06;STAND2NOOJIIK.ru;
2024-01-06;STANDBAR-KVARTIRA.ru;
2024-01-06;STANDOFCLICKER.ru;
2024-01-06;STANDUP-FADED.ru;
2024-01-06;STANDUP-HALES.ru;
2024-01-06;STANISLAVNAME.ru;
2024-01-06;STARS-HOSTING.ru;
2024-01-06;STARSHINOVY.ru;
2024-01-06;START-MSC.ru;
2024-01-06;STAV-FLOWERS-FIORI.ru;
2024-01-06;STEAMCONNUNITIY.ru;
2024-01-06;STEEL-1.ru;
2024-01-06;STEELWOODSTONE.ru;
2024-01-06;STELLARPROJECTS.ru;
2024-01-06;STELLARVERSE.ru;
2024-01-06;STEMCOMNUNITIY.ru;
2024-01-06;STEMCOMNUNIYTIY.ru;
2024-01-06;STEPAKRU.ru;
2024-01-06;STH-TARIF.ru;
2024-01-06;STOLOLO.ru;
2024-01-06;STOMABLOGER.ru;
2024-01-06;STORAGEKFILES.ru;
2024-01-06;STOREMAUTO.ru;
2024-01-06;STOREOUTLET2024.ru;
2024-01-06;STORES2024.ru;
2024-01-06;STOYANOVELITE.ru;
2024-01-06;STRATEG-CRM.ru;
2024-01-06;STROIDAY.ru;
2024-01-06;STROIKASOVET.ru;
2024-01-06;STROY-DOBRO-MSK.ru;
2024-01-06;STROY-DOMIK-NETHOUSE.ru;
2024-01-06;STROYAKA.ru;
2024-01-06;STROYBFBOT.ru;
2024-01-06;STROYSNABMONTAZH.ru;
2024-01-06;STSBS.ru;
2024-01-06;STUDIO-MDC.ru;
2024-01-06;STUDIO-TM.ru;
2024-01-06;STUDIOCAT.ru;
2024-01-06;STUDIOMELISSA.ru;
2024-01-06;STUKATURKA-MSK.ru;
2024-01-06;STUROSS.ru;
2024-01-06;STYA-SAVINA.ru;
2024-01-06;STYLE-1.ru;
2024-01-06;STYLE-ARH-STROY.ru;
2024-01-06;STYLEKRD.ru;
2024-01-06;SUBCRAFT.ru;
2024-01-06;SUBZAIT.ru;
2024-01-06;SUGAR-PAPER29.ru;
2024-01-06;SUGARR.ru;
2024-01-06;SUNMAR-OLGINO.ru;
2024-01-06;SUPER-TOOL51.ru;
2024-01-06;SUPERAVTOSERVIS.ru;
2024-01-06;SUPERPRO-HOSTING.ru;
2024-01-06;SUPERZAIMY.ru;
2024-01-06;SUPPORT-HELPS.ru;
2024-01-06;SUPPORT-T.ru;
2024-01-06;SUPPORTS-HELP.ru;
2024-01-06;SUPRALL-GASIK.ru;
2024-01-06;SURVEYAI.ru;
2024-01-06;SUSHI-KUZ.ru;
2024-01-06;SUSTALITS.ru;
2024-01-06;SVA-MASSAGE.ru;
2024-01-06;SVATYA.ru;
2024-01-06;SVETOCON.ru;
2024-01-06;SVETTRAV.ru;
2024-01-06;SVIDANIECITY13.ru;
2024-01-06;SVOBODA-UHODA.ru;
2024-01-06;SVOYATROPAURAL.ru;
2024-01-06;SVS-REMONT.ru;
2024-01-06;SYRN.ru;
2024-01-06;SYSTJ.ru;
2024-01-06;SZHOVNIR.ru;
2024-01-06;SZOZULJA.ru;
2024-01-06;TABULOV.ru;
2024-01-06;TAJ-MARKET.ru;
2024-01-06;TAKRIVOSHEEVA.ru;
2024-01-06;TAMARA-KHANUM.ru;
2024-01-06;TAMINGLINUX.ru;
2024-01-06;TAP-HOME.ru;
2024-01-06;TARAKAN-DEZ-MSK.ru;
2024-01-06;TARANTSEV.ru;
2024-01-06;TARJAMACKEY.ru;
2024-01-06;TARX65.ru;
2024-01-06;TASYA-TURCHINA.ru;
2024-01-06;TATIANAPI19.ru;
2024-01-06;TATIAVGUST.ru;
2024-01-06;TATPROFCONSALTING.ru;
2024-01-06;TATTOO-FAMILY.ru;
2024-01-06;TATYANA-IVCHENKO94.ru;
2024-01-06;TAUTOWN.ru;
2024-01-06;TAXAMOTOR.ru;
2024-01-06;TCEK63-DO.ru;
2024-01-06;TCP66.ru;
2024-01-06;TCSSKRD.ru;
2024-01-06;TD-POLYLACK.ru;
2024-01-06;TD-SEMENOV.ru;
2024-01-06;TDARTINOX.ru;
2024-01-06;TDCPANORAMASOCHI.ru;
2024-01-06;TDLAR.ru;
2024-01-06;TEAM-10.ru;
2024-01-06;TEAM-KAIF.ru;
2024-01-06;TEAMFITTING.ru;
2024-01-06;TEAMTIKET.ru;
2024-01-06;TEBAIKIN.ru;
2024-01-06;TECH-ENTER.ru;
2024-01-06;TECHAWAY.ru;
2024-01-06;TECHPOWERPC.ru;
2024-01-06;TEKHNIKUM-INTERNAT-SHUBA.ru;
2024-01-06;TELEG-AUT.ru;
2024-01-06;TELEGR-AUTENTICH.ru;
2024-01-06;TELEGRAMRENT.ru;
2024-01-06;TEMURYUNUSOV.ru;
2024-01-06;TERRA-AGES.ru;
2024-01-06;TEST-GITLAB.ru;
2024-01-06;TESTO-TESTO.ru;
2024-01-06;TESTOVYIDOMEN.ru;
2024-01-06;TEXSTYLE-NEW.ru;
2024-01-06;TEXTILEMSW.ru;
2024-01-06;TFCNAF.ru;
2024-01-06;TFSDFGOLOVIN.ru;
2024-01-06;TGGAME.ru;
2024-01-06;TGGAME111.ru;
2024-01-06;THE-SAINT.ru;
2024-01-06;THEATRE-FADED.ru;
2024-01-06;THEATRE-HALES.ru;
2024-01-06;THECASINOXCOM.ru;
2024-01-06;THEJD.ru;
2024-01-06;THEMAESTRO.ru;
2024-01-06;THEMAKKATE.ru;
2024-01-06;THEROOM-NV.ru;
2024-01-06;THUGGERVPN.ru;
2024-01-06;TICKETBOLSHOI.ru;
2024-01-06;TIKTOK-VEDUSHCHIY.ru;
2024-01-06;TIME-PRINT.ru;
2024-01-06;TIMEOUTFITNESS.ru;
2024-01-06;TIMERIFT.ru;
2024-01-06;TIMINA84.ru;
2024-01-06;TIMLABSHOP.ru;
2024-01-06;TIMOTECHSALE.ru;
2024-01-06;TIR98LZ.ru;
2024-01-06;TISHIN-7.ru;
2024-01-06;TITORPLACE.ru;
2024-01-06;TITSTOK.ru;
2024-01-06;TIVIKI.ru;
2024-01-06;TLGMN.ru;
2024-01-06;TLIVINGSTON.ru;
2024-01-06;TLLYNNAW.ru;
2024-01-06;TLSWP.ru;
2024-01-06;TMKL.ru;
2024-01-06;TOHAVLASOV.ru;
2024-01-06;TOMIRISA.ru;
2024-01-06;TOMMERDOM.ru;
2024-01-06;TOMNORDEN.ru;
2024-01-06;TONVA-GROUP.ru;
2024-01-06;TOP-RKO.ru;
2024-01-06;TOP-TELE-MASTER.ru;
2024-01-06;TOPANKETA.ru;
2024-01-06;TOPAVTOSERVIS.ru;
2024-01-06;TOPBANKCARDS.ru;
2024-01-06;TOPGAMERULEZ.ru;
2024-01-06;TOPHELPDESKS.ru;
2024-01-06;TOUCH-CARD.ru;
2024-01-06;TOYSHANDMADE.ru;
2024-01-06;TQREZ.ru;
2024-01-06;TRAC24.ru;
2024-01-06;TRAIDUN.ru;
2024-01-06;TRANS-INFO34.ru;
2024-01-06;TRANSFERGESH.ru;
2024-01-06;TRAVEASK.ru;
2024-01-06;TRAVELAKS.ru;
2024-01-06;TRAVELESK.ru;
2024-01-06;TRAWELASK.ru;
2024-01-06;TREESLICE.ru;
2024-01-06;TRENER-FITNES.ru;
2024-01-06;TRENING-IZHEVSK-ONLINE.ru;
2024-01-06;TRENZA.ru;
2024-01-06;TRIP-6731.ru;
2024-01-06;TRIYR.ru;
2024-01-06;TRMSKORGTT.ru;
2024-01-06;TROT-TELENET.ru;
2024-01-06;TROUTPIER.ru;
2024-01-06;TRUE-SOFT.ru;
2024-01-06;TRUPARTS.ru;
2024-01-06;TSGIRLS2.ru;
2024-01-06;TSHAJ.ru;
2024-01-06;TSHIELDHERO.ru;
2024-01-06;TSHOVREBOVA.ru;
2024-01-06;TSU000.ru;
2024-01-06;TSVAAN.ru;
2024-01-06;TSVETI-VIP.ru;
2024-01-06;TUMHMAGIC.ru;
2024-01-06;TUR1960.ru;
2024-01-06;TURKSERIALLS.ru;
2024-01-06;TURORPLACE.ru;
2024-01-06;TURSHIEV.ru;
2024-01-06;TUTERPLACE.ru;
2024-01-06;TUTIRPLACE.ru;
2024-01-06;TUTOPLACE.ru;
2024-01-06;TUTOR-PLACE.ru;
2024-01-06;TUTORLACE.ru;
2024-01-06;TUTORPACE.ru;
2024-01-06;TUTORPIACE.ru;
2024-01-06;TUTORPLAC.ru;
2024-01-06;TUTORPLAIS.ru;
2024-01-06;TUTORPLASE.ru;
2024-01-06;TUTORPLECE.ru;
2024-01-06;TV-HDR.ru;
2024-01-06;TVIZA.ru;
2024-01-06;TVOETO.ru;
2024-01-06;TVOIHR.ru;
2024-01-06;TVOIPOMOSHNIKVRAZVITII.ru;
2024-01-06;TVOJTEMP.ru;
2024-01-06;TWEAKAPP.ru;
2024-01-06;TWEETX.ru;
2024-01-06;TWINSLOFT.ru;
2024-01-06;TYTORPLACE.ru;
2024-01-06;UAZOPT73.ru;
2024-01-06;UBESLAN.ru;
2024-01-06;UFA-NOUT.ru;
2024-01-06;UG186.ru;
2024-01-06;UGGLY.ru;
2024-01-06;UHELP24.ru;
2024-01-06;UKDOMK.ru;
2024-01-06;ULMAS416.ru;
2024-01-06;ULTIMATESEO.ru;
2024-01-06;ULTRANIT.ru;
2024-01-06;ULYAPROJECT.ru;
2024-01-06;ULZMS.ru;
2024-01-06;UNAROKOVA.ru;
2024-01-06;UNITY-RP.ru;
2024-01-06;UNREVEALED.ru;
2024-01-06;UNSL-IB.ru;
2024-01-06;UPOHARBD.ru;
2024-01-06;UR-JUST.ru;
2024-01-06;URBAN-STILE.ru;
2024-01-06;URDAEVA.ru;
2024-01-06;URISTIOTVETI3.ru;
2024-01-06;USADBA174.ru;
2024-01-06;USENETALL.ru;
2024-01-06;USKULYA.ru;
2024-01-06;USOROKIN.ru;
2024-01-06;UTEPLENIE-BALKONA-MSK.ru;
2024-01-06;UTKK-YUG.ru;
2024-01-06;V-AMPIRE.ru;
2024-01-06;V-APPLES.ru;
2024-01-06;V-PROGNOZE.ru;
2024-01-06;V1B0UHL.ru;
2024-01-06;V2SD.ru;
2024-01-06;VAGNERAEBUT.ru;
2024-01-06;VAIBORIS.ru;
2024-01-06;VALDAY-DACHI.ru;
2024-01-06;VALERA-L53.ru;
2024-01-06;VALERY-MEDVEDEV.ru;
2024-01-06;VALKAVIAN.ru;
2024-01-06;VANLEDIS.ru;
2024-01-06;VARESHKINA.ru;
2024-01-06;VARIKOZANET-BARNAUL.ru;
2024-01-06;VARIKOZANET-BELOKURIHA.ru;
2024-01-06;VARIKOZANET-BIYSK.ru;
2024-01-06;VARIKOZANET-GORNOALTAYSK.ru;
2024-01-06;VARIKOZANET-KAMENNAOBI.ru;
2024-01-06;VARIKOZANET-RUBCOVSK.ru;
2024-01-06;VARIKOZANET-ZARINSK.ru;
2024-01-06;VARVARA-KEMPEL.ru;
2024-01-06;VASEM.ru;
2024-01-06;VASHUGOL.ru;
2024-01-06;VASHUKO.ru;
2024-01-06;VASILEV2000.ru;
2024-01-06;VATAPAY.ru;
2024-01-06;VAULT29.ru;
2024-01-06;VAV8.ru;
2024-01-06;VAVADA-100.ru;
2024-01-06;VAVADA-77.ru;
2024-01-06;VAVADA-AQW.ru;
2024-01-06;VAVADA-BQW.ru;
2024-01-06;VAVADA-BRE.ru;
2024-01-06;VAVADA-CASINO-777.ru;
2024-01-06;VAVADA-CASINO-GAMES.ru;
2024-01-06;VAVADA-CASINO-ONLAIN.ru;
2024-01-06;VAVADA-CASINO-ONLINE.ru;
2024-01-06;VAVADA-CASINO23.ru;
2024-01-06;VAVADA-CASINO25.ru;
2024-01-06;VAVADA-CASINO77777PX.ru;
2024-01-06;VAVADA-CASINO777VO.ru;
2024-01-06;VAVADA-CASINO777XP.ru;
2024-01-06;VAVADA-CASINO77P.ru;
2024-01-06;VAVADA-CASINO77VO.ru;
2024-01-06;VAVADA-CASINO77XP.ru;
2024-01-06;VAVADA-CASINO7VO.ru;
2024-01-06;VAVADA-CAZINO777U.ru;
2024-01-06;VAVADA-EZ.ru;
2024-01-06;VAVADA-FJ.ru;
2024-01-06;VAVADA-GAMES-OFFICIAL.ru;
2024-01-06;VAVADA-KAZINO777J.ru;
2024-01-06;VAVADA-KAZINO777K.ru;
2024-01-06;VAVADA-OFFICIAL-SITE.ru;
2024-01-06;VAVADA-OJ.ru;
2024-01-06;VAVADA-ONLINE-OFICIAL.ru;
2024-01-06;VAVADA-ORG.ru;
2024-01-06;VAVADA-OTZYV-KAZINO.ru;
2024-01-06;VAVADA-OX.ru;
2024-01-06;VAVADA-PLAY.ru;
2024-01-06;VAVADA-PLAY-CASINO.ru;
2024-01-06;VAVADA-PLAY-OFFICIAL.ru;
2024-01-06;VAVADA-PX.ru;
2024-01-06;VAVADA-SMART1.ru;
2024-01-06;VAVADA-SO.ru;
2024-01-06;VAVADA-VHOD.ru;
2024-01-06;VAVADA-ZERKALO-KAZINO.ru;
2024-01-06;VAVADA2.ru;
2024-01-06;VAVADA362.ru;
2024-01-06;VAVADA3717.ru;
2024-01-06;VAVADA7007.ru;
2024-01-06;VAVADA704.ru;
2024-01-06;VAVADA713.ru;
2024-01-06;VAVADA869.ru;
2024-01-06;VAVADA870.ru;
2024-01-06;VAVADA913.ru;
2024-01-06;VAVADA960.ru;
2024-01-06;VAVADA999K.ru;
2024-01-06;VAVADAAT.ru;
2024-01-06;VAVADAAZUREWEBSITESNET.ru;
2024-01-06;VAVADACASINO-1.ru;
2024-01-06;VAVADACASINO-777.ru;
2024-01-06;VAVADACASINO101.ru;
2024-01-06;VAVADACASINO202.ru;
2024-01-06;VAVADACASINO77777FX.ru;
2024-01-06;VAVADACASINO77DX.ru;
2024-01-06;VAVADACASINO77SX.ru;
2024-01-06;VAVADACASINO7FC.ru;
2024-01-06;VAVADACASINOS7-7.ru;
2024-01-06;VAVADACSINO.ru;
2024-01-06;VAVADAF2F2.ru;
2024-01-06;VAVADAGAME-RS14.ru;
2024-01-06;VAVADAKASINO1.ru;
2024-01-06;VAVADAKAZINO1.ru;
2024-01-06;VAVADAMEDIA.ru;
2024-01-06;VAVADAPLAY22.ru;
2024-01-06;VAVADAPLAY333.ru;
2024-01-06;VAVADAPLAY333V.ru;
2024-01-06;VAVADAPLAY33XX.ru;
2024-01-06;VAVADAPLAY7.ru;
2024-01-06;VAVADAS-CASINO.ru;
2024-01-06;VAVADAS1.ru;
2024-01-06;VAVADAS3.ru;
2024-01-06;VAVADASITE1.ru;
2024-01-06;VAVADASITES4AA.ru;
2024-01-06;VAVADATORCASINO.ru;
2024-01-06;VAVADATURNIR.ru;
2024-01-06;VAVADAZZERKALA.ru;
2024-01-06;VAYATETA.ru;
2024-01-06;VBULKIN.ru;
2024-01-06;VEDAMEZ.ru;
2024-01-06;VEDUSHCHIYE.ru;
2024-01-06;VEEVSHOP.ru;
2024-01-06;VELESDVOR.ru;
2024-01-06;VELIKOROSSY.ru;
2024-01-06;VELNOVNATA.ru;
2024-01-06;VELOVACH.ru;
2024-01-06;VELOVACH-INDUSTRIES.ru;
2024-01-06;VEPANESHNIKOV.ru;
2024-01-06;VERANDA-TERRACA.ru;
2024-01-06;VERANDA-TERRASA.ru;
2024-01-06;VERTEKS-RU.ru;
2024-01-06;VESTACERAMICA.ru;
2024-01-06;VESTASHOW.ru;
2024-01-06;VETRADAR24.ru;
2024-01-06;VF-FETISOV.ru;
2024-01-06;VGALTSEV.ru;
2024-01-06;VH-SHOP.ru;
2024-01-06;VIC90.ru;
2024-01-06;VICIPAY.ru;
2024-01-06;VICKOKEX.ru;
2024-01-06;VIDEO15.ru;
2024-01-06;VIKA-ZHUKOVA.ru;
2024-01-06;VIKEUR.ru;
2024-01-06;VIKTAILS.ru;
2024-01-06;VIKTORIA-MODEL.ru;
2024-01-06;VIKTORIYA-GONCHAROVA.ru;
2024-01-06;VIKTORIYA-VIDEO.ru;
2024-01-06;VIKUPAUTOMOSCW.ru;
2024-01-06;VILLASKYARHYZ.ru;
2024-01-06;VILOCHNYJ.ru;
2024-01-06;VILOCHNYJ-POGRUZCHIK.ru;
2024-01-06;VILOCHNYY-POGRUZCHIK.ru;
2024-01-06;VINNIKOVA-7.ru;
2024-01-06;VIONHOST.ru;
2024-01-06;VIPREMONTAVTO.ru;
2024-01-06;VIRTUALPROD.ru;
2024-01-06;VISMANOVA.ru;
2024-01-06;VIT-SPB.ru;
2024-01-06;VITA-AESTHETICA.ru;
2024-01-06;VITAGOR-ANALYTICS.ru;
2024-01-06;VITODAR.ru;
2024-01-06;VITRUVE.ru;
2024-01-06;VITUWA.ru;
2024-01-06;VIVA-BOOMS.ru;
2024-01-06;VIZ-MODELI.ru;
2024-01-06;VK-BRAND.ru;
2024-01-06;VKA-MUSEUM.ru;
2024-01-06;VKALEDIN.ru;
2024-01-06;VKSOVA.ru;
2024-01-06;VLAD36.ru;
2024-01-06;VLADICHKA.ru;
2024-01-06;VLADIMIRILIN.ru;
2024-01-06;VLNANN.ru;
2024-01-06;VLPROKAT.ru;
2024-01-06;VMESTE-71.ru;
2024-01-06;VMGORCHAKOV.ru;
2024-01-06;VODAROSTOV.ru;
2024-01-06;VODAVINO.ru;
2024-01-06;VODYZHEVA.ru;
2024-01-06;VOKATECH.ru;
2024-01-06;VOMELECHKO.ru;
2024-01-06;VORON61.ru;
2024-01-06;VORONKAMLMBOT1.ru;
2024-01-06;VORONSOV.ru;
2024-01-06;VOROTA-FORM.ru;
2024-01-06;VOYAH-AUTOIMPORT.ru;
2024-01-06;VPCOOK.ru;
2024-01-06;VPERLOV.ru;
2024-01-06;VPOBEREZHNAYA.ru;
2024-01-06;VPROGNIZE.ru;
2024-01-06;VPROGNOSE.ru;
2024-01-06;VSE-SLOVO-PACONA.ru;
2024-01-06;VSE-SLOVOLPACANA.ru;
2024-01-06;VSEKOPTIT.ru;
2024-01-06;VSEM-HOSTING.ru;
2024-01-06;VSEPRAVDA.ru;
2024-01-06;VSERDOBINTSEVA.ru;
2024-01-06;VSEROSSIYSKIYKONKURS.ru;
2024-01-06;VSESLOVOLPACANA.ru;
2024-01-06;VSESPRAVKI-CHELYABINSK.ru;
2024-01-06;VSEVIDIAVTOREM.ru;
2024-01-06;VSEXXX.ru;
2024-01-06;VSVETLANA.ru;
2024-01-06;VSWED.ru;
2024-01-06;VULKAN-RUSSIA9.ru;
2024-01-06;VVALERA.ru;
2024-01-06;VVBARI.ru;
2024-01-06;VVDIW.ru;
2024-01-06;VVSK-1.ru;
2024-01-06;VYBOR-2024.ru;
2024-01-06;VYBORY-PREZIDENTA2024.ru;
2024-01-06;VYLCAN-MAIL.ru;
2024-01-06;VYLCAN-MAIL-SERVER.ru;
2024-01-06;VYSOTAPROMALP.ru;
2024-01-06;VYSOTSKISIARHEI.ru;
2024-01-06;VZAEMDENGI.ru;
2024-01-06;W-TODAY.ru;
2024-01-06;WAFFEN75.ru;
2024-01-06;WAND6.ru;
2024-01-06;WANDPANEEL.ru;
2024-01-06;WATSAEPP.ru;
2024-01-06;WAWOO.ru;
2024-01-06;WEAREXDEVELOPMENT.ru;
2024-01-06;WEB-KLASS.ru;
2024-01-06;WEBALEKSY.ru;
2024-01-06;WEBCAM-GIRLS18.ru;
2024-01-06;WEBCAM-HOT.ru;
2024-01-06;WEBCAM-LOLLY.ru;
2024-01-06;WEM9M.ru;
2024-01-06;WERWOLION-DEMO.ru;
2024-01-06;WGOLOS.ru;
2024-01-06;WHATSNAME.ru;
2024-01-06;WHHATSAP-GOLOSS.ru;
2024-01-06;WHITE-PROJECTS.ru;
2024-01-06;WHYLINUX.ru;
2024-01-06;WIFI-MASTER.ru;
2024-01-06;WILDSAKH.ru;
2024-01-06;WILOMSK.ru;
2024-01-06;WINNNER.ru;
2024-01-06;WINRAR-SKACHAT.ru;
2024-01-06;WLSAID4.ru;
2024-01-06;WOODMODULE.ru;
2024-01-06;WORD-WEATHER.ru;
2024-01-06;WORK-HALL.ru;
2024-01-06;WORKBOXTOOLS.ru;
2024-01-06;WORKTRACK.ru;
2024-01-06;WORLD-CONT.ru;
2024-01-06;WORLDFORWOMEN.ru;
2024-01-06;WORLDWIDENEWS.ru;
2024-01-06;WOWLEADER.ru;
2024-01-06;WOWSTARS.ru;
2024-01-06;WPVED.ru;
2024-01-06;WWNINFO.ru;
2024-01-06;WWW-GB.ru;
2024-01-06;WWWRP5.ru;
2024-01-06;WWWSLO-VO-PACANAA.ru;
2024-01-06;WWWSLOVOPACANAA.ru;
2024-01-06;WWWVAVADACASINO.ru;
2024-01-06;X-SKYNET.ru;
2024-01-06;X-ZZ.ru;
2024-01-06;X1-SLOT.ru;
2024-01-06;XAKSVEN.ru;
2024-01-06;XEC2VQK.ru;
2024-01-06;XF-DEV.ru;
2024-01-06;XINHAOYINGHUI.ru;
2024-01-06;XINKALIPLUS.ru;
2024-01-06;XLSOLUTION.ru;
2024-01-06;XOLOP2024.ru;
2024-01-06;XOLOP2025.ru;
2024-01-06;XORCUNNE.ru;
2024-01-06;XPIZDA.ru;
2024-01-06;XSILVER.ru;
2024-01-06;YA-PONCHIKI.ru;
2024-01-06;YALALOV-ADIL.ru;
2024-01-06;YAMAHA-MSK.ru;
2024-01-06;YAMAHA-TRANSPORTER-WORK.ru;
2024-01-06;YANAMUHA.ru;
2024-01-06;YANDEX9.ru;
2024-01-06;YANDEXDIREKT.ru;
2024-01-06;YANDEXMSK.ru;
2024-01-06;YAPONCHIKI.ru;
2024-01-06;YARMOMEDOV.ru;
2024-01-06;YASNOVIDICHAYA-POMOCHET.ru;
2024-01-06;YASQUIER.ru;
2024-01-06;YAYTSESLAV.ru;
2024-01-06;YBORISOV.ru;
2024-01-06;YCOURT.ru;
2024-01-06;YFFD.ru;
2024-01-06;YFZJB23.ru;
2024-01-06;YKTGIFT.ru;
2024-01-06;YNDEXEDA.ru;
2024-01-06;YOMYY0.ru;
2024-01-06;YONALAZAREVA.ru;
2024-01-06;YOOSANA-VORONEZH.ru;
2024-01-06;YOUKEYD.ru;
2024-01-06;YOURKEYD.ru;
2024-01-06;YOURRSMNHTK.ru;
2024-01-06;YSVOIX.ru;
2024-01-06;YUBSERJ0311.ru;
2024-01-06;YULAPINA-WB.ru;
2024-01-06;YULAYMURATOFF.ru;
2024-01-06;YULIASHIVA.ru;
2024-01-06;YUNSA.ru;
2024-01-06;YUSAMOYLOVA.ru;
2024-01-06;YUSF-DESIGN.ru;
2024-01-06;Z-INFO.ru;
2024-01-06;ZAASFALTIROVAT.ru;
2024-01-06;ZABGPK.ru;
2024-01-06;ZAHINK.ru;
2024-01-06;ZAIM-SWAP.ru;
2024-01-06;ZAIM-VAM.ru;
2024-01-06;ZAIM-VERT.ru;
2024-01-06;ZAIM-WAY.ru;
2024-01-06;ZAKAZ2382.ru;
2024-01-06;ZAKAZUNAS.ru;
2024-01-06;ZALIVNOVIYGOD.ru;
2024-01-06;ZANTATA.ru;
2024-01-06;ZAPARNIK.ru;
2024-01-06;ZAPMETALLSNAB.ru;
2024-01-06;ZASHIBU.ru;
2024-01-06;ZASHIBY.ru;
2024-01-06;ZBLIFE.ru;
2024-01-06;ZCVO1.ru;
2024-01-06;ZDOROVKUS.ru;
2024-01-06;ZEEKR-AUTOIMPORT.ru;
2024-01-06;ZENZALIVHAPPYNG.ru;
2024-01-06;ZERCALO-RAMENBET.ru;
2024-01-06;ZERKALA-NA-ZAKAZ-MSK.ru;
2024-01-06;ZHARENOE-MOROZHENOE.ru;
2024-01-06;ZHATSTASH.ru;
2024-01-06;ZHENSHHINAINRED.ru;
2024-01-06;ZHIZNESTROU-MEBEL.ru;
2024-01-06;ZIMFIRABERRY.ru;
2024-01-06;ZIMOF5.ru;
2024-01-06;ZISPAY.ru;
2024-01-06;ZIYATIKASE.ru;
2024-01-06;ZLODEJ2012.ru;
2024-01-06;ZLOVNYA.ru;
2024-01-06;ZONEFRAG.ru;
2024-01-06;ZOOZ1.ru;
2024-01-06;ZORRAILA.ru;
2024-01-06;ZOSURABALPIN.ru;
2024-01-06;ZOZURABALPIN.ru;
2024-01-06;ZP-MIDPASS.ru;
2024-01-06;ZPMIDPASS.ru;
2024-01-06;ZULYAYA.ru;
2024-01-06;ZXC1.ru;
2024-01-06;ZXMCO.ru;
2024-01-06;ZXTEC.ru;
2024-01-06;ZZMG.ru;
2024-01-07;01-04-2024.ru;
2024-01-07;01-05-2024.ru;
2024-01-07;01-06-2024.ru;
2024-01-07;01-07-2024.ru;
2024-01-07;01-08-2024.ru;
2024-01-07;02-04-2024.ru;
2024-01-07;02-05-2024.ru;
2024-01-07;02-06-2024.ru;
2024-01-07;02-07-2024.ru;
2024-01-07;02-08-2024.ru;
2024-01-07;03-04-2024.ru;
2024-01-07;03-05-2024.ru;
2024-01-07;03-06-2024.ru;
2024-01-07;03-07-2024.ru;
2024-01-07;03-08-2024.ru;
2024-01-07;04-04-2024.ru;
2024-01-07;04-05-2024.ru;
2024-01-07;04-06-2024.ru;
2024-01-07;04-07-2024.ru;
2024-01-07;04-08-2024.ru;
2024-01-07;05-04-2024.ru;
2024-01-07;05-05-2024.ru;
2024-01-07;05-06-2024.ru;
2024-01-07;05-07-2024.ru;
2024-01-07;05-08-2024.ru;
2024-01-07;06-04-2024.ru;
2024-01-07;06-05-2024.ru;
2024-01-07;06-06-2024.ru;
2024-01-07;06-07-2024.ru;
2024-01-07;06-08-2024.ru;
2024-01-07;07-04-2024.ru;
2024-01-07;07-05-2024.ru;
2024-01-07;07-06-2024.ru;
2024-01-07;07-07-2024.ru;
2024-01-07;07-08-2024.ru;
2024-01-07;08-04-2024.ru;
2024-01-07;08-05-2024.ru;
2024-01-07;08-06-2024.ru;
2024-01-07;08-07-2024.ru;
2024-01-07;08-08-2024.ru;
2024-01-07;080402.ru;
2024-01-07;09-04-2024.ru;
2024-01-07;09-05-2024.ru;
2024-01-07;09-06-2024.ru;
2024-01-07;09-07-2024.ru;
2024-01-07;09-08-2024.ru;
2024-01-07;10-04-2024.ru;
2024-01-07;10-05-2024.ru;
2024-01-07;10-06-2024.ru;
2024-01-07;10-07-2024.ru;
2024-01-07;10-08-2024.ru;
2024-01-07;1006SHOP.ru;
2024-01-07;100PRINTEROV.ru;
2024-01-07;11-04-2024.ru;
2024-01-07;11-05-2024.ru;
2024-01-07;11-06-2024.ru;
2024-01-07;11-07-2024.ru;
2024-01-07;11-08-2024.ru;
2024-01-07;1111S.ru;
2024-01-07;1112333.ru;
2024-01-07;11EPID.ru;
2024-01-07;12-04-2024.ru;
2024-01-07;12-05-2024.ru;
2024-01-07;12-06-2024.ru;
2024-01-07;12-07-2024.ru;
2024-01-07;12-08-2024.ru;
2024-01-07;13-04-2024.ru;
2024-01-07;13-05-2024.ru;
2024-01-07;13-06-2024.ru;
2024-01-07;13-07-2024.ru;
2024-01-07;13-08-2024.ru;
2024-01-07;1337ANTIK.ru;
2024-01-07;14-04-2024.ru;
2024-01-07;14-05-2024.ru;
2024-01-07;14-06-2024.ru;
2024-01-07;14-07-2024.ru;
2024-01-07;14-08-2024.ru;
2024-01-07;15-04-2024.ru;
2024-01-07;15-05-2024.ru;
2024-01-07;15-06-2024.ru;
2024-01-07;15-07-2024.ru;
2024-01-07;15-08-2024.ru;
2024-01-07;16-04-2024.ru;
2024-01-07;16-05-2024.ru;
2024-01-07;16-06-2024.ru;
2024-01-07;16-07-2024.ru;
2024-01-07;16-08-2024.ru;
2024-01-07;17-04-2024.ru;
2024-01-07;17-05-2024.ru;
2024-01-07;17-06-2024.ru;
2024-01-07;17-07-2024.ru;
2024-01-07;17-08-2024.ru;
2024-01-07;179406.ru;
2024-01-07;18-04-2024.ru;
2024-01-07;18-05-2024.ru;
2024-01-07;18-06-2024.ru;
2024-01-07;18-07-2024.ru;
2024-01-07;18-08-2024.ru;
2024-01-07;189075.ru;
2024-01-07;19-04-2024.ru;
2024-01-07;19-05-2024.ru;
2024-01-07;19-06-2024.ru;
2024-01-07;19-07-2024.ru;
2024-01-07;19-08-2024.ru;
2024-01-07;1C-CREATE.ru;
2024-01-07;1C-KURSY-ONLINE.ru;
2024-01-07;1C-PROFIL.ru;
2024-01-07;1C-UC1.ru;
2024-01-07;1JZGT.ru;
2024-01-07;1SRT.ru;
2024-01-07;1XBET-APP175.ru;
2024-01-07;1XBET-CAZZINO.ru;
2024-01-07;1XBET-CHERRY35.ru;
2024-01-07;1XBET-DARK.ru;
2024-01-07;1XBET-DELUXE.ru;
2024-01-07;1XBET-DREAM.ru;
2024-01-07;1XBET-JACKPOT.ru;
2024-01-07;1XBET-MIRROR2019.ru;
2024-01-07;1XBET-OFFICIAL-LOGIN.ru;
2024-01-07;1XBET-PLAYX.ru;
2024-01-07;1XBET-VAUCHER.ru;
2024-01-07;1XBET329-I.ru;
2024-01-07;1XBETDOSTYP.ru;
2024-01-07;1XBETEXTRA.ru;
2024-01-07;1XBETHELP.ru;
2024-01-07;1XBETRUSSIA.ru;
2024-01-07;1XBETTER.ru;
2024-01-07;1XBETXPLAY.ru;
2024-01-07;1XBETZERKALO2020.ru;
2024-01-07;20-04-2024.ru;
2024-01-07;20-05-2024.ru;
2024-01-07;20-06-2024.ru;
2024-01-07;20-07-2024.ru;
2024-01-07;20-08-2024.ru;
2024-01-07;2024CHEAPONLINE.ru;
2024-01-07;21-04-2024.ru;
2024-01-07;21-05-2024.ru;
2024-01-07;21-06-2024.ru;
2024-01-07;21-07-2024.ru;
2024-01-07;21-08-2024.ru;
2024-01-07;218465.ru;
2024-01-07;21XBET.ru;
2024-01-07;22-04-2024.ru;
2024-01-07;22-05-2024.ru;
2024-01-07;22-06-2024.ru;
2024-01-07;22-07-2024.ru;
2024-01-07;22-08-2024.ru;
2024-01-07;23-04-2024.ru;
2024-01-07;23-05-2024.ru;
2024-01-07;23-06-2024.ru;
2024-01-07;23-07-2024.ru;
2024-01-07;23-08-2024.ru;
2024-01-07;24-04-2024.ru;
2024-01-07;24-05-2024.ru;
2024-01-07;24-06-2024.ru;
2024-01-07;24-07-2024.ru;
2024-01-07;24-08-2024.ru;
2024-01-07;24KK.ru;
2024-01-07;24NOVOSTI-ROSSI.ru;
2024-01-07;24OKNA-REMONT.ru;
2024-01-07;24WSC.ru;
2024-01-07;25-04-2024.ru;
2024-01-07;25-05-2024.ru;
2024-01-07;25-06-2024.ru;
2024-01-07;25-07-2024.ru;
2024-01-07;25-08-2024.ru;
2024-01-07;26-04-2024.ru;
2024-01-07;26-05-2024.ru;
2024-01-07;26-06-2024.ru;
2024-01-07;26-07-2024.ru;
2024-01-07;26-08-2024.ru;
2024-01-07;27-04-2024.ru;
2024-01-07;27-05-2024.ru;
2024-01-07;27-06-2024.ru;
2024-01-07;27-07-2024.ru;
2024-01-07;27-08-2024.ru;
2024-01-07;28-04-2024.ru;
2024-01-07;28-05-2024.ru;
2024-01-07;28-06-2024.ru;
2024-01-07;28-07-2024.ru;
2024-01-07;28-08-2024.ru;
2024-01-07;289657.ru;
2024-01-07;29-04-2024.ru;
2024-01-07;29-05-2024.ru;
2024-01-07;29-06-2024.ru;
2024-01-07;29-07-2024.ru;
2024-01-07;29-08-2024.ru;
2024-01-07;2DR31.ru;
2024-01-07;2MAKOV.ru;
2024-01-07;30-04-2024.ru;
2024-01-07;30-05-2024.ru;
2024-01-07;30-06-2024.ru;
2024-01-07;30-07-2024.ru;
2024-01-07;30-08-2024.ru;
2024-01-07;3075.ru;
2024-01-07;31-05-2024.ru;
2024-01-07;31-07-2024.ru;
2024-01-07;31-08-2024.ru;
2024-01-07;340769.ru;
2024-01-07;367941.ru;
2024-01-07;3746.ru;
2024-01-07;381402.ru;
2024-01-07;389206.ru;
2024-01-07;3ZYPOJ6.ru;
2024-01-07;438217.ru;
2024-01-07;453097.ru;
2024-01-07;4KTURBO.ru;
2024-01-07;4ME4YOU.ru;
2024-01-07;537096.ru;
2024-01-07;572093.ru;
2024-01-07;59MINUT.ru;
2024-01-07;5KEK-PRO.ru;
2024-01-07;617492.ru;
2024-01-07;620375.ru;
2024-01-07;66829.ru;
2024-01-07;67CODE.ru;
2024-01-07;67F1WLM.ru;
2024-01-07;684702.ru;
2024-01-07;6DWBJZK.ru;
2024-01-07;6TDFZ4S.ru;
2024-01-07;710352.ru;
2024-01-07;738409.ru;
2024-01-07;76521.ru;
2024-01-07;785609.ru;
2024-01-07;79777.ru;
2024-01-07;7QMHTVG.ru;
2024-01-07;8309762.ru;
2024-01-07;853791.ru;
2024-01-07;86957.ru;
2024-01-07;8915248187.ru;
2024-01-07;892222.ru;
2024-01-07;8BITOVERKILL.ru;
2024-01-07;8BRAND.ru;
2024-01-07;8BUSINMAGAZIN.ru;
2024-01-07;9168087299.ru;
2024-01-07;921067.ru;
2024-01-07;9779354885.ru;
2024-01-07;9ENNEATYPES.ru;
2024-01-07;9S5OE0Q.ru;
2024-01-07;A-BARHATOVA.ru;
2024-01-07;A-CHEK.ru;
2024-01-07;A-ITSTORE.ru;
2024-01-07;A-SHCHEGLOV.ru;
2024-01-07;A3DETAILING.ru;
2024-01-07;AARTEMSHISHKIN.ru;
2024-01-07;ABHAZIYALIFE.ru;
2024-01-07;ABSTRACTARTS.ru;
2024-01-07;ACADEMY-KULTURAZV.ru;
2024-01-07;ACADEMYGA.ru;
2024-01-07;ACADEMYREGRESSION.ru;
2024-01-07;ACCEPT-PAYMENT.ru;
2024-01-07;ACHIZHKOV.ru;
2024-01-07;ACOMPASS.ru;
2024-01-07;ACYL.ru;
2024-01-07;AD-GURU.ru;
2024-01-07;AD247.ru;
2024-01-07;ADAMVIP.ru;
2024-01-07;ADANILKO.ru;
2024-01-07;ADSSAPSAN.ru;
2024-01-07;ADVOCATE-VELIKHODSKIY.ru;
2024-01-07;ADVOCATSHABLYA.ru;
2024-01-07;AERMAKOVICH.ru;
2024-01-07;AEROFLOTID.ru;
2024-01-07;AEROS9080.ru;
2024-01-07;AEVSJUKOV.ru;
2024-01-07;AEZHUK.ru;
2024-01-07;AFFECTIONATEAFFINITY.ru;
2024-01-07;AFFECTIONSPARKSPOT.ru;
2024-01-07;AFOXIS2024.ru;
2024-01-07;AFROSTYLETLT.ru;
2024-01-07;AGRELS.ru;
2024-01-07;AGRILS.ru;
2024-01-07;AGROKAD-MSK.ru;
2024-01-07;AHRAPUNOVA.ru;
2024-01-07;AI-ADVERTISING.ru;
2024-01-07;AI-REELS.ru;
2024-01-07;AIAB.ru;
2024-01-07;AIEXPERT24.ru;
2024-01-07;AIFLUENT.ru;
2024-01-07;AIFSU.ru;
2024-01-07;AIGOURMETS.ru;
2024-01-07;AINTELLIGENCE24.ru;
2024-01-07;AIPREDICT.ru;
2024-01-07;AIR-POL.ru;
2024-01-07;AISIRI.ru;
2024-01-07;AISMARTHOME.ru;
2024-01-07;AITGBOT.ru;
2024-01-07;AIWISION.ru;
2024-01-07;AK-LEV.ru;
2024-01-07;AKADEMICO.ru;
2024-01-07;AKB-AUTO-STERLITAMAK.ru;
2024-01-07;AKERDEV.ru;
2024-01-07;AKI-TIM.ru;
2024-01-07;AKOBYAKOV.ru;
2024-01-07;AKOLB.ru;
2024-01-07;ALCOBAR042.ru;
2024-01-07;ALCOBAR045.ru;
2024-01-07;ALCOCITY042.ru;
2024-01-07;ALCOCITY045.ru;
2024-01-07;ALCOEXPRESS042.ru;
2024-01-07;ALCOEXPRESS045.ru;
2024-01-07;ALCOLAVCA042.ru;
2024-01-07;ALCOLAVCA045.ru;
2024-01-07;ALCONIGHT042.ru;
2024-01-07;ALCONIGHT045.ru;
2024-01-07;ALCOSTOCK042.ru;
2024-01-07;ALCOSTOCK045.ru;
2024-01-07;ALCOTIME042.ru;
2024-01-07;ALCOTIME045.ru;
2024-01-07;ALEKSANDRA-KOPCHEVSKAYA.ru;
2024-01-07;ALEKSEEVSA.ru;
2024-01-07;ALEKSPLOT.ru;
2024-01-07;ALEKSYNAILS.ru;
2024-01-07;ALENAKORDESIGN.ru;
2024-01-07;ALESKER-RIELTOR.ru;
2024-01-07;ALEXANDRMAKAROV.ru;
2024-01-07;ALEXASANY.ru;
2024-01-07;ALEXIS17WAYNE.ru;
2024-01-07;ALFALOGISTICK.ru;
2024-01-07;ALFASW.ru;
2024-01-07;ALIMANAGER.ru;
2024-01-07;ALINALUKIANOVA.ru;
2024-01-07;ALLENVORAN.ru;
2024-01-07;ALLFORSALES.ru;
2024-01-07;ALLISSTORYBRAND.ru;
2024-01-07;ALPHANERD.ru;
2024-01-07;ALSKMINE.ru;
2024-01-07;ALT-WEB.ru;
2024-01-07;ALVA7.ru;
2024-01-07;ALXVN.ru;
2024-01-07;AMA-7.ru;
2024-01-07;AMADEYPB.ru;
2024-01-07;AMBRELLA-COURSES.ru;
2024-01-07;AMGSTOCK.ru;
2024-01-07;AMISVRN.ru;
2024-01-07;AMONGWHEEL.ru;
2024-01-07;AMOURADEPTADVENTURES.ru;
2024-01-07;AMOURADVENTURESAPLENTY.ru;
2024-01-07;AMOURAMPLEADVENTURES.ru;
2024-01-07;AMOURAVENUEDATES.ru;
2024-01-07;AMOUREPICENTER.ru;
2024-01-07;AMPHORABAR.ru;
2024-01-07;AMPLEAMOURAEGIS.ru;
2024-01-07;AMPLEAMOURALCOVE.ru;
2024-01-07;AMPLEAMOURARCADE.ru;
2024-01-07;AMPLEAMOURNEST.ru;
2024-01-07;AMRESCUE.ru;
2024-01-07;AMTATAY.ru;
2024-01-07;AMURKAB.ru;
2024-01-07;AN08081982.ru;
2024-01-07;ANAGAMY.ru;
2024-01-07;ANALIZ-PRO.ru;
2024-01-07;ANANYEVA-STORE.ru;
2024-01-07;ANAPA-KUHNI.ru;
2024-01-07;ANASTASIA-PHOTOSPB.ru;
2024-01-07;ANDREEV83.ru;
2024-01-07;ANDROID-APK.ru;
2024-01-07;ANGLISKY.ru;
2024-01-07;ANICAGE.ru;
2024-01-07;ANIMAL666.ru;
2024-01-07;ANIMATOR-IVENTA.ru;
2024-01-07;ANIMEONEAPK.ru;
2024-01-07;ANISKEVICH7.ru;
2024-01-07;ANJUNADEEPHOUSEMUSIC.ru;
2024-01-07;ANNA-BANKETOVA.ru;
2024-01-07;ANNA-TURINA.ru;
2024-01-07;ANNA-VASHDOCTOR.ru;
2024-01-07;ANNA-ZHUKOVA.ru;
2024-01-07;ANNA260202.ru;
2024-01-07;ANNABELALOVA.ru;
2024-01-07;ANNAKYRAKOVA.ru;
2024-01-07;ANPROSTORY.ru;
2024-01-07;ANVIVI.ru;
2024-01-07;AO-GLONASS.ru;
2024-01-07;APENIN79.ru;
2024-01-07;APETHRONE.ru;
2024-01-07;APINIGIN.ru;
2024-01-07;APLUSFABRICS.ru;
2024-01-07;APPDAROM.ru;
2024-01-07;APPLIEDTHEATRE.ru;
2024-01-07;APPLYAPP.ru;
2024-01-07;APRONIX.ru;
2024-01-07;ARASAKA.ru;
2024-01-07;ARBAH.ru;
2024-01-07;ARCANUMMODO.ru;
2024-01-07;ARCHST.ru;
2024-01-07;ARCILLA.ru;
2024-01-07;ARCTIC-M.ru;
2024-01-07;ARCTICMOSQUITO.ru;
2024-01-07;ARELLON-SOFT.ru;
2024-01-07;ARGOSRUS.ru;
2024-01-07;ARHIVPOKUPOKPLUSHKA.ru;
2024-01-07;ARMADADORS.ru;
2024-01-07;ARNIKANORD.ru;
2024-01-07;ARSOY.ru;
2024-01-07;ARSPORT-KZN.ru;
2024-01-07;ART-GIFTT.ru;
2024-01-07;ART-GOBO.ru;
2024-01-07;ARTEMOV-TOP.ru;
2024-01-07;ARTEVENING.ru;
2024-01-07;ARTGOBO.ru;
2024-01-07;ARTMAPMSK.ru;
2024-01-07;ARTPICK.ru;
2024-01-07;ARTUSMANOV.ru;
2024-01-07;ARTYAKOBS.ru;
2024-01-07;ARZ-BREEZY.ru;
2024-01-07;ARZONSHOP.ru;
2024-01-07;ARZWINTER.ru;
2024-01-07;AS-TARASOV.ru;
2024-01-07;ASDZXCASD.ru;
2024-01-07;ASKSTAR.ru;
2024-01-07;ASLYAMOV.ru;
2024-01-07;ASSUNAYUUKI.ru;
2024-01-07;ATLANT-KIRPICH.ru;
2024-01-07;ATLAS-BAIKAL.ru;
2024-01-07;ATOMYVOLGOGRAD.ru;
2024-01-07;ATTENDIT.ru;
2024-01-07;ATZ-GROUP.ru;
2024-01-07;AUDITOPROFI.ru;
2024-01-07;AUDITORPROFI.ru;
2024-01-07;AUQAMOON.ru;
2024-01-07;AUQASUN.ru;
2024-01-07;AURORA-MENTIS.ru;
2024-01-07;AUTO-HELPERS.ru;
2024-01-07;AUTOEXPERT50.ru;
2024-01-07;AUTOGRELKA.ru;
2024-01-07;AUTOMAID.ru;
2024-01-07;AUTOTODEY.ru;
2024-01-07;AV-NEUDAHIN.ru;
2024-01-07;AVA-LETNIJ.ru;
2024-01-07;AVERNOMED.ru;
2024-01-07;AVIA-AWD.ru;
2024-01-07;AVIAAWD.ru;
2024-01-07;AVIAID.ru;
2024-01-07;AVIBREABERS.ru;
2024-01-07;AVIDREABERS.ru;
2024-01-07;AVIDREAD.ru;
2024-01-07;AVIDREADRES.ru;
2024-01-07;AVIDREADRS.ru;
2024-01-07;AVIDREADS.ru;
2024-01-07;AVIDRIDERS.ru;
2024-01-07;AVIREADERS.ru;
2024-01-07;AVITONCA.ru;
2024-01-07;AVTO-GRELKA.ru;
2024-01-07;AVTO-VAN.ru;
2024-01-07;AVTO7DAYS.ru;
2024-01-07;AVTOBOT38.ru;
2024-01-07;AVTOCASH31.ru;
2024-01-07;AVTOMAGISTRAL22.ru;
2024-01-07;AVTOODEIALO.ru;
2024-01-07;AVTORGASTROBAR.ru;
2024-01-07;AVVTECH.ru;
2024-01-07;AVYSHEGORODTSEVA.ru;
2024-01-07;AWD-AVIA.ru;
2024-01-07;AWDAVIA.ru;
2024-01-07;AYLEENEWQWERY.ru;
2024-01-07;AZALIYA89-PHOTO.ru;
2024-01-07;AZATSHAFIGULLIN.ru;
2024-01-07;AZIZ-RAKHIMA.ru;
2024-01-07;AZORA-SINICHKINA.ru;
2024-01-07;AZUREPEACE.ru;
2024-01-07;B2BSHISHA.ru;
2024-01-07;B2BSOGLASIE.ru;
2024-01-07;B2GETA.ru;
2024-01-07;B7BAR.ru;
2024-01-07;BAA1003.ru;
2024-01-07;BABY-NEWS.ru;
2024-01-07;BAGAUTDINOVRF.ru;
2024-01-07;BAIKALDESIGN.ru;
2024-01-07;BAKSKR4.ru;
2024-01-07;BALI-FREEPEOPLE.ru;
2024-01-07;BALI-NARKOLOG.ru;
2024-01-07;BALI-REHAB.ru;
2024-01-07;BALIFREEPEOPLE.ru;
2024-01-07;BALINARKOLOG.ru;
2024-01-07;BALISOULSPA.ru;
2024-01-07;BANKCOMMUNIT.ru;
2024-01-07;BANKETFURSHET-CATERING.ru;
2024-01-07;BANKROTSTVOHELP.ru;
2024-01-07;BANKROTSTVOTVER.ru;
2024-01-07;BAODIGROUP.ru;
2024-01-07;BAR-TENDER.ru;
2024-01-07;BARASHEK-SHOP.ru;
2024-01-07;BARASHEK-STORE.ru;
2024-01-07;BARASHEKSHOP.ru;
2024-01-07;BARASHKA-SHOP.ru;
2024-01-07;BARASHKA-STORE.ru;
2024-01-07;BARASHKASHOP.ru;
2024-01-07;BARASHKASTORE.ru;
2024-01-07;BARMOTIN.ru;
2024-01-07;BARS-ATS.ru;
2024-01-07;BARYKINAIRINA.ru;
2024-01-07;BASICOBRAND.ru;
2024-01-07;BASNAYAKE-7.ru;
2024-01-07;BATAGI.ru;
2024-01-07;BATAGIFASHION.ru;
2024-01-07;BATSURA.ru;
2024-01-07;BAVM.ru;
2024-01-07;BAZA-OTDYHA-UFA.ru;
2024-01-07;BAZAROSTOV.ru;
2024-01-07;BAZILIKPIZZA.ru;
2024-01-07;BAZYLEW.ru;
2024-01-07;BBITRIX24.ru;
2024-01-07;BEARIN.ru;
2024-01-07;BEDASCH.ru;
2024-01-07;BELAVENTSEV.ru;
2024-01-07;BELGOROD-POVERKA.ru;
2024-01-07;BELIEVERS24.ru;
2024-01-07;BELONE.ru;
2024-01-07;BELPECTIN.ru;
2024-01-07;BERDNIKOVA-TOP.ru;
2024-01-07;BERRYRISE.ru;
2024-01-07;BESPALEVA.ru;
2024-01-07;BESTATTORNEY.ru;
2024-01-07;BESTOCKEDCLIENT.ru;
2024-01-07;BESTOUTLETSTORE2024.ru;
2024-01-07;BESTTOVARSALE.ru;
2024-01-07;BETTINA-BARTY.ru;
2024-01-07;BETTINABARTY.ru;
2024-01-07;BEZOBIDPROJECT.ru;
2024-01-07;BEZUMNOVKUSNO.ru;
2024-01-07;BIBABOCLUB.ru;
2024-01-07;BIG-BAMBOO-GAMES.ru;
2024-01-07;BIGWARLUS.ru;
2024-01-07;BINBO777.ru;
2024-01-07;BIOTECH-SENSOR.ru;
2024-01-07;BISFINANCE.ru;
2024-01-07;BIVONDOC.ru;
2024-01-07;BLACKCOHOSH.ru;
2024-01-07;BLACKMOR4.ru;
2024-01-07;BLAZERMAXG.ru;
2024-01-07;BLAZERMAXJ.ru;
2024-01-07;BLISSFULBONDVOYAGE.ru;
2024-01-07;BLISSFULMATEENCOUNTER.ru;
2024-01-07;BMBRAIN.ru;
2024-01-07;BODACONCEPT.ru;
2024-01-07;BODYTRACKR.ru;
2024-01-07;BOGA-7.ru;
2024-01-07;BOIKEN.ru;
2024-01-07;BOLNYEDETI.ru;
2024-01-07;BOLSHAKOVO-39.ru;
2024-01-07;BOLT02.ru;
2024-01-07;BOMBARDINA-PAGE.ru;
2024-01-07;BOND23042006.ru;
2024-01-07;BONUS-1XBET225.ru;
2024-01-07;BONUS-1XBET919.ru;
2024-01-07;BOOKMADE.ru;
2024-01-07;BOOKMARE.ru;
2024-01-07;BOOKMITE.ru;
2024-01-07;BOOLMATE.ru;
2024-01-07;BOOMATE.ru;
2024-01-07;BORTNIKSA.ru;
2024-01-07;BORZNABOR.ru;
2024-01-07;BOSS-IVAN.ru;
2024-01-07;BOT10.ru;
2024-01-07;BOT1INFORU.ru;
2024-01-07;BOTINFORU.ru;
2024-01-07;BOTSTOPEOPLE.ru;
2024-01-07;BOVA-1.ru;
2024-01-07;BOXBERRY-INFORMATION.ru;
2024-01-07;BOXING51.ru;
2024-01-07;BOYSSCAUT.ru;
2024-01-07;BRAINFUSION.ru;
2024-01-07;BRAINSTROMING.ru;
2024-01-07;BRAINY7.ru;
2024-01-07;BRANDSPROMO.ru;
2024-01-07;BREMENSKIE-MUZYKANTY-2024.ru;
2024-01-07;BREMENSKIEMUZIK.ru;
2024-01-07;BREMENSKIEMUZIKANT2024.ru;
2024-01-07;BREMENSKIEMUZIKAYNTY2024.ru;
2024-01-07;BREMENSKIEMUZYKANTY2024F.ru;
2024-01-07;BRENDKUPI.ru;
2024-01-07;BRENDY-MINE.ru;
2024-01-07;BRICSLOGISTIC.ru;
2024-01-07;BRICSLOGISTICS.ru;
2024-01-07;BRILLXZERKALO01.ru;
2024-01-07;BRILLXZERKALO1.ru;
2024-01-07;BRYANSK-POVERKA.ru;
2024-01-07;BSG-HOME.ru;
2024-01-07;BUCAT.ru;
2024-01-07;BUDDY-SCHOOL.ru;
2024-01-07;BUHGALT-GURU.ru;
2024-01-07;BUHGALTANOS.ru;
2024-01-07;BUHGALTGURU.ru;
2024-01-07;BUHGAPROFI.ru;
2024-01-07;BUILDMEHOUSE.ru;
2024-01-07;BUKMATE.ru;
2024-01-07;BULLYSTAFF.ru;
2024-01-07;BUSHNEVACOPYWRITER.ru;
2024-01-07;BUTIKMEDSERVICE.ru;
2024-01-07;BUTKOMUSIC.ru;
2024-01-07;BYDY-NE-DOLGHEN24.ru;
2024-01-07;BYLOOK.ru;
2024-01-07;BZIU.ru;
2024-01-07;C-PD.ru;
2024-01-07;C6M.ru;
2024-01-07;CAAANE4KA.ru;
2024-01-07;CAB792CA90IKO.ru;
2024-01-07;CAFE-SHAFRAN.ru;
2024-01-07;CAFERICO.ru;
2024-01-07;CAGRIP.ru;
2024-01-07;CANDY-WAX.ru;
2024-01-07;CANISTRO.ru;
2024-01-07;CAPITAL-22.ru;
2024-01-07;CAPITAL22.ru;
2024-01-07;CAPITALIFY.ru;
2024-01-07;CAPITDIO.ru;
2024-01-07;CAR-ASSISTANT.ru;
2024-01-07;CAR-STORM.ru;
2024-01-07;CARSTORM.ru;
2024-01-07;CASH-INBOX.ru;
2024-01-07;CASH-PAYMENT.ru;
2024-01-07;CASINOJOK.ru;
2024-01-07;CASSA-ROUTE.ru;
2024-01-07;CATANTICHEAT.ru;
2024-01-07;CATGEL.ru;
2024-01-07;CAWAGRAF.ru;
2024-01-07;CBHELPER.ru;
2024-01-07;CDEK-PARTNERSHIP.ru;
2024-01-07;CE2TLDQ.ru;
2024-01-07;CELESTIALLOVEVISTA.ru;
2024-01-07;CELICEL.ru;
2024-01-07;CENTER-ALLON4.ru;
2024-01-07;CESELL.ru;
2024-01-07;CGEXPERT.ru;
2024-01-07;CHARLIETEA.ru;
2024-01-07;CHARM-JEWELRY.ru;
2024-01-07;CHASTOT-NIC.ru;
2024-01-07;CHASYSMART.ru;
2024-01-07;CHATSEO.ru;
2024-01-07;CHAWALL.ru;
2024-01-07;CHEAPONLINE2024.ru;
2024-01-07;CHEAPSTORES2024.ru;
2024-01-07;CHERDAK-MECHTATELI.ru;
2024-01-07;CHERKASOVA-WORK.ru;
2024-01-07;CHERNOVA-OLGA.ru;
2024-01-07;CHERNOZEM-KUPIT.ru;
2024-01-07;CHERRYROLL.ru;
2024-01-07;CHEVENING.ru;
2024-01-07;CHIGR.ru;
2024-01-07;CHILDDOC.ru;
2024-01-07;CHILLAX-SHOP.ru;
2024-01-07;CHINBAR.ru;
2024-01-07;CHIRTSOVT.ru;
2024-01-07;CHISTIMEBEL.ru;
2024-01-07;CHISTOE-SEREBRO.ru;
2024-01-07;CHRISTINO4KA.ru;
2024-01-07;CHRONICAR.ru;
2024-01-07;CHSAT.ru;
2024-01-07;CHTO-ESLI.ru;
2024-01-07;CINEMA-WORK.ru;
2024-01-07;CITY-1XBET311.ru;
2024-01-07;CIV2INF.ru;
2024-01-07;CLEAN-PROFI54.ru;
2024-01-07;CLEAN47.ru;
2024-01-07;CLEANING-SERVICE03.ru;
2024-01-07;CLEDO.ru;
2024-01-07;CLEENORA.ru;
2024-01-07;CLIMATICAIR.ru;
2024-01-07;CLOUDOBZOR.ru;
2024-01-07;CLYNIC.ru;
2024-01-07;CMEPKA.ru;
2024-01-07;CMOLETT.ru;
2024-01-07;COACH-HUB.ru;
2024-01-07;COCAFE.ru;
2024-01-07;COMBUCHALIVE.ru;
2024-01-07;COMMUNITY-GROUP.ru;
2024-01-07;COMPX-NSK.ru;
2024-01-07;COOKSHAT.ru;
2024-01-07;COOMETT.ru;
2024-01-07;COOMMEET.ru;
2024-01-07;CORSOIT.ru;
2024-01-07;COSKUNAK.ru;
2024-01-07;COSMICCONNECTIONCOAST.ru;
2024-01-07;COSMICCONNECTIONCORRIDOR.ru;
2024-01-07;COSMICCONNECTIONCOVE.ru;
2024-01-07;COSMICCONNECTIONHUB.ru;
2024-01-07;COSMO2024X.ru;
2024-01-07;COURSEYOU.ru;
2024-01-07;COZYGLOWEKB.ru;
2024-01-07;CRAFTORA.ru;
2024-01-07;CRAVINBLOOD.ru;
2024-01-07;CREATIVABLE.ru;
2024-01-07;CREATIVEFUL.ru;
2024-01-07;CREATIVILY.ru;
2024-01-07;CREDITONBY.ru;
2024-01-07;CRELATSO.ru;
2024-01-07;CREUDIO.ru;
2024-01-07;CRIMEAPROKAT.ru;
2024-01-07;CRM-LIVE.ru;
2024-01-07;CRUNCHPRODUCTION.ru;
2024-01-07;CRYPTOPXART.ru;
2024-01-07;CRYPTTUM.ru;
2024-01-07;CRYPTUMM.ru;
2024-01-07;CS-KLINOK.ru;
2024-01-07;CS2-MAIL.ru;
2024-01-07;CS2-WEPLAYTV.ru;
2024-01-07;CTOSO.ru;
2024-01-07;CUBE-COLLECTION.ru;
2024-01-07;CUBE-MINYSTER.ru;
2024-01-07;CULT-BODY.ru;
2024-01-07;CUMEET.ru;
2024-01-07;CUPIDARROWBLISS.ru;
2024-01-07;CUPIDCASCADE.ru;
2024-01-07;CURSY-EXCEL.ru;
2024-01-07;CUSOTMCODE.ru;
2024-01-07;CUSTOMCODE.ru;
2024-01-07;CUSVV.ru;
2024-01-07;CUTCAKE.ru;
2024-01-07;CVETI-ORSK.ru;
2024-01-07;CVETI01.ru;
2024-01-07;CVETI03.ru;
2024-01-07;CVETI10.ru;
2024-01-07;CVETI12.ru;
2024-01-07;CVETI13.ru;
2024-01-07;CVETI14.ru;
2024-01-07;CVETI17.ru;
2024-01-07;CVETI19.ru;
2024-01-07;CVETI22.ru;
2024-01-07;CVETI28.ru;
2024-01-07;CVETI31.ru;
2024-01-07;CVETI33.ru;
2024-01-07;CVETI37.ru;
2024-01-07;CVETI39.ru;
2024-01-07;CVETI40.ru;
2024-01-07;CVETI41.ru;
2024-01-07;CVETI42.ru;
2024-01-07;CVETI43.ru;
2024-01-07;CVETI44.ru;
2024-01-07;CVETI45.ru;
2024-01-07;CVETI46.ru;
2024-01-07;CVETI48.ru;
2024-01-07;CVETI49.ru;
2024-01-07;CVETI51.ru;
2024-01-07;CVETI53.ru;
2024-01-07;CVETI57.ru;
2024-01-07;CVETI60.ru;
2024-01-07;CVETI65.ru;
2024-01-07;CVETI75.ru;
2024-01-07;CVETI76.ru;
2024-01-07;CVETI79.ru;
2024-01-07;CVETI81.ru;
2024-01-07;CVETI82.ru;
2024-01-07;CVETI85.ru;
2024-01-07;CVETI92.ru;
2024-01-07;CVETI95.ru;
2024-01-07;CVETI96.ru;
2024-01-07;CVETI97.ru;
2024-01-07;CYBER-INNOVATIONS.ru;
2024-01-07;CYBER-WOLF-VR.ru;
2024-01-07;CYBERALEX74.ru;
2024-01-07;CYBERWOLF-VR.ru;
2024-01-07;CYKN9QP.ru;
2024-01-07;D-ATOMIC.ru;
2024-01-07;D-NADEZHDA.ru;
2024-01-07;D-YEAR.ru;
2024-01-07;DAAYA.ru;
2024-01-07;DADIGAMOV.ru;
2024-01-07;DALAOBAN.ru;
2024-01-07;DALBATTOUR.ru;
2024-01-07;DAMASHNIY.ru;
2024-01-07;DAMPILOVA.ru;
2024-01-07;DANETHZ.ru;
2024-01-07;DANINIEL.ru;
2024-01-07;DANNYE-CHELOVEKA.ru;
2024-01-07;DARPARFUM.ru;
2024-01-07;DARPARFUME.ru;
2024-01-07;DASHTECH-COURSES.ru;
2024-01-07;DATA-TELECOM.ru;
2024-01-07;DAYTRADINGLIVE.ru;
2024-01-07;DBATLUK.ru;
2024-01-07;DE-PIN.ru;
2024-01-07;DEALER-TJ.ru;
2024-01-07;DECORLABEL.ru;
2024-01-07;DECREATIVE.ru;
2024-01-07;DEFENDE.ru;
2024-01-07;DEFINE-G.ru;
2024-01-07;DEIPRA.ru;
2024-01-07;DEKOKOS.ru;
2024-01-07;DELESKE.ru;
2024-01-07;DELIVERY-4126.ru;
2024-01-07;DELIVERY-ORDER198.ru;
2024-01-07;DELIVERY218.ru;
2024-01-07;DELOLITCLUB.ru;
2024-01-07;DEMGOR.ru;
2024-01-07;DENGKRM1.ru;
2024-01-07;DENGORSHKOV.ru;
2024-01-07;DENIS-VALIEV.ru;
2024-01-07;DENISMILLER.ru;
2024-01-07;DENKRM.ru;
2024-01-07;DEREVO77.ru;
2024-01-07;DEREVOVO.ru;
2024-01-07;DESIGNERYEAR.ru;
2024-01-07;DESTINYDUODEN.ru;
2024-01-07;DESTINYDUODIVE.ru;
2024-01-07;DESTINYDUODOMAIN.ru;
2024-01-07;DESTINYLOVELINK.ru;
2024-01-07;DETAL01.ru;
2024-01-07;DETIINVALIDY.ru;
2024-01-07;DEV-MODE.ru;
2024-01-07;DEV-TEST-20.ru;
2024-01-07;DEVKOLESNIKOV.ru;
2024-01-07;DEVPGX.ru;
2024-01-07;DEYLLA.ru;
2024-01-07;DIAGSTORE.ru;
2024-01-07;DIDYOUPRAYTODAY.ru;
2024-01-07;DIEBLONDE.ru;
2024-01-07;DIGITALEDEN.ru;
2024-01-07;DIGITALMARKETIR.ru;
2024-01-07;DILEONIDIS.ru;
2024-01-07;DIOSIFOV.ru;
2024-01-07;DIPIDI.ru;
2024-01-07;DIPLOMMUSHKETOV.ru;
2024-01-07;DIRXAM.ru;
2024-01-07;DISCOUNT-PAY.ru;
2024-01-07;DISCOUNT-PAYMENT.ru;
2024-01-07;DISHA1008.ru;
2024-01-07;DISK-ROMASHKA.ru;
2024-01-07;DISKONTOKNO-SP.ru;
2024-01-07;DITHARD.ru;
2024-01-07;DIVINATION-ON-RUNES.ru;
2024-01-07;DIVINATION-RUNES.ru;
2024-01-07;DIVINEDISH.ru;
2024-01-07;DIWES.ru;
2024-01-07;DIXIE-34.ru;
2024-01-07;DIZRAPTOR.ru;
2024-01-07;DJVK.ru;
2024-01-07;DMAILERRU.ru;
2024-01-07;DMALYSHEVA.ru;
2024-01-07;DMHAIR.ru;
2024-01-07;DMITRYBOGOV.ru;
2024-01-07;DMLARIK.ru;
2024-01-07;DNGKRRG.ru;
2024-01-07;DOBROSOTSKAYA.ru;
2024-01-07;DOBRYNYA-STUDIO.ru;
2024-01-07;DOCSLOT.ru;
2024-01-07;DOCTORSHPYRNYI.ru;
2024-01-07;DOFAMIN-BOX.ru;
2024-01-07;DOGBYE.ru;
2024-01-07;DOHOD-DOMA.ru;
2024-01-07;DOKALLIANCE-SNAB.ru;
2024-01-07;DOKTOR-PODNEBESOV.ru;
2024-01-07;DOLENA.ru;
2024-01-07;DOLGAM-SKAZHI-STOP.ru;
2024-01-07;DOLGHNIK-STOP2024.ru;
2024-01-07;DOLGHNIK2024-STOP.ru;
2024-01-07;DOMA-NA-SELIGERE.ru;
2024-01-07;DOMAIN-NAME-SHOP.ru;
2024-01-07;DOMASNIY.ru;
2024-01-07;DOMDIZAYN.ru;
2024-01-07;DOMIK-SHI.ru;
2024-01-07;DOMINATORS-TEAM.ru;
2024-01-07;DOMINOHAN.ru;
2024-01-07;DOMKARKAS-PRO.ru;
2024-01-07;DOMPAYF.ru;
2024-01-07;DOMPROECT.ru;
2024-01-07;DOMVRIVERE.ru;
2024-01-07;DOPUSK-V-SRO-IZYSKANIYA.ru;
2024-01-07;DORAMARUS.ru;
2024-01-07;DORAMKA.ru;
2024-01-07;DORAMKI.ru;
2024-01-07;DOSTAVKA-4569.ru;
2024-01-07;DOSTAVKA-SHE.ru;
2024-01-07;DOSTAVKA-YOULY.ru;
2024-01-07;DOZASPORTA.ru;
2024-01-07;DPAVLIDI.ru;
2024-01-07;DREAMDATEDELL.ru;
2024-01-07;DREAMDATEDIVE.ru;
2024-01-07;DREAMDATEDUET.ru;
2024-01-07;DREAMDATEVOYAGE.ru;
2024-01-07;DREAMLANDDUO.ru;
2024-01-07;DREAMYDUETDATES.ru;
2024-01-07;DREAMYDUOJOURNEY.ru;
2024-01-07;DREAMYROMANCEJUNCTION.ru;
2024-01-07;DREYNERE.ru;
2024-01-07;DRGOGOREVA.ru;
2024-01-07;DRIRA.ru;
2024-01-07;DRIVECOACH.ru;
2024-01-07;DRONFPV.ru;
2024-01-07;DRRYABOFFMD.ru;
2024-01-07;DRY-SOFT.ru;
2024-01-07;DUBAI-SELL.ru;
2024-01-07;DUBAIPERFUMESHOP.ru;
2024-01-07;DUOROLLO.ru;
2024-01-07;DV-AUTORAZBORKA.ru;
2024-01-07;DVCHEKANOV.ru;
2024-01-07;DVOREC-SAKHALIN.ru;
2024-01-07;DVRONZHIN.ru;
2024-01-07;DWANARCHY.ru;
2024-01-07;DYEAR.ru;
2024-01-07;DYOUTUBE.ru;
2024-01-07;DYUMIN2036.ru;
2024-01-07;DZARIPOV.ru;
2024-01-07;E-24KK.ru;
2024-01-07;EAGODUNOVA.ru;
2024-01-07;EAREFYEV.ru;
2024-01-07;EARN-PAYING.ru;
2024-01-07;EASYPANDA.ru;
2024-01-07;EBANNOE.ru;
2024-01-07;EBARSUKOV.ru;
2024-01-07;ECLATS.ru;
2024-01-07;ECLECTICASHOP.ru;
2024-01-07;ECO-FALCON.ru;
2024-01-07;ECO-WEEKEND.ru;
2024-01-07;ECOLOGISTPODOLSK.ru;
2024-01-07;ECONEST.ru;
2024-01-07;ECOSAB.ru;
2024-01-07;ECOSEXUAL.ru;
2024-01-07;EDANEBEDA.ru;
2024-01-07;EDDURDEN.ru;
2024-01-07;EDELVEIYS.ru;
2024-01-07;EDEXPERTLIB.ru;
2024-01-07;EDTECH-TECHNOLOGIES-COURSES.ru;
2024-01-07;EDUCOOL.ru;
2024-01-07;EDZU.ru;
2024-01-07;EFELECTRIC.ru;
2024-01-07;EGE-AMBRELLA.ru;
2024-01-07;EGHT-JNR.ru;
2024-01-07;EGOR145.ru;
2024-01-07;EGUREVA.ru;
2024-01-07;EGY-HOME-GROUP.ru;
2024-01-07;EKOBOND.ru;
2024-01-07;EKURTIZANKA.ru;
2024-01-07;ELACTATION.ru;
2024-01-07;ELAEVA-1.ru;
2024-01-07;ELCADS.ru;
2024-01-07;ELCAS.ru;
2024-01-07;ELCATC.ru;
2024-01-07;ELDTECH.ru;
2024-01-07;ELEAF-OFFICIAL.ru;
2024-01-07;ELECTRICPROECT.ru;
2024-01-07;ELENA-FILIPPOVA.ru;
2024-01-07;ELENA-SHKIRDOVA.ru;
2024-01-07;ELENAIVANEN.ru;
2024-01-07;ELENAKOMISSAROVA.ru;
2024-01-07;ELENAKOSA72.ru;
2024-01-07;ELENAPIKUN.ru;
2024-01-07;ELENASHKIRDOVA.ru;
2024-01-07;ELENATYUKALOVA.ru;
2024-01-07;ELITE-BATH.ru;
2024-01-07;ELITE-BONUS.ru;
2024-01-07;ELKIDAROM55.ru;
2024-01-07;ELM-RUSSIA.ru;
2024-01-07;ELMIRA-MAKAROVA.ru;
2024-01-07;ENCHANTINGEMBRACEEDEN.ru;
2024-01-07;ENCHANTINGEMBRACEENCOUNTER.ru;
2024-01-07;ENCHANTINGEMBRACEEXPEDITION.ru;
2024-01-07;ENCHANTINGLOVECRUISE.ru;
2024-01-07;ENCHANTINGLOVEHARBOR.ru;
2024-01-07;ENDEMIC-CLUB.ru;
2024-01-07;ENDO-FILES.ru;
2024-01-07;ENDOFILES.ru;
2024-01-07;ENJOY-MANIA.ru;
2024-01-07;ENJOYMANIA.ru;
2024-01-07;ENOTPLAY.ru;
2024-01-07;EOCHIROVA.ru;
2024-01-07;EOG-GLAZ-BOGA.ru;
2024-01-07;EPICBANK.ru;
2024-01-07;ERASOVANATA.ru;
2024-01-07;ERC-MYCODE.ru;
2024-01-07;ERKMAN77.ru;
2024-01-07;ERLCGROUP.ru;
2024-01-07;EROTAR.ru;
2024-01-07;ERSHOWP4V.ru;
2024-01-07;ES-000.ru;
2024-01-07;ESCHNEIDER.ru;
2024-01-07;ESFERE.ru;
2024-01-07;ESHKIRDOVA.ru;
2024-01-07;ESINA-EK.ru;
2024-01-07;ESOTERICSECRETS.ru;
2024-01-07;ESPHERA.ru;
2024-01-07;ESS-AIRFIELD.ru;
2024-01-07;ESTEKS-TKANI.ru;
2024-01-07;ETERNALEMBRACEENCOUNTER.ru;
2024-01-07;ETERNALESSENCEENCLAVE.ru;
2024-01-07;ETERNALESSENCEEXPEDITION.ru;
2024-01-07;ETERNALEUPHORIADATES.ru;
2024-01-07;ETERNALFLAMEDATES.ru;
2024-01-07;ETERNITYSOULMATE.ru;
2024-01-07;ETOVANYA.ru;
2024-01-07;EUGENITOZ.ru;
2024-01-07;EURODATES.ru;
2024-01-07;EUROMEDICO.ru;
2024-01-07;EVA-WOMAN-CLUB.ru;
2024-01-07;EVACADEMY.ru;
2024-01-07;EVACUATOR-08.ru;
2024-01-07;EVAKUATA.ru;
2024-01-07;EVAKUVATORRIADOM-KG.ru;
2024-01-07;EVENT-FUTURE.ru;
2024-01-07;EVENTURBO.ru;
2024-01-07;EVENTWB.ru;
2024-01-07;EVERLASTINGECSTASY.ru;
2024-01-07;EVERLASTINGJOYHARBOR.ru;
2024-01-07;EVERSETX24X.ru;
2024-01-07;EVGENIA-KANAK.ru;
2024-01-07;EVGENIJN.ru;
2024-01-07;EXCUS.ru;
2024-01-07;EXPERT-REZ.ru;
2024-01-07;EXSIGN.ru;
2024-01-07;EXTRIME-FOREST.ru;
2024-01-07;EZHGUTOV.ru;
2024-01-07;EZKIP.ru;
2024-01-07;F96IK7T.ru;
2024-01-07;FAART.ru;
2024-01-07;FABERLICLAVMILLION.ru;
2024-01-07;FACE-NEWS.ru;
2024-01-07;FACEIT-LOGIN.ru;
2024-01-07;FACTORRING.ru;
2024-01-07;FACTORYSALE2024.ru;
2024-01-07;FAMILYACTOR.ru;
2024-01-07;FANCYFINDS.ru;
2024-01-07;FANERSKY.ru;
2024-01-07;FANTAZERKIN.ru;
2024-01-07;FANTAZYWORLD.ru;
2024-01-07;FASADPROM.ru;
2024-01-07;FATYHOV.ru;
2024-01-07;FAVREAU.ru;
2024-01-07;FAZLIDDIN.ru;
2024-01-07;FEDCKOVAIULIA.ru;
2024-01-07;FEDOKS.ru;
2024-01-07;FEMIEDA.ru;
2024-01-07;FEMININE-CLIENT.ru;
2024-01-07;FEMMEWISDOM.ru;
2024-01-07;FERTIKHBEAUTY.ru;
2024-01-07;FEZT.ru;
2024-01-07;FFBUY.ru;
2024-01-07;FFCITY.ru;
2024-01-07;FGOS-ZNANIE.ru;
2024-01-07;FIBER-FLORA.ru;
2024-01-07;FIGHTCHAMP.ru;
2024-01-07;FILITOVICHCONSULTING.ru;
2024-01-07;FILITOVICHROMAN.ru;
2024-01-07;FILVORDY.ru;
2024-01-07;FINANSTIME.ru;
2024-01-07;FINEDOGS.ru;
2024-01-07;FINPLANAPP.ru;
2024-01-07;FINS-NAVIGATOR.ru;
2024-01-07;FIRESAFEPROJECT.ru;
2024-01-07;FIRSTROUNDMANAGEMENT.ru;
2024-01-07;FISHERCOM.ru;
2024-01-07;FISHSTORE32.ru;
2024-01-07;FITJUNIOR.ru;
2024-01-07;FLADIX.ru;
2024-01-07;FLAMMACANDLES.ru;
2024-01-07;FLAYID.ru;
2024-01-07;FLAYRADAR.ru;
2024-01-07;FLAYRADAR24.ru;
2024-01-07;FLEXXY.ru;
2024-01-07;FLIGHTSAEROFLOT.ru;
2024-01-07;FLIPLIVING.ru;
2024-01-07;FLIRADAR24.ru;
2024-01-07;FLOWBLOOM.ru;
2024-01-07;FLUIDAEROFLOT.ru;
2024-01-07;FLY-ID-AEROFLOT.ru;
2024-01-07;FLYID-AEROFLOT.ru;
2024-01-07;FLYIDAEROFLOT.ru;
2024-01-07;FLYLIKEME.ru;
2024-01-07;FMZ-GUITAR.ru;
2024-01-07;FOND-SY.ru;
2024-01-07;FOREVERYOURSVISTA.ru;
2024-01-07;FORPRIZES24.ru;
2024-01-07;FORTIS-NSK.ru;
2024-01-07;FORUM-YAPPAROV.ru;
2024-01-07;FORUMIDEI.ru;
2024-01-07;FRANCHIZE-ZELENIYGOROD.ru;
2024-01-07;FRANCHPRODUCTION.ru;
2024-01-07;FREEPEOPLE-BALI.ru;
2024-01-07;FREEPEOPLEBALI.ru;
2024-01-07;FREZZIA.ru;
2024-01-07;FRIZ-SPB.ru;
2024-01-07;FSDDSCORING.ru;
2024-01-07;FSEARX.ru;
2024-01-07;FSVPS-GOV.ru;
2024-01-07;FTCAP.ru;
2024-01-07;FULLCYCLE-F.ru;
2024-01-07;FUNNYCUBE.ru;
2024-01-07;FUNSWEX.ru;
2024-01-07;FURFUT.ru;
2024-01-07;FURNI-MARKET.ru;
2024-01-07;FURNICULTURE.ru;
2024-01-07;FURYXNET.ru;
2024-01-07;FYZO.ru;
2024-01-07;G-GTC.ru;
2024-01-07;G4MES.ru;
2024-01-07;GADAI24.ru;
2024-01-07;GADANIE78.ru;
2024-01-07;GADD3N.ru;
2024-01-07;GAGARINOVA-STUDIO.ru;
2024-01-07;GALLEREYS.ru;
2024-01-07;GAMEXBOY.ru;
2024-01-07;GANG-OFFICIAL.ru;
2024-01-07;GARAZH76.ru;
2024-01-07;GARDASAR.ru;
2024-01-07;GASIK79.ru;
2024-01-07;GASTROBAR-UGODNIKI.ru;
2024-01-07;GATSBY-BARBERSHOP.ru;
2024-01-07;GATSBYBARBER.ru;
2024-01-07;GATSBYBARBERSHOP.ru;
2024-01-07;GAZPROECT.ru;
2024-01-07;GD-DIGITAL.ru;
2024-01-07;GD08ZSM.ru;
2024-01-07;GDEKUDAKOGDA.ru;
2024-01-07;GEFESTCRAFT.ru;
2024-01-07;GERZ-SURGUT.ru;
2024-01-07;GETTIX0DX.ru;
2024-01-07;GHLAND.ru;
2024-01-07;GHUSAMOVA.ru;
2024-01-07;GIFT-FREE.ru;
2024-01-07;GIFTSFREE.ru;
2024-01-07;GIGROMETER.ru;
2024-01-07;GIZNITVORHESTVO.ru;
2024-01-07;GK-ASM-78.ru;
2024-01-07;GK-ASM78.ru;
2024-01-07;GKAPRELEVSKIY.ru;
2024-01-07;GLADKIH-WORK.ru;
2024-01-07;GLAMPRADAR.ru;
2024-01-07;GLAVMIN.ru;
2024-01-07;GLAVNAYA-KUHNYA-STRANY.ru;
2024-01-07;GLAVSHPAN.ru;
2024-01-07;GLISEMEBEL.ru;
2024-01-07;GLITSAN.ru;
2024-01-07;GLOBALOF123.ru;
2024-01-07;GMN86.ru;
2024-01-07;GO-GIRL.ru;
2024-01-07;GOFAG.ru;
2024-01-07;GOFROG.ru;
2024-01-07;GOKOLENKOFF.ru;
2024-01-07;GOLDENBRI.ru;
2024-01-07;GOLOSSUI-WATSP.ru;
2024-01-07;GOLOSVKS.ru;
2024-01-07;GOPIMATA.ru;
2024-01-07;GOROX123.ru;
2024-01-07;GORSVETPRO.ru;
2024-01-07;GORUKO.ru;
2024-01-07;GOS-CONTRACT.ru;
2024-01-07;GPARFENTSEV.ru;
2024-01-07;GPT-BLOGER.ru;
2024-01-07;GQRE.ru;
2024-01-07;GRACEMETAL.ru;
2024-01-07;GRANDREALLY.ru;
2024-01-07;GRASS-POLIV.ru;
2024-01-07;GRAVITYARKHYZ.ru;
2024-01-07;GRAZMER.ru;
2024-01-07;GRDES.ru;
2024-01-07;GRE79EN.ru;
2024-01-07;GRIBPSY.ru;
2024-01-07;GRINDASIB.ru;
2024-01-07;GROWISART.ru;
2024-01-07;GRUZDETALI.ru;
2024-01-07;GRUZOTAXI-KG.ru;
2024-01-07;GRUZOVOE-TAXI124.ru;
2024-01-07;GT-KAT.ru;
2024-01-07;GT-TECHNIC.ru;
2024-01-07;GT-TECHNICS.ru;
2024-01-07;GTTECHNIC.ru;
2024-01-07;GTU-SERVICE.ru;
2024-01-07;GULIANI77.ru;
2024-01-07;GUNGAMER.ru;
2024-01-07;GURYAN.ru;
2024-01-07;GUTECHH.ru;
2024-01-07;HAIR-NEWS.ru;
2024-01-07;HAIRDRESSERSBLOND.ru;
2024-01-07;HAJAGHA.ru;
2024-01-07;HALCORIUM.ru;
2024-01-07;HANDHOK.ru;
2024-01-07;HANDUS.ru;
2024-01-07;HAPPYMULEY.ru;
2024-01-07;HARLEYROCKS.ru;
2024-01-07;HARMONYHAVENDATES.ru;
2024-01-07;HARMONYMATCHMAKER.ru;
2024-01-07;HATAJANOV.ru;
2024-01-07;HDHDGHDFGBDFGHG.ru;
2024-01-07;HEALTHY-BODIES.ru;
2024-01-07;HEARTBEATHARBOR.ru;
2024-01-07;HEARTFELTHARMONY.ru;
2024-01-07;HEARTFELTHARMONYHABITAT.ru;
2024-01-07;HEARTFELTHARMONYHAVEN.ru;
2024-01-07;HEARTFELTHARMONYHEMISPHERE.ru;
2024-01-07;HEARTFELTHARMONYHUE.ru;
2024-01-07;HEARTWARMINGHARBOR.ru;
2024-01-07;HELP-DOLGAM.ru;
2024-01-07;HELP-O-DOLGAX24.ru;
2024-01-07;HELPONTHEROAD.ru;
2024-01-07;HERTZ64.ru;
2024-01-07;HEXBAGS.ru;
2024-01-07;HGN0L.ru;
2024-01-07;HIGHTECHDEV.ru;
2024-01-07;HIKELIKE.ru;
2024-01-07;HITECHDEV.ru;
2024-01-07;HITROVAV.ru;
2024-01-07;HOCHYDESERT.ru;
2024-01-07;HOHTOH.ru;
2024-01-07;HOHTON.ru;
2024-01-07;HOLD-7585.ru;
2024-01-07;HOLJOOP-2.ru;
2024-01-07;HOLJOOP2.ru;
2024-01-07;HOLL-O-P2.ru;
2024-01-07;HOLL-OP-2.ru;
2024-01-07;HOLOP02.ru;
2024-01-07;HOLOP2-2024LORDFILM.ru;
2024-01-07;HOLOP22024.ru;
2024-01-07;HOLOPP2024.ru;
2024-01-07;HOLSTCAFE.ru;
2024-01-07;HOMEACTOR.ru;
2024-01-07;HOMEADDICTED.ru;
2024-01-07;HOMELAB7.ru;
2024-01-07;HONTON.ru;
2024-01-07;HOOKAHSURF.ru;
2024-01-07;HOSTING4YOU.ru;
2024-01-07;HOSTPULSE.ru;
2024-01-07;HOT1XBET-204.ru;
2024-01-07;HOTELCAPSULE.ru;
2024-01-07;HOTININ.ru;
2024-01-07;HOUSE-LSTK.ru;
2024-01-07;HPUNCHER.ru;
2024-01-07;HRAM-INFO.ru;
2024-01-07;HROLL.ru;
2024-01-07;HUAWEIAITO.ru;
2024-01-07;HUDIPRINT.ru;
2024-01-07;HUMANJOBS.ru;
2024-01-07;HUNCHUN-INFO.ru;
2024-01-07;HUNKYTEL.ru;
2024-01-07;HYDRAMARKETS.ru;
2024-01-07;HYDROINFORM.ru;
2024-01-07;HYPE-MONITOR24.ru;
2024-01-07;HYPESERVER.ru;
2024-01-07;HYPEVANILLA.ru;
2024-01-07;HYTHE.ru;
2024-01-07;I-BEE.ru;
2024-01-07;IARTEMEVA.ru;
2024-01-07;IBBD.ru;
2024-01-07;IBDT.ru;
2024-01-07;IBIKO.ru;
2024-01-07;ICEGESH.ru;
2024-01-07;ICELEONID.ru;
2024-01-07;ICESEASONS.ru;
2024-01-07;ICL-SUPPORT.ru;
2024-01-07;ID-85821.ru;
2024-01-07;ID00196.ru;
2024-01-07;ID09280.ru;
2024-01-07;ID09380.ru;
2024-01-07;ID3618.ru;
2024-01-07;ID3626.ru;
2024-01-07;ID58075.ru;
2024-01-07;ID58076.ru;
2024-01-07;ID58077.ru;
2024-01-07;ID58078.ru;
2024-01-07;ID718943.ru;
2024-01-07;ID733.ru;
2024-01-07;ID752895.ru;
2024-01-07;ID93050.ru;
2024-01-07;ID93056.ru;
2024-01-07;ID98461.ru;
2024-01-07;IDAEROFLOT.ru;
2024-01-07;IF-CAPITAL.ru;
2024-01-07;IGOR75.ru;
2024-01-07;IGREBENKOV.ru;
2024-01-07;IHOMEFUN.ru;
2024-01-07;IKONTIRES.ru;
2024-01-07;IKOROBKOVA.ru;
2024-01-07;IKOROVINA.ru;
2024-01-07;ILAREFM.ru;
2024-01-07;ILLUMED.ru;
2024-01-07;ILLUMEDCRM.ru;
2024-01-07;ILOBYNTSEV.ru;
2024-01-07;ILYSHAVOLKOV.ru;
2024-01-07;IM2024.ru;
2024-01-07;IMATUSEVICH.ru;
2024-01-07;IMBA-RUN.ru;
2024-01-07;IMBACHECK.ru;
2024-01-07;IMTTLISSK.ru;
2024-01-07;INBARN.ru;
2024-01-07;INCHOCO-GROUP.ru;
2024-01-07;INCHOCOGROUP.ru;
2024-01-07;INCIFRA.ru;
2024-01-07;INDIETKETO.ru;
2024-01-07;INETELNIRO.ru;
2024-01-07;INFO-NEWES.ru;
2024-01-07;INK112.ru;
2024-01-07;INMAR13.ru;
2024-01-07;INNCKASEMENOVA.ru;
2024-01-07;INSTABITCH.ru;
2024-01-07;INSTALADIES.ru;
2024-01-07;INSTAWOMAN.ru;
2024-01-07;INTELLABINFO.ru;
2024-01-07;INTERESTOR.ru;
2024-01-07;INTEXTILE.ru;
2024-01-07;INTIM-SALE.ru;
2024-01-07;INTISSKNER.ru;
2024-01-07;INTTNEIRR.ru;
2024-01-07;INVESTPIONEER.ru;
2024-01-07;INVESTTINKOFF.ru;
2024-01-07;INVITE-YOU.ru;
2024-01-07;IOANNDANILOV1965.ru;
2024-01-07;IOFVMD3.ru;
2024-01-07;IPEKYOLU.ru;
2024-01-07;IPM-TITAN.ru;
2024-01-07;IRARAENKO.ru;
2024-01-07;IREMONTER-BLOG.ru;
2024-01-07;IRENA-INTERIORS.ru;
2024-01-07;IRINACH.ru;
2024-01-07;IRINANALETSKO.ru;
2024-01-07;IRONCRAFT72.ru;
2024-01-07;IRSDIRECT.ru;
2024-01-07;ISBX.ru;
2024-01-07;ISCHEM21.ru;
2024-01-07;ISHARDIN.ru;
2024-01-07;ISHIGALI.ru;
2024-01-07;ISKRSINT.ru;
2024-01-07;ISTRAVILLAGEHILLS.ru;
2024-01-07;IT-SMM-NIKITATRIFONOV.ru;
2024-01-07;IT85.ru;
2024-01-07;ITAKDALEE2023.ru;
2024-01-07;ITDAEG.ru;
2024-01-07;ITEAMCITY.ru;
2024-01-07;ITPROGEDU.ru;
2024-01-07;IULIADOLGOVA.ru;
2024-01-07;IVANOVO-POVERKA.ru;
2024-01-07;IVENTURER.ru;
2024-01-07;IVSEYCHAS.ru;
2024-01-07;IVVOS.ru;
2024-01-07;IWANNAMEETU.ru;
2024-01-07;IZMAILOVOMOIKA.ru;
2024-01-07;JANBATIST.ru;
2024-01-07;JANFORS.ru;
2024-01-07;JAZETT-MUSIC.ru;
2024-01-07;JEEP-SEV.ru;
2024-01-07;JLATIMORE.ru;
2024-01-07;JMBRAND.ru;
2024-01-07;JO7.ru;
2024-01-07;JOBSGID.ru;
2024-01-07;JOGAWIPSERVIS.ru;
2024-01-07;JOGAWIPSERWIS.ru;
2024-01-07;JOHNSROTHSCHIG.ru;
2024-01-07;JOINMYQUIZ.ru;
2024-01-07;JOLIX.ru;
2024-01-07;JSGU.ru;
2024-01-07;JUGEGERASIMOVA.ru;
2024-01-07;JULIASOLTPHOTO.ru;
2024-01-07;JULIAYGRIG.ru;
2024-01-07;JUMISHINA.ru;
2024-01-07;JUNGIANPSYCHOLOGIST.ru;
2024-01-07;JXFHARDWARE.ru;
2024-01-07;JXXX.ru;
2024-01-07;K-CHER.ru;
2024-01-07;KADESSTUDIO.ru;
2024-01-07;KAELL.ru;
2024-01-07;KAGONU.ru;
2024-01-07;KAIBELEV.ru;
2024-01-07;KAK-SPISAT-DOLG24.ru;
2024-01-07;KAKASHKIN.ru;
2024-01-07;KALININBEST.ru;
2024-01-07;KALK2.ru;
2024-01-07;KALUGA-POVERKA.ru;
2024-01-07;KALYGA-TYAGA.ru;
2024-01-07;KAMENOTES126.ru;
2024-01-07;KANDAUROVA.ru;
2024-01-07;KAP4ENY.ru;
2024-01-07;KAPSURAL.ru;
2024-01-07;KARABASBUM.ru;
2024-01-07;KARANDZEI.ru;
2024-01-07;KARASEV88.ru;
2024-01-07;KARDIOWIN.ru;
2024-01-07;KARELIYA-JOKIRANTA.ru;
2024-01-07;KASAYHANOV.ru;
2024-01-07;KASHKINOV.ru;
2024-01-07;KASOY.ru;
2024-01-07;KASPISERVICE.ru;
2024-01-07;KASSINO-1XBET855.ru;
2024-01-07;KATE-SPACE.ru;
2024-01-07;KAVALLINI.ru;
2024-01-07;KAZAN-AZS.ru;
2024-01-07;KAZAN-OSOBNYAK.ru;
2024-01-07;KAZZACHOK.ru;
2024-01-07;KB-OPALUBKA.ru;
2024-01-07;KBLEV.ru;
2024-01-07;KEBAB-MARKET.ru;
2024-01-07;KELOV.ru;
2024-01-07;KEMEROVO-SANGA.ru;
2024-01-07;KERK-PRINT.ru;
2024-01-07;KERKPRINT.ru;
2024-01-07;KESGIN.ru;
2024-01-07;KETI-DROBKOVA.ru;
2024-01-07;KEYBAZAAR.ru;
2024-01-07;KEYPROGRAMING.ru;
2024-01-07;KHAKHAY01.ru;
2024-01-07;KHARKIN.ru;
2024-01-07;KHASANZINATULIN.ru;
2024-01-07;KHASYANOV-HOST.ru;
2024-01-07;KHECHOIAN.ru;
2024-01-07;KIA80.ru;
2024-01-07;KICK-HOST.ru;
2024-01-07;KILOMETR64.ru;
2024-01-07;KIMOLEGV.ru;
2024-01-07;KING-ARZ.ru;
2024-01-07;KINO-ROUTE.ru;
2024-01-07;KINOALENA.ru;
2024-01-07;KINOVOOD.ru;
2024-01-07;KIRAKRIK.ru;
2024-01-07;KIRPICH-ROSTOV.ru;
2024-01-07;KITCHENAID-RUSSIA.ru;
2024-01-07;KIYAMOVRUSIK.ru;
2024-01-07;KKRIVENKO.ru;
2024-01-07;KKTECHSTUDENT.ru;
2024-01-07;KLEMMAVAG.ru;
2024-01-07;KLICHNYJ.ru;
2024-01-07;KLIENTY-BLIZKO.ru;
2024-01-07;KLIMSON.ru;
2024-01-07;KLINICKCOSMET.ru;
2024-01-07;KLINORA.ru;
2024-01-07;KLINPSYSNEGIR.ru;
2024-01-07;KLIPKO.ru;
2024-01-07;KLYUSAVN.ru;
2024-01-07;KNIGKIDOM.ru;
2024-01-07;KNITTING-WOMEN.ru;
2024-01-07;KNNNKO.ru;
2024-01-07;KOBRU.ru;
2024-01-07;KOCHKAREVA.ru;
2024-01-07;KODLAB.ru;
2024-01-07;KOGDAKAK.ru;
2024-01-07;KOLGOTKI-NOSHENNYE.ru;
2024-01-07;KOMANDAKARD.ru;
2024-01-07;KOMAYDAN.ru;
2024-01-07;KOMETALOM.ru;
2024-01-07;KONSES.ru;
2024-01-07;KOPCHEVSKAYA.ru;
2024-01-07;KOPCHU-RF.ru;
2024-01-07;KOPETS.ru;
2024-01-07;KOPEV.ru;
2024-01-07;KOPNICHEV.ru;
2024-01-07;KOREYAINFO.ru;
2024-01-07;KOREYKUPI.ru;
2024-01-07;KORICASPB.ru;
2024-01-07;KORPUSENKO.ru;
2024-01-07;KOST2021.ru;
2024-01-07;KOSTROMA-POVERKA.ru;
2024-01-07;KOTLAEVDANIL.ru;
2024-01-07;KOTOVAEVENT.ru;
2024-01-07;KOVROV-POVERKA.ru;
2024-01-07;KPL13.ru;
2024-01-07;KRASEKO24.ru;
2024-01-07;KRASKI-TOUR.ru;
2024-01-07;KRASNAYATELEGA.ru;
2024-01-07;KRASNOEI.ru;
2024-01-07;KRAVCHENKOIV.ru;
2024-01-07;KREDIT-APPLY.ru;
2024-01-07;KRIPMON.ru;
2024-01-07;KRRMONEY1.ru;
2024-01-07;KRU-APP.ru;
2024-01-07;KRUGLYE-161.ru;
2024-01-07;KRUGLYE-52.ru;
2024-01-07;KRUZHOK28.ru;
2024-01-07;KRUZHOKSPACE.ru;
2024-01-07;KSNOW.ru;
2024-01-07;KUHNI-PRACTICA.ru;
2024-01-07;KUHNYA-MK-PROEKT-DESIGN.ru;
2024-01-07;KUHNYA-MK-PROEKTDESIGN.ru;
2024-01-07;KUHNYA-MKPROEKT-DESIGN.ru;
2024-01-07;KUHNYA-MKPROEKTDESIGN.ru;
2024-01-07;KUHNYAMK-PROEKT-DESIGN.ru;
2024-01-07;KUHNYAMK-PROEKTDESIGN.ru;
2024-01-07;KUHNYAMKPROEKT-DESIGN.ru;
2024-01-07;KUHNYAMKPROEKTDESIGN.ru;
2024-01-07;KUKLINMIKE.ru;
2024-01-07;KUKOLKASHOP.ru;
2024-01-07;KULAKOVA-WORK.ru;
2024-01-07;KULTURAZV-ACADEMY.ru;
2024-01-07;KUMAREVA.ru;
2024-01-07;KUPI-BREND.ru;
2024-01-07;KUPR-HOME.ru;
2024-01-07;KURIE2383.ru;
2024-01-07;KURIER3212.ru;
2024-01-07;KURILCHENKO.ru;
2024-01-07;KURS-WILDBERRIES.ru;
2024-01-07;KURS4YOU.ru;
2024-01-07;KURSK-POVERKA.ru;
2024-01-07;KURSOVAYAREISH.ru;
2024-01-07;KURSTEST.ru;
2024-01-07;KURSU-AVTODIAGNOSTA.ru;
2024-01-07;KURSY-DIZAJNERA-INTERERA.ru;
2024-01-07;KURSY-ENGLISH.ru;
2024-01-07;KURSY-OBUCHENIE-ASTROLOGII.ru;
2024-01-07;KURSY-OBUCHENIE-NUMEROLOGII.ru;
2024-01-07;KURSY-PROFORIENTACII.ru;
2024-01-07;KVADRAT21.ru;
2024-01-07;KVAGALEX.ru;
2024-01-07;KVANARIN.ru;
2024-01-07;KVINOKUROV.ru;
2024-01-07;KYCHIKOV.ru;
2024-01-07;KYRSSADOVNIK116.ru;
2024-01-07;KZHITKOVA.ru;
2024-01-07;LA-PA.ru;
2024-01-07;LAB-PI.ru;
2024-01-07;LABLOV.ru;
2024-01-07;LABORATORY-PI.ru;
2024-01-07;LABPI.ru;
2024-01-07;LACTIC.ru;
2024-01-07;LADA-ORENBURG56.ru;
2024-01-07;LALABEKYAN.ru;
2024-01-07;LALAKIN.ru;
2024-01-07;LAMPINROOM.ru;
2024-01-07;LAND8822.ru;
2024-01-07;LANPETRICHENKO.ru;
2024-01-07;LARIONOV-NBRK.ru;
2024-01-07;LARISA-LOGINOVA.ru;
2024-01-07;LATEBLOOMER.ru;
2024-01-07;LAUTUSBIO.ru;
2024-01-07;LAVROVACOUSTIC.ru;
2024-01-07;LAW212.ru;
2024-01-07;LAZYMONKEYS.ru;
2024-01-07;LCATS.ru;
2024-01-07;LD-PAY154832.ru;
2024-01-07;LD-PAY154836.ru;
2024-01-07;LD-PAY274099.ru;
2024-01-07;LD-PAY42157.ru;
2024-01-07;LD-PAY42158.ru;
2024-01-07;LD-PAY72935.ru;
2024-01-07;LD-PAY78241.ru;
2024-01-07;LD-PAY78242.ru;
2024-01-07;LD-PAY78243.ru;
2024-01-07;LD-PAY83639.ru;
2024-01-07;LD-PAY83739.ru;
2024-01-07;LD-PAY92351.ru;
2024-01-07;LD-PAY98234.ru;
2024-01-07;LD-PAY98872.ru;
2024-01-07;LD-PAY98892.ru;
2024-01-07;LD826315.ru;
2024-01-07;LEARNING-TECH-ENGLISH.ru;
2024-01-07;LECATS.ru;
2024-01-07;LEHACH.ru;
2024-01-07;LEI-LEI.ru;
2024-01-07;LEIIKA.ru;
2024-01-07;LEMONRECORDS.ru;
2024-01-07;LENARSPH.ru;
2024-01-07;LEON-ZERKALO-CASINO.ru;
2024-01-07;LEON-ZERKALO-CASINO1.ru;
2024-01-07;LERIANASTORIES.ru;
2024-01-07;LESHOZ33.ru;
2024-01-07;LESHOZ62.ru;
2024-01-07;LESTNICHNOE-REMESLO.ru;
2024-01-07;LETSBERRY.ru;
2024-01-07;LEVELUPZONE.ru;
2024-01-07;LGIBADULLIN.ru;
2024-01-07;LGORJUSHKO.ru;
2024-01-07;LICASIST.ru;
2024-01-07;LICMIC.ru;
2024-01-07;LIFE-IN-FINLAND.ru;
2024-01-07;LIFEISSTRANGE.ru;
2024-01-07;LIGADIRECTOLOGOV.ru;
2024-01-07;LIGHT-ENGLISH66.ru;
2024-01-07;LILYSPORT.ru;
2024-01-07;LIPETSK-POVERKA.ru;
2024-01-07;LIPSS48.ru;
2024-01-07;LISSSOUND.ru;
2024-01-07;LITEREMONT.ru;
2024-01-07;LITTLEGRIGO.ru;
2024-01-07;LITTLEMANI.ru;
2024-01-07;LIVE-CRM.ru;
2024-01-07;LIVEJOB24.ru;
2024-01-07;LIVEWALLADMIN.ru;
2024-01-07;LKMGPU.ru;
2024-01-07;LKS-AEROFLOT.ru;
2024-01-07;LKSAEROFLOT.ru;
2024-01-07;LLCLEADER.ru;
2024-01-07;LMIMG.ru;
2024-01-07;LOCKOPENDOOR.ru;
2024-01-07;LOCKPAD.ru;
2024-01-07;LOFOG.ru;
2024-01-07;LOFT-BERRY.ru;
2024-01-07;LOG-PILOT.ru;
2024-01-07;LOGINSHAREPOINTMCROSOFTNLINE.ru;
2024-01-07;LOGINSHAREPOINTMCROSOFTONLINE.ru;
2024-01-07;LOGISNER.ru;
2024-01-07;LOGISST.ru;
2024-01-07;LOGISTA23.ru;
2024-01-07;LOGO-MIR-1.ru;
2024-01-07;LOGPILOT.ru;
2024-01-07;LOHMATI.ru;
2024-01-07;LOVECONNECTIONHUB.ru;
2024-01-07;LOVEMIND.ru;
2024-01-07;LOVER-MIND.ru;
2024-01-07;LOVERMIND.ru;
2024-01-07;LOVESPACEFEST.ru;
2024-01-07;LOVINGLIFECRUISE.ru;
2024-01-07;LOVINGLIFELAGOON.ru;
2024-01-07;LOVINGLIFELATITUDE.ru;
2024-01-07;LOVINGLIFELIGHTHOUSE.ru;
2024-01-07;LOVINGLIFELOOM.ru;
2024-01-07;LOWESKIT.ru;
2024-01-07;LOWINDSTORE.ru;
2024-01-07;LUCKGUY.ru;
2024-01-07;LUCKYJET-SLOT2.ru;
2024-01-07;LUEVOLS.ru;
2024-01-07;LYNQ.ru;
2024-01-07;LZAMYATINA.ru;
2024-01-07;M-EVGENIYA33.ru;
2024-01-07;M-PROFCENTER.ru;
2024-01-07;M2UPRDOR.ru;
2024-01-07;MADEBYLOCALS.ru;
2024-01-07;MADELIRIHS.ru;
2024-01-07;MAEATIVE.ru;
2024-01-07;MAFTEJ.ru;
2024-01-07;MAGAVRI.ru;
2024-01-07;MAGAZIN999.ru;
2024-01-07;MAGENTATBA.ru;
2024-01-07;MAGGERMAN.ru;
2024-01-07;MAGIC-SON.ru;
2024-01-07;MAGIC-THAI-ONLINE.ru;
2024-01-07;MAIKISHOP.ru;
2024-01-07;MAIL-SENDER.ru;
2024-01-07;MAILBZ.ru;
2024-01-07;MAILSENDLER.ru;
2024-01-07;MAJESTIC-PROMO.ru;
2024-01-07;MAKAROVADASHKA.ru;
2024-01-07;MAKEES.ru;
2024-01-07;MAKLER-OREKHOVO.ru;
2024-01-07;MAKSIMOV-OFFICIAL.ru;
2024-01-07;MANETRAVEL.ru;
2024-01-07;MANIA-ZNANIA.ru;
2024-01-07;MANIPULYATORMOSKVA.ru;
2024-01-07;MANKU.ru;
2024-01-07;MANYKRD.ru;
2024-01-07;MANYOFFERS.ru;
2024-01-07;MARBYF.ru;
2024-01-07;MARCOMARO.ru;
2024-01-07;MARI-NA-LUNE.ru;
2024-01-07;MARIASTADNIK.ru;
2024-01-07;MARIJA-PHOTO.ru;
2024-01-07;MARINACH.ru;
2024-01-07;MARINATAN.ru;
2024-01-07;MARKET-TRAINING.ru;
2024-01-07;MARKPLEHANOV.ru;
2024-01-07;MARLOKIN.ru;
2024-01-07;MARMARIS2022.ru;
2024-01-07;MAROKRYN.ru;
2024-01-07;MARSELANDALIYA.ru;
2024-01-07;MARYAKYKLINA.ru;
2024-01-07;MASHAGONDA.ru;
2024-01-07;MASHTRASH.ru;
2024-01-07;MATCHX-ONL-INE-RES-94.ru;
2024-01-07;MATHSEMPIRE.ru;
2024-01-07;MATKAPITALYKT.ru;
2024-01-07;MATTHEW-KUDRIN.ru;
2024-01-07;MATVEYEV-ADS.ru;
2024-01-07;MAXEDPACK.ru;
2024-01-07;MAXIMOVYAKOW.ru;
2024-01-07;MAYOROVA-007.ru;
2024-01-07;MDETKOVA.ru;
2024-01-07;MEBEL-PION.ru;
2024-01-07;MEBELHOMM.ru;
2024-01-07;MEBELI-S.ru;
2024-01-07;MEBELMANN.ru;
2024-01-07;MED-CAP.ru;
2024-01-07;MEDIAHUBS7.ru;
2024-01-07;MEDIAPHASE.ru;
2024-01-07;MEDIAPLOT.ru;
2024-01-07;MEDIMIND.ru;
2024-01-07;MEDPOSTAMENT.ru;
2024-01-07;MEDPROFI54.ru;
2024-01-07;MEDTAXI98.ru;
2024-01-07;MEGA-ZDRAV.ru;
2024-01-07;MEGATRONAV.ru;
2024-01-07;MEHOV-NAKIDKI.ru;
2024-01-07;MELCOME.ru;
2024-01-07;MELMANDA.ru;
2024-01-07;MEMVR.ru;
2024-01-07;MENMAGAZIN.ru;
2024-01-07;MENTALRU1.ru;
2024-01-07;MENTALSIGN.ru;
2024-01-07;MERGEN-CEO.ru;
2024-01-07;MET-ALEX.ru;
2024-01-07;METIZ-OST-1.ru;
2024-01-07;MEYZA.ru;
2024-01-07;MGO-OPT.ru;
2024-01-07;MGOOPT.ru;
2024-01-07;MGOVAPING.ru;
2024-01-07;MICROGREENS-NSK.ru;
2024-01-07;MIHAIL-VITEBSKIY.ru;
2024-01-07;MIK-M.ru;
2024-01-07;MIKEG.ru;
2024-01-07;MIKEYS.ru;
2024-01-07;MILANABRONNIKOVA.ru;
2024-01-07;MILLIONAIRE-BRAND.ru;
2024-01-07;MIMI-NEWS.ru;
2024-01-07;MINDALLAVANDA.ru;
2024-01-07;MINI-NEWS.ru;
2024-01-07;MINIGAZIEVA.ru;
2024-01-07;MINTAGIR.ru;
2024-01-07;MIOVIBE.ru;
2024-01-07;MIPO-ONLINE.ru;
2024-01-07;MIR-NOZHEK.ru;
2024-01-07;MIR-TELEKOM.ru;
2024-01-07;MIRANTICA.ru;
2024-01-07;MIRNOZHEK.ru;
2024-01-07;MIRTA59.ru;
2024-01-07;MIRUNROUX.ru;
2024-01-07;MISCAPITAL.ru;
2024-01-07;MISHKIBAND.ru;
2024-01-07;MISSIGN.ru;
2024-01-07;MITSUBISHICLIMAT.ru;
2024-01-07;MIXEEV53.ru;
2024-01-07;MIYASUNDUKOVA.ru;
2024-01-07;MKPEREGORODKI.ru;
2024-01-07;MKS-RAP.ru;
2024-01-07;MKURTUKOVA.ru;
2024-01-07;MLASTOCHKIN.ru;
2024-01-07;MLKITCHEN.ru;
2024-01-07;MMMPAROVOZ.ru;
2024-01-07;MMYSIK.ru;
2024-01-07;MNGAVRILOVWORK.ru;
2024-01-07;MNOGOVR.ru;
2024-01-07;MNYDNG.ru;
2024-01-07;MNYKRR.ru;
2024-01-07;MO-LIST.ru;
2024-01-07;MOBDOP.ru;
2024-01-07;MOCKIN.ru;
2024-01-07;MODA4MINI.ru;
2024-01-07;MODNYEPLATYA.ru;
2024-01-07;MOLEV-1.ru;
2024-01-07;MOLODTSOVVA.ru;
2024-01-07;MOMISDADIS.ru;
2024-01-07;MONETOCHKAFORGOODLACK.ru;
2024-01-07;MONEYBIMKA.ru;
2024-01-07;MONEYCERBUR.ru;
2024-01-07;MONEYCUTON.ru;
2024-01-07;MONEYFISER.ru;
2024-01-07;MONEYGGSER.ru;
2024-01-07;MONEYGROOVKA.ru;
2024-01-07;MONEYHEADMI.ru;
2024-01-07;MONEYKESPER.ru;
2024-01-07;MONEYSHOFT.ru;
2024-01-07;MONEYSILVERER.ru;
2024-01-07;MONOCHROMEANGIE.ru;
2024-01-07;MOPS-ARTUR.ru;
2024-01-07;MOPXMVATGP.ru;
2024-01-07;MORE-KORZIN.ru;
2024-01-07;MORERYBU.ru;
2024-01-07;MOROZOVAN83.ru;
2024-01-07;MOROZZ-MASTER.ru;
2024-01-07;MOS0.ru;
2024-01-07;MOSDES.ru;
2024-01-07;MOSPODCAST.ru;
2024-01-07;MOSTRANSAUTO.ru;
2024-01-07;MOY-KLASS.ru;
2024-01-07;MOYAVOLOGDA.ru;
2024-01-07;MR1XBET.ru;
2024-01-07;MRVIC52.ru;
2024-01-07;MSADAT.ru;
2024-01-07;MSRVANILA.ru;
2024-01-07;MSTUDIO-126.ru;
2024-01-07;MTS-MOD.ru;
2024-01-07;MTSENSOR.ru;
2024-01-07;MUDMR.ru;
2024-01-07;MUHAMETSHIN-TOP.ru;
2024-01-07;MUKASE.ru;
2024-01-07;MUPKES.ru;
2024-01-07;MUR-TOP.ru;
2024-01-07;MURAVSKAJA-7.ru;
2024-01-07;MURMANTOWN.ru;
2024-01-07;MUROM-POVERKA.ru;
2024-01-07;MUS-AB.ru;
2024-01-07;MUSHKETOVDIPLOM.ru;
2024-01-07;MVIK-AQUA.ru;
2024-01-07;MXRENT.ru;
2024-01-07;MY-MAIL-MAILER-ACCOUNT.ru;
2024-01-07;MY-STRIKE.ru;
2024-01-07;MY-STRIKEBALL.ru;
2024-01-07;MY-YAPF.ru;
2024-01-07;MYAKK.ru;
2024-01-07;MYBESTVIDEOS.ru;
2024-01-07;MYBS7.ru;
2024-01-07;MYCODE-ERC.ru;
2024-01-07;MYCSGO-PROMOCODE.ru;
2024-01-07;MYGUIZ.ru;
2024-01-07;MYHAPPYWHEEL.ru;
2024-01-07;MYMARUSYA.ru;
2024-01-07;MYPULMONOLOG.ru;
2024-01-07;MYQIUZ.ru;
2024-01-07;MYSTICALWORLD.ru;
2024-01-07;MYSTRIKE.ru;
2024-01-07;MYSTRIKEBALL.ru;
2024-01-07;MYWAY-SHOP.ru;
2024-01-07;N-CLASS.ru;
2024-01-07;N23EO.ru;
2024-01-07;N4UTIL.ru;
2024-01-07;NA-ELECTRO.ru;
2024-01-07;NADEZDA-LIZAR.ru;
2024-01-07;NADO-DOLGO.ru;
2024-01-07;NADODOLGO.ru;
2024-01-07;NAILGLOW.ru;
2024-01-07;NAIORKA.ru;
2024-01-07;NAKTOP.ru;
2024-01-07;NAMELO.ru;
2024-01-07;NANCHITE.ru;
2024-01-07;NAPETROVKE-JOB.ru;
2024-01-07;NARKOLOG-BALI.ru;
2024-01-07;NAS-CLOUD.ru;
2024-01-07;NASSSKA.ru;
2024-01-07;NASTASYABB2008.ru;
2024-01-07;NATAF555.ru;
2024-01-07;NATALYABEVZPSY.ru;
2024-01-07;NATARARINA.ru;
2024-01-07;NATASHAUA.ru;
2024-01-07;NATURESPOT.ru;
2024-01-07;NAVIGGTOP1XBET.ru;
2024-01-07;NAYSSESTYOREMNTE24.ru;
2024-01-07;NCHEBUNINA.ru;
2024-01-07;NCTSZ32.ru;
2024-01-07;NDOMASHKEVICH.ru;
2024-01-07;NE-BYDY-DOLGHEN24.ru;
2024-01-07;NE-DOLGHEN24.ru;
2024-01-07;NE-DOLGHNIK2024.ru;
2024-01-07;NEGATIVN1Y.ru;
2024-01-07;NEIIRSINT.ru;
2024-01-07;NEIRINTEL.ru;
2024-01-07;NEIROSSETT.ru;
2024-01-07;NEKMERSININVEST.ru;
2024-01-07;NEOCIGAR.ru;
2024-01-07;NEOHUMANISTS-SPB.ru;
2024-01-07;NERFICRAFT.ru;
2024-01-07;NESTEROV-SERVER.ru;
2024-01-07;NET-SCHOOOL.ru;
2024-01-07;NETHERSWORD.ru;
2024-01-07;NEVELSKIY.ru;
2024-01-07;NEVTUDVER.ru;
2024-01-07;NEW-TB.ru;
2024-01-07;NEWLK.ru;
2024-01-07;NEWMARKETINGS.ru;
2024-01-07;NEWS-PAPERS.ru;
2024-01-07;NGOROZHANKIN.ru;
2024-01-07;NIC-WEBMASTER.ru;
2024-01-07;NIKHOME21.ru;
2024-01-07;NIKITADAVYDOV.ru;
2024-01-07;NIKITAEKK.ru;
2024-01-07;NIKNATION.ru;
2024-01-07;NIN-JNR.ru;
2024-01-07;NINA-GORBUNOVA.ru;
2024-01-07;NINETEENSEVENTYTWO.ru;
2024-01-07;NISHTYAKOFF.ru;
2024-01-07;NIZACEN.ru;
2024-01-07;NIZHNIK-ALEXANDR.ru;
2024-01-07;NIZHNOVJEWELIR.ru;
2024-01-07;NJ95WSL.ru;
2024-01-07;NK-MGMT.ru;
2024-01-07;NMBD.ru;
2024-01-07;NNAKHYP.ru;
2024-01-07;NO-EDITS.ru;
2024-01-07;NO-SNOW.ru;
2024-01-07;NOEDITS.ru;
2024-01-07;NOGINSK-TEHOSMOTR.ru;
2024-01-07;NONTING.ru;
2024-01-07;NOPLAGIAT.ru;
2024-01-07;NORGRAMM.ru;
2024-01-07;NOROMI.ru;
2024-01-07;NORTHERN-MARIANNA.ru;
2024-01-07;NOSHENNYE-TRUSIKI.ru;
2024-01-07;NOSHENNYE-TRUSY.ru;
2024-01-07;NOTA-RE.ru;
2024-01-07;NOTARIUS-PEREVALSK.ru;
2024-01-07;NOTFORGNOMES.ru;
2024-01-07;NOTOKIO.ru;
2024-01-07;NOVOMOSKOVSK-POVERKA.ru;
2024-01-07;NOVOSLOB-DD.ru;
2024-01-07;NOZH-I-VILKA.ru;
2024-01-07;NREUT.ru;
2024-01-07;NRK-SIBERIA.ru;
2024-01-07;NSPASS.ru;
2024-01-07;NSSERVER.ru;
2024-01-07;NTREALTY.ru;
2024-01-07;NTROREL.ru;
2024-01-07;NULLTOMATO.ru;
2024-01-07;NUMISAUCT.ru;
2024-01-07;NVURIST00.ru;
2024-01-07;NYTRADER.ru;
2024-01-07;NZAROVASVETLANA.ru;
2024-01-07;OBEU.ru;
2024-01-07;OBITRIP.ru;
2024-01-07;OBNINSK-POVERKA.ru;
2024-01-07;OBSADOVO.ru;
2024-01-07;OBUKHOVA-MAIL.ru;
2024-01-07;OFD-ORD2475.ru;
2024-01-07;OFD-ORD2952.ru;
2024-01-07;OFD-ORD3199.ru;
2024-01-07;OFD-ORD3963.ru;
2024-01-07;OFD-ORD5984.ru;
2024-01-07;OFD-ORD6612.ru;
2024-01-07;OFD-ORD7133.ru;
2024-01-07;OFD-ORD7859.ru;
2024-01-07;OFD-ORD9745.ru;
2024-01-07;OFFGARENA.ru;
2024-01-07;OFFICIAL-1XBET80.ru;
2024-01-07;OFFICIAL-BOOKOFDEAD.ru;
2024-01-07;OGURCHIKRU.ru;
2024-01-07;OKIPHOTOGRAPHY.ru;
2024-01-07;OKNOLUBOV.ru;
2024-01-07;OKSTUDYC.ru;
2024-01-07;OKUNEVPRO.ru;
2024-01-07;OLCHERMEDIA.ru;
2024-01-07;OLEGPYTALEV.ru;
2024-01-07;OLEZHAN.ru;
2024-01-07;OLGAABUKINA.ru;
2024-01-07;OLGAKNYAZEVNA.ru;
2024-01-07;OLGAKOVALCHUK.ru;
2024-01-07;OLIMPBOT.ru;
2024-01-07;OMAGDEEVA.ru;
2024-01-07;OMEGA-CORP.ru;
2024-01-07;OMIDENRP.ru;
2024-01-07;ON-DON.ru;
2024-01-07;ONE-BTL.ru;
2024-01-07;ONEREGION.ru;
2024-01-07;ONLINECASINO-1XBET440.ru;
2024-01-07;ONLINEDOCFOTO.ru;
2024-01-07;ONLINEMAGIYA-TARO.ru;
2024-01-07;ONLINEMATHTESTS.ru;
2024-01-07;ONLINEOUTLETS2024.ru;
2024-01-07;ONLINESALEOUTLET2024.ru;
2024-01-07;ONLINESITE-1XBET986.ru;
2024-01-07;ONLY-GENERATOR.ru;
2024-01-07;ONLY-STONE.ru;
2024-01-07;ONLYCSAT.ru;
2024-01-07;ONLYROUTER.ru;
2024-01-07;ONQUALITY.ru;
2024-01-07;OOKMATE.ru;
2024-01-07;OOOAEI.ru;
2024-01-07;OOODOLG.ru;
2024-01-07;OOOPEREKUSKA.ru;
2024-01-07;OPERAMEAT.ru;
2024-01-07;OPLATA3274.ru;
2024-01-07;OPLATA3275.ru;
2024-01-07;ORBUZCRAFT.ru;
2024-01-07;ORD-174409.ru;
2024-01-07;ORD-2231.ru;
2024-01-07;ORD-2232.ru;
2024-01-07;ORD-2233.ru;
2024-01-07;ORD-72844.ru;
2024-01-07;ORD-830997.ru;
2024-01-07;ORD8092.ru;
2024-01-07;ORDER-1201.ru;
2024-01-07;ORDER-4657.ru;
2024-01-07;ORDER-8372.ru;
2024-01-07;ORDER-ID1719.ru;
2024-01-07;ORDER-ID4417.ru;
2024-01-07;ORDER0118.ru;
2024-01-07;ORDER0281.ru;
2024-01-07;ORDER0291.ru;
2024-01-07;ORDER0715.ru;
2024-01-07;ORDER0961.ru;
2024-01-07;ORDER0989.ru;
2024-01-07;ORDER1927.ru;
2024-01-07;ORDER4092.ru;
2024-01-07;ORDER7087.ru;
2024-01-07;ORDER7101.ru;
2024-01-07;ORDER8095.ru;
2024-01-07;ORDER8907.ru;
2024-01-07;ORDER9022.ru;
2024-01-07;ORDER9906.ru;
2024-01-07;OREXTICKS.ru;
2024-01-07;ORIGFIL.ru;
2024-01-07;ORIGINALZ.ru;
2024-01-07;ORIONAG.ru;
2024-01-07;ORIONCORP.ru;
2024-01-07;ORIONTRANSAVTO.ru;
2024-01-07;ORLOVAALINA.ru;
2024-01-07;ORUN-LMS.ru;
2024-01-07;OSIPOV64.ru;
2024-01-07;OSKAR-88.ru;
2024-01-07;OSKAR-MEBEL.ru;
2024-01-07;OSKOL-POVERKA.ru;
2024-01-07;OSMO2005.ru;
2024-01-07;OSOBENNYESVECHI.ru;
2024-01-07;OSTROVOKDOK.ru;
2024-01-07;OTKACKA.ru;
2024-01-07;OUTBARN.ru;
2024-01-07;OVIKPROEKT.ru;
2024-01-07;OVVRUS.ru;
2024-01-07;OXANASOL.ru;
2024-01-07;OXOXOX.ru;
2024-01-07;P109SPB.ru;
2024-01-07;PAGE-9176.ru;
2024-01-07;PAJASOS.ru;
2024-01-07;PAKETBRAND.ru;
2024-01-07;PALEVGENICH.ru;
2024-01-07;PAM24.ru;
2024-01-07;PANDA35.ru;
2024-01-07;PANLOG.ru;
2024-01-07;PANTRYBOT.ru;
2024-01-07;PAR-ZAGAR.ru;
2024-01-07;PARFUMEDAR.ru;
2024-01-07;PARKIGSVO.ru;
2024-01-07;PARKINGSO.ru;
2024-01-07;PARKINSVO.ru;
2024-01-07;PART2024.ru;
2024-01-07;PARTNERSEDA.ru;
2024-01-07;PARZAGAR.ru;
2024-01-07;PASSIONATELOVEPURSUIT.ru;
2024-01-07;PASSIONATEPULSEPALACE.ru;
2024-01-07;PASSIONATEPULSEPLACE.ru;
2024-01-07;PASSIONATEPULSEPOINT.ru;
2024-01-07;PASSIONPUZZLEPLACE.ru;
2024-01-07;PAVELMASTA.ru;
2024-01-07;PAVELPROKUDIN.ru;
2024-01-07;PAY-DISCOUNT.ru;
2024-01-07;PAY-PROMO.ru;
2024-01-07;PAYD10.ru;
2024-01-07;PAYMENT-262.ru;
2024-01-07;PAYMENT-263.ru;
2024-01-07;PAYMENT-264.ru;
2024-01-07;PAYMENT-265.ru;
2024-01-07;PAYMENT-ACCEPT.ru;
2024-01-07;PAYMENT-DISCOUNT.ru;
2024-01-07;PAYMENTFORYOU.ru;
2024-01-07;PC-GIFTITEMS.ru;
2024-01-07;PCDL.ru;
2024-01-07;PDOMIK.ru;
2024-01-07;PEACEPOINT.ru;
2024-01-07;PECHKA-24.ru;
2024-01-07;PEOPLEXPANSE.ru;
2024-01-07;PERESELKIN.ru;
2024-01-07;PEREZAGRUZKARF.ru;
2024-01-07;PERINATAL-GROUP.ru;
2024-01-07;PERMANENTBOR.ru;
2024-01-07;PERSONACTOR.ru;
2024-01-07;PERVYE89.ru;
2024-01-07;PESOK-SHCHEBEN.ru;
2024-01-07;PETCAREPASSPORT.ru;
2024-01-07;PETERLEONTYEV.ru;
2024-01-07;PETRLEONTYEV.ru;
2024-01-07;PFKDZWE.ru;
2024-01-07;PG2017.ru;
2024-01-07;PH-MLNKV-ANN.ru;
2024-01-07;PHANTOMZONE.ru;
2024-01-07;PHOTO-SURF.ru;
2024-01-07;PHOTOKEEPSAKE.ru;
2024-01-07;PHOTONAVIGATE.ru;
2024-01-07;PHPAPP.ru;
2024-01-07;PHPSU.ru;
2024-01-07;PHUKET-VISARUN.ru;
2024-01-07;PIAR-X.ru;
2024-01-07;PIARX.ru;
2024-01-07;PILLOWKINGDOM.ru;
2024-01-07;PILS-3489.ru;
2024-01-07;PIP33.ru;
2024-01-07;PITIRIMOVPROJECT.ru;
2024-01-07;PJADUHOV.ru;
2024-01-07;PKOLESNIK.ru;
2024-01-07;PLAKSINOFFICIAL.ru;
2024-01-07;PLANBSERVICE.ru;
2024-01-07;PLANETASIRIUS.ru;
2024-01-07;PLAVANIE-AQUARELKA.ru;
2024-01-07;PLAYERID.ru;
2024-01-07;PLLNIKOLAEVSKY.ru;
2024-01-07;PLUS-KARTA.ru;
2024-01-07;PLUSELECTRO-TKACHEV.ru;
2024-01-07;PM-SOLUTIONS.ru;
2024-01-07;POCHTOVETS.ru;
2024-01-07;PODAROKIVLEEVA.ru;
2024-01-07;PODBORONOV.ru;
2024-01-07;PODDSPB.ru;
2024-01-07;PODOLYAKA-SEGODNYA.ru;
2024-01-07;POEDIM777.ru;
2024-01-07;POL-AIR.ru;
2024-01-07;POLEZNOINFO.ru;
2024-01-07;POLINADESIGN.ru;
2024-01-07;POLIVODAPHOTO.ru;
2024-01-07;POMNEM.ru;
2024-01-07;POPKO-1.ru;
2024-01-07;PORODY-KOSHEK.ru;
2024-01-07;PORSHEN-PRO.ru;
2024-01-07;PORTFOLIO-RD.ru;
2024-01-07;PORTRET-PO-NITI.ru;
2024-01-07;PORTVOSTOK.ru;
2024-01-07;POSHIV-KIRGIZIIA.ru;
2024-01-07;POST-OPLATA.ru;
2024-01-07;POTENCIY-INDI.ru;
2024-01-07;POTENCIY-ONLINE.ru;
2024-01-07;POWERACTOR.ru;
2024-01-07;POWERHITRADIO.ru;
2024-01-07;POZITIVVSEM.ru;
2024-01-07;PR-VEKA.ru;
2024-01-07;PRAVILO-1.ru;
2024-01-07;PRAVOZAKONNO.ru;
2024-01-07;PRECAPITAL.ru;
2024-01-07;PREM-AIR.ru;
2024-01-07;PRIMAKVO.ru;
2024-01-07;PRINTAJ850.ru;
2024-01-07;PRIVMA.ru;
2024-01-07;PRO-DES.ru;
2024-01-07;PRO-MASTER-DOM.ru;
2024-01-07;PRO-RABOTY.ru;
2024-01-07;PROBATTLESW.ru;
2024-01-07;PROBCE.ru;
2024-01-07;PROCONT-SOFT.ru;
2024-01-07;PROCONTSOFT.ru;
2024-01-07;PRODACHA23.ru;
2024-01-07;PROFBRAIDERS.ru;
2024-01-07;PROFICIENTPYTHON.ru;
2024-01-07;PROFORIENTACIYA-OBUCHENIE.ru;
2024-01-07;PROJECT-ABYSS.ru;
2024-01-07;PROJECT-CRMP.ru;
2024-01-07;PROJECT10.ru;
2024-01-07;PROKHOROCK.ru;
2024-01-07;PROLYBOV.ru;
2024-01-07;PROMO-PAY.ru;
2024-01-07;PROMOCOD-EASYDROP.ru;
2024-01-07;PROMOWISE.ru;
2024-01-07;PROMPTCOURSE.ru;
2024-01-07;PROPASSPORTS.ru;
2024-01-07;PROSBRESNTVERCH.ru;
2024-01-07;PROTING.ru;
2024-01-07;PROTOPST.ru;
2024-01-07;PROVANSS.ru;
2024-01-07;PROVINCIA37.ru;
2024-01-07;PRROGOLOOSUI.ru;
2024-01-07;PRSTRNST.ru;
2024-01-07;PRYZHOV.ru;
2024-01-07;PRZ2HBK.ru;
2024-01-07;PSIHOLOG-DEPRESSIYA.ru;
2024-01-07;PSKOVAPARTMENTS.ru;
2024-01-07;PSNKV.ru;
2024-01-07;PSU-TOOLS.ru;
2024-01-07;PSYCHOLOG-AR.ru;
2024-01-07;PSYCHOLOG-PRO.ru;
2024-01-07;PSYSERGEI.ru;
2024-01-07;PTGFREEBOT.ru;
2024-01-07;PUFFMI-OFFICIAL.ru;
2024-01-07;PUFPROFESSOR.ru;
2024-01-07;PUREHEARTRENDEZVOUS.ru;
2024-01-07;PUREPUREGAZ.ru;
2024-01-07;PUZOSR3.ru;
2024-01-07;PVERMOLAEFF.ru;
2024-01-07;PW-ANGEL.ru;
2024-01-07;PWD-AEROFLOT.ru;
2024-01-07;PWDAEROFLOT.ru;
2024-01-07;Q-MAG.ru;
2024-01-07;QIRALI.ru;
2024-01-07;QOSIMJON.ru;
2024-01-07;QOSMOSCAST.ru;
2024-01-07;QRCHECKSPB.ru;
2024-01-07;QTD952E.ru;
2024-01-07;QUIZIZ.ru;
2024-01-07;R0U85J2.ru;
2024-01-07;RAABBOXINGSCHOOL.ru;
2024-01-07;RABOTA2022.ru;
2024-01-07;RADIANTHEARTHUB.ru;
2024-01-07;RADIANTLOVEQUEST.ru;
2024-01-07;RADIANTRROMANCENOOK.ru;
2024-01-07;RADIANTRROMANCERAPTURE.ru;
2024-01-07;RADIANTRROMANCEREALM.ru;
2024-01-07;RADIANTRROMANCERIDGE.ru;
2024-01-07;RADIANTRROMANCERIFT.ru;
2024-01-07;RADIOLOM155.ru;
2024-01-07;RADIUSPRINT.ru;
2024-01-07;RADJAYOGA.ru;
2024-01-07;RADSGROUP.ru;
2024-01-07;RAFRESH.ru;
2024-01-07;RAITINGZAIMOV.ru;
2024-01-07;RASPUTINAAV.ru;
2024-01-07;RASSPASS.ru;
2024-01-07;RAYAKALININA.ru;
2024-01-07;RAZDVAGAS.ru;
2024-01-07;RBLINOV.ru;
2024-01-07;READBIT.ru;
2024-01-07;REAL-1XBET825.ru;
2024-01-07;REAL1XBET-11.ru;
2024-01-07;REALFINIX.ru;
2024-01-07;REALITYLOVE.ru;
2024-01-07;REBELS-BOT.ru;
2024-01-07;REDSPANDEX.ru;
2024-01-07;REGION-OPERATORY.ru;
2024-01-07;REGNUMANIMALIA.ru;
2024-01-07;REHAB-BALI.ru;
2024-01-07;REHAB-THAI.ru;
2024-01-07;REHABBALI.ru;
2024-01-07;REHABTHAI.ru;
2024-01-07;REITINGZAIMOV.ru;
2024-01-07;REKLAMA-DN.ru;
2024-01-07;REKLAMA5566.ru;
2024-01-07;RELATIONSHIPPLUS.ru;
2024-01-07;REMIN07.ru;
2024-01-07;REMONT-STIR-MSK.ru;
2024-01-07;REMONTAPLAN.ru;
2024-01-07;REMONTSTIR-MSK.ru;
2024-01-07;REMONTSTIRMSK.ru;
2024-01-07;REMSTROYCOMPANY.ru;
2024-01-07;RENDER-WOOD.ru;
2024-01-07;RENT-PROPERTY.ru;
2024-01-07;RENTFURGON.ru;
2024-01-07;RENTKISS.ru;
2024-01-07;REPAIR-56.ru;
2024-01-07;RESILEX.ru;
2024-01-07;RESTART-YAR.ru;
2024-01-07;RESURSRF.ru;
2024-01-07;RETROTAPESRU3.ru;
2024-01-07;REWERD-FF-GERANA.ru;
2024-01-07;RHLAPOV.ru;
2024-01-07;RIELT-SAMARA.ru;
2024-01-07;RIM-HOSTINGI.ru;
2024-01-07;RITAPSY.ru;
2024-01-07;RITMIX-STUDIO.ru;
2024-01-07;RIWIRDSS-GARENNE-FF.ru;
2024-01-07;RM78.ru;
2024-01-07;ROBOPROJECTS.ru;
2024-01-07;ROBOT-GAZON.ru;
2024-01-07;ROFFCOIN.ru;
2024-01-07;ROLMSCOMPANY.ru;
2024-01-07;ROMADAN.ru;
2024-01-07;ROMANMALSEV.ru;
2024-01-07;ROMANYULDASHEV.ru;
2024-01-07;ROMGD.ru;
2024-01-07;ROMII7.ru;
2024-01-07;RONDO-CAPITAL.ru;
2024-01-07;RONDOLOVE.ru;
2024-01-07;ROOMS-RSL.ru;
2024-01-07;ROSE04.ru;
2024-01-07;ROSE05.ru;
2024-01-07;ROSE07.ru;
2024-01-07;ROSE11.ru;
2024-01-07;ROSE15.ru;
2024-01-07;ROSE17.ru;
2024-01-07;ROSE19.ru;
2024-01-07;ROSE20.ru;
2024-01-07;ROSE247.ru;
2024-01-07;ROSE41.ru;
2024-01-07;ROSE65.ru;
2024-01-07;ROSE79.ru;
2024-01-07;ROSE80.ru;
2024-01-07;ROSE81.ru;
2024-01-07;ROSE82.ru;
2024-01-07;ROSE88.ru;
2024-01-07;ROSE89.ru;
2024-01-07;ROSE90.ru;
2024-01-07;ROSE91.ru;
2024-01-07;ROSE92.ru;
2024-01-07;ROSE95.ru;
2024-01-07;ROSE97.ru;
2024-01-07;ROSEHOST.ru;
2024-01-07;ROSES14.ru;
2024-01-07;ROSES25.ru;
2024-01-07;ROSES57.ru;
2024-01-07;ROSES70.ru;
2024-01-07;ROSES72.ru;
2024-01-07;ROSES74.ru;
2024-01-07;ROSES76.ru;
2024-01-07;ROUTE-CASSA.ru;
2024-01-07;ROYAL-ENGINEERING.ru;
2024-01-07;ROYAL-STUDIOS.ru;
2024-01-07;ROYALTY-CARDS.ru;
2024-01-07;RS-WORKS.ru;
2024-01-07;RSHISHININ.ru;
2024-01-07;RSO-TS.ru;
2024-01-07;RU-COD.ru;
2024-01-07;RU-ID5826.ru;
2024-01-07;RU-SECURITY9928.ru;
2024-01-07;RUBBERPLIT.ru;
2024-01-07;RUBUYER.ru;
2024-01-07;RUMACHIK-AE.ru;
2024-01-07;RUS-4321.ru;
2024-01-07;RUSICHWAR.ru;
2024-01-07;RUSLANBAGAUTDINOV.ru;
2024-01-07;RUSLANZANOCH.ru;
2024-01-07;RUSPROVERKA.ru;
2024-01-07;RUSSASS.ru;
2024-01-07;RUSSKOT.ru;
2024-01-07;RUSSOASS.ru;
2024-01-07;RUSTY-CAT.ru;
2024-01-07;RV3SFQ.ru;
2024-01-07;RYAZAN-POVERKA.ru;
2024-01-07;RYBACHENKO-NSK.ru;
2024-01-07;RYBALKALIFE.ru;
2024-01-07;RYBENKOV.ru;
2024-01-07;RYBINSK-POVERKA.ru;
2024-01-07;RYZKEVICH.ru;
2024-01-07;RZANOCH.ru;
2024-01-07;S-JNR.ru;
2024-01-07;S-MARKT.ru;
2024-01-07;SAAKYANTT.ru;
2024-01-07;SABRAMOVICH.ru;
2024-01-07;SAFEPAWS.ru;
2024-01-07;SAI1TDEB1T.ru;
2024-01-07;SAINTMOLLY.ru;
2024-01-07;SALEOUTLET2024.ru;
2024-01-07;SALONKAREVRN.ru;
2024-01-07;SAMOEDNSO.ru;
2024-01-07;SAN7119.ru;
2024-01-07;SANA5460.ru;
2024-01-07;SANDTRY.ru;
2024-01-07;SANTESERVICE.ru;
2024-01-07;SANTEXHOUSE24.ru;
2024-01-07;SAPAROV-1.ru;
2024-01-07;SAPRYKIN-PRO.ru;
2024-01-07;SARA-HOME.ru;
2024-01-07;SASASASA.ru;
2024-01-07;SASHAKOTOVSKIE.ru;
2024-01-07;SASHASHALIMOVA.ru;
2024-01-07;SAUNA04.ru;
2024-01-07;SAYBE.ru;
2024-01-07;SAZONOVAJENYA.ru;
2024-01-07;SBERPAYER.ru;
2024-01-07;SBLECKOM.ru;
2024-01-07;SBLESKIM.ru;
2024-01-07;SBLESKON.ru;
2024-01-07;SBR555.ru;
2024-01-07;SCHASTIYE.ru;
2024-01-07;SCHOOL-ACCREDITATION.ru;
2024-01-07;SCUFFCRAFT.ru;
2024-01-07;SD4KH5GUGGG577.ru;
2024-01-07;SDELKA2386.ru;
2024-01-07;SEA-FOODSTORE.ru;
2024-01-07;SEACENTRE.ru;
2024-01-07;SEAFOODF.ru;
2024-01-07;SEAMUSOIDA.ru;
2024-01-07;SEARCH-DRIVER-SOFT.ru;
2024-01-07;SEARCHER-API.ru;
2024-01-07;SEASTEP.ru;
2024-01-07;SECLINIC.ru;
2024-01-07;SECOND-OPINION.ru;
2024-01-07;SECRET-OBJECT.ru;
2024-01-07;SEGRETTI.ru;
2024-01-07;SEIFR.ru;
2024-01-07;SELEZNYOVA.ru;
2024-01-07;SENDER-PROMO.ru;
2024-01-07;SENDER-PROMOTION.ru;
2024-01-07;SENTTY.ru;
2024-01-07;SEO2024.ru;
2024-01-07;SEO4WEB.ru;
2024-01-07;SEPTICTOP-1.ru;
2024-01-07;SEQUEL-PODCAST.ru;
2024-01-07;SEREGARADIOTEK.ru;
2024-01-07;SERENA13.ru;
2024-01-07;SERENDIPITYSOULMATE.ru;
2024-01-07;SERENESOULHARBOR.ru;
2024-01-07;SERENESOULMINGLE.ru;
2024-01-07;SERENESOULSANCTUARY.ru;
2024-01-07;SERENESOULSHORE.ru;
2024-01-07;SERGEJ-KARTASHOV.ru;
2024-01-07;SERGEJAN.ru;
2024-01-07;SERGEJKOLESNIK.ru;
2024-01-07;SERGEY-STEPNOY.ru;
2024-01-07;SERGEY-VEDENYO.ru;
2024-01-07;SERVICE-4759.ru;
2024-01-07;SERVICE-8182.ru;
2024-01-07;SERVICE-89129120112.ru;
2024-01-07;SERVICES7.ru;
2024-01-07;SERVICEXPERTIZA.ru;
2024-01-07;SERVIS-AVITO.ru;
2024-01-07;SERVISEPLUS.ru;
2024-01-07;SEV-MONTAJ.ru;
2024-01-07;SFERAPROF.ru;
2024-01-07;SFESSENS.ru;
2024-01-07;SGURCHENKO.ru;
2024-01-07;SHAHLEVICH.ru;
2024-01-07;SHANGHAI64.ru;
2024-01-07;SHANHAINVKZ.ru;
2024-01-07;SHANTITG.ru;
2024-01-07;SHARAPOV-SHARAPOV.ru;
2024-01-07;SHARKANIE.ru;
2024-01-07;SHAVLJUK.ru;
2024-01-07;SHELTERCRAFT.ru;
2024-01-07;SHEMMY-ART.ru;
2024-01-07;SHIMMERS-LOUNGE.ru;
2024-01-07;SHIMMERS-MOSCOWCITY.ru;
2024-01-07;SHIMMERSLOUNGE.ru;
2024-01-07;SHIRINBOXES.ru;
2024-01-07;SHIXKERIMOW.ru;
2024-01-07;SHKIRSKIY.ru;
2024-01-07;SHKOLABABKOV.ru;
2024-01-07;SHLIM-TECH.ru;
2024-01-07;SHLYAPP.ru;
2024-01-07;SHNAIDERYAK.ru;
2024-01-07;SHOE-FETISHISM.ru;
2024-01-07;SHOPPINGSALE2024.ru;
2024-01-07;SHORAHANOV.ru;
2024-01-07;SHORTEVERYWHERE.ru;
2024-01-07;SHTEFUTSA.ru;
2024-01-07;SHTRANS.ru;
2024-01-07;SHUMEIKOV.ru;
2024-01-07;SHUMEIKOVL.ru;
2024-01-07;SIARTY-DANCESTUDIO.ru;
2024-01-07;SIBERIAN-REHAB.ru;
2024-01-07;SIBERIAVPN.ru;
2024-01-07;SIDNEYJOBTTTTTTTGOSUSLUGI.ru;
2024-01-07;SIGNFUL.ru;
2024-01-07;SIGNLESS.ru;
2024-01-07;SIGNNESS.ru;
2024-01-07;SIKOLOV.ru;
2024-01-07;SILALFA.ru;
2024-01-07;SILUSHKA-FITNESS.ru;
2024-01-07;SIM-MOSCOW24.ru;
2024-01-07;SIMAGIC.ru;
2024-01-07;SIMPLELANDS.ru;
2024-01-07;SIMPLESOAP.ru;
2024-01-07;SIMPLYLIVE.ru;
2024-01-07;SIMUCUBE.ru;
2024-01-07;SINNEX.ru;
2024-01-07;SIPLE.ru;
2024-01-07;SIRENIO.ru;
2024-01-07;SIRI-AI.ru;
2024-01-07;SIRIAI.ru;
2024-01-07;SITEDOMT.ru;
2024-01-07;SIZOV-PHOTO.ru;
2024-01-07;SK-AMADEUS.ru;
2024-01-07;SK-KOLIZEY.ru;
2024-01-07;SK-NOVIIADRESS.ru;
2024-01-07;SKADIGRIEF.ru;
2024-01-07;SKAZKAYASLIYAROSLAVL.ru;
2024-01-07;SKIDKA-STORKIAVTO.ru;
2024-01-07;SKIDKI-NA-SPORTKOSTYMI.ru;
2024-01-07;SKIDKI-RUBASHKY.ru;
2024-01-07;SKIDKI-TERMOBELYE.ru;
2024-01-07;SKOLYVANOV.ru;
2024-01-07;SKUPKA24BELYAEVO.ru;
2024-01-07;SKUSTODOV.ru;
2024-01-07;SKYLINEFEST.ru;
2024-01-07;SLADKIEPODARKI38.ru;
2024-01-07;SLANZANOCH.ru;
2024-01-07;SLBX20.ru;
2024-01-07;SLIMEVR.ru;
2024-01-07;SLIVALINI.ru;
2024-01-07;SLIVANET18.ru;
2024-01-07;SLIVOGRAM.ru;
2024-01-07;SLONETSKII.ru;
2024-01-07;SLOVO-PACANAI.ru;
2024-01-07;SLOVO-PACANAVSE.ru;
2024-01-07;SLOVO-PACANJ.ru;
2024-01-07;SLOVO-PACANJ-1-8.ru;
2024-01-07;SLOVO-PACANNA.ru;
2024-01-07;SLOVO-PACCANA.ru;
2024-01-07;SLOVO-PACONAVS.ru;
2024-01-07;SLOVO-PATSANU-1-8.ru;
2024-01-07;SLOVOOPACONA.ru;
2024-01-07;SLOVOOPACONA8.ru;
2024-01-07;SLOVOPACAD.ru;
2024-01-07;SLOVOPACAED.ru;
2024-01-07;SLOVOPACANER.ru;
2024-01-07;SLOVOPACANRAY.ru;
2024-01-07;SLOVOPACANTWQE.ru;
2024-01-07;SLOVOPACANTWZHE.ru;
2024-01-07;SLOVOPACANTYE.ru;
2024-01-07;SLOVOPACANU-1-8.ru;
2024-01-07;SLOVOPACAVER.ru;
2024-01-07;SLOVOPACCANAA.ru;
2024-01-07;SLOVOPACNBA.ru;
2024-01-07;SLOVOPACNGA.ru;
2024-01-07;SLOVOPACONA-8.ru;
2024-01-07;SMAPY.ru;
2024-01-07;SMART-POCHINKA.ru;
2024-01-07;SMARTLINK-SOME-ASSAY.ru;
2024-01-07;SMARTLINK-SOME-COOKIES.ru;
2024-01-07;SMARTLINK-SOME-EXAMINE.ru;
2024-01-07;SMARTLINK-SOME-EXPERIENCE.ru;
2024-01-07;SMARTLOGICAI-CHAT.ru;
2024-01-07;SMARTRONIK.ru;
2024-01-07;SMARTS7.ru;
2024-01-07;SMARTUZI.ru;
2024-01-07;SMETYRUS.ru;
2024-01-07;SMM-BOOM.ru;
2024-01-07;SMM1000TG.ru;
2024-01-07;SMMKINGS.ru;
2024-01-07;SMOLENSK-POVERKA.ru;
2024-01-07;SMOPLUS.ru;
2024-01-07;SMORODINA-PRO.ru;
2024-01-07;SMOTRIM-SMOTRI.ru;
2024-01-07;SMSSTAV26.ru;
2024-01-07;SNKRILOVA.ru;
2024-01-07;SNT-SADOVOD73.ru;
2024-01-07;SOBYANIN2030.ru;
2024-01-07;SOCHI24GMAIL.ru;
2024-01-07;SOCIAL-URTK.ru;
2024-01-07;SOGLASIEVITA.ru;
2024-01-07;SOKILOV.ru;
2024-01-07;SOKLOV.ru;
2024-01-07;SOKOL96.ru;
2024-01-07;SOKOLIV.ru;
2024-01-07;SOKOLOB.ru;
2024-01-07;SOKOLOC.ru;
2024-01-07;SOKOLV.ru;
2024-01-07;SOKOOV.ru;
2024-01-07;SOLACESHOP.ru;
2024-01-07;SOLNECHNIYFRUIT.ru;
2024-01-07;SOLOVEVAA.ru;
2024-01-07;SOMOLOV.ru;
2024-01-07;SONGSEARCH.ru;
2024-01-07;SOOLOV.ru;
2024-01-07;SOQLASIE.ru;
2024-01-07;SOSEDU74.ru;
2024-01-07;SOUL-CATS.ru;
2024-01-07;SOUL-CHARTS.ru;
2024-01-07;SOULCREAM.ru;
2024-01-07;SOULFULUNIONZONE.ru;
2024-01-07;SOULPICTURE.ru;
2024-01-07;SP-AEROFLOT.ru;
2024-01-07;SP-SPUTNIK.ru;
2024-01-07;SPA-SMORODINA.ru;
2024-01-07;SPACELOGISTICS.ru;
2024-01-07;SPAEROFLOT.ru;
2024-01-07;SPAMI.ru;
2024-01-07;SPARKLINGROMANCEGROVE.ru;
2024-01-07;SPARTANTESTOSTERONE.ru;
2024-01-07;SPASHRAM-NIKULINO.ru;
2024-01-07;SPBCHEKI.ru;
2024-01-07;SPEC-TURBO.ru;
2024-01-07;SPECIY33.ru;
2024-01-07;SPECSTROYRUS.ru;
2024-01-07;SPECTECHNOKRATIKA.ru;
2024-01-07;SPISOKZAIMOV.ru;
2024-01-07;SPISOKZAYMOV.ru;
2024-01-07;SPOKIPOKI.ru;
2024-01-07;SPORTLIFEWORLD.ru;
2024-01-07;SPORTWAYBRAND.ru;
2024-01-07;SRMSIBUR.ru;
2024-01-07;SRO-ARSENAL.ru;
2024-01-07;SRO-DOPUSK-IZYSKANIYA-OF.ru;
2024-01-07;SRURU.ru;
2024-01-07;SSCHULKOV774.ru;
2024-01-07;SSLINK.ru;
2024-01-07;SSR-RB.ru;
2024-01-07;STAEMCONMMUNILTY.ru;
2024-01-07;STAND2NNOJIK.ru;
2024-01-07;STANDUP-ROUTE.ru;
2024-01-07;STANIRANON.ru;
2024-01-07;STANISLAV-PRO.ru;
2024-01-07;STANY-SVOBODEN-OT-DOLGA24.ru;
2024-01-07;STARLIGHT-SX.ru;
2024-01-07;STAROCHKIN.ru;
2024-01-07;START-1XBET112.ru;
2024-01-07;START-1XBET424.ru;
2024-01-07;STASKALAYDA.ru;
2024-01-07;STEEL-FEEL.ru;
2024-01-07;STELA-SAROV.ru;
2024-01-07;STELLARCRAFT.ru;
2024-01-07;STEP-ECOSYSTEM.ru;
2024-01-07;STEPANOVAJULIA.ru;
2024-01-07;STIHOTERAPIA.ru;
2024-01-07;STIR-REMONT-MSK.ru;
2024-01-07;STIRREMONTMSK.ru;
2024-01-07;STNEIRROV.ru;
2024-01-07;STOKNET.ru;
2024-01-07;STOPYOURADDICTION.ru;
2024-01-07;STORECHEAP2024.ru;
2024-01-07;STR1X.ru;
2024-01-07;STREAMOCEAN.ru;
2024-01-07;STROITEL82.ru;
2024-01-07;STRUCTURAWEAR.ru;
2024-01-07;STUD-SPRAVKI.ru;
2024-01-07;STUDIA-PODEM.ru;
2024-01-07;STUDIO1861.ru;
2024-01-07;STUDSOVETSPB.ru;
2024-01-07;STVOL24.ru;
2024-01-07;STYLEBOM.ru;
2024-01-07;STYLEINN.ru;
2024-01-07;SUCURSALDINAMICADMINISTRATIVO.ru;
2024-01-07;SULTAN-SULEMAN.ru;
2024-01-07;SUMMERKNOWLEDGE.ru;
2024-01-07;SUNHUA.ru;
2024-01-07;SUNSHINEBULLY-STAFF.ru;
2024-01-07;SUOVENIRS.ru;
2024-01-07;SUPER-PEREVOD-PESEN.ru;
2024-01-07;SUPER-SEREGA.ru;
2024-01-07;SURF-PIZZA.ru;
2024-01-07;SURVIVAL-CITY-NATURE.ru;
2024-01-07;SURVIVE-AFTER.ru;
2024-01-07;SURVIVEAFTER.ru;
2024-01-07;SUSI-CITY.ru;
2024-01-07;SVARAP.ru;
2024-01-07;SVETLANABISNES.ru;
2024-01-07;SVINSVIST.ru;
2024-01-07;SVIREPEN.ru;
2024-01-07;SVITERY-ZIMNIYE.ru;
2024-01-07;SVKESSENS.ru;
2024-01-07;SVOBODEN-OT-DOLGA24.ru;
2024-01-07;SVOBODEN-OT-PLATEZHA24.ru;
2024-01-07;SVOLOSNIKOV.ru;
2024-01-07;SWEETESTSERENADE.ru;
2024-01-07;SWEETHEARTHARBOR.ru;
2024-01-07;SWEETHEARTSERENITY.ru;
2024-01-07;SWEETHEARTSOIREE.ru;
2024-01-07;SWEETHEARTSYMPHONY.ru;
2024-01-07;SWMSK.ru;
2024-01-07;SXLDY.ru;
2024-01-07;SYMTRIOS.ru;
2024-01-07;SYNC-PART.ru;
2024-01-07;SYNCNET.ru;
2024-01-07;SYNCPART.ru;
2024-01-07;SYRENNYJ.ru;
2024-01-07;SYSTALIT-MAZ.ru;
2024-01-07;SYVOROTKA-RESNICY.ru;
2024-01-07;SZOT2008.ru;
2024-01-07;TABAC-SALE.ru;
2024-01-07;TAKAMULGROUP.ru;
2024-01-07;TALENTIAN.ru;
2024-01-07;TALES-TEAM.ru;
2024-01-07;TALIYAHAFIZ.ru;
2024-01-07;TAMBOV-POVERKA.ru;
2024-01-07;TAMILAMED.ru;
2024-01-07;TANAEVSKY.ru;
2024-01-07;TANCHAT.ru;
2024-01-07;TANK2D.ru;
2024-01-07;TANUGO.ru;
2024-01-07;TAPMALL.ru;
2024-01-07;TARASOFT-A.ru;
2024-01-07;TARASOFTA.ru;
2024-01-07;TAROMOONIGHT.ru;
2024-01-07;TASK-LINK.ru;
2024-01-07;TC-ICEBERG.ru;
2024-01-07;TDANIKS.ru;
2024-01-07;TEAM-GIRLS.ru;
2024-01-07;TEAMGIRLS.ru;
2024-01-07;TECHNOLOGIST02.ru;
2024-01-07;TECHNOPARK74.ru;
2024-01-07;TEHNIKA-POCHINKA.ru;
2024-01-07;TEHNOCOT.ru;
2024-01-07;TELEDRAMAS.ru;
2024-01-07;TELEGRAFS.ru;
2024-01-07;TELEGRAM-CHANNELS.ru;
2024-01-07;TELEGRAM-NOTCOIN.ru;
2024-01-07;TELEGRAMP.ru;
2024-01-07;TELEGRANGS.ru;
2024-01-07;TELEGRANN.ru;
2024-01-07;TELEGRANW.ru;
2024-01-07;TELEGRUP.ru;
2024-01-07;TELNIKOVA.ru;
2024-01-07;TENCAT.ru;
2024-01-07;TENDERTIMEHARBOR.ru;
2024-01-07;TENDERTOUCHTREASURE.ru;
2024-01-07;TENDERTOUCHVOYAGE.ru;
2024-01-07;TENOSHARE.ru;
2024-01-07;TEPLOUJUT.ru;
2024-01-07;TERENTEV-WORK.ru;
2024-01-07;TERRAVED.ru;
2024-01-07;TEST-JPH.ru;
2024-01-07;TESTINGAPI.ru;
2024-01-07;TESTLABINET.ru;
2024-01-07;TEXAMER.ru;
2024-01-07;TEXTINBOX.ru;
2024-01-07;TEYAA.ru;
2024-01-07;TFINDEX1.ru;
2024-01-07;TGANEVICH.ru;
2024-01-07;TGBATLES.ru;
2024-01-07;TGMHUB.ru;
2024-01-07;TGPALM.ru;
2024-01-07;THAI-REHAB.ru;
2024-01-07;THAIREHAB.ru;
2024-01-07;THE-BOYS.ru;
2024-01-07;THEATRE-ROUTE.ru;
2024-01-07;THERMOSHEF.ru;
2024-01-07;THESALGOR.ru;
2024-01-07;THESAU.ru;
2024-01-07;TIBBIT.ru;
2024-01-07;TICKETID.ru;
2024-01-07;TIDO-BRAND.ru;
2024-01-07;TIELTVER.ru;
2024-01-07;TIGOSHIN.ru;
2024-01-07;TIGUR.ru;
2024-01-07;TIKTOKMONETIZAIHON.ru;
2024-01-07;TIKTOKMONETKI.ru;
2024-01-07;TIKUSHIN.ru;
2024-01-07;TILER72.ru;
2024-01-07;TIMCHESTN.ru;
2024-01-07;TINGATE.ru;
2024-01-07;TINGEST.ru;
2024-01-07;TINGNESS.ru;
2024-01-07;TIPO-ELGRECO.ru;
2024-01-07;TIPS-7298.ru;
2024-01-07;TIPSOFDAY.ru;
2024-01-07;TISHINSKII-BULVAR.ru;
2024-01-07;TITAN-HOST.ru;
2024-01-07;TITOVVI2013.ru;
2024-01-07;TKDMFT.ru;
2024-01-07;TLGHOSTBOT.ru;
2024-01-07;TMK-ASM.ru;
2024-01-07;TN-JNR.ru;
2024-01-07;TN-ONE.ru;
2024-01-07;TN-ONE1.ru;
2024-01-07;TN-ONE12.ru;
2024-01-07;TN-ONE2024.ru;
2024-01-07;TN-ONE24.ru;
2024-01-07;TN-ONE247.ru;
2024-01-07;TN-ONE3.ru;
2024-01-07;TN-ONE7.ru;
2024-01-07;TN-ONE8.ru;
2024-01-07;TN-ONE88.ru;
2024-01-07;TN6.ru;
2024-01-07;TOCARIIIPASTRY.ru;
2024-01-07;TOGG-KRSK.ru;
2024-01-07;TOKAREVWORK.ru;
2024-01-07;TOLKAY72.ru;
2024-01-07;TOP-ALBOM.ru;
2024-01-07;TOP-KREDITOK.ru;
2024-01-07;TOPCLINICA.ru;
2024-01-07;TOPSERVISGAME.ru;
2024-01-07;TOPSLOTSCASINO.ru;
2024-01-07;TOPYURIST1986.ru;
2024-01-07;TORF-KUPIT.ru;
2024-01-07;TORT-PERM.ru;
2024-01-07;TORTEREZKA.ru;
2024-01-07;TOTAL-NEWS.ru;
2024-01-07;TOURISTIK-A.ru;
2024-01-07;TOURLINER.ru;
2024-01-07;TPLUSGRUP.ru;
2024-01-07;TRANS-X.ru;
2024-01-07;TRASHMASH.ru;
2024-01-07;TRATSITETT.ru;
2024-01-07;TRAURFLOWERS.ru;
2024-01-07;TRAVEL-REPUTATION.ru;
2024-01-07;TRAVELGOV.ru;
2024-01-07;TRAVELREPUTATION.ru;
2024-01-07;TRBD.ru;
2024-01-07;TREK-KING.ru;
2024-01-07;TRIP-4891.ru;
2024-01-07;TRISOVIK.ru;
2024-01-07;TROPINKAMI.ru;
2024-01-07;TRUEGIRL.ru;
2024-01-07;TRUEHEARTTREK.ru;
2024-01-07;TRYANGLE-TEAM.ru;
2024-01-07;TRYBOGATYRAPUPZEMELY.ru;
2024-01-07;TRYBOGATYRAPUPZEMLY.ru;
2024-01-07;TRYBOGATYRAPUPZMLY.ru;
2024-01-07;TS8YZFU.ru;
2024-01-07;TSDMR.ru;
2024-01-07;TSHIBKOVA.ru;
2024-01-07;TSONLINENET.ru;
2024-01-07;TTMSKSITETT.ru;
2024-01-07;TTSITEMSKTT.ru;
2024-01-07;TTXT.ru;
2024-01-07;TULA-POVERKA.ru;
2024-01-07;TULAESTATE.ru;
2024-01-07;TUMAFIN.ru;
2024-01-07;TUPICHENKO.ru;
2024-01-07;TUR-LINER.ru;
2024-01-07;TURBO-UM.ru;
2024-01-07;TURKYRGYZSTAN.ru;
2024-01-07;TURMANBETOV.ru;
2024-01-07;TUTZAIMY.ru;
2024-01-07;TV3UX5N.ru;
2024-01-07;TVER-POVERKA.ru;
2024-01-07;TVOYDAGESTAN.ru;
2024-01-07;TYT-HELP-DOLGAM.ru;
2024-01-07;TYT-O-DOLGAX24.ru;
2024-01-07;U6Z0MRB.ru;
2024-01-07;UCHUMUCHU.ru;
2024-01-07;UDOSTOVIRENIYA-SURGUTT-86.ru;
2024-01-07;UGC-CREATOR.ru;
2024-01-07;UGGSSTORE.ru;
2024-01-07;UGUIZ.ru;
2024-01-07;UNDOMIEL.ru;
2024-01-07;UNION-EPILATEME.ru;
2024-01-07;UNITKEYS.ru;
2024-01-07;UNIVERSITALY.ru;
2024-01-07;UNTING.ru;
2024-01-07;UNVIX.ru;
2024-01-07;UPRAVLENIE-MAKSIMUM.ru;
2024-01-07;UPS-SO.ru;
2024-01-07;UQIUZ.ru;
2024-01-07;UQIZ.ru;
2024-01-07;URAIRKA.ru;
2024-01-07;URALINVESTCLUB.ru;
2024-01-07;URISTIOTVETI5.ru;
2024-01-07;USEFACTS.ru;
2024-01-07;V-SRO-DOPUSK-IZYSKANIYA.ru;
2024-01-07;V1PER37.ru;
2024-01-07;VA-PETUKHOV.ru;
2024-01-07;VAAVGROUP.ru;
2024-01-07;VADIMVELICHKO.ru;
2024-01-07;VAKANSII-DEVUSHKAM.ru;
2024-01-07;VALENTIO.ru;
2024-01-07;VALERAVOLKOV.ru;
2024-01-07;VALERAXT.ru;
2024-01-07;VALHALLAPOLIT.ru;
2024-01-07;VALKMARINA.ru;
2024-01-07;VALLENTINA.ru;
2024-01-07;VAM-PODAROCK.ru;
2024-01-07;VAN4KHD.ru;
2024-01-07;VARUS13.ru;
2024-01-07;VASTU-HOME.ru;
2024-01-07;VAUCHER-1XBET.ru;
2024-01-07;VDIS7.ru;
2024-01-07;VDSIMA.ru;
2024-01-07;VEBINNEIRO.ru;
2024-01-07;VEERAL.ru;
2024-01-07;VELHAEL.ru;
2024-01-07;VELIKHODSKIY.ru;
2024-01-07;VERGEBRAND.ru;
2024-01-07;VERIU.ru;
2024-01-07;VERJIE.ru;
2024-01-07;VERNADTSKOGO-CIRKYE.ru;
2024-01-07;VERNATSKOGO-CIRKUS.ru;
2024-01-07;VERNUTDENGIOTBROKERA.ru;
2024-01-07;VEROCOACHING.ru;
2024-01-07;VESKOVOCLUB.ru;
2024-01-07;VETAKUZINA.ru;
2024-01-07;VEVADEQ.ru;
2024-01-07;VGRWLKU.ru;
2024-01-07;VIBERAY.ru;
2024-01-07;VIDEOGRAFPLUS.ru;
2024-01-07;VIDEOMASHINA.ru;
2024-01-07;VIDEORG-NEOLINE.ru;
2024-01-07;VIKAMINASYAN.ru;
2024-01-07;VIKI-LASHES.ru;
2024-01-07;VIKINGSECURITY.ru;
2024-01-07;VIKINGY.ru;
2024-01-07;VILLAMIRAPET.ru;
2024-01-07;VIP-AVTOUFA.ru;
2024-01-07;VIP-ZAIM24.ru;
2024-01-07;VISDY.ru;
2024-01-07;VISIONERD.ru;
2024-01-07;VISIOTEINE.ru;
2024-01-07;VISUALPRES.ru;
2024-01-07;VITPRO8.ru;
2024-01-07;VIVA-TECHNOLOGIES.ru;
2024-01-07;VIVIDOZ.ru;
2024-01-07;VLADIMIR-POVERKA.ru;
2024-01-07;VLADIMIR-SHKODA.ru;
2024-01-07;VLADVD91.ru;
2024-01-07;VLANATVLA.ru;
2024-01-07;VLO97M4.ru;
2024-01-07;VMAP3D.ru;
2024-01-07;VMESTEEDEM.ru;
2024-01-07;VMOMENTE-SPB.ru;
2024-01-07;VMOREV.ru;
2024-01-07;VNMG46Q.ru;
2024-01-07;VOICECOMMUNITY.ru;
2024-01-07;VOINS-LEGENDS.ru;
2024-01-07;VOKAL-SOCHI.ru;
2024-01-07;VOKZALGROUP.ru;
2024-01-07;VOLFSONDIGTAL.ru;
2024-01-07;VOLOCHAJ.ru;
2024-01-07;VOLVOBME.ru;
2024-01-07;VOODOOO-LAB.ru;
2024-01-07;VOROJEYAKAMNI.ru;
2024-01-07;VORONEZH-POVERKA.ru;
2024-01-07;VOROPAEVATANYA.ru;
2024-01-07;VOSTOK-N.ru;
2024-01-07;VOTESBATLE.ru;
2024-01-07;VOZERKOV.ru;
2024-01-07;VOZOL-SHOP.ru;
2024-01-07;VPN-GPTALK.ru;
2024-01-07;VPOLETAEV.ru;
2024-01-07;VRONZHIN.ru;
2024-01-07;VSEKOGTI.ru;
2024-01-07;VSENEURONKI.ru;
2024-01-07;VSEOTRAVMAH.ru;
2024-01-07;VSFCEO.ru;
2024-01-07;VSTUPI-V-SRO-IZYSKANIYA.ru;
2024-01-07;VSULTANSHA.ru;
2024-01-07;VSYAMUZIKA.ru;
2024-01-07;VTB24URB.ru;
2024-01-07;VTRENDEMARKET.ru;
2024-01-07;VULPO.ru;
2024-01-07;VVL-3.ru;
2024-01-07;VYSTAVKI-NOVOSIB.ru;
2024-01-07;VZLETPERMANENT.ru;
2024-01-07;VZYKINA.ru;
2024-01-07;W-PPAANEL.ru;
2024-01-07;WANDOG.ru;
2024-01-07;WAYFORPAYS.ru;
2024-01-07;WBK-SOFT.ru;
2024-01-07;WBKSOFT.ru;
2024-01-07;WBPARTNER.ru;
2024-01-07;WDFILE.ru;
2024-01-07;WEATHERGUIDE.ru;
2024-01-07;WEB-BRICK.ru;
2024-01-07;WEB-HILLS.ru;
2024-01-07;WEB-KNOWLEDGE.ru;
2024-01-07;WEBHOSTINGI.ru;
2024-01-07;WEBLABS24.ru;
2024-01-07;WEILO.ru;
2024-01-07;WELCOMEBUSINESS.ru;
2024-01-07;WELLDONEV.ru;
2024-01-07;WEPLAYTV-CS2.ru;
2024-01-07;WHATSALL.ru;
2024-01-07;WHATSAPP-REG.ru;
2024-01-07;WHATSAPP-SMS.ru;
2024-01-07;WHATSAPPLOGIN.ru;
2024-01-07;WHATSAPPREGSMS.ru;
2024-01-07;WHATSOK.ru;
2024-01-07;WHATTSAPKESH.ru;
2024-01-07;WHITE-JACKAL.ru;
2024-01-07;WHITE-KEEPERS.ru;
2024-01-07;WHITE-MOSCOW.ru;
2024-01-07;WHITEWOLFHACK.ru;
2024-01-07;WHOISDOG.ru;
2024-01-07;WHSSL.ru;
2024-01-07;WHXIVM.ru;
2024-01-07;WIKIKOT.ru;
2024-01-07;WILDKITTY.ru;
2024-01-07;WILSA.ru;
2024-01-07;WIN-TEAM.ru;
2024-01-07;WINDOWSCOLLECTION.ru;
2024-01-07;WITCHESEMELI.ru;
2024-01-07;WITHLOVEWEDDING.ru;
2024-01-07;WKOLA1.ru;
2024-01-07;WLADIMIR-ARZER.ru;
2024-01-07;WM-COM.ru;
2024-01-07;WORKBAND.ru;
2024-01-07;WORKCOURIER.ru;
2024-01-07;WORKHELPERS.ru;
2024-01-07;WORLDACCS.ru;
2024-01-07;WORLDDENT-ROSTOV.ru;
2024-01-07;WOW-COFE.ru;
2024-01-07;WRONGDOOR.ru;
2024-01-07;WSC24.ru;
2024-01-07;WUXEE.ru;
2024-01-07;WVATSIK.ru;
2024-01-07;WWGOLD.ru;
2024-01-07;WWW-DYSON.ru;
2024-01-07;X-STORE71.ru;
2024-01-07;XALMGGER08.ru;
2024-01-07;XCOMUNNAC.ru;
2024-01-07;XENIAMAXIMCHUK.ru;
2024-01-07;XIAOMI-OPTOM.ru;
2024-01-07;XLUZ.ru;
2024-01-07;XN0VA.ru;
2024-01-07;XSTALKX.ru;
2024-01-07;XT1NMWJ.ru;
2024-01-07;XXX-TELEGA.ru;
2024-01-07;XYTOPOK271.ru;
2024-01-07;Y6OHP3M.ru;
2024-01-07;YAGABOT.ru;
2024-01-07;YAHMUR-MEDITAION.ru;
2024-01-07;YAHOOCOM.ru;
2024-01-07;YANAFILIPTSOVA.ru;
2024-01-07;YANDEX-SOSINA.ru;
2024-01-07;YANETMAIL.ru;
2024-01-07;YANGWANGU6.ru;
2024-01-07;YANISNAB.ru;
2024-01-07;YARIKKRD.ru;
2024-01-07;YAROSLAV27.ru;
2024-01-07;YAROSLAVL-POVERKA.ru;
2024-01-07;YASHISHOV.ru;
2024-01-07;YEBAR-REST.ru;
2024-01-07;YEBLOO.ru;
2024-01-07;YEVROSHOP.ru;
2024-01-07;YOOCASSA.ru;
2024-01-07;YOOKASS.ru;
2024-01-07;YOOKASSSA.ru;
2024-01-07;YORAZOV.ru;
2024-01-07;YOUNGMOUNTAINS.ru;
2024-01-07;YOUNGSCI-INCRAS.ru;
2024-01-07;YOURTEACHERVALERY.ru;
2024-01-07;YOYOSH.ru;
2024-01-07;YQAK65Z.ru;
2024-01-07;YRISTCONSYLTANT.ru;
2024-01-07;YUGUIDE.ru;
2024-01-07;YUKINOVNA.ru;
2024-01-07;YULIASHADRINA.ru;
2024-01-07;YULIYA-KAMM.ru;
2024-01-07;YURAIT6.ru;
2024-01-07;YURIGRIGA.ru;
2024-01-07;YURYSW.ru;
2024-01-07;Z0BLKVX.ru;
2024-01-07;Z0PFEYA.ru;
2024-01-07;Z0RGSHOME.ru;
2024-01-07;ZACVET.ru;
2024-01-07;ZAEM77.ru;
2024-01-07;ZAEMSRAZY.ru;
2024-01-07;ZAEMVSEMONLINE.ru;
2024-01-07;ZAIM-NA-VYBOR.ru;
2024-01-07;ZAKAZ2482.ru;
2024-01-07;ZAKIROVAA93.ru;
2024-01-07;ZAKZAR.ru;
2024-01-07;ZAMDOK.ru;
2024-01-07;ZAPARTY.ru;
2024-01-07;ZAPCHASTIVAGGM.ru;
2024-01-07;ZARMNYKRR.ru;
2024-01-07;ZASHCHITNIK23.ru;
2024-01-07;ZASTROYSHIKSTROY.ru;
2024-01-07;ZAVIANNA.ru;
2024-01-07;ZAVRM.ru;
2024-01-07;ZAYM-BEZ-PROBLEM.ru;
2024-01-07;ZAYM-DOSTUPEN.ru;
2024-01-07;ZAYM-KOGDA-NADO.ru;
2024-01-07;ZAYM-VSEGDA.ru;
2024-01-07;ZDESKRUTO.ru;
2024-01-07;ZEEKR-CX1E.ru;
2024-01-07;ZEFIRBUKET.ru;
2024-01-07;ZENINVLADIMIR.ru;
2024-01-07;ZENTOX.ru;
2024-01-07;ZEONCRYPTO.ru;
2024-01-07;ZERKALO-1XBET157.ru;
2024-01-07;ZHIGAREV-1.ru;
2024-01-07;ZHMURK0.ru;
2024-01-07;ZHUFAMILY.ru;
2024-01-07;ZIFRAVISION.ru;
2024-01-07;ZLATOSLOVSCHOOL.ru;
2024-01-07;ZNAI-KRASNODAR.ru;
2024-01-07;ZOJINAKA.ru;
2024-01-07;ZOLOTO56.ru;
2024-01-07;ZOLOTO583.ru;
2024-01-07;ZONI3XK.ru;
2024-01-07;ZOO-KOT.ru;
2024-01-07;ZSD-SPB.ru;
2024-01-07;ZUBOV24.ru;
2024-01-07;ZURAB-ZARUBIN.ru;
2024-01-07;ZVERIEST.ru;
2024-01-07;ZVEZDNAIAGAVAN.ru;
2024-01-07;ZVONIKA.ru;
2024-01-08;0171.ru;
2024-01-08;01SCHOOL.ru;
2024-01-08;070124.ru;
2024-01-08;1-XSLOTS-CASINO-1.ru;
2024-01-08;1000BRICKS.ru;
2024-01-08;1428357.ru;
2024-01-08;1C-FINEXP.ru;
2024-01-08;1PA0QW4.ru;
2024-01-08;1WIN-APPLICATION.ru;
2024-01-08;1WIN1WIN1WIN1WIN.ru;
2024-01-08;1XBET-PFBAZA.ru;
2024-01-08;21WORK.ru;
2024-01-08;2270745.ru;
2024-01-08;24-A.ru;
2024-01-08;24-COM.ru;
2024-01-08;2424-A.ru;
2024-01-08;2424-COM.ru;
2024-01-08;2492.ru;
2024-01-08;24ACTIVELIFE.ru;
2024-01-08;24BEBRA.ru;
2024-01-08;24MAGAZIN-KZ.ru;
2024-01-08;24MARKETPLACE-BOOST.ru;
2024-01-08;24SURVEY.ru;
2024-01-08;24VLKA.ru;
2024-01-08;28CATERING.ru;
2024-01-08;2PISTONS.ru;
2024-01-08;2STORY.ru;
2024-01-08;2XOLOP.ru;
2024-01-08;30-MIN.ru;
2024-01-08;312323.ru;
2024-01-08;321650.ru;
2024-01-08;32MOB.ru;
2024-01-08;3745363.ru;
2024-01-08;3D-VIEW.ru;
2024-01-08;3DVIZUAL-BTK.ru;
2024-01-08;3EDINSTVA-BLOG.ru;
2024-01-08;42AM.ru;
2024-01-08;4CHEESE.ru;
2024-01-08;4KTUBE.ru;
2024-01-08;4P7RQEB.ru;
2024-01-08;4VAN.ru;
2024-01-08;618606.ru;
2024-01-08;61TRAVEL.ru;
2024-01-08;66LUXBAG.ru;
2024-01-08;71-TULA.ru;
2024-01-08;72PARITET.ru;
2024-01-08;777-REMONT.ru;
2024-01-08;7NIKOV.ru;
2024-01-08;7VETROV-SOCHI.ru;
2024-01-08;8-SHAMAN.ru;
2024-01-08;8963.ru;
2024-01-08;910STUDIO.ru;
2024-01-08;9110119011.ru;
2024-01-08;9263501214.ru;
2024-01-08;9290444343.ru;
2024-01-08;999HUDI.ru;
2024-01-08;AA001.ru;
2024-01-08;AALEEV.ru;
2024-01-08;AANOSHINA.ru;
2024-01-08;ABAT-RUSSIA.ru;
2024-01-08;ABCKITCHXENNYC.ru;
2024-01-08;ABDARTUR.ru;
2024-01-08;ABEZUMOV.ru;
2024-01-08;ABIMEX.ru;
2024-01-08;ABUSHINA.ru;
2024-01-08;ABYSS-MAIN.ru;
2024-01-08;AC-TULA-SALON.ru;
2024-01-08;ACADEMICARCH.ru;
2024-01-08;ACCPAYSED.ru;
2024-01-08;ACCSESSUAR.ru;
2024-01-08;ACONCAGUA24.ru;
2024-01-08;ACONCAGUAEXPERT.ru;
2024-01-08;ADAIKIN.ru;
2024-01-08;ADJI-FASHION.ru;
2024-01-08;ADLENALINE.ru;
2024-01-08;ADM-CLEANING.ru;
2024-01-08;ADMINOCHKA.ru;
2024-01-08;ADRINA8.ru;
2024-01-08;ADVBORODINSKY.ru;
2024-01-08;ADVENTUREAGENCYGAME.ru;
2024-01-08;ADVOKAT-9911.ru;
2024-01-08;ADVOKATPERFILEV.ru;
2024-01-08;AFANASEV-MOSCOW.ru;
2024-01-08;AFEARDER.ru;
2024-01-08;AFINSURANCE.ru;
2024-01-08;AG-SOLUTIONS.ru;
2024-01-08;AGNIRAM.ru;
2024-01-08;AGROBIONA.ru;
2024-01-08;AGROPRICES.ru;
2024-01-08;AHMEDOVA-TOP.ru;
2024-01-08;AI-MARKET24.ru;
2024-01-08;AI-SPORTS.ru;
2024-01-08;AIDARU.ru;
2024-01-08;AIDAYS.ru;
2024-01-08;AIKOZHIN.ru;
2024-01-08;AILJUHIN.ru;
2024-01-08;AIMIDO.ru;
2024-01-08;AIMLM.ru;
2024-01-08;AINSELIT.ru;
2024-01-08;AIRINGER.ru;
2024-01-08;AITOM9.ru;
2024-01-08;AKHODAK.ru;
2024-01-08;AKLENOV.ru;
2024-01-08;AKSITE.ru;
2024-01-08;AKU0620.ru;
2024-01-08;AKVASISTEMS.ru;
2024-01-08;AL-LAND.ru;
2024-01-08;ALBION-OVERLAY.ru;
2024-01-08;ALCURATOVA.ru;
2024-01-08;ALEGRI-FINANCE.ru;
2024-01-08;ALEKSANDROVAVERONICA.ru;
2024-01-08;ALEKSGON.ru;
2024-01-08;ALEXANDER-GONCHAROV.ru;
2024-01-08;ALEXCROSSSMILE.ru;
2024-01-08;ALEXEYKUPTSOV.ru;
2024-01-08;ALEXGFGM.ru;
2024-01-08;ALFAMERCH.ru;
2024-01-08;ALGODEN.ru;
2024-01-08;ALICESWANSON.ru;
2024-01-08;ALIGHI.ru;
2024-01-08;ALINAILUSHENKO.ru;
2024-01-08;ALISIYA-SP.ru;
2024-01-08;ALIVEC999.ru;
2024-01-08;ALJAPIN.ru;
2024-01-08;ALLAATOMS.ru;
2024-01-08;ALMAZSTRONG.ru;
2024-01-08;ALMIRDO.ru;
2024-01-08;ALP-MOS.ru;
2024-01-08;ALT-ARENDA.ru;
2024-01-08;ALT-CREDIT.ru;
2024-01-08;ALTERNACO.ru;
2024-01-08;ALYBIN.ru;
2024-01-08;AM9L9.ru;
2024-01-08;AMBURG.ru;
2024-01-08;AMELIYA-TIDVI.ru;
2024-01-08;AMELXEN.ru;
2024-01-08;AMENPROJECT.ru;
2024-01-08;AMOSKOW.ru;
2024-01-08;AMPEKLOL.ru;
2024-01-08;ANDREEVANAT93.ru;
2024-01-08;ANDREIADAMOFF.ru;
2024-01-08;ANDREJSTEPANOV.ru;
2024-01-08;ANGELINAZZHDANOVA.ru;
2024-01-08;ANIMEMASTER.ru;
2024-01-08;ANIMESTOCK.ru;
2024-01-08;ANKA-TOP.ru;
2024-01-08;ANKETA-ONLINE24.ru;
2024-01-08;ANNA-VICTOR-85.ru;
2024-01-08;ANNABIZNES.ru;
2024-01-08;ANNAVACHEDINA.ru;
2024-01-08;ANNET-MAKHANEVA.ru;
2024-01-08;ANONIMNYJ-CHAT.ru;
2024-01-08;ANOTHERTRAVELGUIDE.ru;
2024-01-08;ANRE-88.ru;
2024-01-08;ANTI-COACHING.ru;
2024-01-08;ANTOHA99.ru;
2024-01-08;ANTON121192.ru;
2024-01-08;ANTONDRONYAEV.ru;
2024-01-08;ANTONSTESHENKO.ru;
2024-01-08;ANYLIRYI-DOLG24.ru;
2024-01-08;ANYPEN.ru;
2024-01-08;APART-DESIGN.ru;
2024-01-08;APARTMENTS-KAZAN.ru;
2024-01-08;APELSEAN29.ru;
2024-01-08;APODKORYTOV.ru;
2024-01-08;APODLESNYH.ru;
2024-01-08;APURTOVA.ru;
2024-01-08;AQUA-ENGINEERING.ru;
2024-01-08;AQUADOCTORCENTR.ru;
2024-01-08;AQUAMINES.ru;
2024-01-08;ARARATEXPERT.ru;
2024-01-08;ARCHIFLOW.ru;
2024-01-08;AREA-RP.ru;
2024-01-08;ARENDOK.ru;
2024-01-08;ARGANMIDASRU.ru;
2024-01-08;ARK-STROI.ru;
2024-01-08;ARMAVAC.ru;
2024-01-08;ARMDES.ru;
2024-01-08;ARSLANKERIMOV.ru;
2024-01-08;ART-GG.ru;
2024-01-08;ARTANDPROMPT.ru;
2024-01-08;ARTEDEGRASS.ru;
2024-01-08;ARTEMKZNTSV.ru;
2024-01-08;ARTFAZAN.ru;
2024-01-08;ARTKALASH.ru;
2024-01-08;ARTKGZ.ru;
2024-01-08;ARTREPORT.ru;
2024-01-08;ARTWALLTER.ru;
2024-01-08;ARZONONLINE.ru;
2024-01-08;ASHLEENKOV.ru;
2024-01-08;ASKELO.ru;
2024-01-08;ASP-DEV-OPS.ru;
2024-01-08;ASP-DEVOPS.ru;
2024-01-08;ASTRO-XENIA.ru;
2024-01-08;ATAN33.ru;
2024-01-08;AUDIOKNIGA-BESPLATNO.ru;
2024-01-08;AURATER.ru;
2024-01-08;AURO-OCAGO.ru;
2024-01-08;AURORIS.ru;
2024-01-08;AUTISTICIMPACT.ru;
2024-01-08;AUTOFLOTBUS.ru;
2024-01-08;AUTOMIXX.ru;
2024-01-08;AUTOMOCHINA.ru;
2024-01-08;AUTOSHKOLA1.ru;
2024-01-08;AV-NOTES.ru;
2024-01-08;AVALONIAUI.ru;
2024-01-08;AVANGARD-RP.ru;
2024-01-08;AVRORABAND.ru;
2024-01-08;AVSCHUKIN.ru;
2024-01-08;AVTOCK.ru;
2024-01-08;AVTOSHKOLAOTSH.ru;
2024-01-08;AXDTL.ru;
2024-01-08;AXONENODE.ru;
2024-01-08;AYDOKAS.ru;
2024-01-08;AYNA05.ru;
2024-01-08;AZARENKO-TRAF.ru;
2024-01-08;AZIAUTO.ru;
2024-01-08;AZINO777-7AGAIN.ru;
2024-01-08;AZINO777-7AND.ru;
2024-01-08;AZINO777-7BIG.ru;
2024-01-08;AZINO777-7BUILD.ru;
2024-01-08;AZINO777-7BUT.ru;
2024-01-08;AZINO777-7BY.ru;
2024-01-08;AZINO777-7FOR.ru;
2024-01-08;AZINO777-7FROM.ru;
2024-01-08;AZINO777-7HAD.ru;
2024-01-08;AZINO777-7HAVE.ru;
2024-01-08;AZINO777-7HOME.ru;
2024-01-08;AZINO777-7HOUSE.ru;
2024-01-08;AZINO777-7HOW.ru;
2024-01-08;AZINO777-7I.ru;
2024-01-08;AZINO777-7IF.ru;
2024-01-08;AZINO777-7IS.ru;
2024-01-08;AZINO777-7KIND.ru;
2024-01-08;AZINO777-7MOTHER.ru;
2024-01-08;AZINO777-7NEAR.ru;
2024-01-08;AZINO777-7NEED.ru;
2024-01-08;AZINO777-7OR.ru;
2024-01-08;AZINO777-7OTHER.ru;
2024-01-08;AZINO777-7PICTURE.ru;
2024-01-08;AZINO777-7POINT.ru;
2024-01-08;AZINO777-7PUT.ru;
2024-01-08;AZINO777-7READ.ru;
2024-01-08;AZINO777-7SUCH.ru;
2024-01-08;AZINO777-7THREE.ru;
2024-01-08;AZINO777-7US.ru;
2024-01-08;AZINO777-7WAS.ru;
2024-01-08;AZINO777-7WE.ru;
2024-01-08;AZINO777-7WELL.ru;
2024-01-08;AZINO777-7WENT.ru;
2024-01-08;AZINO777-7WERE.ru;
2024-01-08;AZINO777-7WHAT.ru;
2024-01-08;AZINO777-7WILL.ru;
2024-01-08;AZINO777-7WITH.ru;
2024-01-08;AZINO777-7WORD.ru;
2024-01-08;AZINO777-7WORLD.ru;
2024-01-08;AZINO777-7YOU.ru;
2024-01-08;AZINO777-AM.ru;
2024-01-08;AZINO777-DOWNLOAD.ru;
2024-01-08;AZINO777-MD.ru;
2024-01-08;AZINO777-XGIV.ru;
2024-01-08;BABKIUKOTA.ru;
2024-01-08;BACKROOMS-LIMINALITY.ru;
2024-01-08;BAGELCORNER.ru;
2024-01-08;BAIHAIRULLIN.ru;
2024-01-08;BALABOLOFF.ru;
2024-01-08;BALLADER.ru;
2024-01-08;BALLLET.ru;
2024-01-08;BANERSVE.ru;
2024-01-08;BANIHYGGEMSK44.ru;
2024-01-08;BANIHYGGESPB53.ru;
2024-01-08;BANIKA-BANI69.ru;
2024-01-08;BANIKA-BANI70.ru;
2024-01-08;BANIKA-BANI71.ru;
2024-01-08;BANIKA-BANI72.ru;
2024-01-08;BANKETNAARTEMA31.ru;
2024-01-08;BANKROT-V-OMSKE.ru;
2024-01-08;BARINPRIEHAL.ru;
2024-01-08;BASE1981.ru;
2024-01-08;BASEBOYS.ru;
2024-01-08;BASSTMK.ru;
2024-01-08;BATRAT.ru;
2024-01-08;BAYCEL77.ru;
2024-01-08;BAZA-METIZOV.ru;
2024-01-08;BAZAVULKAN.ru;
2024-01-08;BBORIS.ru;
2024-01-08;BDARTS.ru;
2024-01-08;BEIJINGMOTORS.ru;
2024-01-08;BELEBEY-TEATR.ru;
2024-01-08;BELOUSOVA-DESIGN.ru;
2024-01-08;BELSOB.ru;
2024-01-08;BELYIAV.ru;
2024-01-08;BELYJJLOTOS.ru;
2024-01-08;BERGAT.ru;
2024-01-08;BERIOSSS.ru;
2024-01-08;BERYACRAFT.ru;
2024-01-08;BEST-COMPUTER.ru;
2024-01-08;BESTBEAUTYBOX.ru;
2024-01-08;BETSTARSRU5.ru;
2024-01-08;BETWINNER-BET-OF.ru;
2024-01-08;BEYAZBKE.ru;
2024-01-08;BFSHI.ru;
2024-01-08;BI22E1.ru;
2024-01-08;BIBLIOTEKA-RIELTORA.ru;
2024-01-08;BIBLLIOTEKA-REALTORA.ru;
2024-01-08;BIGFOOT-TOUR-MSK.ru;
2024-01-08;BIGGARIK.ru;
2024-01-08;BIGGREENEG.ru;
2024-01-08;BIGSTINKYCHOD.ru;
2024-01-08;BIKLOGISTIK.ru;
2024-01-08;BINARUM.ru;
2024-01-08;BINGO777.ru;
2024-01-08;BIO-NUTRITION.ru;
2024-01-08;BIOACTIVE-BIOLIFT.ru;
2024-01-08;BIRDFEEDERS.ru;
2024-01-08;BITBYTER.ru;
2024-01-08;BITSISTEMA.ru;
2024-01-08;BITSTROY-PRO.ru;
2024-01-08;BIZMEN-RUS.ru;
2024-01-08;BKABAK.ru;
2024-01-08;BLACK-SCUM.ru;
2024-01-08;BLEAKET.ru;
2024-01-08;BLEKER24.ru;
2024-01-08;BLIK-CRYPTO.ru;
2024-01-08;BLOCKTOPIAMODS.ru;
2024-01-08;BLOG27.ru;
2024-01-08;BLOG27RU.ru;
2024-01-08;BLOOP3R.ru;
2024-01-08;BLUEVIKA.ru;
2024-01-08;BMEDOVIK.ru;
2024-01-08;BOBFOX.ru;
2024-01-08;BODRIK.ru;
2024-01-08;BOEVOD.ru;
2024-01-08;BOGATYRYAITRIPUPZEMLI.ru;
2024-01-08;BOJARKINA-7.ru;
2024-01-08;BOLDAR.ru;
2024-01-08;BOLLYWOODCASINOBONUS.ru;
2024-01-08;BONUS-ZA.ru;
2024-01-08;BONUSBESDEP2.ru;
2024-01-08;BOO7T.ru;
2024-01-08;BOOKNOVEL.ru;
2024-01-08;BOOSSLIKE.ru;
2024-01-08;BOOZERBAR.ru;
2024-01-08;BOOZERBARSHOP.ru;
2024-01-08;BOROVIKVV.ru;
2024-01-08;BOTPR.ru;
2024-01-08;BOXINGTRAINER.ru;
2024-01-08;BR45SIC.ru;
2024-01-08;BRANDINGAWARDS.ru;
2024-01-08;BRANDLAKE.ru;
2024-01-08;BRANDPACKAGE24.ru;
2024-01-08;BRANDSKILL.ru;
2024-01-08;BREMENSKIE-MUZYKANTY2024.ru;
2024-01-08;BREMENSKIMUZIKANT-2024.ru;
2024-01-08;BREMENSKIMUZIKANT2024.ru;
2024-01-08;BREMENSKIMUZIKANTU.ru;
2024-01-08;BRIANSKY.ru;
2024-01-08;BRILLIANT-LOOK.ru;
2024-01-08;BRIZALIKS.ru;
2024-01-08;BRYANSK-POTOLOK.ru;
2024-01-08;BSU-VTI.ru;
2024-01-08;BUDEI.ru;
2024-01-08;BUDUSHHEE.ru;
2024-01-08;BUILDERS-PORTAL.ru;
2024-01-08;BUKETGOLOS.ru;
2024-01-08;BULGAKOVA-PRO.ru;
2024-01-08;BULLDOGBAR.ru;
2024-01-08;BULLZAIM.ru;
2024-01-08;BURCHUN.ru;
2024-01-08;BUSINESSROST2024.ru;
2024-01-08;BUTON38.ru;
2024-01-08;BUYCRYPT.ru;
2024-01-08;BYKOVTON.ru;
2024-01-08;BYTEFLOWNET.ru;
2024-01-08;BYTIFY.ru;
2024-01-08;BYTRENDS.ru;
2024-01-08;C7142Y3.ru;
2024-01-08;CALLIGRAMME-IRIS.ru;
2024-01-08;CANDIESLAB.ru;
2024-01-08;CANDLE1.ru;
2024-01-08;CANDLEPOWERFORUMS.ru;
2024-01-08;CARCAM-REGISTR.ru;
2024-01-08;CARDGAZPROM.ru;
2024-01-08;CARDUCCI-CRIMEA.ru;
2024-01-08;CARGOLOGISTIKA.ru;
2024-01-08;CARPETDAG.ru;
2024-01-08;CARTELSTRIP.ru;
2024-01-08;CASHFLIX.ru;
2024-01-08;CASHKOT.ru;
2024-01-08;CASHWWS.ru;
2024-01-08;CASINO-JET-TON.ru;
2024-01-08;CASINO-JETTON.ru;
2024-01-08;CASINORU6-2023.ru;
2024-01-08;CASINOS120.ru;
2024-01-08;CASINOS194.ru;
2024-01-08;CASINOS226.ru;
2024-01-08;CASINOS250.ru;
2024-01-08;CASINOS337.ru;
2024-01-08;CASINOS395.ru;
2024-01-08;CASINOS400.ru;
2024-01-08;CASINOS403.ru;
2024-01-08;CASINOS589.ru;
2024-01-08;CASINOS590.ru;
2024-01-08;CASINOS599.ru;
2024-01-08;CASINOS655.ru;
2024-01-08;CASINOS687.ru;
2024-01-08;CASINOS754.ru;
2024-01-08;CASINOS791.ru;
2024-01-08;CASINOS814.ru;
2024-01-08;CASINOS869.ru;
2024-01-08;CASINOS875.ru;
2024-01-08;CASINOS876.ru;
2024-01-08;CASINOS914.ru;
2024-01-08;CASINOS924.ru;
2024-01-08;CASINOS959.ru;
2024-01-08;CASKOSAGO.ru;
2024-01-08;CASSA-POOL.ru;
2024-01-08;CAT-CASINO777.ru;
2024-01-08;CAT-CASINOSS.ru;
2024-01-08;CATSUNDAY.ru;
2024-01-08;CENTER-ORLVONOK.ru;
2024-01-08;CENTEREKSPERTIZ.ru;
2024-01-08;CHAIKARESTO.ru;
2024-01-08;CHAMARER.ru;
2024-01-08;CHANGENS.ru;
2024-01-08;CHARM-LADY.ru;
2024-01-08;CHAT01.ru;
2024-01-08;CHAUSOVB.ru;
2024-01-08;CHEB-BSMP-MED-CAP.ru;
2024-01-08;CHEBURASHKA-VYHODNOJ.ru;
2024-01-08;CHEERFULPONYTAIL.ru;
2024-01-08;CHEREPANOV-7.ru;
2024-01-08;CHERKASOVAMED.ru;
2024-01-08;CHESTNOVA-OLGA.ru;
2024-01-08;CHETEXT.ru;
2024-01-08;CHINA-VEST.ru;
2024-01-08;CHINAYANXIN.ru;
2024-01-08;CHIP-GLUSHITEL.ru;
2024-01-08;CHIPGLUSHITEL.ru;
2024-01-08;CHIPYDLYASTANKOV.ru;
2024-01-08;CHIRKLEY.ru;
2024-01-08;CHISTOSAMO.ru;
2024-01-08;CHISTYEPRUDY21.ru;
2024-01-08;CHNCAR.ru;
2024-01-08;CHORDERR.ru;
2024-01-08;CHOVAL.ru;
2024-01-08;CHR1STINE.ru;
2024-01-08;CHUBENKO-7.ru;
2024-01-08;CIFRO-RUBL.ru;
2024-01-08;CITRUS-DRESS.ru;
2024-01-08;CIUND.ru;
2024-01-08;CJOLI.ru;
2024-01-08;CLARUSMED.ru;
2024-01-08;CLASSIC-KASKO.ru;
2024-01-08;CLEANING-GENERAL.ru;
2024-01-08;CLEVER-WOMEN.ru;
2024-01-08;CLINALEROR.ru;
2024-01-08;CLIREL.ru;
2024-01-08;CLOUD-DREAMRUSTTOP.ru;
2024-01-08;CLOUD-GOLDEN-RATIO.ru;
2024-01-08;CLSKUNTSEVO.ru;
2024-01-08;CLUB-FRANCHISE.ru;
2024-01-08;CODELOGIX.ru;
2024-01-08;COFFEEMAN-SHOP.ru;
2024-01-08;COFFEEMANSHOP.ru;
2024-01-08;COLD-DRAGON.ru;
2024-01-08;COLONIALTEA.ru;
2024-01-08;COLORCUP.ru;
2024-01-08;COMENERSTROY.ru;
2024-01-08;COMICS-FILM.ru;
2024-01-08;COMMUNICADA.ru;
2024-01-08;COMMUNITY-HUB.ru;
2024-01-08;COMMUNITYX.ru;
2024-01-08;CONDITIONING-SERVICES.ru;
2024-01-08;CONTROL-HEALTH.ru;
2024-01-08;COOLPOST.ru;
2024-01-08;COPYWRITING-AI.ru;
2024-01-08;COPYWRITINGAI.ru;
2024-01-08;CRAFTY-TOYS.ru;
2024-01-08;CRAFTYTOYS.ru;
2024-01-08;CRAZECOUPON.ru;
2024-01-08;CRAZY-TIME-GAME.ru;
2024-01-08;CRAZY-TRAVELER.ru;
2024-01-08;CREATIVE-OLGABAR.ru;
2024-01-08;CREDIT-BUDET.ru;
2024-01-08;CREDIT-KEEP.ru;
2024-01-08;CREDIT-LINK.ru;
2024-01-08;CREDIT-RANG.ru;
2024-01-08;CREDITE-ATLATIC.ru;
2024-01-08;CREDITRANG.ru;
2024-01-08;CRESTAWEAR.ru;
2024-01-08;CROSS-AUDIO-JAM.ru;
2024-01-08;CROUDIP.ru;
2024-01-08;CRYPTOBOTPROLLC.ru;
2024-01-08;CRYPTOEXCHANGEHUB.ru;
2024-01-08;CRYPTOTRADINGSYSTEM.ru;
2024-01-08;CTM-ART.ru;
2024-01-08;CURRENTZONE.ru;
2024-01-08;CUSTOMJOY.ru;
2024-01-08;CVETI-FIESTA.ru;
2024-01-08;CVETOCHGORODOK.ru;
2024-01-08;CYBERSECSAFETY.ru;
2024-01-08;CYPEX-MC.ru;
2024-01-08;D-KALASHNIKOV.ru;
2024-01-08;D-SMART39.ru;
2024-01-08;D-TOP.ru;
2024-01-08;D5LWX19.ru;
2024-01-08;DA-FAME.ru;
2024-01-08;DAGETSHEET.ru;
2024-01-08;DALONLINE.ru;
2024-01-08;DALTONIFER.ru;
2024-01-08;DAMAVAND24.ru;
2024-01-08;DAMAVANDEXPERT.ru;
2024-01-08;DANCEMAXSPB.ru;
2024-01-08;DANIELGONSALES.ru;
2024-01-08;DAPAVLENKOV.ru;
2024-01-08;DARIAILN.ru;
2024-01-08;DARYAILN.ru;
2024-01-08;DASHATAFF.ru;
2024-01-08;DASHBOARD-BT.ru;
2024-01-08;DASHENTSIYA.ru;
2024-01-08;DATLAKE.ru;
2024-01-08;DAVIDSHOP.ru;
2024-01-08;DAVINCHI-BOT.ru;
2024-01-08;DAVINSKIH.ru;
2024-01-08;DAYZNEWLIFE.ru;
2024-01-08;DAZEMLYANYH.ru;
2024-01-08;DEARTRUSP.ru;
2024-01-08;DEBET-URALSIB.ru;
2024-01-08;DECKTOPUS.ru;
2024-01-08;DECORESH.ru;
2024-01-08;DEEPLINK1.ru;
2024-01-08;DEFININJA.ru;
2024-01-08;DEIRI-DESIGN.ru;
2024-01-08;DELICIOUS-NUTRITIOUS.ru;
2024-01-08;DELIVERY-4127.ru;
2024-01-08;DELIVERY-4128.ru;
2024-01-08;DELIVERY-4167.ru;
2024-01-08;DELIVERY219.ru;
2024-01-08;DELPHI-TRUCK.ru;
2024-01-08;DELUXANAPA.ru;
2024-01-08;DELUXEDUBAI.ru;
2024-01-08;DEM4ENKO99.ru;
2024-01-08;DENILAY.ru;
2024-01-08;DENIS-KATRICHENKO.ru;
2024-01-08;DENISOVMARKETING.ru;
2024-01-08;DENSTVER.ru;
2024-01-08;DERSEMIRI.ru;
2024-01-08;DESIGN-MODELS.ru;
2024-01-08;DESIGNELECTRIC.ru;
2024-01-08;DESIPROFI.ru;
2024-01-08;DEST-PE.ru;
2024-01-08;DEV-INSTALL.ru;
2024-01-08;DEV-MIPS.ru;
2024-01-08;DEV-MOD.ru;
2024-01-08;DEZCLEAN-96.ru;
2024-01-08;DFM-ABAKAN.ru;
2024-01-08;DFM-AUTOGRAD.ru;
2024-01-08;DGENTLMEN.ru;
2024-01-08;DGRINBERG.ru;
2024-01-08;DHARISOV.ru;
2024-01-08;DIANAMARTSEVA.ru;
2024-01-08;DIETPLANAI.ru;
2024-01-08;DIKII-BARBERSHOP.ru;
2024-01-08;DILEMMASERVIS.ru;
2024-01-08;DIMKAMA.ru;
2024-01-08;DINAMOCHEL.ru;
2024-01-08;DINARA-RYSKULOVA.ru;
2024-01-08;DINGLER.ru;
2024-01-08;DIRECTOR-IP.ru;
2024-01-08;DIUSHAZ.ru;
2024-01-08;DIVINEARMY.ru;
2024-01-08;DIZAYNDEREVO.ru;
2024-01-08;DJANGO-TRAINING.ru;
2024-01-08;DK-TODAY.ru;
2024-01-08;DKOZAEVA.ru;
2024-01-08;DKRUZHAEV.ru;
2024-01-08;DKUTEPOV.ru;
2024-01-08;DLICAN.ru;
2024-01-08;DMELNICHUK.ru;
2024-01-08;DMITRIEVICH2004.ru;
2024-01-08;DMITROVBAD.ru;
2024-01-08;DOCRAEV.ru;
2024-01-08;DOGCAM.ru;
2024-01-08;DOGSISTEMCRM.ru;
2024-01-08;DOKUCHAEVA-7.ru;
2024-01-08;DOLG2024.ru;
2024-01-08;DOLG24-NET.ru;
2024-01-08;DOLGA24-TYT-NET.ru;
2024-01-08;DOLGOBRO.ru;
2024-01-08;DOLPHINBONUS.ru;
2024-01-08;DOMAIN-EMAIL.ru;
2024-01-08;DOMAIN-NOT-FOUND.ru;
2024-01-08;DOMASHNYAYA-SHAURMA.ru;
2024-01-08;DOME-RF.ru;
2024-01-08;DOMEN-POCHTA.ru;
2024-01-08;DOMURASHEK-INVITE.ru;
2024-01-08;DON-FORTNITE.ru;
2024-01-08;DONETSK-DVERI.ru;
2024-01-08;DONETSKDVERI.ru;
2024-01-08;DONVIVE.ru;
2024-01-08;DOOM4ACE.ru;
2024-01-08;DOOMFACE.ru;
2024-01-08;DOOMSDAYRUST.ru;
2024-01-08;DOPESTCONTENTMEDIA.ru;
2024-01-08;DOROMILE.ru;
2024-01-08;DOSAAFVOLKHOV.ru;
2024-01-08;DOSTAVKA-3245.ru;
2024-01-08;DOSTAVKA-3246.ru;
2024-01-08;DOSTAVKAKURIER.ru;
2024-01-08;DOTAWEB.ru;
2024-01-08;DOZPZAIM.ru;
2024-01-08;DPOSKRJAKOV.ru;
2024-01-08;DR-ELENABOCHKAREVA.ru;
2024-01-08;DR-FOX.ru;
2024-01-08;DR-FOXY.ru;
2024-01-08;DRAMIXRUSSIA.ru;
2024-01-08;DREAMBAG-NKL.ru;
2024-01-08;DRINKANDSING.ru;
2024-01-08;DRIVE-YANDEX.ru;
2024-01-08;DRIVEMOTO16.ru;
2024-01-08;DRKISIEV.ru;
2024-01-08;DRLEVTER.ru;
2024-01-08;DRM-TUNING.ru;
2024-01-08;DRONZHIN.ru;
2024-01-08;DROPCARDZ.ru;
2024-01-08;DRUSREM.ru;
2024-01-08;DS-AUTO-PRAVO.ru;
2024-01-08;DSEMINARI.ru;
2024-01-08;DSKURATOV.ru;
2024-01-08;DSLINII.ru;
2024-01-08;DSS-RZD.ru;
2024-01-08;DSTEBLECOV.ru;
2024-01-08;DTROONN.ru;
2024-01-08;DU-PORTAL.ru;
2024-01-08;DUDUDE-BIT.ru;
2024-01-08;DUPORTAL.ru;
2024-01-08;DVERIDONETSK.ru;
2024-01-08;DWDASH.ru;
2024-01-08;DYSLEXFONT.ru;
2024-01-08;DZHABRAILOV-1.ru;
2024-01-08;DZHITSY.ru;
2024-01-08;E-07-01-23.ru;
2024-01-08;EASY68.ru;
2024-01-08;EATMESTUDIO.ru;
2024-01-08;EAVORONINA68.ru;
2024-01-08;EAZYYZ.ru;
2024-01-08;EBOGOMOLOV.ru;
2024-01-08;ECATERINACHEREPANOVA.ru;
2024-01-08;ECLD.ru;
2024-01-08;ECO-LINK.ru;
2024-01-08;ECOVATA-WOOLPRO.ru;
2024-01-08;EDEMA-KOTEL.ru;
2024-01-08;EDERKACH.ru;
2024-01-08;EDU-V-KISLOVODSK.ru;
2024-01-08;EDYARD93.ru;
2024-01-08;EF-1.ru;
2024-01-08;EINESHER.ru;
2024-01-08;EINKAUF.ru;
2024-01-08;EKOMBAROVA.ru;
2024-01-08;EKTOROPYGINA.ru;
2024-01-08;ELBIK.ru;
2024-01-08;ELBRUS-KSUSHAKOTLYAR.ru;
2024-01-08;ELECTRA-STYLE.ru;
2024-01-08;ELECTRONPLAZA.ru;
2024-01-08;ELEKTRIKUFA02.ru;
2024-01-08;ELEKTROCHAINIK.ru;
2024-01-08;ELENADOLLS.ru;
2024-01-08;ELHIT.ru;
2024-01-08;ELITTA-LUNEGOVA.ru;
2024-01-08;ELKI10-LORDFILM.ru;
2024-01-08;ELLINAVA.ru;
2024-01-08;ELNAFO.ru;
2024-01-08;ELTECH-EMERALD.ru;
2024-01-08;EMAIL-FOR-DOMAIN.ru;
2024-01-08;EMAIL-SOCIALHUB.ru;
2024-01-08;EMENU24.ru;
2024-01-08;EMILLIONOV.ru;
2024-01-08;EMIN-I-NILUFER.ru;
2024-01-08;EMIRATES-AUTO.ru;
2024-01-08;EMOJI-POISK.ru;
2024-01-08;EMUKASHEV.ru;
2024-01-08;EN2ELECTRIC.ru;
2024-01-08;EN2YOU.ru;
2024-01-08;ENDO-ACTIVATOR.ru;
2024-01-08;ENDOACTIVATOR.ru;
2024-01-08;ENERGY-SPINE.ru;
2024-01-08;ENERPROEKT.ru;
2024-01-08;ENGTRAINER.ru;
2024-01-08;ENIXRISE.ru;
2024-01-08;ENTECHGROUP-CHILLERS.ru;
2024-01-08;EPILUNIVERSE.ru;
2024-01-08;ER-MENKO.ru;
2024-01-08;EREMNIKAER.ru;
2024-01-08;ERTUGRULPAMUK.ru;
2024-01-08;ESCORTDATING.ru;
2024-01-08;ESHIRINOV.ru;
2024-01-08;ESPANALIVE.ru;
2024-01-08;ESSAY-AI.ru;
2024-01-08;ESSAYAI.ru;
2024-01-08;ETK22.ru;
2024-01-08;EUPOST4.ru;
2024-01-08;EURODENT12.ru;
2024-01-08;EUROSPORT-1.ru;
2024-01-08;EVA-KOVRIKI-TROKOT.ru;
2024-01-08;EVA-SLWOANME.ru;
2024-01-08;EVAKUATOR-NEDOROGO-AUTOHELP.ru;
2024-01-08;EVAKUATORS-AUTOHELP.ru;
2024-01-08;EVASPACE.ru;
2024-01-08;EVENTS-PAL.ru;
2024-01-08;EVERMES.ru;
2024-01-08;EVGENIADAR.ru;
2024-01-08;EVGENIJAORLOVA.ru;
2024-01-08;EVILLYR.ru;
2024-01-08;EVILTW.ru;
2024-01-08;EVOKUATOR-NSK.ru;
2024-01-08;EVOLTONE.ru;
2024-01-08;EVTPHOTO.ru;
2024-01-08;EXAMINE-SOME-ASSAY.ru;
2024-01-08;EXAMINE-SOME-COOKIES.ru;
2024-01-08;EXAMINE-SOME-EXPERIENCE.ru;
2024-01-08;EXAMINE-SOME-SMARTLINK.ru;
2024-01-08;EXCFAMQ.ru;
2024-01-08;EXEEDBLOG.ru;
2024-01-08;EXKAVATOROV.ru;
2024-01-08;EXOFILLERS.ru;
2024-01-08;EXTASYSTUDIO.ru;
2024-01-08;EZ-STOCK.ru;
2024-01-08;EZERSKI.ru;
2024-01-08;EZHIZHILEVA.ru;
2024-01-08;F-AR.ru;
2024-01-08;F-PROFI.ru;
2024-01-08;F0RBES.ru;
2024-01-08;FABERLICVIP.ru;
2024-01-08;FACE-ESTHETICS.ru;
2024-01-08;FACEESTETICS.ru;
2024-01-08;FACEITVERIFY.ru;
2024-01-08;FACTOR-TECH.ru;
2024-01-08;FACTORTECH.ru;
2024-01-08;FAMI455.ru;
2024-01-08;FANDAK.ru;
2024-01-08;FANS-LY.ru;
2024-01-08;FARM-K.ru;
2024-01-08;FB-DV.ru;
2024-01-08;FEDYANPSYAN.ru;
2024-01-08;FEEL-DREAM.ru;
2024-01-08;FEELDREAM.ru;
2024-01-08;FEELDREAMS.ru;
2024-01-08;FEELLIAN.ru;
2024-01-08;FEWTEROR.ru;
2024-01-08;FIBRA-SPB.ru;
2024-01-08;FIKETIME.ru;
2024-01-08;FILM-ABOUT.ru;
2024-01-08;FILMTOR.ru;
2024-01-08;FIN-GARDEN.ru;
2024-01-08;FINANSE-ONLINE.ru;
2024-01-08;FINANSOVIY-SOYUZNIK.ru;
2024-01-08;FIREGATTI.ru;
2024-01-08;FIRELEATHER.ru;
2024-01-08;FIRENDSCRAFT.ru;
2024-01-08;FIREPLAYCS.ru;
2024-01-08;FIRMOPEN.ru;
2024-01-08;FIRSTXMAIL.ru;
2024-01-08;FISHIN-GOOD.ru;
2024-01-08;FITIR90.ru;
2024-01-08;FITOBOCHKA22.ru;
2024-01-08;FITTOURSPB.ru;
2024-01-08;FL-LG.ru;
2024-01-08;FLBK.ru;
2024-01-08;FLIBUSTA-FB2.ru;
2024-01-08;FLUSSONIC-BILLING.ru;
2024-01-08;FMKRASYAR.ru;
2024-01-08;FOFL.ru;
2024-01-08;FOKANOVA.ru;
2024-01-08;FORCE-RP.ru;
2024-01-08;FORCECRMP.ru;
2024-01-08;FORCERP.ru;
2024-01-08;FORCESAVE343412.ru;
2024-01-08;FORESTDI.ru;
2024-01-08;FORMULA-ANIMAL.ru;
2024-01-08;FORMULA-OPT.ru;
2024-01-08;FORTEPAY.ru;
2024-01-08;FORUMPAYMENT.ru;
2024-01-08;FOTONIO.ru;
2024-01-08;FOTOZAKAZ34.ru;
2024-01-08;FOU3103.ru;
2024-01-08;FPLAHOV.ru;
2024-01-08;FREEDOMCREDIT.ru;
2024-01-08;FRENDSHOP.ru;
2024-01-08;FRIDAANAPA.ru;
2024-01-08;FRIENDS-CASINO106.ru;
2024-01-08;FRONTOURS.ru;
2024-01-08;FROSTWIX.ru;
2024-01-08;FULFILLMENTRF.ru;
2024-01-08;FUMO-STORE.ru;
2024-01-08;FUSO-EUROAZIA.ru;
2024-01-08;FUSSERER.ru;
2024-01-08;GALAKTIK-STUDIO.ru;
2024-01-08;GALINANAUMOVANL.ru;
2024-01-08;GALINAPSYHELP.ru;
2024-01-08;GAME-AVIATOR2.ru;
2024-01-08;GAME-AVIATRIX.ru;
2024-01-08;GARANTIA-REMONTA.ru;
2024-01-08;GARILLAPRODUCTION.ru;
2024-01-08;GARIPOV-PRO.ru;
2024-01-08;GARTSYNOV.ru;
2024-01-08;GAVRILKO.ru;
2024-01-08;GBATTALOVA.ru;
2024-01-08;GDEETO.ru;
2024-01-08;GELOTK.ru;
2024-01-08;GELOTOY.ru;
2024-01-08;GELOTOYS.ru;
2024-01-08;GENERAI.ru;
2024-01-08;GENNADIYIGLIN.ru;
2024-01-08;GENRYONLINE.ru;
2024-01-08;GEORGEBEST.ru;
2024-01-08;GEOSUPCON.ru;
2024-01-08;GERA360.ru;
2024-01-08;GERBELFILM.ru;
2024-01-08;GERVALD.ru;
2024-01-08;GETFORESIGHT.ru;
2024-01-08;GETSPINS.ru;
2024-01-08;GG-ART.ru;
2024-01-08;GGKASSA.ru;
2024-01-08;GHFGHFG.ru;
2024-01-08;GIBADULLIN-1.ru;
2024-01-08;GIFTPOST.ru;
2024-01-08;GIGITO.ru;
2024-01-08;GIPNOZ-REGRESSIVNYJ.ru;
2024-01-08;GIRAFFFFES.ru;
2024-01-08;GIRAFPROD.ru;
2024-01-08;GIRL-TOUR.ru;
2024-01-08;GIRLSMAGIC.ru;
2024-01-08;GIT-ANORAK.ru;
2024-01-08;GLADYS-AI.ru;
2024-01-08;GLAVBRAND.ru;
2024-01-08;GO9LSOZDAL.ru;
2024-01-08;GOENT.ru;
2024-01-08;GOGULYA.ru;
2024-01-08;GOLDENHOUSE82.ru;
2024-01-08;GOLDFISHKA-239.ru;
2024-01-08;GOLDFISHKA242.ru;
2024-01-08;GOLDMONEY1.ru;
2024-01-08;GOLUBIK1.ru;
2024-01-08;GOMENOK.ru;
2024-01-08;GOODMORN.ru;
2024-01-08;GOODNEWSWEDDING.ru;
2024-01-08;GOOSEIGOROH.ru;
2024-01-08;GORBANOV.ru;
2024-01-08;GOROD-DETYM.ru;
2024-01-08;GORODKOMMUNAR.ru;
2024-01-08;GOS-POCHTA.ru;
2024-01-08;GOTTLIEB3000.ru;
2024-01-08;GOZVKC.ru;
2024-01-08;GPT-SERVICE.ru;
2024-01-08;GPTMAN.ru;
2024-01-08;GR-TEAM.ru;
2024-01-08;GRAAB.ru;
2024-01-08;GRABIMKITAY.ru;
2024-01-08;GRACH-SARKISYAN.ru;
2024-01-08;GRADSTROICOMPANY.ru;
2024-01-08;GRAFVINO.ru;
2024-01-08;GRAND-VEGAS.ru;
2024-01-08;GRANDLOMBARDUFA.ru;
2024-01-08;GRAPHICDESIGN-KURSY.ru;
2024-01-08;GREADBOARD.ru;
2024-01-08;GREAT-WAR.ru;
2024-01-08;GREENNEED.ru;
2024-01-08;GREENOILSERVICE.ru;
2024-01-08;GREYA-BLOG.ru;
2024-01-08;GROM-TOP.ru;
2024-01-08;GSM911-NV.ru;
2024-01-08;GUARSHA.ru;
2024-01-08;GUFIZAYM.ru;
2024-01-08;GURROV.ru;
2024-01-08;GURUBI.ru;
2024-01-08;GUTTAPERCHA.ru;
2024-01-08;GYM-49.ru;
2024-01-08;GZIKA.ru;
2024-01-08;HACTIFY.ru;
2024-01-08;HAIRSTORIES.ru;
2024-01-08;HANDYMANFORHOUR.ru;
2024-01-08;HANWEIRUS.ru;
2024-01-08;HAOZE.ru;
2024-01-08;HAPPYBEAR38.ru;
2024-01-08;HARD-SKILLZ.ru;
2024-01-08;HASLMEBEL.ru;
2024-01-08;HBATUR.ru;
2024-01-08;HEADOFDEV.ru;
2024-01-08;HELLGATE-WARS.ru;
2024-01-08;HELP-O-DOLGAX.ru;
2024-01-08;HELPIPUMREMKAKP24.ru;
2024-01-08;HELPTREE.ru;
2024-01-08;HELPWOOD.ru;
2024-01-08;HEMAH57.ru;
2024-01-08;HGRTEX.ru;
2024-01-08;HIDZHAMACENTRE.ru;
2024-01-08;HIGHEST-MARK.ru;
2024-01-08;HIGHESTMARK.ru;
2024-01-08;HIJAMACENTRE.ru;
2024-01-08;HILESTHE.ru;
2024-01-08;HINDEMITHX.ru;
2024-01-08;HIROMANTNOVIKOV.ru;
2024-01-08;HISARKAHVE.ru;
2024-01-08;HO-LL-O-P-2.ru;
2024-01-08;HO-LL-O-P2.ru;
2024-01-08;HOCHU-MEBEL63.ru;
2024-01-08;HOKEYSHOP.ru;
2024-01-08;HOLD-7248.ru;
2024-01-08;HOLD-7249.ru;
2024-01-08;HOLOP--2.ru;
2024-01-08;HOLOP-2-2.ru;
2024-01-08;HOLOP2-KINOFILM.ru;
2024-01-08;HOLOP2-KINOGO.ru;
2024-01-08;HOLOPA--2.ru;
2024-01-08;HOLOTROPNOEDIHANIE.ru;
2024-01-08;HOLOTROPNOEDYHANIE.ru;
2024-01-08;HOLY-RAP.ru;
2024-01-08;HOMENKO-7.ru;
2024-01-08;HORECAINC.ru;
2024-01-08;HOSTINGBUY.ru;
2024-01-08;HOT-FLOW.ru;
2024-01-08;HOT-GIRLS24.ru;
2024-01-08;HOULWHENDISTANCESEPARATESUS.ru;
2024-01-08;HOUSENEAR.ru;
2024-01-08;HRAMOVW.ru;
2024-01-08;HRAMPEROVO.ru;
2024-01-08;HSING.ru;
2024-01-08;HUDEIZDES.ru;
2024-01-08;HUGG-INGFACE.ru;
2024-01-08;HUNCHUNINFO.ru;
2024-01-08;HUSB-RND.ru;
2024-01-08;HUSB-ROSTOV.ru;
2024-01-08;HUSBAND-RND.ru;
2024-01-08;HUSBAND-ROSTOV.ru;
2024-01-08;HUSBAND-STORE.ru;
2024-01-08;HUSBANDROSTOV.ru;
2024-01-08;HUSBANDSTORE.ru;
2024-01-08;HUSBRND.ru;
2024-01-08;HUSBROSTOV.ru;
2024-01-08;HYPERCRMP.ru;
2024-01-08;I-CHERNYKH.ru;
2024-01-08;I-DISPATCHER.ru;
2024-01-08;I-MARKET24.ru;
2024-01-08;IADKVAT.ru;
2024-01-08;IAM-MIKA.ru;
2024-01-08;IAMANDROID.ru;
2024-01-08;IBIEV.ru;
2024-01-08;ICENETWORK.ru;
2024-01-08;ICENW.ru;
2024-01-08;ICHUEV.ru;
2024-01-08;ID-PAY2146.ru;
2024-01-08;ID-PAY3641.ru;
2024-01-08;ID-PAY7612.ru;
2024-01-08;ID0647.ru;
2024-01-08;ID06470.ru;
2024-01-08;ID13402.ru;
2024-01-08;ID13409.ru;
2024-01-08;ID2131.ru;
2024-01-08;ID2138.ru;
2024-01-08;ID32260.ru;
2024-01-08;ID53402.ru;
2024-01-08;ID58079.ru;
2024-01-08;ID58080.ru;
2024-01-08;ID58081.ru;
2024-01-08;ID58082.ru;
2024-01-08;ID66905.ru;
2024-01-08;ID77964.ru;
2024-01-08;ID88063.ru;
2024-01-08;IDALIM.ru;
2024-01-08;IFLYTEK-RUSSIA.ru;
2024-01-08;IFLYTEK-TRANSLATOR.ru;
2024-01-08;IGRBUTIK.ru;
2024-01-08;IGRUSHKI161OPT.ru;
2024-01-08;IHACCP.ru;
2024-01-08;IIUNIVERSITET.ru;
2024-01-08;IKUSHNEREV.ru;
2024-01-08;ILNURZAKIROV.ru;
2024-01-08;ILUKINA.ru;
2024-01-08;ILYALYAPIN.ru;
2024-01-08;IMAGINESITE.ru;
2024-01-08;IMBSOFT.ru;
2024-01-08;IMEFIT.ru;
2024-01-08;IMENAVSE.ru;
2024-01-08;IMMIGRATION-TO-USA.ru;
2024-01-08;IMMUNOLOGBRUM.ru;
2024-01-08;IMPLANT-TLT.ru;
2024-01-08;IMPORTEAM.ru;
2024-01-08;IMYOT.ru;
2024-01-08;INDOCIN.ru;
2024-01-08;INFO-FILE.ru;
2024-01-08;INFO-PRODUCTION.ru;
2024-01-08;INFO-REKA.ru;
2024-01-08;INFOGRAFINYA.ru;
2024-01-08;INFOREKA.ru;
2024-01-08;INFRACUBE.ru;
2024-01-08;INGCOPLUS.ru;
2024-01-08;INIT-SOFT.ru;
2024-01-08;INJOY-MSK.ru;
2024-01-08;INNATEKA.ru;
2024-01-08;INNER-JOIN.ru;
2024-01-08;INSITED.ru;
2024-01-08;INSTITUT-PSIKHOLOGII.ru;
2024-01-08;INSTRUMENTEX.ru;
2024-01-08;INTECH-DUBNA.ru;
2024-01-08;INTEGROMATON.ru;
2024-01-08;INTERESNOEVREMYA.ru;
2024-01-08;INTERIORDESIGNLIKE.ru;
2024-01-08;INTERNATIONAL-SERVICES.ru;
2024-01-08;INVESTPUBLIC.ru;
2024-01-08;INWN.ru;
2024-01-08;IPKONONOV.ru;
2024-01-08;IPODELKI.ru;
2024-01-08;IPR37.ru;
2024-01-08;IPROBNY.ru;
2024-01-08;IQPROGRESS.ru;
2024-01-08;IRAFOMENKO1980.ru;
2024-01-08;IRCUSTOM.ru;
2024-01-08;IRIKAM.ru;
2024-01-08;IRLYNNAN.ru;
2024-01-08;ISAGALOVA.ru;
2024-01-08;ISAJCHENKO.ru;
2024-01-08;ISANNIKOV.ru;
2024-01-08;ISHOPRU.ru;
2024-01-08;ISIB-LEGO.ru;
2024-01-08;ISNITKO.ru;
2024-01-08;ITASAP.ru;
2024-01-08;ITDENISKA.ru;
2024-01-08;ITFORUMSK.ru;
2024-01-08;ITPASH.ru;
2024-01-08;IV-MEDICINE.ru;
2024-01-08;IVA-TEX.ru;
2024-01-08;IVAN-3D.ru;
2024-01-08;IVAN151977RUS.ru;
2024-01-08;IVANNESTERENKO.ru;
2024-01-08;IVANOVICH-1.ru;
2024-01-08;IVANRUSINOV.ru;
2024-01-08;IVANSUS.ru;
2024-01-08;IVOTRUST.ru;
2024-01-08;IWANTAREPORT.ru;
2024-01-08;IZHMAX.ru;
2024-01-08;IZS31.ru;
2024-01-08;IZUMITEL.ru;
2024-01-08;JA-RA.ru;
2024-01-08;JADYB.ru;
2024-01-08;JAHIRCLEANER.ru;
2024-01-08;JAMEXTECH.ru;
2024-01-08;JANUARY-MADNESS.ru;
2024-01-08;JAPANY.ru;
2024-01-08;JEESTREAM.ru;
2024-01-08;JENYABUDDA.ru;
2024-01-08;JERKMATE-CHAT.ru;
2024-01-08;JERKMATE-ONLINE.ru;
2024-01-08;JERKMATE-PORN.ru;
2024-01-08;JERKMATE-SEX.ru;
2024-01-08;JET-TON.ru;
2024-01-08;JK-KUINDZHI.ru;
2024-01-08;JK-STRUNY.ru;
2024-01-08;JK-TATE.ru;
2024-01-08;JOVBAK.ru;
2024-01-08;JP-NEWS.ru;
2024-01-08;JS88.ru;
2024-01-08;JUJULABEL.ru;
2024-01-08;JVKARASEVA.ru;
2024-01-08;KADASTRAL.ru;
2024-01-08;KALYPINA.ru;
2024-01-08;KAMLAK.ru;
2024-01-08;KARGO959.ru;
2024-01-08;KARTAHKA-ONLINE.ru;
2024-01-08;KARTOHKA-ONLINE.ru;
2024-01-08;KASTENVAGEN.ru;
2024-01-08;KAT7.ru;
2024-01-08;KATAND.ru;
2024-01-08;KATINO.ru;
2024-01-08;KATOKARENAPLAY.ru;
2024-01-08;KATZDESIGN-REMONT.ru;
2024-01-08;KAZBEK24.ru;
2024-01-08;KAZBEKEXPERT.ru;
2024-01-08;KAZBEKU.ru;
2024-01-08;KBURKOV.ru;
2024-01-08;KCATTANA.ru;
2024-01-08;KDELEKTROYANDEX.ru;
2024-01-08;KEILOS.ru;
2024-01-08;KENGURU-BOXER.ru;
2024-01-08;KENTUCKY-PROJECT.ru;
2024-01-08;KEPLER-DEVELOPER.ru;
2024-01-08;KETDESSERT.ru;
2024-01-08;KHAMMATOV711.ru;
2024-01-08;KHARINMAKS.ru;
2024-01-08;KILIMANJARO24.ru;
2024-01-08;KILIMANJAROEXPERT.ru;
2024-01-08;KILLPOVERTY.ru;
2024-01-08;KING-CRAFT.ru;
2024-01-08;KINO-POOL.ru;
2024-01-08;KIPKZN.ru;
2024-01-08;KIRILLCLASH.ru;
2024-01-08;KIROV-LADYSTRETCH.ru;
2024-01-08;KIRTOMOL.ru;
2024-01-08;KIRVVIK.ru;
2024-01-08;KIURASH.ru;
2024-01-08;KKAMZINA.ru;
2024-01-08;KLASSNOZALILREG51.ru;
2024-01-08;KLEEKLEE.ru;
2024-01-08;KLEEXAM.ru;
2024-01-08;KLIMOVICHGI.ru;
2024-01-08;KLISHINEVGENII-1.ru;
2024-01-08;KLYUCHEREVAPHOTO.ru;
2024-01-08;KNYAZNIKOLAI.ru;
2024-01-08;KNYAZSERGEI.ru;
2024-01-08;KNYAZVALERIY.ru;
2024-01-08;KNYAZVIKTOR.ru;
2024-01-08;KOCHNEVS.ru;
2024-01-08;KOCHUBINSKY.ru;
2024-01-08;KOLOBOVA-PSY.ru;
2024-01-08;KOLOS-TORG.ru;
2024-01-08;KOMA76.ru;
2024-01-08;KOMAROVASITES.ru;
2024-01-08;KOMAROVSV.ru;
2024-01-08;KONETEKA.ru;
2024-01-08;KOROLEVA117.ru;
2024-01-08;KORSHUN-KONDITER.ru;
2024-01-08;KOS-7.ru;
2024-01-08;KOSMOELKA.ru;
2024-01-08;KOSMOPC.ru;
2024-01-08;KOSOVA-TOP.ru;
2024-01-08;KOSTALEVSKI.ru;
2024-01-08;KOTELLUTEX.ru;
2024-01-08;KOTELROSSEN.ru;
2024-01-08;KOTELVOLGA.ru;
2024-01-08;KOTKAM.ru;
2024-01-08;KOVCHEGPREZIDENTA.ru;
2024-01-08;KRASNJATOVA.ru;
2024-01-08;KRASOTA2024.ru;
2024-01-08;KRAVOKOZ.ru;
2024-01-08;KRAYSHEN.ru;
2024-01-08;KRDBLOG.ru;
2024-01-08;KREDIT-LIQUID.ru;
2024-01-08;KRISTRAVEL.ru;
2024-01-08;KROVLY-PLUS.ru;
2024-01-08;KRUTOAGENCY.ru;
2024-01-08;KRUZHENKOVA.ru;
2024-01-08;KRYM-GID.ru;
2024-01-08;KSAFRI.ru;
2024-01-08;KSARBAEV.ru;
2024-01-08;KSENIATYULENEVA.ru;
2024-01-08;KUFEZIN.ru;
2024-01-08;KUHNIZAVR.ru;
2024-01-08;KUKSINAA.ru;
2024-01-08;KULAK0V.ru;
2024-01-08;KURBANOVABROR.ru;
2024-01-08;KURIE2137.ru;
2024-01-08;KURIE2138.ru;
2024-01-08;KURIER-FOUND.ru;
2024-01-08;KURS-MARKETPLACE.ru;
2024-01-08;KURSY-LANDSHAFNOGO-DIZAJNA.ru;
2024-01-08;KURSY-REELS.ru;
2024-01-08;KURYATNIKI-ANNUSHKI.ru;
2024-01-08;KUTAKBAEV.ru;
2024-01-08;KUZNICASOFTA.ru;
2024-01-08;KYST-I-SHPATEL.ru;
2024-01-08;KZOLOTOTRUBOV.ru;
2024-01-08;L1NARO.ru;
2024-01-08;LA-DUSHNILA.ru;
2024-01-08;LA-LAND.ru;
2024-01-08;LADUSHNILA.ru;
2024-01-08;LADY-RU.ru;
2024-01-08;LALATOTO.ru;
2024-01-08;LAMANIERE.ru;
2024-01-08;LANALIDA.ru;
2024-01-08;LANTUX.ru;
2024-01-08;LARSET.ru;
2024-01-08;LASONEN.ru;
2024-01-08;LATIFKJ.ru;
2024-01-08;LAYNEEE.ru;
2024-01-08;LAZYLEARNING.ru;
2024-01-08;LD-PAY12374.ru;
2024-01-08;LD-PAY12412.ru;
2024-01-08;LD-PAY23123.ru;
2024-01-08;LD-PAY23412.ru;
2024-01-08;LD-PAY29341.ru;
2024-01-08;LD-PAY63923.ru;
2024-01-08;LD-PAY63924.ru;
2024-01-08;LD-PAY63925.ru;
2024-01-08;LD-PAY71424.ru;
2024-01-08;LD-PAY89123.ru;
2024-01-08;LD-PAY90189.ru;
2024-01-08;LD-PAY91522.ru;
2024-01-08;LD-PAY92513.ru;
2024-01-08;LD832950.ru;
2024-01-08;LD83295O.ru;
2024-01-08;LE-DUSHNILA.ru;
2024-01-08;LE-FORTUNE.ru;
2024-01-08;LEARN-EN.ru;
2024-01-08;LEBANDITRU1.ru;
2024-01-08;LEBEDEVPASHKO.ru;
2024-01-08;LED-CNC.ru;
2024-01-08;LEDUSHNILA.ru;
2024-01-08;LEET1337.ru;
2024-01-08;LEFORTUNE.ru;
2024-01-08;LEGIONCC.ru;
2024-01-08;LEGITMINE.ru;
2024-01-08;LEGKOTEKA.ru;
2024-01-08;LELAR.ru;
2024-01-08;LENINA24.ru;
2024-01-08;LENINAEXPERT.ru;
2024-01-08;LENIZA.ru;
2024-01-08;LEO-NIKO.ru;
2024-01-08;LEONIDDMITRIEV.ru;
2024-01-08;LESA41.ru;
2024-01-08;LETNEVALERA.ru;
2024-01-08;LETS-BOOMS.ru;
2024-01-08;LEV-GONCHAROV.ru;
2024-01-08;LEVELSE.ru;
2024-01-08;LEXFONK.ru;
2024-01-08;LEYSAN-HYPNOREGRESS.ru;
2024-01-08;LGCX.ru;
2024-01-08;LIFE-SECRETS-LEARNING.ru;
2024-01-08;LIKEABIRDMSK.ru;
2024-01-08;LIKERUSSIAN.ru;
2024-01-08;LIKOROVSKIY.ru;
2024-01-08;LIMIND.ru;
2024-01-08;LINGERIE-COURSE.ru;
2024-01-08;LISACLIN.ru;
2024-01-08;LISI4KIN.ru;
2024-01-08;LITTLE-KROSH.ru;
2024-01-08;LITTLE-PROJECT.ru;
2024-01-08;LIVEBUSH.ru;
2024-01-08;LIVEBUSHES.ru;
2024-01-08;LIVESTREAMVIDEO.ru;
2024-01-08;LIYAMK.ru;
2024-01-08;LK3-ENG.ru;
2024-01-08;LKAN.ru;
2024-01-08;LLCKOMPASSSTROY.ru;
2024-01-08;LLM-TESTS-CHECKER.ru;
2024-01-08;LMSCYBERED.ru;
2024-01-08;LOFIMONEY.ru;
2024-01-08;LOFIRO.ru;
2024-01-08;LOFTMONEY.ru;
2024-01-08;LOGIN-FACEBOOK.ru;
2024-01-08;LOGITEKTRANS.ru;
2024-01-08;LOLA-KOLESNIKOVA.ru;
2024-01-08;LOMONOSOVA0.ru;
2024-01-08;LONLOST.ru;
2024-01-08;LOOKINPLAY.ru;
2024-01-08;LORDSPACE.ru;
2024-01-08;LOST-LIGHT.ru;
2024-01-08;LOTOS-STUDIO.ru;
2024-01-08;LOVES-STORI.ru;
2024-01-08;LOVESKY1.ru;
2024-01-08;LS-DESING.ru;
2024-01-08;LTD77.ru;
2024-01-08;LTDFIN.ru;
2024-01-08;LTVALERIA21.ru;
2024-01-08;LU4KO.ru;
2024-01-08;LUCHSHIJ-GIPNOLOG.ru;
2024-01-08;LUDAILINA.ru;
2024-01-08;LUKASKITCHEN.ru;
2024-01-08;LUNALUM.ru;
2024-01-08;LVA-1.ru;
2024-01-08;LVILK.ru;
2024-01-08;LYMLYM.ru;
2024-01-08;LYRIDINE.ru;
2024-01-08;M-7K-CASINO1.ru;
2024-01-08;M-7K-CASINO2.ru;
2024-01-08;M-7K-CASINO3.ru;
2024-01-08;M-KENT-CASINO1.ru;
2024-01-08;M-KENT-CASINO2.ru;
2024-01-08;M-KENT-CASINO3.ru;
2024-01-08;M200510.ru;
2024-01-08;MACH-STROY.ru;
2024-01-08;MACROANALYSIS.ru;
2024-01-08;MACROCODERS.ru;
2024-01-08;MADISON-RPG.ru;
2024-01-08;MAG-SCHOOL.ru;
2024-01-08;MAGICKAM.ru;
2024-01-08;MAGICQUIZ.ru;
2024-01-08;MAGICQUIZAI.ru;
2024-01-08;MAISONS-DU-MONDE.ru;
2024-01-08;MAKAROVALUBOV.ru;
2024-01-08;MAKSIM-GREK.ru;
2024-01-08;MAKSIM-ISPOVEDNIK.ru;
2024-01-08;MAKSKRYD.ru;
2024-01-08;MAKSPOTAP.ru;
2024-01-08;MALIKA-MEBEL.ru;
2024-01-08;MAMMOPLASTIK.ru;
2024-01-08;MANUSKRIPTUM.ru;
2024-01-08;MARCHEMOTO.ru;
2024-01-08;MARIARU.ru;
2024-01-08;MARILYNCOLLECTION.ru;
2024-01-08;MARINAPOIDEMNAKONCERT.ru;
2024-01-08;MARKETINGTRANSLATIONS.ru;
2024-01-08;MARKETPLACE360.ru;
2024-01-08;MARSIB.ru;
2024-01-08;MARTECHAGENCY.ru;
2024-01-08;MARYVORONOVAPSY.ru;
2024-01-08;MASHAKONKINA.ru;
2024-01-08;MASORAR.ru;
2024-01-08;MASTERA-CLASS.ru;
2024-01-08;MATCHLESS-NAS.ru;
2024-01-08;MATHMASTER-CLASS.ru;
2024-01-08;MATRIX-SAENASTYA.ru;
2024-01-08;MAXICORE.ru;
2024-01-08;MAXK94.ru;
2024-01-08;MAXSO1O.ru;
2024-01-08;MAZURINASCHOOL.ru;
2024-01-08;MBAEV.ru;
2024-01-08;MBMETAL.ru;
2024-01-08;MC-WHITEGRIEF.ru;
2024-01-08;MDAPLAY.ru;
2024-01-08;MEDALRUST.ru;
2024-01-08;MEDIA-ANKETA.ru;
2024-01-08;MEDICEDIA.ru;
2024-01-08;MEDJUUL.ru;
2024-01-08;MEDOVAYASV.ru;
2024-01-08;MEET-NC-HILL.ru;
2024-01-08;MEETANATOR.ru;
2024-01-08;MEETNCHILL.ru;
2024-01-08;MEEZYAGENCY.ru;
2024-01-08;MEGA-AQVA-SHOP.ru;
2024-01-08;MEGA555NET3.ru;
2024-01-08;MEGASFERA-NN.ru;
2024-01-08;MELBET-548.ru;
2024-01-08;MEMMED.ru;
2024-01-08;MEOWINGCAT.ru;
2024-01-08;MERCUTIO67.ru;
2024-01-08;MEREVER.ru;
2024-01-08;MESTOSILA.ru;
2024-01-08;METALMASTER03.ru;
2024-01-08;METIZOV-BAZA.ru;
2024-01-08;METRIKA88.ru;
2024-01-08;METRIKAESTATE.ru;
2024-01-08;METRIKAREALTY.ru;
2024-01-08;METRIKASTUDIO.ru;
2024-01-08;MFO-ZAIMY.ru;
2024-01-08;MHT-THEATR.ru;
2024-01-08;MI-LORD.ru;
2024-01-08;MIASS-DOU40.ru;
2024-01-08;MICHAILARCHANGELREVDA.ru;
2024-01-08;MIHA2036.ru;
2024-01-08;MIHAIL-P.ru;
2024-01-08;MIKAGONCHAROV.ru;
2024-01-08;MIKITKO.ru;
2024-01-08;MILAKOM.ru;
2024-01-08;MILEEXPRESS.ru;
2024-01-08;MILUXURY.ru;
2024-01-08;MIMILASER.ru;
2024-01-08;MINDRUSH.ru;
2024-01-08;MINECRAFTCOMMUNITYSTORE.ru;
2024-01-08;MIPS4DEV.ru;
2024-01-08;MIR-LAB.ru;
2024-01-08;MIRKUB.ru;
2024-01-08;MIRZOJAN-1.ru;
2024-01-08;MISHASAIGANOV.ru;
2024-01-08;MISSILNARA.ru;
2024-01-08;MIXAILMICHEL.ru;
2024-01-08;MK-TEH.ru;
2024-01-08;MKVASOV.ru;
2024-01-08;MM-TRACKER.ru;
2024-01-08;MMA-CLUB.ru;
2024-01-08;MMA123.ru;
2024-01-08;MMALASHEVICH.ru;
2024-01-08;MMAMONOV.ru;
2024-01-08;MOJBALKON.ru;
2024-01-08;MOLABNEX.ru;
2024-01-08;MOLCAJETES.ru;
2024-01-08;MOLIENDOCOFFEE.ru;
2024-01-08;MOLOKODA.ru;
2024-01-08;MOLOKODESIGN.ru;
2024-01-08;MOMO-FOOD.ru;
2024-01-08;MOMO-STORE-EDU.ru;
2024-01-08;MOMOFOOD.ru;
2024-01-08;MOMOTIK.ru;
2024-01-08;MONCLERSTOCK.ru;
2024-01-08;MONEYGROWSCHOOL.ru;
2024-01-08;MONK-PRO.ru;
2024-01-08;MONOKULARSHOP.ru;
2024-01-08;MONOTONESHOP.ru;
2024-01-08;MONROCASINO2.ru;
2024-01-08;MOONMUZ.ru;
2024-01-08;MOONTERRA.ru;
2024-01-08;MORE111.ru;
2024-01-08;MOROCCO24.ru;
2024-01-08;MOROCCOEXPERT.ru;
2024-01-08;MORTAL-KOMBAT-2021.ru;
2024-01-08;MOSALUM.ru;
2024-01-08;MOSCOWCITYDATE11.ru;
2024-01-08;MOSKIT-STOP.ru;
2024-01-08;MOSKVA-PROPUSK.ru;
2024-01-08;MOSQP.ru;
2024-01-08;MOTOM73-EXEED.ru;
2024-01-08;MOTOOPTOM.ru;
2024-01-08;MOTOPTOM.ru;
2024-01-08;MOTORMINGLE.ru;
2024-01-08;MOVINGCASTLE.ru;
2024-01-08;MOVMEB.ru;
2024-01-08;MOYDVIZH.ru;
2024-01-08;MR-CRUTCH.ru;
2024-01-08;MRGREENWARD.ru;
2024-01-08;MRIZVANOV.ru;
2024-01-08;MRSK-L.ru;
2024-01-08;MRSVECHNOY.ru;
2024-01-08;MSPPRAVO.ru;
2024-01-08;MSPVP.ru;
2024-01-08;MSVMASTER.ru;
2024-01-08;MTPRJ.ru;
2024-01-08;MUGLER-RUSSIA.ru;
2024-01-08;MUHOMORICAFE.ru;
2024-01-08;MUHOMORY24.ru;
2024-01-08;MUHOMORYCAFE.ru;
2024-01-08;MUSATOVA-PRO.ru;
2024-01-08;MUSEUM1210.ru;
2024-01-08;MUSICHAN.ru;
2024-01-08;MUSIVUMSHOP.ru;
2024-01-08;MUZHICHIN-SAN24.ru;
2024-01-08;MY-ROOT.ru;
2024-01-08;MYA-SO.ru;
2024-01-08;MYNOTCOIN.ru;
2024-01-08;MYROSSIAA.ru;
2024-01-08;MYSTREETPHOTO.ru;
2024-01-08;MYTA-LOUNGE.ru;
2024-01-08;MYVIRTIK.ru;
2024-01-08;N1SERVER.ru;
2024-01-08;N1XSOON.ru;
2024-01-08;N3HYSWO.ru;
2024-01-08;NABEREZHNYE-CHELNY-XDOSUG.ru;
2024-01-08;NADIAMIND.ru;
2024-01-08;NADISIER.ru;
2024-01-08;NAKIDKA-ALKANTARA-TROKOT.ru;
2024-01-08;NAKIDKA-MEHOVAYA-TROKOT.ru;
2024-01-08;NAKRASOTUSMOTRI.ru;
2024-01-08;NALESHKO.ru;
2024-01-08;NALMIRA.ru;
2024-01-08;NASHBISNES.ru;
2024-01-08;NASHI-CENTER.ru;
2024-01-08;NASHIDOMIKI.ru;
2024-01-08;NASYROVRR.ru;
2024-01-08;NATALIKOZLOVA.ru;
2024-01-08;NATALYA-ANTONOVA.ru;
2024-01-08;NATIMHOMEDESIGN.ru;
2024-01-08;NAVYKOV.ru;
2024-01-08;NAZOVY.ru;
2024-01-08;NCROWN.ru;
2024-01-08;NE-PLATI-DOLG24.ru;
2024-01-08;NE-PLATI-ZAKONNO24.ru;
2024-01-08;NEBYKOVSKY.ru;
2024-01-08;NEDOMASTER.ru;
2024-01-08;NEIROSHKA.ru;
2024-01-08;NEKITRR.ru;
2024-01-08;NEKONE.ru;
2024-01-08;NELLYAPYATAEVA.ru;
2024-01-08;NEOMOR.ru;
2024-01-08;NEOTECH-LAB.ru;
2024-01-08;NEOTECHLAB.ru;
2024-01-08;NEPALEXPERT.ru;
2024-01-08;NEPLOHOY.ru;
2024-01-08;NEPODCAST.ru;
2024-01-08;NEQQA.ru;
2024-01-08;NERPAMEDIA.ru;
2024-01-08;NESTRUST.ru;
2024-01-08;NET-DOLGOV2024.ru;
2024-01-08;NET-NET-DOLGA24.ru;
2024-01-08;NETLEPOS.ru;
2024-01-08;NETMAPA.ru;
2024-01-08;NEURONET-HELP.ru;
2024-01-08;NEW-CONTROL.ru;
2024-01-08;NEW-DIM3.ru;
2024-01-08;NEW-VTB.ru;
2024-01-08;NEWLAWA.ru;
2024-01-08;NEWLITEBOX.ru;
2024-01-08;NEWNIR.ru;
2024-01-08;NEWROUTEAM.ru;
2024-01-08;NEWSACH.ru;
2024-01-08;NEYROLOGIKA.ru;
2024-01-08;NEYROSHKA.ru;
2024-01-08;NEZHNEENET.ru;
2024-01-08;NGC3372.ru;
2024-01-08;NGUBANOV.ru;
2024-01-08;NIKA21SPB.ru;
2024-01-08;NIKE-NAYK.ru;
2024-01-08;NIKOLAJP.ru;
2024-01-08;NIKOLNATALI.ru;
2024-01-08;NIKSENKA.ru;
2024-01-08;NISTRYL.ru;
2024-01-08;NIUSEPH.ru;
2024-01-08;NIZKAYA-CENA.ru;
2024-01-08;NJIVA.ru;
2024-01-08;NKARAKURT.ru;
2024-01-08;NLBEKETOV.ru;
2024-01-08;NLKCHBV.ru;
2024-01-08;NM-SIP.ru;
2024-01-08;NOBLE-BEAUTY.ru;
2024-01-08;NOCHCLUB.ru;
2024-01-08;NOCHNIKOV.ru;
2024-01-08;NOKKTURN.ru;
2024-01-08;NOMEROGRAM-1.ru;
2024-01-08;NOOSFERA-RP.ru;
2024-01-08;NORNOTEX.ru;
2024-01-08;NOSING086.ru;
2024-01-08;NOSOVAA.ru;
2024-01-08;NOSOVAUNDIRECTOLOG.ru;
2024-01-08;NOTCOIN-COM.ru;
2024-01-08;NOTCOIN-TG.ru;
2024-01-08;NOTCOINGAME.ru;
2024-01-08;NOTCOINS.ru;
2024-01-08;NOTIPS.ru;
2024-01-08;NOVA-RAMENKY.ru;
2024-01-08;NOVAVETA.ru;
2024-01-08;NOVAYA-PSY.ru;
2024-01-08;NOVIKOVAYUL3CHCKA.ru;
2024-01-08;NOVO-54.ru;
2024-01-08;NOVO54.ru;
2024-01-08;NOVOROSSIYSK-INDI.ru;
2024-01-08;NOVOSTI-NAPERVOM.ru;
2024-01-08;NOVOSTINAPERVOM.ru;
2024-01-08;NOVOSTNOYKANAL.ru;
2024-01-08;NOVOSTOYKONTETNT.ru;
2024-01-08;NPRINTSAMARA.ru;
2024-01-08;NSBELT.ru;
2024-01-08;NUBOT.ru;
2024-01-08;NULLED-SOFT.ru;
2024-01-08;NUTRICIAL.ru;
2024-01-08;NVLASKINA.ru;
2024-01-08;NYTIMES-GTA.ru;
2024-01-08;O-DOLGAX24.ru;
2024-01-08;O4D.ru;
2024-01-08;OBED-MYTISCHI.ru;
2024-01-08;OBIMENAH.ru;
2024-01-08;OBLBAZA.ru;
2024-01-08;OCAGO-KEEP.ru;
2024-01-08;ODIXS.ru;
2024-01-08;ODZILEVICH.ru;
2024-01-08;OFD-ORD2993.ru;
2024-01-08;OFD-ORD3089.ru;
2024-01-08;OFD-ORD4988.ru;
2024-01-08;OFD-ORD5134.ru;
2024-01-08;OFD-ORD5368.ru;
2024-01-08;OFD-ORD6064.ru;
2024-01-08;OFD-ORD6556.ru;
2024-01-08;OFD-ORD6920.ru;
2024-01-08;OFD-ORD7591.ru;
2024-01-08;OFD-ORD8683.ru;
2024-01-08;OFD-ORD9083.ru;
2024-01-08;OFD-ORD9246.ru;
2024-01-08;OFD1968.ru;
2024-01-08;OFD5703.ru;
2024-01-08;OFD6976.ru;
2024-01-08;OFF-ROAD-RIDER.ru;
2024-01-08;OFFICE-TEHNIKA.ru;
2024-01-08;OFORMLENIE-DOPYSKA-SRO.ru;
2024-01-08;OFORMLENIE-DOPYSKA-SRO-RF.ru;
2024-01-08;OGURZI.ru;
2024-01-08;OGURZY.ru;
2024-01-08;OHMYBOT.ru;
2024-01-08;OHOTA-NA-BOTA.ru;
2024-01-08;OHOTANABOTA.ru;
2024-01-08;OHOTNICK.ru;
2024-01-08;OKNOFILM.ru;
2024-01-08;OKOROLEV.ru;
2024-01-08;OKROYTOR.ru;
2024-01-08;OKSANAGAMREKELI.ru;
2024-01-08;OKSANAOKSA2206.ru;
2024-01-08;OLAVROV.ru;
2024-01-08;OLEGYASHCHIK.ru;
2024-01-08;OLEGZYKOV.ru;
2024-01-08;OLGA81.ru;
2024-01-08;OLGAZABELINA-FINANCE.ru;
2024-01-08;OMSKATALIZ.ru;
2024-01-08;ONBOLSHENESHUTIT.ru;
2024-01-08;ONEALBOM.ru;
2024-01-08;ONLINE-ANKETA.ru;
2024-01-08;ONLYFOODSFAN.ru;
2024-01-08;ONLYFOODSFANS.ru;
2024-01-08;ONLYFOODSFUNS.ru;
2024-01-08;ONSONJA.ru;
2024-01-08;OOMG.ru;
2024-01-08;OOO-TCC.ru;
2024-01-08;OOOFIN.ru;
2024-01-08;OOSHREPOLOVO.ru;
2024-01-08;OPENBRANDINGAWARDS.ru;
2024-01-08;OPENINTIMSHOP.ru;
2024-01-08;OPLATA-ICLOUD.ru;
2024-01-08;OPLATA2131.ru;
2024-01-08;OPLATA2138.ru;
2024-01-08;OPLATI-DOLG24.ru;
2024-01-08;OPROC-ANKETA.ru;
2024-01-08;OPROS-ONLINE24.ru;
2024-01-08;OPTICS-RUSSIA.ru;
2024-01-08;OPTIKA-7.ru;
2024-01-08;OPTISHKA.ru;
2024-01-08;OPTMONET.ru;
2024-01-08;ORDER-1202.ru;
2024-01-08;ORDER-1203.ru;
2024-01-08;ORDER-4254.ru;
2024-01-08;ORDER-4701.ru;
2024-01-08;ORDER0241.ru;
2024-01-08;ORDER0289.ru;
2024-01-08;ORDER0474.ru;
2024-01-08;ORDER2087.ru;
2024-01-08;ORDER8201.ru;
2024-01-08;ORDER8404.ru;
2024-01-08;ORDER8707.ru;
2024-01-08;ORDER9280.ru;
2024-01-08;ORDER9372.ru;
2024-01-08;ORDER9808.ru;
2024-01-08;OREKAH.ru;
2024-01-08;OREN-STYLE.ru;
2024-01-08;ORIAGOPA.ru;
2024-01-08;ORJABKOVA.ru;
2024-01-08;ORLEVO.ru;
2024-01-08;OSAGOSHOP-PERM.ru;
2024-01-08;OSAMA24.ru;
2024-01-08;OSCARMUSIC.ru;
2024-01-08;OSIPCHIK.ru;
2024-01-08;OSKANO.ru;
2024-01-08;OSTROVBT.ru;
2024-01-08;OSTROVOK-MEBELI.ru;
2024-01-08;OSVOBODIM-OT-DOLGOV24.ru;
2024-01-08;OSVOBODIS-OT-DOLGA24.ru;
2024-01-08;OTVER-OGE-EGE.ru;
2024-01-08;OUTKINA.ru;
2024-01-08;OVIGUL.ru;
2024-01-08;OVOZINGUZBEK.ru;
2024-01-08;OWNLUXHUB.ru;
2024-01-08;OXANICER.ru;
2024-01-08;OZ-BRIGADIR.ru;
2024-01-08;OZON-R.ru;
2024-01-08;OZONCARD30.ru;
2024-01-08;P-NOVOROSSIYSK.ru;
2024-01-08;PAGE-2984.ru;
2024-01-08;PALMINATREND.ru;
2024-01-08;PANABRIKA.ru;
2024-01-08;PANDAZ.ru;
2024-01-08;PANIME.ru;
2024-01-08;PANTERAMEB.ru;
2024-01-08;PAPA-NEWS.ru;
2024-01-08;PARADISE-SHEREGESH.ru;
2024-01-08;PARK247.ru;
2024-01-08;PARKINSONEXPERT.ru;
2024-01-08;PARMETROS.ru;
2024-01-08;PARTNERS-DELIVERY.ru;
2024-01-08;PASCHENKO-1.ru;
2024-01-08;PASHINN.ru;
2024-01-08;PATTERNLAB.ru;
2024-01-08;PATTERNPASSAGE.ru;
2024-01-08;PAVLO-IVAN.ru;
2024-01-08;PAVLOVSKIY-LIMON.ru;
2024-01-08;PAVLOVSKIY-PITOMNIK.ru;
2024-01-08;PAY-ID284952.ru;
2024-01-08;PAY-ID682467.ru;
2024-01-08;PAY-ID980231.ru;
2024-01-08;PAYD11.ru;
2024-01-08;PAYD12.ru;
2024-01-08;PAYMENT-266.ru;
2024-01-08;PAYMENT-267.ru;
2024-01-08;PAYMENT-269.ru;
2024-01-08;PAYMENT-270.ru;
2024-01-08;PAYMENTSDI.ru;
2024-01-08;PAYSMANT-INFORM.ru;
2024-01-08;PAYSMANT-ZAKAZ.ru;
2024-01-08;PAYWELLES.ru;
2024-01-08;PC-EVGART.ru;
2024-01-08;PCIKOD.ru;
2024-01-08;PEAKSOFT.ru;
2024-01-08;PECHI-IZ-TALKOHLORITA-25.ru;
2024-01-08;PELLETY-OPTOM-EKB.ru;
2024-01-08;PELLETY-OPTOM-KRD.ru;
2024-01-08;PELMENIDA.ru;
2024-01-08;PERCHIC.ru;
2024-01-08;PEREDVIZHNOYSAD.ru;
2024-01-08;PERMANENT-PREMIUM.ru;
2024-01-08;PERSLINE.ru;
2024-01-08;PERVIENOVOSTI.ru;
2024-01-08;PERVUI.ru;
2024-01-08;PETKELITE.ru;
2024-01-08;PETRYRIGIN.ru;
2024-01-08;PETYHCRAFT.ru;
2024-01-08;PFASFJKFPREMGIFT.ru;
2024-01-08;PH-IRINAWOLF.ru;
2024-01-08;PHILIMONOV03.ru;
2024-01-08;PHOTOMASHU.ru;
2024-01-08;PHOTORAF.ru;
2024-01-08;PHPRU.ru;
2024-01-08;PICENER.ru;
2024-01-08;PICMAGIC.ru;
2024-01-08;PILIGRIM72.ru;
2024-01-08;PIN-UP-375.ru;
2024-01-08;PIN-UP847.ru;
2024-01-08;PINUP-OFFICIAL.ru;
2024-01-08;PINUPCAS.ru;
2024-01-08;PINUPMONEYWIN.ru;
2024-01-08;PIPEART.ru;
2024-01-08;PIQUADRO-MARKET.ru;
2024-01-08;PIROGOVSKAYARIVERA.ru;
2024-01-08;PITOMNIK-PAVLOVO.ru;
2024-01-08;PITOMNIKDEREVIEVZAKAMIE.ru;
2024-01-08;PIVAZI.ru;
2024-01-08;PIXELNOODLE.ru;
2024-01-08;PIZZA-BYRGER.ru;
2024-01-08;PJATKOVA.ru;
2024-01-08;PKARTASHOVA.ru;
2024-01-08;PKCONSULT.ru;
2024-01-08;PLASTIKA69.ru;
2024-01-08;PLATEZHI3DS.ru;
2024-01-08;PLAY4X.ru;
2024-01-08;PLAYCULT.ru;
2024-01-08;PLEXCGS.ru;
2024-01-08;PLINKO-GAME.ru;
2024-01-08;PLITKA-PAVLOVSKY-POSAD.ru;
2024-01-08;PLS-DONATE.ru;
2024-01-08;PNPSYSTEM.ru;
2024-01-08;POALESER.ru;
2024-01-08;POCHINKI-SCHOOL.ru;
2024-01-08;POCHTA-DOMEN.ru;
2024-01-08;POCHTA-DOMENA.ru;
2024-01-08;PODPISKA-APPLE-MUSIC.ru;
2024-01-08;POEZD-ELOK.ru;
2024-01-08;POINTON.ru;
2024-01-08;POIZONBEE.ru;
2024-01-08;POLNIKOV-7.ru;
2024-01-08;POLYAKOWAW.ru;
2024-01-08;PONIBRASHIN.ru;
2024-01-08;POOL-CASSA.ru;
2024-01-08;POOL-STANDUP.ru;
2024-01-08;POOL-THEATRE.ru;
2024-01-08;POSAZHULYA.ru;
2024-01-08;POSLAVSKIY.ru;
2024-01-08;POSNETER.ru;
2024-01-08;POSTAL-BOX.ru;
2024-01-08;POSTGREGATE.ru;
2024-01-08;POTATOMANIA.ru;
2024-01-08;POTEKLA.ru;
2024-01-08;POTENCIY-MUZH.ru;
2024-01-08;POTENCIYA-BISTRO.ru;
2024-01-08;POTENCLINIC-AZ.ru;
2024-01-08;POTOLKIKOMFORT72.ru;
2024-01-08;POXAS.ru;
2024-01-08;PR-DIALOG.ru;
2024-01-08;PRACTICE-SECRETS.ru;
2024-01-08;PRECIOVLG.ru;
2024-01-08;PRIDE-CAT.ru;
2024-01-08;PRIDECAT.ru;
2024-01-08;PRIMDG.ru;
2024-01-08;PRIMOV.ru;
2024-01-08;PRINTOLOGI.ru;
2024-01-08;PRINTSHOP33.ru;
2024-01-08;PRINTSHOP92.ru;
2024-01-08;PRO-INSTRUCTOR.ru;
2024-01-08;PRO100MIKHALYCH.ru;
2024-01-08;PRODUCT-HERO.ru;
2024-01-08;PRODUCT4EXPERT.ru;
2024-01-08;PROELBRUS.ru;
2024-01-08;PROF-INSTRUMENT57.ru;
2024-01-08;PROFESSIONALCLEANING.ru;
2024-01-08;PROFSTYLEBET.ru;
2024-01-08;PROKATMED.ru;
2024-01-08;PROM-TRAVEL.ru;
2024-01-08;PROMOTAKE.ru;
2024-01-08;PROSTATAUGRADE.ru;
2024-01-08;PROSTI-NOVOROSSIYSK.ru;
2024-01-08;PROSTITUTKI-NOVOROSSIJSKA.ru;
2024-01-08;PROSUSHKA-KVARTIRY.ru;
2024-01-08;PROSUSHKA-KVARTIRY-MSK.ru;
2024-01-08;PROXY88.ru;
2024-01-08;PSHKARIN.ru;
2024-01-08;PSIHOLOGMOSKVA.ru;
2024-01-08;PSIPOPUS.ru;
2024-01-08;PSYCHOLOGY-RF.ru;
2024-01-08;PSYERSHOVA.ru;
2024-01-08;PSYHI.ru;
2024-01-08;PSYHOLOG-DARIA-KUDRYAVTSEVA.ru;
2024-01-08;PSYSOMATIC.ru;
2024-01-08;PUPSISAD.ru;
2024-01-08;PUSKUNOV.ru;
2024-01-08;PWRBOOST.ru;
2024-01-08;PYKOT.ru;
2024-01-08;PZHENYA.ru;
2024-01-08;Q-07-01-23.ru;
2024-01-08;QAZEG.ru;
2024-01-08;QIANCHOGAN.ru;
2024-01-08;QUEEN-SPIN.ru;
2024-01-08;QUELIANAT.ru;
2024-01-08;QUINCELI.ru;
2024-01-08;QUITEHOST.ru;
2024-01-08;QUNIXRP.ru;
2024-01-08;QWWWW.ru;
2024-01-08;R-ALIA.ru;
2024-01-08;RADIOMIPT.ru;
2024-01-08;RADIOVID.ru;
2024-01-08;RAFA4080.ru;
2024-01-08;RALINAH.ru;
2024-01-08;RAMHTHEZ.ru;
2024-01-08;RAMINKURBANOV.ru;
2024-01-08;RANDIDO.ru;
2024-01-08;RAPZAYM.ru;
2024-01-08;RASHIA96.ru;
2024-01-08;RASHID066.ru;
2024-01-08;RASSELM91.ru;
2024-01-08;RASSEYANNIISKLEROZ.ru;
2024-01-08;RAZVITIE-NAVYKOV.ru;
2024-01-08;RBEEVA.ru;
2024-01-08;RBOGOV.ru;
2024-01-08;RE-STORATION.ru;
2024-01-08;READY4ADVENTURE.ru;
2024-01-08;REAL-AUTO-LOGISTIC.ru;
2024-01-08;REALBORISOV.ru;
2024-01-08;RECEPTI-EDA.ru;
2024-01-08;RED-IBEX.ru;
2024-01-08;REDIBEX.ru;
2024-01-08;REDSUN-VOLT.ru;
2024-01-08;REELS-MONEY.ru;
2024-01-08;REGISTER-VAVADA99.ru;
2024-01-08;REGISTRATOR64.ru;
2024-01-08;REGULMONEY.ru;
2024-01-08;REKA-INFO.ru;
2024-01-08;REKAINFO.ru;
2024-01-08;REM2ROM.ru;
2024-01-08;REMCOMPRO.ru;
2024-01-08;REMONT-HOLODILNIKOV-SROCHNO.ru;
2024-01-08;REMONT-NOUTBUKOV-DELL-SPB.ru;
2024-01-08;REMONT-VIDEO.ru;
2024-01-08;REMONTSTERS.ru;
2024-01-08;REMTEPPOL.ru;
2024-01-08;RENATABOGACH.ru;
2024-01-08;RENHEL.ru;
2024-01-08;RENOVO-GROUP.ru;
2024-01-08;RENT4CARS.ru;
2024-01-08;RENTBIBOX.ru;
2024-01-08;RERMILOVA.ru;
2024-01-08;RESISTANSE.ru;
2024-01-08;RESPIN-CASINO7780.ru;
2024-01-08;RESPLENDENT.ru;
2024-01-08;RESTGARDEN.ru;
2024-01-08;REUT84.ru;
2024-01-08;REWARDS-FREE-FIRE-GARENA.ru;
2024-01-08;REXYCREW.ru;
2024-01-08;REZUMAKER.ru;
2024-01-08;RGEN3.ru;
2024-01-08;RGPLAY.ru;
2024-01-08;RHODEISLANDRP.ru;
2024-01-08;RIDER-SCHOOL.ru;
2024-01-08;RINCHINO.ru;
2024-01-08;RINDEDER.ru;
2024-01-08;RIPKA.ru;
2024-01-08;RITBOON.ru;
2024-01-08;RIVITALO.ru;
2024-01-08;RIZAK.ru;
2024-01-08;RK-HTTP.ru;
2024-01-08;RK-SASL.ru;
2024-01-08;RK-SMTP.ru;
2024-01-08;RK-SSL.ru;
2024-01-08;RK-TLC.ru;
2024-01-08;RK-TTL.ru;
2024-01-08;RK-UTF.ru;
2024-01-08;RMISNIK.ru;
2024-01-08;RMITKIN.ru;
2024-01-08;ROCKDASH.ru;
2024-01-08;RODIN-PHOTO.ru;
2024-01-08;ROMA-S.ru;
2024-01-08;ROMANTICCITY.ru;
2024-01-08;ROMAZANOV-DROMAZANOV.ru;
2024-01-08;ROSSENENGELS.ru;
2024-01-08;ROSSHPUNT-PTO.ru;
2024-01-08;ROSSIAMYSTRANA.ru;
2024-01-08;ROYAL-DELIGHT.ru;
2024-01-08;RP-NIKE.ru;
2024-01-08;RRSTAGE.ru;
2024-01-08;RSPANFILOV.ru;
2024-01-08;RU-ESCORT.ru;
2024-01-08;RU-ID8373.ru;
2024-01-08;RUBIDON.ru;
2024-01-08;RUCRAZYSTORE.ru;
2024-01-08;RUMENZONE.ru;
2024-01-08;RUNNERSBRO.ru;
2024-01-08;RUSCASHCARDS.ru;
2024-01-08;RUSKAJ.ru;
2024-01-08;RUSL-SHOP.ru;
2024-01-08;RUSSIABAD.ru;
2024-01-08;RUSSIADRAMIX.ru;
2024-01-08;RUSSIAN-GAMERS.ru;
2024-01-08;RUSSIAN-REKLAMA.ru;
2024-01-08;RUSSIANFORPEACE.ru;
2024-01-08;RUSSIANTOPS.ru;
2024-01-08;RUSTOR-MOBILES.ru;
2024-01-08;RUTANCHIK.ru;
2024-01-08;RUTORG-MARKET.ru;
2024-01-08;RUTORS.ru;
2024-01-08;RVT3ST2.ru;
2024-01-08;RYBUSCHKIN.ru;
2024-01-08;RYBUSCHKINA.ru;
2024-01-08;RYLINA.ru;
2024-01-08;RYRERARO.ru;
2024-01-08;RYZHKOVCHEESE.ru;
2024-01-08;RZN4.ru;
2024-01-08;S5VKJ8R.ru;
2024-01-08;SADKOBWFM.ru;
2024-01-08;SADWOMANCC.ru;
2024-01-08;SAGITOVA4.ru;
2024-01-08;SAINTANGRY404.ru;
2024-01-08;SAINTJACQUES.ru;
2024-01-08;SALUKHOV.ru;
2024-01-08;SAMARSKIYNAVES.ru;
2024-01-08;SAMOSILA.ru;
2024-01-08;SANDGARDEN.ru;
2024-01-08;SANDGARDENING.ru;
2024-01-08;SANDPONICS.ru;
2024-01-08;SANS-ZAVOD.ru;
2024-01-08;SANTEHBAZIS.ru;
2024-01-08;SANTOSHKIN.ru;
2024-01-08;SAPPHIREPJ.ru;
2024-01-08;SARANTSEVAD.ru;
2024-01-08;SARATOV-IMPLANT.ru;
2024-01-08;SARATOV2024.ru;
2024-01-08;SARATOVGID24.ru;
2024-01-08;SARIRTOUR.ru;
2024-01-08;SASHATORRO.ru;
2024-01-08;SAT76.ru;
2024-01-08;SATXCARBUYER.ru;
2024-01-08;SAX-S.ru;
2024-01-08;SCALEZIP.ru;
2024-01-08;SCHETCHIK-S-PULTOM-MOSCOW.ru;
2024-01-08;SCHNEIDER-ELECTRIC-LEXIUM.ru;
2024-01-08;SCHNEIDER-LEXIUM.ru;
2024-01-08;SCHOOL-VICTORIADEMENTIEVA.ru;
2024-01-08;SCHOOL8-ZS.ru;
2024-01-08;SCHOOLUSKOVA.ru;
2024-01-08;SCOORET-HELP.ru;
2024-01-08;SCOOTER-HELP.ru;
2024-01-08;SDELKA2137.ru;
2024-01-08;SDIVCOM-DOTCOM.ru;
2024-01-08;SDPROGROUP.ru;
2024-01-08;SECRETINFIRE.ru;
2024-01-08;SECURESBERCARDPAYMENTS.ru;
2024-01-08;SEEDBT.ru;
2024-01-08;SEEDCOMPANY.ru;
2024-01-08;SEFIROTATTOO.ru;
2024-01-08;SELECTOR256.ru;
2024-01-08;SELHOZEVA.ru;
2024-01-08;SELLERHIT.ru;
2024-01-08;SELOCAL.ru;
2024-01-08;SEMENA78.ru;
2024-01-08;SENIYA-CHALLENGE.ru;
2024-01-08;SEO-7.ru;
2024-01-08;SERCHPINA.ru;
2024-01-08;SERGEJ-ATREPEV.ru;
2024-01-08;SERGEY-NESTORENKO.ru;
2024-01-08;SERGEY-SELLER.ru;
2024-01-08;SERGEYVLADA.ru;
2024-01-08;SERGOO92.ru;
2024-01-08;SERIALUS.ru;
2024-01-08;SERVICE-4572.ru;
2024-01-08;SERVICE-4573.ru;
2024-01-08;SERVICESHOP1.ru;
2024-01-08;SERVICEWHITE.ru;
2024-01-08;SERVISEBITREEMONT24.ru;
2024-01-08;SEV-GID.ru;
2024-01-08;SEVASTOPOL-INTIM.ru;
2024-01-08;SEVPROFILE.ru;
2024-01-08;SEX-NOVOROSSIYSK.ru;
2024-01-08;SEX-TECH.ru;
2024-01-08;SEXCHAT-18.ru;
2024-01-08;SGORENKO.ru;
2024-01-08;SHAMSIBAEVA.ru;
2024-01-08;SHANGLYU.ru;
2024-01-08;SHAROMARI.ru;
2024-01-08;SHAURMA-COFFEE.ru;
2024-01-08;SHERLYBUG.ru;
2024-01-08;SHERSTJUK-7.ru;
2024-01-08;SHIBUMIDESIGN.ru;
2024-01-08;SHOPKIM.ru;
2024-01-08;SHOPSPORTPIT.ru;
2024-01-08;SHOSHKINA.ru;
2024-01-08;SHOWKRD.ru;
2024-01-08;SHRUTIS.ru;
2024-01-08;SHTANDART77.ru;
2024-01-08;SHTORCI-TROKOT.ru;
2024-01-08;SHULGIN-PHOTO.ru;
2024-01-08;SHURALEVA.ru;
2024-01-08;SIBBLOCK.ru;
2024-01-08;SIBERIANSHAMAN.ru;
2024-01-08;SIG-8313.ru;
2024-01-08;SIGARETKA-OPT.ru;
2024-01-08;SIGMENTX.ru;
2024-01-08;SILA-TOKA-INFO.ru;
2024-01-08;SILAPRASCHUROV.ru;
2024-01-08;SILAZDOROVI.ru;
2024-01-08;SILENTWOOD.ru;
2024-01-08;SILKANDMORE.ru;
2024-01-08;SIM23.ru;
2024-01-08;SIMKADJURIC.ru;
2024-01-08;SIMONCHIK-SHOP.ru;
2024-01-08;SIMPLE-FRANCH.ru;
2024-01-08;SIMPLEFRANCH.ru;
2024-01-08;SINAVLIN.ru;
2024-01-08;SINNERDZR88.ru;
2024-01-08;SIP-IP.ru;
2024-01-08;SIRARIUS2016.ru;
2024-01-08;SIROTIN-WORK.ru;
2024-01-08;SITES-TILDA.ru;
2024-01-08;SIZMESTEV.ru;
2024-01-08;SKANDARI.ru;
2024-01-08;SKANDYBAR.ru;
2024-01-08;SKAZKAGENCY.ru;
2024-01-08;SKAZKAPROJECT.ru;
2024-01-08;SKILL-HUB.ru;
2024-01-08;SKILL64.ru;
2024-01-08;SKILLSETDUNDIN.ru;
2024-01-08;SKLAD-SERVIS55.ru;
2024-01-08;SKLADRAM.ru;
2024-01-08;SKRASTINOV.ru;
2024-01-08;SKRYABINA-INTERIORS.ru;
2024-01-08;SKYBEAUTY-NN.ru;
2024-01-08;SKYCITYLOVE.ru;
2024-01-08;SKYROMANTIC1.ru;
2024-01-08;SLEBIDO.ru;
2024-01-08;SLEEPFANS.ru;
2024-01-08;SLEMSIK.ru;
2024-01-08;SLIMOFOR1.ru;
2024-01-08;SLOTS-INFO.ru;
2024-01-08;SLOVO-PACA-NA-1-8.ru;
2024-01-08;SLOVO-PACA-NA-2-8.ru;
2024-01-08;SLOVO-PACA-NA1-8.ru;
2024-01-08;SLOVO-PACA-NA2-8.ru;
2024-01-08;SLOVO-PACANAGE.ru;
2024-01-08;SLOVO-PACANEW.ru;
2024-01-08;SLOVO-PATSAN-2024.ru;
2024-01-08;SLOVO-PATSANA-1.ru;
2024-01-08;SLOVO-PATSANA-2024.ru;
2024-01-08;SLOVOPAACOANA.ru;
2024-01-08;SLOVOPACAN-2024.ru;
2024-01-08;SLOVOPACANA-2024.ru;
2024-01-08;SLOVOPACANA28.ru;
2024-01-08;SLOVOPASOANA.ru;
2024-01-08;SMART-HOME63.ru;
2024-01-08;SMART-VPN-API.ru;
2024-01-08;SMASHX.ru;
2024-01-08;SMENANAPITKI.ru;
2024-01-08;SMENSAP.ru;
2024-01-08;SNBELOF.ru;
2024-01-08;SNINZILIN.ru;
2024-01-08;SO-DIST-VIE.ru;
2024-01-08;SOC-ANKETA.ru;
2024-01-08;SOCIONFIRE.ru;
2024-01-08;SOFIE-FLOWERS.ru;
2024-01-08;SOFT-SKILLZ.ru;
2024-01-08;SOFTFORGE.ru;
2024-01-08;SOFTWAREFORGE.ru;
2024-01-08;SOKOL-NAVIDU.ru;
2024-01-08;SOKOLNAVIDU.ru;
2024-01-08;SOLEAS.ru;
2024-01-08;SONYAPONO.ru;
2024-01-08;SOPCONSULT.ru;
2024-01-08;SORVER.ru;
2024-01-08;SOTVETAMI.ru;
2024-01-08;SOULTRANSFORMATIONTHERAPY.ru;
2024-01-08;SOVR-TECH.ru;
2024-01-08;SOVROSS-DR.ru;
2024-01-08;SPACANASLOVO.ru;
2024-01-08;SPACE-SOFT.ru;
2024-01-08;SPACIALSPAREPART.ru;
2024-01-08;SPBSTAMP.ru;
2024-01-08;SPEAKEASE.ru;
2024-01-08;SPEAKLIKERUSSIAN.ru;
2024-01-08;SPECIALIST-HOSTING.ru;
2024-01-08;SPECLIZING.ru;
2024-01-08;SPEECH-TOTEXT.ru;
2024-01-08;SPINA86.ru;
2024-01-08;SPIVAKOVAPLAN.ru;
2024-01-08;SPORTSAGENTS.ru;
2024-01-08;SPROOTINFO.ru;
2024-01-08;SQYIL.ru;
2024-01-08;SRUBOVOI33.ru;
2024-01-08;SSALINDA.ru;
2024-01-08;SSEMEND.ru;
2024-01-08;SSHUM.ru;
2024-01-08;SSMONT.ru;
2024-01-08;SSU-GOV.ru;
2024-01-08;ST-REALIZATION.ru;
2024-01-08;STADNIKOVS.ru;
2024-01-08;STAFIKAPULO.ru;
2024-01-08;STAMBUL-INFO.ru;
2024-01-08;STANBOT.ru;
2024-01-08;STANISLAV-KOROL.ru;
2024-01-08;STATORER.ru;
2024-01-08;STEAMCOMMINUTY.ru;
2024-01-08;STEAMJOPA.ru;
2024-01-08;STEPANVP.ru;
2024-01-08;STICKEROVO.ru;
2024-01-08;STORM-OK.ru;
2024-01-08;STPR2.ru;
2024-01-08;STRINGSBYMAIL.ru;
2024-01-08;STROIM-DELAEM.ru;
2024-01-08;STROYKAVMSK.ru;
2024-01-08;STRUTSTUR.ru;
2024-01-08;STTTBAKERY.ru;
2024-01-08;STUDIO121.ru;
2024-01-08;SUDOKLASS.ru;
2024-01-08;SUGAR-PAPER30.ru;
2024-01-08;SUGARBETS.ru;
2024-01-08;SUKUK-INVEST.ru;
2024-01-08;SUKUKINVEST.ru;
2024-01-08;SUM-TIME.ru;
2024-01-08;SUMTIME.ru;
2024-01-08;SUNCUBES.ru;
2024-01-08;SUPER-MARIO-BROS.ru;
2024-01-08;SUPER-SUS.ru;
2024-01-08;SUPERGRANDMARKET.ru;
2024-01-08;SUPERPODDELKI.ru;
2024-01-08;SUSHIPREMIUM-DRAGON.ru;
2024-01-08;SUSHIPREMIUM-HOUSE.ru;
2024-01-08;SUVOROVAKSENIYA.ru;
2024-01-08;SVARTO.ru;
2024-01-08;SVEESTI.ru;
2024-01-08;SVET-OKNO.ru;
2024-01-08;SVETDYSHI.ru;
2024-01-08;SVNDON.ru;
2024-01-08;SVOBODEN-OT-DOLGOV24.ru;
2024-01-08;SWAP-GAMES.ru;
2024-01-08;SWEETBYKET.ru;
2024-01-08;SWET11.ru;
2024-01-08;SX69.ru;
2024-01-08;SYNCHRO-VLG.ru;
2024-01-08;SYRLYBAEVA.ru;
2024-01-08;T3EDUCATION.ru;
2024-01-08;T9QMRA6.ru;
2024-01-08;TABYSTY.ru;
2024-01-08;TADARRUJ.ru;
2024-01-08;TAM-VKUSNO.ru;
2024-01-08;TANCY2023.ru;
2024-01-08;TANKI-PREM.ru;
2024-01-08;TANWAXCC.ru;
2024-01-08;TARGETEV.ru;
2024-01-08;TAROT-MAGICSCHOOL.ru;
2024-01-08;TAROT-SPREADS.ru;
2024-01-08;TAROTSPREADS.ru;
2024-01-08;TASK-MANAGEMENT-DEV.ru;
2024-01-08;TATIZA.ru;
2024-01-08;TATJANA-POPOVA.ru;
2024-01-08;TATYANA-ASTRO.ru;
2024-01-08;TAXI-DISCOUNTER.ru;
2024-01-08;TAYAKOR.ru;
2024-01-08;TB-DB.ru;
2024-01-08;TCHERNICHENKO.ru;
2024-01-08;TCM1998.ru;
2024-01-08;TECH-WORLD13.ru;
2024-01-08;TECHFUELING3.ru;
2024-01-08;TEHNODOMDV.ru;
2024-01-08;TEHNOIGRY.ru;
2024-01-08;TEHNOSELECT.ru;
2024-01-08;TEKHNIKA-PORTAL.ru;
2024-01-08;TELEGARM-AUTH.ru;
2024-01-08;TELEGRAMPREMFLEXUX.ru;
2024-01-08;TELLGM.ru;
2024-01-08;TENDERHELP-BG.ru;
2024-01-08;TENLK.ru;
2024-01-08;TEOLYMA.ru;
2024-01-08;TEPLOKOMUNELEN.ru;
2024-01-08;TEREMSKAZOK.ru;
2024-01-08;TESSERE-TKANI.ru;
2024-01-08;TESSERETKANI.ru;
2024-01-08;TEST-IS-TEST.ru;
2024-01-08;TESTDOMAIN4PROJECTS.ru;
2024-01-08;TESTPAPALMYSITE.ru;
2024-01-08;TESTY-VITTE.ru;
2024-01-08;TEXNOMIRA.ru;
2024-01-08;TG-SLIV.ru;
2024-01-08;THENIYTEW.ru;
2024-01-08;THENOTCOIN.ru;
2024-01-08;THREEAM.ru;
2024-01-08;TIERNOVA.ru;
2024-01-08;TIGER-7.ru;
2024-01-08;TILOTER.ru;
2024-01-08;TINDER-KIT.ru;
2024-01-08;TINDERKIT.ru;
2024-01-08;TINEALER.ru;
2024-01-08;TINKOFFCLUB.ru;
2024-01-08;TINKOFINVEST.ru;
2024-01-08;TITANINV.ru;
2024-01-08;TKSEO.ru;
2024-01-08;TLISOVA.ru;
2024-01-08;TMNDETAILING.ru;
2024-01-08;TMNGD.ru;
2024-01-08;TNT-NAZAROVO.ru;
2024-01-08;TOCHIKI.ru;
2024-01-08;TOFOT.ru;
2024-01-08;TOKYOALL.ru;
2024-01-08;TOLSTIAKOV.ru;
2024-01-08;TOLSTIHINA.ru;
2024-01-08;TOMATHOUSE.ru;
2024-01-08;TOMSKCAMP.ru;
2024-01-08;TONIKYANBUILD.ru;
2024-01-08;TOOLMAGIC.ru;
2024-01-08;TOOLSCODER.ru;
2024-01-08;TOP-OF-THE.ru;
2024-01-08;TOPAZK.ru;
2024-01-08;TOPBANCK.ru;
2024-01-08;TOPBIZKNIG.ru;
2024-01-08;TOPDPS.ru;
2024-01-08;TOPENDURO.ru;
2024-01-08;TOPFOTKI.ru;
2024-01-08;TOPSTOL63.ru;
2024-01-08;TOPTISHKA.ru;
2024-01-08;TORIZACIA.ru;
2024-01-08;TOROG.ru;
2024-01-08;TOUBCALEXPERT.ru;
2024-01-08;TOUBKAL.ru;
2024-01-08;TOUBKAL24.ru;
2024-01-08;TOUR-CONTENT.ru;
2024-01-08;TOURCONTENT.ru;
2024-01-08;TOURISMCOURSE.ru;
2024-01-08;TOURS-SAYA.ru;
2024-01-08;TPERM.ru;
2024-01-08;TRACK-ID29.ru;
2024-01-08;TRADEIN-SHOP.ru;
2024-01-08;TRADINGRULES.ru;
2024-01-08;TRAFIK-GROUP.ru;
2024-01-08;TRANSFORMATION-FOR-YOU.ru;
2024-01-08;TRAVELSMARINA.ru;
2024-01-08;TRAVERSEPITER.ru;
2024-01-08;TREEPLENEEDLE.ru;
2024-01-08;TREKVNEPAL.ru;
2024-01-08;TRIANGOWL.ru;
2024-01-08;TRIMTREX.ru;
2024-01-08;TRIP-7319.ru;
2024-01-08;TRIPPLE-X.ru;
2024-01-08;TROFREM.ru;
2024-01-08;TROPKINA.ru;
2024-01-08;TRUEMIKMSKTT.ru;
2024-01-08;TRUESERVPROTT.ru;
2024-01-08;TSM-CH.ru;
2024-01-08;TUMAAN.ru;
2024-01-08;TUNINGVAG.ru;
2024-01-08;TUPOLNIK.ru;
2024-01-08;TURBIN-VINO.ru;
2024-01-08;TURBINVINO.ru;
2024-01-08;TUTDAROM.ru;
2024-01-08;TUYAMODA.ru;
2024-01-08;TVOI-MANIKUR.ru;
2024-01-08;TVORCHES.ru;
2024-01-08;TWIAD.ru;
2024-01-08;TWIZIROREM-RUFI24.ru;
2024-01-08;TWOIKOD.ru;
2024-01-08;TYOSHAA.ru;
2024-01-08;TYTUK.ru;
2024-01-08;TZAK.ru;
2024-01-08;UAGODNAYA.ru;
2024-01-08;UAKBAEV.ru;
2024-01-08;UBERSPORT.ru;
2024-01-08;UBORCA-POSLE-POZHARA.ru;
2024-01-08;UBORCA-POSLE-POZHARA-MSK.ru;
2024-01-08;UBORKA-GRYAZNOJ-KVARTIRY.ru;
2024-01-08;UBORKA-GRYAZNOJ-KVARTIRY-MSK.ru;
2024-01-08;UCHIM-BIOLOGIU.ru;
2024-01-08;UCHINESE.ru;
2024-01-08;UCUSANAELL.ru;
2024-01-08;UDOSTOVERENIYA86SURGUT.ru;
2024-01-08;UF63.ru;
2024-01-08;UGHB.ru;
2024-01-08;UJUTMETR.ru;
2024-01-08;UK-GALS.ru;
2024-01-08;UKGALS.ru;
2024-01-08;UKLADKA-VOLOS.ru;
2024-01-08;UKUDOM.ru;
2024-01-08;UKYDOM.ru;
2024-01-08;UNGINONNI.ru;
2024-01-08;UNIVERSEMUSIC.ru;
2024-01-08;UNIXVPN.ru;
2024-01-08;UNRESTER.ru;
2024-01-08;UPAKOVKA62.ru;
2024-01-08;URAEVSKIJ.ru;
2024-01-08;URAL-HERBS.ru;
2024-01-08;URAPAY.ru;
2024-01-08;URIST-ULSK.ru;
2024-01-08;UROLOG-DN.ru;
2024-01-08;USA-EDU.ru;
2024-01-08;USHAMIRSKAYA.ru;
2024-01-08;USLUGI-AGRODRONA.ru;
2024-01-08;USPESHNYJ.ru;
2024-01-08;UTIUTI.ru;
2024-01-08;UTR-KAZS3.ru;
2024-01-08;UTSRF.ru;
2024-01-08;UZNALKA.ru;
2024-01-08;UZSHOPONLINE.ru;
2024-01-08;V-INTERER.ru;
2024-01-08;V-MOTORNAYA.ru;
2024-01-08;V0OHJI3.ru;
2024-01-08;VAC-PARTS.ru;
2024-01-08;VADJ.ru;
2024-01-08;VAIER.ru;
2024-01-08;VALORANTSPIN.ru;
2024-01-08;VANASTASIN.ru;
2024-01-08;VASHPODAROKIVLEEVA.ru;
2024-01-08;VASYAGIN086.ru;
2024-01-08;VAVADA-IGRAT-ONLAJN.ru;
2024-01-08;VAVADA989.ru;
2024-01-08;VBASTRIKOV.ru;
2024-01-08;VDGRECHKO.ru;
2024-01-08;VDVPOSTBOT.ru;
2024-01-08;VEDPORTAL-TEST.ru;
2024-01-08;VELIFURKAN.ru;
2024-01-08;VERAMEDMAR.ru;
2024-01-08;VERESARA.ru;
2024-01-08;VERTICAL-CAMP.ru;
2024-01-08;VGIPNOZE.ru;
2024-01-08;VIBRAGIN.ru;
2024-01-08;VIEWSNAP.ru;
2024-01-08;VIK0.ru;
2024-01-08;VIKAMARKINA.ru;
2024-01-08;VIKENERGOAVTOMAT.ru;
2024-01-08;VILORYLAP.ru;
2024-01-08;VIRTUALBOND.ru;
2024-01-08;VIRTUALITYSHOW.ru;
2024-01-08;VISAASSISTANT.ru;
2024-01-08;VITALI-NEKRASOV.ru;
2024-01-08;VIVA-CAKE.ru;
2024-01-08;VIVO-CIS.ru;
2024-01-08;VKAUCSBOT.ru;
2024-01-08;VKONDAKOVA.ru;
2024-01-08;VKORSHIK.ru;
2024-01-08;VKUSNYAEDA.ru;
2024-01-08;VLADAMAZHUGA.ru;
2024-01-08;VLADCAR125.ru;
2024-01-08;VLADIMIR-PILIPENKO.ru;
2024-01-08;VLADIMIRMLS.ru;
2024-01-08;VLADISLAVKIDANOV.ru;
2024-01-08;VLADRYABOV.ru;
2024-01-08;VLIANIEISTORICHESKIHFACTOROVNARASVITIEIZOBRAZITELNOGOIS.ru;
2024-01-08;VLRUSSKIKH.ru;
2024-01-08;VMASALOVA.ru;
2024-01-08;VMRZK.ru;
2024-01-08;VNEVSKIJ.ru;
2024-01-08;VOLKG50REY.ru;
2024-01-08;VOLODY19.ru;
2024-01-08;VOLOGDA-WOOD.ru;
2024-01-08;VOLOSHIN-STAVROPOL.ru;
2024-01-08;VOROTA-KOXMA.ru;
2024-01-08;VOSIK.ru;
2024-01-08;VOSTORG-ECLAIRS.ru;
2024-01-08;VOT-OGORODIK.ru;
2024-01-08;VOVA-4IR.ru;
2024-01-08;VOVKUSERU.ru;
2024-01-08;VOYTYUK-PHOTO.ru;
2024-01-08;VP-EMAIL.ru;
2024-01-08;VPCONF.ru;
2024-01-08;VPOLUEKTOVA.ru;
2024-01-08;VRGTCOMPANY.ru;
2024-01-08;VRM48.ru;
2024-01-08;VSALMIN.ru;
2024-01-08;VSE-KURSY-PYTHON.ru;
2024-01-08;VSE-ZUBI-SARATOV.ru;
2024-01-08;VSEBROVI.ru;
2024-01-08;VSEMBILETLOTO.ru;
2024-01-08;VSERUSSKOE.ru;
2024-01-08;VSESLOVOPACAN.ru;
2024-01-08;VSESTELKI24.ru;
2024-01-08;VSEVKAM.ru;
2024-01-08;VSTYPLENIE-V-SRO-SROCHNO.ru;
2024-01-08;VSTYPLENIE-V-SRO-SROCHNO-RF.ru;
2024-01-08;VSUKHONOS.ru;
2024-01-08;VSYAHIMIA.ru;
2024-01-08;VTISHIN.ru;
2024-01-08;VYATININA.ru;
2024-01-08;VYKUPAVTO74.ru;
2024-01-08;VYSOTSKYIALP.ru;
2024-01-08;VYVOZMUSORA-NF.ru;
2024-01-08;WAKE-UP-NEO.ru;
2024-01-08;WALLETPAYNET.ru;
2024-01-08;WALPPAY.ru;
2024-01-08;WARDHAM.ru;
2024-01-08;WASZKONTENER.ru;
2024-01-08;WAVES-CREDITE.ru;
2024-01-08;WBZAKOPEIKI.ru;
2024-01-08;WEB-SPORA.ru;
2024-01-08;WEB-ULITKA.ru;
2024-01-08;WEB2IT.ru;
2024-01-08;WEBASTO-NADYM.ru;
2024-01-08;WEBCOVERLET.ru;
2024-01-08;WEBCRABS.ru;
2024-01-08;WEBDSK.ru;
2024-01-08;WEBFOODASSISTANT.ru;
2024-01-08;WEBFOODDELIVERY.ru;
2024-01-08;WEBFOODSYSTEM.ru;
2024-01-08;WEBSOFTER.ru;
2024-01-08;WECHANT.ru;
2024-01-08;WEDENEEVA.ru;
2024-01-08;WEDTIMES.ru;
2024-01-08;WEREVER.ru;
2024-01-08;WESLYNET.ru;
2024-01-08;WHAATCSAP.ru;
2024-01-08;WHENPRODUCTION.ru;
2024-01-08;WHHATCAP.ru;
2024-01-08;WHOLE-EVERGLOW.ru;
2024-01-08;WILDWHITEWOLFY.ru;
2024-01-08;WINCHESS.ru;
2024-01-08;WINTERDREAMTOUR.ru;
2024-01-08;WM-GAMES.ru;
2024-01-08;WOGARCHIVE.ru;
2024-01-08;WONDERSOPPING.ru;
2024-01-08;WORK-PUSHKAREVAON.ru;
2024-01-08;WORLD-FORTUNE.ru;
2024-01-08;WORLD-VPN.ru;
2024-01-08;WORLDFORTUNE.ru;
2024-01-08;WORONTSOW.ru;
2024-01-08;WOWVITALY2017.ru;
2024-01-08;WUFFLES.ru;
2024-01-08;WWRR.ru;
2024-01-08;WWW-MASTER-SPLIT.ru;
2024-01-08;X-ROCKET.ru;
2024-01-08;X3MDOT.ru;
2024-01-08;X3MM.ru;
2024-01-08;XARIUM.ru;
2024-01-08;XBLOOM.ru;
2024-01-08;XDEVELOP.ru;
2024-01-08;XENORALIES.ru;
2024-01-08;XINALIAN.ru;
2024-01-08;XNETWORKS.ru;
2024-01-08;XTICAPI.ru;
2024-01-08;XTRENDS.ru;
2024-01-08;XXLEGION.ru;
2024-01-08;YA-GE.ru;
2024-01-08;YAGNISHEV.ru;
2024-01-08;YAHMUR-MEDITATION.ru;
2024-01-08;YAK86.ru;
2024-01-08;YAKISHIN.ru;
2024-01-08;YALICE.ru;
2024-01-08;YANDEX-PISANOVA.ru;
2024-01-08;YANDEXPARTNERSERVICE.ru;
2024-01-08;YANEDAPART.ru;
2024-01-08;YANKISFOTO.ru;
2024-01-08;YAQA.ru;
2024-01-08;YARKIY-GOROD.ru;
2024-01-08;YARMIINFO.ru;
2024-01-08;YARRAPROEKT.ru;
2024-01-08;YASBOT.ru;
2024-01-08;YEEZYWORLDS.ru;
2024-01-08;YELLOW-CLUB.ru;
2024-01-08;YELOPUKOVICH.ru;
2024-01-08;YFALKO.ru;
2024-01-08;YNDXX.ru;
2024-01-08;YOOLOVIA.ru;
2024-01-08;YORINONALA.ru;
2024-01-08;YOURLUXHUB.ru;
2024-01-08;YPASTUKHOV.ru;
2024-01-08;YUDINAPOLINA.ru;
2024-01-08;YUKOO.ru;
2024-01-08;YULA1212.ru;
2024-01-08;YULIABUYUN.ru;
2024-01-08;YUMA-RP.ru;
2024-01-08;YUPITERMEBEL.ru;
2024-01-08;YURIST24-ONLINE.ru;
2024-01-08;YUTNOEMESTO.ru;
2024-01-08;Z-DETEKTOR.ru;
2024-01-08;Z51CHV.ru;
2024-01-08;Z8YNV.ru;
2024-01-08;ZA-ZA-ZAIM.ru;
2024-01-08;ZADROT-CHAN.ru;
2024-01-08;ZAI161.ru;
2024-01-08;ZAIKA-MARKETING.ru;
2024-01-08;ZAIMUSEICHAS.ru;
2024-01-08;ZAKAZ2138.ru;
2024-01-08;ZAKD.ru;
2024-01-08;ZAKHARAU.ru;
2024-01-08;ZAKONNO24-NE-PLACHY.ru;
2024-01-08;ZAKONNO24-STOP-DOLG.ru;
2024-01-08;ZAP-MSK.ru;
2024-01-08;ZAREMA-AJI.ru;
2024-01-08;ZARYVNOVA.ru;
2024-01-08;ZASOBA-7.ru;
2024-01-08;ZAYEMONLINE.ru;
2024-01-08;ZAYMY-MFO.ru;
2024-01-08;ZAZAHOME.ru;
2024-01-08;ZC4TM6W.ru;
2024-01-08;ZDRAVIYASTRANE.ru;
2024-01-08;ZEIGHT.ru;
2024-01-08;ZEMLYA-SMYSLOV.ru;
2024-01-08;ZEPTERRUS.ru;
2024-01-08;ZHILANIA.ru;
2024-01-08;ZHONGSHENG-GROUP.ru;
2024-01-08;ZHONGSHENGGROUP.ru;
2024-01-08;ZIBIMBAM.ru;
2024-01-08;ZIVOY.ru;
2024-01-08;ZLATA-VERA.ru;
2024-01-08;ZMK-WELD.ru;
2024-01-08;ZMK66.ru;
2024-01-08;ZNACHENIE-KLICHKI.ru;
2024-01-08;ZNAKOMLYS.ru;
2024-01-08;ZNAKOMOF.ru;
2024-01-08;ZOLOTAREVA-INTERIOR.ru;
2024-01-08;ZOLOTOVA-TOP.ru;
2024-01-08;ZOO4.ru;
2024-01-08;ZOOMOTO.ru;
2024-01-08;ZUBOVA24.ru;
2024-01-08;ZUCZUG.ru;
2024-01-08;ZUMFAP.ru;
2024-01-08;ZVEZDYVAFRIKE.ru;
2024-01-08;ZVONILENE.ru;
2024-01-08;ZXGHO.ru;
2024-01-08;ZYKOV-PHOTO.ru;
2024-01-08;ZYLT.ru;
2024-01-08;ZZARI.ru;
2024-01-09;04RU.ru;
2024-01-09;09-09.ru;
2024-01-09;090124.ru;
2024-01-09;090973-ULANOV.ru;
2024-01-09;09SLADKO.ru;
2024-01-09;0RIOFFICE.ru;
2024-01-09;1000ST.ru;
2024-01-09;1001PUZZLES.ru;
2024-01-09;100500FACTS.ru;
2024-01-09;1098.ru;
2024-01-09;11V11.ru;
2024-01-09;120-NA-80.ru;
2024-01-09;1212012.ru;
2024-01-09;13-OPERATION.ru;
2024-01-09;15FES.ru;
2024-01-09;161POTOLOK.ru;
2024-01-09;192876.ru;
2024-01-09;1C-VIT.ru;
2024-01-09;1CPPZ.ru;
2024-01-09;1CSCALE.ru;
2024-01-09;1WIN-PROMOCODES-CFD.ru;
2024-01-09;1WINSLOTS.ru;
2024-01-09;1XBET-GOOD213.ru;
2024-01-09;1XBETD.ru;
2024-01-09;1XBETNK.ru;
2024-01-09;2-HOLOP.ru;
2024-01-09;2-XOLOP.ru;
2024-01-09;2000WATT.ru;
2024-01-09;2024-GO.ru;
2024-01-09;2024CHEAPS.ru;
2024-01-09;2024CHEAPSALE.ru;
2024-01-09;2024OUTLETCHEAP.ru;
2024-01-09;2024OUTLETFACTORY.ru;
2024-01-09;207KCASINO.ru;
2024-01-09;228COM.ru;
2024-01-09;23FES.ru;
2024-01-09;24-7COM.ru;
2024-01-09;24-POTENCIYA.ru;
2024-01-09;2424-7COM.ru;
2024-01-09;24ALTERNATIVA.ru;
2024-01-09;24GOLD.ru;
2024-01-09;24MASTER-SERVICE.ru;
2024-01-09;24PROVET.ru;
2024-01-09;24TECHNOPLUS.ru;
2024-01-09;24TERMA.ru;
2024-01-09;24WISEXCHANGER.ru;
2024-01-09;258359.ru;
2024-01-09;26FES.ru;
2024-01-09;2928-CARGO.ru;
2024-01-09;2928CARGO.ru;
2024-01-09;2COMING.ru;
2024-01-09;2HOME2.ru;
2024-01-09;2WEBCO.ru;
2024-01-09;2WEBCOMPANY.ru;
2024-01-09;30FES.ru;
2024-01-09;31ZOV.ru;
2024-01-09;33733.ru;
2024-01-09;33REST.ru;
2024-01-09;33STORAGE.ru;
2024-01-09;34FES.ru;
2024-01-09;3D-DV.ru;
2024-01-09;3DESIGER.ru;
2024-01-09;41120.ru;
2024-01-09;4GAMEINN.ru;
2024-01-09;4PLAN.ru;
2024-01-09;4UBAROV.ru;
2024-01-09;61FES.ru;
2024-01-09;7-SECONDS.ru;
2024-01-09;777-PINUP702.ru;
2024-01-09;818PVV.ru;
2024-01-09;87KCASINO.ru;
2024-01-09;8ZNANII.ru;
2024-01-09;9037947323.ru;
2024-01-09;95FES.ru;
2024-01-09;96-GR.ru;
2024-01-09;9870987.ru;
2024-01-09;A-ARTYUKH.ru;
2024-01-09;A-BUDARIN.ru;
2024-01-09;A-HEAD.ru;
2024-01-09;A-IM.ru;
2024-01-09;A-KLASS-PLUS.ru;
2024-01-09;A-LENA-OK.ru;
2024-01-09;A2468L.ru;
2024-01-09;A30RETOUCH.ru;
2024-01-09;AA-T.ru;
2024-01-09;AAA-PLUS.ru;
2024-01-09;AARRIIFF.ru;
2024-01-09;ABAKOSTROMA.ru;
2024-01-09;ABDRAKHMAN.ru;
2024-01-09;ABDULAHATOV.ru;
2024-01-09;ABFURNI.ru;
2024-01-09;ABOBZAN.ru;
2024-01-09;ABOUTIQ.ru;
2024-01-09;ABRAMCHUKOVA-COPYWRITER.ru;
2024-01-09;ABSOLUTTTE.ru;
2024-01-09;ABSURDCODE.ru;
2024-01-09;ABURYJ.ru;
2024-01-09;ACADEMYFILTR.ru;
2024-01-09;ACCOUNTSBUY.ru;
2024-01-09;ACEPHYPH.ru;
2024-01-09;ACHASTOV.ru;
2024-01-09;ACHMUH.ru;
2024-01-09;ACKWINSM.ru;
2024-01-09;ACLAIRE.ru;
2024-01-09;ACTIVATOR-OFFICE.ru;
2024-01-09;ADBSALES.ru;
2024-01-09;ADEP-T.ru;
2024-01-09;ADFV.ru;
2024-01-09;ADMKOCHETOVSKOE.ru;
2024-01-09;ADRONIT.ru;
2024-01-09;ADS-DATA.ru;
2024-01-09;ADSCOLL.ru;
2024-01-09;ADVOKAT-MITINO.ru;
2024-01-09;ADWET.ru;
2024-01-09;AELITAPETROVA.ru;
2024-01-09;AERMOLITSKY.ru;
2024-01-09;AETELING.ru;
2024-01-09;AFG-MSK.ru;
2024-01-09;AFLA-VIITORUL.ru;
2024-01-09;AGASIO15.ru;
2024-01-09;AGENTCOZY.ru;
2024-01-09;AGENTGRU.ru;
2024-01-09;AGOYA.ru;
2024-01-09;AGRO-SENSOR.ru;
2024-01-09;AGROGOU.ru;
2024-01-09;AGROSENSORS.ru;
2024-01-09;AHKRASOTKA.ru;
2024-01-09;AIAIX.ru;
2024-01-09;AICORTEX.ru;
2024-01-09;AIDEVTECH.ru;
2024-01-09;AINTEGRA.ru;
2024-01-09;AINTELLECTS.ru;
2024-01-09;AIRDEVICE.ru;
2024-01-09;AIREALTOR.ru;
2024-01-09;AIRINSECURITY.ru;
2024-01-09;AIRTECHNIC.ru;
2024-01-09;AISTROKE.ru;
2024-01-09;AISYSDEV.ru;
2024-01-09;AK84.ru;
2024-01-09;AKADEMIA-OBRAZOVANIE.ru;
2024-01-09;AKARAVAEV.ru;
2024-01-09;AKB-DLYA-AVTO.ru;
2024-01-09;AKINFERB.ru;
2024-01-09;AKKUMULYATORNAYA-MINI-PILA.ru;
2024-01-09;AKSANAKA.ru;
2024-01-09;AKSENTEHNO.ru;
2024-01-09;AKVIL69.ru;
2024-01-09;AKYUZOTO1967.ru;
2024-01-09;AL-AMIRKHANYAN.ru;
2024-01-09;AL-TOURS.ru;
2024-01-09;ALBRANT1.ru;
2024-01-09;ALCODOSTAVKACLUB1210.ru;
2024-01-09;ALCODOSTAVKASHOP1218.ru;
2024-01-09;ALEBOOSTER.ru;
2024-01-09;ALEGKIJ.ru;
2024-01-09;ALEKS7549.ru;
2024-01-09;ALEKSAKN.ru;
2024-01-09;ALEKSEENKO-ROMA.ru;
2024-01-09;ALEKSEY-NEMOV.ru;
2024-01-09;ALEKSEYSHEVCHENKO.ru;
2024-01-09;ALEMINTIS.ru;
2024-01-09;ALENA-REDREEVA.ru;
2024-01-09;ALENAKOPYLOVA.ru;
2024-01-09;ALEROLS.ru;
2024-01-09;ALETOPUS.ru;
2024-01-09;ALEXANDRMAXIUTA.ru;
2024-01-09;ALEXEV.ru;
2024-01-09;ALEXEYKHROMOFF.ru;
2024-01-09;ALEXPOD.ru;
2024-01-09;ALFADEBETCARD.ru;
2024-01-09;ALFAFORYMAGENT.ru;
2024-01-09;ALINA-STORIES.ru;
2024-01-09;ALINADROFEEVA.ru;
2024-01-09;ALINAEFREMOVA.ru;
2024-01-09;ALIRA-FORMULA.ru;
2024-01-09;ALIRAFORMULA.ru;
2024-01-09;ALISA1511.ru;
2024-01-09;ALISA23.ru;
2024-01-09;ALISAPROSEX.ru;
2024-01-09;ALIVIN.ru;
2024-01-09;ALKIREEV.ru;
2024-01-09;ALL2024PRZ.ru;
2024-01-09;ALLAGUZOVA.ru;
2024-01-09;ALLAMOS.ru;
2024-01-09;ALLCHATBOT.ru;
2024-01-09;ALLMODDB.ru;
2024-01-09;ALLPROMOKODS.ru;
2024-01-09;ALLTHEMEBEL.ru;
2024-01-09;ALOKOLS.ru;
2024-01-09;ALQADY.ru;
2024-01-09;ALTAIKRAI22.ru;
2024-01-09;ALTTOBACCO.ru;
2024-01-09;ALUMASTERS.ru;
2024-01-09;AMAKSIMEN.ru;
2024-01-09;AMALAFRUIT.ru;
2024-01-09;AMALYUKOV.ru;
2024-01-09;AMAMIN.ru;
2024-01-09;AMAZONIA-GROUP.ru;
2024-01-09;AMAZONIAGROUP.ru;
2024-01-09;AMBSENMOS.ru;
2024-01-09;AMGT-HOUSE.ru;
2024-01-09;AMIRBEKOV-1.ru;
2024-01-09;AMIRGARIPOV.ru;
2024-01-09;AMOREES.ru;
2024-01-09;AMOTYAKOV.ru;
2024-01-09;AMPARO196.ru;
2024-01-09;AMULET-NAKONECHNIK-FREYI.ru;
2024-01-09;AMYSLIK.ru;
2024-01-09;AMZIN1.ru;
2024-01-09;AN-FM.ru;
2024-01-09;AN-TANDEM.ru;
2024-01-09;ANANASART.ru;
2024-01-09;ANANASDOM.ru;
2024-01-09;ANARCHY-LEGEND.ru;
2024-01-09;ANASTASIASTEPANOVA.ru;
2024-01-09;ANASTASIELIEVRE.ru;
2024-01-09;ANASTTECH.ru;
2024-01-09;ANATOLII-RS.ru;
2024-01-09;ANCELYNN.ru;
2024-01-09;ANDRE-PAVLOV.ru;
2024-01-09;ANDROSOVACOACH.ru;
2024-01-09;ANDRU44.ru;
2024-01-09;ANDRUSHIN.ru;
2024-01-09;ANFEDOTOVDESIGN.ru;
2024-01-09;ANIKINA009.ru;
2024-01-09;ANIKINAKM59.ru;
2024-01-09;ANISSOVI.ru;
2024-01-09;ANKETA-OPEN.ru;
2024-01-09;ANKETA-YCLYG.ru;
2024-01-09;ANNA-ALEHINA.ru;
2024-01-09;ANNA-IGOREVN.ru;
2024-01-09;ANNA-SYSOEVA.ru;
2024-01-09;ANNA21127-1.ru;
2024-01-09;ANNAFURSOVA.ru;
2024-01-09;ANNAHARITONOVA.ru;
2024-01-09;ANNALIBINA.ru;
2024-01-09;ANNAMAKSIMENKO.ru;
2024-01-09;ANONASLEDIE-KRSK.ru;
2024-01-09;ANTDATACENTER.ru;
2024-01-09;ANTICHRIST666.ru;
2024-01-09;ANTIFARA.ru;
2024-01-09;ANTIFRAUDSTER.ru;
2024-01-09;ANTIPINA-SOROKINA.ru;
2024-01-09;ANTIWES.ru;
2024-01-09;ANTONBATUEV.ru;
2024-01-09;ANTOS1996.ru;
2024-01-09;ANTX24GO.ru;
2024-01-09;ANYKEYMAN.ru;
2024-01-09;ANYMONEYBOT.ru;
2024-01-09;AOC-DELL-HP.ru;
2024-01-09;AOCDELLHP.ru;
2024-01-09;AODOEVSKY.ru;
2024-01-09;APEXMINE.ru;
2024-01-09;APIDB.ru;
2024-01-09;APP74.ru;
2024-01-09;APPARATY-SVARKA.ru;
2024-01-09;APPARC.ru;
2024-01-09;APPS-NODE.ru;
2024-01-09;APTEKAGO-RABOTA.ru;
2024-01-09;APUSHKA55.ru;
2024-01-09;ARBITSCANNER.ru;
2024-01-09;ARCHIMUSEUM.ru;
2024-01-09;ARCPLAY.ru;
2024-01-09;ARCVIKVEDUNIA.ru;
2024-01-09;ARD3Y.ru;
2024-01-09;ARENDA-KRANA24.ru;
2024-01-09;ARGORN.ru;
2024-01-09;ARKHYZ-KURORT.ru;
2024-01-09;ARKTIKA77R.ru;
2024-01-09;ARMANLIGHT.ru;
2024-01-09;ARMBRANDY.ru;
2024-01-09;AROMAVOLNY.ru;
2024-01-09;AROMYVOLNY.ru;
2024-01-09;ARONOVASK.ru;
2024-01-09;ART-ACADEMY-DAR.ru;
2024-01-09;ART-NOTA.ru;
2024-01-09;ARTBUDO-HOUSE.ru;
2024-01-09;ARTDIZAINMSK.ru;
2024-01-09;ARTEMBIYAK.ru;
2024-01-09;ARTEX-CREDIT.ru;
2024-01-09;ARTKARAMBA.ru;
2024-01-09;ARTKIDS-WEAR.ru;
2024-01-09;ARTKIDSWEAR.ru;
2024-01-09;ARTPUSHKIN.ru;
2024-01-09;ARTS-MIND.ru;
2024-01-09;ARTURFEDENEV.ru;
2024-01-09;ARZCOUNTRY.ru;
2024-01-09;ASFANDESIGN.ru;
2024-01-09;ASHABRUKOV.ru;
2024-01-09;ASHAFEEVA.ru;
2024-01-09;ASHEPUROV.ru;
2024-01-09;ASIKLEM.ru;
2024-01-09;ASIZONENKO.ru;
2024-01-09;ASKTARO.ru;
2024-01-09;ASKTUT-OTVET.ru;
2024-01-09;ASKTUT-VOPROS.ru;
2024-01-09;ASMORGUN.ru;
2024-01-09;ASSANELORA.ru;
2024-01-09;ASSIDEI.ru;
2024-01-09;ASTRAAMOVSKOE.ru;
2024-01-09;ASTRACENTR.ru;
2024-01-09;ASTRODOBROO.ru;
2024-01-09;ASTROMAPS.ru;
2024-01-09;ATISHKIN.ru;
2024-01-09;ATMANSKII.ru;
2024-01-09;ATMOSPH.ru;
2024-01-09;ATN-SERVICES.ru;
2024-01-09;ATOM-SM.ru;
2024-01-09;ATOMIC-BEAM.ru;
2024-01-09;ATOMY-SHOP.ru;
2024-01-09;ATROYANOVSKAYA.ru;
2024-01-09;ATTRACTIONSCRIMEA.ru;
2024-01-09;AUDIOBOOK-S.ru;
2024-01-09;AUDITBFO.ru;
2024-01-09;AUHOVA.ru;
2024-01-09;AURORA-38.ru;
2024-01-09;AURUM-CRUISE.ru;
2024-01-09;AUSIK.ru;
2024-01-09;AUTHMALL.ru;
2024-01-09;AUTO-INEWS.ru;
2024-01-09;AUTOAITO.ru;
2024-01-09;AUTOCHECKPOINT.ru;
2024-01-09;AUTOLIN.ru;
2024-01-09;AV-STM-OLD.ru;
2024-01-09;AV-VOLKOV.ru;
2024-01-09;AVERYANOW.ru;
2024-01-09;AVITOLOG-KO.ru;
2024-01-09;AVTO-EXPERTIZA360.ru;
2024-01-09;AVTO-LED-FOX.ru;
2024-01-09;AVTOBAFERI.ru;
2024-01-09;AVTOBUY96.ru;
2024-01-09;AVTOKALITKA.ru;
2024-01-09;AVTOMIRAGE.ru;
2024-01-09;AVTOMOBILEPORTAL.ru;
2024-01-09;AVTOPLUSE.ru;
2024-01-09;AVTOSERVIS-TOCHKA.ru;
2024-01-09;AVTOSERVISOTADOIA.ru;
2024-01-09;AWNQUOTED.ru;
2024-01-09;AXE-BOARD.ru;
2024-01-09;AXE-KIREEVA.ru;
2024-01-09;AYKA-YANDEX.ru;
2024-01-09;AYKINE.ru;
2024-01-09;AZELENKOVA.ru;
2024-01-09;AZINO777-7TELL.ru;
2024-01-09;AZINO777-7THEY.ru;
2024-01-09;AZINO777-7TO7.ru;
2024-01-09;AZINO777-BONUS7.ru;
2024-01-09;AZINO777-CASINO-PRO.ru;
2024-01-09;AZINO777-CAZINO.ru;
2024-01-09;AZINO777-CAZINOPAYZ.ru;
2024-01-09;AZINO777-COM5.ru;
2024-01-09;AZINO777-E.ru;
2024-01-09;AZINO777-GAME.ru;
2024-01-09;AZINO777-GET-BONUS.ru;
2024-01-09;AZINO777-GOU.ru;
2024-01-09;AZINO777-KASINOPLAY.ru;
2024-01-09;AZINO777-KAZINO16.ru;
2024-01-09;AZINO777-MO9.ru;
2024-01-09;AZINO777-NY.ru;
2024-01-09;AZINO777-OFICIALNIY-MOBBILNAYA.ru;
2024-01-09;AZINO777-OFICIALNIY-SITE-MOBBILNAYA.ru;
2024-01-09;AZINO777-ORIGINAL.ru;
2024-01-09;AZINO777-REGGISTRACIYA.ru;
2024-01-09;AZINO777-REGISTRACIJA.ru;
2024-01-09;AZINO777-SAYT.ru;
2024-01-09;AZINO777-TOPCAZINO.ru;
2024-01-09;AZINO777-TOPSITE.ru;
2024-01-09;AZINO777-XXL.ru;
2024-01-09;AZINO777-ZERKALO.ru;
2024-01-09;AZINO777-ZERKALO777.ru;
2024-01-09;AZINO777CASINOCASH.ru;
2024-01-09;AZINO777KAZINOSHKA131.ru;
2024-01-09;AZINO777KAZINOSHKA21.ru;
2024-01-09;AZINO777ONILNE.ru;
2024-01-09;AZINO777WINMONEY.ru;
2024-01-09;AZINOWINCASINO.ru;
2024-01-09;AZSDLYASVOIH.ru;
2024-01-09;AZUCAR.ru;
2024-01-09;B-BO.ru;
2024-01-09;B-MV.ru;
2024-01-09;B4-GROUP.ru;
2024-01-09;BABUSHARA.ru;
2024-01-09;BAELBRAND.ru;
2024-01-09;BAFFTYU3.ru;
2024-01-09;BAGRYANTSEVD.ru;
2024-01-09;BALIMA.ru;
2024-01-09;BALOROV.ru;
2024-01-09;BALTENSOUL.ru;
2024-01-09;BANANBERRY.ru;
2024-01-09;BAND-HOST.ru;
2024-01-09;BANK-AKBARS.ru;
2024-01-09;BANK-PSB.ru;
2024-01-09;BANTIKO.ru;
2024-01-09;BARASHKO78.ru;
2024-01-09;BARBARA-PSY.ru;
2024-01-09;BARBER-COSMETIC.ru;
2024-01-09;BARBERINVEST.ru;
2024-01-09;BARBERSHOP-KIROV.ru;
2024-01-09;BARBERSHOPFAVORIT.ru;
2024-01-09;BASHHIMTRANS.ru;
2024-01-09;BASMAKSOV-PRO.ru;
2024-01-09;BATINO.ru;
2024-01-09;BATONCLEANING.ru;
2024-01-09;BAVSTUDIO.ru;
2024-01-09;BAYON-BARNAUL22.ru;
2024-01-09;BAZA412.ru;
2024-01-09;BAZHENOV-MEBEL.ru;
2024-01-09;BBELYJ.ru;
2024-01-09;BCS54.ru;
2024-01-09;BEADSCHEME.ru;
2024-01-09;BEAUTEKBEAUTY.ru;
2024-01-09;BEAUTY-ACADEMY-D.ru;
2024-01-09;BEAUTY-STYLING.ru;
2024-01-09;BEAUTYPAD.ru;
2024-01-09;BEAUTYWEBINAR.ru;
2024-01-09;BEDLINGTONTERRIER.ru;
2024-01-09;BEKETOV-1.ru;
2024-01-09;BELACHEV.ru;
2024-01-09;BELAJA-TOP.ru;
2024-01-09;BELKAPLAY.ru;
2024-01-09;BELLEDARSALON.ru;
2024-01-09;BELOSNOFF.ru;
2024-01-09;BELOUSOV36.ru;
2024-01-09;BELOVEDGOD.ru;
2024-01-09;BELOVLIVE.ru;
2024-01-09;BELTCRAFTERS.ru;
2024-01-09;BELUGA68.ru;
2024-01-09;BELYNKA27.ru;
2024-01-09;BENNIBA.ru;
2024-01-09;BENTGLASS.ru;
2024-01-09;BEREZA777.ru;
2024-01-09;BEREZKAPOLSKA.ru;
2024-01-09;BERHIKK.ru;
2024-01-09;BERLINPOST.ru;
2024-01-09;BERRYPHONE.ru;
2024-01-09;BESSMERTNYKH.ru;
2024-01-09;BEST-ENGINEER.ru;
2024-01-09;BEST-LINKS.ru;
2024-01-09;BEST2024CHEAP.ru;
2024-01-09;BEST2024FACTORY.ru;
2024-01-09;BESTCOURSES1C.ru;
2024-01-09;BESTFORECAST.ru;
2024-01-09;BESTN2024X.ru;
2024-01-09;BETON-SPB-MONOLIT.ru;
2024-01-09;BETON-V-SIMFEROPOLE.ru;
2024-01-09;BEZDEPOZZ.ru;
2024-01-09;BFL-KLIENT2024.ru;
2024-01-09;BFPLAST.ru;
2024-01-09;BG-SHELDYAEV.ru;
2024-01-09;BHSONXILSLIN.ru;
2024-01-09;BIFMARKET.ru;
2024-01-09;BIFPRAVO.ru;
2024-01-09;BIG-DATA-LEADS.ru;
2024-01-09;BIG-GREENEGG.ru;
2024-01-09;BIGDONGMONKEYKONG.ru;
2024-01-09;BILETOTIVLEEVOY.ru;
2024-01-09;BINARIUM-BONUS.ru;
2024-01-09;BINARIUM-FORUM.ru;
2024-01-09;BINARIUM-MEDIA.ru;
2024-01-09;BINARIUM-MOBI.ru;
2024-01-09;BINARIUM-TRADER.ru;
2024-01-09;BINARIUM-TRADING.ru;
2024-01-09;BINGO2024X.ru;
2024-01-09;BIOLARLABS.ru;
2024-01-09;BISWIND.ru;
2024-01-09;BIT-HOST.ru;
2024-01-09;BITDO.ru;
2024-01-09;BIYADI.ru;
2024-01-09;BIZCLASH.ru;
2024-01-09;BIZIIPACK.ru;
2024-01-09;BIZNES-SEGODNYA.ru;
2024-01-09;BK-SERVICES.ru;
2024-01-09;BLACK-KLIGAN.ru;
2024-01-09;BLACK-WHITE-PROJECT.ru;
2024-01-09;BLACKSPRUTS-COM.ru;
2024-01-09;BLACKSPRUTZ.ru;
2024-01-09;BLATNOYMARKET.ru;
2024-01-09;BLIPART.ru;
2024-01-09;BLOG-WORLD.ru;
2024-01-09;BLOOMEESH.ru;
2024-01-09;BMRU8.ru;
2024-01-09;BNB-GIFT.ru;
2024-01-09;BOARD-WAR.ru;
2024-01-09;BOB-CASINO2024.ru;
2024-01-09;BOBOTLE.ru;
2024-01-09;BOGATOV-MEBEL.ru;
2024-01-09;BOGATSKIY-VB.ru;
2024-01-09;BOLSHE-NE-PLACHY-DOLG24.ru;
2024-01-09;BONDDI.ru;
2024-01-09;BONUS-FS.ru;
2024-01-09;BONUSSGOQ.ru;
2024-01-09;BONUSSGOT.ru;
2024-01-09;BONUSSGOW.ru;
2024-01-09;BOOMCS.ru;
2024-01-09;BOOMSTARK.ru;
2024-01-09;BOOST-JET.ru;
2024-01-09;BOOSTJET.ru;
2024-01-09;BORK-SERVICE.ru;
2024-01-09;BORODINIV.ru;
2024-01-09;BORWALD.ru;
2024-01-09;BOSCH-SERVISE.ru;
2024-01-09;BOSSREMONT.ru;
2024-01-09;BOT-PROFI.ru;
2024-01-09;BOTPROFI.ru;
2024-01-09;BOXED-MAIL.ru;
2024-01-09;BOYBLG.ru;
2024-01-09;BOYKACAMP.ru;
2024-01-09;BOZHEN.ru;
2024-01-09;BRACESNVRS.ru;
2024-01-09;BRAINFREE.ru;
2024-01-09;BRANCHCORE.ru;
2024-01-09;BRANDING-KRASNODAR.ru;
2024-01-09;BRANDNA.ru;
2024-01-09;BRANDZA.ru;
2024-01-09;BRAVO77.ru;
2024-01-09;BREEZE-O.ru;
2024-01-09;BREMENSKIEMUZIKANE.ru;
2024-01-09;BREMENSKIEMUZIKANTE.ru;
2024-01-09;BREMENSKIEMUZYKANTY-2024.ru;
2024-01-09;BREMENSKIEMUZYKANTY2026.ru;
2024-01-09;BRIPA.ru;
2024-01-09;BRNCARECARENT.ru;
2024-01-09;BRONZE-ME.ru;
2024-01-09;BROOKROMAN.ru;
2024-01-09;BROTHER-SERVICE.ru;
2024-01-09;BRUNDAKOV.ru;
2024-01-09;BRUS-KLEENI.ru;
2024-01-09;BRUSKLEENI.ru;
2024-01-09;BU1LD4H0ME.ru;
2024-01-09;BU1LD4H0USE.ru;
2024-01-09;BUBNOVSKIIMED.ru;
2024-01-09;BUBNOVSKIYMED.ru;
2024-01-09;BUDETGLADKO.ru;
2024-01-09;BUEVICHMA.ru;
2024-01-09;BUH-OBSLUZHIVANIE.ru;
2024-01-09;BUILD4YOUHOME.ru;
2024-01-09;BUILDH0ME2YOU.ru;
2024-01-09;BUILDHOME4YOU.ru;
2024-01-09;BUILDING-DISCOUNTER.ru;
2024-01-09;BUK-1WIN.ru;
2024-01-09;BUK-AM.ru;
2024-01-09;BULSCHOOL.ru;
2024-01-09;BUNDESTAG-POST.ru;
2024-01-09;BURENIE-TOCHKA.ru;
2024-01-09;BYBLOOM.ru;
2024-01-09;BYCARE.ru;
2024-01-09;BYKOVDMITRY.ru;
2024-01-09;BYKOVSKAYA-ECOM.ru;
2024-01-09;BYTEBUZZ.ru;
2024-01-09;BYTOVO-4-KA.ru;
2024-01-09;BYTRADING.ru;
2024-01-09;C0RSID.ru;
2024-01-09;CAIMAN-TORG.ru;
2024-01-09;CAKA1994.ru;
2024-01-09;CAR-SPARS.ru;
2024-01-09;CAR-TRUCK.ru;
2024-01-09;CAREERPATHS.ru;
2024-01-09;CARGO2928.ru;
2024-01-09;CARGOSTARS.ru;
2024-01-09;CARLBUCH.ru;
2024-01-09;CARNAGENEWS.ru;
2024-01-09;CARNED.ru;
2024-01-09;CARP-DIVIZION.ru;
2024-01-09;CARPDIVIZION.ru;
2024-01-09;CARRY24XL.ru;
2024-01-09;CARS-NAME.ru;
2024-01-09;CARSTIRE.ru;
2024-01-09;CASH-STR.ru;
2024-01-09;CASHAYLA.ru;
2024-01-09;CASHEW-STUDIO.ru;
2024-01-09;CASHGUY.ru;
2024-01-09;CASHKITIK.ru;
2024-01-09;CASHYBONUS.ru;
2024-01-09;CASINO-PINUP-BET-7.ru;
2024-01-09;CASINO-PINUP777.ru;
2024-01-09;CASINOPINUP-NEW.ru;
2024-01-09;CASINOPINUP-PAYZ.ru;
2024-01-09;CASSA-POOLS.ru;
2024-01-09;CATALOG-SLIVOV.ru;
2024-01-09;CATBASE.ru;
2024-01-09;CATH-ANA.ru;
2024-01-09;CATHANA.ru;
2024-01-09;CAZINOWINBABLO.ru;
2024-01-09;CBER-ANKETA.ru;
2024-01-09;CCLARISSSA.ru;
2024-01-09;CD-COOL.ru;
2024-01-09;CDREVFR.ru;
2024-01-09;CDSPACE.ru;
2024-01-09;CELEBRITYFLOWERS.ru;
2024-01-09;CELYNNETTE.ru;
2024-01-09;CENA-KACHESTVO.ru;
2024-01-09;CENA-REMONTA.ru;
2024-01-09;CERAMIC43.ru;
2024-01-09;CERTIFICADOS.ru;
2024-01-09;CF-DEVICE.ru;
2024-01-09;CFUWEDDING.ru;
2024-01-09;CG95897.ru;
2024-01-09;CHANDRATRIBE.ru;
2024-01-09;CHAPAROV.ru;
2024-01-09;CHATSELL.ru;
2024-01-09;CHEAP2024SALES.ru;
2024-01-09;CHEAPSTORE2024.ru;
2024-01-09;CHEHOL-AVTO.ru;
2024-01-09;CHEHOVA4.ru;
2024-01-09;CHEHOVCLUB.ru;
2024-01-09;CHEK-GOOD.ru;
2024-01-09;CHERLOG.ru;
2024-01-09;CHERNOSVITOV.ru;
2024-01-09;CHESNOKS.ru;
2024-01-09;CHILLAX-OFFICIAL.ru;
2024-01-09;CHINA-CONF.ru;
2024-01-09;CHIPICHAPA.ru;
2024-01-09;CHIROVA.ru;
2024-01-09;CHISTO-MSK.ru;
2024-01-09;CHISTOTAVEZDE.ru;
2024-01-09;CHRONOFILE.ru;
2024-01-09;CHTOPLISNILOS.ru;
2024-01-09;CHUNTIAN58.ru;
2024-01-09;CINCHONA.ru;
2024-01-09;CINCHONA-TONIC.ru;
2024-01-09;CITY-SEVER.ru;
2024-01-09;CITYBAY-MOSCOW.ru;
2024-01-09;CL-CONNECT.ru;
2024-01-09;CLICK-MONEY-2024.ru;
2024-01-09;CLICK-MONEY2024.ru;
2024-01-09;CLIMATE-MSK.ru;
2024-01-09;CLINICA-LOR.ru;
2024-01-09;CLINIKSTOM.ru;
2024-01-09;CLOUD-MALL.ru;
2024-01-09;CLUBS-BEAUTY.ru;
2024-01-09;CNDONGAN.ru;
2024-01-09;CNPOTOLOK.ru;
2024-01-09;CNRFLEX.ru;
2024-01-09;COACHING-PROF.ru;
2024-01-09;CODEXGRIEF.ru;
2024-01-09;CODREANU.ru;
2024-01-09;COFEVN.ru;
2024-01-09;COFFEE-VIETNAM.ru;
2024-01-09;COFFEE-VN.ru;
2024-01-09;COFFEEVIETNAM.ru;
2024-01-09;COGNITRON.ru;
2024-01-09;COGNITRONIX.ru;
2024-01-09;COINCASA.ru;
2024-01-09;COINTRUE.ru;
2024-01-09;COLLOIDLAB.ru;
2024-01-09;COLORIT3.ru;
2024-01-09;COMFORT-SEA.ru;
2024-01-09;COMPLINETEAM.ru;
2024-01-09;CONDITIONER-SOCHI.ru;
2024-01-09;CONTESTCONCURS.ru;
2024-01-09;CONTRABANDACOFFEE.ru;
2024-01-09;CORPACHI.ru;
2024-01-09;CORTEXCORE.ru;
2024-01-09;COSMIX24PRZ.ru;
2024-01-09;COSMPROM.ru;
2024-01-09;COUCH-SAMARA.ru;
2024-01-09;COURSES1C.ru;
2024-01-09;CRAFOR-SEAT.ru;
2024-01-09;CRAFTIO.ru;
2024-01-09;CRAFTTOPIA.ru;
2024-01-09;CRB-P.ru;
2024-01-09;CREDIT-MASS.ru;
2024-01-09;CRISTAL-DURSO.ru;
2024-01-09;CRISTALDURSO.ru;
2024-01-09;CRITSUP.ru;
2024-01-09;CROSSTRACK.ru;
2024-01-09;CRYPTANIKA.ru;
2024-01-09;CRYPTOLIFES.ru;
2024-01-09;CRYSTALBRACELET.ru;
2024-01-09;CS-GOTOUR.ru;
2024-01-09;CS-SBORKA.ru;
2024-01-09;CSGO-TOURS.ru;
2024-01-09;CTIPBLEY.ru;
2024-01-09;CURRENCYCOVE.ru;
2024-01-09;CYBERDOMESECURITY.ru;
2024-01-09;CYBERTRUSTSECURITY.ru;
2024-01-09;CYBORGKILLER.ru;
2024-01-09;D-EKIMOV.ru;
2024-01-09;D0MBU1ILD.ru;
2024-01-09;D1ANAS2015.ru;
2024-01-09;DADDYYZ.ru;
2024-01-09;DAHMIRA-VPN.ru;
2024-01-09;DAKASKAS3.ru;
2024-01-09;DALIDENGI.ru;
2024-01-09;DAMACUAE.ru;
2024-01-09;DANIELS-1.ru;
2024-01-09;DANIIL-ZOLOTOV.ru;
2024-01-09;DANIILR1DY.ru;
2024-01-09;DANILAZORIN.ru;
2024-01-09;DANVALVE-REMONT.ru;
2024-01-09;DARIA-CHURSOVA.ru;
2024-01-09;DARIA-MEZENTSEVA.ru;
2024-01-09;DARKFUSION2024.ru;
2024-01-09;DARKMOON12.ru;
2024-01-09;DASHASBIRTHDAY.ru;
2024-01-09;DATABYTES.ru;
2024-01-09;DATADEVLAB.ru;
2024-01-09;DATAINFOFAIL.ru;
2024-01-09;DATALECT.ru;
2024-01-09;DATALECTIC.ru;
2024-01-09;DATALEKT.ru;
2024-01-09;DATALEKTIK.ru;
2024-01-09;DATATRONIX.ru;
2024-01-09;DATING-NT.ru;
2024-01-09;DAVIDJAN.ru;
2024-01-09;DAVYDCHENKO.ru;
2024-01-09;DBAUTORENT.ru;
2024-01-09;DBBYKOV.ru;
2024-01-09;DCHERDAKOV.ru;
2024-01-09;DD-KUPOL.ru;
2024-01-09;DDAPARTS.ru;
2024-01-09;DEANNER.ru;
2024-01-09;DEBET-ROSBANK.ru;
2024-01-09;DECISION-LAB.ru;
2024-01-09;DECOR-FARFOR.ru;
2024-01-09;DECORFARFOR.ru;
2024-01-09;DECORSTONEFORUS.ru;
2024-01-09;DEDAL-SERVICES.ru;
2024-01-09;DEDJURINA.ru;
2024-01-09;DEKART-S.ru;
2024-01-09;DEKATERINA.ru;
2024-01-09;DELE-BEAUTY-STUDIO.ru;
2024-01-09;DELHI-BANK.ru;
2024-01-09;DELHIBANK.ru;
2024-01-09;DELIVERY-18273.ru;
2024-01-09;DELIVERY-6457.ru;
2024-01-09;DELIVERY-93847.ru;
2024-01-09;DELIVERY-ORDER3615.ru;
2024-01-09;DELIVERY-ORDER9105.ru;
2024-01-09;DELIVERY220.ru;
2024-01-09;DELO-STROI.ru;
2024-01-09;DELO-STROI-FAB.ru;
2024-01-09;DELO-STROI-FABRIC.ru;
2024-01-09;DELO-STROI-FABRICA.ru;
2024-01-09;DELO-STROY-FAB.ru;
2024-01-09;DELO-STROY-FABRIC.ru;
2024-01-09;DELO-STROY-FABRICA.ru;
2024-01-09;DELO89.ru;
2024-01-09;DELOSTROIFAB.ru;
2024-01-09;DELOSTROIFABRIC.ru;
2024-01-09;DELOSTROIFABRICA.ru;
2024-01-09;DELOSTROYFAB.ru;
2024-01-09;DELOSTROYFABRIC.ru;
2024-01-09;DELOSTROYFABRICA.ru;
2024-01-09;DELTICO.ru;
2024-01-09;DELUPER.ru;
2024-01-09;DELYAGINA.ru;
2024-01-09;DEMOGRINC.ru;
2024-01-09;DEN-PELMEN.ru;
2024-01-09;DEN90.ru;
2024-01-09;DENEGA.ru;
2024-01-09;DENISDEKOR.ru;
2024-01-09;DENISPALYCHK.ru;
2024-01-09;DENISSMORCHKOV.ru;
2024-01-09;DENN-RUS.ru;
2024-01-09;DENON-SERVICES.ru;
2024-01-09;DENPR.ru;
2024-01-09;DENTALSUMMIT.ru;
2024-01-09;DEPIRO.ru;
2024-01-09;DEREVNYABU.ru;
2024-01-09;DERVOED.ru;
2024-01-09;DESERTIKGEKKON.ru;
2024-01-09;DESIGN-HOME-STUDIO.ru;
2024-01-09;DESIGNHOFD.ru;
2024-01-09;DET12SAD.ru;
2024-01-09;DEUTSCHIK.ru;
2024-01-09;DEV-IQ.ru;
2024-01-09;DEV-NIKOLS.ru;
2024-01-09;DEV-PS.ru;
2024-01-09;DEZCOMPANY1.ru;
2024-01-09;DEZKRAS.ru;
2024-01-09;DG-GD.ru;
2024-01-09;DI-OILS.ru;
2024-01-09;DIANAGULYAN.ru;
2024-01-09;DIETA-NEIROS.ru;
2024-01-09;DIGMA-SERVICE.ru;
2024-01-09;DILSU.ru;
2024-01-09;DINADIANA.ru;
2024-01-09;DIPLOMAX-RUSS.ru;
2024-01-09;DIPLOMX-40.ru;
2024-01-09;DISHK.ru;
2024-01-09;DISPUTES-MEMBER.ru;
2024-01-09;DISSERC.ru;
2024-01-09;DISTECHNOLOGY.ru;
2024-01-09;DIVINE--FORTUNE.ru;
2024-01-09;DIVINE-DESIGN.ru;
2024-01-09;DIVMARE.ru;
2024-01-09;DIZ-ST.ru;
2024-01-09;DJBAXTON.ru;
2024-01-09;DJPLOMX-V-BRYANSKE.ru;
2024-01-09;DJPX-RUSSIA.ru;
2024-01-09;DKA1221.ru;
2024-01-09;DKLOPOV.ru;
2024-01-09;DLE-STORE.ru;
2024-01-09;DM-SUPPLY.ru;
2024-01-09;DM59.ru;
2024-01-09;DMIHEEVA.ru;
2024-01-09;DMITRIYEWICH.ru;
2024-01-09;DMORAN-WIKI.ru;
2024-01-09;DNDMOTO.ru;
2024-01-09;DOBR-DOM.ru;
2024-01-09;DOBROV-1.ru;
2024-01-09;DOC-MIKHEEV.ru;
2024-01-09;DOCDI.ru;
2024-01-09;DOCS-MAILER.ru;
2024-01-09;DOCSGO-WORK.ru;
2024-01-09;DOCTODI.ru;
2024-01-09;DOCUSIGN-E-SIGN.ru;
2024-01-09;DOLG24-STOP.ru;
2024-01-09;DOLGA24-NET.ru;
2024-01-09;DOLGREGION.ru;
2024-01-09;DOLPOLICE.ru;
2024-01-09;DOLYANAD.ru;
2024-01-09;DOMINION-1.ru;
2024-01-09;DOMOFON-RF.ru;
2024-01-09;DOMPPAY.ru;
2024-01-09;DOMRU-TARIF.ru;
2024-01-09;DON91.ru;
2024-01-09;DONATBRAWL.ru;
2024-01-09;DONESTUDIO.ru;
2024-01-09;DONGFENG-RUSSIA.ru;
2024-01-09;DONNICLINIC.ru;
2024-01-09;DOSTAVKA-4579.ru;
2024-01-09;DOSTAVKA-ID89374.ru;
2024-01-09;DOSTAVKA-ID93485.ru;
2024-01-09;DOSUG-SERPUHOV.ru;
2024-01-09;DOVERIE-BEZDOLGOV.ru;
2024-01-09;DOZKER.ru;
2024-01-09;DPARF.ru;
2024-01-09;DPETIN.ru;
2024-01-09;DPOLSKIH.ru;
2024-01-09;DR-AI.ru;
2024-01-09;DR-VOROPAEVA.ru;
2024-01-09;DRAG-OSTIN.ru;
2024-01-09;DRAGOSTIN.ru;
2024-01-09;DRAKKAR-PARTS.ru;
2024-01-09;DRANDA.ru;
2024-01-09;DRDURINYAN.ru;
2024-01-09;DREGANI.ru;
2024-01-09;DREIKA150.ru;
2024-01-09;DRESSENSE.ru;
2024-01-09;DRIP-CASINO-TOP4.ru;
2024-01-09;DRIPZONE.ru;
2024-01-09;DROBYSHEVA-1.ru;
2024-01-09;DRONPARK.ru;
2024-01-09;DROZDOV88.ru;
2024-01-09;DRTLETSERI.ru;
2024-01-09;DS53-KMS.ru;
2024-01-09;DSICI.ru;
2024-01-09;DSRGVCH.ru;
2024-01-09;DSTOROZHKO.ru;
2024-01-09;DTP-SIMF.ru;
2024-01-09;DTRANS-1.ru;
2024-01-09;DUBITSKAIA.ru;
2024-01-09;DUCK--CASINO2024.ru;
2024-01-09;DULUTHONLINE.ru;
2024-01-09;DUO2024GIFT.ru;
2024-01-09;DVATRITONA.ru;
2024-01-09;DVERIGRANIT-MOSKVA.ru;
2024-01-09;DVOINOIMINIBRUS.ru;
2024-01-09;DVTRAIN.ru;
2024-01-09;DW-HOWER.ru;
2024-01-09;DWHOWER.ru;
2024-01-09;DX2024.ru;
2024-01-09;DYSON-SERVISES.ru;
2024-01-09;E-KASATKINA.ru;
2024-01-09;E-MAIL-CLOUD.ru;
2024-01-09;E-OSAGO-RF.ru;
2024-01-09;E-VGGU.ru;
2024-01-09;EA1982.ru;
2024-01-09;EARKHIPOVA.ru;
2024-01-09;EARNINGSCHEME.ru;
2024-01-09;EASYDELL.ru;
2024-01-09;EATTHEMUSEUM.ru;
2024-01-09;EBALLS.ru;
2024-01-09;EBEDULEVA.ru;
2024-01-09;EBELONOGOVA.ru;
2024-01-09;ECO24-7.ru;
2024-01-09;ECOPASTILA.ru;
2024-01-09;ECORACK.ru;
2024-01-09;ECOSTELLAZ.ru;
2024-01-09;EDENTOURS.ru;
2024-01-09;EDUARD-SOFTWARE.ru;
2024-01-09;EDURZN.ru;
2024-01-09;EFIMOVABUH.ru;
2024-01-09;EG-BLOG.ru;
2024-01-09;EG-CAFE.ru;
2024-01-09;EG-RECIPE.ru;
2024-01-09;EG-RESTAURANT.ru;
2024-01-09;EG-TC.ru;
2024-01-09;EGE-ONLINE-SHKOLA.ru;
2024-01-09;EGGGREENBIG.ru;
2024-01-09;EGIAZ.ru;
2024-01-09;EGLORK.ru;
2024-01-09;EGO2734.ru;
2024-01-09;EGOLTSEVA.ru;
2024-01-09;EGOR-DESIGN.ru;
2024-01-09;EGOR-INC.ru;
2024-01-09;EGOR5123777.ru;
2024-01-09;EIRABETHER.ru;
2024-01-09;EKATERINAFOMENKOWB.ru;
2024-01-09;EKATERINBURG-SHKAFY-KUPE.ru;
2024-01-09;EKIPADOBROVOLEC.ru;
2024-01-09;EKOVRIGIN.ru;
2024-01-09;EKPETROVA.ru;
2024-01-09;EL-PROEKTI.ru;
2024-01-09;ELEAF-VAPE.ru;
2024-01-09;ELECTRO-MSK.ru;
2024-01-09;ELECTROGENIUS.ru;
2024-01-09;ELECTROZAPP.ru;
2024-01-09;ELEKTRO-PARK.ru;
2024-01-09;ELEKTRODNAYA.ru;
2024-01-09;ELENA-EK.ru;
2024-01-09;ELENA-KORNILOVA.ru;
2024-01-09;ELENA-STARIKOVA-PEDAGOG.ru;
2024-01-09;ELENA-VYLEGZHANINA.ru;
2024-01-09;ELENA-YURIEVNA.ru;
2024-01-09;ELINAMYRAVIEVA.ru;
2024-01-09;ELISAKOLESNIK.ru;
2024-01-09;ELITIMBER.ru;
2024-01-09;ELIZAVETAPSY.ru;
2024-01-09;ELJIG277.ru;
2024-01-09;ELTUNES.ru;
2024-01-09;EMAIL182.ru;
2024-01-09;EMAIL7.ru;
2024-01-09;EMELYANOVICHART.ru;
2024-01-09;EMIR-TOURISM.ru;
2024-01-09;ENERGIZER-POWER.ru;
2024-01-09;ENGL-INZH.ru;
2024-01-09;ENGREW.ru;
2024-01-09;ENIGMAEVOLUTION.ru;
2024-01-09;ENIKOLINA.ru;
2024-01-09;ENIKOLY.ru;
2024-01-09;ENLOPATIN.ru;
2024-01-09;ENOVOZHENIN.ru;
2024-01-09;EPILMEN.ru;
2024-01-09;EPROLADI.ru;
2024-01-09;EPSON-SERVICES.ru;
2024-01-09;ERGOSPLIT.ru;
2024-01-09;EROFEEVA-KSU.ru;
2024-01-09;ERYGALOVA.ru;
2024-01-09;ESDJADKOV.ru;
2024-01-09;ESMEKALOV.ru;
2024-01-09;ESTADIAONE.ru;
2024-01-09;ESTATE-PHUKET.ru;
2024-01-09;ESTETIKACOFFEE.ru;
2024-01-09;ESTHETICLINES.ru;
2024-01-09;ESVL.ru;
2024-01-09;ETERNITYHAX.ru;
2024-01-09;ETO-HOSTING.ru;
2024-01-09;ETOALISON.ru;
2024-01-09;EUPOROV24.ru;
2024-01-09;EURASIABUSINESSTV.ru;
2024-01-09;EUROPA-CASINO2024.ru;
2024-01-09;EV-GOR.ru;
2024-01-09;EVAELFIE1.ru;
2024-01-09;EVAKUATOR-ONLINE.ru;
2024-01-09;EVELIN-MUSIK-HALL.ru;
2024-01-09;EVENTCONSULTANT.ru;
2024-01-09;EVENTSHAR.ru;
2024-01-09;EVERFOREVER-TEAM.ru;
2024-01-09;EVERUN-EREL.ru;
2024-01-09;EVGASIMONOVA.ru;
2024-01-09;EVGLEVSKAYA-PHOTO.ru;
2024-01-09;EVILTORCH.ru;
2024-01-09;EVISHNJAKOV.ru;
2024-01-09;EVODOLAGIN.ru;
2024-01-09;EXCEL-LIFE.ru;
2024-01-09;EXCELLIFE.ru;
2024-01-09;EXITPAYSZ.ru;
2024-01-09;EXPERIENCE-SOME-COOKIES.ru;
2024-01-09;EXPERIENCE-SOME-EXAMINE.ru;
2024-01-09;EXPERIENCE-SOME-SMARTLINK.ru;
2024-01-09;EXPERT-SEPTIC.ru;
2024-01-09;EXPERTFENIKS.ru;
2024-01-09;EXPO-DOM-NN.ru;
2024-01-09;EXSUPER.ru;
2024-01-09;EYASIELL.ru;
2024-01-09;EYFEL-PARFUM32.ru;
2024-01-09;EZOSCOPE.ru;
2024-01-09;EZOSECRET.ru;
2024-01-09;FABRINA-BENONE.ru;
2024-01-09;FABRINABENONE.ru;
2024-01-09;FABTEPLIC.ru;
2024-01-09;FAIRODIS.ru;
2024-01-09;FAMIKON.ru;
2024-01-09;FAMILY-HARMONIES.ru;
2024-01-09;FAMILYDENT-TULA.ru;
2024-01-09;FARINACOFFEE.ru;
2024-01-09;FASHIONTVCOSMETICS.ru;
2024-01-09;FASTVPN77.ru;
2024-01-09;FATORIA.ru;
2024-01-09;FBARANOV.ru;
2024-01-09;FC-AUTOPARTS.ru;
2024-01-09;FD89091745522.ru;
2024-01-09;FELDE.ru;
2024-01-09;FELS1.ru;
2024-01-09;FETIS7111-7.ru;
2024-01-09;FF-SYSTEM.ru;
2024-01-09;FIELDNET.ru;
2024-01-09;FIKSMI.ru;
2024-01-09;FILE-MANAGER-SCHOOL-PROJECT.ru;
2024-01-09;FILMFIESTA.ru;
2024-01-09;FILMHOLOP2.ru;
2024-01-09;FILMSR.ru;
2024-01-09;FIN-HISTORY.ru;
2024-01-09;FINCTEP.ru;
2024-01-09;FIND-POINT.ru;
2024-01-09;FINDOBRO.ru;
2024-01-09;FINESTMARKET.ru;
2024-01-09;FINSCHOOL-KRASNOVA.ru;
2024-01-09;FIRMOS.ru;
2024-01-09;FIRMYUR.ru;
2024-01-09;FISENKO-0512.ru;
2024-01-09;FISHING-TIME.ru;
2024-01-09;FIT-SERVISE.ru;
2024-01-09;FITBUKH.ru;
2024-01-09;FITODIAGNOSTIKA.ru;
2024-01-09;FITWIKI.ru;
2024-01-09;FIVE-TIPS.ru;
2024-01-09;FIZOKULTURA.ru;
2024-01-09;FLABSDOLC.ru;
2024-01-09;FLADERBADEN.ru;
2024-01-09;FLAGI-SHOP.ru;
2024-01-09;FLASHBAGS.ru;
2024-01-09;FLAT-4.ru;
2024-01-09;FLAT4.ru;
2024-01-09;FLAVOR-MAP.ru;
2024-01-09;FLAXBOWS.ru;
2024-01-09;FLETH.ru;
2024-01-09;FLIBUSTA-BOT.ru;
2024-01-09;FLIGHTHARD.ru;
2024-01-09;FLOCKMEN.ru;
2024-01-09;FLOWER-LADY.ru;
2024-01-09;FLOWER-ROOMVLG.ru;
2024-01-09;FLTBUMBIMBAM.ru;
2024-01-09;FLUFFY-CTG.ru;
2024-01-09;FLUXESTATE.ru;
2024-01-09;FLYNOVA-PRO.ru;
2024-01-09;FOAUTO.ru;
2024-01-09;FOG-SHOOT.ru;
2024-01-09;FONCHIK.ru;
2024-01-09;FONOLIFE.ru;
2024-01-09;FOOD-JOKE.ru;
2024-01-09;FOODDISPLAY.ru;
2024-01-09;FOODINART.ru;
2024-01-09;FOODYUP.ru;
2024-01-09;FORESIGHTSTUDIO.ru;
2024-01-09;FORMOSELA.ru;
2024-01-09;FOROS-SANATORY.ru;
2024-01-09;FORTGO.ru;
2024-01-09;FORTPAGE.ru;
2024-01-09;FORTU-NATA.ru;
2024-01-09;FORTUNETIGGER.ru;
2024-01-09;FOTOAPPARATY-ZERKALNYE-NEW.ru;
2024-01-09;FOTON-ATLAS.ru;
2024-01-09;FOURSDM.ru;
2024-01-09;FOX1507.ru;
2024-01-09;FOXWAR.ru;
2024-01-09;FPVPIRANHA.ru;
2024-01-09;FRAMEDESK.ru;
2024-01-09;FRANCHISE-BRIGHT.ru;
2024-01-09;FRANCHISEREVIEWS.ru;
2024-01-09;FREECURRS.ru;
2024-01-09;FREEDA77.ru;
2024-01-09;FREEDOMOFCHOICE.ru;
2024-01-09;FREEKURSIS.ru;
2024-01-09;FREERAND.ru;
2024-01-09;FREMYAA.ru;
2024-01-09;FRENCHCLASS.ru;
2024-01-09;FRESH-CASINO-AC-VOC1.ru;
2024-01-09;FRESH-CASINO-ZASVOBODU.ru;
2024-01-09;FRESHCASINOGROUP28.ru;
2024-01-09;FRESHCASINOGROUP29.ru;
2024-01-09;FRIENDLYWED.ru;
2024-01-09;FRIENDSWINCAZINO.ru;
2024-01-09;FROJYASOAP.ru;
2024-01-09;FROLOV-ALEKSEY.ru;
2024-01-09;FRONTEST.ru;
2024-01-09;FROUD300.ru;
2024-01-09;FROZEN-IT.ru;
2024-01-09;FRUTALIKA.ru;
2024-01-09;FSEDOV.ru;
2024-01-09;FSQRT.ru;
2024-01-09;FUJIFILM-SERVICES.ru;
2024-01-09;FULFILMENT-CIARA.ru;
2024-01-09;FUN-PLAY.ru;
2024-01-09;FUNDAMENTALNOE.ru;
2024-01-09;FURNIFOX.ru;
2024-01-09;FUSIONONE2024.ru;
2024-01-09;FUTURE-TRAJECTORY.ru;
2024-01-09;FUTURETRAJECTORY.ru;
2024-01-09;FVV-66.ru;
2024-01-09;G-MAL.ru;
2024-01-09;G00D-HOME.ru;
2024-01-09;GAARACHEL.ru;
2024-01-09;GALA-ART.ru;
2024-01-09;GALARTA.ru;
2024-01-09;GALAXY-RP.ru;
2024-01-09;GALAXYAPARTMENTS.ru;
2024-01-09;GALIEVAII.ru;
2024-01-09;GALLA-YALA.ru;
2024-01-09;GALLARYSHOES.ru;
2024-01-09;GALLAYALA.ru;
2024-01-09;GAMECOS.ru;
2024-01-09;GAMES-MASTERS.ru;
2024-01-09;GAMES-TECHNOLOGY.ru;
2024-01-09;GAMETOPS.ru;
2024-01-09;GAMING-EMPIRE.ru;
2024-01-09;GAMING-HUB.ru;
2024-01-09;GAMING-LAPTOPS-PC.ru;
2024-01-09;GAMING-REVOLUTION.ru;
2024-01-09;GAMINGREVOLUTION.ru;
2024-01-09;GANG-VAPE.ru;
2024-01-09;GARAGE-VLZ.ru;
2024-01-09;GARANT-ETALON.ru;
2024-01-09;GARRIPOTTER-LORDFILM.ru;
2024-01-09;GARTESS.ru;
2024-01-09;GASTIE.ru;
2024-01-09;GAUKOV.ru;
2024-01-09;GB-T.ru;
2024-01-09;GDEKAZAN.ru;
2024-01-09;GDEMOS.ru;
2024-01-09;GDEPITER.ru;
2024-01-09;GEEK-GALAXY.ru;
2024-01-09;GEMEXCEPTIONAL.ru;
2024-01-09;GEMMELLOW.ru;
2024-01-09;GEPAHELP.ru;
2024-01-09;GERB22.ru;
2024-01-09;GESAC1.ru;
2024-01-09;GET-BOUQUET.ru;
2024-01-09;GGBETIS.ru;
2024-01-09;GGCANDLES.ru;
2024-01-09;GGLAUNCHER.ru;
2024-01-09;GID-MTS.ru;
2024-01-09;GIDNN.ru;
2024-01-09;GIDSVET.ru;
2024-01-09;GIDSVETA.ru;
2024-01-09;GIFTEXCHANGE.ru;
2024-01-09;GIGABYTE-SERVICES.ru;
2024-01-09;GINEKUS.ru;
2024-01-09;GIOVAGNOLI.ru;
2024-01-09;GITNEWS.ru;
2024-01-09;GJAKUPOVA.ru;
2024-01-09;GK-INGINIRING.ru;
2024-01-09;GK-RESOURCE.ru;
2024-01-09;GKRESOURCE.ru;
2024-01-09;GLADKOVAE.ru;
2024-01-09;GLASSCUTTING82.ru;
2024-01-09;GLOBALUSEDPARTS.ru;
2024-01-09;GLOLOLO.ru;
2024-01-09;GLONTY.ru;
2024-01-09;GM-ADMIN.ru;
2024-01-09;GMANN.ru;
2024-01-09;GMNAVES.ru;
2024-01-09;GMTPALLET.ru;
2024-01-09;GOESMARKET.ru;
2024-01-09;GOKITOKI.ru;
2024-01-09;GOLDENFISH-TANK.ru;
2024-01-09;GOLDENRATIO-MGN.ru;
2024-01-09;GOLLOOSSUIII.ru;
2024-01-09;GOLOOSUIII.ru;
2024-01-09;GOLOSRUVLAGERE.ru;
2024-01-09;GOODH0USE2YOU.ru;
2024-01-09;GOPRO-SERVICES.ru;
2024-01-09;GORDEEVADARI.ru;
2024-01-09;GORENJE-SERVISE.ru;
2024-01-09;GORNUSHKIN.ru;
2024-01-09;GORODNOLOTHODOV.ru;
2024-01-09;GORODRUKODELIYA.ru;
2024-01-09;GORSKINO.ru;
2024-01-09;GORUNOFF.ru;
2024-01-09;GOSNADZOR-GOV.ru;
2024-01-09;GOSVKS.ru;
2024-01-09;GOTOBRAZIL.ru;
2024-01-09;GOTOLATAM.ru;
2024-01-09;GOTOMUSIC.ru;
2024-01-09;GOTOVOEOOOIP.ru;
2024-01-09;GOUKA.ru;
2024-01-09;GPTTALKS.ru;
2024-01-09;GRA-RB.ru;
2024-01-09;GRAIL-EXPRESS.ru;
2024-01-09;GRAIL-LOGISTICS.ru;
2024-01-09;GRAILEXPRESS.ru;
2024-01-09;GRAMMPLASTINOK.ru;
2024-01-09;GRANDWILL.ru;
2024-01-09;GRANIT8.ru;
2024-01-09;GRANULYACIYA.ru;
2024-01-09;GRAVEHVH.ru;
2024-01-09;GREEN-SEPTIC.ru;
2024-01-09;GREENEGGBIG.ru;
2024-01-09;GREENGARDENZONE.ru;
2024-01-09;GREG-GOR.ru;
2024-01-09;GREG28.ru;
2024-01-09;GREYIVLEV.ru;
2024-01-09;GRIBOK-NA-NOGTIAH.ru;
2024-01-09;GRIGOREVASV.ru;
2024-01-09;GRIGORIEV00000.ru;
2024-01-09;GRIMUAL.ru;
2024-01-09;GRIOR.ru;
2024-01-09;GRLEXPRESS.ru;
2024-01-09;GROISMANMARKET.ru;
2024-01-09;GROUP-MGS.ru;
2024-01-09;GROVK.ru;
2024-01-09;GRUNDIG-SERVICES.ru;
2024-01-09;GRUZIGRUZ.ru;
2024-01-09;GS-ROBOTECHNICS.ru;
2024-01-09;GTA-MMO.ru;
2024-01-09;GTE-KIP.ru;
2024-01-09;GTW-NDM.ru;
2024-01-09;GUDOZHNIKOVA.ru;
2024-01-09;GUDZYAK.ru;
2024-01-09;GUIDE-SRILANKA.ru;
2024-01-09;GULGUL.ru;
2024-01-09;GUSELNIKOVANAD.ru;
2024-01-09;GUSEV-NN82.ru;
2024-01-09;GVANH.ru;
2024-01-09;GVEGETABLES.ru;
2024-01-09;GYAKOVETS.ru;
2024-01-09;GYOJI.ru;
2024-01-09;H-OLOP-2.ru;
2024-01-09;H0MEFORYOU.ru;
2024-01-09;HABEZSTONE.ru;
2024-01-09;HAIER-SERVICES.ru;
2024-01-09;HAIR-ESTHETIC.ru;
2024-01-09;HAIRVOLOS.ru;
2024-01-09;HANDSTICH.ru;
2024-01-09;HAPALKIN.ru;
2024-01-09;HAPPYTALISM.ru;
2024-01-09;HAPPYY.ru;
2024-01-09;HARDCORETRADER.ru;
2024-01-09;HARMANKARDON-SERVICE.ru;
2024-01-09;HARRYBEAVER.ru;
2024-01-09;HARUTPORTFOLIO.ru;
2024-01-09;HAU-SECTOR.ru;
2024-01-09;HAVENHAUS.ru;
2024-01-09;HEALTHYFAMILYDC.ru;
2024-01-09;HEATING-REPUBLIC.ru;
2024-01-09;HEAVENCINEMA.ru;
2024-01-09;HEAVYDRIP.ru;
2024-01-09;HEBASHLEEN.ru;
2024-01-09;HELGA-STYLE.ru;
2024-01-09;HELGAHOME.ru;
2024-01-09;HELIMAX.ru;
2024-01-09;HELPER-SCHOOL.ru;
2024-01-09;HELPGIFT.ru;
2024-01-09;HELPIKOPOMPNOYTT24.ru;
2024-01-09;HELSING-1.ru;
2024-01-09;HEMNAV.ru;
2024-01-09;HERINGHAN.ru;
2024-01-09;HEYSHOPIT.ru;
2024-01-09;HFGHFGJHFHDJFGH.ru;
2024-01-09;HGE59.ru;
2024-01-09;HIGHERMIND.ru;
2024-01-09;HILKOVA.ru;
2024-01-09;HILS-8376.ru;
2024-01-09;HIPHOPSTAR.ru;
2024-01-09;HISENSE-SERVICES.ru;
2024-01-09;HMEGOSTI.ru;
2024-01-09;HOBENYA.ru;
2024-01-09;HOCHUINOSHU.ru;
2024-01-09;HOCHUSMM.ru;
2024-01-09;HOHNOLOGY.ru;
2024-01-09;HOLD-7846.ru;
2024-01-09;HOLDSERVICE-28931.ru;
2024-01-09;HOLDSERVICE-92834.ru;
2024-01-09;HOLENDMAKKER.ru;
2024-01-09;HOLLOOPP.ru;
2024-01-09;HOLLOOPP2.ru;
2024-01-09;HOLOD-MASTER-CHELYABINSK.ru;
2024-01-09;HOLOOP2.ru;
2024-01-09;HOLOP-2HD.ru;
2024-01-09;HOLOP-P2.ru;
2024-01-09;HOLOP2-HD.ru;
2024-01-09;HOLOP2026.ru;
2024-01-09;HOLOPP--2.ru;
2024-01-09;HOME-MAMA.ru;
2024-01-09;HOME23.ru;
2024-01-09;HOME2Y0U.ru;
2024-01-09;HOME4-STROI.ru;
2024-01-09;HOME4Y0U.ru;
2024-01-09;HOMEANDFOOD.ru;
2024-01-09;HOMEF0RYOU.ru;
2024-01-09;HOMEHAUS.ru;
2024-01-09;HOMEINNOVATIONS.ru;
2024-01-09;HONALAM.ru;
2024-01-09;HONGARI.ru;
2024-01-09;HONOR-OF-KINGS.ru;
2024-01-09;HOODSEY.ru;
2024-01-09;HOSTING-MASTER.ru;
2024-01-09;HOSTRUBTRY.ru;
2024-01-09;HOTEL-VOLOGDA.ru;
2024-01-09;HOTORDER.ru;
2024-01-09;HOUPER.ru;
2024-01-09;HOUSE24-YOU.ru;
2024-01-09;HOUSEBU1LD.ru;
2024-01-09;HOVRICH.ru;
2024-01-09;HOW-PRETTY.ru;
2024-01-09;HOWELANDS.ru;
2024-01-09;HOWTOCLO.ru;
2024-01-09;HOWTOHYGGE.ru;
2024-01-09;HP-CORP.ru;
2024-01-09;HR-RECRUTE.ru;
2024-01-09;HSBST.ru;
2024-01-09;HTA-EXPERT.ru;
2024-01-09;HTATJANA.ru;
2024-01-09;HUBRE.ru;
2024-01-09;HWAITLYNNI.ru;
2024-01-09;HWFIT.ru;
2024-01-09;HYDRAA.ru;
2024-01-09;HYNANCHER.ru;
2024-01-09;HYUNDAI-FIX.ru;
2024-01-09;IAROEL.ru;
2024-01-09;IASHINN.ru;
2024-01-09;IBELJAEV.ru;
2024-01-09;IBOCHENKOV.ru;
2024-01-09;IBSEA.ru;
2024-01-09;IBSEO.ru;
2024-01-09;IBSIA.ru;
2024-01-09;IBSIO.ru;
2024-01-09;IBTEX.ru;
2024-01-09;ICANDOITMYSELF.ru;
2024-01-09;ICON-BEAUTY.ru;
2024-01-09;ICONMERCH.ru;
2024-01-09;ID-RU.ru;
2024-01-09;ID-TE.ru;
2024-01-09;ID-TREE.ru;
2024-01-09;ID1291.ru;
2024-01-09;ID13932.ru;
2024-01-09;ID13933.ru;
2024-01-09;ID13934.ru;
2024-01-09;ID13935.ru;
2024-01-09;ID13936.ru;
2024-01-09;ID13937.ru;
2024-01-09;ID13938.ru;
2024-01-09;ID13939.ru;
2024-01-09;ID13941.ru;
2024-01-09;ID13944.ru;
2024-01-09;ID13946.ru;
2024-01-09;ID13947.ru;
2024-01-09;ID13948.ru;
2024-01-09;ID13949.ru;
2024-01-09;ID13950.ru;
2024-01-09;ID1821.ru;
2024-01-09;ID2141.ru;
2024-01-09;ID2144.ru;
2024-01-09;ID58083.ru;
2024-01-09;ID58084.ru;
2024-01-09;ID58085.ru;
2024-01-09;ID58086.ru;
2024-01-09;ID58087.ru;
2024-01-09;ID58088.ru;
2024-01-09;ID65982.ru;
2024-01-09;ID71150.ru;
2024-01-09;ID73150.ru;
2024-01-09;ID759265.ru;
2024-01-09;ID791854.ru;
2024-01-09;ID92384.ru;
2024-01-09;ID93150.ru;
2024-01-09;ID98325.ru;
2024-01-09;IDENOPT.ru;
2024-01-09;IDU-PROJECTS.ru;
2024-01-09;IERCON.ru;
2024-01-09;IERKON.ru;
2024-01-09;IFYTOR.ru;
2024-01-09;IGDSLAB.ru;
2024-01-09;IGEODEZIST.ru;
2024-01-09;IGNATEVNB.ru;
2024-01-09;IGNIFLUID.ru;
2024-01-09;IGOREFIMENKO.ru;
2024-01-09;IGORPANKRATOV.ru;
2024-01-09;IKOSTOS.ru;
2024-01-09;IKOVYLIN.ru;
2024-01-09;ILCHENKO-TOP.ru;
2024-01-09;ILEMAEVA.ru;
2024-01-09;ILIPER.ru;
2024-01-09;ILJASERGEEV.ru;
2024-01-09;ILJASHLYKOV.ru;
2024-01-09;ILNIKBEZ.ru;
2024-01-09;ILTA-BAND.ru;
2024-01-09;ILYAKOROLEV.ru;
2024-01-09;ILYJS.ru;
2024-01-09;IM-POPOV.ru;
2024-01-09;IMBIRNYE-PRYANIKI.ru;
2024-01-09;IMGBOLT.ru;
2024-01-09;IMPERIYA-IT.ru;
2024-01-09;IMPEX-SOLAR.ru;
2024-01-09;INDELING.ru;
2024-01-09;INDI-POTENCIYA.ru;
2024-01-09;INDITOWERS.ru;
2024-01-09;INFINITE-VANILLA.ru;
2024-01-09;INFINIX-SERVICES.ru;
2024-01-09;INFO-KDB.ru;
2024-01-09;INFOCUS-SERVICE.ru;
2024-01-09;INFOKURSI1.ru;
2024-01-09;INFOMALAFEEVA.ru;
2024-01-09;INFORESERV.ru;
2024-01-09;INFOSRV.ru;
2024-01-09;INKOR36.ru;
2024-01-09;INNAVEDUTA.ru;
2024-01-09;INNAVOLOSHINA.ru;
2024-01-09;INNEDU.ru;
2024-01-09;INNESA-SABAY.ru;
2024-01-09;INSIDEANDROID.ru;
2024-01-09;INTEL-SET.ru;
2024-01-09;INTEPS-MOSKVA.ru;
2024-01-09;INTERESTSPHERE.ru;
2024-01-09;INTERGRAN-MSK.ru;
2024-01-09;INTERNET-MARKETING-CHELYABINSK.ru;
2024-01-09;INTFISH.ru;
2024-01-09;INVESTOSFERA.ru;
2024-01-09;INVESTVSOCHI.ru;
2024-01-09;INZKH2011.ru;
2024-01-09;IOANNASV.ru;
2024-01-09;IONPRO.ru;
2024-01-09;IOOPYT2.ru;
2024-01-09;IOSKO-1.ru;
2024-01-09;IP6NET.ru;
2024-01-09;IPKON-ANALYTICS.ru;
2024-01-09;IPPO-AUTISM.ru;
2024-01-09;IPSOL1.ru;
2024-01-09;IQDETAILING.ru;
2024-01-09;IRAMAKEEVASTYLIST.ru;
2024-01-09;IREJMAN.ru;
2024-01-09;IRENA9023.ru;
2024-01-09;IRIN-A.ru;
2024-01-09;IRINA-KVARTIRA.ru;
2024-01-09;IRINAKOMAN.ru;
2024-01-09;IRINAKVARTIRA.ru;
2024-01-09;IRINANEIRO.ru;
2024-01-09;IRINAPROFMUSIC.ru;
2024-01-09;IRINAWPGG.ru;
2024-01-09;IRKSTARINA.ru;
2024-01-09;IRKUTSKNOVOSTI.ru;
2024-01-09;IRONRACK.ru;
2024-01-09;ISAAC-THREED.ru;
2024-01-09;ISACHENKO-1.ru;
2024-01-09;ISHEKOVBR.ru;
2024-01-09;ISHUGUNOVA.ru;
2024-01-09;ISHUPODRYGYILIDRYGA.ru;
2024-01-09;ISYANOVA.ru;
2024-01-09;IT-ADAPTATION.ru;
2024-01-09;IT-YOURTEACHER.ru;
2024-01-09;ITADAPTATION.ru;
2024-01-09;ITERZI.ru;
2024-01-09;ITEXPERTCO.ru;
2024-01-09;ITPUNK.ru;
2024-01-09;IVA-POS.ru;
2024-01-09;IVAN0VIVAN123321.ru;
2024-01-09;IVANBELTSEV.ru;
2024-01-09;IVANCBI.ru;
2024-01-09;IVANISAEV.ru;
2024-01-09;IVANOV-TOSNO.ru;
2024-01-09;IVAPOS.ru;
2024-01-09;IVATOLIN.ru;
2024-01-09;IVAVILIN.ru;
2024-01-09;IVBYCKOV.ru;
2024-01-09;IVETTA-BABYFOTO56.ru;
2024-01-09;IVMTECH.ru;
2024-01-09;IWAMAIWANOVO.ru;
2024-01-09;IYOD.ru;
2024-01-09;IZHURBA.ru;
2024-01-09;IZZI-CASINO-ACCOUNT1.ru;
2024-01-09;IZZI-CASINO-FMCSPO4.ru;
2024-01-09;IZZICASINO-PLAY83.ru;
2024-01-09;JAGERNAUT007.ru;
2024-01-09;JAGZAIM.ru;
2024-01-09;JANOME-SERVICE.ru;
2024-01-09;JAYSCAD.ru;
2024-01-09;JBL-SERVICE.ru;
2024-01-09;JBTMP.ru;
2024-01-09;JEM-ART.ru;
2024-01-09;JENIBAWANE.ru;
2024-01-09;JESSICASBEADS.ru;
2024-01-09;JETCASINOWIN.ru;
2024-01-09;JEWEL-LAG.ru;
2024-01-09;JEWELLAG.ru;
2024-01-09;JGUSAROVA.ru;
2024-01-09;JIGSAWPUZZLE.ru;
2024-01-09;JOB-MAX.ru;
2024-01-09;JOINSTOCKRUTOL.ru;
2024-01-09;JOLESARA.ru;
2024-01-09;JONYSHOT.ru;
2024-01-09;JORDINIKS.ru;
2024-01-09;JOURNAL-EARPP.ru;
2024-01-09;JOUS-JK.ru;
2024-01-09;JSAX.ru;
2024-01-09;JUIZER.ru;
2024-01-09;JUJAMSCHIKOVA.ru;
2024-01-09;JUKOVSKI.ru;
2024-01-09;JULIHACHEVA.ru;
2024-01-09;JULIKAJPAN.ru;
2024-01-09;JUNGLEPILATES.ru;
2024-01-09;JURA-SERVICES.ru;
2024-01-09;JURICHEV.ru;
2024-01-09;JUST1DUDE.ru;
2024-01-09;JUTURKINA.ru;
2024-01-09;JVAFAEV.ru;
2024-01-09;K4IR05.ru;
2024-01-09;KAATS.ru;
2024-01-09;KALIBATOV.ru;
2024-01-09;KALINA-A.ru;
2024-01-09;KALININGRADNOVOSTI.ru;
2024-01-09;KALITKA-DESIGNER.ru;
2024-01-09;KAMOTAROZIN.ru;
2024-01-09;KAMTS.ru;
2024-01-09;KANASTASIAD.ru;
2024-01-09;KAPLAND.ru;
2024-01-09;KARAFA76.ru;
2024-01-09;KARAT-PLYUS22.ru;
2024-01-09;KAREN-JANNE.ru;
2024-01-09;KARSAKOV-PRO.ru;
2024-01-09;KASINO-PLAYPINUP.ru;
2024-01-09;KASINOPLAYPINUP.ru;
2024-01-09;KASSA-VOZVRAT.ru;
2024-01-09;KATELEGKIH.ru;
2024-01-09;KATERINASULYMA.ru;
2024-01-09;KATHARSISS-LAB.ru;
2024-01-09;KATIRADA.ru;
2024-01-09;KAYDANOV.ru;
2024-01-09;KAZ-SILA-PRAVO.ru;
2024-01-09;KAZANSKIY-CIRQUS.ru;
2024-01-09;KBKOTE.ru;
2024-01-09;KDPD.ru;
2024-01-09;KEEPERS-SCHOOL.ru;
2024-01-09;KELLERMAN.ru;
2024-01-09;KELO-FOREST-SRUB-RF.ru;
2024-01-09;KELO-FOREST-SRUBRF.ru;
2024-01-09;KESTER641.ru;
2024-01-09;KETOBOOSTFORTE.ru;
2024-01-09;KFEDOSEEVA.ru;
2024-01-09;KHAMZIN-AL.ru;
2024-01-09;KHARLAMOVA-IRINA.ru;
2024-01-09;KHOKHLOVOLEG.ru;
2024-01-09;KIBITKIN.ru;
2024-01-09;KIDDOGAMES.ru;
2024-01-09;KIF-KZN.ru;
2024-01-09;KIKOSHOP.ru;
2024-01-09;KILARI.ru;
2024-01-09;KIM-STROY.ru;
2024-01-09;KINDERGARTEN-DEMO.ru;
2024-01-09;KINDREDSOULS.ru;
2024-01-09;KINDYN.ru;
2024-01-09;KINZHIGALIEV.ru;
2024-01-09;KIRILL8634RUSS.ru;
2024-01-09;KISKEN.ru;
2024-01-09;KISLYASHH.ru;
2024-01-09;KISS-AND-HUG.ru;
2024-01-09;KITAEVA-DESIGN.ru;
2024-01-09;KITCHEN-LEBEDEVA.ru;
2024-01-09;KITERJIO.ru;
2024-01-09;KITKATZAIM.ru;
2024-01-09;KITTENS-POSAD.ru;
2024-01-09;KKLOKKOVA.ru;
2024-01-09;KLADCHIK.ru;
2024-01-09;KLAMSTER.ru;
2024-01-09;KLASSIKAFITNESS.ru;
2024-01-09;KLASSNO65.ru;
2024-01-09;KLIENT2024-BFL.ru;
2024-01-09;KLIENTI-V-DETAILING.ru;
2024-01-09;KLIKBOX.ru;
2024-01-09;KLIMOVPRO.ru;
2024-01-09;KLUICHNIKOV.ru;
2024-01-09;KLVOV.ru;
2024-01-09;KMATOLYGIN.ru;
2024-01-09;KMS-COM.ru;
2024-01-09;KMSEO.ru;
2024-01-09;KNIZHECHKAA.ru;
2024-01-09;KNOPKA2005.ru;
2024-01-09;KNYAJI.ru;
2024-01-09;KOFE-V-KOFEMASHINU.ru;
2024-01-09;KOGEZIA.ru;
2024-01-09;KOGNITRON.ru;
2024-01-09;KOLA-TRAVELS.ru;
2024-01-09;KOLESODISCONT.ru;
2024-01-09;KOLGOTINA.ru;
2024-01-09;KOLOVERTNOV.ru;
2024-01-09;KOLYADENKO.ru;
2024-01-09;KOMA-POETRY.ru;
2024-01-09;KOMPLEKTACIY.ru;
2024-01-09;KONDRATIEVAARINA.ru;
2024-01-09;KONEKSTRADE.ru;
2024-01-09;KONKURSLAGER.ru;
2024-01-09;KONSULOVA.ru;
2024-01-09;KOOTA413.ru;
2024-01-09;KOPTELOV-7.ru;
2024-01-09;KORIAKINS.ru;
2024-01-09;KORIELLAN.ru;
2024-01-09;KORMTOVARY.ru;
2024-01-09;KOROBKOW.ru;
2024-01-09;KOROS08.ru;
2024-01-09;KORSHUK1.ru;
2024-01-09;KOSHKAREVA-PHOTO.ru;
2024-01-09;KOSMETIKSTORY.ru;
2024-01-09;KOSOLAPOFF.ru;
2024-01-09;KOSTYAQQ.ru;
2024-01-09;KOTOULYA.ru;
2024-01-09;KOVALERIA.ru;
2024-01-09;KOVALEVTRADE.ru;
2024-01-09;KOVRIKI14.ru;
2024-01-09;KPACC.ru;
2024-01-09;KPICHERREMONTAY24.ru;
2024-01-09;KRAFNERU.ru;
2024-01-09;KRAFT-FLOWERS.ru;
2024-01-09;KRASNODARNOVOSTI.ru;
2024-01-09;KRASNOVEVGENY.ru;
2024-01-09;KREIZA.ru;
2024-01-09;KRETOV-7.ru;
2024-01-09;KRIKUN-1.ru;
2024-01-09;KRISKVIZ.ru;
2024-01-09;KRISTINA-SKURSTEN.ru;
2024-01-09;KRIVE.ru;
2024-01-09;KRSD-ALG.ru;
2024-01-09;KRSD-ALG1.ru;
2024-01-09;KRUTIWEB.ru;
2024-01-09;KSAMSONIK.ru;
2024-01-09;KSAZONOVA.ru;
2024-01-09;KSDEMO.ru;
2024-01-09;KSENIABOBARYKINA.ru;
2024-01-09;KSENIYAANISIMOVA.ru;
2024-01-09;KSG-KOVKA.ru;
2024-01-09;KST-ALG.ru;
2024-01-09;KUBANHONEY.ru;
2024-01-09;KUBIK-ROOM.ru;
2024-01-09;KUCHEROVALEKSANDRA.ru;
2024-01-09;KUCHKOV.ru;
2024-01-09;KUDRYAVTSEV22.ru;
2024-01-09;KUGOO-SERVICES.ru;
2024-01-09;KUGRLI-FI.ru;
2024-01-09;KUHNI-LEBEDEVOY.ru;
2024-01-09;KUHNI-MSK-PROEKT-DESIGN.ru;
2024-01-09;KUHNI-MSK-PROEKTDESIGN.ru;
2024-01-09;KUHNI-MSKPROEKT-DESIGN.ru;
2024-01-09;KUHNI-MSKPROEKTDESIGN.ru;
2024-01-09;KUHNIMSK-PROEKT-DESIGN.ru;
2024-01-09;KUHNIMSK-PROEKTDESIGN.ru;
2024-01-09;KUHNIMSKPROEKT-DESIGN.ru;
2024-01-09;KUHNIMSKPROEKTDESIGN.ru;
2024-01-09;KUKLIYN.ru;
2024-01-09;KUKOBA-PRO.ru;
2024-01-09;KULIGINAMENTOR.ru;
2024-01-09;KUPIT-BIAOJUE.ru;
2024-01-09;KUPIT-POGRUZCHIK.ru;
2024-01-09;KUPITNEDVIZHIMOST.ru;
2024-01-09;KURGAN-ROCK.ru;
2024-01-09;KURIE7244.ru;
2024-01-09;KURIE7245.ru;
2024-01-09;KURIER7382.ru;
2024-01-09;KURNOV.ru;
2024-01-09;KURORTY-KRYMA.ru;
2024-01-09;KURS-ONLIONE.ru;
2024-01-09;KURSY-ANDROID-RAZRABOTCHIK.ru;
2024-01-09;KURSY-ORATORSKOGO-MASTERSTWA.ru;
2024-01-09;KURSY-UI-UX-DIZAYN.ru;
2024-01-09;KURTEY.ru;
2024-01-09;KUTEPOV-DESIGN.ru;
2024-01-09;KUTSENKOV.ru;
2024-01-09;KUZNECOVA-SVETLANA.ru;
2024-01-09;KUZNYA-FIGHT.ru;
2024-01-09;KV93.ru;
2024-01-09;KVA20122013.ru;
2024-01-09;KVARTIRA-IRINA.ru;
2024-01-09;KVARTIRAIRINA.ru;
2024-01-09;KVESTNOVOKUZNETSK.ru;
2024-01-09;KWADROCIKLY.ru;
2024-01-09;KYOCERA-SERVICES.ru;
2024-01-09;KYRGYZCITIZENSHIP.ru;
2024-01-09;KYTGPORN.ru;
2024-01-09;KYTHPORN.ru;
2024-01-09;KYTJPORN.ru;
2024-01-09;KYTKPORN.ru;
2024-01-09;KYTLPORN.ru;
2024-01-09;KYXNI12.ru;
2024-01-09;KZDOC.ru;
2024-01-09;KZOTKIN.ru;
2024-01-09;KZTK.ru;
2024-01-09;KZTTK.ru;
2024-01-09;L-I-Q.ru;
2024-01-09;L2TATHAMET.ru;
2024-01-09;LABEL-DMDK.ru;
2024-01-09;LABUTINA-7.ru;
2024-01-09;LADDYDRESS.ru;
2024-01-09;LADIMI.ru;
2024-01-09;LADY-ASTRO.ru;
2024-01-09;LADYA-YOLA.ru;
2024-01-09;LAEFYE.ru;
2024-01-09;LAGINOV.ru;
2024-01-09;LAKOMKI-NEW.ru;
2024-01-09;LALYROSFOOD.ru;
2024-01-09;LAMERORK.ru;
2024-01-09;LANDBREEZE.ru;
2024-01-09;LAPIN47.ru;
2024-01-09;LAPUSHKA-SEV.ru;
2024-01-09;LASERCRAFTER.ru;
2024-01-09;LAST-ASS.ru;
2024-01-09;LASTASS.ru;
2024-01-09;LAUFER-FLOOR.ru;
2024-01-09;LAVANDERRUS.ru;
2024-01-09;LAZONAIL.ru;
2024-01-09;LD-PAY62827.ru;
2024-01-09;LEADBIG-DATA.ru;
2024-01-09;LEADERSPB.ru;
2024-01-09;LEBEDEVA-KITCHEN.ru;
2024-01-09;LEBEDEVA-LENA.ru;
2024-01-09;LEBEDEVALENA.ru;
2024-01-09;LEGAL-INFO.ru;
2024-01-09;LEGAL-TOP.ru;
2024-01-09;LEGALS-1.ru;
2024-01-09;LEGANDARY.ru;
2024-01-09;LEGENDARY-GAMES.ru;
2024-01-09;LEGGAA.ru;
2024-01-09;LEGION-ER.ru;
2024-01-09;LEGIONASH.ru;
2024-01-09;LEGIONOV.ru;
2024-01-09;LEGZO-CASINO-GURU.ru;
2024-01-09;LEGZO-CASINO76.ru;
2024-01-09;LEGZO-CASINO77.ru;
2024-01-09;LEGZO-CASINO78.ru;
2024-01-09;LEGZO-CASINO79.ru;
2024-01-09;LEGZO-CASINO80.ru;
2024-01-09;LEGZO-CASINO81.ru;
2024-01-09;LEGZO-CASINO82.ru;
2024-01-09;LEKARSTVA-DLYA-PECHENI.ru;
2024-01-09;LEKOYA.ru;
2024-01-09;LEKSSY.ru;
2024-01-09;LENA-WORK.ru;
2024-01-09;LEO-TI.ru;
2024-01-09;LEONARTO-KARTINY.ru;
2024-01-09;LEOPIC.ru;
2024-01-09;LERRON.ru;
2024-01-09;LESNAYA-SKAZKA-VU.ru;
2024-01-09;LESTA-PREM.ru;
2024-01-09;LESTA-PRISE.ru;
2024-01-09;LETTER-PATRIARCH.ru;
2024-01-09;LETUNOVSKI.ru;
2024-01-09;LEVCHENKO-PHOTO.ru;
2024-01-09;LEVENTBILGIC.ru;
2024-01-09;LEXARO.ru;
2024-01-09;LEXCRIMINALIS.ru;
2024-01-09;LEXKOZIN.ru;
2024-01-09;LEYNONAOL.ru;
2024-01-09;LEZHNEV-PRO.ru;
2024-01-09;LIASHEREMET.ru;
2024-01-09;LIBERTY-FRANCH.ru;
2024-01-09;LICENSINGSERVICE.ru;
2024-01-09;LIFEDRON.ru;
2024-01-09;LIGHT-CASINO2024.ru;
2024-01-09;LIGHTINTHEHOUSE.ru;
2024-01-09;LIGHTVILLE.ru;
2024-01-09;LIKPIC.ru;
2024-01-09;LILIJASIDORENKO.ru;
2024-01-09;LILOVA.ru;
2024-01-09;LIMEBUKET163.ru;
2024-01-09;LIMEROOMGA.ru;
2024-01-09;LINEGEM.ru;
2024-01-09;LINEN-MARKET.ru;
2024-01-09;LINENMARKET.ru;
2024-01-09;LINGBIZKIT.ru;
2024-01-09;LINGVOSERVICE1.ru;
2024-01-09;LINUXMAGIC.ru;
2024-01-09;LIPOGEL.ru;
2024-01-09;LITAVRIN.ru;
2024-01-09;LITERAEMM.ru;
2024-01-09;LITEXVANILLA.ru;
2024-01-09;LKAZARJAN.ru;
2024-01-09;LKISLITSYNA.ru;
2024-01-09;LLDDELUXXE.ru;
2024-01-09;LLDDELUXXEE.ru;
2024-01-09;LLINDE.ru;
2024-01-09;LODOCHKINA-SVETLANA-NIKOLAEVNA.ru;
2024-01-09;LOGOPET.ru;
2024-01-09;LOLIJO.ru;
2024-01-09;LOMTEVA-PSYCHOLOGIST.ru;
2024-01-09;LOO-HOTELS.ru;
2024-01-09;LOOKPIN.ru;
2024-01-09;LORD-SERIALIK.ru;
2024-01-09;LORDFILM-SERYA.ru;
2024-01-09;LORDIK-SERIAL.ru;
2024-01-09;LORDIK-SERYA.ru;
2024-01-09;LORDSERYA.ru;
2024-01-09;LORDUS-SERIAL.ru;
2024-01-09;LOSEWORLD.ru;
2024-01-09;LOTOBILETIVLEEVA.ru;
2024-01-09;LOTRENT.ru;
2024-01-09;LOVE-SHE.ru;
2024-01-09;LRAKOVA.ru;
2024-01-09;LRCOKA.ru;
2024-01-09;LS1985.ru;
2024-01-09;LSA-SS.ru;
2024-01-09;LSOROKIN.ru;
2024-01-09;LUCHSHIJ-HOSTING-DLYA-SAITA.ru;
2024-01-09;LUCKBUY.ru;
2024-01-09;LUCKY--VULCAN.ru;
2024-01-09;LUCKYVETSPB.ru;
2024-01-09;LUDVIIGA.ru;
2024-01-09;LUGAKOM.ru;
2024-01-09;LUKJANCHIKOV.ru;
2024-01-09;LUMAX-ELECTRIC.ru;
2024-01-09;LUMISHK.ru;
2024-01-09;LUNA6999.ru;
2024-01-09;LUNAGLOW.ru;
2024-01-09;LUSYA-HAEVA.ru;
2024-01-09;LUXLIONS.ru;
2024-01-09;LUXURYSPALIPETSK.ru;
2024-01-09;LYCHSHIIPOOTVETAM.ru;
2024-01-09;LYCORIN.ru;
2024-01-09;LYUBIMOV-OLAP.ru;
2024-01-09;LYUBINSKAYACOUTURE.ru;
2024-01-09;MAC-GAMES.ru;
2024-01-09;MACARONCLUB.ru;
2024-01-09;MADERA-GROUPP.ru;
2024-01-09;MADMOONSUN.ru;
2024-01-09;MAGANYL.ru;
2024-01-09;MAGICIAN-SNAKE.ru;
2024-01-09;MAGICTRACKS-RUS.ru;
2024-01-09;MAGICUNIVER.ru;
2024-01-09;MAGNUMSHOPKZ.ru;
2024-01-09;MAGPIN.ru;
2024-01-09;MAIL-IVANOV.ru;
2024-01-09;MAIL-N.ru;
2024-01-09;MAIL-UNIVERSAL.ru;
2024-01-09;MAILBASCULEFLIPPER.ru;
2024-01-09;MAISKAYADECORATOR.ru;
2024-01-09;MAKEEV-WORK.ru;
2024-01-09;MAKHOVA-PSYCHOLOGY.ru;
2024-01-09;MAKITA2000.ru;
2024-01-09;MAKS-SOKOLOV.ru;
2024-01-09;MAKTO74.ru;
2024-01-09;MALIKOWAI.ru;
2024-01-09;MALINA-MICHAEL.ru;
2024-01-09;MALINELENA.ru;
2024-01-09;MALINNIKOVA.ru;
2024-01-09;MALTSAVA.ru;
2024-01-09;MAMA-BOBYLEV.ru;
2024-01-09;MAMGG53.ru;
2024-01-09;MAMKINADOSA.ru;
2024-01-09;MANGAL48.ru;
2024-01-09;MANIA3D.ru;
2024-01-09;MANUAL-TERAPIYA.ru;
2024-01-09;MAPONME.ru;
2024-01-09;MAPSONME.ru;
2024-01-09;MAR-CASH.ru;
2024-01-09;MARANIT.ru;
2024-01-09;MARANTZ-SERVICE.ru;
2024-01-09;MARAO-HOUSE.ru;
2024-01-09;MARATGRIG.ru;
2024-01-09;MARDACHYA.ru;
2024-01-09;MARGOCHI-NATURAL.ru;
2024-01-09;MARGOSOLOVEY.ru;
2024-01-09;MARIA-BELCHUK.ru;
2024-01-09;MARIA-WORK.ru;
2024-01-09;MARIAVINOGRADOVA.ru;
2024-01-09;MARIBEACH.ru;
2024-01-09;MARIN777.ru;
2024-01-09;MARINADUBENOK.ru;
2024-01-09;MARINASHCHERBAKOVA.ru;
2024-01-09;MARINPIN.ru;
2024-01-09;MARIOBOIKO.ru;
2024-01-09;MARIUPOL-MBOU50.ru;
2024-01-09;MARIYA-GRIGOREVA.ru;
2024-01-09;MARIYA-OMA.ru;
2024-01-09;MARIYANIKITINA.ru;
2024-01-09;MARKET-CART.ru;
2024-01-09;MARKET-CSGOES.ru;
2024-01-09;MARKET-TRANS-CARGO.ru;
2024-01-09;MARKETPIZZA.ru;
2024-01-09;MARKETTRANSCARGO.ru;
2024-01-09;MARKISIK.ru;
2024-01-09;MARKIZA-FLOWERS.ru;
2024-01-09;MARSIC2024.ru;
2024-01-09;MARTPV.ru;
2024-01-09;MASTER-IMMO.ru;
2024-01-09;MASTERA-SANTH24ELE.ru;
2024-01-09;MASTERDOM123.ru;
2024-01-09;MASTERRUBBER29.ru;
2024-01-09;MASTERSKAYA-ALEXANDRA.ru;
2024-01-09;MASTERSPIKOVVI24REM.ru;
2024-01-09;MATCH-SMM.ru;
2024-01-09;MATISHADOG.ru;
2024-01-09;MATTIKO.ru;
2024-01-09;MATVEEV-DEVOPS.ru;
2024-01-09;MAXALISAPETR.ru;
2024-01-09;MAXELOVSKIKH.ru;
2024-01-09;MAXIMAST.ru;
2024-01-09;MAXINLIGHT.ru;
2024-01-09;MAYA100414.ru;
2024-01-09;MBX51.ru;
2024-01-09;MCSUPER.ru;
2024-01-09;MDTOUR.ru;
2024-01-09;ME1NAS.ru;
2024-01-09;MEA-SOFT.ru;
2024-01-09;MEBEL-EXPERTISE.ru;
2024-01-09;MEBEL-LEBEDEVOY.ru;
2024-01-09;MEBEL-OT-LEBEDEVOY.ru;
2024-01-09;MEBEL-SOZVEZDIE.ru;
2024-01-09;MEBELBROSKO.ru;
2024-01-09;MEBELNO37.ru;
2024-01-09;MEBELVKOMNATU.ru;
2024-01-09;MEBSELLER.ru;
2024-01-09;MED-SIDELKI.ru;
2024-01-09;MEDIA-KURS.ru;
2024-01-09;MEDIA-OPRS12.ru;
2024-01-09;MEDIANN-DEV.ru;
2024-01-09;MEDKAB-ZDOROVE.ru;
2024-01-09;MEDKNIZHKI-CENA.ru;
2024-01-09;MEDKNIZHKI-NEDOROGO.ru;
2024-01-09;MEDTECC.ru;
2024-01-09;MEEBLOOM.ru;
2024-01-09;MEESHK.ru;
2024-01-09;MEGABULL.ru;
2024-01-09;MEGAPOLIS-CARSPB.ru;
2024-01-09;MEISIFARM.ru;
2024-01-09;MELONJUICE.ru;
2024-01-09;MENDESFOTO.ru;
2024-01-09;MENGJI.ru;
2024-01-09;MENTAL-SIGN.ru;
2024-01-09;MERCH-INFRA.ru;
2024-01-09;MESENPRO.ru;
2024-01-09;MESSENGPRO.ru;
2024-01-09;METODACADEMY.ru;
2024-01-09;MFC-AVANGARD.ru;
2024-01-09;MGRENADER.ru;
2024-01-09;MHOLOMEEV.ru;
2024-01-09;MIASSMETALZAVOD.ru;
2024-01-09;MIBLOOM.ru;
2024-01-09;MICHELMORAN.ru;
2024-01-09;MICHINOKU.ru;
2024-01-09;MILANDIA.ru;
2024-01-09;MILKYVEGANYOGA.ru;
2024-01-09;MILLS-RUS.ru;
2024-01-09;MILLS-RUSSIA.ru;
2024-01-09;MILLSRUSSIA.ru;
2024-01-09;MINIMIRSHOP.ru;
2024-01-09;MIRABE.ru;
2024-01-09;MIRATM.ru;
2024-01-09;MIRBABOK.ru;
2024-01-09;MIRMALYRA.ru;
2024-01-09;MIRONOV98.ru;
2024-01-09;MIRPRAV-ZALIV.ru;
2024-01-09;MIRTADIKA.ru;
2024-01-09;MISHURAGEMS.ru;
2024-01-09;MISSMONEY.ru;
2024-01-09;MISTER-CRAB.ru;
2024-01-09;MIXVAGANOV.ru;
2024-01-09;MIYADZAKI.ru;
2024-01-09;MJAZIN.ru;
2024-01-09;MJUZLENKO.ru;
2024-01-09;MKBDEBERMIR.ru;
2024-01-09;MKSZT.ru;
2024-01-09;MKTER.ru;
2024-01-09;MLAVRIK.ru;
2024-01-09;MLMMLM.ru;
2024-01-09;MMGARIFULLIN.ru;
2024-01-09;MMMAS.ru;
2024-01-09;MMMRRR.ru;
2024-01-09;MNBVG1835.ru;
2024-01-09;MNTSTORE.ru;
2024-01-09;MOBICPLAY.ru;
2024-01-09;MOBILE-STAFF.ru;
2024-01-09;MOBILEGO-WORK.ru;
2024-01-09;MODNYE-SVITERA.ru;
2024-01-09;MODULTUR.ru;
2024-01-09;MOHCTP.ru;
2024-01-09;MOISEEV-OA.ru;
2024-01-09;MOLD-E.ru;
2024-01-09;MOLD-REMOVER.ru;
2024-01-09;MOMENTICUS.ru;
2024-01-09;MONETTOP.ru;
2024-01-09;MONEY-2024.ru;
2024-01-09;MONEY2024.ru;
2024-01-09;MONEYBIMON.ru;
2024-01-09;MONEYSELVER.ru;
2024-01-09;MONO-MOSCOW.ru;
2024-01-09;MOOMOOTATTS.ru;
2024-01-09;MOON-BEAUTY-PILATES.ru;
2024-01-09;MOON-ENERGYSCHOOL.ru;
2024-01-09;MOON-PAY.ru;
2024-01-09;MOON99.ru;
2024-01-09;MOONSPRINT.ru;
2024-01-09;MOROSHKA-ART.ru;
2024-01-09;MOSAUTOVYKUP.ru;
2024-01-09;MOSAVTOVYKUP.ru;
2024-01-09;MOSCOWWESTI.ru;
2024-01-09;MOSGROS.ru;
2024-01-09;MOSHKIN-AV.ru;
2024-01-09;MOSKRUG.ru;
2024-01-09;MOSKVADO.ru;
2024-01-09;MOSTWANTED9666.ru;
2024-01-09;MOTKO.ru;
2024-01-09;MOYDOM1LIVE.ru;
2024-01-09;MOYVYZOV.ru;
2024-01-09;MOZXHUB.ru;
2024-01-09;MPN1.ru;
2024-01-09;MRADIK.ru;
2024-01-09;MRCIE.ru;
2024-01-09;MRGRESTM.ru;
2024-01-09;MRPL-GUIDE.ru;
2024-01-09;MRWOODHOOKAH.ru;
2024-01-09;MRYHIN.ru;
2024-01-09;MSK-SOFT1.ru;
2024-01-09;MSKDIESEL.ru;
2024-01-09;MTO-PRO.ru;
2024-01-09;MTSMIR.ru;
2024-01-09;MUKHTARSHOP.ru;
2024-01-09;MULFAR-MIDE.ru;
2024-01-09;MULINY.ru;
2024-01-09;MULTIKARP.ru;
2024-01-09;MULTOLEND.ru;
2024-01-09;MULYUKOVA-AG.ru;
2024-01-09;MURUKAE.ru;
2024-01-09;MUSATENKO.ru;
2024-01-09;MUSICHENKOSVETLANA.ru;
2024-01-09;MUZH-RUBASHKI.ru;
2024-01-09;MUZHEVITIN.ru;
2024-01-09;MUZINAHOME.ru;
2024-01-09;MVTSAREV.ru;
2024-01-09;MVVOLKOVA.ru;
2024-01-09;MW-LESSONS.ru;
2024-01-09;MY-CHALLENGE.ru;
2024-01-09;MY-CHAT-TEST.ru;
2024-01-09;MY-FREE.ru;
2024-01-09;MY-HEAD.ru;
2024-01-09;MY-Q.ru;
2024-01-09;MYHOUSECLEANING.ru;
2024-01-09;MYLTIIGRA.ru;
2024-01-09;MYS1006.ru;
2024-01-09;N-VERDIEV.ru;
2024-01-09;NAASHX.ru;
2024-01-09;NABEREJNIECHELNY.ru;
2024-01-09;NADEJDA-369.ru;
2024-01-09;NADEZHDADARTLOVEMAGIC.ru;
2024-01-09;NAEAZY.ru;
2024-01-09;NAFOTKAX.ru;
2024-01-09;NAKIDKI-TROKOT.ru;
2024-01-09;NAKRUTKA1.ru;
2024-01-09;NAMUS-STROY.ru;
2024-01-09;NANDHA.ru;
2024-01-09;NAPOLETAEVA.ru;
2024-01-09;NAPOLNYCSS.ru;
2024-01-09;NARISOFKA.ru;
2024-01-09;NARUTA.ru;
2024-01-09;NASTJA-IVANOVA.ru;
2024-01-09;NASTOLKICHAT.ru;
2024-01-09;NASTYASROST.ru;
2024-01-09;NATALEENID.ru;
2024-01-09;NATALEXPRO.ru;
2024-01-09;NATALJANAZAROVA.ru;
2024-01-09;NATALYLEHAR.ru;
2024-01-09;NATANBRONTS.ru;
2024-01-09;NATLEATHER.ru;
2024-01-09;NATNIKLOL.ru;
2024-01-09;NAUMOG.ru;
2024-01-09;NAUMOVART.ru;
2024-01-09;NAVI-RUS.ru;
2024-01-09;NAZAROVEVGENIY.ru;
2024-01-09;NBIKKULOVA.ru;
2024-01-09;NDR-ZHIV.ru;
2024-01-09;NDREW73.ru;
2024-01-09;NE-PLACHY-DOLG24.ru;
2024-01-09;NEBERY.ru;
2024-01-09;NEBOFRAME.ru;
2024-01-09;NED406.ru;
2024-01-09;NEED-ARMOR.ru;
2024-01-09;NEEDET38.ru;
2024-01-09;NEFTFOOD.ru;
2024-01-09;NEKOBOBRIK.ru;
2024-01-09;NEOBENONE.ru;
2024-01-09;NEOBREZ.ru;
2024-01-09;NEP-EXPRESS.ru;
2024-01-09;NEPEXPRESS.ru;
2024-01-09;NEPLOGISTICS.ru;
2024-01-09;NEPTUNELOGISTICS.ru;
2024-01-09;NEST-SHOP.ru;
2024-01-09;NETY-DOLGA24.ru;
2024-01-09;NETY-DOLGOV24.ru;
2024-01-09;NEURNLN.ru;
2024-01-09;NEUROMESH.ru;
2024-01-09;NEUROSORT.ru;
2024-01-09;NEVA-STOR.ru;
2024-01-09;NEVA-STORE.ru;
2024-01-09;NEVASTOR.ru;
2024-01-09;NEWDENTCLINIC30.ru;
2024-01-09;NEWHOUSE39.ru;
2024-01-09;NEWS-BEAUTY.ru;
2024-01-09;NEWS-RIBALKA.ru;
2024-01-09;NEWSGAZETANEW.ru;
2024-01-09;NEWSPRO-FIN.ru;
2024-01-09;NEXUSZONE.ru;
2024-01-09;NFEDYUNIN.ru;
2024-01-09;NG2082.ru;
2024-01-09;NIALLAS.ru;
2024-01-09;NICKIN-SHOW.ru;
2024-01-09;NIGHTMAREWORLD.ru;
2024-01-09;NIK-PARKET.ru;
2024-01-09;NIKA-S1.ru;
2024-01-09;NIKANAIL.ru;
2024-01-09;NIKEAIR-MAX.ru;
2024-01-09;NIKOLAEVCASES.ru;
2024-01-09;NIKOLATESLA2389.ru;
2024-01-09;NIKOLAY31REG.ru;
2024-01-09;NIKTINA.ru;
2024-01-09;NIKVIVANOV1964.ru;
2024-01-09;NINTENDO-SERVICES.ru;
2024-01-09;NISLAV-KRITSKIY.ru;
2024-01-09;NKATKALO.ru;
2024-01-09;NKIMPROD.ru;
2024-01-09;NKRAJNOV.ru;
2024-01-09;NMNICOLAEVA2011.ru;
2024-01-09;NNOV-ZABOR.ru;
2024-01-09;NO89.ru;
2024-01-09;NOCFRAME.ru;
2024-01-09;NONAME-STUDIO-GAMEDEV.ru;
2024-01-09;NONAMETHEATER.ru;
2024-01-09;NOPCR.ru;
2024-01-09;NORDICPROTECH.ru;
2024-01-09;NORDINIKS.ru;
2024-01-09;NOTCOIN-BLOG.ru;
2024-01-09;NOTCOINTON.ru;
2024-01-09;NOVIYORIENTIR.ru;
2024-01-09;NOVOBENON.ru;
2024-01-09;NOVOBENONE.ru;
2024-01-09;NOVOSIBIRSK-EKSKURSII.ru;
2024-01-09;NOVOSTROIKI-RYAZAN.ru;
2024-01-09;NOVOSTROIKI-RYAZANONLINE.ru;
2024-01-09;NPKSTAN.ru;
2024-01-09;NPO-ALTER.ru;
2024-01-09;NPOPEZ.ru;
2024-01-09;NPOQEZ.ru;
2024-01-09;NSORTLEY.ru;
2024-01-09;NTARAJKOVICH.ru;
2024-01-09;NTERESHIN.ru;
2024-01-09;NTMSZ.ru;
2024-01-09;NU-SASHKA.ru;
2024-01-09;NULLAWAY.ru;
2024-01-09;NUTELLAMOBILE.ru;
2024-01-09;NVVOI.ru;
2024-01-09;NWGFIREGLASS.ru;
2024-01-09;NZT-BOT.ru;
2024-01-09;O-DOLGAX2-PO-ZAKONY.ru;
2024-01-09;O-DOLGAX24-ZABYDY.ru;
2024-01-09;O-HOSTINGAH.ru;
2024-01-09;O-NALOGAH.ru;
2024-01-09;O-V-A.ru;
2024-01-09;OASKAR.ru;
2024-01-09;OBEGDZHANOVA.ru;
2024-01-09;OBOGREVATEL-ZAKAZAT.ru;
2024-01-09;OBOI-OBOI-PRO.ru;
2024-01-09;OBOIDUVSE.ru;
2024-01-09;OBORUDUS.ru;
2024-01-09;OBUCHENIETELEGRAM.ru;
2024-01-09;OCENKA-EKATERINBURG.ru;
2024-01-09;OCENKA-NNV.ru;
2024-01-09;OCENKAKM.ru;
2024-01-09;OCHERNOTA.ru;
2024-01-09;ODASATAN.ru;
2024-01-09;ODASATAN666.ru;
2024-01-09;ODEVAET.ru;
2024-01-09;ODEZDADOM.ru;
2024-01-09;ODINDOMALORDFILM.ru;
2024-01-09;OFD-ORD1118.ru;
2024-01-09;OFD-ORD1931.ru;
2024-01-09;OFD-ORD3421.ru;
2024-01-09;OFD-ORD3544.ru;
2024-01-09;OFD-ORD6146.ru;
2024-01-09;OFD-ORD7016.ru;
2024-01-09;OFD-ORD7392.ru;
2024-01-09;OFD-ORD9560.ru;
2024-01-09;OFD-ORD9592.ru;
2024-01-09;OFD-ORD9695.ru;
2024-01-09;OFD-ORD9741.ru;
2024-01-09;OFD-ORD9908.ru;
2024-01-09;OFD1921.ru;
2024-01-09;OFD3360.ru;
2024-01-09;OFD9450.ru;
2024-01-09;OFFICEDISCOUNTER.ru;
2024-01-09;OFFICIAL-DELIVERY.ru;
2024-01-09;OFFICIAL-ID9837.ru;
2024-01-09;OGASANOV.ru;
2024-01-09;OGENTATE.ru;
2024-01-09;OGOEVA.ru;
2024-01-09;OGOROD180.ru;
2024-01-09;OGORODNICA24.ru;
2024-01-09;OILCC.ru;
2024-01-09;OKAMINSKAJA.ru;
2024-01-09;OKINAWAHOTELMAJIN.ru;
2024-01-09;OKSANAMARTY.ru;
2024-01-09;OKSCHUROVA.ru;
2024-01-09;OLATIVA.ru;
2024-01-09;OLEGALEKSANDROV.ru;
2024-01-09;OLEGSHUMAN.ru;
2024-01-09;OLGA-LOGACHEVA.ru;
2024-01-09;OLGA-VINNIKOVA.ru;
2024-01-09;OLGAANIKINA90.ru;
2024-01-09;OLGATHEWHITESWAN.ru;
2024-01-09;OLGAVL.ru;
2024-01-09;OLIPERTUS.ru;
2024-01-09;OLLYA.ru;
2024-01-09;OLYAYA.ru;
2024-01-09;OLYMPUS-SERVICES.ru;
2024-01-09;OLZER.ru;
2024-01-09;OMSK-DONGFENGMOTOR.ru;
2024-01-09;ONE1LIFE.ru;
2024-01-09;ONEGOPTZ.ru;
2024-01-09;ONESHOTTATTOO.ru;
2024-01-09;ONKYO-SERVICES.ru;
2024-01-09;ONLINE-BARBERCOURSES.ru;
2024-01-09;ONLINE-PODGOTOVKA.ru;
2024-01-09;ONLINE-REHAB.ru;
2024-01-09;ONLINEKULTURA.ru;
2024-01-09;ONLINEPROFESSY.ru;
2024-01-09;ONLINEREHAB.ru;
2024-01-09;ONLY-LOFT.ru;
2024-01-09;ONLYQUEST.ru;
2024-01-09;OOOURTK.ru;
2024-01-09;OPEN-ANKETA.ru;
2024-01-09;OPENFIRM.ru;
2024-01-09;OPHIDIA.ru;
2024-01-09;OPLATA2132.ru;
2024-01-09;OPLATA2133.ru;
2024-01-09;OPOZDYN.ru;
2024-01-09;OPTIKALUT.ru;
2024-01-09;OPTIMAL-DVR.ru;
2024-01-09;OPTSHARIKI.ru;
2024-01-09;ORAAUTO.ru;
2024-01-09;ORD0128.ru;
2024-01-09;ORDER-3834.ru;
2024-01-09;ORDER-4703.ru;
2024-01-09;ORDER-ID912875.ru;
2024-01-09;ORDER-ID93485.ru;
2024-01-09;ORDER1450.ru;
2024-01-09;ORDER2089.ru;
2024-01-09;ORDER5709.ru;
2024-01-09;ORDER6505.ru;
2024-01-09;ORDER6540.ru;
2024-01-09;ORDER7205.ru;
2024-01-09;ORDER7767.ru;
2024-01-09;ORDER7807.ru;
2024-01-09;ORDER8470.ru;
2024-01-09;ORDER8640.ru;
2024-01-09;ORDER8794.ru;
2024-01-09;ORDER8910.ru;
2024-01-09;ORDER9015.ru;
2024-01-09;ORDER9074.ru;
2024-01-09;ORDER9401.ru;
2024-01-09;ORDER9870.ru;
2024-01-09;ORFOGRAMIO.ru;
2024-01-09;ORGANIZACIJ.ru;
2024-01-09;ORGANIZEPDF.ru;
2024-01-09;ORGANIZORRO.ru;
2024-01-09;ORIENTIRPROF.ru;
2024-01-09;ORIGIN-RP.ru;
2024-01-09;ORION-REALTOR.ru;
2024-01-09;ORIONREALTOR.ru;
2024-01-09;ORLOVNIKITA.ru;
2024-01-09;OS-LISKI.ru;
2024-01-09;OSCAR1591.ru;
2024-01-09;OSCARMUSICS.ru;
2024-01-09;OSKARBEAUTY.ru;
2024-01-09;OSTEKLENIE38.ru;
2024-01-09;OTARDIGITAL.ru;
2024-01-09;OTK154.ru;
2024-01-09;OTOGREV-AUTO24.ru;
2024-01-09;OTOPLENIE30.ru;
2024-01-09;OTVETIMVSETUT.ru;
2024-01-09;OTVETMP.ru;
2024-01-09;OTXOH4IK.ru;
2024-01-09;OUSTETIV.ru;
2024-01-09;OUTLET2024.ru;
2024-01-09;OVD-GOV.ru;
2024-01-09;OVOD100.ru;
2024-01-09;OWLSGRIP.ru;
2024-01-09;OWN-PEOPLE.ru;
2024-01-09;OWNPEOPLE.ru;
2024-01-09;OXEXO.ru;
2024-01-09;OYSHARA.ru;
2024-01-09;OZEPAY.ru;
2024-01-09;P-PETROVA.ru;
2024-01-09;P-RR.ru;
2024-01-09;P0STROIM-HOUSE.ru;
2024-01-09;PAGE-4791.ru;
2024-01-09;PALATKI-V-KEMPING.ru;
2024-01-09;PALITRI.ru;
2024-01-09;PALLETNYE-STELLAGI.ru;
2024-01-09;PALYCH-PRO.ru;
2024-01-09;PANO125.ru;
2024-01-09;PANTELEEV-TOP.ru;
2024-01-09;PARACELSUS-MED.ru;
2024-01-09;PARK-FOROS.ru;
2024-01-09;PARKSIDE-MOSCOW.ru;
2024-01-09;PARTS-SCANNER.ru;
2024-01-09;PASTACLUB.ru;
2024-01-09;PAVEL4601.ru;
2024-01-09;PAVILION-STROY.ru;
2024-01-09;PAVLOVANV2023.ru;
2024-01-09;PAY-ID714552.ru;
2024-01-09;PAY-ID816844.ru;
2024-01-09;PAY-ID855321.ru;
2024-01-09;PAY-ID912512.ru;
2024-01-09;PAYD13.ru;
2024-01-09;PAYMENT-271.ru;
2024-01-09;PAYMENT-272.ru;
2024-01-09;PAYMENTS-ORDER975.ru;
2024-01-09;PBK64.ru;
2024-01-09;PDL-MASTER.ru;
2024-01-09;PDL-SPORT.ru;
2024-01-09;PDNV.ru;
2024-01-09;PEARGIANNE.ru;
2024-01-09;PECHATI-55.ru;
2024-01-09;PECHATVEZDE.ru;
2024-01-09;PECTOSOME.ru;
2024-01-09;PEDKOM.ru;
2024-01-09;PEGASSECURITY.ru;
2024-01-09;PELAMIDA.ru;
2024-01-09;PENO-PROM.ru;
2024-01-09;PENTAX-SERVICE.ru;
2024-01-09;PEREPLET-SPB.ru;
2024-01-09;PERESADINA.ru;
2024-01-09;PEREVEDENCZEVAA.ru;
2024-01-09;PEREVOZKA-ONLINE.ru;
2024-01-09;PERFECT-REBORN.ru;
2024-01-09;PERFECTVANN.ru;
2024-01-09;PEROVIAB.ru;
2024-01-09;PERSHIJNTER.ru;
2024-01-09;PERSHIN-PLASTICA.ru;
2024-01-09;PERVINDICTAM.ru;
2024-01-09;PETA634.ru;
2024-01-09;PETFORD.ru;
2024-01-09;PETRITUALEKB.ru;
2024-01-09;PETRITUALKZN.ru;
2024-01-09;PETRITUALMSK.ru;
2024-01-09;PETRITUALNN.ru;
2024-01-09;PETRITUALNS.ru;
2024-01-09;PETRITUALSMR.ru;
2024-01-09;PETRITUALSOCHI.ru;
2024-01-09;PETRITUALVLG.ru;
2024-01-09;PETRITUALVRN.ru;
2024-01-09;PETRUSHECHKINA.ru;
2024-01-09;PETRYPHO.ru;
2024-01-09;PHARMA-LEX.ru;
2024-01-09;PHENIXDNR.ru;
2024-01-09;PHOENIXRPGARCHIVE.ru;
2024-01-09;PHOTO-REELS.ru;
2024-01-09;PHOTOCRIMEA.ru;
2024-01-09;PHOTOELIZ-YA.ru;
2024-01-09;PHOTOHTK.ru;
2024-01-09;PHOTOIRK38.ru;
2024-01-09;PHUDJAKOV.ru;
2024-01-09;PHYGIATHLON.ru;
2024-01-09;PHYGIATLON.ru;
2024-01-09;PIN-BAR.ru;
2024-01-09;PIN-UP-BETTINGS.ru;
2024-01-09;PIN-UP-CASINO-BONUS.ru;
2024-01-09;PIN-UP-GAMES.ru;
2024-01-09;PIN-UP-SHOPS.ru;
2024-01-09;PIN-UPCAZINOMONEY.ru;
2024-01-09;PIN-UPCAZINOPLAYZ.ru;
2024-01-09;PIN-UPKAZINOSLOTS.ru;
2024-01-09;PIN-UPP2.ru;
2024-01-09;PINSOMER.ru;
2024-01-09;PINUP-4707.ru;
2024-01-09;PINUP-894.ru;
2024-01-09;PINUP-AVTOMATY587.ru;
2024-01-09;PINUP-BEST1.ru;
2024-01-09;PINUP-CASHCAZINO.ru;
2024-01-09;PINUP-CAZINOPAYS.ru;
2024-01-09;PINUP-CUSINO.ru;
2024-01-09;PINUP-KASINO.ru;
2024-01-09;PINUP-KASINOPLAY.ru;
2024-01-09;PINUP-KASINOSLOTS.ru;
2024-01-09;PINUP-KAZINO-25.ru;
2024-01-09;PINUP-KAZINOSLOTS.ru;
2024-01-09;PINUP-OFFCIAL-34.ru;
2024-01-09;PINUP-PAYKASINO.ru;
2024-01-09;PINUP-PAYSCASH.ru;
2024-01-09;PINUP-PAYSKAZINO.ru;
2024-01-09;PINUP-PLAYCAZINO.ru;
2024-01-09;PINUP-PLAYKASINO.ru;
2024-01-09;PINUP-PLAYSCAZINO.ru;
2024-01-09;PINUP-SILVER.ru;
2024-01-09;PINUP-WELCOME.ru;
2024-01-09;PINUP-WINMONEY.ru;
2024-01-09;PINUP24CASINO.ru;
2024-01-09;PINUP7206.ru;
2024-01-09;PINUPCASHCAZINO.ru;
2024-01-09;PINUPCASINO-MONEY.ru;
2024-01-09;PINUPCASINO-PLAYZ.ru;
2024-01-09;PINUPCASINO66-3.ru;
2024-01-09;PINUPCASINO77777BX.ru;
2024-01-09;PINUPCASINO777AX.ru;
2024-01-09;PINUPCASINOMONEY.ru;
2024-01-09;PINUPCASINOPAYS.ru;
2024-01-09;PINUPCASINOPLAY77777.ru;
2024-01-09;PINUPCASINOPLAY7X.ru;
2024-01-09;PINUPCAZINO-PAYS.ru;
2024-01-09;PINUPCAZINOCASH.ru;
2024-01-09;PINUPCAZINOPLAYS.ru;
2024-01-09;PINUPKASINOPAYS.ru;
2024-01-09;PINUPKAZINOCASHWIN.ru;
2024-01-09;PINUPPLAYKAZINO.ru;
2024-01-09;PINUPPLAYS.ru;
2024-01-09;PINUPSLOTSPAYS.ru;
2024-01-09;PINUPWIN-CAZINO.ru;
2024-01-09;PIONEER-SERVICES.ru;
2024-01-09;PIRAMIDA--SLOTS.ru;
2024-01-09;PITERWESTI.ru;
2024-01-09;PIZZADCC.ru;
2024-01-09;PIZZASHOP163.ru;
2024-01-09;PKOSKIN.ru;
2024-01-09;PLAKATTA.ru;
2024-01-09;PLAN3.ru;
2024-01-09;PLATOVA-PRO.ru;
2024-01-09;PLITUR.ru;
2024-01-09;PLUM-RUST.ru;
2024-01-09;PLUMBEARCOM.ru;
2024-01-09;PMO-CONSULTING.ru;
2024-01-09;PMORSEUR.ru;
2024-01-09;PO-ZAKONY24-PRO-DOLG.ru;
2024-01-09;POCHEMUETO.ru;
2024-01-09;POCHTA-777.ru;
2024-01-09;POCKET-OPTI0N.ru;
2024-01-09;POCKET-OPTION-PROMOKOD.ru;
2024-01-09;POCO-SERVICES.ru;
2024-01-09;PODGORAET.ru;
2024-01-09;PODGOTOVKA-ONLINE.ru;
2024-01-09;PODUSHKA-OSTIO.ru;
2024-01-09;POINT-IEARNING-WB.ru;
2024-01-09;POLAND-TIKET.ru;
2024-01-09;POLEV-PRO-HOSTINGI.ru;
2024-01-09;POLOS67.ru;
2024-01-09;POLOVINCHENKO.ru;
2024-01-09;POLYNOM3.ru;
2024-01-09;POLYPLITKA.ru;
2024-01-09;POLYSTREAM.ru;
2024-01-09;POOLS-CASSA.ru;
2024-01-09;POOLS-KINO.ru;
2024-01-09;POOLS-STANDUP.ru;
2024-01-09;POOLS-THEATRE.ru;
2024-01-09;POPOVAEB.ru;
2024-01-09;PORTFOLIO-ZH.ru;
2024-01-09;PORTFOLIO593.ru;
2024-01-09;POSHIVCGD.ru;
2024-01-09;POSITIVEKOT.ru;
2024-01-09;POSLESMERTIE.ru;
2024-01-09;POSMOTRIOTVET.ru;
2024-01-09;POST-LOCATE.ru;
2024-01-09;POSTAVKI-OPT.ru;
2024-01-09;POSTROIM-DOM2Y0U.ru;
2024-01-09;POSTROIM-HOME4YOU.ru;
2024-01-09;POSUTOCHNO-TBILISI.ru;
2024-01-09;POTESHNAYA.ru;
2024-01-09;POTOLKIBRAUSE.ru;
2024-01-09;POVOREHKA.ru;
2024-01-09;POWER-GRACE.ru;
2024-01-09;POWERSHOWIVAN.ru;
2024-01-09;POZDNYAKOVALUBOV.ru;
2024-01-09;POZNANIYAM.ru;
2024-01-09;PPRROGOLOOSUI.ru;
2024-01-09;PRACTICA-INFO.ru;
2024-01-09;PRACTICKONF.ru;
2024-01-09;PRAGMATIKANW.ru;
2024-01-09;PRAVOCORP.ru;
2024-01-09;PRAVOSLAVIEDO.ru;
2024-01-09;PRDOC.ru;
2024-01-09;PRECKYAN.ru;
2024-01-09;PREKRASEN-MIR.ru;
2024-01-09;PREM-WATCHES.ru;
2024-01-09;PREM575.ru;
2024-01-09;PREMIER-WINES.ru;
2024-01-09;PREMIERWINES.ru;
2024-01-09;PREMIUM-STUDIO-INTERIOR.ru;
2024-01-09;PREMIUMPINUP-873.ru;
2024-01-09;PRETTYPLUSS.ru;
2024-01-09;PRIMATDAYZ.ru;
2024-01-09;PRINTEVEZDE.ru;
2024-01-09;PRIVATE25.ru;
2024-01-09;PRO-BIZLEAD.ru;
2024-01-09;PRO-DOLG2024.ru;
2024-01-09;PRO-DOLGI24.ru;
2024-01-09;PRO-FRAME.ru;
2024-01-09;PRO-HOSTEXPERT.ru;
2024-01-09;PRO-HOSTING24.ru;
2024-01-09;PRO-HOSTINGLUD.ru;
2024-01-09;PRO-TERM-KOTYOL.ru;
2024-01-09;PRO24WISEXCHANGER.ru;
2024-01-09;PROACTIVE63.ru;
2024-01-09;PROBARMINO52.ru;
2024-01-09;PROBCE24.ru;
2024-01-09;PROBIVBOT.ru;
2024-01-09;PRODAEM-NA-MP.ru;
2024-01-09;PROF-AI.ru;
2024-01-09;PROFAW.ru;
2024-01-09;PROFILCHISTOTY.ru;
2024-01-09;PROFILREMONTA.ru;
2024-01-09;PROHRCOACHING.ru;
2024-01-09;PROJECT-OF-NUTRITION.ru;
2024-01-09;PROKHANOVKA.ru;
2024-01-09;PROMOKOD-MEGAMARKETA.ru;
2024-01-09;PROMTNET.ru;
2024-01-09;PROOTSENKA.ru;
2024-01-09;PROPUSK-PO-MOSKVE.ru;
2024-01-09;PROSLOWLIFE.ru;
2024-01-09;PROSTO13.ru;
2024-01-09;PROSTOKOMFORTNO.ru;
2024-01-09;PROVERKATELEGRAM.ru;
2024-01-09;PRSNLHR.ru;
2024-01-09;PRYADILSHIKOVAFOTO.ru;
2024-01-09;PRYPETSEN.ru;
2024-01-09;PSED22.ru;
2024-01-09;PSHABUNIN.ru;
2024-01-09;PSOLOMATOV.ru;
2024-01-09;PSROOT.ru;
2024-01-09;PSWIK.ru;
2024-01-09;PSYCHOLOGTOP.ru;
2024-01-09;PSYFORPEOPLE.ru;
2024-01-09;PSYIN.ru;
2024-01-09;PSYLIGHT29.ru;
2024-01-09;PTEHPROEKT.ru;
2024-01-09;PUFFMI-SHOP.ru;
2024-01-09;PUMA-MOSCOW.ru;
2024-01-09;PUMASPB.ru;
2024-01-09;PUPEMA.ru;
2024-01-09;PUSSYRIDE.ru;
2024-01-09;PUTONDAY.ru;
2024-01-09;PUTPREODOLENYA-ULYANOVSK.ru;
2024-01-09;PV2393.ru;
2024-01-09;PVAGIN.ru;
2024-01-09;PVOSTRIKOV.ru;
2024-01-09;PYATANOV.ru;
2024-01-09;PYSHOOL.ru;
2024-01-09;PYTHONWIKI.ru;
2024-01-09;QARABASS.ru;
2024-01-09;QR-GAMER.ru;
2024-01-09;QR-LOGIN.ru;
2024-01-09;QTY-COSMETICS.ru;
2024-01-09;QTY-PRO.ru;
2024-01-09;QTY-SHAMPOO.ru;
2024-01-09;QTYCOSMETICS.ru;
2024-01-09;QTYPRO.ru;
2024-01-09;QTYPROFESSIONAL.ru;
2024-01-09;QUADEONALI.ru;
2024-01-09;QUALITY-RP.ru;
2024-01-09;QUANTFEED.ru;
2024-01-09;QUARTACONSULTING.ru;
2024-01-09;QUICKSOUTH.ru;
2024-01-09;RABBITMQ-LESSONS.ru;
2024-01-09;RABOTA-ANKETA.ru;
2024-01-09;RABOTA-MARIA-RA.ru;
2024-01-09;RADAR-GO.ru;
2024-01-09;RADARY-DETEKTORY.ru;
2024-01-09;RADIANT-SMILE.ru;
2024-01-09;RADIO-ONLAYN.ru;
2024-01-09;RADIODETALI155.ru;
2024-01-09;RADOSTEVAWB.ru;
2024-01-09;RAGOZLA.ru;
2024-01-09;RAISA-GUSEJNOVA.ru;
2024-01-09;RAKKYCUPDATE.ru;
2024-01-09;RAMBLCR.ru;
2024-01-09;RAMZINCOR.ru;
2024-01-09;RARUTJUNJAN.ru;
2024-01-09;RASKHODNIKIRF.ru;
2024-01-09;RASSANOVA-1.ru;
2024-01-09;RASSTEGAJ.ru;
2024-01-09;RAVLES.ru;
2024-01-09;RAWARDS-FF-GARENU.ru;
2024-01-09;RAYPINO.ru;
2024-01-09;RAYZR.ru;
2024-01-09;RBVASNAB.ru;
2024-01-09;RE-SHOWER.ru;
2024-01-09;REALME-SERVICES.ru;
2024-01-09;REDKO-7.ru;
2024-01-09;REDRAKI.ru;
2024-01-09;REDSTARST.ru;
2024-01-09;REDTASK-SERVER.ru;
2024-01-09;REGARD-STROIT.ru;
2024-01-09;REGCOURIER.ru;
2024-01-09;REGRESSION-EIT.ru;
2024-01-09;REKAOBLAKA.ru;
2024-01-09;REKLAMABLOGER.ru;
2024-01-09;REKLAMAUGA.ru;
2024-01-09;REM-29.ru;
2024-01-09;REM-TEHMASTER.ru;
2024-01-09;REMONT-BRUSNIKA-KRD.ru;
2024-01-09;REMONT-SAMARA-BRUSNIKA.ru;
2024-01-09;REMONT-SMR.ru;
2024-01-09;REMONT-TRAKTOR.ru;
2024-01-09;REMONT001.ru;
2024-01-09;REMONTKVARTIROMSK.ru;
2024-01-09;REMONTKVUFA.ru;
2024-01-09;REMONTNOVOSTROY64.ru;
2024-01-09;REMONTOBUVI-OREL.ru;
2024-01-09;REMONTPROD.ru;
2024-01-09;REMONTPRODIGY.ru;
2024-01-09;REMSKLAD54.ru;
2024-01-09;RENT-MASS.ru;
2024-01-09;RENTEESPACE.ru;
2024-01-09;RENTISH13-AXIOMA.ru;
2024-01-09;RENTLPG.ru;
2024-01-09;REPO2.ru;
2024-01-09;RESANTA-SERVICE.ru;
2024-01-09;RESELLA.ru;
2024-01-09;RESHOWER.ru;
2024-01-09;RESPECTFOOTBALL.ru;
2024-01-09;RESTORANPUBLICA.ru;
2024-01-09;RETROFIT-SHOP.ru;
2024-01-09;REUTENKO.ru;
2024-01-09;REVERRISE.ru;
2024-01-09;REVIEWAUTHMYGOVXSEC.ru;
2024-01-09;REWARD-FF-QARENE.ru;
2024-01-09;REWARDS-FF-GERENU.ru;
2024-01-09;RF-CREDITS.ru;
2024-01-09;RF-LOW.ru;
2024-01-09;RFORMA.ru;
2024-01-09;RGSON.ru;
2024-01-09;RICKOWENS-MOSCOW.ru;
2024-01-09;RIDEPORT.ru;
2024-01-09;RIKASENSOR.ru;
2024-01-09;RILS-KURSY-BESPLATNO.ru;
2024-01-09;RIM-TKANI.ru;
2024-01-09;RINALINA.ru;
2024-01-09;RINAT-ISHMUHAMETOV.ru;
2024-01-09;RIOBET2024.ru;
2024-01-09;RIOBETCASINO-2024.ru;
2024-01-09;RIOBETCAZINO.ru;
2024-01-09;RIRI-PATTERN.ru;
2024-01-09;RISEW.ru;
2024-01-09;RISHAT-DAVLETGAREEV.ru;
2024-01-09;RITUALNK.ru;
2024-01-09;RK-TECHNOLOGIES.ru;
2024-01-09;RKANAVA.ru;
2024-01-09;RKTECHNOLOGIES.ru;
2024-01-09;RMESTG.ru;
2024-01-09;RMIAS.ru;
2024-01-09;RNIKOLAJ.ru;
2024-01-09;ROB2006.ru;
2024-01-09;ROBOT-REMONT.ru;
2024-01-09;ROBUXCARD.ru;
2024-01-09;ROGENGURU.ru;
2024-01-09;ROID-GP.ru;
2024-01-09;ROKUT.ru;
2024-01-09;ROLAND-SERVICES.ru;
2024-01-09;ROMANSTRIGA.ru;
2024-01-09;ROMASHKA-DIGITAL.ru;
2024-01-09;ROOF-M.ru;
2024-01-09;ROS-NEWS.ru;
2024-01-09;ROSEN-PSYCHOLOG.ru;
2024-01-09;ROSMEDICIN.ru;
2024-01-09;ROSTAPLATFORMA.ru;
2024-01-09;ROSTOVDON161.ru;
2024-01-09;ROVA86.ru;
2024-01-09;ROYAL-TG.ru;
2024-01-09;RP-PLUS.ru;
2024-01-09;RSDETAIL.ru;
2024-01-09;RSDETAILING.ru;
2024-01-09;RSKAMENSKIH.ru;
2024-01-09;RSP108.ru;
2024-01-09;RSTAXI.ru;
2024-01-09;RU-ID8857.ru;
2024-01-09;RU-SECURITY3764.ru;
2024-01-09;RUATC.ru;
2024-01-09;RUBBERPROFILE.ru;
2024-01-09;RUBBITCOIN.ru;
2024-01-09;RUBYPRECIOUS.ru;
2024-01-09;RUCASINO-777.ru;
2024-01-09;RUHAPPYBABY.ru;
2024-01-09;RUMCGROUP.ru;
2024-01-09;RUNTO24.ru;
2024-01-09;RUS-PUZZLE.ru;
2024-01-09;RUS-UZ.ru;
2024-01-09;RUS123.ru;
2024-01-09;RUSFACTORIES.ru;
2024-01-09;RUSINOVAKURS.ru;
2024-01-09;RUSS-POSTIN.ru;
2024-01-09;RUSSIAN-LANDSCAPES.ru;
2024-01-09;RUSSIAN-PUZZLE.ru;
2024-01-09;RUSSIANPUZZLE.ru;
2024-01-09;RUSSKOEFOTO.ru;
2024-01-09;RUSSPIRIT.ru;
2024-01-09;RUSSTRAK.ru;
2024-01-09;RUST-ISLAND.ru;
2024-01-09;RUST-PEAK.ru;
2024-01-09;RUSTORE-DOWNLOAD.ru;
2024-01-09;RUSTPEAK.ru;
2024-01-09;RUZHDI.ru;
2024-01-09;RYBAKOVA-7.ru;
2024-01-09;RYBAKOVDA.ru;
2024-01-09;RZD2024.ru;
2024-01-09;S-PANORAMA.ru;
2024-01-09;S-REDKIN.ru;
2024-01-09;S2-IMPLANT.ru;
2024-01-09;SA-DNR.ru;
2024-01-09;SABAYTUR.ru;
2024-01-09;SABUROVA-MARINA.ru;
2024-01-09;SAD-IGNAT.ru;
2024-01-09;SADBALASHOV.ru;
2024-01-09;SAFETYBIZ.ru;
2024-01-09;SAFONV.ru;
2024-01-09;SAGIDANOVA.ru;
2024-01-09;SAIGONEKB.ru;
2024-01-09;SAITCREATE-ONLINE.ru;
2024-01-09;SALAHOV-PRO.ru;
2024-01-09;SALE2024ONLINE.ru;
2024-01-09;SALON-AYLASHOME.ru;
2024-01-09;SALVATOREFOZZI.ru;
2024-01-09;SAMARA-TRUD.ru;
2024-01-09;SAME877.ru;
2024-01-09;SAMII-OTVETNII.ru;
2024-01-09;SAMP-RD.ru;
2024-01-09;SAMRETH.ru;
2024-01-09;SAMURAIAUTO-VL.ru;
2024-01-09;SANDREY8.ru;
2024-01-09;SANGRAAL.ru;
2024-01-09;SANTECH38.ru;
2024-01-09;SANTEH-NCH.ru;
2024-01-09;SANTEX-NCH.ru;
2024-01-09;SANTEXIVAN.ru;
2024-01-09;SAOLTI.ru;
2024-01-09;SAPIAS.ru;
2024-01-09;SAPPHIRERING.ru;
2024-01-09;SASHABARANOVA.ru;
2024-01-09;SATISFIED-IT.ru;
2024-01-09;SATURN-X.ru;
2024-01-09;SAVGUSMANOVA.ru;
2024-01-09;SAVLITA.ru;
2024-01-09;SAZONOV97.ru;
2024-01-09;SAZZ-SMG.ru;
2024-01-09;SBECK.ru;
2024-01-09;SBITNEV4.ru;
2024-01-09;SBNEMKIN.ru;
2024-01-09;SBOOTIN.ru;
2024-01-09;SCHEAT-PRO.ru;
2024-01-09;SCHEWZOV.ru;
2024-01-09;SCHUKLINA.ru;
2024-01-09;SCIENCEPM.ru;
2024-01-09;SCIENTIFICAMC.ru;
2024-01-09;SCVBN.ru;
2024-01-09;SDELAT-SVOIMI-RUKAMI.ru;
2024-01-09;SDELKA7372.ru;
2024-01-09;SDICI.ru;
2024-01-09;SECUREA.ru;
2024-01-09;SELECTOR-PLAY4.ru;
2024-01-09;SELECTOR-ZERKALO.ru;
2024-01-09;SELENA-1.ru;
2024-01-09;SELENAWB.ru;
2024-01-09;SELEZNEVAYULIA.ru;
2024-01-09;SELIGER-ARENDA.ru;
2024-01-09;SEMIKEY.ru;
2024-01-09;SEMIRSHOP.ru;
2024-01-09;SEMYONANTROPOV.ru;
2024-01-09;SEND-ORDER.ru;
2024-01-09;SENDERADS.ru;
2024-01-09;SENDLI.ru;
2024-01-09;SENDMEABROAD.ru;
2024-01-09;SENSORFAQ.ru;
2024-01-09;SEO-BILITY.ru;
2024-01-09;SEO-BOSS.ru;
2024-01-09;SEO-CRAFT.ru;
2024-01-09;SEO-EXPERTNO.ru;
2024-01-09;SEPLYARSKIY.ru;
2024-01-09;SER6347.ru;
2024-01-09;SERDITSKAYA.ru;
2024-01-09;SERDITSKIY.ru;
2024-01-09;SERGEIBOGDANOV.ru;
2024-01-09;SERGEYLUKIN.ru;
2024-01-09;SERGZET.ru;
2024-01-09;SERIALBIT.ru;
2024-01-09;SERIALLON.ru;
2024-01-09;SERTIFIKAT-ISO-OFIC.ru;
2024-01-09;SERVER-SPHERE.ru;
2024-01-09;SERVERSPHERE.ru;
2024-01-09;SERVICE-3422.ru;
2024-01-09;SERVICE-DEMO.ru;
2024-01-09;SEVASTOPOL-FUNDAMENT.ru;
2024-01-09;SEVEN-WINDS-TEST-TASK.ru;
2024-01-09;SEVERNAYA-SEMYA.ru;
2024-01-09;SEVTIFEEV.ru;
2024-01-09;SEXSICOLA.ru;
2024-01-09;SEXTAK.ru;
2024-01-09;SEXY-LIVECASINO2024.ru;
2024-01-09;SEZONKA-TIRES.ru;
2024-01-09;SFATKIN.ru;
2024-01-09;SHADYEV-1.ru;
2024-01-09;SHAHMARAN.ru;
2024-01-09;SHAKHTRANSSERVICE.ru;
2024-01-09;SHALVAR.ru;
2024-01-09;SHAMANSK8.ru;
2024-01-09;SHARAMAZANOV.ru;
2024-01-09;SHCHEMELININA.ru;
2024-01-09;SHDMA.ru;
2024-01-09;SHE-LOVE.ru;
2024-01-09;SHEEBURGER.ru;
2024-01-09;SHELEMETEV.ru;
2024-01-09;SHEVCHENKOEVEL.ru;
2024-01-09;SHIBURGER.ru;
2024-01-09;SHIK11.ru;
2024-01-09;SHINA-X.ru;
2024-01-09;SHINING-FUTURE.ru;
2024-01-09;SHINY-ZIMA.ru;
2024-01-09;SHINYFISH.ru;
2024-01-09;SHKAFE-STUDIYO.ru;
2024-01-09;SHKI12.ru;
2024-01-09;SHOKOBOKS.ru;
2024-01-09;SHOPMONA.ru;
2024-01-09;SHOPPERINSPAIN.ru;
2024-01-09;SHOPTOPTORG.ru;
2024-01-09;SHOR-SPB.ru;
2024-01-09;SHTORIM.ru;
2024-01-09;SHUGGEENERGY.ru;
2024-01-09;SIBGADGET.ru;
2024-01-09;SICELICT.ru;
2024-01-09;SIDEMOTION.ru;
2024-01-09;SIEMENS-ORG.ru;
2024-01-09;SILA-SEMECHKI.ru;
2024-01-09;SILATOKA61.ru;
2024-01-09;SIMAKOVA-7.ru;
2024-01-09;SIMVOL22.ru;
2024-01-09;SINER-GEL.ru;
2024-01-09;SINOPRODUCTION.ru;
2024-01-09;SITE-NAWP.ru;
2024-01-09;SITE-PARS.ru;
2024-01-09;SITEINWEB.ru;
2024-01-09;SITI-SEVER.ru;
2024-01-09;SITISEVER.ru;
2024-01-09;SIVA-X.ru;
2024-01-09;SIVICKAYA.ru;
2024-01-09;SIVKOVA7.ru;
2024-01-09;SK-ARHAN.ru;
2024-01-09;SK-SIBERIA.ru;
2024-01-09;SK-VIAR.ru;
2024-01-09;SK-WED.ru;
2024-01-09;SKA4KOVAEG.ru;
2024-01-09;SKALA-CLUB.ru;
2024-01-09;SKAMSUS.ru;
2024-01-09;SKAUSHKA.ru;
2024-01-09;SKAZHIMASTER.ru;
2024-01-09;SKAZHIMASTERSKI.ru;
2024-01-09;SKETCHCUT.ru;
2024-01-09;SKICHANCE.ru;
2024-01-09;SKIDKI-SPORTSUITS.ru;
2024-01-09;SKILLITI.ru;
2024-01-09;SKINBLITZ.ru;
2024-01-09;SKLEGION-BYISK.ru;
2024-01-09;SKONNOVA.ru;
2024-01-09;SKOPYLOV003.ru;
2024-01-09;SKZK2024.ru;
2024-01-09;SLAVAREST.ru;
2024-01-09;SLAVTEPLICA.ru;
2024-01-09;SLEDOPYTS.ru;
2024-01-09;SLEEPONSLEEPY.ru;
2024-01-09;SLEEPPYSTORE.ru;
2024-01-09;SLIV4.ru;
2024-01-09;SLIV4FANS.ru;
2024-01-09;SLOT--GID.ru;
2024-01-09;SLOT-ONLINE.ru;
2024-01-09;SLOTYUK.ru;
2024-01-09;SLOVO-A-PACANA.ru;
2024-01-09;SLOVO-G-PACANA.ru;
2024-01-09;SLOVO-HER-PACANA.ru;
2024-01-09;SLOVO-O-PACANA.ru;
2024-01-09;SLOVO-PA-CA-NA.ru;
2024-01-09;SLOVO-PA-CA-NA-1-8.ru;
2024-01-09;SLOVO-PA-CANA.ru;
2024-01-09;SLOVO-PACA-NA.ru;
2024-01-09;SLOVO-PACA-NA-1-9.ru;
2024-01-09;SLOVO-PACANAVSE8.ru;
2024-01-09;SLOVO-PACONA-V.ru;
2024-01-09;SLOVO-PACONA-VSE8.ru;
2024-01-09;SLOVO-S-PACANA.ru;
2024-01-09;SLOVO8PACANAI.ru;
2024-01-09;SLOVOKREDITY.ru;
2024-01-09;SLOVOPACANHER.ru;
2024-01-09;SLOVOREPACANA.ru;
2024-01-09;SLOVPACANDE.ru;
2024-01-09;SLOVPACANOPA.ru;
2024-01-09;SLOVPACAREDE.ru;
2024-01-09;SLOVPACARFE.ru;
2024-01-09;SMAGOBIS.ru;
2024-01-09;SMAHNOLOGY.ru;
2024-01-09;SMART-SHOP-124.ru;
2024-01-09;SMARTSANATORIY.ru;
2024-01-09;SMEK74.ru;
2024-01-09;SMELUKOV.ru;
2024-01-09;SMH-SYSTEM.ru;
2024-01-09;SMILEMATH.ru;
2024-01-09;SMIRNSFK.ru;
2024-01-09;SMLECHKO.ru;
2024-01-09;SNAB-VRN.ru;
2024-01-09;SNOVATRIPPIN.ru;
2024-01-09;SOBUSY.ru;
2024-01-09;SOCHI-2025.ru;
2024-01-09;SOCIALUNIVERSITET.ru;
2024-01-09;SOCNN.ru;
2024-01-09;SOFTTEST51.ru;
2024-01-09;SOHRYAKOV.ru;
2024-01-09;SOKOL-NSK.ru;
2024-01-09;SOKOLKOV72.ru;
2024-01-09;SOLONOV.ru;
2024-01-09;SOMNEW.ru;
2024-01-09;SONECHKAYAGODNAYA.ru;
2024-01-09;SONIASOLIAR750.ru;
2024-01-09;SOROKA-ALMET.ru;
2024-01-09;SORVI-JACKPOT.ru;
2024-01-09;SOSMEHOM.ru;
2024-01-09;SOTUVCHISHOPDOM.ru;
2024-01-09;SOTUVCHISHOPMARKET.ru;
2024-01-09;SOUER.ru;
2024-01-09;SOUTSMART.ru;
2024-01-09;SOUZMIROV.ru;
2024-01-09;SP-SEARCH.ru;
2024-01-09;SPASTICHELOVECHESTVO.ru;
2024-01-09;SPAVLOVSKIH.ru;
2024-01-09;SPB-PSYDOCTOR.ru;
2024-01-09;SPB-RABOTYAGA.ru;
2024-01-09;SPBLV.ru;
2024-01-09;SPEC-PK.ru;
2024-01-09;SPECIALTOGOD.ru;
2024-01-09;SPECIIPRJANOSTI.ru;
2024-01-09;SPECTRONICA.ru;
2024-01-09;SPECTRONIKA.ru;
2024-01-09;SPETSTRONICA.ru;
2024-01-09;SPETSTRONIKA.ru;
2024-01-09;SPINIACASINO2024.ru;
2024-01-09;SPIRTRFSPIRTZZZ.ru;
2024-01-09;SPIRTRFSXPIRTZZZ.ru;
2024-01-09;SPISOKCASINO2024.ru;
2024-01-09;SPLAVPROEKT.ru;
2024-01-09;SPLITKEYBOARD.ru;
2024-01-09;SPORTBLOGPRO.ru;
2024-01-09;SPORTSITEPRO.ru;
2024-01-09;SPORTVSERDCE.ru;
2024-01-09;SPRASHIVAITUT.ru;
2024-01-09;SPRAVKATECH.ru;
2024-01-09;SPRAVKAX-DLA-KREDJTOV.ru;
2024-01-09;SPROSIORABOTE.ru;
2024-01-09;SPRTLG.ru;
2024-01-09;SPUTNIKANT.ru;
2024-01-09;SPVGOVS.ru;
2024-01-09;SQL-TRAINER.ru;
2024-01-09;SRAVNIAPTEKI.ru;
2024-01-09;SREDAKRACH.ru;
2024-01-09;SREDNYAROGATKA.ru;
2024-01-09;SRF-GROUP.ru;
2024-01-09;SRO-DOPUSK-OFIC.ru;
2024-01-09;SRO-STROYDONBASS.ru;
2024-01-09;SSADOVA.ru;
2024-01-09;SSHUTOV.ru;
2024-01-09;SSI96.ru;
2024-01-09;SSLOVOPACONA.ru;
2024-01-09;STACY-PRO.ru;
2024-01-09;STAEMCONMMUNILLTY.ru;
2024-01-09;STAFEEVS.ru;
2024-01-09;STALMM.ru;
2024-01-09;STAND2NOOJIK.ru;
2024-01-09;STAR-OSKOL-SHOZASHUSHI.ru;
2024-01-09;STARAKANOV.ru;
2024-01-09;STARDA-BIGWIN.ru;
2024-01-09;STARDACASINO-TREBI-AF.ru;
2024-01-09;STARGOD.ru;
2024-01-09;STARSKY-JWLR.ru;
2024-01-09;STARVARA2024.ru;
2024-01-09;STASAY-TEXSPEC.ru;
2024-01-09;STASIMOOD.ru;
2024-01-09;STAVKIPLUS.ru;
2024-01-09;STEELBOOM.ru;
2024-01-09;STEP-PUZZLE.ru;
2024-01-09;STEPP99.ru;
2024-01-09;STEPPUZZLES.ru;
2024-01-09;STEREOMARKET.ru;
2024-01-09;STJAZHKOVA.ru;
2024-01-09;STNKV.ru;
2024-01-09;STNUMERO.ru;
2024-01-09;STOL-IZ-KERAMOGRANITA.ru;
2024-01-09;STOLOGY.ru;
2024-01-09;STOMCLINNIC.ru;
2024-01-09;STOMOTOLOGIAMONSTRY.ru;
2024-01-09;STOMVYBOROVA-ORTHO.ru;
2024-01-09;STONAERA.ru;
2024-01-09;STOP-ALCOHOL.ru;
2024-01-09;STOREER.ru;
2024-01-09;STOREUTH.ru;
2024-01-09;STORYPUBLISHER.ru;
2024-01-09;STR-CASH.ru;
2024-01-09;STR-ZAIM.ru;
2024-01-09;STR0IM-DOM24.ru;
2024-01-09;STRANAREMESLA.ru;
2024-01-09;STREAM-CASINOS.ru;
2024-01-09;STREKOZAMASTER.ru;
2024-01-09;STRO1-GOODHOUSE.ru;
2024-01-09;STROI-G0ODHOUSE.ru;
2024-01-09;STROIH0USE-RF.ru;
2024-01-09;STROIH0USE24.ru;
2024-01-09;STROIHOUSE24.ru;
2024-01-09;STROIKA-40.ru;
2024-01-09;STROIM-DOM-KOLOMNA.ru;
2024-01-09;STROIM-DOMM.ru;
2024-01-09;STROITEL-EKATERINBURG.ru;
2024-01-09;STRONGDETAILING.ru;
2024-01-09;STROYSPECTR36.ru;
2024-01-09;STUAPSE.ru;
2024-01-09;STUDIO-DL-TEST.ru;
2024-01-09;STUDIO-SHOW.ru;
2024-01-09;STYLIST-MONICA.ru;
2024-01-09;STYRKA35.ru;
2024-01-09;SUBBOTEY.ru;
2024-01-09;SUBCARS.ru;
2024-01-09;SUDARIKOVJL.ru;
2024-01-09;SUGARMAX.ru;
2024-01-09;SUGUR.ru;
2024-01-09;SUHNOLOGY.ru;
2024-01-09;SULUSEWS.ru;
2024-01-09;SUMKA-MONEY.ru;
2024-01-09;SUMKI-ONLINE.ru;
2024-01-09;SUNCHAI.ru;
2024-01-09;SUNFUSHA.ru;
2024-01-09;SUNSEAGULL.ru;
2024-01-09;SUOMI123.ru;
2024-01-09;SUPER-LIKE.ru;
2024-01-09;SUPERCOLA.ru;
2024-01-09;SUPERHNOLOGY.ru;
2024-01-09;SUPERRSTAR.ru;
2024-01-09;SUPERSTARR.ru;
2024-01-09;SVAMIVSEGDA.ru;
2024-01-09;SVANSON.ru;
2024-01-09;SVE-HM.ru;
2024-01-09;SVEFEDART.ru;
2024-01-09;SVETLANACHEREDOVA.ru;
2024-01-09;SVETLANADEMIDENKO.ru;
2024-01-09;SVETLANANOVIKOVA.ru;
2024-01-09;SVETLANASMIRN78.ru;
2024-01-09;SVETLANATMOSPHERA.ru;
2024-01-09;SVOBOTA.ru;
2024-01-09;SVOIDOM96.ru;
2024-01-09;SVOIPRODUCT.ru;
2024-01-09;SVOYAKVARTIRA21.ru;
2024-01-09;SVUB.ru;
2024-01-09;SVVAS65.ru;
2024-01-09;SVYATSOUNDZ.ru;
2024-01-09;SW-ALEX.ru;
2024-01-09;SWAPHUB.ru;
2024-01-09;SWEETHOMETATTOO.ru;
2024-01-09;SWIFTBIZ.ru;
2024-01-09;SWIMMING-UOR2.ru;
2024-01-09;SYCHEFF.ru;
2024-01-09;SYGN.ru;
2024-01-09;SYMBOL22.ru;
2024-01-09;SYNCLABMAIL.ru;
2024-01-09;SYNCLOOM.ru;
2024-01-09;SZIC-OBSLED.ru;
2024-01-09;T-MEXSOFT.ru;
2024-01-09;T1XBET.ru;
2024-01-09;T585.ru;
2024-01-09;TAFT-SHOP.ru;
2024-01-09;TAH-LG.ru;
2024-01-09;TAHMAZYAN.ru;
2024-01-09;TAI-RYADOM.ru;
2024-01-09;TAIJIGONGFU.ru;
2024-01-09;TAILORS-ALLY.ru;
2024-01-09;TAKECONNECT.ru;
2024-01-09;TAKEDAFLOW.ru;
2024-01-09;TANKIEVA.ru;
2024-01-09;TAPFAST.ru;
2024-01-09;TAPYR.ru;
2024-01-09;TAR007.ru;
2024-01-09;TARANOVAANNA.ru;
2024-01-09;TARASENKO-1.ru;
2024-01-09;TAROLOG-VERA.ru;
2024-01-09;TASKCONTEXT.ru;
2024-01-09;TASTEOFFREEDOM.ru;
2024-01-09;TATHAMET.ru;
2024-01-09;TATIANA-AART.ru;
2024-01-09;TATIANAMINIYAROVA.ru;
2024-01-09;TATTEV.ru;
2024-01-09;TATTOOMUSEUM.ru;
2024-01-09;TATTWAH.ru;
2024-01-09;TATY-KISELYOVA.ru;
2024-01-09;TATYANAMUHITOVA.ru;
2024-01-09;TAUSE.ru;
2024-01-09;TAWALUK.ru;
2024-01-09;TAXI-RUSSIAN.ru;
2024-01-09;TAXIORDERING.ru;
2024-01-09;TAXOPARK-LEOPARD.ru;
2024-01-09;TAYPHUN01.ru;
2024-01-09;TBERDJUGINA.ru;
2024-01-09;TBLZHN.ru;
2024-01-09;TD-ASK.ru;
2024-01-09;TDSTS.ru;
2024-01-09;TEALLAVI.ru;
2024-01-09;TEANONJA.ru;
2024-01-09;TECH-1.ru;
2024-01-09;TECH-GC.ru;
2024-01-09;TECHNOAI.ru;
2024-01-09;TECHNOE.ru;
2024-01-09;TECHNOLOGY-BASE.ru;
2024-01-09;TECHNOLOGYBASE.ru;
2024-01-09;TECHNORE.ru;
2024-01-09;TECHNOSENSEY.ru;
2024-01-09;TECHNOSOUTH.ru;
2024-01-09;TEFAL-SERVICES.ru;
2024-01-09;TEFLONIS.ru;
2024-01-09;TEHMASTERRMT.ru;
2024-01-09;TEHMASTERSTR.ru;
2024-01-09;TEHNIKAHELP.ru;
2024-01-09;TEHNOLOGIGAME.ru;
2024-01-09;TEK-SBER.ru;
2024-01-09;TELAQRANM.ru;
2024-01-09;TELEGAMANIAC.ru;
2024-01-09;TELOQRUAN.ru;
2024-01-09;TELPOPOS.ru;
2024-01-09;TENSECONDS.ru;
2024-01-09;TEPEMOK.ru;
2024-01-09;TEPLICA-GOST.ru;
2024-01-09;TEPLICA123.ru;
2024-01-09;TEPLICA180.ru;
2024-01-09;TEPLICAUDACHA.ru;
2024-01-09;TEPLICIN24.ru;
2024-01-09;TEPLO-LION.ru;
2024-01-09;TEPLOFF-DN.ru;
2024-01-09;TEPLOVIZORREMONT.ru;
2024-01-09;TERMODINAMIKA39.ru;
2024-01-09;TERRITORY-LEGEND.ru;
2024-01-09;TESA-NN.ru;
2024-01-09;TEST-CASECC.ru;
2024-01-09;TEST-MYWEB.ru;
2024-01-09;TEST60.ru;
2024-01-09;TESTTASKA25.ru;
2024-01-09;TGBOTROOM.ru;
2024-01-09;TGNSA.ru;
2024-01-09;TGORBUNOVA.ru;
2024-01-09;TGRJUK.ru;
2024-01-09;TGTRADER.ru;
2024-01-09;THANATOLOGIST.ru;
2024-01-09;THEATERFEST64.ru;
2024-01-09;THEFOLLOWME.ru;
2024-01-09;THEFOOTBALLTIMES.ru;
2024-01-09;THEINVESTING.ru;
2024-01-09;THEOPENFIRM.ru;
2024-01-09;THEORDINARY-SHOP.ru;
2024-01-09;THEROAMER.ru;
2024-01-09;THESIGN-PROJECT.ru;
2024-01-09;THESNEAKERS24.ru;
2024-01-09;THEUGLI-JOB.ru;
2024-01-09;THEXRED.ru;
2024-01-09;THUNDEROBOT-SERVICE.ru;
2024-01-09;TIBIRUM.ru;
2024-01-09;TIFLONADEZHDA.ru;
2024-01-09;TIHERO.ru;
2024-01-09;TIMADA.ru;
2024-01-09;TIMMEDIA.ru;
2024-01-09;TIMOFEICH-BARBEQUE-MSK.ru;
2024-01-09;TINKINA.ru;
2024-01-09;TIPS-2379.ru;
2024-01-09;TIRANYAN.ru;
2024-01-09;TISHKUN.ru;
2024-01-09;TISTEH.ru;
2024-01-09;TK-LEADER05.ru;
2024-01-09;TLC-54.ru;
2024-01-09;TMEX-SOFT.ru;
2024-01-09;TMEXSOFT.ru;
2024-01-09;TNIZHELTSOVA.ru;
2024-01-09;TOCHKAZ.ru;
2024-01-09;TOCHNOLOGY.ru;
2024-01-09;TOHNOLOGY.ru;
2024-01-09;TOKAREV777.ru;
2024-01-09;TOMATCORP.ru;
2024-01-09;TOMIKZAYM.ru;
2024-01-09;TOP-10-RATING.ru;
2024-01-09;TOP-INTERIORDESIGN.ru;
2024-01-09;TOPASKTUT.ru;
2024-01-09;TOPPOSTEL77.ru;
2024-01-09;TOPSEYGG.ru;
2024-01-09;TORCHEMARGIELA.ru;
2024-01-09;TORGUEM-NA-MP.ru;
2024-01-09;TORT-SOLO.ru;
2024-01-09;TORTSOLO.ru;
2024-01-09;TOSHGUN.ru;
2024-01-09;TOSHIBA-SERVISE.ru;
2024-01-09;TOURMD.ru;
2024-01-09;TRACKFEEDMYNEWS.ru;
2024-01-09;TRACKTRAIN.ru;
2024-01-09;TRADERSFORUMOFFF.ru;
2024-01-09;TRAFFIC-AGGREGATOR.ru;
2024-01-09;TRAFFICAGGREGATOR.ru;
2024-01-09;TRANCESPACE.ru;
2024-01-09;TRANSPORTPROTO.ru;
2024-01-09;TRAVELKRUF.ru;
2024-01-09;TRIGGERCENTR.ru;
2024-01-09;TRIIRIN.ru;
2024-01-09;TRIKSEL.ru;
2024-01-09;TRINPATHWAYREALTY.ru;
2024-01-09;TRIPS-GOOD.ru;
2024-01-09;TRUDOVSCKOE.ru;
2024-01-09;TRUNOMAD.ru;
2024-01-09;TRUSTCONSALT.ru;
2024-01-09;TSENA-KACHESTVO.ru;
2024-01-09;TSGER.ru;
2024-01-09;TSGRADADM.ru;
2024-01-09;TTRIFONOV.ru;
2024-01-09;TTRIFONOVA.ru;
2024-01-09;TUNESOUTH.ru;
2024-01-09;TUNGALAG.ru;
2024-01-09;TUNING-TELA-ONLINE.ru;
2024-01-09;TURNIR-CLUB.ru;
2024-01-09;TV504.ru;
2024-01-09;TVOU-OPRC.ru;
2024-01-09;TWELVE-JK.ru;
2024-01-09;TWENTY12.ru;
2024-01-09;TWINCAR.ru;
2024-01-09;TWINNING.ru;
2024-01-09;TYPE-GBT.ru;
2024-01-09;TYT-WATER.ru;
2024-01-09;TYYSIIM.ru;
2024-01-09;TYZHAGENT.ru;
2024-01-09;UBERALLEN.ru;
2024-01-09;UBRATBOKA.ru;
2024-01-09;UCHIMATEM.ru;
2024-01-09;UCHIS-LEGKO.ru;
2024-01-09;UDARNIK-REST.ru;
2024-01-09;UEMZE.ru;
2024-01-09;UFA-PARK-CITY.ru;
2024-01-09;UFAREMONTKV.ru;
2024-01-09;UGRA-DIOCESE.ru;
2024-01-09;ULTIMATE-SERVIC.ru;
2024-01-09;ULTRA-NEWS.ru;
2024-01-09;ULTRA-TOKAR.ru;
2024-01-09;UMINNAHA.ru;
2024-01-09;UNCLEPOP.ru;
2024-01-09;UNEMIAN.ru;
2024-01-09;UNGAMEDEV.ru;
2024-01-09;UNI-PORT.ru;
2024-01-09;UNIDIEP.ru;
2024-01-09;UNINDER.ru;
2024-01-09;UNIONLASER.ru;
2024-01-09;UNIVINDER.ru;
2024-01-09;UNSTERBLICH.ru;
2024-01-09;UNTYNATUR.ru;
2024-01-09;UNZHAKOVATATIANA.ru;
2024-01-09;UPRAVDU.ru;
2024-01-09;UPRAVL22.ru;
2024-01-09;URAL-FIT-MARKET.ru;
2024-01-09;URALCABEL174.ru;
2024-01-09;URALFITMARKET.ru;
2024-01-09;URALIFE.ru;
2024-01-09;URBAN-MAIL.ru;
2024-01-09;URBANISTKA.ru;
2024-01-09;URBANMUSICLABEL.ru;
2024-01-09;URIENCESS.ru;
2024-01-09;URIST-YALTA.ru;
2024-01-09;URISTIOTVETI7.ru;
2024-01-09;UROPHARM.ru;
2024-01-09;USHATSKY.ru;
2024-01-09;USHRT.ru;
2024-01-09;USPEX2021.ru;
2024-01-09;UTEPLITELSTROY.ru;
2024-01-09;UZNAIOTVETUT.ru;
2024-01-09;V-AGRORU.ru;
2024-01-09;V-MOLCHANOV.ru;
2024-01-09;V-STATE.ru;
2024-01-09;V-VTB.ru;
2024-01-09;V210970.ru;
2024-01-09;V4GROUP.ru;
2024-01-09;VAALEKSEEV.ru;
2024-01-09;VADIM-VM.ru;
2024-01-09;VAH-ZAEM.ru;
2024-01-09;VAH-ZAIM.ru;
2024-01-09;VAKAHI.ru;
2024-01-09;VAKHTANGOVA-THEATE.ru;
2024-01-09;VALENWOD.ru;
2024-01-09;VALERA1220.ru;
2024-01-09;VALERY-KORABLEV.ru;
2024-01-09;VALUN76.ru;
2024-01-09;VALVTECH.ru;
2024-01-09;VALWEBSITE.ru;
2024-01-09;VANGA8.ru;
2024-01-09;VANHANEN.ru;
2024-01-09;VARZESHI.ru;
2024-01-09;VASY380V.ru;
2024-01-09;VAT71.ru;
2024-01-09;VAZABOGATSTVA.ru;
2024-01-09;VAZYUKOV1967.ru;
2024-01-09;VBITVA.ru;
2024-01-09;VBUCKS-FORNITE.ru;
2024-01-09;VDAMER.ru;
2024-01-09;VDNEPROVSKIY.ru;
2024-01-09;VDONATE.ru;
2024-01-09;VDPIP.ru;
2024-01-09;VE62RA19.ru;
2024-01-09;VEJDA.ru;
2024-01-09;VEKSHABANK.ru;
2024-01-09;VELES-DOM.ru;
2024-01-09;VELGAS.ru;
2024-01-09;VELO-SUP.ru;
2024-01-09;VELOSUP.ru;
2024-01-09;VELOU.ru;
2024-01-09;VELRENTA.ru;
2024-01-09;VELRO.ru;
2024-01-09;VENICE2002.ru;
2024-01-09;VENT-LUCHOK.ru;
2024-01-09;VENTPERM.ru;
2024-01-09;VERAMED42.ru;
2024-01-09;VERHOVTSEV.ru;
2024-01-09;VERTEXTRAVEL.ru;
2024-01-09;VESLASUSHI.ru;
2024-01-09;VESSELPARTY.ru;
2024-01-09;VEZDECHISTOTA.ru;
2024-01-09;VF-TM07.ru;
2024-01-09;VGARAGE-NALIVATOR.ru;
2024-01-09;VGOLYNSKIJ.ru;
2024-01-09;VHT-CASH.ru;
2024-01-09;VICTORIAHOLIDAY.ru;
2024-01-09;VICTORYFIT-SERVICES.ru;
2024-01-09;VIDEO-HUB.ru;
2024-01-09;VIDEOCRUSH.ru;
2024-01-09;VIDJIM.ru;
2024-01-09;VIETNAM-COFFEE.ru;
2024-01-09;VIKALEONOVA.ru;
2024-01-09;VIKKULLIKK.ru;
2024-01-09;VIKTOR-PALBICH.ru;
2024-01-09;VIKTORIIABELOVA.ru;
2024-01-09;VILLASKYARKHYZ.ru;
2024-01-09;VILOZHIOTVET.ru;
2024-01-09;VIONAK.ru;
2024-01-09;VIP-BONUS.ru;
2024-01-09;VIP-CLUB-OBSHCHAK.ru;
2024-01-09;VIP-KRD.ru;
2024-01-09;VIPESCORTRABOTA.ru;
2024-01-09;VIPIPING.ru;
2024-01-09;VIRGIN-STUDIO.ru;
2024-01-09;VISAPROCONNECT.ru;
2024-01-09;VISPRO-TAXI.ru;
2024-01-09;VITA-BODY.ru;
2024-01-09;VITA-SANCTA.ru;
2024-01-09;VITABODY.ru;
2024-01-09;VITAMIN-MIX-FRANCHISE.ru;
2024-01-09;VIVA-STRETCHING.ru;
2024-01-09;VIVO-SERVICES.ru;
2024-01-09;VJTRAVEL.ru;
2024-01-09;VK-MINI-APP.ru;
2024-01-09;VKANAVE.ru;
2024-01-09;VKOLOMEETS70.ru;
2024-01-09;VKUSNAYA-ZHIZN.ru;
2024-01-09;VLAD-FARFOR.ru;
2024-01-09;VLADIKUS.ru;
2024-01-09;VLADIM5541.ru;
2024-01-09;VLADIMIR-SALNIKOV.ru;
2024-01-09;VLADIMIR-SHPINEV.ru;
2024-01-09;VLADIMIRINVITATIONS.ru;
2024-01-09;VLADIMIRISAEV.ru;
2024-01-09;VLILIA56.ru;
2024-01-09;VLSTYLE.ru;
2024-01-09;VMAMENKO.ru;
2024-01-09;VMR-YA.ru;
2024-01-09;VNARYSHKIN.ru;
2024-01-09;VNCOFE.ru;
2024-01-09;VNCOFFEE.ru;
2024-01-09;VNSANTEX.ru;
2024-01-09;VODONAGREVATELI-80.ru;
2024-01-09;VODYAMIR.ru;
2024-01-09;VOLTER1985.ru;
2024-01-09;VOODOLAB.ru;
2024-01-09;VOODOO-IAB.ru;
2024-01-09;VOODOO1-LAB.ru;
2024-01-09;VORONOVAPRO.ru;
2024-01-09;VOSMERKA-FILM.ru;
2024-01-09;VOZDUH-YOGA.ru;
2024-01-09;VOZI-ONLINE.ru;
2024-01-09;VOZOL-OFFICIAL.ru;
2024-01-09;VPEROV.ru;
2024-01-09;VPYATETSKAYA.ru;
2024-01-09;VRACHLOGOPEDBERNATSKAYA.ru;
2024-01-09;VSAKHAROV.ru;
2024-01-09;VSAMSONOVA.ru;
2024-01-09;VSE-KARTINY.ru;
2024-01-09;VSE-O-COMPUTERAH.ru;
2024-01-09;VSEPABLIKI.ru;
2024-01-09;VSHELUDKOV.ru;
2024-01-09;VTBBANKCARD.ru;
2024-01-09;VTORGROUP.ru;
2024-01-09;VTORRENTE.ru;
2024-01-09;VULKAN-APP.ru;
2024-01-09;VULKAN-NEON2024.ru;
2024-01-09;VULKAN-NIGHT.ru;
2024-01-09;VULKAN-UP.ru;
2024-01-09;VULKAN24--AVTOMATY.ru;
2024-01-09;VULKAN24BEST.ru;
2024-01-09;VULKANMILLION.ru;
2024-01-09;VULKANPREMIUM-MAXIMUM.ru;
2024-01-09;VULKANRUS.ru;
2024-01-09;VULKANZONE.ru;
2024-01-09;VVIKIPEDIA.ru;
2024-01-09;VVMITR.ru;
2024-01-09;VVOODOO-LAB.ru;
2024-01-09;VWOODS.ru;
2024-01-09;VYBOR22.ru;
2024-01-09;WADUHA77.ru;
2024-01-09;WAFFLELTS.ru;
2024-01-09;WAKEVOLNA.ru;
2024-01-09;WAKUS.ru;
2024-01-09;WALTERSTUDIO.ru;
2024-01-09;WANNITU.ru;
2024-01-09;WATHSSAP.ru;
2024-01-09;WBPODBORKA.ru;
2024-01-09;WE-TO.ru;
2024-01-09;WE313.ru;
2024-01-09;WEART-1.ru;
2024-01-09;WEB-TEIEGRAM-ORG.ru;
2024-01-09;WEB-ZAIM-24.ru;
2024-01-09;WEB-ZAIM24.ru;
2024-01-09;WEBCAMAX.ru;
2024-01-09;WEBDEVFOLIO.ru;
2024-01-09;WEBFOODSYSTEMS.ru;
2024-01-09;WEBSAITPRO.ru;
2024-01-09;WEBSITE-1823.ru;
2024-01-09;WEBSITE-1824.ru;
2024-01-09;WEBSITE-1825.ru;
2024-01-09;WEBSITE-1826.ru;
2024-01-09;WEBSITE-1827.ru;
2024-01-09;WEBSTODAY.ru;
2024-01-09;WEL-KOM.ru;
2024-01-09;WEPPERPAY.ru;
2024-01-09;WFATB.ru;
2024-01-09;WHIEDA-RUS.ru;
2024-01-09;WHITCHEC.ru;
2024-01-09;WILDWORLD-X.ru;
2024-01-09;WILLIAMHILL--CASINO.ru;
2024-01-09;WIN-GAME.ru;
2024-01-09;WINDOOW.ru;
2024-01-09;WINE-BOTTLES.ru;
2024-01-09;WINE-BOXES.ru;
2024-01-09;WINE-CORNER.ru;
2024-01-09;WINE-DROP.ru;
2024-01-09;WINEACADEMIA.ru;
2024-01-09;WINEADVISER.ru;
2024-01-09;WINEBAG.ru;
2024-01-09;WINEBOTTLES.ru;
2024-01-09;WINEBOXES.ru;
2024-01-09;WINECORNER.ru;
2024-01-09;WINEDROP.ru;
2024-01-09;WINTERSURVIVAL.ru;
2024-01-09;WINVULKANSTAVKA.ru;
2024-01-09;WISHCASHMERE.ru;
2024-01-09;WISHEUS.ru;
2024-01-09;WISHWORKSHOP.ru;
2024-01-09;WIZARDING-WORLD.ru;
2024-01-09;WOOBLOOM.ru;
2024-01-09;WORK-PITER1.ru;
2024-01-09;WORKHOSTING.ru;
2024-01-09;WORKRODIONOVA.ru;
2024-01-09;WORLD-HAND-MADE.ru;
2024-01-09;WORLD-OF-GAMING.ru;
2024-01-09;WORLDOFGAMING.ru;
2024-01-09;WORTAN.ru;
2024-01-09;WOWCOFFE.ru;
2024-01-09;WPBAG.ru;
2024-01-09;WPCRM.ru;
2024-01-09;WPDEALER.ru;
2024-01-09;WWW-LOVEREPUBLIC.ru;
2024-01-09;WWW-SUSTALIT.ru;
2024-01-09;WWW-TV.ru;
2024-01-09;WWWBOT.ru;
2024-01-09;X-VTB.ru;
2024-01-09;X0L0ST.ru;
2024-01-09;XEROX-SERVICE.ru;
2024-01-09;XGLS.ru;
2024-01-09;XIAOMIEV-SU7.ru;
2024-01-09;XINNIAN.ru;
2024-01-09;XODEK.ru;
2024-01-09;XOLOP--2.ru;
2024-01-09;XOXBYDATA.ru;
2024-01-09;XRAIDER.ru;
2024-01-09;XROLEPLAY.ru;
2024-01-09;XTYTRU.ru;
2024-01-09;XUEAAAAAA.ru;
2024-01-09;XVENON.ru;
2024-01-09;XXXXXXXXXXXXXXXXXXXX.ru;
2024-01-09;YA-85.ru;
2024-01-09;YAANAA.ru;
2024-01-09;YACCI.ru;
2024-01-09;YAFLOR.ru;
2024-01-09;YAGA-8881.ru;
2024-01-09;YANDEX-ARSH.ru;
2024-01-09;YANDEX42.ru;
2024-01-09;YAPERDOL.ru;
2024-01-09;YARMYINFRA.ru;
2024-01-09;YEKATERINAKADOLO.ru;
2024-01-09;YESSKY.ru;
2024-01-09;YMAMAX.ru;
2024-01-09;YOBEL.ru;
2024-01-09;YOBERRY.ru;
2024-01-09;YOCOOL.ru;
2024-01-09;YODKAI.ru;
2024-01-09;YOGEL.ru;
2024-01-09;YOGEX.ru;
2024-01-09;YOONOPAY.ru;
2024-01-09;YOOVIA.ru;
2024-01-09;YORLOV.ru;
2024-01-09;YOU-DATE.ru;
2024-01-09;YOUBERRY.ru;
2024-01-09;YOURPSYCHOLOGISTS.ru;
2024-01-09;YOVIA.ru;
2024-01-09;YOVOW.ru;
2024-01-09;YPOSPEEV.ru;
2024-01-09;YROK0906.ru;
2024-01-09;YRS-ALG.ru;
2024-01-09;YSVDEVELOPMENT.ru;
2024-01-09;YSVINVEST.ru;
2024-01-09;YUDOLSTORE.ru;
2024-01-09;YULIYA-ARTNAIL.ru;
2024-01-09;YULYAOSINA.ru;
2024-01-09;YURISTKONSULTNT.ru;
2024-01-09;YURZINA.ru;
2024-01-09;YUSKRA.ru;
2024-01-09;Z-STRANA.ru;
2024-01-09;ZABORY-TERRASY.ru;
2024-01-09;ZABYDY-O-DOLGAX24.ru;
2024-01-09;ZAEM-VAH.ru;
2024-01-09;ZAEMSVEMBYSTRO.ru;
2024-01-09;ZAIM-STR.ru;
2024-01-09;ZAIM-VAH.ru;
2024-01-09;ZAIMWIN.ru;
2024-01-09;ZAJMIX.ru;
2024-01-09;ZAKAZ7372.ru;
2024-01-09;ZAKAZAT-GAZELI.ru;
2024-01-09;ZAKON-O-DOLGAX24.ru;
2024-01-09;ZAKON-OSTANOVIT-DOLG24.ru;
2024-01-09;ZAKONNO-NE-PLACHY-DOLG24.ru;
2024-01-09;ZAKONNO-STOP-DOLGI24.ru;
2024-01-09;ZARANDER.ru;
2024-01-09;ZASALON.ru;
2024-01-09;ZAVADAS.ru;
2024-01-09;ZAVODKOMPOZIT.ru;
2024-01-09;ZAYMI-ZDES.ru;
2024-01-09;ZDANOVA85.ru;
2024-01-09;ZDOROVVIE.ru;
2024-01-09;ZEERP.ru;
2024-01-09;ZEFSLAB.ru;
2024-01-09;ZENUATS.ru;
2024-01-09;ZEPHANAEL.ru;
2024-01-09;ZHAROVDV.ru;
2024-01-09;ZHIGAREVA-1.ru;
2024-01-09;ZHIVILO-7.ru;
2024-01-09;ZHMIL.ru;
2024-01-09;ZHORANDY.ru;
2024-01-09;ZIMOVIE-GESH.ru;
2024-01-09;ZIYABEK.ru;
2024-01-09;ZLOVESKI.ru;
2024-01-09;ZNDOM.ru;
2024-01-09;ZOKIR-80.ru;
2024-01-09;ZOMKA.ru;
2024-01-09;ZONAWS.ru;
2024-01-09;ZONDAPI17.ru;
2024-01-09;ZOOEYSA.ru;
2024-01-09;ZORB361.ru;
2024-01-09;ZOYBIRG.ru;
2024-01-09;ZS-ONLINE.ru;
2024-01-09;ZSPERPITRRTEE.ru;
2024-01-09;ZSPERPPPITRRTEE.ru;
2024-01-09;ZTTK.ru;
2024-01-09;ZURABYAN.ru;
2024-01-09;ZVONIST.ru;
2024-01-09;ZYKOVA-1.ru;
2024-01-09;ZYLICELEN.ru;
2024-01-09;ZZOOB.ru;
2024-01-09;ZZYAAKODA.ru;
2024-01-10;005K.ru;
2024-01-10;007-LORDFILMS.ru;
2024-01-10;090124RR.ru;
2024-01-10;101INVEST.ru;
2024-01-10;108BM.ru;
2024-01-10;109-7-109.ru;
2024-01-10;10SIMJON.ru;
2024-01-10;12-V.ru;
2024-01-10;1300JOYCASINO.ru;
2024-01-10;1337TOMSK.ru;
2024-01-10;142784.ru;
2024-01-10;144011.ru;
2024-01-10;1493.ru;
2024-01-10;14MIN.ru;
2024-01-10;159RU.ru;
2024-01-10;174AUTO.ru;
2024-01-10;19TEST.ru;
2024-01-10;1CASINO-FRESH.ru;
2024-01-10;1POBEDA-CASINOV2.ru;
2024-01-10;1STEXPERTBUH.ru;
2024-01-10;1T2E3S4T.ru;
2024-01-10;1WIN-APK-FREE.ru;
2024-01-10;1WIN-BK-CASINO.ru;
2024-01-10;1WIN-DOWNLOAD-APK.ru;
2024-01-10;1WINCAZINO.ru;
2024-01-10;1XJOYCASINO-COM.ru;
2024-01-10;2003065.ru;
2024-01-10;23GIFTS.ru;
2024-01-10;23KROVATKI.ru;
2024-01-10;240710.ru;
2024-01-10;24159RU.ru;
2024-01-10;24ADVOKATOV.ru;
2024-01-10;24INFONALOG.ru;
2024-01-10;24PODR.ru;
2024-01-10;24SYS.ru;
2024-01-10;24TEKE.ru;
2024-01-10;24YOULA.ru;
2024-01-10;24YOULA24.ru;
2024-01-10;25K-MEDIA.ru;
2024-01-10;260790.ru;
2024-01-10;2685210.ru;
2024-01-10;2BARD.ru;
2024-01-10;2BOROFF.ru;
2024-01-10;2FERMERA.ru;
2024-01-10;2POVOROTA.ru;
2024-01-10;315820.ru;
2024-01-10;3384.ru;
2024-01-10;33HOTELS.ru;
2024-01-10;34GORGAS.ru;
2024-01-10;3600000.ru;
2024-01-10;373737.ru;
2024-01-10;393360.ru;
2024-01-10;3DBELKA.ru;
2024-01-10;3OHA.ru;
2024-01-10;3US-STUDIO.ru;
2024-01-10;3XLOVE.ru;
2024-01-10;44443.ru;
2024-01-10;45GOV.ru;
2024-01-10;495-DOSKA.ru;
2024-01-10;495-MEBEL.ru;
2024-01-10;4GLAZA31.ru;
2024-01-10;4KMAIL.ru;
2024-01-10;4PLANA.ru;
2024-01-10;50K-SLOBODA.ru;
2024-01-10;52REG.ru;
2024-01-10;53EA.ru;
2024-01-10;568866.ru;
2024-01-10;585CATALOG.ru;
2024-01-10;5MINUT8.ru;
2024-01-10;5PLANOV.ru;
2024-01-10;6-66.ru;
2024-01-10;6836438.ru;
2024-01-10;6A6KA.ru;
2024-01-10;7-OKEAN.ru;
2024-01-10;71241.ru;
2024-01-10;72HC.ru;
2024-01-10;777-CASINOX550.ru;
2024-01-10;77DEN77.ru;
2024-01-10;78EPS.ru;
2024-01-10;78KKKA.ru;
2024-01-10;78ZMK.ru;
2024-01-10;88-D.ru;
2024-01-10;89526493164592D74D.ru;
2024-01-10;8SLOVOPACONA.ru;
2024-01-10;911-SAT.ru;
2024-01-10;9433.ru;
2024-01-10;97577.ru;
2024-01-10;991112.ru;
2024-01-10;A-A-KAZ.ru;
2024-01-10;A-GIFTS.ru;
2024-01-10;A-KUDASHKIN.ru;
2024-01-10;A-MPRP.ru;
2024-01-10;A-V-Y.ru;
2024-01-10;A-VILLAGE.ru;
2024-01-10;A23GOLD.ru;
2024-01-10;A4SVETO.ru;
2024-01-10;AACAUTO.ru;
2024-01-10;AAKASIMOV.ru;
2024-01-10;AAKMAN.ru;
2024-01-10;AAPODOLSKIY.ru;
2024-01-10;AAV01.ru;
2024-01-10;ABARCHITECTS.ru;
2024-01-10;ABARSKIH.ru;
2024-01-10;ABB-ACS.ru;
2024-01-10;ABDUFATTOKHOV.ru;
2024-01-10;ABDUL-KHALID.ru;
2024-01-10;ABERES.ru;
2024-01-10;ABKHAZIA-RELAX.ru;
2024-01-10;ABKOREA.ru;
2024-01-10;ABOOKLIB.ru;
2024-01-10;ABOUTHOSTINGS.ru;
2024-01-10;ABRATCHIKOV.ru;
2024-01-10;ABRNBONUSEMOCAO.ru;
2024-01-10;ABRNCONQUIJOGS.ru;
2024-01-10;ABRNEMOCAOJO.ru;
2024-01-10;ABRNJOGADOLITE.ru;
2024-01-10;ABRNJOGOSBONUS.ru;
2024-01-10;ABRNREIDOSJOGOS.ru;
2024-01-10;ABRNVENCEDOR.ru;
2024-01-10;ABRNVIRAVENTURA.ru;
2024-01-10;ABROSIMOV-VIDEO.ru;
2024-01-10;ABSOLUTHOTELKLG.ru;
2024-01-10;ABSOLUTPOTOLOK.ru;
2024-01-10;ABUZ1WIN.ru;
2024-01-10;AC-BEREGOVOI.ru;
2024-01-10;ACADEMY-TANTRA.ru;
2024-01-10;ACADEMY100X.ru;
2024-01-10;ACANDANAT.ru;
2024-01-10;ACASLIGHT.ru;
2024-01-10;ACAYAZI.ru;
2024-01-10;ACCOUNTBURG.ru;
2024-01-10;ACHISTYAKOFF.ru;
2024-01-10;ACIDMINE.ru;
2024-01-10;ACTIVITO.ru;
2024-01-10;AD-RM.ru;
2024-01-10;ADCHERLO.ru;
2024-01-10;ADDISAN.ru;
2024-01-10;ADELF.ru;
2024-01-10;ADELI-BR.ru;
2024-01-10;ADGAMING5ZONE.ru;
2024-01-10;ADIMPRESSION.ru;
2024-01-10;ADM-ORDYNSK.ru;
2024-01-10;ADM39.ru;
2024-01-10;ADMIN-IUGOV.ru;
2024-01-10;ADRJAGINA.ru;
2024-01-10;ADS-BOSS.ru;
2024-01-10;ADS-INNOVATION.ru;
2024-01-10;ADS-SUPER.ru;
2024-01-10;ADSBIGDATA.ru;
2024-01-10;ADSBIGDATA-CENTR.ru;
2024-01-10;ADSBIGDATA-INFO.ru;
2024-01-10;ADSBIGDATA-ONLINE.ru;
2024-01-10;ADSBIGDATA-PLUS.ru;
2024-01-10;ADSBIGDATA-PRO.ru;
2024-01-10;ADSBIGDATACENTR.ru;
2024-01-10;ADSBIGDATAINFO.ru;
2024-01-10;ADSBIGDATAONLINE.ru;
2024-01-10;ADSBIGDATAPLUS.ru;
2024-01-10;ADSBIGDATAPRO.ru;
2024-01-10;ADSBIGDATASHOP.ru;
2024-01-10;ADVAITAVE.ru;
2024-01-10;ADVANTAPEREVOD.ru;
2024-01-10;ADVCAMPER.ru;
2024-01-10;ADVENTURE-ZONE.ru;
2024-01-10;ADVENTUREADSX9.ru;
2024-01-10;ADVLOCO.ru;
2024-01-10;ADVOKAT-LEVITSKY.ru;
2024-01-10;ADVOKATCHERNYSHOV.ru;
2024-01-10;ADVOKATYZAPRAVA.ru;
2024-01-10;ADVOKATZAPRAVA.ru;
2024-01-10;AELTSOVA.ru;
2024-01-10;AER-BAE.ru;
2024-01-10;AERO-TT.ru;
2024-01-10;AFENIKS.ru;
2024-01-10;AFGRIBKOV.ru;
2024-01-10;AFISHAMOSREG.ru;
2024-01-10;AFK-175.ru;
2024-01-10;AFTERLUNCH.ru;
2024-01-10;AFTMARYL.ru;
2024-01-10;AFVAS701.ru;
2024-01-10;AGANCY-PRO.ru;
2024-01-10;AGARKOVA1.ru;
2024-01-10;AGIMI.ru;
2024-01-10;AGNITORY-7.ru;
2024-01-10;AGORJAEVA.ru;
2024-01-10;AGRISTAR.ru;
2024-01-10;AGROKLIMAT-74.ru;
2024-01-10;AGROMAHSTROY.ru;
2024-01-10;AGRUMART.ru;
2024-01-10;AHMF.ru;
2024-01-10;AI-KNOW-HOW.ru;
2024-01-10;AIARTPRO.ru;
2024-01-10;AIBEFUTURE.ru;
2024-01-10;AIFINPROFIT.ru;
2024-01-10;AIKNOWHOW.ru;
2024-01-10;AIM2.ru;
2024-01-10;AIPOZDRAV.ru;
2024-01-10;AIRATMUSIN.ru;
2024-01-10;AIT-SCHOOL.ru;
2024-01-10;AIVANOV-HOMELAB.ru;
2024-01-10;AIWEBHELPER.ru;
2024-01-10;AJOUR55.ru;
2024-01-10;AJPSYM.ru;
2024-01-10;AKALINICHEV.ru;
2024-01-10;AKARIH.ru;
2024-01-10;AKGKTK.ru;
2024-01-10;AKIREY.ru;
2024-01-10;AKKUMAVTO.ru;
2024-01-10;AKNULOONK.ru;
2024-01-10;AKORIUKIN.ru;
2024-01-10;AKORZIK.ru;
2024-01-10;AKRYGIN.ru;
2024-01-10;AKSEP.ru;
2024-01-10;AKTIV77.ru;
2024-01-10;AKTIVSANTEH.ru;
2024-01-10;AKULA-HOSTING.ru;
2024-01-10;AKUNTSOV.ru;
2024-01-10;AKUPIPRODAI.ru;
2024-01-10;AL-HAMRA.ru;
2024-01-10;ALA-TOUR.ru;
2024-01-10;ALATOUR.ru;
2024-01-10;ALBERTSH.ru;
2024-01-10;ALEKHINAAS.ru;
2024-01-10;ALEKIGNATJEV.ru;
2024-01-10;ALEKSEENKOV-PRO.ru;
2024-01-10;ALEKSEEVA-PRONALOGI.ru;
2024-01-10;ALENA28KUZNETSOVA.ru;
2024-01-10;ALENAFINANCY.ru;
2024-01-10;ALEXANDER20521.ru;
2024-01-10;ALEXANDERKALININ.ru;
2024-01-10;ALEXBELYH.ru;
2024-01-10;ALEXEY-KUKLEV.ru;
2024-01-10;ALEXEY-YAROSHENKO.ru;
2024-01-10;ALEXNIKIF0ROVA.ru;
2024-01-10;ALFA-AI.ru;
2024-01-10;ALFA-GROUP-CONSTRUCTION.ru;
2024-01-10;ALFA-KHIMKI.ru;
2024-01-10;ALFASEW24.ru;
2024-01-10;ALFRAX.ru;
2024-01-10;ALGOFLORA.ru;
2024-01-10;ALIANS-SIBIR.ru;
2024-01-10;ALIBABAPE.ru;
2024-01-10;ALICEGHOME.ru;
2024-01-10;ALIENC.ru;
2024-01-10;ALIFE-INVEST.ru;
2024-01-10;ALIKALOLVOV.ru;
2024-01-10;ALIYAM.ru;
2024-01-10;ALIZADESABINA.ru;
2024-01-10;ALL-MOLDS.ru;
2024-01-10;ALLAGORBATOVA.ru;
2024-01-10;ALLBAYUZ.ru;
2024-01-10;ALLNONOGRAMS.ru;
2024-01-10;ALLSTOCKS.ru;
2024-01-10;ALMAZ-SKAT.ru;
2024-01-10;ALMAZEXPORT.ru;
2024-01-10;ALOARENDA.ru;
2024-01-10;ALP-NEW.ru;
2024-01-10;ALPHA-MEKONG.ru;
2024-01-10;ALPNEW.ru;
2024-01-10;ALTERGEIST.ru;
2024-01-10;ALTUMGRP.ru;
2024-01-10;AM178.ru;
2024-01-10;AM911.ru;
2024-01-10;AMELEKHOVETS.ru;
2024-01-10;AMG-PORTAL.ru;
2024-01-10;AMIDECANDLE.ru;
2024-01-10;AMIGO-FEDORCHUK.ru;
2024-01-10;AMIKHALKO.ru;
2024-01-10;AMIRONIKO-1DAY.ru;
2024-01-10;AMP-CARAUDIO.ru;
2024-01-10;AMT-ENDO.ru;
2024-01-10;AMT-GASTROGUSS.ru;
2024-01-10;AMUREKO.ru;
2024-01-10;ANALYZECONNECTIONS.ru;
2024-01-10;ANARTCOMPANY.ru;
2024-01-10;ANASTASIJA-GOLUBEVA.ru;
2024-01-10;ANASTASIJA-IVANOVA.ru;
2024-01-10;ANATOLLLY.ru;
2024-01-10;ANDRESKUR.ru;
2024-01-10;ANDREW-ZAJTSEV.ru;
2024-01-10;ANDREY270368.ru;
2024-01-10;ANDREYKARIMOV.ru;
2024-01-10;ANDREYR17.ru;
2024-01-10;ANDREYTIO.ru;
2024-01-10;ANDRLEOANDR.ru;
2024-01-10;ANDROMEDA2023.ru;
2024-01-10;ANECHAEVA.ru;
2024-01-10;ANEG1.ru;
2024-01-10;ANET-MASSAGE.ru;
2024-01-10;ANGELIKA-ADAMOVA.ru;
2024-01-10;ANGRIG1978.ru;
2024-01-10;ANIMALSERVICES.ru;
2024-01-10;ANISSIMOVA.ru;
2024-01-10;ANITA1301.ru;
2024-01-10;ANKAR-MOTORS.ru;
2024-01-10;ANNA-MYZNIKOVAST.ru;
2024-01-10;ANNABABBA.ru;
2024-01-10;ANNAPRODPO.ru;
2024-01-10;ANNARYBAKOVA.ru;
2024-01-10;ANNOSIPOVA2002.ru;
2024-01-10;ANOCDC.ru;
2024-01-10;ANPILOGOVNV.ru;
2024-01-10;ANT1TSOV.ru;
2024-01-10;ANTA-HOUSE.ru;
2024-01-10;ANTI-D.ru;
2024-01-10;ANTI-SANCTIONS.ru;
2024-01-10;ANTI-TANKI.ru;
2024-01-10;ANTIAC.ru;
2024-01-10;ANTIBI0TIK.ru;
2024-01-10;ANTICORAUTO.ru;
2024-01-10;ANTICORAVTO.ru;
2024-01-10;ANTOSHINA-ANTOSHINA.ru;
2024-01-10;ANUTASKI.ru;
2024-01-10;ANYUTKATM.ru;
2024-01-10;APELSEAN30.ru;
2024-01-10;APELSINOTELANAPA.ru;
2024-01-10;APHENIX.ru;
2024-01-10;APOLLO-CLEANING.ru;
2024-01-10;APPLIED-ROBOTICS.ru;
2024-01-10;APTEKAURAL.ru;
2024-01-10;APTIEVICH.ru;
2024-01-10;AQUA4SQ.ru;
2024-01-10;AQYAR.ru;
2024-01-10;AR-ASK.ru;
2024-01-10;ARCHEOLOGYKALUGA.ru;
2024-01-10;ARCHICLARITY.ru;
2024-01-10;ARCHITECTURE-JOURNAL.ru;
2024-01-10;ARDPAYPLATI.ru;
2024-01-10;ARDPAYPLATIINFO.ru;
2024-01-10;ARENASIBIRIA.ru;
2024-01-10;ARENAUSPEHA.ru;
2024-01-10;ARENDA-FOUND.ru;
2024-01-10;ARENDA-INSTRUMENTA-RND.ru;
2024-01-10;ARENDA-KOSTUMOV-KRSK.ru;
2024-01-10;ARENDA-RETAKE.ru;
2024-01-10;ARGOS-SNAB.ru;
2024-01-10;ARGRISHIN.ru;
2024-01-10;ARHANGELSK-GIRLS.ru;
2024-01-10;ARHANGELSK-INDIVIDUALKA.ru;
2024-01-10;ARHITEKTOR-JK.ru;
2024-01-10;ARIFOV.ru;
2024-01-10;ARIZONA-JINGLE.ru;
2024-01-10;ARK-SP.ru;
2024-01-10;ARKHYZ-HOTELS.ru;
2024-01-10;ARLEORA.ru;
2024-01-10;ARLIGHTHOME.ru;
2024-01-10;ARMADAPACK-TEST.ru;
2024-01-10;ARMAMEN.ru;
2024-01-10;ARMIROVANII-SCOTCH-MS.ru;
2024-01-10;ARMOREDLANDCRUISER.ru;
2024-01-10;ARS-WORK.ru;
2024-01-10;ARSENAL-BOT.ru;
2024-01-10;ART-DMITRENKO.ru;
2024-01-10;ARTA-INVEST.ru;
2024-01-10;ARTAVTOMATIKA.ru;
2024-01-10;ARTBOTS4U.ru;
2024-01-10;ARTEM999.ru;
2024-01-10;ARTEMKRAV00.ru;
2024-01-10;ARTEMKROLIK.ru;
2024-01-10;ARTEMOVER.ru;
2024-01-10;ARTERIAMED.ru;
2024-01-10;ARTEXPRESSTROI.ru;
2024-01-10;ARTFEKLIN-BIZNESS.ru;
2024-01-10;ARTFOODCONSULTING.ru;
2024-01-10;ARTHASLICH.ru;
2024-01-10;ARTHOUSE35.ru;
2024-01-10;ARTIKA-HOL.ru;
2024-01-10;ARTISTICAD8WEAR.ru;
2024-01-10;ARTISUS-STORE.ru;
2024-01-10;ARTKUSCH.ru;
2024-01-10;ARTLIBRE.ru;
2024-01-10;ARTLIF.ru;
2024-01-10;ARTOTECA.ru;
2024-01-10;ARTTKACHENKO.ru;
2024-01-10;ARTURDANILOV.ru;
2024-01-10;ASCHEBINA.ru;
2024-01-10;ASEMENIHINA.ru;
2024-01-10;ASEVENOU.ru;
2024-01-10;ASHRECHA.ru;
2024-01-10;ASK-INFORMGURU.ru;
2024-01-10;ASMDETAL-74.ru;
2024-01-10;ASOLOVYH.ru;
2024-01-10;ASP-TISSI.ru;
2024-01-10;ASSAY-SOME-EXAMINE.ru;
2024-01-10;ASSAY-SOME-EXPERIENCE.ru;
2024-01-10;ASSAY-SOME-SMARTLINK.ru;
2024-01-10;ASTERIYA-STROY.ru;
2024-01-10;ASTRA-AKZ.ru;
2024-01-10;ASTRABIFF.ru;
2024-01-10;ASTRAL-LORDFILMS.ru;
2024-01-10;ASTRO-PROFI.ru;
2024-01-10;ASTROGENESYS.ru;
2024-01-10;ASTROLOG-GRIGORYAN.ru;
2024-01-10;ASTROPLAST.ru;
2024-01-10;ASUGIBIN.ru;
2024-01-10;ATLANT-STAIRS.ru;
2024-01-10;ATLANTID.ru;
2024-01-10;ATLASSHRUGGED.ru;
2024-01-10;ATMARKET34.ru;
2024-01-10;ATMOS-KRIM.ru;
2024-01-10;AUDI-AUTOMAT.ru;
2024-01-10;AUDI-COMMUNITY.ru;
2024-01-10;AUDIOMATE.ru;
2024-01-10;AUDIOPUB.ru;
2024-01-10;AUDIORANOBE.ru;
2024-01-10;AURAPORT.ru;
2024-01-10;AUTO-CHECK31.ru;
2024-01-10;AUTO-LOFT23.ru;
2024-01-10;AUTO-PLUSE.ru;
2024-01-10;AUTO-URISTY.ru;
2024-01-10;AUTO-VIRA.ru;
2024-01-10;AUTOACCESSOR.ru;
2024-01-10;AUTOADCHIC1.ru;
2024-01-10;AUTOBANGER.ru;
2024-01-10;AUTOHUT.ru;
2024-01-10;AUTOKEY102.ru;
2024-01-10;AUTOKEYUFA.ru;
2024-01-10;AUTOKLUCHI-STROGINO.ru;
2024-01-10;AUTOMASTERSKAYA1.ru;
2024-01-10;AUTOMOB-OBZOR.ru;
2024-01-10;AUTOSERVICE-UNION.ru;
2024-01-10;AUTOURISTPRAVA.ru;
2024-01-10;AUTOURISTZAPRAVA.ru;
2024-01-10;AVAJEWELRY.ru;
2024-01-10;AVARKOMSTAV.ru;
2024-01-10;AVBANNIKOV.ru;
2024-01-10;AVELCHENKOVA.ru;
2024-01-10;AVENUECONSULT.ru;
2024-01-10;AVERS36.ru;
2024-01-10;AVERSHINASCHOOL.ru;
2024-01-10;AVESTADENT-VSENA4.ru;
2024-01-10;AVIASALET.ru;
2024-01-10;AVIASALLIS.ru;
2024-01-10;AVIATOR-GAME-1XBET.ru;
2024-01-10;AVIATOR-GAME-MOSTBET.ru;
2024-01-10;AVIATOR-GAME-OLIMP.ru;
2024-01-10;AVIATOR-PLAY-1WIN.ru;
2024-01-10;AVIATOR-PLAY-PINUP.ru;
2024-01-10;AVITO-SALE.ru;
2024-01-10;AVITO-TEAMS.ru;
2024-01-10;AVITOWNM.ru;
2024-01-10;AVKUDIN.ru;
2024-01-10;AVMOISEENKO.ru;
2024-01-10;AVMTRAVEL.ru;
2024-01-10;AVMVISION.ru;
2024-01-10;AVOKADAVR.ru;
2024-01-10;AVOLINROCK.ru;
2024-01-10;AVRORACOM.ru;
2024-01-10;AVTO-ZABE.ru;
2024-01-10;AVTONOM-GAZGOLDER.ru;
2024-01-10;AVTOPARTNER-TD.ru;
2024-01-10;AVTOPODBOR174-CHLBNSK.ru;
2024-01-10;AVTOTIKHVIN.ru;
2024-01-10;AVTOZAPCHASTI33RF.ru;
2024-01-10;AVWATER.ru;
2024-01-10;AX-WOOD.ru;
2024-01-10;AYDAHO.ru;
2024-01-10;AYDYN-ZAYTSEV.ru;
2024-01-10;AYINTERIOR.ru;
2024-01-10;AYSANHANDMADE.ru;
2024-01-10;AZANCHEY.ru;
2024-01-10;AZANEZHENKOVA.ru;
2024-01-10;AZARIATOUR.ru;
2024-01-10;AZART-RUS.ru;
2024-01-10;AZARTJOYCASINO.ru;
2024-01-10;AZATMARKETING.ru;
2024-01-10;AZBYKA-GIBKOSTI.ru;
2024-01-10;AZINO-JOYCASINO2.ru;
2024-01-10;AZORIKOV.ru;
2024-01-10;AZROSTRANS.ru;
2024-01-10;B-VTB.ru;
2024-01-10;B2SOFTWARE.ru;
2024-01-10;BABKOV-1.ru;
2024-01-10;BABY-BOXY.ru;
2024-01-10;BABY-CURLS.ru;
2024-01-10;BABYBOXY.ru;
2024-01-10;BACKHASBI.ru;
2024-01-10;BADNUGGET.ru;
2024-01-10;BADYGEEV.ru;
2024-01-10;BAHARAJANS.ru;
2024-01-10;BAHILY-OPTOM-MS.ru;
2024-01-10;BAHILY-OT-PROIZVODITELYA-MS.ru;
2024-01-10;BAIKAL-TARGET.ru;
2024-01-10;BAIKALWT.ru;
2024-01-10;BAKHAEVA.ru;
2024-01-10;BAKHSHTEIN.ru;
2024-01-10;BAKUZOVA.ru;
2024-01-10;BALALAR-STORE.ru;
2024-01-10;BALDIMTECHNOLOGY.ru;
2024-01-10;BALETOMANIA.ru;
2024-01-10;BALHELP-PC.ru;
2024-01-10;BALINTKALUGA.ru;
2024-01-10;BALKON-TULA.ru;
2024-01-10;BALKON134.ru;
2024-01-10;BALKON136.ru;
2024-01-10;BALKON152.ru;
2024-01-10;BALKON171.ru;
2024-01-10;BALKON34.ru;
2024-01-10;BALKON36.ru;
2024-01-10;BALKONNN.ru;
2024-01-10;BALKONRND.ru;
2024-01-10;BALKONWOW.ru;
2024-01-10;BALKULTOLD.ru;
2024-01-10;BALLABILE.ru;
2024-01-10;BALLET-SHOE.ru;
2024-01-10;BALLIE.ru;
2024-01-10;BALLROMEDANCE.ru;
2024-01-10;BALT-IT.ru;
2024-01-10;BALUTKINOV.ru;
2024-01-10;BANIHYGGEMSK45.ru;
2024-01-10;BANIHYGGESPB54.ru;
2024-01-10;BANIKA-BANI73.ru;
2024-01-10;BANIKA-BANI74.ru;
2024-01-10;BANKETHOLL7.ru;
2024-01-10;BANKROT-SVOBODEN.ru;
2024-01-10;BANKROTSTVO60.ru;
2024-01-10;BANKROTSTVOVEZDE.ru;
2024-01-10;BANKROTVEZDE.ru;
2024-01-10;BANOPAR.ru;
2024-01-10;BANYA-HOZBLOK.ru;
2024-01-10;BANYA-NA-DROVAH-ANAPA.ru;
2024-01-10;BAR-BOTANIST.ru;
2024-01-10;BARAGUNOVA.ru;
2024-01-10;BARBAKUTS.ru;
2024-01-10;BARBERSHOPCOMPTON.ru;
2024-01-10;BARBUR.ru;
2024-01-10;BARDAKSTORE.ru;
2024-01-10;BARER-YUG.ru;
2024-01-10;BARISTA777.ru;
2024-01-10;BARJAGINA.ru;
2024-01-10;BARODA.ru;
2024-01-10;BASIS-ELECTRON.ru;
2024-01-10;BASSEIN-RAZUMNOE.ru;
2024-01-10;BATANOVSPEAKER.ru;
2024-01-10;BAZA-UJUT.ru;
2024-01-10;BAZANN.ru;
2024-01-10;BAZAPOISKOVIK.ru;
2024-01-10;BAZATEHNIKA-3.ru;
2024-01-10;BAZATEHNIKA-4.ru;
2024-01-10;BAZATEHNIKA-5.ru;
2024-01-10;BAZATEHNIKA-6.ru;
2024-01-10;BAZATEHNIKA-7.ru;
2024-01-10;BAZINGA809.ru;
2024-01-10;BBEVENTS.ru;
2024-01-10;BEARDEDBOULEVARD.ru;
2024-01-10;BEARYULCHA.ru;
2024-01-10;BEAT-MARKET.ru;
2024-01-10;BEAUTYAKADEMKRIS.ru;
2024-01-10;BEAUTYBUZZADS7.ru;
2024-01-10;BEAUTYSHOP-NN.ru;
2024-01-10;BEER-BOT.ru;
2024-01-10;BEHRUS.ru;
2024-01-10;BELANROS.ru;
2024-01-10;BELARUKS.ru;
2024-01-10;BELLPRIL3I4.ru;
2024-01-10;BELLY-DANCES.ru;
2024-01-10;BELYAEV85.ru;
2024-01-10;BENIDORMISPANIYA.ru;
2024-01-10;BEOGRAD-RESTARAN.ru;
2024-01-10;BEOGRADE.ru;
2024-01-10;BEREZKA76.ru;
2024-01-10;BEREZOV-LSK.ru;
2024-01-10;BEREZZKA1986.ru;
2024-01-10;BERI-I-STROY.ru;
2024-01-10;BERIESH42.ru;
2024-01-10;BEST-CO.ru;
2024-01-10;BEST-SERVERS.ru;
2024-01-10;BESTBUYRU.ru;
2024-01-10;BESTIYA-SALON.ru;
2024-01-10;BESTKUHNI-VLADIMIR.ru;
2024-01-10;BESTMAILS.ru;
2024-01-10;BESTMANGAL72.ru;
2024-01-10;BESTNDFLW.ru;
2024-01-10;BESTOTVETIK.ru;
2024-01-10;BESTSTAR24.ru;
2024-01-10;BETKOANDREY.ru;
2024-01-10;BETON-223.ru;
2024-01-10;BEZCHASTNOV.ru;
2024-01-10;BEZGRANITZ.ru;
2024-01-10;BF1-VRNZH.ru;
2024-01-10;BFLDOLG.ru;
2024-01-10;BIATHLON-NSO.ru;
2024-01-10;BIELEMANN.ru;
2024-01-10;BIG-DATA-MOBILE.ru;
2024-01-10;BIG-DATA-TARGET.ru;
2024-01-10;BIGBASSBONANZASLOT.ru;
2024-01-10;BIGCASHONLINE.ru;
2024-01-10;BIGCHOD.ru;
2024-01-10;BILERI.ru;
2024-01-10;BILIM-EDU.ru;
2024-01-10;BIN-INFO.ru;
2024-01-10;BIOFOX31.ru;
2024-01-10;BIONICBEAUTYADS3.ru;
2024-01-10;BISSTORE24.ru;
2024-01-10;BIT-EXP.ru;
2024-01-10;BITRIX24-REGFORT.ru;
2024-01-10;BITZCAZINO.ru;
2024-01-10;BIVSL.ru;
2024-01-10;BIZ-FUT.ru;
2024-01-10;BIZNES-SOUZ.ru;
2024-01-10;BLABLARUN.ru;
2024-01-10;BLACKDUCKCORP.ru;
2024-01-10;BLACKSTYLE21.ru;
2024-01-10;BLADE-RUNNER-LORDFILMS.ru;
2024-01-10;BLANKI69.ru;
2024-01-10;BLEZZ-TECH.ru;
2024-01-10;BLK-MASTER.ru;
2024-01-10;BLOG128SCHOOL.ru;
2024-01-10;BLOGNOTS.ru;
2024-01-10;BLOKI-KIRPICH.ru;
2024-01-10;BLOKNOTOFF.ru;
2024-01-10;BLOOMBOOX.ru;
2024-01-10;BLOSSOM-BLINDS.ru;
2024-01-10;BLUECRYSTALL.ru;
2024-01-10;BLUFFONREDHEAD.ru;
2024-01-10;BLUSTARS.ru;
2024-01-10;BMRUS.ru;
2024-01-10;BMW666.ru;
2024-01-10;BNDRL.ru;
2024-01-10;BOBKOVKS.ru;
2024-01-10;BOBMUR.ru;
2024-01-10;BOBROVALV2016.ru;
2024-01-10;BOBSKIY93.ru;
2024-01-10;BOCHKA-SAUNA.ru;
2024-01-10;BODYROCKET.ru;
2024-01-10;BOGACHEVA-PRO.ru;
2024-01-10;BOGATYREVA-TOP.ru;
2024-01-10;BOL55.ru;
2024-01-10;BOLSHOY-BALLET.ru;
2024-01-10;BONDAREVA-PRO.ru;
2024-01-10;BONTEN.ru;
2024-01-10;BONTIC.ru;
2024-01-10;BONUS-CASINO-SHANS30.ru;
2024-01-10;BOOH-USLUGI.ru;
2024-01-10;BOOKABOOK.ru;
2024-01-10;BOOKISHSTYLEADS.ru;
2024-01-10;BOOKOFRAGAME.ru;
2024-01-10;BOOKS-OF-DEAD.ru;
2024-01-10;BOOKS-OF-RA.ru;
2024-01-10;BOOST-PC.ru;
2024-01-10;BORISHOF-WEY.ru;
2024-01-10;BORN4BALLET.ru;
2024-01-10;BORSCHEMUSIC.ru;
2024-01-10;BOSCH177.ru;
2024-01-10;BOSFO-RUS.ru;
2024-01-10;BOSSBROCODE.ru;
2024-01-10;BOSSLIKES.ru;
2024-01-10;BOSSLVL.ru;
2024-01-10;BOT-COPILOT.ru;
2024-01-10;BOT-ON.ru;
2024-01-10;BOTSCASTLE.ru;
2024-01-10;BOUNTY-DANCECLUB.ru;
2024-01-10;BOUNTY-ZAIM.ru;
2024-01-10;BOUNTYTRAVELMGN.ru;
2024-01-10;BOZHENKOVA.ru;
2024-01-10;BOZIEVA.ru;
2024-01-10;BPG-KAMEN.ru;
2024-01-10;BRALLE.ru;
2024-01-10;BRANDPACKAGE25.ru;
2024-01-10;BRATKORV.ru;
2024-01-10;BRAVEOUS.ru;
2024-01-10;BREMENSKIEMUZYKANTY-2023.ru;
2024-01-10;BRENDSTREET77.ru;
2024-01-10;BRICKSHOT.ru;
2024-01-10;BRIGHT-SMILE-IMPLANT.ru;
2024-01-10;BRILL24X.ru;
2024-01-10;BRISTOL-SPB-HOTEL.ru;
2024-01-10;BRIX-WELL.ru;
2024-01-10;BRIZ-REALTY.ru;
2024-01-10;BRIZ18.ru;
2024-01-10;BROTHEN-SERVICE.ru;
2024-01-10;BRRASHTONYRASH.ru;
2024-01-10;BSOLNTSE.ru;
2024-01-10;BT-BIRYUSA.ru;
2024-01-10;BT-DD.ru;
2024-01-10;BTMINE.ru;
2024-01-10;BTRAUR.ru;
2024-01-10;BUBNOVA8.ru;
2024-01-10;BUCA-GAMES.ru;
2024-01-10;BUDETPRODANO.ru;
2024-01-10;BUHGUCHETIPORYADOK.ru;
2024-01-10;BUHTA-OBMENA.ru;
2024-01-10;BUILD-INSTRUMENT.ru;
2024-01-10;BUKET-DOSTAVKA24.ru;
2024-01-10;BUKHARINA.ru;
2024-01-10;BUKKN.ru;
2024-01-10;BUKSIRCAR.ru;
2024-01-10;BULASHEVICH.ru;
2024-01-10;BULATMR.ru;
2024-01-10;BULGARIADOM.ru;
2024-01-10;BUP-INSTRUMENT.ru;
2024-01-10;BURAKOF.ru;
2024-01-10;BURIMOREL.ru;
2024-01-10;BUSHUTO.ru;
2024-01-10;BUSINKA-DIY.ru;
2024-01-10;BUTOLIN.ru;
2024-01-10;BUZUNOVROMAN.ru;
2024-01-10;BVS2000.ru;
2024-01-10;BXPBOX.ru;
2024-01-10;BY-SOKOLOVSKAIA.ru;
2024-01-10;BYLBOLSOS.ru;
2024-01-10;BYM70.ru;
2024-01-10;BYT67.ru;
2024-01-10;BYTOVYCH.ru;
2024-01-10;BZMOVER.ru;
2024-01-10;C-OEP.ru;
2024-01-10;CA58.ru;
2024-01-10;CABYCA.ru;
2024-01-10;CAFE-PORTRETOFF.ru;
2024-01-10;CAFFANDR.ru;
2024-01-10;CAPI-LIP.ru;
2024-01-10;CAPMERCURY.ru;
2024-01-10;CAR-DELIVERY24-7.ru;
2024-01-10;CARCAM-GOOD.ru;
2024-01-10;CARD-HALVA-4YOU.ru;
2024-01-10;CARDAN-NAMI.ru;
2024-01-10;CARDINALCONF.ru;
2024-01-10;CARDONLYHERE.ru;
2024-01-10;CARL-JUNG-WINE.ru;
2024-01-10;CARNOTES.ru;
2024-01-10;CARPARTS-SOFT.ru;
2024-01-10;CARSHUBURAL.ru;
2024-01-10;CARVES-LEGEND.ru;
2024-01-10;CASHFLOV-FOUND.ru;
2024-01-10;CASHZP.ru;
2024-01-10;CASINO-SHANS30.ru;
2024-01-10;CASINO-SILVER215.ru;
2024-01-10;CASINO-SLOTV6.ru;
2024-01-10;CASINO-SOL-CAZINO5.ru;
2024-01-10;CASINO-SOL-OFLCIAL2.ru;
2024-01-10;CASINO-SOL357.ru;
2024-01-10;CASINO-SPACE.ru;
2024-01-10;CASINO-SPINCITY.ru;
2024-01-10;CASINO-STAVKI-BONUS.ru;
2024-01-10;CASINO-SUPERSLOTS-TOP.ru;
2024-01-10;CASINONOW.ru;
2024-01-10;CASINOPIRATEBAY.ru;
2024-01-10;CASINOSPINCITY.ru;
2024-01-10;CASINOX-COM.ru;
2024-01-10;CASINOX-PLAY22.ru;
2024-01-10;CASINOX-PLAYWIN6.ru;
2024-01-10;CASINOX1.ru;
2024-01-10;CASINOXPRESTIGE.ru;
2024-01-10;CASIPEDIA.ru;
2024-01-10;CASMK.ru;
2024-01-10;CASSA-FUTURE.ru;
2024-01-10;CASSION.ru;
2024-01-10;CAT-CAM.ru;
2024-01-10;CAT-CRAFT.ru;
2024-01-10;CATALOGUM.ru;
2024-01-10;CATCAMS.ru;
2024-01-10;CEHUCHETKA.ru;
2024-01-10;CELANS.ru;
2024-01-10;CELESTIALCONNECTIONS12.ru;
2024-01-10;CELTICCRY.ru;
2024-01-10;CENSP.ru;
2024-01-10;CENTER-COFFEE.ru;
2024-01-10;CENTERCULINARY.ru;
2024-01-10;CENTR-SPISANYA-DOLGOV.ru;
2024-01-10;CENTRCOFFEE.ru;
2024-01-10;CERAMICDZEN.ru;
2024-01-10;CERT-SGR.ru;
2024-01-10;CH73210.ru;
2024-01-10;CHAGUNAVA.ru;
2024-01-10;CHAICHI.ru;
2024-01-10;CHAIKA-FINANCE.ru;
2024-01-10;CHALYSHEVA.ru;
2024-01-10;CHAMPINE-JK.ru;
2024-01-10;CHANGCHENGCIZHUAN.ru;
2024-01-10;CHANGE-CARS.ru;
2024-01-10;CHANGECARS.ru;
2024-01-10;CHANIEV.ru;
2024-01-10;CHAPIKOV.ru;
2024-01-10;CHARITYCHICADS2.ru;
2024-01-10;CHARMANTER21.ru;
2024-01-10;CHASHCHIN-1.ru;
2024-01-10;CHASNTNIY-MASTER-IZHEVSK.ru;
2024-01-10;CHASY-TAIMERY.ru;
2024-01-10;CHAT-SIGN.ru;
2024-01-10;CHEB78.ru;
2024-01-10;CHECK-POINT37.ru;
2024-01-10;CHEKALKIN.ru;
2024-01-10;CHEKBUH24.ru;
2024-01-10;CHEKINDSMSK.ru;
2024-01-10;CHEKOTOVA-PHOTO.ru;
2024-01-10;CHEPRASOFF.ru;
2024-01-10;CHEREPOVETC-INTIM.ru;
2024-01-10;CHERKASHINA-1.ru;
2024-01-10;CHERVOCHKOVA.ru;
2024-01-10;CHERY-JULY-EKB.ru;
2024-01-10;CHINAMARKETPLEASE.ru;
2024-01-10;CHINAUTO-IZMAILOVO.ru;
2024-01-10;CHINAZUBY.ru;
2024-01-10;CHIPCHIKOVA.ru;
2024-01-10;CHISTIYGOROD72.ru;
2024-01-10;CHISTOTATA-AMOCRM.ru;
2024-01-10;CHISTYE-PRUDY-JK.ru;
2024-01-10;CHIZMAANNA.ru;
2024-01-10;CHL-RF-FORKLIFT.ru;
2024-01-10;CHLB-ROBO.ru;
2024-01-10;CHLB-UNI.ru;
2024-01-10;CHLB-WHT.ru;
2024-01-10;CHOICE-MOSCOW.ru;
2024-01-10;CHOICE-MOSCOW24.ru;
2024-01-10;CHOICE-SOCIETY.ru;
2024-01-10;CHOICE-SOCIETY24.ru;
2024-01-10;CHOO-MIR.ru;
2024-01-10;CHOOSING-BEST.ru;
2024-01-10;CHOOSING-CAPITAL.ru;
2024-01-10;CHOOSING-CAPITAL24.ru;
2024-01-10;CHOP-NSK.ru;
2024-01-10;CHOPSTRAJ.ru;
2024-01-10;CHOSE-YOUR-ONE.ru;
2024-01-10;CHROMESHINA.ru;
2024-01-10;CHUEVA174.ru;
2024-01-10;CICADA85.ru;
2024-01-10;CINEMACHIC2023.ru;
2024-01-10;CINEMACRAFTADS7.ru;
2024-01-10;CINOGO.ru;
2024-01-10;CIRKUS-VERNATSKOGO.ru;
2024-01-10;CIRKYE-VERNADTSKOGO.ru;
2024-01-10;CITYTREES-2024.ru;
2024-01-10;CKRMZ.ru;
2024-01-10;CLARITYBEAUTY.ru;
2024-01-10;CLASS-THEORY.ru;
2024-01-10;CLEANAIR-MSK.ru;
2024-01-10;CLEANING96.ru;
2024-01-10;CLEANTRACE.ru;
2024-01-10;CLICKBIDDER.ru;
2024-01-10;CLIMBER-TEAM.ru;
2024-01-10;CLIMBERTEAM.ru;
2024-01-10;CLINICA-GUDELA.ru;
2024-01-10;CLOUDUSLUGI.ru;
2024-01-10;CLTRC.ru;
2024-01-10;CLUB-17.ru;
2024-01-10;CLUB17.ru;
2024-01-10;CLUB17ONLINE.ru;
2024-01-10;CLUB17STORE.ru;
2024-01-10;CLUB36.ru;
2024-01-10;CLUBNIKA-CASINOS.ru;
2024-01-10;CLUBSHELL.ru;
2024-01-10;CM-COM.ru;
2024-01-10;CNC5D.ru;
2024-01-10;CNTAOBAO.ru;
2024-01-10;COACHING-JOURNAL.ru;
2024-01-10;COBRA132008.ru;
2024-01-10;COCOCOSMETICS.ru;
2024-01-10;COCOSTEPS.ru;
2024-01-10;CODEARTS.ru;
2024-01-10;COFFEE22.ru;
2024-01-10;COFFEE44KA-NET.ru;
2024-01-10;COFFEETOK.ru;
2024-01-10;COIL-SLITTING.ru;
2024-01-10;COILSLITTING.ru;
2024-01-10;COINSGEEK.ru;
2024-01-10;COMFORTSHOP24.ru;
2024-01-10;COMP-SITE.ru;
2024-01-10;COMPANYSIRIUS.ru;
2024-01-10;COMPBY.ru;
2024-01-10;COMPOST-SYSTEMS.ru;
2024-01-10;COMPOST-TURNERS.ru;
2024-01-10;COMPOSTIROVANIE.ru;
2024-01-10;CONCEPTCARPET.ru;
2024-01-10;CONDECEP.ru;
2024-01-10;CONSALTSERVIS.ru;
2024-01-10;CONSTSITE.ru;
2024-01-10;CONSULTING-360.ru;
2024-01-10;CONSULTING360.ru;
2024-01-10;CONT-LOGIS.ru;
2024-01-10;CONTEXT-IN-DIRECT.ru;
2024-01-10;CONTRACT-A.ru;
2024-01-10;COOKIES-SOME-ASSAY.ru;
2024-01-10;COOKIES-SOME-EXAMINE.ru;
2024-01-10;COOKIES-SOME-EXPERIENCE.ru;
2024-01-10;COOKIES-SOME-SMARTLINK.ru;
2024-01-10;COOLFREIGHTS.ru;
2024-01-10;COR-SOL.ru;
2024-01-10;CORPS-DE-BALLET.ru;
2024-01-10;COSMANTONOVA.ru;
2024-01-10;COSMOBATH.ru;
2024-01-10;COSMOGLAMPING.ru;
2024-01-10;COSMOVID.ru;
2024-01-10;COTTAGEBELOOSTROV.ru;
2024-01-10;COUNTESS-PR.ru;
2024-01-10;COYCHET.ru;
2024-01-10;CRAFTMALTHOUSE.ru;
2024-01-10;CRAZYCRANE.ru;
2024-01-10;CREATIVE-APPROACH.ru;
2024-01-10;CREATIVE-ATTITUDE.ru;
2024-01-10;CREATIVECOUTURE8.ru;
2024-01-10;CREDIT-CARD-HALVA.ru;
2024-01-10;CREDIT-HALVA-4YOU.ru;
2024-01-10;CREDITRA.ru;
2024-01-10;CREDITRAY.ru;
2024-01-10;CREDITRB.ru;
2024-01-10;CREDITRC.ru;
2024-01-10;CREDITRD.ru;
2024-01-10;CREDITSMOMENTS.ru;
2024-01-10;CRIMEABAY.ru;
2024-01-10;CRM-USMOTO.ru;
2024-01-10;CROCHETMANALIZA.ru;
2024-01-10;CRONHOR.ru;
2024-01-10;CROWN-SUCCESS.ru;
2024-01-10;CROWN-SUCCESS24.ru;
2024-01-10;CRPTJOB.ru;
2024-01-10;CRR-SOLNYSHKO.ru;
2024-01-10;CRYPTOBRASIL.ru;
2024-01-10;CSLDEVICES.ru;
2024-01-10;CSP52.ru;
2024-01-10;CTCGROUP-K.ru;
2024-01-10;CTP86.ru;
2024-01-10;CUBE-COMPANY.ru;
2024-01-10;CULTURE-JOURNAL.ru;
2024-01-10;CUTUR-MODELS-SOCHI.ru;
2024-01-10;CVETOCHNITSA.ru;
2024-01-10;CYBERCATGAMES.ru;
2024-01-10;CYBERCELINA.ru;
2024-01-10;CYBERCHIC2022.ru;
2024-01-10;CYBERSTREKOZA.ru;
2024-01-10;CYBERSUBWAY.ru;
2024-01-10;CYBERZHELEZYAKA.ru;
2024-01-10;D-BERI.ru;
2024-01-10;D-DOLGOFF.ru;
2024-01-10;D-NFT.ru;
2024-01-10;D-NFTS.ru;
2024-01-10;D1SAD.ru;
2024-01-10;D32-DI.ru;
2024-01-10;D4NILOV.ru;
2024-01-10;DA-COSMETICS.ru;
2024-01-10;DACOSMETICS.ru;
2024-01-10;DADVIBES.ru;
2024-01-10;DAMINIONS.ru;
2024-01-10;DAMMURIA.ru;
2024-01-10;DAN-MAKS.ru;
2024-01-10;DANCE-AWAY.ru;
2024-01-10;DANCEABLE-REVOLUTION.ru;
2024-01-10;DANIILANGRY.ru;
2024-01-10;DANIILSTRELNIKOV.ru;
2024-01-10;DANILMARIA.ru;
2024-01-10;DARASLOW.ru;
2024-01-10;DARCHAKOV.ru;
2024-01-10;DARIALIPOVIK.ru;
2024-01-10;DARIAMIKHEEVA.ru;
2024-01-10;DARIBYDARI.ru;
2024-01-10;DARJAMAKAROVA.ru;
2024-01-10;DARKSCENE.ru;
2024-01-10;DARNEWS.ru;
2024-01-10;DARVIN5.ru;
2024-01-10;DARYAKIIM.ru;
2024-01-10;DASHHHA.ru;
2024-01-10;DATACART.ru;
2024-01-10;DATAMESSAGES.ru;
2024-01-10;DAUBERG.ru;
2024-01-10;DAVINCI-HOTELS.ru;
2024-01-10;DAVNAT.ru;
2024-01-10;DAVYDOVALLIANCEGROUP.ru;
2024-01-10;DAYZGAMEVANILA.ru;
2024-01-10;DBAGAUTDINOVA.ru;
2024-01-10;DCATRINE.ru;
2024-01-10;DCHUVILIN.ru;
2024-01-10;DDCYBER.ru;
2024-01-10;DDD-DDD376.ru;
2024-01-10;DDD74.ru;
2024-01-10;DDONUTS.ru;
2024-01-10;DDONUTS-MSK.ru;
2024-01-10;DDREEV.ru;
2024-01-10;DE-NOSOV.ru;
2024-01-10;DEBRIPRO.ru;
2024-01-10;DECHEV.ru;
2024-01-10;DECORGRANAT.ru;
2024-01-10;DEDYUKINA.ru;
2024-01-10;DEECITY.ru;
2024-01-10;DELIVERY-3158.ru;
2024-01-10;DELIVERY-ORDER1358.ru;
2024-01-10;DELIVERY221.ru;
2024-01-10;DELL-PROFISERVICE.ru;
2024-01-10;DELOKVAM.ru;
2024-01-10;DELOVEER.ru;
2024-01-10;DELOVOIPRESTIGE.ru;
2024-01-10;DELOVOYB2B.ru;
2024-01-10;DEMIDOVALV.ru;
2024-01-10;DEMO-CCT.ru;
2024-01-10;DENISLAGUTIN.ru;
2024-01-10;DENISOVA-MARIA.ru;
2024-01-10;DENYUP.ru;
2024-01-10;DEPARTAMENT-SPISANIYA-DOLGOV.ru;
2024-01-10;DEPUSH.ru;
2024-01-10;DEREVO-UHOD.ru;
2024-01-10;DERIBO.ru;
2024-01-10;DESCGEN.ru;
2024-01-10;DESEVENTS.ru;
2024-01-10;DESIGN-ELLIS.ru;
2024-01-10;DESIGN-JOURNAL.ru;
2024-01-10;DESREN.ru;
2024-01-10;DETAILING-93.ru;
2024-01-10;DETAILING181.ru;
2024-01-10;DETAILING93.ru;
2024-01-10;DETKLINCENTER.ru;
2024-01-10;DETROITS-RP.ru;
2024-01-10;DEZBLAG28.ru;
2024-01-10;DGCOMPANY2.ru;
2024-01-10;DGOLUBKOV.ru;
2024-01-10;DGURIN.ru;
2024-01-10;DIACRE.ru;
2024-01-10;DIAGSMART.ru;
2024-01-10;DIALOG-AGRO.ru;
2024-01-10;DIALOGI-EMPATOV.ru;
2024-01-10;DIAPAZONMECHANICA.ru;
2024-01-10;DIESEL-MSK.ru;
2024-01-10;DIESELMSK.ru;
2024-01-10;DIETDESSERTS.ru;
2024-01-10;DIETSNEIROS.ru;
2024-01-10;DIEZ-POST.ru;
2024-01-10;DIGITALDESIGNS3D.ru;
2024-01-10;DIKOFUNNY.ru;
2024-01-10;DILANMAKDELING.ru;
2024-01-10;DILLER-MINSK.ru;
2024-01-10;DIMCHER79.ru;
2024-01-10;DIMENTIY666.ru;
2024-01-10;DIMNOVIKOV.ru;
2024-01-10;DIMULIK.ru;
2024-01-10;DINAMICADDICT.ru;
2024-01-10;DINO-LAMP.ru;
2024-01-10;DINOZAVR-1.ru;
2024-01-10;DIONHOT.ru;
2024-01-10;DIPAVLOV.ru;
2024-01-10;DIPLOMJ-126.ru;
2024-01-10;DIRECT-SETTING-2024.ru;
2024-01-10;DISK81-MAIL.ru;
2024-01-10;DISNEY-LORDFILMS.ru;
2024-01-10;DIVASTAV.ru;
2024-01-10;DJ-AF.ru;
2024-01-10;DJPLOMJ-71.ru;
2024-01-10;DJPLOMJ-76.ru;
2024-01-10;DJPLOMJ-KALUGA.ru;
2024-01-10;DJPLOMJ-V-RUKI.ru;
2024-01-10;DJZOTKIN.ru;
2024-01-10;DKOROLIOV.ru;
2024-01-10;DKY-COM.ru;
2024-01-10;DLKAZNACHEEVA.ru;
2024-01-10;DMASS.ru;
2024-01-10;DMCHE84.ru;
2024-01-10;DMDONCHENKO.ru;
2024-01-10;DMITRIEVA-SILAEVA.ru;
2024-01-10;DMR70.ru;
2024-01-10;DMXMS.ru;
2024-01-10;DNFTMARKET.ru;
2024-01-10;DNFTS.ru;
2024-01-10;DOBROMREMONT.ru;
2024-01-10;DOBROTVORI.ru;
2024-01-10;DOCNALOG.ru;
2024-01-10;DOCTOR-LEBEDEV.ru;
2024-01-10;DOCTOR-NEFEDOVA.ru;
2024-01-10;DOCTORCHIKUNOV.ru;
2024-01-10;DOCTORGE.ru;
2024-01-10;DOKTOR-ALKO.ru;
2024-01-10;DOKTORDICK.ru;
2024-01-10;DOLPHIN-URAL.ru;
2024-01-10;DOM-AKKORDA.ru;
2024-01-10;DOM-COMFORT-LG.ru;
2024-01-10;DOM-NA-OZERE.ru;
2024-01-10;DOM-TUVA.ru;
2024-01-10;DOM1-KULINAR.ru;
2024-01-10;DOMAHADJOH.ru;
2024-01-10;DOMAMOLOD.ru;
2024-01-10;DOMAPITOMEC.ru;
2024-01-10;DOMASHEVSKIJ-PRO.ru;
2024-01-10;DOMENILYA-7.ru;
2024-01-10;DOMESECURITY.ru;
2024-01-10;DOMGREENHOUSE.ru;
2024-01-10;DOMINA-SPB-HOTEL.ru;
2024-01-10;DOMIWKI.ru;
2024-01-10;DOMMI-MSK2.ru;
2024-01-10;DOMNKOUGORSK.ru;
2024-01-10;DOMONOLIT.ru;
2024-01-10;DOMRELAXA.ru;
2024-01-10;DOMSU.ru;
2024-01-10;DOMZAG.ru;
2024-01-10;DONBASSSTROY.ru;
2024-01-10;DONGMOTORS.ru;
2024-01-10;DOOMONE.ru;
2024-01-10;DOOR-TEHNO.ru;
2024-01-10;DOROJKA13.ru;
2024-01-10;DORSNAB-MSK.ru;
2024-01-10;DORSTROY-VOLSK.ru;
2024-01-10;DOSKA-REKLAMY.ru;
2024-01-10;DOSTAVKA-0121.ru;
2024-01-10;DOSTAVKA-9765.ru;
2024-01-10;DOSTAVKASUMOK.ru;
2024-01-10;DOSTIZHENIE-JK.ru;
2024-01-10;DOSUG-TAGIL.ru;
2024-01-10;DOUBLELEAGUE.ru;
2024-01-10;DOVGALENKO-A.ru;
2024-01-10;DOWNLOAD-1WIN-APK.ru;
2024-01-10;DOWNLOAD-PINUP-APK.ru;
2024-01-10;DPALEV.ru;
2024-01-10;DPK-ZUM.ru;
2024-01-10;DR-BELAVIN.ru;
2024-01-10;DRAEVSKIJ.ru;
2024-01-10;DRAGONHOSTING.ru;
2024-01-10;DRAGOSHA13.ru;
2024-01-10;DRAGOSLAV.ru;
2024-01-10;DRCDAYZ.ru;
2024-01-10;DREAM-PALACE.ru;
2024-01-10;DREAMCONT.ru;
2024-01-10;DREAMPLACE-HOSTEL.ru;
2024-01-10;DRGAVRILYUKEV.ru;
2024-01-10;DRIFT-CASINO-SITE.ru;
2024-01-10;DRIFTCASINO-DIV11.ru;
2024-01-10;DRIP-CASINO-RU2.ru;
2024-01-10;DRIPCASINO-GOS2.ru;
2024-01-10;DRIPCASINO-SLOT4.ru;
2024-01-10;DRIPCASINOLET8.ru;
2024-01-10;DROKOVAPHOTO.ru;
2024-01-10;DROMDOM.ru;
2024-01-10;DROMIN.ru;
2024-01-10;DRPROKHOR.ru;
2024-01-10;DRSEEDS.ru;
2024-01-10;DS1-BATAYSK.ru;
2024-01-10;DSCOSMOCLINIC.ru;
2024-01-10;DSGN-UP.ru;
2024-01-10;DSHVED.ru;
2024-01-10;DSTARR.ru;
2024-01-10;DT-HELP.ru;
2024-01-10;DTISHANSKAYA.ru;
2024-01-10;DTK33.ru;
2024-01-10;DTRAVNIKOV.ru;
2024-01-10;DTS-SPB.ru;
2024-01-10;DUEL-TOOL.ru;
2024-01-10;DUELTOOL.ru;
2024-01-10;DUKONSHOP.ru;
2024-01-10;DUSHAPP.ru;
2024-01-10;DVAROYALYA.ru;
2024-01-10;DVD-LAND.ru;
2024-01-10;DVIGATEL-INFO.ru;
2024-01-10;DVR-VSEM.ru;
2024-01-10;DVRS-SHOP.ru;
2024-01-10;DYGOV.ru;
2024-01-10;DYKALENKO.ru;
2024-01-10;DYNAMICDESIGNS4U.ru;
2024-01-10;DYSON-PRODUCT.ru;
2024-01-10;DYUSS.ru;
2024-01-10;DZESTELOV.ru;
2024-01-10;DZHEMBETOV.ru;
2024-01-10;E-ITC.ru;
2024-01-10;EABDURAKHMANOV.ru;
2024-01-10;EAGLESONG.ru;
2024-01-10;EALUZINA.ru;
2024-01-10;EAMATUKHIN.ru;
2024-01-10;EAST-TESTER.ru;
2024-01-10;EASY2RATE.ru;
2024-01-10;EBAJANDINA.ru;
2024-01-10;EBOGACHEV.ru;
2024-01-10;ECLAI.ru;
2024-01-10;ECO-SHIELD.ru;
2024-01-10;ECOFASHION4ADS.ru;
2024-01-10;ECOIFIN.ru;
2024-01-10;ECOLOG-SAMKAEVA.ru;
2024-01-10;ECOMTODAY.ru;
2024-01-10;ECOSYSTEM-RUSSIA.ru;
2024-01-10;ECUPRAVO.ru;
2024-01-10;ED-PM.ru;
2024-01-10;ED-RUSSIA.ru;
2024-01-10;EDA-RAY.ru;
2024-01-10;EDAKANAEV.ru;
2024-01-10;EDANCHENKO.ru;
2024-01-10;EDAVLETSHINA.ru;
2024-01-10;EDEM72.ru;
2024-01-10;EDIALELECTRO.ru;
2024-01-10;EDINSTVOFRANCHISE.ru;
2024-01-10;EDU-CAPITALSKILLS.ru;
2024-01-10;EDUCAPSKILLS.ru;
2024-01-10;EDUFASHION2GO.ru;
2024-01-10;EDUFORGEBS.ru;
2024-01-10;EDUFORGES.ru;
2024-01-10;EDUFORGESOP.ru;
2024-01-10;EDUMARKT.ru;
2024-01-10;EENDALTSEVA.ru;
2024-01-10;EFFEKTIVNYE-PROTIVOVIRUSNYE.ru;
2024-01-10;EFTAESPORTS.ru;
2024-01-10;EGANSHINA.ru;
2024-01-10;EGIDA-DEZ.ru;
2024-01-10;EGIREV.ru;
2024-01-10;EGISO.ru;
2024-01-10;EGORKIM.ru;
2024-01-10;EGOZA-EGOZA.ru;
2024-01-10;EGPLAY.ru;
2024-01-10;EGROS05.ru;
2024-01-10;EGRP-RUSH.ru;
2024-01-10;EGULEDANI.ru;
2024-01-10;EK-KONOVALOVA.ru;
2024-01-10;EKATERINAGRISHINA.ru;
2024-01-10;EKATERINAKUSTOVA.ru;
2024-01-10;EKATERINASERGEEVNA.ru;
2024-01-10;EKBDOMURAL.ru;
2024-01-10;EKOCHIST.ru;
2024-01-10;EKOSVECHA.ru;
2024-01-10;ELARCH.ru;
2024-01-10;ELDORADO2024-1.ru;
2024-01-10;ELDORADO2024-2.ru;
2024-01-10;ELECTRICNADOM24.ru;
2024-01-10;ELECTRIK22.ru;
2024-01-10;ELECTROMOBILSHOP.ru;
2024-01-10;ELEKTRODOMSTROY.ru;
2024-01-10;ELEKTROSAMOKAT24.ru;
2024-01-10;ELEMENT174.ru;
2024-01-10;ELENA-JAKOVLEVA.ru;
2024-01-10;ELENAIVANENKOS.ru;
2024-01-10;ELENAKHAZOVA-PSY.ru;
2024-01-10;ELENAKOREL21.ru;
2024-01-10;ELENASTEFAN.ru;
2024-01-10;ELENASVIRIDOVA.ru;
2024-01-10;ELENONAIR.ru;
2024-01-10;ELEONOR-TOMSK.ru;
2024-01-10;ELFILIPSERVER.ru;
2024-01-10;ELI200317.ru;
2024-01-10;ELISKISS.ru;
2024-01-10;ELITPAPKE.ru;
2024-01-10;ELMIRAKAS.ru;
2024-01-10;ELVINABBASOV.ru;
2024-01-10;EMAIL-ADS.ru;
2024-01-10;EMAIL-UNIVERSAL.ru;
2024-01-10;EMERALD-PROJECT.ru;
2024-01-10;EMILE-HENRY-POSUDA.ru;
2024-01-10;EMILEMI.ru;
2024-01-10;EMITUSOVA.ru;
2024-01-10;EMPATHYWINES.ru;
2024-01-10;EMPIREZONE.ru;
2024-01-10;ENATFULLINA.ru;
2024-01-10;ENAXION.ru;
2024-01-10;ENDRESS-H.ru;
2024-01-10;ENGLISH-GRADE.ru;
2024-01-10;ENJOYSARATOV.ru;
2024-01-10;ENTESUS.ru;
2024-01-10;EPERBAIN.ru;
2024-01-10;EPIC-CRUISES.ru;
2024-01-10;EPICHUNT.ru;
2024-01-10;EPKUCHER.ru;
2024-01-10;EPLITIN.ru;
2024-01-10;EPOXY-FLOWERS.ru;
2024-01-10;EQ74.ru;
2024-01-10;ER-1.ru;
2024-01-10;ERATRANSFORMATION.ru;
2024-01-10;ERAVK-LIVE.ru;
2024-01-10;EREMENKOE.ru;
2024-01-10;ERGOLOGISTIC.ru;
2024-01-10;ERMAKMK.ru;
2024-01-10;EROTIC-SPA.ru;
2024-01-10;ESAPRYKINA.ru;
2024-01-10;ESCHETKINA.ru;
2024-01-10;ESHDAVAI.ru;
2024-01-10;ESOKLAKOVA.ru;
2024-01-10;ESOTERICISM-JOURNAL.ru;
2024-01-10;ESPANOL24.ru;
2024-01-10;ESPANOLONLINE.ru;
2024-01-10;ETAGI-EDUCATION.ru;
2024-01-10;ETAGI-SMART.ru;
2024-01-10;ETESTER.ru;
2024-01-10;ETOOOYA.ru;
2024-01-10;EUGENE7EVEN.ru;
2024-01-10;EUPHORIA-NAILS.ru;
2024-01-10;EUTOCHKA.ru;
2024-01-10;EVAEVREN.ru;
2024-01-10;EVAKUATOROCK.ru;
2024-01-10;EVALIGRASS.ru;
2024-01-10;EVELEVEL.ru;
2024-01-10;EVERESTSTROY-NN.ru;
2024-01-10;EVERFROST.ru;
2024-01-10;EVGENIIBAZ.ru;
2024-01-10;EVGENIY-SHALAEVSKIY.ru;
2024-01-10;EVGENYPETROVICH.ru;
2024-01-10;EVGESH4.ru;
2024-01-10;EVGMILL.ru;
2024-01-10;EVGSLES.ru;
2024-01-10;EVOSONIC.ru;
2024-01-10;EVOVIBES.ru;
2024-01-10;EVRIKA-HOLOD.ru;
2024-01-10;EVSEVLEEV.ru;
2024-01-10;EXCELLENTCLIENT.ru;
2024-01-10;EXCITE-QUINTET.ru;
2024-01-10;EXGINE.ru;
2024-01-10;EXIMCENTER.ru;
2024-01-10;EXMONADE.ru;
2024-01-10;EXODUS-CREDIT.ru;
2024-01-10;EXPERIENCE-SOME-ASSAY.ru;
2024-01-10;EXPERT-AUTO36.ru;
2024-01-10;EXPERTAZS.ru;
2024-01-10;EXPERTNIC.ru;
2024-01-10;EXPERTPODOLOG.ru;
2024-01-10;EXPO-TIHOMIROV.ru;
2024-01-10;EXPOCASE.ru;
2024-01-10;EXPRESS-COMPUTER.ru;
2024-01-10;EXPRESS-FASAD.ru;
2024-01-10;EXPRESSAUTODETAL.ru;
2024-01-10;EXPRESSCOMPUTER.ru;
2024-01-10;EXTREMEELEMENT.ru;
2024-01-10;EXTREMEELEMENTSHOP.ru;
2024-01-10;EXXXI.ru;
2024-01-10;EYVATEL.ru;
2024-01-10;F-INVESTOR.ru;
2024-01-10;F-NFT.ru;
2024-01-10;F-NFTS.ru;
2024-01-10;F5BPMN.ru;
2024-01-10;FABERLIC-ONLINE-SHOP.ru;
2024-01-10;FABERLIC-RAY.ru;
2024-01-10;FABERLICMYSHOP.ru;
2024-01-10;FABERLICREGISTR.ru;
2024-01-10;FACE-DETECTION.ru;
2024-01-10;FACSINATED.ru;
2024-01-10;FAHREEV.ru;
2024-01-10;FAIRYTAILMAGIC.ru;
2024-01-10;FAMILY-MASTER.ru;
2024-01-10;FANERKA-MEBEL.ru;
2024-01-10;FANOOS.ru;
2024-01-10;FANZZY.ru;
2024-01-10;FAPIMA.ru;
2024-01-10;FARCRYTOP.ru;
2024-01-10;FARMFRESHFASHION4.ru;
2024-01-10;FASADMEBELCHELNY.ru;
2024-01-10;FASCINATED.ru;
2024-01-10;FASHION-DIANA.ru;
2024-01-10;FASTRO-OF-HELP.ru;
2024-01-10;FAVORIT-REMONT.ru;
2024-01-10;FDT-SHEYKI-MATKI.ru;
2024-01-10;FEDOCS.ru;
2024-01-10;FEIZRACHMANOVA-PROGRAM.ru;
2024-01-10;FEMMECOLORISTA.ru;
2024-01-10;FENIXCELEBRITY.ru;
2024-01-10;FERARCH.ru;
2024-01-10;FESTIVEFASHIONS4.ru;
2024-01-10;FETISOVA-NIKA.ru;
2024-01-10;FEVICOL.ru;
2024-01-10;FEXPS.ru;
2024-01-10;FFTUMAN.ru;
2024-01-10;FILAV1953.ru;
2024-01-10;FILBOTS.ru;
2024-01-10;FILE-MAIL.ru;
2024-01-10;FILKOFFDESIGN.ru;
2024-01-10;FILZIK.ru;
2024-01-10;FINANCE-MAGIC.ru;
2024-01-10;FINANCEMAGIC.ru;
2024-01-10;FINANCIAL-ASSISTANCE.ru;
2024-01-10;FINANSEONLI.ru;
2024-01-10;FINIUCH.ru;
2024-01-10;FIOLAART.ru;
2024-01-10;FIRSIGHT.ru;
2024-01-10;FIRSTEXPERTBUH.ru;
2024-01-10;FISHMARKET-DN.ru;
2024-01-10;FISHSEAFOODS.ru;
2024-01-10;FITFASHION4LESS.ru;
2024-01-10;FITOKAFE.ru;
2024-01-10;FIX5.ru;
2024-01-10;FKGRAND.ru;
2024-01-10;FLARROWFILMS.ru;
2024-01-10;FLASH-MOTO.ru;
2024-01-10;FLAT2B.ru;
2024-01-10;FLEURPAY.ru;
2024-01-10;FLIGOVA.ru;
2024-01-10;FLMTEAM.ru;
2024-01-10;FLOWDEFRANCE.ru;
2024-01-10;FLOWER-ROSTOV.ru;
2024-01-10;FLOWERS-LUXE.ru;
2024-01-10;FLOWERSALONNZ.ru;
2024-01-10;FLOWERSKY42.ru;
2024-01-10;FLOWJETECH.ru;
2024-01-10;FLYAWARE.ru;
2024-01-10;FLYSKY18.ru;
2024-01-10;FNFTMARKET.ru;
2024-01-10;FNFTS.ru;
2024-01-10;FNSPORTS.ru;
2024-01-10;FOCHENKOVA.ru;
2024-01-10;FOCUSAESTHETICS.ru;
2024-01-10;FOLOVLOL.ru;
2024-01-10;FON-RICHTER.ru;
2024-01-10;FOND2020.ru;
2024-01-10;FOOD-WAVES.ru;
2024-01-10;FOODELIVER.ru;
2024-01-10;FOODIESTYLE5.ru;
2024-01-10;FORAI.ru;
2024-01-10;FORAUTOSERVICE.ru;
2024-01-10;FORBUSINES.ru;
2024-01-10;FORDIM-SPEAKING-CLUBS.ru;
2024-01-10;FOREIGNSTEAM.ru;
2024-01-10;FOREVERCARDS.ru;
2024-01-10;FORFEEDBACK.ru;
2024-01-10;FORLITTLETEST.ru;
2024-01-10;FORME-AROMA.ru;
2024-01-10;FORME-HOME.ru;
2024-01-10;FORMEAROMA.ru;
2024-01-10;FORPAYDAYS.ru;
2024-01-10;FORTUNI.ru;
2024-01-10;FORUM-PEACERP.ru;
2024-01-10;FORUM-SIDOROV-VM.ru;
2024-01-10;FORUMTURIST.ru;
2024-01-10;FOTO68.ru;
2024-01-10;FOTOUFA.ru;
2024-01-10;FOXBIKE.ru;
2024-01-10;FOXNEO.ru;
2024-01-10;FR-RU.ru;
2024-01-10;FR-RUS.ru;
2024-01-10;FR-RUSSIA.ru;
2024-01-10;FR-SHOP.ru;
2024-01-10;FRADAR.ru;
2024-01-10;FRAMETECHSP.ru;
2024-01-10;FRANC161.ru;
2024-01-10;FRANCAISONLINE.ru;
2024-01-10;FRC-MEDIA.ru;
2024-01-10;FREE-1WIN-APK.ru;
2024-01-10;FREE-APK-1WIN.ru;
2024-01-10;FREE-APK-PINUP.ru;
2024-01-10;FREE-PINUP-APK.ru;
2024-01-10;FREEGAMEPAY.ru;
2024-01-10;FREIDNAVOLGE.ru;
2024-01-10;FRESH-CASINO-POMOGAEM2.ru;
2024-01-10;FRESHAUTO-MOSKVICH.ru;
2024-01-10;FRESHCASINO-BBY3.ru;
2024-01-10;FRESHCASINO-FINOIL6.ru;
2024-01-10;FRESHCASINO-FINOIL7.ru;
2024-01-10;FRESHCASINO-GROTECH.ru;
2024-01-10;FRESHCASINO-GROTECH1.ru;
2024-01-10;FRESHCASINO-LIVE5.ru;
2024-01-10;FRESHCASINO-NP3.ru;
2024-01-10;FRESHCASINO-OPR8.ru;
2024-01-10;FRESHCASINO-SK3.ru;
2024-01-10;FRESHCASINO-SLOTS.ru;
2024-01-10;FRESHCASINO-TOD8.ru;
2024-01-10;FRESHCASINO-VZL7.ru;
2024-01-10;FRESHCASINO-WG11.ru;
2024-01-10;FRESHCASINOEVAK18.ru;
2024-01-10;FRESHCASINOZTOP4.ru;
2024-01-10;FRESHNEWSDAYS24.ru;
2024-01-10;FRIMAIL.ru;
2024-01-10;FROJERPROMO.ru;
2024-01-10;FROM-5.ru;
2024-01-10;FROM5.ru;
2024-01-10;FRONEZIS.ru;
2024-01-10;FSCRUS.ru;
2024-01-10;FSDOMODEDOVO.ru;
2024-01-10;FUALUMNI.ru;
2024-01-10;FUELROBOTICS4.ru;
2024-01-10;FULFILLMART.ru;
2024-01-10;FULLPRIZE.ru;
2024-01-10;FUNDAMENTALNOE42.ru;
2024-01-10;FURAGI.ru;
2024-01-10;FURLONGMOVIE.ru;
2024-01-10;FURRYOWO.ru;
2024-01-10;FURUN.ru;
2024-01-10;FUTURE-CASSA.ru;
2024-01-10;FUTURE-KINO.ru;
2024-01-10;FUTURE-STANDUP.ru;
2024-01-10;FUTURE-THEATRE.ru;
2024-01-10;FUTURETECHWEAR2.ru;
2024-01-10;FUTURISTIC4KIDS.ru;
2024-01-10;FZPY.ru;
2024-01-10;G-MEDITATION.ru;
2024-01-10;G-RAD.ru;
2024-01-10;GAARN.ru;
2024-01-10;GADALKA-LANA.ru;
2024-01-10;GADATJ.ru;
2024-01-10;GADATJONLINE.ru;
2024-01-10;GAERGAERGERTH.ru;
2024-01-10;GALAD2017-TOP.ru;
2024-01-10;GALATEYA34.ru;
2024-01-10;GAMA-CASINO-AMP5.ru;
2024-01-10;GAMBLE-CASINOX1.ru;
2024-01-10;GAME-AVIATOR-1WIN.ru;
2024-01-10;GAME-AVIATOR-1XBET.ru;
2024-01-10;GAME-AVIATOR-MOSTBET.ru;
2024-01-10;GAME-AVIATOR-OLIMP.ru;
2024-01-10;GAME-AVIATOR-PINUP.ru;
2024-01-10;GAMEPOLE.ru;
2024-01-10;GAMERKEYS.ru;
2024-01-10;GAMMADOORS.ru;
2024-01-10;GARAGEGASTROPUB.ru;
2024-01-10;GARANTKRSK.ru;
2024-01-10;GARDENGLAMADS.ru;
2024-01-10;GARDENPATROL.ru;
2024-01-10;GARENAFREE.ru;
2024-01-10;GARRI-POTTER-LORDFILMS.ru;
2024-01-10;GARRIWHITE.ru;
2024-01-10;GARTZ.ru;
2024-01-10;GARUSOFF.ru;
2024-01-10;GASPARTY.ru;
2024-01-10;GASTROJENTEROLOG.ru;
2024-01-10;GASTROTURIZM-PO-PRIMORSKI.ru;
2024-01-10;GASTROTURIZM-PO-PRIMORSKY.ru;
2024-01-10;GAVEYOURVOTEBLE.ru;
2024-01-10;GAZ-TORMOZ.ru;
2024-01-10;GAZETA-OKNA.ru;
2024-01-10;GAZIK-82.ru;
2024-01-10;GAZMAGNAT.ru;
2024-01-10;GAZPROMDEBET.ru;
2024-01-10;GAZTEBE.ru;
2024-01-10;GB4SPB.ru;
2024-01-10;GCASPECTRA.ru;
2024-01-10;GDDLESTHERMO.ru;
2024-01-10;GDVVRN.ru;
2024-01-10;GEELY-BRYANSK.ru;
2024-01-10;GEELY-EK-3.ru;
2024-01-10;GEENEVO.ru;
2024-01-10;GEHMAN.ru;
2024-01-10;GELENPARTY.ru;
2024-01-10;GELEOTOR.ru;
2024-01-10;GELESH.ru;
2024-01-10;GENERALSUPPLIER.ru;
2024-01-10;GENERATORING.ru;
2024-01-10;GENESIS-DESIGN.ru;
2024-01-10;GENKRAS.ru;
2024-01-10;GEOGRSHOW.ru;
2024-01-10;GEOKAD-PMK.ru;
2024-01-10;GEOTAG-SHOP.ru;
2024-01-10;GERBALSTAR.ru;
2024-01-10;GERMAN-KITCHENS.ru;
2024-01-10;GERMANW.ru;
2024-01-10;GET-COMFORT.ru;
2024-01-10;GET-PARTNERS.ru;
2024-01-10;GET-STAT.ru;
2024-01-10;GETGRASS.ru;
2024-01-10;GETMESH.ru;
2024-01-10;GETT-OIL.ru;
2024-01-10;GETT-RUSSIA.ru;
2024-01-10;GETTOIL.ru;
2024-01-10;GETTRUSSIA.ru;
2024-01-10;GFEDOROVA.ru;
2024-01-10;GGERYCH.ru;
2024-01-10;GGIDRONN.ru;
2024-01-10;GGOLOVANOV.ru;
2024-01-10;GHOST1974.ru;
2024-01-10;GIDLINES.ru;
2024-01-10;GIDRAVLICHESKOE-MASLO.ru;
2024-01-10;GIDROSTROIARENA.ru;
2024-01-10;GIFFTER.ru;
2024-01-10;GINERA.ru;
2024-01-10;GISEEN.ru;
2024-01-10;GJULIJA.ru;
2024-01-10;GKARNEEV.ru;
2024-01-10;GKART38.ru;
2024-01-10;GKIREEVA.ru;
2024-01-10;GKRG.ru;
2024-01-10;GKURCHENKO.ru;
2024-01-10;GLAZURSTUDIO.ru;
2024-01-10;GLOBALGLAM8.ru;
2024-01-10;GLORY-MOSCOW.ru;
2024-01-10;GLORY-MOSCOW24.ru;
2024-01-10;GMAIOROVA.ru;
2024-01-10;GMARKELOV.ru;
2024-01-10;GMICCC.ru;
2024-01-10;GNEVELITS.ru;
2024-01-10;GO-26.ru;
2024-01-10;GO-27.ru;
2024-01-10;GO-28.ru;
2024-01-10;GO-29.ru;
2024-01-10;GO-30.ru;
2024-01-10;GO-31.ru;
2024-01-10;GO100EGE.ru;
2024-01-10;GODENDAG.ru;
2024-01-10;GODSOFLAVA.ru;
2024-01-10;GODWEB.ru;
2024-01-10;GOLDEN-STEPS.ru;
2024-01-10;GOLFSTOCK.ru;
2024-01-10;GOLLIN.ru;
2024-01-10;GOLODNYE-IGRY-LORDFILMS.ru;
2024-01-10;GOLOS-TALANT.ru;
2024-01-10;GOO-DOG.ru;
2024-01-10;GOOD-GORKASUIT.ru;
2024-01-10;GOOD-LAZYROVEN.ru;
2024-01-10;GOOD-LEGGING.ru;
2024-01-10;GOODBALKON.ru;
2024-01-10;GOODWIN-CASINO.ru;
2024-01-10;GORBIN.ru;
2024-01-10;GORDEM.ru;
2024-01-10;GORIDOTLAPHOTO.ru;
2024-01-10;GORILLABYBASTAKRD.ru;
2024-01-10;GORILLABYBASTAMSK.ru;
2024-01-10;GOROBETSSP.ru;
2024-01-10;GORODPOST.ru;
2024-01-10;GORODZNAET.ru;
2024-01-10;GOST-PROEKTY.ru;
2024-01-10;GOSUDARSKIY.ru;
2024-01-10;GOT-YOUR-UNIVERSE-DANCE.ru;
2024-01-10;GOTHROWTHEBALLETIKS.ru;
2024-01-10;GOTYOURAUTORIZED.ru;
2024-01-10;GOURMETADTRENDS24.ru;
2024-01-10;GOV-45.ru;
2024-01-10;GPATSEV.ru;
2024-01-10;GPB-FORMATION.ru;
2024-01-10;GPIGP.ru;
2024-01-10;GPT-BIZBOT.ru;
2024-01-10;GPTPICTURES.ru;
2024-01-10;GRABUSHEVA.ru;
2024-01-10;GRACE-PRO.ru;
2024-01-10;GRACEAPRO.ru;
2024-01-10;GRACEPRO.ru;
2024-01-10;GRAFAELLO.ru;
2024-01-10;GRAFAVTO.ru;
2024-01-10;GRANAT38.ru;
2024-01-10;GRAND-CASINO-GO.ru;
2024-01-10;GRAND-CASINO-MAIN.ru;
2024-01-10;GRAND-ONLINE-CASINO.ru;
2024-01-10;GRAND-PRIXPET.ru;
2024-01-10;GRANDONLINECASINO.ru;
2024-01-10;GRAPEIOS.ru;
2024-01-10;GRASSOPTTORG.ru;
2024-01-10;GRAVIREZ.ru;
2024-01-10;GRAZIERAGAZZISPB.ru;
2024-01-10;GRBEAR.ru;
2024-01-10;GRDSGN.ru;
2024-01-10;GREAT-ADS.ru;
2024-01-10;GREATWALL-IZMAILOVO.ru;
2024-01-10;GREELY.ru;
2024-01-10;GREENGLAMOUR9.ru;
2024-01-10;GRIGIOREST.ru;
2024-01-10;GRILL-KAMADO-GREEN.ru;
2024-01-10;GRINIKEA.ru;
2024-01-10;GROBITELI.ru;
2024-01-10;GROUP-CRYPTO.ru;
2024-01-10;GROWSELLER.ru;
2024-01-10;GROXIN.ru;
2024-01-10;GRREATCORPORATION.ru;
2024-01-10;GRUZ-NHK.ru;
2024-01-10;GRUZOPEREVOZKI-NOVOROSSIYSK.ru;
2024-01-10;GRZT.ru;
2024-01-10;GSHARD.ru;
2024-01-10;GSHCHERBAKOV.ru;
2024-01-10;GSIPRO.ru;
2024-01-10;GSM079.ru;
2024-01-10;GSSIM.ru;
2024-01-10;GTAACADEMY.ru;
2024-01-10;GTABL.ru;
2024-01-10;GTABLE.ru;
2024-01-10;GTU-ZIP.ru;
2024-01-10;GTXGAME.ru;
2024-01-10;GUBIN-1.ru;
2024-01-10;GUDOVSCHIKOV.ru;
2024-01-10;GUGKAEV.ru;
2024-01-10;GUITAR-IDOL.ru;
2024-01-10;GUITAR-TOLYATTI.ru;
2024-01-10;GUITARIDOL.ru;
2024-01-10;GULZ.ru;
2024-01-10;GUNS-STORE13.ru;
2024-01-10;GUZAREVICHMARY.ru;
2024-01-10;GVOZDESTOYANIE-SARATOV.ru;
2024-01-10;GWMC.ru;
2024-01-10;GYPSOFEEL.ru;
2024-01-10;H-O-L-O-P-2.ru;
2024-01-10;H-STR.ru;
2024-01-10;HA-HA-HA.ru;
2024-01-10;HAISCAN.ru;
2024-01-10;HALVA-4YOU.ru;
2024-01-10;HALVA-CREDIT-CARD.ru;
2024-01-10;HAMELEON2023.ru;
2024-01-10;HANDMADEFORDOLLS.ru;
2024-01-10;HANDS2HANDS.ru;
2024-01-10;HAPPYCLOTHING.ru;
2024-01-10;HAPPYFLASH.ru;
2024-01-10;HARATSPUBMSK.ru;
2024-01-10;HARD-DEVELOPER.ru;
2024-01-10;HARIN-1.ru;
2024-01-10;HARISMA71.ru;
2024-01-10;HARITIDI.ru;
2024-01-10;HARVEYMONICA.ru;
2024-01-10;HARVICLUBVYBORG.ru;
2024-01-10;HASHCORP.ru;
2024-01-10;HASTASKILLS.ru;
2024-01-10;HATE1899.ru;
2024-01-10;HAYFILM.ru;
2024-01-10;HB7.ru;
2024-01-10;HDAGENCY.ru;
2024-01-10;HEADLAMPSTORE.ru;
2024-01-10;HEALTHSTYLEADS9.ru;
2024-01-10;HEAVYLUXE.ru;
2024-01-10;HEDONISTNOSE.ru;
2024-01-10;HELEN-HOTEL-SPB.ru;
2024-01-10;HELL-PROJECT.ru;
2024-01-10;HELLNEP.ru;
2024-01-10;HELP-PENSIA.ru;
2024-01-10;HELPACADEMYCHELPACHENKO.ru;
2024-01-10;HELPER39.ru;
2024-01-10;HEMINGWAYREST.ru;
2024-01-10;HENDYGRIEF.ru;
2024-01-10;HETERO-FARM.ru;
2024-01-10;HHENS.ru;
2024-01-10;HIGHER-AURA.ru;
2024-01-10;HIGHTLIGHT.ru;
2024-01-10;HIMOPTT.ru;
2024-01-10;HISTORICHAUTE1.ru;
2024-01-10;HISTORY-ART.ru;
2024-01-10;HIT-TEXTIL.ru;
2024-01-10;HITAPI.ru;
2024-01-10;HKM42.ru;
2024-01-10;HO-L-O-P.ru;
2024-01-10;HOCHU-UCHITSYA.ru;
2024-01-10;HOGWARTZ.ru;
2024-01-10;HOLD-3498.ru;
2024-01-10;HOLIDAEYNG.ru;
2024-01-10;HOLISTICELENA.ru;
2024-01-10;HOLLAMEDIA.ru;
2024-01-10;HOLLOP-22024-RU.ru;
2024-01-10;HOLLOP22024-RU.ru;
2024-01-10;HOLLOPAS2-RU.ru;
2024-01-10;HOLLOPER2-RU.ru;
2024-01-10;HOLOD-I-STIRKA-REMONT.ru;
2024-01-10;HOLOP220243.ru;
2024-01-10;HOLOP24.ru;
2024-01-10;HOLOPP22024.ru;
2024-01-10;HOME-KOSYKH.ru;
2024-01-10;HOME-MEDBLOG.ru;
2024-01-10;HOME-PC-SERVICE.ru;
2024-01-10;HOME-TECHSERV.ru;
2024-01-10;HOMETOPIA.ru;
2024-01-10;HONEYBUCKET.ru;
2024-01-10;HOSTIHOST.ru;
2024-01-10;HOSTINGI-PRO.ru;
2024-01-10;HOT-NIGHTS.ru;
2024-01-10;HOT-RABBIT.ru;
2024-01-10;HOTEL-IZMAILOVOALFA.ru;
2024-01-10;HOTEL-OSKAR-SIMFEROPOL.ru;
2024-01-10;HOTEL-ULANSKAYA.ru;
2024-01-10;HOTEL-VK-GRAND.ru;
2024-01-10;HOTEL-VK-ROYAL.ru;
2024-01-10;HOTELZEMCHUZINA.ru;
2024-01-10;HOTLINEINFO.ru;
2024-01-10;HOVANSKAJA.ru;
2024-01-10;HOVOINK.ru;
2024-01-10;HOWARD-BOT.ru;
2024-01-10;HR-01.ru;
2024-01-10;HRBIGG.ru;
2024-01-10;HROMESA.ru;
2024-01-10;HRONIKI-NARNII-LORDFILMS.ru;
2024-01-10;HSARGSYAN.ru;
2024-01-10;HTMLSTART.ru;
2024-01-10;HUBFORCAR.ru;
2024-01-10;HUCKBOT.ru;
2024-01-10;HUDEEMOSOZNANNO.ru;
2024-01-10;HUFFLE.ru;
2024-01-10;HUMMER-IZMAILOVO.ru;
2024-01-10;HUNTERTEAM-FACEIT.ru;
2024-01-10;HUTORSKOJ.ru;
2024-01-10;HZKAK.ru;
2024-01-10;IARRA.ru;
2024-01-10;IASAM.ru;
2024-01-10;IBONDAR-WORK.ru;
2024-01-10;IBRAGIMOVA-AR.ru;
2024-01-10;ICARUSDU.ru;
2024-01-10;ICEHOUSECUBE.ru;
2024-01-10;ICHATOV.ru;
2024-01-10;ICITY62.ru;
2024-01-10;ICOSMETOLOG.ru;
2024-01-10;ID-LOGIN.ru;
2024-01-10;ID-MALL.ru;
2024-01-10;ID-VDS.ru;
2024-01-10;ID01856.ru;
2024-01-10;ID01998.ru;
2024-01-10;ID03932.ru;
2024-01-10;ID06382.ru;
2024-01-10;ID06384.ru;
2024-01-10;ID13251.ru;
2024-01-10;ID15025.ru;
2024-01-10;ID184527.ru;
2024-01-10;ID2145.ru;
2024-01-10;ID2147.ru;
2024-01-10;ID21477.ru;
2024-01-10;ID294556.ru;
2024-01-10;ID362.ru;
2024-01-10;ID394712.ru;
2024-01-10;ID56038.ru;
2024-01-10;ID56061.ru;
2024-01-10;ID58089.ru;
2024-01-10;ID58090.ru;
2024-01-10;ID748296.ru;
2024-01-10;ID76791.ru;
2024-01-10;ID7855.ru;
2024-01-10;ID83833.ru;
2024-01-10;ID844826.ru;
2024-01-10;ID89392.ru;
2024-01-10;ID9492-PAY.ru;
2024-01-10;IDEA-SELL.ru;
2024-01-10;IDEALIZM-PLAST.ru;
2024-01-10;IDELIA-TATAR.ru;
2024-01-10;IDESIGNU.ru;
2024-01-10;IFANA.ru;
2024-01-10;IGINOVA.ru;
2024-01-10;IGORGORBUNOV.ru;
2024-01-10;IGORGROMOV.ru;
2024-01-10;IGORLYCHEV.ru;
2024-01-10;IGORNVIGOR.ru;
2024-01-10;IGORSPITSYN.ru;
2024-01-10;IGORSTPNV.ru;
2024-01-10;IGRAPASTUKH.ru;
2024-01-10;IGRAT-STAKE.ru;
2024-01-10;IGRX.ru;
2024-01-10;IHIL.ru;
2024-01-10;IINESSA.ru;
2024-01-10;IKHROMOV.ru;
2024-01-10;IKINGREAL.ru;
2024-01-10;IKOKOVKIN.ru;
2024-01-10;ILDARZAGIDULLIN.ru;
2024-01-10;ILEYBA.ru;
2024-01-10;ILINAE.ru;
2024-01-10;ILIYAANDLUBOV.ru;
2024-01-10;ILJAHUA.ru;
2024-01-10;ILJAKONONENKO.ru;
2024-01-10;ILNAZ-7.ru;
2024-01-10;ILYAKOVLEV.ru;
2024-01-10;IMAGINATION-PLAYGROUND.ru;
2024-01-10;IMBOTS.ru;
2024-01-10;IMEX-LOG.ru;
2024-01-10;IMMERSIVEPLUS.ru;
2024-01-10;IMPERIONI.ru;
2024-01-10;IMPLANT-DENT-VORONEZH.ru;
2024-01-10;IMPLANT-ICEBERG.ru;
2024-01-10;IMPLANT-MUROM.ru;
2024-01-10;IMPROVETECH.ru;
2024-01-10;IMPULSE-CLOUD.ru;
2024-01-10;IMUSATOV.ru;
2024-01-10;IN-VAM.ru;
2024-01-10;INATAIVANOVA.ru;
2024-01-10;INCREDIMAIL.ru;
2024-01-10;INCRYPTOS.ru;
2024-01-10;INDIALINK.ru;
2024-01-10;INDIANAJONESANDTHEGREATCIRCLE.ru;
2024-01-10;INDIATRADELINK.ru;
2024-01-10;INDIVIDUALKI-SARANSK.ru;
2024-01-10;INDUSTRIAL-PROM.ru;
2024-01-10;INFERNSO.ru;
2024-01-10;INFLUENCERLAB.ru;
2024-01-10;INFO-DOWN.ru;
2024-01-10;INFO-TRADEDUO.ru;
2024-01-10;INFOGV.ru;
2024-01-10;INFOMASTER-INF.ru;
2024-01-10;INFOMED-NSK.ru;
2024-01-10;INFORM-TIPOTVET.ru;
2024-01-10;INFOSOVKUSOM23.ru;
2024-01-10;INFOYOULA.ru;
2024-01-10;INGLOTTEAM.ru;
2024-01-10;INNTECHSOL.ru;
2024-01-10;INSPIRE2YOURDANCE.ru;
2024-01-10;INSPIRECNC.ru;
2024-01-10;INSTABIZCONF.ru;
2024-01-10;INSTERAVTO.ru;
2024-01-10;INSTRUMENTLAR.ru;
2024-01-10;INT1000464.ru;
2024-01-10;INTAMED-CLINIC.ru;
2024-01-10;INTASTY.ru;
2024-01-10;INTELECTIO.ru;
2024-01-10;INTERACTIVE-MOTHER.ru;
2024-01-10;INTERLAVKA56.ru;
2024-01-10;INTERPRACTICE.ru;
2024-01-10;INTERVED.ru;
2024-01-10;INTIM-CHEREPOVETC.ru;
2024-01-10;INTIM-CHITA.ru;
2024-01-10;INTIM-MAGNITOGORSK.ru;
2024-01-10;INTIM-SARANSK.ru;
2024-01-10;INTIM-ULAN-UDE.ru;
2024-01-10;INTIM-VOLOGDA.ru;
2024-01-10;INTONACIA-JK.ru;
2024-01-10;INVA26.ru;
2024-01-10;INVAM.ru;
2024-01-10;INVAPRISTAVKA.ru;
2024-01-10;INVEST-INTERIOR.ru;
2024-01-10;INVEST-KVARTIRI.ru;
2024-01-10;INVESTLEGKO.ru;
2024-01-10;INVESTSTATE.ru;
2024-01-10;INVOICESPRO.ru;
2024-01-10;INVSBR-INFO24.ru;
2024-01-10;INYAN-HOTEL.ru;
2024-01-10;IONIK27.ru;
2024-01-10;IOZHH.ru;
2024-01-10;IPH-CRM.ru;
2024-01-10;IPJEN.ru;
2024-01-10;IPROBUY.ru;
2024-01-10;IPTV5000.ru;
2024-01-10;IRENE-STYLIST.ru;
2024-01-10;IRINA-EDW-BELOVA.ru;
2024-01-10;IRINA-MELNIK.ru;
2024-01-10;IRK-IOPND.ru;
2024-01-10;IRKSIB38.ru;
2024-01-10;IRMACADEMY.ru;
2024-01-10;ISAEVSKIY-PITOMNIK.ru;
2024-01-10;ISEKAIKO.ru;
2024-01-10;ISENR.ru;
2024-01-10;ISETCHENKO.ru;
2024-01-10;ISHTANKO.ru;
2024-01-10;ISKRA-KRASNOGORSK.ru;
2024-01-10;ISKRA-SPACE.ru;
2024-01-10;ISKUSSTVENNII-INTELLEKT-KURSI.ru;
2024-01-10;ISNIGUR.ru;
2024-01-10;ISTA-YAKUBOVSKAYA.ru;
2024-01-10;ISTEHNA.ru;
2024-01-10;ISTNA.ru;
2024-01-10;ISYNDICATE.ru;
2024-01-10;IT-MELNIKOV.ru;
2024-01-10;IT-NEUROSMART.ru;
2024-01-10;ITCADEMY.ru;
2024-01-10;ITEMES.ru;
2024-01-10;ITHELP-RND.ru;
2024-01-10;ITOMEGA.ru;
2024-01-10;ITPENTEST.ru;
2024-01-10;ITSALEKSEI.ru;
2024-01-10;IVAN209600321080.ru;
2024-01-10;IVANES47.ru;
2024-01-10;IVANMARE.ru;
2024-01-10;IVANOVOTRAVEL.ru;
2024-01-10;IVASHOVAART.ru;
2024-01-10;IVKUSHNER.ru;
2024-01-10;IVLEEVAVASHBILET.ru;
2024-01-10;IVSAVCHUK.ru;
2024-01-10;IZMAILOVO-HOTELS-MOSCOW.ru;
2024-01-10;IZZICASINO-FO3.ru;
2024-01-10;IZZICASINO-KTF3.ru;
2024-01-10;IZZICASINO-LKM4.ru;
2024-01-10;IZZICOM.ru;
2024-01-10;JAC-YUG.ru;
2024-01-10;JACKICHAN.ru;
2024-01-10;JDA-OILKAMCHATKA.ru;
2024-01-10;JEDEW.ru;
2024-01-10;JELBER.ru;
2024-01-10;JET-CASINO-LICEE1.ru;
2024-01-10;JETCASINO-DOK21.ru;
2024-01-10;JINBU.ru;
2024-01-10;JIUTIAN-DRYER.ru;
2024-01-10;JOBCRPT.ru;
2024-01-10;JOBDZEN.ru;
2024-01-10;JOBTEM8.ru;
2024-01-10;JOGUJIN.ru;
2024-01-10;JOHNTBOOKS.ru;
2024-01-10;JOIN-CO.ru;
2024-01-10;JOKYA-1.ru;
2024-01-10;JONSKILL.ru;
2024-01-10;JOURNAL-FASHION.ru;
2024-01-10;JOURNAL-MARKETING.ru;
2024-01-10;JOURNALBEAT.ru;
2024-01-10;JOURNEYS-JOURNAL.ru;
2024-01-10;JOYCASINO-DSA.ru;
2024-01-10;JOYCASINO-IGROVOY.ru;
2024-01-10;JOYCASINO-OFICIALNIY-SITE.ru;
2024-01-10;JOYCASINO24RU9.ru;
2024-01-10;JOYCASINO6661.ru;
2024-01-10;JOYCASINO721.ru;
2024-01-10;JOYCASINO767.ru;
2024-01-10;JOYCASINO777-PLAY.ru;
2024-01-10;JOYCASINO777-ZERKALO2.ru;
2024-01-10;JOYCASINODELUXE.ru;
2024-01-10;JOYCASINOI.ru;
2024-01-10;JOYCASINOONLAIN.ru;
2024-01-10;JOYCASINOPREMIUM.ru;
2024-01-10;JOYCASINORIOBET.ru;
2024-01-10;JOYCASINOSITE8.ru;
2024-01-10;JUANCANTINAESPANOLA.ru;
2024-01-10;JUDO-ACADEMY.ru;
2024-01-10;JULAASMITH.ru;
2024-01-10;JULEVIN.ru;
2024-01-10;JULIA9031626893.ru;
2024-01-10;JULIEEEBURN.ru;
2024-01-10;JULIUSTIMOVA.ru;
2024-01-10;JUMASHEVA.ru;
2024-01-10;JUST-RUST-DEVBLOG.ru;
2024-01-10;JUSTATIKIN.ru;
2024-01-10;K18-STORE.ru;
2024-01-10;K22OOO.ru;
2024-01-10;K2ACADEMY.ru;
2024-01-10;K44M.ru;
2024-01-10;KABARDINA-LOGO.ru;
2024-01-10;KADASTRMAPS.ru;
2024-01-10;KAE-SHOP.ru;
2024-01-10;KAEM-TEXTILE.ru;
2024-01-10;KAFEVOSTOK.ru;
2024-01-10;KAIROSESTATE.ru;
2024-01-10;KAIROSPHUKET.ru;
2024-01-10;KAISERWURSTKGD.ru;
2024-01-10;KAIZEN-SKILLS.ru;
2024-01-10;KAKNOVYE.ru;
2024-01-10;KAKVZYATZAIM.ru;
2024-01-10;KALCHENKO-1.ru;
2024-01-10;KALEYSHCHKOV.ru;
2024-01-10;KALININGRAD-INTIM.ru;
2024-01-10;KALININGRADGID24.ru;
2024-01-10;KALYANIS.ru;
2024-01-10;KAMAZ-AUTOIMPORT.ru;
2024-01-10;KAMERTON-MUSIC.ru;
2024-01-10;KANDINSKYARTBAR.ru;
2024-01-10;KAPLENKOSTUDIO.ru;
2024-01-10;KAR-MOTORS.ru;
2024-01-10;KARAT-MONOLIT22.ru;
2024-01-10;KARELIA-BANI.ru;
2024-01-10;KARINA-ROMANCHUK.ru;
2024-01-10;KARPOWA4V.ru;
2024-01-10;KART-66.ru;
2024-01-10;KARTANARUKI.ru;
2024-01-10;KARTINIA.ru;
2024-01-10;KARTOCHKACHE.ru;
2024-01-10;KARTY-NE-VRUT.ru;
2024-01-10;KASHNIKOV-1.ru;
2024-01-10;KASSIDA911-DESIGN.ru;
2024-01-10;KAT-ENERGY122.ru;
2024-01-10;KAT-ENERGY86.ru;
2024-01-10;KATALIZATOR38.ru;
2024-01-10;KATEHUNTER.ru;
2024-01-10;KATENKAR.ru;
2024-01-10;KATOK-SEMYA.ru;
2024-01-10;KATTYART-TULA.ru;
2024-01-10;KATYABONTEN.ru;
2024-01-10;KAZANEMBROIDERYSCHOOL.ru;
2024-01-10;KAZINO-CASINOX222.ru;
2024-01-10;KAZMINA454.ru;
2024-01-10;KBDENGI.ru;
2024-01-10;KBEGALIEVA.ru;
2024-01-10;KBS-1.ru;
2024-01-10;KDK-LUH.ru;
2024-01-10;KDYKANOV.ru;
2024-01-10;KEDR-BOCHKA.ru;
2024-01-10;KEEPHOUSE23.ru;
2024-01-10;KEGORKIN.ru;
2024-01-10;KEISERFITNES.ru;
2024-01-10;KEM-SPORT.ru;
2024-01-10;KENTATUR.ru;
2024-01-10;KENZHIN.ru;
2024-01-10;KEY-SET.ru;
2024-01-10;KEYTEQ.ru;
2024-01-10;KGK-GLAVBUH-PLYUS.ru;
2024-01-10;KGRAM.ru;
2024-01-10;KGUDINI.ru;
2024-01-10;KHAUSTEAM.ru;
2024-01-10;KHOLLO.ru;
2024-01-10;KHRISTOPHOROV.ru;
2024-01-10;KIDDY2DANCECOPMETITION.ru;
2024-01-10;KIDSFASHIONFUN4.ru;
2024-01-10;KIELLESHAIA.ru;
2024-01-10;KILICOGLU.ru;
2024-01-10;KINGREALM.ru;
2024-01-10;KINGREALMACHINERY.ru;
2024-01-10;KINGSONS-JK.ru;
2024-01-10;KINJUSHINA.ru;
2024-01-10;KINO649.ru;
2024-01-10;KINOHOL.ru;
2024-01-10;KIR142.ru;
2024-01-10;KIRAASTAF.ru;
2024-01-10;KIRICHOK.ru;
2024-01-10;KIRILLPLOTNIKOV.ru;
2024-01-10;KIRISHIKHLEB.ru;
2024-01-10;KIRNOSENKOYARIK.ru;
2024-01-10;KIRSWORKSHOP.ru;
2024-01-10;KIRTANSCHOOL.ru;
2024-01-10;KIRYOUHA.ru;
2024-01-10;KIS37.ru;
2024-01-10;KITAISKIIPOKER.ru;
2024-01-10;KITAYSKIEAVTO.ru;
2024-01-10;KITAYSKIEAVTOMOBILI.ru;
2024-01-10;KITCHEN-MSK.ru;
2024-01-10;KIV2701.ru;
2024-01-10;KIVAHACK.ru;
2024-01-10;KLEME.ru;
2024-01-10;KLEVA-CRIMEA.ru;
2024-01-10;KLEVER-STV.ru;
2024-01-10;KLEVERMIS.ru;
2024-01-10;KLEVOEMESTOANAPA.ru;
2024-01-10;KLIFFERDAUNF.ru;
2024-01-10;KLIMOVU.ru;
2024-01-10;KLM1.ru;
2024-01-10;KLMSV.ru;
2024-01-10;KLUB-SERVICE.ru;
2024-01-10;KLUBSERVICE.ru;
2024-01-10;KM-UR.ru;
2024-01-10;KMVBESTRANSFER.ru;
2024-01-10;KMW-INFO.ru;
2024-01-10;KNIZHNIKM.ru;
2024-01-10;KOBRA-DTK.ru;
2024-01-10;KOCHETOVRIELT.ru;
2024-01-10;KODUCARS.ru;
2024-01-10;KOFFTOCHKI.ru;
2024-01-10;KOFINK.ru;
2024-01-10;KOI-PRUD-COLOCASIA.ru;
2024-01-10;KOKODJAM.ru;
2024-01-10;KOLESNIKOV6262.ru;
2024-01-10;KOLMARTUR.ru;
2024-01-10;KOLOBOKFAV.ru;
2024-01-10;KOLOBOKTORG.ru;
2024-01-10;KOLTUSHIEVENTS.ru;
2024-01-10;KOMA143.ru;
2024-01-10;KOMFORT-SECURITY.ru;
2024-01-10;KOMISSARIKHIN.ru;
2024-01-10;KOMPLEKTFILTROV.ru;
2024-01-10;KON111.ru;
2024-01-10;KONCEPT-PLUS.ru;
2024-01-10;KONCHAKOV-PRO.ru;
2024-01-10;KONDITER-CUM.ru;
2024-01-10;KONDRASHEV-MASTER.ru;
2024-01-10;KONDRPACH.ru;
2024-01-10;KONINALYUBOV.ru;
2024-01-10;KONKURSRURIS.ru;
2024-01-10;KONSTR1.ru;
2024-01-10;KONSULTANATSOCPRO.ru;
2024-01-10;KONSULTARIUM.ru;
2024-01-10;KONTEKST-REKLAMA.ru;
2024-01-10;KOPORUSHKINAV.ru;
2024-01-10;KOPTSOV.ru;
2024-01-10;KOREAGUIDE.ru;
2024-01-10;KORENSOV.ru;
2024-01-10;KOREYA-PROM.ru;
2024-01-10;KORIDORKA.ru;
2024-01-10;KOROLEVAA.ru;
2024-01-10;KOROLEVAMAK.ru;
2024-01-10;KOROVIN-PHOTO.ru;
2024-01-10;KOROVINA-WORK.ru;
2024-01-10;KOS812.ru;
2024-01-10;KOSHITOUR.ru;
2024-01-10;KOSMO-MED.ru;
2024-01-10;KOSSBRO.ru;
2024-01-10;KOST-1.ru;
2024-01-10;KOSTICK73.ru;
2024-01-10;KOTPARFUM.ru;
2024-01-10;KOVALKOVADI.ru;
2024-01-10;KOVRYSHANTARAM.ru;
2024-01-10;KOZLOVAJULIA.ru;
2024-01-10;KOZYRENKOOLGA.ru;
2024-01-10;KOZYREVA-3.ru;
2024-01-10;KPNKYRSUROSSIA.ru;
2024-01-10;KRAB4IK.ru;
2024-01-10;KRANSHTAT.ru;
2024-01-10;KRASDVER.ru;
2024-01-10;KRASNOBOKAYA.ru;
2024-01-10;KRASOTA-TEBE.ru;
2024-01-10;KRASPOGODA.ru;
2024-01-10;KREDIT-TIME.ru;
2024-01-10;KREPKAYALYUBOV.ru;
2024-01-10;KRIM-START.ru;
2024-01-10;KRISMAYR.ru;
2024-01-10;KRISTINA32HAIR.ru;
2024-01-10;KROMDITAL.ru;
2024-01-10;KRONSHTAT.ru;
2024-01-10;KROVLIA-MSK.ru;
2024-01-10;KRSMAIL.ru;
2024-01-10;KRUTYKH1.ru;
2024-01-10;KRYM-GRAD.ru;
2024-01-10;KS8A.ru;
2024-01-10;KSAMBRITSKAJA.ru;
2024-01-10;KSHEF.ru;
2024-01-10;KSU-EAGLE.ru;
2024-01-10;KTRUBNIKOV.ru;
2024-01-10;KUBAN-NET.ru;
2024-01-10;KUDESIGNER.ru;
2024-01-10;KUDINOVIVAN.ru;
2024-01-10;KUHNI-DEDAL.ru;
2024-01-10;KUHNISTANDART.ru;
2024-01-10;KULICHOMLET.ru;
2024-01-10;KUPE-GARDEROB.ru;
2024-01-10;KUPI-STANKI.ru;
2024-01-10;KUPIBUSSINES.ru;
2024-01-10;KUPIM-PLASTINKI.ru;
2024-01-10;KUPIT-GITARU.ru;
2024-01-10;KURANOV-REHAB.ru;
2024-01-10;KURIE7246.ru;
2024-01-10;KURIE7247.ru;
2024-01-10;KURIER7383.ru;
2024-01-10;KUROE-ICHI.ru;
2024-01-10;KURS-AM.ru;
2024-01-10;KURSY-OBUCHENIE-TARO.ru;
2024-01-10;KURSY-PO-MARKETPLEISAM.ru;
2024-01-10;KURSY-PO-MARKETPLEJSAM.ru;
2024-01-10;KURSY-PO-MARKETPLEYSAM.ru;
2024-01-10;KURTAINS.ru;
2024-01-10;KUSHNEROVA3DVIZ.ru;
2024-01-10;KUSSHAI.ru;
2024-01-10;KUVALDON.ru;
2024-01-10;KUVERTS.ru;
2024-01-10;KUZINPARTNERS-VTVERI.ru;
2024-01-10;KUZSTUDIO.ru;
2024-01-10;KVARELI-VEDZA.ru;
2024-01-10;KVARTIRA-OT-ZASTROYSHIKA.ru;
2024-01-10;KVARTIRA1085.ru;
2024-01-10;KVB7.ru;
2024-01-10;KVNV86.ru;
2024-01-10;KWAKKERSPB.ru;
2024-01-10;KYASHKO.ru;
2024-01-10;KZFOTO.ru;
2024-01-10;KZLTOPRAK.ru;
2024-01-10;L2HOLLOWGAME.ru;
2024-01-10;L2LIVE.ru;
2024-01-10;LA-FAMILIA.ru;
2024-01-10;LADOBALALA.ru;
2024-01-10;LADY-ENERGY.ru;
2024-01-10;LADY-LI.ru;
2024-01-10;LADYDIAMONDS.ru;
2024-01-10;LAF29.ru;
2024-01-10;LAFLARTAE-DARYA.ru;
2024-01-10;LAGALLERIABAR.ru;
2024-01-10;LAGUTKINIT.ru;
2024-01-10;LAJZAN.ru;
2024-01-10;LAKSENOVA.ru;
2024-01-10;LAKTOSTAZ.ru;
2024-01-10;LAMELLY.ru;
2024-01-10;LANASTYL.ru;
2024-01-10;LAND-STREAMER.ru;
2024-01-10;LANDSCAPECHIC.ru;
2024-01-10;LANDSCAPINGDESIGN.ru;
2024-01-10;LANERP.ru;
2024-01-10;LAPKI-ZOO.ru;
2024-01-10;LAPRESULT.ru;
2024-01-10;LAPSRESULT.ru;
2024-01-10;LAPTOPHELP.ru;
2024-01-10;LAPUNALAPU.ru;
2024-01-10;LARCHIKTAROT.ru;
2024-01-10;LARIK50.ru;
2024-01-10;LARIN85.ru;
2024-01-10;LARINAIVANNAA.ru;
2024-01-10;LARISAART37-TOP.ru;
2024-01-10;LASERINFOBASE.ru;
2024-01-10;LASKINA-PRO.ru;
2024-01-10;LATOLIYA.ru;
2024-01-10;LATUNIUM.ru;
2024-01-10;LAVANDA-STUDIA.ru;
2024-01-10;LAVEFABERLIC.ru;
2024-01-10;LAVIREESHOP.ru;
2024-01-10;LAVKA-KNIGOLUBA.ru;
2024-01-10;LAVROV-WORK.ru;
2024-01-10;LAW-PENSIA.ru;
2024-01-10;LAWPENSIA.ru;
2024-01-10;LAWYER-LAV.ru;
2024-01-10;LAWYERS33.ru;
2024-01-10;LAZERCLEAN.ru;
2024-01-10;LAZERPRO36.ru;
2024-01-10;LD-PAY-209941.ru;
2024-01-10;LD-PAY-379099.ru;
2024-01-10;LD-PAY127099.ru;
2024-01-10;LD-PAY12941.ru;
2024-01-10;LD-PAY2148099.ru;
2024-01-10;LD-PAY290994.ru;
2024-01-10;LD-PAY381109.ru;
2024-01-10;LD-PAY4092112.ru;
2024-01-10;LD-PAY487288.ru;
2024-01-10;LD-PAY492882.ru;
2024-01-10;LD-PAY521872.ru;
2024-01-10;LD-PAY629112.ru;
2024-01-10;LD-PAY730993.ru;
2024-01-10;LD-PAY81232.ru;
2024-01-10;LD-PAY81234.ru;
2024-01-10;LDEMENTEVA.ru;
2024-01-10;LDVOSKIN.ru;
2024-01-10;LE-NEL.ru;
2024-01-10;LEADGERS.ru;
2024-01-10;LEAGUETRAVEL.ru;
2024-01-10;LECTURAL.ru;
2024-01-10;LEDIMAIL.ru;
2024-01-10;LEGACYCLO.ru;
2024-01-10;LEGALEDGE.ru;
2024-01-10;LEGENDS-CITY.ru;
2024-01-10;LEGNOARTE.ru;
2024-01-10;LEGZO-CASINO-COUPON.ru;
2024-01-10;LEGZO-CASINO-SPORT3.ru;
2024-01-10;LEGZO-CASINO-TECHNOL1.ru;
2024-01-10;LEGZOCASINO-PLAN3.ru;
2024-01-10;LEGZOCASINO-WGD.ru;
2024-01-10;LEGZOCAZINOWINSLOTS3.ru;
2024-01-10;LEITZ-TOOLS.ru;
2024-01-10;LENAMASLOVA-PRO.ru;
2024-01-10;LENEKOY.ru;
2024-01-10;LENINGRADSKIEPOMESTIYA.ru;
2024-01-10;LENTA-ALUMINIEVAI-MS.ru;
2024-01-10;LEOEA.ru;
2024-01-10;LERIKA51.ru;
2024-01-10;LES-PROMTORG.ru;
2024-01-10;LESA42.ru;
2024-01-10;LESTNICA70.ru;
2024-01-10;LESTNICY-NA-KOSOURE.ru;
2024-01-10;LETMISPIK.ru;
2024-01-10;LETTER-BOX.ru;
2024-01-10;LEVIN-70.ru;
2024-01-10;LGAKI.ru;
2024-01-10;LGENNADEVNA.ru;
2024-01-10;LGORBACHEVA.ru;
2024-01-10;LI-PH.ru;
2024-01-10;LIBERTY-JONES-POSUDA.ru;
2024-01-10;LIBNAZIVAEVSK.ru;
2024-01-10;LIDER-STRAHOVANIE.ru;
2024-01-10;LIDSKYY.ru;
2024-01-10;LIFE-PLAY1.ru;
2024-01-10;LIFESTYLE-APARTMENTS.ru;
2024-01-10;LIFTY-SPB.ru;
2024-01-10;LIGHTIDEASSTUDIO.ru;
2024-01-10;LIGHTT.ru;
2024-01-10;LIKAKPOPSHOP.ru;
2024-01-10;LIMBLAB.ru;
2024-01-10;LIMEEXPO.ru;
2024-01-10;LINEDOOR-KAZAN.ru;
2024-01-10;LINEVAFILM.ru;
2024-01-10;LINGLORY.ru;
2024-01-10;LINGUARD.ru;
2024-01-10;LINK-SLOTS.ru;
2024-01-10;LINKALEE.ru;
2024-01-10;LINKINDIA.ru;
2024-01-10;LINKMYINDIA.ru;
2024-01-10;LINKS-AVITO.ru;
2024-01-10;LINKTOINDIA.ru;
2024-01-10;LINOTRUB.ru;
2024-01-10;LINOZEMTSEVA.ru;
2024-01-10;LINUXSKILL.ru;
2024-01-10;LIPATOVA-7.ru;
2024-01-10;LISSKNS.ru;
2024-01-10;LISTENBOOK.ru;
2024-01-10;LITEMATICA.ru;
2024-01-10;LITOBIZ.ru;
2024-01-10;LITOCALM.ru;
2024-01-10;LITOFRISTY.ru;
2024-01-10;LITOKORT.ru;
2024-01-10;LITOMAXIMUS.ru;
2024-01-10;LITOSFERUM.ru;
2024-01-10;LITOZERK.ru;
2024-01-10;LITRASHIK.ru;
2024-01-10;LIUBOVCHIK.ru;
2024-01-10;LIVE-CARDS.ru;
2024-01-10;LIWIL.ru;
2024-01-10;LIZARDCT.ru;
2024-01-10;LIZINGOP.ru;
2024-01-10;LKARUB.ru;
2024-01-10;LKTILDA.ru;
2024-01-10;LKULAGINA.ru;
2024-01-10;LLIZZXX.ru;
2024-01-10;LMN-KOMITET.ru;
2024-01-10;LMONTHEFISHER.ru;
2024-01-10;LOBACHEVA-SEWING.ru;
2024-01-10;LOCALRESTLIFE.ru;
2024-01-10;LOCKERSOM.ru;
2024-01-10;LODES-VRN.ru;
2024-01-10;LODGE-SKOVORODA.ru;
2024-01-10;LOGICPED.ru;
2024-01-10;LOGINOVAAN.ru;
2024-01-10;LOGIONICA.ru;
2024-01-10;LOGIONIKA.ru;
2024-01-10;LOGISTICA-EXPRESS.ru;
2024-01-10;LOGISTIKA-EXPRESS.ru;
2024-01-10;LOGITRADING-SPB.ru;
2024-01-10;LOGOMAIL.ru;
2024-01-10;LOGOPEDLUCHINA.ru;
2024-01-10;LOGYOLOL.ru;
2024-01-10;LOMBARD-AUTO36.ru;
2024-01-10;LOMBLY.ru;
2024-01-10;LOMOFOM.ru;
2024-01-10;LONG-L.ru;
2024-01-10;LONGSLIVPRINT.ru;
2024-01-10;LORANAS.ru;
2024-01-10;LORD-OF-RINGS-LORDFILMS.ru;
2024-01-10;LORD-RINGS-LORDFILMS.ru;
2024-01-10;LORGANIUM.ru;
2024-01-10;LOSPEDALNYJ.ru;
2024-01-10;LOVEDUDKINA.ru;
2024-01-10;LOVEMETRICS.ru;
2024-01-10;LOVEOFELEGANCE.ru;
2024-01-10;LP-MAIL.ru;
2024-01-10;LP0908.ru;
2024-01-10;LRKCT.ru;
2024-01-10;LS-APARTMENTS.ru;
2024-01-10;LSTK365.ru;
2024-01-10;LSTOEVA.ru;
2024-01-10;LT-ART.ru;
2024-01-10;LTDZAVOD.ru;
2024-01-10;LUCAS777.ru;
2024-01-10;LUCHSHEZNAT.ru;
2024-01-10;LUCKY-CASINOX690.ru;
2024-01-10;LUDAPLUS.ru;
2024-01-10;LUDUSTEAM.ru;
2024-01-10;LUK-OPTOM.ru;
2024-01-10;LUNA-EX.ru;
2024-01-10;LUNINA7.ru;
2024-01-10;LUNODAR.ru;
2024-01-10;LUX-LUMEN.ru;
2024-01-10;LUXELIFTGEL.ru;
2024-01-10;LUXELIVING5ADS.ru;
2024-01-10;LUXNSK.ru;
2024-01-10;LUXSHIN.ru;
2024-01-10;LV-WEDDING.ru;
2024-01-10;LVJALYH.ru;
2024-01-10;LVM78.ru;
2024-01-10;LVXO.ru;
2024-01-10;LXYBAGUA.ru;
2024-01-10;LZHULANOVA.ru;
2024-01-10;M-AVIASALES.ru;
2024-01-10;M-LABORATORY.ru;
2024-01-10;M-SERV1CE.ru;
2024-01-10;M-UR.ru;
2024-01-10;M-VODKA-CASINO.ru;
2024-01-10;M-VODKABETCASINO.ru;
2024-01-10;M0RDER.ru;
2024-01-10;M19MARKOVA.ru;
2024-01-10;M1HALOVICH.ru;
2024-01-10;M3-GEELY-EK.ru;
2024-01-10;M4KAROVAV.ru;
2024-01-10;M4RDERO.ru;
2024-01-10;MA-UR.ru;
2024-01-10;MACHNEFF.ru;
2024-01-10;MADDIMAS.ru;
2024-01-10;MADEBYBEAR.ru;
2024-01-10;MADGUDVIN.ru;
2024-01-10;MADINAFOODS.ru;
2024-01-10;MADMENGYM.ru;
2024-01-10;MADOBEAUTY.ru;
2024-01-10;MAFIA-SNEAKERS.ru;
2024-01-10;MAFMAF.ru;
2024-01-10;MAG--PRIVOROT-LIFE.ru;
2024-01-10;MAG-PRIVOROT-LIFE.ru;
2024-01-10;MAG-PRIVOROTS-LIFE.ru;
2024-01-10;MAGAZIN-KARNIZOV.ru;
2024-01-10;MAGECOSMETICS.ru;
2024-01-10;MAGIC-BUFFET.ru;
2024-01-10;MAGIC-PRIVOROTS-LIFE.ru;
2024-01-10;MAGICAL-GARDEN.ru;
2024-01-10;MAGICAMBER.ru;
2024-01-10;MAGICIAN-FINAL.ru;
2024-01-10;MAGIMOBI.ru;
2024-01-10;MAGIYA-TS.ru;
2024-01-10;MAGNA-DOORS.ru;
2024-01-10;MAIDOL.ru;
2024-01-10;MAIL-CONNECTOR.ru;
2024-01-10;MAIL-MAILER-ACCOUNT.ru;
2024-01-10;MAIL200.ru;
2024-01-10;MAIL2FUTURE.ru;
2024-01-10;MAILFILES.ru;
2024-01-10;MAILGRABBER.ru;
2024-01-10;MAILGRAD.ru;
2024-01-10;MAILHOMECREDIT.ru;
2024-01-10;MAILKM.ru;
2024-01-10;MAILNNM.ru;
2024-01-10;MAILPART.ru;
2024-01-10;MAILTUX.ru;
2024-01-10;MAILWM.ru;
2024-01-10;MAISKY17.ru;
2024-01-10;MAJESTIK-HOTELS-ANAPA.ru;
2024-01-10;MAJOR-GEELY-PROMO.ru;
2024-01-10;MAJOR-NEWS.ru;
2024-01-10;MAJORDUAL.ru;
2024-01-10;MAJOREVEN.ru;
2024-01-10;MAJORHOOK.ru;
2024-01-10;MAJORLEST.ru;
2024-01-10;MAJORLIKE.ru;
2024-01-10;MAJORNICE.ru;
2024-01-10;MAJORPOOL.ru;
2024-01-10;MAJORUGLY.ru;
2024-01-10;MAJORWHAT.ru;
2024-01-10;MAJORWISE.ru;
2024-01-10;MAK-FLY.ru;
2024-01-10;MAKARONET.ru;
2024-01-10;MAKAROVMAC.ru;
2024-01-10;MAKEEVA-WORK.ru;
2024-01-10;MAKONIX.ru;
2024-01-10;MAKSIMBOLDYREV.ru;
2024-01-10;MAKSIMUM-MEAT.ru;
2024-01-10;MALENEFF.ru;
2024-01-10;MALLOWART.ru;
2024-01-10;MAMZE1.ru;
2024-01-10;MANGAZEYA-JK.ru;
2024-01-10;MANGERQU.ru;
2024-01-10;MANIKMANIA.ru;
2024-01-10;MANLIB.ru;
2024-01-10;MANYAPI.ru;
2024-01-10;MAR-MA-LADA.ru;
2024-01-10;MARAHCLINIC.ru;
2024-01-10;MARCHENKO3352.ru;
2024-01-10;MARCOPOLOTMN.ru;
2024-01-10;MARGELET.ru;
2024-01-10;MARGOZAY.ru;
2024-01-10;MARIAMARINES.ru;
2024-01-10;MARIAPETROVSKAYA.ru;
2024-01-10;MARIASUMERK.ru;
2024-01-10;MARIAUOKER.ru;
2024-01-10;MARILAB-VRN.ru;
2024-01-10;MARINA-BROVKO.ru;
2024-01-10;MARINASTARODUBTSEVA.ru;
2024-01-10;MARINATSVETKOVA.ru;
2024-01-10;MARINE-GRAND.ru;
2024-01-10;MARIOTRATTORIASPB.ru;
2024-01-10;MARISPIRIDONOVA.ru;
2024-01-10;MARKABRAMOV.ru;
2024-01-10;MARKET-CRYPTO.ru;
2024-01-10;MARKET-SEVASTOPOL.ru;
2024-01-10;MARKETINGMNOGOMEREN.ru;
2024-01-10;MARKETREKLAMA.ru;
2024-01-10;MARMALADA.ru;
2024-01-10;MAROHHA.ru;
2024-01-10;MARSEL-L.ru;
2024-01-10;MARTYNOVAPROPHOTO.ru;
2024-01-10;MARVID.ru;
2024-01-10;MARYANA-OSOKINA.ru;
2024-01-10;MARYKI2018.ru;
2024-01-10;MARYSHOV.ru;
2024-01-10;MASHANOTFREE.ru;
2024-01-10;MASHINGUN81.ru;
2024-01-10;MASTDILETANTOV.ru;
2024-01-10;MASTERA-BANY.ru;
2024-01-10;MASTERIA-FRANCH.ru;
2024-01-10;MASTERIMENI.ru;
2024-01-10;MASTERKARTINOKMASTER.ru;
2024-01-10;MASTERS-PHONE.ru;
2024-01-10;MASTERSKAYABL.ru;
2024-01-10;MASTFISH.ru;
2024-01-10;MASTMEAT.ru;
2024-01-10;MATEMATIKA-INFORMATIKA.ru;
2024-01-10;MATEVOSYANGURGEN.ru;
2024-01-10;MATGUSHCHIN.ru;
2024-01-10;MATHBESK.ru;
2024-01-10;MATRESHKA16.ru;
2024-01-10;MATVEEV-DOBRONOS.ru;
2024-01-10;MATVEEVAGRANTIK.ru;
2024-01-10;MATYUNINS-PARTNERS.ru;
2024-01-10;MAUCK.ru;
2024-01-10;MAVIVAM.ru;
2024-01-10;MAX-545.ru;
2024-01-10;MAX-GMA.ru;
2024-01-10;MAX00.ru;
2024-01-10;MAXBURIN.ru;
2024-01-10;MAXFABRIQUE.ru;
2024-01-10;MAXIMASTERS.ru;
2024-01-10;MAXSHILOV.ru;
2024-01-10;MAYA-CRM.ru;
2024-01-10;MB85.ru;
2024-01-10;MBALANCE.ru;
2024-01-10;MBALANCE-HOME.ru;
2024-01-10;MC-STAL.ru;
2024-01-10;MDAVYDOV.ru;
2024-01-10;MDMSAT-FORUM.ru;
2024-01-10;ME-TAL-SPB.ru;
2024-01-10;MEAT74UP.ru;
2024-01-10;MEB-ESTET.ru;
2024-01-10;MEBEL-LV.ru;
2024-01-10;MEBELKUHNIEKB-PRO.ru;
2024-01-10;MEBELMAXSIM.ru;
2024-01-10;MEBELTUN.ru;
2024-01-10;MECHTAPC.ru;
2024-01-10;MED-UN.ru;
2024-01-10;MEDCENTER39.ru;
2024-01-10;MEDELISTYLES.ru;
2024-01-10;MEDLEGALONLINE.ru;
2024-01-10;MEDSTANDART-MARKET.ru;
2024-01-10;MEDSTANDARTMARKET.ru;
2024-01-10;MEDTECH-CONSULT.ru;
2024-01-10;MEDVEDTEAM.ru;
2024-01-10;MEGA-BOSS.ru;
2024-01-10;MEGACOLLAGE.ru;
2024-01-10;MEGADJ.ru;
2024-01-10;MEGAMAILL.ru;
2024-01-10;MEKONGSPB.ru;
2024-01-10;MEKRATECH.ru;
2024-01-10;MELISTROY.ru;
2024-01-10;MELMAN-PRO.ru;
2024-01-10;MELN-E.ru;
2024-01-10;MELREVS.ru;
2024-01-10;MENENURGUUNA.ru;
2024-01-10;MENOFACT.ru;
2024-01-10;MENSID.ru;
2024-01-10;MERCHDISE.ru;
2024-01-10;MERIDIANSOLUTION.ru;
2024-01-10;MERS-NN.ru;
2024-01-10;MESHCHERYAKOVA.ru;
2024-01-10;MESHKI-POLIETILENOVIE-MS.ru;
2024-01-10;MESHKISZAVAZKAMI-MSK.ru;
2024-01-10;METAL-SLITTING.ru;
2024-01-10;METAL-TEHNIKA.ru;
2024-01-10;METALL-PRIEM-NOVOROSSIYSK.ru;
2024-01-10;METALL-PRIEM-SMOLENSK.ru;
2024-01-10;METALLPOSTAVKA71.ru;
2024-01-10;METALSLITTING.ru;
2024-01-10;METAMORFOZIGAME.ru;
2024-01-10;METAZOE.ru;
2024-01-10;METOD-LUNEVA.ru;
2024-01-10;METODLUNEVA.ru;
2024-01-10;METTK.ru;
2024-01-10;MGCBUILD.ru;
2024-01-10;MGKBNK.ru;
2024-01-10;MGMEB.ru;
2024-01-10;MGORKUNOV.ru;
2024-01-10;MIBUGAME.ru;
2024-01-10;MIBUGAME24.ru;
2024-01-10;MICHAELRICHI.ru;
2024-01-10;MICOMISTICISM.ru;
2024-01-10;MIK-MEB.ru;
2024-01-10;MIKHAIL-82.ru;
2024-01-10;MIKHAILSTRUNYASHEV.ru;
2024-01-10;MILAMOISIUK.ru;
2024-01-10;MILARSO-2.ru;
2024-01-10;MILASHECHNAYA.ru;
2024-01-10;MILLENIALKA.ru;
2024-01-10;MILWAUKE.ru;
2024-01-10;MIMINO29.ru;
2024-01-10;MINBESP.ru;
2024-01-10;MINBESPREDELA.ru;
2024-01-10;MINBP.ru;
2024-01-10;MINDPORTAL.ru;
2024-01-10;MINEBOTS.ru;
2024-01-10;MINECRAFT-CLUB.ru;
2024-01-10;MINELIBERTY.ru;
2024-01-10;MINEMSP.ru;
2024-01-10;MINFINKHERSON.ru;
2024-01-10;MINIPILA-GOOD.ru;
2024-01-10;MINOBLAST.ru;
2024-01-10;MINODROM.ru;
2024-01-10;MINOTRADE.ru;
2024-01-10;MIR-ORTO-SREDSTV.ru;
2024-01-10;MIR-STATE.ru;
2024-01-10;MIR-ZAP.ru;
2024-01-10;MIRKUHNI55.ru;
2024-01-10;MIROV82.ru;
2024-01-10;MIROV94.ru;
2024-01-10;MIRSAITOVA.ru;
2024-01-10;MISS72.ru;
2024-01-10;MISTOLOVO-PRK.ru;
2024-01-10;MIUAS.ru;
2024-01-10;MIVALLION.ru;
2024-01-10;MIX-PART.ru;
2024-01-10;MIXIFY.ru;
2024-01-10;MJ7.ru;
2024-01-10;MKIZMET.ru;
2024-01-10;MKMINECRAFT.ru;
2024-01-10;MKUDRIAVTSEV.ru;
2024-01-10;MLABORATORY.ru;
2024-01-10;MLATYNIN.ru;
2024-01-10;MLOPOTKOV.ru;
2024-01-10;MMAMIKONYAN.ru;
2024-01-10;MMORDASOV.ru;
2024-01-10;MMOTOV.ru;
2024-01-10;MNENIJA.ru;
2024-01-10;MNHPRINT.ru;
2024-01-10;MOBILE-STOR.ru;
2024-01-10;MOD-JK.ru;
2024-01-10;MODE-DECOR.ru;
2024-01-10;MODE-DESIGN.ru;
2024-01-10;MODEDECOR.ru;
2024-01-10;MODULDOM59.ru;
2024-01-10;MOIKRAFT.ru;
2024-01-10;MOISEEV6016.ru;
2024-01-10;MOKUTOG.ru;
2024-01-10;MOMALLAH.ru;
2024-01-10;MOMEDIKORS.ru;
2024-01-10;MONCHALETCHEGET.ru;
2024-01-10;MONELUS.ru;
2024-01-10;MONEYBANKCARDS.ru;
2024-01-10;MONREG.ru;
2024-01-10;MONTSERVIS.ru;
2024-01-10;MOON-PRO.ru;
2024-01-10;MOR-KONT.ru;
2024-01-10;MORGODEV.ru;
2024-01-10;MOROMSK.ru;
2024-01-10;MOROZOV-RESIDENCE.ru;
2024-01-10;MOROZOVRESIDENCE.ru;
2024-01-10;MORSKASOV.ru;
2024-01-10;MOS-NOVOSTROYKA.ru;
2024-01-10;MOSCOW-BUILDS.ru;
2024-01-10;MOSCOW-GLORY.ru;
2024-01-10;MOSCOW-PARK.ru;
2024-01-10;MOSCOWCITYLOVE13.ru;
2024-01-10;MOSCOWMAGAZINE.ru;
2024-01-10;MOSEUROOKNA.ru;
2024-01-10;MOSFEDKARATE.ru;
2024-01-10;MOSKOVITCH.ru;
2024-01-10;MOSKV-VALERA.ru;
2024-01-10;MOSKVICH-FRESHAUTO.ru;
2024-01-10;MOSNAOB.ru;
2024-01-10;MOSTANTENNA.ru;
2024-01-10;MOSTBET-NICE.ru;
2024-01-10;MOSTBET-OTZYVY3.ru;
2024-01-10;MOSTBET-PLATINUM.ru;
2024-01-10;MOSTBET-X.ru;
2024-01-10;MOSTBET-ZERKALA-BETS.ru;
2024-01-10;MOSTBET30-MONEY.ru;
2024-01-10;MOSTBET333-NEO.ru;
2024-01-10;MOSTBETCAZZINO.ru;
2024-01-10;MOSTBETGLOBAL.ru;
2024-01-10;MOSTBETPOWER.ru;
2024-01-10;MOSTBETVHOD.ru;
2024-01-10;MOSTBETZERKALA.ru;
2024-01-10;MOSTBETZERKALO4.ru;
2024-01-10;MOSTROVERHOVA.ru;
2024-01-10;MOSTSHINY.ru;
2024-01-10;MOTHERHOOD-JOURNAL.ru;
2024-01-10;MOTO-PITER.ru;
2024-01-10;MOUNTH-TOP-NEWS.ru;
2024-01-10;MP-VAVILON.ru;
2024-01-10;MPALCHIKOVA.ru;
2024-01-10;MPK-ASTON.ru;
2024-01-10;MPROVTHEATRE.ru;
2024-01-10;MR-WHITE154.ru;
2024-01-10;MRDMORNINGSTAR.ru;
2024-01-10;MRGLUSHITEL.ru;
2024-01-10;MS83.ru;
2024-01-10;MSK-AVIATOR.ru;
2024-01-10;MSK-MOSBOARD.ru;
2024-01-10;MSKGIFTS.ru;
2024-01-10;MSU-GEO.ru;
2024-01-10;MT72.ru;
2024-01-10;MTGPROFIX.ru;
2024-01-10;MTMAUTOZAP.ru;
2024-01-10;MTORBIN.ru;
2024-01-10;MTTTK.ru;
2024-01-10;MU71.ru;
2024-01-10;MUCAILES.ru;
2024-01-10;MUHAMADIJAROVA.ru;
2024-01-10;MUMLEV.ru;
2024-01-10;MUNDIAL-TEAM.ru;
2024-01-10;MURAVIEV92.ru;
2024-01-10;MUSAEV-ARCHITECT.ru;
2024-01-10;MUSIC-IMPORT.ru;
2024-01-10;MUSIC-JOURNAL.ru;
2024-01-10;MUSICMODAMIX3.ru;
2024-01-10;MY-CUT.ru;
2024-01-10;MY-SKY-PRO.ru;
2024-01-10;MY-VOCAL.ru;
2024-01-10;MY000000.ru;
2024-01-10;MY66.ru;
2024-01-10;MYAKISHEVANF.ru;
2024-01-10;MYAUDIOBOOKS.ru;
2024-01-10;MYCOMYSTICISM.ru;
2024-01-10;MYCRINGE.ru;
2024-01-10;MYDEX-MC.ru;
2024-01-10;MYHAMAM.ru;
2024-01-10;MYKOLA.ru;
2024-01-10;MYPOTENCIIA.ru;
2024-01-10;MYSERIYA.ru;
2024-01-10;MYSTICMODAMAGIC5.ru;
2024-01-10;MYSTRANA-MYROSSIA24.ru;
2024-01-10;MYTHICDEMONSART.ru;
2024-01-10;MYTIZER.ru;
2024-01-10;MYTRAVELSTORE.ru;
2024-01-10;MYVOCAL.ru;
2024-01-10;MYVRSCOPE.ru;
2024-01-10;MZOBOV.ru;
2024-01-10;N-AVA-COM.ru;
2024-01-10;N-VTB.ru;
2024-01-10;N1KITOSOR.ru;
2024-01-10;N3LKST.ru;
2024-01-10;NA-PERVOM.ru;
2024-01-10;NAASSON.ru;
2024-01-10;NACKORDI.ru;
2024-01-10;NADINFOOD.ru;
2024-01-10;NADOMIREMTTUCCH24.ru;
2024-01-10;NAGULEVICH.ru;
2024-01-10;NAIMAN-ELITE.ru;
2024-01-10;NAIT-SCHOOL.ru;
2024-01-10;NAKRUTKABOT.ru;
2024-01-10;NALZP.ru;
2024-01-10;NAMENNAA.ru;
2024-01-10;NANCYRABBIT.ru;
2024-01-10;NANNASTORE.ru;
2024-01-10;NANO-CA.ru;
2024-01-10;NANO-CALCIUM.ru;
2024-01-10;NANOCHIPPLUS.ru;
2024-01-10;NAPASPORTE.ru;
2024-01-10;NAPERVOM.ru;
2024-01-10;NAPOPROBYJ.ru;
2024-01-10;NARCOLOGONLINE.ru;
2024-01-10;NARKO52.ru;
2024-01-10;NARTLANG.ru;
2024-01-10;NASONOVSD.ru;
2024-01-10;NASTAIVAI.ru;
2024-01-10;NASTYA-RHYTHMFOCUS.ru;
2024-01-10;NASWINT.ru;
2024-01-10;NAT2TOCHKA0.ru;
2024-01-10;NATAKIRILLOVA.ru;
2024-01-10;NATAKOL.ru;
2024-01-10;NATALIAPM.ru;
2024-01-10;NATALIAROSPB.ru;
2024-01-10;NATALIASIDOROVA.ru;
2024-01-10;NATALIE-EREMINA.ru;
2024-01-10;NATALIYA-MELNIKOVA.ru;
2024-01-10;NATALIYAKOR.ru;
2024-01-10;NATAROMAN.ru;
2024-01-10;NATASHA-S.ru;
2024-01-10;NATCOFARMA.ru;
2024-01-10;NATIVEBALTICDSGN.ru;
2024-01-10;NATOKAREV.ru;
2024-01-10;NATUREADSTYLES7.ru;
2024-01-10;NATUZZI-ONLINE.ru;
2024-01-10;NAVACOM.ru;
2024-01-10;NAZAROV-MAZER.ru;
2024-01-10;NAZAROV13.ru;
2024-01-10;NBESHLIU.ru;
2024-01-10;NCHUJKO.ru;
2024-01-10;NE-YOGA.ru;
2024-01-10;NEAIM.ru;
2024-01-10;NEBESNYJ-MIR.ru;
2024-01-10;NEBO-SVET.ru;
2024-01-10;NEDVIGIMOST-ELBRUS.ru;
2024-01-10;NEDVIGIMOSTMIRA.ru;
2024-01-10;NEDVIZH-VRN.ru;
2024-01-10;NEEDAUDIT.ru;
2024-01-10;NEEZHKO-1.ru;
2024-01-10;NEIROBLAKO.ru;
2024-01-10;NEKSART.ru;
2024-01-10;NEMOLEKULA.ru;
2024-01-10;NEOTRIC.ru;
2024-01-10;NEPARSYA18.ru;
2024-01-10;NEPRAVO.ru;
2024-01-10;NEREUSHOSTEL.ru;
2024-01-10;NEROOM.ru;
2024-01-10;NESTERENKO-E.ru;
2024-01-10;NESTEROVFAMILY.ru;
2024-01-10;NET-PACK.ru;
2024-01-10;NET75.ru;
2024-01-10;NETFLIX-LORDFILM.ru;
2024-01-10;NETFLIX-LORDSERIAL.ru;
2024-01-10;NETGAN.ru;
2024-01-10;NETOB.ru;
2024-01-10;NETWORK-ENGINEER.ru;
2024-01-10;NEUTRAT.ru;
2024-01-10;NEVEM.ru;
2024-01-10;NEVMAIL.ru;
2024-01-10;NEVYAROVSKY.ru;
2024-01-10;NEW-ADSBIGDATA.ru;
2024-01-10;NEW-ALP.ru;
2024-01-10;NEW-KVARTIRA-SPB.ru;
2024-01-10;NEW-LIDERS.ru;
2024-01-10;NEW-TRAINING.ru;
2024-01-10;NEWADSBIGDATA.ru;
2024-01-10;NEWALP.ru;
2024-01-10;NEWBUSINESSCONSULT.ru;
2024-01-10;NEWCARAGENCY.ru;
2024-01-10;NEWS24DAILY.ru;
2024-01-10;NEWSDAYS24.ru;
2024-01-10;NEWSITE2.ru;
2024-01-10;NEWSTORINW.ru;
2024-01-10;NEXMIND.ru;
2024-01-10;NEYROSET-DLYA-RAZDEVANIYA.ru;
2024-01-10;NFTPOOL.ru;
2024-01-10;NGHOST6.ru;
2024-01-10;NGSTER.ru;
2024-01-10;NICK-LANA.ru;
2024-01-10;NICKCHERKESOV.ru;
2024-01-10;NICKSAM.ru;
2024-01-10;NIGHTKIDS.ru;
2024-01-10;NIGHTLIFESTYLE9.ru;
2024-01-10;NIGHTSLIM.ru;
2024-01-10;NIIUX.ru;
2024-01-10;NIKADOG.ru;
2024-01-10;NIKAPRODUCTION.ru;
2024-01-10;NIKASERVICES.ru;
2024-01-10;NIKE-TIEMPO.ru;
2024-01-10;NIKISHIN-FAMILY.ru;
2024-01-10;NIKITINBRON.ru;
2024-01-10;NIKKRVV.ru;
2024-01-10;NIKOLAYDIKOV.ru;
2024-01-10;NIKONOVVL.ru;
2024-01-10;NIKROBHOME.ru;
2024-01-10;NIKSCORPIO.ru;
2024-01-10;NIKSELN.ru;
2024-01-10;NILAVRIK.ru;
2024-01-10;NIPOGREBNYAK.ru;
2024-01-10;NIRLANDYA.ru;
2024-01-10;NISTD.ru;
2024-01-10;NJUMAEV.ru;
2024-01-10;NKAZARINA.ru;
2024-01-10;NKORSAKOV.ru;
2024-01-10;NKOSOVA.ru;
2024-01-10;NKUCHAEV.ru;
2024-01-10;NN-MASTERS.ru;
2024-01-10;NNEKIFOROVA.ru;
2024-01-10;NNRUS.ru;
2024-01-10;NOCODEMASTER.ru;
2024-01-10;NOGINSKHELP-PC.ru;
2024-01-10;NORDIMPEKS.ru;
2024-01-10;NOTCHEAT.ru;
2024-01-10;NOTCOIN-TELEGRAM-BOT.ru;
2024-01-10;NOTCOINGROUP.ru;
2024-01-10;NOTCOINTELEGAM.ru;
2024-01-10;NOVA77.ru;
2024-01-10;NOVATERIO.ru;
2024-01-10;NOVCOI-TEST.ru;
2024-01-10;NOVGORODTRAVEL.ru;
2024-01-10;NOVOSIBIRSK-OCENKA.ru;
2024-01-10;NOVOSTIEVROPA-24.ru;
2024-01-10;NOVOSTIEVROPA-INFO.ru;
2024-01-10;NOVOSTIEVROPA-MARKET.ru;
2024-01-10;NOVOSTIEVROPA-ONLINE.ru;
2024-01-10;NOVOSTIEVROPA-SHOP.ru;
2024-01-10;NOVOSTIEVROPA-STROY.ru;
2024-01-10;NOVOSTIEVROPA24.ru;
2024-01-10;NOVOSTIEVROPAINFO.ru;
2024-01-10;NOVOSTIEVROPAMARKET.ru;
2024-01-10;NOVOSTIEVROPAONLINE.ru;
2024-01-10;NOVOSTIEVROPASHOP.ru;
2024-01-10;NOVOSTIEVROPASTROY.ru;
2024-01-10;NOVOSTROIKA-ROSTOV.ru;
2024-01-10;NOWDELIVER.ru;
2024-01-10;NOWKNIT.ru;
2024-01-10;NOWOSTROYKIMSK.ru;
2024-01-10;NOZZZ1.ru;
2024-01-10;NPAEFREMOV.ru;
2024-01-10;NPFVEKTOR.ru;
2024-01-10;NPO-NS.ru;
2024-01-10;NPPBEARING.ru;
2024-01-10;NPRO90.ru;
2024-01-10;NPSRO-RYAZAN.ru;
2024-01-10;NPTITSYNA.ru;
2024-01-10;NS-1-HOSTING-REG.ru;
2024-01-10;NSHUREKOVA.ru;
2024-01-10;NSKFIT.ru;
2024-01-10;NUANDR.ru;
2024-01-10;NUMERICAL-ANALYSIS.ru;
2024-01-10;NUMEROL.ru;
2024-01-10;NUTRINETIC.ru;
2024-01-10;NUTRITIONISTVALENTINA.ru;
2024-01-10;NXTMAIL.ru;
2024-01-10;NZELINSKAJA.ru;
2024-01-10;O-SVOEM.ru;
2024-01-10;OAMOISE.ru;
2024-01-10;OASISFESTIVAL.ru;
2024-01-10;OATAPINA.ru;
2024-01-10;OATNA.ru;
2024-01-10;OBAPRAVO.ru;
2024-01-10;OBEREZKINA.ru;
2024-01-10;OBITEL-ZLA-LORDFILMS.ru;
2024-01-10;OBL196.ru;
2024-01-10;OBLAG.ru;
2024-01-10;OBLASTI-NEWS.ru;
2024-01-10;OBNPOLIS.ru;
2024-01-10;OBOR1A.ru;
2024-01-10;OBYCH.ru;
2024-01-10;OBYCHENIE-VOKALY.ru;
2024-01-10;OBZHALOVATSHTRAF.ru;
2024-01-10;OCEANICADSWAVE7.ru;
2024-01-10;OCHEN-STRASHNOE-KINO-LORDFILMS.ru;
2024-01-10;OCHKIKZ.ru;
2024-01-10;OCTOPU.ru;
2024-01-10;ODEGTJAREVA.ru;
2024-01-10;ODINNOSOK.ru;
2024-01-10;ODIS-MEBEL.ru;
2024-01-10;OELENA.ru;
2024-01-10;OFD-ORD1201.ru;
2024-01-10;OFD-ORD1564.ru;
2024-01-10;OFD-ORD1673.ru;
2024-01-10;OFD-ORD3500.ru;
2024-01-10;OFD-ORD3559.ru;
2024-01-10;OFD-ORD4219.ru;
2024-01-10;OFD-ORD4261.ru;
2024-01-10;OFD-ORD4521.ru;
2024-01-10;OFD-ORD4899.ru;
2024-01-10;OFD-ORD4979.ru;
2024-01-10;OFD-ORD4984.ru;
2024-01-10;OFD-ORD5863.ru;
2024-01-10;OFD-ORD8060.ru;
2024-01-10;OFFICE-OBNINSK.ru;
2024-01-10;OFFICE-PRINTER.ru;
2024-01-10;OFFICIALSPORTSSITES.ru;
2024-01-10;OFIS-MIR09.ru;
2024-01-10;OFIZERY.ru;
2024-01-10;OFRAM68.ru;
2024-01-10;OGNEYAR-SHOP.ru;
2024-01-10;OGROSHEVA.ru;
2024-01-10;OGUZEV.ru;
2024-01-10;OHERZIO.ru;
2024-01-10;OHERZYO.ru;
2024-01-10;OHRABOTA.ru;
2024-01-10;OI-AI.ru;
2024-01-10;OJAHINA.ru;
2024-01-10;OKEYREALESTATE.ru;
2024-01-10;OKIRSANOV.ru;
2024-01-10;OKNAPLUS56.ru;
2024-01-10;OKNAROSTA55.ru;
2024-01-10;OKNAWOW.ru;
2024-01-10;OKNO-SOCHI.ru;
2024-01-10;OKOBOGA.ru;
2024-01-10;OKOKNA134.ru;
2024-01-10;OKOKNA136.ru;
2024-01-10;OKOKNA152.ru;
2024-01-10;OKOKNA161.ru;
2024-01-10;OKOKNA164.ru;
2024-01-10;OKOKNA171.ru;
2024-01-10;OKOKNA34.ru;
2024-01-10;OKOKNA36.ru;
2024-01-10;OKOKNA52.ru;
2024-01-10;OKOKNA61.ru;
2024-01-10;OKOKNA64.ru;
2024-01-10;OKOKNA71.ru;
2024-01-10;OKOKNA72.ru;
2024-01-10;OKOVILLE.ru;
2024-01-10;OKSANABACHANOVA.ru;
2024-01-10;OKSANAPOTANINA.ru;
2024-01-10;OLCHIK019.ru;
2024-01-10;OLD-AMSTERDAM.ru;
2024-01-10;OLDCHATMAIL.ru;
2024-01-10;OLEESHA.ru;
2024-01-10;OLESYA-NASTAVNIK.ru;
2024-01-10;OLGA-FOKINA.ru;
2024-01-10;OLGA-MAKAREVICH.ru;
2024-01-10;OLGA4741532.ru;
2024-01-10;OLGADZHELEMEI.ru;
2024-01-10;OLGAKAPITAN.ru;
2024-01-10;OLGAMATVEEVASPB.ru;
2024-01-10;OLGARABOTA66.ru;
2024-01-10;OLGASHAKIROVA.ru;
2024-01-10;OLGASHILINA.ru;
2024-01-10;OLGUR64.ru;
2024-01-10;OLIMPARENDA-MSK.ru;
2024-01-10;OLIPUNK.ru;
2024-01-10;OLKA2864647.ru;
2024-01-10;OLKINOL90.ru;
2024-01-10;OLOLONIUM.ru;
2024-01-10;OLYMPIADA-DEDESHKO.ru;
2024-01-10;OMASOFT.ru;
2024-01-10;OMBRONMO.ru;
2024-01-10;OMEGASIB.ru;
2024-01-10;OMELYANOVICH.ru;
2024-01-10;OMMOHOTELS.ru;
2024-01-10;OMONOV.ru;
2024-01-10;OMSK55-REMONT.ru;
2024-01-10;OMSK55REMONT.ru;
2024-01-10;ONCEHUMANS.ru;
2024-01-10;ONETWO3.ru;
2024-01-10;ONLINE-ADSBIGDATA.ru;
2024-01-10;ONLINE-CASINO-STATISTICS.ru;
2024-01-10;ONLINE-CHATGPT.ru;
2024-01-10;ONLINE-REM.ru;
2024-01-10;ONLINEADSBIGDATA.ru;
2024-01-10;ONLINEPUZZLE.ru;
2024-01-10;ONOXIEBEEKEEBIBI.ru;
2024-01-10;ONTARIOHOUSE.ru;
2024-01-10;ONWALUNA.ru;
2024-01-10;OOFOKO.ru;
2024-01-10;OOOIMPLANTAT.ru;
2024-01-10;OOOTSU2021.ru;
2024-01-10;OPEN-HEARTS.ru;
2024-01-10;OPER-VIKH.ru;
2024-01-10;OPERAMAIL.ru;
2024-01-10;OPERBUH.ru;
2024-01-10;OPLATA213.ru;
2024-01-10;OPLATA2134.ru;
2024-01-10;OPLATA2136.ru;
2024-01-10;OPROSTUR.ru;
2024-01-10;ORDER-1204.ru;
2024-01-10;ORDER-4709.ru;
2024-01-10;ORDER0541.ru;
2024-01-10;ORDER1185.ru;
2024-01-10;ORDER2997.ru;
2024-01-10;ORDER3504.ru;
2024-01-10;ORDER4749.ru;
2024-01-10;ORDER7226.ru;
2024-01-10;ORDER7344.ru;
2024-01-10;ORDER7443.ru;
2024-01-10;ORDER7446.ru;
2024-01-10;ORDER8306.ru;
2024-01-10;ORDER8330.ru;
2024-01-10;ORDER8405.ru;
2024-01-10;ORDER8466.ru;
2024-01-10;ORDER9447.ru;
2024-01-10;ORDERSMARTHOME.ru;
2024-01-10;OREHINA.ru;
2024-01-10;OREHSEKS.ru;
2024-01-10;OREL-GIRLS.ru;
2024-01-10;OREL-INTIM.ru;
2024-01-10;OREN-RC.ru;
2024-01-10;ORESHKIN77.ru;
2024-01-10;ORGANIC-SFERA.ru;
2024-01-10;ORGANIC-SPHERE.ru;
2024-01-10;ORGYAN.ru;
2024-01-10;ORIGINALYK.ru;
2024-01-10;ORION-REALT.ru;
2024-01-10;ORIONREALT.ru;
2024-01-10;ORLOVTROTTER.ru;
2024-01-10;ORMPHORO.ru;
2024-01-10;ORONOV.ru;
2024-01-10;ORTOSHOP-LIFE.ru;
2024-01-10;OSAGO45.ru;
2024-01-10;OSAGORAY.ru;
2024-01-10;OSARBALIEVA.ru;
2024-01-10;OSIPOVTEHNO.ru;
2024-01-10;OSMANOV-1.ru;
2024-01-10;OSMOGLAS.ru;
2024-01-10;OSTEKLENIE-BESEDKI.ru;
2024-01-10;OSTROUMOVA-PRO.ru;
2024-01-10;OSTROV-VILLAGE.ru;
2024-01-10;OSV-M130.ru;
2024-01-10;OTK03.ru;
2024-01-10;OTTOEVENT.ru;
2024-01-10;OTU-STORE.ru;
2024-01-10;OTUSTORE.ru;
2024-01-10;OUR-WAY.ru;
2024-01-10;OVALCOIN.ru;
2024-01-10;OVCHINN.ru;
2024-01-10;OVCHINNIKOV88.ru;
2024-01-10;OVER-FOOD.ru;
2024-01-10;OVERVOLT.ru;
2024-01-10;OWL-MACHINE.ru;
2024-01-10;OWXXI.ru;
2024-01-10;OXINYA.ru;
2024-01-10;OY-PRO.ru;
2024-01-10;OZON-L.ru;
2024-01-10;P-O-S.ru;
2024-01-10;P4ELKI.ru;
2024-01-10;PAGE-7621.ru;
2024-01-10;PAIDMAIL.ru;
2024-01-10;PAIDUCHO-BAND.ru;
2024-01-10;PAKETY-DLYA-MEDICINSKIH-OTHODOV-KLASS-A-MS.ru;
2024-01-10;PAKETY-DLYA-MEDICINSKIH-OTHODOV-KLASS-B-MS.ru;
2024-01-10;PAKETY-DLYA-MEDICINSKIH-OTHODOV-MOS.ru;
2024-01-10;PAKETYDLYAMEDICINSKIHOTHODOVMS.ru;
2024-01-10;PAN661.ru;
2024-01-10;PANAMAX-GRP.ru;
2024-01-10;PANDA-SCHOOL.ru;
2024-01-10;PANDORA-STYLE.ru;
2024-01-10;PAPO4KASERGEI.ru;
2024-01-10;PAREIKA.ru;
2024-01-10;PARITET76.ru;
2024-01-10;PARKOVKARABOTAET.ru;
2024-01-10;PARSECWORX.ru;
2024-01-10;PARSUN-EKB.ru;
2024-01-10;PARSUN-URAL.ru;
2024-01-10;PARSUNEKB.ru;
2024-01-10;PARSUNURAL.ru;
2024-01-10;PARTNER-KLIN.ru;
2024-01-10;PARTOFART.ru;
2024-01-10;PARTY-ORENBYRG.ru;
2024-01-10;PARTYTEST.ru;
2024-01-10;PASHKEVICHVL.ru;
2024-01-10;PASSBOXPARK.ru;
2024-01-10;PAULO-FRAU.ru;
2024-01-10;PAVASILYEV.ru;
2024-01-10;PAVCITY-JK.ru;
2024-01-10;PAVELSAPIENS.ru;
2024-01-10;PAVELTATTOO.ru;
2024-01-10;PAY-APPLETOUCH.ru;
2024-01-10;PAY-ID124116.ru;
2024-01-10;PAY-ID412516.ru;
2024-01-10;PAY-ID9485.ru;
2024-01-10;PAYD14.ru;
2024-01-10;PAYMENT-275.ru;
2024-01-10;PAYMENT-276.ru;
2024-01-10;PAYMENT-291.ru;
2024-01-10;PAYMENT-292.ru;
2024-01-10;PAYMENT-293.ru;
2024-01-10;PAYMENT-AUTO36.ru;
2024-01-10;PAYMENTS-ORDER978.ru;
2024-01-10;PAYREDERED.ru;
2024-01-10;PAZLTOURS.ru;
2024-01-10;PBELAEV.ru;
2024-01-10;PCDYNAMICS.ru;
2024-01-10;PCM163.ru;
2024-01-10;PCREMONTMASTER.ru;
2024-01-10;PE4ENOV.ru;
2024-01-10;PEACERP.ru;
2024-01-10;PECHATI-ACHINSK.ru;
2024-01-10;PECHI-IZ-TALKOHLORITA-26.ru;
2024-01-10;PEDIPSI.ru;
2024-01-10;PENSIA-LAW.ru;
2024-01-10;PENSIALAW.ru;
2024-01-10;PERCHATKI-3LX.ru;
2024-01-10;PERESLAVTSEVA.ru;
2024-01-10;PEREVOZCHIK-LORDFILM.ru;
2024-01-10;PEREVOZMOSKVA.ru;
2024-01-10;PERFECTBUH.ru;
2024-01-10;PERKYEVEN.ru;
2024-01-10;PERKYLIKE.ru;
2024-01-10;PERKYNICE.ru;
2024-01-10;PERKYUGLY.ru;
2024-01-10;PERKYWISE.ru;
2024-01-10;PERMATA.ru;
2024-01-10;PERSHIN-ESK.ru;
2024-01-10;PERVAYAEXPERTBUH.ru;
2024-01-10;PESHNIN.ru;
2024-01-10;PETERBURG-BINNY.ru;
2024-01-10;PETQUEUE.ru;
2024-01-10;PETRASHOVA.ru;
2024-01-10;PETRCHUPRIKOV.ru;
2024-01-10;PETROVAART.ru;
2024-01-10;PETROVICH34.ru;
2024-01-10;PETROVNAK67.ru;
2024-01-10;PETROVVODKINSPB.ru;
2024-01-10;PETRUX2014.ru;
2024-01-10;PETS-MED.ru;
2024-01-10;PETSFASHIONADS2.ru;
2024-01-10;PETTITS.ru;
2024-01-10;PEVSHIPO.ru;
2024-01-10;PGERTMAN.ru;
2024-01-10;PHANTOM-7.ru;
2024-01-10;PHANTOM-GUIDES.ru;
2024-01-10;PHANTOM-NAS.ru;
2024-01-10;PHOBOCAFE62.ru;
2024-01-10;PHOTO-B2B.ru;
2024-01-10;PHOTOBRO.ru;
2024-01-10;PHOTOZAZ.ru;
2024-01-10;PHYSLIB.ru;
2024-01-10;PIALKATEA.ru;
2024-01-10;PICHSROS.ru;
2024-01-10;PICK-YOUR-WINNER.ru;
2024-01-10;PID-MAIL.ru;
2024-01-10;PIERCING-TULA.ru;
2024-01-10;PIKAYPETRI.ru;
2024-01-10;PIN-TO.ru;
2024-01-10;PINKYWAY.ru;
2024-01-10;PINUP-APK-DOWNLOAD.ru;
2024-01-10;PINUP-APK-FREE.ru;
2024-01-10;PIOTROVSKIJ.ru;
2024-01-10;PISMENSKAYA.ru;
2024-01-10;PITBIKEZIP.ru;
2024-01-10;PITER-SANTEHNIK.ru;
2024-01-10;PIXELMASTERS.ru;
2024-01-10;PLASTICDOORS.ru;
2024-01-10;PLATFORM-24.ru;
2024-01-10;PLATFORMA-DLYA-OBUCHENIYA-ONLINE.ru;
2024-01-10;PLATFORMA-RU.ru;
2024-01-10;PLATFORMAKIR.ru;
2024-01-10;PLATFORMARU.ru;
2024-01-10;PLATINUM-BFL.ru;
2024-01-10;PLATINUM-MOSTBET404.ru;
2024-01-10;PLATINUMHOTEL.ru;
2024-01-10;PLATONGROUP.ru;
2024-01-10;PLAY-STAKE.ru;
2024-01-10;PLAYERTALK.ru;
2024-01-10;PLAYWIN-CASINOX48.ru;
2024-01-10;PLC-SMARTWALLET.ru;
2024-01-10;PLESETSKPLZ.ru;
2024-01-10;PLITCOMPLEKT.ru;
2024-01-10;PLITKA-USOLIE.ru;
2024-01-10;PLITKU69.ru;
2024-01-10;PLUS236855.ru;
2024-01-10;PMBRAIN.ru;
2024-01-10;PNSV-ES.ru;
2024-01-10;PO-PRIMORSKI.ru;
2024-01-10;PO-PRIMORSKY.ru;
2024-01-10;POCHINKA-PC-KZN.ru;
2024-01-10;POCHINKA-PC-YOLA.ru;
2024-01-10;PODAROK-MK-KLINIK.ru;
2024-01-10;PODAROK-MLSALON.ru;
2024-01-10;PODBEREMVSEMCREDIT.ru;
2024-01-10;PODCHISTUYU.ru;
2024-01-10;PODGUZNIKISKIDKI.ru;
2024-01-10;PODOLOFT.ru;
2024-01-10;POGADATJ.ru;
2024-01-10;POINFOTUT.ru;
2024-01-10;POISHIVOPOS.ru;
2024-01-10;POKATAIKA-GRUZ.ru;
2024-01-10;POKATAIKA-GRYZ.ru;
2024-01-10;POKER-STORE.ru;
2024-01-10;POKLA.ru;
2024-01-10;POKRASKA-BRUSA.ru;
2024-01-10;POLEDANCE4YOU.ru;
2024-01-10;POLET-AGENCY.ru;
2024-01-10;POLIETILENOVYE-MESHKI-MS.ru;
2024-01-10;POLIFLOWERS.ru;
2024-01-10;POLIMER-SAMARA.ru;
2024-01-10;POLINABUZANOVA.ru;
2024-01-10;POLINAFEY.ru;
2024-01-10;POLIVATOR.ru;
2024-01-10;POLOMOECHNIE-MACHINY.ru;
2024-01-10;POLOVEDER.ru;
2024-01-10;POLYMOVA.ru;
2024-01-10;PONYSOCIAL.ru;
2024-01-10;POPONINA.ru;
2024-01-10;POPRODAM.ru;
2024-01-10;PORA-SLETAT-EKB.ru;
2024-01-10;PORODAVILLAGE.ru;
2024-01-10;PORT-BABY.ru;
2024-01-10;PORT-BEAUTY.ru;
2024-01-10;PORT-HOME.ru;
2024-01-10;PORTBABY.ru;
2024-01-10;PORTBEAUTY.ru;
2024-01-10;PORTFOLIO-PHOTO.ru;
2024-01-10;PORTOLD.ru;
2024-01-10;POSETBUH.ru;
2024-01-10;POSITIVE-CLINIC26.ru;
2024-01-10;POST2ALL.ru;
2024-01-10;POSTIRAIKOVER.ru;
2024-01-10;POSUDAVAM.ru;
2024-01-10;POTENCIYA-DA.ru;
2024-01-10;POTENCIYA-EST.ru;
2024-01-10;POTENCIYA-VSEGDA.ru;
2024-01-10;POUZNAVAIVSE.ru;
2024-01-10;POVERKA-ARHANGELSK.ru;
2024-01-10;POWERUM.ru;
2024-01-10;POZITIVP.ru;
2024-01-10;PR-DROZ.ru;
2024-01-10;PRAVNA.ru;
2024-01-10;PRECONSTRUCTION.ru;
2024-01-10;PREMIUMMAIL.ru;
2024-01-10;PREMIUMTELEGRAMRUSSIA.ru;
2024-01-10;PRESTIGE-MOTO.ru;
2024-01-10;PRESTIGEONEDEV.ru;
2024-01-10;PRIBOYSPOT.ru;
2024-01-10;PRICE-COMPARISON-AI.ru;
2024-01-10;PRIDE-CAPITAL.ru;
2024-01-10;PRIDE-CAPITAL24.ru;
2024-01-10;PRIDE-FRIENDS.ru;
2024-01-10;PRIDE-FRIENDS24.ru;
2024-01-10;PRIIATELEV.ru;
2024-01-10;PRIMARAIL.ru;
2024-01-10;PRIMEYOGA.ru;
2024-01-10;PRINTARTDOSKI.ru;
2024-01-10;PRIPIP.ru;
2024-01-10;PRISTAVKAUNA.ru;
2024-01-10;PRISTROJKI.ru;
2024-01-10;PRIVALOV-WORK.ru;
2024-01-10;PRIVETDUBAI.ru;
2024-01-10;PRIVOZE.ru;
2024-01-10;PRIZANT.ru;
2024-01-10;PRLIDER.ru;
2024-01-10;PRMBEL.ru;
2024-01-10;PRO-ASTROLOG.ru;
2024-01-10;PRO-DS.ru;
2024-01-10;PRO-DVINEM.ru;
2024-01-10;PRO-HOSTING-PLACE.ru;
2024-01-10;PRO-HOSTINGS.ru;
2024-01-10;PRO-INCOME.ru;
2024-01-10;PRO-LEST.ru;
2024-01-10;PRO-MOSTBETTOP-INFO.ru;
2024-01-10;PRO-MOVEMENT-NSK.ru;
2024-01-10;PRO-TYP.ru;
2024-01-10;PROADSBIGDATA.ru;
2024-01-10;PROAVTONOMER.ru;
2024-01-10;PROCHISTKA-KANALIZACII-TRUB-MOSKVA.ru;
2024-01-10;PROCPRAVO.ru;
2024-01-10;PROCRYPTOCOINS.ru;
2024-01-10;PRODAIMED.ru;
2024-01-10;PRODALA.ru;
2024-01-10;PRODANOVSE.ru;
2024-01-10;PRODBYRUDIK.ru;
2024-01-10;PRODEFI.ru;
2024-01-10;PRODESIGN39.ru;
2024-01-10;PRODVIJHENIE-SAITOV.ru;
2024-01-10;PROEKT-PUCHKOVA.ru;
2024-01-10;PROEKTIROVANIEHOLODA.ru;
2024-01-10;PROFABRICA.ru;
2024-01-10;PROFEKIPAZH.ru;
2024-01-10;PROFF-HOL.ru;
2024-01-10;PROFFNAILSSCHOOL.ru;
2024-01-10;PROFI-GURUASK.ru;
2024-01-10;PROFI235.ru;
2024-01-10;PROFIDENT-46.ru;
2024-01-10;PROFILDOORS123.ru;
2024-01-10;PROFIT-SPRINT.ru;
2024-01-10;PROFJUREXPERT.ru;
2024-01-10;PROFPOLOTNO.ru;
2024-01-10;PROGARDENMAG.ru;
2024-01-10;PROJECT-LIVEVK.ru;
2024-01-10;PROJECTREGION.ru;
2024-01-10;PROJECTSP.ru;
2024-01-10;PROJET-VKLIVE.ru;
2024-01-10;PROLINE-ESTHETICS.ru;
2024-01-10;PROMENE.ru;
2024-01-10;PROMETEI-ESSENTUKI.ru;
2024-01-10;PROMO-UP.ru;
2024-01-10;PROMO-UP-COMPANY.ru;
2024-01-10;PROMOKOD-ODEZHDA.ru;
2024-01-10;PROMOKOD-OZ.ru;
2024-01-10;PROMOKOD-RENDEZ.ru;
2024-01-10;PROMOKOD-TEHNIK.ru;
2024-01-10;PROMOKOD-VKUS.ru;
2024-01-10;PROMOPAYMENT.ru;
2024-01-10;PROMOPULS.ru;
2024-01-10;PROPRINT78.ru;
2024-01-10;PROPRUTKI.ru;
2024-01-10;PROSOCIALSOLUTION.ru;
2024-01-10;PROSTITUTKA-CHITA.ru;
2024-01-10;PROSTNEV.ru;
2024-01-10;PROSTOPVZ.ru;
2024-01-10;PROSYSTEM-CRM.ru;
2024-01-10;PROTERIKA.ru;
2024-01-10;PROZRACHNAYA-KLEJKAYA-LENTA-MS.ru;
2024-01-10;PROZRACHNAYA-KLEJKAYA-LENTA-SKOTCH-MS.ru;
2024-01-10;PRSLANA.ru;
2024-01-10;PRYAMOI-UGOL.ru;
2024-01-10;PS-VNUKOVO.ru;
2024-01-10;PSE365.ru;
2024-01-10;PSHONNY.ru;
2024-01-10;PSOPE.ru;
2024-01-10;PSY-BYSTROVA.ru;
2024-01-10;PSYCHOLOGY-ALEX.ru;
2024-01-10;PSYCHOLOGYMARK.ru;
2024-01-10;PSYCHOSERV.ru;
2024-01-10;PSYSOME.ru;
2024-01-10;PTP68.ru;
2024-01-10;PUBINDO.ru;
2024-01-10;PUIUPZ.ru;
2024-01-10;PULISIRUSSIA.ru;
2024-01-10;PULSEAUDIT.ru;
2024-01-10;PULYMEN.ru;
2024-01-10;PUREFILTER.ru;
2024-01-10;PUREHAUSE.ru;
2024-01-10;PURRZILLA.ru;
2024-01-10;PUTELIST.ru;
2024-01-10;PUTPOST.ru;
2024-01-10;PUTRAZVITIA.ru;
2024-01-10;PUZRIKGAMES.ru;
2024-01-10;PVLNBRS.ru;
2024-01-10;PYATKOV86.ru;
2024-01-10;Q-MEN.ru;
2024-01-10;QCOMPUTERS.ru;
2024-01-10;QIZLARMOSKVA.ru;
2024-01-10;QOMAIL.ru;
2024-01-10;QR-AZ.ru;
2024-01-10;QUADPROJECT.ru;
2024-01-10;QUALOG.ru;
2024-01-10;QUANTUMPROFIT.ru;
2024-01-10;QUATRO59.ru;
2024-01-10;QUEEN-LOVE.ru;
2024-01-10;QUICKRESTO-MSK.ru;
2024-01-10;QUIZOKENGLISH.ru;
2024-01-10;QUPLGEX2015.ru;
2024-01-10;QVILL.ru;
2024-01-10;QWERASDFDSA.ru;
2024-01-10;R2ONLINEAWAKEN.ru;
2024-01-10;RA-DEVELOP.ru;
2024-01-10;RA-PREMIER.ru;
2024-01-10;RABOTA-IT.ru;
2024-01-10;RABOTA-KOPEMASH.ru;
2024-01-10;RABOTADEVUSHKAMSPB.ru;
2024-01-10;RABOTASKLAD.ru;
2024-01-10;RADAEFIMOVAASTROLOG.ru;
2024-01-10;RADEVELOP.ru;
2024-01-10;RADIO-SCAN.ru;
2024-01-10;RADIOLOMSKUPKA.ru;
2024-01-10;RADIOZERO.ru;
2024-01-10;RADMAIL.ru;
2024-01-10;RADOVID.ru;
2024-01-10;RAIVED.ru;
2024-01-10;RALFFAMILY.ru;
2024-01-10;RAM-PAGE.ru;
2024-01-10;RAMENBET-CASINO-ONLINE.ru;
2024-01-10;RAMENSKOE-RITUAL.ru;
2024-01-10;RAMKAFE.ru;
2024-01-10;RANDOMFORTRESS.ru;
2024-01-10;RANDRE.ru;
2024-01-10;RANGE-ROVER-SPORT.ru;
2024-01-10;RARERECORD.ru;
2024-01-10;RARERECORDS.ru;
2024-01-10;RASSILKINASTYA.ru;
2024-01-10;RASTI-PROSTO.ru;
2024-01-10;RASTIPROSTO.ru;
2024-01-10;RATERATE.ru;
2024-01-10;RATERRAPLANET.ru;
2024-01-10;RATHER-COOL.ru;
2024-01-10;RATHERCOOL.ru;
2024-01-10;RATING-MLM.ru;
2024-01-10;RAUDINAMRAKHOV.ru;
2024-01-10;RAWARD-FF-QARENA.ru;
2024-01-10;RAYVAZOV.ru;
2024-01-10;RAZGULAYEVENT.ru;
2024-01-10;RAZVIVAIKASOCHI.ru;
2024-01-10;RAZVSOZNANIYA.ru;
2024-01-10;RB-PRO.ru;
2024-01-10;RC36.ru;
2024-01-10;RCDPO03.ru;
2024-01-10;RE-MONTUS.ru;
2024-01-10;REAGE-OTZYVY.ru;
2024-01-10;REAGENT-24.ru;
2024-01-10;REALDAI.ru;
2024-01-10;REALTORRU.ru;
2024-01-10;REDAKTORAZAT.ru;
2024-01-10;REDARROWBUS.ru;
2024-01-10;REDCRYSTALL.ru;
2024-01-10;REDJAY.ru;
2024-01-10;REDLANVI.ru;
2024-01-10;REDPILL-INVEST.ru;
2024-01-10;REF52.ru;
2024-01-10;REFOSTRYAKGIFT.ru;
2024-01-10;REG-MYHOSTING.ru;
2024-01-10;REGION77-PROM.ru;
2024-01-10;REGIONGLAVSTROY.ru;
2024-01-10;REGIOPOLIS.ru;
2024-01-10;REHENIE-PENSIONEROV.ru;
2024-01-10;RELATIONSHIPS-JOURNAL.ru;
2024-01-10;REM-50.ru;
2024-01-10;REM-BLOG.ru;
2024-01-10;REM-FORUM.ru;
2024-01-10;REM-SAMSUNG-SPB.ru;
2024-01-10;REMCRAFT-OTZIVI.ru;
2024-01-10;REMGAZETA.ru;
2024-01-10;REMINFO.ru;
2024-01-10;REMONT-DIGITAL.ru;
2024-01-10;REMONT-KOMPUTEROV-PETERBURG.ru;
2024-01-10;REMONT-OBSLUZHIVANIE-KONDICIONEROV-V-MOSKVE.ru;
2024-01-10;REMONTELEFONA.ru;
2024-01-10;REMONTVALOV.ru;
2024-01-10;REMONTYSYEPIKI24.ru;
2024-01-10;RENYXXXA.ru;
2024-01-10;REPEATMYTRIP.ru;
2024-01-10;REPUBLIC-JK.ru;
2024-01-10;REQX.ru;
2024-01-10;REST-TRADE.ru;
2024-01-10;RESTAURANT-COSTA.ru;
2024-01-10;RESTAURANT-KARAOKE-DIA.ru;
2024-01-10;RESTFLOR.ru;
2024-01-10;RESTO-LAVKA.ru;
2024-01-10;RESTOFF-BOT.ru;
2024-01-10;RESTORANPOPONYATIAM-3.ru;
2024-01-10;RESTORANPOPONYATIAM3.ru;
2024-01-10;RESTVAN.ru;
2024-01-10;RESULTS-NOT-TYPICAL.ru;
2024-01-10;RETAIL-DOC.ru;
2024-01-10;RETAIL-DOCTOR.ru;
2024-01-10;RETAILDOC.ru;
2024-01-10;RETOIL.ru;
2024-01-10;RETROADCHIC80.ru;
2024-01-10;REVIRIS.ru;
2024-01-10;REXSHINY.ru;
2024-01-10;REZKO-ZAIM.ru;
2024-01-10;RF-KUGOO.ru;
2024-01-10;RG15.ru;
2024-01-10;RGS35.ru;
2024-01-10;RHALIMOV.ru;
2024-01-10;RIANON1971.ru;
2024-01-10;RICHRUSSIAN.ru;
2024-01-10;RICHTRAVELLER.ru;
2024-01-10;RIGAMARS.ru;
2024-01-10;RIK-ALEKS.ru;
2024-01-10;RIK23.ru;
2024-01-10;RINATZH11.ru;
2024-01-10;RIO-SEROV.ru;
2024-01-10;RIOBET-184.ru;
2024-01-10;RISETON.ru;
2024-01-10;RITACORP.ru;
2024-01-10;RITUAL-G.ru;
2024-01-10;RKALGIN.ru;
2024-01-10;RKLIMANOV.ru;
2024-01-10;RKOPII.ru;
2024-01-10;RMACC.ru;
2024-01-10;RMARTIN.ru;
2024-01-10;RMURADOV.ru;
2024-01-10;ROBOTOBO.ru;
2024-01-10;ROBOTTESTER.ru;
2024-01-10;RODOP-TRADING.ru;
2024-01-10;RODZEVICH-7.ru;
2024-01-10;ROG-PHONE.ru;
2024-01-10;ROGPHONE.ru;
2024-01-10;ROLATEX-METALL.ru;
2024-01-10;ROLLBOX2LA.ru;
2024-01-10;ROLLERSPORT72.ru;
2024-01-10;ROMANOVANNA.ru;
2024-01-10;ROMANOVOCITY.ru;
2024-01-10;ROMANTIC-MOSCOW14.ru;
2024-01-10;ROMANTICSKY13.ru;
2024-01-10;ROMARISK.ru;
2024-01-10;RONNIEANDBOB.ru;
2024-01-10;ROOMTERIER.ru;
2024-01-10;ROS-AVTOVOZ.ru;
2024-01-10;ROSAVTOVOZ.ru;
2024-01-10;ROSEMUNDUS.ru;
2024-01-10;ROSINKA-NADYM.ru;
2024-01-10;ROSIPACK.ru;
2024-01-10;ROSKEDR-KEDROVAYA-FITOBOCHKA.ru;
2024-01-10;ROSPITGROUPMSK.ru;
2024-01-10;ROSSPROJECT.ru;
2024-01-10;ROSTECHMEDIA.ru;
2024-01-10;ROSTEX-DON.ru;
2024-01-10;ROSTOWSKY.ru;
2024-01-10;ROUNDDUAL.ru;
2024-01-10;ROUNDEVEN.ru;
2024-01-10;ROUNDHOOK.ru;
2024-01-10;ROUNDLEST.ru;
2024-01-10;ROUNDLIKE.ru;
2024-01-10;ROUNDNICE.ru;
2024-01-10;ROUNDPOOL.ru;
2024-01-10;ROUNDUGLY.ru;
2024-01-10;ROUNDWHAT.ru;
2024-01-10;ROUNDWISE.ru;
2024-01-10;ROUSSETSKY.ru;
2024-01-10;ROXNUMBER.ru;
2024-01-10;ROXNUMBER1.ru;
2024-01-10;RPISCH.ru;
2024-01-10;RS-EVENTS.ru;
2024-01-10;RSEVENTS.ru;
2024-01-10;RSHEVERGIN.ru;
2024-01-10;RSK-77.ru;
2024-01-10;RSOVETSKIJ.ru;
2024-01-10;RTI-ARSENAL.ru;
2024-01-10;RTIUCK.ru;
2024-01-10;RU-ARCHE.ru;
2024-01-10;RU-HELPER.ru;
2024-01-10;RUARCHE.ru;
2024-01-10;RUBCZOVSERG.ru;
2024-01-10;RUBLEVSKAYA29.ru;
2024-01-10;RUDKOVA.ru;
2024-01-10;RUKA-RUKA.ru;
2024-01-10;RUKARUKA.ru;
2024-01-10;RUKOVOTSTVO.ru;
2024-01-10;RUMOTOROLLING.ru;
2024-01-10;RUNICHESKIE-STAVY.ru;
2024-01-10;RURECORDBOOK.ru;
2024-01-10;RUS-3821.ru;
2024-01-10;RUS-4731.ru;
2024-01-10;RUS-KEDR.ru;
2024-01-10;RUSAUTO-2EKB.ru;
2024-01-10;RUSBUY24.ru;
2024-01-10;RUSHINY.ru;
2024-01-10;RUSKRAN62.ru;
2024-01-10;RUSLANIKO.ru;
2024-01-10;RUSOUTDOR.ru;
2024-01-10;RUSPAIDMAILS.ru;
2024-01-10;RUSSIA-STAKES-CASINO8595.ru;
2024-01-10;RUSSIAN-WIFE.ru;
2024-01-10;RUSSIANGUANGZHOU.ru;
2024-01-10;RUSSIANMASSAGE.ru;
2024-01-10;RUSSIANWIFES.ru;
2024-01-10;RUSSIANWIVES.ru;
2024-01-10;RUSSKISPEECH.ru;
2024-01-10;RUST20202.ru;
2024-01-10;RUSTAMBAZAROV.ru;
2024-01-10;RUSVARGA.ru;
2024-01-10;RUSZAIMVAM.ru;
2024-01-10;RUZONEINFO.ru;
2024-01-10;RV-IT.ru;
2024-01-10;RYBN-DESY.ru;
2024-01-10;RYBO-STORE.ru;
2024-01-10;RZELENKOV.ru;
2024-01-10;S-KOSTIN.ru;
2024-01-10;S-TORY.ru;
2024-01-10;S0R0KA-TATA.ru;
2024-01-10;S26MAT.ru;
2024-01-10;SA-BEAUTYSCHOOL.ru;
2024-01-10;SAAB-IZMAILOVO.ru;
2024-01-10;SABDURASHIDOVA.ru;
2024-01-10;SABINAKHASANOVA.ru;
2024-01-10;SAD-STUDIO.ru;
2024-01-10;SADIK52.ru;
2024-01-10;SADIVA.ru;
2024-01-10;SADYNATALI.ru;
2024-01-10;SAFIN-TOP.ru;
2024-01-10;SAFRONMAIL.ru;
2024-01-10;SAINT-BEAUTY.ru;
2024-01-10;SAKHALINTOUR.ru;
2024-01-10;SAKRAMOV.ru;
2024-01-10;SAKURA-BACK.ru;
2024-01-10;SALAVATKHABIBULLIN1989.ru;
2024-01-10;SALE-APPLE.ru;
2024-01-10;SALEBIT.ru;
2024-01-10;SALESSTANDARDS.ru;
2024-01-10;SALL0.ru;
2024-01-10;SALONBROOKLYN.ru;
2024-01-10;SALONCULTUR.ru;
2024-01-10;SALONLUCIA.ru;
2024-01-10;SALUDSMM.ru;
2024-01-10;SAMOLET-PLUS24.ru;
2024-01-10;SANTONUK.ru;
2024-01-10;SANYAGAMES.ru;
2024-01-10;SAPOJOKDASHA.ru;
2024-01-10;SARANSK-DEVKI.ru;
2024-01-10;SAREF.ru;
2024-01-10;SARMATSHOP.ru;
2024-01-10;SARVOGONPUB.ru;
2024-01-10;SASHA-STUDIES-JAPANESE.ru;
2024-01-10;SATEENRESORTSHUMIHA.ru;
2024-01-10;SATINLOTUS.ru;
2024-01-10;SAUNOFF11.ru;
2024-01-10;SAUNUNONSTOP24.ru;
2024-01-10;SAUNY-OTDELKA.ru;
2024-01-10;SAVANESJAN.ru;
2024-01-10;SAVROVA.ru;
2024-01-10;SBERPAYBANK.ru;
2024-01-10;SBOL-INSTALLER.ru;
2024-01-10;SBP-SBERBANK.ru;
2024-01-10;SCHEDULE-PRO.ru;
2024-01-10;SCHERGAN.ru;
2024-01-10;SCHICHENKOV.ru;
2024-01-10;SCHIPLETSOV.ru;
2024-01-10;SCHOOL-REALWEB.ru;
2024-01-10;SCIFIFASHION101.ru;
2024-01-10;SCNEWSS114.ru;
2024-01-10;SCOTCHBOX.ru;
2024-01-10;SCTOCHKA-VR.ru;
2024-01-10;SDELANOIVANOM.ru;
2024-01-10;SDELKA7373.ru;
2024-01-10;SDSCONNECT.ru;
2024-01-10;SE-MOBILE.ru;
2024-01-10;SECIP.ru;
2024-01-10;SECRETMEBEL.ru;
2024-01-10;SEENUPTORIA.ru;
2024-01-10;SEIWAKAN.ru;
2024-01-10;SEKRETYUYUTA.ru;
2024-01-10;SELECTGROUPDUBAI.ru;
2024-01-10;SELECTOR258GG.ru;
2024-01-10;SELESHA.ru;
2024-01-10;SELL-AUTO36.ru;
2024-01-10;SELLBIT.ru;
2024-01-10;SEMELENAPSY.ru;
2024-01-10;SEMINAR241123.ru;
2024-01-10;SEMSAREK.ru;
2024-01-10;SEMZVEZD-EKB.ru;
2024-01-10;SENDERADA.ru;
2024-01-10;SENDERADB.ru;
2024-01-10;SEOULSISTERS.ru;
2024-01-10;SER-KUMINOV.ru;
2024-01-10;SERAEV.ru;
2024-01-10;SEREGA-VOLT.ru;
2024-01-10;SEREJASKOBELEV.ru;
2024-01-10;SERGALI-BREND.ru;
2024-01-10;SERGEEFFCOM.ru;
2024-01-10;SERGEEVALA.ru;
2024-01-10;SERGEY-KRASILNIKOV.ru;
2024-01-10;SERGEYKOBZEV.ru;
2024-01-10;SERGOLOV.ru;
2024-01-10;SERINFIRE.ru;
2024-01-10;SERKOV-1.ru;
2024-01-10;SERLEO1979.ru;
2024-01-10;SERVICE-7249.ru;
2024-01-10;SERVICE-AUTO36.ru;
2024-01-10;SERVICE-POTOLKOV-EKB.ru;
2024-01-10;SERVICE-YOULA.ru;
2024-01-10;SERVICES-AVITO.ru;
2024-01-10;SERVICES-YOULA.ru;
2024-01-10;SERVIOUS.ru;
2024-01-10;SERWELL.ru;
2024-01-10;SERZHS.ru;
2024-01-10;SEVASTOPOLSKIJ-7.ru;
2024-01-10;SEVEN-P.ru;
2024-01-10;SEVENP.ru;
2024-01-10;SEVERSKAYA-RC.ru;
2024-01-10;SEVERWASH.ru;
2024-01-10;SEVLEASING.ru;
2024-01-10;SEX-MAIL.ru;
2024-01-10;SEXYSOCKS.ru;
2024-01-10;SEZAM-TOP.ru;
2024-01-10;SFERA-YUG.ru;
2024-01-10;SHABAPOKER.ru;
2024-01-10;SHACKIJ.ru;
2024-01-10;SHACMAN-SEVER.ru;
2024-01-10;SHAGAINAADAN.ru;
2024-01-10;SHAKEPEARSHOP.ru;
2024-01-10;SHAKIRAFIT.ru;
2024-01-10;SHAKIROVTR.ru;
2024-01-10;SHAKTIDEVI-LP.ru;
2024-01-10;SHAM-ELECTRIC.ru;
2024-01-10;SHANMON-TEHNIKA.ru;
2024-01-10;SHAPKISHLIAPKI.ru;
2024-01-10;SHARIKIKHABAROVSK.ru;
2024-01-10;SHAROSKOP39.ru;
2024-01-10;SHARPGO.ru;
2024-01-10;SHAURTIME.ru;
2024-01-10;SHEF-Y-PLITY.ru;
2024-01-10;SHEFSTROI.ru;
2024-01-10;SHEMATONOV.ru;
2024-01-10;SHEMPTON.ru;
2024-01-10;SHESDES.ru;
2024-01-10;SHESTAKOVA1806.ru;
2024-01-10;SHEYKIN58.ru;
2024-01-10;SHHALILOV.ru;
2024-01-10;SHIFT1904.ru;
2024-01-10;SHIKAMI.ru;
2024-01-10;SHINAPNZ-TEST.ru;
2024-01-10;SHISHENKODENIS.ru;
2024-01-10;SHISHKOVA-VERA.ru;
2024-01-10;SHISHOV95.ru;
2024-01-10;SHITKO.ru;
2024-01-10;SHITTS-7.ru;
2024-01-10;SHKAFCHIKOF.ru;
2024-01-10;SHKAPOVA.ru;
2024-01-10;SHKOLA-INVESTORA.ru;
2024-01-10;SHKOLA-PLAVANIYA.ru;
2024-01-10;SHKOLAUZI.ru;
2024-01-10;SHLIFOVKA-BREVNA.ru;
2024-01-10;SHLIFOVKA-BRUSA.ru;
2024-01-10;SHLJUHIVSAMARA.ru;
2024-01-10;SHLNK.ru;
2024-01-10;SHLUHABELNA.ru;
2024-01-10;SHMAKOVAVALERIA02.ru;
2024-01-10;SHNAN.ru;
2024-01-10;SHOPMODERN.ru;
2024-01-10;SHOPORTOVAM.ru;
2024-01-10;SHPINATIK.ru;
2024-01-10;SHRAM-DESIGN.ru;
2024-01-10;SHRTR.ru;
2024-01-10;SHTABGROUP.ru;
2024-01-10;SHTUCHKI-DRYUCHKI.ru;
2024-01-10;SHUMAXEP93.ru;
2024-01-10;SIATRIA.ru;
2024-01-10;SIAY-CLEANING.ru;
2024-01-10;SIBNEFTEGAZENGINEERING.ru;
2024-01-10;SIBSKYLIFT.ru;
2024-01-10;SIGNALSAGREGATOR.ru;
2024-01-10;SILAZAIM.ru;
2024-01-10;SIMAKOV-ALEX.ru;
2024-01-10;SIMARGLFOOD.ru;
2024-01-10;SIMCHAR.ru;
2024-01-10;SIMFONICAMEBEL.ru;
2024-01-10;SIMSTROYMOTAGE.ru;
2024-01-10;SINITSA-1.ru;
2024-01-10;SIRENA96MAIL.ru;
2024-01-10;SISAEVA.ru;
2024-01-10;SITE-DIZAIN.ru;
2024-01-10;SITNIKOV-SIT.ru;
2024-01-10;SITNIKOVPJ.ru;
2024-01-10;SIX-ZERO.ru;
2024-01-10;SJOELBAK.ru;
2024-01-10;SK-KLINCH.ru;
2024-01-10;SK-SECURITY.ru;
2024-01-10;SKACHAT-MOSTBET.ru;
2024-01-10;SKADSICI.ru;
2024-01-10;SKALAMIRONOV.ru;
2024-01-10;SKALYAZIN.ru;
2024-01-10;SKAPEX.ru;
2024-01-10;SKDISPRO.ru;
2024-01-10;SKDOMPLUS.ru;
2024-01-10;SKECHERSALE.ru;
2024-01-10;SKG013.ru;
2024-01-10;SKIDICH.ru;
2024-01-10;SKILLBOX-SCHOOL.ru;
2024-01-10;SKIMSDUPES.ru;
2024-01-10;SKMAGDALINA.ru;
2024-01-10;SKOBICOPHOTO.ru;
2024-01-10;SKOROTEEV.ru;
2024-01-10;SKOTCH-ARMIROVANNYJ-MS.ru;
2024-01-10;SKOTCH-CENA-MS.ru;
2024-01-10;SKOTCH-KUPIT-MOS.ru;
2024-01-10;SKOTCH-KUPIT-MS.ru;
2024-01-10;SKOTCH-OPT-MOS.ru;
2024-01-10;SKRAH.ru;
2024-01-10;SKRYLKOVA.ru;
2024-01-10;SKUPAEM-KNIGI.ru;
2024-01-10;SKYDIVERND.ru;
2024-01-10;SKYGREL19.ru;
2024-01-10;SLAROF.ru;
2024-01-10;SLAVA-JK.ru;
2024-01-10;SLICER03.ru;
2024-01-10;SLIM-X.ru;
2024-01-10;SLITTING.ru;
2024-01-10;SLIVPLUGIN.ru;
2024-01-10;SLLOVOPACCA-1-8.ru;
2024-01-10;SLLOVOPACCA1-8.ru;
2024-01-10;SLLOVOPACCA18.ru;
2024-01-10;SLLOVOPACONA.ru;
2024-01-10;SLONER.ru;
2024-01-10;SLONUNDZAPLIA.ru;
2024-01-10;SLOOVOPACONA.ru;
2024-01-10;SLOTOZAL-INK.ru;
2024-01-10;SLOVO-PAC-QANA.ru;
2024-01-10;SLOVO-PACAVNA.ru;
2024-01-10;SLOVO-PACSANA.ru;
2024-01-10;SLOVO-PACSANA-Q.ru;
2024-01-10;SLOVOPAC-G-OVNO.ru;
2024-01-10;SLOVOPACHERNIA.ru;
2024-01-10;SLOVOPACOVNO.ru;
2024-01-10;SLOVOPACQASA.ru;
2024-01-10;SLOVOPACSANAME.ru;
2024-01-10;SLOVOPACSANARE.ru;
2024-01-10;SLOVOPASONA.ru;
2024-01-10;SLOVOPATSANA-VSE.ru;
2024-01-10;SLOVOTVET.ru;
2024-01-10;SLOW-DANCE.ru;
2024-01-10;SMAGINA-7.ru;
2024-01-10;SMART-AK.ru;
2024-01-10;SMART-TECH-SERVICE.ru;
2024-01-10;SMARTBIG.ru;
2024-01-10;SMARTECHSNAB.ru;
2024-01-10;SMARTFOXCDP.ru;
2024-01-10;SMARTFUELING4.ru;
2024-01-10;SMARTHOMESTYLE3.ru;
2024-01-10;SMARTOPIA.ru;
2024-01-10;SMARTTORNADO.ru;
2024-01-10;SMETA161.ru;
2024-01-10;SMETALILIES72.ru;
2024-01-10;SMM-PR-MARKETING.ru;
2024-01-10;SMMVLADA.ru;
2024-01-10;SMOKERYSPB.ru;
2024-01-10;SMOL633899.ru;
2024-01-10;SMORODOVA.ru;
2024-01-10;SMULGS.ru;
2024-01-10;SNABTEHELIT.ru;
2024-01-10;SNAP-DRESS.ru;
2024-01-10;SNAPDRESS.ru;
2024-01-10;SNEAKERSLOCATION.ru;
2024-01-10;SNEGUROV-FILM.ru;
2024-01-10;SNEID.ru;
2024-01-10;SNETKOV1.ru;
2024-01-10;SNG-DISTRIBUTION.ru;
2024-01-10;SNOWSYNC.ru;
2024-01-10;SNT-SOSNA.ru;
2024-01-10;SO-RAZVITIE-ZOLOTAREVA.ru;
2024-01-10;SOBIRAEM-YROZHAY.ru;
2024-01-10;SOBOL-ANT.ru;
2024-01-10;SOBYTIA-VOOONLIINE.ru;
2024-01-10;SOCBANKROTSTVO.ru;
2024-01-10;SOCHI-PROINVEST.ru;
2024-01-10;SOCHIBAY.ru;
2024-01-10;SOCHIESTATE23.ru;
2024-01-10;SOCHIVIBE.ru;
2024-01-10;SOCIAL-ATMOSPHERE.ru;
2024-01-10;SOCIAL-BALLET-VOTE.ru;
2024-01-10;SOFIA2024.ru;
2024-01-10;SOFT-GLASPRODUKT.ru;
2024-01-10;SOFT98.ru;
2024-01-10;SOFTAK.ru;
2024-01-10;SOFTKIP.ru;
2024-01-10;SOLARIUMEGASUN.ru;
2024-01-10;SOLARSTYLESAVVY6.ru;
2024-01-10;SOLCASINO-DEVELOP2.ru;
2024-01-10;SOLCASINO-GEL3.ru;
2024-01-10;SOLCASINO-HICKLES1.ru;
2024-01-10;SOLCASINO-OCE3.ru;
2024-01-10;SOLING-AGENCY.ru;
2024-01-10;SOLKASINOTOP3.ru;
2024-01-10;SOLO-SOLOMATINA.ru;
2024-01-10;SOLO-VIEW.ru;
2024-01-10;SOLOVYOVY.ru;
2024-01-10;SOM-MARKETING.ru;
2024-01-10;SOMMARKETING.ru;
2024-01-10;SOUL-MSK.ru;
2024-01-10;SOUL-SPB.ru;
2024-01-10;SOULCITYESTATE.ru;
2024-01-10;SOULS-LIKE.ru;
2024-01-10;SOUTHBIKEDESIGN.ru;
2024-01-10;SOVA7.ru;
2024-01-10;SOVMAIL.ru;
2024-01-10;SP-IMPLANTATION.ru;
2024-01-10;SP-VSENA4.ru;
2024-01-10;SPACE-BRAND.ru;
2024-01-10;SPACEBRAND.ru;
2024-01-10;SPACEESTATEAI.ru;
2024-01-10;SPACEGLAMPING.ru;
2024-01-10;SPACESTYLE7ADS.ru;
2024-01-10;SPACEWOMAN.ru;
2024-01-10;SPAKALIPSO.ru;
2024-01-10;SPASALONNALCHIK.ru;
2024-01-10;SPBTOMSK.ru;
2024-01-10;SPBZUB.ru;
2024-01-10;SPEC007.ru;
2024-01-10;SPEC1VPVCHDOBE.ru;
2024-01-10;SPECHELL.ru;
2024-01-10;SPECREMONT-URAL.ru;
2024-01-10;SPECS-STO.ru;
2024-01-10;SPECTEHNIKA37.ru;
2024-01-10;SPEEDKULINAR.ru;
2024-01-10;SPEKTR-ABA-SPB.ru;
2024-01-10;SPERK.ru;
2024-01-10;SPIATKIN.ru;
2024-01-10;SPOKGOROD.ru;
2024-01-10;SPONDULICKS.ru;
2024-01-10;SPORT-ON-LINE.ru;
2024-01-10;SPORTYADS101.ru;
2024-01-10;SPREADSCAN.ru;
2024-01-10;SPSPROJECT.ru;
2024-01-10;SPTK-MOTORS.ru;
2024-01-10;SQUIRRELMAIL.ru;
2024-01-10;SRC-ILIR.ru;
2024-01-10;SRR-FOUNDATION.ru;
2024-01-10;SRV6.ru;
2024-01-10;SS-FIREFOX.ru;
2024-01-10;SSANGYONG-IZMAILOVO.ru;
2024-01-10;SSHAMYKAEV.ru;
2024-01-10;SSHATSKIJ.ru;
2024-01-10;SSHKUT.ru;
2024-01-10;SSK-PROMO.ru;
2024-01-10;SSKRESERV.ru;
2024-01-10;SSNSO.ru;
2024-01-10;SSONOZAKI.ru;
2024-01-10;STAKECASINO1.ru;
2024-01-10;STAKEEEEE-OFFICIAL.ru;
2024-01-10;STALHELP-PC.ru;
2024-01-10;STALKERX.ru;
2024-01-10;STALMACHINE.ru;
2024-01-10;STANDART-TOUR.ru;
2024-01-10;STANISLAV-KLEKOVKIN.ru;
2024-01-10;STARDA-CASINO-BACK2.ru;
2024-01-10;STARDACASINO-GLAZ2.ru;
2024-01-10;STARDACASINO-SNM4.ru;
2024-01-10;STARHOV.ru;
2024-01-10;STARK-PROM.ru;
2024-01-10;STARLIGHTERS.ru;
2024-01-10;STARTVIT.ru;
2024-01-10;STATERUST.ru;
2024-01-10;STATESTATE.ru;
2024-01-10;STAVKI-MOSTBET.ru;
2024-01-10;STCONSALT.ru;
2024-01-10;STE5.ru;
2024-01-10;STEELANTIKOR.ru;
2024-01-10;STEEP-TOURNAMENT.ru;
2024-01-10;STEKLO-NAVES.ru;
2024-01-10;STEP-TWO.ru;
2024-01-10;STEREOSOUP.ru;
2024-01-10;STICK-WOOD.ru;
2024-01-10;STICKERSTAR.ru;
2024-01-10;STICKWOOD.ru;
2024-01-10;STIDIOFLOROOM.ru;
2024-01-10;STIPERKA.ru;
2024-01-10;STK-IMPERIAL.ru;
2024-01-10;STO-DLASVOIH.ru;
2024-01-10;STOM-WEST.ru;
2024-01-10;STOMDISKONT.ru;
2024-01-10;STOMPAVLOVA.ru;
2024-01-10;STOMPLAZA.ru;
2024-01-10;STONE-GARDENMSK.ru;
2024-01-10;STONE-M.ru;
2024-01-10;STOPVAGON.ru;
2024-01-10;STORE-GEELY-PREFACE.ru;
2024-01-10;STOREORF.ru;
2024-01-10;STOSECOND.ru;
2024-01-10;STRATWAY.ru;
2024-01-10;STRAYSOUL.ru;
2024-01-10;STREAMLIXX.ru;
2024-01-10;STRELA-KZN.ru;
2024-01-10;STRELEC-PERMANENTPENZA.ru;
2024-01-10;STRELLKA.ru;
2024-01-10;STRELNIKOVA-TOP.ru;
2024-01-10;STROIKALUX.ru;
2024-01-10;STROIREMCOM.ru;
2024-01-10;STROPHOUSE.ru;
2024-01-10;STROYBAZA-MSK.ru;
2024-01-10;STROYCOMFORT1.ru;
2024-01-10;STROYDOM365.ru;
2024-01-10;STROYSTANDART-MOSCOW.ru;
2024-01-10;STRUCTURE1.ru;
2024-01-10;STUDIO-LEAF.ru;
2024-01-10;STUDIO406.ru;
2024-01-10;STUDIOEXP.ru;
2024-01-10;STUDIOKUHNI58.ru;
2024-01-10;STUDIYA-CHE.ru;
2024-01-10;STUDIYACHE.ru;
2024-01-10;STVTV.ru;
2024-01-10;STYLE-GIRL.ru;
2024-01-10;STYLELABORATORY.ru;
2024-01-10;STYLISTLANSKAYA.ru;
2024-01-10;SUBARU-ZVS.ru;
2024-01-10;SUBKULT.ru;
2024-01-10;SUDYRUS.ru;
2024-01-10;SUGAR-PAPER31.ru;
2024-01-10;SUGARLENA.ru;
2024-01-10;SUH4NOFF4.ru;
2024-01-10;SUHACHEV-WORK.ru;
2024-01-10;SUHAREVA50.ru;
2024-01-10;SUHAREVO-INVEST.ru;
2024-01-10;SULAMA.ru;
2024-01-10;SULOEW.ru;
2024-01-10;SUMERKI-LORDFILMS.ru;
2024-01-10;SUMKIPUPA-ITALY.ru;
2024-01-10;SUNGUI.ru;
2024-01-10;SUPER-ADSBIGDATA.ru;
2024-01-10;SUPERADSBIGDATA.ru;
2024-01-10;SUPERNOVAPENZA.ru;
2024-01-10;SUPERSAFER.ru;
2024-01-10;SUPERSKIDKUS.ru;
2024-01-10;SUPIA.ru;
2024-01-10;SUPPORT-DE-DIETRICH.ru;
2024-01-10;SUSHENTSOVA.ru;
2024-01-10;SVADBA-SERGEY-AND-ANASTASIA.ru;
2024-01-10;SVADBA-SKORO.ru;
2024-01-10;SVADBABAND.ru;
2024-01-10;SVADEBNAYARAPSODIA.ru;
2024-01-10;SVCHERNIKOV.ru;
2024-01-10;SVECHEVAROV.ru;
2024-01-10;SVERLIM21.ru;
2024-01-10;SVETOZARAGRO.ru;
2024-01-10;SVIDANIECITY14.ru;
2024-01-10;SVL1.ru;
2024-01-10;SVNMOSCOW.ru;
2024-01-10;SVNPLUS.ru;
2024-01-10;SVOYATOCHKA.ru;
2024-01-10;SWAN-LAKE-PERFORMANCE.ru;
2024-01-10;SWAN4LAKE.ru;
2024-01-10;SWAN4SWAN-BALLET.ru;
2024-01-10;SWEBSITE.ru;
2024-01-10;SWEETNIKKISWEET.ru;
2024-01-10;SWEETPRINTS.ru;
2024-01-10;SWLEADERS.ru;
2024-01-10;SYDNEY-PRIME-JK.ru;
2024-01-10;SYLOGISTICS.ru;
2024-01-10;SYTNOE-MESTO.ru;
2024-01-10;SYTRONICS.ru;
2024-01-10;SYTRONIX.ru;
2024-01-10;SZ-EVOLUTION.ru;
2024-01-10;SZAKATIY.ru;
2024-01-10;T-I-S.ru;
2024-01-10;T100T.ru;
2024-01-10;T744622.ru;
2024-01-10;TABLEDANCE.ru;
2024-01-10;TACTAMARA-PRO.ru;
2024-01-10;TAGAPOV.ru;
2024-01-10;TAHYR.ru;
2024-01-10;TAKATEVA.ru;
2024-01-10;TAKEPRINT.ru;
2024-01-10;TAMARAEGOROVA.ru;
2024-01-10;TAMARAROZITEST.ru;
2024-01-10;TAMARINKA1405.ru;
2024-01-10;TAN9.ru;
2024-01-10;TANIADIZAINER.ru;
2024-01-10;TANITA8080.ru;
2024-01-10;TANKORUBKA.ru;
2024-01-10;TANTRA-ACADEMY.ru;
2024-01-10;TANUSHKASTARKOVA.ru;
2024-01-10;TAOGOODS.ru;
2024-01-10;TAPOULLI.ru;
2024-01-10;TARAKILLER.ru;
2024-01-10;TARO-MAG.ru;
2024-01-10;TASHAGRI.ru;
2024-01-10;TASHHAQINTENSIVE.ru;
2024-01-10;TASHINHLEB.ru;
2024-01-10;TASKPLUS.ru;
2024-01-10;TASKPLUS-DEV.ru;
2024-01-10;TATIANA-SOROKINA.ru;
2024-01-10;TATJANAVASSARA.ru;
2024-01-10;TATJANAVINOGRADOVA.ru;
2024-01-10;TATSACHE.ru;
2024-01-10;TATYANA-VINOGRADOVA.ru;
2024-01-10;TAXI-PROHLADNY.ru;
2024-01-10;TAXIPLUS62.ru;
2024-01-10;TAYAMNITSA.ru;
2024-01-10;TCODD.ru;
2024-01-10;TDCRANES.ru;
2024-01-10;TDDYMKI.ru;
2024-01-10;TDIFOTOP.ru;
2024-01-10;TDK-96.ru;
2024-01-10;TDURALMASH.ru;
2024-01-10;TEA-DINASTY.ru;
2024-01-10;TEA-DYNASTY.ru;
2024-01-10;TEACHER401.ru;
2024-01-10;TECHDLR.ru;
2024-01-10;TECHNO-DA4A.ru;
2024-01-10;TECHNO-PROSTO.ru;
2024-01-10;TECHNOFEIA2244.ru;
2024-01-10;TECHNOFOCUS.ru;
2024-01-10;TECHNOSYNERGY.ru;
2024-01-10;TECHSTYLE360.ru;
2024-01-10;TEFITET.ru;
2024-01-10;TEHMATE.ru;
2024-01-10;TEHNOHUB-REG.ru;
2024-01-10;TELEFUNS.ru;
2024-01-10;TELEGRANDS.ru;
2024-01-10;TELEGUNS.ru;
2024-01-10;TEMAKROLIK.ru;
2024-01-10;TENDER42.ru;
2024-01-10;TENTHTEST.ru;
2024-01-10;TEPLOZHUKOVSKY.ru;
2024-01-10;TER-MOSESOVA.ru;
2024-01-10;TEREHOVA-WORK.ru;
2024-01-10;TEREK-COSSACKS.ru;
2024-01-10;TERRACEMSK.ru;
2024-01-10;TERRAIMPROVE.ru;
2024-01-10;TERRIONOIL.ru;
2024-01-10;TERSKYKAZAK.ru;
2024-01-10;TEST-CPA-QUEEN.ru;
2024-01-10;TEST186.ru;
2024-01-10;TESTUDY.ru;
2024-01-10;TEXCPEZ.ru;
2024-01-10;TG-API.ru;
2024-01-10;TG-AUTOPOST.ru;
2024-01-10;TG-WOOLDOM.ru;
2024-01-10;TGGEPATITOF.ru;
2024-01-10;TGMONAX.ru;
2024-01-10;TGOSPODINOVA.ru;
2024-01-10;TGSEND.ru;
2024-01-10;THE-7.ru;
2024-01-10;THE-INSTALLER.ru;
2024-01-10;THECOURSES.ru;
2024-01-10;THEDANCE-FLOOR.ru;
2024-01-10;THEDIGITALSHADOW.ru;
2024-01-10;THEFIVE-JK.ru;
2024-01-10;THEGRINMANN.ru;
2024-01-10;THEIR-CROWN.ru;
2024-01-10;THEIR-CROWN24.ru;
2024-01-10;THEMAILSENDS.ru;
2024-01-10;THEMAPLEBAR.ru;
2024-01-10;THEPIEDPIPER.ru;
2024-01-10;THEPOIZON.ru;
2024-01-10;THERAPYHOUSE.ru;
2024-01-10;THERMO-CLOTHES.ru;
2024-01-10;THERMO-CLOTHING.ru;
2024-01-10;THESIZZLESPB.ru;
2024-01-10;THISAUTO.ru;
2024-01-10;THRIFTYTRENDS3.ru;
2024-01-10;TIBEEV.ru;
2024-01-10;TIFMA.ru;
2024-01-10;TIKHIY-DON34.ru;
2024-01-10;TIKTOKTERMINATOR.ru;
2024-01-10;TILDAFOODBAR.ru;
2024-01-10;TILS-4912.ru;
2024-01-10;TIM-RAIL.ru;
2024-01-10;TIMECODETEAM.ru;
2024-01-10;TIMELEADER-RND.ru;
2024-01-10;TIMERBETON16.ru;
2024-01-10;TIMIRYAZEVKA.ru;
2024-01-10;TINCLUSION.ru;
2024-01-10;TINKOFFJUNIOR.ru;
2024-01-10;TIPO-SLON.ru;
2024-01-10;TIPS-3648.ru;
2024-01-10;TISHKIN-PRO.ru;
2024-01-10;TITAN-TRUCK.ru;
2024-01-10;TKHNVHUB.ru;
2024-01-10;TKS-TERMINAL.ru;
2024-01-10;TLIPWORK.ru;
2024-01-10;TLNKMK.ru;
2024-01-10;TM-EC.ru;
2024-01-10;TMEET.ru;
2024-01-10;TMV-AL.ru;
2024-01-10;TOKAREV-IVANKO.ru;
2024-01-10;TOKSYBAEV.ru;
2024-01-10;TOLIMANGROUP.ru;
2024-01-10;TOLMACHPICTURES.ru;
2024-01-10;TOLMACHTV.ru;
2024-01-10;TOLSTOVABRAND.ru;
2024-01-10;TOMATOSICK.ru;
2024-01-10;TOMSK-KEDR.ru;
2024-01-10;TONGSHIFU.ru;
2024-01-10;TOP-EXCHANGE.ru;
2024-01-10;TOP100VTOPE.ru;
2024-01-10;TOP11NEIRONOK.ru;
2024-01-10;TOPAGENCY-SPB.ru;
2024-01-10;TOPAPPLE-NN.ru;
2024-01-10;TOPBEAUTY2024.ru;
2024-01-10;TOPMED-MARKETING.ru;
2024-01-10;TOPTUTUZNAI.ru;
2024-01-10;TOPVOROT45.ru;
2024-01-10;TOPZVONOK.ru;
2024-01-10;TORCHFUEL.ru;
2024-01-10;TORGIATB.ru;
2024-01-10;TORINASCHOOL.ru;
2024-01-10;TOROPYNIN.ru;
2024-01-10;TORY-CLUB.ru;
2024-01-10;TOTAL-LOOK.ru;
2024-01-10;TOTOCOTORU.ru;
2024-01-10;TOUR-PHOTO.ru;
2024-01-10;TOURISM27.ru;
2024-01-10;TPANARINA.ru;
2024-01-10;TPKIMPERYA.ru;
2024-01-10;TRADE-FIN24.ru;
2024-01-10;TRADECOAL.ru;
2024-01-10;TRADEMARKETPRO.ru;
2024-01-10;TRADEVL.ru;
2024-01-10;TRAFFOCSIC2.ru;
2024-01-10;TRANSINVESTPRM.ru;
2024-01-10;TRANZITWB.ru;
2024-01-10;TRAVEL-BINGO.ru;
2024-01-10;TRAVEL-VARLAMOV.ru;
2024-01-10;TRAVELATA-LUBERTSY.ru;
2024-01-10;TRAVELGORIZONT.ru;
2024-01-10;TRAVELTARGET5.ru;
2024-01-10;TRAVELTECHTRENDS2.ru;
2024-01-10;TRAVELVARLAMOV.ru;
2024-01-10;TRILOGAN-RP.ru;
2024-01-10;TRIMETRIX.ru;
2024-01-10;TRIMEXTRADE.ru;
2024-01-10;TRINKET-SHOP.ru;
2024-01-10;TRITIXRU.ru;
2024-01-10;TRIUMPHHR.ru;
2024-01-10;TROPICANAS.ru;
2024-01-10;TROSINDA.ru;
2024-01-10;TROSTINA.ru;
2024-01-10;TROUPES-BALLET.ru;
2024-01-10;TROVS.ru;
2024-01-10;TRUSTCARGO.ru;
2024-01-10;TSARSTVONEPTUNA.ru;
2024-01-10;TSHEETGOODF.ru;
2024-01-10;TSHEETMEDSWISS.ru;
2024-01-10;TSIPLYAEV.ru;
2024-01-10;TSK-AVTODETAL.ru;
2024-01-10;TSUM-MARKETING.ru;
2024-01-10;TSUSY.ru;
2024-01-10;TSVETCKOVA1961.ru;
2024-01-10;TSVETOCHNITSA.ru;
2024-01-10;TSYGANKOV-PRO.ru;
2024-01-10;TT29.ru;
2024-01-10;TTTGG.ru;
2024-01-10;TUHBATOVA.ru;
2024-01-10;TUKTAROVADK.ru;
2024-01-10;TULA-RF.ru;
2024-01-10;TUMANFF.ru;
2024-01-10;TUNING-EXHAUST.ru;
2024-01-10;TURBO-WHEELZ.ru;
2024-01-10;TURDBURGER.ru;
2024-01-10;TURIZM-365.ru;
2024-01-10;TURKTV-LORDFILM.ru;
2024-01-10;TURYNAKAVKAZHOH.ru;
2024-01-10;TUTEM.ru;
2024-01-10;TUVIKS.ru;
2024-01-10;TV-SONY-SPB.ru;
2024-01-10;TVOJPSIHOLOG.ru;
2024-01-10;TVOYMANIK.ru;
2024-01-10;TWO-STEP-BALET.ru;
2024-01-10;TWOAP.ru;
2024-01-10;TYAPLYAP23.ru;
2024-01-10;TYT-CEMENA.ru;
2024-01-10;TYUMEN-UCHCENTER.ru;
2024-01-10;UAVEDU.ru;
2024-01-10;UBRR-CARD.ru;
2024-01-10;UCBLOKPOST.ru;
2024-01-10;UCHETIPORYADOK.ru;
2024-01-10;UESHIMAIKUOXOANG.ru;
2024-01-10;UFOMAILS.ru;
2024-01-10;UIO66.ru;
2024-01-10;UK-AVILON.ru;
2024-01-10;UK-MASTEROK.ru;
2024-01-10;UKTAM.ru;
2024-01-10;ULAN-UDE-DEVKI.ru;
2024-01-10;ULAN-UDE-INDIVIDUALKA.ru;
2024-01-10;ULAN-UDE-INDIVIDUALKI.ru;
2024-01-10;ULYANASHAROVA.ru;
2024-01-10;UMAREKAWARI.ru;
2024-01-10;UMBRELLAANAPA.ru;
2024-01-10;UMTSIK.ru;
2024-01-10;UNCONTROLLED.ru;
2024-01-10;UNDEFINEDTONI.ru;
2024-01-10;UNI-PREMIERAUTO.ru;
2024-01-10;UNISTROIVBG.ru;
2024-01-10;UNITHUB.ru;
2024-01-10;UNITSERVER.ru;
2024-01-10;UNIVERSITATES.ru;
2024-01-10;UNIXDB.ru;
2024-01-10;UNTRACT.ru;
2024-01-10;UPANDLEAD.ru;
2024-01-10;UPMOVIE.ru;
2024-01-10;UPPAYS.ru;
2024-01-10;UR-ENERGO.ru;
2024-01-10;URA-TOUR.ru;
2024-01-10;URAL-AUTOIMPORT.ru;
2024-01-10;URALMETALLSERVICE.ru;
2024-01-10;URBANARTADS8.ru;
2024-01-10;URBANCULTFEST.ru;
2024-01-10;URBANECOADS4U.ru;
2024-01-10;URIST-PRAV.ru;
2024-01-10;URIST-PRAVA.ru;
2024-01-10;URISTZAPRAVA.ru;
2024-01-10;URSAGAMES.ru;
2024-01-10;USADBAKRASNAYA.ru;
2024-01-10;USERCOM-TEAM.ru;
2024-01-10;USHARAEVA.ru;
2024-01-10;USKOVA2024.ru;
2024-01-10;USLANDO.ru;
2024-01-10;USOFFOSTORE.ru;
2024-01-10;USPEH2024.ru;
2024-01-10;USPEH7.ru;
2024-01-10;USTANOVKA-MEZHKOMNATNIH-DVEREI.ru;
2024-01-10;USTANOVKAKONDITSIONERA.ru;
2024-01-10;USTYAKIN.ru;
2024-01-10;UXIO.ru;
2024-01-10;UYTMARKET.ru;
2024-01-10;UYUTPARK.ru;
2024-01-10;UZHKURIS.ru;
2024-01-10;UZNAI-VSETUT.ru;
2024-01-10;V-CG.ru;
2024-01-10;V-MMLAB.ru;
2024-01-10;V-MOSKALEV.ru;
2024-01-10;V-OBED.ru;
2024-01-10;V789.ru;
2024-01-10;VA-ADAEV.ru;
2024-01-10;VABES.ru;
2024-01-10;VACCATALOGUE.ru;
2024-01-10;VAGANY.ru;
2024-01-10;VAGONCHIK-BANYA.ru;
2024-01-10;VALENTINAATOMY.ru;
2024-01-10;VALENTINAHOME.ru;
2024-01-10;VALERIPERMANENT.ru;
2024-01-10;VALISHEV215.ru;
2024-01-10;VALNOUT.ru;
2024-01-10;VAM-ZAEMI.ru;
2024-01-10;VAMIROVA.ru;
2024-01-10;VANAVARA84.ru;
2024-01-10;VANFUN.ru;
2024-01-10;VANGOGJIV23.ru;
2024-01-10;VANILLABOX.ru;
2024-01-10;VANN-REST.ru;
2024-01-10;VAPEBOOM.ru;
2024-01-10;VAPEYOU.ru;
2024-01-10;VAPTEKE1.ru;
2024-01-10;VARIKOZRUSSIA.ru;
2024-01-10;VARLAMOV-TRAVEL.ru;
2024-01-10;VARLAMOVTRAVEL.ru;
2024-01-10;VARME-OPT.ru;
2024-01-10;VAROLS.ru;
2024-01-10;VAROMANOFF.ru;
2024-01-10;VARSHAVSKIE-MENU.ru;
2024-01-10;VARVARA-MODEL.ru;
2024-01-10;VASH-ORTO-SHOP.ru;
2024-01-10;VASHDOMBITA.ru;
2024-01-10;VASILY-STAROSTIN.ru;
2024-01-10;VASKEEVA.ru;
2024-01-10;VATAILOR.ru;
2024-01-10;VAZZART.ru;
2024-01-10;VBLYASHIN.ru;
2024-01-10;VBOGART.ru;
2024-01-10;VBUDAN.ru;
2024-01-10;VCWEATHER.ru;
2024-01-10;VDEDIKOV.ru;
2024-01-10;VDEMKIN51.ru;
2024-01-10;VDOVINA-TOP.ru;
2024-01-10;VEDAPULSEKB.ru;
2024-01-10;VEDYPROSTO.ru;
2024-01-10;VEGANGURMAN.ru;
2024-01-10;VENCIBLOG.ru;
2024-01-10;VENSFIT.ru;
2024-01-10;VENTILYACIYA51.ru;
2024-01-10;VERA-ORLOVA.ru;
2024-01-10;VERTIKAL-18.ru;
2024-01-10;VESELOVA-WEDDING.ru;
2024-01-10;VESNA-TECH.ru;
2024-01-10;VESOBNA.ru;
2024-01-10;VET-RITUAL-DOLGOPRUDNY.ru;
2024-01-10;VEVSYUKOV.ru;
2024-01-10;VEXVANILLA.ru;
2024-01-10;VFOMINTSEV.ru;
2024-01-10;VGM88.ru;
2024-01-10;VGNO.ru;
2024-01-10;VHARITONCHIK.ru;
2024-01-10;VI-7.ru;
2024-01-10;VI-CARD.ru;
2024-01-10;VIBITSSEN.ru;
2024-01-10;VIBITSTIT.ru;
2024-01-10;VICSMI.ru;
2024-01-10;VICTORZORIN.ru;
2024-01-10;VICVIC.ru;
2024-01-10;VIDMAIL.ru;
2024-01-10;VIKTORIAATOMY.ru;
2024-01-10;VIKTORIAHOLIDAY.ru;
2024-01-10;VILMASTROY.ru;
2024-01-10;VILVM.ru;
2024-01-10;VIN-D.ru;
2024-01-10;VINGORUS.ru;
2024-01-10;VINGORUSS.ru;
2024-01-10;VINODIVINO.ru;
2024-01-10;VINTAGEVOGUE10.ru;
2024-01-10;VINTSVAIPERM.ru;
2024-01-10;VIP-ADS.ru;
2024-01-10;VIP-DOMIKI.ru;
2024-01-10;VIP-REM.ru;
2024-01-10;VISHNEV-1.ru;
2024-01-10;VISHNEWSKAIA.ru;
2024-01-10;VISIONCREATE.ru;
2024-01-10;VISIONPRO3.ru;
2024-01-10;VISITSTAVROPOL.ru;
2024-01-10;VISUAL-JOURNAL.ru;
2024-01-10;VITALIYKOLOTEV.ru;
2024-01-10;VITAMINBA.ru;
2024-01-10;VITIAZ-OFFICE.ru;
2024-01-10;VIVOZ-OTHODOV.ru;
2024-01-10;VIVOZIM-MUSOR-V-MOSKVE.ru;
2024-01-10;VIZITWEB.ru;
2024-01-10;VK-ANTIBAN.ru;
2024-01-10;VKKONKYRS2024.ru;
2024-01-10;VKMODUS.ru;
2024-01-10;VKUSNIYA.ru;
2024-01-10;VLADISLAVOSTAPENKO.ru;
2024-01-10;VLADKOTOV.ru;
2024-01-10;VLASTELIN-KOLETS-LORDFILMS.ru;
2024-01-10;VLASTELINKOLCA.ru;
2024-01-10;VLATLAKI.ru;
2024-01-10;VLDOS.ru;
2024-01-10;VMESTE-MISHA.ru;
2024-01-10;VMGALLERY.ru;
2024-01-10;VMORGACHEV.ru;
2024-01-10;VNEVROV.ru;
2024-01-10;VNSANTEH.ru;
2024-01-10;VODBGR.ru;
2024-01-10;VODOVOROT-ACADEMIC.ru;
2024-01-10;VOEVODINA71PRO-BIZ.ru;
2024-01-10;VOGIMU.ru;
2024-01-10;VOIDCOIN.ru;
2024-01-10;VOKHMYANIN.ru;
2024-01-10;VOLKOVASTORE.ru;
2024-01-10;VOLNA-CASINO-LINE4.ru;
2024-01-10;VOLNACASINO-GRAP16.ru;
2024-01-10;VOLNACASINO-ONL6.ru;
2024-01-10;VOLNACASINO-POD6.ru;
2024-01-10;VOLNACASINO-RSW12.ru;
2024-01-10;VOLNACASINO-RSW13.ru;
2024-01-10;VOLNACASINO-ST3.ru;
2024-01-10;VOLNAPRODUCTION.ru;
2024-01-10;VOLODIN2036.ru;
2024-01-10;VOLOGDA-INDIVIDUALKA.ru;
2024-01-10;VOLTAPROM.ru;
2024-01-10;VOODIASD4.ru;
2024-01-10;VOPROSIKI-ZDES.ru;
2024-01-10;VOPROSINFORM.ru;
2024-01-10;VORKUTAAA.ru;
2024-01-10;VOROZHEIIA.ru;
2024-01-10;VOSTANOVLU-7.ru;
2024-01-10;VOSTOKKAFE.ru;
2024-01-10;VOSTOKPORT.ru;
2024-01-10;VOTE-MYCHAMP.ru;
2024-01-10;VOXACADEMY.ru;
2024-01-10;VOXHALL-JK.ru;
2024-01-10;VOZLEEVA.ru;
2024-01-10;VP-AUTO.ru;
2024-01-10;VPC-CONSULT-KOTT.ru;
2024-01-10;VPIATKIN.ru;
2024-01-10;VPN-006.ru;
2024-01-10;VPNPROO100.ru;
2024-01-10;VPORY.ru;
2024-01-10;VPS-THIRTEEN.ru;
2024-01-10;VRASKIN.ru;
2024-01-10;VREMAPIVA.ru;
2024-01-10;VREMYAPIVA.ru;
2024-01-10;VS2024.ru;
2024-01-10;VSDEVOPS.ru;
2024-01-10;VSE-CHASTI-LORDFILM.ru;
2024-01-10;VSE-PC.ru;
2024-01-10;VSE-PRUZHINI.ru;
2024-01-10;VSE-SHOW.ru;
2024-01-10;VSEBANIGORODA.ru;
2024-01-10;VSEPESENKI.ru;
2024-01-10;VSEROSSIYSKOESOREVNOVANIE24.ru;
2024-01-10;VSESVOE42.ru;
2024-01-10;VSEVDESIGN.ru;
2024-01-10;VSNAP.ru;
2024-01-10;VSTERH.ru;
2024-01-10;VSTRECHA18.ru;
2024-01-10;VTB-000101.ru;
2024-01-10;VTB24-LUXFROX.ru;
2024-01-10;VTIMP.ru;
2024-01-10;VTOROYDOMEN57.ru;
2024-01-10;VTSYGANOVA.ru;
2024-01-10;VULKANMAIL.ru;
2024-01-10;VV324.ru;
2024-01-10;VVNEUGODOVA.ru;
2024-01-10;VYAZUNYA.ru;
2024-01-10;VYGODABANK.ru;
2024-01-10;VYGODAZAIM.ru;
2024-01-10;VYKUP-KVARTIR-MOSKVA.ru;
2024-01-10;VYKUPAEM-KNIGI.ru;
2024-01-10;VYVOZ-GRUNTA77.ru;
2024-01-10;W-PAANEEL.ru;
2024-01-10;W1PNG.ru;
2024-01-10;WABMAIL.ru;
2024-01-10;WALLETRUB.ru;
2024-01-10;WALUNA.ru;
2024-01-10;WAOS-SOFT.ru;
2024-01-10;WAPANELS.ru;
2024-01-10;WAR-T.ru;
2024-01-10;WARCACHE.ru;
2024-01-10;WARMCONTACT.ru;
2024-01-10;WAS-JA.ru;
2024-01-10;WASTILOG.ru;
2024-01-10;WATCHES-STORE.ru;
2024-01-10;WATCHSPEC.ru;
2024-01-10;WATMANAGER.ru;
2024-01-10;WATREQ.ru;
2024-01-10;WATSYUK.ru;
2024-01-10;WAYCES.ru;
2024-01-10;WAYLEPAY.ru;
2024-01-10;WBATTLE.ru;
2024-01-10;WCSITY.ru;
2024-01-10;WCW-RU.ru;
2024-01-10;WEB-HOSTINGI24.ru;
2024-01-10;WEB-KAYQER.ru;
2024-01-10;WEBHOSTING-INFO.ru;
2024-01-10;WEBINARTIME.ru;
2024-01-10;WEBRC.ru;
2024-01-10;WEBSERVER-DEV.ru;
2024-01-10;WEBTELEGRARN.ru;
2024-01-10;WELL-MONITOR.ru;
2024-01-10;WELL-SIDEMSK.ru;
2024-01-10;WELLNESSADWEAR5.ru;
2024-01-10;WELLSIDE-DELUXE.ru;
2024-01-10;WELLSIDE-ELIT.ru;
2024-01-10;WELLSIDE-MSK.ru;
2024-01-10;WELLSIDE-SALE.ru;
2024-01-10;WEPRICE.ru;
2024-01-10;WEY-BORISHOF.ru;
2024-01-10;WHATSAKK.ru;
2024-01-10;WHATSARR.ru;
2024-01-10;WHATSEPEN.ru;
2024-01-10;WHATSW.ru;
2024-01-10;WHITEPHOENIX-CHARITY.ru;
2024-01-10;WHYPODG.ru;
2024-01-10;WHYZ.ru;
2024-01-10;WIFI-7.ru;
2024-01-10;WILDBERRIES-B2B.ru;
2024-01-10;WILDLEATHER.ru;
2024-01-10;WILDWESTGOLDSLOT.ru;
2024-01-10;WILL-ASSIST.ru;
2024-01-10;WIREHUB.ru;
2024-01-10;WIRELESS-FAN.ru;
2024-01-10;WIRUTEX-INSTRUMENT.ru;
2024-01-10;WIT333.ru;
2024-01-10;WITCHER-2.ru;
2024-01-10;WLTHR.ru;
2024-01-10;WMANAGER.ru;
2024-01-10;WMZBANK.ru;
2024-01-10;WOBIS-MSK.ru;
2024-01-10;WOO-FOREST.ru;
2024-01-10;WOOIMPORT.ru;
2024-01-10;WORKOUT72.ru;
2024-01-10;WOWBALKON.ru;
2024-01-10;WOWSHOWEVENT.ru;
2024-01-10;WPORTED.ru;
2024-01-10;WRYDGEE.ru;
2024-01-10;WSLP.ru;
2024-01-10;WWWANNABABBA.ru;
2024-01-10;WWWMADINAFOODS.ru;
2024-01-10;WWWWALLETRUB.ru;
2024-01-10;X-CASINO-SITE.ru;
2024-01-10;X-CASINO-SLOT.ru;
2024-01-10;X-CASINO-SLOTS.ru;
2024-01-10;X-CASINOX16.ru;
2024-01-10;X-E-P.ru;
2024-01-10;X-PRINTER.ru;
2024-01-10;XARCHEV.ru;
2024-01-10;XDOSUG-NIZHNIJ-TAGIL.ru;
2024-01-10;XDOSUG-SARANSKA.ru;
2024-01-10;XI-AOMI.ru;
2024-01-10;XIAOMI-PARTS.ru;
2024-01-10;XNDK.ru;
2024-01-10;XNTWRK.ru;
2024-01-10;XOJIAKBAR.ru;
2024-01-10;XPLAY-CASINOX1000.ru;
2024-01-10;XPLAY-CASINOX666.ru;
2024-01-10;XRUSTARS.ru;
2024-01-10;XSENIYAHEAL.ru;
2024-01-10;XULIGAN2312.ru;
2024-01-10;XWYZ.ru;
2024-01-10;XYWH.ru;
2024-01-10;YA-JOBS.ru;
2024-01-10;YA-LIL-KARLIK.ru;
2024-01-10;YA1985.ru;
2024-01-10;YA4YRKA.ru;
2024-01-10;YABLOKOVBLR.ru;
2024-01-10;YACHTSPAIN.ru;
2024-01-10;YAFII.ru;
2024-01-10;YAGOD.ru;
2024-01-10;YANAPERLOVA.ru;
2024-01-10;YANDEEX-PAY.ru;
2024-01-10;YANDELENA.ru;
2024-01-10;YANDEX-CTT.ru;
2024-01-10;YANDEX-LC.ru;
2024-01-10;YANDEXRUSSIA.ru;
2024-01-10;YARKOV-GAMES.ru;
2024-01-10;YAROGOV.ru;
2024-01-10;YASH04KA.ru;
2024-01-10;YASHOW.ru;
2024-01-10;YASNOGORSKYPROSTORY.ru;
2024-01-10;YASOSTOYANIYA.ru;
2024-01-10;YAXUESOS.ru;
2024-01-10;YBOEVA.ru;
2024-01-10;YELLO-INVEST.ru;
2024-01-10;YELLOW-SITE.ru;
2024-01-10;YELO-INVEST.ru;
2024-01-10;YESEDOMENI.ru;
2024-01-10;YESLIB.ru;
2024-01-10;YESYESBRAND.ru;
2024-01-10;YGADAY.ru;
2024-01-10;YLO-INVEST.ru;
2024-01-10;YLOINVEST.ru;
2024-01-10;YOGA-FERMA.ru;
2024-01-10;YOULA-TEAMS.ru;
2024-01-10;YOULIBRARY.ru;
2024-01-10;YOUR-LAWS.ru;
2024-01-10;YOURREALTORMSK.ru;
2024-01-10;YOURWAYCHINA.ru;
2024-01-10;YPERFECT-FITNESS.ru;
2024-01-10;YROZENBERG.ru;
2024-01-10;YSAMOV.ru;
2024-01-10;YSHIRYAEV.ru;
2024-01-10;YTVIEWS.ru;
2024-01-10;YUELAGIN.ru;
2024-01-10;YULIAFOKINA.ru;
2024-01-10;YULIAKARPOVA.ru;
2024-01-10;YULISOD.ru;
2024-01-10;YULIYAZAKHAROVA.ru;
2024-01-10;YULM.ru;
2024-01-10;YUMMY-CASE.ru;
2024-01-10;YUMMYCASE.ru;
2024-01-10;YURIST-IZI-54.ru;
2024-01-10;YURIST-KONSULTACIYA-MSK1.ru;
2024-01-10;YURIVOROBEV.ru;
2024-01-10;YUSHKA.ru;
2024-01-10;YUZHAKOV88.ru;
2024-01-10;YZOZULYA.ru;
2024-01-10;Z-TSENTR.ru;
2024-01-10;Z1210.ru;
2024-01-10;Z51597.ru;
2024-01-10;ZA-GOLOS.ru;
2024-01-10;ZA-GROSHI.ru;
2024-01-10;ZA1MICHOK.ru;
2024-01-10;ZAGIDULLINILDAR.ru;
2024-01-10;ZAGOLOS.ru;
2024-01-10;ZAGORODNAIAZHIZN.ru;
2024-01-10;ZAGRUZCHIKBIGBEGOV.ru;
2024-01-10;ZAHIDULLIN.ru;
2024-01-10;ZAIKROY.ru;
2024-01-10;ZAIM-KREO.ru;
2024-01-10;ZAIMCASHH.ru;
2024-01-10;ZAIMKB.ru;
2024-01-10;ZAIMRF.ru;
2024-01-10;ZAIMSELO.ru;
2024-01-10;ZAITSEVS.ru;
2024-01-10;ZAITSV.ru;
2024-01-10;ZAJMON.ru;
2024-01-10;ZAK52.ru;
2024-01-10;ZAKAZ7373.ru;
2024-01-10;ZAKHAROV-SA.ru;
2024-01-10;ZAMENIT-OKNA.ru;
2024-01-10;ZAP4A.ru;
2024-01-10;ZAPCHASTI-SCANIA.ru;
2024-01-10;ZAR-HOSTYURAK.ru;
2024-01-10;ZASLIVKAMI.ru;
2024-01-10;ZAVALAL28.ru;
2024-01-10;ZAY4TSEV.ru;
2024-01-10;ZCONTROL.ru;
2024-01-10;ZDESZNAIMVSE.ru;
2024-01-10;ZDOROVLAB.ru;
2024-01-10;ZDOROVYEOKNA.ru;
2024-01-10;ZDREVABYT.ru;
2024-01-10;ZEBRADENGI.ru;
2024-01-10;ZEEHO-OFFICIAL.ru;
2024-01-10;ZEEHOO.ru;
2024-01-10;ZEEHOOFFICIAL.ru;
2024-01-10;ZEEHORUSSIA.ru;
2024-01-10;ZEFIRBOUQUET.ru;
2024-01-10;ZELENOV22.ru;
2024-01-10;ZENADFASHION5.ru;
2024-01-10;ZERKALO-CASINOX540.ru;
2024-01-10;ZERKALO-STAKE.ru;
2024-01-10;ZERKALOJOYCASINO9.ru;
2024-01-10;ZEROLUCK.ru;
2024-01-10;ZHARKOV66.ru;
2024-01-10;ZHELEZHELP-PC.ru;
2024-01-10;ZHIBAREV.ru;
2024-01-10;ZHIVMAR.ru;
2024-01-10;ZHIVOVR.ru;
2024-01-10;ZHUKOV-VU.ru;
2024-01-10;ZHZARUBINA.ru;
2024-01-10;ZIATOL.ru;
2024-01-10;ZIMBULYA.ru;
2024-01-10;ZIPASHOP.ru;
2024-01-10;ZIUZINA.ru;
2024-01-10;ZIXUAN.ru;
2024-01-10;ZJIOUEHOT.ru;
2024-01-10;ZLATA-T.ru;
2024-01-10;ZOLELE.ru;
2024-01-10;ZOLOLYES.ru;
2024-01-10;ZONA-KOMFORTA-3.ru;
2024-01-10;ZONAKOMFORTA3.ru;
2024-01-10;ZONES-CASINO2.ru;
2024-01-10;ZOOMAGAZIN-NOSIKI.ru;
2024-01-10;ZOOMWEB.ru;
2024-01-10;ZOVLA.ru;
2024-01-10;ZOYEJEWELRY.ru;
2024-01-10;ZOZH365.ru;
2024-01-10;ZUBERMAN.ru;
2024-01-10;ZUBR-IRKUTSK.ru;
2024-01-10;ZUFAPIXEL.ru;
2024-01-10;ZVPJ-7.ru;
2024-01-10;ZVZ5.ru;
2024-01-10;ZYEVOHELP-PC.ru;
2024-01-10;ZZXZ.ru;
