дата;домен
10.01.2024;005K.ru
10.01.2024;007-LORDFILMS.ru
10.01.2024;090124RR.ru
10.01.2024;101INVEST.ru
10.01.2024;108BM.ru
10.01.2024;109-7-109.ru
10.01.2024;10SIMJON.ru
10.01.2024;12-V.ru
10.01.2024;1300JOYCASINO.ru
10.01.2024;1337TOMSK.ru
10.01.2024;142784.ru
10.01.2024;144011.ru
10.01.2024;1493.ru
10.01.2024;14MIN.ru
10.01.2024;159RU.ru
10.01.2024;174AUTO.ru
10.01.2024;19TEST.ru
10.01.2024;1CASINO-FRESH.ru
10.01.2024;1POBEDA-CASINOV2.ru
10.01.2024;1STEXPERTBUH.ru
10.01.2024;1T2E3S4T.ru
10.01.2024;1WIN-APK-FREE.ru
10.01.2024;1WIN-BK-CASINO.ru
10.01.2024;1WIN-DOWNLOAD-APK.ru
10.01.2024;1WINCAZINO.ru
10.01.2024;1XJOYCASINO-COM.ru
10.01.2024;2003065.ru
10.01.2024;23GIFTS.ru
10.01.2024;23KROVATKI.ru
10.01.2024;240710.ru
10.01.2024;24159RU.ru
10.01.2024;24ADVOKATOV.ru
10.01.2024;24INFONALOG.ru
10.01.2024;24PODR.ru
10.01.2024;24SYS.ru
10.01.2024;24TEKE.ru
10.01.2024;24YOULA.ru
10.01.2024;24YOULA24.ru
10.01.2024;25K-MEDIA.ru
10.01.2024;260790.ru
10.01.2024;2685210.ru
10.01.2024;2BARD.ru
10.01.2024;2BOROFF.ru
10.01.2024;2FERMERA.ru
10.01.2024;2POVOROTA.ru
10.01.2024;315820.ru
10.01.2024;3384.ru
10.01.2024;33HOTELS.ru
10.01.2024;34GORGAS.ru
10.01.2024;3600000.ru
10.01.2024;373737.ru
10.01.2024;393360.ru
10.01.2024;3DBELKA.ru
10.01.2024;3OHA.ru
10.01.2024;3US-STUDIO.ru
10.01.2024;3XLOVE.ru
10.01.2024;44443.ru
10.01.2024;45GOV.ru
10.01.2024;495-DOSKA.ru
10.01.2024;495-MEBEL.ru
10.01.2024;4GLAZA31.ru
10.01.2024;4KMAIL.ru
10.01.2024;4PLANA.ru
10.01.2024;50K-SLOBODA.ru
10.01.2024;52REG.ru
10.01.2024;53EA.ru
10.01.2024;568866.ru
10.01.2024;585CATALOG.ru
10.01.2024;5MINUT8.ru
10.01.2024;5PLANOV.ru
10.01.2024;6-66.ru
10.01.2024;6836438.ru
10.01.2024;6A6KA.ru
10.01.2024;7-OKEAN.ru
10.01.2024;71241.ru
10.01.2024;72HC.ru
10.01.2024;777-CASINOX550.ru
10.01.2024;77DEN77.ru
10.01.2024;78EPS.ru
10.01.2024;78KKKA.ru
10.01.2024;78ZMK.ru
10.01.2024;88-D.ru
10.01.2024;89526493164592D74D.ru
10.01.2024;8SLOVOPACONA.ru
10.01.2024;911-SAT.ru
10.01.2024;9433.ru
10.01.2024;97577.ru
10.01.2024;991112.ru
10.01.2024;A-A-KAZ.ru
10.01.2024;A-GIFTS.ru
10.01.2024;A-KUDASHKIN.ru
10.01.2024;A-MPRP.ru
10.01.2024;A-V-Y.ru
10.01.2024;A-VILLAGE.ru
10.01.2024;A23GOLD.ru
10.01.2024;A4SVETO.ru
10.01.2024;AACAUTO.ru
10.01.2024;AAKASIMOV.ru
10.01.2024;AAKMAN.ru
10.01.2024;AAPODOLSKIY.ru
10.01.2024;AAV01.ru
10.01.2024;ABARCHITECTS.ru
10.01.2024;ABARSKIH.ru
10.01.2024;ABB-ACS.ru
10.01.2024;ABDUFATTOKHOV.ru
10.01.2024;ABDUL-KHALID.ru
10.01.2024;ABERES.ru
10.01.2024;ABKHAZIA-RELAX.ru
10.01.2024;ABKOREA.ru
10.01.2024;ABOOKLIB.ru
10.01.2024;ABOUTHOSTINGS.ru
10.01.2024;ABRATCHIKOV.ru
10.01.2024;ABRNBONUSEMOCAO.ru
10.01.2024;ABRNCONQUIJOGS.ru
10.01.2024;ABRNEMOCAOJO.ru
10.01.2024;ABRNJOGADOLITE.ru
10.01.2024;ABRNJOGOSBONUS.ru
10.01.2024;ABRNREIDOSJOGOS.ru
10.01.2024;ABRNVENCEDOR.ru
10.01.2024;ABRNVIRAVENTURA.ru
10.01.2024;ABROSIMOV-VIDEO.ru
10.01.2024;ABSOLUTHOTELKLG.ru
10.01.2024;ABSOLUTPOTOLOK.ru
10.01.2024;ABUZ1WIN.ru
10.01.2024;AC-BEREGOVOI.ru
10.01.2024;ACADEMY-TANTRA.ru
10.01.2024;ACADEMY100X.ru
10.01.2024;ACANDANAT.ru
10.01.2024;ACASLIGHT.ru
10.01.2024;ACAYAZI.ru
10.01.2024;ACCOUNTBURG.ru
10.01.2024;ACHISTYAKOFF.ru
10.01.2024;ACIDMINE.ru
10.01.2024;ACTIVITO.ru
10.01.2024;AD-RM.ru
10.01.2024;ADCHERLO.ru
10.01.2024;ADDISAN.ru
10.01.2024;ADELF.ru
10.01.2024;ADELI-BR.ru
10.01.2024;ADGAMING5ZONE.ru
10.01.2024;ADIMPRESSION.ru
10.01.2024;ADM-ORDYNSK.ru
10.01.2024;ADM39.ru
10.01.2024;ADMIN-IUGOV.ru
10.01.2024;ADRJAGINA.ru
10.01.2024;ADS-BOSS.ru
10.01.2024;ADS-INNOVATION.ru
10.01.2024;ADS-SUPER.ru
10.01.2024;ADSBIGDATA.ru
10.01.2024;ADSBIGDATA-CENTR.ru
10.01.2024;ADSBIGDATA-INFO.ru
10.01.2024;ADSBIGDATA-ONLINE.ru
10.01.2024;ADSBIGDATA-PLUS.ru
10.01.2024;ADSBIGDATA-PRO.ru
10.01.2024;ADSBIGDATACENTR.ru
10.01.2024;ADSBIGDATAINFO.ru
10.01.2024;ADSBIGDATAONLINE.ru
10.01.2024;ADSBIGDATAPLUS.ru
10.01.2024;ADSBIGDATAPRO.ru
10.01.2024;ADSBIGDATASHOP.ru
10.01.2024;ADVAITAVE.ru
10.01.2024;ADVANTAPEREVOD.ru
10.01.2024;ADVCAMPER.ru
10.01.2024;ADVENTURE-ZONE.ru
10.01.2024;ADVENTUREADSX9.ru
10.01.2024;ADVLOCO.ru
10.01.2024;ADVOKAT-LEVITSKY.ru
10.01.2024;ADVOKATCHERNYSHOV.ru
10.01.2024;ADVOKATYZAPRAVA.ru
10.01.2024;ADVOKATZAPRAVA.ru
10.01.2024;AELTSOVA.ru
10.01.2024;AER-BAE.ru
10.01.2024;AERO-TT.ru
10.01.2024;AFENIKS.ru
10.01.2024;AFGRIBKOV.ru
10.01.2024;AFISHAMOSREG.ru
10.01.2024;AFK-175.ru
10.01.2024;AFTERLUNCH.ru
10.01.2024;AFTMARYL.ru
10.01.2024;AFVAS701.ru
10.01.2024;AGANCY-PRO.ru
10.01.2024;AGARKOVA1.ru
10.01.2024;AGIMI.ru
10.01.2024;AGNITORY-7.ru
10.01.2024;AGORJAEVA.ru
10.01.2024;AGRISTAR.ru
10.01.2024;AGROKLIMAT-74.ru
10.01.2024;AGROMAHSTROY.ru
10.01.2024;AGRUMART.ru
10.01.2024;AHMF.ru
10.01.2024;AI-KNOW-HOW.ru
10.01.2024;AIARTPRO.ru
10.01.2024;AIBEFUTURE.ru
10.01.2024;AIFINPROFIT.ru
10.01.2024;AIKNOWHOW.ru
10.01.2024;AIM2.ru
10.01.2024;AIPOZDRAV.ru
10.01.2024;AIRATMUSIN.ru
10.01.2024;AIT-SCHOOL.ru
10.01.2024;AIVANOV-HOMELAB.ru
10.01.2024;AIWEBHELPER.ru
10.01.2024;AJOUR55.ru
10.01.2024;AJPSYM.ru
10.01.2024;AKALINICHEV.ru
10.01.2024;AKARIH.ru
10.01.2024;AKGKTK.ru
10.01.2024;AKIREY.ru
10.01.2024;AKKUMAVTO.ru
10.01.2024;AKNULOONK.ru
10.01.2024;AKORIUKIN.ru
10.01.2024;AKORZIK.ru
10.01.2024;AKRYGIN.ru
10.01.2024;AKSEP.ru
10.01.2024;AKTIV77.ru
10.01.2024;AKTIVSANTEH.ru
10.01.2024;AKULA-HOSTING.ru
10.01.2024;AKUNTSOV.ru
10.01.2024;AKUPIPRODAI.ru
10.01.2024;AL-HAMRA.ru
10.01.2024;ALA-TOUR.ru
10.01.2024;ALATOUR.ru
10.01.2024;ALBERTSH.ru
10.01.2024;ALEKHINAAS.ru
10.01.2024;ALEKIGNATJEV.ru
10.01.2024;ALEKSEENKOV-PRO.ru
10.01.2024;ALEKSEEVA-PRONALOGI.ru
10.01.2024;ALENA28KUZNETSOVA.ru
10.01.2024;ALENAFINANCY.ru
10.01.2024;ALEXANDER20521.ru
10.01.2024;ALEXANDERKALININ.ru
10.01.2024;ALEXBELYH.ru
10.01.2024;ALEXEY-KUKLEV.ru
10.01.2024;ALEXEY-YAROSHENKO.ru
10.01.2024;ALEXNIKIF0ROVA.ru
10.01.2024;ALFA-AI.ru
10.01.2024;ALFA-GROUP-CONSTRUCTION.ru
10.01.2024;ALFA-KHIMKI.ru
10.01.2024;ALFASEW24.ru
10.01.2024;ALFRAX.ru
10.01.2024;ALGOFLORA.ru
10.01.2024;ALIANS-SIBIR.ru
10.01.2024;ALIBABAPE.ru
10.01.2024;ALICEGHOME.ru
10.01.2024;ALIENC.ru
10.01.2024;ALIFE-INVEST.ru
10.01.2024;ALIKALOLVOV.ru
10.01.2024;ALIYAM.ru
10.01.2024;ALIZADESABINA.ru
10.01.2024;ALL-MOLDS.ru
10.01.2024;ALLAGORBATOVA.ru
10.01.2024;ALLBAYUZ.ru
10.01.2024;ALLNONOGRAMS.ru
10.01.2024;ALLSTOCKS.ru
10.01.2024;ALMAZ-SKAT.ru
10.01.2024;ALMAZEXPORT.ru
10.01.2024;ALOARENDA.ru
10.01.2024;ALP-NEW.ru
10.01.2024;ALPHA-MEKONG.ru
10.01.2024;ALPNEW.ru
10.01.2024;ALTERGEIST.ru
10.01.2024;ALTUMGRP.ru
10.01.2024;AM178.ru
10.01.2024;AM911.ru
10.01.2024;AMELEKHOVETS.ru
10.01.2024;AMG-PORTAL.ru
10.01.2024;AMIDECANDLE.ru
10.01.2024;AMIGO-FEDORCHUK.ru
10.01.2024;AMIKHALKO.ru
10.01.2024;AMIRONIKO-1DAY.ru
10.01.2024;AMP-CARAUDIO.ru
10.01.2024;AMT-ENDO.ru
10.01.2024;AMT-GASTROGUSS.ru
10.01.2024;AMUREKO.ru
10.01.2024;ANALYZECONNECTIONS.ru
10.01.2024;ANARTCOMPANY.ru
10.01.2024;ANASTASIJA-GOLUBEVA.ru
10.01.2024;ANASTASIJA-IVANOVA.ru
10.01.2024;ANATOLLLY.ru
10.01.2024;ANDRESKUR.ru
10.01.2024;ANDREW-ZAJTSEV.ru
10.01.2024;ANDREY270368.ru
10.01.2024;ANDREYKARIMOV.ru
10.01.2024;ANDREYR17.ru
10.01.2024;ANDREYTIO.ru
10.01.2024;ANDRLEOANDR.ru
10.01.2024;ANDROMEDA2023.ru
10.01.2024;ANECHAEVA.ru
10.01.2024;ANEG1.ru
10.01.2024;ANET-MASSAGE.ru
10.01.2024;ANGELIKA-ADAMOVA.ru
10.01.2024;ANGRIG1978.ru
10.01.2024;ANIMALSERVICES.ru
10.01.2024;ANISSIMOVA.ru
10.01.2024;ANITA1301.ru
10.01.2024;ANKAR-MOTORS.ru
10.01.2024;ANNA-MYZNIKOVAST.ru
10.01.2024;ANNABABBA.ru
10.01.2024;ANNAPRODPO.ru
10.01.2024;ANNARYBAKOVA.ru
10.01.2024;ANNOSIPOVA2002.ru
10.01.2024;ANOCDC.ru
10.01.2024;ANPILOGOVNV.ru
10.01.2024;ANT1TSOV.ru
10.01.2024;ANTA-HOUSE.ru
10.01.2024;ANTI-D.ru
10.01.2024;ANTI-SANCTIONS.ru
10.01.2024;ANTI-TANKI.ru
10.01.2024;ANTIAC.ru
10.01.2024;ANTIBI0TIK.ru
10.01.2024;ANTICORAUTO.ru
10.01.2024;ANTICORAVTO.ru
10.01.2024;ANTOSHINA-ANTOSHINA.ru
10.01.2024;ANUTASKI.ru
10.01.2024;ANYUTKATM.ru
10.01.2024;APELSEAN30.ru
10.01.2024;APELSINOTELANAPA.ru
10.01.2024;APHENIX.ru
10.01.2024;APOLLO-CLEANING.ru
10.01.2024;APPLIED-ROBOTICS.ru
10.01.2024;APTEKAURAL.ru
10.01.2024;APTIEVICH.ru
10.01.2024;AQUA4SQ.ru
10.01.2024;AQYAR.ru
10.01.2024;AR-ASK.ru
10.01.2024;ARCHEOLOGYKALUGA.ru
10.01.2024;ARCHICLARITY.ru
10.01.2024;ARCHITECTURE-JOURNAL.ru
10.01.2024;ARDPAYPLATI.ru
10.01.2024;ARDPAYPLATIINFO.ru
10.01.2024;ARENASIBIRIA.ru
10.01.2024;ARENAUSPEHA.ru
10.01.2024;ARENDA-FOUND.ru
10.01.2024;ARENDA-INSTRUMENTA-RND.ru
10.01.2024;ARENDA-KOSTUMOV-KRSK.ru
10.01.2024;ARENDA-RETAKE.ru
10.01.2024;ARGOS-SNAB.ru
10.01.2024;ARGRISHIN.ru
10.01.2024;ARHANGELSK-GIRLS.ru
10.01.2024;ARHANGELSK-INDIVIDUALKA.ru
10.01.2024;ARHITEKTOR-JK.ru
10.01.2024;ARIFOV.ru
10.01.2024;ARIZONA-JINGLE.ru
10.01.2024;ARK-SP.ru
10.01.2024;ARKHYZ-HOTELS.ru
10.01.2024;ARLEORA.ru
10.01.2024;ARLIGHTHOME.ru
10.01.2024;ARMADAPACK-TEST.ru
10.01.2024;ARMAMEN.ru
10.01.2024;ARMIROVANII-SCOTCH-MS.ru
10.01.2024;ARMOREDLANDCRUISER.ru
10.01.2024;ARS-WORK.ru
10.01.2024;ARSENAL-BOT.ru
10.01.2024;ART-DMITRENKO.ru
10.01.2024;ARTA-INVEST.ru
10.01.2024;ARTAVTOMATIKA.ru
10.01.2024;ARTBOTS4U.ru
10.01.2024;ARTEM999.ru
10.01.2024;ARTEMKRAV00.ru
10.01.2024;ARTEMKROLIK.ru
10.01.2024;ARTEMOVER.ru
10.01.2024;ARTERIAMED.ru
10.01.2024;ARTEXPRESSTROI.ru
10.01.2024;ARTFEKLIN-BIZNESS.ru
10.01.2024;ARTFOODCONSULTING.ru
10.01.2024;ARTHASLICH.ru
10.01.2024;ARTHOUSE35.ru
10.01.2024;ARTIKA-HOL.ru
10.01.2024;ARTISTICAD8WEAR.ru
10.01.2024;ARTISUS-STORE.ru
10.01.2024;ARTKUSCH.ru
10.01.2024;ARTLIBRE.ru
10.01.2024;ARTLIF.ru
10.01.2024;ARTOTECA.ru
10.01.2024;ARTTKACHENKO.ru
10.01.2024;ARTURDANILOV.ru
10.01.2024;ASCHEBINA.ru
10.01.2024;ASEMENIHINA.ru
10.01.2024;ASEVENOU.ru
10.01.2024;ASHRECHA.ru
10.01.2024;ASK-INFORMGURU.ru
10.01.2024;ASMDETAL-74.ru
10.01.2024;ASOLOVYH.ru
10.01.2024;ASP-TISSI.ru
10.01.2024;ASSAY-SOME-EXAMINE.ru
10.01.2024;ASSAY-SOME-EXPERIENCE.ru
10.01.2024;ASSAY-SOME-SMARTLINK.ru
10.01.2024;ASTERIYA-STROY.ru
10.01.2024;ASTRA-AKZ.ru
10.01.2024;ASTRABIFF.ru
10.01.2024;ASTRAL-LORDFILMS.ru
10.01.2024;ASTRO-PROFI.ru
10.01.2024;ASTROGENESYS.ru
10.01.2024;ASTROLOG-GRIGORYAN.ru
10.01.2024;ASTROPLAST.ru
10.01.2024;ASUGIBIN.ru
10.01.2024;ATLANT-STAIRS.ru
10.01.2024;ATLANTID.ru
10.01.2024;ATLASSHRUGGED.ru
10.01.2024;ATMARKET34.ru
10.01.2024;ATMOS-KRIM.ru
10.01.2024;AUDI-AUTOMAT.ru
10.01.2024;AUDI-COMMUNITY.ru
10.01.2024;AUDIOMATE.ru
10.01.2024;AUDIOPUB.ru
10.01.2024;AUDIORANOBE.ru
10.01.2024;AURAPORT.ru
10.01.2024;AUTO-CHECK31.ru
10.01.2024;AUTO-LOFT23.ru
10.01.2024;AUTO-PLUSE.ru
10.01.2024;AUTO-URISTY.ru
10.01.2024;AUTO-VIRA.ru
10.01.2024;AUTOACCESSOR.ru
10.01.2024;AUTOADCHIC1.ru
10.01.2024;AUTOBANGER.ru
10.01.2024;AUTOHUT.ru
10.01.2024;AUTOKEY102.ru
10.01.2024;AUTOKEYUFA.ru
10.01.2024;AUTOKLUCHI-STROGINO.ru
10.01.2024;AUTOMASTERSKAYA1.ru
10.01.2024;AUTOMOB-OBZOR.ru
10.01.2024;AUTOSERVICE-UNION.ru
10.01.2024;AUTOURISTPRAVA.ru
10.01.2024;AUTOURISTZAPRAVA.ru
10.01.2024;AVAJEWELRY.ru
10.01.2024;AVARKOMSTAV.ru
10.01.2024;AVBANNIKOV.ru
10.01.2024;AVELCHENKOVA.ru
10.01.2024;AVENUECONSULT.ru
10.01.2024;AVERS36.ru
10.01.2024;AVERSHINASCHOOL.ru
10.01.2024;AVESTADENT-VSENA4.ru
10.01.2024;AVIASALET.ru
10.01.2024;AVIASALLIS.ru
10.01.2024;AVIATOR-GAME-1XBET.ru
10.01.2024;AVIATOR-GAME-MOSTBET.ru
10.01.2024;AVIATOR-GAME-OLIMP.ru
10.01.2024;AVIATOR-PLAY-1WIN.ru
10.01.2024;AVIATOR-PLAY-PINUP.ru
10.01.2024;AVITO-SALE.ru
10.01.2024;AVITO-TEAMS.ru
10.01.2024;AVITOWNM.ru
10.01.2024;AVKUDIN.ru
10.01.2024;AVMOISEENKO.ru
10.01.2024;AVMTRAVEL.ru
10.01.2024;AVMVISION.ru
10.01.2024;AVOKADAVR.ru
10.01.2024;AVOLINROCK.ru
10.01.2024;AVRORACOM.ru
10.01.2024;AVTO-ZABE.ru
10.01.2024;AVTONOM-GAZGOLDER.ru
10.01.2024;AVTOPARTNER-TD.ru
10.01.2024;AVTOPODBOR174-CHLBNSK.ru
10.01.2024;AVTOTIKHVIN.ru
10.01.2024;AVTOZAPCHASTI33RF.ru
10.01.2024;AVWATER.ru
10.01.2024;AX-WOOD.ru
10.01.2024;AYDAHO.ru
10.01.2024;AYDYN-ZAYTSEV.ru
10.01.2024;AYINTERIOR.ru
10.01.2024;AYSANHANDMADE.ru
10.01.2024;AZANCHEY.ru
10.01.2024;AZANEZHENKOVA.ru
10.01.2024;AZARIATOUR.ru
10.01.2024;AZART-RUS.ru
10.01.2024;AZARTJOYCASINO.ru
10.01.2024;AZATMARKETING.ru
10.01.2024;AZBYKA-GIBKOSTI.ru
10.01.2024;AZINO-JOYCASINO2.ru
10.01.2024;AZORIKOV.ru
10.01.2024;AZROSTRANS.ru
10.01.2024;B-VTB.ru
10.01.2024;B2SOFTWARE.ru
10.01.2024;BABKOV-1.ru
10.01.2024;BABY-BOXY.ru
10.01.2024;BABY-CURLS.ru
10.01.2024;BABYBOXY.ru
10.01.2024;BACKHASBI.ru
10.01.2024;BADNUGGET.ru
10.01.2024;BADYGEEV.ru
10.01.2024;BAHARAJANS.ru
10.01.2024;BAHILY-OPTOM-MS.ru
10.01.2024;BAHILY-OT-PROIZVODITELYA-MS.ru
10.01.2024;BAIKAL-TARGET.ru
10.01.2024;BAIKALWT.ru
10.01.2024;BAKHAEVA.ru
10.01.2024;BAKHSHTEIN.ru
10.01.2024;BAKUZOVA.ru
10.01.2024;BALALAR-STORE.ru
10.01.2024;BALDIMTECHNOLOGY.ru
10.01.2024;BALETOMANIA.ru
10.01.2024;BALHELP-PC.ru
10.01.2024;BALINTKALUGA.ru
10.01.2024;BALKON-TULA.ru
10.01.2024;BALKON134.ru
10.01.2024;BALKON136.ru
10.01.2024;BALKON152.ru
10.01.2024;BALKON171.ru
10.01.2024;BALKON34.ru
10.01.2024;BALKON36.ru
10.01.2024;BALKONNN.ru
10.01.2024;BALKONRND.ru
10.01.2024;BALKONWOW.ru
10.01.2024;BALKULTOLD.ru
10.01.2024;BALLABILE.ru
10.01.2024;BALLET-SHOE.ru
10.01.2024;BALLIE.ru
10.01.2024;BALLROMEDANCE.ru
10.01.2024;BALT-IT.ru
10.01.2024;BALUTKINOV.ru
10.01.2024;BANIHYGGEMSK45.ru
10.01.2024;BANIHYGGESPB54.ru
10.01.2024;BANIKA-BANI73.ru
10.01.2024;BANIKA-BANI74.ru
10.01.2024;BANKETHOLL7.ru
10.01.2024;BANKROT-SVOBODEN.ru
10.01.2024;BANKROTSTVO60.ru
10.01.2024;BANKROTSTVOVEZDE.ru
10.01.2024;BANKROTVEZDE.ru
10.01.2024;BANOPAR.ru
10.01.2024;BANYA-HOZBLOK.ru
10.01.2024;BANYA-NA-DROVAH-ANAPA.ru
10.01.2024;BAR-BOTANIST.ru
10.01.2024;BARAGUNOVA.ru
10.01.2024;BARBAKUTS.ru
10.01.2024;BARBERSHOPCOMPTON.ru
10.01.2024;BARBUR.ru
10.01.2024;BARDAKSTORE.ru
10.01.2024;BARER-YUG.ru
10.01.2024;BARISTA777.ru
10.01.2024;BARJAGINA.ru
10.01.2024;BARODA.ru
10.01.2024;BASIS-ELECTRON.ru
10.01.2024;BASSEIN-RAZUMNOE.ru
10.01.2024;BATANOVSPEAKER.ru
10.01.2024;BAZA-UJUT.ru
10.01.2024;BAZANN.ru
10.01.2024;BAZAPOISKOVIK.ru
10.01.2024;BAZATEHNIKA-3.ru
10.01.2024;BAZATEHNIKA-4.ru
10.01.2024;BAZATEHNIKA-5.ru
10.01.2024;BAZATEHNIKA-6.ru
10.01.2024;BAZATEHNIKA-7.ru
10.01.2024;BAZINGA809.ru
10.01.2024;BBEVENTS.ru
10.01.2024;BEARDEDBOULEVARD.ru
10.01.2024;BEARYULCHA.ru
10.01.2024;BEAT-MARKET.ru
10.01.2024;BEAUTYAKADEMKRIS.ru
10.01.2024;BEAUTYBUZZADS7.ru
10.01.2024;BEAUTYSHOP-NN.ru
10.01.2024;BEER-BOT.ru
10.01.2024;BEHRUS.ru
10.01.2024;BELANROS.ru
10.01.2024;BELARUKS.ru
10.01.2024;BELLPRIL3I4.ru
10.01.2024;BELLY-DANCES.ru
10.01.2024;BELYAEV85.ru
10.01.2024;BENIDORMISPANIYA.ru
10.01.2024;BEOGRAD-RESTARAN.ru
10.01.2024;BEOGRADE.ru
10.01.2024;BEREZKA76.ru
10.01.2024;BEREZOV-LSK.ru
10.01.2024;BEREZZKA1986.ru
10.01.2024;BERI-I-STROY.ru
10.01.2024;BERIESH42.ru
10.01.2024;BEST-CO.ru
10.01.2024;BEST-SERVERS.ru
10.01.2024;BESTBUYRU.ru
10.01.2024;BESTIYA-SALON.ru
10.01.2024;BESTKUHNI-VLADIMIR.ru
10.01.2024;BESTMAILS.ru
10.01.2024;BESTMANGAL72.ru
10.01.2024;BESTNDFLW.ru
10.01.2024;BESTOTVETIK.ru
10.01.2024;BESTSTAR24.ru
10.01.2024;BETKOANDREY.ru
10.01.2024;BETON-223.ru
10.01.2024;BEZCHASTNOV.ru
10.01.2024;BEZGRANITZ.ru
10.01.2024;BF1-VRNZH.ru
10.01.2024;BFLDOLG.ru
10.01.2024;BIATHLON-NSO.ru
10.01.2024;BIELEMANN.ru
10.01.2024;BIG-DATA-MOBILE.ru
10.01.2024;BIG-DATA-TARGET.ru
10.01.2024;BIGBASSBONANZASLOT.ru
10.01.2024;BIGCASHONLINE.ru
10.01.2024;BIGCHOD.ru
10.01.2024;BILERI.ru
10.01.2024;BILIM-EDU.ru
10.01.2024;BIN-INFO.ru
10.01.2024;BIOFOX31.ru
10.01.2024;BIONICBEAUTYADS3.ru
10.01.2024;BISSTORE24.ru
10.01.2024;BIT-EXP.ru
10.01.2024;BITRIX24-REGFORT.ru
10.01.2024;BITZCAZINO.ru
10.01.2024;BIVSL.ru
10.01.2024;BIZ-FUT.ru
10.01.2024;BIZNES-SOUZ.ru
10.01.2024;BLABLARUN.ru
10.01.2024;BLACKDUCKCORP.ru
10.01.2024;BLACKSTYLE21.ru
10.01.2024;BLADE-RUNNER-LORDFILMS.ru
10.01.2024;BLANKI69.ru
10.01.2024;BLEZZ-TECH.ru
10.01.2024;BLK-MASTER.ru
10.01.2024;BLOG128SCHOOL.ru
10.01.2024;BLOGNOTS.ru
10.01.2024;BLOKI-KIRPICH.ru
10.01.2024;BLOKNOTOFF.ru
10.01.2024;BLOOMBOOX.ru
10.01.2024;BLOSSOM-BLINDS.ru
10.01.2024;BLUECRYSTALL.ru
10.01.2024;BLUFFONREDHEAD.ru
10.01.2024;BLUSTARS.ru
10.01.2024;BMRUS.ru
10.01.2024;BMW666.ru
10.01.2024;BNDRL.ru
10.01.2024;BOBKOVKS.ru
10.01.2024;BOBMUR.ru
10.01.2024;BOBROVALV2016.ru
10.01.2024;BOBSKIY93.ru
10.01.2024;BOCHKA-SAUNA.ru
10.01.2024;BODYROCKET.ru
10.01.2024;BOGACHEVA-PRO.ru
10.01.2024;BOGATYREVA-TOP.ru
10.01.2024;BOL55.ru
10.01.2024;BOLSHOY-BALLET.ru
10.01.2024;BONDAREVA-PRO.ru
10.01.2024;BONTEN.ru
10.01.2024;BONTIC.ru
10.01.2024;BONUS-CASINO-SHANS30.ru
10.01.2024;BOOH-USLUGI.ru
10.01.2024;BOOKABOOK.ru
10.01.2024;BOOKISHSTYLEADS.ru
10.01.2024;BOOKOFRAGAME.ru
10.01.2024;BOOKS-OF-DEAD.ru
10.01.2024;BOOKS-OF-RA.ru
10.01.2024;BOOST-PC.ru
10.01.2024;BORISHOF-WEY.ru
10.01.2024;BORN4BALLET.ru
10.01.2024;BORSCHEMUSIC.ru
10.01.2024;BOSCH177.ru
10.01.2024;BOSFO-RUS.ru
10.01.2024;BOSSBROCODE.ru
10.01.2024;BOSSLIKES.ru
10.01.2024;BOSSLVL.ru
10.01.2024;BOT-COPILOT.ru
10.01.2024;BOT-ON.ru
10.01.2024;BOTSCASTLE.ru
10.01.2024;BOUNTY-DANCECLUB.ru
10.01.2024;BOUNTY-ZAIM.ru
10.01.2024;BOUNTYTRAVELMGN.ru
10.01.2024;BOZHENKOVA.ru
10.01.2024;BOZIEVA.ru
10.01.2024;BPG-KAMEN.ru
10.01.2024;BRALLE.ru
10.01.2024;BRANDPACKAGE25.ru
10.01.2024;BRATKORV.ru
10.01.2024;BRAVEOUS.ru
10.01.2024;BREMENSKIEMUZYKANTY-2023.ru
10.01.2024;BRENDSTREET77.ru
10.01.2024;BRICKSHOT.ru
10.01.2024;BRIGHT-SMILE-IMPLANT.ru
10.01.2024;BRILL24X.ru
10.01.2024;BRISTOL-SPB-HOTEL.ru
10.01.2024;BRIX-WELL.ru
10.01.2024;BRIZ-REALTY.ru
10.01.2024;BRIZ18.ru
10.01.2024;BROTHEN-SERVICE.ru
10.01.2024;BRRASHTONYRASH.ru
10.01.2024;BSOLNTSE.ru
10.01.2024;BT-BIRYUSA.ru
10.01.2024;BT-DD.ru
10.01.2024;BTMINE.ru
10.01.2024;BTRAUR.ru
10.01.2024;BUBNOVA8.ru
10.01.2024;BUCA-GAMES.ru
10.01.2024;BUDETPRODANO.ru
10.01.2024;BUHGUCHETIPORYADOK.ru
10.01.2024;BUHTA-OBMENA.ru
10.01.2024;BUILD-INSTRUMENT.ru
10.01.2024;BUKET-DOSTAVKA24.ru
10.01.2024;BUKHARINA.ru
10.01.2024;BUKKN.ru
10.01.2024;BUKSIRCAR.ru
10.01.2024;BULASHEVICH.ru
10.01.2024;BULATMR.ru
10.01.2024;BULGARIADOM.ru
10.01.2024;BUP-INSTRUMENT.ru
10.01.2024;BURAKOF.ru
10.01.2024;BURIMOREL.ru
10.01.2024;BUSHUTO.ru
10.01.2024;BUSINKA-DIY.ru
10.01.2024;BUTOLIN.ru
10.01.2024;BUZUNOVROMAN.ru
10.01.2024;BVS2000.ru
10.01.2024;BXPBOX.ru
10.01.2024;BY-SOKOLOVSKAIA.ru
10.01.2024;BYLBOLSOS.ru
10.01.2024;BYM70.ru
10.01.2024;BYT67.ru
10.01.2024;BYTOVYCH.ru
10.01.2024;BZMOVER.ru
10.01.2024;C-OEP.ru
10.01.2024;CA58.ru
10.01.2024;CABYCA.ru
10.01.2024;CAFE-PORTRETOFF.ru
10.01.2024;CAFFANDR.ru
10.01.2024;CAPI-LIP.ru
10.01.2024;CAPMERCURY.ru
10.01.2024;CAR-DELIVERY24-7.ru
10.01.2024;CARCAM-GOOD.ru
10.01.2024;CARD-HALVA-4YOU.ru
10.01.2024;CARDAN-NAMI.ru
10.01.2024;CARDINALCONF.ru
10.01.2024;CARDONLYHERE.ru
10.01.2024;CARL-JUNG-WINE.ru
10.01.2024;CARNOTES.ru
10.01.2024;CARPARTS-SOFT.ru
10.01.2024;CARSHUBURAL.ru
10.01.2024;CARVES-LEGEND.ru
10.01.2024;CASHFLOV-FOUND.ru
10.01.2024;CASHZP.ru
10.01.2024;CASINO-SHANS30.ru
10.01.2024;CASINO-SILVER215.ru
10.01.2024;CASINO-SLOTV6.ru
10.01.2024;CASINO-SOL-CAZINO5.ru
10.01.2024;CASINO-SOL-OFLCIAL2.ru
10.01.2024;CASINO-SOL357.ru
10.01.2024;CASINO-SPACE.ru
10.01.2024;CASINO-SPINCITY.ru
10.01.2024;CASINO-STAVKI-BONUS.ru
10.01.2024;CASINO-SUPERSLOTS-TOP.ru
10.01.2024;CASINONOW.ru
10.01.2024;CASINOPIRATEBAY.ru
10.01.2024;CASINOSPINCITY.ru
10.01.2024;CASINOX-COM.ru
10.01.2024;CASINOX-PLAY22.ru
10.01.2024;CASINOX-PLAYWIN6.ru
10.01.2024;CASINOX1.ru
10.01.2024;CASINOXPRESTIGE.ru
10.01.2024;CASIPEDIA.ru
10.01.2024;CASMK.ru
10.01.2024;CASSA-FUTURE.ru
10.01.2024;CASSION.ru
10.01.2024;CAT-CAM.ru
10.01.2024;CAT-CRAFT.ru
10.01.2024;CATALOGUM.ru
10.01.2024;CATCAMS.ru
10.01.2024;CEHUCHETKA.ru
10.01.2024;CELANS.ru
10.01.2024;CELESTIALCONNECTIONS12.ru
10.01.2024;CELTICCRY.ru
10.01.2024;CENSP.ru
10.01.2024;CENTER-COFFEE.ru
10.01.2024;CENTERCULINARY.ru
10.01.2024;CENTR-SPISANYA-DOLGOV.ru
10.01.2024;CENTRCOFFEE.ru
10.01.2024;CERAMICDZEN.ru
10.01.2024;CERT-SGR.ru
10.01.2024;CH73210.ru
10.01.2024;CHAGUNAVA.ru
10.01.2024;CHAICHI.ru
10.01.2024;CHAIKA-FINANCE.ru
10.01.2024;CHALYSHEVA.ru
10.01.2024;CHAMPINE-JK.ru
10.01.2024;CHANGCHENGCIZHUAN.ru
10.01.2024;CHANGE-CARS.ru
10.01.2024;CHANGECARS.ru
10.01.2024;CHANIEV.ru
10.01.2024;CHAPIKOV.ru
10.01.2024;CHARITYCHICADS2.ru
10.01.2024;CHARMANTER21.ru
10.01.2024;CHASHCHIN-1.ru
10.01.2024;CHASNTNIY-MASTER-IZHEVSK.ru
10.01.2024;CHASY-TAIMERY.ru
10.01.2024;CHAT-SIGN.ru
10.01.2024;CHEB78.ru
10.01.2024;CHECK-POINT37.ru
10.01.2024;CHEKALKIN.ru
10.01.2024;CHEKBUH24.ru
10.01.2024;CHEKINDSMSK.ru
10.01.2024;CHEKOTOVA-PHOTO.ru
10.01.2024;CHEPRASOFF.ru
10.01.2024;CHEREPOVETC-INTIM.ru
10.01.2024;CHERKASHINA-1.ru
10.01.2024;CHERVOCHKOVA.ru
10.01.2024;CHERY-JULY-EKB.ru
10.01.2024;CHINAMARKETPLEASE.ru
10.01.2024;CHINAUTO-IZMAILOVO.ru
10.01.2024;CHINAZUBY.ru
10.01.2024;CHIPCHIKOVA.ru
10.01.2024;CHISTIYGOROD72.ru
10.01.2024;CHISTOTATA-AMOCRM.ru
10.01.2024;CHISTYE-PRUDY-JK.ru
10.01.2024;CHIZMAANNA.ru
10.01.2024;CHL-RF-FORKLIFT.ru
10.01.2024;CHLB-ROBO.ru
10.01.2024;CHLB-UNI.ru
10.01.2024;CHLB-WHT.ru
10.01.2024;CHOICE-MOSCOW.ru
10.01.2024;CHOICE-MOSCOW24.ru
10.01.2024;CHOICE-SOCIETY.ru
10.01.2024;CHOICE-SOCIETY24.ru
10.01.2024;CHOO-MIR.ru
10.01.2024;CHOOSING-BEST.ru
10.01.2024;CHOOSING-CAPITAL.ru
10.01.2024;CHOOSING-CAPITAL24.ru
10.01.2024;CHOP-NSK.ru
10.01.2024;CHOPSTRAJ.ru
10.01.2024;CHOSE-YOUR-ONE.ru
10.01.2024;CHROMESHINA.ru
10.01.2024;CHUEVA174.ru
10.01.2024;CICADA85.ru
10.01.2024;CINEMACHIC2023.ru
10.01.2024;CINEMACRAFTADS7.ru
10.01.2024;CINOGO.ru
10.01.2024;CIRKUS-VERNATSKOGO.ru
10.01.2024;CIRKYE-VERNADTSKOGO.ru
10.01.2024;CITYTREES-2024.ru
10.01.2024;CKRMZ.ru
10.01.2024;CLARITYBEAUTY.ru
10.01.2024;CLASS-THEORY.ru
10.01.2024;CLEANAIR-MSK.ru
10.01.2024;CLEANING96.ru
10.01.2024;CLEANTRACE.ru
10.01.2024;CLICKBIDDER.ru
10.01.2024;CLIMBER-TEAM.ru
10.01.2024;CLIMBERTEAM.ru
10.01.2024;CLINICA-GUDELA.ru
10.01.2024;CLOUDUSLUGI.ru
10.01.2024;CLTRC.ru
10.01.2024;CLUB-17.ru
10.01.2024;CLUB17.ru
10.01.2024;CLUB17ONLINE.ru
10.01.2024;CLUB17STORE.ru
10.01.2024;CLUB36.ru
10.01.2024;CLUBNIKA-CASINOS.ru
10.01.2024;CLUBSHELL.ru
10.01.2024;CM-COM.ru
10.01.2024;CNC5D.ru
10.01.2024;CNTAOBAO.ru
10.01.2024;COACHING-JOURNAL.ru
10.01.2024;COBRA132008.ru
10.01.2024;COCOCOSMETICS.ru
10.01.2024;COCOSTEPS.ru
10.01.2024;CODEARTS.ru
10.01.2024;COFFEE22.ru
10.01.2024;COFFEE44KA-NET.ru
10.01.2024;COFFEETOK.ru
10.01.2024;COIL-SLITTING.ru
10.01.2024;COILSLITTING.ru
10.01.2024;COINSGEEK.ru
10.01.2024;COMFORTSHOP24.ru
10.01.2024;COMP-SITE.ru
10.01.2024;COMPANYSIRIUS.ru
10.01.2024;COMPBY.ru
10.01.2024;COMPOST-SYSTEMS.ru
10.01.2024;COMPOST-TURNERS.ru
10.01.2024;COMPOSTIROVANIE.ru
10.01.2024;CONCEPTCARPET.ru
10.01.2024;CONDECEP.ru
10.01.2024;CONSALTSERVIS.ru
10.01.2024;CONSTSITE.ru
10.01.2024;CONSULTING-360.ru
10.01.2024;CONSULTING360.ru
10.01.2024;CONT-LOGIS.ru
10.01.2024;CONTEXT-IN-DIRECT.ru
10.01.2024;CONTRACT-A.ru
10.01.2024;COOKIES-SOME-ASSAY.ru
10.01.2024;COOKIES-SOME-EXAMINE.ru
10.01.2024;COOKIES-SOME-EXPERIENCE.ru
10.01.2024;COOKIES-SOME-SMARTLINK.ru
10.01.2024;COOLFREIGHTS.ru
10.01.2024;COR-SOL.ru
10.01.2024;CORPS-DE-BALLET.ru
10.01.2024;COSMANTONOVA.ru
10.01.2024;COSMOBATH.ru
10.01.2024;COSMOGLAMPING.ru
10.01.2024;COSMOVID.ru
10.01.2024;COTTAGEBELOOSTROV.ru
10.01.2024;COUNTESS-PR.ru
10.01.2024;COYCHET.ru
10.01.2024;CRAFTMALTHOUSE.ru
10.01.2024;CRAZYCRANE.ru
10.01.2024;CREATIVE-APPROACH.ru
10.01.2024;CREATIVE-ATTITUDE.ru
10.01.2024;CREATIVECOUTURE8.ru
10.01.2024;CREDIT-CARD-HALVA.ru
10.01.2024;CREDIT-HALVA-4YOU.ru
10.01.2024;CREDITRA.ru
10.01.2024;CREDITRAY.ru
10.01.2024;CREDITRB.ru
10.01.2024;CREDITRC.ru
10.01.2024;CREDITRD.ru
10.01.2024;CREDITSMOMENTS.ru
10.01.2024;CRIMEABAY.ru
10.01.2024;CRM-USMOTO.ru
10.01.2024;CROCHETMANALIZA.ru
10.01.2024;CRONHOR.ru
10.01.2024;CROWN-SUCCESS.ru
10.01.2024;CROWN-SUCCESS24.ru
10.01.2024;CRPTJOB.ru
10.01.2024;CRR-SOLNYSHKO.ru
10.01.2024;CRYPTOBRASIL.ru
10.01.2024;CSLDEVICES.ru
10.01.2024;CSP52.ru
10.01.2024;CTCGROUP-K.ru
10.01.2024;CTP86.ru
10.01.2024;CUBE-COMPANY.ru
10.01.2024;CULTURE-JOURNAL.ru
10.01.2024;CUTUR-MODELS-SOCHI.ru
10.01.2024;CVETOCHNITSA.ru
10.01.2024;CYBERCATGAMES.ru
10.01.2024;CYBERCELINA.ru
10.01.2024;CYBERCHIC2022.ru
10.01.2024;CYBERSTREKOZA.ru
10.01.2024;CYBERSUBWAY.ru
10.01.2024;CYBERZHELEZYAKA.ru
10.01.2024;D-BERI.ru
10.01.2024;D-DOLGOFF.ru
10.01.2024;D-NFT.ru
10.01.2024;D-NFTS.ru
10.01.2024;D1SAD.ru
10.01.2024;D32-DI.ru
10.01.2024;D4NILOV.ru
10.01.2024;DA-COSMETICS.ru
10.01.2024;DACOSMETICS.ru
10.01.2024;DADVIBES.ru
10.01.2024;DAMINIONS.ru
10.01.2024;DAMMURIA.ru
10.01.2024;DAN-MAKS.ru
10.01.2024;DANCE-AWAY.ru
10.01.2024;DANCEABLE-REVOLUTION.ru
10.01.2024;DANIILANGRY.ru
10.01.2024;DANIILSTRELNIKOV.ru
10.01.2024;DANILMARIA.ru
10.01.2024;DARASLOW.ru
10.01.2024;DARCHAKOV.ru
10.01.2024;DARIALIPOVIK.ru
10.01.2024;DARIAMIKHEEVA.ru
10.01.2024;DARIBYDARI.ru
10.01.2024;DARJAMAKAROVA.ru
10.01.2024;DARKSCENE.ru
10.01.2024;DARNEWS.ru
10.01.2024;DARVIN5.ru
10.01.2024;DARYAKIIM.ru
10.01.2024;DASHHHA.ru
10.01.2024;DATACART.ru
10.01.2024;DATAMESSAGES.ru
10.01.2024;DAUBERG.ru
10.01.2024;DAVINCI-HOTELS.ru
10.01.2024;DAVNAT.ru
10.01.2024;DAVYDOVALLIANCEGROUP.ru
10.01.2024;DAYZGAMEVANILA.ru
10.01.2024;DBAGAUTDINOVA.ru
10.01.2024;DCATRINE.ru
10.01.2024;DCHUVILIN.ru
10.01.2024;DDCYBER.ru
10.01.2024;DDD-DDD376.ru
10.01.2024;DDD74.ru
10.01.2024;DDONUTS.ru
10.01.2024;DDONUTS-MSK.ru
10.01.2024;DDREEV.ru
10.01.2024;DE-NOSOV.ru
10.01.2024;DEBRIPRO.ru
10.01.2024;DECHEV.ru
10.01.2024;DECORGRANAT.ru
10.01.2024;DEDYUKINA.ru
10.01.2024;DEECITY.ru
10.01.2024;DELIVERY-3158.ru
10.01.2024;DELIVERY-ORDER1358.ru
10.01.2024;DELIVERY221.ru
10.01.2024;DELL-PROFISERVICE.ru
10.01.2024;DELOKVAM.ru
10.01.2024;DELOVEER.ru
10.01.2024;DELOVOIPRESTIGE.ru
10.01.2024;DELOVOYB2B.ru
10.01.2024;DEMIDOVALV.ru
10.01.2024;DEMO-CCT.ru
10.01.2024;DENISLAGUTIN.ru
10.01.2024;DENISOVA-MARIA.ru
10.01.2024;DENYUP.ru
10.01.2024;DEPARTAMENT-SPISANIYA-DOLGOV.ru
10.01.2024;DEPUSH.ru
10.01.2024;DEREVO-UHOD.ru
10.01.2024;DERIBO.ru
10.01.2024;DESCGEN.ru
10.01.2024;DESEVENTS.ru
10.01.2024;DESIGN-ELLIS.ru
10.01.2024;DESIGN-JOURNAL.ru
10.01.2024;DESREN.ru
10.01.2024;DETAILING-93.ru
10.01.2024;DETAILING181.ru
10.01.2024;DETAILING93.ru
10.01.2024;DETKLINCENTER.ru
10.01.2024;DETROITS-RP.ru
10.01.2024;DEZBLAG28.ru
10.01.2024;DGCOMPANY2.ru
10.01.2024;DGOLUBKOV.ru
10.01.2024;DGURIN.ru
10.01.2024;DIACRE.ru
10.01.2024;DIAGSMART.ru
10.01.2024;DIALOG-AGRO.ru
10.01.2024;DIALOGI-EMPATOV.ru
10.01.2024;DIAPAZONMECHANICA.ru
10.01.2024;DIESEL-MSK.ru
10.01.2024;DIESELMSK.ru
10.01.2024;DIETDESSERTS.ru
10.01.2024;DIETSNEIROS.ru
10.01.2024;DIEZ-POST.ru
10.01.2024;DIGITALDESIGNS3D.ru
10.01.2024;DIKOFUNNY.ru
10.01.2024;DILANMAKDELING.ru
10.01.2024;DILLER-MINSK.ru
10.01.2024;DIMCHER79.ru
10.01.2024;DIMENTIY666.ru
10.01.2024;DIMNOVIKOV.ru
10.01.2024;DIMULIK.ru
10.01.2024;DINAMICADDICT.ru
10.01.2024;DINO-LAMP.ru
10.01.2024;DINOZAVR-1.ru
10.01.2024;DIONHOT.ru
10.01.2024;DIPAVLOV.ru
10.01.2024;DIPLOMJ-126.ru
10.01.2024;DIRECT-SETTING-2024.ru
10.01.2024;DISK81-MAIL.ru
10.01.2024;DISNEY-LORDFILMS.ru
10.01.2024;DIVASTAV.ru
10.01.2024;DJ-AF.ru
10.01.2024;DJPLOMJ-71.ru
10.01.2024;DJPLOMJ-76.ru
10.01.2024;DJPLOMJ-KALUGA.ru
10.01.2024;DJPLOMJ-V-RUKI.ru
10.01.2024;DJZOTKIN.ru
10.01.2024;DKOROLIOV.ru
10.01.2024;DKY-COM.ru
10.01.2024;DLKAZNACHEEVA.ru
10.01.2024;DMASS.ru
10.01.2024;DMCHE84.ru
10.01.2024;DMDONCHENKO.ru
10.01.2024;DMITRIEVA-SILAEVA.ru
10.01.2024;DMR70.ru
10.01.2024;DMXMS.ru
10.01.2024;DNFTMARKET.ru
10.01.2024;DNFTS.ru
10.01.2024;DOBROMREMONT.ru
10.01.2024;DOBROTVORI.ru
10.01.2024;DOCNALOG.ru
10.01.2024;DOCTOR-LEBEDEV.ru
10.01.2024;DOCTOR-NEFEDOVA.ru
10.01.2024;DOCTORCHIKUNOV.ru
10.01.2024;DOCTORGE.ru
10.01.2024;DOKTOR-ALKO.ru
10.01.2024;DOKTORDICK.ru
10.01.2024;DOLPHIN-URAL.ru
10.01.2024;DOM-AKKORDA.ru
10.01.2024;DOM-COMFORT-LG.ru
10.01.2024;DOM-NA-OZERE.ru
10.01.2024;DOM-TUVA.ru
10.01.2024;DOM1-KULINAR.ru
10.01.2024;DOMAHADJOH.ru
10.01.2024;DOMAMOLOD.ru
10.01.2024;DOMAPITOMEC.ru
10.01.2024;DOMASHEVSKIJ-PRO.ru
10.01.2024;DOMENILYA-7.ru
10.01.2024;DOMESECURITY.ru
10.01.2024;DOMGREENHOUSE.ru
10.01.2024;DOMINA-SPB-HOTEL.ru
10.01.2024;DOMIWKI.ru
10.01.2024;DOMMI-MSK2.ru
10.01.2024;DOMNKOUGORSK.ru
10.01.2024;DOMONOLIT.ru
10.01.2024;DOMRELAXA.ru
10.01.2024;DOMSU.ru
10.01.2024;DOMZAG.ru
10.01.2024;DONBASSSTROY.ru
10.01.2024;DONGMOTORS.ru
10.01.2024;DOOMONE.ru
10.01.2024;DOOR-TEHNO.ru
10.01.2024;DOROJKA13.ru
10.01.2024;DORSNAB-MSK.ru
10.01.2024;DORSTROY-VOLSK.ru
10.01.2024;DOSKA-REKLAMY.ru
10.01.2024;DOSTAVKA-0121.ru
10.01.2024;DOSTAVKA-9765.ru
10.01.2024;DOSTAVKASUMOK.ru
10.01.2024;DOSTIZHENIE-JK.ru
10.01.2024;DOSUG-TAGIL.ru
10.01.2024;DOUBLELEAGUE.ru
10.01.2024;DOVGALENKO-A.ru
10.01.2024;DOWNLOAD-1WIN-APK.ru
10.01.2024;DOWNLOAD-PINUP-APK.ru
10.01.2024;DPALEV.ru
10.01.2024;DPK-ZUM.ru
10.01.2024;DR-BELAVIN.ru
10.01.2024;DRAEVSKIJ.ru
10.01.2024;DRAGONHOSTING.ru
10.01.2024;DRAGOSHA13.ru
10.01.2024;DRAGOSLAV.ru
10.01.2024;DRCDAYZ.ru
10.01.2024;DREAM-PALACE.ru
10.01.2024;DREAMCONT.ru
10.01.2024;DREAMPLACE-HOSTEL.ru
10.01.2024;DRGAVRILYUKEV.ru
10.01.2024;DRIFT-CASINO-SITE.ru
10.01.2024;DRIFTCASINO-DIV11.ru
10.01.2024;DRIP-CASINO-RU2.ru
10.01.2024;DRIPCASINO-GOS2.ru
10.01.2024;DRIPCASINO-SLOT4.ru
10.01.2024;DRIPCASINOLET8.ru
10.01.2024;DROKOVAPHOTO.ru
10.01.2024;DROMDOM.ru
10.01.2024;DROMIN.ru
10.01.2024;DRPROKHOR.ru
10.01.2024;DRSEEDS.ru
10.01.2024;DS1-BATAYSK.ru
10.01.2024;DSCOSMOCLINIC.ru
10.01.2024;DSGN-UP.ru
10.01.2024;DSHVED.ru
10.01.2024;DSTARR.ru
10.01.2024;DT-HELP.ru
10.01.2024;DTISHANSKAYA.ru
10.01.2024;DTK33.ru
10.01.2024;DTRAVNIKOV.ru
10.01.2024;DTS-SPB.ru
10.01.2024;DUEL-TOOL.ru
10.01.2024;DUELTOOL.ru
10.01.2024;DUKONSHOP.ru
10.01.2024;DUSHAPP.ru
10.01.2024;DVAROYALYA.ru
10.01.2024;DVD-LAND.ru
10.01.2024;DVIGATEL-INFO.ru
10.01.2024;DVR-VSEM.ru
10.01.2024;DVRS-SHOP.ru
10.01.2024;DYGOV.ru
10.01.2024;DYKALENKO.ru
10.01.2024;DYNAMICDESIGNS4U.ru
10.01.2024;DYSON-PRODUCT.ru
10.01.2024;DYUSS.ru
10.01.2024;DZESTELOV.ru
10.01.2024;DZHEMBETOV.ru
10.01.2024;E-ITC.ru
10.01.2024;EABDURAKHMANOV.ru
10.01.2024;EAGLESONG.ru
10.01.2024;EALUZINA.ru
10.01.2024;EAMATUKHIN.ru
10.01.2024;EAST-TESTER.ru
10.01.2024;EASY2RATE.ru
10.01.2024;EBAJANDINA.ru
10.01.2024;EBOGACHEV.ru
10.01.2024;ECLAI.ru
10.01.2024;ECO-SHIELD.ru
10.01.2024;ECOFASHION4ADS.ru
10.01.2024;ECOIFIN.ru
10.01.2024;ECOLOG-SAMKAEVA.ru
10.01.2024;ECOMTODAY.ru
10.01.2024;ECOSYSTEM-RUSSIA.ru
10.01.2024;ECUPRAVO.ru
10.01.2024;ED-PM.ru
10.01.2024;ED-RUSSIA.ru
10.01.2024;EDA-RAY.ru
10.01.2024;EDAKANAEV.ru
10.01.2024;EDANCHENKO.ru
10.01.2024;EDAVLETSHINA.ru
10.01.2024;EDEM72.ru
10.01.2024;EDIALELECTRO.ru
10.01.2024;EDINSTVOFRANCHISE.ru
10.01.2024;EDU-CAPITALSKILLS.ru
10.01.2024;EDUCAPSKILLS.ru
10.01.2024;EDUFASHION2GO.ru
10.01.2024;EDUFORGEBS.ru
10.01.2024;EDUFORGES.ru
10.01.2024;EDUFORGESOP.ru
10.01.2024;EDUMARKT.ru
10.01.2024;EENDALTSEVA.ru
10.01.2024;EFFEKTIVNYE-PROTIVOVIRUSNYE.ru
10.01.2024;EFTAESPORTS.ru
10.01.2024;EGANSHINA.ru
10.01.2024;EGIDA-DEZ.ru
10.01.2024;EGIREV.ru
10.01.2024;EGISO.ru
10.01.2024;EGORKIM.ru
10.01.2024;EGOZA-EGOZA.ru
10.01.2024;EGPLAY.ru
10.01.2024;EGROS05.ru
10.01.2024;EGRP-RUSH.ru
10.01.2024;EGULEDANI.ru
10.01.2024;EK-KONOVALOVA.ru
10.01.2024;EKATERINAGRISHINA.ru
10.01.2024;EKATERINAKUSTOVA.ru
10.01.2024;EKATERINASERGEEVNA.ru
10.01.2024;EKBDOMURAL.ru
10.01.2024;EKOCHIST.ru
10.01.2024;EKOSVECHA.ru
10.01.2024;ELARCH.ru
10.01.2024;ELDORADO2024-1.ru
10.01.2024;ELDORADO2024-2.ru
10.01.2024;ELECTRICNADOM24.ru
10.01.2024;ELECTRIK22.ru
10.01.2024;ELECTROMOBILSHOP.ru
10.01.2024;ELEKTRODOMSTROY.ru
10.01.2024;ELEKTROSAMOKAT24.ru
10.01.2024;ELEMENT174.ru
10.01.2024;ELENA-JAKOVLEVA.ru
10.01.2024;ELENAIVANENKOS.ru
10.01.2024;ELENAKHAZOVA-PSY.ru
10.01.2024;ELENAKOREL21.ru
10.01.2024;ELENASTEFAN.ru
10.01.2024;ELENASVIRIDOVA.ru
10.01.2024;ELENONAIR.ru
10.01.2024;ELEONOR-TOMSK.ru
10.01.2024;ELFILIPSERVER.ru
10.01.2024;ELI200317.ru
10.01.2024;ELISKISS.ru
10.01.2024;ELITPAPKE.ru
10.01.2024;ELMIRAKAS.ru
10.01.2024;ELVINABBASOV.ru
10.01.2024;EMAIL-ADS.ru
10.01.2024;EMAIL-UNIVERSAL.ru
10.01.2024;EMERALD-PROJECT.ru
10.01.2024;EMILE-HENRY-POSUDA.ru
10.01.2024;EMILEMI.ru
10.01.2024;EMITUSOVA.ru
10.01.2024;EMPATHYWINES.ru
10.01.2024;EMPIREZONE.ru
10.01.2024;ENATFULLINA.ru
10.01.2024;ENAXION.ru
10.01.2024;ENDRESS-H.ru
10.01.2024;ENGLISH-GRADE.ru
10.01.2024;ENJOYSARATOV.ru
10.01.2024;ENTESUS.ru
10.01.2024;EPERBAIN.ru
10.01.2024;EPIC-CRUISES.ru
10.01.2024;EPICHUNT.ru
10.01.2024;EPKUCHER.ru
10.01.2024;EPLITIN.ru
10.01.2024;EPOXY-FLOWERS.ru
10.01.2024;EQ74.ru
10.01.2024;ER-1.ru
10.01.2024;ERATRANSFORMATION.ru
10.01.2024;ERAVK-LIVE.ru
10.01.2024;EREMENKOE.ru
10.01.2024;ERGOLOGISTIC.ru
10.01.2024;ERMAKMK.ru
10.01.2024;EROTIC-SPA.ru
10.01.2024;ESAPRYKINA.ru
10.01.2024;ESCHETKINA.ru
10.01.2024;ESHDAVAI.ru
10.01.2024;ESOKLAKOVA.ru
10.01.2024;ESOTERICISM-JOURNAL.ru
10.01.2024;ESPANOL24.ru
10.01.2024;ESPANOLONLINE.ru
10.01.2024;ETAGI-EDUCATION.ru
10.01.2024;ETAGI-SMART.ru
10.01.2024;ETESTER.ru
10.01.2024;ETOOOYA.ru
10.01.2024;EUGENE7EVEN.ru
10.01.2024;EUPHORIA-NAILS.ru
10.01.2024;EUTOCHKA.ru
10.01.2024;EVAEVREN.ru
10.01.2024;EVAKUATOROCK.ru
10.01.2024;EVALIGRASS.ru
10.01.2024;EVELEVEL.ru
10.01.2024;EVERESTSTROY-NN.ru
10.01.2024;EVERFROST.ru
10.01.2024;EVGENIIBAZ.ru
10.01.2024;EVGENIY-SHALAEVSKIY.ru
10.01.2024;EVGENYPETROVICH.ru
10.01.2024;EVGESH4.ru
10.01.2024;EVGMILL.ru
10.01.2024;EVGSLES.ru
10.01.2024;EVOSONIC.ru
10.01.2024;EVOVIBES.ru
10.01.2024;EVRIKA-HOLOD.ru
10.01.2024;EVSEVLEEV.ru
10.01.2024;EXCELLENTCLIENT.ru
10.01.2024;EXCITE-QUINTET.ru
10.01.2024;EXGINE.ru
10.01.2024;EXIMCENTER.ru
10.01.2024;EXMONADE.ru
10.01.2024;EXODUS-CREDIT.ru
10.01.2024;EXPERIENCE-SOME-ASSAY.ru
10.01.2024;EXPERT-AUTO36.ru
10.01.2024;EXPERTAZS.ru
10.01.2024;EXPERTNIC.ru
10.01.2024;EXPERTPODOLOG.ru
10.01.2024;EXPO-TIHOMIROV.ru
10.01.2024;EXPOCASE.ru
10.01.2024;EXPRESS-COMPUTER.ru
10.01.2024;EXPRESS-FASAD.ru
10.01.2024;EXPRESSAUTODETAL.ru
10.01.2024;EXPRESSCOMPUTER.ru
10.01.2024;EXTREMEELEMENT.ru
10.01.2024;EXTREMEELEMENTSHOP.ru
10.01.2024;EXXXI.ru
10.01.2024;EYVATEL.ru
10.01.2024;F-INVESTOR.ru
10.01.2024;F-NFT.ru
10.01.2024;F-NFTS.ru
10.01.2024;F5BPMN.ru
10.01.2024;FABERLIC-ONLINE-SHOP.ru
10.01.2024;FABERLIC-RAY.ru
10.01.2024;FABERLICMYSHOP.ru
10.01.2024;FABERLICREGISTR.ru
10.01.2024;FACE-DETECTION.ru
10.01.2024;FACSINATED.ru
10.01.2024;FAHREEV.ru
10.01.2024;FAIRYTAILMAGIC.ru
10.01.2024;FAMILY-MASTER.ru
10.01.2024;FANERKA-MEBEL.ru
10.01.2024;FANOOS.ru
10.01.2024;FANZZY.ru
10.01.2024;FAPIMA.ru
10.01.2024;FARCRYTOP.ru
10.01.2024;FARMFRESHFASHION4.ru
10.01.2024;FASADMEBELCHELNY.ru
10.01.2024;FASCINATED.ru
10.01.2024;FASHION-DIANA.ru
10.01.2024;FASTRO-OF-HELP.ru
10.01.2024;FAVORIT-REMONT.ru
10.01.2024;FDT-SHEYKI-MATKI.ru
10.01.2024;FEDOCS.ru
10.01.2024;FEIZRACHMANOVA-PROGRAM.ru
10.01.2024;FEMMECOLORISTA.ru
10.01.2024;FENIXCELEBRITY.ru
10.01.2024;FERARCH.ru
10.01.2024;FESTIVEFASHIONS4.ru
10.01.2024;FETISOVA-NIKA.ru
10.01.2024;FEVICOL.ru
10.01.2024;FEXPS.ru
10.01.2024;FFTUMAN.ru
10.01.2024;FILAV1953.ru
10.01.2024;FILBOTS.ru
10.01.2024;FILE-MAIL.ru
10.01.2024;FILKOFFDESIGN.ru
10.01.2024;FILZIK.ru
10.01.2024;FINANCE-MAGIC.ru
10.01.2024;FINANCEMAGIC.ru
10.01.2024;FINANCIAL-ASSISTANCE.ru
10.01.2024;FINANSEONLI.ru
10.01.2024;FINIUCH.ru
10.01.2024;FIOLAART.ru
10.01.2024;FIRSIGHT.ru
10.01.2024;FIRSTEXPERTBUH.ru
10.01.2024;FISHMARKET-DN.ru
10.01.2024;FISHSEAFOODS.ru
10.01.2024;FITFASHION4LESS.ru
10.01.2024;FITOKAFE.ru
10.01.2024;FIX5.ru
10.01.2024;FKGRAND.ru
10.01.2024;FLARROWFILMS.ru
10.01.2024;FLASH-MOTO.ru
10.01.2024;FLAT2B.ru
10.01.2024;FLEURPAY.ru
10.01.2024;FLIGOVA.ru
10.01.2024;FLMTEAM.ru
10.01.2024;FLOWDEFRANCE.ru
10.01.2024;FLOWER-ROSTOV.ru
10.01.2024;FLOWERS-LUXE.ru
10.01.2024;FLOWERSALONNZ.ru
10.01.2024;FLOWERSKY42.ru
10.01.2024;FLOWJETECH.ru
10.01.2024;FLYAWARE.ru
10.01.2024;FLYSKY18.ru
10.01.2024;FNFTMARKET.ru
10.01.2024;FNFTS.ru
10.01.2024;FNSPORTS.ru
10.01.2024;FOCHENKOVA.ru
10.01.2024;FOCUSAESTHETICS.ru
10.01.2024;FOLOVLOL.ru
10.01.2024;FON-RICHTER.ru
10.01.2024;FOND2020.ru
10.01.2024;FOOD-WAVES.ru
10.01.2024;FOODELIVER.ru
10.01.2024;FOODIESTYLE5.ru
10.01.2024;FORAI.ru
10.01.2024;FORAUTOSERVICE.ru
10.01.2024;FORBUSINES.ru
10.01.2024;FORDIM-SPEAKING-CLUBS.ru
10.01.2024;FOREIGNSTEAM.ru
10.01.2024;FOREVERCARDS.ru
10.01.2024;FORFEEDBACK.ru
10.01.2024;FORLITTLETEST.ru
10.01.2024;FORME-AROMA.ru
10.01.2024;FORME-HOME.ru
10.01.2024;FORMEAROMA.ru
10.01.2024;FORPAYDAYS.ru
10.01.2024;FORTUNI.ru
10.01.2024;FORUM-PEACERP.ru
10.01.2024;FORUM-SIDOROV-VM.ru
10.01.2024;FORUMTURIST.ru
10.01.2024;FOTO68.ru
10.01.2024;FOTOUFA.ru
10.01.2024;FOXBIKE.ru
10.01.2024;FOXNEO.ru
10.01.2024;FR-RU.ru
10.01.2024;FR-RUS.ru
10.01.2024;FR-RUSSIA.ru
10.01.2024;FR-SHOP.ru
10.01.2024;FRADAR.ru
10.01.2024;FRAMETECHSP.ru
10.01.2024;FRANC161.ru
10.01.2024;FRANCAISONLINE.ru
10.01.2024;FRC-MEDIA.ru
10.01.2024;FREE-1WIN-APK.ru
10.01.2024;FREE-APK-1WIN.ru
10.01.2024;FREE-APK-PINUP.ru
10.01.2024;FREE-PINUP-APK.ru
10.01.2024;FREEGAMEPAY.ru
10.01.2024;FREIDNAVOLGE.ru
10.01.2024;FRESH-CASINO-POMOGAEM2.ru
10.01.2024;FRESHAUTO-MOSKVICH.ru
10.01.2024;FRESHCASINO-BBY3.ru
10.01.2024;FRESHCASINO-FINOIL6.ru
10.01.2024;FRESHCASINO-FINOIL7.ru
10.01.2024;FRESHCASINO-GROTECH.ru
10.01.2024;FRESHCASINO-GROTECH1.ru
10.01.2024;FRESHCASINO-LIVE5.ru
10.01.2024;FRESHCASINO-NP3.ru
10.01.2024;FRESHCASINO-OPR8.ru
10.01.2024;FRESHCASINO-SK3.ru
10.01.2024;FRESHCASINO-SLOTS.ru
10.01.2024;FRESHCASINO-TOD8.ru
10.01.2024;FRESHCASINO-VZL7.ru
10.01.2024;FRESHCASINO-WG11.ru
10.01.2024;FRESHCASINOEVAK18.ru
10.01.2024;FRESHCASINOZTOP4.ru
10.01.2024;FRESHNEWSDAYS24.ru
10.01.2024;FRIMAIL.ru
10.01.2024;FROJERPROMO.ru
10.01.2024;FROM-5.ru
10.01.2024;FROM5.ru
10.01.2024;FRONEZIS.ru
10.01.2024;FSCRUS.ru
10.01.2024;FSDOMODEDOVO.ru
10.01.2024;FUALUMNI.ru
10.01.2024;FUELROBOTICS4.ru
10.01.2024;FULFILLMART.ru
10.01.2024;FULLPRIZE.ru
10.01.2024;FUNDAMENTALNOE42.ru
10.01.2024;FURAGI.ru
10.01.2024;FURLONGMOVIE.ru
10.01.2024;FURRYOWO.ru
10.01.2024;FURUN.ru
10.01.2024;FUTURE-CASSA.ru
10.01.2024;FUTURE-KINO.ru
10.01.2024;FUTURE-STANDUP.ru
10.01.2024;FUTURE-THEATRE.ru
10.01.2024;FUTURETECHWEAR2.ru
10.01.2024;FUTURISTIC4KIDS.ru
10.01.2024;FZPY.ru
10.01.2024;G-MEDITATION.ru
10.01.2024;G-RAD.ru
10.01.2024;GAARN.ru
10.01.2024;GADALKA-LANA.ru
10.01.2024;GADATJ.ru
10.01.2024;GADATJONLINE.ru
10.01.2024;GAERGAERGERTH.ru
10.01.2024;GALAD2017-TOP.ru
10.01.2024;GALATEYA34.ru
10.01.2024;GAMA-CASINO-AMP5.ru
10.01.2024;GAMBLE-CASINOX1.ru
10.01.2024;GAME-AVIATOR-1WIN.ru
10.01.2024;GAME-AVIATOR-1XBET.ru
10.01.2024;GAME-AVIATOR-MOSTBET.ru
10.01.2024;GAME-AVIATOR-OLIMP.ru
10.01.2024;GAME-AVIATOR-PINUP.ru
10.01.2024;GAMEPOLE.ru
10.01.2024;GAMERKEYS.ru
10.01.2024;GAMMADOORS.ru
10.01.2024;GARAGEGASTROPUB.ru
10.01.2024;GARANTKRSK.ru
10.01.2024;GARDENGLAMADS.ru
10.01.2024;GARDENPATROL.ru
10.01.2024;GARENAFREE.ru
10.01.2024;GARRI-POTTER-LORDFILMS.ru
10.01.2024;GARRIWHITE.ru
10.01.2024;GARTZ.ru
10.01.2024;GARUSOFF.ru
10.01.2024;GASPARTY.ru
10.01.2024;GASTROJENTEROLOG.ru
10.01.2024;GASTROTURIZM-PO-PRIMORSKI.ru
10.01.2024;GASTROTURIZM-PO-PRIMORSKY.ru
10.01.2024;GAVEYOURVOTEBLE.ru
10.01.2024;GAZ-TORMOZ.ru
10.01.2024;GAZETA-OKNA.ru
10.01.2024;GAZIK-82.ru
10.01.2024;GAZMAGNAT.ru
10.01.2024;GAZPROMDEBET.ru
10.01.2024;GAZTEBE.ru
10.01.2024;GB4SPB.ru
10.01.2024;GCASPECTRA.ru
10.01.2024;GDDLESTHERMO.ru
10.01.2024;GDVVRN.ru
10.01.2024;GEELY-BRYANSK.ru
10.01.2024;GEELY-EK-3.ru
10.01.2024;GEENEVO.ru
10.01.2024;GEHMAN.ru
10.01.2024;GELENPARTY.ru
10.01.2024;GELEOTOR.ru
10.01.2024;GELESH.ru
10.01.2024;GENERALSUPPLIER.ru
10.01.2024;GENERATORING.ru
10.01.2024;GENESIS-DESIGN.ru
10.01.2024;GENKRAS.ru
10.01.2024;GEOGRSHOW.ru
10.01.2024;GEOKAD-PMK.ru
10.01.2024;GEOTAG-SHOP.ru
10.01.2024;GERBALSTAR.ru
10.01.2024;GERMAN-KITCHENS.ru
10.01.2024;GERMANW.ru
10.01.2024;GET-COMFORT.ru
10.01.2024;GET-PARTNERS.ru
10.01.2024;GET-STAT.ru
10.01.2024;GETGRASS.ru
10.01.2024;GETMESH.ru
10.01.2024;GETT-OIL.ru
10.01.2024;GETT-RUSSIA.ru
10.01.2024;GETTOIL.ru
10.01.2024;GETTRUSSIA.ru
10.01.2024;GFEDOROVA.ru
10.01.2024;GGERYCH.ru
10.01.2024;GGIDRONN.ru
10.01.2024;GGOLOVANOV.ru
10.01.2024;GHOST1974.ru
10.01.2024;GIDLINES.ru
10.01.2024;GIDRAVLICHESKOE-MASLO.ru
10.01.2024;GIDROSTROIARENA.ru
10.01.2024;GIFFTER.ru
10.01.2024;GINERA.ru
10.01.2024;GISEEN.ru
10.01.2024;GJULIJA.ru
10.01.2024;GKARNEEV.ru
10.01.2024;GKART38.ru
10.01.2024;GKIREEVA.ru
10.01.2024;GKRG.ru
10.01.2024;GKURCHENKO.ru
10.01.2024;GLAZURSTUDIO.ru
10.01.2024;GLOBALGLAM8.ru
10.01.2024;GLORY-MOSCOW.ru
10.01.2024;GLORY-MOSCOW24.ru
10.01.2024;GMAIOROVA.ru
10.01.2024;GMARKELOV.ru
10.01.2024;GMICCC.ru
10.01.2024;GNEVELITS.ru
10.01.2024;GO-26.ru
10.01.2024;GO-27.ru
10.01.2024;GO-28.ru
10.01.2024;GO-29.ru
10.01.2024;GO-30.ru
10.01.2024;GO-31.ru
10.01.2024;GO100EGE.ru
10.01.2024;GODENDAG.ru
10.01.2024;GODSOFLAVA.ru
10.01.2024;GODWEB.ru
10.01.2024;GOLDEN-STEPS.ru
10.01.2024;GOLFSTOCK.ru
10.01.2024;GOLLIN.ru
10.01.2024;GOLODNYE-IGRY-LORDFILMS.ru
10.01.2024;GOLOS-TALANT.ru
10.01.2024;GOO-DOG.ru
10.01.2024;GOOD-GORKASUIT.ru
10.01.2024;GOOD-LAZYROVEN.ru
10.01.2024;GOOD-LEGGING.ru
10.01.2024;GOODBALKON.ru
10.01.2024;GOODWIN-CASINO.ru
10.01.2024;GORBIN.ru
10.01.2024;GORDEM.ru
10.01.2024;GORIDOTLAPHOTO.ru
10.01.2024;GORILLABYBASTAKRD.ru
10.01.2024;GORILLABYBASTAMSK.ru
10.01.2024;GOROBETSSP.ru
10.01.2024;GORODPOST.ru
10.01.2024;GORODZNAET.ru
10.01.2024;GOST-PROEKTY.ru
10.01.2024;GOSUDARSKIY.ru
10.01.2024;GOT-YOUR-UNIVERSE-DANCE.ru
10.01.2024;GOTHROWTHEBALLETIKS.ru
10.01.2024;GOTYOURAUTORIZED.ru
10.01.2024;GOURMETADTRENDS24.ru
10.01.2024;GOV-45.ru
10.01.2024;GPATSEV.ru
10.01.2024;GPB-FORMATION.ru
10.01.2024;GPIGP.ru
10.01.2024;GPT-BIZBOT.ru
10.01.2024;GPTPICTURES.ru
10.01.2024;GRABUSHEVA.ru
10.01.2024;GRACE-PRO.ru
10.01.2024;GRACEAPRO.ru
10.01.2024;GRACEPRO.ru
10.01.2024;GRAFAELLO.ru
10.01.2024;GRAFAVTO.ru
10.01.2024;GRANAT38.ru
10.01.2024;GRAND-CASINO-GO.ru
10.01.2024;GRAND-CASINO-MAIN.ru
10.01.2024;GRAND-ONLINE-CASINO.ru
10.01.2024;GRAND-PRIXPET.ru
10.01.2024;GRANDONLINECASINO.ru
10.01.2024;GRAPEIOS.ru
10.01.2024;GRASSOPTTORG.ru
10.01.2024;GRAVIREZ.ru
10.01.2024;GRAZIERAGAZZISPB.ru
10.01.2024;GRBEAR.ru
10.01.2024;GRDSGN.ru
10.01.2024;GREAT-ADS.ru
10.01.2024;GREATWALL-IZMAILOVO.ru
10.01.2024;GREELY.ru
10.01.2024;GREENGLAMOUR9.ru
10.01.2024;GRIGIOREST.ru
10.01.2024;GRILL-KAMADO-GREEN.ru
10.01.2024;GRINIKEA.ru
10.01.2024;GROBITELI.ru
10.01.2024;GROUP-CRYPTO.ru
10.01.2024;GROWSELLER.ru
10.01.2024;GROXIN.ru
10.01.2024;GRREATCORPORATION.ru
10.01.2024;GRUZ-NHK.ru
10.01.2024;GRUZOPEREVOZKI-NOVOROSSIYSK.ru
10.01.2024;GRZT.ru
10.01.2024;GSHARD.ru
10.01.2024;GSHCHERBAKOV.ru
10.01.2024;GSIPRO.ru
10.01.2024;GSM079.ru
10.01.2024;GSSIM.ru
10.01.2024;GTAACADEMY.ru
10.01.2024;GTABL.ru
10.01.2024;GTABLE.ru
10.01.2024;GTU-ZIP.ru
10.01.2024;GTXGAME.ru
10.01.2024;GUBIN-1.ru
10.01.2024;GUDOVSCHIKOV.ru
10.01.2024;GUGKAEV.ru
10.01.2024;GUITAR-IDOL.ru
10.01.2024;GUITAR-TOLYATTI.ru
10.01.2024;GUITARIDOL.ru
10.01.2024;GULZ.ru
10.01.2024;GUNS-STORE13.ru
10.01.2024;GUZAREVICHMARY.ru
10.01.2024;GVOZDESTOYANIE-SARATOV.ru
10.01.2024;GWMC.ru
10.01.2024;GYPSOFEEL.ru
10.01.2024;H-O-L-O-P-2.ru
10.01.2024;H-STR.ru
10.01.2024;HA-HA-HA.ru
10.01.2024;HAISCAN.ru
10.01.2024;HALVA-4YOU.ru
10.01.2024;HALVA-CREDIT-CARD.ru
10.01.2024;HAMELEON2023.ru
10.01.2024;HANDMADEFORDOLLS.ru
10.01.2024;HANDS2HANDS.ru
10.01.2024;HAPPYCLOTHING.ru
10.01.2024;HAPPYFLASH.ru
10.01.2024;HARATSPUBMSK.ru
10.01.2024;HARD-DEVELOPER.ru
10.01.2024;HARIN-1.ru
10.01.2024;HARISMA71.ru
10.01.2024;HARITIDI.ru
10.01.2024;HARVEYMONICA.ru
10.01.2024;HARVICLUBVYBORG.ru
10.01.2024;HASHCORP.ru
10.01.2024;HASTASKILLS.ru
10.01.2024;HATE1899.ru
10.01.2024;HAYFILM.ru
10.01.2024;HB7.ru
10.01.2024;HDAGENCY.ru
10.01.2024;HEADLAMPSTORE.ru
10.01.2024;HEALTHSTYLEADS9.ru
10.01.2024;HEAVYLUXE.ru
10.01.2024;HEDONISTNOSE.ru
10.01.2024;HELEN-HOTEL-SPB.ru
10.01.2024;HELL-PROJECT.ru
10.01.2024;HELLNEP.ru
10.01.2024;HELP-PENSIA.ru
10.01.2024;HELPACADEMYCHELPACHENKO.ru
10.01.2024;HELPER39.ru
10.01.2024;HEMINGWAYREST.ru
10.01.2024;HENDYGRIEF.ru
10.01.2024;HETERO-FARM.ru
10.01.2024;HHENS.ru
10.01.2024;HIGHER-AURA.ru
10.01.2024;HIGHTLIGHT.ru
10.01.2024;HIMOPTT.ru
10.01.2024;HISTORICHAUTE1.ru
10.01.2024;HISTORY-ART.ru
10.01.2024;HIT-TEXTIL.ru
10.01.2024;HITAPI.ru
10.01.2024;HKM42.ru
10.01.2024;HO-L-O-P.ru
10.01.2024;HOCHU-UCHITSYA.ru
10.01.2024;HOGWARTZ.ru
10.01.2024;HOLD-3498.ru
10.01.2024;HOLIDAEYNG.ru
10.01.2024;HOLISTICELENA.ru
10.01.2024;HOLLAMEDIA.ru
10.01.2024;HOLLOP-22024-RU.ru
10.01.2024;HOLLOP22024-RU.ru
10.01.2024;HOLLOPAS2-RU.ru
10.01.2024;HOLLOPER2-RU.ru
10.01.2024;HOLOD-I-STIRKA-REMONT.ru
10.01.2024;HOLOP220243.ru
10.01.2024;HOLOP24.ru
10.01.2024;HOLOPP22024.ru
10.01.2024;HOME-KOSYKH.ru
10.01.2024;HOME-MEDBLOG.ru
10.01.2024;HOME-PC-SERVICE.ru
10.01.2024;HOME-TECHSERV.ru
10.01.2024;HOMETOPIA.ru
10.01.2024;HONEYBUCKET.ru
10.01.2024;HOSTIHOST.ru
10.01.2024;HOSTINGI-PRO.ru
10.01.2024;HOT-NIGHTS.ru
10.01.2024;HOT-RABBIT.ru
10.01.2024;HOTEL-IZMAILOVOALFA.ru
10.01.2024;HOTEL-OSKAR-SIMFEROPOL.ru
10.01.2024;HOTEL-ULANSKAYA.ru
10.01.2024;HOTEL-VK-GRAND.ru
10.01.2024;HOTEL-VK-ROYAL.ru
10.01.2024;HOTELZEMCHUZINA.ru
10.01.2024;HOTLINEINFO.ru
10.01.2024;HOVANSKAJA.ru
10.01.2024;HOVOINK.ru
10.01.2024;HOWARD-BOT.ru
10.01.2024;HR-01.ru
10.01.2024;HRBIGG.ru
10.01.2024;HROMESA.ru
10.01.2024;HRONIKI-NARNII-LORDFILMS.ru
10.01.2024;HSARGSYAN.ru
10.01.2024;HTMLSTART.ru
10.01.2024;HUBFORCAR.ru
10.01.2024;HUCKBOT.ru
10.01.2024;HUDEEMOSOZNANNO.ru
10.01.2024;HUFFLE.ru
10.01.2024;HUMMER-IZMAILOVO.ru
10.01.2024;HUNTERTEAM-FACEIT.ru
10.01.2024;HUTORSKOJ.ru
10.01.2024;HZKAK.ru
10.01.2024;IARRA.ru
10.01.2024;IASAM.ru
10.01.2024;IBONDAR-WORK.ru
10.01.2024;IBRAGIMOVA-AR.ru
10.01.2024;ICARUSDU.ru
10.01.2024;ICEHOUSECUBE.ru
10.01.2024;ICHATOV.ru
10.01.2024;ICITY62.ru
10.01.2024;ICOSMETOLOG.ru
10.01.2024;ID-LOGIN.ru
10.01.2024;ID-MALL.ru
10.01.2024;ID-VDS.ru
10.01.2024;ID01856.ru
10.01.2024;ID01998.ru
10.01.2024;ID03932.ru
10.01.2024;ID06382.ru
10.01.2024;ID06384.ru
10.01.2024;ID13251.ru
10.01.2024;ID15025.ru
10.01.2024;ID184527.ru
10.01.2024;ID2145.ru
10.01.2024;ID2147.ru
10.01.2024;ID21477.ru
10.01.2024;ID294556.ru
10.01.2024;ID362.ru
10.01.2024;ID394712.ru
10.01.2024;ID56038.ru
10.01.2024;ID56061.ru
10.01.2024;ID58089.ru
10.01.2024;ID58090.ru
10.01.2024;ID748296.ru
10.01.2024;ID76791.ru
10.01.2024;ID7855.ru
10.01.2024;ID83833.ru
10.01.2024;ID844826.ru
10.01.2024;ID89392.ru
10.01.2024;ID9492-PAY.ru
10.01.2024;IDEA-SELL.ru
10.01.2024;IDEALIZM-PLAST.ru
10.01.2024;IDELIA-TATAR.ru
10.01.2024;IDESIGNU.ru
10.01.2024;IFANA.ru
10.01.2024;IGINOVA.ru
10.01.2024;IGORGORBUNOV.ru
10.01.2024;IGORGROMOV.ru
10.01.2024;IGORLYCHEV.ru
10.01.2024;IGORNVIGOR.ru
10.01.2024;IGORSPITSYN.ru
10.01.2024;IGORSTPNV.ru
10.01.2024;IGRAPASTUKH.ru
10.01.2024;IGRAT-STAKE.ru
10.01.2024;IGRX.ru
10.01.2024;IHIL.ru
10.01.2024;IINESSA.ru
10.01.2024;IKHROMOV.ru
10.01.2024;IKINGREAL.ru
10.01.2024;IKOKOVKIN.ru
10.01.2024;ILDARZAGIDULLIN.ru
10.01.2024;ILEYBA.ru
10.01.2024;ILINAE.ru
10.01.2024;ILIYAANDLUBOV.ru
10.01.2024;ILJAHUA.ru
10.01.2024;ILJAKONONENKO.ru
10.01.2024;ILNAZ-7.ru
10.01.2024;ILYAKOVLEV.ru
10.01.2024;IMAGINATION-PLAYGROUND.ru
10.01.2024;IMBOTS.ru
10.01.2024;IMEX-LOG.ru
10.01.2024;IMMERSIVEPLUS.ru
10.01.2024;IMPERIONI.ru
10.01.2024;IMPLANT-DENT-VORONEZH.ru
10.01.2024;IMPLANT-ICEBERG.ru
10.01.2024;IMPLANT-MUROM.ru
10.01.2024;IMPROVETECH.ru
10.01.2024;IMPULSE-CLOUD.ru
10.01.2024;IMUSATOV.ru
10.01.2024;IN-VAM.ru
10.01.2024;INATAIVANOVA.ru
10.01.2024;INCREDIMAIL.ru
10.01.2024;INCRYPTOS.ru
10.01.2024;INDIALINK.ru
10.01.2024;INDIANAJONESANDTHEGREATCIRCLE.ru
10.01.2024;INDIATRADELINK.ru
10.01.2024;INDIVIDUALKI-SARANSK.ru
10.01.2024;INDUSTRIAL-PROM.ru
10.01.2024;INFERNSO.ru
10.01.2024;INFLUENCERLAB.ru
10.01.2024;INFO-DOWN.ru
10.01.2024;INFO-TRADEDUO.ru
10.01.2024;INFOGV.ru
10.01.2024;INFOMASTER-INF.ru
10.01.2024;INFOMED-NSK.ru
10.01.2024;INFORM-TIPOTVET.ru
10.01.2024;INFOSOVKUSOM23.ru
10.01.2024;INFOYOULA.ru
10.01.2024;INGLOTTEAM.ru
10.01.2024;INNTECHSOL.ru
10.01.2024;INSPIRE2YOURDANCE.ru
10.01.2024;INSPIRECNC.ru
10.01.2024;INSTABIZCONF.ru
10.01.2024;INSTERAVTO.ru
10.01.2024;INSTRUMENTLAR.ru
10.01.2024;INT1000464.ru
10.01.2024;INTAMED-CLINIC.ru
10.01.2024;INTASTY.ru
10.01.2024;INTELECTIO.ru
10.01.2024;INTERACTIVE-MOTHER.ru
10.01.2024;INTERLAVKA56.ru
10.01.2024;INTERPRACTICE.ru
10.01.2024;INTERVED.ru
10.01.2024;INTIM-CHEREPOVETC.ru
10.01.2024;INTIM-CHITA.ru
10.01.2024;INTIM-MAGNITOGORSK.ru
10.01.2024;INTIM-SARANSK.ru
10.01.2024;INTIM-ULAN-UDE.ru
10.01.2024;INTIM-VOLOGDA.ru
10.01.2024;INTONACIA-JK.ru
10.01.2024;INVA26.ru
10.01.2024;INVAM.ru
10.01.2024;INVAPRISTAVKA.ru
10.01.2024;INVEST-INTERIOR.ru
10.01.2024;INVEST-KVARTIRI.ru
10.01.2024;INVESTLEGKO.ru
10.01.2024;INVESTSTATE.ru
10.01.2024;INVOICESPRO.ru
10.01.2024;INVSBR-INFO24.ru
10.01.2024;INYAN-HOTEL.ru
10.01.2024;IONIK27.ru
10.01.2024;IOZHH.ru
10.01.2024;IPH-CRM.ru
10.01.2024;IPJEN.ru
10.01.2024;IPROBUY.ru
10.01.2024;IPTV5000.ru
10.01.2024;IRENE-STYLIST.ru
10.01.2024;IRINA-EDW-BELOVA.ru
10.01.2024;IRINA-MELNIK.ru
10.01.2024;IRK-IOPND.ru
10.01.2024;IRKSIB38.ru
10.01.2024;IRMACADEMY.ru
10.01.2024;ISAEVSKIY-PITOMNIK.ru
10.01.2024;ISEKAIKO.ru
10.01.2024;ISENR.ru
10.01.2024;ISETCHENKO.ru
10.01.2024;ISHTANKO.ru
10.01.2024;ISKRA-KRASNOGORSK.ru
10.01.2024;ISKRA-SPACE.ru
10.01.2024;ISKUSSTVENNII-INTELLEKT-KURSI.ru
10.01.2024;ISNIGUR.ru
10.01.2024;ISTA-YAKUBOVSKAYA.ru
10.01.2024;ISTEHNA.ru
10.01.2024;ISTNA.ru
10.01.2024;ISYNDICATE.ru
10.01.2024;IT-MELNIKOV.ru
10.01.2024;IT-NEUROSMART.ru
10.01.2024;ITCADEMY.ru
10.01.2024;ITEMES.ru
10.01.2024;ITHELP-RND.ru
10.01.2024;ITOMEGA.ru
10.01.2024;ITPENTEST.ru
10.01.2024;ITSALEKSEI.ru
10.01.2024;IVAN209600321080.ru
10.01.2024;IVANES47.ru
10.01.2024;IVANMARE.ru
10.01.2024;IVANOVOTRAVEL.ru
10.01.2024;IVASHOVAART.ru
10.01.2024;IVKUSHNER.ru
10.01.2024;IVLEEVAVASHBILET.ru
10.01.2024;IVSAVCHUK.ru
10.01.2024;IZMAILOVO-HOTELS-MOSCOW.ru
10.01.2024;IZZICASINO-FO3.ru
10.01.2024;IZZICASINO-KTF3.ru
10.01.2024;IZZICASINO-LKM4.ru
10.01.2024;IZZICOM.ru
10.01.2024;JAC-YUG.ru
10.01.2024;JACKICHAN.ru
10.01.2024;JDA-OILKAMCHATKA.ru
10.01.2024;JEDEW.ru
10.01.2024;JELBER.ru
10.01.2024;JET-CASINO-LICEE1.ru
10.01.2024;JETCASINO-DOK21.ru
10.01.2024;JINBU.ru
10.01.2024;JIUTIAN-DRYER.ru
10.01.2024;JOBCRPT.ru
10.01.2024;JOBDZEN.ru
10.01.2024;JOBTEM8.ru
10.01.2024;JOGUJIN.ru
10.01.2024;JOHNTBOOKS.ru
10.01.2024;JOIN-CO.ru
10.01.2024;JOKYA-1.ru
10.01.2024;JONSKILL.ru
10.01.2024;JOURNAL-FASHION.ru
10.01.2024;JOURNAL-MARKETING.ru
10.01.2024;JOURNALBEAT.ru
10.01.2024;JOURNEYS-JOURNAL.ru
10.01.2024;JOYCASINO-DSA.ru
10.01.2024;JOYCASINO-IGROVOY.ru
10.01.2024;JOYCASINO-OFICIALNIY-SITE.ru
10.01.2024;JOYCASINO24RU9.ru
10.01.2024;JOYCASINO6661.ru
10.01.2024;JOYCASINO721.ru
10.01.2024;JOYCASINO767.ru
10.01.2024;JOYCASINO777-PLAY.ru
10.01.2024;JOYCASINO777-ZERKALO2.ru
10.01.2024;JOYCASINODELUXE.ru
10.01.2024;JOYCASINOI.ru
10.01.2024;JOYCASINOONLAIN.ru
10.01.2024;JOYCASINOPREMIUM.ru
10.01.2024;JOYCASINORIOBET.ru
10.01.2024;JOYCASINOSITE8.ru
10.01.2024;JUANCANTINAESPANOLA.ru
10.01.2024;JUDO-ACADEMY.ru
10.01.2024;JULAASMITH.ru
10.01.2024;JULEVIN.ru
10.01.2024;JULIA9031626893.ru
10.01.2024;JULIEEEBURN.ru
10.01.2024;JULIUSTIMOVA.ru
10.01.2024;JUMASHEVA.ru
10.01.2024;JUST-RUST-DEVBLOG.ru
10.01.2024;JUSTATIKIN.ru
10.01.2024;K18-STORE.ru
10.01.2024;K22OOO.ru
10.01.2024;K2ACADEMY.ru
10.01.2024;K44M.ru
10.01.2024;KABARDINA-LOGO.ru
10.01.2024;KADASTRMAPS.ru
10.01.2024;KAE-SHOP.ru
10.01.2024;KAEM-TEXTILE.ru
10.01.2024;KAFEVOSTOK.ru
10.01.2024;KAIROSESTATE.ru
10.01.2024;KAIROSPHUKET.ru
10.01.2024;KAISERWURSTKGD.ru
10.01.2024;KAIZEN-SKILLS.ru
10.01.2024;KAKNOVYE.ru
10.01.2024;KAKVZYATZAIM.ru
10.01.2024;KALCHENKO-1.ru
10.01.2024;KALEYSHCHKOV.ru
10.01.2024;KALININGRAD-INTIM.ru
10.01.2024;KALININGRADGID24.ru
10.01.2024;KALYANIS.ru
10.01.2024;KAMAZ-AUTOIMPORT.ru
10.01.2024;KAMERTON-MUSIC.ru
10.01.2024;KANDINSKYARTBAR.ru
10.01.2024;KAPLENKOSTUDIO.ru
10.01.2024;KAR-MOTORS.ru
10.01.2024;KARAT-MONOLIT22.ru
10.01.2024;KARELIA-BANI.ru
10.01.2024;KARINA-ROMANCHUK.ru
10.01.2024;KARPOWA4V.ru
10.01.2024;KART-66.ru
10.01.2024;KARTANARUKI.ru
10.01.2024;KARTINIA.ru
10.01.2024;KARTOCHKACHE.ru
10.01.2024;KARTY-NE-VRUT.ru
10.01.2024;KASHNIKOV-1.ru
10.01.2024;KASSIDA911-DESIGN.ru
10.01.2024;KAT-ENERGY122.ru
10.01.2024;KAT-ENERGY86.ru
10.01.2024;KATALIZATOR38.ru
10.01.2024;KATEHUNTER.ru
10.01.2024;KATENKAR.ru
10.01.2024;KATOK-SEMYA.ru
10.01.2024;KATTYART-TULA.ru
10.01.2024;KATYABONTEN.ru
10.01.2024;KAZANEMBROIDERYSCHOOL.ru
10.01.2024;KAZINO-CASINOX222.ru
10.01.2024;KAZMINA454.ru
10.01.2024;KBDENGI.ru
10.01.2024;KBEGALIEVA.ru
10.01.2024;KBS-1.ru
10.01.2024;KDK-LUH.ru
10.01.2024;KDYKANOV.ru
10.01.2024;KEDR-BOCHKA.ru
10.01.2024;KEEPHOUSE23.ru
10.01.2024;KEGORKIN.ru
10.01.2024;KEISERFITNES.ru
10.01.2024;KEM-SPORT.ru
10.01.2024;KENTATUR.ru
10.01.2024;KENZHIN.ru
10.01.2024;KEY-SET.ru
10.01.2024;KEYTEQ.ru
10.01.2024;KGK-GLAVBUH-PLYUS.ru
10.01.2024;KGRAM.ru
10.01.2024;KGUDINI.ru
10.01.2024;KHAUSTEAM.ru
10.01.2024;KHOLLO.ru
10.01.2024;KHRISTOPHOROV.ru
10.01.2024;KIDDY2DANCECOPMETITION.ru
10.01.2024;KIDSFASHIONFUN4.ru
10.01.2024;KIELLESHAIA.ru
10.01.2024;KILICOGLU.ru
10.01.2024;KINGREALM.ru
10.01.2024;KINGREALMACHINERY.ru
10.01.2024;KINGSONS-JK.ru
10.01.2024;KINJUSHINA.ru
10.01.2024;KINO649.ru
10.01.2024;KINOHOL.ru
10.01.2024;KIR142.ru
10.01.2024;KIRAASTAF.ru
10.01.2024;KIRICHOK.ru
10.01.2024;KIRILLPLOTNIKOV.ru
10.01.2024;KIRISHIKHLEB.ru
10.01.2024;KIRNOSENKOYARIK.ru
10.01.2024;KIRSWORKSHOP.ru
10.01.2024;KIRTANSCHOOL.ru
10.01.2024;KIRYOUHA.ru
10.01.2024;KIS37.ru
10.01.2024;KITAISKIIPOKER.ru
10.01.2024;KITAYSKIEAVTO.ru
10.01.2024;KITAYSKIEAVTOMOBILI.ru
10.01.2024;KITCHEN-MSK.ru
10.01.2024;KIV2701.ru
10.01.2024;KIVAHACK.ru
10.01.2024;KLEME.ru
10.01.2024;KLEVA-CRIMEA.ru
10.01.2024;KLEVER-STV.ru
10.01.2024;KLEVERMIS.ru
10.01.2024;KLEVOEMESTOANAPA.ru
10.01.2024;KLIFFERDAUNF.ru
10.01.2024;KLIMOVU.ru
10.01.2024;KLM1.ru
10.01.2024;KLMSV.ru
10.01.2024;KLUB-SERVICE.ru
10.01.2024;KLUBSERVICE.ru
10.01.2024;KM-UR.ru
10.01.2024;KMVBESTRANSFER.ru
10.01.2024;KMW-INFO.ru
10.01.2024;KNIZHNIKM.ru
10.01.2024;KOBRA-DTK.ru
10.01.2024;KOCHETOVRIELT.ru
10.01.2024;KODUCARS.ru
10.01.2024;KOFFTOCHKI.ru
10.01.2024;KOFINK.ru
10.01.2024;KOI-PRUD-COLOCASIA.ru
10.01.2024;KOKODJAM.ru
10.01.2024;KOLESNIKOV6262.ru
10.01.2024;KOLMARTUR.ru
10.01.2024;KOLOBOKFAV.ru
10.01.2024;KOLOBOKTORG.ru
10.01.2024;KOLTUSHIEVENTS.ru
10.01.2024;KOMA143.ru
10.01.2024;KOMFORT-SECURITY.ru
10.01.2024;KOMISSARIKHIN.ru
10.01.2024;KOMPLEKTFILTROV.ru
10.01.2024;KON111.ru
10.01.2024;KONCEPT-PLUS.ru
10.01.2024;KONCHAKOV-PRO.ru
10.01.2024;KONDITER-CUM.ru
10.01.2024;KONDRASHEV-MASTER.ru
10.01.2024;KONDRPACH.ru
10.01.2024;KONINALYUBOV.ru
10.01.2024;KONKURSRURIS.ru
10.01.2024;KONSTR1.ru
10.01.2024;KONSULTANATSOCPRO.ru
10.01.2024;KONSULTARIUM.ru
10.01.2024;KONTEKST-REKLAMA.ru
10.01.2024;KOPORUSHKINAV.ru
10.01.2024;KOPTSOV.ru
10.01.2024;KOREAGUIDE.ru
10.01.2024;KORENSOV.ru
10.01.2024;KOREYA-PROM.ru
10.01.2024;KORIDORKA.ru
10.01.2024;KOROLEVAA.ru
10.01.2024;KOROLEVAMAK.ru
10.01.2024;KOROVIN-PHOTO.ru
10.01.2024;KOROVINA-WORK.ru
10.01.2024;KOS812.ru
10.01.2024;KOSHITOUR.ru
10.01.2024;KOSMO-MED.ru
10.01.2024;KOSSBRO.ru
10.01.2024;KOST-1.ru
10.01.2024;KOSTICK73.ru
10.01.2024;KOTPARFUM.ru
10.01.2024;KOVALKOVADI.ru
10.01.2024;KOVRYSHANTARAM.ru
10.01.2024;KOZLOVAJULIA.ru
10.01.2024;KOZYRENKOOLGA.ru
10.01.2024;KOZYREVA-3.ru
10.01.2024;KPNKYRSUROSSIA.ru
10.01.2024;KRAB4IK.ru
10.01.2024;KRANSHTAT.ru
10.01.2024;KRASDVER.ru
10.01.2024;KRASNOBOKAYA.ru
10.01.2024;KRASOTA-TEBE.ru
10.01.2024;KRASPOGODA.ru
10.01.2024;KREDIT-TIME.ru
10.01.2024;KREPKAYALYUBOV.ru
10.01.2024;KRIM-START.ru
10.01.2024;KRISMAYR.ru
10.01.2024;KRISTINA32HAIR.ru
10.01.2024;KROMDITAL.ru
10.01.2024;KRONSHTAT.ru
10.01.2024;KROVLIA-MSK.ru
10.01.2024;KRSMAIL.ru
10.01.2024;KRUTYKH1.ru
10.01.2024;KRYM-GRAD.ru
10.01.2024;KS8A.ru
10.01.2024;KSAMBRITSKAJA.ru
10.01.2024;KSHEF.ru
10.01.2024;KSU-EAGLE.ru
10.01.2024;KTRUBNIKOV.ru
10.01.2024;KUBAN-NET.ru
10.01.2024;KUDESIGNER.ru
10.01.2024;KUDINOVIVAN.ru
10.01.2024;KUHNI-DEDAL.ru
10.01.2024;KUHNISTANDART.ru
10.01.2024;KULICHOMLET.ru
10.01.2024;KUPE-GARDEROB.ru
10.01.2024;KUPI-STANKI.ru
10.01.2024;KUPIBUSSINES.ru
10.01.2024;KUPIM-PLASTINKI.ru
10.01.2024;KUPIT-GITARU.ru
10.01.2024;KURANOV-REHAB.ru
10.01.2024;KURIE7246.ru
10.01.2024;KURIE7247.ru
10.01.2024;KURIER7383.ru
10.01.2024;KUROE-ICHI.ru
10.01.2024;KURS-AM.ru
10.01.2024;KURSY-OBUCHENIE-TARO.ru
10.01.2024;KURSY-PO-MARKETPLEISAM.ru
10.01.2024;KURSY-PO-MARKETPLEJSAM.ru
10.01.2024;KURSY-PO-MARKETPLEYSAM.ru
10.01.2024;KURTAINS.ru
10.01.2024;KUSHNEROVA3DVIZ.ru
10.01.2024;KUSSHAI.ru
10.01.2024;KUVALDON.ru
10.01.2024;KUVERTS.ru
10.01.2024;KUZINPARTNERS-VTVERI.ru
10.01.2024;KUZSTUDIO.ru
10.01.2024;KVARELI-VEDZA.ru
10.01.2024;KVARTIRA-OT-ZASTROYSHIKA.ru
10.01.2024;KVARTIRA1085.ru
10.01.2024;KVB7.ru
10.01.2024;KVNV86.ru
10.01.2024;KWAKKERSPB.ru
10.01.2024;KYASHKO.ru
10.01.2024;KZFOTO.ru
10.01.2024;KZLTOPRAK.ru
10.01.2024;L2HOLLOWGAME.ru
10.01.2024;L2LIVE.ru
10.01.2024;LA-FAMILIA.ru
10.01.2024;LADOBALALA.ru
10.01.2024;LADY-ENERGY.ru
10.01.2024;LADY-LI.ru
10.01.2024;LADYDIAMONDS.ru
10.01.2024;LAF29.ru
10.01.2024;LAFLARTAE-DARYA.ru
10.01.2024;LAGALLERIABAR.ru
10.01.2024;LAGUTKINIT.ru
10.01.2024;LAJZAN.ru
10.01.2024;LAKSENOVA.ru
10.01.2024;LAKTOSTAZ.ru
10.01.2024;LAMELLY.ru
10.01.2024;LANASTYL.ru
10.01.2024;LAND-STREAMER.ru
10.01.2024;LANDSCAPECHIC.ru
10.01.2024;LANDSCAPINGDESIGN.ru
10.01.2024;LANERP.ru
10.01.2024;LAPKI-ZOO.ru
10.01.2024;LAPRESULT.ru
10.01.2024;LAPSRESULT.ru
10.01.2024;LAPTOPHELP.ru
10.01.2024;LAPUNALAPU.ru
10.01.2024;LARCHIKTAROT.ru
10.01.2024;LARIK50.ru
10.01.2024;LARIN85.ru
10.01.2024;LARINAIVANNAA.ru
10.01.2024;LARISAART37-TOP.ru
10.01.2024;LASERINFOBASE.ru
10.01.2024;LASKINA-PRO.ru
10.01.2024;LATOLIYA.ru
10.01.2024;LATUNIUM.ru
10.01.2024;LAVANDA-STUDIA.ru
10.01.2024;LAVEFABERLIC.ru
10.01.2024;LAVIREESHOP.ru
10.01.2024;LAVKA-KNIGOLUBA.ru
10.01.2024;LAVROV-WORK.ru
10.01.2024;LAW-PENSIA.ru
10.01.2024;LAWPENSIA.ru
10.01.2024;LAWYER-LAV.ru
10.01.2024;LAWYERS33.ru
10.01.2024;LAZERCLEAN.ru
10.01.2024;LAZERPRO36.ru
10.01.2024;LD-PAY-209941.ru
10.01.2024;LD-PAY-379099.ru
10.01.2024;LD-PAY127099.ru
10.01.2024;LD-PAY12941.ru
10.01.2024;LD-PAY2148099.ru
10.01.2024;LD-PAY290994.ru
10.01.2024;LD-PAY381109.ru
10.01.2024;LD-PAY4092112.ru
10.01.2024;LD-PAY487288.ru
10.01.2024;LD-PAY492882.ru
10.01.2024;LD-PAY521872.ru
10.01.2024;LD-PAY629112.ru
10.01.2024;LD-PAY730993.ru
10.01.2024;LD-PAY81232.ru
10.01.2024;LD-PAY81234.ru
10.01.2024;LDEMENTEVA.ru
10.01.2024;LDVOSKIN.ru
10.01.2024;LE-NEL.ru
10.01.2024;LEADGERS.ru
10.01.2024;LEAGUETRAVEL.ru
10.01.2024;LECTURAL.ru
10.01.2024;LEDIMAIL.ru
10.01.2024;LEGACYCLO.ru
10.01.2024;LEGALEDGE.ru
10.01.2024;LEGENDS-CITY.ru
10.01.2024;LEGNOARTE.ru
10.01.2024;LEGZO-CASINO-COUPON.ru
10.01.2024;LEGZO-CASINO-SPORT3.ru
10.01.2024;LEGZO-CASINO-TECHNOL1.ru
10.01.2024;LEGZOCASINO-PLAN3.ru
10.01.2024;LEGZOCASINO-WGD.ru
10.01.2024;LEGZOCAZINOWINSLOTS3.ru
10.01.2024;LEITZ-TOOLS.ru
10.01.2024;LENAMASLOVA-PRO.ru
10.01.2024;LENEKOY.ru
10.01.2024;LENINGRADSKIEPOMESTIYA.ru
10.01.2024;LENTA-ALUMINIEVAI-MS.ru
10.01.2024;LEOEA.ru
10.01.2024;LERIKA51.ru
10.01.2024;LES-PROMTORG.ru
10.01.2024;LESA42.ru
10.01.2024;LESTNICA70.ru
10.01.2024;LESTNICY-NA-KOSOURE.ru
10.01.2024;LETMISPIK.ru
10.01.2024;LETTER-BOX.ru
10.01.2024;LEVIN-70.ru
10.01.2024;LGAKI.ru
10.01.2024;LGENNADEVNA.ru
10.01.2024;LGORBACHEVA.ru
10.01.2024;LI-PH.ru
10.01.2024;LIBERTY-JONES-POSUDA.ru
10.01.2024;LIBNAZIVAEVSK.ru
10.01.2024;LIDER-STRAHOVANIE.ru
10.01.2024;LIDSKYY.ru
10.01.2024;LIFE-PLAY1.ru
10.01.2024;LIFESTYLE-APARTMENTS.ru
10.01.2024;LIFTY-SPB.ru
10.01.2024;LIGHTIDEASSTUDIO.ru
10.01.2024;LIGHTT.ru
10.01.2024;LIKAKPOPSHOP.ru
10.01.2024;LIMBLAB.ru
10.01.2024;LIMEEXPO.ru
10.01.2024;LINEDOOR-KAZAN.ru
10.01.2024;LINEVAFILM.ru
10.01.2024;LINGLORY.ru
10.01.2024;LINGUARD.ru
10.01.2024;LINK-SLOTS.ru
10.01.2024;LINKALEE.ru
10.01.2024;LINKINDIA.ru
10.01.2024;LINKMYINDIA.ru
10.01.2024;LINKS-AVITO.ru
10.01.2024;LINKTOINDIA.ru
10.01.2024;LINOTRUB.ru
10.01.2024;LINOZEMTSEVA.ru
10.01.2024;LINUXSKILL.ru
10.01.2024;LIPATOVA-7.ru
10.01.2024;LISSKNS.ru
10.01.2024;LISTENBOOK.ru
10.01.2024;LITEMATICA.ru
10.01.2024;LITOBIZ.ru
10.01.2024;LITOCALM.ru
10.01.2024;LITOFRISTY.ru
10.01.2024;LITOKORT.ru
10.01.2024;LITOMAXIMUS.ru
10.01.2024;LITOSFERUM.ru
10.01.2024;LITOZERK.ru
10.01.2024;LITRASHIK.ru
10.01.2024;LIUBOVCHIK.ru
10.01.2024;LIVE-CARDS.ru
10.01.2024;LIWIL.ru
10.01.2024;LIZARDCT.ru
10.01.2024;LIZINGOP.ru
10.01.2024;LKARUB.ru
10.01.2024;LKTILDA.ru
10.01.2024;LKULAGINA.ru
10.01.2024;LLIZZXX.ru
10.01.2024;LMN-KOMITET.ru
10.01.2024;LMONTHEFISHER.ru
10.01.2024;LOBACHEVA-SEWING.ru
10.01.2024;LOCALRESTLIFE.ru
10.01.2024;LOCKERSOM.ru
10.01.2024;LODES-VRN.ru
10.01.2024;LODGE-SKOVORODA.ru
10.01.2024;LOGICPED.ru
10.01.2024;LOGINOVAAN.ru
10.01.2024;LOGIONICA.ru
10.01.2024;LOGIONIKA.ru
10.01.2024;LOGISTICA-EXPRESS.ru
10.01.2024;LOGISTIKA-EXPRESS.ru
10.01.2024;LOGITRADING-SPB.ru
10.01.2024;LOGOMAIL.ru
10.01.2024;LOGOPEDLUCHINA.ru
10.01.2024;LOGYOLOL.ru
10.01.2024;LOMBARD-AUTO36.ru
10.01.2024;LOMBLY.ru
10.01.2024;LOMOFOM.ru
10.01.2024;LONG-L.ru
10.01.2024;LONGSLIVPRINT.ru
10.01.2024;LORANAS.ru
10.01.2024;LORD-OF-RINGS-LORDFILMS.ru
10.01.2024;LORD-RINGS-LORDFILMS.ru
10.01.2024;LORGANIUM.ru
10.01.2024;LOSPEDALNYJ.ru
10.01.2024;LOVEDUDKINA.ru
10.01.2024;LOVEMETRICS.ru
10.01.2024;LOVEOFELEGANCE.ru
10.01.2024;LP-MAIL.ru
10.01.2024;LP0908.ru
10.01.2024;LRKCT.ru
10.01.2024;LS-APARTMENTS.ru
10.01.2024;LSTK365.ru
10.01.2024;LSTOEVA.ru
10.01.2024;LT-ART.ru
10.01.2024;LTDZAVOD.ru
10.01.2024;LUCAS777.ru
10.01.2024;LUCHSHEZNAT.ru
10.01.2024;LUCKY-CASINOX690.ru
10.01.2024;LUDAPLUS.ru
10.01.2024;LUDUSTEAM.ru
10.01.2024;LUK-OPTOM.ru
10.01.2024;LUNA-EX.ru
10.01.2024;LUNINA7.ru
10.01.2024;LUNODAR.ru
10.01.2024;LUX-LUMEN.ru
10.01.2024;LUXELIFTGEL.ru
10.01.2024;LUXELIVING5ADS.ru
10.01.2024;LUXNSK.ru
10.01.2024;LUXSHIN.ru
10.01.2024;LV-WEDDING.ru
10.01.2024;LVJALYH.ru
10.01.2024;LVM78.ru
10.01.2024;LVXO.ru
10.01.2024;LXYBAGUA.ru
10.01.2024;LZHULANOVA.ru
10.01.2024;M-AVIASALES.ru
10.01.2024;M-LABORATORY.ru
10.01.2024;M-SERV1CE.ru
10.01.2024;M-UR.ru
10.01.2024;M-VODKA-CASINO.ru
10.01.2024;M-VODKABETCASINO.ru
10.01.2024;M0RDER.ru
10.01.2024;M19MARKOVA.ru
10.01.2024;M1HALOVICH.ru
10.01.2024;M3-GEELY-EK.ru
10.01.2024;M4KAROVAV.ru
10.01.2024;M4RDERO.ru
10.01.2024;MA-UR.ru
10.01.2024;MACHNEFF.ru
10.01.2024;MADDIMAS.ru
10.01.2024;MADEBYBEAR.ru
10.01.2024;MADGUDVIN.ru
10.01.2024;MADINAFOODS.ru
10.01.2024;MADMENGYM.ru
10.01.2024;MADOBEAUTY.ru
10.01.2024;MAFIA-SNEAKERS.ru
10.01.2024;MAFMAF.ru
10.01.2024;MAG--PRIVOROT-LIFE.ru
10.01.2024;MAG-PRIVOROT-LIFE.ru
10.01.2024;MAG-PRIVOROTS-LIFE.ru
10.01.2024;MAGAZIN-KARNIZOV.ru
10.01.2024;MAGECOSMETICS.ru
10.01.2024;MAGIC-BUFFET.ru
10.01.2024;MAGIC-PRIVOROTS-LIFE.ru
10.01.2024;MAGICAL-GARDEN.ru
10.01.2024;MAGICAMBER.ru
10.01.2024;MAGICIAN-FINAL.ru
10.01.2024;MAGIMOBI.ru
10.01.2024;MAGIYA-TS.ru
10.01.2024;MAGNA-DOORS.ru
10.01.2024;MAIDOL.ru
10.01.2024;MAIL-CONNECTOR.ru
10.01.2024;MAIL-MAILER-ACCOUNT.ru
10.01.2024;MAIL200.ru
10.01.2024;MAIL2FUTURE.ru
10.01.2024;MAILFILES.ru
10.01.2024;MAILGRABBER.ru
10.01.2024;MAILGRAD.ru
10.01.2024;MAILHOMECREDIT.ru
10.01.2024;MAILKM.ru
10.01.2024;MAILNNM.ru
10.01.2024;MAILPART.ru
10.01.2024;MAILTUX.ru
10.01.2024;MAILWM.ru
10.01.2024;MAISKY17.ru
10.01.2024;MAJESTIK-HOTELS-ANAPA.ru
10.01.2024;MAJOR-GEELY-PROMO.ru
10.01.2024;MAJOR-NEWS.ru
10.01.2024;MAJORDUAL.ru
10.01.2024;MAJOREVEN.ru
10.01.2024;MAJORHOOK.ru
10.01.2024;MAJORLEST.ru
10.01.2024;MAJORLIKE.ru
10.01.2024;MAJORNICE.ru
10.01.2024;MAJORPOOL.ru
10.01.2024;MAJORUGLY.ru
10.01.2024;MAJORWHAT.ru
10.01.2024;MAJORWISE.ru
10.01.2024;MAK-FLY.ru
10.01.2024;MAKARONET.ru
10.01.2024;MAKAROVMAC.ru
10.01.2024;MAKEEVA-WORK.ru
10.01.2024;MAKONIX.ru
10.01.2024;MAKSIMBOLDYREV.ru
10.01.2024;MAKSIMUM-MEAT.ru
10.01.2024;MALENEFF.ru
10.01.2024;MALLOWART.ru
10.01.2024;MAMZE1.ru
10.01.2024;MANGAZEYA-JK.ru
10.01.2024;MANGERQU.ru
10.01.2024;MANIKMANIA.ru
10.01.2024;MANLIB.ru
10.01.2024;MANYAPI.ru
10.01.2024;MAR-MA-LADA.ru
10.01.2024;MARAHCLINIC.ru
10.01.2024;MARCHENKO3352.ru
10.01.2024;MARCOPOLOTMN.ru
10.01.2024;MARGELET.ru
10.01.2024;MARGOZAY.ru
10.01.2024;MARIAMARINES.ru
10.01.2024;MARIAPETROVSKAYA.ru
10.01.2024;MARIASUMERK.ru
10.01.2024;MARIAUOKER.ru
10.01.2024;MARILAB-VRN.ru
10.01.2024;MARINA-BROVKO.ru
10.01.2024;MARINASTARODUBTSEVA.ru
10.01.2024;MARINATSVETKOVA.ru
10.01.2024;MARINE-GRAND.ru
10.01.2024;MARIOTRATTORIASPB.ru
10.01.2024;MARISPIRIDONOVA.ru
10.01.2024;MARKABRAMOV.ru
10.01.2024;MARKET-CRYPTO.ru
10.01.2024;MARKET-SEVASTOPOL.ru
10.01.2024;MARKETINGMNOGOMEREN.ru
10.01.2024;MARKETREKLAMA.ru
10.01.2024;MARMALADA.ru
10.01.2024;MAROHHA.ru
10.01.2024;MARSEL-L.ru
10.01.2024;MARTYNOVAPROPHOTO.ru
10.01.2024;MARVID.ru
10.01.2024;MARYANA-OSOKINA.ru
10.01.2024;MARYKI2018.ru
10.01.2024;MARYSHOV.ru
10.01.2024;MASHANOTFREE.ru
10.01.2024;MASHINGUN81.ru
10.01.2024;MASTDILETANTOV.ru
10.01.2024;MASTERA-BANY.ru
10.01.2024;MASTERIA-FRANCH.ru
10.01.2024;MASTERIMENI.ru
10.01.2024;MASTERKARTINOKMASTER.ru
10.01.2024;MASTERS-PHONE.ru
10.01.2024;MASTERSKAYABL.ru
10.01.2024;MASTFISH.ru
10.01.2024;MASTMEAT.ru
10.01.2024;MATEMATIKA-INFORMATIKA.ru
10.01.2024;MATEVOSYANGURGEN.ru
10.01.2024;MATGUSHCHIN.ru
10.01.2024;MATHBESK.ru
10.01.2024;MATRESHKA16.ru
10.01.2024;MATVEEV-DOBRONOS.ru
10.01.2024;MATVEEVAGRANTIK.ru
10.01.2024;MATYUNINS-PARTNERS.ru
10.01.2024;MAUCK.ru
10.01.2024;MAVIVAM.ru
10.01.2024;MAX-545.ru
10.01.2024;MAX-GMA.ru
10.01.2024;MAX00.ru
10.01.2024;MAXBURIN.ru
10.01.2024;MAXFABRIQUE.ru
10.01.2024;MAXIMASTERS.ru
10.01.2024;MAXSHILOV.ru
10.01.2024;MAYA-CRM.ru
10.01.2024;MB85.ru
10.01.2024;MBALANCE.ru
10.01.2024;MBALANCE-HOME.ru
10.01.2024;MC-STAL.ru
10.01.2024;MDAVYDOV.ru
10.01.2024;MDMSAT-FORUM.ru
10.01.2024;ME-TAL-SPB.ru
10.01.2024;MEAT74UP.ru
10.01.2024;MEB-ESTET.ru
10.01.2024;MEBEL-LV.ru
10.01.2024;MEBELKUHNIEKB-PRO.ru
10.01.2024;MEBELMAXSIM.ru
10.01.2024;MEBELTUN.ru
10.01.2024;MECHTAPC.ru
10.01.2024;MED-UN.ru
10.01.2024;MEDCENTER39.ru
10.01.2024;MEDELISTYLES.ru
10.01.2024;MEDLEGALONLINE.ru
10.01.2024;MEDSTANDART-MARKET.ru
10.01.2024;MEDSTANDARTMARKET.ru
10.01.2024;MEDTECH-CONSULT.ru
10.01.2024;MEDVEDTEAM.ru
10.01.2024;MEGA-BOSS.ru
10.01.2024;MEGACOLLAGE.ru
10.01.2024;MEGADJ.ru
10.01.2024;MEGAMAILL.ru
10.01.2024;MEKONGSPB.ru
10.01.2024;MEKRATECH.ru
10.01.2024;MELISTROY.ru
10.01.2024;MELMAN-PRO.ru
10.01.2024;MELN-E.ru
10.01.2024;MELREVS.ru
10.01.2024;MENENURGUUNA.ru
10.01.2024;MENOFACT.ru
10.01.2024;MENSID.ru
10.01.2024;MERCHDISE.ru
10.01.2024;MERIDIANSOLUTION.ru
10.01.2024;MERS-NN.ru
10.01.2024;MESHCHERYAKOVA.ru
10.01.2024;MESHKI-POLIETILENOVIE-MS.ru
10.01.2024;MESHKISZAVAZKAMI-MSK.ru
10.01.2024;METAL-SLITTING.ru
10.01.2024;METAL-TEHNIKA.ru
10.01.2024;METALL-PRIEM-NOVOROSSIYSK.ru
10.01.2024;METALL-PRIEM-SMOLENSK.ru
10.01.2024;METALLPOSTAVKA71.ru
10.01.2024;METALSLITTING.ru
10.01.2024;METAMORFOZIGAME.ru
10.01.2024;METAZOE.ru
10.01.2024;METOD-LUNEVA.ru
10.01.2024;METODLUNEVA.ru
10.01.2024;METTK.ru
10.01.2024;MGCBUILD.ru
10.01.2024;MGKBNK.ru
10.01.2024;MGMEB.ru
10.01.2024;MGORKUNOV.ru
10.01.2024;MIBUGAME.ru
10.01.2024;MIBUGAME24.ru
10.01.2024;MICHAELRICHI.ru
10.01.2024;MICOMISTICISM.ru
10.01.2024;MIK-MEB.ru
10.01.2024;MIKHAIL-82.ru
10.01.2024;MIKHAILSTRUNYASHEV.ru
10.01.2024;MILAMOISIUK.ru
10.01.2024;MILARSO-2.ru
10.01.2024;MILASHECHNAYA.ru
10.01.2024;MILLENIALKA.ru
10.01.2024;MILWAUKE.ru
10.01.2024;MIMINO29.ru
10.01.2024;MINBESP.ru
10.01.2024;MINBESPREDELA.ru
10.01.2024;MINBP.ru
10.01.2024;MINDPORTAL.ru
10.01.2024;MINEBOTS.ru
10.01.2024;MINECRAFT-CLUB.ru
10.01.2024;MINELIBERTY.ru
10.01.2024;MINEMSP.ru
10.01.2024;MINFINKHERSON.ru
10.01.2024;MINIPILA-GOOD.ru
10.01.2024;MINOBLAST.ru
10.01.2024;MINODROM.ru
10.01.2024;MINOTRADE.ru
10.01.2024;MIR-ORTO-SREDSTV.ru
10.01.2024;MIR-STATE.ru
10.01.2024;MIR-ZAP.ru
10.01.2024;MIRKUHNI55.ru
10.01.2024;MIROV82.ru
10.01.2024;MIROV94.ru
10.01.2024;MIRSAITOVA.ru
10.01.2024;MISS72.ru
10.01.2024;MISTOLOVO-PRK.ru
10.01.2024;MIUAS.ru
10.01.2024;MIVALLION.ru
10.01.2024;MIX-PART.ru
10.01.2024;MIXIFY.ru
10.01.2024;MJ7.ru
10.01.2024;MKIZMET.ru
10.01.2024;MKMINECRAFT.ru
10.01.2024;MKUDRIAVTSEV.ru
10.01.2024;MLABORATORY.ru
10.01.2024;MLATYNIN.ru
10.01.2024;MLOPOTKOV.ru
10.01.2024;MMAMIKONYAN.ru
10.01.2024;MMORDASOV.ru
10.01.2024;MMOTOV.ru
10.01.2024;MNENIJA.ru
10.01.2024;MNHPRINT.ru
10.01.2024;MOBILE-STOR.ru
10.01.2024;MOD-JK.ru
10.01.2024;MODE-DECOR.ru
10.01.2024;MODE-DESIGN.ru
10.01.2024;MODEDECOR.ru
10.01.2024;MODULDOM59.ru
10.01.2024;MOIKRAFT.ru
10.01.2024;MOISEEV6016.ru
10.01.2024;MOKUTOG.ru
10.01.2024;MOMALLAH.ru
10.01.2024;MOMEDIKORS.ru
10.01.2024;MONCHALETCHEGET.ru
10.01.2024;MONELUS.ru
10.01.2024;MONEYBANKCARDS.ru
10.01.2024;MONREG.ru
10.01.2024;MONTSERVIS.ru
10.01.2024;MOON-PRO.ru
10.01.2024;MOR-KONT.ru
10.01.2024;MORGODEV.ru
10.01.2024;MOROMSK.ru
10.01.2024;MOROZOV-RESIDENCE.ru
10.01.2024;MOROZOVRESIDENCE.ru
10.01.2024;MORSKASOV.ru
10.01.2024;MOS-NOVOSTROYKA.ru
10.01.2024;MOSCOW-BUILDS.ru
10.01.2024;MOSCOW-GLORY.ru
10.01.2024;MOSCOW-PARK.ru
10.01.2024;MOSCOWCITYLOVE13.ru
10.01.2024;MOSCOWMAGAZINE.ru
10.01.2024;MOSEUROOKNA.ru
10.01.2024;MOSFEDKARATE.ru
10.01.2024;MOSKOVITCH.ru
10.01.2024;MOSKV-VALERA.ru
10.01.2024;MOSKVICH-FRESHAUTO.ru
10.01.2024;MOSNAOB.ru
10.01.2024;MOSTANTENNA.ru
10.01.2024;MOSTBET-NICE.ru
10.01.2024;MOSTBET-OTZYVY3.ru
10.01.2024;MOSTBET-PLATINUM.ru
10.01.2024;MOSTBET-X.ru
10.01.2024;MOSTBET-ZERKALA-BETS.ru
10.01.2024;MOSTBET30-MONEY.ru
10.01.2024;MOSTBET333-NEO.ru
10.01.2024;MOSTBETCAZZINO.ru
10.01.2024;MOSTBETGLOBAL.ru
10.01.2024;MOSTBETPOWER.ru
10.01.2024;MOSTBETVHOD.ru
10.01.2024;MOSTBETZERKALA.ru
10.01.2024;MOSTBETZERKALO4.ru
10.01.2024;MOSTROVERHOVA.ru
10.01.2024;MOSTSHINY.ru
10.01.2024;MOTHERHOOD-JOURNAL.ru
10.01.2024;MOTO-PITER.ru
10.01.2024;MOUNTH-TOP-NEWS.ru
10.01.2024;MP-VAVILON.ru
10.01.2024;MPALCHIKOVA.ru
10.01.2024;MPK-ASTON.ru
10.01.2024;MPROVTHEATRE.ru
10.01.2024;MR-WHITE154.ru
10.01.2024;MRDMORNINGSTAR.ru
10.01.2024;MRGLUSHITEL.ru
10.01.2024;MS83.ru
10.01.2024;MSK-AVIATOR.ru
10.01.2024;MSK-MOSBOARD.ru
10.01.2024;MSKGIFTS.ru
10.01.2024;MSU-GEO.ru
10.01.2024;MT72.ru
10.01.2024;MTGPROFIX.ru
10.01.2024;MTMAUTOZAP.ru
10.01.2024;MTORBIN.ru
10.01.2024;MTTTK.ru
10.01.2024;MU71.ru
10.01.2024;MUCAILES.ru
10.01.2024;MUHAMADIJAROVA.ru
10.01.2024;MUMLEV.ru
10.01.2024;MUNDIAL-TEAM.ru
10.01.2024;MURAVIEV92.ru
10.01.2024;MUSAEV-ARCHITECT.ru
10.01.2024;MUSIC-IMPORT.ru
10.01.2024;MUSIC-JOURNAL.ru
10.01.2024;MUSICMODAMIX3.ru
10.01.2024;MY-CUT.ru
10.01.2024;MY-SKY-PRO.ru
10.01.2024;MY-VOCAL.ru
10.01.2024;MY000000.ru
10.01.2024;MY66.ru
10.01.2024;MYAKISHEVANF.ru
10.01.2024;MYAUDIOBOOKS.ru
10.01.2024;MYCOMYSTICISM.ru
10.01.2024;MYCRINGE.ru
10.01.2024;MYDEX-MC.ru
10.01.2024;MYHAMAM.ru
10.01.2024;MYKOLA.ru
10.01.2024;MYPOTENCIIA.ru
10.01.2024;MYSERIYA.ru
10.01.2024;MYSTICMODAMAGIC5.ru
10.01.2024;MYSTRANA-MYROSSIA24.ru
10.01.2024;MYTHICDEMONSART.ru
10.01.2024;MYTIZER.ru
10.01.2024;MYTRAVELSTORE.ru
10.01.2024;MYVOCAL.ru
10.01.2024;MYVRSCOPE.ru
10.01.2024;MZOBOV.ru
10.01.2024;N-AVA-COM.ru
10.01.2024;N-VTB.ru
10.01.2024;N1KITOSOR.ru
10.01.2024;N3LKST.ru
10.01.2024;NA-PERVOM.ru
10.01.2024;NAASSON.ru
10.01.2024;NACKORDI.ru
10.01.2024;NADINFOOD.ru
10.01.2024;NADOMIREMTTUCCH24.ru
10.01.2024;NAGULEVICH.ru
10.01.2024;NAIMAN-ELITE.ru
10.01.2024;NAIT-SCHOOL.ru
10.01.2024;NAKRUTKABOT.ru
10.01.2024;NALZP.ru
10.01.2024;NAMENNAA.ru
10.01.2024;NANCYRABBIT.ru
10.01.2024;NANNASTORE.ru
10.01.2024;NANO-CA.ru
10.01.2024;NANO-CALCIUM.ru
10.01.2024;NANOCHIPPLUS.ru
10.01.2024;NAPASPORTE.ru
10.01.2024;NAPERVOM.ru
10.01.2024;NAPOPROBYJ.ru
10.01.2024;NARCOLOGONLINE.ru
10.01.2024;NARKO52.ru
10.01.2024;NARTLANG.ru
10.01.2024;NASONOVSD.ru
10.01.2024;NASTAIVAI.ru
10.01.2024;NASTYA-RHYTHMFOCUS.ru
10.01.2024;NASWINT.ru
10.01.2024;NAT2TOCHKA0.ru
10.01.2024;NATAKIRILLOVA.ru
10.01.2024;NATAKOL.ru
10.01.2024;NATALIAPM.ru
10.01.2024;NATALIAROSPB.ru
10.01.2024;NATALIASIDOROVA.ru
10.01.2024;NATALIE-EREMINA.ru
10.01.2024;NATALIYA-MELNIKOVA.ru
10.01.2024;NATALIYAKOR.ru
10.01.2024;NATAROMAN.ru
10.01.2024;NATASHA-S.ru
10.01.2024;NATCOFARMA.ru
10.01.2024;NATIVEBALTICDSGN.ru
10.01.2024;NATOKAREV.ru
10.01.2024;NATUREADSTYLES7.ru
10.01.2024;NATUZZI-ONLINE.ru
10.01.2024;NAVACOM.ru
10.01.2024;NAZAROV-MAZER.ru
10.01.2024;NAZAROV13.ru
10.01.2024;NBESHLIU.ru
10.01.2024;NCHUJKO.ru
10.01.2024;NE-YOGA.ru
10.01.2024;NEAIM.ru
10.01.2024;NEBESNYJ-MIR.ru
10.01.2024;NEBO-SVET.ru
10.01.2024;NEDVIGIMOST-ELBRUS.ru
10.01.2024;NEDVIGIMOSTMIRA.ru
10.01.2024;NEDVIZH-VRN.ru
10.01.2024;NEEDAUDIT.ru
10.01.2024;NEEZHKO-1.ru
10.01.2024;NEIROBLAKO.ru
10.01.2024;NEKSART.ru
10.01.2024;NEMOLEKULA.ru
10.01.2024;NEOTRIC.ru
10.01.2024;NEPARSYA18.ru
10.01.2024;NEPRAVO.ru
10.01.2024;NEREUSHOSTEL.ru
10.01.2024;NEROOM.ru
10.01.2024;NESTERENKO-E.ru
10.01.2024;NESTEROVFAMILY.ru
10.01.2024;NET-PACK.ru
10.01.2024;NET75.ru
10.01.2024;NETFLIX-LORDFILM.ru
10.01.2024;NETFLIX-LORDSERIAL.ru
10.01.2024;NETGAN.ru
10.01.2024;NETOB.ru
10.01.2024;NETWORK-ENGINEER.ru
10.01.2024;NEUTRAT.ru
10.01.2024;NEVEM.ru
10.01.2024;NEVMAIL.ru
10.01.2024;NEVYAROVSKY.ru
10.01.2024;NEW-ADSBIGDATA.ru
10.01.2024;NEW-ALP.ru
10.01.2024;NEW-KVARTIRA-SPB.ru
10.01.2024;NEW-LIDERS.ru
10.01.2024;NEW-TRAINING.ru
10.01.2024;NEWADSBIGDATA.ru
10.01.2024;NEWALP.ru
10.01.2024;NEWBUSINESSCONSULT.ru
10.01.2024;NEWCARAGENCY.ru
10.01.2024;NEWS24DAILY.ru
10.01.2024;NEWSDAYS24.ru
10.01.2024;NEWSITE2.ru
10.01.2024;NEWSTORINW.ru
10.01.2024;NEXMIND.ru
10.01.2024;NEYROSET-DLYA-RAZDEVANIYA.ru
10.01.2024;NFTPOOL.ru
10.01.2024;NGHOST6.ru
10.01.2024;NGSTER.ru
10.01.2024;NICK-LANA.ru
10.01.2024;NICKCHERKESOV.ru
10.01.2024;NICKSAM.ru
10.01.2024;NIGHTKIDS.ru
10.01.2024;NIGHTLIFESTYLE9.ru
10.01.2024;NIGHTSLIM.ru
10.01.2024;NIIUX.ru
10.01.2024;NIKADOG.ru
10.01.2024;NIKAPRODUCTION.ru
10.01.2024;NIKASERVICES.ru
10.01.2024;NIKE-TIEMPO.ru
10.01.2024;NIKISHIN-FAMILY.ru
10.01.2024;NIKITINBRON.ru
10.01.2024;NIKKRVV.ru
10.01.2024;NIKOLAYDIKOV.ru
10.01.2024;NIKONOVVL.ru
10.01.2024;NIKROBHOME.ru
10.01.2024;NIKSCORPIO.ru
10.01.2024;NIKSELN.ru
10.01.2024;NILAVRIK.ru
10.01.2024;NIPOGREBNYAK.ru
10.01.2024;NIRLANDYA.ru
10.01.2024;NISTD.ru
10.01.2024;NJUMAEV.ru
10.01.2024;NKAZARINA.ru
10.01.2024;NKORSAKOV.ru
10.01.2024;NKOSOVA.ru
10.01.2024;NKUCHAEV.ru
10.01.2024;NN-MASTERS.ru
10.01.2024;NNEKIFOROVA.ru
10.01.2024;NNRUS.ru
10.01.2024;NOCODEMASTER.ru
10.01.2024;NOGINSKHELP-PC.ru
10.01.2024;NORDIMPEKS.ru
10.01.2024;NOTCHEAT.ru
10.01.2024;NOTCOIN-TELEGRAM-BOT.ru
10.01.2024;NOTCOINGROUP.ru
10.01.2024;NOTCOINTELEGAM.ru
10.01.2024;NOVA77.ru
10.01.2024;NOVATERIO.ru
10.01.2024;NOVCOI-TEST.ru
10.01.2024;NOVGORODTRAVEL.ru
10.01.2024;NOVOSIBIRSK-OCENKA.ru
10.01.2024;NOVOSTIEVROPA-24.ru
10.01.2024;NOVOSTIEVROPA-INFO.ru
10.01.2024;NOVOSTIEVROPA-MARKET.ru
10.01.2024;NOVOSTIEVROPA-ONLINE.ru
10.01.2024;NOVOSTIEVROPA-SHOP.ru
10.01.2024;NOVOSTIEVROPA-STROY.ru
10.01.2024;NOVOSTIEVROPA24.ru
10.01.2024;NOVOSTIEVROPAINFO.ru
10.01.2024;NOVOSTIEVROPAMARKET.ru
10.01.2024;NOVOSTIEVROPAONLINE.ru
10.01.2024;NOVOSTIEVROPASHOP.ru
10.01.2024;NOVOSTIEVROPASTROY.ru
10.01.2024;NOVOSTROIKA-ROSTOV.ru
10.01.2024;NOWDELIVER.ru
10.01.2024;NOWKNIT.ru
10.01.2024;NOWOSTROYKIMSK.ru
10.01.2024;NOZZZ1.ru
10.01.2024;NPAEFREMOV.ru
10.01.2024;NPFVEKTOR.ru
10.01.2024;NPO-NS.ru
10.01.2024;NPPBEARING.ru
10.01.2024;NPRO90.ru
10.01.2024;NPSRO-RYAZAN.ru
10.01.2024;NPTITSYNA.ru
10.01.2024;NS-1-HOSTING-REG.ru
10.01.2024;NSHUREKOVA.ru
10.01.2024;NSKFIT.ru
10.01.2024;NUANDR.ru
10.01.2024;NUMERICAL-ANALYSIS.ru
10.01.2024;NUMEROL.ru
10.01.2024;NUTRINETIC.ru
10.01.2024;NUTRITIONISTVALENTINA.ru
10.01.2024;NXTMAIL.ru
10.01.2024;NZELINSKAJA.ru
10.01.2024;O-SVOEM.ru
10.01.2024;OAMOISE.ru
10.01.2024;OASISFESTIVAL.ru
10.01.2024;OATAPINA.ru
10.01.2024;OATNA.ru
10.01.2024;OBAPRAVO.ru
10.01.2024;OBEREZKINA.ru
10.01.2024;OBITEL-ZLA-LORDFILMS.ru
10.01.2024;OBL196.ru
10.01.2024;OBLAG.ru
10.01.2024;OBLASTI-NEWS.ru
10.01.2024;OBNPOLIS.ru
10.01.2024;OBOR1A.ru
10.01.2024;OBYCH.ru
10.01.2024;OBYCHENIE-VOKALY.ru
10.01.2024;OBZHALOVATSHTRAF.ru
10.01.2024;OCEANICADSWAVE7.ru
10.01.2024;OCHEN-STRASHNOE-KINO-LORDFILMS.ru
10.01.2024;OCHKIKZ.ru
10.01.2024;OCTOPU.ru
10.01.2024;ODEGTJAREVA.ru
10.01.2024;ODINNOSOK.ru
10.01.2024;ODIS-MEBEL.ru
10.01.2024;OELENA.ru
10.01.2024;OFD-ORD1201.ru
10.01.2024;OFD-ORD1564.ru
10.01.2024;OFD-ORD1673.ru
10.01.2024;OFD-ORD3500.ru
10.01.2024;OFD-ORD3559.ru
10.01.2024;OFD-ORD4219.ru
10.01.2024;OFD-ORD4261.ru
10.01.2024;OFD-ORD4521.ru
10.01.2024;OFD-ORD4899.ru
10.01.2024;OFD-ORD4979.ru
10.01.2024;OFD-ORD4984.ru
10.01.2024;OFD-ORD5863.ru
10.01.2024;OFD-ORD8060.ru
10.01.2024;OFFICE-OBNINSK.ru
10.01.2024;OFFICE-PRINTER.ru
10.01.2024;OFFICIALSPORTSSITES.ru
10.01.2024;OFIS-MIR09.ru
10.01.2024;OFIZERY.ru
10.01.2024;OFRAM68.ru
10.01.2024;OGNEYAR-SHOP.ru
10.01.2024;OGROSHEVA.ru
10.01.2024;OGUZEV.ru
10.01.2024;OHERZIO.ru
10.01.2024;OHERZYO.ru
10.01.2024;OHRABOTA.ru
10.01.2024;OI-AI.ru
10.01.2024;OJAHINA.ru
10.01.2024;OKEYREALESTATE.ru
10.01.2024;OKIRSANOV.ru
10.01.2024;OKNAPLUS56.ru
10.01.2024;OKNAROSTA55.ru
10.01.2024;OKNAWOW.ru
10.01.2024;OKNO-SOCHI.ru
10.01.2024;OKOBOGA.ru
10.01.2024;OKOKNA134.ru
10.01.2024;OKOKNA136.ru
10.01.2024;OKOKNA152.ru
10.01.2024;OKOKNA161.ru
10.01.2024;OKOKNA164.ru
10.01.2024;OKOKNA171.ru
10.01.2024;OKOKNA34.ru
10.01.2024;OKOKNA36.ru
10.01.2024;OKOKNA52.ru
10.01.2024;OKOKNA61.ru
10.01.2024;OKOKNA64.ru
10.01.2024;OKOKNA71.ru
10.01.2024;OKOKNA72.ru
10.01.2024;OKOVILLE.ru
10.01.2024;OKSANABACHANOVA.ru
10.01.2024;OKSANAPOTANINA.ru
10.01.2024;OLCHIK019.ru
10.01.2024;OLD-AMSTERDAM.ru
10.01.2024;OLDCHATMAIL.ru
10.01.2024;OLEESHA.ru
10.01.2024;OLESYA-NASTAVNIK.ru
10.01.2024;OLGA-FOKINA.ru
10.01.2024;OLGA-MAKAREVICH.ru
10.01.2024;OLGA4741532.ru
10.01.2024;OLGADZHELEMEI.ru
10.01.2024;OLGAKAPITAN.ru
10.01.2024;OLGAMATVEEVASPB.ru
10.01.2024;OLGARABOTA66.ru
10.01.2024;OLGASHAKIROVA.ru
10.01.2024;OLGASHILINA.ru
10.01.2024;OLGUR64.ru
10.01.2024;OLIMPARENDA-MSK.ru
10.01.2024;OLIPUNK.ru
10.01.2024;OLKA2864647.ru
10.01.2024;OLKINOL90.ru
10.01.2024;OLOLONIUM.ru
10.01.2024;OLYMPIADA-DEDESHKO.ru
10.01.2024;OMASOFT.ru
10.01.2024;OMBRONMO.ru
10.01.2024;OMEGASIB.ru
10.01.2024;OMELYANOVICH.ru
10.01.2024;OMMOHOTELS.ru
10.01.2024;OMONOV.ru
10.01.2024;OMSK55-REMONT.ru
10.01.2024;OMSK55REMONT.ru
10.01.2024;ONCEHUMANS.ru
10.01.2024;ONETWO3.ru
10.01.2024;ONLINE-ADSBIGDATA.ru
10.01.2024;ONLINE-CASINO-STATISTICS.ru
10.01.2024;ONLINE-CHATGPT.ru
10.01.2024;ONLINE-REM.ru
10.01.2024;ONLINEADSBIGDATA.ru
10.01.2024;ONLINEPUZZLE.ru
10.01.2024;ONOXIEBEEKEEBIBI.ru
10.01.2024;ONTARIOHOUSE.ru
10.01.2024;ONWALUNA.ru
10.01.2024;OOFOKO.ru
10.01.2024;OOOIMPLANTAT.ru
10.01.2024;OOOTSU2021.ru
10.01.2024;OPEN-HEARTS.ru
10.01.2024;OPER-VIKH.ru
10.01.2024;OPERAMAIL.ru
10.01.2024;OPERBUH.ru
10.01.2024;OPLATA213.ru
10.01.2024;OPLATA2134.ru
10.01.2024;OPLATA2136.ru
10.01.2024;OPROSTUR.ru
10.01.2024;ORDER-1204.ru
10.01.2024;ORDER-4709.ru
10.01.2024;ORDER0541.ru
10.01.2024;ORDER1185.ru
10.01.2024;ORDER2997.ru
10.01.2024;ORDER3504.ru
10.01.2024;ORDER4749.ru
10.01.2024;ORDER7226.ru
10.01.2024;ORDER7344.ru
10.01.2024;ORDER7443.ru
10.01.2024;ORDER7446.ru
10.01.2024;ORDER8306.ru
10.01.2024;ORDER8330.ru
10.01.2024;ORDER8405.ru
10.01.2024;ORDER8466.ru
10.01.2024;ORDER9447.ru
10.01.2024;ORDERSMARTHOME.ru
10.01.2024;OREHINA.ru
10.01.2024;OREHSEKS.ru
10.01.2024;OREL-GIRLS.ru
10.01.2024;OREL-INTIM.ru
10.01.2024;OREN-RC.ru
10.01.2024;ORESHKIN77.ru
10.01.2024;ORGANIC-SFERA.ru
10.01.2024;ORGANIC-SPHERE.ru
10.01.2024;ORGYAN.ru
10.01.2024;ORIGINALYK.ru
10.01.2024;ORION-REALT.ru
10.01.2024;ORIONREALT.ru
10.01.2024;ORLOVTROTTER.ru
10.01.2024;ORMPHORO.ru
10.01.2024;ORONOV.ru
10.01.2024;ORTOSHOP-LIFE.ru
10.01.2024;OSAGO45.ru
10.01.2024;OSAGORAY.ru
10.01.2024;OSARBALIEVA.ru
10.01.2024;OSIPOVTEHNO.ru
10.01.2024;OSMANOV-1.ru
10.01.2024;OSMOGLAS.ru
10.01.2024;OSTEKLENIE-BESEDKI.ru
10.01.2024;OSTROUMOVA-PRO.ru
10.01.2024;OSTROV-VILLAGE.ru
10.01.2024;OSV-M130.ru
10.01.2024;OTK03.ru
10.01.2024;OTTOEVENT.ru
10.01.2024;OTU-STORE.ru
10.01.2024;OTUSTORE.ru
10.01.2024;OUR-WAY.ru
10.01.2024;OVALCOIN.ru
10.01.2024;OVCHINN.ru
10.01.2024;OVCHINNIKOV88.ru
10.01.2024;OVER-FOOD.ru
10.01.2024;OVERVOLT.ru
10.01.2024;OWL-MACHINE.ru
10.01.2024;OWXXI.ru
10.01.2024;OXINYA.ru
10.01.2024;OY-PRO.ru
10.01.2024;OZON-L.ru
10.01.2024;P-O-S.ru
10.01.2024;P4ELKI.ru
10.01.2024;PAGE-7621.ru
10.01.2024;PAIDMAIL.ru
10.01.2024;PAIDUCHO-BAND.ru
10.01.2024;PAKETY-DLYA-MEDICINSKIH-OTHODOV-KLASS-A-MS.ru
10.01.2024;PAKETY-DLYA-MEDICINSKIH-OTHODOV-KLASS-B-MS.ru
10.01.2024;PAKETY-DLYA-MEDICINSKIH-OTHODOV-MOS.ru
10.01.2024;PAKETYDLYAMEDICINSKIHOTHODOVMS.ru
10.01.2024;PAN661.ru
10.01.2024;PANAMAX-GRP.ru
10.01.2024;PANDA-SCHOOL.ru
10.01.2024;PANDORA-STYLE.ru
10.01.2024;PAPO4KASERGEI.ru
10.01.2024;PAREIKA.ru
10.01.2024;PARITET76.ru
10.01.2024;PARKOVKARABOTAET.ru
10.01.2024;PARSECWORX.ru
10.01.2024;PARSUN-EKB.ru
10.01.2024;PARSUN-URAL.ru
10.01.2024;PARSUNEKB.ru
10.01.2024;PARSUNURAL.ru
10.01.2024;PARTNER-KLIN.ru
10.01.2024;PARTOFART.ru
10.01.2024;PARTY-ORENBYRG.ru
10.01.2024;PARTYTEST.ru
10.01.2024;PASHKEVICHVL.ru
10.01.2024;PASSBOXPARK.ru
10.01.2024;PAULO-FRAU.ru
10.01.2024;PAVASILYEV.ru
10.01.2024;PAVCITY-JK.ru
10.01.2024;PAVELSAPIENS.ru
10.01.2024;PAVELTATTOO.ru
10.01.2024;PAY-APPLETOUCH.ru
10.01.2024;PAY-ID124116.ru
10.01.2024;PAY-ID412516.ru
10.01.2024;PAY-ID9485.ru
10.01.2024;PAYD14.ru
10.01.2024;PAYMENT-275.ru
10.01.2024;PAYMENT-276.ru
10.01.2024;PAYMENT-291.ru
10.01.2024;PAYMENT-292.ru
10.01.2024;PAYMENT-293.ru
10.01.2024;PAYMENT-AUTO36.ru
10.01.2024;PAYMENTS-ORDER978.ru
10.01.2024;PAYREDERED.ru
10.01.2024;PAZLTOURS.ru
10.01.2024;PBELAEV.ru
10.01.2024;PCDYNAMICS.ru
10.01.2024;PCM163.ru
10.01.2024;PCREMONTMASTER.ru
10.01.2024;PE4ENOV.ru
10.01.2024;PEACERP.ru
10.01.2024;PECHATI-ACHINSK.ru
10.01.2024;PECHI-IZ-TALKOHLORITA-26.ru
10.01.2024;PEDIPSI.ru
10.01.2024;PENSIA-LAW.ru
10.01.2024;PENSIALAW.ru
10.01.2024;PERCHATKI-3LX.ru
10.01.2024;PERESLAVTSEVA.ru
10.01.2024;PEREVOZCHIK-LORDFILM.ru
10.01.2024;PEREVOZMOSKVA.ru
10.01.2024;PERFECTBUH.ru
10.01.2024;PERKYEVEN.ru
10.01.2024;PERKYLIKE.ru
10.01.2024;PERKYNICE.ru
10.01.2024;PERKYUGLY.ru
10.01.2024;PERKYWISE.ru
10.01.2024;PERMATA.ru
10.01.2024;PERSHIN-ESK.ru
10.01.2024;PERVAYAEXPERTBUH.ru
10.01.2024;PESHNIN.ru
10.01.2024;PETERBURG-BINNY.ru
10.01.2024;PETQUEUE.ru
10.01.2024;PETRASHOVA.ru
10.01.2024;PETRCHUPRIKOV.ru
10.01.2024;PETROVAART.ru
10.01.2024;PETROVICH34.ru
10.01.2024;PETROVNAK67.ru
10.01.2024;PETROVVODKINSPB.ru
10.01.2024;PETRUX2014.ru
10.01.2024;PETS-MED.ru
10.01.2024;PETSFASHIONADS2.ru
10.01.2024;PETTITS.ru
10.01.2024;PEVSHIPO.ru
10.01.2024;PGERTMAN.ru
10.01.2024;PHANTOM-7.ru
10.01.2024;PHANTOM-GUIDES.ru
10.01.2024;PHANTOM-NAS.ru
10.01.2024;PHOBOCAFE62.ru
10.01.2024;PHOTO-B2B.ru
10.01.2024;PHOTOBRO.ru
10.01.2024;PHOTOZAZ.ru
10.01.2024;PHYSLIB.ru
10.01.2024;PIALKATEA.ru
10.01.2024;PICHSROS.ru
10.01.2024;PICK-YOUR-WINNER.ru
10.01.2024;PID-MAIL.ru
10.01.2024;PIERCING-TULA.ru
10.01.2024;PIKAYPETRI.ru
10.01.2024;PIN-TO.ru
10.01.2024;PINKYWAY.ru
10.01.2024;PINUP-APK-DOWNLOAD.ru
10.01.2024;PINUP-APK-FREE.ru
10.01.2024;PIOTROVSKIJ.ru
10.01.2024;PISMENSKAYA.ru
10.01.2024;PITBIKEZIP.ru
10.01.2024;PITER-SANTEHNIK.ru
10.01.2024;PIXELMASTERS.ru
10.01.2024;PLASTICDOORS.ru
10.01.2024;PLATFORM-24.ru
10.01.2024;PLATFORMA-DLYA-OBUCHENIYA-ONLINE.ru
10.01.2024;PLATFORMA-RU.ru
10.01.2024;PLATFORMAKIR.ru
10.01.2024;PLATFORMARU.ru
10.01.2024;PLATINUM-BFL.ru
10.01.2024;PLATINUM-MOSTBET404.ru
10.01.2024;PLATINUMHOTEL.ru
10.01.2024;PLATONGROUP.ru
10.01.2024;PLAY-STAKE.ru
10.01.2024;PLAYERTALK.ru
10.01.2024;PLAYWIN-CASINOX48.ru
10.01.2024;PLC-SMARTWALLET.ru
10.01.2024;PLESETSKPLZ.ru
10.01.2024;PLITCOMPLEKT.ru
10.01.2024;PLITKA-USOLIE.ru
10.01.2024;PLITKU69.ru
10.01.2024;PLUS236855.ru
10.01.2024;PMBRAIN.ru
10.01.2024;PNSV-ES.ru
10.01.2024;PO-PRIMORSKI.ru
10.01.2024;PO-PRIMORSKY.ru
10.01.2024;POCHINKA-PC-KZN.ru
10.01.2024;POCHINKA-PC-YOLA.ru
10.01.2024;PODAROK-MK-KLINIK.ru
10.01.2024;PODAROK-MLSALON.ru
10.01.2024;PODBEREMVSEMCREDIT.ru
10.01.2024;PODCHISTUYU.ru
10.01.2024;PODGUZNIKISKIDKI.ru
10.01.2024;PODOLOFT.ru
10.01.2024;POGADATJ.ru
10.01.2024;POINFOTUT.ru
10.01.2024;POISHIVOPOS.ru
10.01.2024;POKATAIKA-GRUZ.ru
10.01.2024;POKATAIKA-GRYZ.ru
10.01.2024;POKER-STORE.ru
10.01.2024;POKLA.ru
10.01.2024;POKRASKA-BRUSA.ru
10.01.2024;POLEDANCE4YOU.ru
10.01.2024;POLET-AGENCY.ru
10.01.2024;POLIETILENOVYE-MESHKI-MS.ru
10.01.2024;POLIFLOWERS.ru
10.01.2024;POLIMER-SAMARA.ru
10.01.2024;POLINABUZANOVA.ru
10.01.2024;POLINAFEY.ru
10.01.2024;POLIVATOR.ru
10.01.2024;POLOMOECHNIE-MACHINY.ru
10.01.2024;POLOVEDER.ru
10.01.2024;POLYMOVA.ru
10.01.2024;PONYSOCIAL.ru
10.01.2024;POPONINA.ru
10.01.2024;POPRODAM.ru
10.01.2024;PORA-SLETAT-EKB.ru
10.01.2024;PORODAVILLAGE.ru
10.01.2024;PORT-BABY.ru
10.01.2024;PORT-BEAUTY.ru
10.01.2024;PORT-HOME.ru
10.01.2024;PORTBABY.ru
10.01.2024;PORTBEAUTY.ru
10.01.2024;PORTFOLIO-PHOTO.ru
10.01.2024;PORTOLD.ru
10.01.2024;POSETBUH.ru
10.01.2024;POSITIVE-CLINIC26.ru
10.01.2024;POST2ALL.ru
10.01.2024;POSTIRAIKOVER.ru
10.01.2024;POSUDAVAM.ru
10.01.2024;POTENCIYA-DA.ru
10.01.2024;POTENCIYA-EST.ru
10.01.2024;POTENCIYA-VSEGDA.ru
10.01.2024;POUZNAVAIVSE.ru
10.01.2024;POVERKA-ARHANGELSK.ru
10.01.2024;POWERUM.ru
10.01.2024;POZITIVP.ru
10.01.2024;PR-DROZ.ru
10.01.2024;PRAVNA.ru
10.01.2024;PRECONSTRUCTION.ru
10.01.2024;PREMIUMMAIL.ru
10.01.2024;PREMIUMTELEGRAMRUSSIA.ru
10.01.2024;PRESTIGE-MOTO.ru
10.01.2024;PRESTIGEONEDEV.ru
10.01.2024;PRIBOYSPOT.ru
10.01.2024;PRICE-COMPARISON-AI.ru
10.01.2024;PRIDE-CAPITAL.ru
10.01.2024;PRIDE-CAPITAL24.ru
10.01.2024;PRIDE-FRIENDS.ru
10.01.2024;PRIDE-FRIENDS24.ru
10.01.2024;PRIIATELEV.ru
10.01.2024;PRIMARAIL.ru
10.01.2024;PRIMEYOGA.ru
10.01.2024;PRINTARTDOSKI.ru
10.01.2024;PRIPIP.ru
10.01.2024;PRISTAVKAUNA.ru
10.01.2024;PRISTROJKI.ru
10.01.2024;PRIVALOV-WORK.ru
10.01.2024;PRIVETDUBAI.ru
10.01.2024;PRIVOZE.ru
10.01.2024;PRIZANT.ru
10.01.2024;PRLIDER.ru
10.01.2024;PRMBEL.ru
10.01.2024;PRO-ASTROLOG.ru
10.01.2024;PRO-DS.ru
10.01.2024;PRO-DVINEM.ru
10.01.2024;PRO-HOSTING-PLACE.ru
10.01.2024;PRO-HOSTINGS.ru
10.01.2024;PRO-INCOME.ru
10.01.2024;PRO-LEST.ru
10.01.2024;PRO-MOSTBETTOP-INFO.ru
10.01.2024;PRO-MOVEMENT-NSK.ru
10.01.2024;PRO-TYP.ru
10.01.2024;PROADSBIGDATA.ru
10.01.2024;PROAVTONOMER.ru
10.01.2024;PROCHISTKA-KANALIZACII-TRUB-MOSKVA.ru
10.01.2024;PROCPRAVO.ru
10.01.2024;PROCRYPTOCOINS.ru
10.01.2024;PRODAIMED.ru
10.01.2024;PRODALA.ru
10.01.2024;PRODANOVSE.ru
10.01.2024;PRODBYRUDIK.ru
10.01.2024;PRODEFI.ru
10.01.2024;PRODESIGN39.ru
10.01.2024;PRODVIJHENIE-SAITOV.ru
10.01.2024;PROEKT-PUCHKOVA.ru
10.01.2024;PROEKTIROVANIEHOLODA.ru
10.01.2024;PROFABRICA.ru
10.01.2024;PROFEKIPAZH.ru
10.01.2024;PROFF-HOL.ru
10.01.2024;PROFFNAILSSCHOOL.ru
10.01.2024;PROFI-GURUASK.ru
10.01.2024;PROFI235.ru
10.01.2024;PROFIDENT-46.ru
10.01.2024;PROFILDOORS123.ru
10.01.2024;PROFIT-SPRINT.ru
10.01.2024;PROFJUREXPERT.ru
10.01.2024;PROFPOLOTNO.ru
10.01.2024;PROGARDENMAG.ru
10.01.2024;PROJECT-LIVEVK.ru
10.01.2024;PROJECTREGION.ru
10.01.2024;PROJECTSP.ru
10.01.2024;PROJET-VKLIVE.ru
10.01.2024;PROLINE-ESTHETICS.ru
10.01.2024;PROMENE.ru
10.01.2024;PROMETEI-ESSENTUKI.ru
10.01.2024;PROMO-UP.ru
10.01.2024;PROMO-UP-COMPANY.ru
10.01.2024;PROMOKOD-ODEZHDA.ru
10.01.2024;PROMOKOD-OZ.ru
10.01.2024;PROMOKOD-RENDEZ.ru
10.01.2024;PROMOKOD-TEHNIK.ru
10.01.2024;PROMOKOD-VKUS.ru
10.01.2024;PROMOPAYMENT.ru
10.01.2024;PROMOPULS.ru
10.01.2024;PROPRINT78.ru
10.01.2024;PROPRUTKI.ru
10.01.2024;PROSOCIALSOLUTION.ru
10.01.2024;PROSTITUTKA-CHITA.ru
10.01.2024;PROSTNEV.ru
10.01.2024;PROSTOPVZ.ru
10.01.2024;PROSYSTEM-CRM.ru
10.01.2024;PROTERIKA.ru
10.01.2024;PROZRACHNAYA-KLEJKAYA-LENTA-MS.ru
10.01.2024;PROZRACHNAYA-KLEJKAYA-LENTA-SKOTCH-MS.ru
10.01.2024;PRSLANA.ru
10.01.2024;PRYAMOI-UGOL.ru
10.01.2024;PS-VNUKOVO.ru
10.01.2024;PSE365.ru
10.01.2024;PSHONNY.ru
10.01.2024;PSOPE.ru
10.01.2024;PSY-BYSTROVA.ru
10.01.2024;PSYCHOLOGY-ALEX.ru
10.01.2024;PSYCHOLOGYMARK.ru
10.01.2024;PSYCHOSERV.ru
10.01.2024;PSYSOME.ru
10.01.2024;PTP68.ru
10.01.2024;PUBINDO.ru
10.01.2024;PUIUPZ.ru
10.01.2024;PULISIRUSSIA.ru
10.01.2024;PULSEAUDIT.ru
10.01.2024;PULYMEN.ru
10.01.2024;PUREFILTER.ru
10.01.2024;PUREHAUSE.ru
10.01.2024;PURRZILLA.ru
10.01.2024;PUTELIST.ru
10.01.2024;PUTPOST.ru
10.01.2024;PUTRAZVITIA.ru
10.01.2024;PUZRIKGAMES.ru
10.01.2024;PVLNBRS.ru
10.01.2024;PYATKOV86.ru
10.01.2024;Q-MEN.ru
10.01.2024;QCOMPUTERS.ru
10.01.2024;QIZLARMOSKVA.ru
10.01.2024;QOMAIL.ru
10.01.2024;QR-AZ.ru
10.01.2024;QUADPROJECT.ru
10.01.2024;QUALOG.ru
10.01.2024;QUANTUMPROFIT.ru
10.01.2024;QUATRO59.ru
10.01.2024;QUEEN-LOVE.ru
10.01.2024;QUICKRESTO-MSK.ru
10.01.2024;QUIZOKENGLISH.ru
10.01.2024;QUPLGEX2015.ru
10.01.2024;QVILL.ru
10.01.2024;QWERASDFDSA.ru
10.01.2024;R2ONLINEAWAKEN.ru
10.01.2024;RA-DEVELOP.ru
10.01.2024;RA-PREMIER.ru
10.01.2024;RABOTA-IT.ru
10.01.2024;RABOTA-KOPEMASH.ru
10.01.2024;RABOTADEVUSHKAMSPB.ru
10.01.2024;RABOTASKLAD.ru
10.01.2024;RADAEFIMOVAASTROLOG.ru
10.01.2024;RADEVELOP.ru
10.01.2024;RADIO-SCAN.ru
10.01.2024;RADIOLOMSKUPKA.ru
10.01.2024;RADIOZERO.ru
10.01.2024;RADMAIL.ru
10.01.2024;RADOVID.ru
10.01.2024;RAIVED.ru
10.01.2024;RALFFAMILY.ru
10.01.2024;RAM-PAGE.ru
10.01.2024;RAMENBET-CASINO-ONLINE.ru
10.01.2024;RAMENSKOE-RITUAL.ru
10.01.2024;RAMKAFE.ru
10.01.2024;RANDOMFORTRESS.ru
10.01.2024;RANDRE.ru
10.01.2024;RANGE-ROVER-SPORT.ru
10.01.2024;RARERECORD.ru
10.01.2024;RARERECORDS.ru
10.01.2024;RASSILKINASTYA.ru
10.01.2024;RASTI-PROSTO.ru
10.01.2024;RASTIPROSTO.ru
10.01.2024;RATERATE.ru
10.01.2024;RATERRAPLANET.ru
10.01.2024;RATHER-COOL.ru
10.01.2024;RATHERCOOL.ru
10.01.2024;RATING-MLM.ru
10.01.2024;RAUDINAMRAKHOV.ru
10.01.2024;RAWARD-FF-QARENA.ru
10.01.2024;RAYVAZOV.ru
10.01.2024;RAZGULAYEVENT.ru
10.01.2024;RAZVIVAIKASOCHI.ru
10.01.2024;RAZVSOZNANIYA.ru
10.01.2024;RB-PRO.ru
10.01.2024;RC36.ru
10.01.2024;RCDPO03.ru
10.01.2024;RE-MONTUS.ru
10.01.2024;REAGE-OTZYVY.ru
10.01.2024;REAGENT-24.ru
10.01.2024;REALDAI.ru
10.01.2024;REALTORRU.ru
10.01.2024;REDAKTORAZAT.ru
10.01.2024;REDARROWBUS.ru
10.01.2024;REDCRYSTALL.ru
10.01.2024;REDJAY.ru
10.01.2024;REDLANVI.ru
10.01.2024;REDPILL-INVEST.ru
10.01.2024;REF52.ru
10.01.2024;REFOSTRYAKGIFT.ru
10.01.2024;REG-MYHOSTING.ru
10.01.2024;REGION77-PROM.ru
10.01.2024;REGIONGLAVSTROY.ru
10.01.2024;REGIOPOLIS.ru
10.01.2024;REHENIE-PENSIONEROV.ru
10.01.2024;RELATIONSHIPS-JOURNAL.ru
10.01.2024;REM-50.ru
10.01.2024;REM-BLOG.ru
10.01.2024;REM-FORUM.ru
10.01.2024;REM-SAMSUNG-SPB.ru
10.01.2024;REMCRAFT-OTZIVI.ru
10.01.2024;REMGAZETA.ru
10.01.2024;REMINFO.ru
10.01.2024;REMONT-DIGITAL.ru
10.01.2024;REMONT-KOMPUTEROV-PETERBURG.ru
10.01.2024;REMONT-OBSLUZHIVANIE-KONDICIONEROV-V-MOSKVE.ru
10.01.2024;REMONTELEFONA.ru
10.01.2024;REMONTVALOV.ru
10.01.2024;REMONTYSYEPIKI24.ru
10.01.2024;RENYXXXA.ru
10.01.2024;REPEATMYTRIP.ru
10.01.2024;REPUBLIC-JK.ru
10.01.2024;REQX.ru
10.01.2024;REST-TRADE.ru
10.01.2024;RESTAURANT-COSTA.ru
10.01.2024;RESTAURANT-KARAOKE-DIA.ru
10.01.2024;RESTFLOR.ru
10.01.2024;RESTO-LAVKA.ru
10.01.2024;RESTOFF-BOT.ru
10.01.2024;RESTORANPOPONYATIAM-3.ru
10.01.2024;RESTORANPOPONYATIAM3.ru
10.01.2024;RESTVAN.ru
10.01.2024;RESULTS-NOT-TYPICAL.ru
10.01.2024;RETAIL-DOC.ru
10.01.2024;RETAIL-DOCTOR.ru
10.01.2024;RETAILDOC.ru
10.01.2024;RETOIL.ru
10.01.2024;RETROADCHIC80.ru
10.01.2024;REVIRIS.ru
10.01.2024;REXSHINY.ru
10.01.2024;REZKO-ZAIM.ru
10.01.2024;RF-KUGOO.ru
10.01.2024;RG15.ru
10.01.2024;RGS35.ru
10.01.2024;RHALIMOV.ru
10.01.2024;RIANON1971.ru
10.01.2024;RICHRUSSIAN.ru
10.01.2024;RICHTRAVELLER.ru
10.01.2024;RIGAMARS.ru
10.01.2024;RIK-ALEKS.ru
10.01.2024;RIK23.ru
10.01.2024;RINATZH11.ru
10.01.2024;RIO-SEROV.ru
10.01.2024;RIOBET-184.ru
10.01.2024;RISETON.ru
10.01.2024;RITACORP.ru
10.01.2024;RITUAL-G.ru
10.01.2024;RKALGIN.ru
10.01.2024;RKLIMANOV.ru
10.01.2024;RKOPII.ru
10.01.2024;RMACC.ru
10.01.2024;RMARTIN.ru
10.01.2024;RMURADOV.ru
10.01.2024;ROBOTOBO.ru
10.01.2024;ROBOTTESTER.ru
10.01.2024;RODOP-TRADING.ru
10.01.2024;RODZEVICH-7.ru
10.01.2024;ROG-PHONE.ru
10.01.2024;ROGPHONE.ru
10.01.2024;ROLATEX-METALL.ru
10.01.2024;ROLLBOX2LA.ru
10.01.2024;ROLLERSPORT72.ru
10.01.2024;ROMANOVANNA.ru
10.01.2024;ROMANOVOCITY.ru
10.01.2024;ROMANTIC-MOSCOW14.ru
10.01.2024;ROMANTICSKY13.ru
10.01.2024;ROMARISK.ru
10.01.2024;RONNIEANDBOB.ru
10.01.2024;ROOMTERIER.ru
10.01.2024;ROS-AVTOVOZ.ru
10.01.2024;ROSAVTOVOZ.ru
10.01.2024;ROSEMUNDUS.ru
10.01.2024;ROSINKA-NADYM.ru
10.01.2024;ROSIPACK.ru
10.01.2024;ROSKEDR-KEDROVAYA-FITOBOCHKA.ru
10.01.2024;ROSPITGROUPMSK.ru
10.01.2024;ROSSPROJECT.ru
10.01.2024;ROSTECHMEDIA.ru
10.01.2024;ROSTEX-DON.ru
10.01.2024;ROSTOWSKY.ru
10.01.2024;ROUNDDUAL.ru
10.01.2024;ROUNDEVEN.ru
10.01.2024;ROUNDHOOK.ru
10.01.2024;ROUNDLEST.ru
10.01.2024;ROUNDLIKE.ru
10.01.2024;ROUNDNICE.ru
10.01.2024;ROUNDPOOL.ru
10.01.2024;ROUNDUGLY.ru
10.01.2024;ROUNDWHAT.ru
10.01.2024;ROUNDWISE.ru
10.01.2024;ROUSSETSKY.ru
10.01.2024;ROXNUMBER.ru
10.01.2024;ROXNUMBER1.ru
10.01.2024;RPISCH.ru
10.01.2024;RS-EVENTS.ru
10.01.2024;RSEVENTS.ru
10.01.2024;RSHEVERGIN.ru
10.01.2024;RSK-77.ru
10.01.2024;RSOVETSKIJ.ru
10.01.2024;RTI-ARSENAL.ru
10.01.2024;RTIUCK.ru
10.01.2024;RU-ARCHE.ru
10.01.2024;RU-HELPER.ru
10.01.2024;RUARCHE.ru
10.01.2024;RUBCZOVSERG.ru
10.01.2024;RUBLEVSKAYA29.ru
10.01.2024;RUDKOVA.ru
10.01.2024;RUKA-RUKA.ru
10.01.2024;RUKARUKA.ru
10.01.2024;RUKOVOTSTVO.ru
10.01.2024;RUMOTOROLLING.ru
10.01.2024;RUNICHESKIE-STAVY.ru
10.01.2024;RURECORDBOOK.ru
10.01.2024;RUS-3821.ru
10.01.2024;RUS-4731.ru
10.01.2024;RUS-KEDR.ru
10.01.2024;RUSAUTO-2EKB.ru
10.01.2024;RUSBUY24.ru
10.01.2024;RUSHINY.ru
10.01.2024;RUSKRAN62.ru
10.01.2024;RUSLANIKO.ru
10.01.2024;RUSOUTDOR.ru
10.01.2024;RUSPAIDMAILS.ru
10.01.2024;RUSSIA-STAKES-CASINO8595.ru
10.01.2024;RUSSIAN-WIFE.ru
10.01.2024;RUSSIANGUANGZHOU.ru
10.01.2024;RUSSIANMASSAGE.ru
10.01.2024;RUSSIANWIFES.ru
10.01.2024;RUSSIANWIVES.ru
10.01.2024;RUSSKISPEECH.ru
10.01.2024;RUST20202.ru
10.01.2024;RUSTAMBAZAROV.ru
10.01.2024;RUSVARGA.ru
10.01.2024;RUSZAIMVAM.ru
10.01.2024;RUZONEINFO.ru
10.01.2024;RV-IT.ru
10.01.2024;RYBN-DESY.ru
10.01.2024;RYBO-STORE.ru
10.01.2024;RZELENKOV.ru
10.01.2024;S-KOSTIN.ru
10.01.2024;S-TORY.ru
10.01.2024;S0R0KA-TATA.ru
10.01.2024;S26MAT.ru
10.01.2024;SA-BEAUTYSCHOOL.ru
10.01.2024;SAAB-IZMAILOVO.ru
10.01.2024;SABDURASHIDOVA.ru
10.01.2024;SABINAKHASANOVA.ru
10.01.2024;SAD-STUDIO.ru
10.01.2024;SADIK52.ru
10.01.2024;SADIVA.ru
10.01.2024;SADYNATALI.ru
10.01.2024;SAFIN-TOP.ru
10.01.2024;SAFRONMAIL.ru
10.01.2024;SAINT-BEAUTY.ru
10.01.2024;SAKHALINTOUR.ru
10.01.2024;SAKRAMOV.ru
10.01.2024;SAKURA-BACK.ru
10.01.2024;SALAVATKHABIBULLIN1989.ru
10.01.2024;SALE-APPLE.ru
10.01.2024;SALEBIT.ru
10.01.2024;SALESSTANDARDS.ru
10.01.2024;SALL0.ru
10.01.2024;SALONBROOKLYN.ru
10.01.2024;SALONCULTUR.ru
10.01.2024;SALONLUCIA.ru
10.01.2024;SALUDSMM.ru
10.01.2024;SAMOLET-PLUS24.ru
10.01.2024;SANTONUK.ru
10.01.2024;SANYAGAMES.ru
10.01.2024;SAPOJOKDASHA.ru
10.01.2024;SARANSK-DEVKI.ru
10.01.2024;SAREF.ru
10.01.2024;SARMATSHOP.ru
10.01.2024;SARVOGONPUB.ru
10.01.2024;SASHA-STUDIES-JAPANESE.ru
10.01.2024;SATEENRESORTSHUMIHA.ru
10.01.2024;SATINLOTUS.ru
10.01.2024;SAUNOFF11.ru
10.01.2024;SAUNUNONSTOP24.ru
10.01.2024;SAUNY-OTDELKA.ru
10.01.2024;SAVANESJAN.ru
10.01.2024;SAVROVA.ru
10.01.2024;SBERPAYBANK.ru
10.01.2024;SBOL-INSTALLER.ru
10.01.2024;SBP-SBERBANK.ru
10.01.2024;SCHEDULE-PRO.ru
10.01.2024;SCHERGAN.ru
10.01.2024;SCHICHENKOV.ru
10.01.2024;SCHIPLETSOV.ru
10.01.2024;SCHOOL-REALWEB.ru
10.01.2024;SCIFIFASHION101.ru
10.01.2024;SCNEWSS114.ru
10.01.2024;SCOTCHBOX.ru
10.01.2024;SCTOCHKA-VR.ru
10.01.2024;SDELANOIVANOM.ru
10.01.2024;SDELKA7373.ru
10.01.2024;SDSCONNECT.ru
10.01.2024;SE-MOBILE.ru
10.01.2024;SECIP.ru
10.01.2024;SECRETMEBEL.ru
10.01.2024;SEENUPTORIA.ru
10.01.2024;SEIWAKAN.ru
10.01.2024;SEKRETYUYUTA.ru
10.01.2024;SELECTGROUPDUBAI.ru
10.01.2024;SELECTOR258GG.ru
10.01.2024;SELESHA.ru
10.01.2024;SELL-AUTO36.ru
10.01.2024;SELLBIT.ru
10.01.2024;SEMELENAPSY.ru
10.01.2024;SEMINAR241123.ru
10.01.2024;SEMSAREK.ru
10.01.2024;SEMZVEZD-EKB.ru
10.01.2024;SENDERADA.ru
10.01.2024;SENDERADB.ru
10.01.2024;SEOULSISTERS.ru
10.01.2024;SER-KUMINOV.ru
10.01.2024;SERAEV.ru
10.01.2024;SEREGA-VOLT.ru
10.01.2024;SEREJASKOBELEV.ru
10.01.2024;SERGALI-BREND.ru
10.01.2024;SERGEEFFCOM.ru
10.01.2024;SERGEEVALA.ru
10.01.2024;SERGEY-KRASILNIKOV.ru
10.01.2024;SERGEYKOBZEV.ru
10.01.2024;SERGOLOV.ru
10.01.2024;SERINFIRE.ru
10.01.2024;SERKOV-1.ru
10.01.2024;SERLEO1979.ru
10.01.2024;SERVICE-7249.ru
10.01.2024;SERVICE-AUTO36.ru
10.01.2024;SERVICE-POTOLKOV-EKB.ru
10.01.2024;SERVICE-YOULA.ru
10.01.2024;SERVICES-AVITO.ru
10.01.2024;SERVICES-YOULA.ru
10.01.2024;SERVIOUS.ru
10.01.2024;SERWELL.ru
10.01.2024;SERZHS.ru
10.01.2024;SEVASTOPOLSKIJ-7.ru
10.01.2024;SEVEN-P.ru
10.01.2024;SEVENP.ru
10.01.2024;SEVERSKAYA-RC.ru
10.01.2024;SEVERWASH.ru
10.01.2024;SEVLEASING.ru
10.01.2024;SEX-MAIL.ru
10.01.2024;SEXYSOCKS.ru
10.01.2024;SEZAM-TOP.ru
10.01.2024;SFERA-YUG.ru
10.01.2024;SHABAPOKER.ru
10.01.2024;SHACKIJ.ru
10.01.2024;SHACMAN-SEVER.ru
10.01.2024;SHAGAINAADAN.ru
10.01.2024;SHAKEPEARSHOP.ru
10.01.2024;SHAKIRAFIT.ru
10.01.2024;SHAKIROVTR.ru
10.01.2024;SHAKTIDEVI-LP.ru
10.01.2024;SHAM-ELECTRIC.ru
10.01.2024;SHANMON-TEHNIKA.ru
10.01.2024;SHAPKISHLIAPKI.ru
10.01.2024;SHARIKIKHABAROVSK.ru
10.01.2024;SHAROSKOP39.ru
10.01.2024;SHARPGO.ru
10.01.2024;SHAURTIME.ru
10.01.2024;SHEF-Y-PLITY.ru
10.01.2024;SHEFSTROI.ru
10.01.2024;SHEMATONOV.ru
10.01.2024;SHEMPTON.ru
10.01.2024;SHESDES.ru
10.01.2024;SHESTAKOVA1806.ru
10.01.2024;SHEYKIN58.ru
10.01.2024;SHHALILOV.ru
10.01.2024;SHIFT1904.ru
10.01.2024;SHIKAMI.ru
10.01.2024;SHINAPNZ-TEST.ru
10.01.2024;SHISHENKODENIS.ru
10.01.2024;SHISHKOVA-VERA.ru
10.01.2024;SHISHOV95.ru
10.01.2024;SHITKO.ru
10.01.2024;SHITTS-7.ru
10.01.2024;SHKAFCHIKOF.ru
10.01.2024;SHKAPOVA.ru
10.01.2024;SHKOLA-INVESTORA.ru
10.01.2024;SHKOLA-PLAVANIYA.ru
10.01.2024;SHKOLAUZI.ru
10.01.2024;SHLIFOVKA-BREVNA.ru
10.01.2024;SHLIFOVKA-BRUSA.ru
10.01.2024;SHLJUHIVSAMARA.ru
10.01.2024;SHLNK.ru
10.01.2024;SHLUHABELNA.ru
10.01.2024;SHMAKOVAVALERIA02.ru
10.01.2024;SHNAN.ru
10.01.2024;SHOPMODERN.ru
10.01.2024;SHOPORTOVAM.ru
10.01.2024;SHPINATIK.ru
10.01.2024;SHRAM-DESIGN.ru
10.01.2024;SHRTR.ru
10.01.2024;SHTABGROUP.ru
10.01.2024;SHTUCHKI-DRYUCHKI.ru
10.01.2024;SHUMAXEP93.ru
10.01.2024;SIATRIA.ru
10.01.2024;SIAY-CLEANING.ru
10.01.2024;SIBNEFTEGAZENGINEERING.ru
10.01.2024;SIBSKYLIFT.ru
10.01.2024;SIGNALSAGREGATOR.ru
10.01.2024;SILAZAIM.ru
10.01.2024;SIMAKOV-ALEX.ru
10.01.2024;SIMARGLFOOD.ru
10.01.2024;SIMCHAR.ru
10.01.2024;SIMFONICAMEBEL.ru
10.01.2024;SIMSTROYMOTAGE.ru
10.01.2024;SINITSA-1.ru
10.01.2024;SIRENA96MAIL.ru
10.01.2024;SISAEVA.ru
10.01.2024;SITE-DIZAIN.ru
10.01.2024;SITNIKOV-SIT.ru
10.01.2024;SITNIKOVPJ.ru
10.01.2024;SIX-ZERO.ru
10.01.2024;SJOELBAK.ru
10.01.2024;SK-KLINCH.ru
10.01.2024;SK-SECURITY.ru
10.01.2024;SKACHAT-MOSTBET.ru
10.01.2024;SKADSICI.ru
10.01.2024;SKALAMIRONOV.ru
10.01.2024;SKALYAZIN.ru
10.01.2024;SKAPEX.ru
10.01.2024;SKDISPRO.ru
10.01.2024;SKDOMPLUS.ru
10.01.2024;SKECHERSALE.ru
10.01.2024;SKG013.ru
10.01.2024;SKIDICH.ru
10.01.2024;SKILLBOX-SCHOOL.ru
10.01.2024;SKIMSDUPES.ru
10.01.2024;SKMAGDALINA.ru
10.01.2024;SKOBICOPHOTO.ru
10.01.2024;SKOROTEEV.ru
10.01.2024;SKOTCH-ARMIROVANNYJ-MS.ru
10.01.2024;SKOTCH-CENA-MS.ru
10.01.2024;SKOTCH-KUPIT-MOS.ru
10.01.2024;SKOTCH-KUPIT-MS.ru
10.01.2024;SKOTCH-OPT-MOS.ru
10.01.2024;SKRAH.ru
10.01.2024;SKRYLKOVA.ru
10.01.2024;SKUPAEM-KNIGI.ru
10.01.2024;SKYDIVERND.ru
10.01.2024;SKYGREL19.ru
10.01.2024;SLAROF.ru
10.01.2024;SLAVA-JK.ru
10.01.2024;SLICER03.ru
10.01.2024;SLIM-X.ru
10.01.2024;SLITTING.ru
10.01.2024;SLIVPLUGIN.ru
10.01.2024;SLLOVOPACCA-1-8.ru
10.01.2024;SLLOVOPACCA1-8.ru
10.01.2024;SLLOVOPACCA18.ru
10.01.2024;SLLOVOPACONA.ru
10.01.2024;SLONER.ru
10.01.2024;SLONUNDZAPLIA.ru
10.01.2024;SLOOVOPACONA.ru
10.01.2024;SLOTOZAL-INK.ru
10.01.2024;SLOVO-PAC-QANA.ru
10.01.2024;SLOVO-PACAVNA.ru
10.01.2024;SLOVO-PACSANA.ru
10.01.2024;SLOVO-PACSANA-Q.ru
10.01.2024;SLOVOPAC-G-OVNO.ru
10.01.2024;SLOVOPACHERNIA.ru
10.01.2024;SLOVOPACOVNO.ru
10.01.2024;SLOVOPACQASA.ru
10.01.2024;SLOVOPACSANAME.ru
10.01.2024;SLOVOPACSANARE.ru
10.01.2024;SLOVOPASONA.ru
10.01.2024;SLOVOPATSANA-VSE.ru
10.01.2024;SLOVOTVET.ru
10.01.2024;SLOW-DANCE.ru
10.01.2024;SMAGINA-7.ru
10.01.2024;SMART-AK.ru
10.01.2024;SMART-TECH-SERVICE.ru
10.01.2024;SMARTBIG.ru
10.01.2024;SMARTECHSNAB.ru
10.01.2024;SMARTFOXCDP.ru
10.01.2024;SMARTFUELING4.ru
10.01.2024;SMARTHOMESTYLE3.ru
10.01.2024;SMARTOPIA.ru
10.01.2024;SMARTTORNADO.ru
10.01.2024;SMETA161.ru
10.01.2024;SMETALILIES72.ru
10.01.2024;SMM-PR-MARKETING.ru
10.01.2024;SMMVLADA.ru
10.01.2024;SMOKERYSPB.ru
10.01.2024;SMOL633899.ru
10.01.2024;SMORODOVA.ru
10.01.2024;SMULGS.ru
10.01.2024;SNABTEHELIT.ru
10.01.2024;SNAP-DRESS.ru
10.01.2024;SNAPDRESS.ru
10.01.2024;SNEAKERSLOCATION.ru
10.01.2024;SNEGUROV-FILM.ru
10.01.2024;SNEID.ru
10.01.2024;SNETKOV1.ru
10.01.2024;SNG-DISTRIBUTION.ru
10.01.2024;SNOWSYNC.ru
10.01.2024;SNT-SOSNA.ru
10.01.2024;SO-RAZVITIE-ZOLOTAREVA.ru
10.01.2024;SOBIRAEM-YROZHAY.ru
10.01.2024;SOBOL-ANT.ru
10.01.2024;SOBYTIA-VOOONLIINE.ru
10.01.2024;SOCBANKROTSTVO.ru
10.01.2024;SOCHI-PROINVEST.ru
10.01.2024;SOCHIBAY.ru
10.01.2024;SOCHIESTATE23.ru
10.01.2024;SOCHIVIBE.ru
10.01.2024;SOCIAL-ATMOSPHERE.ru
10.01.2024;SOCIAL-BALLET-VOTE.ru
10.01.2024;SOFIA2024.ru
10.01.2024;SOFT-GLASPRODUKT.ru
10.01.2024;SOFT98.ru
10.01.2024;SOFTAK.ru
10.01.2024;SOFTKIP.ru
10.01.2024;SOLARIUMEGASUN.ru
10.01.2024;SOLARSTYLESAVVY6.ru
10.01.2024;SOLCASINO-DEVELOP2.ru
10.01.2024;SOLCASINO-GEL3.ru
10.01.2024;SOLCASINO-HICKLES1.ru
10.01.2024;SOLCASINO-OCE3.ru
10.01.2024;SOLING-AGENCY.ru
10.01.2024;SOLKASINOTOP3.ru
10.01.2024;SOLO-SOLOMATINA.ru
10.01.2024;SOLO-VIEW.ru
10.01.2024;SOLOVYOVY.ru
10.01.2024;SOM-MARKETING.ru
10.01.2024;SOMMARKETING.ru
10.01.2024;SOUL-MSK.ru
10.01.2024;SOUL-SPB.ru
10.01.2024;SOULCITYESTATE.ru
10.01.2024;SOULS-LIKE.ru
10.01.2024;SOUTHBIKEDESIGN.ru
10.01.2024;SOVA7.ru
10.01.2024;SOVMAIL.ru
10.01.2024;SP-IMPLANTATION.ru
10.01.2024;SP-VSENA4.ru
10.01.2024;SPACE-BRAND.ru
10.01.2024;SPACEBRAND.ru
10.01.2024;SPACEESTATEAI.ru
10.01.2024;SPACEGLAMPING.ru
10.01.2024;SPACESTYLE7ADS.ru
10.01.2024;SPACEWOMAN.ru
10.01.2024;SPAKALIPSO.ru
10.01.2024;SPASALONNALCHIK.ru
10.01.2024;SPBTOMSK.ru
10.01.2024;SPBZUB.ru
10.01.2024;SPEC007.ru
10.01.2024;SPEC1VPVCHDOBE.ru
10.01.2024;SPECHELL.ru
10.01.2024;SPECREMONT-URAL.ru
10.01.2024;SPECS-STO.ru
10.01.2024;SPECTEHNIKA37.ru
10.01.2024;SPEEDKULINAR.ru
10.01.2024;SPEKTR-ABA-SPB.ru
10.01.2024;SPERK.ru
10.01.2024;SPIATKIN.ru
10.01.2024;SPOKGOROD.ru
10.01.2024;SPONDULICKS.ru
10.01.2024;SPORT-ON-LINE.ru
10.01.2024;SPORTYADS101.ru
10.01.2024;SPREADSCAN.ru
10.01.2024;SPSPROJECT.ru
10.01.2024;SPTK-MOTORS.ru
10.01.2024;SQUIRRELMAIL.ru
10.01.2024;SRC-ILIR.ru
10.01.2024;SRR-FOUNDATION.ru
10.01.2024;SRV6.ru
10.01.2024;SS-FIREFOX.ru
10.01.2024;SSANGYONG-IZMAILOVO.ru
10.01.2024;SSHAMYKAEV.ru
10.01.2024;SSHATSKIJ.ru
10.01.2024;SSHKUT.ru
10.01.2024;SSK-PROMO.ru
10.01.2024;SSKRESERV.ru
10.01.2024;SSNSO.ru
10.01.2024;SSONOZAKI.ru
10.01.2024;STAKECASINO1.ru
10.01.2024;STAKEEEEE-OFFICIAL.ru
10.01.2024;STALHELP-PC.ru
10.01.2024;STALKERX.ru
10.01.2024;STALMACHINE.ru
10.01.2024;STANDART-TOUR.ru
10.01.2024;STANISLAV-KLEKOVKIN.ru
10.01.2024;STARDA-CASINO-BACK2.ru
10.01.2024;STARDACASINO-GLAZ2.ru
10.01.2024;STARDACASINO-SNM4.ru
10.01.2024;STARHOV.ru
10.01.2024;STARK-PROM.ru
10.01.2024;STARLIGHTERS.ru
10.01.2024;STARTVIT.ru
10.01.2024;STATERUST.ru
10.01.2024;STATESTATE.ru
10.01.2024;STAVKI-MOSTBET.ru
10.01.2024;STCONSALT.ru
10.01.2024;STE5.ru
10.01.2024;STEELANTIKOR.ru
10.01.2024;STEEP-TOURNAMENT.ru
10.01.2024;STEKLO-NAVES.ru
10.01.2024;STEP-TWO.ru
10.01.2024;STEREOSOUP.ru
10.01.2024;STICK-WOOD.ru
10.01.2024;STICKERSTAR.ru
10.01.2024;STICKWOOD.ru
10.01.2024;STIDIOFLOROOM.ru
10.01.2024;STIPERKA.ru
10.01.2024;STK-IMPERIAL.ru
10.01.2024;STO-DLASVOIH.ru
10.01.2024;STOM-WEST.ru
10.01.2024;STOMDISKONT.ru
10.01.2024;STOMPAVLOVA.ru
10.01.2024;STOMPLAZA.ru
10.01.2024;STONE-GARDENMSK.ru
10.01.2024;STONE-M.ru
10.01.2024;STOPVAGON.ru
10.01.2024;STORE-GEELY-PREFACE.ru
10.01.2024;STOREORF.ru
10.01.2024;STOSECOND.ru
10.01.2024;STRATWAY.ru
10.01.2024;STRAYSOUL.ru
10.01.2024;STREAMLIXX.ru
10.01.2024;STRELA-KZN.ru
10.01.2024;STRELEC-PERMANENTPENZA.ru
10.01.2024;STRELLKA.ru
10.01.2024;STRELNIKOVA-TOP.ru
10.01.2024;STROIKALUX.ru
10.01.2024;STROIREMCOM.ru
10.01.2024;STROPHOUSE.ru
10.01.2024;STROYBAZA-MSK.ru
10.01.2024;STROYCOMFORT1.ru
10.01.2024;STROYDOM365.ru
10.01.2024;STROYSTANDART-MOSCOW.ru
10.01.2024;STRUCTURE1.ru
10.01.2024;STUDIO-LEAF.ru
10.01.2024;STUDIO406.ru
10.01.2024;STUDIOEXP.ru
10.01.2024;STUDIOKUHNI58.ru
10.01.2024;STUDIYA-CHE.ru
10.01.2024;STUDIYACHE.ru
10.01.2024;STVTV.ru
10.01.2024;STYLE-GIRL.ru
10.01.2024;STYLELABORATORY.ru
10.01.2024;STYLISTLANSKAYA.ru
10.01.2024;SUBARU-ZVS.ru
10.01.2024;SUBKULT.ru
10.01.2024;SUDYRUS.ru
10.01.2024;SUGAR-PAPER31.ru
10.01.2024;SUGARLENA.ru
10.01.2024;SUH4NOFF4.ru
10.01.2024;SUHACHEV-WORK.ru
10.01.2024;SUHAREVA50.ru
10.01.2024;SUHAREVO-INVEST.ru
10.01.2024;SULAMA.ru
10.01.2024;SULOEW.ru
10.01.2024;SUMERKI-LORDFILMS.ru
10.01.2024;SUMKIPUPA-ITALY.ru
10.01.2024;SUNGUI.ru
10.01.2024;SUPER-ADSBIGDATA.ru
10.01.2024;SUPERADSBIGDATA.ru
10.01.2024;SUPERNOVAPENZA.ru
10.01.2024;SUPERSAFER.ru
10.01.2024;SUPERSKIDKUS.ru
10.01.2024;SUPIA.ru
10.01.2024;SUPPORT-DE-DIETRICH.ru
10.01.2024;SUSHENTSOVA.ru
10.01.2024;SVADBA-SERGEY-AND-ANASTASIA.ru
10.01.2024;SVADBA-SKORO.ru
10.01.2024;SVADBABAND.ru
10.01.2024;SVADEBNAYARAPSODIA.ru
10.01.2024;SVCHERNIKOV.ru
10.01.2024;SVECHEVAROV.ru
10.01.2024;SVERLIM21.ru
10.01.2024;SVETOZARAGRO.ru
10.01.2024;SVIDANIECITY14.ru
10.01.2024;SVL1.ru
10.01.2024;SVNMOSCOW.ru
10.01.2024;SVNPLUS.ru
10.01.2024;SVOYATOCHKA.ru
10.01.2024;SWAN-LAKE-PERFORMANCE.ru
10.01.2024;SWAN4LAKE.ru
10.01.2024;SWAN4SWAN-BALLET.ru
10.01.2024;SWEBSITE.ru
10.01.2024;SWEETNIKKISWEET.ru
10.01.2024;SWEETPRINTS.ru
10.01.2024;SWLEADERS.ru
10.01.2024;SYDNEY-PRIME-JK.ru
10.01.2024;SYLOGISTICS.ru
10.01.2024;SYTNOE-MESTO.ru
10.01.2024;SYTRONICS.ru
10.01.2024;SYTRONIX.ru
10.01.2024;SZ-EVOLUTION.ru
10.01.2024;SZAKATIY.ru
10.01.2024;T-I-S.ru
10.01.2024;T100T.ru
10.01.2024;T744622.ru
10.01.2024;TABLEDANCE.ru
10.01.2024;TACTAMARA-PRO.ru
10.01.2024;TAGAPOV.ru
10.01.2024;TAHYR.ru
10.01.2024;TAKATEVA.ru
10.01.2024;TAKEPRINT.ru
10.01.2024;TAMARAEGOROVA.ru
10.01.2024;TAMARAROZITEST.ru
10.01.2024;TAMARINKA1405.ru
10.01.2024;TAN9.ru
10.01.2024;TANIADIZAINER.ru
10.01.2024;TANITA8080.ru
10.01.2024;TANKORUBKA.ru
10.01.2024;TANTRA-ACADEMY.ru
10.01.2024;TANUSHKASTARKOVA.ru
10.01.2024;TAOGOODS.ru
10.01.2024;TAPOULLI.ru
10.01.2024;TARAKILLER.ru
10.01.2024;TARO-MAG.ru
10.01.2024;TASHAGRI.ru
10.01.2024;TASHHAQINTENSIVE.ru
10.01.2024;TASHINHLEB.ru
10.01.2024;TASKPLUS.ru
10.01.2024;TASKPLUS-DEV.ru
10.01.2024;TATIANA-SOROKINA.ru
10.01.2024;TATJANAVASSARA.ru
10.01.2024;TATJANAVINOGRADOVA.ru
10.01.2024;TATSACHE.ru
10.01.2024;TATYANA-VINOGRADOVA.ru
10.01.2024;TAXI-PROHLADNY.ru
10.01.2024;TAXIPLUS62.ru
10.01.2024;TAYAMNITSA.ru
10.01.2024;TCODD.ru
10.01.2024;TDCRANES.ru
10.01.2024;TDDYMKI.ru
10.01.2024;TDIFOTOP.ru
10.01.2024;TDK-96.ru
10.01.2024;TDURALMASH.ru
10.01.2024;TEA-DINASTY.ru
10.01.2024;TEA-DYNASTY.ru
10.01.2024;TEACHER401.ru
10.01.2024;TECHDLR.ru
10.01.2024;TECHNO-DA4A.ru
10.01.2024;TECHNO-PROSTO.ru
10.01.2024;TECHNOFEIA2244.ru
10.01.2024;TECHNOFOCUS.ru
10.01.2024;TECHNOSYNERGY.ru
10.01.2024;TECHSTYLE360.ru
10.01.2024;TEFITET.ru
10.01.2024;TEHMATE.ru
10.01.2024;TEHNOHUB-REG.ru
10.01.2024;TELEFUNS.ru
10.01.2024;TELEGRANDS.ru
10.01.2024;TELEGUNS.ru
10.01.2024;TEMAKROLIK.ru
10.01.2024;TENDER42.ru
10.01.2024;TENTHTEST.ru
10.01.2024;TEPLOZHUKOVSKY.ru
10.01.2024;TER-MOSESOVA.ru
10.01.2024;TEREHOVA-WORK.ru
10.01.2024;TEREK-COSSACKS.ru
10.01.2024;TERRACEMSK.ru
10.01.2024;TERRAIMPROVE.ru
10.01.2024;TERRIONOIL.ru
10.01.2024;TERSKYKAZAK.ru
10.01.2024;TEST-CPA-QUEEN.ru
10.01.2024;TEST186.ru
10.01.2024;TESTUDY.ru
10.01.2024;TEXCPEZ.ru
10.01.2024;TG-API.ru
10.01.2024;TG-AUTOPOST.ru
10.01.2024;TG-WOOLDOM.ru
10.01.2024;TGGEPATITOF.ru
10.01.2024;TGMONAX.ru
10.01.2024;TGOSPODINOVA.ru
10.01.2024;TGSEND.ru
10.01.2024;THE-7.ru
10.01.2024;THE-INSTALLER.ru
10.01.2024;THECOURSES.ru
10.01.2024;THEDANCE-FLOOR.ru
10.01.2024;THEDIGITALSHADOW.ru
10.01.2024;THEFIVE-JK.ru
10.01.2024;THEGRINMANN.ru
10.01.2024;THEIR-CROWN.ru
10.01.2024;THEIR-CROWN24.ru
10.01.2024;THEMAILSENDS.ru
10.01.2024;THEMAPLEBAR.ru
10.01.2024;THEPIEDPIPER.ru
10.01.2024;THEPOIZON.ru
10.01.2024;THERAPYHOUSE.ru
10.01.2024;THERMO-CLOTHES.ru
10.01.2024;THERMO-CLOTHING.ru
10.01.2024;THESIZZLESPB.ru
10.01.2024;THISAUTO.ru
10.01.2024;THRIFTYTRENDS3.ru
10.01.2024;TIBEEV.ru
10.01.2024;TIFMA.ru
10.01.2024;TIKHIY-DON34.ru
10.01.2024;TIKTOKTERMINATOR.ru
10.01.2024;TILDAFOODBAR.ru
10.01.2024;TILS-4912.ru
10.01.2024;TIM-RAIL.ru
10.01.2024;TIMECODETEAM.ru
10.01.2024;TIMELEADER-RND.ru
10.01.2024;TIMERBETON16.ru
10.01.2024;TIMIRYAZEVKA.ru
10.01.2024;TINCLUSION.ru
10.01.2024;TINKOFFJUNIOR.ru
10.01.2024;TIPO-SLON.ru
10.01.2024;TIPS-3648.ru
10.01.2024;TISHKIN-PRO.ru
10.01.2024;TITAN-TRUCK.ru
10.01.2024;TKHNVHUB.ru
10.01.2024;TKS-TERMINAL.ru
10.01.2024;TLIPWORK.ru
10.01.2024;TLNKMK.ru
10.01.2024;TM-EC.ru
10.01.2024;TMEET.ru
10.01.2024;TMV-AL.ru
10.01.2024;TOKAREV-IVANKO.ru
10.01.2024;TOKSYBAEV.ru
10.01.2024;TOLIMANGROUP.ru
10.01.2024;TOLMACHPICTURES.ru
10.01.2024;TOLMACHTV.ru
10.01.2024;TOLSTOVABRAND.ru
10.01.2024;TOMATOSICK.ru
10.01.2024;TOMSK-KEDR.ru
10.01.2024;TONGSHIFU.ru
10.01.2024;TOP-EXCHANGE.ru
10.01.2024;TOP100VTOPE.ru
10.01.2024;TOP11NEIRONOK.ru
10.01.2024;TOPAGENCY-SPB.ru
10.01.2024;TOPAPPLE-NN.ru
10.01.2024;TOPBEAUTY2024.ru
10.01.2024;TOPMED-MARKETING.ru
10.01.2024;TOPTUTUZNAI.ru
10.01.2024;TOPVOROT45.ru
10.01.2024;TOPZVONOK.ru
10.01.2024;TORCHFUEL.ru
10.01.2024;TORGIATB.ru
10.01.2024;TORINASCHOOL.ru
10.01.2024;TOROPYNIN.ru
10.01.2024;TORY-CLUB.ru
10.01.2024;TOTAL-LOOK.ru
10.01.2024;TOTOCOTORU.ru
10.01.2024;TOUR-PHOTO.ru
10.01.2024;TOURISM27.ru
10.01.2024;TPANARINA.ru
10.01.2024;TPKIMPERYA.ru
10.01.2024;TRADE-FIN24.ru
10.01.2024;TRADECOAL.ru
10.01.2024;TRADEMARKETPRO.ru
10.01.2024;TRADEVL.ru
10.01.2024;TRAFFOCSIC2.ru
10.01.2024;TRANSINVESTPRM.ru
10.01.2024;TRANZITWB.ru
10.01.2024;TRAVEL-BINGO.ru
10.01.2024;TRAVEL-VARLAMOV.ru
10.01.2024;TRAVELATA-LUBERTSY.ru
10.01.2024;TRAVELGORIZONT.ru
10.01.2024;TRAVELTARGET5.ru
10.01.2024;TRAVELTECHTRENDS2.ru
10.01.2024;TRAVELVARLAMOV.ru
10.01.2024;TRILOGAN-RP.ru
10.01.2024;TRIMETRIX.ru
10.01.2024;TRIMEXTRADE.ru
10.01.2024;TRINKET-SHOP.ru
10.01.2024;TRITIXRU.ru
10.01.2024;TRIUMPHHR.ru
10.01.2024;TROPICANAS.ru
10.01.2024;TROSINDA.ru
10.01.2024;TROSTINA.ru
10.01.2024;TROUPES-BALLET.ru
10.01.2024;TROVS.ru
10.01.2024;TRUSTCARGO.ru
10.01.2024;TSARSTVONEPTUNA.ru
10.01.2024;TSHEETGOODF.ru
10.01.2024;TSHEETMEDSWISS.ru
10.01.2024;TSIPLYAEV.ru
10.01.2024;TSK-AVTODETAL.ru
10.01.2024;TSUM-MARKETING.ru
10.01.2024;TSUSY.ru
10.01.2024;TSVETCKOVA1961.ru
10.01.2024;TSVETOCHNITSA.ru
10.01.2024;TSYGANKOV-PRO.ru
10.01.2024;TT29.ru
10.01.2024;TTTGG.ru
10.01.2024;TUHBATOVA.ru
10.01.2024;TUKTAROVADK.ru
10.01.2024;TULA-RF.ru
10.01.2024;TUMANFF.ru
10.01.2024;TUNING-EXHAUST.ru
10.01.2024;TURBO-WHEELZ.ru
10.01.2024;TURDBURGER.ru
10.01.2024;TURIZM-365.ru
10.01.2024;TURKTV-LORDFILM.ru
10.01.2024;TURYNAKAVKAZHOH.ru
10.01.2024;TUTEM.ru
10.01.2024;TUVIKS.ru
10.01.2024;TV-SONY-SPB.ru
10.01.2024;TVOJPSIHOLOG.ru
10.01.2024;TVOYMANIK.ru
10.01.2024;TWO-STEP-BALET.ru
10.01.2024;TWOAP.ru
10.01.2024;TYAPLYAP23.ru
10.01.2024;TYT-CEMENA.ru
10.01.2024;TYUMEN-UCHCENTER.ru
10.01.2024;UAVEDU.ru
10.01.2024;UBRR-CARD.ru
10.01.2024;UCBLOKPOST.ru
10.01.2024;UCHETIPORYADOK.ru
10.01.2024;UESHIMAIKUOXOANG.ru
10.01.2024;UFOMAILS.ru
10.01.2024;UIO66.ru
10.01.2024;UK-AVILON.ru
10.01.2024;UK-MASTEROK.ru
10.01.2024;UKTAM.ru
10.01.2024;ULAN-UDE-DEVKI.ru
10.01.2024;ULAN-UDE-INDIVIDUALKA.ru
10.01.2024;ULAN-UDE-INDIVIDUALKI.ru
10.01.2024;ULYANASHAROVA.ru
10.01.2024;UMAREKAWARI.ru
10.01.2024;UMBRELLAANAPA.ru
10.01.2024;UMTSIK.ru
10.01.2024;UNCONTROLLED.ru
10.01.2024;UNDEFINEDTONI.ru
10.01.2024;UNI-PREMIERAUTO.ru
10.01.2024;UNISTROIVBG.ru
10.01.2024;UNITHUB.ru
10.01.2024;UNITSERVER.ru
10.01.2024;UNIVERSITATES.ru
10.01.2024;UNIXDB.ru
10.01.2024;UNTRACT.ru
10.01.2024;UPANDLEAD.ru
10.01.2024;UPMOVIE.ru
10.01.2024;UPPAYS.ru
10.01.2024;UR-ENERGO.ru
10.01.2024;URA-TOUR.ru
10.01.2024;URAL-AUTOIMPORT.ru
10.01.2024;URALMETALLSERVICE.ru
10.01.2024;URBANARTADS8.ru
10.01.2024;URBANCULTFEST.ru
10.01.2024;URBANECOADS4U.ru
10.01.2024;URIST-PRAV.ru
10.01.2024;URIST-PRAVA.ru
10.01.2024;URISTZAPRAVA.ru
10.01.2024;URSAGAMES.ru
10.01.2024;USADBAKRASNAYA.ru
10.01.2024;USERCOM-TEAM.ru
10.01.2024;USHARAEVA.ru
10.01.2024;USKOVA2024.ru
10.01.2024;USLANDO.ru
10.01.2024;USOFFOSTORE.ru
10.01.2024;USPEH2024.ru
10.01.2024;USPEH7.ru
10.01.2024;USTANOVKA-MEZHKOMNATNIH-DVEREI.ru
10.01.2024;USTANOVKAKONDITSIONERA.ru
10.01.2024;USTYAKIN.ru
10.01.2024;UXIO.ru
10.01.2024;UYTMARKET.ru
10.01.2024;UYUTPARK.ru
10.01.2024;UZHKURIS.ru
10.01.2024;UZNAI-VSETUT.ru
10.01.2024;V-CG.ru
10.01.2024;V-MMLAB.ru
10.01.2024;V-MOSKALEV.ru
10.01.2024;V-OBED.ru
10.01.2024;V789.ru
10.01.2024;VA-ADAEV.ru
10.01.2024;VABES.ru
10.01.2024;VACCATALOGUE.ru
10.01.2024;VAGANY.ru
10.01.2024;VAGONCHIK-BANYA.ru
10.01.2024;VALENTINAATOMY.ru
10.01.2024;VALENTINAHOME.ru
10.01.2024;VALERIPERMANENT.ru
10.01.2024;VALISHEV215.ru
10.01.2024;VALNOUT.ru
10.01.2024;VAM-ZAEMI.ru
10.01.2024;VAMIROVA.ru
10.01.2024;VANAVARA84.ru
10.01.2024;VANFUN.ru
10.01.2024;VANGOGJIV23.ru
10.01.2024;VANILLABOX.ru
10.01.2024;VANN-REST.ru
10.01.2024;VAPEBOOM.ru
10.01.2024;VAPEYOU.ru
10.01.2024;VAPTEKE1.ru
10.01.2024;VARIKOZRUSSIA.ru
10.01.2024;VARLAMOV-TRAVEL.ru
10.01.2024;VARLAMOVTRAVEL.ru
10.01.2024;VARME-OPT.ru
10.01.2024;VAROLS.ru
10.01.2024;VAROMANOFF.ru
10.01.2024;VARSHAVSKIE-MENU.ru
10.01.2024;VARVARA-MODEL.ru
10.01.2024;VASH-ORTO-SHOP.ru
10.01.2024;VASHDOMBITA.ru
10.01.2024;VASILY-STAROSTIN.ru
10.01.2024;VASKEEVA.ru
10.01.2024;VATAILOR.ru
10.01.2024;VAZZART.ru
10.01.2024;VBLYASHIN.ru
10.01.2024;VBOGART.ru
10.01.2024;VBUDAN.ru
10.01.2024;VCWEATHER.ru
10.01.2024;VDEDIKOV.ru
10.01.2024;VDEMKIN51.ru
10.01.2024;VDOVINA-TOP.ru
10.01.2024;VEDAPULSEKB.ru
10.01.2024;VEDYPROSTO.ru
10.01.2024;VEGANGURMAN.ru
10.01.2024;VENCIBLOG.ru
10.01.2024;VENSFIT.ru
10.01.2024;VENTILYACIYA51.ru
10.01.2024;VERA-ORLOVA.ru
10.01.2024;VERTIKAL-18.ru
10.01.2024;VESELOVA-WEDDING.ru
10.01.2024;VESNA-TECH.ru
10.01.2024;VESOBNA.ru
10.01.2024;VET-RITUAL-DOLGOPRUDNY.ru
10.01.2024;VEVSYUKOV.ru
10.01.2024;VEXVANILLA.ru
10.01.2024;VFOMINTSEV.ru
10.01.2024;VGM88.ru
10.01.2024;VGNO.ru
10.01.2024;VHARITONCHIK.ru
10.01.2024;VI-7.ru
10.01.2024;VI-CARD.ru
10.01.2024;VIBITSSEN.ru
10.01.2024;VIBITSTIT.ru
10.01.2024;VICSMI.ru
10.01.2024;VICTORZORIN.ru
10.01.2024;VICVIC.ru
10.01.2024;VIDMAIL.ru
10.01.2024;VIKTORIAATOMY.ru
10.01.2024;VIKTORIAHOLIDAY.ru
10.01.2024;VILMASTROY.ru
10.01.2024;VILVM.ru
10.01.2024;VIN-D.ru
10.01.2024;VINGORUS.ru
10.01.2024;VINGORUSS.ru
10.01.2024;VINODIVINO.ru
10.01.2024;VINTAGEVOGUE10.ru
10.01.2024;VINTSVAIPERM.ru
10.01.2024;VIP-ADS.ru
10.01.2024;VIP-DOMIKI.ru
10.01.2024;VIP-REM.ru
10.01.2024;VISHNEV-1.ru
10.01.2024;VISHNEWSKAIA.ru
10.01.2024;VISIONCREATE.ru
10.01.2024;VISIONPRO3.ru
10.01.2024;VISITSTAVROPOL.ru
10.01.2024;VISUAL-JOURNAL.ru
10.01.2024;VITALIYKOLOTEV.ru
10.01.2024;VITAMINBA.ru
10.01.2024;VITIAZ-OFFICE.ru
10.01.2024;VIVOZ-OTHODOV.ru
10.01.2024;VIVOZIM-MUSOR-V-MOSKVE.ru
10.01.2024;VIZITWEB.ru
10.01.2024;VK-ANTIBAN.ru
10.01.2024;VKKONKYRS2024.ru
10.01.2024;VKMODUS.ru
10.01.2024;VKUSNIYA.ru
10.01.2024;VLADISLAVOSTAPENKO.ru
10.01.2024;VLADKOTOV.ru
10.01.2024;VLASTELIN-KOLETS-LORDFILMS.ru
10.01.2024;VLASTELINKOLCA.ru
10.01.2024;VLATLAKI.ru
10.01.2024;VLDOS.ru
10.01.2024;VMESTE-MISHA.ru
10.01.2024;VMGALLERY.ru
10.01.2024;VMORGACHEV.ru
10.01.2024;VNEVROV.ru
10.01.2024;VNSANTEH.ru
10.01.2024;VODBGR.ru
10.01.2024;VODOVOROT-ACADEMIC.ru
10.01.2024;VOEVODINA71PRO-BIZ.ru
10.01.2024;VOGIMU.ru
10.01.2024;VOIDCOIN.ru
10.01.2024;VOKHMYANIN.ru
10.01.2024;VOLKOVASTORE.ru
10.01.2024;VOLNA-CASINO-LINE4.ru
10.01.2024;VOLNACASINO-GRAP16.ru
10.01.2024;VOLNACASINO-ONL6.ru
10.01.2024;VOLNACASINO-POD6.ru
10.01.2024;VOLNACASINO-RSW12.ru
10.01.2024;VOLNACASINO-RSW13.ru
10.01.2024;VOLNACASINO-ST3.ru
10.01.2024;VOLNAPRODUCTION.ru
10.01.2024;VOLODIN2036.ru
10.01.2024;VOLOGDA-INDIVIDUALKA.ru
10.01.2024;VOLTAPROM.ru
10.01.2024;VOODIASD4.ru
10.01.2024;VOPROSIKI-ZDES.ru
10.01.2024;VOPROSINFORM.ru
10.01.2024;VORKUTAAA.ru
10.01.2024;VOROZHEIIA.ru
10.01.2024;VOSTANOVLU-7.ru
10.01.2024;VOSTOKKAFE.ru
10.01.2024;VOSTOKPORT.ru
10.01.2024;VOTE-MYCHAMP.ru
10.01.2024;VOXACADEMY.ru
10.01.2024;VOXHALL-JK.ru
10.01.2024;VOZLEEVA.ru
10.01.2024;VP-AUTO.ru
10.01.2024;VPC-CONSULT-KOTT.ru
10.01.2024;VPIATKIN.ru
10.01.2024;VPN-006.ru
10.01.2024;VPNPROO100.ru
10.01.2024;VPORY.ru
10.01.2024;VPS-THIRTEEN.ru
10.01.2024;VRASKIN.ru
10.01.2024;VREMAPIVA.ru
10.01.2024;VREMYAPIVA.ru
10.01.2024;VS2024.ru
10.01.2024;VSDEVOPS.ru
10.01.2024;VSE-CHASTI-LORDFILM.ru
10.01.2024;VSE-PC.ru
10.01.2024;VSE-PRUZHINI.ru
10.01.2024;VSE-SHOW.ru
10.01.2024;VSEBANIGORODA.ru
10.01.2024;VSEPESENKI.ru
10.01.2024;VSEROSSIYSKOESOREVNOVANIE24.ru
10.01.2024;VSESVOE42.ru
10.01.2024;VSEVDESIGN.ru
10.01.2024;VSNAP.ru
10.01.2024;VSTERH.ru
10.01.2024;VSTRECHA18.ru
10.01.2024;VTB-000101.ru
10.01.2024;VTB24-LUXFROX.ru
10.01.2024;VTIMP.ru
10.01.2024;VTOROYDOMEN57.ru
10.01.2024;VTSYGANOVA.ru
10.01.2024;VULKANMAIL.ru
10.01.2024;VV324.ru
10.01.2024;VVNEUGODOVA.ru
10.01.2024;VYAZUNYA.ru
10.01.2024;VYGODABANK.ru
10.01.2024;VYGODAZAIM.ru
10.01.2024;VYKUP-KVARTIR-MOSKVA.ru
10.01.2024;VYKUPAEM-KNIGI.ru
10.01.2024;VYVOZ-GRUNTA77.ru
10.01.2024;W-PAANEEL.ru
10.01.2024;W1PNG.ru
10.01.2024;WABMAIL.ru
10.01.2024;WALLETRUB.ru
10.01.2024;WALUNA.ru
10.01.2024;WAOS-SOFT.ru
10.01.2024;WAPANELS.ru
10.01.2024;WAR-T.ru
10.01.2024;WARCACHE.ru
10.01.2024;WARMCONTACT.ru
10.01.2024;WAS-JA.ru
10.01.2024;WASTILOG.ru
10.01.2024;WATCHES-STORE.ru
10.01.2024;WATCHSPEC.ru
10.01.2024;WATMANAGER.ru
10.01.2024;WATREQ.ru
10.01.2024;WATSYUK.ru
10.01.2024;WAYCES.ru
10.01.2024;WAYLEPAY.ru
10.01.2024;WBATTLE.ru
10.01.2024;WCSITY.ru
10.01.2024;WCW-RU.ru
10.01.2024;WEB-HOSTINGI24.ru
10.01.2024;WEB-KAYQER.ru
10.01.2024;WEBHOSTING-INFO.ru
10.01.2024;WEBINARTIME.ru
10.01.2024;WEBRC.ru
10.01.2024;WEBSERVER-DEV.ru
10.01.2024;WEBTELEGRARN.ru
10.01.2024;WELL-MONITOR.ru
10.01.2024;WELL-SIDEMSK.ru
10.01.2024;WELLNESSADWEAR5.ru
10.01.2024;WELLSIDE-DELUXE.ru
10.01.2024;WELLSIDE-ELIT.ru
10.01.2024;WELLSIDE-MSK.ru
10.01.2024;WELLSIDE-SALE.ru
10.01.2024;WEPRICE.ru
10.01.2024;WEY-BORISHOF.ru
10.01.2024;WHATSAKK.ru
10.01.2024;WHATSARR.ru
10.01.2024;WHATSEPEN.ru
10.01.2024;WHATSW.ru
10.01.2024;WHITEPHOENIX-CHARITY.ru
10.01.2024;WHYPODG.ru
10.01.2024;WHYZ.ru
10.01.2024;WIFI-7.ru
10.01.2024;WILDBERRIES-B2B.ru
10.01.2024;WILDLEATHER.ru
10.01.2024;WILDWESTGOLDSLOT.ru
10.01.2024;WILL-ASSIST.ru
10.01.2024;WIREHUB.ru
10.01.2024;WIRELESS-FAN.ru
10.01.2024;WIRUTEX-INSTRUMENT.ru
10.01.2024;WIT333.ru
10.01.2024;WITCHER-2.ru
10.01.2024;WLTHR.ru
10.01.2024;WMANAGER.ru
10.01.2024;WMZBANK.ru
10.01.2024;WOBIS-MSK.ru
10.01.2024;WOO-FOREST.ru
10.01.2024;WOOIMPORT.ru
10.01.2024;WORKOUT72.ru
10.01.2024;WOWBALKON.ru
10.01.2024;WOWSHOWEVENT.ru
10.01.2024;WPORTED.ru
10.01.2024;WRYDGEE.ru
10.01.2024;WSLP.ru
10.01.2024;WWWANNABABBA.ru
10.01.2024;WWWMADINAFOODS.ru
10.01.2024;WWWWALLETRUB.ru
10.01.2024;X-CASINO-SITE.ru
10.01.2024;X-CASINO-SLOT.ru
10.01.2024;X-CASINO-SLOTS.ru
10.01.2024;X-CASINOX16.ru
10.01.2024;X-E-P.ru
10.01.2024;X-PRINTER.ru
10.01.2024;XARCHEV.ru
10.01.2024;XDOSUG-NIZHNIJ-TAGIL.ru
10.01.2024;XDOSUG-SARANSKA.ru
10.01.2024;XI-AOMI.ru
10.01.2024;XIAOMI-PARTS.ru
10.01.2024;XNDK.ru
10.01.2024;XNTWRK.ru
10.01.2024;XOJIAKBAR.ru
10.01.2024;XPLAY-CASINOX1000.ru
10.01.2024;XPLAY-CASINOX666.ru
10.01.2024;XRUSTARS.ru
10.01.2024;XSENIYAHEAL.ru
10.01.2024;XULIGAN2312.ru
10.01.2024;XWYZ.ru
10.01.2024;XYWH.ru
10.01.2024;YA-JOBS.ru
10.01.2024;YA-LIL-KARLIK.ru
10.01.2024;YA1985.ru
10.01.2024;YA4YRKA.ru
10.01.2024;YABLOKOVBLR.ru
10.01.2024;YACHTSPAIN.ru
10.01.2024;YAFII.ru
10.01.2024;YAGOD.ru
10.01.2024;YANAPERLOVA.ru
10.01.2024;YANDEEX-PAY.ru
10.01.2024;YANDELENA.ru
10.01.2024;YANDEX-CTT.ru
10.01.2024;YANDEX-LC.ru
10.01.2024;YANDEXRUSSIA.ru
10.01.2024;YARKOV-GAMES.ru
10.01.2024;YAROGOV.ru
10.01.2024;YASH04KA.ru
10.01.2024;YASHOW.ru
10.01.2024;YASNOGORSKYPROSTORY.ru
10.01.2024;YASOSTOYANIYA.ru
10.01.2024;YAXUESOS.ru
10.01.2024;YBOEVA.ru
10.01.2024;YELLO-INVEST.ru
10.01.2024;YELLOW-SITE.ru
10.01.2024;YELO-INVEST.ru
10.01.2024;YESEDOMENI.ru
10.01.2024;YESLIB.ru
10.01.2024;YESYESBRAND.ru
10.01.2024;YGADAY.ru
10.01.2024;YLO-INVEST.ru
10.01.2024;YLOINVEST.ru
10.01.2024;YOGA-FERMA.ru
10.01.2024;YOULA-TEAMS.ru
10.01.2024;YOULIBRARY.ru
10.01.2024;YOUR-LAWS.ru
10.01.2024;YOURREALTORMSK.ru
10.01.2024;YOURWAYCHINA.ru
10.01.2024;YPERFECT-FITNESS.ru
10.01.2024;YROZENBERG.ru
10.01.2024;YSAMOV.ru
10.01.2024;YSHIRYAEV.ru
10.01.2024;YTVIEWS.ru
10.01.2024;YUELAGIN.ru
10.01.2024;YULIAFOKINA.ru
10.01.2024;YULIAKARPOVA.ru
10.01.2024;YULISOD.ru
10.01.2024;YULIYAZAKHAROVA.ru
10.01.2024;YULM.ru
10.01.2024;YUMMY-CASE.ru
10.01.2024;YUMMYCASE.ru
10.01.2024;YURIST-IZI-54.ru
10.01.2024;YURIST-KONSULTACIYA-MSK1.ru
10.01.2024;YURIVOROBEV.ru
10.01.2024;YUSHKA.ru
10.01.2024;YUZHAKOV88.ru
10.01.2024;YZOZULYA.ru
10.01.2024;Z-TSENTR.ru
10.01.2024;Z1210.ru
10.01.2024;Z51597.ru
10.01.2024;ZA-GOLOS.ru
10.01.2024;ZA-GROSHI.ru
10.01.2024;ZA1MICHOK.ru
10.01.2024;ZAGIDULLINILDAR.ru
10.01.2024;ZAGOLOS.ru
10.01.2024;ZAGORODNAIAZHIZN.ru
10.01.2024;ZAGRUZCHIKBIGBEGOV.ru
10.01.2024;ZAHIDULLIN.ru
10.01.2024;ZAIKROY.ru
10.01.2024;ZAIM-KREO.ru
10.01.2024;ZAIMCASHH.ru
10.01.2024;ZAIMKB.ru
10.01.2024;ZAIMRF.ru
10.01.2024;ZAIMSELO.ru
10.01.2024;ZAITSEVS.ru
10.01.2024;ZAITSV.ru
10.01.2024;ZAJMON.ru
10.01.2024;ZAK52.ru
10.01.2024;ZAKAZ7373.ru
10.01.2024;ZAKHAROV-SA.ru
10.01.2024;ZAMENIT-OKNA.ru
10.01.2024;ZAP4A.ru
10.01.2024;ZAPCHASTI-SCANIA.ru
10.01.2024;ZAR-HOSTYURAK.ru
10.01.2024;ZASLIVKAMI.ru
10.01.2024;ZAVALAL28.ru
10.01.2024;ZAY4TSEV.ru
10.01.2024;ZCONTROL.ru
10.01.2024;ZDESZNAIMVSE.ru
10.01.2024;ZDOROVLAB.ru
10.01.2024;ZDOROVYEOKNA.ru
10.01.2024;ZDREVABYT.ru
10.01.2024;ZEBRADENGI.ru
10.01.2024;ZEEHO-OFFICIAL.ru
10.01.2024;ZEEHOO.ru
10.01.2024;ZEEHOOFFICIAL.ru
10.01.2024;ZEEHORUSSIA.ru
10.01.2024;ZEFIRBOUQUET.ru
10.01.2024;ZELENOV22.ru
10.01.2024;ZENADFASHION5.ru
10.01.2024;ZERKALO-CASINOX540.ru
10.01.2024;ZERKALO-STAKE.ru
10.01.2024;ZERKALOJOYCASINO9.ru
10.01.2024;ZEROLUCK.ru
10.01.2024;ZHARKOV66.ru
10.01.2024;ZHELEZHELP-PC.ru
10.01.2024;ZHIBAREV.ru
10.01.2024;ZHIVMAR.ru
10.01.2024;ZHIVOVR.ru
10.01.2024;ZHUKOV-VU.ru
10.01.2024;ZHZARUBINA.ru
10.01.2024;ZIATOL.ru
10.01.2024;ZIMBULYA.ru
10.01.2024;ZIPASHOP.ru
10.01.2024;ZIUZINA.ru
10.01.2024;ZIXUAN.ru
10.01.2024;ZJIOUEHOT.ru
10.01.2024;ZLATA-T.ru
10.01.2024;ZOLELE.ru
10.01.2024;ZOLOLYES.ru
10.01.2024;ZONA-KOMFORTA-3.ru
10.01.2024;ZONAKOMFORTA3.ru
10.01.2024;ZONES-CASINO2.ru
10.01.2024;ZOOMAGAZIN-NOSIKI.ru
10.01.2024;ZOOMWEB.ru
10.01.2024;ZOVLA.ru
10.01.2024;ZOYEJEWELRY.ru
10.01.2024;ZOZH365.ru
10.01.2024;ZUBERMAN.ru
10.01.2024;ZUBR-IRKUTSK.ru
10.01.2024;ZUFAPIXEL.ru
10.01.2024;ZVPJ-7.ru
10.01.2024;ZVZ5.ru
10.01.2024;ZYEVOHELP-PC.ru
10.01.2024;ZZXZ.ru
11.01.2024;000-000.ru
11.01.2024;00000000000.ru
11.01.2024;04BUHSOFT.ru
11.01.2024;09LAB.ru
11.01.2024;0UC9G37.ru
11.01.2024;1-C-ACADEMY.ru
11.01.2024;1-OTVET.ru
11.01.2024;1-RWS.ru
11.01.2024;1-VZT.ru
11.01.2024;1-X-SLOTS-ZERKALO.ru
11.01.2024;1-XBET-ONLINE.ru
11.01.2024;1-XSLOTS-ONLINE.ru
11.01.2024;10-SHAMPUROV.ru
11.01.2024;1000FLOORS.ru
11.01.2024;1001RUKODELIE.ru
11.01.2024;1001TOVAR.ru
11.01.2024;100HERO.ru
11.01.2024;100MERIDIAN.ru
11.01.2024;101DALMATIN.ru
11.01.2024;1020100.ru
11.01.2024;1020101.ru
11.01.2024;1020102.ru
11.01.2024;1020103.ru
11.01.2024;1020104.ru
11.01.2024;1020105.ru
11.01.2024;1020106.ru
11.01.2024;1020107.ru
11.01.2024;1020108.ru
11.01.2024;1020109.ru
11.01.2024;10RUBLEJ.ru
11.01.2024;123DESIGN.ru
11.01.2024;123MOVIES-PROXY.ru
11.01.2024;123SOFT.ru
11.01.2024;12COM.ru
11.01.2024;12JIZNL.ru
11.01.2024;12TWELVE.ru
11.01.2024;13KARAT.ru
11.01.2024;176QUCG.ru
11.01.2024;192738.ru
11.01.2024;1996TEPLO.ru
11.01.2024;1ASTROLOG.ru
11.01.2024;1B2S8AH16.ru
11.01.2024;1BIOGRAFIA.ru
11.01.2024;1CPODKLUCH.ru
11.01.2024;1FVMDNS.ru
11.01.2024;1HISENSE.ru
11.01.2024;1MMORTAL.ru
11.01.2024;1MPX.ru
11.01.2024;1MSG.ru
11.01.2024;1NATION.ru
11.01.2024;1ORIENTAL.ru
11.01.2024;1PARFUMER.ru
11.01.2024;1PARIMATCH.ru
11.01.2024;1ROYAL.ru
11.01.2024;1ROYAL-CLIMA.ru
11.01.2024;1SEASONSLLOVOPACANA.ru
11.01.2024;1SEASONSLOVOPACANA.ru
11.01.2024;1SESLOVOPACANA.ru
11.01.2024;1SEZONSLOVOPACA.ru
11.01.2024;1SEZONSLOVOPACAN.ru
11.01.2024;1SEZONSLOVOPACANA.ru
11.01.2024;1SEZONSLOVOPACANE.ru
11.01.2024;1SEZONSLOVOPACNVA.ru
11.01.2024;1SK.ru
11.01.2024;1SOSTAV.ru
11.01.2024;1SOVETI.ru
11.01.2024;1WIN-1BK.ru
11.01.2024;1WIN-OFFICIALL.ru
11.01.2024;1WIN-OFFSITE.ru
11.01.2024;1WIN-ZERKALA.ru
11.01.2024;1WIN4292.ru
11.01.2024;1WINBK-SITE.ru
11.01.2024;1WINOFFICIAL.ru
11.01.2024;1XBET-ZERKALOX.ru
11.01.2024;1XBET1XBET.ru
11.01.2024;1XBETPARTNERS.ru
11.01.2024;1YURIDICHESKAYA-KONSULTACIA.ru
11.01.2024;1ZATVOR.ru
11.01.2024;2014UGRA.ru
11.01.2024;2015MIRDEREVA.ru
11.01.2024;2024-BREMENSKIE-MUZYKANTY.ru
11.01.2024;2024-HOLOP-2.ru
11.01.2024;2024SEMINAR.ru
11.01.2024;20FINGERS.ru
11.01.2024;20ST.ru
11.01.2024;21IP.ru
11.01.2024;2206I.ru
11.01.2024;23O.ru
11.01.2024;241COM.ru
11.01.2024;2424PODR.ru
11.01.2024;244LIFE.ru
11.01.2024;2470.ru
11.01.2024;24AUTUMN.ru
11.01.2024;24AVTO52.ru
11.01.2024;24COFFE-SHOP.ru
11.01.2024;24DATANET.ru
11.01.2024;24HO.ru
11.01.2024;24JETSKILL.ru
11.01.2024;24LETTER.ru
11.01.2024;24MAPS.ru
11.01.2024;24MOTOR.ru
11.01.2024;24ONLAIN-KURS.ru
11.01.2024;24PRIDE.ru
11.01.2024;24PROPAN.ru
11.01.2024;24PROVERKASAITOV.ru
11.01.2024;24UGG.ru
11.01.2024;252FZ.ru
11.01.2024;2605606.ru
11.01.2024;2ADMINA.ru
11.01.2024;2BOARD.ru
11.01.2024;2FAMILY.ru
11.01.2024;2HEMISPHERES.ru
11.01.2024;2IIP.ru
11.01.2024;2IPP.ru
11.01.2024;2MIS.ru
11.01.2024;2NRWORKS.ru
11.01.2024;2OKUNYA.ru
11.01.2024;2SP.ru
11.01.2024;2STORIES.ru
11.01.2024;2YHA.ru
11.01.2024;3-BOGA.ru
11.01.2024;30DA.ru
11.01.2024;3102436.ru
11.01.2024;33GLOBALEXPORT.ru
11.01.2024;33MEGAVOLTA.ru
11.01.2024;33OKNO.ru
11.01.2024;33SERVICES.ru
11.01.2024;33STR.ru
11.01.2024;35STROIKA.ru
11.01.2024;360U.ru
11.01.2024;365RANEPA.ru
11.01.2024;36M1K8D.ru
11.01.2024;37SU.ru
11.01.2024;38KINO.ru
11.01.2024;3CE.ru
11.01.2024;3D-MEBEL.ru
11.01.2024;3D-SHIRTS.ru
11.01.2024;3DBEL.ru
11.01.2024;3DBOX-ARTYMAN2007.ru
11.01.2024;3DCHOCO.ru
11.01.2024;3DDDD.ru
11.01.2024;3DVENT.ru
11.01.2024;3DWALLS.ru
11.01.2024;3DXXL.ru
11.01.2024;3KCOINST1KTOK.ru
11.01.2024;3KITA36.ru
11.01.2024;3MILL.ru
11.01.2024;3MIS.ru
11.01.2024;3NIS.ru
11.01.2024;4-FRESH.ru
11.01.2024;4-MEB.ru
11.01.2024;40X20.ru
11.01.2024;4582-RUS.ru
11.01.2024;46AUTOSERVISE.ru
11.01.2024;46CITY.ru
11.01.2024;476630.ru
11.01.2024;4CUS.ru
11.01.2024;4DPROSHOP.ru
11.01.2024;4FRECH.ru
11.01.2024;4FUTBOLKI.ru
11.01.2024;4GATE.ru
11.01.2024;4GEAR.ru
11.01.2024;4GLAZA-NTAGIL.ru
11.01.2024;4KRASNODAR.ru
11.01.2024;4KREPOSTI.ru
11.01.2024;4MATIVE.ru
11.01.2024;4MTH.ru
11.01.2024;4PEDIATRICS.ru
11.01.2024;4SEA.ru
11.01.2024;4UMARKET.ru
11.01.2024;4X4GIANT.ru
11.01.2024;519016.ru
11.01.2024;51DOG.ru
11.01.2024;53-SLADOSTI.ru
11.01.2024;5CAT.ru
11.01.2024;63E2T7L.ru
11.01.2024;64LOMBARD.ru
11.01.2024;64SERVIS.ru
11.01.2024;65AI.ru
11.01.2024;67-STORE.ru
11.01.2024;67KVARTIR.ru
11.01.2024;69PV.ru
11.01.2024;6OD7VYJ.ru
11.01.2024;6W184UX.ru
11.01.2024;712720.ru
11.01.2024;7303737.ru
11.01.2024;73ARICH.ru
11.01.2024;777SMK.ru
11.01.2024;79033280779.ru
11.01.2024;7KCASINOJ.ru
11.01.2024;7Z6JNFD.ru
11.01.2024;82-BOX.ru
11.01.2024;8BAYT.ru
11.01.2024;8BEN9Q0.ru
11.01.2024;8DOFHX3.ru
11.01.2024;8QA4.ru
11.01.2024;8SKY-FM.ru
11.01.2024;8VALUES.ru
11.01.2024;8VKUSOV.ru
11.01.2024;8X8NV.ru
11.01.2024;8Z8.ru
11.01.2024;90876.ru
11.01.2024;922000.ru
11.01.2024;9313199995.ru
11.01.2024;9372.ru
11.01.2024;95900.ru
11.01.2024;9852815051.ru
11.01.2024;9919.ru
11.01.2024;9948390.ru
11.01.2024;99SHOES.ru
11.01.2024;9STAR.ru
11.01.2024;A-140885.ru
11.01.2024;A-AD-CASH.ru
11.01.2024;A-BUILDMAN.ru
11.01.2024;A-BUTIK.ru
11.01.2024;A-C-C.ru
11.01.2024;A-KARAOKE.ru
11.01.2024;A-SAMARIN.ru
11.01.2024;A-STROY59.ru
11.01.2024;A-TRAIDE.ru
11.01.2024;A-VIRTTO.ru
11.01.2024;A-X-L.ru
11.01.2024;A1HOTELSPB.ru
11.01.2024;A1LM.ru
11.01.2024;A2DEV.ru
11.01.2024;A4NEFORMAT.ru
11.01.2024;AA5TUDIO.ru
11.01.2024;AALIKINA.ru
11.01.2024;ABAJUR-SHOP1.ru
11.01.2024;ABAKZ.ru
11.01.2024;ABARY.ru
11.01.2024;ABATSKOBR.ru
11.01.2024;ABC-MED.ru
11.01.2024;ABCCORP.ru
11.01.2024;ABORT-MOSKVA.ru
11.01.2024;ABOUT-IN-MASSAGE.ru
11.01.2024;ABRAINS.ru
11.01.2024;ABRAMOVA-LESSONS.ru
11.01.2024;ABRIKOS-ST.ru
11.01.2024;ABSAUTO24.ru
11.01.2024;ABSOLUT-KOMPLECT.ru
11.01.2024;ABSOLUT-KOMPLEKT.ru
11.01.2024;ABSOLUT27.ru
11.01.2024;ABSOLUTNAYACHISTOTA.ru
11.01.2024;ABXY.ru
11.01.2024;ABZ3DVIZ.ru
11.01.2024;AC-MOSCOW.ru
11.01.2024;AC-STOM-KRD.ru
11.01.2024;AC-VOLGA.ru
11.01.2024;ACADEM-REKLAMA.ru
11.01.2024;ACADEMIA55.ru
11.01.2024;ACADEMY-YES45.ru
11.01.2024;ACADEMYBOT.ru
11.01.2024;ACADEMYMANAGER.ru
11.01.2024;ACADEMYMANAGERS.ru
11.01.2024;ACADEMYMANAGERSS.ru
11.01.2024;ACADEMYOFGROWTH.ru
11.01.2024;ACCELERATOR-ZAPUSK.ru
11.01.2024;ACDCROCKS.ru
11.01.2024;ACER-SERV.ru
11.01.2024;ACER-SERVICES-CENTER.ru
11.01.2024;ACERFIX24.ru
11.01.2024;ACESTORE.ru
11.01.2024;ACOUSTIC-SYSTEMS.ru
11.01.2024;ACQUADILORI.ru
11.01.2024;ADAKTA-UG.ru
11.01.2024;ADDITIVEMIND.ru
11.01.2024;ADDNAME.ru
11.01.2024;ADDPOST.ru
11.01.2024;ADEH.ru
11.01.2024;ADEMII.ru
11.01.2024;ADKAN.ru
11.01.2024;ADLER-BLINOVO.ru
11.01.2024;ADLERBEACH.ru
11.01.2024;ADLLOG.ru
11.01.2024;ADM-HVOSCHEVKA.ru
11.01.2024;ADMARKBOT.ru
11.01.2024;ADMBAKAL.ru
11.01.2024;ADMIR-BARNAUL.ru
11.01.2024;ADMIRALGOLD.ru
11.01.2024;ADOKATLARISA.ru
11.01.2024;ADRIANHOTEL.ru
11.01.2024;ADROLOOK.ru
11.01.2024;ADRON-PERM.ru
11.01.2024;ADS-TOMSK.ru
11.01.2024;ADS36.ru
11.01.2024;ADSMEBEL.ru
11.01.2024;ADSSFG2000B.ru
11.01.2024;ADSSFG2000D.ru
11.01.2024;ADUR.ru
11.01.2024;ADV-MASTER24.ru
11.01.2024;ADVENTPICTURE.ru
11.01.2024;ADVERTCARS.ru
11.01.2024;ADVOKAT-ARNO.ru
11.01.2024;ADVOKAT-ARUTYUNYAN.ru
11.01.2024;ADVOKAT-BOBKOVA.ru
11.01.2024;ADVOKAT-KIEV.ru
11.01.2024;ADVOKAT-MUROM.ru
11.01.2024;ADVOKATAVAKYAN.ru
11.01.2024;ADVOKATGAVRILOV.ru
11.01.2024;ADVOKATRUDENKO.ru
11.01.2024;ADVOKATSUPER.ru
11.01.2024;ADYRIN.ru
11.01.2024;AESTETIK-MED.ru
11.01.2024;AETERNUMCLINIC.ru
11.01.2024;AEV40YH.ru
11.01.2024;AFISHA-LIVE.ru
11.01.2024;AFISHAVYBORG.ru
11.01.2024;AFONYAHOUSE.ru
11.01.2024;AFRONT.ru
11.01.2024;AFTERVIDEO.ru
11.01.2024;AGAFANGEL.ru
11.01.2024;AGAFERMER.ru
11.01.2024;AGAMES-PAYS.ru
11.01.2024;AGAMI-ALL-ON-6.ru
11.01.2024;AGASHKINA.ru
11.01.2024;AGIMOMSK.ru
11.01.2024;AGIOC.ru
11.01.2024;AGNEVO.ru
11.01.2024;AGNIWAY.ru
11.01.2024;AGRARIY-39.ru
11.01.2024;AGRIBKOVA.ru
11.01.2024;AGRIM.ru
11.01.2024;AGRIQULTURE.ru
11.01.2024;AGRO-CAMPUS.ru
11.01.2024;AGRO-KEM.ru
11.01.2024;AGROCARDPRO.ru
11.01.2024;AGROMETALLURG.ru
11.01.2024;AGROPROFILE.ru
11.01.2024;AGRORUS.ru
11.01.2024;AGROTEK-VLG.ru
11.01.2024;AGROTES.ru
11.01.2024;AGROTEX45.ru
11.01.2024;AGROUZBEKISTAN.ru
11.01.2024;AGROYG.ru
11.01.2024;AGS-VRN.ru
11.01.2024;AGS36.ru
11.01.2024;AHRANA.ru
11.01.2024;AHTOKHIYSG.ru
11.01.2024;AI-360.ru
11.01.2024;AI-HEALTH.ru
11.01.2024;AICOMMERCE.ru
11.01.2024;AIGONIN0.ru
11.01.2024;AILOTUS.ru
11.01.2024;AIMOSS.ru
11.01.2024;AININJA.ru
11.01.2024;AION-WORLD.ru
11.01.2024;AIRBUSES.ru
11.01.2024;AIRFAN-VIDEO.ru
11.01.2024;AISBAKS.ru
11.01.2024;AISOLSYS.ru
11.01.2024;AISYSSOL.ru
11.01.2024;AIVITREID.ru
11.01.2024;AIYISHI.ru
11.01.2024;AJFVR45.ru
11.01.2024;AJM-REKLAMA.ru
11.01.2024;AJUR-SALON.ru
11.01.2024;AKACIA66.ru
11.01.2024;AKADEMIA-INTERNET.ru
11.01.2024;AKADEMIAPODARKA.ru
11.01.2024;AKB-MOS.ru
11.01.2024;AKBOX.ru
11.01.2024;AKHMAD05.ru
11.01.2024;AKOLCHANOVA.ru
11.01.2024;AKOSTOVA.ru
11.01.2024;AKOZHAPENKO.ru
11.01.2024;AKSENOW.ru
11.01.2024;AKSIOMY.ru
11.01.2024;AKT-DOPUSK.ru
11.01.2024;AKVAGRIM-PERM.ru
11.01.2024;AKVANOVA.ru
11.01.2024;AKVARELKAZD.ru
11.01.2024;AKVELON-IVANOVO.ru
11.01.2024;AKVILON-SEVER.ru
11.01.2024;AL-COMFORT.ru
11.01.2024;ALAWAR-IGRA.ru
11.01.2024;ALBAKRD.ru
11.01.2024;ALBATROS-RZN.ru
11.01.2024;ALBERTOFOOD.ru
11.01.2024;ALBERTWEB.ru
11.01.2024;ALBINAAZIZOVA.ru
11.01.2024;ALBORA.ru
11.01.2024;ALCHERNOGOROV.ru
11.01.2024;ALCOBOOM.ru
11.01.2024;ALCOCHEB21.ru
11.01.2024;ALCOTOWN4.ru
11.01.2024;ALCOTOWNS.ru
11.01.2024;ALDER21.ru
11.01.2024;ALDMISTROY.ru
11.01.2024;ALEBALABANV1.ru
11.01.2024;ALEKSAMASHAROVA.ru
11.01.2024;ALEKSANDRMSK.ru
11.01.2024;ALEKSANDRNAUMOV.ru
11.01.2024;ALEKSEYTKACHENKO.ru
11.01.2024;ALEKSII.ru
11.01.2024;ALEKSIN132.ru
11.01.2024;ALEMIR-REMONT.ru
11.01.2024;ALENA-SMIRNOVA.ru
11.01.2024;ALENA170098.ru
11.01.2024;ALENKAIKINO.ru
11.01.2024;ALEX-983.ru
11.01.2024;ALEXANDR-WEBDESIGNER.ru
11.01.2024;ALEXANDRAPETROVA.ru
11.01.2024;ALEXANDRIA31.ru
11.01.2024;ALEXAR.ru
11.01.2024;ALEXELFIMOF.ru
11.01.2024;ALEXFILL-BRAND.ru
11.01.2024;ALEXFILL-STYLE.ru
11.01.2024;ALFA-BZ.ru
11.01.2024;ALFA-FINANS.ru
11.01.2024;ALFACLINING.ru
11.01.2024;ALFASANT.ru
11.01.2024;ALFASVOY.ru
11.01.2024;ALFEROVVN.ru
11.01.2024;ALGO24.ru
11.01.2024;ALGOYOGA.ru
11.01.2024;ALIALMASH2.ru
11.01.2024;ALIENSHOP.ru
11.01.2024;ALIFCARGO.ru
11.01.2024;ALIFLOGISTICS.ru
11.01.2024;ALIHOME.ru
11.01.2024;ALIMENTI-INFORM.ru
11.01.2024;ALISAFORUM.ru
11.01.2024;ALIVEWATERPVK.ru
11.01.2024;ALJANDA.ru
11.01.2024;ALJAPINA.ru
11.01.2024;ALKOMARKKET2.ru
11.01.2024;ALKON-GROUP2000.ru
11.01.2024;ALKON-SPP.ru
11.01.2024;ALKONGROUP2000.ru
11.01.2024;ALKOWIKS.ru
11.01.2024;ALL-ICS.ru
11.01.2024;ALL4MIGRATION.ru
11.01.2024;ALLBESTMOBILE.ru
11.01.2024;ALLBUX.ru
11.01.2024;ALLGAYESCORT.ru
11.01.2024;ALLGM.ru
11.01.2024;ALLIANCE-URAL74.ru
11.01.2024;ALLIANCE-VOLGOGRAD.ru
11.01.2024;ALLIANCE37.ru
11.01.2024;ALLIANCECRIMEA.ru
11.01.2024;ALLKEMEROVO.ru
11.01.2024;ALLMYSTERY.ru
11.01.2024;ALLOYSPRO.ru
11.01.2024;ALLTEKS.ru
11.01.2024;ALLURESEA.ru
11.01.2024;ALMAK-EXEED.ru
11.01.2024;ALMAREZ-PROFI.ru
11.01.2024;ALMAX-IT.ru
11.01.2024;ALMAXIT.ru
11.01.2024;ALMEKA.ru
11.01.2024;ALONTASPACE.ru
11.01.2024;ALPACA-HOME.ru
11.01.2024;ALPFAS.ru
11.01.2024;ALPHAOPEN.ru
11.01.2024;ALPHAREALT.ru
11.01.2024;ALPHASANT.ru
11.01.2024;ALPINE61.ru
11.01.2024;ALPSIB-54.ru
11.01.2024;ALSIST.ru
11.01.2024;ALSPB72.ru
11.01.2024;ALT-1.ru
11.01.2024;ALTAI-SP.ru
11.01.2024;ALTAIRELICT.ru
11.01.2024;ALTAIRNNOV.ru
11.01.2024;ALTAYREMONT.ru
11.01.2024;ALTEDO.ru
11.01.2024;ALTERAC-PVP.ru
11.01.2024;ALTERINFO.ru
11.01.2024;ALTEROGROUP.ru
11.01.2024;ALTERRA-TRADE.ru
11.01.2024;ALTHON.ru
11.01.2024;ALTLSE.ru
11.01.2024;ALUMPOV.ru
11.01.2024;ALUTECH21.ru
11.01.2024;ALVAMI.ru
11.01.2024;ALVAROBANOS.ru
11.01.2024;ALWAYS-HAPPY.ru
11.01.2024;ALYANS42.ru
11.01.2024;ALYANSXIM.ru
11.01.2024;ALYONAOORZHAK.ru
11.01.2024;AMBAR-DOM.ru
11.01.2024;AMBAR-HOUSE.ru
11.01.2024;AMBARDOM.ru
11.01.2024;AMBASPORT.ru
11.01.2024;AMBERMAGIC39.ru
11.01.2024;AMC96.ru
11.01.2024;AMD-COMFORT.ru
11.01.2024;AMERICANCONQUEST.ru
11.01.2024;AMERIKAPRO.ru
11.01.2024;AMIDRIELSFILM.ru
11.01.2024;AMIROVA.ru
11.01.2024;AMODE.ru
11.01.2024;AMONG-FILES.ru
11.01.2024;AMONGUS-INSTALL.ru
11.01.2024;AMORAWIN.ru
11.01.2024;AMOREVENT.ru
11.01.2024;AMOROZOVA.ru
11.01.2024;AMOXICILLINBUYOCANADA.ru
11.01.2024;AMPERSAND-BOOK.ru
11.01.2024;AMPLITUDA-MUZ.ru
11.01.2024;AMV-PRESS.ru
11.01.2024;AN-METROPOLIS.ru
11.01.2024;AN-REGION47.ru
11.01.2024;ANABOZINAPHOTO.ru
11.01.2024;ANAKONEVA.ru
11.01.2024;ANAPASUITES.ru
11.01.2024;ANASHKINA.ru
11.01.2024;ANASLAVFORUM.ru
11.01.2024;ANASTAS-PERMANENT.ru
11.01.2024;ANASTAS-PERMANENTSCHOOL.ru
11.01.2024;ANASTAS-PM.ru
11.01.2024;ANASTASIAEVDOKIMOVA.ru
11.01.2024;ANASTASYAKATKOVA.ru
11.01.2024;ANBER2007.ru
11.01.2024;ANBNG.ru
11.01.2024;AND-SPB.ru
11.01.2024;ANDA-PRODUCTION.ru
11.01.2024;ANDALF.ru
11.01.2024;ANDERSON-PC.ru
11.01.2024;ANDREALUCIDI.ru
11.01.2024;ANDREENKOPHOTO.ru
11.01.2024;ANDREEVKASCHOOL.ru
11.01.2024;ANDREIDENISENKO.ru
11.01.2024;ANDREIDEV.ru
11.01.2024;ANDRIANA-DMITROV.ru
11.01.2024;ANDROIDX3.ru
11.01.2024;ANDROSOFT.ru
11.01.2024;ANDROSS.ru
11.01.2024;ANDY-PROKH.ru
11.01.2024;ANDYU.ru
11.01.2024;ANEX-RF.ru
11.01.2024;ANFFEDEL.ru
11.01.2024;ANGEL-BUH.ru
11.01.2024;ANGELINA-TIMOSHENKO.ru
11.01.2024;ANGELS-CHOCOLATE.ru
11.01.2024;ANGELTECH.ru
11.01.2024;ANGELTT.ru
11.01.2024;ANIDA.ru
11.01.2024;ANIHUB.ru
11.01.2024;ANKAKLININA.ru
11.01.2024;ANKETA-ONLIN24.ru
11.01.2024;ANKETA-ONLINE12.ru
11.01.2024;ANKETA-SOC.ru
11.01.2024;ANMELNITSA.ru
11.01.2024;ANNA-VINOGRADOVA.ru
11.01.2024;ANNA2ANNA.ru
11.01.2024;ANNAIZMAILOVA.ru
11.01.2024;ANNARUSSKACOUTURE.ru
11.01.2024;ANNAS-SS.ru
11.01.2024;ANNASHIL.ru
11.01.2024;ANNASTARNEWBORN.ru
11.01.2024;ANNET-STUDIO.ru
11.01.2024;ANNVE.ru
11.01.2024;ANOSHKINA.ru
11.01.2024;ANOSOVA.ru
11.01.2024;ANSENAN.ru
11.01.2024;ANSETT-METALL.ru
11.01.2024;ANTIDRONOVOEODEYALO.ru
11.01.2024;ANTIGRAVIYNAYA-PLENKA.ru
11.01.2024;ANTIKO-AGRO.ru
11.01.2024;ANTIMUTABOR.ru
11.01.2024;ANTIQNUVO.ru
11.01.2024;ANTIQUEGALLERY.ru
11.01.2024;ANTMINERKS3.ru
11.01.2024;ANTON-ABAKOV.ru
11.01.2024;ANTONBULLE.ru
11.01.2024;ANTONNOBODY00.ru
11.01.2024;ANTONOVAJURIST.ru
11.01.2024;ANTONOVKAREST.ru
11.01.2024;ANTOSHKA-NNOV.ru
11.01.2024;ANTROPOS-RITUAL.ru
11.01.2024;ANYWISH.ru
11.01.2024;AO-MOSSTROY.ru
11.01.2024;AOARSENALGROUP.ru
11.01.2024;AOBYSOVA.ru
11.01.2024;AP-BRANDS.ru
11.01.2024;APART-EVIA.ru
11.01.2024;APARTAMENTWOOD.ru
11.01.2024;APATAKA.ru
11.01.2024;APAU.ru
11.01.2024;APC-TMB.ru
11.01.2024;APEKAMOS.ru
11.01.2024;APICHUGIN.ru
11.01.2024;APP-MOBILE.ru
11.01.2024;APPHUB.ru
11.01.2024;APPLE-SERVICES-CENTER.ru
11.01.2024;APPLICATIONHUB.ru
11.01.2024;APPS4.ru
11.01.2024;APPSDOCS.ru
11.01.2024;APPSECACH.ru
11.01.2024;APPULS.ru
11.01.2024;APTECHNIIMIR.ru
11.01.2024;APTEKAAVE.ru
11.01.2024;APTRANSFER.ru
11.01.2024;APTRUCK.ru
11.01.2024;AQUA-AM.ru
11.01.2024;AQUAGREAT.ru
11.01.2024;AQUATECHGROUP.ru
11.01.2024;AQURATMIL.ru
11.01.2024;AR-TRAIDE.ru
11.01.2024;ARABIANMUSK.ru
11.01.2024;ARBITR-OPTIMA.ru
11.01.2024;ARCADIA-KIDS.ru
11.01.2024;ARCHBOX.ru
11.01.2024;ARCHISEND.ru
11.01.2024;ARCHITECTONIC.ru
11.01.2024;ARCHITECTONICS.ru
11.01.2024;ARCPIXEL.ru
11.01.2024;ARCTICTRUCK.ru
11.01.2024;ARDRMAYKOP.ru
11.01.2024;AREAGROUP.ru
11.01.2024;ARENA-MIX.ru
11.01.2024;ARENDA-SPECTEKHNIKI.ru
11.01.2024;ARENDASUP.ru
11.01.2024;ARETEPM.ru
11.01.2024;AREYOUCURIOUS.ru
11.01.2024;AREYSTYLE.ru
11.01.2024;ARGOGAZ.ru
11.01.2024;ARGOP.ru
11.01.2024;ARH-PRO-24.ru
11.01.2024;ARHILOUD.ru
11.01.2024;ARHITEKTURAZDOROVIA.ru
11.01.2024;ARIPOV.ru
11.01.2024;ARIPOVA.ru
11.01.2024;ARISTEY-GROUP.ru
11.01.2024;ARKAPUSHE.ru
11.01.2024;ARKMARKET34.ru
11.01.2024;ARKN.ru
11.01.2024;ARKS7.ru
11.01.2024;ARMATURAPERM.ru
11.01.2024;ARMLG.ru
11.01.2024;AROMA-CRAFT.ru
11.01.2024;AROMA-TREND.ru
11.01.2024;AROMA72.ru
11.01.2024;ARSENALSAFE.ru
11.01.2024;ARSENIJEVI.ru
11.01.2024;ARSHINOVA.ru
11.01.2024;ARSIMONOVA.ru
11.01.2024;ART-01.ru
11.01.2024;ART-DENT52.ru
11.01.2024;ART-NATALYA.ru
11.01.2024;ART-PODARKI.ru
11.01.2024;ART-VINIL40.ru
11.01.2024;ARTELIMASTERS.ru
11.01.2024;ARTETICS.ru
11.01.2024;ARTGRAFDIZ.ru
11.01.2024;ARTGUNSMAGAZINE.ru
11.01.2024;ARTHDSTUDIO.ru
11.01.2024;ARTHOOP.ru
11.01.2024;ARTIOHOME.ru
11.01.2024;ARTMED18.ru
11.01.2024;ARTPAC-TECH.ru
11.01.2024;ARTSOT.ru
11.01.2024;ARTSTROY-KZN.ru
11.01.2024;ARTURHOLIKOV.ru
11.01.2024;ARTVILLE-STUDIO.ru
11.01.2024;ARTYKIDS.ru
11.01.2024;ARTZIMA.ru
11.01.2024;ARUTECH.ru
11.01.2024;ARVVS.ru
11.01.2024;ARYA-POSTEL.ru
11.01.2024;ARZ-PINK.ru
11.01.2024;ARZFREELAND.ru
11.01.2024;ARZHAANA-ENERGY.ru
11.01.2024;ARZUW.ru
11.01.2024;AS-BUREAU.ru
11.01.2024;ASADOVA.ru
11.01.2024;ASANOVA.ru
11.01.2024;ASBZ.ru
11.01.2024;ASC2.ru
11.01.2024;ASDAY.ru
11.01.2024;ASELDETECT.ru
11.01.2024;ASENAKAHVE.ru
11.01.2024;ASENAKAHVESI.ru
11.01.2024;ASFALTIROVANIEMYTISHCHI.ru
11.01.2024;ASHIRLILIYA.ru
11.01.2024;ASHLEE.ru
11.01.2024;ASHPHOTOSTUDIOO.ru
11.01.2024;ASIA-DV.ru
11.01.2024;ASIA-IRK.ru
11.01.2024;ASIA-TIMES.ru
11.01.2024;ASIANNEXT.ru
11.01.2024;ASK-96.ru
11.01.2024;ASK-EXPERT.ru
11.01.2024;ASK-GATE.ru
11.01.2024;ASKAROVA.ru
11.01.2024;ASKENERGY.ru
11.01.2024;ASMINEY13.ru
11.01.2024;ASPERX.ru
11.01.2024;ASR-ELECTRICA.ru
11.01.2024;ASS-CREATION.ru
11.01.2024;ASSAY-SOME-COOKIES.ru
11.01.2024;AST-RENT.ru
11.01.2024;AST-STEKLO.ru
11.01.2024;ASTPOLOG.ru
11.01.2024;ASTRA-STOM.ru
11.01.2024;ASTRAMUS.ru
11.01.2024;ASTREEX.ru
11.01.2024;ASTUDIABEAUTY.ru
11.01.2024;ASUS-HELP.ru
11.01.2024;ASYTMA-1.ru
11.01.2024;ATAGG.ru
11.01.2024;ATAMANOVA.ru
11.01.2024;ATB-RKO.ru
11.01.2024;ATENGINEERING.ru
11.01.2024;ATISOT.ru
11.01.2024;ATKVRT.ru
11.01.2024;ATLANT-50.ru
11.01.2024;ATLANTRF.ru
11.01.2024;ATMOSFERA-BIZNES.ru
11.01.2024;ATNORK.ru
11.01.2024;ATOM-MONOC.ru
11.01.2024;ATOMSHOW.ru
11.01.2024;ATOMY-STORE.ru
11.01.2024;ATOMYSPONSOR.ru
11.01.2024;ATP-KRSK.ru
11.01.2024;ATPZ19.ru
11.01.2024;ATTESTATSIYA-RABOCHIH-MEST.ru
11.01.2024;AUCTION-CENTRE.ru
11.01.2024;AUCTUS.ru
11.01.2024;AUDITSITE24.ru
11.01.2024;AURELIAKRIM.ru
11.01.2024;AURORA-MC.ru
11.01.2024;AURUM-DENTA.ru
11.01.2024;AUTO-QR.ru
11.01.2024;AUTO-STOK.ru
11.01.2024;AUTOAREST.ru
11.01.2024;AUTOARTICLE.ru
11.01.2024;AUTOCENTER-VORKUTA.ru
11.01.2024;AUTODAIGNOSTIKA.ru
11.01.2024;AUTOFRANK.ru
11.01.2024;AUTOGANT.ru
11.01.2024;AUTOLEHMANN-JOURNAL.ru
11.01.2024;AUTOMACH.ru
11.01.2024;AUTOMAKS24.ru
11.01.2024;AUTOMSC.ru
11.01.2024;AUTOPARK-MSK.ru
11.01.2024;AUTOPARTSRUSSIA.ru
11.01.2024;AUTOPILOT-VLADIVOSTOK.ru
11.01.2024;AUTOPP.ru
11.01.2024;AUTOPT.ru
11.01.2024;AUTORAZBORKIN72.ru
11.01.2024;AUTORBB.ru
11.01.2024;AUTOSAKHALIN.ru
11.01.2024;AUTOSERVICE177.ru
11.01.2024;AUTOSKLAD63.ru
11.01.2024;AUTOTRANSMISSION.ru
11.01.2024;AUTOWORKSHOP.ru
11.01.2024;AV-SKUPKA.ru
11.01.2024;AVALOGISTIK.ru
11.01.2024;AVALONOKNA.ru
11.01.2024;AVANYAN.ru
11.01.2024;AVCUT.ru
11.01.2024;AVELLUMSTAV.ru
11.01.2024;AVELMONK.ru
11.01.2024;AVIAONE.ru
11.01.2024;AVIATOR-WIN1.ru
11.01.2024;AVILENA.ru
11.01.2024;AVITEHNO.ru
11.01.2024;AVONDALE.ru
11.01.2024;AVRAMOVA.ru
11.01.2024;AVRORA-URAL.ru
11.01.2024;AVS59.ru
11.01.2024;AVTO-EKSPERTIZA.ru
11.01.2024;AVTO-ELEKTRO.ru
11.01.2024;AVTO-KRAS-NEW.ru
11.01.2024;AVTO-RESURS.ru
11.01.2024;AVTO-ZAKON.ru
11.01.2024;AVTOBUS34.ru
11.01.2024;AVTOCURATOR.ru
11.01.2024;AVTODIRECT.ru
11.01.2024;AVTOELEKTRIKI.ru
11.01.2024;AVTOELEKTRONIKA63.ru
11.01.2024;AVTOKARTEL.ru
11.01.2024;AVTOPODBOR-EXPERT.ru
11.01.2024;AVTORESURS12.ru
11.01.2024;AVTOSERVIS-V-CHEHOVE.ru
11.01.2024;AVTOSHKOLA-SYZRAN.ru
11.01.2024;AVTOSPETSVOLGA.ru
11.01.2024;AVTOVINIL-EKB.ru
11.01.2024;AWM36.ru
11.01.2024;AWPE.ru
11.01.2024;AXETUZ.ru
11.01.2024;AXOD.ru
11.01.2024;AYA-NOVI.ru
11.01.2024;AYUSHMAN.ru
11.01.2024;AZAPAY.ru
11.01.2024;AZCAR.ru
11.01.2024;AZIMAUTO.ru
11.01.2024;AZINO-TOPKAZINO.ru
11.01.2024;AZINO777-24-1.ru
11.01.2024;AZINO777WIN-KASINO.ru
11.01.2024;AZIYAT.ru
11.01.2024;AZK-TECH.ru
11.01.2024;B-ASSIST.ru
11.01.2024;B-OF-B.ru
11.01.2024;B-PARTS.ru
11.01.2024;B-TRAIN.ru
11.01.2024;B101.ru
11.01.2024;B15-STUDIO.ru
11.01.2024;BA-TAT.ru
11.01.2024;BABANOVA.ru
11.01.2024;BABENKOVA.ru
11.01.2024;BABKINAELIZAVEYTA.ru
11.01.2024;BABY-TEC.ru
11.01.2024;BABYLON96.ru
11.01.2024;BABYPRODUCTS.ru
11.01.2024;BABYSUPER.ru
11.01.2024;BACKUP03.ru
11.01.2024;BACTOTECH.ru
11.01.2024;BADILIN.ru
11.01.2024;BADRAZVES74.ru
11.01.2024;BADREE.ru
11.01.2024;BAG-SYSTEM.ru
11.01.2024;BAGAMAEVA.ru
11.01.2024;BAGLY.ru
11.01.2024;BAGWALLET.ru
11.01.2024;BAGYBAG.ru
11.01.2024;BAIKAL-TAXI.ru
11.01.2024;BAITWAN.ru
11.01.2024;BAJILIVELOGIN.ru
11.01.2024;BAKERYMINDAL.ru
11.01.2024;BAKSTEEN-SAMARA.ru
11.01.2024;BALIANCE.ru
11.01.2024;BALISARDE.ru
11.01.2024;BALISLAND.ru
11.01.2024;BALLSTORE.ru
11.01.2024;BALSPO2020.ru
11.01.2024;BALSTORE.ru
11.01.2024;BALT-VES.ru
11.01.2024;BALTPOLYMER39.ru
11.01.2024;BALTSTOR.ru
11.01.2024;BAMBICLUB.ru
11.01.2024;BAMBINOSAUR.ru
11.01.2024;BANANA-TRAFFIC.ru
11.01.2024;BANIKA-BANI75.ru
11.01.2024;BANIKA-BANI76.ru
11.01.2024;BANIVRUSSKOMSTILE.ru
11.01.2024;BANJAKAKDOMA.ru
11.01.2024;BANKIRRO-SPISAL.ru
11.01.2024;BANKNOTE2000.ru
11.01.2024;BANKROT-JURIST-SVETOCH.ru
11.01.2024;BANKROTSTVO-MFTS.ru
11.01.2024;BANTELAB.ru
11.01.2024;BANU-POD-KLUCH.ru
11.01.2024;BANYA-RUS.ru
11.01.2024;BAR-BARDIN.ru
11.01.2024;BAR-PTK.ru
11.01.2024;BARBARY.ru
11.01.2024;BARBERSHOP-DUBAI.ru
11.01.2024;BARBERSHOPBOYAR.ru
11.01.2024;BARDISH.ru
11.01.2024;BARGPT.ru
11.01.2024;BARIEVMARKETING.ru
11.01.2024;BARISTADAY.ru
11.01.2024;BARLAU.ru
11.01.2024;BARLEPREKON.ru
11.01.2024;BARLOWGIRL.ru
11.01.2024;BARNIA-ONLINE.ru
11.01.2024;BARRIER-GUARD.ru
11.01.2024;BARSIKBOX.ru
11.01.2024;BASHSANTEHNIKA.ru
11.01.2024;BASKOVA.ru
11.01.2024;BASTION10.ru
11.01.2024;BATTLECASH.ru
11.01.2024;BAYESIAN.ru
11.01.2024;BAYHOST.ru
11.01.2024;BAYWATCH.ru
11.01.2024;BAZAMBA.ru
11.01.2024;BAZAROVA-TOP.ru
11.01.2024;BAZIS25.ru
11.01.2024;BBILASER.ru
11.01.2024;BBMPROJECTS.ru
11.01.2024;BBQ-CLIENTS.ru
11.01.2024;BE-WELL24.ru
11.01.2024;BEARMASTER-FABRICS.ru
11.01.2024;BEAUTY-MODEL.ru
11.01.2024;BEAUTY-MSK.ru
11.01.2024;BEAUTY-SERV.ru
11.01.2024;BEAUTYRUSSIA.ru
11.01.2024;BEAVERPRO.ru
11.01.2024;BECLEANING.ru
11.01.2024;BEDDREAM.ru
11.01.2024;BEEBE.ru
11.01.2024;BEESPORT.ru
11.01.2024;BEINSHAPE.ru
11.01.2024;BEKAS-SWIM.ru
11.01.2024;BEL-KARNAVAL.ru
11.01.2024;BEL-SNAB.ru
11.01.2024;BELAGA.ru
11.01.2024;BELAVANTSK.ru
11.01.2024;BELKDUBSKIXN.ru
11.01.2024;BELLA-BOATS.ru
11.01.2024;BELLE-KRASOTA.ru
11.01.2024;BELLY-SCHOOL.ru
11.01.2024;BELMI.ru
11.01.2024;BELORUSPRODUCT.ru
11.01.2024;BELOVESPORT.ru
11.01.2024;BEMACHTIGDE-INTERNATIONAALSERVICENL.ru
11.01.2024;BEMBIWEAR.ru
11.01.2024;BENGAME.ru
11.01.2024;BENNIE.ru
11.01.2024;BENZO-SHOP.ru
11.01.2024;BENZO-SKLAD.ru
11.01.2024;BEREZNAYA-E.ru
11.01.2024;BEREZNEKIRM.ru
11.01.2024;BERG-ARCHITECTS.ru
11.01.2024;BERGENSTUDIO.ru
11.01.2024;BERKATFOODS.ru
11.01.2024;BERROUNZ.ru
11.01.2024;BERRYMOREMOSCOW.ru
11.01.2024;BERUVARENDU.ru
11.01.2024;BESSERNN.ru
11.01.2024;BEST-FURNITYRE.ru
11.01.2024;BEST-SMILES.ru
11.01.2024;BEST-TECHNICS.ru
11.01.2024;BEST-TOBACCO.ru
11.01.2024;BESTAPRILS.ru
11.01.2024;BESTCV.ru
11.01.2024;BESTEDUCATE77.ru
11.01.2024;BESTFORPET.ru
11.01.2024;BESTFREIGHT.ru
11.01.2024;BESTINSIGHTS2.ru
11.01.2024;BESTMARKET-SHOP.ru
11.01.2024;BESTNINE.ru
11.01.2024;BESTPROMOCS.ru
11.01.2024;BESTTAPLINK.ru
11.01.2024;BETA-VANGUARD-GROUP.ru
11.01.2024;BETBURO.ru
11.01.2024;BETHE.ru
11.01.2024;BETON-GARANT39.ru
11.01.2024;BETON-ZAKAZ-ODINCOVO.ru
11.01.2024;BETONSMART.ru
11.01.2024;BETSHELTER.ru
11.01.2024;BETTERBETTER.ru
11.01.2024;BEWELL24.ru
11.01.2024;BEYDZHIK.ru
11.01.2024;BEYONDCAREER.ru
11.01.2024;BEZPROBLEM154.ru
11.01.2024;BEZRAMNOE-OSTEKLENIE-TERRASY.ru
11.01.2024;BF-COLLECTION.ru
11.01.2024;BFC-VIVA.ru
11.01.2024;BGNAILPROFESSIONAL.ru
11.01.2024;BGP7.ru
11.01.2024;BH-38.ru
11.01.2024;BIBIKA34.ru
11.01.2024;BIBLIOTEKY.ru
11.01.2024;BIG-FAMILI.ru
11.01.2024;BIG-LAW.ru
11.01.2024;BIG-STANDUP-AFISHA.ru
11.01.2024;BIGANALYTICS.ru
11.01.2024;BIGCITI.ru
11.01.2024;BIGCITY-JOB.ru
11.01.2024;BIGCITYJOB.ru
11.01.2024;BIGDATAFRANCHS.ru
11.01.2024;BIGPAZZL.ru
11.01.2024;BIGRIVER34.ru
11.01.2024;BIGSIZECLOTHES.ru
11.01.2024;BIJUBEAD.ru
11.01.2024;BIKE-CUBE.ru
11.01.2024;BIKEMOL.ru
11.01.2024;BIKINEVA.ru
11.01.2024;BIKO163.ru
11.01.2024;BILCA.ru
11.01.2024;BILD-SERVICE.ru
11.01.2024;BILLIARD-CHEKHOV.ru
11.01.2024;BILLIARDYANINO.ru
11.01.2024;BIO-BANK.ru
11.01.2024;BIODERM-PMU.ru
11.01.2024;BIODIS.ru
11.01.2024;BIODOM38.ru
11.01.2024;BIOGENICA.ru
11.01.2024;BIOGID.ru
11.01.2024;BIOME-FOUNDATION.ru
11.01.2024;BIOSENDER-MAIL.ru
11.01.2024;BISTROCEYLON.ru
11.01.2024;BISTROZAEM.ru
11.01.2024;BIT-1.ru
11.01.2024;BITCOINBEST.ru
11.01.2024;BITEOURKLW.ru
11.01.2024;BITFUTURE.ru
11.01.2024;BITMONC.ru
11.01.2024;BIZMODE18.ru
11.01.2024;BIZNES-ONLAIN.ru
11.01.2024;BIZNES-PRORYV.ru
11.01.2024;BIZNES-SBERBANK.ru
11.01.2024;BIZNESSIBERIANWELLNESS.ru
11.01.2024;BIZUSLUGA.ru
11.01.2024;BK-CREDIT.ru
11.01.2024;BKT28.ru
11.01.2024;BLA-BLA-SPORT.ru
11.01.2024;BLACK-PHOENIX.ru
11.01.2024;BLACKANDWHITE.ru
11.01.2024;BLAGO39.ru
11.01.2024;BLAKMORG.ru
11.01.2024;BLANK-MARKET.ru
11.01.2024;BLCHKV.ru
11.01.2024;BLINANDCOFFEE.ru
11.01.2024;BLINCKBO.ru
11.01.2024;BLOCKSPAM.ru
11.01.2024;BLOG-MEDIC.ru
11.01.2024;BLOGERSHOP.ru
11.01.2024;BLOK-OKT.ru
11.01.2024;BLONDBEAUTY.ru
11.01.2024;BLOOBER.ru
11.01.2024;BLUE-FLUFFY.ru
11.01.2024;BLUSH-ROSE.ru
11.01.2024;BLYATORASHKI.ru
11.01.2024;BMARIUM.ru
11.01.2024;BMTK230106.ru
11.01.2024;BMUNIFORM.ru
11.01.2024;BMW-COMPLECT.ru
11.01.2024;BMW-ZONE.ru
11.01.2024;BN-EXPERT.ru
11.01.2024;BNTOP.ru
11.01.2024;BNVS.ru
11.01.2024;BNZPARTS.ru
11.01.2024;BOCHKA-KEDR.ru
11.01.2024;BOCHKA-PARA.ru
11.01.2024;BOCHKOVA.ru
11.01.2024;BODYFITEKB.ru
11.01.2024;BODYSCULPTING.ru
11.01.2024;BOGDAN-AI.ru
11.01.2024;BOGDANSPACE.ru
11.01.2024;BOGDOHRV1.ru
11.01.2024;BOGTATIANA30.ru
11.01.2024;BOLOTINA.ru
11.01.2024;BOLOVIZIN.ru
11.01.2024;BOMBUSBABY.ru
11.01.2024;BONANZASWEETRU2.ru
11.01.2024;BONDARENKO-SPB.ru
11.01.2024;BONEBOUILLON.ru
11.01.2024;BONITABEAUTY.ru
11.01.2024;BONNIEKOSHA.ru
11.01.2024;BONSTORE.ru
11.01.2024;BONUS-CLIENTAM.ru
11.01.2024;BOOKINGANDRENT.ru
11.01.2024;BOOKMAKER-RATING.ru
11.01.2024;BOOMPERFUME.ru
11.01.2024;BOONCITY.ru
11.01.2024;BOOSTCASHNOW.ru
11.01.2024;BOOSTDEAL.ru
11.01.2024;BOOTSSHOP.ru
11.01.2024;BORDONT.ru
11.01.2024;BORINSKOE-LIB.ru
11.01.2024;BORISKINA.ru
11.01.2024;BORISOVAEN.ru
11.01.2024;BORISTATISHEV.ru
11.01.2024;BORODKINA.ru
11.01.2024;BORODULINA.ru
11.01.2024;BORTNIKOVA.ru
11.01.2024;BORZETTI.ru
11.01.2024;BORZOTTO.ru
11.01.2024;BOSCH-SERVICE66.ru
11.01.2024;BOSSPAGE.ru
11.01.2024;BOTALOV.ru
11.01.2024;BOTOVA.ru
11.01.2024;BOTPRIVAT.ru
11.01.2024;BOTVIBER.ru
11.01.2024;BOWART.ru
11.01.2024;BOX-CARGO.ru
11.01.2024;BOX-SYSTEMS.ru
11.01.2024;BOX82.ru
11.01.2024;BOXFOROTHER.ru
11.01.2024;BOXSWAP.ru
11.01.2024;BP-MASTER.ru
11.01.2024;BP-U.ru
11.01.2024;BPAHOMOV.ru
11.01.2024;BPMASTER.ru
11.01.2024;BRAER34.ru
11.01.2024;BRAIN-HUB.ru
11.01.2024;BRAND-MANIA.ru
11.01.2024;BRANDBALDEZH.ru
11.01.2024;BRANDSTRAT.ru
11.01.2024;BRANDVISUALSCHOOL.ru
11.01.2024;BRAWLHACK.ru
11.01.2024;BREAKE-NEWS.ru
11.01.2024;BREAKO.ru
11.01.2024;BREATHWORKS.ru
11.01.2024;BREEZ-HOTEL.ru
11.01.2024;BREEZART-AIR.ru
11.01.2024;BREMENSKIE-MMUZYKANTY.ru
11.01.2024;BRICK-7TUDIO.ru
11.01.2024;BRICKGURU.ru
11.01.2024;BRIGHT-SMILES-DENTISTRY.ru
11.01.2024;BRILLANTEYLO.ru
11.01.2024;BRILLX43.ru
11.01.2024;BRINGAUTO.ru
11.01.2024;BRIS-BOSFOR.ru
11.01.2024;BRISKETBBQ.ru
11.01.2024;BRITISH-ISLES.ru
11.01.2024;BROGAMER.ru
11.01.2024;BRONKA78.ru
11.01.2024;BROSKY.ru
11.01.2024;BS-COMMERC.ru
11.01.2024;BSKMSK.ru
11.01.2024;BSMM.ru
11.01.2024;BSMSLF7.ru
11.01.2024;BSPK-KD.ru
11.01.2024;BSZONE.ru
11.01.2024;BTDSPB.ru
11.01.2024;BTRAIN.ru
11.01.2024;BUBBLE-DIGITAL.ru
11.01.2024;BUBBLEDIGITAL.ru
11.01.2024;BUDDYAI.ru
11.01.2024;BUDKO-BYX.ru
11.01.2024;BUDUKUREROM.ru
11.01.2024;BUGFUN.ru
11.01.2024;BUHAUDITUSLUGI.ru
11.01.2024;BUHG-USLUGI.ru
11.01.2024;BUILD-SV.ru
11.01.2024;BUILDARCH.ru
11.01.2024;BUILDFOTO.ru
11.01.2024;BUILDGOODHOME.ru
11.01.2024;BUISNESS-BLOG.ru
11.01.2024;BUKETAMUR.ru
11.01.2024;BULGAR-STOM.ru
11.01.2024;BUONISSIMO.ru
11.01.2024;BUREYAOTEL.ru
11.01.2024;BURLESQUECABARET.ru
11.01.2024;BUSINESS-DIVING.ru
11.01.2024;BUSINESS-NETWORKING.ru
11.01.2024;BUSINESS-PRIZMA.ru
11.01.2024;BUSINESSPROACTIVE.ru
11.01.2024;BUSSINESPOCHTA.ru
11.01.2024;BUTENKOVLADYMYR.ru
11.01.2024;BUTEROK.ru
11.01.2024;BUTIFOLNEXTI.ru
11.01.2024;BUXQ.ru
11.01.2024;BUYAUTO.ru
11.01.2024;BUYFLATSOCHI.ru
11.01.2024;BUYROSARY.ru
11.01.2024;BUYSTEP.ru
11.01.2024;BVK-SERVICE.ru
11.01.2024;BYAKBYAK.ru
11.01.2024;BYTAY.ru
11.01.2024;BZ-DESIGN.ru
11.01.2024;C-RIM.ru
11.01.2024;CABELSFORALL.ru
11.01.2024;CABINET-MALCEVA.ru
11.01.2024;CAEPIC.ru
11.01.2024;CAFEDAISI.ru
11.01.2024;CAIGIEES.ru
11.01.2024;CAIMANGROUP.ru
11.01.2024;CAIQIEES.ru
11.01.2024;CALLHUNTER.ru
11.01.2024;CALLHUNTERS.ru
11.01.2024;CALLIBRIYA-KOSMETICS.ru
11.01.2024;CALLUNA.ru
11.01.2024;CALM-STUDIO.ru
11.01.2024;CAM13.ru
11.01.2024;CAMEA.ru
11.01.2024;CAMERAKUNSTA.ru
11.01.2024;CAMINUM.ru
11.01.2024;CAMISA.ru
11.01.2024;CANNONMAN.ru
11.01.2024;CANTINETTAANTINORIMSK.ru
11.01.2024;CAPITAL-PARKET.ru
11.01.2024;CAR001.ru
11.01.2024;CARAVANEXPRESS.ru
11.01.2024;CARD-DEBET.ru
11.01.2024;CARDIOEVENT.ru
11.01.2024;CARDIOMEDIC.ru
11.01.2024;CARDIOSAN.ru
11.01.2024;CARDOC24.ru
11.01.2024;CARFLAME.ru
11.01.2024;CARHOTPRICE.ru
11.01.2024;CARLEY.ru
11.01.2024;CARSEM.ru
11.01.2024;CARSTACK.ru
11.01.2024;CARSTU.ru
11.01.2024;CART-DEBET.ru
11.01.2024;CARTABLANKA.ru
11.01.2024;CARTEBLANSHE.ru
11.01.2024;CASA-FAIR.ru
11.01.2024;CASAMIGOSTEQUILA.ru
11.01.2024;CASANOVARU1.ru
11.01.2024;CASE-DEV.ru
11.01.2024;CASINO-X-366.ru
11.01.2024;CASINO-X-367.ru
11.01.2024;CASINO1-REG.ru
11.01.2024;CASINO2AZARTPLAY-367.ru
11.01.2024;CASINO2AZARTPLAY-368.ru
11.01.2024;CASINOCOLUMBUS-EARLY14.ru
11.01.2024;CASINOCOLUMBUS-EARLY15.ru
11.01.2024;CAT-CASINO-WIN777X77.ru
11.01.2024;CATHERINEPHOTO.ru
11.01.2024;CATINTHEBOX.ru
11.01.2024;CATSECURITY.ru
11.01.2024;CATSTONE.ru
11.01.2024;CAUCASIAN.ru
11.01.2024;CAZINOFRANK2PLAY8.ru
11.01.2024;CAZINOFRANK2PLAY9.ru
11.01.2024;CBER-ANKETA24.ru
11.01.2024;CBRF.ru
11.01.2024;CBUNKR.ru
11.01.2024;CDBUNKR.ru
11.01.2024;CDEK-BIZNESS.ru
11.01.2024;CDEK-FRANCH.ru
11.01.2024;CDEK-ORDER.ru
11.01.2024;CDN3-EXP.ru
11.01.2024;CDNBUNKR.ru
11.01.2024;CDTT-ORSK.ru
11.01.2024;CDWH.ru
11.01.2024;CEFIO.ru
11.01.2024;CEMEXPERT.ru
11.01.2024;CENOZOIC.ru
11.01.2024;CENTER-ONLINE.ru
11.01.2024;CENTERON.ru
11.01.2024;CENTR-COM.ru
11.01.2024;CENTR-GRACIA.ru
11.01.2024;CENTR-HORSS.ru
11.01.2024;CENTR-START.ru
11.01.2024;CENTR-TOOLS.ru
11.01.2024;CENTREBIGBEN.ru
11.01.2024;CENTRTOOLS.ru
11.01.2024;CENTRZAIM24.ru
11.01.2024;CENZA.ru
11.01.2024;CERTSALE.ru
11.01.2024;CHAGO.ru
11.01.2024;CHAINABIL.ru
11.01.2024;CHAIRAI.ru
11.01.2024;CHANGAN-CRIMEA.ru
11.01.2024;CHANGETRACKER.ru
11.01.2024;CHARLOHPJS.ru
11.01.2024;CHAYKOVSKIYCAFE.ru
11.01.2024;CHAYNAYASHAMBALA.ru
11.01.2024;CHEATS-PACK.ru
11.01.2024;CHEBABNVXT.ru
11.01.2024;CHEBURASHKAVYHODNOJ2024.ru
11.01.2024;CHECH1LL.ru
11.01.2024;CHECKLISTDETI.ru
11.01.2024;CHECKMELANOMA.ru
11.01.2024;CHEERLIDING56.ru
11.01.2024;CHEHZAMKI.ru
11.01.2024;CHEL-DIP.ru
11.01.2024;CHEMOODAN.ru
11.01.2024;CHEPCHIKA.ru
11.01.2024;CHEPUNS.ru
11.01.2024;CHERMETACTIV-S.ru
11.01.2024;CHERRY-NHK.ru
11.01.2024;CHESTMINE.ru
11.01.2024;CHEVSOCHAH.ru
11.01.2024;CHEZAKI.ru
11.01.2024;CHEZZPIZZA.ru
11.01.2024;CHICA-BONITA-SALON.ru
11.01.2024;CHIMCHISTKA.ru
11.01.2024;CHINABIL.ru
11.01.2024;CHINCHILLAHOUSE.ru
11.01.2024;CHIP-WORLD.ru
11.01.2024;CHIPNET.ru
11.01.2024;CHIPOVSKAYA.ru
11.01.2024;CHIPSERVIS.ru
11.01.2024;CHIPWORLD.ru
11.01.2024;CHIRKOVADESIGN.ru
11.01.2024;CHISTIYDVOR32.ru
11.01.2024;CHITAINOVOSTI.ru
11.01.2024;CHLORANVIF.ru
11.01.2024;CHOCO-3D.ru
11.01.2024;CHOCO3D.ru
11.01.2024;CHOWDHRY.ru
11.01.2024;CHOWMETQUG.ru
11.01.2024;CHROMAKEY72.ru
11.01.2024;CHSNEAKER.ru
11.01.2024;CHTOKAK.ru
11.01.2024;CHZGO.ru
11.01.2024;CINENOW.ru
11.01.2024;CINESYS.ru
11.01.2024;CISGL2.ru
11.01.2024;CITILAB44.ru
11.01.2024;CITYCONSTRUCTION.ru
11.01.2024;CITYGRAM.ru
11.01.2024;CITYSTATION.ru
11.01.2024;CKFUDES.ru
11.01.2024;CKIIRUZA.ru
11.01.2024;CKM67.ru
11.01.2024;CKUG.ru
11.01.2024;CLASSLTWUL.ru
11.01.2024;CLCKK.ru
11.01.2024;CLEAN-TOOL.ru
11.01.2024;CLEANEMPIRE.ru
11.01.2024;CLEANINGSPB24.ru
11.01.2024;CLEANSFER.ru
11.01.2024;CLEANTECO.ru
11.01.2024;CLEHO.ru
11.01.2024;CLEVER-COMPANY.ru
11.01.2024;CLEVER-KU.ru
11.01.2024;CLEVERCREATION.ru
11.01.2024;CLICKIFY.ru
11.01.2024;CLICTECHNIC.ru
11.01.2024;CLIENTS4SERVICES.ru
11.01.2024;CLIMAT-V-DOM.ru
11.01.2024;CLIMATECONCEPT.ru
11.01.2024;CLINIC-ELIXIR.ru
11.01.2024;CLOUDAUTO.ru
11.01.2024;CLOUDDS.ru
11.01.2024;CLUB-27.ru
11.01.2024;CLUB-CH.ru
11.01.2024;CLUB-LICEY.ru
11.01.2024;CLUB-MAKITA.ru
11.01.2024;CLUB-VIP.ru
11.01.2024;CLUCHSENDER.ru
11.01.2024;CLWM.ru
11.01.2024;CMB-ADV.ru
11.01.2024;CMR-OMS.ru
11.01.2024;CMS-SYSTEMS.ru
11.01.2024;CMSERVISE.ru
11.01.2024;CMSLEASE.ru
11.01.2024;CNC-CUT.ru
11.01.2024;CNCMETALART.ru
11.01.2024;CNSITE2.ru
11.01.2024;COACH-DISCONTS.ru
11.01.2024;COCTEL.ru
11.01.2024;CODD24.ru
11.01.2024;CODE-LAB.ru
11.01.2024;CODE360.ru
11.01.2024;CODEBOARD.ru
11.01.2024;CODENIA.ru
11.01.2024;CODEUNIVERSE.ru
11.01.2024;CODINGBURO.ru
11.01.2024;CODSHOP.ru
11.01.2024;COFFEE-ZONA.ru
11.01.2024;COFFEE4ALL.ru
11.01.2024;COFFEEGARDEN.ru
11.01.2024;COFFEMAG.ru
11.01.2024;COLOREGGS.ru
11.01.2024;COLORRUS.ru
11.01.2024;COLOURMEBEAUTIFUL.ru
11.01.2024;COMANDANT.ru
11.01.2024;COMBINAT-MEGION.ru
11.01.2024;COMEDY76.ru
11.01.2024;COMEIN-KAFE.ru
11.01.2024;COMETOMINE.ru
11.01.2024;COMINFOLS.ru
11.01.2024;COMMONDATA.ru
11.01.2024;COMPANIYVODICA.ru
11.01.2024;COMPANYTRADE.ru
11.01.2024;COMPLECTUEM.ru
11.01.2024;COMPLEXSERV.ru
11.01.2024;COMPOSITE-AUTOMATION.ru
11.01.2024;COMPOST-TURNER.ru
11.01.2024;COMPOSTTURNER.ru
11.01.2024;COMPOZIT-TRACKS.ru
11.01.2024;COMPOZITIV.ru
11.01.2024;CONCERTS-MOSCOW.ru
11.01.2024;CONCOMFDKC.ru
11.01.2024;CONDORBASE.ru
11.01.2024;CONF53.ru
11.01.2024;CONFERENCE-BIGDATA.ru
11.01.2024;CONNECT-MIR.ru
11.01.2024;CONNECTION-CENTRE.ru
11.01.2024;CONSTANTINE-ONE.ru
11.01.2024;CONSTANTINEONE.ru
11.01.2024;CONSUL-AGENCY.ru
11.01.2024;CONSULTINGFORFITNESS.ru
11.01.2024;COOKINGTIPS.ru
11.01.2024;COOPINFO.ru
11.01.2024;COPROF.ru
11.01.2024;COREECU.ru
11.01.2024;CORPUNIVER-SFERA.ru
11.01.2024;CORVUS22.ru
11.01.2024;COSMITY.ru
11.01.2024;COSMLUX.ru
11.01.2024;COSTKILLING.ru
11.01.2024;COSUSLUGI.ru
11.01.2024;COTTAGES-FOR-YOU.ru
11.01.2024;COUPONSWORLD.ru
11.01.2024;COURS-PYTHON.ru
11.01.2024;COVERKAIF.ru
11.01.2024;COZY-LOFT.ru
11.01.2024;COZYCOCOON.ru
11.01.2024;COZYLOFT.ru
11.01.2024;CPDFQO4.ru
11.01.2024;CPR-PERSPEKTIVA.ru
11.01.2024;CPSN-STAL.ru
11.01.2024;CRAFTSPOT.ru
11.01.2024;CRAFTUM-MAIL.ru
11.01.2024;CRAFTUM-TEST.ru
11.01.2024;CRASHGUITARPARTS.ru
11.01.2024;CRASHTIGHTS.ru
11.01.2024;CRAVER.ru
11.01.2024;CREAFED.ru
11.01.2024;CREATIVELAW.ru
11.01.2024;CREDISRORY.ru
11.01.2024;CREDISTIRY.ru
11.01.2024;CREDISTORI.ru
11.01.2024;CREDISTORU.ru
11.01.2024;CREDISTOTY.ru
11.01.2024;CREDIT-BURN.ru
11.01.2024;CREDITISTORI.ru
11.01.2024;CREDITSORY.ru
11.01.2024;CREDITSTORI.ru
11.01.2024;CREDITTRONIC.ru
11.01.2024;CRELATCA.ru
11.01.2024;CREOWEB5.ru
11.01.2024;CRETTS.ru
11.01.2024;CRIDISTORY.ru
11.01.2024;CROCUS-FLOWER-SPB.ru
11.01.2024;CRODO.ru
11.01.2024;CRTDU-MATROSOVA.ru
11.01.2024;CRUIZECAR.ru
11.01.2024;CRYOAPI.ru
11.01.2024;CRYPTO-PLANET.ru
11.01.2024;CRYPTO-STORE.ru
11.01.2024;CRYPTOALLIANCE.ru
11.01.2024;CRYPTOBIRZHA.ru
11.01.2024;CRYPTOBLOCKCHAIN.ru
11.01.2024;CRYPTOBOSS11.ru
11.01.2024;CRYPTOPOLIA.ru
11.01.2024;CRYPTOREALESTATE.ru
11.01.2024;CRYPTOSALES.ru
11.01.2024;CRYPTOTOWN.ru
11.01.2024;CRYSTAL-DEAL.ru
11.01.2024;CRYSTAL-FREELANCE.ru
11.01.2024;CRYSTAL-TANKI.ru
11.01.2024;CRYSTALIA.ru
11.01.2024;CS-KARAMBA-BY.ru
11.01.2024;CS2-DROPS.ru
11.01.2024;CSGOAD.ru
11.01.2024;CSGOMANUAL.ru
11.01.2024;CSGOMANUALS.ru
11.01.2024;CSGOMANUALZ.ru
11.01.2024;CSLBOT.ru
11.01.2024;CSMANUAL.ru
11.01.2024;CSMANUALC.ru
11.01.2024;CSMANUALS.ru
11.01.2024;CSMANUALZ.ru
11.01.2024;CSPORTALS.ru
11.01.2024;CSSV-BUTOVO.ru
11.01.2024;CSTRADEMBS.ru
11.01.2024;CSTRADEMSB.ru
11.01.2024;CTS48.ru
11.01.2024;CTTEAM.ru
11.01.2024;CULINARYGIFT.ru
11.01.2024;CUMBLASTER.ru
11.01.2024;CURTAINSTUDIO.ru
11.01.2024;CUSTOMWD.ru
11.01.2024;CUT-RF.ru
11.01.2024;CW-HEALTH.ru
11.01.2024;CXXY.ru
11.01.2024;CYBER-AVANGARD.ru
11.01.2024;CYBERAVANGARD.ru
11.01.2024;CYBERLINKA.ru
11.01.2024;CYBERYKT.ru
11.01.2024;CYBOPOBA.ru
11.01.2024;CYCLICMATH.ru
11.01.2024;CYCLORAMA.ru
11.01.2024;CYFRUS.ru
11.01.2024;CYPRUSSIAN.ru
11.01.2024;D4NSK.ru
11.01.2024;DA-CREDIT24.ru
11.01.2024;DA-DA-VODA.ru
11.01.2024;DA-DONSKOY.ru
11.01.2024;DA-OSAGO24.ru
11.01.2024;DA-SHEF.ru
11.01.2024;DACHNIKMSK.ru
11.01.2024;DAGEEVA.ru
11.01.2024;DAGMAR-PRINT.ru
11.01.2024;DAGRF.ru
11.01.2024;DAGSERVIS.ru
11.01.2024;DAGSPECSTROY.ru
11.01.2024;DAGSTAR.ru
11.01.2024;DAILY-HOT.ru
11.01.2024;DAILY-PRESS.ru
11.01.2024;DAILYGADGET.ru
11.01.2024;DALIUG.ru
11.01.2024;DALLASS.ru
11.01.2024;DALPOLIGRAFDV.ru
11.01.2024;DAMIANDAVID.ru
11.01.2024;DAMIROVGALLERY.ru
11.01.2024;DAMSKIISTYL.ru
11.01.2024;DANA-CLEAN.ru
11.01.2024;DANAG.ru
11.01.2024;DANALOADER.ru
11.01.2024;DANCEGRAD.ru
11.01.2024;DANICH-DESIGN.ru
11.01.2024;DANIEL-SHOP.ru
11.01.2024;DANIELSHOP.ru
11.01.2024;DANIILZ.ru
11.01.2024;DANKOVTSEV.ru
11.01.2024;DANNYDANSON.ru
11.01.2024;DARBANHI-SP.ru
11.01.2024;DARIGA-HOME.ru
11.01.2024;DARINA-NSK.ru
11.01.2024;DARUFA.ru
11.01.2024;DARVEKA.ru
11.01.2024;DARY-PODARKI.ru
11.01.2024;DAS-ENG.ru
11.01.2024;DAS8977.ru
11.01.2024;DASHAKARDASH.ru
11.01.2024;DASHKOV-1.ru
11.01.2024;DATAREADABLE.ru
11.01.2024;DATASERVE.ru
11.01.2024;DATAVOICE.ru
11.01.2024;DATE-CRMP.ru
11.01.2024;DATRASHKOW.ru
11.01.2024;DAVAVTO.ru
11.01.2024;DAYMINE.ru
11.01.2024;DAYNERIS.ru
11.01.2024;DAYZGROTESK.ru
11.01.2024;DC336.ru
11.01.2024;DDANILOVA.ru
11.01.2024;DDASHUTIN.ru
11.01.2024;DDSNEAKERS.ru
11.01.2024;DDWATCH.ru
11.01.2024;DE-BASSUS.ru
11.01.2024;DE-RUS.ru
11.01.2024;DEADYOUTH.ru
11.01.2024;DEAERATION.ru
11.01.2024;DEAL-GUID.ru
11.01.2024;DEALINDA.ru
11.01.2024;DEARME.ru
11.01.2024;DEBITUM.ru
11.01.2024;DECAYRON.ru
11.01.2024;DECOMILL.ru
11.01.2024;DECOPANELI.ru
11.01.2024;DECORADA.ru
11.01.2024;DED-MOROZY.ru
11.01.2024;DEDCUSTOM.ru
11.01.2024;DEDMOROZOVO.ru
11.01.2024;DEFENSION.ru
11.01.2024;DEL-FAST.ru
11.01.2024;DELALSASHA.ru
11.01.2024;DELIVERY-9468.ru
11.01.2024;DELIVERY-TRACK.ru
11.01.2024;DELIVERY222.ru
11.01.2024;DELIVERYATMOSCOW.ru
11.01.2024;DELIVERYINMOSCOW.ru
11.01.2024;DELIVERYONMOSCOW.ru
11.01.2024;DELIVERYPAKMOSCOW.ru
11.01.2024;DELIVERYPICMOSCOW.ru
11.01.2024;DELIVERYPIKMOSCOW.ru
11.01.2024;DELIVERYPONMOSCOW.ru
11.01.2024;DELIVERYTRACK.ru
11.01.2024;DELL-SERVICE-CENTER.ru
11.01.2024;DELLANN.ru
11.01.2024;DELLISAC.ru
11.01.2024;DELLITAS.ru
11.01.2024;DELLOCINEMATICS.ru
11.01.2024;DELMSG.ru
11.01.2024;DELONGHI-REM.ru
11.01.2024;DELOVNITI.ru
11.01.2024;DELTA-STROJ.ru
11.01.2024;DELUXE-GROUP.ru
11.01.2024;DELUXEDANCE.ru
11.01.2024;DEMMA.ru
11.01.2024;DENCLE.ru
11.01.2024;DENFASHION.ru
11.01.2024;DENHOMELAB.ru
11.01.2024;DENISCUBE.ru
11.01.2024;DENISKYZNECOV.ru
11.01.2024;DENISPORTFRONT.ru
11.01.2024;DENISSSMODELS.ru
11.01.2024;DENLAZN.ru
11.01.2024;DENMAT.ru
11.01.2024;DENTAL-LAND.ru
11.01.2024;DENTAL-NEFTEKUMSK.ru
11.01.2024;DENTAL-U.ru
11.01.2024;DENTAL-VIZIT.ru
11.01.2024;DENTALEXPERTNSK.ru
11.01.2024;DENTALLAND-SOCHI.ru
11.01.2024;DENTANAT24B.ru
11.01.2024;DEPUTAT-BONDARENKO.ru
11.01.2024;DEREVO-RODA.ru
11.01.2024;DERG63.ru
11.01.2024;DERGACHOV.ru
11.01.2024;DERKAT.ru
11.01.2024;DESALITTOEKB.ru
11.01.2024;DESERIASY.ru
11.01.2024;DESERTOLOGIA.ru
11.01.2024;DESERTOLOGIYA.ru
11.01.2024;DESH-LASH.ru
11.01.2024;DESIGN27.ru
11.01.2024;DESIGNER-GULNAZ-PRO.ru
11.01.2024;DESIGNER-WITH-SOUL.ru
11.01.2024;DESNOL-SOFT.ru
11.01.2024;DESSERTLOGY.ru
11.01.2024;DESSERTOLOGIA.ru
11.01.2024;DESSERTOLOGIYA.ru
11.01.2024;DESTCUBE.ru
11.01.2024;DET-SAD42.ru
11.01.2024;DETPLUS.ru
11.01.2024;DETSKIEPARTY.ru
11.01.2024;DETSKIEPRAZDNIKIPERM.ru
11.01.2024;DETSKIYSAD34.ru
11.01.2024;DETY-TYMOVSK.ru
11.01.2024;DEVEXPRESS.ru
11.01.2024;DEVFORGE.ru
11.01.2024;DEVIKLAB.ru
11.01.2024;DEVITEK.ru
11.01.2024;DEVKIADAL.ru
11.01.2024;DEVNIK.ru
11.01.2024;DEVSYSTEM7.ru
11.01.2024;DEZEX.ru
11.01.2024;DF-AM.ru
11.01.2024;DFEL.ru
11.01.2024;DFRU.ru
11.01.2024;DFWIQHFUEWHFU.ru
11.01.2024;DGORIACHEV.ru
11.01.2024;DGRAD-HOST.ru
11.01.2024;DGTLSTATION.ru
11.01.2024;DIABETIC-ASSISTANT.ru
11.01.2024;DIALEXT.ru
11.01.2024;DIAMANT-UFA.ru
11.01.2024;DIAMOND-NAILSCHOOL.ru
11.01.2024;DIAMONDPRINTS.ru
11.01.2024;DIANAMIINGAZOVA.ru
11.01.2024;DIANAWOLAN.ru
11.01.2024;DIAPAZON-URIST.ru
11.01.2024;DIAPROCESS.ru
11.01.2024;DIBIZHEVA.ru
11.01.2024;DIG-GOODS.ru
11.01.2024;DIGI-STUDIO.ru
11.01.2024;DIGITAL-P.ru
11.01.2024;DIGITAL-STARS.ru
11.01.2024;DIGITALBASIS.ru
11.01.2024;DIGITALGROW.ru
11.01.2024;DIGITALMARKETINGCON.ru
11.01.2024;DIGITALTECHIT.ru
11.01.2024;DIGITED.ru
11.01.2024;DILIGENCE43.ru
11.01.2024;DILUKU.ru
11.01.2024;DIMAGIOSSER.ru
11.01.2024;DIMANZA.ru
11.01.2024;DINASTIA-VRACH.ru
11.01.2024;DINING-GUIDE.ru
11.01.2024;DININGGUIDE.ru
11.01.2024;DIOGENREPRO.ru
11.01.2024;DIP-RF.ru
11.01.2024;DIPCHIP.ru
11.01.2024;DIPIKI.ru
11.01.2024;DIPL-SPB.ru
11.01.2024;DIPLOM-IZHEVSK.ru
11.01.2024;DIPLOM-MAGAZIN.ru
11.01.2024;DIPLOMN-BRYANSK32.ru
11.01.2024;DIPLOMNAYA2.ru
11.01.2024;DIRECT20.ru
11.01.2024;DIREKT-A.ru
11.01.2024;DIREKT-KONTEKST.ru
11.01.2024;DIRFILES.ru
11.01.2024;DIRPODBOR.ru
11.01.2024;DIRSALON.ru
11.01.2024;DIRSERVIS.ru
11.01.2024;DISBIZ.ru
11.01.2024;DISCOUNTBONUS.ru
11.01.2024;DIST-MUP.ru
11.01.2024;DISTORTREALITY.ru
11.01.2024;DIV-ART.ru
11.01.2024;DIYNAMIC.ru
11.01.2024;DIZFACADE.ru
11.01.2024;DJPLOMD-V-SAMARE.ru
11.01.2024;DK-PRODUCTION.ru
11.01.2024;DK-WB.ru
11.01.2024;DKDALNEE.ru
11.01.2024;DLYA-BANI.ru
11.01.2024;DMETEOR.ru
11.01.2024;DMITROVSKOE169.ru
11.01.2024;DNBBLOCK.ru
11.01.2024;DNENIK.ru
11.01.2024;DNEPROVSKY-VL.ru
11.01.2024;DNSERVICES.ru
11.01.2024;DNVNIK.ru
11.01.2024;DNWVNIK.ru
11.01.2024;DO-IRON.ru
11.01.2024;DOBRO-PACK.ru
11.01.2024;DOBRO-VET.ru
11.01.2024;DOBROBLOK.ru
11.01.2024;DOBRODVOR.ru
11.01.2024;DOBROKRAFT.ru
11.01.2024;DOBROLES.ru
11.01.2024;DOBROMIRU.ru
11.01.2024;DOBROSNAB.ru
11.01.2024;DOBRYNIN-DIAMONDS.ru
11.01.2024;DOC-TEL.ru
11.01.2024;DOC54548543.ru
11.01.2024;DOCAUTO142.ru
11.01.2024;DOCDENTIST.ru
11.01.2024;DOCTOR-KOPANEV.ru
11.01.2024;DOCTORANAITGOMEOPAT.ru
11.01.2024;DOCTORGLOTOV.ru
11.01.2024;DOCTORHAVA.ru
11.01.2024;DOCTORID.ru
11.01.2024;DOCTORTECHNO.ru
11.01.2024;DOCTORZAYTSEVA.ru
11.01.2024;DOGEMPIRE.ru
11.01.2024;DOGIDOGIS.ru
11.01.2024;DOGOVORRF.ru
11.01.2024;DOHODYNASAITAH.ru
11.01.2024;DOIXS.ru
11.01.2024;DOKATRADE.ru
11.01.2024;DOKKI.ru
11.01.2024;DOKROBOT.ru
11.01.2024;DOKTORA-FARUHA-AZIZOVICHA-MED.ru
11.01.2024;DOLGINO.ru
11.01.2024;DOLGOV-FIZ-NET.ru
11.01.2024;DOLINTSEV.ru
11.01.2024;DOLYMI.ru
11.01.2024;DOM-HOSTING.ru
11.01.2024;DOM-IZBRYSA.ru
11.01.2024;DOM-KO.ru
11.01.2024;DOM-MECHTA-DOM.ru
11.01.2024;DOMAINVRN.ru
11.01.2024;DOMARIALLEN.ru
11.01.2024;DOMASHN-MASKI.ru
11.01.2024;DOMASTROY-CHELYABINSK.ru
11.01.2024;DOMBUKETOV.ru
11.01.2024;DOMDISK.ru
11.01.2024;DOMIHOBBY.ru
11.01.2024;DOMIKDOMA.ru
11.01.2024;DOMIKIYKTTEST.ru
11.01.2024;DOMINFO42.ru
11.01.2024;DOMKUX.ru
11.01.2024;DOMMOSREG.ru
11.01.2024;DOMODEDOVO-KLINIKA.ru
11.01.2024;DOMOFON-SIBIR.ru
11.01.2024;DOMOSTROY-74.ru
11.01.2024;DOMSADCLUB.ru
11.01.2024;DOMSKAZOK-TULA.ru
11.01.2024;DOMSTROY-SHOP.ru
11.01.2024;DOMUSWEB.ru
11.01.2024;DOMZAVOLGOI.ru
11.01.2024;DON-DENTAL.ru
11.01.2024;DON-SPHINX.ru
11.01.2024;DONATIVE.ru
11.01.2024;DONCOOK.ru
11.01.2024;DONCOUPON.ru
11.01.2024;DONPACK.ru
11.01.2024;DOOPRO.ru
11.01.2024;DOORHAN-MSC.ru
11.01.2024;DOP-PROFI.ru
11.01.2024;DOPAMINEAGENCY.ru
11.01.2024;DOPOTOLKA.ru
11.01.2024;DORAMATHERAPY.ru
11.01.2024;DORHAN-GOLITSYNO.ru
11.01.2024;DOROGA55.ru
11.01.2024;DOROGUDETYAM.ru
11.01.2024;DOROZHKA2022.ru
11.01.2024;DOSPIZZA.ru
11.01.2024;DOSTAEDSKIY.ru
11.01.2024;DOSTAVKA-7128.ru
11.01.2024;DOSTAVKAALKO7.ru
11.01.2024;DOSTAVKAVOD.ru
11.01.2024;DOSUG-LUBERTSY.ru
11.01.2024;DOSUGMARKET.ru
11.01.2024;DOTPAY.ru
11.01.2024;DOUBLYAIGD.ru
11.01.2024;DOVRANGA.ru
11.01.2024;DOZA-HARDCORE.ru
11.01.2024;DPANTSYREV.ru
11.01.2024;DPL-PERM.ru
11.01.2024;DPOGOVORIM.ru
11.01.2024;DR-KARLOVA.ru
11.01.2024;DR-KOCHIEVA.ru
11.01.2024;DRAGLAB.ru
11.01.2024;DRAGONSNEST.ru
11.01.2024;DRAM-TICKET.ru
11.01.2024;DRAMASTHEATRE.ru
11.01.2024;DRAMS-AFISHA.ru
11.01.2024;DRAMSAFISHA.ru
11.01.2024;DRAWIO.ru
11.01.2024;DRDENTAL.ru
11.01.2024;DRDOG.ru
11.01.2024;DREAMSQUAD.ru
11.01.2024;DRESSWOMEN.ru
11.01.2024;DREVPLIT66.ru
11.01.2024;DREVPLIT96.ru
11.01.2024;DRIPCASINO-SCAN.ru
11.01.2024;DRIVE-TRANS.ru
11.01.2024;DRJULIACOS.ru
11.01.2024;DRNOSENKO.ru
11.01.2024;DROBILKU.ru
11.01.2024;DROID-MARKET.ru
11.01.2024;DROIDMOD.ru
11.01.2024;DROPCHAT.ru
11.01.2024;DROVA-YAR.ru
11.01.2024;DROY.ru
11.01.2024;DRSEBAGH-RUSSIA.ru
11.01.2024;DRTEYUBOV.ru
11.01.2024;DRUBAKOV.ru
11.01.2024;DRUZILLA.ru
11.01.2024;DRWASHLABS.ru
11.01.2024;DS-MP.ru
11.01.2024;DS1-ELHOTOVO.ru
11.01.2024;DSGNSIMULATOR.ru
11.01.2024;DSHI-BUG.ru
11.01.2024;DSN72.ru
11.01.2024;DSPS.ru
11.01.2024;DSTARWEBINAR.ru
11.01.2024;DT-78.ru
11.01.2024;DU-ZVEZDNAYA.ru
11.01.2024;DUBAISTORE.ru
11.01.2024;DUBRAVA-TULA.ru
11.01.2024;DUCHSTART.ru
11.01.2024;DUDAROVA.ru
11.01.2024;DUDINM.ru
11.01.2024;DUGIN-MAIL.ru
11.01.2024;DUHINN.ru
11.01.2024;DUKONC.ru
11.01.2024;DULUTHSALE.ru
11.01.2024;DUMPTRANSFER.ru
11.01.2024;DUWAY.ru
11.01.2024;DVAKOMPA.ru
11.01.2024;DVAOKUNYA.ru
11.01.2024;DVBETON500.ru
11.01.2024;DVBSAT.ru
11.01.2024;DVEPALATKI.ru
11.01.2024;DVERI-I-VANNY.ru
11.01.2024;DVERI-TD.ru
11.01.2024;DVERI-ZAVESY.ru
11.01.2024;DVERIBIZ.ru
11.01.2024;DVERIKSK.ru
11.01.2024;DVERIVBRAVO.ru
11.01.2024;DVERNOF.ru
11.01.2024;DVIKA.ru
11.01.2024;DVN-MSK.ru
11.01.2024;DVORKOVICH.ru
11.01.2024;DYAKIN-DYAKIN.ru
11.01.2024;DYBOVADESIGN.ru
11.01.2024;DYSONFIX.ru
11.01.2024;DZENTORIA.ru
11.01.2024;DZHANGL-KOFE-S-TOBOJ.ru
11.01.2024;DZMR.ru
11.01.2024;DZUBRILOV.ru
11.01.2024;E-FEE.ru
11.01.2024;E-TEA.ru
11.01.2024;E1V4PCK.ru
11.01.2024;EABAGENCY.ru
11.01.2024;EADOC.ru
11.01.2024;EAGLEX.ru
11.01.2024;EARLYBIRD.ru
11.01.2024;EARTHGRAVITYDAY.ru
11.01.2024;EASMF.ru
11.01.2024;EASONOVA.ru
11.01.2024;EAST-BOOK.ru
11.01.2024;EASTDANCE.ru
11.01.2024;EASY-BABY.ru
11.01.2024;EASY-STEP.ru
11.01.2024;EASY24.ru
11.01.2024;EASYCLUBUFA.ru
11.01.2024;EASYDEVTOOLS.ru
11.01.2024;EASYPEACYMAIL.ru
11.01.2024;EASYPHARMACY.ru
11.01.2024;EASYSHARP.ru
11.01.2024;EATEST.ru
11.01.2024;EBIRJUKOVA.ru
11.01.2024;EBRO-SUPPORT.ru
11.01.2024;EBS-SPB.ru
11.01.2024;EC-ONLINE.ru
11.01.2024;ECCO-WOOD.ru
11.01.2024;ECHO-SERIAL.ru
11.01.2024;ECO-BAIKALOCHKA.ru
11.01.2024;ECO-FRIENDLYCAR.ru
11.01.2024;ECOBLESK.ru
11.01.2024;ECOCOACH.ru
11.01.2024;ECODUCK.ru
11.01.2024;ECOKLIN.ru
11.01.2024;ECOMARKETGREENWAYUNATALII.ru
11.01.2024;ECOMELISSA.ru
11.01.2024;ECONOMKUHNI.ru
11.01.2024;ECOSTAM.ru
11.01.2024;ECOVATA-UFA.ru
11.01.2024;ECOWILL.ru
11.01.2024;ECPB-UFA.ru
11.01.2024;ECSPO-NK.ru
11.01.2024;ECUCORE.ru
11.01.2024;ECUHUB.ru
11.01.2024;EDALIMONAD.ru
11.01.2024;EDAYARABOTA.ru
11.01.2024;EDCV.ru
11.01.2024;EDEMCOSMETICS.ru
11.01.2024;EDGESEC.ru
11.01.2024;EDGESECURITY.ru
11.01.2024;EDGILE.ru
11.01.2024;EDKURS.ru
11.01.2024;EDU-LIDER.ru
11.01.2024;EEP-EXPERT.ru
11.01.2024;EEZYPIZZA.ru
11.01.2024;EFGIS.ru
11.01.2024;EFGISUOIT.ru
11.01.2024;EFINAN.ru
11.01.2024;EGOIST26.ru
11.01.2024;EGORISAKOV.ru
11.01.2024;EGPAY.ru
11.01.2024;EHPOKSIDNAYASMOLA.ru
11.01.2024;EHRULEVA.ru
11.01.2024;EIFFELINFRA.ru
11.01.2024;EIGHTUNITS.ru
11.01.2024;EIKELMANPAVEL.ru
11.01.2024;EIKENCLUB.ru
11.01.2024;EIVAZ.ru
11.01.2024;EKAGRAD.ru
11.01.2024;EKAROL.ru
11.01.2024;EKC96.ru
11.01.2024;EKIBAI.ru
11.01.2024;EKIPAG161.ru
11.01.2024;EKOIDRT.ru
11.01.2024;EKOPITANIERU.ru
11.01.2024;EKOPROD-ASTRAKHAN.ru
11.01.2024;EKOPROM34.ru
11.01.2024;EKOTREE.ru
11.01.2024;EKOVILF.ru
11.01.2024;EKSRG3RT.ru
11.01.2024;EKT-GEELY.ru
11.01.2024;EL-JNRSPV.ru
11.01.2024;ELABUGA-REKLAMA.ru
11.01.2024;ELAKISHIK.ru
11.01.2024;ELC-KIBER.ru
11.01.2024;ELECTROBED.ru
11.01.2024;ELECTROCABEL24.ru
11.01.2024;ELECTROTYPEMASTER.ru
11.01.2024;ELEKTRICHKING.ru
11.01.2024;ELEKTRIKNSK.ru
11.01.2024;ELEKTROIRK.ru
11.01.2024;ELEKTROLABORANT.ru
11.01.2024;ELEKTROSTROY23.ru
11.01.2024;ELEMENT-NOV.ru
11.01.2024;ELEMENTPROM.ru
11.01.2024;ELEMER-KUBAN.ru
11.01.2024;ELENAKUDRINA.ru
11.01.2024;ELEPART.ru
11.01.2024;ELEPHANT-COMPANY.ru
11.01.2024;ELERDA.ru
11.01.2024;ELF4MM.ru
11.01.2024;ELFACTURA.ru
11.01.2024;ELIFECREATOR.ru
11.01.2024;ELINA-KASHAPOVA.ru
11.01.2024;ELINAKASHAPOVA.ru
11.01.2024;ELIT-SALON-IUS.ru
11.01.2024;ELITEONE.ru
11.01.2024;ELKA-NSK.ru
11.01.2024;ELKI-CITY.ru
11.01.2024;ELKI10K.ru
11.01.2024;ELLE-BRAIDER.ru
11.01.2024;ELLEVASHO.ru
11.01.2024;ELSID-DESING.ru
11.01.2024;ELTUBE.ru
11.01.2024;ELYSIUMRP.ru
11.01.2024;EMAIL-SPAMMER.ru
11.01.2024;EMASS-OPT.ru
11.01.2024;EMCONSULTING.ru
11.01.2024;EMIKHDESIGN.ru
11.01.2024;EMIRATESLA.ru
11.01.2024;EMORION.ru
11.01.2024;EMVA-FOOD.ru
11.01.2024;EN-SP.ru
11.01.2024;ENC-D10.ru
11.01.2024;ENELIAGAME.ru
11.01.2024;ENERGOSNAB-ENG.ru
11.01.2024;ENERGY4A.ru
11.01.2024;ENGINEERGA.ru
11.01.2024;ENKARE.ru
11.01.2024;ENOLOG.ru
11.01.2024;ENOUGH-PW.ru
11.01.2024;ENOVA-GROUP.ru
11.01.2024;ENSV.ru
11.01.2024;ENTER24.ru
11.01.2024;ENVATOELEMENT.ru
11.01.2024;EOSAGOPRO.ru
11.01.2024;EPHOREZ.ru
11.01.2024;EPILIFE.ru
11.01.2024;EPVN.ru
11.01.2024;EQUILIBRIUMBUH.ru
11.01.2024;EQUINOXPLAZA.ru
11.01.2024;EQUIPICA.ru
11.01.2024;ERAIPQUORUM.ru
11.01.2024;ERCS-AUTO.ru
11.01.2024;ERO-CENA.ru
11.01.2024;ERO-CSENA.ru
11.01.2024;ERO-ENA.ru
11.01.2024;ERO-SENA.ru
11.01.2024;ERO-SVENA.ru
11.01.2024;EROFEST.ru
11.01.2024;EROSKENI.ru
11.01.2024;ESAYMAIL.ru
11.01.2024;ESERVISE.ru
11.01.2024;ESH3.ru
11.01.2024;ESHEHOVTSOVA.ru
11.01.2024;ESINAI.ru
11.01.2024;ESMBAT.ru
11.01.2024;ESMOLNIKOVA.ru
11.01.2024;ESPACE-DE-BEAUTE-CENTR.ru
11.01.2024;ESPODOM.ru
11.01.2024;ESSENSVIP62.ru
11.01.2024;ESSENWORLD.ru
11.01.2024;ESTKINO.ru
11.01.2024;ESWOOD.ru
11.01.2024;ETA-UFA.ru
11.01.2024;ETAXI75.ru
11.01.2024;ETEHNOPARK.ru
11.01.2024;ETERMARK.ru
11.01.2024;ETH52.ru
11.01.2024;ETS28.ru
11.01.2024;ETSNK.ru
11.01.2024;ETURISM.ru
11.01.2024;ETVL.ru
11.01.2024;EUFHEUFHEUFHEUFH.ru
11.01.2024;EUROKUHNI-TULA.ru
11.01.2024;EUROLOS-SEP.ru
11.01.2024;EUROPOL-MSK.ru
11.01.2024;EVA-KIDS.ru
11.01.2024;EVAKUATOR-DOMODEDOVO24.ru
11.01.2024;EVAKUATORTOP.ru
11.01.2024;EVEBLOOM.ru
11.01.2024;EVENT-SIGMA-OMODA.ru
11.01.2024;EVERIFY.ru
11.01.2024;EVGENIACOACH.ru
11.01.2024;EVIKOF.ru
11.01.2024;EVIKOFF.ru
11.01.2024;EVO-IP.ru
11.01.2024;EVOARTE.ru
11.01.2024;EVOCARR.ru
11.01.2024;EVODECOR.ru
11.01.2024;EVOTRADE.ru
11.01.2024;EVOYA.ru
11.01.2024;EVRODOM-GROUP.ru
11.01.2024;EVROFOTO.ru
11.01.2024;EVROOKNA-PTZ.ru
11.01.2024;EWCPR.ru
11.01.2024;EXCLUSIVEFM.ru
11.01.2024;EXCURSION-TOUR.ru
11.01.2024;EXE-BAT.ru
11.01.2024;EXEBAT.ru
11.01.2024;EXECUTIVE-RP.ru
11.01.2024;EXOMASSAGE-KHV.ru
11.01.2024;EXPCC.ru
11.01.2024;EXPECTPQGF.ru
11.01.2024;EXPERT-BTL.ru
11.01.2024;EXPERT-WEST.ru
11.01.2024;EXPERT01NSK.ru
11.01.2024;EXPERTSPOKER.ru
11.01.2024;EXPERTVOYAGE.ru
11.01.2024;EXPOGAME.ru
11.01.2024;EXPORTLOG.ru
11.01.2024;EXPOTOP.ru
11.01.2024;EXPRESS-KAMCHATKA1.ru
11.01.2024;EXPRESSDIZ-PERM.ru
11.01.2024;EXTRA-LED.ru
11.01.2024;EXTRA-T.ru
11.01.2024;EYESCHARM.ru
11.01.2024;EZOEZO.ru
11.01.2024;EZOSCHOOL1.ru
11.01.2024;F-FISHER.ru
11.01.2024;F0M.ru
11.01.2024;F5G.ru
11.01.2024;FABERLICEKATERINASLABINSKAYA.ru
11.01.2024;FABRICSTOCKITALY.ru
11.01.2024;FABRIKAGROUP.ru
11.01.2024;FABULANN.ru
11.01.2024;FABZ.ru
11.01.2024;FACECREATION.ru
11.01.2024;FADEEV-KRASNODAR.ru
11.01.2024;FAIBEX.ru
11.01.2024;FAIR-CASA.ru
11.01.2024;FAIR-KINO.ru
11.01.2024;FAIR-STANDUP.ru
11.01.2024;FAIR-THEATRE.ru
11.01.2024;FAKELSPORT.ru
11.01.2024;FAKTYRA-PRO.ru
11.01.2024;FAMILY-FAMILY.ru
11.01.2024;FANDOMATI.ru
11.01.2024;FANERA-STROI.ru
11.01.2024;FANXIANG.ru
11.01.2024;FARBA-TRADE.ru
11.01.2024;FARTUK76.ru
11.01.2024;FARUSGROUP.ru
11.01.2024;FASADNY-DECOR-SAMARA.ru
11.01.2024;FASIKOV.ru
11.01.2024;FASON-ATELIER.ru
11.01.2024;FAST-WAY.ru
11.01.2024;FASTEAO.ru
11.01.2024;FASTEDUCAT.ru
11.01.2024;FASTTLI.ru
11.01.2024;FATLIFE.ru
11.01.2024;FATTY-SUSHI.ru
11.01.2024;FAUNAVET52.ru
11.01.2024;FAVORITAUTO71.ru
11.01.2024;FAVORITOREN.ru
11.01.2024;FAZANOVA.ru
11.01.2024;FAZIN.ru
11.01.2024;FBMCRM.ru
11.01.2024;FCIRKUTSK-HAVAL.ru
11.01.2024;FCWALLET.ru
11.01.2024;FDNY.ru
11.01.2024;FEARNEST.ru
11.01.2024;FEAT-PLATFORM-BIG3.ru
11.01.2024;FECE.ru
11.01.2024;FEDCHISHEN.ru
11.01.2024;FEDOROVAPMSP.ru
11.01.2024;FEDOROVSTAGE.ru
11.01.2024;FEDOSOV-TOP.ru
11.01.2024;FEELSKILL.ru
11.01.2024;FEELYOURSELF.ru
11.01.2024;FEETSPACE-FORUM.ru
11.01.2024;FEHE.ru
11.01.2024;FENIKS-PENZA.ru
11.01.2024;FENIX-TRANS.ru
11.01.2024;FENIXINVEST.ru
11.01.2024;FERPO.ru
11.01.2024;FERRON-MET.ru
11.01.2024;FERTILIZING.ru
11.01.2024;FERTY-GAME.ru
11.01.2024;FESEDIAS.ru
11.01.2024;FEUEIFHEIFHEIFEIH.ru
11.01.2024;FFOREST.ru
11.01.2024;FGEDU.ru
11.01.2024;FGPMSU.ru
11.01.2024;FIBROTECH.ru
11.01.2024;FIBROTEX.ru
11.01.2024;FIBROVYE-PALOCHKI.ru
11.01.2024;FIELDSHEER.ru
11.01.2024;FIFKA.ru
11.01.2024;FIGURINA-1.ru
11.01.2024;FIL-TRAILER.ru
11.01.2024;FILESHARE1.ru
11.01.2024;FILLGERAPPLE.ru
11.01.2024;FILMY-2024.ru
11.01.2024;FIMFASHION.ru
11.01.2024;FIN-AUTO.ru
11.01.2024;FINANCE-CITY.ru
11.01.2024;FINANCIAL-ADVICE.ru
11.01.2024;FINANSY-TUT.ru
11.01.2024;FINARGO.ru
11.01.2024;FINBAZAR.ru
11.01.2024;FINDAPLACE.ru
11.01.2024;FINELAMPS.ru
11.01.2024;FINLAVA.ru
11.01.2024;FINMATRIX.ru
11.01.2024;FINOFFERS.ru
11.01.2024;FINTEN.ru
11.01.2024;FINWATCH.ru
11.01.2024;FIREMIND.ru
11.01.2024;FIRETECH.ru
11.01.2024;FIRMAFARM.ru
11.01.2024;FIRMREGISTRATOR.ru
11.01.2024;FISH-KAM41.ru
11.01.2024;FISHCRIM.ru
11.01.2024;FIT-SMART.ru
11.01.2024;FITNESFAN.ru
11.01.2024;FITNESS-FOR-YOU.ru
11.01.2024;FITNESSSHOP.ru
11.01.2024;FITO-TAMPONY.ru
11.01.2024;FITSTRETCHING.ru
11.01.2024;FIVEADS.ru
11.01.2024;FIVELINE.ru
11.01.2024;FIVEXPERT.ru
11.01.2024;FIXICAR.ru
11.01.2024;FKVALET.ru
11.01.2024;FKVALLET.ru
11.01.2024;FKWALET.ru
11.01.2024;FKWALLER.ru
11.01.2024;FLAGGEROU.ru
11.01.2024;FLAGLINE.ru
11.01.2024;FLAGMA.ru
11.01.2024;FLAMENCIA.ru
11.01.2024;FLAMENGO-RUS.ru
11.01.2024;FLARROW.ru
11.01.2024;FLASHBACK-BOOK.ru
11.01.2024;FLAT-65-VARNA.ru
11.01.2024;FLAT-VARNA-65.ru
11.01.2024;FLAT-VARNA65.ru
11.01.2024;FLATART82.ru
11.01.2024;FLAVIOR.ru
11.01.2024;FLEKSER-IMPORT.ru
11.01.2024;FLIBBERTAK.ru
11.01.2024;FLIPPINGPLUS.ru
11.01.2024;FLIRT-BAR.ru
11.01.2024;FLOMUSH.ru
11.01.2024;FLOOR-KRONOTEX.ru
11.01.2024;FLOOR-TOOLS.ru
11.01.2024;FLORA-VRN.ru
11.01.2024;FLORANZH.ru
11.01.2024;FLORENTA54.ru
11.01.2024;FLOVERDELUX.ru
11.01.2024;FLOW26.ru
11.01.2024;FLOWERS-54.ru
11.01.2024;FMOROZOV.ru
11.01.2024;FMS-UDM.ru
11.01.2024;FOKUS-PHOTO.ru
11.01.2024;FOLLOWMETO.ru
11.01.2024;FOND17MSX.ru
11.01.2024;FONDENERGY.ru
11.01.2024;FONEBET.ru
11.01.2024;FONTAN34.ru
11.01.2024;FONTANNKA.ru
11.01.2024;FOOD-FIT.ru
11.01.2024;FOOD-WAY.ru
11.01.2024;FOODFACTOR.ru
11.01.2024;FOODLY24.ru
11.01.2024;FOODSTORET.ru
11.01.2024;FOOSKLAD.ru
11.01.2024;FOOTBALL-CORNER-365.ru
11.01.2024;FOOTBALL-PLANET-365.ru
11.01.2024;FOOTSPAMASSAGERS.ru
11.01.2024;FORBLOND.ru
11.01.2024;FORD52.ru
11.01.2024;FORDFOCUSSHOP.ru
11.01.2024;FORDKOLOMNA.ru
11.01.2024;FORFRESH.ru
11.01.2024;FORMATIVETHURSDAY.ru
11.01.2024;FORMENS.ru
11.01.2024;FORMULA-MENU.ru
11.01.2024;FORMULA-TESTA.ru
11.01.2024;FOROSKLAD.ru
11.01.2024;FORPOST-SEVER.ru
11.01.2024;FORSAGE-PLUS68.ru
11.01.2024;FORSASTUDIO.ru
11.01.2024;FORTIS-EKB.ru
11.01.2024;FORTIS-KAZAN.ru
11.01.2024;FORU-TEMPLATE.ru
11.01.2024;FOSMAN.ru
11.01.2024;FOSTYA.ru
11.01.2024;FOTO-OBOY-ARTS.ru
11.01.2024;FOTOALIM.ru
11.01.2024;FOTOKUKHNIA.ru
11.01.2024;FOTTOCHKA.ru
11.01.2024;FR-MPENGLISH.ru
11.01.2024;FRAGANTICA.ru
11.01.2024;FRAGRANTIC.ru
11.01.2024;FRANCHWARELINK.ru
11.01.2024;FRANKELMOTORS.ru
11.01.2024;FRANKOVSK-16.ru
11.01.2024;FRANSYS.ru
11.01.2024;FRASERS.ru
11.01.2024;FREE111.ru
11.01.2024;FREECRM.ru
11.01.2024;FREEDATE.ru
11.01.2024;FREEMP3S.ru
11.01.2024;FREEPORTAL53.ru
11.01.2024;FREEROAMING.ru
11.01.2024;FREGATSTUDIO.ru
11.01.2024;FRENCHTARO.ru
11.01.2024;FRENCHTAROT.ru
11.01.2024;FRESH-CAS-ATR4.ru
11.01.2024;FRESH-CAS-ATR5.ru
11.01.2024;FRESH-CASINO-CHASHKA1.ru
11.01.2024;FRESH-KASINO-RF10.ru
11.01.2024;FRESH-KASINO-RF11.ru
11.01.2024;FRESHCASINO-B10.ru
11.01.2024;FRESHCASINO-B11.ru
11.01.2024;FRESHCASINO-CHOICE10.ru
11.01.2024;FRESHCASINO-CHOICE9.ru
11.01.2024;FRESHCASINO-LATINO2.ru
11.01.2024;FRESHCASINO-LATINO3.ru
11.01.2024;FRESHCASINO-OFTEN14.ru
11.01.2024;FRESHCASINO-OFTEN15.ru
11.01.2024;FRESHCASINO-ON-NET12.ru
11.01.2024;FRESHCASINO-ON-NET13.ru
11.01.2024;FRESHCASINO-ON-NET14.ru
11.01.2024;FRESHCASINO-ON-NET15.ru
11.01.2024;FRESHCASINO-RALLI10.ru
11.01.2024;FRESHCASINO-RALLI11.ru
11.01.2024;FRESHJOURNALS.ru
11.01.2024;FRESHKASINO-PROF10.ru
11.01.2024;FRESHKASINO-PROF11.ru
11.01.2024;FRESHPB.ru
11.01.2024;FREZULTAT.ru
11.01.2024;FRIDAVO.ru
11.01.2024;FROLNEWS.ru
11.01.2024;FRONTHASBI.ru
11.01.2024;FRT-JNRSPV.ru
11.01.2024;FRXLXVZ.ru
11.01.2024;FSARMIENTO.ru
11.01.2024;FSC-SPASSK-DAL.ru
11.01.2024;FULL-MASTER.ru
11.01.2024;FULLPLEX.ru
11.01.2024;FUNDREZEPTSPORT.ru
11.01.2024;FUNGIIZOXR.ru
11.01.2024;FUNREALTOMSK.ru
11.01.2024;FUNRP.ru
11.01.2024;FURITEN.ru
11.01.2024;FURNITURA-FEODAL.ru
11.01.2024;FUROS.ru
11.01.2024;FUSIONCODE.ru
11.01.2024;FUTURECREATORS.ru
11.01.2024;FVT-JNRSPV.ru
11.01.2024;FXMASTER.ru
11.01.2024;FYODOR812.ru
11.01.2024;G-M-CODE.ru
11.01.2024;G-WEAR.ru
11.01.2024;GABIO.ru
11.01.2024;GADANIA-MARINA.ru
11.01.2024;GADAROV.ru
11.01.2024;GADIDAGDJV.ru
11.01.2024;GADJET-SEVASTOPOL.ru
11.01.2024;GAGZ.ru
11.01.2024;GALADENT-MOSKVA.ru
11.01.2024;GALAXY1.ru
11.01.2024;GALIMOVASTORE.ru
11.01.2024;GALIULLOV.ru
11.01.2024;GALLERY-MOKKA.ru
11.01.2024;GALLERYDESING.ru
11.01.2024;GALLERYDOMOV.ru
11.01.2024;GALOPOLIMER.ru
11.01.2024;GALVANO-NEREKHTA.ru
11.01.2024;GAME-CS1.ru
11.01.2024;GAME-LUCKY-JET.ru
11.01.2024;GAME-SERVER.ru
11.01.2024;GAMEFASTER.ru
11.01.2024;GAMELOADING.ru
11.01.2024;GAMESON.ru
11.01.2024;GANSEKB.ru
11.01.2024;GANSTAFAM.ru
11.01.2024;GANTELI-SPB.ru
11.01.2024;GANTELIDAROM.ru
11.01.2024;GAO-TEST.ru
11.01.2024;GARANT-KAM.ru
11.01.2024;GARANTCLINIC-UFA.ru
11.01.2024;GARANTSTROIKOMPLEKS.ru
11.01.2024;GARAZH-SENDVICH-SPB.ru
11.01.2024;GARDENA-PLANNER.ru
11.01.2024;GARILLA-CASINO1.ru
11.01.2024;GARSIA-VOICE.ru
11.01.2024;GASTROHELP.ru
11.01.2024;GASTROLIBRARY.ru
11.01.2024;GATCHINA-HOUSE.ru
11.01.2024;GAZ1NFORM.ru
11.01.2024;GBI-EKB.ru
11.01.2024;GBUZARYA.ru
11.01.2024;GC-CLINIC.ru
11.01.2024;GCG-TENDER.ru
11.01.2024;GD35.ru
11.01.2024;GDEKUPITZAPCHASTI.ru
11.01.2024;GDEPOSULKA.ru
11.01.2024;GEDESTOREVRN.ru
11.01.2024;GEDISTOREVRN.ru
11.01.2024;GEEKTRIP.ru
11.01.2024;GEELY-KOP.ru
11.01.2024;GEFORM.ru
11.01.2024;GENALTSYSTEM.ru
11.01.2024;GENERALMOROZ.ru
11.01.2024;GENETIKAPRO.ru
11.01.2024;GENHOUSE.ru
11.01.2024;GENIUSPRO.ru
11.01.2024;GENOME1.ru
11.01.2024;GENTELL.ru
11.01.2024;GENTRAVEL.ru
11.01.2024;GEO-AERO.ru
11.01.2024;GEO-RNF.ru
11.01.2024;GEOGRAD-TOMSK.ru
11.01.2024;GEOTEK-VGK.ru
11.01.2024;GERETIOS.ru
11.01.2024;GERMANZAIKA.ru
11.01.2024;GERMES-KZN.ru
11.01.2024;GERMIDA-SERVER.ru
11.01.2024;GEROI-TERRITORIYA-VOZMOZHNOSTEJ.ru
11.01.2024;GEROYRODILSYA.ru
11.01.2024;GERZOGINYAWEDDING.ru
11.01.2024;GESTIACANDLE.ru
11.01.2024;GET-SERVICE.ru
11.01.2024;GETAERO.ru
11.01.2024;GETBOUQUETBASE.ru
11.01.2024;GETCRAN.ru
11.01.2024;GETLENSES.ru
11.01.2024;GETRICHMYHOMEY.ru
11.01.2024;GFSPORT.ru
11.01.2024;GG-COMP.ru
11.01.2024;GGSNEAKERS.ru
11.01.2024;GGSOL.ru
11.01.2024;GGSTANDOFF2.ru
11.01.2024;GIARDINI-SOCHI.ru
11.01.2024;GID-CHITA.ru
11.01.2024;GIDBB.ru
11.01.2024;GIDROPROEKT.ru
11.01.2024;GIFTG.ru
11.01.2024;GIFTKNIFELD.ru
11.01.2024;GIGABYTE-SERVICES-CENTER.ru
11.01.2024;GIKZ.ru
11.01.2024;GIPERTEK.ru
11.01.2024;GIPNOFRESH.ru
11.01.2024;GIPSTECH.ru
11.01.2024;GIRL-OVER.ru
11.01.2024;GIRLS-SAHALIN.ru
11.01.2024;GIRUDO26.ru
11.01.2024;GISWIKI.ru
11.01.2024;GITARDO.ru
11.01.2024;GITCLUB.ru
11.01.2024;GIZGAME.ru
11.01.2024;GK-MIDAS.ru
11.01.2024;GK-SGP.ru
11.01.2024;GK-TOLK.ru
11.01.2024;GKTRANS.ru
11.01.2024;GLAKER.ru
11.01.2024;GLAREORRTZ.ru
11.01.2024;GLASSBAKER.ru
11.01.2024;GLASSGLASS.ru
11.01.2024;GLASSKNIGHT-MK.ru
11.01.2024;GLAUBE.ru
11.01.2024;GLAV-KOMPLECT.ru
11.01.2024;GLAVBUH-ROSTOV.ru
11.01.2024;GLAVRECEPT.ru
11.01.2024;GLAZBOGAROBOT.ru
11.01.2024;GLAZKLINIKA.ru
11.01.2024;GLBINDUSTRY.ru
11.01.2024;GLEBSHIBEKO.ru
11.01.2024;GLIDIYA-CLUB.ru
11.01.2024;GLINAGRAF.ru
11.01.2024;GLINKACOMPETITION2023.ru
11.01.2024;GLLOGISTICS.ru
11.01.2024;GLOBAL-AGRO.ru
11.01.2024;GLOBAL-INTERNET.ru
11.01.2024;GLOBASTROY.ru
11.01.2024;GLOBEART.ru
11.01.2024;GLOBUS-DV.ru
11.01.2024;GLORYHOMES.ru
11.01.2024;GLOSS-GIRLS.ru
11.01.2024;GLOWMIND.ru
11.01.2024;GLUPOVA.ru
11.01.2024;GLUSHTRAVEL.ru
11.01.2024;GM24WEB.ru
11.01.2024;GMAX24.ru
11.01.2024;GNEF.ru
11.01.2024;GNETEK.ru
11.01.2024;GO-BET.ru
11.01.2024;GO2HEALTH.ru
11.01.2024;GOA-INDIYA.ru
11.01.2024;GOALKEEPING.ru
11.01.2024;GOBBS.ru
11.01.2024;GOGLA.ru
11.01.2024;GOLD-AVTO.ru
11.01.2024;GOLD-KEY6.ru
11.01.2024;GOLD-MEB.ru
11.01.2024;GOLDEN-TRACESHOP.ru
11.01.2024;GOLDENABY.ru
11.01.2024;GOLDENBILET.ru
11.01.2024;GOLDENDOLPHINS.ru
11.01.2024;GOLDENDROP.ru
11.01.2024;GOLDENHOUSE-SOCHI.ru
11.01.2024;GOLMAN.ru
11.01.2024;GOLOGISTICS.ru
11.01.2024;GOLOSSUI-WAAATSP.ru
11.01.2024;GOODCAR.ru
11.01.2024;GOODCLEANLOVE.ru
11.01.2024;GOODLANG.ru
11.01.2024;GOODSTEAK.ru
11.01.2024;GOODWIN-HORN.ru
11.01.2024;GOODWORKONLINE.ru
11.01.2024;GOOUTREACH.ru
11.01.2024;GOPROJECTS.ru
11.01.2024;GORBUNOVAEV.ru
11.01.2024;GORCLINBOL.ru
11.01.2024;GORGONEW.ru
11.01.2024;GORILLADESIGN.ru
11.01.2024;GORNYI-SCHIT.ru
11.01.2024;GOROD-NOVOSTROEK.ru
11.01.2024;GORODDETSTVA37.ru
11.01.2024;GORODNASEVERE.ru
11.01.2024;GORPIVO.ru
11.01.2024;GORUNOV-7.ru
11.01.2024;GOSAGENT.ru
11.01.2024;GOSINCOR.ru
11.01.2024;GOSKON.ru
11.01.2024;GOSO.ru
11.01.2024;GOST-POOL.ru
11.01.2024;GOST76.ru
11.01.2024;GOSTEVOYDOM-VIZIT.ru
11.01.2024;GOTOLINKS.ru
11.01.2024;GOTOUS.ru
11.01.2024;GOVNOVPRORUBEPODZALUPOITIGRA.ru
11.01.2024;GOWAR.ru
11.01.2024;GPB-DK-SERTIFICAT1000.ru
11.01.2024;GPKIZHSTAL.ru
11.01.2024;GPODS.ru
11.01.2024;GPRN.ru
11.01.2024;GPT-AIBOT.ru
11.01.2024;GRACEONPOLE.ru
11.01.2024;GRACKLOIZB.ru
11.01.2024;GRADE-NAVIGATOR.ru
11.01.2024;GRADENAVIGATOR.ru
11.01.2024;GRAFPL.ru
11.01.2024;GRAHAMRQDS.ru
11.01.2024;GRANDETEK.ru
11.01.2024;GRANDNOY.ru
11.01.2024;GRANDPLAY.ru
11.01.2024;GRANDXLEB.ru
11.01.2024;GRANIT-WORKSHOP.ru
11.01.2024;GRANTSANTSHOP.ru
11.01.2024;GRAPH-LEARNING.ru
11.01.2024;GRAVIMAX.ru
11.01.2024;GREATACADEMY.ru
11.01.2024;GREATSKB.ru
11.01.2024;GREEK-MARTIROLOG.ru
11.01.2024;GREEN-PARADISE.ru
11.01.2024;GREENAPPLE-LD.ru
11.01.2024;GREENDACH.ru
11.01.2024;GREENDIGO.ru
11.01.2024;GREENKASSA.ru
11.01.2024;GREENWICHSCHOOL.ru
11.01.2024;GREM-MSK.ru
11.01.2024;GREYMOSS.ru
11.01.2024;GRIBORI.ru
11.01.2024;GRIBY-MUER.ru
11.01.2024;GRILLGARDENMSK.ru
11.01.2024;GRILLGRADMSK.ru
11.01.2024;GRILLKOTA.ru
11.01.2024;GRISHIN-V-ANDRY.ru
11.01.2024;GROMSTROY2022.ru
11.01.2024;GROUPCONSULT.ru
11.01.2024;GROUPGARANT.ru
11.01.2024;GROUPPCONSULT.ru
11.01.2024;GROW4U.ru
11.01.2024;GROWTHHUB.ru
11.01.2024;GROWTHSYSTEM.ru
11.01.2024;GROWWINE.ru
11.01.2024;GRUMPYVPN.ru
11.01.2024;GRUPPA-LITS.ru
11.01.2024;GRUZAUTOSHOP.ru
11.01.2024;GRUZODOC.ru
11.01.2024;GRUZOVOZ-37.ru
11.01.2024;GRUZOVOZ37.ru
11.01.2024;GRUZTAXI29.ru
11.01.2024;GRYADOCHKI.ru
11.01.2024;GSFASHION.ru
11.01.2024;GSMAP.ru
11.01.2024;GSMULTRA.ru
11.01.2024;GSPWVTL.ru
11.01.2024;GSR-KIRPICH.ru
11.01.2024;GSUZD.ru
11.01.2024;GUBONIN.ru
11.01.2024;GUIDANMJWZ.ru
11.01.2024;GURIEV-CTA.ru
11.01.2024;GURMANVEGAN.ru
11.01.2024;GUSEV-EVGENIY.ru
11.01.2024;GUSNIK55.ru
11.01.2024;GUSTO-FOOD.ru
11.01.2024;GUSYONAYA.ru
11.01.2024;GUUGLE.ru
11.01.2024;GWM-ORA-KORS-KLG.ru
11.01.2024;GWUYU.ru
11.01.2024;GXXF.ru
11.01.2024;GYM40.ru
11.01.2024;H-2-BEAUTY.ru
11.01.2024;H32CPS4.ru
11.01.2024;HABTAHABR.ru
11.01.2024;HACCP-CONTROL.ru
11.01.2024;HACKATTA.ru
11.01.2024;HAFONIKAS.ru
11.01.2024;HAIRMEDMINSK.ru
11.01.2024;HAIYANG.ru
11.01.2024;HALF-DOLL.ru
11.01.2024;HALVAKARTA.ru
11.01.2024;HAMZ.ru
11.01.2024;HANDMADEBARBERS.ru
11.01.2024;HANDYHUB.ru
11.01.2024;HANGO-MINING.ru
11.01.2024;HANKOOKCOSMETICS.ru
11.01.2024;HAPPINESSCLAB.ru
11.01.2024;HAPPYMEDIUM.ru
11.01.2024;HAPPYSAM.ru
11.01.2024;HARD2BCORE.ru
11.01.2024;HASKI-TRAVEL74.ru
11.01.2024;HATA23.ru
11.01.2024;HAVAL-CYBERSPORT.ru
11.01.2024;HDREZKA-ZERKALO.ru
11.01.2024;HDRGROUP.ru
11.01.2024;HEALINGGROUP.ru
11.01.2024;HEALTH-WOMAN.ru
11.01.2024;HEALTHLADYS.ru
11.01.2024;HEALTHY-TEETH-CENTER.ru
11.01.2024;HEALTHYANDFIT.ru
11.01.2024;HEHEHEH.ru
11.01.2024;HELENYES.ru
11.01.2024;HELP-TRANSMISSION.ru
11.01.2024;HELPCAR82.ru
11.01.2024;HELPPK.ru
11.01.2024;HELPSES.ru
11.01.2024;HENGTAIGROUP.ru
11.01.2024;HENGTONGGLOBAL.ru
11.01.2024;HENRYHOUSINGSTOKE.ru
11.01.2024;HEREWEARE.ru
11.01.2024;HERZIK.ru
11.01.2024;HGBI.ru
11.01.2024;HGRANT.ru
11.01.2024;HHPP.ru
11.01.2024;HHTARGETBOT.ru
11.01.2024;HI-HO.ru
11.01.2024;HICLOUD.ru
11.01.2024;HIDDENENERGY.ru
11.01.2024;HIGSMEDICAL.ru
11.01.2024;HIKENKI.ru
11.01.2024;HIKVIZION.ru
11.01.2024;HILLANA.ru
11.01.2024;HILLIRP.ru
11.01.2024;HILTONRP.ru
11.01.2024;HIM-PRODUKTY.ru
11.01.2024;HIMKI-AN.ru
11.01.2024;HISTORIANTAZAMAT.ru
11.01.2024;HISUN-MOTO-TIME.ru
11.01.2024;HITECHMIR.ru
11.01.2024;HITKARTINA-NSK.ru
11.01.2024;HKAKBARS.ru
11.01.2024;HKJDWCHIP.ru
11.01.2024;HKLOKOMOTIV.ru
11.01.2024;HLVM.ru
11.01.2024;HM-SKOSH.ru
11.01.2024;HMHB-SPA.ru
11.01.2024;HMWRK.ru
11.01.2024;HOBBYSPACE.ru
11.01.2024;HOBBYTEK.ru
11.01.2024;HOCKEYMAGAZINE.ru
11.01.2024;HOCKEYTICKETS.ru
11.01.2024;HOCOIT.ru
11.01.2024;HODIARNA.ru
11.01.2024;HOLD-6456.ru
11.01.2024;HOLIDAY-LIGHT.ru
11.01.2024;HOLIDAY-PARTY.ru
11.01.2024;HOLIDAYGREETINGS.ru
11.01.2024;HOLIDAYTIME.ru
11.01.2024;HOLIMUSIC.ru
11.01.2024;HOLODSAMARA.ru
11.01.2024;HOLOP23.ru
11.01.2024;HOLOP2LORD.ru
11.01.2024;HOLOP2LORDFILM.ru
11.01.2024;HOLOPA2024.ru
11.01.2024;HOLOPLORDFILM.ru
11.01.2024;HOLOPU2.ru
11.01.2024;HOLTOP.ru
11.01.2024;HOLYDAYSTUDIO.ru
11.01.2024;HOLZLOGISTIC.ru
11.01.2024;HOMAT.ru
11.01.2024;HOME-LUXURY-SOCHI.ru
11.01.2024;HOME-MAKER.ru
11.01.2024;HOME-WORKER.ru
11.01.2024;HOMEMONITOR.ru
11.01.2024;HOMESEEDS.ru
11.01.2024;HOMOSCIENCE.ru
11.01.2024;HONGDA-FORGINGPRESS.ru
11.01.2024;HONKBANK-CARD.ru
11.01.2024;HONKON808KK.ru
11.01.2024;HONOR-SERVICES-CENTER.ru
11.01.2024;HONSHU-63.ru
11.01.2024;HOOKAH-SET.ru
11.01.2024;HOOKAHRISE.ru
11.01.2024;HOOOLY.ru
11.01.2024;HOPE4STARS.ru
11.01.2024;HORIZONHAVEN.ru
11.01.2024;HORSVET.ru
11.01.2024;HOST-GENIUS.ru
11.01.2024;HOST-MASLOLEN.ru
11.01.2024;HOSTEL43.ru
11.01.2024;HOSTI-PRO.ru
11.01.2024;HOSTING-STORE.ru
11.01.2024;HOSTING-WEB.ru
11.01.2024;HOSTINGI-MOI.ru
11.01.2024;HOSTINGPS.ru
11.01.2024;HOSTROSS.ru
11.01.2024;HOSTWEST.ru
11.01.2024;HOT-TOOLS.ru
11.01.2024;HOTEL-CONSTANTA.ru
11.01.2024;HOTEL-HUTOROK.ru
11.01.2024;HOTEL-USHBA.ru
11.01.2024;HOTEL-VERSAL-PENZA.ru
11.01.2024;HOTELGRANT-3.ru
11.01.2024;HOTELKUMERTAU.ru
11.01.2024;HOTELVENEZIA.ru
11.01.2024;HOTFOREX.ru
11.01.2024;HOTRUNET.ru
11.01.2024;HOUSE-MINI.ru
11.01.2024;HOUSE-MODULE.ru
11.01.2024;HOUSEY.ru
11.01.2024;HOVITON.ru
11.01.2024;HOWCOOKIT.ru
11.01.2024;HOWTOEATPLAN.ru
11.01.2024;HPA93.ru
11.01.2024;HPRODUCTS.ru
11.01.2024;HR-BASE.ru
11.01.2024;HROOMSSOCHI2024.ru
11.01.2024;HRSERVIC.ru
11.01.2024;HS-BBQ.ru
11.01.2024;HS-EVENTS.ru
11.01.2024;HSBBQ.ru
11.01.2024;HTTPSMAIL.ru
11.01.2024;HUAWEI-SERVICES-CENTER.ru
11.01.2024;HUBEL-COM.ru
11.01.2024;HUBELCOM.ru
11.01.2024;HUGIDRATRACKER.ru
11.01.2024;HUMOR-OK.ru
11.01.2024;HUNGRY-PIRANHA.ru
11.01.2024;HUNTERSLUBE.ru
11.01.2024;HUS-TEHNO.ru
11.01.2024;HW-LAB.ru
11.01.2024;HWAY.ru
11.01.2024;HYDIOPTOM.ru
11.01.2024;HYGGEGE.ru
11.01.2024;HYGIENE-RUS.ru
11.01.2024;HYPERIONDIGITAL.ru
11.01.2024;HYPERMISSION.ru
11.01.2024;HYPERTION.ru
11.01.2024;I-K-V.ru
11.01.2024;I-TE.ru
11.01.2024;I126.ru
11.01.2024;IA-REKLAMA.ru
11.01.2024;IALREADY.ru
11.01.2024;IAMSMART.ru
11.01.2024;IB17.ru
11.01.2024;IBEAVER.ru
11.01.2024;IBERA-DIGITAL.ru
11.01.2024;IBIDA.ru
11.01.2024;IBLEND.ru
11.01.2024;IBOILS.ru
11.01.2024;ICEBERG24.ru
11.01.2024;ICEBREAK.ru
11.01.2024;ICECREAMDIST.ru
11.01.2024;ICETICKET.ru
11.01.2024;ICETIKETS.ru
11.01.2024;ICIG.ru
11.01.2024;ICLP.ru
11.01.2024;ICQ-SPAMI.ru
11.01.2024;ICQT.ru
11.01.2024;ID194774.ru
11.01.2024;ID2148.ru
11.01.2024;ID2151.ru
11.01.2024;ID257376.ru
11.01.2024;ID269.ru
11.01.2024;ID285723.ru
11.01.2024;ID385773.ru
11.01.2024;ID482722.ru
11.01.2024;ID58091.ru
11.01.2024;ID58092.ru
11.01.2024;ID58093.ru
11.01.2024;ID58094.ru
11.01.2024;ID716428.ru
11.01.2024;ID726389.ru
11.01.2024;ID729581.ru
11.01.2024;ID83052.ru
11.01.2024;ID83059.ru
11.01.2024;ID836928.ru
11.01.2024;ID9402-PAY.ru
11.01.2024;ID9501-PAY.ru
11.01.2024;IDATAS.ru
11.01.2024;IDEAGPT.ru
11.01.2024;IDEAVIDEO.ru
11.01.2024;IDOBRUN.ru
11.01.2024;IDVIT-ANTI-AGE.ru
11.01.2024;IDVIT-ANTI-STRESS.ru
11.01.2024;IDVIT-BEAUTY.ru
11.01.2024;IDVIT-CARDIO.ru
11.01.2024;IDVIT-DETOX.ru
11.01.2024;IDVIT-DIABETES.ru
11.01.2024;IDVIT-FOR-MEN.ru
11.01.2024;IDVIT-FOR-SKIN.ru
11.01.2024;IDVIT-FOR-WOMAN.ru
11.01.2024;IDVIT-GOOD-NIGHT.ru
11.01.2024;IDVIT-GOODNIGHT.ru
11.01.2024;IDVIT-IMMUN.ru
11.01.2024;IDVIT-MEN.ru
11.01.2024;IDVIT-METABOL.ru
11.01.2024;IDVIT-SPORT.ru
11.01.2024;IDVIT-STRESS.ru
11.01.2024;IDVIT-WOMAN.ru
11.01.2024;IELECTRON.ru
11.01.2024;IENCODER.ru
11.01.2024;IFHGAME.ru
11.01.2024;IFKO.ru
11.01.2024;IFYOUWANT.ru
11.01.2024;IGIBRO.ru
11.01.2024;IGOPRO.ru
11.01.2024;IGORBUSHIN.ru
11.01.2024;IGORGUREEV.ru
11.01.2024;IGORPAPUASHVILI.ru
11.01.2024;IGROFLASH.ru
11.01.2024;IGROUND.ru
11.01.2024;IGRY-BITVA-ZAMKOV.ru
11.01.2024;IHOMODEUS.ru
11.01.2024;IK4LBTX.ru
11.01.2024;IKATLAB.ru
11.01.2024;IKS-LOT.ru
11.01.2024;ILASTNEWS.ru
11.01.2024;ILGUSTOEXPRESS.ru
11.01.2024;ILIMIRA111.ru
11.01.2024;ILIVEHERE.ru
11.01.2024;ILJAKALININ.ru
11.01.2024;ILMIRA-RASPUTINA.ru
11.01.2024;ILROSS.ru
11.01.2024;ILTEH.ru
11.01.2024;ILWORK24.ru
11.01.2024;ILYABDR.ru
11.01.2024;ILYAPANIN.ru
11.01.2024;ILYAZIMIN.ru
11.01.2024;IM-ONLINE.ru
11.01.2024;IMIKS-L.ru
11.01.2024;IMMATUMSZL.ru
11.01.2024;IMMBA.ru
11.01.2024;IMOP-SPBSPU.ru
11.01.2024;IMPEKS-LOGISTIKA.ru
11.01.2024;IMPERIJASVETA.ru
11.01.2024;IMPERIYA-CHISTOTY.ru
11.01.2024;IMPERIYA-DEKORA.ru
11.01.2024;IMPLANT-YAR.ru
11.01.2024;IMPORT-PROFI.ru
11.01.2024;IMPQVDX.ru
11.01.2024;IMPULS-EC.ru
11.01.2024;IMPULS-OSKOL.ru
11.01.2024;IN-HUMAN.ru
11.01.2024;INANEEDLE.ru
11.01.2024;INAPLATE.ru
11.01.2024;INBLUE.ru
11.01.2024;INCOMBO.ru
11.01.2024;INCOMEEDUCATION.ru
11.01.2024;INCOMM-SPB.ru
11.01.2024;INCOSTROY.ru
11.01.2024;INDOORGROW.ru
11.01.2024;INDUSTEC.ru
11.01.2024;INDUSTRY-PRO.ru
11.01.2024;INF-DOM.ru
11.01.2024;INFAB.ru
11.01.2024;INFANY.ru
11.01.2024;INFO-ADMIN.ru
11.01.2024;INFO-ANKETA.ru
11.01.2024;INFO-OPRC.ru
11.01.2024;INFOBIZ79536.ru
11.01.2024;INFOCIGAN.ru
11.01.2024;INFOCRAFTUM-MAIL.ru
11.01.2024;INFOMAILORG.ru
11.01.2024;INFOMILAVITSA.ru
11.01.2024;INFORING73.ru
11.01.2024;INFORMME.ru
11.01.2024;INFOTARO.ru
11.01.2024;INFOUNITED.ru
11.01.2024;INFOVTS.ru
11.01.2024;INFRACAR-GAZOANALIZATOR.ru
11.01.2024;INFUBE.ru
11.01.2024;INGDESIGN.ru
11.01.2024;INHANDBAGGAGE.ru
11.01.2024;INJECT-PRO.ru
11.01.2024;INJMEDSTROI.ru
11.01.2024;INJMEDSTROY.ru
11.01.2024;INKITCHEN.ru
11.01.2024;INMODERN.ru
11.01.2024;INMRF.ru
11.01.2024;INNAGIBERT.ru
11.01.2024;INPAYS.ru
11.01.2024;INPGO.ru
11.01.2024;INPRINTSOFT.ru
11.01.2024;INSIK.ru
11.01.2024;INSONA.ru
11.01.2024;INSPAM.ru
11.01.2024;INSPR.ru
11.01.2024;INSSIP.ru
11.01.2024;INSTAADS.ru
11.01.2024;INSTAVIZOR.ru
11.01.2024;INSTRUMENT-BLOG.ru
11.01.2024;INSWEET.ru
11.01.2024;INTACTO-GROUP.ru
11.01.2024;INTEGIA-MG.ru
11.01.2024;INTER-GUARD.ru
11.01.2024;INTERACTIVE-SHOP.ru
11.01.2024;INTERACTY.ru
11.01.2024;INTERCAB.ru
11.01.2024;INTERCOPY.ru
11.01.2024;INTERIORHOTEL.ru
11.01.2024;INTERLINE-TK.ru
11.01.2024;INTERNATBER.ru
11.01.2024;INTERNETKUHNI.ru
11.01.2024;INTERSTELLAR-DANCE.ru
11.01.2024;INTIM-IN.ru
11.01.2024;INTRADAYLEARN.ru
11.01.2024;INTRORESURS.ru
11.01.2024;INTROVIDEO.ru
11.01.2024;INVBURO.ru
11.01.2024;INVEST-POOL.ru
11.01.2024;INVESTINALANIA.ru
11.01.2024;INVESTVLADIMIR.ru
11.01.2024;INVIM.ru
11.01.2024;INVISIBLEVIS.ru
11.01.2024;INZIK.ru
11.01.2024;IOGACH.ru
11.01.2024;IOIGO.ru
11.01.2024;IONOVROMAN.ru
11.01.2024;IOSMODS.ru
11.01.2024;IOV3WSX.ru
11.01.2024;IOZARABOTKE.ru
11.01.2024;IP-ELBAKYAN.ru
11.01.2024;IP-INVENTOR.ru
11.01.2024;IP-VOROTNIKOV.ru
11.01.2024;IPEFIMOVA.ru
11.01.2024;IPHONS.ru
11.01.2024;IPL-21.ru
11.01.2024;IPM19.ru
11.01.2024;IPMELNIKOV.ru
11.01.2024;IPOLZA.ru
11.01.2024;IPOOLGO.ru
11.01.2024;IPR59.ru
11.01.2024;IPSTRAHOV.ru
11.01.2024;IPTC-CLINIC.ru
11.01.2024;IPTVPRO.ru
11.01.2024;IPUSLU.ru
11.01.2024;IPYVT.ru
11.01.2024;IQSHA86.ru
11.01.2024;IQTESTER.ru
11.01.2024;IRAN-CAR.ru
11.01.2024;IRANCAR.ru
11.01.2024;IRANDOSTAVKA.ru
11.01.2024;IREPACKS.ru
11.01.2024;IRFE.ru
11.01.2024;IRGASTROI.ru
11.01.2024;IRINA-FACE-BODY-SPA.ru
11.01.2024;IRINAIVANKINASW.ru
11.01.2024;IRINAZEMLIAK.ru
11.01.2024;IRONA.ru
11.01.2024;IRONWALLVC.ru
11.01.2024;ISET2.ru
11.01.2024;ISHOPTOP.ru
11.01.2024;ISOGD-KRSK.ru
11.01.2024;ISPAMEBEL.ru
11.01.2024;ISTINE.ru
11.01.2024;ISTOK-FARM.ru
11.01.2024;ISTOK-ORTO.ru
11.01.2024;IT-DIGITAL.ru
11.01.2024;IT-PROJECT-CENTER.ru
11.01.2024;IT-SERVICE31.ru
11.01.2024;IT-SPAS.ru
11.01.2024;IT-STATION.ru
11.01.2024;IT-WARELINK.ru
11.01.2024;ITALIANEXCLUSIVE.ru
11.01.2024;ITALIASHKA.ru
11.01.2024;ITALMOBILE.ru
11.01.2024;ITBURNSTAGE.ru
11.01.2024;ITBUSINESSBROKER.ru
11.01.2024;ITCSME.ru
11.01.2024;ITHELP36.ru
11.01.2024;ITJULIA.ru
11.01.2024;ITPRO-TLT.ru
11.01.2024;ITSBOX.ru
11.01.2024;ITSKI.ru
11.01.2024;ITWASJOKE.ru
11.01.2024;IULITASERVIS55.ru
11.01.2024;IUVAROVA.ru
11.01.2024;IVADAY2024.ru
11.01.2024;IVADAY2025.ru
11.01.2024;IVADAY2026.ru
11.01.2024;IVANGOROD-MEBEL.ru
11.01.2024;IVANSADOV.ru
11.01.2024;IVANSHULGIN.ru
11.01.2024;IVAS-1.ru
11.01.2024;IVLEEVA-BILETLOTO.ru
11.01.2024;IVOLGA-EXPERT.ru
11.01.2024;IVOPROS.ru
11.01.2024;IVZNANIE.ru
11.01.2024;IWAGNER.ru
11.01.2024;IWILLDOIT.ru
11.01.2024;IZ-BLOKOV.ru
11.01.2024;IZ-DOL.ru
11.01.2024;IZDELIYA-IZ-METALLA64.ru
11.01.2024;IZHMUKOV.ru
11.01.2024;IZHTRADING.ru
11.01.2024;IZIBOX.ru
11.01.2024;IZIODIZE.ru
11.01.2024;IZLOZHENIA.ru
11.01.2024;IZNANKA-INFOBIZA.ru
11.01.2024;IZZI-CASINO-ONLINE1.ru
11.01.2024;IZZICASINO-BIR4.ru
11.01.2024;IZZICASINO-GRANT.ru
11.01.2024;J-ROOM.ru
11.01.2024;JACKET-SHOP.ru
11.01.2024;JAECOO-BAIKAL.ru
11.01.2024;JAKOBSON.ru
11.01.2024;JAMMUHA.ru
11.01.2024;JANGASPARYAN.ru
11.01.2024;JAPOHYDRO.ru
11.01.2024;JASTALK.ru
11.01.2024;JASTOK.ru
11.01.2024;JASTOLK.ru
11.01.2024;JASTTALK.ru
11.01.2024;JCRYPTO.ru
11.01.2024;JD1K0I5.ru
11.01.2024;JEANS-ORIGINAL.ru
11.01.2024;JEDIWAY.ru
11.01.2024;JEN-STANDUP-AFISHA.ru
11.01.2024;JEODE.ru
11.01.2024;JERSEYCRUSHER.ru
11.01.2024;JETBIRD.ru
11.01.2024;JETCAS-ONLINE15.ru
11.01.2024;JETCAS-ONLINE16.ru
11.01.2024;JETCASINO-ADVANT1.ru
11.01.2024;JETCASINO-FILM2.ru
11.01.2024;JETCASINO-FILM3.ru
11.01.2024;JETCASINO-MO10.ru
11.01.2024;JETCASINO-MO11.ru
11.01.2024;JETOUR-GNS.ru
11.01.2024;JETSCONSULT.ru
11.01.2024;JEWELER-CLEANING.ru
11.01.2024;JILKOMAUDIT.ru
11.01.2024;JKNET.ru
11.01.2024;JMNAYWP.ru
11.01.2024;JMTMOLD.ru
11.01.2024;JOAS.ru
11.01.2024;JOASAPH.ru
11.01.2024;JOB-OZON-FRESH.ru
11.01.2024;JOB-SOCHI.ru
11.01.2024;JOLLYGOOD-STUDIO.ru
11.01.2024;JONNYBEGOODX.ru
11.01.2024;JOOLIA.ru
11.01.2024;JOOMLAFON.ru
11.01.2024;JORDAN-PW.ru
11.01.2024;JOURNAL-AMANAT.ru
11.01.2024;JOURNALFORWOMAN.ru
11.01.2024;JOURNALNAMESTARS.ru
11.01.2024;JOWOOD.ru
11.01.2024;JOYCORP.ru
11.01.2024;JOYNT.ru
11.01.2024;JOYWORKSET.ru
11.01.2024;JSC-KSHZ.ru
11.01.2024;JSSENSE.ru
11.01.2024;JSUNDERHOOD.ru
11.01.2024;JUIVANOV.ru
11.01.2024;JULIA-LLAW.ru
11.01.2024;JULJA-KUZNETSOVA.ru
11.01.2024;JULWEB.ru
11.01.2024;JUMPSTARTYOURSELF.ru
11.01.2024;JURISTEROFEEV.ru
11.01.2024;JURPRIME.ru
11.01.2024;JURPROF-SPB.ru
11.01.2024;JUST-MEBEL.ru
11.01.2024;JUSTACT.ru
11.01.2024;JUSTCASHFLOW.ru
11.01.2024;JUSTHERE.ru
11.01.2024;JUSTOLK.ru
11.01.2024;JUZAMESIN.ru
11.01.2024;JV-SPIN-ZERKALO-OFFICIAL.ru
11.01.2024;JVSPINCASINOOFFICIAL.ru
11.01.2024;JZMUVQG.ru
11.01.2024;K-ELDEEV.ru
11.01.2024;K-TREID.ru
11.01.2024;K2-TOMSK.ru
11.01.2024;K2JKRM.ru
11.01.2024;K8S-UPTIME.ru
11.01.2024;KA9.ru
11.01.2024;KADOSHKINO.ru
11.01.2024;KADRY74.ru
11.01.2024;KAE-CONSULTING.ru
11.01.2024;KAFEAVATAR.ru
11.01.2024;KAFESABINA.ru
11.01.2024;KAFESAFRAN.ru
11.01.2024;KAFEUTROFIMA.ru
11.01.2024;KAISERHOFHOTEL.ru
11.01.2024;KAIWAY.ru
11.01.2024;KAKDOMABANJA.ru
11.01.2024;KAKOTEL.ru
11.01.2024;KAKS.ru
11.01.2024;KAKSOZDATKURS.ru
11.01.2024;KALASHNIKOVSV.ru
11.01.2024;KALEYARD.ru
11.01.2024;KALINAVAZ.ru
11.01.2024;KALINKA-MEBEL.ru
11.01.2024;KALIPRIME.ru
11.01.2024;KAM4427298.ru
11.01.2024;KAMALETDINOVA-1.ru
11.01.2024;KAMCHATKACRAB.ru
11.01.2024;KAMELOT-SAMARA.ru
11.01.2024;KAMIN-CHEREPOVETS.ru
11.01.2024;KAMINSKAYA-PM.ru
11.01.2024;KAMP-PRO.ru
11.01.2024;KAMURU.ru
11.01.2024;KAMYSCHISCHULE.ru
11.01.2024;KANAKI87.ru
11.01.2024;KANALPROM.ru
11.01.2024;KANCKURIER.ru
11.01.2024;KANIKULEVO.ru
11.01.2024;KANTPOTOLOK.ru
11.01.2024;KARANDASH-CRIMEA.ru
11.01.2024;KARGOPOLTIC.ru
11.01.2024;KARKARTA.ru
11.01.2024;KARKASMASTER.ru
11.01.2024;KARMASCOPE.ru
11.01.2024;KARPOVA-GORA.ru
11.01.2024;KARTINU-KUPIT.ru
11.01.2024;KASHAPOVA-ELINA.ru
11.01.2024;KASHIRINA-PRO.ru
11.01.2024;KASIMOVMON.ru
11.01.2024;KASKAD-UMC.ru
11.01.2024;KASKOTOUCH.ru
11.01.2024;KASKOTRUST.ru
11.01.2024;KASPB.ru
11.01.2024;KASTVIDEO.ru
11.01.2024;KATA151203.ru
11.01.2024;KATALITI.ru
11.01.2024;KATERINAA.ru
11.01.2024;KATRIN-SALON.ru
11.01.2024;KAZAHSTAN-CAZINO.ru
11.01.2024;KAZAN-OK.ru
11.01.2024;KAZANTSEV-ART.ru
11.01.2024;KAZARBIN.ru
11.01.2024;KAZINO-PAYZ.ru
11.01.2024;KAZINOMONEYPAY.ru
11.01.2024;KAZPROMLIT.ru
11.01.2024;KBSEVER.ru
11.01.2024;KCSON24.ru
11.01.2024;KD-KOMI.ru
11.01.2024;KD9YLGF.ru
11.01.2024;KDBEAUTYMSK.ru
11.01.2024;KDIKIH.ru
11.01.2024;KDS74.ru
11.01.2024;KEBABCLUB56.ru
11.01.2024;KEDRADIGITAL.ru
11.01.2024;KEDROVIY86.ru
11.01.2024;KEEPUPELLO.ru
11.01.2024;KEGM82.ru
11.01.2024;KELVIN59.ru
11.01.2024;KEMENOVA.ru
11.01.2024;KEMEROVONEWS.ru
11.01.2024;KENDO74.ru
11.01.2024;KENSTORE.ru
11.01.2024;KENT-OFFICIAL.ru
11.01.2024;KERAMOSTROY-VL.ru
11.01.2024;KERCH-DEVELOPMENT.ru
11.01.2024;KERLING-PAY.ru
11.01.2024;KEVDAKO.ru
11.01.2024;KEY-SK.ru
11.01.2024;KEYBOARDSPLIT.ru
11.01.2024;KEYFREEGAMES.ru
11.01.2024;KEYLASERK18.ru
11.01.2024;KEYLASERRUSSIA.ru
11.01.2024;KFILL.ru
11.01.2024;KFK-FANERA.ru
11.01.2024;KH-L.ru
11.01.2024;KHALINSA.ru
11.01.2024;KHISAMEEV.ru
11.01.2024;KHONSU.ru
11.01.2024;KHOSTING-INFO.ru
11.01.2024;KIAHOTLINE.ru
11.01.2024;KIAOPTIMA.ru
11.01.2024;KICKSCREW.ru
11.01.2024;KIDESOFT.ru
11.01.2024;KIEREN.ru
11.01.2024;KIKI-BEAUTY.ru
11.01.2024;KILLSPAM.ru
11.01.2024;KIMUCHI.ru
11.01.2024;KINETICVOYAGE.ru
11.01.2024;KINO-2024.ru
11.01.2024;KINO-EYE.ru
11.01.2024;KINO-KOLPINO.ru
11.01.2024;KINO-NK.ru
11.01.2024;KINOARHIPKA.ru
11.01.2024;KINOBRATAN.ru
11.01.2024;KINODIALOG.ru
11.01.2024;KINOFESTCENTR.ru
11.01.2024;KINOLOCATOR.ru
11.01.2024;KINOMASK.ru
11.01.2024;KINOPLOD.ru
11.01.2024;KINOSMOTRET.ru
11.01.2024;KINOTIK-VIP.ru
11.01.2024;KINOZARYA.ru
11.01.2024;KINSNEWS.ru
11.01.2024;KINSTAR.ru
11.01.2024;KINTARO.ru
11.01.2024;KIOTO35.ru
11.01.2024;KIRILLAS76198.ru
11.01.2024;KIRONAIR.ru
11.01.2024;KITFIT.ru
11.01.2024;KIWISKLAD.ru
11.01.2024;KIZHUCH.ru
11.01.2024;KJMZLOSMIS.ru
11.01.2024;KKAV-KITS.ru
11.01.2024;KKSPB.ru
11.01.2024;KLAD62.ru
11.01.2024;KLASSNIYREGIK97.ru
11.01.2024;KLENMEDIA.ru
11.01.2024;KLEVASTIK.ru
11.01.2024;KLIENTY-TUT.ru
11.01.2024;KLIMOV-DESIGN.ru
11.01.2024;KLINIKA-BOLI.ru
11.01.2024;KLINIKA4D.ru
11.01.2024;KLODREP.ru
11.01.2024;KLOP-OFF.ru
11.01.2024;KLUBCLUB.ru
11.01.2024;KLUBSIRIUS.ru
11.01.2024;KMAUS.ru
11.01.2024;KMIRZOEVA.ru
11.01.2024;KNOPAFILM.ru
11.01.2024;KNOWLEDGETRAID.ru
11.01.2024;KOCHNEFFF.ru
11.01.2024;KODNASKIDKU.ru
11.01.2024;KOENIGBUILDER.ru
11.01.2024;KOFEYNYA-SAMOOBSLUZHIVANIYA.ru
11.01.2024;KOGAI-M.ru
11.01.2024;KOICASINO.ru
11.01.2024;KOLBASA-SHOP.ru
11.01.2024;KOLIASKIROSTOV.ru
11.01.2024;KOLIBRI52.ru
11.01.2024;KOLINICHENKO-1.ru
11.01.2024;KOLOBOK19.ru
11.01.2024;KOLODCYSPB.ru
11.01.2024;KOLODEC-SURA.ru
11.01.2024;KOLODETS37.ru
11.01.2024;KOLOVRATSPB.ru
11.01.2024;KOLPINOET.ru
11.01.2024;KOLPINOMET.ru
11.01.2024;KOLROS.ru
11.01.2024;KOLTIN.ru
11.01.2024;KOMANDA-RB.ru
11.01.2024;KOMAONLINE.ru
11.01.2024;KOMBIZ.ru
11.01.2024;KOMMERSNT.ru
11.01.2024;KOMOLOVA-E.ru
11.01.2024;KOMPAK-RAPS.ru
11.01.2024;KOMPASSOKTARTA.ru
11.01.2024;KOMPOZITSMOLA.ru
11.01.2024;KONAAKOV.ru
11.01.2024;KONDICIONER102.ru
11.01.2024;KONESHEV.ru
11.01.2024;KONEXP.ru
11.01.2024;KONIEXPRESS.ru
11.01.2024;KONISBAY.ru
11.01.2024;KONKURSDLAGER.ru
11.01.2024;KONNPUTER-NEWS.ru
11.01.2024;KONONOVO.ru
11.01.2024;KONTRAKT-MED.ru
11.01.2024;KOOPT.ru
11.01.2024;KOQU.ru
11.01.2024;KOROTKOWAPSY.ru
11.01.2024;KORSK.ru
11.01.2024;KOSHEVEROVA.ru
11.01.2024;KOSMOSALTAY.ru
11.01.2024;KOSOV-1.ru
11.01.2024;KOSTINALIDIA.ru
11.01.2024;KOSTINAVIKTORIA.ru
11.01.2024;KOSTINPRO.ru
11.01.2024;KOSTJUCHEK.ru
11.01.2024;KOSTROMA-HERITAGE.ru
11.01.2024;KOT50.ru
11.01.2024;KOTLY-PELLET-TOPKA-TEPLO.ru
11.01.2024;KOTLY-PELLET-TOPKATEPLO.ru
11.01.2024;KOTLY-PELLETTOPKA-TEPLO.ru
11.01.2024;KOTLY-PELLETTOPKATEPLO.ru
11.01.2024;KOTLYPELLET-TOPKA-TEPLO.ru
11.01.2024;KOTLYPELLET-TOPKATEPLO.ru
11.01.2024;KOTLYPELLETTOPKA-TEPLO.ru
11.01.2024;KOTLYPELLETTOPKATEPLO.ru
11.01.2024;KOTOMART.ru
11.01.2024;KOVALEVSKAIA.ru
11.01.2024;KOVROV-NEWSPAPER.ru
11.01.2024;KOZLIKIN2024.ru
11.01.2024;KOZLODOEV.ru
11.01.2024;KP-BARIBINO.ru
11.01.2024;KPRF95.ru
11.01.2024;KPUCMUNKAA-DESIGNER.ru
11.01.2024;KR-STROY.ru
11.01.2024;KRADSLAB.ru
11.01.2024;KRANQTZ.ru
11.01.2024;KRANTIKI.ru
11.01.2024;KRASA-VA.ru
11.01.2024;KRASAREST.ru
11.01.2024;KRASAVAMEBEL.ru
11.01.2024;KRASBAS24.ru
11.01.2024;KRASIVOZAMUZH.ru
11.01.2024;KRASMEH.ru
11.01.2024;KRASNIKOVA-PRO.ru
11.01.2024;KRASNODAREC.ru
11.01.2024;KRASOTY-KLABS.ru
11.01.2024;KRBIZE.ru
11.01.2024;KREATIS.ru
11.01.2024;KREDISTORI.ru
11.01.2024;KREDIT-ARTEM.ru
11.01.2024;KREDIT-BALAKOVO.ru
11.01.2024;KREDIT-ONLAIN.ru
11.01.2024;KREDIT-PYATIGORSK.ru
11.01.2024;KREDIT-TAMBOV.ru
11.01.2024;KREDIT-UFA.ru
11.01.2024;KREDIT-WAY.ru
11.01.2024;KREDITBRO.ru
11.01.2024;KREDITISTORY.ru
11.01.2024;KREDITSWIFT.ru
11.01.2024;KREDITXX.ru
11.01.2024;KREDITYURIST.ru
11.01.2024;KREMLEVSKIEPODARKI.ru
11.01.2024;KRIM12.ru
11.01.2024;KRISHA86.ru
11.01.2024;KRISTINAATTY.ru
11.01.2024;KRK-LOGISTIC.ru
11.01.2024;KROHASIB.ru
11.01.2024;KRONOSA.ru
11.01.2024;KROTILDA.ru
11.01.2024;KROV-TORG.ru
11.01.2024;KROVATI-METAKOV.ru
11.01.2024;KROVLUBOV.ru
11.01.2024;KROVLYZAVOD.ru
11.01.2024;KROVPLUS.ru
11.01.2024;KRPG.ru
11.01.2024;KRSTRMNY.ru
11.01.2024;KRTSHCHK.ru
11.01.2024;KRTVTTS.ru
11.01.2024;KRUELLIZ.ru
11.01.2024;KRUGKABANKA.ru
11.01.2024;KRYM12.ru
11.01.2024;KS-STAIRS.ru
11.01.2024;KSHUBIN.ru
11.01.2024;KSK-BECKER.ru
11.01.2024;KSYSTEM-DESIGN.ru
11.01.2024;KTB-DESIGN.ru
11.01.2024;KTG-MED.ru
11.01.2024;KUAIRING.ru
11.01.2024;KUAJRING.ru
11.01.2024;KUARING.ru
11.01.2024;KUBANJILFOND.ru
11.01.2024;KUCHUSHEV86.ru
11.01.2024;KUHNI-5BALLOV.ru
11.01.2024;KUHNI-EK.ru
11.01.2024;KUHNI-ZLATA.ru
11.01.2024;KUHNICATALOG.ru
11.01.2024;KUHNIIZMASSIVA.ru
11.01.2024;KUHNISARATOVA.ru
11.01.2024;KUHNYAKUHNYA.ru
11.01.2024;KUHRU.ru
11.01.2024;KUKHNI-SAMARA.ru
11.01.2024;KULIBIN32.ru
11.01.2024;KULINARIA777.ru
11.01.2024;KULTYSHEV.ru
11.01.2024;KUPLUCERTIFICAT.ru
11.01.2024;KURIE7248.ru
11.01.2024;KURIE7249.ru
11.01.2024;KURIER7384.ru
11.01.2024;KURSY-BUKHGALTERA.ru
11.01.2024;KUZMICHEVAI.ru
11.01.2024;KUZNICAKINO.ru
11.01.2024;KUZOVSIBIR.ru
11.01.2024;KVADRAT4.ru
11.01.2024;KVARTIR-VOPROS.ru
11.01.2024;KVARTIRA-PEREEZD.ru
11.01.2024;KVARTIROBUS.ru
11.01.2024;KVATRUM-MSK.ru
11.01.2024;KVESTVOLOGDA.ru
11.01.2024;KVM-VPS.ru
11.01.2024;KVONTARUM.ru
11.01.2024;KWT-BIKES.ru
11.01.2024;KWT-DRIVE.ru
11.01.2024;KYOLIFE.ru
11.01.2024;KYSHTYMTUR.ru
11.01.2024;KYTBPORN.ru
11.01.2024;KYTCPORN.ru
11.01.2024;KYTMPORN.ru
11.01.2024;KYTNPORN.ru
11.01.2024;KYTVPORN.ru
11.01.2024;KYTXPORN.ru
11.01.2024;KYTZPORN.ru
11.01.2024;KZ-KAZIK.ru
11.01.2024;LA2SUPER.ru
11.01.2024;LABCERT.ru
11.01.2024;LABNAV.ru
11.01.2024;LABNO.ru
11.01.2024;LABQEST.ru
11.01.2024;LACONIK.ru
11.01.2024;LADIESUNITE.ru
11.01.2024;LADOGOLOS.ru
11.01.2024;LADYEVI.ru
11.01.2024;LADYGEN.ru
11.01.2024;LADYSTRETCH-TYUMEN.ru
11.01.2024;LAFNIAN.ru
11.01.2024;LAGERKONKURS.ru
11.01.2024;LAGUNALAB.ru
11.01.2024;LAGUNAS.ru
11.01.2024;LAIKO.ru
11.01.2024;LAKBI-MOZART.ru
11.01.2024;LAKBIMOZART.ru
11.01.2024;LAKSB.ru
11.01.2024;LALACASH.ru
11.01.2024;LAMARIS-PROF.ru
11.01.2024;LAMISO.ru
11.01.2024;LANDING-SITE.ru
11.01.2024;LANDINGCOPY2024.ru
11.01.2024;LANGUAGE-SECRETS.ru
11.01.2024;LANGUOR-SHAPKI.ru
11.01.2024;LANMAR.ru
11.01.2024;LAPIEV.ru
11.01.2024;LAPTOPSPB.ru
11.01.2024;LARGE-VISION.ru
11.01.2024;LARGEPLANET.ru
11.01.2024;LASERBIRD.ru
11.01.2024;LASIRIKA.ru
11.01.2024;LAST-PAGE.ru
11.01.2024;LATESTOMO.ru
11.01.2024;LAV-TRAVEL.ru
11.01.2024;LAVANDARESTO.ru
11.01.2024;LAVANTEL72.ru
11.01.2024;LAVKA-XUDOJNIKA.ru
11.01.2024;LAVVBGRU.ru
11.01.2024;LAW37.ru
11.01.2024;LAWLINK.ru
11.01.2024;LAZER-MSK.ru
11.01.2024;LAZER-TAMBOV.ru
11.01.2024;LAZERCLEANING.ru
11.01.2024;LAZERLOVE.ru
11.01.2024;LBREMENSKIEMUZYKANTY.ru
11.01.2024;LBURGEOKOMPLEKT.ru
11.01.2024;LCFG.ru
11.01.2024;LD-PAY10199.ru
11.01.2024;LD-PAY10229.ru
11.01.2024;LD-PAY202993.ru
11.01.2024;LD-PAY209934.ru
11.01.2024;LD-PAY280994.ru
11.01.2024;LD-PAY30882.ru
11.01.2024;LD-PAY3109992.ru
11.01.2024;LD-PAY484002.ru
11.01.2024;LD-PAY604009.ru
11.01.2024;LD-PAY9021488.ru
11.01.2024;LD-PAY904122.ru
11.01.2024;LD-PAY940071.ru
11.01.2024;LEADER-TECH.ru
11.01.2024;LEADIX.ru
11.01.2024;LEARN-YOURSELF.ru
11.01.2024;LEARNTRAID.ru
11.01.2024;LEATHER-BELTS.ru
11.01.2024;LEDIWHITEDR-95.ru
11.01.2024;LEDSVET-NVR.ru
11.01.2024;LEDY-USPEH.ru
11.01.2024;LEGAL-LEVEL.ru
11.01.2024;LEGALREP.ru
11.01.2024;LEGATOPARKS.ru
11.01.2024;LEGENDA38.ru
11.01.2024;LEGUANDEZ-VORONEZH.ru
11.01.2024;LEGZOCASINO-SPM3.ru
11.01.2024;LEIBOVSKY.ru
11.01.2024;LEKAR-CLINIC.ru
11.01.2024;LEKAR74.ru
11.01.2024;LEKIPRO.ru
11.01.2024;LEKIPROJECT.ru
11.01.2024;LELEY.ru
11.01.2024;LEMPL.ru
11.01.2024;LEN-IZDELIYA.ru
11.01.2024;LEN-VOROTA.ru
11.01.2024;LENFASAD.ru
11.01.2024;LENIVKABAR.ru
11.01.2024;LENOVO-SERVICES-CENTER.ru
11.01.2024;LENSAD.ru
11.01.2024;LENSANTEHMONTAZH.ru
11.01.2024;LENTOLIPPU.ru
11.01.2024;LEONIDZHUKOV.ru
11.01.2024;LERCANCRAFT.ru
11.01.2024;LERMONAGENCY.ru
11.01.2024;LERU74.ru
11.01.2024;LES40.ru
11.01.2024;LESBEL.ru
11.01.2024;LESIKIDS24.ru
11.01.2024;LETSLAUNCH.ru
11.01.2024;LETTERELFA.ru
11.01.2024;LEVEPATSKEVI.ru
11.01.2024;LEYBOVSKIY.ru
11.01.2024;LEYSIA-PESNIA.ru
11.01.2024;LF-ERP.ru
11.01.2024;LFERP.ru
11.01.2024;LFILIPPOVA.ru
11.01.2024;LGOLYSHEVA.ru
11.01.2024;LHAUS.ru
11.01.2024;LHOLOP2.ru
11.01.2024;LIAMY-MG.ru
11.01.2024;LIANDDSTROI.ru
11.01.2024;LIAOLIAO.ru
11.01.2024;LIARTCAFE.ru
11.01.2024;LIBERNEWS.ru
11.01.2024;LIBST.ru
11.01.2024;LIDER-CONSULT.ru
11.01.2024;LIDEROKON.ru
11.01.2024;LIFE9.ru
11.01.2024;LIFECHANNELS.ru
11.01.2024;LIFESENSORS.ru
11.01.2024;LIFESONG.ru
11.01.2024;LIFESPEAK.ru
11.01.2024;LIGAMASTEROV-EKB.ru
11.01.2024;LIGAMASTEROV-NN.ru
11.01.2024;LIGAMASTEROV-SPB.ru
11.01.2024;LIGAMASTEROV-YAR.ru
11.01.2024;LIGASTAR.ru
11.01.2024;LIGHTNAILS.ru
11.01.2024;LIGNUMELEGANS.ru
11.01.2024;LII-TSEITLIN.ru
11.01.2024;LIK4604876.ru
11.01.2024;LIKA-KIDS.ru
11.01.2024;LIKAKISELEVA.ru
11.01.2024;LIKE-FURNITYRE.ru
11.01.2024;LIKEANDPAY.ru
11.01.2024;LIKER-KA.ru
11.01.2024;LIKER-KC.ru
11.01.2024;LIKER-KD.ru
11.01.2024;LIKER-KE.ru
11.01.2024;LIKER-KG.ru
11.01.2024;LIKER-KH.ru
11.01.2024;LIKER-KI.ru
11.01.2024;LIKER-KK.ru
11.01.2024;LIKER-KL.ru
11.01.2024;LIKER-KO.ru
11.01.2024;LIKER-KP.ru
11.01.2024;LIKER-KQ.ru
11.01.2024;LIKER-KR.ru
11.01.2024;LIKER-KS.ru
11.01.2024;LIKER-KT.ru
11.01.2024;LIKER-KU.ru
11.01.2024;LIKER-KV.ru
11.01.2024;LIKER-KW.ru
11.01.2024;LIKER-KY.ru
11.01.2024;LIKER-KZ.ru
11.01.2024;LILAMA.ru
11.01.2024;LILAVET.ru
11.01.2024;LIMEMODA.ru
11.01.2024;LIMITSTROYKOLOR.ru
11.01.2024;LIMIX18.ru
11.01.2024;LIMONARIUM.ru
11.01.2024;LIMONARIYPAVLOVO.ru
11.01.2024;LINE-TMN.ru
11.01.2024;LINGPRESS.ru
11.01.2024;LINKDME.ru
11.01.2024;LINKTARGET.ru
11.01.2024;LINUXVPN.ru
11.01.2024;LIPCK-KIBER.ru
11.01.2024;LIPPER.ru
11.01.2024;LIPTONO.ru
11.01.2024;LIQUID-ART.ru
11.01.2024;LISEYMSN.ru
11.01.2024;LISTCLICK.ru
11.01.2024;LISTMONNEY.ru
11.01.2024;LISWISDOM.ru
11.01.2024;LISX.ru
11.01.2024;LITAYAVOSCHINA.ru
11.01.2024;LITBIZ.ru
11.01.2024;LITLEBRICK35.ru
11.01.2024;LITVIKA.ru
11.01.2024;LIVE-CAR.ru
11.01.2024;LIVEVK.ru
11.01.2024;LIZABRODSKAIA.ru
11.01.2024;LIZASP.ru
11.01.2024;LIZING-FINANCE.ru
11.01.2024;LIZING-SPECTEHNIKI.ru
11.01.2024;LIZUNPER.ru
11.01.2024;LJUBOV-EFIMOVA.ru
11.01.2024;LK-LIDER.ru
11.01.2024;LLAKKI.ru
11.01.2024;LLIFENEWS.ru
11.01.2024;LLISTMONEY.ru
11.01.2024;LLJX.ru
11.01.2024;LLSS.ru
11.01.2024;LMSRANEPA.ru
11.01.2024;LO-TRADE.ru
11.01.2024;LOAD-PAY.ru
11.01.2024;LOBACHEV-GRP.ru
11.01.2024;LOCAL-WOOD.ru
11.01.2024;LOCALSPACES.ru
11.01.2024;LOCALWOOD.ru
11.01.2024;LOCKEZONE.ru
11.01.2024;LOGISTIC-ATP.ru
11.01.2024;LOGIVERSA.ru
11.01.2024;LOGOPED-DZR.ru
11.01.2024;LOLPAROLAPI12345.ru
11.01.2024;LOMBARD-NN.ru
11.01.2024;LOMBARDCHERNYIKOT.ru
11.01.2024;LONGBOARDMARKET.ru
11.01.2024;LONGCLOUDELEC.ru
11.01.2024;LONGLIFEDV.ru
11.01.2024;LOOMIREST.ru
11.01.2024;LOR-BET.ru
11.01.2024;LORD-FILM.ru
11.01.2024;LORDFILM2024.ru
11.01.2024;LORDFILMBOT.ru
11.01.2024;LORDFILMS-DAY.ru
11.01.2024;LOST-AND-FOUND.ru
11.01.2024;LOST-DUMP.ru
11.01.2024;LOST-SPACE.ru
11.01.2024;LOSTCONFIG.ru
11.01.2024;LOTOPODAROKIVLEEVA.ru
11.01.2024;LOTOS-CENTR.ru
11.01.2024;LOTOS1C.ru
11.01.2024;LOTUS-CLIMAT.ru
11.01.2024;LOTUS-INNOVATION.ru
11.01.2024;LOTUSINNOVATION.ru
11.01.2024;LOVCHYCLUB.ru
11.01.2024;LOVEHOME-DESIGN.ru
11.01.2024;LOVEJOY.ru
11.01.2024;LOVEMYSKIN.ru
11.01.2024;LOVIBYKET24.ru
11.01.2024;LOXOLSPB.ru
11.01.2024;LOZINA-OLGA.ru
11.01.2024;LPH42.ru
11.01.2024;LROYMERLIN.ru
11.01.2024;LSTRETCH-TYUMEN.ru
11.01.2024;LTDCC1.ru
11.01.2024;LTITARENKO.ru
11.01.2024;LTK-UG.ru
11.01.2024;LU-STORREE.ru
11.01.2024;LUALFE.ru
11.01.2024;LUBOZNAIKI-KLUB.ru
11.01.2024;LUCHIY-VIBOR.ru
11.01.2024;LUCHSHEE-VIDEO.ru
11.01.2024;LUCKY-JETPLAY.ru
11.01.2024;LUCKYJET-PLAY.ru
11.01.2024;LUCKYJETGO.ru
11.01.2024;LUCKYPLAYJET.ru
11.01.2024;LUKACORP.ru
11.01.2024;LUMEN-AFISHA.ru
11.01.2024;LUMINARC-SHOP.ru
11.01.2024;LUNA-DA-SOL.ru
11.01.2024;LUNA16.ru
11.01.2024;LUNADIVA.ru
11.01.2024;LUNAL.ru
11.01.2024;LUNARIO.ru
11.01.2024;LUPA-AND-PUPA.ru
11.01.2024;LURVINBRAND.ru
11.01.2024;LUSTORREE.ru
11.01.2024;LUX-CHASY.ru
11.01.2024;LUX-OOO.ru
11.01.2024;LUXE-LIFT.ru
11.01.2024;LUXEVISION.ru
11.01.2024;LUXLOFT.ru
11.01.2024;LV-CLINIC.ru
11.01.2024;LVLIGA.ru
11.01.2024;LXLAWFIRM.ru
11.01.2024;LYAKHMANOVA.ru
11.01.2024;LZELE.ru
11.01.2024;M-ELISEEV91.ru
11.01.2024;M-NOVELS.ru
11.01.2024;M1CAMERA.ru
11.01.2024;MAC-VNUKOV.ru
11.01.2024;MACHOSTING.ru
11.01.2024;MACMARKETING138.ru
11.01.2024;MACTER-OK.ru
11.01.2024;MAD-DEVELOP.ru
11.01.2024;MADAMEELEGANT.ru
11.01.2024;MADBISON.ru
11.01.2024;MADDEVELOP.ru
11.01.2024;MAF-BETON.ru
11.01.2024;MAFIA2ONLINE.ru
11.01.2024;MAG-BIO.ru
11.01.2024;MAGAZINSTROI.ru
11.01.2024;MAGIABLESKA.ru
11.01.2024;MAGIC-FIELD.ru
11.01.2024;MAGICCAT13.ru
11.01.2024;MAGICFIELD.ru
11.01.2024;MAGICVOCALS.ru
11.01.2024;MAGIICLUXURY.ru
11.01.2024;MAGIICLUXURY24.ru
11.01.2024;MAGISTRAL-GARANT.ru
11.01.2024;MAGIYA-DOMBAYA.ru
11.01.2024;MAGNETFIX24.ru
11.01.2024;MAHEEV-KOSMOS.ru
11.01.2024;MAHOVIKOF.ru
11.01.2024;MAIL-209149023150932095093240932095092952903149239402309502530.ru
11.01.2024;MAIL-214320915092314093209509320590943205903209503240239052359.ru
11.01.2024;MAIL-520930950925092309523095093240923905203953260943209590325.ru
11.01.2024;MAIL-AUTH-2139054231095132593295090324932543209509230542309509.ru
11.01.2024;MAIL-AUTH-3295032095093209509234093209459032590230950923095095.ru
11.01.2024;MAIL-AUTO.ru
11.01.2024;MAILRUORG.ru
11.01.2024;MAINE-COON-MAHARAJA.ru
11.01.2024;MAITI06.ru
11.01.2024;MAKARBASS.ru
11.01.2024;MAKEUP35.ru
11.01.2024;MAKI-KUNAGI.ru
11.01.2024;MAKINRONALD.ru
11.01.2024;MALKINA.ru
11.01.2024;MALLORCA-SPAIN.ru
11.01.2024;MALNEVA.ru
11.01.2024;MALTERS.ru
11.01.2024;MALUTEQ.ru
11.01.2024;MALYUTINA19.ru
11.01.2024;MAMASUPER34.ru
11.01.2024;MAMMAS.ru
11.01.2024;MAMO4KA.ru
11.01.2024;MAMONTLEHA.ru
11.01.2024;MAMYDOMA.ru
11.01.2024;MANAGERMP-WSSB.ru
11.01.2024;MANDARINOVIYGUBOSHLEP.ru
11.01.2024;MANDIPROJECTS.ru
11.01.2024;MANDIR.ru
11.01.2024;MANEWS.ru
11.01.2024;MANGALO.ru
11.01.2024;MANIA-SHOP.ru
11.01.2024;MANTOOLS.ru
11.01.2024;MANURING.ru
11.01.2024;MANYRIN.ru
11.01.2024;MANZAINO.ru
11.01.2024;MAPSITALY.ru
11.01.2024;MAQA.ru
11.01.2024;MARAFONSPORT.ru
11.01.2024;MARANTAHOMEPLANTS.ru
11.01.2024;MARATKAMALOV.ru
11.01.2024;MARCELA-CAFE.ru
11.01.2024;MARIA-NARUSHEVSKAYA.ru
11.01.2024;MARIASK.ru
11.01.2024;MARINA-BARTSAEVA.ru
11.01.2024;MARINAFAIRE-LOVE20.ru
11.01.2024;MARINATURBINA.ru
11.01.2024;MARINE-PECTIN.ru
11.01.2024;MARIVANNAREST.ru
11.01.2024;MARIYKA-SOLO.ru
11.01.2024;MARK-DOORS.ru
11.01.2024;MARKELOV-FIT.ru
11.01.2024;MARKET-BOOSTER.ru
11.01.2024;MARKET-KOVER.ru
11.01.2024;MARKET555.ru
11.01.2024;MARKETAROLOGY.ru
11.01.2024;MARKETELEKTRO.ru
11.01.2024;MARKETHAIR.ru
11.01.2024;MARKETKOVER.ru
11.01.2024;MARKETPLEASE.ru
11.01.2024;MARMIT-SPB.ru
11.01.2024;MARS-LUCIFER.ru
11.01.2024;MARSHALLRAW.ru
11.01.2024;MARTYNOVDOC.ru
11.01.2024;MARUSIARAK.ru
11.01.2024;MARVINFOX.ru
11.01.2024;MARYARTS.ru
11.01.2024;MARYPOPOWA.ru
11.01.2024;MARYSTORE24.ru
11.01.2024;MARZNODE.ru
11.01.2024;MASHABEARPARK.ru
11.01.2024;MASHGAMAG.ru
11.01.2024;MASHUPOLZA.ru
11.01.2024;MASKI-MIRA.ru
11.01.2024;MASSA-HOME.ru
11.01.2024;MASSAGEBIYSK.ru
11.01.2024;MASSAGEM.ru
11.01.2024;MASSAHOME.ru
11.01.2024;MASTER-BASS.ru
11.01.2024;MASTER-DOCS.ru
11.01.2024;MASTER-MAC.ru
11.01.2024;MASTER-NA-CHAS48.ru
11.01.2024;MASTER-REM.ru
11.01.2024;MASTER-SOKOLOV.ru
11.01.2024;MASTERCREDIT.ru
11.01.2024;MASTERMETODA.ru
11.01.2024;MASTERNARASHVAT.ru
11.01.2024;MASTERRUM.ru
11.01.2024;MASTERSOKOL.ru
11.01.2024;MASTERSOKOLOV.ru
11.01.2024;MASTERSVARSHIK.ru
11.01.2024;MASTERTSO.ru
11.01.2024;MASTERUPACKTLT.ru
11.01.2024;MASTIM.ru
11.01.2024;MATADORTRADE.ru
11.01.2024;MATCHPLUS.ru
11.01.2024;MATHON.ru
11.01.2024;MATILDAFILM.ru
11.01.2024;MATRAS-CRIMEA.ru
11.01.2024;MATRESHKAFEST.ru
11.01.2024;MATRICALIFE.ru
11.01.2024;MATUHAHI.ru
11.01.2024;MATVEYPARTY.ru
11.01.2024;MAURIZIOREST.ru
11.01.2024;MAVARIUS.ru
11.01.2024;MAXCOWBELL.ru
11.01.2024;MAXIAN.ru
11.01.2024;MAXIM-XX.ru
11.01.2024;MAXIMLUNEV.ru
11.01.2024;MAXLES.ru
11.01.2024;MAXLOGISTIK.ru
11.01.2024;MAXPOTAT.ru
11.01.2024;MAYAK51.ru
11.01.2024;MB-GCLASS.ru
11.01.2024;MB-VCLASS.ru
11.01.2024;MBCREDITOR.ru
11.01.2024;MBDOU7-OKHA.ru
11.01.2024;MBR35.ru
11.01.2024;MC-ESTET.ru
11.01.2024;MC-MEDFM.ru
11.01.2024;MC-ZDOROVIE1.ru
11.01.2024;MCHELL-PROJECT.ru
11.01.2024;MCMIT.ru
11.01.2024;MCULTIMA.ru
11.01.2024;MDANTIST.ru
11.01.2024;MDCGALATEA.ru
11.01.2024;MDITECH.ru
11.01.2024;MDOGS.ru
11.01.2024;MEATRADE.ru
11.01.2024;MEBEL-360.ru
11.01.2024;MEBEL-EKON.ru
11.01.2024;MEBEL-FOR-YOUR.ru
11.01.2024;MEBEL-KLASSIKA35.ru
11.01.2024;MEBEL-KORNIENKO.ru
11.01.2024;MEBEL-PERETYAZHKA.ru
11.01.2024;MEBEL-RAI.ru
11.01.2024;MEBEL-TODAY-NEW.ru
11.01.2024;MEBELARKHANGELSK.ru
11.01.2024;MEBELKLASS68.ru
11.01.2024;MEBELNADOLGOW.ru
11.01.2024;MEBELNOE-ATELE.ru
11.01.2024;MEBELNYDOM.ru
11.01.2024;MED-HELP-RF.ru
11.01.2024;MED-PERSONA.ru
11.01.2024;MED-RUBIN.ru
11.01.2024;MED-TAISHET.ru
11.01.2024;MEDBLOCK.ru
11.01.2024;MEDCLINIC-LOO.ru
11.01.2024;MEDEVICE.ru
11.01.2024;MEDIA-ANKETA24.ru
11.01.2024;MEDIADIGIT.ru
11.01.2024;MEDICAL-STOM.ru
11.01.2024;MEDICINA-CENTR.ru
11.01.2024;MEDICINSKAYA-ODEZHDA.ru
11.01.2024;MEDIDATE.ru
11.01.2024;MEDIGRAF.ru
11.01.2024;MEDISPATECH.ru
11.01.2024;MEDITEKS-PTZ.ru
11.01.2024;MEDMAS45.ru
11.01.2024;MEDMASTER21.ru
11.01.2024;MEDNOGORSKONLINE.ru
11.01.2024;MEDOBOZ.ru
11.01.2024;MEDONOSRU.ru
11.01.2024;MEDSPAS22.ru
11.01.2024;MEDTECH-CONTROL.ru
11.01.2024;MEDTECHCONTROL.ru
11.01.2024;MEDTECHNOSALE.ru
11.01.2024;MEDTEH-SNAB.ru
11.01.2024;MEDVEDEV-COMPANY.ru
11.01.2024;MEDWOOD.ru
11.01.2024;MEEXBLOOM.ru
11.01.2024;MEGAA.ru
11.01.2024;MEGABOSS.ru
11.01.2024;MEGABYTE63.ru
11.01.2024;MEGADENT-QUIZ.ru
11.01.2024;MEGAGSM.ru
11.01.2024;MEGALURES.ru
11.01.2024;MEGAPROGNOZ.ru
11.01.2024;MEGAPX.ru
11.01.2024;MEIZU-SERVICES-CENTER.ru
11.01.2024;MELANETT.ru
11.01.2024;MELLANET.ru
11.01.2024;MEME-COIN.ru
11.01.2024;MEMEMO.ru
11.01.2024;MEMORY-JEWELRY.ru
11.01.2024;MEMORYJEWELRY.ru
11.01.2024;MENAY.ru
11.01.2024;MENIAY.ru
11.01.2024;MENS-CLUB-INDIA.ru
11.01.2024;MENUZERO.ru
11.01.2024;MEONME.ru
11.01.2024;MERIDIAN-72.ru
11.01.2024;MERIDIAN-TULA.ru
11.01.2024;MERKATERKA.ru
11.01.2024;MERKATO-SOCHI.ru
11.01.2024;MERTVUN.ru
11.01.2024;MESH-BAGS.ru
11.01.2024;MESHTYBAEV.ru
11.01.2024;MESTOVSEM.ru
11.01.2024;METABIZ.ru
11.01.2024;METACLEAN.ru
11.01.2024;METAFENIX.ru
11.01.2024;METAFON.ru
11.01.2024;METAKOV.ru
11.01.2024;METALAYER.ru
11.01.2024;METALEADS.ru
11.01.2024;METALLCOPPER.ru
11.01.2024;METALLDOROGO.ru
11.01.2024;METALLPZC.ru
11.01.2024;METALMAKS.ru
11.01.2024;METALTEST.ru
11.01.2024;METANOVA.ru
11.01.2024;METARAITINGS.ru
11.01.2024;METARNO.ru
11.01.2024;METAUP.ru
11.01.2024;METEORTRANS-TEST.ru
11.01.2024;METKON96.ru
11.01.2024;METRONLINE.ru
11.01.2024;METSTROYPOVOLZHIE.ru
11.01.2024;MEXICO-FOOD.ru
11.01.2024;MEXOVOIRYAD.ru
11.01.2024;MEYDANFREEZONE.ru
11.01.2024;MFOZAIMY.ru
11.01.2024;MFPU-SYNERGY.ru
11.01.2024;MGRISHKA.ru
11.01.2024;MGUKI-CHELNY.ru
11.01.2024;MI-CENTR.ru
11.01.2024;MI-PODRUZHKI.ru
11.01.2024;MIASOAP.ru
11.01.2024;MICEMEDICA.ru
11.01.2024;MICMACHINERY.ru
11.01.2024;MICROCXEMA.ru
11.01.2024;MICROHACK.ru
11.01.2024;MICRONLAB.ru
11.01.2024;MIDNIGHTSPECTRA.ru
11.01.2024;MIDTIKABRAND.ru
11.01.2024;MIF-851.ru
11.01.2024;MIGOFON.ru
11.01.2024;MIGRANTLAR.ru
11.01.2024;MIH-PIH.ru
11.01.2024;MIKANIKA.ru
11.01.2024;MIKELOPATIN1977.ru
11.01.2024;MIKHAILVN.ru
11.01.2024;MIKIMSK.ru
11.01.2024;MIKORS.ru
11.01.2024;MIKROZAJM-CHEREZ-INTERNET.ru
11.01.2024;MILANA-VTOMSKE.ru
11.01.2024;MILAVITO.ru
11.01.2024;MILLER-FAMILY.ru
11.01.2024;MILOVAR-SPB.ru
11.01.2024;MILS.ru
11.01.2024;MIMSR.ru
11.01.2024;MINBPD.ru
11.01.2024;MINECRAFT-STORYMODE.ru
11.01.2024;MINECRAFT-TEXTURES.ru
11.01.2024;MINEFOREST.ru
11.01.2024;MINEINSTANT.ru
11.01.2024;MINERALBOTANICA.ru
11.01.2024;MINERLAND.ru
11.01.2024;MINERMAN.ru
11.01.2024;MINERVAS.ru
11.01.2024;MINEVER.ru
11.01.2024;MINIMAL-LOFT.ru
11.01.2024;MININGFORUM.ru
11.01.2024;MIOPEN.ru
11.01.2024;MIOTAO.ru
11.01.2024;MIOVONTE.ru
11.01.2024;MIR-ZAPCHASTEY.ru
11.01.2024;MIRA-MASKI.ru
11.01.2024;MIRA-PROTIVOGAZ.ru
11.01.2024;MIRINZHENERNIKHSISTEM.ru
11.01.2024;MIRNOEADM.ru
11.01.2024;MIRONEWS.ru
11.01.2024;MIROSHKOV.ru
11.01.2024;MIRPLANETA.ru
11.01.2024;MIRTEHNIKI24.ru
11.01.2024;MIRUBRAND.ru
11.01.2024;MIRVTYLOK.ru
11.01.2024;MISAPPQQYI.ru
11.01.2024;MISHBABY.ru
11.01.2024;MISS-WOW.ru
11.01.2024;MISTERAUTO.ru
11.01.2024;MISTRESSES2013.ru
11.01.2024;MITENTO.ru
11.01.2024;MITININFO.ru
11.01.2024;MITROFANOV-TOP.ru
11.01.2024;MIXAIR.ru
11.01.2024;MIXPOTOLOK.ru
11.01.2024;MIZAINO.ru
11.01.2024;MJ-DISCOUNT.ru
11.01.2024;MJBK.ru
11.01.2024;MK-TORUS.ru
11.01.2024;MK555.ru
11.01.2024;MK72.ru
11.01.2024;MKA-FROST.ru
11.01.2024;MKAFROST.ru
11.01.2024;MKCHTZ.ru
11.01.2024;MKK-SIRIUS.ru
11.01.2024;MKNEYRO.ru
11.01.2024;MKOSTJAEV.ru
11.01.2024;MKRMEDIAGROUP.ru
11.01.2024;MKS360IT.ru
11.01.2024;MKSWNIXNEI.ru
11.01.2024;MKTORUS.ru
11.01.2024;ML3.ru
11.01.2024;MLBURO.ru
11.01.2024;MLECHNYPUT.ru
11.01.2024;MLESEGAIS.ru
11.01.2024;MLTDEV.ru
11.01.2024;MMK-STROY.ru
11.01.2024;MMMA.ru
11.01.2024;MMOFILES.ru
11.01.2024;MMTABAC.ru
11.01.2024;MMURANOV.ru
11.01.2024;MNG-PRO.ru
11.01.2024;MNOGO-RESHEBNIKOV.ru
11.01.2024;MNOGODETEI.ru
11.01.2024;MNOGOMIRIE.ru
11.01.2024;MNOGONEWSA.ru
11.01.2024;MNOGOTIRAZHKA.ru
11.01.2024;MNYLST.ru
11.01.2024;MNYTREE.ru
11.01.2024;MOBFRAME.ru
11.01.2024;MOBILE-ACADEMY.ru
11.01.2024;MOBMED.ru
11.01.2024;MOCHALOVAA.ru
11.01.2024;MODAOZUSHI-NAMES.ru
11.01.2024;MODASLAB.ru
11.01.2024;MODAVILON.ru
11.01.2024;MODDINGCOMP.ru
11.01.2024;MODDNEON.ru
11.01.2024;MODEFORM.ru
11.01.2024;MODEL-STORY.ru
11.01.2024;MODERN-PRINT.ru
11.01.2024;MODERNRUSSIA.ru
11.01.2024;MODERNTOOL.ru
11.01.2024;MODMED.ru
11.01.2024;MODULARSYSTEM.ru
11.01.2024;MODULDOM-SIBERIA.ru
11.01.2024;MODULNYEKUHNI.ru
11.01.2024;MOGNEV.ru
11.01.2024;MOISEXFOTO.ru
11.01.2024;MOISEXVIDEO.ru
11.01.2024;MOKINMEBEL.ru
11.01.2024;MOLKODSGN.ru
11.01.2024;MOLOKO24.ru
11.01.2024;MOLPARLAMENT.ru
11.01.2024;MOMENTHAPPY.ru
11.01.2024;MONADASIL.ru
11.01.2024;MONADOSIL.ru
11.01.2024;MONAER-OFFICIAL.ru
11.01.2024;MONAER-RUS.ru
11.01.2024;MONAMISS.ru
11.01.2024;MONCHOUCHOUSPB.ru
11.01.2024;MONDORRO.ru
11.01.2024;MONEY-11.ru
11.01.2024;MONEY-FEST.ru
11.01.2024;MONEY-HUNTER.ru
11.01.2024;MONEYCAME-CARD.ru
11.01.2024;MONEYHELLION.ru
11.01.2024;MONEYLISTT.ru
11.01.2024;MONEYMIRON.ru
11.01.2024;MONEYREGERAL.ru
11.01.2024;MONEYSELLERA.ru
11.01.2024;MONEYSIRON.ru
11.01.2024;MONEYTINER.ru
11.01.2024;MONILE-ACCESSORIES.ru
11.01.2024;MONITOR-SHOP.ru
11.01.2024;MONITTA.ru
11.01.2024;MONO-PAINT.ru
11.01.2024;MONOKROVLY.ru
11.01.2024;MONOLIT-34.ru
11.01.2024;MONOLITHSTEP.ru
11.01.2024;MONOPAINT.ru
11.01.2024;MONROEART.ru
11.01.2024;MONSHTORY.ru
11.01.2024;MONTANA58.ru
11.01.2024;MONTESSORI-DON.ru
11.01.2024;MONYLIST.ru
11.01.2024;MOONMINE.ru
11.01.2024;MOONRAL.ru
11.01.2024;MOONSUITE.ru
11.01.2024;MORE2.ru
11.01.2024;MOREA.ru
11.01.2024;MORELANDIYA.ru
11.01.2024;MORESEA24.ru
11.01.2024;MORIARTYBAR.ru
11.01.2024;MOROSKO.ru
11.01.2024;MORTEEMER.ru
11.01.2024;MORTIMER-RUSSIA.ru
11.01.2024;MOS-BANYA.ru
11.01.2024;MOS-DEV.ru
11.01.2024;MOS-ZONT.ru
11.01.2024;MOSCOW-MOSAIC.ru
11.01.2024;MOSCOW-PROPERTY.ru
11.01.2024;MOSCOW-ROOF.ru
11.01.2024;MOSCOW-STOCK.ru
11.01.2024;MOSCOWCITYTOWERS.ru
11.01.2024;MOSCOWGRANIT.ru
11.01.2024;MOSCOWMOSAIC.ru
11.01.2024;MOSCOWREGION-2009.ru
11.01.2024;MOSCOWRETRO.ru
11.01.2024;MOSDEM.ru
11.01.2024;MOSKVA-PARK.ru
11.01.2024;MOSKVA-STROYMATERIALI.ru
11.01.2024;MOSKVABIZMOD.ru
11.01.2024;MOSKVAPARK.ru
11.01.2024;MOSLOTO.ru
11.01.2024;MOSREGION-NEWS.ru
11.01.2024;MOST-BETTING.ru
11.01.2024;MOST-TD.ru
11.01.2024;MOSZASTAVA.ru
11.01.2024;MOTAKEJIKA.ru
11.01.2024;MOTOAVT.ru
11.01.2024;MOTORCITYMOSCOW.ru
11.01.2024;MOTOVESLO.ru
11.01.2024;MOUNTTOUR.ru
11.01.2024;MOVART.ru
11.01.2024;MOYEZDOROVIE.ru
11.01.2024;MOYKAAVTO.ru
11.01.2024;MOYPSIKPT.ru
11.01.2024;MOYSKLAD-MSK.ru
11.01.2024;MOZHCOLLEGE.ru
11.01.2024;MP3ISX.ru
11.01.2024;MPLABEL.ru
11.01.2024;MR-SHADE.ru
11.01.2024;MRA52.ru
11.01.2024;MRBLOG.ru
11.01.2024;MRGLION.ru
11.01.2024;MRKNA.ru
11.01.2024;MRLJOY.ru
11.01.2024;MROGOS.ru
11.01.2024;MRSHOES.ru
11.01.2024;MSGSM.ru
11.01.2024;MSHEAL.ru
11.01.2024;MSK-AUTOPARK.ru
11.01.2024;MSK-CONSULT.ru
11.01.2024;MSK-IRK.ru
11.01.2024;MSK-PAKET.ru
11.01.2024;MSKNEFT.ru
11.01.2024;MSP-PARTNERS.ru
11.01.2024;MSPVO.ru
11.01.2024;MSV-1.ru
11.01.2024;MTOFHUB.ru
11.01.2024;MTPROJECTS.ru
11.01.2024;MTS-DOMOFON.ru
11.01.2024;MTS-MTS.ru
11.01.2024;MTSGUIDE.ru
11.01.2024;MTSTAGING.ru
11.01.2024;MTTESTING.ru
11.01.2024;MUCHNOY.ru
11.01.2024;MUFI.ru
11.01.2024;MULT-FILM1.ru
11.01.2024;MULTINAVES.ru
11.01.2024;MULTIVISAEXPRESS.ru
11.01.2024;MURCHIR-PAY.ru
11.01.2024;MURINO-ARENA.ru
11.01.2024;MURMANSK-ERSH.ru
11.01.2024;MUSIC-NOTES.ru
11.01.2024;MUSIC-YANDEX-SPECIAL.ru
11.01.2024;MUSICSTYLING.ru
11.01.2024;MUSKURS.ru
11.01.2024;MUSORSNEG.ru
11.01.2024;MUSTASTYLE.ru
11.01.2024;MUZAIVANOVO.ru
11.01.2024;MUZHIG.ru
11.01.2024;MVD46.ru
11.01.2024;MVMG.ru
11.01.2024;MY-ANT.ru
11.01.2024;MY-DENTAL-SOLUTION.ru
11.01.2024;MY-NAVI.ru
11.01.2024;MY-PHOENIX-DNR.ru
11.01.2024;MY-WOOD.ru
11.01.2024;MYAMAZON.ru
11.01.2024;MYBLUEBELL.ru
11.01.2024;MYCLEANPEOPLE.ru
11.01.2024;MYCLOSET.ru
11.01.2024;MYCORDS.ru
11.01.2024;MYCOSHAMBER.ru
11.01.2024;MYDREAMDAY.ru
11.01.2024;MYELECTRONIC.ru
11.01.2024;MYFIREFLY.ru
11.01.2024;MYGOLDREKRUT.ru
11.01.2024;MYHOME-FLOWERS.ru
11.01.2024;MYITMO.ru
11.01.2024;MYIVANOVA.ru
11.01.2024;MYMADLEN.ru
11.01.2024;MYMSANISTORE.ru
11.01.2024;MYMUSICBASE.ru
11.01.2024;MYMYMYMY.ru
11.01.2024;MYOSTAFIEVO.ru
11.01.2024;MYOUNGLEE.ru
11.01.2024;MYPAIR.ru
11.01.2024;MYPREZENT.ru
11.01.2024;MYPRICETREND.ru
11.01.2024;MYREGS.ru
11.01.2024;MYREI.ru
11.01.2024;MYRSGO.ru
11.01.2024;MYSCOOLLIFE8.ru
11.01.2024;MYSWEATERS.ru
11.01.2024;N-BLOG.ru
11.01.2024;N0MAD777.ru
11.01.2024;N1TEXT.ru
11.01.2024;NA-SVTAZI.ru
11.01.2024;NABOKOV-LOFT.ru
11.01.2024;NADEZHDAVET.ru
11.01.2024;NADG.ru
11.01.2024;NADINKINETIC.ru
11.01.2024;NADYSHOKM.ru
11.01.2024;NAELI.ru
11.01.2024;NAGSHOP.ru
11.01.2024;NAHODKA26.ru
11.01.2024;NAILKURS.ru
11.01.2024;NAILSHOP-KALUGA.ru
11.01.2024;NAILVIP.ru
11.01.2024;NAKEVIDEO.ru
11.01.2024;NAKOVER.ru
11.01.2024;NAMOBILU.ru
11.01.2024;NAMRXDH.ru
11.01.2024;NAPLECHE.ru
11.01.2024;NAPOTOLKAH.ru
11.01.2024;NARATPLAST.ru
11.01.2024;NARKO-24.ru
11.01.2024;NARKOLOG-KLINIKA.ru
11.01.2024;NARKOLOGALFA.ru
11.01.2024;NARKOLOGY-EXPRESS.ru
11.01.2024;NARODNYE-SREDSTVA.ru
11.01.2024;NARUTO-BASE.ru
11.01.2024;NARZI.ru
11.01.2024;NASALCSDXL.ru
11.01.2024;NASBOR.ru
11.01.2024;NASH-TOVAR.ru
11.01.2024;NASHGOROD74.ru
11.01.2024;NASTOICHIVOST.ru
11.01.2024;NASTUPAET.ru
11.01.2024;NATALIAFOTOART.ru
11.01.2024;NATALISOKOLOVA.ru
11.01.2024;NATALISTARKOVA.ru
11.01.2024;NATALYMODELS.ru
11.01.2024;NATAXIBOT.ru
11.01.2024;NATFUD.ru
11.01.2024;NATIKABAG.ru
11.01.2024;NATIVIUM.ru
11.01.2024;NATUR-ZDRAV.ru
11.01.2024;NATURASTEEL.ru
11.01.2024;NATVLAD.ru
11.01.2024;NAVES-1.ru
11.01.2024;NAVIENRUS.ru
11.01.2024;NAVIFON.ru
11.01.2024;NAYDIEE.ru
11.01.2024;NAZVEZDU.ru
11.01.2024;NBATVER.ru
11.01.2024;NBLU.ru
11.01.2024;NBOGOMOLOVART.ru
11.01.2024;NBOJARSKIH.ru
11.01.2024;NBU-CONSULTING.ru
11.01.2024;NCEMENA.ru
11.01.2024;NCHUPINA.ru
11.01.2024;NCP26.ru
11.01.2024;ND-RF.ru
11.01.2024;NDE23K.ru
11.01.2024;NDUGCFE.ru
11.01.2024;NE-CHTO.ru
11.01.2024;NE-OTZHIMAET.ru
11.01.2024;NEBULAHARBOR.ru
11.01.2024;NEDOROGIEKUHNI.ru
11.01.2024;NEDOSTUP.ru
11.01.2024;NEED-4-KNIT.ru
11.01.2024;NEED4KNIT.ru
11.01.2024;NEFERTITI-PERFUME.ru
11.01.2024;NEFROCLINIC.ru
11.01.2024;NEFTYANIK-SURGUT.ru
11.01.2024;NEGLASNO.ru
11.01.2024;NEGRO-FIN.ru
11.01.2024;NEIROKURS23.ru
11.01.2024;NEKROPOL23.ru
11.01.2024;NELLOSANTI.ru
11.01.2024;NEMAN-ONLINE.ru
11.01.2024;NENADOLYALYA.ru
11.01.2024;NEO-GEO.ru
11.01.2024;NEOCRYPTO.ru
11.01.2024;NEODENGI.ru
11.01.2024;NEOMECHANIC.ru
11.01.2024;NEON-MILANO.ru
11.01.2024;NEONDEMX.ru
11.01.2024;NEONLEON.ru
11.01.2024;NEPTUNTOMSK.ru
11.01.2024;NEPUCKON.ru
11.01.2024;NEROBKAYA.ru
11.01.2024;NEROLI.ru
11.01.2024;NERTUPOL.ru
11.01.2024;NERZHPROMSTAL.ru
11.01.2024;NESIDOBRO.ru
11.01.2024;NESKUSCHNO.ru
11.01.2024;NESSIPBEKOV.ru
11.01.2024;NESTFILM.ru
11.01.2024;NET-LINE.ru
11.01.2024;NETPOZHARAM.ru
11.01.2024;NEUROGRAPHICS-KOSHELEVA.ru
11.01.2024;NEUTEC-RUS.ru
11.01.2024;NEUTECLIFTS.ru
11.01.2024;NEUTRALEQUIP.ru
11.01.2024;NEVALINNA.ru
11.01.2024;NEVEREVERMIND.ru
11.01.2024;NEW-EATPLAN.ru
11.01.2024;NEW-ESTATE-SOCHI.ru
11.01.2024;NEW-PROJECT-KLIN.ru
11.01.2024;NEW-SIDE.ru
11.01.2024;NEW-STANDOFF.ru
11.01.2024;NEW-YEARS-SURPRASE-RUMADBISON.ru
11.01.2024;NEW4.ru
11.01.2024;NEWART4YOU.ru
11.01.2024;NEWBESTSITE.ru
11.01.2024;NEWERASALES.ru
11.01.2024;NEWINE.ru
11.01.2024;NEWS-PEACE.ru
11.01.2024;NEWS1NUMBER.ru
11.01.2024;NEWS244.ru
11.01.2024;NEWS24SMI4PRO.ru
11.01.2024;NEWS7070.ru
11.01.2024;NEWSDRAGONHEART.ru
11.01.2024;NEWSITE3.ru
11.01.2024;NEWTERMOS.ru
11.01.2024;NEXLAND.ru
11.01.2024;NEXTDEAL.ru
11.01.2024;NEXTLOVELI.ru
11.01.2024;NEXTRA.ru
11.01.2024;NEZABYTOE.ru
11.01.2024;NFTMARKETING.ru
11.01.2024;NGSK2.ru
11.01.2024;NICECAAR.ru
11.01.2024;NICEPARSING.ru
11.01.2024;NICOSHOP.ru
11.01.2024;NIDUBROVINA.ru
11.01.2024;NIGHT-CROWS.ru
11.01.2024;NIGHT-DESIGN.ru
11.01.2024;NIK17.ru
11.01.2024;NIKA-ESTET.ru
11.01.2024;NIKASI.ru
11.01.2024;NIKOFILM.ru
11.01.2024;NIKOLAYPURYUVKIN.ru
11.01.2024;NIKOLSKOEDU.ru
11.01.2024;NIKSOR-KLINIK.ru
11.01.2024;NIKWAAAI.ru
11.01.2024;NIMBUSHAVEN.ru
11.01.2024;NINAYIOGA.ru
11.01.2024;NINELLL.ru
11.01.2024;NINJA-NARUTO.ru
11.01.2024;NINJANARUTO.ru
11.01.2024;NIRMANA.ru
11.01.2024;NIS-TOYS.ru
11.01.2024;NISSAN-KEMEROVO.ru
11.01.2024;NISTOMIN.ru
11.01.2024;NKOCHKUROV.ru
11.01.2024;NKRUSHI.ru
11.01.2024;NKSYSTEM.ru
11.01.2024;NKTDS.ru
11.01.2024;NLERA.ru
11.01.2024;NMAKEEV.ru
11.01.2024;NMASLIY.ru
11.01.2024;NNBOR.ru
11.01.2024;NNESTEROVA77.ru
11.01.2024;NNETWORKS.ru
11.01.2024;NNGG.ru
11.01.2024;NNMASTERA.ru
11.01.2024;NNORENKOVA.ru
11.01.2024;NOBLESSEOBLIGE.ru
11.01.2024;NOCENSOR.ru
11.01.2024;NOCIUM.ru
11.01.2024;NOCRISIS.ru
11.01.2024;NOIMA.ru
11.01.2024;NOK2000-P.ru
11.01.2024;NONCOIN.ru
11.01.2024;NOOLX.ru
11.01.2024;NOOOOK.ru
11.01.2024;NORD-VESTI.ru
11.01.2024;NORDFENIX.ru
11.01.2024;NORDFISHSPB.ru
11.01.2024;NORDGEK-ZOOMIR.ru
11.01.2024;NORDONLINE.ru
11.01.2024;NORLOVSKAJA.ru
11.01.2024;NORTHWESTFENCING.ru
11.01.2024;NOSU01.ru
11.01.2024;NOT-COINS.ru
11.01.2024;NOT2DO.ru
11.01.2024;NOTA-BENE-LBT.ru
11.01.2024;NOTARIUS-ALCHEVSK.ru
11.01.2024;NOTHMEDLIT.ru
11.01.2024;NOUTLIST.ru
11.01.2024;NOUTREMRU.ru
11.01.2024;NOVA-KLUB.ru
11.01.2024;NOVA-ML.ru
11.01.2024;NOVA-SALES.ru
11.01.2024;NOVALINE-COSMETICS.ru
11.01.2024;NOVATOUR-SHOP.ru
11.01.2024;NOVATR-STROY.ru
11.01.2024;NOVET.ru
11.01.2024;NOVOCLUSTER.ru
11.01.2024;NOVOROSPOLYMER.ru
11.01.2024;NOVOSIBIRSK-CLEANING.ru
11.01.2024;NOVOSTI19.ru
11.01.2024;NOVOSTI2.ru
11.01.2024;NOVOSTIB.ru
11.01.2024;NOVOSTIMOSKVA.ru
11.01.2024;NOVOSTROYRP.ru
11.01.2024;NOVTEXVN.ru
11.01.2024;NOVYE-MALOIZVESTNYE-ZAJMY.ru
11.01.2024;NOVYIPOL.ru
11.01.2024;NOWTEH.ru
11.01.2024;NPH4JZW.ru
11.01.2024;NPP-ITELMA.ru
11.01.2024;NPP-NGHOLDING.ru
11.01.2024;NRSECRETS.ru
11.01.2024;NS-DVYAZI.ru
11.01.2024;NS-SVYAZI.ru
11.01.2024;NSK-AVTOSALON.ru
11.01.2024;NSK-CAR.ru
11.01.2024;NSK-TENDER.ru
11.01.2024;NT-LINE.ru
11.01.2024;NTBKI.ru
11.01.2024;NTK-SPB.ru
11.01.2024;NTOPROJECT.ru
11.01.2024;NTSTOOLS.ru
11.01.2024;NTVPLUS-IRKUTSK.ru
11.01.2024;NU-TRACKER.ru
11.01.2024;NUKLIDTRANS.ru
11.01.2024;NULEVOY-CIKL.ru
11.01.2024;NURASIK.ru
11.01.2024;NURISLAMOVA-ALIYA.ru
11.01.2024;NUTRIKERATIN.ru
11.01.2024;NUTRILITE-SHOP.ru
11.01.2024;NUTRITIONOLOGY1.ru
11.01.2024;NUZHNIE-TOVARY.ru
11.01.2024;NVASJUCHENKO.ru
11.01.2024;NY-GOV.ru
11.01.2024;NZABRODINA.ru
11.01.2024;NZMETALLSPB.ru
11.01.2024;O-KNIGA.ru
11.01.2024;O-SPORTS.ru
11.01.2024;O-VOINE-LORDFILM.ru
11.01.2024;OABIGAL.ru
11.01.2024;OAUTHCHECK.ru
11.01.2024;OBED-PODOLSK.ru
11.01.2024;OBMENOTINFO.ru
11.01.2024;OBNINSKSITE.ru
11.01.2024;OBOLEA.ru
11.01.2024;OBONATO.ru
11.01.2024;OBORUDOVANIE-NOZBART.ru
11.01.2024;OBRAZOVANIE174.ru
11.01.2024;OBRAZOVANIE2024.ru
11.01.2024;OBSTETYIOO.ru
11.01.2024;OBUCHENIE-OHRANA-TRUDA.ru
11.01.2024;OBUHOVSKII.ru
11.01.2024;OBZORNAYA.ru
11.01.2024;OCEAN-KRASOTY.ru
11.01.2024;OCEANIA-QUARTET.ru
11.01.2024;OCENI-NAS.ru
11.01.2024;OCENKA-EXPERTA.ru
11.01.2024;OCHKIKAZAHSTAN.ru
11.01.2024;OCHKIKAZAKSTAN.ru
11.01.2024;OCRSTORE.ru
11.01.2024;OCTAVIAWORLD.ru
11.01.2024;OCTB.ru
11.01.2024;OCTO-GROUP.ru
11.01.2024;OCTO-SHOP.ru
11.01.2024;OD3.ru
11.01.2024;ODA0005.ru
11.01.2024;ODACHITATTOO.ru
11.01.2024;ODEON-D.ru
11.01.2024;ODINSHARIK.ru
11.01.2024;ODS-COMPANY.ru
11.01.2024;ODVJF.ru
11.01.2024;OEMLLLPARTS.ru
11.01.2024;OFD-ORD1953.ru
11.01.2024;OFD-ORD2981.ru
11.01.2024;OFD-ORD3148.ru
11.01.2024;OFD-ORD5275.ru
11.01.2024;OFD-ORD5462.ru
11.01.2024;OFD-ORD5597.ru
11.01.2024;OFD-ORD6207.ru
11.01.2024;OFD-ORD6274.ru
11.01.2024;OFD-ORD7370.ru
11.01.2024;OFD-ORD7640.ru
11.01.2024;OFD-ORD7777.ru
11.01.2024;OFD-ORD9977.ru
11.01.2024;OFD4399.ru
11.01.2024;OFD7257.ru
11.01.2024;OFD8309.ru
11.01.2024;OFFICE-ULTRAMODELSAGENCY.ru
11.01.2024;OFFICEAUTO.ru
11.01.2024;OFFICESAMAR.ru
11.01.2024;OFFICIALWARMAIR.ru
11.01.2024;OFFPAYS.ru
11.01.2024;OGANOL.ru
11.01.2024;OGATE.ru
11.01.2024;OGNI-K.ru
11.01.2024;OGNI-NNOV.ru
11.01.2024;OGNIMEDIA.ru
11.01.2024;OGOBOT.ru
11.01.2024;OGOLODACH.ru
11.01.2024;OGORSKIY.ru
11.01.2024;OGOSIPOV.ru
11.01.2024;OGURECHNIK.ru
11.01.2024;OHANAKZN.ru
11.01.2024;OHRANARU.ru
11.01.2024;OILCLICK.ru
11.01.2024;OK-85.ru
11.01.2024;OKARLSON.ru
11.01.2024;OKARTON.ru
11.01.2024;OKAVIA.ru
11.01.2024;OKBOT.ru
11.01.2024;OKBRESIVER.ru
11.01.2024;OKCAMS.ru
11.01.2024;OKEYCONSULT.ru
11.01.2024;OKINDEX.ru
11.01.2024;OKLEIT-AVTO-V-MOSKVE.ru
11.01.2024;OKLEYKA-AVTO-MOSKVA.ru
11.01.2024;OKLEYKA-ORACAL.ru
11.01.2024;OKLEYKA-SUNTEK.ru
11.01.2024;OKNA-2000.ru
11.01.2024;OKNA2-1.ru
11.01.2024;OKNA97.ru
11.01.2024;OKNAMARKT-NOVOKUZNECK.ru
11.01.2024;OKNODVORIK.ru
11.01.2024;OKO24.ru
11.01.2024;OKSANAARIST.ru
11.01.2024;OKSANALYSKO.ru
11.01.2024;OKTRAF.ru
11.01.2024;OKUTEPOVA.ru
11.01.2024;OLATI.ru
11.01.2024;OLD-DESIGN.ru
11.01.2024;OLD-SCHOOL-CS.ru
11.01.2024;OLDHREN.ru
11.01.2024;OLEASPORTCAPITAL.ru
11.01.2024;OLEG-SVEDI.ru
11.01.2024;OLEGZOLOTOV.ru
11.01.2024;OLEH.ru
11.01.2024;OLESHNIK.ru
11.01.2024;OLESYA-FOMINA.ru
11.01.2024;OLGADESIGN.ru
11.01.2024;OLGAOSTAROVA.ru
11.01.2024;OLGASAMARI.ru
11.01.2024;OLHAR.ru
11.01.2024;OLIMPTEST.ru
11.01.2024;OLIO-LENSES.ru
11.01.2024;OLIR-STUDIO.ru
11.01.2024;OLIVELZVTF.ru
11.01.2024;OLIVKI-BAND.ru
11.01.2024;OLSHIVA.ru
11.01.2024;OMALOVA.ru
11.01.2024;OMCIP-EKB.ru
11.01.2024;OMICRONSTAT.ru
11.01.2024;OMK24.ru
11.01.2024;OMMARUSSIA.ru
11.01.2024;OMMLETO.ru
11.01.2024;OMNIFLOW.ru
11.01.2024;OMNIRUN.ru
11.01.2024;OMNISPACE.ru
11.01.2024;OMODA-BAIKAL.ru
11.01.2024;OMSK-LASER.ru
11.01.2024;OMSKCOMPREMONT.ru
11.01.2024;OMSKMODELS.ru
11.01.2024;OMTRJK23.ru
11.01.2024;ONCOSENIOR.ru
11.01.2024;ONCT.ru
11.01.2024;ONDVP.ru
11.01.2024;ONEBREW.ru
11.01.2024;ONEGALLERY.ru
11.01.2024;ONEILLIS.ru
11.01.2024;ONELIVEFUN.ru
11.01.2024;ONEMORECOLA.ru
11.01.2024;ONIONCASINO.ru
11.01.2024;ONLINE-ALFABANK.ru
11.01.2024;ONLINE-VAKANSII.ru
11.01.2024;ONLINE2024BEST.ru
11.01.2024;ONLINEBALI.ru
11.01.2024;ONLINENEWS24TEST.ru
11.01.2024;ONLINETRENDS.ru
11.01.2024;ONLYPB.ru
11.01.2024;ONTVLINE.ru
11.01.2024;OOO-BELAGRO.ru
11.01.2024;OOO-EGROUP.ru
11.01.2024;OOO-ITS37.ru
11.01.2024;OOO-RUBEZH.ru
11.01.2024;OOO-RUSLO.ru
11.01.2024;OOO-SHERIF.ru
11.01.2024;OOO-SPEC.ru
11.01.2024;OOO-STR.ru
11.01.2024;OOO-USM.ru
11.01.2024;OOOAGROPROM.ru
11.01.2024;OOOBALTEVROIMPORT.ru
11.01.2024;OOOBIRD.ru
11.01.2024;OOODAR01.ru
11.01.2024;OOOEKOLAYN.ru
11.01.2024;OOOGSD.ru
11.01.2024;OOOMETALLSERVIS.ru
11.01.2024;OOOMIKKOM.ru
11.01.2024;OOOMYEDEM.ru
11.01.2024;OOONATI.ru
11.01.2024;OOONIKA-M.ru
11.01.2024;OOONIVA.ru
11.01.2024;OOOPRIMEGROUP.ru
11.01.2024;OOOSTK2011.ru
11.01.2024;OOOTDP.ru
11.01.2024;OOOTECHNO.ru
11.01.2024;OOOTESEI.ru
11.01.2024;OOOVENTUM.ru
11.01.2024;OOOZTPVAG.ru
11.01.2024;OOPESTATE.ru
11.01.2024;OPEN-ANKETA24.ru
11.01.2024;OPEN-ARTIST.ru
11.01.2024;OPEN-DISCUS-CLUB.ru
11.01.2024;OPENAI-MENTOR.ru
11.01.2024;OPENARTIST.ru
11.01.2024;OPENING-CREDIT.ru
11.01.2024;OPENKBSU.ru
11.01.2024;OPENMEDICINE.ru
11.01.2024;OPENROBOTS.ru
11.01.2024;OPENSTATUS.ru
11.01.2024;OPENTRAVEL.ru
11.01.2024;OPERA-UNDERWEAR.ru
11.01.2024;OPLANT.ru
11.01.2024;OPLATA2137.ru
11.01.2024;OPLATA2141.ru
11.01.2024;OPORA20-ALTAI.ru
11.01.2024;OPRC-ANKETA.ru
11.01.2024;OPROC-SOC24.ru
11.01.2024;OPTICAL-ONLINE.ru
11.01.2024;OPTIMA-SERT.ru
11.01.2024;OPTISCOPE.ru
11.01.2024;OPTOGAN.ru
11.01.2024;ORCA78.ru
11.01.2024;ORDANAX.ru
11.01.2024;ORDER-1205.ru
11.01.2024;ORDER-4712.ru
11.01.2024;ORDER-7352.ru
11.01.2024;ORDER-7647.ru
11.01.2024;ORDER-PAY.ru
11.01.2024;ORDER-PAYMOMENT.ru
11.01.2024;ORDER1158.ru
11.01.2024;ORDER2936.ru
11.01.2024;ORDER3067.ru
11.01.2024;ORDER4955.ru
11.01.2024;ORDER4972.ru
11.01.2024;ORDER65464.ru
11.01.2024;ORDER7041.ru
11.01.2024;ORDER7757.ru
11.01.2024;ORDER8447.ru
11.01.2024;ORDER8543.ru
11.01.2024;ORG03CH.ru
11.01.2024;ORGPROF.ru
11.01.2024;ORICLINIC.ru
11.01.2024;ORIGAMI-SERVICE.ru
11.01.2024;ORIGINALNYA-KUHNYA.ru
11.01.2024;ORIGINALPW.ru
11.01.2024;ORIGINALSANDCO.ru
11.01.2024;ORMOND.ru
11.01.2024;ORSIS-PITOMNIK.ru
11.01.2024;ORSOCONSTRUCTION.ru
11.01.2024;ORTEN.ru
11.01.2024;ORTIO-SHOP.ru
11.01.2024;ORTO-MAG.ru
11.01.2024;ORVMETHOD.ru
11.01.2024;OS-DAR.ru
11.01.2024;OSAGO-BURN.ru
11.01.2024;OSAGO-ORIGIN.ru
11.01.2024;OSAGO28.ru
11.01.2024;OSAGOMSK.ru
11.01.2024;OSCAR-START.ru
11.01.2024;OSEBESALON.ru
11.01.2024;OSMANDOC.ru
11.01.2024;OSNOVA-PC.ru
11.01.2024;OSNOVI-VKUSA.ru
11.01.2024;OSNOVMEBEL.ru
11.01.2024;OSOBNYAKV.ru
11.01.2024;OSOBNYAKVPERMI.ru
11.01.2024;OSOZNANIE-GREXA.ru
11.01.2024;OSTAP2105.ru
11.01.2024;OSTMET.ru
11.01.2024;OSTRUCK.ru
11.01.2024;OSVPGROUP.ru
11.01.2024;OT-PLATEGHA-OSVOBODIS.ru
11.01.2024;OTCHET68.ru
11.01.2024;OTDELKA-POMESCHENIY.ru
11.01.2024;OTDELKRASOTY.ru
11.01.2024;OTEL-URAL.ru
11.01.2024;OTELDON.ru
11.01.2024;OTLIVYOPTOM.ru
11.01.2024;OTNOSHENIA-EXPERT.ru
11.01.2024;OTPUSK4U.ru
11.01.2024;OTPUSKK4ME.ru
11.01.2024;OTPUSKNAKIPRE.ru
11.01.2024;OTPYSKITYRIZM.ru
11.01.2024;OTT-GROUP.ru
11.01.2024;OTTO-1.ru
11.01.2024;OTZYVY-O-CASINO.ru
11.01.2024;OTZYVYSHAMANZOLOTAREVDMITRIY.ru
11.01.2024;OUTLET2024ONLINE.ru
11.01.2024;OUTPOUNYDU.ru
11.01.2024;OVERBESTAGRO.ru
11.01.2024;OVVA-PRO.ru
11.01.2024;OXILEXAMIN.ru
11.01.2024;OXYTIME.ru
11.01.2024;OZON-GLOBAL.ru
11.01.2024;OZONGLOBAL.ru
11.01.2024;OZPPU.ru
11.01.2024;OZZT.ru
11.01.2024;P-EFIMOV.ru
11.01.2024;P-ELANSKY.ru
11.01.2024;P-O-R-T-F-O-L-I-O.ru
11.01.2024;P-RO.ru
11.01.2024;P0ZYCH.ru
11.01.2024;P1XELAGENCY.ru
11.01.2024;P2PPAYLINKS.ru
11.01.2024;P4P-REALTY.ru
11.01.2024;P64.ru
11.01.2024;PACKETRS1.ru
11.01.2024;PACON.ru
11.01.2024;PADUN-TOUR.ru
11.01.2024;PAFCASINO.ru
11.01.2024;PAGE-3785.ru
11.01.2024;PAGRAER.ru
11.01.2024;PAHOTNOVA.ru
11.01.2024;PAKETOMSK.ru
11.01.2024;PALATKILODKI.ru
11.01.2024;PALKINREST.ru
11.01.2024;PAMPADY.ru
11.01.2024;PAMYAT59.ru
11.01.2024;PANDORA-COMPANY.ru
11.01.2024;PANDORIACRAFT.ru
11.01.2024;PANEPA.ru
11.01.2024;PANKOV-RU.ru
11.01.2024;PANORAMA-NPM.ru
11.01.2024;PANSIONATSEVASTOPOL.ru
11.01.2024;PANSTORE.ru
11.01.2024;PAOGAZINVEST.ru
11.01.2024;PAPAAPARTA.ru
11.01.2024;PARA-KNIG.ru
11.01.2024;PARADIGM-MC.ru
11.01.2024;PARITETTEST.ru
11.01.2024;PARKHOUSEMSK.ru
11.01.2024;PARS-KAREN.ru
11.01.2024;PARSKAREN.ru
11.01.2024;PARTSIDE.ru
11.01.2024;PASADENAS.ru
11.01.2024;PASDOM.ru
11.01.2024;PASHOME.ru
11.01.2024;PASHOUSE.ru
11.01.2024;PASSENGERCAR.ru
11.01.2024;PATENT-REG.ru
11.01.2024;PATHOFGAMER.ru
11.01.2024;PATRIOTGSM.ru
11.01.2024;PAVEL-NOVIKOV77.ru
11.01.2024;PAVELMURSH.ru
11.01.2024;PAVLIKSPB.ru
11.01.2024;PAVLOVGROUP.ru
11.01.2024;PAVLOVOLIMONARIY.ru
11.01.2024;PAVLYA.ru
11.01.2024;PAY-ID552126.ru
11.01.2024;PAY-ID8655524.ru
11.01.2024;PAY-ID884565.ru
11.01.2024;PAY-ID9402.ru
11.01.2024;PAY-ID9501.ru
11.01.2024;PAYD15.ru
11.01.2024;PAYFORTICKETS.ru
11.01.2024;PAYGERCARD.ru
11.01.2024;PAYINGTICKET.ru
11.01.2024;PAYINGTICKETS.ru
11.01.2024;PAYMENT-299.ru
11.01.2024;PAYMENT-305.ru
11.01.2024;PAYMENT-308.ru
11.01.2024;PAYMENT-309.ru
11.01.2024;PAYMENT-310.ru
11.01.2024;PAYMENT-311.ru
11.01.2024;PAYSOO.ru
11.01.2024;PAYSTICKET.ru
11.01.2024;PAYTICKETER.ru
11.01.2024;PAYTRICOLOR.ru
11.01.2024;PAZL-INFO.ru
11.01.2024;PB-GIPP.ru
11.01.2024;PBS-MOSCOW.ru
11.01.2024;PBSMOSCOW.ru
11.01.2024;PC-REMONT-SPB.ru
11.01.2024;PCGREEN.ru
11.01.2024;PCHELKA52.ru
11.01.2024;PCHELOVODPASEKA.ru
11.01.2024;PDAFILE.ru
11.01.2024;PDALIVE.ru
11.01.2024;PDNEVNIK.ru
11.01.2024;PDOT.ru
11.01.2024;PEARL-DENTAL.ru
11.01.2024;PECHATI63.ru
11.01.2024;PECHI-KLADKA-KRD.ru
11.01.2024;PECHI-KLADKA-KRYM.ru
11.01.2024;PECHI-KLADKA-MSK.ru
11.01.2024;PECHI-TALKOFF-A.ru
11.01.2024;PELMESH-SHOP.ru
11.01.2024;PENALTYFOOTBALL.ru
11.01.2024;PENNOE-KOPCHENOE.ru
11.01.2024;PENSIONERI-RESHENIE.ru
11.01.2024;PENZA-KREDIT.ru
11.01.2024;PENZALES58.ru
11.01.2024;PERCAPITA.ru
11.01.2024;PEREDERSHKA.ru
11.01.2024;PEREEZDY-V-MOSKVE.ru
11.01.2024;PEREGORODKI-STANDART.ru
11.01.2024;PERETARKA.ru
11.01.2024;PERETZ-CONSULTING.ru
11.01.2024;PERFECT-LANGUAGE.ru
11.01.2024;PERFECTO-DOORS.ru
11.01.2024;PERILA-SOCHI-ADLER.ru
11.01.2024;PERILAVMOSKVE.ru
11.01.2024;PERM-IMPLANT.ru
11.01.2024;PERONDA12.ru
11.01.2024;PERSONAGRATA29.ru
11.01.2024;PERSPEKTIVA-IRK.ru
11.01.2024;PERWOOSCKOLA.ru
11.01.2024;PESCO-IT.ru
11.01.2024;PESCOIT.ru
11.01.2024;PESHNOSHAMON.ru
11.01.2024;PESOCHNIZZA.ru
11.01.2024;PESOK-STROY.ru
11.01.2024;PESOKBELGOROD.ru
11.01.2024;PESTOBISTRO.ru
11.01.2024;PESTOV-1.ru
11.01.2024;PETRO-NN-PRO.ru
11.01.2024;PETROCHEMICAL.ru
11.01.2024;PETROV-IP.ru
11.01.2024;PETROVAEVENT.ru
11.01.2024;PETROVAIDEA.ru
11.01.2024;PEUGEOT-3008.ru
11.01.2024;PEUGEOT-5008.ru
11.01.2024;PEUGEOT2008.ru
11.01.2024;PEUGEOT4008.ru
11.01.2024;PEXIWIZARDSA.ru
11.01.2024;PEXIWIZARDSE.ru
11.01.2024;PEXIWIZARDSI.ru
11.01.2024;PEXIWIZARDSO.ru
11.01.2024;PEXIWIZARDSU.ru
11.01.2024;PEYKEFIR.ru
11.01.2024;PG4.ru
11.01.2024;PGRESTA.ru
11.01.2024;PHARMA-WORLD.ru
11.01.2024;PHARMACIA-PRIOZERSK.ru
11.01.2024;PHARMAGO.ru
11.01.2024;PHARMATECH-JV.ru
11.01.2024;PHARMPAC.ru
11.01.2024;PHOBAR.ru
11.01.2024;PHOENIXINVEST.ru
11.01.2024;PHOTO-ANAPA23.ru
11.01.2024;PHOTO-LIRIK.ru
11.01.2024;PHOTO63.ru
11.01.2024;PHOTO7YA.ru
11.01.2024;PHOTOADVENTURE.ru
11.01.2024;PHOTOBIOSCHOOL.ru
11.01.2024;PHOTOJOURNEY.ru
11.01.2024;PHOTOKURS24.ru
11.01.2024;PHOTOS-M.ru
11.01.2024;PHYSIOTHERAPY26.ru
11.01.2024;PIATI.ru
11.01.2024;PICHUGOVA.ru
11.01.2024;PICKSHOES.ru
11.01.2024;PICTURE-GALLERY.ru
11.01.2024;PIGCRAFT.ru
11.01.2024;PIIV.ru
11.01.2024;PIJAMARAMA.ru
11.01.2024;PIK-MODUL.ru
11.01.2024;PIKMODUL.ru
11.01.2024;PIKO-KITCHEN.ru
11.01.2024;PIKOKITCHEN.ru
11.01.2024;PILLOWMAG.ru
11.01.2024;PILOFORM-MSK.ru
11.01.2024;PILOMATERIALY-74.ru
11.01.2024;PILOTMOBIL.ru
11.01.2024;PINKLADY.ru
11.01.2024;PINNACLENEST.ru
11.01.2024;PINSAPOSITANA.ru
11.01.2024;PINTA24.ru
11.01.2024;PINUPGAMESCASINO.ru
11.01.2024;PINUPSLOTS-WIN.ru
11.01.2024;PINUPVIP-CAZINO.ru
11.01.2024;PIPAPAMUY.ru
11.01.2024;PIROGALEX.ru
11.01.2024;PISHALKING.ru
11.01.2024;PISHICHITAI-K26.ru
11.01.2024;PISHIRISUI.ru
11.01.2024;PITBULLBESTSTAR.ru
11.01.2024;PITCLUB.ru
11.01.2024;PITERPILIT.ru
11.01.2024;PITERSTARTER.ru
11.01.2024;PITERTSOV.ru
11.01.2024;PITLAIN.ru
11.01.2024;PITOKA.ru
11.01.2024;PITOMNIK-GORKH.ru
11.01.2024;PITSTOP-KAT.ru
11.01.2024;PIXELHERO.ru
11.01.2024;PIXELNEST.ru
11.01.2024;PIXELPRIME.ru
11.01.2024;PIXU.ru
11.01.2024;PIZZAKUS36.ru
11.01.2024;PIZZAMEGAPLUS.ru
11.01.2024;PIZZAPALERMO.ru
11.01.2024;PIZZAVMAESTRO.ru
11.01.2024;PK-DISCOUNT.ru
11.01.2024;PKGK3.ru
11.01.2024;PKSP.ru
11.01.2024;PLAATI.ru
11.01.2024;PLAMODYANOV.ru
11.01.2024;PLAN-F.ru
11.01.2024;PLANETA-RTI.ru
11.01.2024;PLANETA-S.ru
11.01.2024;PLANETATENDER.ru
11.01.2024;PLANQ.ru
11.01.2024;PLARI.ru
11.01.2024;PLATFORMEXPERT.ru
11.01.2024;PLATINUM-RAY.ru
11.01.2024;PLATINUMRAY.ru
11.01.2024;PLATON-TECH.ru
11.01.2024;PLATTI.ru
11.01.2024;PLAYGOOGLESERVICES.ru
11.01.2024;PLAYGOOQLE.ru
11.01.2024;PLAYMANIA-SHOP.ru
11.01.2024;PLAYSWITCH.ru
11.01.2024;PLAZA-38.ru
11.01.2024;PLFTI.ru
11.01.2024;PLIEVA-COLLECTION.ru
11.01.2024;PLITKA-EQUIPE.ru
11.01.2024;PLITKA-VANNY.ru
11.01.2024;PLITOCHNIK33.ru
11.01.2024;PLLATI.ru
11.01.2024;PLODYLISTYA.ru
11.01.2024;PLTAI.ru
11.01.2024;PLUS-KOLESA.ru
11.01.2024;PLUS-MSC.ru
11.01.2024;PLUSTRADING.ru
11.01.2024;PLUSU.ru
11.01.2024;PM-CARD.ru
11.01.2024;PM-PM.ru
11.01.2024;POBEDA13.ru
11.01.2024;POBEDAKINO.ru
11.01.2024;POCHERKEXPERT.ru
11.01.2024;POCHINOKINTERNAT.ru
11.01.2024;POCLHTA.ru
11.01.2024;PODARKI-SLADOSTI.ru
11.01.2024;PODBERIVUZ.ru
11.01.2024;PODGOTOVKA-VODY.ru
11.01.2024;PODKOVA-20.ru
11.01.2024;PODLESNOE-SP.ru
11.01.2024;PODLESNYKHDARYA.ru
11.01.2024;PODOLSK-INSTRUMENT.ru
11.01.2024;PODRYADNIK.ru
11.01.2024;PODSLUSHANO13.ru
11.01.2024;POGNALY.ru
11.01.2024;POGODA-W-MOSKVE.ru
11.01.2024;POGODADURDUR.ru
11.01.2024;POGRANICHE.ru
11.01.2024;POISK-BANKOMATA.ru
11.01.2024;POKEGAME.ru
11.01.2024;POKER-CHIP.ru
11.01.2024;POKERCHIPS.ru
11.01.2024;POLEEVA-1.ru
11.01.2024;POLEZNIY-YURIST-EKB.ru
11.01.2024;POLEZNOE-MASLO.ru
11.01.2024;POLIGON63.ru
11.01.2024;POLIMEROOM.ru
11.01.2024;POLITIAS.ru
11.01.2024;POLIVSAMARA.ru
11.01.2024;POLLARSRENT.ru
11.01.2024;POLOVICHOK-EKB.ru
11.01.2024;POLUMASKA.ru
11.01.2024;POLYA-BUYANOVA-NAIL-SCHOOL.ru
11.01.2024;POLYMAIL.ru
11.01.2024;POMIDOOR.ru
11.01.2024;POMOGATOR196.ru
11.01.2024;POMPADU.ru
11.01.2024;POODING.ru
11.01.2024;POOLTOOL.ru
11.01.2024;POOSHIBKE.ru
11.01.2024;POPJOURNALS.ru
11.01.2024;POPLEVINAALENA-ALENA.ru
11.01.2024;POPULAR-JOURNAL.ru
11.01.2024;PORNSPAM.ru
11.01.2024;PORTALDINAMICOADMISTRATIVO.ru
11.01.2024;PORTALSS.ru
11.01.2024;POS-EX.ru
11.01.2024;POSCLK.ru
11.01.2024;POSEX.ru
11.01.2024;POSHIVPREMIUM.ru
11.01.2024;POSTEX-GROUP.ru
11.01.2024;POSTMIX-BARGUN.ru
11.01.2024;POSTMIX-SERVICE.ru
11.01.2024;POSTROITDOMDESHEVO.ru
11.01.2024;POSTUPIPOLYBVI.ru
11.01.2024;POTAPOV-VRN.ru
11.01.2024;POTAPOVSDESIGN.ru
11.01.2024;POTENCE24.ru
11.01.2024;POTENCIYA-DOSTAVKA24.ru
11.01.2024;POTEXI.ru
11.01.2024;POTOKKLIENTOV.ru
11.01.2024;POTOLKIKLIN.ru
11.01.2024;POTOLKIRUS.ru
11.01.2024;POTOLOK-VLADIMIR.ru
11.01.2024;POUSLUGAM.ru
11.01.2024;POWERSTRIKE.ru
11.01.2024;POZDRAV-KRASIVO.ru
11.01.2024;POZITIVBUH.ru
11.01.2024;PPOLIMER.ru
11.01.2024;PPPOKER1.ru
11.01.2024;PPSNEAKERS.ru
11.01.2024;PRACTICESPOT.ru
11.01.2024;PRAKTIKA-CENTER.ru
11.01.2024;PRAKTIKAVTO.ru
11.01.2024;PRANKPLASE.ru
11.01.2024;PRAVDA-APARTAMENTS.ru
11.01.2024;PRAVDA-HOUSE.ru
11.01.2024;PRAVDA-RESIDENCE.ru
11.01.2024;PRAVILOSERVICE.ru
11.01.2024;PRAVO-NARODA.ru
11.01.2024;PRAVONAPRAVO.ru
11.01.2024;PRE24NEWS.ru
11.01.2024;PREDICTIV.ru
11.01.2024;PREDKICONTENT.ru
11.01.2024;PREDSTUGRA.ru
11.01.2024;PREMERY.ru
11.01.2024;PREMIUM-SUVENIR.ru
11.01.2024;PRESENTGOLD.ru
11.01.2024;PRESIDENT-FISH.ru
11.01.2024;PRI4E.ru
11.01.2024;PRICE-CHECK.ru
11.01.2024;PRICEP-KAZ.ru
11.01.2024;PRICETREND.ru
11.01.2024;PRIDECARS.ru
11.01.2024;PRILOZENIE-ZENIT.ru
11.01.2024;PRIME-AVTOS.ru
11.01.2024;PRIME-SALON.ru
11.01.2024;PRIMEGEAR.ru
11.01.2024;PRIMER-SPB.ru
11.01.2024;PRIMETEXNO.ru
11.01.2024;PRIMORIE-SANATORIUM.ru
11.01.2024;PRINT-BANNER.ru
11.01.2024;PRINT-FABRICK.ru
11.01.2024;PRIORAT-ELITE.ru
11.01.2024;PRIVOD-SPB.ru
11.01.2024;PRIZE-BOX24.ru
11.01.2024;PRIZEPVARENDU.ru
11.01.2024;PRJAGA.ru
11.01.2024;PRO-AGENCY.ru
11.01.2024;PRO-BLITZ.ru
11.01.2024;PRO-DYHANIE.ru
11.01.2024;PRO-FURNITURA.ru
11.01.2024;PRO-GOGOLYA.ru
11.01.2024;PRO-KMV.ru
11.01.2024;PRO-LEAD.ru
11.01.2024;PRO-MIR.ru
11.01.2024;PRO-MOLODOST.ru
11.01.2024;PRO-PRIVODY.ru
11.01.2024;PRO100FIS.ru
11.01.2024;PRO100STOM.ru
11.01.2024;PRO86SERVICE.ru
11.01.2024;PROAUTORUS.ru
11.01.2024;PROBITSTARZ.ru
11.01.2024;PROBNY2.ru
11.01.2024;PROCLEANING-27.ru
11.01.2024;PRODAZHA-NA-MARKETPLEJSAH.ru
11.01.2024;PRODDOM.ru
11.01.2024;PRODIMEX-SELECTION.ru
11.01.2024;PRODIMEXSELECTION.ru
11.01.2024;PRODLAIN.ru
11.01.2024;PRODOMCLICK.ru
11.01.2024;PRODOMMOSCOW.ru
11.01.2024;PRODUCT-BUSINESS.ru
11.01.2024;PRODUKT-PITANIYA.ru
11.01.2024;PROEKT47.ru
11.01.2024;PROEKTMAI.ru
11.01.2024;PROEKTTEPLO.ru
11.01.2024;PROF-REZERV.ru
11.01.2024;PROFACT.ru
11.01.2024;PROFAVTOSNAB.ru
11.01.2024;PROFESSIONAL-AUDIT.ru
11.01.2024;PROFFCLEAN-24.ru
11.01.2024;PROFIMOROTMARKETPLASE.ru
11.01.2024;PROFISER.ru
11.01.2024;PROFIT-CONSULT.ru
11.01.2024;PROFITAPTEKA.ru
11.01.2024;PROFLADY.ru
11.01.2024;PROFREELANCING.ru
11.01.2024;PROGECTYSMU.ru
11.01.2024;PROGMATIX.ru
11.01.2024;PROGNOSTIKI.ru
11.01.2024;PROGRAMMIR.ru
11.01.2024;PROGRESS-MATH.ru
11.01.2024;PROGRESSMATH.ru
11.01.2024;PROHALAL-FAUNIA.ru
11.01.2024;PROJECT-VEKTOR.ru
11.01.2024;PROJECTGEO.ru
11.01.2024;PROJECTPL.ru
11.01.2024;PROJEKT74.ru
11.01.2024;PROKAT-AVTOLIDER.ru
11.01.2024;PROKAT-FORSAZH.ru
11.01.2024;PROKAT-KVADRO24.ru
11.01.2024;PROMACSERVICE.ru
11.01.2024;PROMALPSAMARA.ru
11.01.2024;PROMARKETING38.ru
11.01.2024;PROMAVRITANIJU.ru
11.01.2024;PROMBEZ73.ru
11.01.2024;PROMEBEL36.ru
11.01.2024;PROMETEY-SYSTEMS.ru
11.01.2024;PROMGRAD59.ru
11.01.2024;PROMKOTLI.ru
11.01.2024;PROMO-BOGATYR.ru
11.01.2024;PROMOKODBET.ru
11.01.2024;PROMOROZOVSK.ru
11.01.2024;PROMOSTOCK.ru
11.01.2024;PROMOTION4YOU.ru
11.01.2024;PROMPRITSEP.ru
11.01.2024;PROMSTROYMSK.ru
11.01.2024;PRONEWS24PRO.ru
11.01.2024;PRONEZIS.ru
11.01.2024;PRONXUB.ru
11.01.2024;PROPHOTOLIVE.ru
11.01.2024;PROPROFNASTIL.ru
11.01.2024;PROSELLERS.ru
11.01.2024;PROSKURINA-LENA.ru
11.01.2024;PROSLAVU.ru
11.01.2024;PROSTAVELL-FORTE.ru
11.01.2024;PROSTO-LIFE.ru
11.01.2024;PROSTOREMONTKV.ru
11.01.2024;PROSTORINFO.ru
11.01.2024;PROSTOYAUDIT.ru
11.01.2024;PROSTRANSTVO-AURA.ru
11.01.2024;PROSTRANSTVOAURA.ru
11.01.2024;PROSTROIMONTAGE.ru
11.01.2024;PROSVETLENNYE.ru
11.01.2024;PROSVIRINAV.ru
11.01.2024;PROTHOTS.ru
11.01.2024;PROTIVOGAZ-MIRA.ru
11.01.2024;PROVIDEOSTUDIA.ru
11.01.2024;PROVODNAA-MOUSE-CYBER-DNS-SHOP.ru
11.01.2024;PRSOC.ru
11.01.2024;PRSTV.ru
11.01.2024;PRSUTISIR.ru
11.01.2024;PRYAGKINDOM.ru
11.01.2024;PS5-ARENDA-SPB.ru
11.01.2024;PSE-SPARK.ru
11.01.2024;PSIHOLOG-EUROPE.ru
11.01.2024;PSK-VYSOTA.ru
11.01.2024;PSP-GAMES.ru
11.01.2024;PSSBANK.ru
11.01.2024;PSXIMG.ru
11.01.2024;PSY-CLINIC.ru
11.01.2024;PSY-EGOROVA.ru
11.01.2024;PSY-JOURNAL.ru
11.01.2024;PSYBALANCE.ru
11.01.2024;PSYCHOPATH-SHTAINER.ru
11.01.2024;PSYCHOSOMATICCODE.ru
11.01.2024;PTL-SPACE.ru
11.01.2024;PTR-SPB.ru
11.01.2024;PU-SITO.ru
11.01.2024;PULSECORP.ru
11.01.2024;PULT-AI.ru
11.01.2024;PULTAI.ru
11.01.2024;PUPAVCEV.ru
11.01.2024;PURELIST.ru
11.01.2024;PUREPERFUME.ru
11.01.2024;PURIFIED.ru
11.01.2024;PURNOV-KURS.ru
11.01.2024;PURTO.ru
11.01.2024;PUSHKINHOTELTVER.ru
11.01.2024;PUSHKINO-KREDIT.ru
11.01.2024;PUST-GOVORJAT1.ru
11.01.2024;PUTINEYE.ru
11.01.2024;PUTRAK.ru
11.01.2024;PUWA.ru
11.01.2024;PUZZLE-INFO.ru
11.01.2024;PVCONSULT.ru
11.01.2024;PVCVISA.ru
11.01.2024;PWRSTORE.ru
11.01.2024;PYRO338.ru
11.01.2024;PYTHON-PEARL.ru
11.01.2024;Q-F-P.ru
11.01.2024;QC-ZELENOGRAD.ru
11.01.2024;QFXA4N8.ru
11.01.2024;QILUEXCAVATOR.ru
11.01.2024;QLIKE.ru
11.01.2024;QOWROVS7.ru
11.01.2024;QSCAX.ru
11.01.2024;QTABB.ru
11.01.2024;QTICETS.ru
11.01.2024;QTICKERS.ru
11.01.2024;QTICKES.ru
11.01.2024;QTZ28.ru
11.01.2024;QUADDRIVE.ru
11.01.2024;QUALITY-NEWS.ru
11.01.2024;QUANTUMCAPITAL.ru
11.01.2024;QUANTUMCORE.ru
11.01.2024;QUANTUMHUB.ru
11.01.2024;QUARTA-IOT.ru
11.01.2024;QUARTZPROEKT.ru
11.01.2024;QUEEX.ru
11.01.2024;QUERSUS.ru
11.01.2024;QUICK-PANEL.ru
11.01.2024;QUICKLAUNCH.ru
11.01.2024;QUICKON.ru
11.01.2024;QUICKRESTOMSK.ru
11.01.2024;QUIZTRK.ru
11.01.2024;QWAKE.ru
11.01.2024;R-PLUS.ru
11.01.2024;R-SEASON.ru
11.01.2024;R3PEE.ru
11.01.2024;R7-GLOBAL.ru
11.01.2024;R91.ru
11.01.2024;RA-CITY31.ru
11.01.2024;RA-TATTOO.ru
11.01.2024;RA0SMS-SHOP.ru
11.01.2024;RABADANOV.ru
11.01.2024;RABBITOS.ru
11.01.2024;RABIXY.ru
11.01.2024;RABOOTA.ru
11.01.2024;RABOTA-5KA.ru
11.01.2024;RAD-AMUR.ru
11.01.2024;RADBIO2020.ru
11.01.2024;RADCAR.ru
11.01.2024;RADIO-GARDEN.ru
11.01.2024;RADIODOCTOR.ru
11.01.2024;RADIOGARDEN.ru
11.01.2024;RADIOHOBBY.ru
11.01.2024;RADIOMANIYA.ru
11.01.2024;RADIOMYRA.ru
11.01.2024;RADONELLO.ru
11.01.2024;RAILCRAFT.ru
11.01.2024;RAILYA.ru
11.01.2024;RAISATGOOR.ru
11.01.2024;RAKI-NMSK.ru
11.01.2024;RAM2024.ru
11.01.2024;RAMENBET174.ru
11.01.2024;RAMMI.ru
11.01.2024;RANDOMIZE.ru
11.01.2024;RANENBURGTEP.ru
11.01.2024;RAPIDCASINO.ru
11.01.2024;RAPIDHUNT.ru
11.01.2024;RAQI.ru
11.01.2024;RASATOUR.ru
11.01.2024;RASH-ART.ru
11.01.2024;RASHART.ru
11.01.2024;RASHMEBEL.ru
11.01.2024;RASKHOD-TOPLIVA.ru
11.01.2024;RASPRAVA.ru
11.01.2024;RASPUTINSPA.ru
11.01.2024;RATING-BANKOV.ru
11.01.2024;RATING-COURSE.ru
11.01.2024;RATUSHEV.ru
11.01.2024;RAVAKMSK.ru
11.01.2024;RAVNOPRAVIE24.ru
11.01.2024;RAVZALOVA.ru
11.01.2024;RAY-OF-HOPE.ru
11.01.2024;RAZ23.ru
11.01.2024;RAZBORKA-VIGONKA.ru
11.01.2024;RAZDVIZHNYE.ru
11.01.2024;RAZIN-PRO.ru
11.01.2024;RBBV.ru
11.01.2024;RBK13.ru
11.01.2024;RBKGRUPP.ru
11.01.2024;RBS-1.ru
11.01.2024;RCITY.ru
11.01.2024;RCKRYLIA.ru
11.01.2024;RD-MANLOC.ru
11.01.2024;RD-TECH.ru
11.01.2024;RE-MONTIROVKA.ru
11.01.2024;RE-MOTION.ru
11.01.2024;REAFARM.ru
11.01.2024;REAL100.ru
11.01.2024;REAL360.ru
11.01.2024;REAL72.ru
11.01.2024;REALBLOG-24.ru
11.01.2024;REALCODING.ru
11.01.2024;REALESTATEPLATFORM.ru
11.01.2024;REALFANS.ru
11.01.2024;REALTY-OFFICES.ru
11.01.2024;REALTYKRYM.ru
11.01.2024;REBORN-SAMARA.ru
11.01.2024;REBRO1.ru
11.01.2024;RECEPTOR-FOOD.ru
11.01.2024;RECOPSY.ru
11.01.2024;RECRUTINGMACHINE.ru
11.01.2024;RECUPERATORS.ru
11.01.2024;RED-HUB.ru
11.01.2024;REDEMPTION-PROJECT.ru
11.01.2024;REDFOXRUS.ru
11.01.2024;REDIAL-KURS.ru
11.01.2024;REEDGNZM.ru
11.01.2024;REFCOMPONENT.ru
11.01.2024;REFCOOL-APP.ru
11.01.2024;REGINATKACHENKO01.ru
11.01.2024;REGINFORUS.ru
11.01.2024;REGIONALIST.ru
11.01.2024;REHAB-FAMILY-MSK.ru
11.01.2024;REHAUKITCHEN.ru
11.01.2024;REITCLUB.ru
11.01.2024;REJTING-SMARTFONOV-XIAOMI.ru
11.01.2024;REKI-KANALI.ru
11.01.2024;REKLAMA-32.ru
11.01.2024;REKLAMA-REVDA.ru
11.01.2024;REKLAMA-SPAM.ru
11.01.2024;REKLAMABIZNES.ru
11.01.2024;RELEARNING.ru
11.01.2024;RELOSCOPE.ru
11.01.2024;RELSY-RELSY-SURGUT.ru
11.01.2024;REM-SIB.ru
11.01.2024;REMBALASHIHA.ru
11.01.2024;REMBS.ru
11.01.2024;REMBYT-RYAZAN.ru
11.01.2024;REMCAB.ru
11.01.2024;REMCOMPHELP.ru
11.01.2024;REMOMSK.ru
11.01.2024;REMONT-BOSCH-MOSCOW.ru
11.01.2024;REMONT-CONSTANTA.ru
11.01.2024;REMONT-ELECTRO-TRANSPORTA.ru
11.01.2024;REMONT-ELECTROSAMOKATOV.ru
11.01.2024;REMONT-HD-MASTER.ru
11.01.2024;REMONT-STIRALNIX-NA-DOMU.ru
11.01.2024;REMONTCONSULT.ru
11.01.2024;REMONTELEVIZOROV.ru
11.01.2024;REMONTHOLODILNIKI.ru
11.01.2024;REMONTNA100.ru
11.01.2024;REMONTTELEFONA.ru
11.01.2024;REMOREMONT.ru
11.01.2024;REMOTE.ru
11.01.2024;REMSTROYINFO.ru
11.01.2024;REMYLAND.ru
11.01.2024;REN-SAMARA.ru
11.01.2024;RENAULT-GAGARINA.ru
11.01.2024;RENAULT40.ru
11.01.2024;RENDHOST.ru
11.01.2024;RENEWS24.ru
11.01.2024;RENM.ru
11.01.2024;RENT-SKI.ru
11.01.2024;RENT-WAY.ru
11.01.2024;RENTAFONT.ru
11.01.2024;RENTIKI.ru
11.01.2024;RENTJEEP.ru
11.01.2024;RENTSUV.ru
11.01.2024;REPAINTING.ru
11.01.2024;REPATRIATE.ru
11.01.2024;REPEAT77.ru
11.01.2024;REPETITAN.ru
11.01.2024;REPITION.ru
11.01.2024;REPLICAIRPODS.ru
11.01.2024;REPLITKA.ru
11.01.2024;REPUBLIC-NEWS.ru
11.01.2024;REPUBLICOFCOFFEE.ru
11.01.2024;RES-VRN.ru
11.01.2024;RESAT-M.ru
11.01.2024;RESEL13.ru
11.01.2024;RESILVER.ru
11.01.2024;RESO-STROY.ru
11.01.2024;RESPAMYTNIK.ru
11.01.2024;RESPIRATOR-MIRA.ru
11.01.2024;RESPIRATORMIRA.ru
11.01.2024;RESTEH.ru
11.01.2024;RESTHUTOROK.ru
11.01.2024;RESTOCIFRY.ru
11.01.2024;RESTORAN-ALTAIR.ru
11.01.2024;RESTORAN-BULGAR.ru
11.01.2024;RESTORANMEBELBIZ.ru
11.01.2024;RESTORE77.ru
11.01.2024;RESTPARKET.ru
11.01.2024;RETAIL-CONSULTING.ru
11.01.2024;RETRIT2024.ru
11.01.2024;RETROHOST.ru
11.01.2024;REUPGRADE.ru
11.01.2024;REV-DM.ru
11.01.2024;REWARDSD-FF-GAPENA.ru
11.01.2024;REWERS-FF-GARENA.ru
11.01.2024;REXSOKOLOV.ru
11.01.2024;REZERVU.ru
11.01.2024;RFNBIKE.ru
11.01.2024;RGBSHOP.ru
11.01.2024;RHINOCOATING.ru
11.01.2024;RHINOHELP.ru
11.01.2024;RI-TOP.ru
11.01.2024;RIANO.ru
11.01.2024;RIBPOST.ru
11.01.2024;RICCIGROUP.ru
11.01.2024;RICHBROWS.ru
11.01.2024;RICHWATER.ru
11.01.2024;RICKSBAR.ru
11.01.2024;RIDESERVICE.ru
11.01.2024;RIELT-TURCIA.ru
11.01.2024;RIELTOR-UFA.ru
11.01.2024;RIIA.ru
11.01.2024;RILECJLP.ru
11.01.2024;RINAPESHKOVA.ru
11.01.2024;RING-TATJANA.ru
11.01.2024;RINSPROM.ru
11.01.2024;RIOBET-BET10.ru
11.01.2024;RIOBET-BET11.ru
11.01.2024;RIOBET-ZIN12.ru
11.01.2024;RIOBET-ZIN13.ru
11.01.2024;RIOBETCASINOPLAY77X7.ru
11.01.2024;RIOBETPLAYA7X7.ru
11.01.2024;RISEOFMERLINRU1.ru
11.01.2024;RITHUM.ru
11.01.2024;RITUALOFF.ru
11.01.2024;RITUALVRN.ru
11.01.2024;RIXDIGITAL.ru
11.01.2024;RIZO-PRESS.ru
11.01.2024;RIZOMA-AUTO.ru
11.01.2024;RJF2NJ.ru
11.01.2024;RKONSULT.ru
11.01.2024;RKPKSPO.ru
11.01.2024;RKSTAR.ru
11.01.2024;RMETALLTEH.ru
11.01.2024;RMK61.ru
11.01.2024;RNCB24.ru
11.01.2024;RNDA.ru
11.01.2024;RNP-NET.ru
11.01.2024;RNPNET.ru
11.01.2024;RNRRB.ru
11.01.2024;ROBOTAEU.ru
11.01.2024;ROBOTART.ru
11.01.2024;ROCKETIT.ru
11.01.2024;ROCKETQUEENWINN.ru
11.01.2024;ROCKPUBSPB.ru
11.01.2024;ROCKY2.ru
11.01.2024;ROINSON.ru
11.01.2024;ROLKI.ru
11.01.2024;ROMANOVA-DARIA7.ru
11.01.2024;ROMANSHCHERBAKOV.ru
11.01.2024;ROMASHKA-SWSD.ru
11.01.2024;ROMASHKA08.ru
11.01.2024;ROMEODILUSSO.ru
11.01.2024;ROMVAYA.ru
11.01.2024;ROOBY.ru
11.01.2024;ROOF-SOUND.ru
11.01.2024;ROOMLIST.ru
11.01.2024;ROSCRP.ru
11.01.2024;ROSENERGOSET.ru
11.01.2024;ROSENERGY26.ru
11.01.2024;ROSEOIL.ru
11.01.2024;ROSEXPERTCENTR.ru
11.01.2024;ROSFINROST.ru
11.01.2024;ROSKOMTORG.ru
11.01.2024;ROSPEC.ru
11.01.2024;ROSREESTR27.ru
11.01.2024;ROSSTROYZ.ru
11.01.2024;ROXAUTO.ru
11.01.2024;ROYAL-CLIMA-AIR.ru
11.01.2024;ROYALNEVASPB.ru
11.01.2024;RPIVA.ru
11.01.2024;RPTC.ru
11.01.2024;RS-1520.ru
11.01.2024;RSB-PULT.ru
11.01.2024;RSINFO11.ru
11.01.2024;RSOPC.ru
11.01.2024;RSSVIEWER.ru
11.01.2024;RT-AUTO.ru
11.01.2024;RTINGS.ru
11.01.2024;RTISILICON.ru
11.01.2024;RTKTRUCK.ru
11.01.2024;RTS-PLASTIC.ru
11.01.2024;RTUTU.ru
11.01.2024;RU-ID4435.ru
11.01.2024;RU-SECURITY5538.ru
11.01.2024;RU-SECURITY8227.ru
11.01.2024;RU4553.ru
11.01.2024;RUBIN-61.ru
11.01.2024;RUCHKINO.ru
11.01.2024;RUCHKIOPTOM.ru
11.01.2024;RUDETAL.ru
11.01.2024;RUDNPROMASTER.ru
11.01.2024;RUDNPROMASTERR.ru
11.01.2024;RUDNPROMENTOR.ru
11.01.2024;RUDOPISOV.ru
11.01.2024;RUFILTR.ru
11.01.2024;RUGBY-RU.ru
11.01.2024;RUKADELKINO.ru
11.01.2024;RUKOMEN.ru
11.01.2024;RUMAGUIDE.ru
11.01.2024;RUMAVTOBUS.ru
11.01.2024;RUN-COFFEE.ru
11.01.2024;RUNCOFFEE.ru
11.01.2024;RUNJK.ru
11.01.2024;RUS-2843.ru
11.01.2024;RUS-SKI-PARK.ru
11.01.2024;RUSAVTOMOTO.ru
11.01.2024;RUSBANYASTROY.ru
11.01.2024;RUSEGBIZ.ru
11.01.2024;RUSENDER-F.ru
11.01.2024;RUSHKOVSKAYA1.ru
11.01.2024;RUSLANABALABANOVA.ru
11.01.2024;RUSLANKASHAEV.ru
11.01.2024;RUSLANTOPADMIN.ru
11.01.2024;RUSPODARKISHOP.ru
11.01.2024;RUSPRN.ru
11.01.2024;RUSS-SHOP.ru
11.01.2024;RUSSCABLE.ru
11.01.2024;RUSSIAN-NET.ru
11.01.2024;RUSSIAN-O-GERMANY.ru
11.01.2024;RUSSIANPORTUGAL.ru
11.01.2024;RUSSKI-PARK.ru
11.01.2024;RUSSKIE-BLINY-ST.ru
11.01.2024;RUSSKIE-VPERED.ru
11.01.2024;RUSTHAILAND.ru
11.01.2024;RUSTRADEROIL.ru
11.01.2024;RUSVEBKAM.ru
11.01.2024;RUSWEEK-CORFU.ru
11.01.2024;RUVENTURE.ru
11.01.2024;RUZAR.ru
11.01.2024;RYBNYYMAGAZIN.ru
11.01.2024;RYVIKI.ru
11.01.2024;RYZPRO.ru
11.01.2024;RZRVE.ru
11.01.2024;S-KLEI.ru
11.01.2024;S-M-K-S.ru
11.01.2024;S-SUPPORT.ru
11.01.2024;S-TP.ru
11.01.2024;SAAUNAA14.ru
11.01.2024;SABLMS.ru
11.01.2024;SACES.ru
11.01.2024;SAD-OGOROD-TEPLICI.ru
11.01.2024;SADDLEFWON.ru
11.01.2024;SADIK188-VL.ru
11.01.2024;SADKOR.ru
11.01.2024;SAFETUBE.ru
11.01.2024;SAFETYLIFT.ru
11.01.2024;SAFIA-CLINIC.ru
11.01.2024;SAGARTH.ru
11.01.2024;SAIGUSHEV.ru
11.01.2024;SAIT-NA-ZAKAZ.ru
11.01.2024;SAKHALINROADSAFETY.ru
11.01.2024;SALAVATSHINA.ru
11.01.2024;SALE-EXEED.ru
11.01.2024;SALEIPHONE.ru
11.01.2024;SALESCALL.ru
11.01.2024;SALESCENTER33.ru
11.01.2024;SALESTORES.ru
11.01.2024;SALON-BELLEVIE.ru
11.01.2024;SALON-NR.ru
11.01.2024;SALONELIT.ru
11.01.2024;SALONSUZANA.ru
11.01.2024;SALSKVOSP.ru
11.01.2024;SALTIKOFF75.ru
11.01.2024;SALUSCONTROLS.ru
11.01.2024;SALUTINTEX.ru
11.01.2024;SAMARA-LIFT.ru
11.01.2024;SAMARA-OKVD.ru
11.01.2024;SAMARAVENT.ru
11.01.2024;SAMBAMAIL.ru
11.01.2024;SAMOGON-VODKA.ru
11.01.2024;SAMOGON-WAVE.ru
11.01.2024;SAMSUNG-SERVICES-CENTER.ru
11.01.2024;SAN-TRAST.ru
11.01.2024;SAN-TRUST.ru
11.01.2024;SANATORIISOKOLNIKI.ru
11.01.2024;SANATORIY-OREANDA.ru
11.01.2024;SANATORIY-PIROGOVO.ru
11.01.2024;SANATORIY-UVILDY.ru
11.01.2024;SANDWEL-CONSTRUCTION.ru
11.01.2024;SANNEX.ru
11.01.2024;SANTEHBURG.ru
11.01.2024;SANTEHLEADER.ru
11.01.2024;SANTEHNIKNADOM.ru
11.01.2024;SANTEHNIKNEDOROGO.ru
11.01.2024;SANTEHTRUST.ru
11.01.2024;SANTEX-MAGAZIN.ru
11.01.2024;SANTEXKIT.ru
11.01.2024;SAPPHIRE-DRAGON.ru
11.01.2024;SAPSAN-LOGISTIC.ru
11.01.2024;SAPUNOFF.ru
11.01.2024;SARMATONLINE.ru
11.01.2024;SARMATRESIN.ru
11.01.2024;SASHENKASHOP.ru
11.01.2024;SATINTERNET.ru
11.01.2024;SAUCONYORIGINALS.ru
11.01.2024;SAVOY-HOTEL.ru
11.01.2024;SAZHINSKIY-PROMO.ru
11.01.2024;SBDS.ru
11.01.2024;SBER-ANKETA24.ru
11.01.2024;SBERDROID.ru
11.01.2024;SBEROPROS.ru
11.01.2024;SBOL.ru
11.01.2024;SBORDENEG.ru
11.01.2024;SBORNYE-SEMKI.ru
11.01.2024;SBPROMTEST.ru
11.01.2024;SBRWGITLAB.ru
11.01.2024;SBSFOTO.ru
11.01.2024;SCALAM.ru
11.01.2024;SCAPITAL-FR.ru
11.01.2024;SCENA-KOSTUM.ru
11.01.2024;SCH1479.ru
11.01.2024;SCHALTBAUCONTACTOR.ru
11.01.2024;SCHALTBAUELECTRIC.ru
11.01.2024;SCHALTBAUGMBHGROUP.ru
11.01.2024;SCHALTBAUGROUP.ru
11.01.2024;SCHALTBAUHOLDING.ru
11.01.2024;SCHALTBAUHOLDINGAG.ru
11.01.2024;SCHALTBAURAIL.ru
11.01.2024;SCHALTBAURAILWAY.ru
11.01.2024;SCHALTBAURUSSIA.ru
11.01.2024;SCHALTBAUTECH.ru
11.01.2024;SCHNEIDER-COMMUNITY.ru
11.01.2024;SCHNEIDER-COMPANY.ru
11.01.2024;SCHNEIDER-CORPORATE.ru
11.01.2024;SCHNEIDER-ENTERPRISE.ru
11.01.2024;SCHNEIDER-INDUSTRY.ru
11.01.2024;SCHOOL-PERMANENT-KHV.ru
11.01.2024;SCHOOL13-DINSK.ru
11.01.2024;SCHOOL157.ru
11.01.2024;SCHOOL17-POL.ru
11.01.2024;SCHOOL28MUROM.ru
11.01.2024;SCHOOL7VL.ru
11.01.2024;SCHOOL97SAR.ru
11.01.2024;SCHOOLCERTIFICATE.ru
11.01.2024;SCHRIBER.ru
11.01.2024;SCHUSOVA.ru
11.01.2024;SCI-LAB.ru
11.01.2024;SCI-VISION.ru
11.01.2024;SCIEKH-AVTO16.ru
11.01.2024;SCIENCE-001.ru
11.01.2024;SCIENCE-002.ru
11.01.2024;SCILBOX.ru
11.01.2024;SCREENCLOUD.ru
11.01.2024;SCRIBBLE-PEN.ru
11.01.2024;SCSS.ru
11.01.2024;SDC-YAR.ru
11.01.2024;SDELKA7374.ru
11.01.2024;SDOIMRF.ru
11.01.2024;SDPLUS.ru
11.01.2024;SE-NSK.ru
11.01.2024;SEALILY.ru
11.01.2024;SEAVIEWSOCHI.ru
11.01.2024;SEAWINDTRAVEL.ru
11.01.2024;SECRET-OKKO.ru
11.01.2024;SECURE-1602.ru
11.01.2024;SECURE-1603.ru
11.01.2024;SECURE-1604.ru
11.01.2024;SECURITY-DEAL.ru
11.01.2024;SECURITY93.ru
11.01.2024;SECVISION.ru
11.01.2024;SEGAPLAY.ru
11.01.2024;SEGDA.ru
11.01.2024;SEIKO-MOD.ru
11.01.2024;SEKRETARY.ru
11.01.2024;SEKRETIKY.ru
11.01.2024;SELFIETOP-AGENCY.ru
11.01.2024;SELFMATRIX.ru
11.01.2024;SELFORGANIZATION.ru
11.01.2024;SEMA-CLUB.ru
11.01.2024;SEMAKOSTROMA.ru
11.01.2024;SEMATECK.ru
11.01.2024;SEMINAR16.ru
11.01.2024;SEMINAR2024.ru
11.01.2024;SEMITRUCK.ru
11.01.2024;SEMKOTLOV.ru
11.01.2024;SEMTECK.ru
11.01.2024;SENATOR-PASTRY.ru
11.01.2024;SENDY-TEKS.ru
11.01.2024;SENIN4.ru
11.01.2024;SENO21.ru
11.01.2024;SEO-SPAM.ru
11.01.2024;SEOBAG.ru
11.01.2024;SEODACHA.ru
11.01.2024;SEOEVOLUTION.ru
11.01.2024;SEOLED.ru
11.01.2024;SEOSPAM.ru
11.01.2024;SEPARTOOLS.ru
11.01.2024;SEPHORAS.ru
11.01.2024;SEPTIKI-PROM.ru
11.01.2024;SERDITOV-ADS.ru
11.01.2024;SEREBROVIP-SPA.ru
11.01.2024;SEREBRYANYE1.ru
11.01.2024;SERENITYGUILD.ru
11.01.2024;SERFCLIC.ru
11.01.2024;SERFCLICK.ru
11.01.2024;SERGEITROPIN.ru
11.01.2024;SERGESMITT.ru
11.01.2024;SERGEYBOTIN.ru
11.01.2024;SERGEYGTJIUGTYF.ru
11.01.2024;SERP-REGION.ru
11.01.2024;SERTTRAST.ru
11.01.2024;SERVICE-4658.ru
11.01.2024;SERVICE-DSN.ru
11.01.2024;SERVICE-SCHOOL72.ru
11.01.2024;SERVICE-YABLOK.ru
11.01.2024;SERVICEPLUSKZN.ru
11.01.2024;SERVIS-CONSALTING.ru
11.01.2024;SERVIS-ES.ru
11.01.2024;SERVIS-NADEJNO.ru
11.01.2024;SERVISKOMFORT.ru
11.01.2024;SERZHLERMONTOV.ru
11.01.2024;SETUD.ru
11.01.2024;SETVENT.ru
11.01.2024;SETVIX.ru
11.01.2024;SEV-ZOLUSHKA.ru
11.01.2024;SEVDRAMTEATR.ru
11.01.2024;SEVER-ROAD.ru
11.01.2024;SEVER-ZD.ru
11.01.2024;SEVERGAZSTROI.ru
11.01.2024;SEVONLINE.ru
11.01.2024;SEVSEO.ru
11.01.2024;SEVTAR.ru
11.01.2024;SEWINGSCHOOL1.ru
11.01.2024;SEXALL.ru
11.01.2024;SEZON-VYAZANIYA.ru
11.01.2024;SEZONDVEREI.ru
11.01.2024;SFBGROUP.ru
11.01.2024;SFCOACHING.ru
11.01.2024;SFERACONTRACT.ru
11.01.2024;SFERALLC.ru
11.01.2024;SFERAMUSIC.ru
11.01.2024;SFERKI.ru
11.01.2024;SFEROTEK.ru
11.01.2024;SFSH.ru
11.01.2024;SFVZ4TQ.ru
11.01.2024;SH-HMDT.ru
11.01.2024;SH5NOVOSEL.ru
11.01.2024;SHADYEVSDAY.ru
11.01.2024;SHAELW.ru
11.01.2024;SHALEVEYSKE.ru
11.01.2024;SHALI-ALSU.ru
11.01.2024;SHALI-CITY.ru
11.01.2024;SHANS-VET.ru
11.01.2024;SHANTI-TR.ru
11.01.2024;SHANTUAL.ru
11.01.2024;SHAR-LEADER.ru
11.01.2024;SHARLEE.ru
11.01.2024;SHARLOVE.ru
11.01.2024;SHASLYK-AVTODVOR.ru
11.01.2024;SHELESTBAR.ru
11.01.2024;SHELF-NEW-SPB.ru
11.01.2024;SHEPARD335.ru
11.01.2024;SHEROFEEV.ru
11.01.2024;SHHMDT.ru
11.01.2024;SHICKFABRIC.ru
11.01.2024;SHIFT0.ru
11.01.2024;SHILOVOAGRO.ru
11.01.2024;SHILOVOMASTER.ru
11.01.2024;SHINALIKE.ru
11.01.2024;SHINGLAS-OMSK.ru
11.01.2024;SHINI-NA-MASHINI.ru
11.01.2024;SHIPX.ru
11.01.2024;SHISHKINOFFICIAL.ru
11.01.2024;SHISHKYN-SEMENA.ru
11.01.2024;SHKAF-PROSTO.ru
11.01.2024;SHKAFF88.ru
11.01.2024;SHKAFI-ONLINE.ru
11.01.2024;SHKLYARENKO.ru
11.01.2024;SHKOLA-CODIM.ru
11.01.2024;SHKOLA-VASILKOVO.ru
11.01.2024;SHOP-MIRAS.ru
11.01.2024;SHOP74.ru
11.01.2024;SHOPIFYGO.ru
11.01.2024;SHOPNAG.ru
11.01.2024;SHOPS2024.ru
11.01.2024;SHOPSITY.ru
11.01.2024;SHOUBI333.ru
11.01.2024;SHOWLOVE.ru
11.01.2024;SHOWNABIS.ru
11.01.2024;SHTETLPOCHEP.ru
11.01.2024;SHTORMOVOE-MORE.ru
11.01.2024;SHUBKINO.ru
11.01.2024;SHUDRAZHOL.ru
11.01.2024;SHUGAEVCENTER.ru
11.01.2024;SIB-PASTILA.ru
11.01.2024;SIBEVACUATOR.ru
11.01.2024;SIBEVAKUATOR.ru
11.01.2024;SIBIR-SETI.ru
11.01.2024;SIGARIUM.ru
11.01.2024;SIGNHUB.ru
11.01.2024;SIGNSIMPLE.ru
11.01.2024;SILA-ANGELA.ru
11.01.2024;SILA-SULEYMANNA.ru
11.01.2024;SILATOKAVL.ru
11.01.2024;SILCK.ru
11.01.2024;SILNAYAVEDUNIYA.ru
11.01.2024;SILPLAST-NCH.ru
11.01.2024;SILVER-WATER.ru
11.01.2024;SILVERSTREAM.ru
11.01.2024;SIM-PRO.ru
11.01.2024;SIMBA101.ru
11.01.2024;SIMKIOPTOMEXPRESS.ru
11.01.2024;SIMONSPARK.ru
11.01.2024;SIMPAI171MZ.ru
11.01.2024;SIMPLEVINE.ru
11.01.2024;SIMPLYSIGN.ru
11.01.2024;SIMPLYWORKS.ru
11.01.2024;SIN-TECH.ru
11.01.2024;SINCHINOV.ru
11.01.2024;SINDIFULL.ru
11.01.2024;SINEVASEWS.ru
11.01.2024;SINEXWIX.ru
11.01.2024;SINGMAIL.ru
11.01.2024;SINOEXPORT.ru
11.01.2024;SIPMEX.ru
11.01.2024;SIRIUS-GROUP-URAL.ru
11.01.2024;SIRIUS-KRASNODAR.ru
11.01.2024;SIROTKINPRO.ru
11.01.2024;SIRUSRADIO.ru
11.01.2024;SISAMINOSUMI.ru
11.01.2024;SISTEM-DESIGN.ru
11.01.2024;SISTEM24.ru
11.01.2024;SITE-SUPPORT360.ru
11.01.2024;SITEFIVE.ru
11.01.2024;SITEK-SPB.ru
11.01.2024;SITEZEUS.ru
11.01.2024;SITIY-TEST.ru
11.01.2024;SIVERSPROM.ru
11.01.2024;SIZO-DOSTAVKA.ru
11.01.2024;SJESTA.ru
11.01.2024;SK-SEASON.ru
11.01.2024;SK-SECONDLIFE.ru
11.01.2024;SK-YASNOLETOVO.ru
11.01.2024;SK-ZOLOTOIKAMEN.ru
11.01.2024;SKACHAT-ZENIT.ru
11.01.2024;SKAKBARS.ru
11.01.2024;SKAMINOM.ru
11.01.2024;SKANDI-WILLA.ru
11.01.2024;SKASTA.ru
11.01.2024;SKAZKADREAMS.ru
11.01.2024;SKBURO.ru
11.01.2024;SKDOLINA.ru
11.01.2024;SKDSOFTWARE.ru
11.01.2024;SKETCH-BAG.ru
11.01.2024;SKETCH-BAGS.ru
11.01.2024;SKFG480KJG.ru
11.01.2024;SKGAMMATECH.ru
11.01.2024;SKGSKUNGUR.ru
11.01.2024;SKIBEL.ru
11.01.2024;SKIFALS.ru
11.01.2024;SKIING-2008-2009.ru
11.01.2024;SKIING-WINTER-2009.ru
11.01.2024;SKILIFE.ru
11.01.2024;SKILLPROOF.ru
11.01.2024;SKILO-HOST.ru
11.01.2024;SKIMANIAC.ru
11.01.2024;SKINEWSCHOOL.ru
11.01.2024;SKINUELLA.ru
11.01.2024;SKIROAD.ru
11.01.2024;SKITR.ru
11.01.2024;SKLADGSM.ru
11.01.2024;SKLADRENT.ru
11.01.2024;SKOBDOM.ru
11.01.2024;SKOLKONOVOGO.ru
11.01.2024;SKR-DOMAIN.ru
11.01.2024;SKRIVES.ru
11.01.2024;SKSALE.ru
11.01.2024;SKSTROY.ru
11.01.2024;SKULPTORSOKOL.ru
11.01.2024;SKUPKACHERNYIKOT.ru
11.01.2024;SKY-WORKER.ru
11.01.2024;SKYCOOL.ru
11.01.2024;SKYDIVEAZOV.ru
11.01.2024;SKYFESTIVAL.ru
11.01.2024;SKYFORHOME.ru
11.01.2024;SKYLASER.ru
11.01.2024;SLABIPROCT.ru
11.01.2024;SLAFFYHVH.ru
11.01.2024;SLALOM-PLUS.ru
11.01.2024;SLEEPTIME.ru
11.01.2024;SLEVANAPRAVO.ru
11.01.2024;SLIMFITSLIFE.ru
11.01.2024;SLIPPI.ru
11.01.2024;SLLOVO-PACA-NA.ru
11.01.2024;SLLOVO-PACA-NA-1-8.ru
11.01.2024;SLLOVO-PACA-NA-1-9.ru
11.01.2024;SLLOVOPACANA19.ru
11.01.2024;SLONPLATON26.ru
11.01.2024;SLOTS-TOPRATINGS.ru
11.01.2024;SLOVO-HAZRATA.ru
11.01.2024;SLOVO-U-PACANA.ru
11.01.2024;SLOVO-U-PACENA.ru
11.01.2024;SLOVO-U-PACONA.ru
11.01.2024;SLOVOEPACENA.ru
11.01.2024;SLREANNCOMUNNITY.ru
11.01.2024;SLUICE.ru
11.01.2024;SLVMDOU2.ru
11.01.2024;SM-TRADING.ru
11.01.2024;SM29.ru
11.01.2024;SM43.ru
11.01.2024;SMARIYA.ru
11.01.2024;SMART-ENERGI.ru
11.01.2024;SMART-INSPECTOR.ru
11.01.2024;SMART-LUX.ru
11.01.2024;SMART-MOTELS.ru
11.01.2024;SMART-ORGANIZER.ru
11.01.2024;SMART-PARK-BC.ru
11.01.2024;SMARTECHSIB.ru
11.01.2024;SMARTMOTEL.ru
11.01.2024;SMARTMOTELS.ru
11.01.2024;SMARTORGANIZER.ru
11.01.2024;SMARTSURVEYS.ru
11.01.2024;SMASH-FEELING.ru
11.01.2024;SMCERVISE.ru
11.01.2024;SMCHESS.ru
11.01.2024;SMENASAMOKAT.ru
11.01.2024;SMENISUDBU.ru
11.01.2024;SMETKY.ru
11.01.2024;SMFISH.ru
11.01.2024;SMIHALKOVA.ru
11.01.2024;SMILE-PERFECT-DENTISTRY.ru
11.01.2024;SMIRNOVREALTY.ru
11.01.2024;SMITECH.ru
11.01.2024;SMITECK.ru
11.01.2024;SMMPRICE.ru
11.01.2024;SMOKEDOGREST.ru
11.01.2024;SMOKENVAPE.ru
11.01.2024;SMOKEYBONESSPB.ru
11.01.2024;SMOKINSNOWBOARDS.ru
11.01.2024;SMOLENSKAJA-1.ru
11.01.2024;SMOLINAMALKIN.ru
11.01.2024;SMORODINKI.ru
11.01.2024;SMR-PROEKT.ru
11.01.2024;SMR-SAMARA.ru
11.01.2024;SMREXPERT.ru
11.01.2024;SMS-ACCS.ru
11.01.2024;SMS-TILDA-WEBALT.ru
11.01.2024;SMSERVISE.ru
11.01.2024;SMV-PRACTICE.ru
11.01.2024;SNAB-NN.ru
11.01.2024;SNABWOOD.ru
11.01.2024;SNEAKERLAND.ru
11.01.2024;SNEAKERSALE.ru
11.01.2024;SNEAKERSBUYS.ru
11.01.2024;SNEGIR71.ru
11.01.2024;SNOVEDI.ru
11.01.2024;SNOVIMGODOM2010.ru
11.01.2024;SNOW-CLASSIC.ru
11.01.2024;SNOW-HAWK.ru
11.01.2024;SNOW-SCHOOL.ru
11.01.2024;SNOWAFL.ru
11.01.2024;SNOWBAGEL.ru
11.01.2024;SNOWCLEAN.ru
11.01.2024;SNOWCLICK.ru
11.01.2024;SNOWJEWELRY.ru
11.01.2024;SNOWSKITOURS.ru
11.01.2024;SNOWTHROWERS.ru
11.01.2024;SOBA-KEN.ru
11.01.2024;SOCHI-RR.ru
11.01.2024;SOCHI7.ru
11.01.2024;SOCHIDVERI.ru
11.01.2024;SOCL.ru
11.01.2024;SOCPENS.ru
11.01.2024;SOCZAKAZ.ru
11.01.2024;SOD-VO.ru
11.01.2024;SOFEX.ru
11.01.2024;SOFRONOV.ru
11.01.2024;SOFT-JOURNAL.ru
11.01.2024;SOFTMAFIA.ru
11.01.2024;SOFTPERFECTION.ru
11.01.2024;SOFTSHARE.ru
11.01.2024;SOFTURAL.ru
11.01.2024;SOFTYHOST.ru
11.01.2024;SOHO-KZN.ru
11.01.2024;SOHORITEIL.ru
11.01.2024;SOKOL-S.ru
11.01.2024;SOKOL44.ru
11.01.2024;SOKOLMASTER.ru
11.01.2024;SOKOLOV88.ru
11.01.2024;SOKOLOVMASTER.ru
11.01.2024;SOLCASINO-MANN.ru
11.01.2024;SOLCASINO-ZAB3.ru
11.01.2024;SOLDANA.ru
11.01.2024;SOLIDARNOST-TRUDPRAVA.ru
11.01.2024;SOLIDCATALOG.ru
11.01.2024;SOLISUNSHOP.ru
11.01.2024;SOLLYS.ru
11.01.2024;SOLO63.ru
11.01.2024;SOLUM.ru
11.01.2024;SOLUTION-ST.ru
11.01.2024;SOMALABZ.ru
11.01.2024;SOME-EXAMINE-COOKIES.ru
11.01.2024;SOME-EXAMINE-EXPERIENCE.ru
11.01.2024;SOME-EXAMINE-SMARTLINK.ru
11.01.2024;SOME-SMARTLINK-ASSAY.ru
11.01.2024;SOME-SMARTLINK-COOKIES.ru
11.01.2024;SOME-SMARTLINK-EXAMINE.ru
11.01.2024;SOME-SMARTLINK-EXPERIENCE.ru
11.01.2024;SOMMELIER-DAYZ.ru
11.01.2024;SONGJIANGFLEX.ru
11.01.2024;SONY-SERVICES-CENTER.ru
11.01.2024;SOROPTIMIST.ru
11.01.2024;SORRISO-COFFEE.ru
11.01.2024;SORTOUT.ru
11.01.2024;SOSH10UGANSK.ru
11.01.2024;SOSH24UGANSK.ru
11.01.2024;SOSH3UGANSK.ru
11.01.2024;SOSSOSSOS.ru
11.01.2024;SOULCHILL.ru
11.01.2024;SOULFAMILY.ru
11.01.2024;SOUNDBOXES.ru
11.01.2024;SOUPPERIA.ru
11.01.2024;SOURCEINFO.ru
11.01.2024;SOUTH-GALLERY.ru
11.01.2024;SOUZ-INVEST.ru
11.01.2024;SOVABI.ru
11.01.2024;SOVETY-INFO-2024.ru
11.01.2024;SOWAVIDEO.ru
11.01.2024;SOYLENTRUSSIA.ru
11.01.2024;SOYUZ-GAZPROM-PANSIONAT.ru
11.01.2024;SP-R.ru
11.01.2024;SPACECO.ru
11.01.2024;SPACENEON.ru
11.01.2024;SPAEXPERT.ru
11.01.2024;SPAM-BLOCKER.ru
11.01.2024;SPAM-FIGHTER.ru
11.01.2024;SPAM-FILTER.ru
11.01.2024;SPAM-HOUSE.ru
11.01.2024;SPAM-LIST.ru
11.01.2024;SPAM-MAIL.ru
11.01.2024;SPAM-REKLAMA.ru
11.01.2024;SPAM-SMS.ru
11.01.2024;SPAM-SPAM.ru
11.01.2024;SPAM-SPAM-SPAM.ru
11.01.2024;SPAM-TELEFONA.ru
11.01.2024;SPAM-TOOLS.ru
11.01.2024;SPAMANIYA.ru
11.01.2024;SPAMASSAGSPB.ru
11.01.2024;SPAMASSASSIN.ru
11.01.2024;SPAMBEAT.ru
11.01.2024;SPAMBLOCKER.ru
11.01.2024;SPAMEMAIL.ru
11.01.2024;SPAMFILTERS.ru
11.01.2024;SPAMHAUZ.ru
11.01.2024;SPAMLETTERS.ru
11.01.2024;SPAMMAGAZIN.ru
11.01.2024;SPAMOSCOW1.ru
11.01.2024;SPAMOSCOW6.ru
11.01.2024;SPAMOTORS.ru
11.01.2024;SPAMREKLAMA.ru
11.01.2024;SPAMREPORT.ru
11.01.2024;SPAMSMS.ru
11.01.2024;SPAMSOFT.ru
11.01.2024;SPANIARDSEEDS.ru
11.01.2024;SPANISHTRAVEL.ru
11.01.2024;SPARK-CASINO-AMP1.ru
11.01.2024;SPAUL1.ru
11.01.2024;SPB-ELECTRIC.ru
11.01.2024;SPB-REALETSTATE.ru
11.01.2024;SPBBIZ.ru
11.01.2024;SPBSPEC.ru
11.01.2024;SPBTBN.ru
11.01.2024;SPCHR.ru
11.01.2024;SPEAK-RIGHT.ru
11.01.2024;SPECIAL-MACHINES-CRIME.ru
11.01.2024;SPECIALMOMENTS.ru
11.01.2024;SPECSERVICE-NN.ru
11.01.2024;SPECSERVICENN.ru
11.01.2024;SPECTARE.ru
11.01.2024;SPECTEH-74.ru
11.01.2024;SPECTEH-DV.ru
11.01.2024;SPECTRSNUB.ru
11.01.2024;SPECTRUM-TECH.ru
11.01.2024;SPECTRUM-TECHNOLOGIES.ru
11.01.2024;SPECTRUM-TECHNOLOGY.ru
11.01.2024;SPECVESHI.ru
11.01.2024;SPECVSEV.ru
11.01.2024;SPENN.ru
11.01.2024;SPENNGROUP.ru
11.01.2024;SPERNORILSK.ru
11.01.2024;SPINSQUEENWIN.ru
11.01.2024;SPISCHIDOLG56.ru
11.01.2024;SPK-40.ru
11.01.2024;SPKG63.ru
11.01.2024;SPNOVOCHERKASSK.ru
11.01.2024;SPO777.ru
11.01.2024;SPORT-STORES.ru
11.01.2024;SPORTBUDOCENTRE.ru
11.01.2024;SPORTGYM71.ru
11.01.2024;SPORTKBRN.ru
11.01.2024;SPORTKON.ru
11.01.2024;SPORTOK.ru
11.01.2024;SPORTSME.ru
11.01.2024;SPORTSOKOL.ru
11.01.2024;SPORTWEAR-SHOP.ru
11.01.2024;SPRN-GROUP.ru
11.01.2024;SPRN-PRO.ru
11.01.2024;SPROMI.ru
11.01.2024;SPROT.ru
11.01.2024;SPUTTV12.ru
11.01.2024;SQUALITY-SHOP.ru
11.01.2024;SR27.ru
11.01.2024;SREBNIY.ru
11.01.2024;SRLOGISTIC.ru
11.01.2024;SRMETAL.ru
11.01.2024;SSGAME.ru
11.01.2024;SSGMS.ru
11.01.2024;ST-124.ru
11.01.2024;ST-KONVEER.ru
11.01.2024;STAAFFPS.ru
11.01.2024;STADIONZAR.ru
11.01.2024;STAL102.ru
11.01.2024;STALKER-ASTROLOGY.ru
11.01.2024;STALOTEC.ru
11.01.2024;STALPENZIN.ru
11.01.2024;STAMPIO.ru
11.01.2024;STAND2NNOJIIK.ru
11.01.2024;STAND2NOJBER.ru
11.01.2024;STANDOFFREEGOLD.ru
11.01.2024;STANDUP-TICKETS.ru
11.01.2024;STANOK-SPORT.ru
11.01.2024;STANOKRUS.ru
11.01.2024;STANPORT.ru
11.01.2024;STAR-GAZE.ru
11.01.2024;STARDACASINO-TROT5.ru
11.01.2024;STARDACASINO-VENT.ru
11.01.2024;STARRUNTEAM.ru
11.01.2024;START-MEBEL-SPB.ru
11.01.2024;START-UP-SHOPS.ru
11.01.2024;START8.ru
11.01.2024;STARTNEWSINFO.ru
11.01.2024;STARTSEVAPH.ru
11.01.2024;STARVARA.ru
11.01.2024;STATIC-IMGS.ru
11.01.2024;STATICANEW.ru
11.01.2024;STATIFY.ru
11.01.2024;STAVMEBEL26.ru
11.01.2024;STAVROPOL-KREDIT.ru
11.01.2024;STAVTRADE.ru
11.01.2024;STC-PCD.ru
11.01.2024;STEAM-INSTALL.ru
11.01.2024;STEAM-WINDOWS.ru
11.01.2024;STEAM22.ru
11.01.2024;STEAMKO.ru
11.01.2024;STEEL-CONSULT.ru
11.01.2024;STEELVISITCARD.ru
11.01.2024;STEFANINI.ru
11.01.2024;STELA.ru
11.01.2024;STEPANOFFPARTNER.ru
11.01.2024;STEPANZAITSEV.ru
11.01.2024;STEPLE.ru
11.01.2024;STEPOCHKINA.ru
11.01.2024;STICKERMAKER.ru
11.01.2024;STIEBEL-KT.ru
11.01.2024;STIGO.ru
11.01.2024;STILEWOOD.ru
11.01.2024;STILIODECOR.ru
11.01.2024;STILIST-KZN.ru
11.01.2024;STILIST-VIK.ru
11.01.2024;STILLORR.ru
11.01.2024;STIMUL-S.ru
11.01.2024;STIR-ZONA-I.ru
11.01.2024;STIR-ZONA-R.ru
11.01.2024;STIR-ZONA-S.ru
11.01.2024;STIR-ZONA-T.ru
11.01.2024;STIR-ZONA-Z.ru
11.01.2024;STIRALKA72.ru
11.01.2024;STK-PCD.ru
11.01.2024;STKAUTO.ru
11.01.2024;STKEK.ru
11.01.2024;STKGLONASS.ru
11.01.2024;STM-LOM.ru
11.01.2024;STNAUKA.ru
11.01.2024;STOLICA-KAM.ru
11.01.2024;STOLOVAYA-BORSH-KIROV.ru
11.01.2024;STOMATCLINIC-SATURN.ru
11.01.2024;STOMATOLOGYAVSOCHI.ru
11.01.2024;STOP-PANIKA.ru
11.01.2024;STOPSMART.ru
11.01.2024;STOPSPAMMING.ru
11.01.2024;STORE-CLEAN.ru
11.01.2024;STORE-PELLEGRINI.ru
11.01.2024;STORE13.ru
11.01.2024;STORIESNNOV.ru
11.01.2024;STPETERBURGSDESIGNAWARD2024.ru
11.01.2024;STRAND-MEN.ru
11.01.2024;STRANDSTORE.ru
11.01.2024;STRATEGY-72.ru
11.01.2024;STREAM-LIFE.ru
11.01.2024;STREAMINGKZN.ru
11.01.2024;STREETMAP.ru
11.01.2024;STREMILOVO.ru
11.01.2024;STRICT-TRANSLATION.ru
11.01.2024;STRIZHAMENT.ru
11.01.2024;STROIARENDA.ru
11.01.2024;STROICIA.ru
11.01.2024;STROIDOM-TVER.ru
11.01.2024;STROITELNYI-YURIST.ru
11.01.2024;STROY-INTERER.ru
11.01.2024;STROY42.ru
11.01.2024;STROYDESIGNGROUP.ru
11.01.2024;STROYMODUL22.ru
11.01.2024;STROYNN.ru
11.01.2024;STROYPROM74.ru
11.01.2024;STROYSAM66.ru
11.01.2024;STROYVS.ru
11.01.2024;STUDENTSNETWORKS.ru
11.01.2024;STUDIO-RB.ru
11.01.2024;STUDIO-RYADOM.ru
11.01.2024;STUDIO1701.ru
11.01.2024;STUDIOLUCIA.ru
11.01.2024;STUDIOMK.ru
11.01.2024;STUDIOSARINA.ru
11.01.2024;STUDY-CS.ru
11.01.2024;STUDY-TEST2.ru
11.01.2024;STUDYLIFE-ONLIONE.ru
11.01.2024;STUNT-POINT.ru
11.01.2024;STVARAC.ru
11.01.2024;STYLE-SPORTS.ru
11.01.2024;STYLELOFT.ru
11.01.2024;STYLETIME26.ru
11.01.2024;STYLETSHIRT.ru
11.01.2024;STYLISH-SHOP.ru
11.01.2024;STYLISHE.ru
11.01.2024;SU60TA.ru
11.01.2024;SUBBOTINA-SVETLANA.ru
11.01.2024;SUBMIXER.ru
11.01.2024;SUBOS-CRIMEA.ru
11.01.2024;SUBTRADE.ru
11.01.2024;SUBWAYSESSION.ru
11.01.2024;SUBZEROICE.ru
11.01.2024;SUHAYA-STYAZHKA.ru
11.01.2024;SUMMERMOSCOW.ru
11.01.2024;SUMMITCAPITAL.ru
11.01.2024;SUNDUCHOKRUK.ru
11.01.2024;SUNKAIER.ru
11.01.2024;SUNRS.ru
11.01.2024;SUNSATAN.ru
11.01.2024;SUPER-CLIMAT.ru
11.01.2024;SUPER-KRASOTA.ru
11.01.2024;SUPER-MOTORS.ru
11.01.2024;SUPERERO.ru
11.01.2024;SUPERMBA.ru
11.01.2024;SUPLIFE-SPB.ru
11.01.2024;SUPLIFESPB.ru
11.01.2024;SUPMARINA.ru
11.01.2024;SUPPORT-BOSCH.ru
11.01.2024;SUPPORT-VK.ru
11.01.2024;SUPREMACYPRODUCTION.ru
11.01.2024;SURFASHION.ru
11.01.2024;SURGUT-CAM.ru
11.01.2024;SUSANIN16.ru
11.01.2024;SUSHI-BOOM.ru
11.01.2024;SUSLOGISTIK.ru
11.01.2024;SUTKINO.ru
11.01.2024;SUVENIRKEDR.ru
11.01.2024;SUXILEPCOM.ru
11.01.2024;SV19.ru
11.01.2024;SVAIPRO2.ru
11.01.2024;SVARKING.ru
11.01.2024;SVAVDEEV.ru
11.01.2024;SVCRYPT.ru
11.01.2024;SVESIM.ru
11.01.2024;SVETAKI.ru
11.01.2024;SVETLANAPANKOVA.ru
11.01.2024;SVETLIYPUT.ru
11.01.2024;SVFABRIKA.ru
11.01.2024;SVINOPAS.ru
11.01.2024;SVLMCRYPT.ru
11.01.2024;SVLMMARKET.ru
11.01.2024;SVLMMARKET10.ru
11.01.2024;SVLMMARKET24.ru
11.01.2024;SVMARKET10.ru
11.01.2024;SVOBODA-OT-DOLGA24.ru
11.01.2024;SVOBODA-OT-PLATEGHA.ru
11.01.2024;SVOLD.ru
11.01.2024;SVOY-V-ALFE.ru
11.01.2024;SVRPK-ASSIST.ru
11.01.2024;SVUNION.ru
11.01.2024;SVYASHCHENNAYAROSHCHA.ru
11.01.2024;SVYZARIUM.ru
11.01.2024;SWANCOR.ru
11.01.2024;SWEET-BONANZARU1.ru
11.01.2024;SWEET-TOYS.ru
11.01.2024;SWEETSEEDS.ru
11.01.2024;SWIFT-KEYS.ru
11.01.2024;SWIFTDEV.ru
11.01.2024;SWISS-CP.ru
11.01.2024;SWISSCONSULTINGPARTNERS.ru
11.01.2024;SWISSFORYOU.ru
11.01.2024;SXSTAGING.ru
11.01.2024;SYMBL.ru
11.01.2024;SYNERGYSCAPE.ru
11.01.2024;SYONA.ru
11.01.2024;SZ-STOP.ru
11.01.2024;SZ-TEMEL.ru
11.01.2024;T-ASIA.ru
11.01.2024;T-I-FF.ru
11.01.2024;T-MEMORY.ru
11.01.2024;T-PART.ru
11.01.2024;T011.ru
11.01.2024;T7PI9BN.ru
11.01.2024;TABBAC24.ru
11.01.2024;TABKINO.ru
11.01.2024;TABLETENNISLIFE.ru
11.01.2024;TABLETKIDOMA.ru
11.01.2024;TABUEVAD.ru
11.01.2024;TAIANA.ru
11.01.2024;TAIGAKAM41.ru
11.01.2024;TAINY-EGIPTA.ru
11.01.2024;TAIROS.ru
11.01.2024;TAIROV-1.ru
11.01.2024;TAIYOU.ru
11.01.2024;TAKEKAREYOUSELF.ru
11.01.2024;TAKELAZHSERV.ru
11.01.2024;TAKIDAREST.ru
11.01.2024;TAKTIKA60.ru
11.01.2024;TALANAMY24.ru
11.01.2024;TALARIUM.ru
11.01.2024;TALKINGENGLISH.ru
11.01.2024;TANGOBRUJO.ru
11.01.2024;TANKOSCIENCE.ru
11.01.2024;TAP-OFF.ru
11.01.2024;TAPKOVASEWS.ru
11.01.2024;TARASOVOLEG1990-PRO.ru
11.01.2024;TARATORKA-ONLINE.ru
11.01.2024;TARGETKZ.ru
11.01.2024;TAROT-LIBRARY.ru
11.01.2024;TATADATA.ru
11.01.2024;TATAVAL.ru
11.01.2024;TATYANACHE.ru
11.01.2024;TAVEKS.ru
11.01.2024;TAX-O-PHONE.ru
11.01.2024;TAXI-VISTA.ru
11.01.2024;TAXIDELIVERY.ru
11.01.2024;TAXIROSSIYA.ru
11.01.2024;TBGRUP.ru
11.01.2024;TCC69.ru
11.01.2024;TCTM.ru
11.01.2024;TCVETINAZAVTRAK.ru
11.01.2024;TD-BTK.ru
11.01.2024;TD-LADOGA.ru
11.01.2024;TD-TENTEK.ru
11.01.2024;TD-UTEK.ru
11.01.2024;TDAGROPROM.ru
11.01.2024;TDKTN.ru
11.01.2024;TDOVERIYA.ru
11.01.2024;TDPZSM.ru
11.01.2024;TDSELZ.ru
11.01.2024;TDTITAN.ru
11.01.2024;TEACHER-TARAKANOVA.ru
11.01.2024;TEACHMEONLINE.ru
11.01.2024;TEAM220.ru
11.01.2024;TEAMBOT.ru
11.01.2024;TEATR-PLANET.ru
11.01.2024;TEATRANTIKVARIATA.ru
11.01.2024;TEATREARTEL.ru
11.01.2024;TEATRMAKETOV.ru
11.01.2024;TECH-REM.ru
11.01.2024;TECHITSERVICE.ru
11.01.2024;TECHMETA.ru
11.01.2024;TECHNOBOUTIQUE.ru
11.01.2024;TECHNOSTROM.ru
11.01.2024;TECHSOLUTIONIT.ru
11.01.2024;TECKNIKOFGOD.ru
11.01.2024;TEH-REMONT24.ru
11.01.2024;TEH-SOFT.ru
11.01.2024;TEHNICHESKIY-NADZOR.ru
11.01.2024;TEHNICKIRITOGOD.ru
11.01.2024;TEHNO-AURORA.ru
11.01.2024;TEHNO-MOBIL.ru
11.01.2024;TEHNOFILTR.ru
11.01.2024;TEHNOMIX36.ru
11.01.2024;TEHNOVDOM.ru
11.01.2024;TEHPREMIUM.ru
11.01.2024;TEHSPEC89.ru
11.01.2024;TEK-AVENIR.ru
11.01.2024;TEKHNOSTOUN.ru
11.01.2024;TEL-DOC.ru
11.01.2024;TELAVI.ru
11.01.2024;TELEGRAMMONEY.ru
11.01.2024;TELEGRM.ru
11.01.2024;TELESISC.ru
11.01.2024;TELEWIZORI.ru
11.01.2024;TELYAN13.ru
11.01.2024;TEMTECODEV.ru
11.01.2024;TENHUNTERS.ru
11.01.2024;TENNISPARTNERS.ru
11.01.2024;TEORIN.ru
11.01.2024;TEPLAVCEM.ru
11.01.2024;TEPLJAKOV-7.ru
11.01.2024;TEPLO-KANAT.ru
11.01.2024;TEPLO-PROECT.ru
11.01.2024;TEPLOAPART.ru
11.01.2024;TEPLORESURS31.ru
11.01.2024;TEPLOVE.ru
11.01.2024;TEPLOVYK1.ru
11.01.2024;TEPLYHOUSE.ru
11.01.2024;TEREKSPRO.ru
11.01.2024;TERMINALREST.ru
11.01.2024;TERRAVISTA.ru
11.01.2024;TERRAWILD.ru
11.01.2024;TERRITORYTEA.ru
11.01.2024;TESLAPAY.ru
11.01.2024;TESMAN.ru
11.01.2024;TESOMA.ru
11.01.2024;TESSO-AGRO.ru
11.01.2024;TEST-PLATFORM.ru
11.01.2024;TESTIROVANIE-NOK.ru
11.01.2024;TESTIROVKA.ru
11.01.2024;TESTLIKSUBME.ru
11.01.2024;TESTO-BISTRO.ru
11.01.2024;TESTO-PEKARNYA.ru
11.01.2024;TESTOVA.ru
11.01.2024;TESTSEOLEAD.ru
11.01.2024;TG26.ru
11.01.2024;TGDEVICE.ru
11.01.2024;TGNOTCOIN.ru
11.01.2024;TGPREMIUMKON.ru
11.01.2024;TGTSAR.ru
11.01.2024;TH-JNRSPV.ru
11.01.2024;THAILANDHOUSE.ru
11.01.2024;THAISPAMASSAGE.ru
11.01.2024;THCLOUD.ru
11.01.2024;THE-FEDERALIST.ru
11.01.2024;THE-SCIENCE.ru
11.01.2024;THEBESTMODZ.ru
11.01.2024;THECUP.ru
11.01.2024;THEDELO.ru
11.01.2024;THEEE.ru
11.01.2024;THEFEDERALIST.ru
11.01.2024;THEFERTILIZER.ru
11.01.2024;THEHONEY.ru
11.01.2024;THERMO-GLASS-YUG.ru
11.01.2024;THESEAL.ru
11.01.2024;THREEBOGATYRJA.ru
11.01.2024;TI212.ru
11.01.2024;TIABIN.ru
11.01.2024;TIANASTROY.ru
11.01.2024;TIANNEAL.ru
11.01.2024;TICKET-DRAM.ru
11.01.2024;TICKET-DRAMAS.ru
11.01.2024;TICKET-DRAMS.ru
11.01.2024;TICKET-PRO.ru
11.01.2024;TICKETDRAM.ru
11.01.2024;TICKETDRAMS.ru
11.01.2024;TICKETPAYER.ru
11.01.2024;TICKETPAYING.ru
11.01.2024;TICKETX.ru
11.01.2024;TIHIY-UGOL.ru
11.01.2024;TIKSWIPE.ru
11.01.2024;TIKTOKIT.ru
11.01.2024;TIMAKOVA.ru
11.01.2024;TIMATEA.ru
11.01.2024;TIMEOFBEAUTY.ru
11.01.2024;TIMOFEEV84.ru
11.01.2024;TIMOFEEV888.ru
11.01.2024;TIMUROV.ru
11.01.2024;TINAUTO.ru
11.01.2024;TIPOLYUS.ru
11.01.2024;TIPS-6721.ru
11.01.2024;TISMASH.ru
11.01.2024;TISOCHKI.ru
11.01.2024;TITANAUTO05.ru
11.01.2024;TITANIUM-PRO.ru
11.01.2024;TITKOVA.ru
11.01.2024;TKANI-KYRGYZSTAN.ru
11.01.2024;TKDS72.ru
11.01.2024;TKGID.ru
11.01.2024;TKINO-MOZDOK.ru
11.01.2024;TKLIDER51.ru
11.01.2024;TKMZK42.ru
11.01.2024;TLK8W.ru
11.01.2024;TLKM.ru
11.01.2024;TM-COURSE.ru
11.01.2024;TMANYA.ru
11.01.2024;TMGROUP-MSK.ru
11.01.2024;TMPD.ru
11.01.2024;TMTRADE-SPB.ru
11.01.2024;TNM77.ru
11.01.2024;TO-TV.ru
11.01.2024;TOCHKASERVISA.ru
11.01.2024;TODEC.ru
11.01.2024;TOGAT.ru
11.01.2024;TOKARPRO.ru
11.01.2024;TOLKE.ru
11.01.2024;TOMINA.ru
11.01.2024;TONKOST.ru
11.01.2024;TOOLISEE.ru
11.01.2024;TOOTH-FAIRY-CLINIC.ru
11.01.2024;TOP-BREND.ru
11.01.2024;TOP-BURNS.ru
11.01.2024;TOP-REMONT-SPB.ru
11.01.2024;TOP10KNIG.ru
11.01.2024;TOP35.ru
11.01.2024;TOPBURNS.ru
11.01.2024;TOPHIM-SPB24.ru
11.01.2024;TOPLASERPRO-KRASNODAR.ru
11.01.2024;TOPLASERPRO-YUGORSK.ru
11.01.2024;TOPMOSQJPW.ru
11.01.2024;TOPRECEPT.ru
11.01.2024;TOPRESTGROUP.ru
11.01.2024;TOPTEA.ru
11.01.2024;TOPZAIMRAIT.ru
11.01.2024;TOPZAIMTODAY.ru
11.01.2024;TOPZHGET.ru
11.01.2024;TOQI.ru
11.01.2024;TOR-TULA.ru
11.01.2024;TORG-AVTO.ru
11.01.2024;TORNIO.ru
11.01.2024;TOROPOV-PHOTO.ru
11.01.2024;TORRENTFILMOV.ru
11.01.2024;TORRENTFILMS.ru
11.01.2024;TORTBERRU-SPB.ru
11.01.2024;TORTFAMILY.ru
11.01.2024;TOTALSOLARECLIPSE.ru
11.01.2024;TOUCH2CALL.ru
11.01.2024;TOUCHU.ru
11.01.2024;TOURVTBILISI.ru
11.01.2024;TOVARNYY-BETON.ru
11.01.2024;TOY-CARS.ru
11.01.2024;TOYHOSTING.ru
11.01.2024;TOYPANDA.ru
11.01.2024;TPKSOYUZ.ru
11.01.2024;TRACKDOMENRU.ru
11.01.2024;TRACKDOMENRU-24.ru
11.01.2024;TRACKDOMENRU-MARKET.ru
11.01.2024;TRACKDOMENRU-ONLINE.ru
11.01.2024;TRACKDOMENRU-SHOP.ru
11.01.2024;TRACKDOMENRU-STROY.ru
11.01.2024;TRACKDOMENRU24.ru
11.01.2024;TRACKDOMENRUINFO.ru
11.01.2024;TRACKDOMENRUMARKET.ru
11.01.2024;TRACKDOMENRUONLINE.ru
11.01.2024;TRACKDOMENRUSHOP.ru
11.01.2024;TRACKDOMENRUSTROY.ru
11.01.2024;TRADE-TOWN.ru
11.01.2024;TRADEAUTOMATIC.ru
11.01.2024;TRADETRADE1.ru
11.01.2024;TRAFFICLEARN.ru
11.01.2024;TRAIDINVEST.ru
11.01.2024;TRAININ.ru
11.01.2024;TRAINTOBRAIN.ru
11.01.2024;TRANS-TT.ru
11.01.2024;TRANSDIA.ru
11.01.2024;TRANSFERMEZHGOROD.ru
11.01.2024;TRANSFEROIL.ru
11.01.2024;TRANSFGFOA.ru
11.01.2024;TRANSGIP.ru
11.01.2024;TRANSLATE-AUTO.ru
11.01.2024;TRANSLATE-AVTO.ru
11.01.2024;TRANSLATE-CAR.ru
11.01.2024;TRANSLOMMARKET.ru
11.01.2024;TRANSMISSION-MOSCOW.ru
11.01.2024;TRANSNERUDENERGO.ru
11.01.2024;TRATIMNEWS.ru
11.01.2024;TRAVEL-CONSULTING.ru
11.01.2024;TRAVEL-KIDS.ru
11.01.2024;TRAVEL96.ru
11.01.2024;TRAVELING-FORUM.ru
11.01.2024;TRAYDING71.ru
11.01.2024;TREELISTMON.ru
11.01.2024;TREEMONEY1.ru
11.01.2024;TREESHOME.ru
11.01.2024;TREKTOUR.ru
11.01.2024;TREMNY4.ru
11.01.2024;TRENDMAP.ru
11.01.2024;TRESHBOX.ru
11.01.2024;TREST3-UFA.ru
11.01.2024;TRESTURAL.ru
11.01.2024;TRIAM-CRIMEA.ru
11.01.2024;TRIBOGATYRYAI2023.ru
11.01.2024;TRIKADRA.ru
11.01.2024;TRIKORKI.ru
11.01.2024;TRIKOTLA.ru
11.01.2024;TRITELL.ru
11.01.2024;TRIUMPH-MUSIC.ru
11.01.2024;TRK-BERIDENEG.ru
11.01.2024;TRK-QUIZ.ru
11.01.2024;TRKBERIDENEG.ru
11.01.2024;TRKELETS.ru
11.01.2024;TRKFINANCE.ru
11.01.2024;TRKFINANS.ru
11.01.2024;TRKFINANSOVY.ru
11.01.2024;TRKFINDATA.ru
11.01.2024;TRKGONNADO.ru
11.01.2024;TRKQUIZFIN.ru
11.01.2024;TROPINA.ru
11.01.2024;TROYKATS.ru
11.01.2024;TRTKP.ru
11.01.2024;TRUBI24.ru
11.01.2024;TRUSKALOV.ru
11.01.2024;TRUSTFLOW.ru
11.01.2024;TRUTNEVA.ru
11.01.2024;TS75.ru
11.01.2024;TSENTRSTROY.ru
11.01.2024;TSETKV.ru
11.01.2024;TSM-54.ru
11.01.2024;TSMAGAZIN.ru
11.01.2024;TSRMARKET.ru
11.01.2024;TTCENTER.ru
11.01.2024;TTRGROUP.ru
11.01.2024;TUANIMO.ru
11.01.2024;TUB-BUG.ru
11.01.2024;TUBBUZ.ru
11.01.2024;TUEVA.ru
11.01.2024;TUKTUK-DVERI.ru
11.01.2024;TULINA.ru
11.01.2024;TULPAR-AERO.ru
11.01.2024;TULPAR-AERO-GROUP.ru
11.01.2024;TULPARAERO.ru
11.01.2024;TULPARAEROGROUP.ru
11.01.2024;TUNKA24.ru
11.01.2024;TUNPRO.ru
11.01.2024;TUPIKOVA.ru
11.01.2024;TUR-BELEK.ru
11.01.2024;TUR-BIARRIZ.ru
11.01.2024;TUR-INFO1.ru
11.01.2024;TURANDOTMSK.ru
11.01.2024;TURBOCODE.ru
11.01.2024;TURBOOST-OMSK.ru
11.01.2024;TUREB.ru
11.01.2024;TURIN-2006.ru
11.01.2024;TURINTERES.ru
11.01.2024;TURISM-MIRAS.ru
11.01.2024;TURISM-NEWS.ru
11.01.2024;TURIST-52.ru
11.01.2024;TURIST-VOYAGE.ru
11.01.2024;TURISTI-RF.ru
11.01.2024;TURISTSLAND.ru
11.01.2024;TURIZM-I.ru
11.01.2024;TURIZM-LIB.ru
11.01.2024;TURIZM-SEYCHELLES.ru
11.01.2024;TURIZM-SINGAPORE.ru
11.01.2024;TURIZM-SNOW.ru
11.01.2024;TURIZM-SWITZERLAND.ru
11.01.2024;TURIZM-TLT.ru
11.01.2024;TURIZM0S.ru
11.01.2024;TURIZMINHOT.ru
11.01.2024;TURKEY-GT.ru
11.01.2024;TURKEY-LIV.ru
11.01.2024;TURKEY-OTDIH.ru
11.01.2024;TURKEY-SIGMATUR.ru
11.01.2024;TURKEY-TURISMO.ru
11.01.2024;TURKEY90.ru
11.01.2024;TURKEYACTIV.ru
11.01.2024;TURKEYBAZAAR.ru
11.01.2024;TURKEYRU.ru
11.01.2024;TURKEYTPS.ru
11.01.2024;TURKEYZONE.ru
11.01.2024;TURKISHSTARS.ru
11.01.2024;TURKKAHVE.ru
11.01.2024;TURKKAHVECISI.ru
11.01.2024;TURKSERIIALS.ru
11.01.2024;TURNIP.ru
11.01.2024;TURSOYUZ.ru
11.01.2024;TURSUNOVA.ru
11.01.2024;TUSMUSIC.ru
11.01.2024;TUTANKHAMUN.ru
11.01.2024;TUTFINANCE.ru
11.01.2024;TUTOR4CREATIVE.ru
11.01.2024;TUTOR4U.ru
11.01.2024;TUTURSKAYA-SOSH.ru
11.01.2024;TUTVOBED.ru
11.01.2024;TV-11.ru
11.01.2024;TV-TEHNIK.ru
11.01.2024;TVER-EX.ru
11.01.2024;TVERDI.ru
11.01.2024;TVERDIIZNAK.ru
11.01.2024;TVERSKIEOKNA.ru
11.01.2024;TVOENEBO-NAT.ru
11.01.2024;TVOIKRILYA.ru
11.01.2024;TVOITIPOGRAF.ru
11.01.2024;TVOU-CBER.ru
11.01.2024;TVOY-COTTAGE.ru
11.01.2024;TVOYA-KOREA.ru
11.01.2024;TVOYBILETOTIVLEEVOY.ru
11.01.2024;TVOYDVOINIK.ru
11.01.2024;TVOYGARAZH.ru
11.01.2024;TW-JNRSPV.ru
11.01.2024;TWC-COOLER.ru
11.01.2024;TWOBROS.ru
11.01.2024;TWOREDIRECT.ru
11.01.2024;TYPEAHEAD.ru
11.01.2024;TYPOLYUS.ru
11.01.2024;TYT-FERTILIZERS.ru
11.01.2024;TYUMEN-KREDIT.ru
11.01.2024;TZA-SERVICE.ru
11.01.2024;TZIZ.ru
11.01.2024;TZK-AVTODETAL.ru
11.01.2024;U-NITE.ru
11.01.2024;U17B2EP.ru
11.01.2024;U3BEKISTAN4LEN.ru
11.01.2024;U5NVEW1.ru
11.01.2024;UAD-PLUGINS-CRACK.ru
11.01.2024;UAEVACAY.ru
11.01.2024;UBORKATUT.ru
11.01.2024;UC-NERU.ru
11.01.2024;UCH-BOOK.ru
11.01.2024;UCHASTKI-VOLODARKA.ru
11.01.2024;UCHINKA.ru
11.01.2024;UCHU-CHITATY.ru
11.01.2024;UCPROF.ru
11.01.2024;UCSTANDART365.ru
11.01.2024;UDARMASTER.ru
11.01.2024;UDCMSK.ru
11.01.2024;UDFINANCE.ru
11.01.2024;UDP-RUSSIA.ru
11.01.2024;UEZTU.ru
11.01.2024;UFOKLIN.ru
11.01.2024;UGANCFO.ru
11.01.2024;UGAROVA.ru
11.01.2024;UGDOM23.ru
11.01.2024;UGLEDOBYCHA.ru
11.01.2024;UHIN.ru
11.01.2024;UIK14.ru
11.01.2024;UK-CHISTOPOL.ru
11.01.2024;UKHT-IPNT.ru
11.01.2024;UKNIGA.ru
11.01.2024;UKREMPUZHSK.ru
11.01.2024;UKRSNAB.ru
11.01.2024;UKULELL.ru
11.01.2024;UKVESTA55.ru
11.01.2024;UKYBALALAR.ru
11.01.2024;ULAN-UDE-BAIKAL.ru
11.01.2024;ULIANAMAMA.ru
11.01.2024;ULIBKA-99.ru
11.01.2024;ULTIMATRAVEL.ru
11.01.2024;ULTRA-ENGLISH.ru
11.01.2024;ULTRATENDENCY.ru
11.01.2024;ULYANA-GLAZYRINA.ru
11.01.2024;ULYANAUKRANCHUK.ru
11.01.2024;UM-WELT.ru
11.01.2024;UM10.ru
11.01.2024;UMAROVA.ru
11.01.2024;UMNOMATIKA.ru
11.01.2024;UMNYASHA-IGRI.ru
11.01.2024;UNCLEWEB.ru
11.01.2024;UNDERYOU.ru
11.01.2024;UNICABEAUTYBAR.ru
11.01.2024;UNIPSY.ru
11.01.2024;UNIQUEUM-TEST.ru
11.01.2024;UNISLIM-CLINIC.ru
11.01.2024;UNITDOORS.ru
11.01.2024;UNITEC-STROY.ru
11.01.2024;UNITED-AGENCY.ru
11.01.2024;UNITSTORE.ru
11.01.2024;UNIVERSITETBEZGRANIZ.ru
11.01.2024;UNIVERVIDEO.ru
11.01.2024;UNONATURA.ru
11.01.2024;UNOST-TULA.ru
11.01.2024;UOIT.ru
11.01.2024;UPACK-PRO.ru
11.01.2024;UPALTO.ru
11.01.2024;UPARKT.ru
11.01.2024;UPKIDS.ru
11.01.2024;UPMYBRAND.ru
11.01.2024;UPRA24.ru
11.01.2024;UPUCKA.ru
11.01.2024;URALMETAGRO.ru
11.01.2024;URALNETS.ru
11.01.2024;URALSNAB159.ru
11.01.2024;URALSPETSMEBEL.ru
11.01.2024;URBANNOMAD.ru
11.01.2024;UREV1CH.ru
11.01.2024;URKAT-MSK.ru
11.01.2024;URMAT.ru
11.01.2024;UROKREHI.ru
11.01.2024;USADBAKASAKINA.ru
11.01.2024;USERBET.ru
11.01.2024;USILENIE-ZDANIY.ru
11.01.2024;USLUGAHACKERA.ru
11.01.2024;USLUGISB.ru
11.01.2024;USLUGITATARSTAN.ru
11.01.2024;USMAAL.ru
11.01.2024;USMAILL.ru
11.01.2024;USPEKH-24.ru
11.01.2024;USTIASSA.ru
11.01.2024;UTIL-PITER.ru
11.01.2024;UTMA-URAL.ru
11.01.2024;UTPK-COMPANY.ru
11.01.2024;UTSC35.ru
11.01.2024;UURMI.ru
11.01.2024;UVDKALUGA.ru
11.01.2024;UYTKA.ru
11.01.2024;UYUT-NA-TALLINSKOY.ru
11.01.2024;UZBEGIMAVIA.ru
11.01.2024;UZI-KLINIKA.ru
11.01.2024;UZNAISRAZU.ru
11.01.2024;V-CLEAN-SPOT.ru
11.01.2024;V-INTEGRA.ru
11.01.2024;V-KHLOI.ru
11.01.2024;V-OSTANKINO.ru
11.01.2024;V-PANTERA-TANTSEVALNAYA-SHKOLA.ru
11.01.2024;V-VIT.ru
11.01.2024;V3PN5GS.ru
11.01.2024;V79.ru
11.01.2024;V853COT.ru
11.01.2024;V8AGENCY.ru
11.01.2024;VA-VA-DA.ru
11.01.2024;VA-VA-DA-ZERKALO.ru
11.01.2024;VACCIBUN.ru
11.01.2024;VADONNE.ru
11.01.2024;VAENGA-AFISHA.ru
11.01.2024;VAGGROUPEKB.ru
11.01.2024;VAGRIUS.ru
11.01.2024;VAHAR-VARA.ru
11.01.2024;VAHTA-MOSCOW.ru
11.01.2024;VAKBOX.ru
11.01.2024;VAKIOLAB.ru
11.01.2024;VAKLIM.ru
11.01.2024;VAKO-SOUZ.ru
11.01.2024;VALCUSTOM.ru
11.01.2024;VALERIISTORE.ru
11.01.2024;VANILLASHIELD.ru
11.01.2024;VANOCRAFT.ru
11.01.2024;VANUATUCITIZEN.ru
11.01.2024;VANUATUCITIZENSHIP.ru
11.01.2024;VAREZ-OK.ru
11.01.2024;VARSAVIR.ru
11.01.2024;VASH-DOKTOR-CENTER.ru
11.01.2024;VASH-MED.ru
11.01.2024;VASHASVOBODA2.ru
11.01.2024;VASHDOM72.ru
11.01.2024;VASHFLAG.ru
11.01.2024;VASHKOD.ru
11.01.2024;VASHPOZVONOCHNIK.ru
11.01.2024;VASHREMONTGOTOV.ru
11.01.2024;VASILCHENKOPHOTO.ru
11.01.2024;VASILKINA.ru
11.01.2024;VASINA1992.ru
11.01.2024;VAT-BUS.ru
11.01.2024;VAVADA777.ru
11.01.2024;VAVILK1N.ru
11.01.2024;VAZPRIORA.ru
11.01.2024;VB-GEKSTIMUL.ru
11.01.2024;VBGPORT.ru
11.01.2024;VCOMMENTE.ru
11.01.2024;VEDA-DEVA.ru
11.01.2024;VEGANPEREDACHKI.ru
11.01.2024;VEGASGRAND-ONLINE.ru
11.01.2024;VEGASGRANDCAZINOWIN.ru
11.01.2024;VEGGER.ru
11.01.2024;VEKTOR-LOGISTICS.ru
11.01.2024;VEKTORKSL.ru
11.01.2024;VELES-93.ru
11.01.2024;VELES-KADASTR.ru
11.01.2024;VELGUS.ru
11.01.2024;VELOSHAPE.ru
11.01.2024;VELSER.ru
11.01.2024;VENDORZ.ru
11.01.2024;VENDORZ-FF.ru
11.01.2024;VENDORZFF.ru
11.01.2024;VENECIYA-GROUPP.ru
11.01.2024;VENERA-TOUR.ru
11.01.2024;VENOCHEK.ru
11.01.2024;VENTSTAVNISPB.ru
11.01.2024;VERA-HE.ru
11.01.2024;VERATORG.ru
11.01.2024;VERESK-PRINT.ru
11.01.2024;VERISMA.ru
11.01.2024;VERONIKADESIGNER.ru
11.01.2024;VERONIKAVERNIK.ru
11.01.2024;VERTIKAL-FIRM.ru
11.01.2024;VESELIYMAKLER.ru
11.01.2024;VESPAMOPED.ru
11.01.2024;VESPAMOTO.ru
11.01.2024;VESPAMOTOR.ru
11.01.2024;VEST-BETON.ru
11.01.2024;VESTI29.ru
11.01.2024;VESTIZDES.ru
11.01.2024;VESTMEDICS.ru
11.01.2024;VESTNIK-PENS.ru
11.01.2024;VESY-TORGOVYE.ru
11.01.2024;VET-GRYAZI.ru
11.01.2024;VET-WATER.ru
11.01.2024;VETERINARKA36.ru
11.01.2024;VETHORSE.ru
11.01.2024;VETRO-UKAZATEL.ru
11.01.2024;VETRO-UKAZATELI.ru
11.01.2024;VETWATER.ru
11.01.2024;VFONDE.ru
11.01.2024;VGDDT.ru
11.01.2024;VGLUHAREV.ru
11.01.2024;VGWORK.ru
11.01.2024;VIACBS.ru
11.01.2024;VIBERSPAMER.ru
11.01.2024;VICAPPYSHOP.ru
11.01.2024;VICBAG.ru
11.01.2024;VICHNET.ru
11.01.2024;VICTORIAGLADKIKH.ru
11.01.2024;VICTORYSCHOOLDE.ru
11.01.2024;VIDEO-NEW.ru
11.01.2024;VIDEOAI.ru
11.01.2024;VIDEOLIP.ru
11.01.2024;VIDEOMOBI.ru
11.01.2024;VIDNOE-KLINIKA.ru
11.01.2024;VIEWTRADE.ru
11.01.2024;VIG-24.ru
11.01.2024;VIGOART.ru
11.01.2024;VIJUTV.ru
11.01.2024;VIJY.ru
11.01.2024;VIKTE.ru
11.01.2024;VIKTORYAKOZLOVA.ru
11.01.2024;VIKUP-AUTO-KRASNODAR.ru
11.01.2024;VIKUP-NOMEROV.ru
11.01.2024;VILEKE.ru
11.01.2024;VILLART-VAKANSII.ru
11.01.2024;VINETTA.ru
11.01.2024;VINOKUROV-AFISHA.ru
11.01.2024;VINYLDISCOUNT.ru
11.01.2024;VIOLA-WEBDESIGN.ru
11.01.2024;VIOLETTA-WB.ru
11.01.2024;VIP-TRANSFORMATIONS.ru
11.01.2024;VIPBIO.ru
11.01.2024;VIPCOMFORT-MSK.ru
11.01.2024;VIPCOMFORT-SPB.ru
11.01.2024;VIPMATCH.ru
11.01.2024;VIPOCHT.ru
11.01.2024;VIPPETROVA.ru
11.01.2024;VIPSYS-EVENTS.ru
11.01.2024;VIRTA-MEBEL.ru
11.01.2024;VIRTA46.ru
11.01.2024;VIRTUOSOLOOM.ru
11.01.2024;VIRUS-PROJECT.ru
11.01.2024;VIRUSPROJECT.ru
11.01.2024;VISA-PITER.ru
11.01.2024;VISAEXPRESS-COMPANY.ru
11.01.2024;VISATRAVELS.ru
11.01.2024;VISIO-FREE.ru
11.01.2024;VISIONERSPB.ru
11.01.2024;VISITMALDIVES.ru
11.01.2024;VISUAL-DATA.ru
11.01.2024;VITA-MEDICINE.ru
11.01.2024;VITA-PTZ.ru
11.01.2024;VITANAND.ru
11.01.2024;VITAPLANTA.ru
11.01.2024;VITMAKE.ru
11.01.2024;VITONI.ru
11.01.2024;VIVAPRESS.ru
11.01.2024;VIZITCENTER.ru
11.01.2024;VK-LIVE.ru
11.01.2024;VKACTION.ru
11.01.2024;VKB-ENGINEERING.ru
11.01.2024;VKIEV.ru
11.01.2024;VKUPONE.ru
11.01.2024;VKUSKRAI.ru
11.01.2024;VKUSNEENET.ru
11.01.2024;VKUSPIZZA.ru
11.01.2024;VKUSVILL-CHEBOKSARY.ru
11.01.2024;VKUSVILL-CHELYABINSK.ru
11.01.2024;VKUSVILL-KAZAN.ru
11.01.2024;VKUSVILL-KRASNODAR.ru
11.01.2024;VKUSVILL-SAMARA.ru
11.01.2024;VKUSVILL-TULA.ru
11.01.2024;VKUSVILL-TVER.ru
11.01.2024;VKUSVILL-UFA.ru
11.01.2024;VKUSVILL-YAROSLAVL.ru
11.01.2024;VL007.ru
11.01.2024;VLADBERMUDA.ru
11.01.2024;VLADBURO33.ru
11.01.2024;VLADENIE38.ru
11.01.2024;VLADIKNT.ru
11.01.2024;VLADIMIR-L.ru
11.01.2024;VLADIMIR2.ru
11.01.2024;VLADIMIRNABOKOV.ru
11.01.2024;VLADIS-MAKLER.ru
11.01.2024;VLADISLAV-MALCHEVSKIY.ru
11.01.2024;VLAGEREGOLOSOVANIE.ru
11.01.2024;VLDBERN.ru
11.01.2024;VLDV-ALG.ru
11.01.2024;VLEGAL.ru
11.01.2024;VLK-24.ru
11.01.2024;VLKM.ru
11.01.2024;VLOZHENIYE-SDELKA.ru
11.01.2024;VLUFEROV.ru
11.01.2024;VMALKOVA.ru
11.01.2024;VMRYBAKOV.ru
11.01.2024;VNEDRENIE-BITFINANCE.ru
11.01.2024;VNESUDEBNOE-BANKROTSTVO-MFTS.ru
11.01.2024;VNESUDEBNOEBANKROTSTVO.ru
11.01.2024;VODAGAZSARATOV.ru
11.01.2024;VODAPEARL.ru
11.01.2024;VODNYIMASTER.ru
11.01.2024;VOENOPT.ru
11.01.2024;VOIDCHRONICLES.ru
11.01.2024;VOIDSTORE.ru
11.01.2024;VOKZALBAND.ru
11.01.2024;VOL-MEAT.ru
11.01.2024;VOLCHIKA.ru
11.01.2024;VOLCNIKA.ru
11.01.2024;VOLJSKI.ru
11.01.2024;VOLKONT.ru
11.01.2024;VOLKOVSWEDDING.ru
11.01.2024;VOLNACASINO-FEST14.ru
11.01.2024;VOLNACASINO-FEST15.ru
11.01.2024;VOLNACASINO-MSK4.ru
11.01.2024;VOLNACASINO-OBRAZ21.ru
11.01.2024;VOLNACASINO-RH16.ru
11.01.2024;VOLNACASINO-RH17.ru
11.01.2024;VOLNACASINO-TRADE5.ru
11.01.2024;VOLNAFISH.ru
11.01.2024;VOLNAKAZINO-CHECK4.ru
11.01.2024;VOLOGDAPHARM.ru
11.01.2024;VOLT92.ru
11.01.2024;VOROK.ru
11.01.2024;VORONEZHKOZHA.ru
11.01.2024;VORONOV3V.ru
11.01.2024;VORONOVSKIY.ru
11.01.2024;VORTEX-TECH.ru
11.01.2024;VOVAINADYA.ru
11.01.2024;VOVAINANA.ru
11.01.2024;VOXAN.ru
11.01.2024;VOYU.ru
11.01.2024;VPADAROK.ru
11.01.2024;VPN-007.ru
11.01.2024;VPN-008.ru
11.01.2024;VPN-009.ru
11.01.2024;VPN-010.ru
11.01.2024;VPN-011.ru
11.01.2024;VPN-012.ru
11.01.2024;VPN-013.ru
11.01.2024;VPN-014.ru
11.01.2024;VPN-015.ru
11.01.2024;VPORK.ru
11.01.2024;VPRAVE22.ru
11.01.2024;VPRIK.ru
11.01.2024;VPROL.ru
11.01.2024;VPSC.ru
11.01.2024;VPT-MK.ru
11.01.2024;VQ5CD.ru
11.01.2024;VREMYAZOVET.ru
11.01.2024;VRN-AQUA.ru
11.01.2024;VRONSKII.ru
11.01.2024;VRREALITY.ru
11.01.2024;VRS44.ru
11.01.2024;VS-EXPERT.ru
11.01.2024;VS1990.ru
11.01.2024;VS557.ru
11.01.2024;VSDM.ru
11.01.2024;VSE-KOPTILNI.ru
11.01.2024;VSE-MIKROZAJMY-SPISOK.ru
11.01.2024;VSE-TOVARY-TYT.ru
11.01.2024;VSE-ZAPCHASTI-MAZDA.ru
11.01.2024;VSE-ZUBI-PERM.ru
11.01.2024;VSEBONUSBK.ru
11.01.2024;VSEDLJASVADBY.ru
11.01.2024;VSEGDDA.ru
11.01.2024;VSELES.ru
11.01.2024;VSEMET.ru
11.01.2024;VSENADPISI.ru
11.01.2024;VSENAMOTO.ru
11.01.2024;VSENOVOSTII.ru
11.01.2024;VSEOZHIVOTE.ru
11.01.2024;VSILCHENKOV.ru
11.01.2024;VSLOT-PAYS.ru
11.01.2024;VSO86IP.ru
11.01.2024;VSTREAM.ru
11.01.2024;VSYODLYAAVTO.ru
11.01.2024;VT-PLECH.ru
11.01.2024;VTELEGRAME.ru
11.01.2024;VTIKTOKE.ru
11.01.2024;VULCANUVULCANU.ru
11.01.2024;VULKAN-ONE.ru
11.01.2024;VULKANCASINODENGI.ru
11.01.2024;VULKANNADENGI.ru
11.01.2024;VULKANSLOTSCASINO.ru
11.01.2024;VVESELOVA-PHOTO.ru
11.01.2024;VVMURE1987.ru
11.01.2024;VWSERVICE-EKB.ru
11.01.2024;VXWORKS.ru
11.01.2024;VYASILYASUKROVA-UKIT.ru
11.01.2024;VYAZATLEGKO.ru
11.01.2024;VYAZMENOVA.ru
11.01.2024;VYAZOVKAPNZ.ru
11.01.2024;VYBOR16.ru
11.01.2024;VYGODABEST.ru
11.01.2024;VYLKAN24GAMES-WIN.ru
11.01.2024;VYVOZ-STROITELNOGO-MUSORA93.ru
11.01.2024;VZ24.ru
11.01.2024;VZALIVE.ru
11.01.2024;VZLET-IT.ru
11.01.2024;VZNA.ru
11.01.2024;VZNEMIX-TEST.ru
11.01.2024;VZYATCREDIT.ru
11.01.2024;WADIK036.ru
11.01.2024;WAGRAMFEFK.ru
11.01.2024;WAPFILES.ru
11.01.2024;WAQI.ru
11.01.2024;WARHOME.ru
11.01.2024;WASCHBAR.ru
11.01.2024;WASSO-GOLUBEV.ru
11.01.2024;WATERCOLOR21.ru
11.01.2024;WATERMEDIC.ru
11.01.2024;WATERPET.ru
11.01.2024;WAVEMED.ru
11.01.2024;WBBI.ru
11.01.2024;WC-STANDOFF.ru
11.01.2024;WCRC-NFSW.ru
11.01.2024;WEAGAINST.ru
11.01.2024;WEB-HOSTINGI.ru
11.01.2024;WEB-KNIGI.ru
11.01.2024;WEB-MAN.ru
11.01.2024;WEB-PROSTO.ru
11.01.2024;WEB9.ru
11.01.2024;WEBADMIRAL.ru
11.01.2024;WEBAGENT86.ru
11.01.2024;WEBAVTORITET.ru
11.01.2024;WEBBASKET.ru
11.01.2024;WEBGENIUSES.ru
11.01.2024;WEBHOSTMASTE.ru
11.01.2024;WEBJOURNALS.ru
11.01.2024;WEBKM.ru
11.01.2024;WEBLICS.ru
11.01.2024;WEBPANDAS.ru
11.01.2024;WEBPEREXOD.ru
11.01.2024;WEBSTUDIO-SS.ru
11.01.2024;WEBURAN.ru
11.01.2024;WEBZAYMI.ru
11.01.2024;WECHANGE.ru
11.01.2024;WEDMASTER.ru
11.01.2024;WEF3H.ru
11.01.2024;WEFIJQPOFIEFIE.ru
11.01.2024;WEGOAIR.ru
11.01.2024;WEHOTEL.ru
11.01.2024;WEIGHT-CONTROL.ru
11.01.2024;WEL-BALTRESURS.ru
11.01.2024;WELDZONE.ru
11.01.2024;WELLNESSROOM.ru
11.01.2024;WELLSER.ru
11.01.2024;WELSH-CORGI-PEMBROKE.ru
11.01.2024;WENRO.ru
11.01.2024;WESTERNBANK.ru
11.01.2024;WEZDE.ru
11.01.2024;WGBABNET.ru
11.01.2024;WHATISNEXT.ru
11.01.2024;WHATS-TOOL.ru
11.01.2024;WHATSAPPSPAM.ru
11.01.2024;WHITE-BLACK.ru
11.01.2024;WHITEBUSSINESMAIL.ru
11.01.2024;WHITEPROFIT.ru
11.01.2024;WHOISACTIVE.ru
11.01.2024;WHOYOURICH.ru
11.01.2024;WICRACK.ru
11.01.2024;WIHACK.ru
11.01.2024;WIKIMEDIAN.ru
11.01.2024;WIKIPEOPLE.ru
11.01.2024;WIKIRU.ru
11.01.2024;WILLBBERIESS.ru
11.01.2024;WIN-WIN73.ru
11.01.2024;WIN1BETGAMES.ru
11.01.2024;WIN3.ru
11.01.2024;WINANTISPAM.ru
11.01.2024;WINDOWS-GOOD.ru
11.01.2024;WINEREVOLUTION.ru
11.01.2024;WINGS-CONNECT.ru
11.01.2024;WINGSCONNECT.ru
11.01.2024;WINJUMP.ru
11.01.2024;WINLAINE.ru
11.01.2024;WINNERDOLL.ru
11.01.2024;WINNERDOLLS.ru
11.01.2024;WINNERPRO.ru
11.01.2024;WINTECH-GT.ru
11.01.2024;WINTERSWIMRUN.ru
11.01.2024;WINWINCLUB.ru
11.01.2024;WISE-FOXES.ru
11.01.2024;WISEFILTER.ru
11.01.2024;WISEFOXES.ru
11.01.2024;WIZARD-WEB.ru
11.01.2024;WKUSNO.ru
11.01.2024;WMNT.ru
11.01.2024;WMS-SKLAD.ru
11.01.2024;WODPRO.ru
11.01.2024;WOLF-TRADE.ru
11.01.2024;WOLFOWL.ru
11.01.2024;WOLVERLDGB.ru
11.01.2024;WOMANALMAZ.ru
11.01.2024;WOMENUSEFUL.ru
11.01.2024;WOOD-DEAL.ru
11.01.2024;WOOD-STEEL.ru
11.01.2024;WOODFRAMES.ru
11.01.2024;WOODGADGET.ru
11.01.2024;WOODPLASTCOM.ru
11.01.2024;WOODSTOCKHOUSE.ru
11.01.2024;WORK-INC.ru
11.01.2024;WORKINGSHOME.ru
11.01.2024;WORKINKZN.ru
11.01.2024;WORKLEINFO.ru
11.01.2024;WORKSHOPMAP.ru
11.01.2024;WORKSHOPPING.ru
11.01.2024;WORKSON.ru
11.01.2024;WORLD-DEZ.ru
11.01.2024;WORLDB.ru
11.01.2024;WORLDHUNT.ru
11.01.2024;WORLDRENTCAR.ru
11.01.2024;WOT-SHKURKA.ru
11.01.2024;WOWJULIAA.ru
11.01.2024;WOWWHATISIT.ru
11.01.2024;WOWWHATISTHIS.ru
11.01.2024;WOXMONY.ru
11.01.2024;WPTHEMEBOOST.ru
11.01.2024;WRITECREATE.ru
11.01.2024;WS0.ru
11.01.2024;WSEMAIKI.ru
11.01.2024;WW-PAAANEILL.ru
11.01.2024;WWCLEANING.ru
11.01.2024;WWW2IP.ru
11.01.2024;WWWATAGG.ru
11.01.2024;WWWLURVINBRAND.ru
11.01.2024;WYMM.ru
11.01.2024;WZ2AJQ6.ru
11.01.2024;X-SELLER.ru
11.01.2024;X-SHINA.ru
11.01.2024;X42IS.ru
11.01.2024;XADMINTON.ru
11.01.2024;XANLEVOD.ru
11.01.2024;XARLA.ru
11.01.2024;XASTUR.ru
11.01.2024;XDNEVNIK.ru
11.01.2024;XENOMORF.ru
11.01.2024;XFIJRWFOWNEFFE.ru
11.01.2024;XFRM.ru
11.01.2024;XIAOMI-SERVICES-CENTER.ru
11.01.2024;XIMERA-FILM.ru
11.01.2024;XMAF.ru
11.01.2024;XMONY.ru
11.01.2024;XN-GTBCBQ-0-AKOBLAC-4-P.ru
11.01.2024;XOLA-AGENCY.ru
11.01.2024;XPX-RUSSIA.ru
11.01.2024;XREF.ru
11.01.2024;XSIZE-KOMSOMOLSKAYA.ru
11.01.2024;XTERRIER.ru
11.01.2024;YAFLIX.ru
11.01.2024;YAIC.ru
11.01.2024;YALOM.ru
11.01.2024;YALTA-DT.ru
11.01.2024;YALTAKULTURA.ru
11.01.2024;YANDEX-ORDER.ru
11.01.2024;YANDEX-PAYMASTER.ru
11.01.2024;YANDEXCLOUDMARKET.ru
11.01.2024;YANDEXTRACK.ru
11.01.2024;YANGMING.ru
11.01.2024;YANTRAL.ru
11.01.2024;YAREGGIO.ru
11.01.2024;YAROVAYA-ACADEMY.ru
11.01.2024;YARVELIKAN.ru
11.01.2024;YARVINEN.ru
11.01.2024;YAUZHE.ru
11.01.2024;YCAMD.ru
11.01.2024;YEEZYUGG.ru
11.01.2024;YELLOW-HUB.ru
11.01.2024;YEMENDIBEKKAHVESI.ru
11.01.2024;YEMENKURUKAHVE.ru
11.01.2024;YERKEBEKOV.ru
11.01.2024;YG5A3L9.ru
11.01.2024;YGAKADEMSTROY.ru
11.01.2024;YM-PRO.ru
11.01.2024;YNMOS.ru
11.01.2024;YOGA-OSNOVA.ru
11.01.2024;YOGACATALOG.ru
11.01.2024;YOGADAY-SCHOOL.ru
11.01.2024;YOGATEAMS.ru
11.01.2024;YOGIROOM-PLESETSKAYA.ru
11.01.2024;YOTL.ru
11.01.2024;YOUNGJOURNAL.ru
11.01.2024;YOUR-CARD.ru
11.01.2024;YOURADVERTISEMENT.ru
11.01.2024;YOURFIRE.ru
11.01.2024;YOURSTRULY.ru
11.01.2024;YOURSYURIST.ru
11.01.2024;YOUSELECT.ru
11.01.2024;YOUTHSCM.ru
11.01.2024;YOUTUBE-CONVERT.ru
11.01.2024;YSHELUHINA.ru
11.01.2024;YSN1402.ru
11.01.2024;YUBILEJNYJ.ru
11.01.2024;YUFAST.ru
11.01.2024;YUGMF.ru
11.01.2024;YULIAORLOVA.ru
11.01.2024;YUMEW.ru
11.01.2024;YURAUDIT.ru
11.01.2024;YURI-GORNY.ru
11.01.2024;YURIALT.ru
11.01.2024;YURIKONST.ru
11.01.2024;YURISTPRIME.ru
11.01.2024;YURISTUT.ru
11.01.2024;YURTAIKIN.ru
11.01.2024;YUXI-POLYUREA.ru
11.01.2024;Z-EXP.ru
11.01.2024;Z-TRANS.ru
11.01.2024;ZABOR-GAMMA.ru
11.01.2024;ZABORU.ru
11.01.2024;ZACASH.ru
11.01.2024;ZAGIDULLINR.ru
11.01.2024;ZAGONOCHKA.ru
11.01.2024;ZAGRANESTATE.ru
11.01.2024;ZAHAROVFIT.ru
11.01.2024;ZAHOTET.ru
11.01.2024;ZAIM-SITE.ru
11.01.2024;ZAIM-SWAPY.ru
11.01.2024;ZAIMANIA.ru
11.01.2024;ZAIMI-MONEY.ru
11.01.2024;ZAIMPERFECT.ru
11.01.2024;ZAIMPTS68.ru
11.01.2024;ZAITSEVSTEPAN.ru
11.01.2024;ZAJMY-BEZ-PROVEROK.ru
11.01.2024;ZAJMY-KRUGLOSUTOCHNO-ONLAJN.ru
11.01.2024;ZAKAZ-KALYANY.ru
11.01.2024;ZAKAZ6322.ru
11.01.2024;ZAKAZ7374.ru
11.01.2024;ZAKAZALKO242.ru
11.01.2024;ZAKAZELKI.ru
11.01.2024;ZAKINO.ru
11.01.2024;ZAKUPETS.ru
11.01.2024;ZALIANDE.ru
11.01.2024;ZAMKADASTR72.ru
11.01.2024;ZAMKI-URALA.ru
11.01.2024;ZAPCHASTI-66.ru
11.01.2024;ZARPERSPECTIVA-MIRROR.ru
11.01.2024;ZARUKU.ru
11.01.2024;ZARYA33.ru
11.01.2024;ZASTROISHIK-KRD.ru
11.01.2024;ZATONIRUISYA.ru
11.01.2024;ZAVETNIY26.ru
11.01.2024;ZAVODINSTALL.ru
11.01.2024;ZAVODPRODAJ.ru
11.01.2024;ZAXOTET.ru
11.01.2024;ZAXUYA.ru
11.01.2024;ZCSIPION.ru
11.01.2024;ZDESURIST.ru
11.01.2024;ZDOROVAYAVODA.ru
11.01.2024;ZDOROVIEPRO.ru
11.01.2024;ZDOROVOETELO100.ru
11.01.2024;ZDOROVYEDETEI.ru
11.01.2024;ZDRAVNICALNR.ru
11.01.2024;ZDRAVSPB.ru
11.01.2024;ZEDENCIA.ru
11.01.2024;ZEL-SILUET.ru
11.01.2024;ZELIXORGANIC.ru
11.01.2024;ZENIT-PRILOZENIE.ru
11.01.2024;ZENIT-SKACHAT.ru
11.01.2024;ZENITHJUNCTION.ru
11.01.2024;ZERNODOM.ru
11.01.2024;ZEROWASTELAB.ru
11.01.2024;ZFS2QTX.ru
11.01.2024;ZHABOLENKO.ru
11.01.2024;ZHALYZI.ru
11.01.2024;ZHARPIZZA-TMB.ru
11.01.2024;ZHENLIFE.ru
11.01.2024;ZHENZAM.ru
11.01.2024;ZHUKOVKA54.ru
11.01.2024;ZIM-FAST.ru
11.01.2024;ZIMARI1501.ru
11.01.2024;ZINK66.ru
11.01.2024;ZIPWOOD.ru
11.01.2024;ZJOURNALS.ru
11.01.2024;ZKOA.ru
11.01.2024;ZLAKY.ru
11.01.2024;ZLATIBORPERM.ru
11.01.2024;ZLATOPRINT.ru
11.01.2024;ZLATOVAVALENTINA.ru
11.01.2024;ZLOYRUSSKIY.ru
11.01.2024;ZMW01GN.ru
11.01.2024;ZNUK.ru
11.01.2024;ZONA-FILM.ru
11.01.2024;ZONAREM.ru
11.01.2024;ZONTONE.ru
11.01.2024;ZOO-BUTIK.ru
11.01.2024;ZOO-EXPERT.ru
11.01.2024;ZOOM-CONTROL.ru
11.01.2024;ZOOMCODE.ru
11.01.2024;ZOOPROTECT.ru
11.01.2024;ZOSHKAXM.ru
11.01.2024;ZOTYEMOTORS.ru
11.01.2024;ZOV31.ru
11.01.2024;ZOVDENEG.ru
11.01.2024;ZOVSARATOV.ru
11.01.2024;ZPT-O.ru
11.01.2024;ZQAS.ru
11.01.2024;ZS-PARKING.ru
11.01.2024;ZSK-FENIX.ru
11.01.2024;ZTPVAG.ru
11.01.2024;ZUBUDA.ru
11.01.2024;ZULF-VEZDEHOD.ru
11.01.2024;ZUUBRF.ru
11.01.2024;ZVEREQ.ru
11.01.2024;ZVEZDNI.ru
12.01.2024;03BIZ.ru
12.01.2024;03MAGADAN.ru
12.01.2024;080191.ru
12.01.2024;0NLINE-PAY.ru
12.01.2024;0NXRG3U.ru
12.01.2024;0XC00000F.ru
12.01.2024;1-C-SERVICE.ru
12.01.2024;1-CONS.ru
12.01.2024;1-ETK.ru
12.01.2024;1-KLASSA.ru
12.01.2024;1000PACK.ru
12.01.2024;100GRAMM5-74.ru
12.01.2024;100PIROG.ru
12.01.2024;100TURISTOV.ru
12.01.2024;100VT.ru
12.01.2024;105RUB.ru
12.01.2024;1064QCCL.ru
12.01.2024;110124.ru
12.01.2024;11RF.ru
12.01.2024;1233070.ru
12.01.2024;123SERIESHD.ru
12.01.2024;12CARDFORPAY12.ru
12.01.2024;151515.ru
12.01.2024;1520GYM.ru
12.01.2024;15CARD.ru
12.01.2024;1601.ru
12.01.2024;170224.ru
12.01.2024;18-JULY.ru
12.01.2024;18NOVEMBER.ru
12.01.2024;1933SATOSHINAKAMOTO.ru
12.01.2024;1990TAXI.ru
12.01.2024;1C-SETTINGES.ru
12.01.2024;1C-STAND-CONSULT-INFO.ru
12.01.2024;1CARTON.ru
12.01.2024;1CBPRO.ru
12.01.2024;1CPROEKT.ru
12.01.2024;1CSIBIRKOLESO.ru
12.01.2024;1DMS.ru
12.01.2024;1HOLD.ru
12.01.2024;1LEGOCITY.ru
12.01.2024;1LOMBS.ru
12.01.2024;1LUCKY-JET.ru
12.01.2024;1LV37US.ru
12.01.2024;1LX.ru
12.01.2024;1PARFUMERNIY.ru
12.01.2024;1SDM-SPB.ru
12.01.2024;1ST-PROMOCODE.ru
12.01.2024;1STBUHEXPERT.ru
12.01.2024;1WIN-CASINO-BK.ru
12.01.2024;1XBET-IGRAT.ru
12.01.2024;1XSLOTS-MOBI.ru
12.01.2024;1XSLOTS-MOBILE.ru
12.01.2024;1XSLOTS-SLOTUM.ru
12.01.2024;1XSLOTSCASINO5.ru
12.01.2024;1ZHBI.ru
12.01.2024;2024-UBRR.ru
12.01.2024;2024EMVI.ru
12.01.2024;21C.ru
12.01.2024;220LN.ru
12.01.2024;2228KIDS.ru
12.01.2024;22STORE.ru
12.01.2024;2320.ru
12.01.2024;2331.ru
12.01.2024;24-SCORING.ru
12.01.2024;2424ONLINE.ru
12.01.2024;24A900KA.ru
12.01.2024;24CARSLIST.ru
12.01.2024;24DIVIDEO.ru
12.01.2024;24GREENTIME.ru
12.01.2024;24NOPRT7842.ru
12.01.2024;24NORST7842853.ru
12.01.2024;24RU24.ru
12.01.2024;24SBERPAY.ru
12.01.2024;24SERVISMY.ru
12.01.2024;24VOYAGE.ru
12.01.2024;2570488.ru
12.01.2024;25UGLEY.ru
12.01.2024;281415.ru
12.01.2024;29AVTOLAND.ru
12.01.2024;29OBOVSJOM.ru
12.01.2024;2BLOGMEDICIN.ru
12.01.2024;3-WIN.ru
12.01.2024;33322.ru
12.01.2024;365-ZAVTRAKOV.ru
12.01.2024;365PRINT.ru
12.01.2024;365ZAVTRAKOV.ru
12.01.2024;3906044.ru
12.01.2024;3BITAPLUS.ru
12.01.2024;3D-CNC-WORLD.ru
12.01.2024;3DMOAI.ru
12.01.2024;3DPRIMERKA.ru
12.01.2024;3DVACHEVSKY.ru
12.01.2024;3KW.ru
12.01.2024;3PROSTOZDOROVYE.ru
12.01.2024;3TANKISTA.ru
12.01.2024;4-MADE.ru
12.01.2024;40WDP52.ru
12.01.2024;42N08PX.ru
12.01.2024;42REPORTS.ru
12.01.2024;4824-ID.ru
12.01.2024;48KV-LENINSKII.ru
12.01.2024;4GLAMP.ru
12.01.2024;4KTOUR.ru
12.01.2024;4PRO24NEWS.ru
12.01.2024;5-PLUS5.ru
12.01.2024;52BR.ru
12.01.2024;5CARD.ru
12.01.2024;5NUTS.ru
12.01.2024;601611.ru
12.01.2024;6250.ru
12.01.2024;63ASTRA.ru
12.01.2024;63SRO.ru
12.01.2024;66DELTA.ru
12.01.2024;6A2T1KU.ru
12.01.2024;6FJMDVT.ru
12.01.2024;6RUSALCO24-RND.ru
12.01.2024;6SIDE.ru
12.01.2024;6TOR.ru
12.01.2024;74QLOUY.ru
12.01.2024;77777-77777.ru
12.01.2024;78TS.ru
12.01.2024;7ALCORAKETA-KAZAN.ru
12.01.2024;7ALCORAKETA24-74.ru
12.01.2024;7AO5TFN.ru
12.01.2024;7IYZNHJ.ru
12.01.2024;7PAI.ru
12.01.2024;7SKYNN.ru
12.01.2024;7SUN.ru
12.01.2024;82CHG.ru
12.01.2024;89261272573.ru
12.01.2024;8V2J7GT.ru
12.01.2024;9167239884.ru
12.01.2024;91ROOM.ru
12.01.2024;9213520.ru
12.01.2024;9407573.ru
12.01.2024;99NS.ru
12.01.2024;9FIAMOK.ru
12.01.2024;9NXWT4E.ru
12.01.2024;A-CUB8.ru
12.01.2024;A-DEMENTEVA.ru
12.01.2024;A-EL-DIAGRAMS.ru
12.01.2024;A-EL-FUSE.ru
12.01.2024;A-HIM.ru
12.01.2024;A-LED.ru
12.01.2024;A-R-KOSMETOLOGIYA.ru
12.01.2024;A-STOM2012.ru
12.01.2024;A-WHATS.ru
12.01.2024;A-WHATSA.ru
12.01.2024;A-ZTRADE.ru
12.01.2024;A2G.ru
12.01.2024;A5PRESS.ru
12.01.2024;A871.ru
12.01.2024;A900KA.ru
12.01.2024;A900KA-ONLINE.ru
12.01.2024;A900KA01.ru
12.01.2024;A900KAPRO.ru
12.01.2024;A900KASHOP.ru
12.01.2024;AAG-LLC.ru
12.01.2024;AANISOV.ru
12.01.2024;ABAKLUSHIN.ru
12.01.2024;ABC-MOTORS.ru
12.01.2024;ABCKLINKER.ru
12.01.2024;ABDLEADER.ru
12.01.2024;ABDRUSHIN.ru
12.01.2024;ABLETU.ru
12.01.2024;ABOBIBOS.ru
12.01.2024;ABOBOSHA.ru
12.01.2024;ABOUTMADRID.ru
12.01.2024;ABOUTURECORDS.ru
12.01.2024;ABRIS-KV.ru
12.01.2024;ABTLOGISTIC.ru
12.01.2024;ABV-ZAMOK.ru
12.01.2024;ACADEMASUTP.ru
12.01.2024;ACADENY-X.ru
12.01.2024;ACBFOOTBALL.ru
12.01.2024;ACCENTHARDCOR.ru
12.01.2024;ACCPAC.ru
12.01.2024;ACEMA-NAIL.ru
12.01.2024;ACIKT.ru
12.01.2024;ACRM24.ru
12.01.2024;ACRONYM.ru
12.01.2024;ACVOLTAGEREGULATOR.ru
12.01.2024;ADAMANT-SERVICE.ru
12.01.2024;ADAMPAY.ru
12.01.2024;ADANAPHOTO-1.ru
12.01.2024;ADEQUATION.ru
12.01.2024;ADF-1.ru
12.01.2024;ADILSAHIN.ru
12.01.2024;ADIS3112.ru
12.01.2024;ADMIN-BERRY.ru
12.01.2024;ADMIN-FITNESS.ru
12.01.2024;ADMIN2024.ru
12.01.2024;ADMINEXPRESS.ru
12.01.2024;ADMINPRONSK.ru
12.01.2024;ADMIRALX-CASHBTC.ru
12.01.2024;ADMIRALXCASH-SLOT.ru
12.01.2024;ADMIRALXGAMETOP.ru
12.01.2024;ADMIRALXPLAY-BNB.ru
12.01.2024;ADMIRALXPLAYUSDC.ru
12.01.2024;ADMNOJAY-YURT.ru
12.01.2024;ADMPLATOVSKOE.ru
12.01.2024;ADRIANA-RESTAURANT-SOCHI.ru
12.01.2024;ADRIANA-RESTORAN-SOCHI.ru
12.01.2024;ADRIANA-SOCHI.ru
12.01.2024;ADRIANASOCHI.ru
12.01.2024;ADRIBBQ.ru
12.01.2024;ADSR-NN.ru
12.01.2024;ADSWEB.ru
12.01.2024;ADULTLOVE.ru
12.01.2024;ADVENTURE-PACKS.ru
12.01.2024;ADVERTORIAL.ru
12.01.2024;ADVMERCH.ru
12.01.2024;ADVOCATEMAP.ru
12.01.2024;ADVOKAT-VMEDVEDEV.ru
12.01.2024;ADVOKATII.ru
12.01.2024;ADVOKATRND.ru
12.01.2024;ADVOKATSSR.ru
12.01.2024;ADVOKATVTVERI.ru
12.01.2024;ADVONLINE.ru
12.01.2024;AECRUSSIA.ru
12.01.2024;AELITAKIROV.ru
12.01.2024;AEROMELOWNES.ru
12.01.2024;AEROZAKAZ.ru
12.01.2024;AESTHETEMED-COSM.ru
12.01.2024;AFFIXBETA.ru
12.01.2024;AFILKOVA.ru
12.01.2024;AFINA-FLOWERS.ru
12.01.2024;AFRAMAX.ru
12.01.2024;AFTOKOMFORT.ru
12.01.2024;AGACOMGROUP.ru
12.01.2024;AGENSY.ru
12.01.2024;AGL-WORLD.ru
12.01.2024;AGOREV.ru
12.01.2024;AGRASS.ru
12.01.2024;AGREG-MAIN.ru
12.01.2024;AGREGATOR-INFOS.ru
12.01.2024;AGREGATOR-RETURN.ru
12.01.2024;AGREGATOR-RETURNINGS.ru
12.01.2024;AGREGATOR-SYSTEM.ru
12.01.2024;AGRO-CHECK.ru
12.01.2024;AGRO-LIVESTOCK.ru
12.01.2024;AGRO-PHARM.ru
12.01.2024;AGROLIVESTOCK.ru
12.01.2024;AGROMOBILE.ru
12.01.2024;AGROMOSCOW.ru
12.01.2024;AGROPAKNN.ru
12.01.2024;AGROPREMIX.ru
12.01.2024;AGROSTROYALYANS.ru
12.01.2024;AHASLIDES.ru
12.01.2024;AI-BAND.ru
12.01.2024;AI-ENGLISH.ru
12.01.2024;AI-HANDLER.ru
12.01.2024;AI-POSTER.ru
12.01.2024;AI-SKILLS.ru
12.01.2024;AICBERG-A.ru
12.01.2024;AIDA64EXTREME1.ru
12.01.2024;AIDAR13.ru
12.01.2024;AIDS48.ru
12.01.2024;AIGULECHKA.ru
12.01.2024;AIKIDO34.ru
12.01.2024;AIMAXI.ru
12.01.2024;AIRDEX.ru
12.01.2024;AIRFLOORPRO.ru
12.01.2024;AIRPRIME.ru
12.01.2024;AIRSOFT18.ru
12.01.2024;AIRTEXSOFT.ru
12.01.2024;AIRVENT-CONNECT.ru
12.01.2024;AIS-LLC.ru
12.01.2024;AITISFERA.ru
12.01.2024;AIVASHINA.ru
12.01.2024;AK-DESIGN.ru
12.01.2024;AK271053.ru
12.01.2024;AK63.ru
12.01.2024;AKCINENKOHUB.ru
12.01.2024;AKHANZHIN.ru
12.01.2024;AKHMYAROV.ru
12.01.2024;AKIMOVSALES.ru
12.01.2024;AKKAUNT-VK.ru
12.01.2024;AKKUMIR.ru
12.01.2024;AKL-ZOOMLION.ru
12.01.2024;AKMEWORK.ru
12.01.2024;AKOSINOV.ru
12.01.2024;AKPP-CENTR-MSK.ru
12.01.2024;AKPP-SERVICE-MSK.ru
12.01.2024;AKROPL.ru
12.01.2024;AKRYMA.ru
12.01.2024;AKSINIYA.ru
12.01.2024;AKUKON.ru
12.01.2024;AKUROCHKINA.ru
12.01.2024;AL-CHERNOGOROV.ru
12.01.2024;AL-GP.ru
12.01.2024;ALAYTONEL.ru
12.01.2024;ALBIONOMSK.ru
12.01.2024;ALBUR46.ru
12.01.2024;ALCHEMYREST.ru
12.01.2024;ALDONNEL.ru
12.01.2024;ALEKSANDERRAVE.ru
12.01.2024;ALEKSEI-ANISIMOV.ru
12.01.2024;ALEKSEYDENISENKO.ru
12.01.2024;ALEKSST.ru
12.01.2024;ALEMAX.ru
12.01.2024;ALENA-GACHENKO.ru
12.01.2024;ALENAELINAPERFUME.ru
12.01.2024;ALESYA007.ru
12.01.2024;ALEX31102000.ru
12.01.2024;ALEXANDERGOD.ru
12.01.2024;ALEXANDRAPLAHTIY.ru
12.01.2024;ALEXDAG-SHOP.ru
12.01.2024;ALEXEY-V.ru
12.01.2024;ALEXEYELGIN78.ru
12.01.2024;ALEXMEDI.ru
12.01.2024;ALEXNAIL.ru
12.01.2024;ALEXVALOV.ru
12.01.2024;ALEXXPROD.ru
12.01.2024;ALFABANK-MOBILE.ru
12.01.2024;ALFABANKMOBILE.ru
12.01.2024;ALFAGROUPZD.ru
12.01.2024;ALFAMILES.ru
12.01.2024;ALFAPESOK.ru
12.01.2024;ALGO-BEASTS.ru
12.01.2024;ALGO-FRIEND.ru
12.01.2024;ALGODES.ru
12.01.2024;ALGODEZ.ru
12.01.2024;ALGORITHMICATION.ru
12.01.2024;ALGORITMIKA-SHKOLA-MATEMATIKI-I-PROGRAMMIROVANIYA-DLYA-DETEJ.ru
12.01.2024;ALGORITMIKA-SHKOLY-PROGRAMMIROVANIYA-DLYA-DETEJ.ru
12.01.2024;ALIALTEHNO.ru
12.01.2024;ALIANCESPB.ru
12.01.2024;ALICANTEDV.ru
12.01.2024;ALIEWIGS.ru
12.01.2024;ALIGNER-STOM.ru
12.01.2024;ALIGNERSTOM.ru
12.01.2024;ALIK-DESIGN.ru
12.01.2024;ALINAVIN.ru
12.01.2024;ALIPLACES.ru
12.01.2024;ALISAMORE.ru
12.01.2024;ALKORPLUS.ru
12.01.2024;ALL-ON-4-MOSKVA.ru
12.01.2024;ALLA-PSIHOLOG.ru
12.01.2024;ALLABOUTADVERTISING.ru
12.01.2024;ALLAN-ANTHONY-ROBBINS-UPW.ru
12.01.2024;ALLDJS.ru
12.01.2024;ALLERGYCHIP.ru
12.01.2024;ALLGTA.ru
12.01.2024;ALLIANCEUK.ru
12.01.2024;ALLIGATORDESIGN.ru
12.01.2024;ALLIPARTSAUTO.ru
12.01.2024;ALLIR.ru
12.01.2024;ALLMI.ru
12.01.2024;ALLMYBLOGS.ru
12.01.2024;ALLROUNDEXPERT.ru
12.01.2024;ALLTEAMPLAYERS.ru
12.01.2024;ALLTOOLPRO.ru
12.01.2024;ALLUR23.ru
12.01.2024;ALMANT-STUDIO.ru
12.01.2024;ALMAZ-STC.ru
12.01.2024;ALMAZNOE-SVERLENIE82.ru
12.01.2024;ALOHADANCE.ru
12.01.2024;ALPHATRAD.ru
12.01.2024;ALPSPEC.ru
12.01.2024;ALROK.ru
12.01.2024;ALS-TOUR.ru
12.01.2024;ALSHIB.ru
12.01.2024;ALSPORTS-MOB-110.ru
12.01.2024;ALTAIDORSTROI.ru
12.01.2024;ALTERNY.ru
12.01.2024;ALUMPROFILEMACHINE.ru
12.01.2024;ALVEANO.ru
12.01.2024;ALYALINACOSMETICS.ru
12.01.2024;ALYONA-LEE74.ru
12.01.2024;ALYONAMOROZOVA.ru
12.01.2024;AM-MSKKUHNYA.ru
12.01.2024;AM97.ru
12.01.2024;AMARYANSTANDUP.ru
12.01.2024;AMBER-AVTO.ru
12.01.2024;AMBITV.ru
12.01.2024;AMERAP.ru
12.01.2024;AMERICANSODA.ru
12.01.2024;AMETRIA.ru
12.01.2024;AMH.ru
12.01.2024;AMI-BREND.ru
12.01.2024;AMIGO-HR.ru
12.01.2024;AMILOVEMK.ru
12.01.2024;AMIR-ISLAMI.ru
12.01.2024;AMIRRUS.ru
12.01.2024;AMNEM.ru
12.01.2024;AMO-AKSARAI.ru
12.01.2024;AMORET-CLUB.ru
12.01.2024;AMOSAA.ru
12.01.2024;AMPERLINE.ru
12.01.2024;AMSHOSTING.ru
12.01.2024;AMURCHAN.ru
12.01.2024;AMURFIX.ru
12.01.2024;AMURSK-NEDVIJIMOST.ru
12.01.2024;AMWAYCAREER.ru
12.01.2024;AN-PORYADOK.ru
12.01.2024;ANALITIKA-CONNECT.ru
12.01.2024;ANALITIKA18.ru
12.01.2024;ANASTACIAKYLIKOVA.ru
12.01.2024;ANASTASIAMATKARIMOVA.ru
12.01.2024;ANASTASIASHALL.ru
12.01.2024;ANATOMIYA-SMART.ru
12.01.2024;ANCIF.ru
12.01.2024;ANDALUZADETREFILERIA.ru
12.01.2024;ANDERSEN-HOUSE.ru
12.01.2024;ANDREWPUSHKARENKO.ru
12.01.2024;ANDREYLUKOVSKY.ru
12.01.2024;ANDROIDLOMKA.ru
12.01.2024;ANDYSPORT.ru
12.01.2024;ANEKKE.ru
12.01.2024;ANELSUH-NUMEROLOG.ru
12.01.2024;ANGELFIT.ru
12.01.2024;ANGLEYLAND.ru
12.01.2024;ANGLIGRA.ru
12.01.2024;ANI5.ru
12.01.2024;ANIMEKING.ru
12.01.2024;ANISIA-KARIMOVA.ru
12.01.2024;ANISLEYNA.ru
12.01.2024;ANITOKYO.ru
12.01.2024;ANKETA-MEDIA.ru
12.01.2024;ANKETA-SOC24.ru
12.01.2024;ANKOMSPB.ru
12.01.2024;ANKORCLUB.ru
12.01.2024;ANNAFROLOVAURIST.ru
12.01.2024;ANNAITE1.ru
12.01.2024;ANNAKALINAMALINA.ru
12.01.2024;ANNAKIREEVA.ru
12.01.2024;ANNAMASHKOVTSEVA.ru
12.01.2024;ANNAVLOG.ru
12.01.2024;ANNDYSS.ru
12.01.2024;ANNOVICHKOV.ru
12.01.2024;ANOKTI.ru
12.01.2024;ANOSHK1N.ru
12.01.2024;ANRITOUR.ru
12.01.2024;ANSARKEBAB.ru
12.01.2024;ANT-AGROSERVICE.ru
12.01.2024;ANTALYAVIPYACHT.ru
12.01.2024;ANTIGOPNIK.ru
12.01.2024;ANTIGRYZUN.ru
12.01.2024;ANTON-TATYANA.ru
12.01.2024;ANTOSTAR.ru
12.01.2024;ANTURAGEBOOK.ru
12.01.2024;ANUSHO-ART.ru
12.01.2024;ANY-DESK1.ru
12.01.2024;ANZHILOVA.ru
12.01.2024;AOBETON.ru
12.01.2024;AOGEO.ru
12.01.2024;AOOPROFI001.ru
12.01.2024;AP-STUDY.ru
12.01.2024;APALOVE.ru
12.01.2024;APARTAMENTY-KRASNAYAPOLYANA.ru
12.01.2024;APBO31.ru
12.01.2024;APELSEAN31.ru
12.01.2024;APEXBETPLUS.ru
12.01.2024;APFAQ.ru
12.01.2024;API-DIRECT.ru
12.01.2024;APLOCAL.ru
12.01.2024;APLRUSSIA.ru
12.01.2024;APPCELERATOR.ru
12.01.2024;APPGUIDE.ru
12.01.2024;APPLESTOREMSK.ru
12.01.2024;APPMARKETS.ru
12.01.2024;APSTUDYS.ru
12.01.2024;APTEKA-ORION.ru
12.01.2024;APTEKAB.ru
12.01.2024;APTEKAKAVKAZ.ru
12.01.2024;AQUA3PL.ru
12.01.2024;AQUALEPUS.ru
12.01.2024;AQUASERVICE67.ru
12.01.2024;AQUATERRAPARK.ru
12.01.2024;AQUATHERM-CONNECT.ru
12.01.2024;AQUATORIADETSTVA.ru
12.01.2024;AR-SENEZH.ru
12.01.2024;ARABAIR.ru
12.01.2024;ARABICA-RELAX.ru
12.01.2024;ARAKS-GROUP.ru
12.01.2024;ARAMAX.ru
12.01.2024;ARBEON.ru
12.01.2024;ARBITR-IVANOV.ru
12.01.2024;ARBITRAGANGRENE.ru
12.01.2024;ARBITRAGE-BUNDLE.ru
12.01.2024;ARBORIZAXS.ru
12.01.2024;ARCANE-ONLINE.ru
12.01.2024;ARCHEAGEINFO.ru
12.01.2024;ARCHIPELAGOWICK.ru
12.01.2024;ARCHNN.ru
12.01.2024;ARCHONKNIFE.ru
12.01.2024;ARCHYBALD.ru
12.01.2024;ARCTIC-COAST.ru
12.01.2024;ARCTICART.ru
12.01.2024;ARDO-RUS.ru
12.01.2024;ARENASIBIR-NSK.ru
12.01.2024;ARENDAFOTOZON.ru
12.01.2024;ARFACTORY.ru
12.01.2024;ARGO-MELKOM.ru
12.01.2024;ARGOMELKOM.ru
12.01.2024;ARGUMENT-DESIGN.ru
12.01.2024;ARHCTT.ru
12.01.2024;ARHNN.ru
12.01.2024;ARHSALON.ru
12.01.2024;ARIALPROM.ru
12.01.2024;ARIENT-M.ru
12.01.2024;ARIRIME.ru
12.01.2024;ARISTIDE.ru
12.01.2024;ARISTO-ES.ru
12.01.2024;ARKADIA-C.ru
12.01.2024;ARKAEN.ru
12.01.2024;ARKSOUL.ru
12.01.2024;ARKSTAR.ru
12.01.2024;ARLANK.ru
12.01.2024;ARMAFLEXNN.ru
12.01.2024;ARMAIS.ru
12.01.2024;ARMATEH-MSK.ru
12.01.2024;ARMSTRONG-CEILINGS.ru
12.01.2024;AROMANEIRO.ru
12.01.2024;AROMARICH.ru
12.01.2024;AROMATDZEN.ru
12.01.2024;AROMOSTILIST.ru
12.01.2024;ARSENAL-KOS44.ru
12.01.2024;ARSVAS.ru
12.01.2024;ART-AKULOVO.ru
12.01.2024;ART-DECORS.ru
12.01.2024;ART-ELEVER.ru
12.01.2024;ART-FUSION.ru
12.01.2024;ART-GARTEN.ru
12.01.2024;ART-GLINSKY.ru
12.01.2024;ART-GLUSHKOFF-PRO.ru
12.01.2024;ART-RENOVATION.ru
12.01.2024;ART-VEND.ru
12.01.2024;ARTAKIN.ru
12.01.2024;ARTAMONOVA-TOP.ru
12.01.2024;ARTAREA65.ru
12.01.2024;ARTAUTOSERVIS.ru
12.01.2024;ARTCAKE-TULA.ru
12.01.2024;ARTCARVED.ru
12.01.2024;ARTEL-MK.ru
12.01.2024;ARTELAMP-MSK.ru
12.01.2024;ARTELLIE.ru
12.01.2024;ARTEM-NASYROV.ru
12.01.2024;ARTEMBERSENEV.ru
12.01.2024;ARTFORPORTRAITS.ru
12.01.2024;ARTFORWEB.ru
12.01.2024;ARTHERAPP.ru
12.01.2024;ARTIROCK.ru
12.01.2024;ARTISTIVANOVA.ru
12.01.2024;ARTLINEFEST.ru
12.01.2024;ARTMAECENAS.ru
12.01.2024;ARTMEDIARECORD.ru
12.01.2024;ARTMEDIYA.ru
12.01.2024;ARTMZNVV.ru
12.01.2024;ARTOLGA.ru
12.01.2024;ARTSOBYTIYE.ru
12.01.2024;ARTURTADJ.ru
12.01.2024;ARTVESELKOVA.ru
12.01.2024;ARUSTEL.ru
12.01.2024;ARZDETROIT.ru
12.01.2024;AS-JEWEL.ru
12.01.2024;ASA-BEAUTY-HOUSE.ru
12.01.2024;ASALMIN.ru
12.01.2024;ASB-LUMIER.ru
12.01.2024;ASBEST.ru
12.01.2024;ASBRO.ru
12.01.2024;ASC96.ru
12.01.2024;ASCMINER.ru
12.01.2024;ASD-CENTER.ru
12.01.2024;ASDGRP.ru
12.01.2024;ASEMCEQ.ru
12.01.2024;ASERIKBEKQYZY.ru
12.01.2024;ASHEDRIN.ru
12.01.2024;ASIA-AUTOLINE.ru
12.01.2024;ASIA-SUPP.ru
12.01.2024;ASIA888.ru
12.01.2024;ASIAPARTS.ru
12.01.2024;ASIASMOTR.ru
12.01.2024;ASMAZOVEC.ru
12.01.2024;ASMIRNOVA.ru
12.01.2024;ASP74.ru
12.01.2024;ASPMTA.ru
12.01.2024;ASSESOR.ru
12.01.2024;ASSMIRNOVA.ru
12.01.2024;ASSORTIMEDIA.ru
12.01.2024;ASSTROJ.ru
12.01.2024;AST-START-KAM.ru
12.01.2024;ASTARIC.ru
12.01.2024;ASTDOM-PS.ru
12.01.2024;ASTELLIA.ru
12.01.2024;ASTIANNA.ru
12.01.2024;ASTONDOA-AURA.ru
12.01.2024;ASTRAPLK.ru
12.01.2024;ASTRATREND.ru
12.01.2024;ASTREL-MEDIA.ru
12.01.2024;ASTROGIRRLS.ru
12.01.2024;ASTROLOGHIROMANT.ru
12.01.2024;ASTROTEH-PRO.ru
12.01.2024;ASTROVILAZKI.ru
12.01.2024;ASTRUM-TECHNOLOGY.ru
12.01.2024;ASTTIKA.ru
12.01.2024;ASUSROUTER.ru
12.01.2024;ASYA420RED.ru
12.01.2024;AT-PRODUCT.ru
12.01.2024;ATAKA54.ru
12.01.2024;ATELICAOLGINO.ru
12.01.2024;ATELIEE.ru
12.01.2024;ATELIERHARRISONS-MTM.ru
12.01.2024;ATELIERHARRISONSMTM.ru
12.01.2024;ATELYE-MARLEN.ru
12.01.2024;ATF-RESOURCE.ru
12.01.2024;ATI-JAC.ru
12.01.2024;ATIAP.ru
12.01.2024;ATK-STUDIO.ru
12.01.2024;ATLAS-HC.ru
12.01.2024;ATLASMEB.ru
12.01.2024;ATMOSFERA-VKUSA.ru
12.01.2024;ATOMEB.ru
12.01.2024;ATOMVKPLUS.ru
12.01.2024;ATOMYKOT.ru
12.01.2024;ATR-M.ru
12.01.2024;ATSAREGRADSKIY.ru
12.01.2024;AURORA63.ru
12.01.2024;AUSC-TYRNYAUZ.ru
12.01.2024;AUTHMALIL.ru
12.01.2024;AUTISM-MAMA.ru
12.01.2024;AUTO-CAR63.ru
12.01.2024;AUTO-OSAGO-EED.ru
12.01.2024;AUTO-PRIGON.ru
12.01.2024;AUTO-SERES.ru
12.01.2024;AUTO-SOCK.ru
12.01.2024;AUTO-ZIP142.ru
12.01.2024;AUTOCAB.ru
12.01.2024;AUTODEALER-SITE.ru
12.01.2024;AUTOGATES50.ru
12.01.2024;AUTOGATESERVICE.ru
12.01.2024;AUTOGEARHUB.ru
12.01.2024;AUTOGLASS-ONLINE.ru
12.01.2024;AUTOLENINGRAD.ru
12.01.2024;AUTOMATIONBUSINESS.ru
12.01.2024;AUTOMOBILEJ-VYKUP.ru
12.01.2024;AUTOPARK-SAM.ru
12.01.2024;AUTOPARK-SMR.ru
12.01.2024;AUTOPORT77.ru
12.01.2024;AUTOPOSTERBOT.ru
12.01.2024;AUTOPROFIT-ROBOT.ru
12.01.2024;AUTOREALSPB.ru
12.01.2024;AUTOREMONT48.ru
12.01.2024;AUTOREPAIRSHOP.ru
12.01.2024;AUTOSHKOLA-ELABUGA.ru
12.01.2024;AUTOSTEKLO-33.ru
12.01.2024;AUTOTOCHCA.ru
12.01.2024;AUTOVUTIL.ru
12.01.2024;AV-SAVIN.ru
12.01.2024;AV8IASALES.ru
12.01.2024;AVACLUB.ru
12.01.2024;AVAGINA.ru
12.01.2024;AVANES753.ru
12.01.2024;AVANZA-SHKOLA-TANTSEV.ru
12.01.2024;AVAPARTNER.ru
12.01.2024;AVARCHAKOV.ru
12.01.2024;AVCUZ.ru
12.01.2024;AVENUEHOTELS.ru
12.01.2024;AVEONPRO.ru
12.01.2024;AVERS-AVTOSHKOLA.ru
12.01.2024;AVERSNEVA.ru
12.01.2024;AVETOVA.ru
12.01.2024;AVI8ASALES.ru
12.01.2024;AVIAKOT.ru
12.01.2024;AVIATOR-PULKOVO.ru
12.01.2024;AVIKSLLC.ru
12.01.2024;AVITUBE.ru
12.01.2024;AVKON.ru
12.01.2024;AVNNOV.ru
12.01.2024;AVNSHOP.ru
12.01.2024;AVOCOSMO.ru
12.01.2024;AVOTEFORVK.ru
12.01.2024;AVPROFF.ru
12.01.2024;AVREALTY.ru
12.01.2024;AVSERGEI.ru
12.01.2024;AVSGROUP-UG.ru
12.01.2024;AVSTERIA38.ru
12.01.2024;AVT-ES.ru
12.01.2024;AVTO-COMPLEX.ru
12.01.2024;AVTO-MKAD.ru
12.01.2024;AVTO-PRAV.ru
12.01.2024;AVTO-SHOPING.ru
12.01.2024;AVTO-TEKHPOMOSHCH54.ru
12.01.2024;AVTO156.ru
12.01.2024;AVTOBALANCE.ru
12.01.2024;AVTOBUS180.ru
12.01.2024;AVTOBUS80.ru
12.01.2024;AVTOBUS81.ru
12.01.2024;AVTOCONSULTANT.ru
12.01.2024;AVTOEXPERT77.ru
12.01.2024;AVTOGAZ-82.ru
12.01.2024;AVTOGEOMETRIYA-STR.ru
12.01.2024;AVTOGID34.ru
12.01.2024;AVTOGRUZ45.ru
12.01.2024;AVTOKURS-SK.ru
12.01.2024;AVTOLAMPA.ru
12.01.2024;AVTOLOGISTIKS.ru
12.01.2024;AVTOMATIZACIYA-B2B.ru
12.01.2024;AVTOPARTS.ru
12.01.2024;AVTORESTAVRATOR70.ru
12.01.2024;AVTORITET30.ru
12.01.2024;AVTOSHKOLA142.ru
12.01.2024;AVTOSPEC58.ru
12.01.2024;AVTOSPECTRANSPORT.ru
12.01.2024;AVTOSTANDART-OPT.ru
12.01.2024;AVTOVYSHKA22.ru
12.01.2024;AVYRVA.ru
12.01.2024;AWIGS.ru
12.01.2024;AXCOR.ru
12.01.2024;AXIEGRIEF.ru
12.01.2024;AXIOMSTROY.ru
12.01.2024;AXON.ru
12.01.2024;AYAVOLUNTEER.ru
12.01.2024;AYUDAEV-MOMO.ru
12.01.2024;AZ174.ru
12.01.2024;AZBUKAICE.ru
12.01.2024;AZBUKAKUHNI24.ru
12.01.2024;AZIMUT-M78.ru
12.01.2024;AZINO-777-TOPCAZINO.ru
12.01.2024;AZINO777-BESTCASH.ru
12.01.2024;AZINO777-PLAYCAZINOVIP.ru
12.01.2024;AZINO777-VIPPLAYSLOT.ru
12.01.2024;AZINO777CAZINODOT.ru
12.01.2024;AZINO777KAZINOTON.ru
12.01.2024;AZINO777KAZINOWBTC.ru
12.01.2024;AZINO777PLAYCASINO-CASH.ru
12.01.2024;AZINO777SLOTSVIP.ru
12.01.2024;AZOTOPT.ru
12.01.2024;AZS-ALGA.ru
12.01.2024;AZURELIFESTYLE.ru
12.01.2024;AZZZARTPLAYTOP4.ru
12.01.2024;AZZZARTPLAYTOP5.ru
12.01.2024;B-INVESTD.ru
12.01.2024;B-MOIPRIYATEL.ru
12.01.2024;B-WHATS.ru
12.01.2024;B2B-ENERGY.ru
12.01.2024;B2B-EURORESURS.ru
12.01.2024;B2B-IRKUTSKENERGO.ru
12.01.2024;B2B-KTRV.ru
12.01.2024;B2P-SDOM.ru
12.01.2024;B7DR06Z.ru
12.01.2024;BAARYNTAP.ru
12.01.2024;BABYZAKAZ.ru
12.01.2024;BACARO.ru
12.01.2024;BAD-CROWN.ru
12.01.2024;BADER2.ru
12.01.2024;BADGY.ru
12.01.2024;BAEVFILMS.ru
12.01.2024;BAIBAKDONJUA.ru
12.01.2024;BAIKAL-ARENA.ru
12.01.2024;BAIKAL-SEZ.ru
12.01.2024;BAIKAL-WONDERS.ru
12.01.2024;BAIKALWIN.ru
12.01.2024;BAIKALWONDERS.ru
12.01.2024;BAITH.ru
12.01.2024;BAKINAR.ru
12.01.2024;BAKKER.ru
12.01.2024;BAKMAN.ru
12.01.2024;BAKZDRAVLIVE.ru
12.01.2024;BALCHUGTECH.ru
12.01.2024;BALDURON.ru
12.01.2024;BALERPRESS.ru
12.01.2024;BALIFORUMFM.ru
12.01.2024;BALINVITE.ru
12.01.2024;BALNURORALKANOVA.ru
12.01.2024;BALOVEN-OMSK.ru
12.01.2024;BALTIC-DRAGON.ru
12.01.2024;BALTMOSTSTROY.ru
12.01.2024;BAMBE.ru
12.01.2024;BAMBOOKKOREA.ru
12.01.2024;BAMBUROVA.ru
12.01.2024;BANANABOT.ru
12.01.2024;BANANASBASE.ru
12.01.2024;BANGKOKEY.ru
12.01.2024;BANGKOKTAXI.ru
12.01.2024;BANI-BOCKY.ru
12.01.2024;BANI25.ru
12.01.2024;BANK-EDU.ru
12.01.2024;BANK-PORTFOLIO.ru
12.01.2024;BANKA-VSTANKA.ru
12.01.2024;BANKIKARTOFF.ru
12.01.2024;BANKKKROT.ru
12.01.2024;BANKOMAT-NA-KARTE.ru
12.01.2024;BANKROTSTVO27.ru
12.01.2024;BANYA-BYTOVKA.ru
12.01.2024;BANYA18.ru
12.01.2024;BANYDOM2024.ru
12.01.2024;BAR-74.ru
12.01.2024;BAR620.ru
12.01.2024;BARABANISPB.ru
12.01.2024;BARAHOLKA18.ru
12.01.2024;BARBERSHOP-CORLEONE.ru
12.01.2024;BARHAT-FLOWERS.ru
12.01.2024;BARHATNYJ.ru
12.01.2024;BARINLAB-SCANNER.ru
12.01.2024;BARKH.ru
12.01.2024;BARNAULX-X-XBAR.ru
12.01.2024;BARPOKE.ru
12.01.2024;BARTERTRADE.ru
12.01.2024;BAS-PLUS.ru
12.01.2024;BASEFIT.ru
12.01.2024;BASELLER.ru
12.01.2024;BASEO.ru
12.01.2024;BASH-HOUSE.ru
12.01.2024;BASON-PERM.ru
12.01.2024;BASSALE.ru
12.01.2024;BASSEIN-KAZAN.ru
12.01.2024;BATH-WARE.ru
12.01.2024;BATHTEA.ru
12.01.2024;BATIAL.ru
12.01.2024;BATONBATONSKIY.ru
12.01.2024;BATUT-SALTO.ru
12.01.2024;BATYNSRGNJ.ru
12.01.2024;BAUKONCEPT.ru
12.01.2024;BAUMANTEAM.ru
12.01.2024;BAVARSIS.ru
12.01.2024;BAXBET.ru
12.01.2024;BAZHOV-HOUSE.ru
12.01.2024;BAZZDAY.ru
12.01.2024;BCBALANCE.ru
12.01.2024;BCHELANEXT.ru
12.01.2024;BCS-GROUP.ru
12.01.2024;BCVANT.ru
12.01.2024;BEACHPOINT.ru
12.01.2024;BEAGLE-CLUB.ru
12.01.2024;BEAUTIFUL-FACE-SALON.ru
12.01.2024;BEAUTY-IN-SYNTHON.ru
12.01.2024;BEAUTYAMPULES.ru
12.01.2024;BEAUTYFIX.ru
12.01.2024;BEAUTYROOM32.ru
12.01.2024;BEAUWAY.ru
12.01.2024;BEDOVA.ru
12.01.2024;BEEHEALTH.ru
12.01.2024;BEERYSNEK.ru
12.01.2024;BEGLO.ru
12.01.2024;BEINHOUSE.ru
12.01.2024;BEKINA.ru
12.01.2024;BELDIVAN.ru
12.01.2024;BELGOROD-EXPERT.ru
12.01.2024;BELGORODKUHNI.ru
12.01.2024;BELIK-URAL.ru
12.01.2024;BELINSKOE-RK.ru
12.01.2024;BELLEZZIA.ru
12.01.2024;BELTERMO-PLITA.ru
12.01.2024;BELUGMK.ru
12.01.2024;BELVEROBEY.ru
12.01.2024;BEMORO.ru
12.01.2024;BENAIL-BY-KSENIAPROMANIK.ru
12.01.2024;BENEFITCARD.ru
12.01.2024;BENELLI-MOSCOW.ru
12.01.2024;BENNECKERENT.ru
12.01.2024;BENON.ru
12.01.2024;BEREE.ru
12.01.2024;BERESTENEV.ru
12.01.2024;BEREZKA-HIMKI.ru
12.01.2024;BERIKATAI.ru
12.01.2024;BERLIN-ONLINE.ru
12.01.2024;BERNI007.ru
12.01.2024;BESPALOFFDESIGN.ru
12.01.2024;BESSONOVARENATA.ru
12.01.2024;BEST-FOR-CAR.ru
12.01.2024;BEST-OUTLETS.ru
12.01.2024;BESTMINERAL.ru
12.01.2024;BESTNAILSDUBAI.ru
12.01.2024;BESTSALES2024.ru
12.01.2024;BESTSPICTURES.ru
12.01.2024;BESTVERSIONOFYOU.ru
12.01.2024;BETA12.ru
12.01.2024;BETERLOOKNEXTTIME.ru
12.01.2024;BETHEMAN.ru
12.01.2024;BETMANIAC.ru
12.01.2024;BETOGRAD.ru
12.01.2024;BETONLIT.ru
12.01.2024;BETSILA.ru
12.01.2024;BETTEXBET.ru
12.01.2024;BETTYVET.ru
12.01.2024;BEZ-LEKARSTV.ru
12.01.2024;BEZ-POVODA.ru
12.01.2024;BEZMUSOROFF.ru
12.01.2024;BEZPODPISKI.ru
12.01.2024;BFQEMLZPSA.ru
12.01.2024;BHOL.ru
12.01.2024;BIBLIOPHILEHUB.ru
12.01.2024;BIEFFEITALIA.ru
12.01.2024;BIG-PIG.ru
12.01.2024;BIG-SMILE98.ru
12.01.2024;BIG-VIDEO-TUBE.ru
12.01.2024;BIGGER-BASS-BONANZA.ru
12.01.2024;BIGGERBASSBONANZA.ru
12.01.2024;BIJUR-DELIMON.ru
12.01.2024;BIK163.ru
12.01.2024;BILCITY.ru
12.01.2024;BILETILOTOIVLEEVA.ru
12.01.2024;BILIMCRAFT.ru
12.01.2024;BIM-SERVICE.ru
12.01.2024;BIM-VRN.ru
12.01.2024;BINARIUM-APP.ru
12.01.2024;BINARYM.ru
12.01.2024;BINEKAHLIL.ru
12.01.2024;BINGO-TOUR.ru
12.01.2024;BINOCLE-ATN-SALE.ru
12.01.2024;BIODIVA.ru
12.01.2024;BIOPODCAST.ru
12.01.2024;BIOPOSUDA.ru
12.01.2024;BIOUPAKOVKA.ru
12.01.2024;BIRCHER-BENNER.ru
12.01.2024;BIRKA-CRAFT.ru
12.01.2024;BIRTHSTORYPOWER.ru
12.01.2024;BIRYUCH.ru
12.01.2024;BISTROMRBITNADOMU24.ru
12.01.2024;BITCOIN-ETF.ru
12.01.2024;BITMASTER24.ru
12.01.2024;BITPOOL.ru
12.01.2024;BITTEHNIKA-BU.ru
12.01.2024;BIZ-FLOWERS.ru
12.01.2024;BIZ-GROUPS.ru
12.01.2024;BIZ-LAWYER.ru
12.01.2024;BIZNES-HOSTING.ru
12.01.2024;BIZNESPRODUKT.ru
12.01.2024;BIZOTEL.ru
12.01.2024;BIZVITAMINS.ru
12.01.2024;BKN-IMG.ru
12.01.2024;BKSKREPKA.ru
12.01.2024;BLACK-FURY.ru
12.01.2024;BLACK-OUT.ru
12.01.2024;BLACKCOFFE.ru
12.01.2024;BLACKFURY.ru
12.01.2024;BLACKSHAMAN.ru
12.01.2024;BLAGOVESHENSK-PROSTITUTKA.ru
12.01.2024;BLAGZAP.ru
12.01.2024;BLANDING.ru
12.01.2024;BLASTOJPER.ru
12.01.2024;BLAZEHLZQ.ru
12.01.2024;BLEATER.ru
12.01.2024;BLECRAL.ru
12.01.2024;BLEFARO-CLINIC.ru
12.01.2024;BLEFAROCLINIC.ru
12.01.2024;BLEFAROPLASTIKS.ru
12.01.2024;BLESK95.ru
12.01.2024;BLIKNSK.ru
12.01.2024;BM-TOPSERVICE.ru
12.01.2024;BMELECTRO.ru
12.01.2024;BMS-MOSCOW.ru
12.01.2024;BMTM.ru
12.01.2024;BN7.ru
12.01.2024;BOB-LES.ru
12.01.2024;BOB-STROY.ru
12.01.2024;BODROVSKI.ru
12.01.2024;BODROVSKIY.ru
12.01.2024;BODROVSKY.ru
12.01.2024;BODY-COSMETICS.ru
12.01.2024;BODYCAREBLOG.ru
12.01.2024;BOGDANOV72.ru
12.01.2024;BOGDANOVA72.ru
12.01.2024;BOGEMACHITA.ru
12.01.2024;BOJTKAH.ru
12.01.2024;BONALUX.ru
12.01.2024;BONAPPETITE-GAME.ru
12.01.2024;BONDAR-TOP.ru
12.01.2024;BONINGER.ru
12.01.2024;BONNITA.ru
12.01.2024;BONROSTMETALL.ru
12.01.2024;BONUS-KENT-CASINO.ru
12.01.2024;BONUSCASINO-2024.ru
12.01.2024;BONUSSETOPPA.ru
12.01.2024;BONUSSETOPPC.ru
12.01.2024;BONUSSETOPPE.ru
12.01.2024;BONUSSETOPPI.ru
12.01.2024;BONUSSETOPPO.ru
12.01.2024;BONUSSETOPPQ.ru
12.01.2024;BONUSSETOPPU.ru
12.01.2024;BONUSSETOPPV.ru
12.01.2024;BONUSSETOPPX.ru
12.01.2024;BONUSSETOPPY.ru
12.01.2024;BONUSSGIOO.ru
12.01.2024;BONUSSGIOP.ru
12.01.2024;BONUSSGOE.ru
12.01.2024;BONUSSGOR.ru
12.01.2024;BOOK-EPUB.ru
12.01.2024;BOOKINGHOTELAWARDS.ru
12.01.2024;BOOKLYN.ru
12.01.2024;BOOKMAKERINFO.ru
12.01.2024;BOOKOFDEAD-SLOTS.ru
12.01.2024;BOOKSBUNKER.ru
12.01.2024;BOOMPRINTS.ru
12.01.2024;BOOSELL.ru
12.01.2024;BOOST-SITE.ru
12.01.2024;BOOSTER-REMONT.ru
12.01.2024;BORGES-NN.ru
12.01.2024;BORODAISHLAYPA.ru
12.01.2024;BORODAISHLYAPA.ru
12.01.2024;BOROVIKOIRINA.ru
12.01.2024;BOSH-BS-REMONT.ru
12.01.2024;BOSNALIJEK-RF.ru
12.01.2024;BOUQUETFORYOU.ru
12.01.2024;BOVISTA.ru
12.01.2024;BOWRON.ru
12.01.2024;BOX-RENT.ru
12.01.2024;BOXDEL.ru
12.01.2024;BOXWHITE.ru
12.01.2024;BOZHOKLARISA.ru
12.01.2024;BP-1C.ru
12.01.2024;BP-EXPERT.ru
12.01.2024;BPADEVELOP.ru
12.01.2024;BRAIDERS-CLUB.ru
12.01.2024;BRAIDERSCLUB.ru
12.01.2024;BRAINDETOX.ru
12.01.2024;BRANDCITYMALL.ru
12.01.2024;BRANDCOSMETICS.ru
12.01.2024;BRANDING-AGENCY-FOX.ru
12.01.2024;BRANDMARK.ru
12.01.2024;BRANDPACKAGE26.ru
12.01.2024;BRANDSTREET77.ru
12.01.2024;BRAUT.ru
12.01.2024;BRAZILPIZZA.ru
12.01.2024;BREIL.ru
12.01.2024;BRICSBANK.ru
12.01.2024;BRIGHTANDLIGHT.ru
12.01.2024;BRIKS-INRTU.ru
12.01.2024;BRILLIANT-360.ru
12.01.2024;BRILLIANT-SHINE.ru
12.01.2024;BRILLIANT360.ru
12.01.2024;BRIT-FIORD.ru
12.01.2024;BRIZ-SK.ru
12.01.2024;BRONCHICENTER.ru
12.01.2024;BROSGEO.ru
12.01.2024;BROUND.ru
12.01.2024;BRP-OUTLET.ru
12.01.2024;BRP-PARTS.ru
12.01.2024;BRYANSK-VIPUSKNIK.ru
12.01.2024;BRYANSKTRAKTOR.ru
12.01.2024;BSS-PRAVO.ru
12.01.2024;BSSAG.ru
12.01.2024;BTC-ETF.ru
12.01.2024;BTC-FISH.ru
12.01.2024;BUBBAFINANS.ru
12.01.2024;BUBKKSNUBQ.ru
12.01.2024;BUBNOVSKAYA.ru
12.01.2024;BUDEM-ZDOROVYI.ru
12.01.2024;BUDGETAPPS.ru
12.01.2024;BUDGETSTROII.ru
12.01.2024;BUDKIN-DOJO.ru
12.01.2024;BUDWEISER-BUDVAR.ru
12.01.2024;BUDZDOROVA7YA.ru
12.01.2024;BUENOLATINA.ru
12.01.2024;BUFFALO-KING-MEGAWAYS.ru
12.01.2024;BUFFALOKINGMEGAWAYS.ru
12.01.2024;BUHSOVETNIK48.ru
12.01.2024;BUILDINGS-FOR.ru
12.01.2024;BUILDMI.ru
12.01.2024;BUILDPIX.ru
12.01.2024;BUILDTHETRAVEL.ru
12.01.2024;BUKBUK.ru
12.01.2024;BUKETOPTOM.ru
12.01.2024;BUKSAUTO.ru
12.01.2024;BURCHAKOV.ru
12.01.2024;BURGANOV-PRO.ru
12.01.2024;BURITOKONCERT.ru
12.01.2024;BURMASHSERVIS.ru
12.01.2024;BURNROSE.ru
12.01.2024;BUSAUTOPARTS.ru
12.01.2024;BUSINESDAY.ru
12.01.2024;BUSINESS-CLUB-MTT.ru
12.01.2024;BUSINESS-YANDEX.ru
12.01.2024;BUSINESSROST24.ru
12.01.2024;BUSSINESROST.ru
12.01.2024;BUTIK58.ru
12.01.2024;BUY-POPPERS.ru
12.01.2024;BUYGAMEKEY.ru
12.01.2024;BUYJERSEYSHOP.ru
12.01.2024;BUYLISTER.ru
12.01.2024;BUYYEA.ru
12.01.2024;BUZZICOL.ru
12.01.2024;BVL-VOYAGE.ru
12.01.2024;BWCOKNA.ru
12.01.2024;BYCHKOV-AP.ru
12.01.2024;BYJOMU.ru
12.01.2024;BYKRASH.ru
12.01.2024;BYKVARI.ru
12.01.2024;BYSER.ru
12.01.2024;BYSWAN.ru
12.01.2024;BYVELCHEVA.ru
12.01.2024;BYZIN.ru
12.01.2024;BZ-POTOLKI.ru
12.01.2024;BZMTO.ru
12.01.2024;C-TEH.ru
12.01.2024;C-WHATS.ru
12.01.2024;CABBACIS.ru
12.01.2024;CABINET23.ru
12.01.2024;CADIK44.ru
12.01.2024;CAFEURMAN.ru
12.01.2024;CALANCO.ru
12.01.2024;CALENDRACULA.ru
12.01.2024;CALUN.ru
12.01.2024;CAMPCOMPETITION.ru
12.01.2024;CAMPSVOTE.ru
12.01.2024;CAMPUS63.ru
12.01.2024;CAMPVOTE.ru
12.01.2024;CANDYTEST.ru
12.01.2024;CAPITAL-FUND.ru
12.01.2024;CAPITAL-NSTROY.ru
12.01.2024;CAPITALCLASS.ru
12.01.2024;CAPRI-HOUSE.ru
12.01.2024;CAPTCHA-BOT-VERIFYY.ru
12.01.2024;CAR-TOCHKA.ru
12.01.2024;CAR-ZABOR.ru
12.01.2024;CARAMBA-CARAMBA.ru
12.01.2024;CARBOGLASS-KZN.ru
12.01.2024;CARD-PAGE.ru
12.01.2024;CARDBEST.ru
12.01.2024;CARDIO-DATA.ru
12.01.2024;CARDIODATA.ru
12.01.2024;CARDS-POZDRAV.ru
12.01.2024;CAREER-HAPPY.ru
12.01.2024;CAREXPERT-EKB.ru
12.01.2024;CARGO-783.ru
12.01.2024;CARGO-PASS.ru
12.01.2024;CARLIGHT60.ru
12.01.2024;CARMOVIE.ru
12.01.2024;CAROLAIN.ru
12.01.2024;CARRYCAR.ru
12.01.2024;CARSILA.ru
12.01.2024;CARTWISTED.ru
12.01.2024;CASH01.ru
12.01.2024;CASHGID.ru
12.01.2024;CASHRBC.ru
12.01.2024;CASHVISTA.ru
12.01.2024;CASINO-GOXBET.ru
12.01.2024;CASINO-ONION.ru
12.01.2024;CASINO-X781.ru
12.01.2024;CASINOBOLLYWOOD.ru
12.01.2024;CASINOSPINIA.ru
12.01.2024;CASSA-SILLER.ru
12.01.2024;CASTROSJ.ru
12.01.2024;CAT-CASINO-PLAY615.ru
12.01.2024;CATCASINO44.ru
12.01.2024;CATENERGY.ru
12.01.2024;CATERING-TMB.ru
12.01.2024;CATERINGKALUGA.ru
12.01.2024;CATMIR.ru
12.01.2024;CAVECODE.ru
12.01.2024;CAZINO-KENT.ru
12.01.2024;CAZINO-ONION.ru
12.01.2024;CAZINOPINUPCASH.ru
12.01.2024;CAZINOPROFITPLAY.ru
12.01.2024;CB-GROUP.ru
12.01.2024;CBOBEST.ru
12.01.2024;CCK24.ru
12.01.2024;CDT-ELIZOVO.ru
12.01.2024;CECTPU4KA.ru
12.01.2024;CELESTYAL.ru
12.01.2024;CELESTYALCRUISES.ru
12.01.2024;CELINA61.ru
12.01.2024;CELINNAYA-SHKOLA.ru
12.01.2024;CEMENTORASPREDELITELI.ru
12.01.2024;CENTER-IVA.ru
12.01.2024;CENTER-PRAVA55.ru
12.01.2024;CENTERCOMTRANS.ru
12.01.2024;CENTR-MEDIACII-KALUGA.ru
12.01.2024;CENTRAL-92.ru
12.01.2024;CENTRMIGRANTOV-RF.ru
12.01.2024;CENTRTEHKOM.ru
12.01.2024;CENTRYOUNOST74.ru
12.01.2024;CEOSPLIT.ru
12.01.2024;CERN-YUG.ru
12.01.2024;CERTIFI.ru
12.01.2024;CESVA.ru
12.01.2024;CEZON43.ru
12.01.2024;CFLADIES.ru
12.01.2024;CGLAZMARYAM.ru
12.01.2024;CGTMOS.ru
12.01.2024;CHABLIS-SALON.ru
12.01.2024;CHANCE24.ru
12.01.2024;CHANSNEAKERS.ru
12.01.2024;CHARDTUGW.ru
12.01.2024;CHARGERRPG.ru
12.01.2024;CHEAPDC.ru
12.01.2024;CHEAPER2024.ru
12.01.2024;CHEAPS2024.ru
12.01.2024;CHEAPSALES2024STORE.ru
12.01.2024;CHEBURASHKA-DOLINSK.ru
12.01.2024;CHECKFRESH.ru
12.01.2024;CHECKPROBEG.ru
12.01.2024;CHECKSECURITY.ru
12.01.2024;CHEERSPORT33.ru
12.01.2024;CHEETAHCLINIC.ru
12.01.2024;CHEL-KVALITET.ru
12.01.2024;CHELBANCHAN.ru
12.01.2024;CHELOBITNAYA.ru
12.01.2024;CHELPRESS.ru
12.01.2024;CHELSCHOOL-57.ru
12.01.2024;CHEM-COURIER.ru
12.01.2024;CHEREMUSHKI-HOTEL.ru
12.01.2024;CHERNAYAIKRASNAYA.ru
12.01.2024;CHERNOEIKRASNOE.ru
12.01.2024;CHERNOVMX.ru
12.01.2024;CHERNYEGOLUBI.ru
12.01.2024;CHERNYJ-ANGEL.ru
12.01.2024;CHERRY-MOTORS.ru
12.01.2024;CHESS04.ru
12.01.2024;CHET445.ru
12.01.2024;CHETMAKTSEN.ru
12.01.2024;CHICKENBOX.ru
12.01.2024;CHIFANFOOD.ru
12.01.2024;CHIKINA-TINKUSS.ru
12.01.2024;CHILL-HOME.ru
12.01.2024;CHILLOUT-GIRLS.ru
12.01.2024;CHIMBERTILLI.ru
12.01.2024;CHINA-AI.ru
12.01.2024;CHINA-CPU.ru
12.01.2024;CHINA-DATA.ru
12.01.2024;CHINA-GPU.ru
12.01.2024;CHINA-HETZNER.ru
12.01.2024;CHINA-HTZNR.ru
12.01.2024;CHINA-ML.ru
12.01.2024;CHINA7.ru
12.01.2024;CHINADOM24.ru
12.01.2024;CHINAONTHEWAY.ru
12.01.2024;CHINASP.ru
12.01.2024;CHINATRENDS-WARDHOWELL.ru
12.01.2024;CHINKOVA.ru
12.01.2024;CHINZ.ru
12.01.2024;CHISTO35.ru
12.01.2024;CHISTODELROSTOV.ru
12.01.2024;CHISTOPOLSKAYA.ru
12.01.2024;CHISTYLIST.ru
12.01.2024;CHITASHKA.ru
12.01.2024;CHOCOFIT.ru
12.01.2024;CHOODODOM.ru
12.01.2024;CHOPKKV.ru
12.01.2024;CHPUMETALL.ru
12.01.2024;CHRISBERY.ru
12.01.2024;CHUJ.ru
12.01.2024;CHVFX.ru
12.01.2024;CHVSKY.ru
12.01.2024;CIFRA2424.ru
12.01.2024;CILASTE.ru
12.01.2024;CINEPANDAS.ru
12.01.2024;CIRCUSGRANDVICTORIA.ru
12.01.2024;CISCOMARKET.ru
12.01.2024;CISTUSOHBJ.ru
12.01.2024;CITROEN-AVTOSERVISE.ru
12.01.2024;CITY-MISHKI.ru
12.01.2024;CITY-MOBIL-UFA.ru
12.01.2024;CITY-SWAN.ru
12.01.2024;CITY-TRUST-93.ru
12.01.2024;CITY45.ru
12.01.2024;CK-KARELINA.ru
12.01.2024;CK-LIVE.ru
12.01.2024;CK-SERVICE.ru
12.01.2024;CKIDKON.ru
12.01.2024;CKLIVE.ru
12.01.2024;CLAVISMED.ru
12.01.2024;CLCKTM.ru
12.01.2024;CLEANCITY18.ru
12.01.2024;CLEANING-MOET.ru
12.01.2024;CLEANING-PNZ.ru
12.01.2024;CLEANJET.ru
12.01.2024;CLEVERTYMEDIA.ru
12.01.2024;CLIFF5.ru
12.01.2024;CLINIC-BLEFARO.ru
12.01.2024;CLINICBLEFARO.ru
12.01.2024;CLOCKTAP.ru
12.01.2024;CLOS1E.ru
12.01.2024;CLOTHPROM.ru
12.01.2024;CLOUDFASTADS.ru
12.01.2024;CLOUDIE96.ru
12.01.2024;CLOUDMETA.ru
12.01.2024;CLOUDOM.ru
12.01.2024;CLOVERPAY.ru
12.01.2024;CLT-TURIZM.ru
12.01.2024;CLUB-CAPTUR.ru
12.01.2024;CLUB-INTEREST.ru
12.01.2024;CLUBCOSMETICS.ru
12.01.2024;CLUBLEN-METAL.ru
12.01.2024;CMR-ORTO.ru
12.01.2024;CMS-CHAYNIK.ru
12.01.2024;CMS-INCLUDE.ru
12.01.2024;CNBEST.ru
12.01.2024;CNC-GOING.ru
12.01.2024;CNROLLFORMINGMACHINE.ru
12.01.2024;COACH-BAGS.ru
12.01.2024;COALNET.ru
12.01.2024;CODE-ART.ru
12.01.2024;CODE-F.ru
12.01.2024;CODEHEADS.ru
12.01.2024;COFFEESMILE.ru
12.01.2024;COFFIN-JAZZED.ru
12.01.2024;COINBIN.ru
12.01.2024;COKSZ.ru
12.01.2024;COLIBRILAB.ru
12.01.2024;COLLIERFRAMING.ru
12.01.2024;COMBOLIFT.ru
12.01.2024;COMEDY-LAB.ru
12.01.2024;COMESHOP.ru
12.01.2024;COMFORTDOORS.ru
12.01.2024;COMICSAFISHA-CLUB.ru
12.01.2024;COMNIK.ru
12.01.2024;COMPOLINE.ru
12.01.2024;COMPTOP.ru
12.01.2024;COMUNICAT.ru
12.01.2024;CONCEPTDOOR.ru
12.01.2024;CONEWS.ru
12.01.2024;CONFERENCINNOVA.ru
12.01.2024;CONFETTI-BALLS.ru
12.01.2024;CONSOLTTWX.ru
12.01.2024;CONSTREX.ru
12.01.2024;CONSTRUCTORA.ru
12.01.2024;CONTACTVOICE.ru
12.01.2024;CONTENTPARK.ru
12.01.2024;CONTEXTMEDIA.ru
12.01.2024;CONTRACTNIC.ru
12.01.2024;CONTRACTSVO.ru
12.01.2024;COOL-HORO.ru
12.01.2024;COOLLWORK.ru
12.01.2024;COOLUMAIN.ru
12.01.2024;COPYTHON.ru
12.01.2024;CORPMSP-FASHION.ru
12.01.2024;CORPORONLA.ru
12.01.2024;CORPPOST.ru
12.01.2024;CORSA-FOOD.ru
12.01.2024;COSKUNKAUCUK.ru
12.01.2024;COSMETICLABCLINIC.ru
12.01.2024;COSMO-ENERGET.ru
12.01.2024;COSMO-TRAFFIC.ru
12.01.2024;COSMO-X.ru
12.01.2024;COSMOTRAFFIC.ru
12.01.2024;COUNTRYMC.ru
12.01.2024;COURSES-DPO.ru
12.01.2024;COURSEWORKGPT.ru
12.01.2024;CPP-SOUZ.ru
12.01.2024;CPP43.ru
12.01.2024;CPWTVBIBKU.ru
12.01.2024;CQX8ULH.ru
12.01.2024;CRAFOR.ru
12.01.2024;CRAFT-CERAMIC.ru
12.01.2024;CRAFTCONGRESSRUSSIA.ru
12.01.2024;CRAFTRUS.ru
12.01.2024;CRAFTUNION.ru
12.01.2024;CRANESEURASIA.ru
12.01.2024;CRAZY-FISH.ru
12.01.2024;CRAZY-STYLE.ru
12.01.2024;CRAZYMOBILE.ru
12.01.2024;CRDMSK.ru
12.01.2024;CREAMYDREAM.ru
12.01.2024;CREATIVE-CRAFTSMAN.ru
12.01.2024;CREATIVEGLASS.ru
12.01.2024;CREATIVEGROUPKZ.ru
12.01.2024;CREATIVEMADNESS.ru
12.01.2024;CREATIVEWAVE.ru
12.01.2024;CREATOR-CORE.ru
12.01.2024;CREDIMASTER.ru
12.01.2024;CREDIT-X7.ru
12.01.2024;CREDITE-LOUD.ru
12.01.2024;CREXPLEXNEXT.ru
12.01.2024;CRM-BUILDER.ru
12.01.2024;CRONVEL.ru
12.01.2024;CROSSSHOP155.ru
12.01.2024;CRSDOD.ru
12.01.2024;CRUISERF.ru
12.01.2024;CRYPTAINVESTOR.ru
12.01.2024;CRYPTEBIO.ru
12.01.2024;CRYPTO-FAN.ru
12.01.2024;CRYPTOBLADE.ru
12.01.2024;CRYPTOSLOT.ru
12.01.2024;CRYPTOSLOTS.ru
12.01.2024;CRYSTALLUX-MSK.ru
12.01.2024;CS-MINEY.ru
12.01.2024;CS-MONEEY.ru
12.01.2024;CS-SERVER.ru
12.01.2024;CS-TOURGO.ru
12.01.2024;CSGO-SERVERS.ru
12.01.2024;CSINTERVIEW.ru
12.01.2024;CSOIL.ru
12.01.2024;CSTD-UC.ru
12.01.2024;CSTOUR-GO.ru
12.01.2024;CTCTVER.ru
12.01.2024;CTEF.ru
12.01.2024;CTM24.ru
12.01.2024;CUBIRUBI.ru
12.01.2024;CURALIFE.ru
12.01.2024;CUSTOMWOODGIFT.ru
12.01.2024;CUT-IT.ru
12.01.2024;CUTIE31.ru
12.01.2024;CUTUCU.ru
12.01.2024;CVETANA32.ru
12.01.2024;CVETI-VIDNOE.ru
12.01.2024;CVETMIR68.ru
12.01.2024;CVETOMAMA.ru
12.01.2024;CVETOMODA.ru
12.01.2024;CVETOPAPA.ru
12.01.2024;CVG26PO.ru
12.01.2024;CWCS2.ru
12.01.2024;CYBERHAMMER.ru
12.01.2024;CYBERSPACECS.ru
12.01.2024;CYCLICNUMBER.ru
12.01.2024;CZPK.ru
12.01.2024;CZPP.ru
12.01.2024;D-WHATS.ru
12.01.2024;DA-KIRISHI.ru
12.01.2024;DACKER.ru
12.01.2024;DAEDEM.ru
12.01.2024;DAFT-DUCK.ru
12.01.2024;DAFTDUCK.ru
12.01.2024;DAG-DOG.ru
12.01.2024;DAGDOG.ru
12.01.2024;DAILY-STUDY.ru
12.01.2024;DAIRYTECH-CONNECT.ru
12.01.2024;DALHEM.ru
12.01.2024;DALI-AROMA.ru
12.01.2024;DALZOLOTOKHV.ru
12.01.2024;DANCECOMMUNITY.ru
12.01.2024;DANIDALIAIN.ru
12.01.2024;DANIILREY.ru
12.01.2024;DANILCHENKO6.ru
12.01.2024;DANMISHK.ru
12.01.2024;DARK-VULKAN499.ru
12.01.2024;DARLINGUELMS.ru
12.01.2024;DASHASNIMI.ru
12.01.2024;DASHYADOSHIKFULL.ru
12.01.2024;DASIONAUTO.ru
12.01.2024;DASIONVIBRATOR.ru
12.01.2024;DATA-LEARNING.ru
12.01.2024;DATAFORGE.ru
12.01.2024;DATINGLLOVE.ru
12.01.2024;DATINGLLOVE1.ru
12.01.2024;DATINNGLOVE.ru
12.01.2024;DC-MEDICINE.ru
12.01.2024;DCDS.ru
12.01.2024;DCHECHETKINA.ru
12.01.2024;DCMEDICINE.ru
12.01.2024;DCRATRUS.ru
12.01.2024;DEAFSYNO.ru
12.01.2024;DEAL28240.ru
12.01.2024;DEAL36661.ru
12.01.2024;DEAL71123.ru
12.01.2024;DEARTDESIGN.ru
12.01.2024;DEBITWAVE.ru
12.01.2024;DECLINIC-MED.ru
12.01.2024;DECO-PROJECT.ru
12.01.2024;DEDISHEVSTANDUP.ru
12.01.2024;DEEP-EDIT.ru
12.01.2024;DEEP-RELAX.ru
12.01.2024;DEEPCH.ru
12.01.2024;DEERMARKET.ru
12.01.2024;DEIISTFHKL.ru
12.01.2024;DEJATEL.ru
12.01.2024;DEKORATORSPB.ru
12.01.2024;DEL-MAR.ru
12.01.2024;DELITA.ru
12.01.2024;DELIVERY-6326.ru
12.01.2024;DELIVERY-JAPAN-CAR.ru
12.01.2024;DELIVERY223.ru
12.01.2024;DELO-77.ru
12.01.2024;DELO77.ru
12.01.2024;DELODVOR.ru
12.01.2024;DELOKRATE.ru
12.01.2024;DELONLINE.ru
12.01.2024;DELORF.ru
12.01.2024;DELSHODE.ru
12.01.2024;DELTA29.ru
12.01.2024;DELUXLIGHT.ru
12.01.2024;DEMETRA-COCKTAILS.ru
12.01.2024;DEMIDOVTSEV.ru
12.01.2024;DEMOKRAT-ARH.ru
12.01.2024;DEMONCREDIT.ru
12.01.2024;DEMONTAZH-KRASNODAR23.ru
12.01.2024;DEN-V-SHKOLE.ru
12.01.2024;DENEZHNAYA-KVARTIRA.ru
12.01.2024;DENISENKOALEKSEY.ru
12.01.2024;DENISENKOIVAN.ru
12.01.2024;DENISENKOMARIYA.ru
12.01.2024;DENISIKO.ru
12.01.2024;DENISOV-CONSULT.ru
12.01.2024;DENISSIMACHEV.ru
12.01.2024;DENTA-LUX82.ru
12.01.2024;DEPAUL.ru
12.01.2024;DEPLY-SHOP.ru
12.01.2024;DEROOY.ru
12.01.2024;DESIGN-MASKAEVA.ru
12.01.2024;DESIGNDOM18.ru
12.01.2024;DESIGNER-LINGERIE.ru
12.01.2024;DESIGNERLIB.ru
12.01.2024;DESIGNOF.ru
12.01.2024;DESIGNSTER.ru
12.01.2024;DESTINION.ru
12.01.2024;DETDOM-RODNICHOK.ru
12.01.2024;DETI-BLOG.ru
12.01.2024;DETKIN-CLUB.ru
12.01.2024;DETSADINDIGA.ru
12.01.2024;DETSADURAL.ru
12.01.2024;DETSKIE-KROVATY.ru
12.01.2024;DETSKOEKINO.ru
12.01.2024;DEUS-PROXY.ru
12.01.2024;DEVICEWORKS.ru
12.01.2024;DEVILADICTATEN.ru
12.01.2024;DEVINI.ru
12.01.2024;DEVKI-TAMBOV.ru
12.01.2024;DEVOPSTOP.ru
12.01.2024;DEVSAPIENS.ru
12.01.2024;DEVSNODE.ru
12.01.2024;DEXBOX.ru
12.01.2024;DEZ51.ru
12.01.2024;DEZCENTERNN.ru
12.01.2024;DEZFACTOR.ru
12.01.2024;DEZIA.ru
12.01.2024;DFTPRO.ru
12.01.2024;DG-GARANT.ru
12.01.2024;DG-GARANTT.ru
12.01.2024;DGRES.ru
12.01.2024;DGS-TECH.ru
12.01.2024;DHAMMAVOICE.ru
12.01.2024;DHARMABUMS.ru
12.01.2024;DI-AGENCY.ru
12.01.2024;DIA-SHUGAR.ru
12.01.2024;DIAGRO.ru
12.01.2024;DIANA-MEBEL16.ru
12.01.2024;DIAPEKS-MED.ru
12.01.2024;DIAT-SPB.ru
12.01.2024;DICH-SHOP.ru
12.01.2024;DICHTOMATIK.ru
12.01.2024;DICOUPONS.ru
12.01.2024;DIDDLYBOP.ru
12.01.2024;DIFRACT-MARKUS.ru
12.01.2024;DIGESTHERMAP.ru
12.01.2024;DIGIPICI.ru
12.01.2024;DIGITAL-GRAIN.ru
12.01.2024;DIGITALBEE.ru
12.01.2024;DIGITALGRAIN.ru
12.01.2024;DIGITALSTORE24.ru
12.01.2024;DIJEWELLERY.ru
12.01.2024;DILER-HAVAL.ru
12.01.2024;DILISTIK.ru
12.01.2024;DIM-AVTO.ru
12.01.2024;DINAMIKAMANIT.ru
12.01.2024;DINMODUL.ru
12.01.2024;DINNERLADY.ru
12.01.2024;DINOLABEDTECH.ru
12.01.2024;DIORKA.ru
12.01.2024;DIPLOMAT-CENTRE.ru
12.01.2024;DIRECTORCHE.ru
12.01.2024;DIREKT-AUTO.ru
12.01.2024;DISAINAGROBIO.ru
12.01.2024;DISCONT-CERAMIC.ru
12.01.2024;DISCOTEKABIBLIOTEKA.ru
12.01.2024;DISCOUNTSALE2024.ru
12.01.2024;DISKIDV.ru
12.01.2024;DISPIRFDQP.ru
12.01.2024;DISPLAI.ru
12.01.2024;DISPLAIME.ru
12.01.2024;DISTANTCENTER.ru
12.01.2024;DIUSSH-AK-DOVURAK17.ru
12.01.2024;DIVASHENKA.ru
12.01.2024;DIVINARE-MSK.ru
12.01.2024;DIVNBEREG.ru
12.01.2024;DIVSUGMK.ru
12.01.2024;DIZAYNYLIBKI.ru
12.01.2024;DJADJA.ru
12.01.2024;DJTIMBARK.ru
12.01.2024;DJUNGLI-SPORT.ru
12.01.2024;DKAPRIZ.ru
12.01.2024;DKMIHAILOVSKOE.ru
12.01.2024;DKWOOD13.ru
12.01.2024;DLT-MOSREG.ru
12.01.2024;DLTGRP.ru
12.01.2024;DLYAZDOROVIA.ru
12.01.2024;DMAAS.ru
12.01.2024;DMBAKERY.ru
12.01.2024;DMCANA.ru
12.01.2024;DMITRIIK.ru
12.01.2024;DMITRIKA.ru
12.01.2024;DMITRIYCVETKOW.ru
12.01.2024;DMITROV-SK.ru
12.01.2024;DMKIT.ru
12.01.2024;DMPIANO.ru
12.01.2024;DMSHSER.ru
12.01.2024;DN-INTEKS.ru
12.01.2024;DNAASE.ru
12.01.2024;DNK-82.ru
12.01.2024;DNMAX.ru
12.01.2024;DNSER.ru
12.01.2024;DNT-GROUP.ru
12.01.2024;DO-SITE.ru
12.01.2024;DOBERZAL.ru
12.01.2024;DOBRO-39.ru
12.01.2024;DOCFIN.ru
12.01.2024;DOCKU.ru
12.01.2024;DOCS-GOOGLE.ru
12.01.2024;DOCSHEVTSOV.ru
12.01.2024;DOCTOR-PONOMARENKO.ru
12.01.2024;DOCTOR-VORONTSOV.ru
12.01.2024;DOCTORPLUS-MED.ru
12.01.2024;DOCUMENTCONTROL.ru
12.01.2024;DOFAMINGRL.ru
12.01.2024;DOGHOUSE2024.ru
12.01.2024;DOGMAX.ru
12.01.2024;DOHODARENDA.ru
12.01.2024;DOK-VO.ru
12.01.2024;DOKA-OBNINSK.ru
12.01.2024;DOKTORDUNAEV.ru
12.01.2024;DOLAMPOCHKI.ru
12.01.2024;DOLG-V-PROSHLOM.ru
12.01.2024;DOLGOV24-NETY.ru
12.01.2024;DOLZHNIK24-STOP.ru
12.01.2024;DOM-BANYA-SAD.ru
12.01.2024;DOM-HUSKY39.ru
12.01.2024;DOM8080.ru
12.01.2024;DOMANOVIVID.ru
12.01.2024;DOMASHNIJMASTER.ru
12.01.2024;DOMASHNIYMASTER-PODOLSK.ru
12.01.2024;DOMBRINA.ru
12.01.2024;DOMBROVSKI.ru
12.01.2024;DOMENGAZETA-24.ru
12.01.2024;DOMENGAZETA-INFO.ru
12.01.2024;DOMENGAZETA-MARKET.ru
12.01.2024;DOMENGAZETA-ONLINE.ru
12.01.2024;DOMENGAZETA-SHOP.ru
12.01.2024;DOMENGAZETA-STROY.ru
12.01.2024;DOMENGAZETA24.ru
12.01.2024;DOMENGAZETAINFO.ru
12.01.2024;DOMENGAZETAMARKET.ru
12.01.2024;DOMENGAZETAONLINE.ru
12.01.2024;DOMENGAZETASHOP.ru
12.01.2024;DOMENGAZETASTROY.ru
12.01.2024;DOMIKIGNOMIKI.ru
12.01.2024;DOMINOCODE.ru
12.01.2024;DOMIUMTRAVEL.ru
12.01.2024;DOMOBMEN.ru
12.01.2024;DOMOFABRICA.ru
12.01.2024;DOMOFABRIKA.ru
12.01.2024;DOMOFON-INSTALL.ru
12.01.2024;DOMOXOZ.ru
12.01.2024;DOMSPA54.ru
12.01.2024;DOMSUGOYAK.ru
12.01.2024;DOMTOCHKA.ru
12.01.2024;DON-OSETR.ru
12.01.2024;DON-SPORT.ru
12.01.2024;DONCAB.ru
12.01.2024;DONECKBUS.ru
12.01.2024;DONGFENG-MODUS.ru
12.01.2024;DONKAB.ru
12.01.2024;DONOR43.ru
12.01.2024;DONSTROICOM.ru
12.01.2024;DONSTROIKOM.ru
12.01.2024;DONTEK161.ru
12.01.2024;DOOBROVSKII.ru
12.01.2024;DOROTEA.ru
12.01.2024;DOSKA-BRUS76.ru
12.01.2024;DOSKASFOTO.ru
12.01.2024;DOSKIRAMENSKOE.ru
12.01.2024;DOSTAVIMAVTO.ru
12.01.2024;DOSTAVKA-001.ru
12.01.2024;DOSTAVKA-4573.ru
12.01.2024;DOSTAVKAOMSK.ru
12.01.2024;DOSTOPRIMECHATELNOSTI-PYATIGORSKA.ru
12.01.2024;DOSUG-KOMSOMOLSK-NA-AMURE.ru
12.01.2024;DOSUG-NALCHIK.ru
12.01.2024;DOSUG-PETROZAVODSK.ru
12.01.2024;DOSUG-STERLITAMAKA.ru
12.01.2024;DOSUGSTERLITAMAK.ru
12.01.2024;DOU-ALENKA.ru
12.01.2024;DOVBAKH.ru
12.01.2024;DOW30.ru
12.01.2024;DPMK-SERVICE.ru
12.01.2024;DPNEFT.ru
12.01.2024;DPSE.ru
12.01.2024;DR-MARSHENIN.ru
12.01.2024;DRAGRESERV.ru
12.01.2024;DRAINLIFT.ru
12.01.2024;DREAM-SERV-MOB.ru
12.01.2024;DREAMDAR.ru
12.01.2024;DREAMWAVESPOT.ru
12.01.2024;DRESS-MARU.ru
12.01.2024;DRHR.ru
12.01.2024;DRIPCASINO-5KA1.ru
12.01.2024;DRIPPICPEE.ru
12.01.2024;DRONEDIGEST.ru
12.01.2024;DROPAVTO.ru
12.01.2024;DROPBIAS.ru
12.01.2024;DROVA-52.ru
12.01.2024;DROZDOVSKYSENSEI.ru
12.01.2024;DRUGIECENY.ru
12.01.2024;DRUNYA.ru
12.01.2024;DRWEB55.ru
12.01.2024;DS39VASILEK.ru
12.01.2024;DSA-VRN.ru
12.01.2024;DSARAFANOV.ru
12.01.2024;DSHAKIROV.ru
12.01.2024;DSHF.ru
12.01.2024;DSK161.ru
12.01.2024;DSK61.ru
12.01.2024;DSLD.ru
12.01.2024;DSOU68.ru
12.01.2024;DSPU-HIST.ru
12.01.2024;DUBAINVITE.ru
12.01.2024;DUBASTUDIO.ru
12.01.2024;DUBLIKATYGOSNOMEROV.ru
12.01.2024;DUESSELDORFTRAVEL.ru
12.01.2024;DUGARIK.ru
12.01.2024;DUGOPLAV.ru
12.01.2024;DUKORS.ru
12.01.2024;DULITE.ru
12.01.2024;DUMPOIR.ru
12.01.2024;DUX.ru
12.01.2024;DV-MASSAGE.ru
12.01.2024;DV2025.ru
12.01.2024;DVASAMOLETA.ru
12.01.2024;DVCAPITAL.ru
12.01.2024;DVERENOK.ru
12.01.2024;DVERI-NA-STAVROVSKOJ.ru
12.01.2024;DVERIKRD23.ru
12.01.2024;DVERIVTOMSKE.ru
12.01.2024;DVERNOJVOPROS.ru
12.01.2024;DVERNOY-TURBO-PAGE-44524.ru
12.01.2024;DVKASSA.ru
12.01.2024;DVOTDI.ru
12.01.2024;DVPINGVIN.ru
12.01.2024;DWEB42.ru
12.01.2024;DXD-MSK.ru
12.01.2024;DXTNEWS.ru
12.01.2024;DYA55.ru
12.01.2024;DYANISHAMME.ru
12.01.2024;DYSON-SUP.ru
12.01.2024;DYSONSERVICE24.ru
12.01.2024;DZANE.ru
12.01.2024;DZDNS.ru
12.01.2024;E-11-01-23.ru
12.01.2024;E-A900KA.ru
12.01.2024;E-KONONOV.ru
12.01.2024;E-LAW.ru
12.01.2024;E-LOS.ru
12.01.2024;E-NOPRT7842.ru
12.01.2024;E-NORST7842853.ru
12.01.2024;E-OPTIMAL.ru
12.01.2024;E-TOST.ru
12.01.2024;E-VANTEEVKA.ru
12.01.2024;E-WHATS.ru
12.01.2024;E1EVEN.ru
12.01.2024;E8YCTQ7.ru
12.01.2024;EASESERVICE.ru
12.01.2024;EASTERN-START.ru
12.01.2024;EASY-ICE.ru
12.01.2024;EASY-TUBER.ru
12.01.2024;EASYBUSINESSS.ru
12.01.2024;EASYICEPARK.ru
12.01.2024;EASYICERINK.ru
12.01.2024;EASYRECRUITMENT.ru
12.01.2024;EASYSWIPEBANK.ru
12.01.2024;EASYWORKOUT.ru
12.01.2024;EATING-HEALTHY.ru
12.01.2024;EAUDEVBEXW.ru
12.01.2024;EB4.ru
12.01.2024;EBERSPAECHER-CLIMATE.ru
12.01.2024;EBERSPAECHER-HEATER.ru
12.01.2024;ECC24.ru
12.01.2024;ECKHART-TOLLE.ru
12.01.2024;ECLECT-MEBEL.ru
12.01.2024;ECMERCKMR.ru
12.01.2024;ECO-DOM67.ru
12.01.2024;ECO-DRENAG.ru
12.01.2024;ECO-NATURLAND.ru
12.01.2024;ECO-VIDEO.ru
12.01.2024;ECOA900KA.ru
12.01.2024;ECOBELOKURIKHA.ru
12.01.2024;ECOKUSTCONSULTING.ru
12.01.2024;ECOSAD.ru
12.01.2024;ECOZY.ru
12.01.2024;EDAGREEK.ru
12.01.2024;EDESTIMA.ru
12.01.2024;EDINSTVOPLUS-VBG.ru
12.01.2024;EDPOVAROV.ru
12.01.2024;EDU-EMERCOM51.ru
12.01.2024;EDUCATION-SERVICES.ru
12.01.2024;EDUINRUSS.ru
12.01.2024;EDUMANDRIVA.ru
12.01.2024;EDVANS-MEBEL.ru
12.01.2024;EFAWB.ru
12.01.2024;EFISH30.ru
12.01.2024;EFTSOFT.ru
12.01.2024;EGIPETWIP.ru
12.01.2024;EGLO-MSC.ru
12.01.2024;EGOZA-KAZAN.ru
12.01.2024;EGRN-ROSREESTR-ONLINE.ru
12.01.2024;EGSTBO.ru
12.01.2024;EIS4U.ru
12.01.2024;EKB-BETONSTROY.ru
12.01.2024;EKGOV.ru
12.01.2024;EKOLICENSE.ru
12.01.2024;EKOLOGIYASTATI.ru
12.01.2024;EKOTORG-B24.ru
12.01.2024;EKSKURSIASPB.ru
12.01.2024;EKSTRAVAGANZA.ru
12.01.2024;EKUZIKOV.ru
12.01.2024;EKVIDOVA.ru
12.01.2024;EL-TM.ru
12.01.2024;ELECNRIKDLYDOMA.ru
12.01.2024;ELECTIVIUM.ru
12.01.2024;ELECTRICMAN.ru
12.01.2024;ELECTROBEZ-OFOPMIT.ru
12.01.2024;ELECTROBEZ-OFOPMIT-RF.ru
12.01.2024;ELECTROLUX-SERV.ru
12.01.2024;ELEKROMOTORY.ru
12.01.2024;ELEKTROBEZ-OFORMLENIE-SROCHNO.ru
12.01.2024;ELEKTROBEZOPASNOST-OFORMLENIE.ru
12.01.2024;ELENA-RUSALKA.ru
12.01.2024;ELENA-SANNIKOVA.ru
12.01.2024;ELENACHEKANOVA.ru
12.01.2024;ELENACLEANING.ru
12.01.2024;ELENADELO.ru
12.01.2024;ELENADO.ru
12.01.2024;ELENAKARLOVA.ru
12.01.2024;ELENAMCSHEEVA.ru
12.01.2024;ELENARAYENKO.ru
12.01.2024;ELENATOUR-KIROV.ru
12.01.2024;ELENAVARZIEVA.ru
12.01.2024;ELETTO-MEBEL.ru
12.01.2024;ELIFPROEKT.ru
12.01.2024;ELIGNER-STOM.ru
12.01.2024;ELIGNERSTOM.ru
12.01.2024;ELIN4MAG.ru
12.01.2024;ELITE-VULKAN873.ru
12.01.2024;ELITECH-RUSSIA.ru
12.01.2024;ELJOLI.ru
12.01.2024;ELKA-V-OSTANKINO.ru
12.01.2024;ELKAMEAT.ru
12.01.2024;ELLYNETANIC.ru
12.01.2024;ELMORELABADENA.ru
12.01.2024;ELREMONTOS.ru
12.01.2024;ELYSEES-VIP-CONSULTING.ru
12.01.2024;EMATJUSHINA.ru
12.01.2024;EMBRYPLUS.ru
12.01.2024;EMC-FORUM.ru
12.01.2024;EMELYA-PRYTKOV.ru
12.01.2024;EMERGING-TRAVEL.ru
12.01.2024;EMERGINGTRAVEL.ru
12.01.2024;EMERKOM-UG.ru
12.01.2024;EMINENCE-GREY.ru
12.01.2024;EMINENTLTD.ru
12.01.2024;EMLOAD.ru
12.01.2024;EMMASHOP.ru
12.01.2024;EMOGIRL00272.ru
12.01.2024;EMUEMU.ru
12.01.2024;EMZORBITA.ru
12.01.2024;ENERGIASTROY.ru
12.01.2024;ENERGOBEREGI.ru
12.01.2024;ENERGORS.ru
12.01.2024;ENERGY-DAY.ru
12.01.2024;ENERGYCRAFTING.ru
12.01.2024;ENERGYGENERATE.ru
12.01.2024;ENERGYVK.ru
12.01.2024;ENERQY-LIFE.ru
12.01.2024;ENG-BUSSE.ru
12.01.2024;ENGICON.ru
12.01.2024;ENGLISH-MOOD.ru
12.01.2024;ENGLISH-RULES.ru
12.01.2024;ENGLISHSCHOOLABC.ru
12.01.2024;ENGUNION.ru
12.01.2024;ENLASER.ru
12.01.2024;ENRUSIA.ru
12.01.2024;EO0474743.ru
12.01.2024;EPARHIYAMUSEUM.ru
12.01.2024;EPHOTO-EKT.ru
12.01.2024;EPICARTS.ru
12.01.2024;EPILAT-PODRUGE.ru
12.01.2024;EPILATION-PODRUGE.ru
12.01.2024;EPILATIONPODRUGE.ru
12.01.2024;EPILATPODRUGE.ru
12.01.2024;EPINIKE.ru
12.01.2024;EPMALUMINUM.ru
12.01.2024;EPOLITSINSKAJA.ru
12.01.2024;EPOX.ru
12.01.2024;EPROMK.ru
12.01.2024;EQJPD7B.ru
12.01.2024;EQTRAININGS.ru
12.01.2024;ER-GROUP1.ru
12.01.2024;ERAITINA.ru
12.01.2024;EREALESTATE.ru
12.01.2024;ERIVER.ru
12.01.2024;EROTIC-DREAMLAND.ru
12.01.2024;EROTICHESKIEKVESTY.ru
12.01.2024;ERREVO.ru
12.01.2024;ERROTON.ru
12.01.2024;ERT-MARKET.ru
12.01.2024;ES-DIAMONDS.ru
12.01.2024;ESCORT-ELITE.ru
12.01.2024;ESHANOVICH.ru
12.01.2024;ESKPD.ru
12.01.2024;ESMONETAN.ru
12.01.2024;ESOIR.ru
12.01.2024;ESSENSVIP63.ru
12.01.2024;ESTEMEDIKA-SALON.ru
12.01.2024;ESTETIKA-TSENTR-PODOLOGII.ru
12.01.2024;ETALONREMONTSERVIS.ru
12.01.2024;ETECNHICS.ru
12.01.2024;ETF-BITCOIN.ru
12.01.2024;ETFBITCOIN.ru
12.01.2024;ETH-ETF.ru
12.01.2024;ETHEREUM-ETF.ru
12.01.2024;ETHEREUMETF.ru
12.01.2024;ETI-DOROGI.ru
12.01.2024;ETPTORGI.ru
12.01.2024;ETPTORGI229.ru
12.01.2024;ETPTORGOV.ru
12.01.2024;EUBIQ-RUSSIA.ru
12.01.2024;EUFORIA-SALON.ru
12.01.2024;EUKALIPT.ru
12.01.2024;EURASIAPUMP.ru
12.01.2024;EUROFOOTBALL.ru
12.01.2024;EUROPAAUTO61.ru
12.01.2024;EUROVENT-74.ru
12.01.2024;EUWEEKEND.ru
12.01.2024;EUZOW5Q.ru
12.01.2024;EVA-HOSTI.ru
12.01.2024;EVA888.ru
12.01.2024;EVACUATION71.ru
12.01.2024;EVACUATOR-PLUS.ru
12.01.2024;EVAFLOOR.ru
12.01.2024;EVAKUATOR-KHABAROVSK-911.ru
12.01.2024;EVAKUATOR-MUSTANG-ORSK.ru
12.01.2024;EVAKUATOR152.ru
12.01.2024;EVAKUATORKBR.ru
12.01.2024;EVCE.ru
12.01.2024;EVDUSCHENKO.ru
12.01.2024;EVENT-CORE.ru
12.01.2024;EVENT161.ru
12.01.2024;EVENTGID.ru
12.01.2024;EVENTMOST.ru
12.01.2024;EVERASTING.ru
12.01.2024;EVEREST-OUTFIT.ru
12.01.2024;EVERESTOUTFIT.ru
12.01.2024;EVGENIYOLEGOVICH.ru
12.01.2024;EVKOSTIK.ru
12.01.2024;EVOLOGISTICS.ru
12.01.2024;EVOLUTIONPLAN.ru
12.01.2024;EVOSALON.ru
12.01.2024;EVROPAMOTOR.ru
12.01.2024;EW5UH2L.ru
12.01.2024;EX-TEST.ru
12.01.2024;EXACTPRO.ru
12.01.2024;EXCLUSIVE-REPORT.ru
12.01.2024;EXECUTIVEFACILITATION.ru
12.01.2024;EXEED-MOTORS.ru
12.01.2024;EXEEDVXREST.ru
12.01.2024;EXHIBITION-SHOW.ru
12.01.2024;EXKAVATORU.ru
12.01.2024;EXNELE.ru
12.01.2024;EXP-SEO.ru
12.01.2024;EXPATFLAT.ru
12.01.2024;EXPERT-MOSCOW.ru
12.01.2024;EXPERT-POLIGRAF.ru
12.01.2024;EXPERT-RIELT.ru
12.01.2024;EXPERTNEWS.ru
12.01.2024;EXPOELECTRONICA-CONNECT.ru
12.01.2024;EXPONENTA-CAR.ru
12.01.2024;EXPRESS-CAR-WASH.ru
12.01.2024;EXPRESSCARWASH.ru
12.01.2024;EXPRESSTRAFFIC.ru
12.01.2024;EXSIDE.ru
12.01.2024;EXTRA-NOVOSTI.ru
12.01.2024;EXTRIM-GAME.ru
12.01.2024;EXTROCARPHOTO.ru
12.01.2024;EYE-GPMA.ru
12.01.2024;EYIHUA.ru
12.01.2024;EYVIN.ru
12.01.2024;EYWALAB.ru
12.01.2024;EZHEVIKA-BUKET.ru
12.01.2024;EZHOVAYA.ru
12.01.2024;F0XF0.ru
12.01.2024;F1Y.ru
12.01.2024;FABERLIC-31.ru
12.01.2024;FABERLIC-MYLOVE.ru
12.01.2024;FABIZNONLINE.ru
12.01.2024;FABIZONLINE.ru
12.01.2024;FABRICJAZZ.ru
12.01.2024;FABRIKA-AIVENGO.ru
12.01.2024;FABRIKA-PRINTA.ru
12.01.2024;FABRIKAZOV.ru
12.01.2024;FABULOUS1.ru
12.01.2024;FACH-PAK.ru
12.01.2024;FACHPAK.ru
12.01.2024;FACTONIM.ru
12.01.2024;FACTORY2024BEST.ru
12.01.2024;FAGORAUTOMATION.ru
12.01.2024;FAIRYTFUSX.ru
12.01.2024;FAMILIJA-PHOTO.ru
12.01.2024;FAMILY-MARTYNOV.ru
12.01.2024;FAMILY-TECHNICS.ru
12.01.2024;FANFANKAZAN.ru
12.01.2024;FANO-VOTE.ru
12.01.2024;FANPLANTSCAFE.ru
12.01.2024;FANSYOU.ru
12.01.2024;FARBIGCENTR.ru
12.01.2024;FAREASTGEOLOGY.ru
12.01.2024;FARMAKON06.ru
12.01.2024;FASADSFB.ru
12.01.2024;FASADY-KUHN.ru
12.01.2024;FAST-ALGO.ru
12.01.2024;FAST-GEL.ru
12.01.2024;FASTCOLLO.ru
12.01.2024;FASTHAWK.ru
12.01.2024;FASTY-EDA.ru
12.01.2024;FATIMEMUSAEVA.ru
12.01.2024;FBS47.ru
12.01.2024;FBSRR.ru
12.01.2024;FCNOVO.ru
12.01.2024;FCREX.ru
12.01.2024;FDCFOMKLIR.ru
12.01.2024;FE-PETRO.ru
12.01.2024;FEDCENTER-SPISANYA-DOLGOV.ru
12.01.2024;FEDORGUDKOV.ru
12.01.2024;FEDRESURSRF43.ru
12.01.2024;FEETTOUR.ru
12.01.2024;FELECTRO.ru
12.01.2024;FELICITAFOOD.ru
12.01.2024;FEM-INSTITUT.ru
12.01.2024;FEMEX.ru
12.01.2024;FENIX-NVP.ru
12.01.2024;FEOZ.ru
12.01.2024;FERRUM-STYLE.ru
12.01.2024;FEST-CENTER.ru
12.01.2024;FEST-RP.ru
12.01.2024;FETKEVICH.ru
12.01.2024;FEVOBN.ru
12.01.2024;FGU-AVTO.ru
12.01.2024;FIALKABUKET.ru
12.01.2024;FIBERHOUSE.ru
12.01.2024;FICTIONBOOK-EDITOR1.ru
12.01.2024;FIDEMPARS.ru
12.01.2024;FIDJITAL.ru
12.01.2024;FIESTA-CENTR.ru
12.01.2024;FIJITAL.ru
12.01.2024;FILLIGRANN.ru
12.01.2024;FILM4IK.ru
12.01.2024;FILMOPOISK.ru
12.01.2024;FILSTOM.ru
12.01.2024;FILSTROY.ru
12.01.2024;FIN-INTER.ru
12.01.2024;FIN200.ru
12.01.2024;FINANCEPROFINDER.ru
12.01.2024;FINANCESOFTWARE.ru
12.01.2024;FINDIGIT.ru
12.01.2024;FINEREADERR2015.ru
12.01.2024;FINEXEL.ru
12.01.2024;FINIST-IT.ru
12.01.2024;FINNAHAVI.ru
12.01.2024;FINPROEKT-MSK.ru
12.01.2024;FINRECEPT.ru
12.01.2024;FIREWORKS74.ru
12.01.2024;FIRST-ALGOS.ru
12.01.2024;FIRST-UNIIZE.ru
12.01.2024;FIRSTEN.ru
12.01.2024;FISH41.ru
12.01.2024;FISHERMANSPB.ru
12.01.2024;FISHING-DAY.ru
12.01.2024;FISHING-PLANET.ru
12.01.2024;FITCON.ru
12.01.2024;FITMEEMS.ru
12.01.2024;FITNESAPP.ru
12.01.2024;FITNESSBAG.ru
12.01.2024;FITNESSSASHA.ru
12.01.2024;FITOPAY.ru
12.01.2024;FITOZONE.ru
12.01.2024;FIZMATKNIGA.ru
12.01.2024;FKONSULT.ru
12.01.2024;FLA-RB.ru
12.01.2024;FLASH74.ru
12.01.2024;FLASHSCOREKZ.ru
12.01.2024;FLATS-DUBAI.ru
12.01.2024;FLEXCASINO101.ru
12.01.2024;FLEXCRM.ru
12.01.2024;FLEXGAMES.ru
12.01.2024;FLLGAMES.ru
12.01.2024;FLOCHICL.ru
12.01.2024;FLOMAXINTERNATIONAL.ru
12.01.2024;FLOORIDEAL.ru
12.01.2024;FLORA21SOCHI.ru
12.01.2024;FLOWER-KINGS.ru
12.01.2024;FLOWER-PARADIS-SEV.ru
12.01.2024;FLOWER24PLACE.ru
12.01.2024;FLOWERDOST.ru
12.01.2024;FLRBKPVILP.ru
12.01.2024;FLUCTUATION-ALGO.ru
12.01.2024;FLYSIESTA.ru
12.01.2024;FNPERM.ru
12.01.2024;FNSTOUR.ru
12.01.2024;FNTOURS.ru
12.01.2024;FOKUS-GRUPPY.ru
12.01.2024;FOLLURE.ru
12.01.2024;FOMICHV.ru
12.01.2024;FON-MASTER.ru
12.01.2024;FOND-ENERGY.ru
12.01.2024;FOND-PRAVOSLAV.ru
12.01.2024;FONDENERGIYA.ru
12.01.2024;FONDNONC.ru
12.01.2024;FOOD-LEX.ru
12.01.2024;FOODEMAG.ru
12.01.2024;FOODFLOR86.ru
12.01.2024;FOODGRAMRECIPES.ru
12.01.2024;FOODKORTRU.ru
12.01.2024;FOODQR.ru
12.01.2024;FOODQRSCAN.ru
12.01.2024;FOODY-MARKET.ru
12.01.2024;FOODY-MASTER.ru
12.01.2024;FOOTBALL-VESTI.ru
12.01.2024;FOOTBALLFIFA.ru
12.01.2024;FOOTBALLMANAGER2024.ru
12.01.2024;FOOTSAAL.ru
12.01.2024;FORD-AUTOPRESTIGE.ru
12.01.2024;FORDOVII.ru
12.01.2024;FORECLINIC.ru
12.01.2024;FORELLES.ru
12.01.2024;FOREST-69.ru
12.01.2024;FOREST69.ru
12.01.2024;FOREVERYOUNGMSC.ru
12.01.2024;FORLINGERIE.ru
12.01.2024;FORMA-EVENT.ru
12.01.2024;FORMATMEBEL58.ru
12.01.2024;FORMUEMVSE.ru
12.01.2024;FORMULA-ULIBKI1.ru
12.01.2024;FOROSSTROY.ru
12.01.2024;FORSAZHP68.ru
12.01.2024;FORSBERG1186.ru
12.01.2024;FORSUNKA18.ru
12.01.2024;FORTUNESTORE.ru
12.01.2024;FORUM-MATREBONUS.ru
12.01.2024;FORWARDAUTOPARTS.ru
12.01.2024;FORWOMENSHOP24.ru
12.01.2024;FOSFISH.ru
12.01.2024;FOSMANOGEPIX.ru
12.01.2024;FOTODEN.ru
12.01.2024;FOTODETEKTIV.ru
12.01.2024;FOTOKI11ER.ru
12.01.2024;FOTON-ALTAIR.ru
12.01.2024;FOTOZHURAVLEVA.ru
12.01.2024;FOTOZONA-V-ARENDU.ru
12.01.2024;FOUND-FOOD.ru
12.01.2024;FOXNEWS24.ru
12.01.2024;FPKINFO.ru
12.01.2024;FPVITO.ru
12.01.2024;FR-SALON.ru
12.01.2024;FRANCENTRE.ru
12.01.2024;FRANCHISE-BRIGADNYI-PODRYAD.ru
12.01.2024;FRANK-CASINO-FANTASY.ru
12.01.2024;FRAU-CLASS.ru
12.01.2024;FRAUBETTA.ru
12.01.2024;FREAK-SERVER.ru
12.01.2024;FREE-ART-SPB.ru
12.01.2024;FREE-COURSES.ru
12.01.2024;FREE-SECUREVPN.ru
12.01.2024;FREEBOSRHI.ru
12.01.2024;FREEDOMSERVICE.ru
12.01.2024;FREEGATES.ru
12.01.2024;FREEVPNPLANET.ru
12.01.2024;FRENNI.ru
12.01.2024;FRESH-CASINO-DECISION3.ru
12.01.2024;FRESH-CASINO-EJNSHTEJN1.ru
12.01.2024;FRESH-CASINO-RUCENTR-64.ru
12.01.2024;FRESH-KASINO-MOH.ru
12.01.2024;FRESH-MINERAL.ru
12.01.2024;FRESH-MINERAL1.ru
12.01.2024;FRESHCASINO-BLA.ru
12.01.2024;FRESHCASINO-GR6.ru
12.01.2024;FRESHCASINO-NGO3.ru
12.01.2024;FRESHCASINO-PEAK1.ru
12.01.2024;FRESHCASINO-PEAK2.ru
12.01.2024;FRESHCASINO-ROOMSU6.ru
12.01.2024;FRESHCASINO-SOS5.ru
12.01.2024;FRESHCASINO-VNI3.ru
12.01.2024;FRESHCASINO61BET2.ru
12.01.2024;FRESHCASINOWINSLOTS3.ru
12.01.2024;FRESHFIORI.ru
12.01.2024;FRESHKASINO-MOH.ru
12.01.2024;FRESHNBMC.ru
12.01.2024;FRESHNBMC1.ru
12.01.2024;FRIDAY13CONF.ru
12.01.2024;FRIENDNET.ru
12.01.2024;FRIENDPET.ru
12.01.2024;FROLOVSKIY-DIRECT.ru
12.01.2024;FROM-RUSSIA.ru
12.01.2024;FROSTCOOL.ru
12.01.2024;FSPS-MO.ru
12.01.2024;FTCHEM.ru
12.01.2024;FULFILL-PACK.ru
12.01.2024;FULL-CONTROL.ru
12.01.2024;FUND-CAPITAL.ru
12.01.2024;FUNDAMENTSTROJ-2001.ru
12.01.2024;FUNINSTA.ru
12.01.2024;FUNLEE.ru
12.01.2024;FUNTASTIKA.ru
12.01.2024;FURAGSPB.ru
12.01.2024;FURN-MAG.ru
12.01.2024;FURNITUREART.ru
12.01.2024;FURRYFAB.ru
12.01.2024;FUTURETAIL.ru
12.01.2024;FVAGENCY.ru
12.01.2024;FZ-ZM.ru
12.01.2024;G-HIGH.ru
12.01.2024;G-MINI.ru
12.01.2024;G-RAZ.ru
12.01.2024;G06SNMU.ru
12.01.2024;GABBAZOVA.ru
12.01.2024;GABRUS.ru
12.01.2024;GAC-AUTOTEAM.ru
12.01.2024;GAC-KUNTSEVO.ru
12.01.2024;GAC-LEASING.ru
12.01.2024;GADANIENONLINE.ru
12.01.2024;GADGETL.ru
12.01.2024;GAFNAALINGAN.ru
12.01.2024;GAGARIN124.ru
12.01.2024;GAITOV.ru
12.01.2024;GAKIGROUP.ru
12.01.2024;GALAKTIKA-NN.ru
12.01.2024;GALANTERRA.ru
12.01.2024;GALAXYSCLUB.ru
12.01.2024;GALINSAD.ru
12.01.2024;GALLERYGIFT.ru
12.01.2024;GALUKRASH.ru
12.01.2024;GALWANA.ru
12.01.2024;GAMAIKA.ru
12.01.2024;GAME-FILM.ru
12.01.2024;GAMECREATORS.ru
12.01.2024;GAMEHITS.ru
12.01.2024;GAMEJOLT.ru
12.01.2024;GAMELIBRARY.ru
12.01.2024;GAMERSKEYS.ru
12.01.2024;GAMEX-STUDIOS.ru
12.01.2024;GAMMA.ru
12.01.2024;GAMMA-EXPERT.ru
12.01.2024;GANDAPASKAZAN.ru
12.01.2024;GANGSTABURGER.ru
12.01.2024;GAPMART.ru
12.01.2024;GARAGE500.ru
12.01.2024;GARANT-KIT.ru
12.01.2024;GARANT-KURGAN.ru
12.01.2024;GARANT-PLASTIC.ru
12.01.2024;GARANTPLASTIC.ru
12.01.2024;GARDENSTREETHOTEL.ru
12.01.2024;GARIKSUBARIK.ru
12.01.2024;GARMINWATCH.ru
12.01.2024;GARPIYASTROY.ru
12.01.2024;GASSERV.ru
12.01.2024;GATESOFOLYMPUS-SLOTS.ru
12.01.2024;GATINAGULNORA.ru
12.01.2024;GAYAACADEMY.ru
12.01.2024;GAZ-BLOCKI.ru
12.01.2024;GAZ-ZONE.ru
12.01.2024;GAZDEX.ru
12.01.2024;GAZOBLOK63.ru
12.01.2024;GBILET.ru
12.01.2024;GDE-AVTO.ru
12.01.2024;GDZOTL.ru
12.01.2024;GEARFORSALE.ru
12.01.2024;GEDV.ru
12.01.2024;GEEK-BOYS.ru
12.01.2024;GEEKFUN.ru
12.01.2024;GEEKS-3D1.ru
12.01.2024;GEELY-XINGYUE.ru
12.01.2024;GEKATTTA.ru
12.01.2024;GEKONSHI.ru
12.01.2024;GELIOS-COMP.ru
12.01.2024;GENESIS-AGAT-RND.ru
12.01.2024;GENOCID-CSS.ru
12.01.2024;GENPODRYAD21.ru
12.01.2024;GENTLEMENSACADEMY.ru
12.01.2024;GENUSAMBXO.ru
12.01.2024;GEO-ADS.ru
12.01.2024;GEOINS.ru
12.01.2024;GEOMATIKA-LAB.ru
12.01.2024;GEONAVI.ru
12.01.2024;GEONAVT.ru
12.01.2024;GEOOAO.ru
12.01.2024;GEORGEBLINOV.ru
12.01.2024;GEORGID.ru
12.01.2024;GEOSPHEREE.ru
12.01.2024;GEOSTROY34.ru
12.01.2024;GEOTRANSSERVIS.ru
12.01.2024;GEPA-MEDICAL.ru
12.01.2024;GERBERGEAR.ru
12.01.2024;GERDAIKAY.ru
12.01.2024;GERMES-SAR.ru
12.01.2024;GESHLIFE.ru
12.01.2024;GETAWORK.ru
12.01.2024;GETHOUSE-COMPANY.ru
12.01.2024;GETINFIT.ru
12.01.2024;GETMANUAL.ru
12.01.2024;GGPAY2.ru
12.01.2024;GID-ELEKTRO.ru
12.01.2024;GID-SERVIS.ru
12.01.2024;GIDOX.ru
12.01.2024;GIFTY-APP.ru
12.01.2024;GIFTYAPP.ru
12.01.2024;GILTRESTIK.ru
12.01.2024;GIM5MEGION.ru
12.01.2024;GIPSME.ru
12.01.2024;GIRZ-PLATA.ru
12.01.2024;GISN.ru
12.01.2024;GKRR.ru
12.01.2024;GLAMURIYA.ru
12.01.2024;GLAVSTROY45.ru
12.01.2024;GLD-CLINIC.ru
12.01.2024;GLIKOLAB.ru
12.01.2024;GLISKOV.ru
12.01.2024;GLOBALITV.ru
12.01.2024;GLOBECSI.ru
12.01.2024;GLONASSNV.ru
12.01.2024;GLORES-REKLAMA.ru
12.01.2024;GLOW-KREDIT.ru
12.01.2024;GNBCAR.ru
12.01.2024;GNIKULINA.ru
12.01.2024;GNSSPRINCE.ru
12.01.2024;GOABROAD.ru
12.01.2024;GOCXA.ru
12.01.2024;GOD-CS.ru
12.01.2024;GOFRAME.ru
12.01.2024;GOFREECHAT.ru
12.01.2024;GOKSI.ru
12.01.2024;GOLDEN-CASTER.ru
12.01.2024;GOLDENCAR58.ru
12.01.2024;GOLDENHANDS54.ru
12.01.2024;GOLDENREALM.ru
12.01.2024;GOLDENROULETTE.ru
12.01.2024;GOLDFISHKA-240.ru
12.01.2024;GOLDMALER.ru
12.01.2024;GOLDOFVOICE.ru
12.01.2024;GOLDSERT.ru
12.01.2024;GOLIKOVA-ASYA.ru
12.01.2024;GOLOS-GOR.ru
12.01.2024;GOLOSFORGIRL.ru
12.01.2024;GOLOSFORTALENT.ru
12.01.2024;GOLOSSIA.ru
12.01.2024;GOLUBOVA.ru
12.01.2024;GONIRR.ru
12.01.2024;GOOD-AKKAUNT.ru
12.01.2024;GOOD-SHTORY.ru
12.01.2024;GOODBAEV.ru
12.01.2024;GOODFRAGS.ru
12.01.2024;GOODNSHOP.ru
12.01.2024;GOODSERVICE-CENTR.ru
12.01.2024;GOODTASTE.ru
12.01.2024;GOOFRAGS.ru
12.01.2024;GOOMSK.ru
12.01.2024;GOOSLMONEY.ru
12.01.2024;GORBUSCHA.ru
12.01.2024;GORBUSHA.ru
12.01.2024;GORENJE-SUP.ru
12.01.2024;GORKY9.ru
12.01.2024;GORNLYZHNYE-KURORTY.ru
12.01.2024;GORO-EXTRA.ru
12.01.2024;GORO-LENTA.ru
12.01.2024;GORODALIFE.ru
12.01.2024;GORODKOVO.ru
12.01.2024;GOS-BRAINBURG.ru
12.01.2024;GOSTREMONT-TATARSTAN.ru
12.01.2024;GOSTUDENTS.ru
12.01.2024;GOSUSLUGI-GIBDD.ru
12.01.2024;GOTAWORK.ru
12.01.2024;GOTOMINE.ru
12.01.2024;GOTOVIERESHENIYA.ru
12.01.2024;GOTOVIMKSTOLU.ru
12.01.2024;GOUNODLDVB.ru
12.01.2024;GOVORIT-MOROZ.ru
12.01.2024;GPTSTARTER.ru
12.01.2024;GPTSTORE-AI.ru
12.01.2024;GR4X4.ru
12.01.2024;GRAFFITIFORMAT.ru
12.01.2024;GRAN-FEST-TECH.ru
12.01.2024;GRANAT62.ru
12.01.2024;GRANDKALITNIKI.ru
12.01.2024;GRANDLEASING.ru
12.01.2024;GRANFESTTECH.ru
12.01.2024;GRANIT-72.ru
12.01.2024;GRANITWOOD.ru
12.01.2024;GRANT-METAL.ru
12.01.2024;GRASIONA-CATS.ru
12.01.2024;GRAVITY-CRIMEA.ru
12.01.2024;GREATLEADSOLUTIONS.ru
12.01.2024;GREATPIGSBYMEGAWAYS2024.ru
12.01.2024;GREBNEVRL.ru
12.01.2024;GRECHISHNY.ru
12.01.2024;GREECE4ALL.ru
12.01.2024;GREEN-ENERGY.ru
12.01.2024;GREEN-MOTOR.ru
12.01.2024;GREEN-OTZYV.ru
12.01.2024;GREEN-TERMO.ru
12.01.2024;GREENACNE-STICK.ru
12.01.2024;GREENCAN.ru
12.01.2024;GREENDOM-ECO.ru
12.01.2024;GREENENERGI.ru
12.01.2024;GREENENERGY-DV.ru
12.01.2024;GREENIE.ru
12.01.2024;GREENIYA.ru
12.01.2024;GREENLEAF-ECO.ru
12.01.2024;GREENLIFES.ru
12.01.2024;GREENPLANET18.ru
12.01.2024;GREENROCK.ru
12.01.2024;GRIDINSPECTOR.ru
12.01.2024;GRILLZLY.ru
12.01.2024;GRIN77.ru
12.01.2024;GRINCHIK.ru
12.01.2024;GRISHY.ru
12.01.2024;GRIZZLYMOSCOW.ru
12.01.2024;GRNM.ru
12.01.2024;GROMOV-NEWS.ru
12.01.2024;GROOM-MASTER.ru
12.01.2024;GROTEHLOGISTIC.ru
12.01.2024;GROUPPSOTA.ru
12.01.2024;GROWFIN.ru
12.01.2024;GROWFUND.ru
12.01.2024;GROWINDOORS.ru
12.01.2024;GRUZOVIKSERVIS.ru
12.01.2024;GRYPHON-SOCHI.ru
12.01.2024;GS-SPB.ru
12.01.2024;GSECURE.ru
12.01.2024;GSHIKUNOV.ru
12.01.2024;GSI2016.ru
12.01.2024;GSMSK.ru
12.01.2024;GSP39.ru
12.01.2024;GST-KAZAN.ru
12.01.2024;GTA-ADRENALINE.ru
12.01.2024;GTIME-WORK.ru
12.01.2024;GUAVAPAY.ru
12.01.2024;GUBKAANDMILO.ru
12.01.2024;GUBSKY.ru
12.01.2024;GUIDEMSK.ru
12.01.2024;GUINTERTOUR.ru
12.01.2024;GUMONSO.ru
12.01.2024;GURSHUMOV.ru
12.01.2024;GURU-SMART.ru
12.01.2024;GUTYAR.ru
12.01.2024;GUZELGRI.ru
12.01.2024;GWM-ORA-BARS.ru
12.01.2024;GYMPOL.ru
12.01.2024;GYNECO-LOG.ru
12.01.2024;GZKHCJTQAR.ru
12.01.2024;H-BLOCK.ru
12.01.2024;H2BLACKDETOX.ru
12.01.2024;H2BRAINDETOX.ru
12.01.2024;H2SOFTCOLLAGEN.ru
12.01.2024;H333RO.ru
12.01.2024;H92P4TN.ru
12.01.2024;HABITABLEZONE-DEV.ru
12.01.2024;HACK-CAREER.ru
12.01.2024;HACK-STORE.ru
12.01.2024;HAIER-HELP.ru
12.01.2024;HAIR-LIDIYA.ru
12.01.2024;HAIR55.ru
12.01.2024;HALALEKOSPB.ru
12.01.2024;HAMSTER-Z.ru
12.01.2024;HAND-WRITTEN.ru
12.01.2024;HAPPY-STOMATOLOG-IMPLANT1.ru
12.01.2024;HAPPY-STOMATOLOG-IMPLANT2.ru
12.01.2024;HAPPY-STOMATOLOG-IMPLANT3.ru
12.01.2024;HAPPY-STOMATOLOG-IMPLANT4.ru
12.01.2024;HAPPY-STOMATOLOG-IMPLANT5.ru
12.01.2024;HAPPY-STOMATOLOG-IMPLANT6.ru
12.01.2024;HAPPYPEOPLE-SPB.ru
12.01.2024;HAPPYSEX.ru
12.01.2024;HAPPYSPACES.ru
12.01.2024;HAPSHOP.ru
12.01.2024;HAPTICX.ru
12.01.2024;HARCHENKOWB.ru
12.01.2024;HARDBEST.ru
12.01.2024;HARRI-SUITS-MTM.ru
12.01.2024;HARRISONSUIT-MTM.ru
12.01.2024;HARSUIT-MTM.ru
12.01.2024;HARSUITMTM.ru
12.01.2024;HAUSTON.ru
12.01.2024;HAVAL-BORISHOF.ru
12.01.2024;HAVAL-MOTORS.ru
12.01.2024;HAVASSE.ru
12.01.2024;HEALTHCONFERENCE.ru
12.01.2024;HEALTHYEATINGBLOG.ru
12.01.2024;HEALTOWN.ru
12.01.2024;HEAT-PROF.ru
12.01.2024;HEATWAVES.ru
12.01.2024;HEAVEN-IS-WITHIN.ru
12.01.2024;HEEELP.ru
12.01.2024;HEJING-PLASTIC.ru
12.01.2024;HELENKUHARUK.ru
12.01.2024;HELIPORTAL.ru
12.01.2024;HELLO-AGILE.ru
12.01.2024;HELLOECO.ru
12.01.2024;HELP-MP.ru
12.01.2024;HEMIPTHHLM.ru
12.01.2024;HEMONC-OMS.ru
12.01.2024;HEROIAM.ru
12.01.2024;HHFC.ru
12.01.2024;HHSE.ru
12.01.2024;HHWELCOME.ru
12.01.2024;HIDESO.ru
12.01.2024;HIGH-VOLUME.ru
12.01.2024;HIIO.ru
12.01.2024;HIIOTECH.ru
12.01.2024;HILTI-MSK.ru
12.01.2024;HIM-COLOR.ru
12.01.2024;HIPHOPUNION.ru
12.01.2024;HISTORY-OSSETIA.ru
12.01.2024;HITEBBQ.ru
12.01.2024;HJBBI-STRANA.ru
12.01.2024;HLEBNIY-DVOR.ru
12.01.2024;HLEBNIYDVOR.ru
12.01.2024;HOBBYSTAR.ru
12.01.2024;HOCDA.ru
12.01.2024;HOERBERT.ru
12.01.2024;HOL-OOP.ru
12.01.2024;HOL-OOP2024.ru
12.01.2024;HOLD-6472.ru
12.01.2024;HOLIPACK.ru
12.01.2024;HOLLIDEY.ru
12.01.2024;HOLLYWOODST.ru
12.01.2024;HOLOCAUST-EXHIBITION.ru
12.01.2024;HOMA-1987.ru
12.01.2024;HOME-CHILL.ru
12.01.2024;HOMEPA.ru
12.01.2024;HOMESTA.ru
12.01.2024;HOMEVIP-PRO.ru
12.01.2024;HOMEWRK.ru
12.01.2024;HOMYNEST.ru
12.01.2024;HONEGGER.ru
12.01.2024;HOOKAN-PLACE.ru
12.01.2024;HORIZON-PROJECT.ru
12.01.2024;HORIZONT-HOSTING.ru
12.01.2024;HORMONAL-YOGA.ru
12.01.2024;HOROSHIYPOL.ru
12.01.2024;HORSAD-M.ru
12.01.2024;HORX.ru
12.01.2024;HOSTEL84.ru
12.01.2024;HOSTINGHAVEN.ru
12.01.2024;HOSTINGI-MASTER26.ru
12.01.2024;HOSTINGI72.ru
12.01.2024;HOSTINGSMAN.ru
12.01.2024;HOT-SNEAKERS.ru
12.01.2024;HOT-VULKAN709.ru
12.01.2024;HOTBB.ru
12.01.2024;HOTEL-KOTELNIKI.ru
12.01.2024;HOTEL-PORT.ru
12.01.2024;HOTEL-RENAISSANCE.ru
12.01.2024;HOTEL-VERSAL.ru
12.01.2024;HOTELDISCOUNT.ru
12.01.2024;HOTELS-UNIOS.ru
12.01.2024;HOTELSTRIGINO.ru
12.01.2024;HOTELTURA.ru
12.01.2024;HOTELZON.ru
12.01.2024;HOUM-NEWSSS.ru
12.01.2024;HOUSECLIMATE.ru
12.01.2024;HOUSEOFB.ru
12.01.2024;HOUSEOFBTURKEY.ru
12.01.2024;HOUSEPLANSHOP.ru
12.01.2024;HOUSEWEBSITE.ru
12.01.2024;HOWTOHIREME.ru
12.01.2024;HOZAINKRD.ru
12.01.2024;HR-ILYA-RUDNEV.ru
12.01.2024;HR-KZN.ru
12.01.2024;HR-REPAIR-SERVICE.ru
12.01.2024;HRAM-FLOT.ru
12.01.2024;HRDNAVIGATOR.ru
12.01.2024;HRIZOTIL.ru
12.01.2024;HRL6OGA.ru
12.01.2024;HRM-EXPERT.ru
12.01.2024;HRONIKI-AKASHI.ru
12.01.2024;HTONIK.ru
12.01.2024;HTONIKI.ru
12.01.2024;HTTPSKINOPOISK.ru
12.01.2024;HU4D.ru
12.01.2024;HUATUOPILLS.ru
12.01.2024;HUBSYSTEM.ru
12.01.2024;HUGONG-SIBIR.ru
12.01.2024;HUMANRIGHTS.ru
12.01.2024;HUMBLEBEE.ru
12.01.2024;HUNT-OHOTA.ru
12.01.2024;HUSNULIN.ru
12.01.2024;HVATIT-BOLET.ru
12.01.2024;HVOYA-ARKHYZ.ru
12.01.2024;HWUFNMGQLI.ru
12.01.2024;HXYTE.ru
12.01.2024;HYDRAMATIC.ru
12.01.2024;HYLARUSSIA.ru
12.01.2024;HYPER-BLOCK.ru
12.01.2024;HYPER-CASUAL.ru
12.01.2024;HYPERBLOCK.ru
12.01.2024;HYPNOSES.ru
12.01.2024;HYUNDAI-KT.ru
12.01.2024;HYUNDAI-VRN-SALE.ru
12.01.2024;I-KURS.ru
12.01.2024;I-M-OPT.ru
12.01.2024;I-QOSMOS.ru
12.01.2024;I-UROLOG.ru
12.01.2024;I7TEAM.ru
12.01.2024;IA-SYSTEMS.ru
12.01.2024;IAMPROFI.ru
12.01.2024;IASS.ru
12.01.2024;IBEROCENTER.ru
12.01.2024;IBMR.ru
12.01.2024;IBRAGIMOV-TOP.ru
12.01.2024;IBREND.ru
12.01.2024;IBUYCARS.ru
12.01.2024;ICE-STEEL.ru
12.01.2024;ICESTEEL.ru
12.01.2024;ID-CONCEPT.ru
12.01.2024;ID-MAGNIT.ru
12.01.2024;ID2155.ru
12.01.2024;ID2156.ru
12.01.2024;ID23568.ru
12.01.2024;ID34051-PAY.ru
12.01.2024;ID387.ru
12.01.2024;ID58095.ru
12.01.2024;ID58096.ru
12.01.2024;ID58097.ru
12.01.2024;ID58098.ru
12.01.2024;ID582727.ru
12.01.2024;ID693827.ru
12.01.2024;ID72344.ru
12.01.2024;ID726854.ru
12.01.2024;ID749274.ru
12.01.2024;ID765438.ru
12.01.2024;ID836155.ru
12.01.2024;ID9301-PAY.ru
12.01.2024;ID9304-PAY.ru
12.01.2024;ID93840.ru
12.01.2024;ID93841.ru
12.01.2024;ID98147.ru
12.01.2024;IDCONCEPT.ru
12.01.2024;IDEA-WALLS.ru
12.01.2024;IDEALPHONE.ru
12.01.2024;IDEYASTROIT.ru
12.01.2024;IDIPROF.ru
12.01.2024;IDMAGNIT.ru
12.01.2024;IDROO.ru
12.01.2024;IEXVQO3.ru
12.01.2024;IGATEC-INTERNATIONAL.ru
12.01.2024;IGOLKINV.ru
12.01.2024;IGORKOPYRIN.ru
12.01.2024;IGRAGRAD-GORODKI.ru
12.01.2024;IGRATVONLINE.ru
12.01.2024;IHATEYOU.ru
12.01.2024;IIIIZAPHRENIK.ru
12.01.2024;IJK-AVTOSALON.ru
12.01.2024;IKC38.ru
12.01.2024;IKLAD.ru
12.01.2024;IKOSOVA.ru
12.01.2024;ILINSKAIAANASTASIIA.ru
12.01.2024;ILISSN.ru
12.01.2024;ILLUMINAMOSOLY.ru
12.01.2024;IM-O.ru
12.01.2024;IMAGE-YOU.ru
12.01.2024;IMAGICSTYLE.ru
12.01.2024;IMEXLINE.ru
12.01.2024;IMIKID.ru
12.01.2024;IMMERSIVNIESHOW.ru
12.01.2024;IMPERIAL-CRIMEA.ru
12.01.2024;IMPERIAL-MEB.ru
12.01.2024;IMPERIALDOM.ru
12.01.2024;IMPERIASUSHI64.ru
12.01.2024;IMPERIYA-LAZERA.ru
12.01.2024;IMPEX-DVERI.ru
12.01.2024;IMPLANT-TEETH.ru
12.01.2024;INAUDIT-MSK.ru
12.01.2024;INBLUSHOP.ru
12.01.2024;INCHARGEX.ru
12.01.2024;INDESITSERVICE.ru
12.01.2024;INDIGOTBAT.ru
12.01.2024;INDIVIDUALKA-JOSHKAR-OLA.ru
12.01.2024;INDIVIDUALKA-TAMBOV.ru
12.01.2024;INDIVIDUALKI-MURMANSKA.ru
12.01.2024;INDUSTRY-PARK.ru
12.01.2024;INEBODY-SALON.ru
12.01.2024;INF8.ru
12.01.2024;INFIRMARYTYRANNIC.ru
12.01.2024;INFLENS.ru
12.01.2024;INFO-FMCG.ru
12.01.2024;INFO-STARTS.ru
12.01.2024;INFOA900KA.ru
12.01.2024;INFODATA-SHOP.ru
12.01.2024;INFOGOVORIGRAYA.ru
12.01.2024;INFOL-POM.ru
12.01.2024;INFOLIKKEY.ru
12.01.2024;INFONIKULINDANIIL.ru
12.01.2024;INFONOPRT7842.ru
12.01.2024;INFONORST7842853.ru
12.01.2024;INFOPARTNERY.ru
12.01.2024;INGOSSTRAH-EV.ru
12.01.2024;INJTECHUSLUGA.ru
12.01.2024;INLIFE-SV.ru
12.01.2024;INNA-IVA.ru
12.01.2024;INNOVA-MEDIA-MK.ru
12.01.2024;INNOVAITALIA.ru
12.01.2024;INNOVATION-CLINIC-MED.ru
12.01.2024;INNOVATIVEMATH.ru
12.01.2024;INODVOR.ru
12.01.2024;INOORJ.ru
12.01.2024;INOSERVICE.ru
12.01.2024;INOUTPROJECT.ru
12.01.2024;INOUTREDMINE.ru
12.01.2024;INOVATEX.ru
12.01.2024;INOXARM.ru
12.01.2024;INSAIT-SHOP.ru
12.01.2024;INSTEX33.ru
12.01.2024;INSURELOCAL.ru
12.01.2024;INTECHCON.ru
12.01.2024;INTECHGLOBAL.ru
12.01.2024;INTEGRA-VRN.ru
12.01.2024;INTEGRALAB.ru
12.01.2024;INTEHCENTR.ru
12.01.2024;INTELLIGENT-SALES.ru
12.01.2024;INTER-AIR.ru
12.01.2024;INTERCAVI.ru
12.01.2024;INTERCHTIVO.ru
12.01.2024;INTERCOOPMPP.ru
12.01.2024;INTERESTINGVIDEOIDEA.ru
12.01.2024;INTERFOODPROM.ru
12.01.2024;INTERFUR.ru
12.01.2024;INTERLOGOS.ru
12.01.2024;INTERNET-KOLESO.ru
12.01.2024;INTERNET-PROJECT.ru
12.01.2024;INTERNET-TV-INSTALL.ru
12.01.2024;INTERNUMSONUS.ru
12.01.2024;INTERPRODUCTION.ru
12.01.2024;INTERRIB.ru
12.01.2024;INTIMDAR.ru
12.01.2024;INVEST-KOM.ru
12.01.2024;INVEST-KOMPANII.ru
12.01.2024;INVEST-PHUKET.ru
12.01.2024;INVEST-TKF.ru
12.01.2024;INVESTAGROUP.ru
12.01.2024;INVESTBYTIK.ru
12.01.2024;INVESTDEAL.ru
12.01.2024;INVESTJOURNEY.ru
12.01.2024;INVESTSTEPS.ru
12.01.2024;INVESTT-TKF.ru
12.01.2024;INVESTTG.ru
12.01.2024;INVO-GROUP.ru
12.01.2024;IOHRLERJLK.ru
12.01.2024;IP-SOL-CASINO.ru
12.01.2024;IP-SOLCASINO.ru
12.01.2024;IPANDREEV.ru
12.01.2024;IPANKO.ru
12.01.2024;IPARKU.ru
12.01.2024;IPHONE-SHOPS77.ru
12.01.2024;IPKONTROL.ru
12.01.2024;IPOTEKA164.ru
12.01.2024;IPSEMIEM.ru
12.01.2024;IPSINCOVA.ru
12.01.2024;IQC92NP.ru
12.01.2024;IQMAXENGLISH.ru
12.01.2024;IQNITRAINING.ru
12.01.2024;IRACHER.ru
12.01.2024;IRINA720572.ru
12.01.2024;IRINAGETMAN.ru
12.01.2024;IRINALIMONEN.ru
12.01.2024;IRINAMUKHINA62.ru
12.01.2024;IRINASHPAK.ru
12.01.2024;IRINDAMARKET.ru
12.01.2024;IRK-PRIORITET.ru
12.01.2024;IRNMAX.ru
12.01.2024;IRON-DO.ru
12.01.2024;ISDADDY.ru
12.01.2024;ISGEOTAR.ru
12.01.2024;ISK-ZHIT.ru
12.01.2024;ISLAM-MAMA.ru
12.01.2024;ISLCOLLECTIVE.ru
12.01.2024;ISO-ZA-1CHAS.ru
12.01.2024;ISOMET.ru
12.01.2024;ISPSOTA.ru
12.01.2024;ISROILOV.ru
12.01.2024;ISS-KN.ru
12.01.2024;ISTANBULNEWS.ru
12.01.2024;ISTANBULTODAY.ru
12.01.2024;IT-ERMOLAEV.ru
12.01.2024;IT-GIFT.ru
12.01.2024;IT-GON.ru
12.01.2024;IT-INTEGRATION.ru
12.01.2024;IT-PNK.ru
12.01.2024;IT-SAPRUN.ru
12.01.2024;IT-UTC.ru
12.01.2024;ITALIANTEXTILES.ru
12.01.2024;ITANALYTIC.ru
12.01.2024;ITE-CONNECT.ru
12.01.2024;ITEMA.ru
12.01.2024;ITGIFT.ru
12.01.2024;ITGON.ru
12.01.2024;ITM-ACTION.ru
12.01.2024;ITS-KEDR.ru
12.01.2024;ITSZAKAZ.ru
12.01.2024;ITYSU.ru
12.01.2024;ITYUM.ru
12.01.2024;IU-DVOR.ru
12.01.2024;IV-PROJECT.ru
12.01.2024;IV-TRIKOTAZH.ru
12.01.2024;IVANDENISENKO.ru
12.01.2024;IVANGAVRIKOV.ru
12.01.2024;IVANNAPRO.ru
12.01.2024;IVANOVIVAN8556.ru
12.01.2024;IVANOVOJ-YULII-YUREVNY-LAW.ru
12.01.2024;IVANSTEPANOV.ru
12.01.2024;IVEVSEGNEEVA.ru
12.01.2024;IVHOMEPRO.ru
12.01.2024;IVI-GO.ru
12.01.2024;IVN-ALGO.ru
12.01.2024;IZAMOKMAILING.ru
12.01.2024;IZAMOKNEWS.ru
12.01.2024;IZAMOKPOST.ru
12.01.2024;IZCR.ru
12.01.2024;IZHEVSKSANTEHNIK.ru
12.01.2024;IZI-CALENDAR.ru
12.01.2024;IZI-KALENDAR.ru
12.01.2024;IZICALENDAR.ru
12.01.2024;IZIKALENDAR.ru
12.01.2024;IZUMRUD-GAGRA.ru
12.01.2024;IZVEKOVY.ru
12.01.2024;IZZI-CASINO-ONE2SHOP1.ru
12.01.2024;IZZI-CASINO-PRO2.ru
12.01.2024;J4SGFN1.ru
12.01.2024;JAIDK.ru
12.01.2024;JALUZI-KARNIZ.ru
12.01.2024;JAML.ru
12.01.2024;JAPANGROUPHAB.ru
12.01.2024;JAREDLETO.ru
12.01.2024;JARRUS.ru
12.01.2024;JBS-5.ru
12.01.2024;JCBRUS.ru
12.01.2024;JEAST.ru
12.01.2024;JENYARTIST.ru
12.01.2024;JET-VULKAN135.ru
12.01.2024;JEWELRYMARKETING.ru
12.01.2024;JILKOMSERVICE.ru
12.01.2024;JILLORIE.ru
12.01.2024;JIMBEAM.ru
12.01.2024;JINHIT.ru
12.01.2024;JKGEM.ru
12.01.2024;JKLASERMACHINE.ru
12.01.2024;JKS-VODA.ru
12.01.2024;JNCG.ru
12.01.2024;JNJVISIONKOM2024.ru
12.01.2024;JNTRD.ru
12.01.2024;JOB-BANK.ru
12.01.2024;JOB-DUBAI.ru
12.01.2024;JOBS-ANTONOV.ru
12.01.2024;JOBSEU.ru
12.01.2024;JOE-SHOP.ru
12.01.2024;JOHN-GOLD.ru
12.01.2024;JOIN-TO-CHANNEL-TG.ru
12.01.2024;JOINMUSE.ru
12.01.2024;JOLICAR.ru
12.01.2024;JOLIE-COSMETOLOGY.ru
12.01.2024;JOOMLACODE.ru
12.01.2024;JORDANC.ru
12.01.2024;JOY-CASINO-GO.ru
12.01.2024;JOYSERVICE24.ru
12.01.2024;JOYTEKA.ru
12.01.2024;JOZZ-CASINO-24.ru
12.01.2024;JSERVICE-MSK.ru
12.01.2024;JUICYAUTO.ru
12.01.2024;JUJURKOV.ru
12.01.2024;JULDELL.ru
12.01.2024;JULIA-KHAMITOVA.ru
12.01.2024;JUNHOP.ru
12.01.2024;JURIJMARTYNENKO.ru
12.01.2024;JURNAL-URTK.ru
12.01.2024;JUSTFISH.ru
12.01.2024;JVHWTKWLWL.ru
12.01.2024;JWK-FILTERPRESS.ru
12.01.2024;JXPEX.ru
12.01.2024;JYOTISH-GOROSKOP.ru
12.01.2024;JZ-PRO.ru
12.01.2024;K-MOSAIC.ru
12.01.2024;K-TORRENT.ru
12.01.2024;K-V-K.ru
12.01.2024;K-VK.ru
12.01.2024;K2-SYSTEMS.ru
12.01.2024;K77.ru
12.01.2024;K907LOGISTICS.ru
12.01.2024;KA-DOVOD.ru
12.01.2024;KACHELYA.ru
12.01.2024;KADASTROVIYINGENERVZAOKSKE.ru
12.01.2024;KADASTRRUS.ru
12.01.2024;KADYROV-BANK.ru
12.01.2024;KAF54.ru
12.01.2024;KAFERETRO63.ru
12.01.2024;KAGERYU.ru
12.01.2024;KAK-DOMA-36.ru
12.01.2024;KAK-VYBRAT24.ru
12.01.2024;KAKNADO96.ru
12.01.2024;KALANKO.ru
12.01.2024;KALE0SM.ru
12.01.2024;KALEDO-PECHI.ru
12.01.2024;KALIBERDADREADS.ru
12.01.2024;KALINKAMAG.ru
12.01.2024;KALITA-GROUP.ru
12.01.2024;KALITNIKIGRAND.ru
12.01.2024;KALKULYATOR-SRUBA.ru
12.01.2024;KALUGIN-7.ru
12.01.2024;KALYANSTORE23.ru
12.01.2024;KAMAPP.ru
12.01.2024;KAMEN-OPTOM.ru
12.01.2024;KAMESHNIK.ru
12.01.2024;KAMGIMS.ru
12.01.2024;KAMIN-KAMEN.ru
12.01.2024;KAMNOTOP.ru
12.01.2024;KAMZAPCHASTAUTO.ru
12.01.2024;KANIOG.ru
12.01.2024;KAPABLANKA.ru
12.01.2024;KAPITAL-MET.ru
12.01.2024;KAPITALSTROIINVEST-EKB.ru
12.01.2024;KAPITELCK.ru
12.01.2024;KAPRONAOOO.ru
12.01.2024;KARBOGLASS-KRASNODAR.ru
12.01.2024;KARDINAL-VINO.ru
12.01.2024;KARELIA33.ru
12.01.2024;KARELIANRUNES.ru
12.01.2024;KARELIN-DENT.ru
12.01.2024;KARELIYA33.ru
12.01.2024;KARELRU.ru
12.01.2024;KARELRUNES.ru
12.01.2024;KARINANOUN.ru
12.01.2024;KARLOVFOND.ru
12.01.2024;KARLSSON-BOOM.ru
12.01.2024;KARPENKOSVETA.ru
12.01.2024;KARTAGTO-OS.ru
12.01.2024;KARTOFELEFF.ru
12.01.2024;KARUNIA.ru
12.01.2024;KARUSEL-LOYALTY.ru
12.01.2024;KASENERGO.ru
12.01.2024;KASHEY.ru
12.01.2024;KASINO-AURORA.ru
12.01.2024;KASPEURO2018.ru
12.01.2024;KASPIJSKAJA-7.ru
12.01.2024;KASSI-CHEBOKSARY.ru
12.01.2024;KATAIKZN.ru
12.01.2024;KATALOGBELORUSSKIHKUHON.ru
12.01.2024;KATEMALT.ru
12.01.2024;KATERINA-STIZH.ru
12.01.2024;KATEXPERT.ru
12.01.2024;KATKAGALAXY.ru
12.01.2024;KATRISHAA.ru
12.01.2024;KATRYSYA.ru
12.01.2024;KATYADEE.ru
12.01.2024;KATYAZARYA.ru
12.01.2024;KAURKASECURET.ru
12.01.2024;KAVKAZNASLEDIE.ru
12.01.2024;KAZAKOVVLADIMIR-MEDIA.ru
12.01.2024;KAZAN-FILTER.ru
12.01.2024;KAZANFILTER.ru
12.01.2024;KAZINO-VULKAN357.ru
12.01.2024;KAZINOAZINO-777.ru
12.01.2024;KBM-ZA.ru
12.01.2024;KEBBI.ru
12.01.2024;KEDR-PRIME.ru
12.01.2024;KEDROVIE-BANI.ru
12.01.2024;KEEPITSTREETGANG.ru
12.01.2024;KELMANOWITCH.ru
12.01.2024;KELO-FORESTSRUB-RF.ru
12.01.2024;KELO-FORESTSRUBRF.ru
12.01.2024;KELOFOREST-SRUB-RF.ru
12.01.2024;KELOFOREST-SRUBRF.ru
12.01.2024;KELOFORESTSRUB-RF.ru
12.01.2024;KELOFORESTSRUBRF.ru
12.01.2024;KENGURU-MSK.ru
12.01.2024;KENNEYADI.ru
12.01.2024;KENT-CASINO-PROMOCOD.ru
12.01.2024;KENT-CASINO-REGISTRATION.ru
12.01.2024;KEPAMA.ru
12.01.2024;KERAMIDA.ru
12.01.2024;KERBAL-SPACE-PROGRAM.ru
12.01.2024;KERUINEFTEGAZ.ru
12.01.2024;KETOPRO-OFFICIAL.ru
12.01.2024;KEVOLI.ru
12.01.2024;KEY-TAXI.ru
12.01.2024;KEYCITI.ru
12.01.2024;KEYHUNTERS.ru
12.01.2024;KEYSIGHTSHOP.ru
12.01.2024;KEYSIGHTSTORE.ru
12.01.2024;KEYTOSUCCESS.ru
12.01.2024;KEYTOTHEDARKROSE.ru
12.01.2024;KFR-RUS.ru
12.01.2024;KG5ZB0Y.ru
12.01.2024;KHALKPRAVO.ru
12.01.2024;KHAVALKIN.ru
12.01.2024;KHODZHAEVA.ru
12.01.2024;KHRIZOTIL.ru
12.01.2024;KHUSNULIN.ru
12.01.2024;KIACENTERSURGUT.ru
12.01.2024;KIIKAZAN.ru
12.01.2024;KIILTOCLEAN.ru
12.01.2024;KIKERINODK.ru
12.01.2024;KIKIMORASHOP.ru
12.01.2024;KIM-SERGEI.ru
12.01.2024;KING-CLEANING.ru
12.01.2024;KING-MOON.ru
12.01.2024;KING-RELAX.ru
12.01.2024;KING-SUN.ru
12.01.2024;KINGBODY.ru
12.01.2024;KINO-TOR.ru
12.01.2024;KINOKAPRIZ.ru
12.01.2024;KINOSIRIAL.ru
12.01.2024;KINOZO.ru
12.01.2024;KIRA-ALL.ru
12.01.2024;KIREICHEV.ru
12.01.2024;KIRI54.ru
12.01.2024;KIROV-POTOLOK.ru
12.01.2024;KISELNY.ru
12.01.2024;KIT-TOUR.ru
12.01.2024;KITAIOPTOVIK.ru
12.01.2024;KITCHEN-DECOR.ru
12.01.2024;KKO39.ru
12.01.2024;KL-BOXES.ru
12.01.2024;KLASS7777.ru
12.01.2024;KLDGAZ.ru
12.01.2024;KLEVERCITY.ru
12.01.2024;KLIMAT-AUDI.ru
12.01.2024;KLIMAT-INFO.ru
12.01.2024;KLIMAT-RUBL.ru
12.01.2024;KLIMAT13TOP.ru
12.01.2024;KLIMATCONFIRMATION.ru
12.01.2024;KLIMATEC.ru
12.01.2024;KLIMATECHNIKA-YUG.ru
12.01.2024;KLIMATECHNIKA555.ru
12.01.2024;KLIMATEXPERTBET.ru
12.01.2024;KLIMATEXPERTIN.ru
12.01.2024;KLIMATEXPERTJOB.ru
12.01.2024;KLIMATTOP.ru
12.01.2024;KLINDEBUT.ru
12.01.2024;KLIPPER-RUSSIA.ru
12.01.2024;KLOMAZEPAM.ru
12.01.2024;KLUCH23.ru
12.01.2024;KLUCHEVOE-RESHENIE.ru
12.01.2024;KLUKASHOV.ru
12.01.2024;KLYUKVAART.ru
12.01.2024;KMARTJANOV.ru
12.01.2024;KMD-MSK.ru
12.01.2024;KMFM2024.ru
12.01.2024;KMICHKO.ru
12.01.2024;KMV-WOOD.ru
12.01.2024;KNIGA-RECEEPT.ru
12.01.2024;KNIGI-O-GLAVNOM.ru
12.01.2024;KNOPIKLOOK.ru
12.01.2024;KOBI-NOVOSIBIRSK.ru
12.01.2024;KOBZEVYWEDDING.ru
12.01.2024;KOCHNEV1953.ru
12.01.2024;KOD-DOVZHENKO.ru
12.01.2024;KOD-MOLODOSTY.ru
12.01.2024;KODAWARI-CENTR.ru
12.01.2024;KOIVA.ru
12.01.2024;KOL-RIVER.ru
12.01.2024;KOLESNICASPB.ru
12.01.2024;KOLGICHEVA.ru
12.01.2024;KOLIBRICORD.ru
12.01.2024;KOLIZEYGROUP.ru
12.01.2024;KOLLIUMSCHOOL.ru
12.01.2024;KOLOKOLNIKOV72.ru
12.01.2024;KOLORIT01.ru
12.01.2024;KOLOSOVA-7.ru
12.01.2024;KOLYMA-INFO.ru
12.01.2024;KOMATAGRO.ru
12.01.2024;KOMSOMOLSK-NA-AMURE-DOSUG.ru
12.01.2024;KONAMI-CARD.ru
12.01.2024;KOND-UFA.ru
12.01.2024;KONDICIONER-KRASNOYARSK.ru
12.01.2024;KONDICIONER-PERM.ru
12.01.2024;KONDICIONER-VOLGOGRAD.ru
12.01.2024;KONFOSLASH.ru
12.01.2024;KONKURSCIT56.ru
12.01.2024;KONONOVAPRO.ru
12.01.2024;KONSULTACIYA-YURISTA-FREE.ru
12.01.2024;KONTAKT-ULYANOVSK.ru
12.01.2024;KONYUKHOV-OSKAR.ru
12.01.2024;KOPATEL-TESTIK.ru
12.01.2024;KOPEECHKA33.ru
12.01.2024;KORADO-RADIK.ru
12.01.2024;KOREAN-SOUL-LUX.ru
12.01.2024;KOREFIYA.ru
12.01.2024;KORMANSK.ru
12.01.2024;KOROLENKO-1.ru
12.01.2024;KOSAEV-GROUP.ru
12.01.2024;KOSMEIA.ru
12.01.2024;KOSMETOLOGIYA-DOKTORA-KORCHAGINOJ.ru
12.01.2024;KOSMO-3D.ru
12.01.2024;KOSMOSTV.ru
12.01.2024;KOSTIKOV-AD.ru
12.01.2024;KOSTISHKODESIGN.ru
12.01.2024;KOSTROMA-GIRLS.ru
12.01.2024;KOT27.ru
12.01.2024;KOTEL-VTEK.ru
12.01.2024;KOVALEVSKIJ.ru
12.01.2024;KOVERPALAS.ru
12.01.2024;KOVTUNOF.ru
12.01.2024;KOZHANBEKOV.ru
12.01.2024;KOZHEMYAKAEKB.ru
12.01.2024;KOZHUHOVO-LASHES.ru
12.01.2024;KP-DOLMATOVO.ru
12.01.2024;KP-I.ru
12.01.2024;KPK-1.ru
12.01.2024;KPKSOD74.ru
12.01.2024;KPOFFA.ru
12.01.2024;KRAFT-BUILD.ru
12.01.2024;KRAFTPOLIMER.ru
12.01.2024;KRAICHIK.ru
12.01.2024;KRAINOVDESIGN.ru
12.01.2024;KRAN100TONN.ru
12.01.2024;KRASBANDS.ru
12.01.2024;KRASCONCERT.ru
12.01.2024;KRASIVYE-LYUDI-BEAUTY.ru
12.01.2024;KRASLID.ru
12.01.2024;KRASNAYAICHERNAYA.ru
12.01.2024;KRASNODAR-SP.ru
12.01.2024;KRASNOEICHERNOE.ru
12.01.2024;KRASNOKAMENSKAVTO.ru
12.01.2024;KRASNOYARSKIE-KUHNI.ru
12.01.2024;KRASNY-KURGAN.ru
12.01.2024;KRASNY39.ru
12.01.2024;KRASOTAWOLOS.ru
12.01.2024;KREKENERGO.ru
12.01.2024;KRENDELCATERING.ru
12.01.2024;KRENGPRO.ru
12.01.2024;KRESTCY.ru
12.01.2024;KRIATEVGENII.ru
12.01.2024;KRISSORO.ru
12.01.2024;KROSS-DISCONT.ru
12.01.2024;KS96.ru
12.01.2024;KSERGAN.ru
12.01.2024;KSM-SPEC.ru
12.01.2024;KSNDR.ru
12.01.2024;KSURGERY.ru
12.01.2024;KTO-V-KURSE.ru
12.01.2024;KTS123.ru
12.01.2024;KUDAGO31.ru
12.01.2024;KUDO-EKB.ru
12.01.2024;KUDRIASHOW-MUSIC.ru
12.01.2024;KUGOO-ORSK.ru
12.01.2024;KUGOO-SHOP.ru
12.01.2024;KUHNI-BELORUSSII-MOSKVA.ru
12.01.2024;KUHNI-MODERN.ru
12.01.2024;KUHNI-MSK-DESIGN-ONLINE.ru
12.01.2024;KUHNI-MSK-DESIGNONLINE.ru
12.01.2024;KUHNI-MSKDESIGN-ONLINE.ru
12.01.2024;KUHNI-MSKDESIGNONLINE.ru
12.01.2024;KUHNI-NA-ZAKAZ-BELGOROD.ru
12.01.2024;KUHNI-ZOV-KRASNODAR.ru
12.01.2024;KUHNIBELORUSSIIVORONEZH.ru
12.01.2024;KUHNIDIZAIN.ru
12.01.2024;KUHNIMSK-DESIGN-ONLINE.ru
12.01.2024;KUHNIMSK-DESIGNONLINE.ru
12.01.2024;KUHNIMSKDESIGN-ONLINE.ru
12.01.2024;KUHNIMSKDESIGNONLINE.ru
12.01.2024;KUHNIPODKLYUCH.ru
12.01.2024;KUHNYAAM-MSK.ru
12.01.2024;KULIKOVALISA.ru
12.01.2024;KULIKOVSERGEY.ru
12.01.2024;KULTZVUK.ru
12.01.2024;KUMIHO-KITSUNE.ru
12.01.2024;KUMIKO.ru
12.01.2024;KUPCHIHI.ru
12.01.2024;KUPI-HOSTINGI.ru
12.01.2024;KUPILOOK.ru
12.01.2024;KUPINSPORT.ru
12.01.2024;KUPIPODAROK-ART.ru
12.01.2024;KUPIT-KUHNY-NEDOROGO.ru
12.01.2024;KUPIT-TELEVIZOR-V-DNR.ru
12.01.2024;KUPYT-TELEVIZOR-V-DNR.ru
12.01.2024;KURANTY-PRINT.ru
12.01.2024;KURDO.ru
12.01.2024;KURIE7251.ru
12.01.2024;KURIE7252.ru
12.01.2024;KURIER-OFFER.ru
12.01.2024;KURIER7385.ru
12.01.2024;KURLIK.ru
12.01.2024;KURZALKYLOTI.ru
12.01.2024;KUSOKAVTO.ru
12.01.2024;KUSTODIEV-SCHOOL.ru
12.01.2024;KUTUZOV-MILE.ru
12.01.2024;KUXHNI-TYMENI-MEBEL172.ru
12.01.2024;KUXHNI-TYMENI-MEBEL72.ru
12.01.2024;KUXNI-TYMENI-MEBEL172.ru
12.01.2024;KUXNI-TYMENI-MEBEL72.ru
12.01.2024;KUZBASSLOVE.ru
12.01.2024;KUZMA1.ru
12.01.2024;KUZNETSOVAPH.ru
12.01.2024;KUZUB-DEV.ru
12.01.2024;KVADRAT-KLD.ru
12.01.2024;KVADRIKA52.ru
12.01.2024;KVANTIKO.ru
12.01.2024;KVARTELNSK.ru
12.01.2024;KVARTIRNYIOTVET.ru
12.01.2024;KVESTNADENROZHDENIE.ru
12.01.2024;KVIZTURNIR.ru
12.01.2024;KVM-79.ru
12.01.2024;KWADIK.ru
12.01.2024;KWANUMSPB.ru
12.01.2024;KWERT-ST.ru
12.01.2024;KWIKSMP.ru
12.01.2024;KZHANNA.ru
12.01.2024;KZLP.ru
12.01.2024;KZN-BETON.ru
12.01.2024;L-PETERHOF.ru
12.01.2024;L-VTB.ru
12.01.2024;L2-PRIME.ru
12.01.2024;LA-FLORIA-SHOP.ru
12.01.2024;LABBODY.ru
12.01.2024;LABRAB.ru
12.01.2024;LABUTINAEVG.ru
12.01.2024;LABWL.ru
12.01.2024;LACCI.ru
12.01.2024;LACTOCARE.ru
12.01.2024;LADATOUR.ru
12.01.2024;LADIES-LIFE.ru
12.01.2024;LADOGALIFE.ru
12.01.2024;LADY-CENTER.ru
12.01.2024;LADY-CLUB35PLUS.ru
12.01.2024;LADY-SCHICK.ru
12.01.2024;LAFAKZN.ru
12.01.2024;LAHTAGUIDE.ru
12.01.2024;LAIMET-STANKI.ru
12.01.2024;LAIT-RK.ru
12.01.2024;LAKORNS.ru
12.01.2024;LAKORNY.ru
12.01.2024;LALALAW.ru
12.01.2024;LAMATOS.ru
12.01.2024;LANDCHAFT199.ru
12.01.2024;LANDLORD-ESTATE.ru
12.01.2024;LANHEAL.ru
12.01.2024;LANSILAKKI.ru
12.01.2024;LAOSA.ru
12.01.2024;LAOWAI.ru
12.01.2024;LAPINAMODA.ru
12.01.2024;LAPTEVA1.ru
12.01.2024;LARASKURATOVA.ru
12.01.2024;LARDO.ru
12.01.2024;LARGECLOUD.ru
12.01.2024;LARISAGREENWAY.ru
12.01.2024;LASER-77.ru
12.01.2024;LASERMAP.ru
12.01.2024;LASHMEUP.ru
12.01.2024;LAST-NIGHT.ru
12.01.2024;LASTATION.ru
12.01.2024;LATINLADY.ru
12.01.2024;LAULUXE.ru
12.01.2024;LAVANDA-DOM.ru
12.01.2024;LAVENUM.ru
12.01.2024;LAVKAORLI.ru
12.01.2024;LAVKASWEETS.ru
12.01.2024;LAVSANBRO.ru
12.01.2024;LAWADVICECENTER.ru
12.01.2024;LAWCOIN.ru
12.01.2024;LAWHELPCENTER.ru
12.01.2024;LAWRIAR.ru
12.01.2024;LAWSTATE-JOURNAL.ru
12.01.2024;LAWYER-360.ru
12.01.2024;LAWYER360.ru
12.01.2024;LAZAREWSKAYA.ru
12.01.2024;LAZOVSKY-PK.ru
12.01.2024;LD-PAY109255.ru
12.01.2024;LD-PAY12416.ru
12.01.2024;LD-PAY12423.ru
12.01.2024;LD-PAY282572.ru
12.01.2024;LD-PAY294988.ru
12.01.2024;LD-PAY381274.ru
12.01.2024;LD-PAY38199.ru
12.01.2024;LD-PAY409921.ru
12.01.2024;LD-PAY509211.ru
12.01.2024;LD-PAY562113.ru
12.01.2024;LD-PAY63227.ru
12.01.2024;LD-PAY731993.ru
12.01.2024;LD-PAY81212.ru
12.01.2024;LD-PAY81231.ru
12.01.2024;LD-PAY81241.ru
12.01.2024;LD-PAY93018.ru
12.01.2024;LDC-SMR.ru
12.01.2024;LDLC.ru
12.01.2024;LEADER-CODE.ru
12.01.2024;LEBEDYANSZN.ru
12.01.2024;LECHIMVTOMSKE.ru
12.01.2024;LEDTEXNIKA.ru
12.01.2024;LEDUEVITA.ru
12.01.2024;LEDZONE.ru
12.01.2024;LEEBEAUTY.ru
12.01.2024;LEEKRAFT.ru
12.01.2024;LEFATECH.ru
12.01.2024;LEGALAIDGROUP.ru
12.01.2024;LEGALASSISTHUB.ru
12.01.2024;LEGALFNCLOUD.ru
12.01.2024;LEGALXBET.ru
12.01.2024;LEGATO-TC.ru
12.01.2024;LEGM.ru
12.01.2024;LEGZO-CASINO-ULTRAKONK-450.ru
12.01.2024;LEGZOCASINO-BIB6.ru
12.01.2024;LEGZOCASINO-DIA4.ru
12.01.2024;LEGZOCASINO-GARMONIYA4.ru
12.01.2024;LEISANBAGAUTDINOVA.ru
12.01.2024;LEKS-URIST.ru
12.01.2024;LEMORELE.ru
12.01.2024;LENAGORDINA.ru
12.01.2024;LENDINGNASH.ru
12.01.2024;LENINSKOE-ADMIN.ru
12.01.2024;LENORMANDOM.ru
12.01.2024;LENRUBAHI-SALE.ru
12.01.2024;LENTAI.ru
12.01.2024;LEO-SLOYN.ru
12.01.2024;LEONIRBIT.ru
12.01.2024;LEOVITA.ru
12.01.2024;LEPCOM.ru
12.01.2024;LEPESHENKO.ru
12.01.2024;LEPUCHKI.ru
12.01.2024;LEROLOGISTIK.ru
12.01.2024;LEROMERLIN.ru
12.01.2024;LEROYMELIN.ru
12.01.2024;LEROYMERIN.ru
12.01.2024;LEROYMRLIN.ru
12.01.2024;LES-69.ru
12.01.2024;LES69.ru
12.01.2024;LESA43.ru
12.01.2024;LESHKOVO.ru
12.01.2024;LESIAKSENOVA.ru
12.01.2024;LET-BRAT-SKY.ru
12.01.2024;LETNIEDOMIKI.ru
12.01.2024;LETNIYKLUBTLK.ru
12.01.2024;LETSGOMINING.ru
12.01.2024;LEUNETS-STUDIO.ru
12.01.2024;LEVALL.ru
12.01.2024;LEVCASINO-GAMES.ru
12.01.2024;LEVELKZN.ru
12.01.2024;LEX-77.ru
12.01.2024;LEX77.ru
12.01.2024;LEXAUTO39.ru
12.01.2024;LEXI-COOL.ru
12.01.2024;LEYARDLEDDISPLAY.ru
12.01.2024;LEZHNINA-PRO.ru
12.01.2024;LFCON.ru
12.01.2024;LIBERTYSERVICE.ru
12.01.2024;LIBRARYMAP.ru
12.01.2024;LIDER-FM.ru
12.01.2024;LIDERMEDICA.ru
12.01.2024;LIDERO.ru
12.01.2024;LIDERRUS.ru
12.01.2024;LIDIMAD.ru
12.01.2024;LIDOEB.ru
12.01.2024;LIEDETECTOR.ru
12.01.2024;LIFAN-MOTORS.ru
12.01.2024;LIFE-SOURCE.ru
12.01.2024;LIFECIRC.ru
12.01.2024;LIFETORIUM.ru
12.01.2024;LIGAFK.ru
12.01.2024;LIGHT-BEAUTY.ru
12.01.2024;LIGHT-BOUTIQUE.ru
12.01.2024;LIGHTERA-LIGHT.ru
12.01.2024;LIGHTON-SVET.ru
12.01.2024;LIGITATOR.ru
12.01.2024;LIKE-PARTY.ru
12.01.2024;LIKE-STIR.ru
12.01.2024;LIKEKICK.ru
12.01.2024;LIKPICS.ru
12.01.2024;LILILAND.ru
12.01.2024;LIM-RB.ru
12.01.2024;LIME-PROD.ru
12.01.2024;LIME-RUS.ru
12.01.2024;LIMSLIM.ru
12.01.2024;LIN-H.ru
12.01.2024;LINCOM-GROUP.ru
12.01.2024;LINE-BC.ru
12.01.2024;LINFIA.ru
12.01.2024;LINFIABABY.ru
12.01.2024;LINGVERADEV.ru
12.01.2024;LINK-CITY.ru
12.01.2024;LINKMOTORS.ru
12.01.2024;LINKS-FREE.ru
12.01.2024;LINKWIFI.ru
12.01.2024;LIONIFF.ru
12.01.2024;LIRIUS.ru
12.01.2024;LIRRES.ru
12.01.2024;LISEUM9.ru
12.01.2024;LISGALI.ru
12.01.2024;LISTIKRA.ru
12.01.2024;LISTKUSH.ru
12.01.2024;LISTVENNICA-DOSKA.ru
12.01.2024;LITEBLOCK.ru
12.01.2024;LITEES.ru
12.01.2024;LITENIO.ru
12.01.2024;LITERAT-EM.ru
12.01.2024;LITKOM-UZ.ru
12.01.2024;LITREA.ru
12.01.2024;LITREES.ru
12.01.2024;LITRRES.ru
12.01.2024;LITRRS.ru
12.01.2024;LITRWS.ru
12.01.2024;LITTLEGREENELF.ru
12.01.2024;LITTLEKIDS-SHOP.ru
12.01.2024;LITUNOV.ru
12.01.2024;LIVE-PIXEL.ru
12.01.2024;LIVE-WOMEN.ru
12.01.2024;LIVECAMRIPS.ru
12.01.2024;LIVECHECK.ru
12.01.2024;LIVEPETS.ru
12.01.2024;LIVEWORKSHEETS.ru
12.01.2024;LIVINGSTON-GRAND-RESORT.ru
12.01.2024;LIZINGOVYE-USLUGI.ru
12.01.2024;LJEKA87.ru
12.01.2024;LNVLTRO.ru
12.01.2024;LOBNYA-FORUM.ru
12.01.2024;LOCK-MAN.ru
12.01.2024;LOCUSSOLIS.ru
12.01.2024;LODIO.ru
12.01.2024;LODKI-SHOP.ru
12.01.2024;LOFTKGD.ru
12.01.2024;LOFTKLD.ru
12.01.2024;LOFTSTOR.ru
12.01.2024;LOGBET.ru
12.01.2024;LOGFOOD.ru
12.01.2024;LOGGERHEAD.ru
12.01.2024;LOGHEALTH.ru
12.01.2024;LOGICPARTS.ru
12.01.2024;LOGIPS.ru
12.01.2024;LOGISTICSEXPRESS.ru
12.01.2024;LOGLOGLIFE.ru
12.01.2024;LOGO-TIP.ru
12.01.2024;LOGOFLIFE.ru
12.01.2024;LOGSLEEP.ru
12.01.2024;LOGTRAVEL.ru
12.01.2024;LOM-SERVICE.ru
12.01.2024;LOMBARDLOCATOR.ru
12.01.2024;LOMBARDY-KOMISSIONKI.ru
12.01.2024;LOMEIKOS.ru
12.01.2024;LONGEVITA35.ru
12.01.2024;LONSKIYFILM.ru
12.01.2024;LOOKINGFORGIFT.ru
12.01.2024;LOOLACAFE.ru
12.01.2024;LOOPATIN.ru
12.01.2024;LORD-KINO.ru
12.01.2024;LORDS-BOT.ru
12.01.2024;LOSKINA.ru
12.01.2024;LOSKVOSKSIBIR.ru
12.01.2024;LOTOXBET.ru
12.01.2024;LOTSMOVIES.ru
12.01.2024;LOTUSFLOWER.ru
12.01.2024;LOTUSVIESPA.ru
12.01.2024;LOVE-CLOUD.ru
12.01.2024;LOVELUXPARFUME.ru
12.01.2024;LOVESKY2.ru
12.01.2024;LOVESNEAKER.ru
12.01.2024;LOVESURPRISE.ru
12.01.2024;LOVETCO.ru
12.01.2024;LOVI-BUKET-SHOP.ru
12.01.2024;LOVI-TORT.ru
12.01.2024;LOVOL-CENTER.ru
12.01.2024;LOXONEDOM.ru
12.01.2024;LOYCO.ru
12.01.2024;LRDEV.ru
12.01.2024;LSM-PLATFORM.ru
12.01.2024;LSPNT.ru
12.01.2024;LSSDSFFSD.ru
12.01.2024;LT120124.ru
12.01.2024;LTSFS.ru
12.01.2024;LUBRILOGIC.ru
12.01.2024;LUCHSHIEE-VPN.ru
12.01.2024;LUCIATUCCI-MSK.ru
12.01.2024;LUCKGOLD.ru
12.01.2024;LUCKY-FILMS.ru
12.01.2024;LUCKY-SUSHI.ru
12.01.2024;LUCKYFILMS.ru
12.01.2024;LUDOIDA.ru
12.01.2024;LUGANSK-BUS.ru
12.01.2024;LUKOIL-RUS.ru
12.01.2024;LUMINAFOR.ru
12.01.2024;LUMIX-OIL.ru
12.01.2024;LUNALTD.ru
12.01.2024;LUNAR-BREEZE.ru
12.01.2024;LUNAWORLD.ru
12.01.2024;LUSTRY777.ru
12.01.2024;LUTHERM.ru
12.01.2024;LUX-NEWS24PRO.ru
12.01.2024;LUXEEDAUTO.ru
12.01.2024;LUXEMEDIA.ru
12.01.2024;LUXLAMP.ru
12.01.2024;LUXLIGHT.ru
12.01.2024;LUYSTRA.ru
12.01.2024;LV-SPB.ru
12.01.2024;LVMED.ru
12.01.2024;LXBETS.ru
12.01.2024;LYRICA-APTEKA.ru
12.01.2024;LYRICISMSOVIETA.ru
12.01.2024;M-A-I-N.ru
12.01.2024;M-INTERFACE.ru
12.01.2024;M-MOTION.ru
12.01.2024;M-OK.ru
12.01.2024;M-ORDYNKA14.ru
12.01.2024;M-PLAZZO.ru
12.01.2024;M-R13.ru
12.01.2024;M-SPRAVKA.ru
12.01.2024;M-VESTI.ru
12.01.2024;M2BOX.ru
12.01.2024;MABABILOV.ru
12.01.2024;MABUTORINA.ru
12.01.2024;MACH-XBET.ru
12.01.2024;MADEEV.ru
12.01.2024;MADEITALY.ru
12.01.2024;MADINAKOJUEVA-SCHOOL.ru
12.01.2024;MADUKRA.ru
12.01.2024;MAFFEL.ru
12.01.2024;MAFIT.ru
12.01.2024;MAG-LIFE.ru
12.01.2024;MAG-MUSIC.ru
12.01.2024;MAGAZINNOUTBUKOV.ru
12.01.2024;MAGESTY.ru
12.01.2024;MAGIC-HERBS.ru
12.01.2024;MAGICALHOME.ru
12.01.2024;MAGICCLASS64.ru
12.01.2024;MAGICDUMPLINGS.ru
12.01.2024;MAGICSNACK.ru
12.01.2024;MAGICSTARSTUDIO.ru
12.01.2024;MAGISTRATURA-SVFU.ru
12.01.2024;MAGIYAMEHA.ru
12.01.2024;MAGNETPROF.ru
12.01.2024;MAGPT.ru
12.01.2024;MAGU-PROFI.ru
12.01.2024;MAHORTOVDETAILING.ru
12.01.2024;MAIL2024.ru
12.01.2024;MAILCOR.ru
12.01.2024;MAIN-AGREGATOR.ru
12.01.2024;MAIN-VULKAN273.ru
12.01.2024;MAIRASUIUNYSHOVA.ru
12.01.2024;MAIZYHOME.ru
12.01.2024;MAJORTEX.ru
12.01.2024;MAK-ELEKTRIK.ru
12.01.2024;MAKEEVKABUS.ru
12.01.2024;MAKEIT-TLT.ru
12.01.2024;MAKELEKTRIK.ru
12.01.2024;MAKEPEACESTUDIO.ru
12.01.2024;MAKEUP2MAKEUP.ru
12.01.2024;MAKEWP.ru
12.01.2024;MAKME.ru
12.01.2024;MAKSIMDOVZHENKO.ru
12.01.2024;MAKSIMOVICH-7.ru
12.01.2024;MAKSIMSINKO.ru
12.01.2024;MALIKOV-IV.ru
12.01.2024;MALUX.ru
12.01.2024;MAMA-LOVE.ru
12.01.2024;MAMADETKI.ru
12.01.2024;MAMAHELP.ru
12.01.2024;MAMITOBE.ru
12.01.2024;MAN-CITY.ru
12.01.2024;MANAGER-CLUB.ru
12.01.2024;MANAGESHIPPING.ru
12.01.2024;MANAGESHIPS.ru
12.01.2024;MANDARINE-INTERIOR.ru
12.01.2024;MANGO-TOUR.ru
12.01.2024;MANICURE-KRASNODAR.ru
12.01.2024;MANIPULYATORRF.ru
12.01.2024;MANOGEPIX.ru
12.01.2024;MANOLIY-PRO.ru
12.01.2024;MANS-1XSLOTS600.ru
12.01.2024;MANUMEDIA.ru
12.01.2024;MAPARTS.ru
12.01.2024;MAPPP.ru
12.01.2024;MARAL-YKT.ru
12.01.2024;MARGARITASTARKOVA.ru
12.01.2024;MARGARITY-MATONINOJ-SALON.ru
12.01.2024;MARGOTH.ru
12.01.2024;MARGUL84Q.ru
12.01.2024;MARI1.ru
12.01.2024;MARIAMTEX.ru
12.01.2024;MARIANIKONENKO.ru
12.01.2024;MARIUPOLMADONNA.ru
12.01.2024;MARIWAX.ru
12.01.2024;MARIYADENISENKO.ru
12.01.2024;MARIYASAISHEVA.ru
12.01.2024;MARKET-G.ru
12.01.2024;MARKETPRIM.ru
12.01.2024;MARKETWARS.ru
12.01.2024;MARKINEM.ru
12.01.2024;MARKN.ru
12.01.2024;MARKOVA-PRONL.ru
12.01.2024;MARRIAZGIS.ru
12.01.2024;MARSHAL-AVTO.ru
12.01.2024;MARTBLOOM.ru
12.01.2024;MARTBOOX.ru
12.01.2024;MARTFAN.ru
12.01.2024;MARTLEAF.ru
12.01.2024;MARTLIGHT.ru
12.01.2024;MARTPHON.ru
12.01.2024;MARTPHONE.ru
12.01.2024;MARY-NAIL.ru
12.01.2024;MARYDO.ru
12.01.2024;MARZROSTO.ru
12.01.2024;MASHAROMANOVA.ru
12.01.2024;MASHARYBINA.ru
12.01.2024;MASHSTROIPORTAL.ru
12.01.2024;MASKARAD-OMSK.ru
12.01.2024;MASS48.ru
12.01.2024;MASSAGESOFA.ru
12.01.2024;MASSHTAB-TECHNOPARK.ru
12.01.2024;MASSIA.ru
12.01.2024;MASSIVE-PICKS.ru
12.01.2024;MASSIVEPICKS.ru
12.01.2024;MASTCRAFT.ru
12.01.2024;MASTER-EYELASHES-EYEBROWS.ru
12.01.2024;MASTER-FOREST.ru
12.01.2024;MASTER-NATALCHENKO.ru
12.01.2024;MASTER-OKON-PITER.ru
12.01.2024;MASTER-OKON-SPB.ru
12.01.2024;MASTER-REMONT-KVARTIR.ru
12.01.2024;MASTER-ZAINSK.ru
12.01.2024;MASTEREMONT.ru
12.01.2024;MASTERSTAFFGROUP.ru
12.01.2024;MASTERVEDA.ru
12.01.2024;MASTERZDOROVYA.ru
12.01.2024;MASTRO-NEWS.ru
12.01.2024;MASTSHOP.ru
12.01.2024;MASTZOO.ru
12.01.2024;MATHGPT.ru
12.01.2024;MATKAP22.ru
12.01.2024;MATRESKA-EVENTS.ru
12.01.2024;MATRIXFIN.ru
12.01.2024;MATROSKINSRV.ru
12.01.2024;MATTRASSESMASHUSTK.ru
12.01.2024;MATYASHOVDS.ru
12.01.2024;MAV22.ru
12.01.2024;MAVINK.ru
12.01.2024;MAX-MALINOVSKIY.ru
12.01.2024;MAX-STROI.ru
12.01.2024;MAX1357.ru
12.01.2024;MAXBET-AVTOMATY34.ru
12.01.2024;MAXFABRIN.ru
12.01.2024;MAXIMFABRIN.ru
12.01.2024;MAXIMOWA.ru
12.01.2024;MAXPOPKOV321.ru
12.01.2024;MAXSPA.ru
12.01.2024;MAYAK136.ru
12.01.2024;MAYERNVR.ru
12.01.2024;MAYSITE.ru
12.01.2024;MAZDA-MOTORS.ru
12.01.2024;MBDJ.ru
12.01.2024;MBICAR.ru
12.01.2024;MBKSTROY.ru
12.01.2024;MBMBUSINESS.ru
12.01.2024;MC-LERUS.ru
12.01.2024;MCDENNI.ru
12.01.2024;MCDIEZ.ru
12.01.2024;MCGAMES.ru
12.01.2024;MCKENZI.ru
12.01.2024;MCSTRIALL.ru
12.01.2024;MD-HAMAM.ru
12.01.2024;MDC73.ru
12.01.2024;MDOU90PTZ.ru
12.01.2024;MDTKID.ru
12.01.2024;MEATCOM.ru
12.01.2024;MEBEL-AVENIR.ru
12.01.2024;MEBEL-BELARUSI.ru
12.01.2024;MEBEL-ENDORPHIN.ru
12.01.2024;MEBEL-KDM.ru
12.01.2024;MEBELL-HOME.ru
12.01.2024;MEBELLOFF.ru
12.01.2024;MEBELNADOLGOV.ru
12.01.2024;MEBELSAM-TMB.ru
12.01.2024;MEBELSET-MSK.ru
12.01.2024;MECEN.ru
12.01.2024;MED-AKRED.ru
12.01.2024;MED-ALISAR.ru
12.01.2024;MEDIABAT.ru
12.01.2024;MEDIAPS.ru
12.01.2024;MEDIATK.ru
12.01.2024;MEDICALMEMENTO.ru
12.01.2024;MEDICINA-CLINICA.ru
12.01.2024;MEDICINSKAYA-ODEZDA.ru
12.01.2024;MEDIESTETIC-MED.ru
12.01.2024;MEDIZDKAZ.ru
12.01.2024;MEDKAMEN.ru
12.01.2024;MEDPROKAT.ru
12.01.2024;MEDSPUTNIK.ru
12.01.2024;MEDTESTINFO.ru
12.01.2024;MEDTEXSNAB.ru
12.01.2024;MEDVED-NOVOSTROYKI.ru
12.01.2024;MEDVEDFILM-SCHOOL.ru
12.01.2024;MEGA-CARS-AUTO.ru
12.01.2024;MEGA-NO.ru
12.01.2024;MEGA-VIDEO-CLIPS.ru
12.01.2024;MEGALEONVOLT.ru
12.01.2024;MEGAPOLISTRAVEL.ru
12.01.2024;MEGASNABOREN.ru
12.01.2024;MEGOMMETR.ru
12.01.2024;MEILA.ru
12.01.2024;MEINONE.ru
12.01.2024;MELCOSOFT.ru
12.01.2024;MELETOAGRO.ru
12.01.2024;MELITOPOL.ru
12.01.2024;MELLSTROYCASINO.ru
12.01.2024;MELSTROYCASINO.ru
12.01.2024;MEMEALERTS.ru
12.01.2024;MEMORIALMASTER.ru
12.01.2024;MEMTOKEN.ru
12.01.2024;MEN-HOLIDAY.ru
12.01.2024;MENDELEEV-BAR.ru
12.01.2024;MENDELEEVFEST.ru
12.01.2024;MENTOLOG.ru
12.01.2024;MENZONA.ru
12.01.2024;MERAPROJECT.ru
12.01.2024;MERAVTO.ru
12.01.2024;MERCHANT-PAY.ru
12.01.2024;MERFI-GRUPP.ru
12.01.2024;MERKURIN.ru
12.01.2024;MERLENA0.ru
12.01.2024;MERY-POPPINS-KIDS.ru
12.01.2024;METAAV.ru
12.01.2024;METADMD.ru
12.01.2024;METALL-INSTALL.ru
12.01.2024;METALLOBAZA-365.ru
12.01.2024;METALLOBAZA365.ru
12.01.2024;METEO-CRIMEA.ru
12.01.2024;METEOMETEO.ru
12.01.2024;METRIXPRIME.ru
12.01.2024;METROTEKA-VLADIS.ru
12.01.2024;MEXICAINLM.ru
12.01.2024;MEXICOR.ru
12.01.2024;MEZHEVANIE-MO.ru
12.01.2024;MEZZOSOPRANO.ru
12.01.2024;MFIMPORT.ru
12.01.2024;MFRNC.ru
12.01.2024;MG-PHOTO.ru
12.01.2024;MGARMIN.ru
12.01.2024;MGFILM.ru
12.01.2024;MGGEN.ru
12.01.2024;MGKF.ru
12.01.2024;MGS01.ru
12.01.2024;MGSPOTOLKI.ru
12.01.2024;MIACOS.ru
12.01.2024;MIAL-MEBEL.ru
12.01.2024;MIB32.ru
12.01.2024;MICRO-FAB.ru
12.01.2024;MICROZAIM-NA-KARTU.ru
12.01.2024;MIELESTORE.ru
12.01.2024;MIKAT-TOUR.ru
12.01.2024;MIKRO555.ru
12.01.2024;MIKS-KKM.ru
12.01.2024;MIKSPHONE.ru
12.01.2024;MIL-KRASNODAR.ru
12.01.2024;MILALEONOVA.ru
12.01.2024;MILISIA.ru
12.01.2024;MILITARY-HELPDESK.ru
12.01.2024;MILITARYLAWYER.ru
12.01.2024;MILK66.ru
12.01.2024;MILKYSHISHA.ru
12.01.2024;MILLIONALITY.ru
12.01.2024;MILRF.ru
12.01.2024;MINEDISE.ru
12.01.2024;MINICHKA.ru
12.01.2024;MININEW.ru
12.01.2024;MININGWORLD-CONNECT.ru
12.01.2024;MINTRANS22.ru
12.01.2024;MIR-KOSYGIN.ru
12.01.2024;MIR-TENTOV.ru
12.01.2024;MIR-VNUTRI11.ru
12.01.2024;MIRAMELI.ru
12.01.2024;MIRAUTO2009.ru
12.01.2024;MIRINFOGID.ru
12.01.2024;MIRKRASOTOK.ru
12.01.2024;MIRNAGRAD.ru
12.01.2024;MIROHOST.ru
12.01.2024;MIROSDANIE.ru
12.01.2024;MIROVOYTREYDER.ru
12.01.2024;MIROVOZ.ru
12.01.2024;MIRSVETA-EKB.ru
12.01.2024;MIRVIDEOGAMES.ru
12.01.2024;MISHAA.ru
12.01.2024;MISIKB.ru
12.01.2024;MISSKITTEN25.ru
12.01.2024;MISTER-X-BARBERSHOP.ru
12.01.2024;MISTERSTROY.ru
12.01.2024;MISTY-DECOR.ru
12.01.2024;MITT-CONNECT.ru
12.01.2024;MITYAKOVAPHOTO.ru
12.01.2024;MIXAMO.ru
12.01.2024;MIXERUP.ru
12.01.2024;MIXIMIX.ru
12.01.2024;MIXMIO.ru
12.01.2024;MIXX-SHOWROOM.ru
12.01.2024;MIYAGIMUSIC.ru
12.01.2024;MIZAEKOLOGIYU.ru
12.01.2024;MIZERBALNOST.ru
12.01.2024;MKA-RF.ru
12.01.2024;MKD48.ru
12.01.2024;MKESER.ru
12.01.2024;MKIT-RASPIL.ru
12.01.2024;MKKRAS.ru
12.01.2024;MKOPANEV.ru
12.01.2024;MKR-GROUP.ru
12.01.2024;MKS-SEO.ru
12.01.2024;ML-DENT.ru
12.01.2024;MLADS.ru
12.01.2024;MLOAN.ru
12.01.2024;MLOZHKIN.ru
12.01.2024;MMARSHENKULOV.ru
12.01.2024;MMASHKOVICH.ru
12.01.2024;MMEBEL72.ru
12.01.2024;MMMHOME.ru
12.01.2024;MN-BG.ru
12.01.2024;MNBOOK.ru
12.01.2024;MNEED.ru
12.01.2024;MNENED.ru
12.01.2024;MNENEED.ru
12.01.2024;MNOGONAILS.ru
12.01.2024;MNSTUDIO.ru
12.01.2024;MO-56.ru
12.01.2024;MOBI-VIP.ru
12.01.2024;MOBILE-RACK.ru
12.01.2024;MOBILEDU.ru
12.01.2024;MOBILEXBET.ru
12.01.2024;MOBILIERDUMASSIF.ru
12.01.2024;MOCAR.ru
12.01.2024;MODELERA.ru
12.01.2024;MODERN-VULKAN307.ru
12.01.2024;MODERNCORP.ru
12.01.2024;MODFISH.ru
12.01.2024;MODNYEKUHNI.ru
12.01.2024;MODS-INSIDE.ru
12.01.2024;MODSFIRE.ru
12.01.2024;MODUS66.ru
12.01.2024;MOI-REZEPTI.ru
12.01.2024;MOICHAT.ru
12.01.2024;MOIDOM12.ru
12.01.2024;MOIKA-LUX.ru
12.01.2024;MOILKAHOTEL.ru
12.01.2024;MOKKU.ru
12.01.2024;MOLITVA-RU.ru
12.01.2024;MOLODOST-MSK.ru
12.01.2024;MONAMOURFLO.ru
12.01.2024;MONASTERYTRAVA.ru
12.01.2024;MONE-FLORIST.ru
12.01.2024;MONEY-12.ru
12.01.2024;MONEY-13.ru
12.01.2024;MONEYFORSMALE.ru
12.01.2024;MONEYMULTIPLIER.ru
12.01.2024;MONOLIT-GR.ru
12.01.2024;MONOTONSPA.ru
12.01.2024;MONSTERBRAND.ru
12.01.2024;MONSTERMAKERS.ru
12.01.2024;MONT-ING.ru
12.01.2024;MONTAG-SERVICE.ru
12.01.2024;MONTAGOR.ru
12.01.2024;MOONSHINEFEDERATION.ru
12.01.2024;MOOOZ.ru
12.01.2024;MOOVE-CARGO.ru
12.01.2024;MORE-HOTELS.ru
12.01.2024;MORE-M.ru
12.01.2024;MOREBEGO.ru
12.01.2024;MOREREKLAM.ru
12.01.2024;MORESTEKLA59.ru
12.01.2024;MORINSYS.ru
12.01.2024;MOROSHKA-DEVELOPMENT.ru
12.01.2024;MORSHOP.ru
12.01.2024;MORSKIE-KONTEINERY.ru
12.01.2024;MORSKIE-KONTEYNERY.ru
12.01.2024;MOS-VIDEO.ru
12.01.2024;MOSAIKA-DESIGN.ru
12.01.2024;MOSAVTOTRADE.ru
12.01.2024;MOSBUILD-CONNECT.ru
12.01.2024;MOSCOW-AT-MTM.ru
12.01.2024;MOSCOW-ATELIER-MTM.ru
12.01.2024;MOSCOW-EGRUL.ru
12.01.2024;MOSCOWATELIERMTM.ru
12.01.2024;MOSCOWATMTM.ru
12.01.2024;MOSCOWCITYDATE12.ru
12.01.2024;MOSCOWMUSICNIGHT.ru
12.01.2024;MOSHER.ru
12.01.2024;MOSKIT-MASTER.ru
12.01.2024;MOSKVA-IMPLANTACIYA-ZUBOV.ru
12.01.2024;MOSKVA-ZOV.ru
12.01.2024;MOSPROIZVODITELNOST-CONF.ru
12.01.2024;MOSS29.ru
12.01.2024;MOST-51.ru
12.01.2024;MOST51.ru
12.01.2024;MOSTARTS.ru
12.01.2024;MOSTOVOI-PHOTO.ru
12.01.2024;MOTATA.ru
12.01.2024;MOTOR-CYCLES.ru
12.01.2024;MOTORTORMAKRETPLACE.ru
12.01.2024;MOTORTRAVEL.ru
12.01.2024;MOTOVAT.ru
12.01.2024;MOUDODBOX.ru
12.01.2024;MOUNT-ADVENTURE.ru
12.01.2024;MOVETOPLAY.ru
12.01.2024;MOXIEMIX.ru
12.01.2024;MOY-NOMER.ru
12.01.2024;MOYLISTOK.ru
12.01.2024;MOYLOSOS.ru
12.01.2024;MOYSTANISLAVSKIY.ru
12.01.2024;MP3GR.ru
12.01.2024;MPBOXFULFILMENT.ru
12.01.2024;MPD-DZYN.ru
12.01.2024;MPG.ru
12.01.2024;MPO-MARKETING.ru
12.01.2024;MRAMORSIB.ru
12.01.2024;MRDCLOUD.ru
12.01.2024;MRLEMON.ru
12.01.2024;MRQZNOVOSTI.ru
12.01.2024;MS83MS.ru
12.01.2024;MSAAB.ru
12.01.2024;MSCLUB-NN.ru
12.01.2024;MSFTCONNECTTEST.ru
12.01.2024;MSICLAW.ru
12.01.2024;MSK-KUHNYAAM.ru
12.01.2024;MSKHILTI.ru
12.01.2024;MSKTVTEM.ru
12.01.2024;MSKTVTEMM.ru
12.01.2024;MSKTVTTEMM.ru
12.01.2024;MSTER.ru
12.01.2024;MT-PHARM.ru
12.01.2024;MTD923.ru
12.01.2024;MTESLA.ru
12.01.2024;MTFARM.ru
12.01.2024;MTSPLAN.ru
12.01.2024;MTSTOOLS.ru
12.01.2024;MTUF-FCPD.ru
12.01.2024;MUCHKINO.ru
12.01.2024;MUDRIYSOVET.ru
12.01.2024;MUGALVA.ru
12.01.2024;MULATKAUFA.ru
12.01.2024;MULMULBEAUTY.ru
12.01.2024;MULTHIT.ru
12.01.2024;MULTI-AGENCY.ru
12.01.2024;MULTI-PRODUCTION.ru
12.01.2024;MULTISKILLHUB.ru
12.01.2024;MULTISTROYDOM.ru
12.01.2024;MUS-ALEXSCHOOL.ru
12.01.2024;MUSBOOK.ru
12.01.2024;MUSEUMMAP.ru
12.01.2024;MUSIC-SOUL.ru
12.01.2024;MUSICART.ru
12.01.2024;MUSOCCOR.ru
12.01.2024;MUSOROPROVOD-SPB.ru
12.01.2024;MUTS-LEGO.ru
12.01.2024;MUZ-SALON.ru
12.01.2024;MUZACADEMY.ru
12.01.2024;MUZEI-NOZHNIC.ru
12.01.2024;MVBT.ru
12.01.2024;MVIDE3O.ru
12.01.2024;MXRF.ru
12.01.2024;MY-GOTO.ru
12.01.2024;MY-LOV1.ru
12.01.2024;MY-TRANSERFING.ru
12.01.2024;MY-WATCH.ru
12.01.2024;MY-WORKOUT.ru
12.01.2024;MY-ZAP.ru
12.01.2024;MYA900KA.ru
12.01.2024;MYBOOKASHKA.ru
12.01.2024;MYDEZSES.ru
12.01.2024;MYDINASTIA.ru
12.01.2024;MYEVO.ru
12.01.2024;MYEXAMPLESITE.ru
12.01.2024;MYGOTO.ru
12.01.2024;MYINSTANTS.ru
12.01.2024;MYIPODTOUCH.ru
12.01.2024;MYKADABRA.ru
12.01.2024;MYLIFEHACK.ru
12.01.2024;MYLISTOK.ru
12.01.2024;MYLIVETATTOO.ru
12.01.2024;MYLNYYRAY.ru
12.01.2024;MYLOSKA.ru
12.01.2024;MYREALLYTRULYAWESOME.ru
12.01.2024;MYSECRETAR.ru
12.01.2024;MYSITRAK.ru
12.01.2024;MYSTORES.ru
12.01.2024;MYVIDEOPLUS.ru
12.01.2024;MYZIMA.ru
12.01.2024;MYZOOPLANET.ru
12.01.2024;MZHELTIKOVA.ru
12.01.2024;N-FACTORY.ru
12.01.2024;N-TAVDA.ru
12.01.2024;N-VLAD.ru
12.01.2024;N-YANKOVICH.ru
12.01.2024;NA-DOMENE.ru
12.01.2024;NA-ION.ru
12.01.2024;NA-KASSU.ru
12.01.2024;NA-OBLAKE.ru
12.01.2024;NA4ITO.ru
12.01.2024;NAAR-NSK.ru
12.01.2024;NABORJTC.ru
12.01.2024;NACHES.ru
12.01.2024;NADETALI.ru
12.01.2024;NAFSSTORE.ru
12.01.2024;NAGATINO-ISLAND.ru
12.01.2024;NAHODNOV.ru
12.01.2024;NAIL-BAR-V-BTS-BASHNYA-NA-NABEREZHNOJ.ru
12.01.2024;NAIL-POINT.ru
12.01.2024;NAIL-STARS.ru
12.01.2024;NAILA-PRIVOROT.ru
12.01.2024;NAILA-PRIVOROT-MAGIA.ru
12.01.2024;NALTERNATIVA.ru
12.01.2024;NAMESTNIK.ru
12.01.2024;NAMOZ.ru
12.01.2024;NANO4.ru
12.01.2024;NANOASIAHMAO.ru
12.01.2024;NAPOLZU.ru
12.01.2024;NARKOLOG-PLYUS.ru
12.01.2024;NARURALMATRIX.ru
12.01.2024;NARUTO-FANS.ru
12.01.2024;NASCENU-FEST.ru
12.01.2024;NATANIEL-SALON.ru
12.01.2024;NATARECHNOVA.ru
12.01.2024;NATE-PRAZDNIK.ru
12.01.2024;NATRONE.ru
12.01.2024;NATURALMATRIX.ru
12.01.2024;NATURE-BOX.ru
12.01.2024;NATUREKREMLIN.ru
12.01.2024;NATURYK.ru
12.01.2024;NAURA.ru
12.01.2024;NAVIGATOR-KURSOV.ru
12.01.2024;NAVILS-STORE.ru
12.01.2024;NAYDEMDOM.ru
12.01.2024;NBOGATINA.ru
12.01.2024;NE-BYDY-DOLZHNIKOM.ru
12.01.2024;NE-DOLZHNIK24.ru
12.01.2024;NEFEDOV-DESIGN.ru
12.01.2024;NEFERTITI-TOUR.ru
12.01.2024;NEGA-RUSS.ru
12.01.2024;NEIRO-SOTRUDNIK.ru
12.01.2024;NEIRO-SOTRUDNIKI.ru
12.01.2024;NEIROSOTRUDNIK.ru
12.01.2024;NEIROSOTRUDNIKI.ru
12.01.2024;NEKAR.ru
12.01.2024;NEMECKIJ123.ru
12.01.2024;NEOLANDSHAFT.ru
12.01.2024;NEON-POWER.ru
12.01.2024;NEON-ZEON.ru
12.01.2024;NEOPROEKT63.ru
12.01.2024;NEOSITES.ru
12.01.2024;NEPAL365.ru
12.01.2024;NEPROJECT.ru
12.01.2024;NERTIMAL.ru
12.01.2024;NERZHAVEYKA-ST.ru
12.01.2024;NESHKAF.ru
12.01.2024;NEURODIETS.ru
12.01.2024;NEURODOXOD.ru
12.01.2024;NEVALUX.ru
12.01.2024;NEVAVITA.ru
12.01.2024;NEVEROV51.ru
12.01.2024;NEVOPORA.ru
12.01.2024;NEW-FACT.ru
12.01.2024;NEWDOMCOM.ru
12.01.2024;NEWNEWSLITE.ru
12.01.2024;NEWS-THE-GAME.ru
12.01.2024;NEWS2024BORD.ru
12.01.2024;NEWS2444.ru
12.01.2024;NEWS710.ru
12.01.2024;NEWSAPI.ru
12.01.2024;NEWSIX.ru
12.01.2024;NEWSSLETT.ru
12.01.2024;NEWSVATKOVO2.ru
12.01.2024;NEZAVISTO.ru
12.01.2024;NFT-TECH.ru
12.01.2024;NFT-TRAVEL.ru
12.01.2024;NFTTECH.ru
12.01.2024;NFTTRAVEL.ru
12.01.2024;NGAIHZTGOZ.ru
12.01.2024;NICE-SCRIPTS.ru
12.01.2024;NICEMAMA.ru
12.01.2024;NICKRAS.ru
12.01.2024;NIGHT-THINKER.ru
12.01.2024;NIHERA.ru
12.01.2024;NIIVP-KIPREJ.ru
12.01.2024;NIK-SARATOV.ru
12.01.2024;NIKA98.ru
12.01.2024;NIKBORMOSOV.ru
12.01.2024;NIKOL-SCHOOL.ru
12.01.2024;NIKOMOGP.ru
12.01.2024;NILIKE.ru
12.01.2024;NIMENSKY.ru
12.01.2024;NINECLUB.ru
12.01.2024;NINEEVEN.ru
12.01.2024;NINELLE.ru
12.01.2024;NINETEA.ru
12.01.2024;NINJAGOA.ru
12.01.2024;NINOEXP.ru
12.01.2024;NIOCTON.ru
12.01.2024;NIPPYFILE.ru
12.01.2024;NITLIGHTER.ru
12.01.2024;NITMORTEN.ru
12.01.2024;NIVELIR-UO.ru
12.01.2024;NIZHGMA.ru
12.01.2024;NIZHNEVARTOVSK-XDOSUG.ru
12.01.2024;NK-KATALOG.ru
12.01.2024;NKAMNI.ru
12.01.2024;NKO-39.ru
12.01.2024;NKOREC.ru
12.01.2024;NKREMEL.ru
12.01.2024;NLINETESTPAD.ru
12.01.2024;NLIPIN.ru
12.01.2024;NMAMON36.ru
12.01.2024;NNA52.ru
12.01.2024;NNBE.ru
12.01.2024;NNGFRWOSXK.ru
12.01.2024;NNONLINE.ru
12.01.2024;NNRUST.ru
12.01.2024;NOBEL1.ru
12.01.2024;NOCHSTUDENT.ru
12.01.2024;NOIKNOW.ru
12.01.2024;NOMER3.ru
12.01.2024;NOMEROK-UDOMLYA.ru
12.01.2024;NOPOWDER.ru
12.01.2024;NOPRT7842.ru
12.01.2024;NOPRT7842-ONLINE.ru
12.01.2024;NOPRT7842NEW.ru
12.01.2024;NOPRT7842SUPER.ru
12.01.2024;NORMSANTECHNIKA.ru
12.01.2024;NORST7842853.ru
12.01.2024;NORTHGARD-WIKI.ru
12.01.2024;NORTHURALSCUP.ru
12.01.2024;NORTHWINDPVE.ru
12.01.2024;NOS-LIMITS.ru
12.01.2024;NOSOLO.ru
12.01.2024;NOSTROYKI23.ru
12.01.2024;NOT-GUILTY.ru
12.01.2024;NOTEOFSTYLE.ru
12.01.2024;NOTFOUNDY.ru
12.01.2024;NOUDO-UPS.ru
12.01.2024;NOUT-TUSHINO.ru
12.01.2024;NOVA-APP.ru
12.01.2024;NOVAAPP.ru
12.01.2024;NOVLINIYARITEIL.ru
12.01.2024;NOVO-LHK.ru
12.01.2024;NOVOMODA.ru
12.01.2024;NOVOSPRESS.ru
12.01.2024;NOVOSTI24PRONEWS.ru
12.01.2024;NOVOSTIKULTURY.ru
12.01.2024;NOVOSTISHOP.ru
12.01.2024;NOVOSTNIK24EXTRA.ru
12.01.2024;NOVOSTROI-RUSSIA.ru
12.01.2024;NPD-PSKOV.ru
12.01.2024;NPK-AZIMUTH.ru
12.01.2024;NPKAGROCITY.ru
12.01.2024;NPODINAMIKA.ru
12.01.2024;NPPCONSTRUCTOR.ru
12.01.2024;NPPSIP.ru
12.01.2024;NSALMANOVA.ru
12.01.2024;NSCHOOL5.ru
12.01.2024;NSEDELNIKOVA.ru
12.01.2024;NSEDSRG.ru
12.01.2024;NSK-AUTOCARS.ru
12.01.2024;NSK-LOKO.ru
12.01.2024;NUARA.ru
12.01.2024;NUKNN.ru
12.01.2024;NURALINOV-1.ru
12.01.2024;NUTRIFLEX.ru
12.01.2024;NUTRITIONIST24.ru
12.01.2024;NVRMASTER.ru
12.01.2024;NW-EXPERT.ru
12.01.2024;NYFISTI.ru
12.01.2024;O-KAMNE.ru
12.01.2024;OAOURMA.ru
12.01.2024;OASIS-BEAUTY.ru
12.01.2024;OB-ZOR.ru
12.01.2024;OBACADEMY.ru
12.01.2024;OBETUS.ru
12.01.2024;OBITELSTELIZABETH.ru
12.01.2024;OBJEKT.ru
12.01.2024;OBLNEWS.ru
12.01.2024;OBN-ALGO.ru
12.01.2024;OBOIPOKLEYKA.ru
12.01.2024;OBSERVER-JOURNAL.ru
12.01.2024;OCENTIANNONA.ru
12.01.2024;OCHPROSTO.ru
12.01.2024;OCHYMELI.ru
12.01.2024;OCIFRUM.ru
12.01.2024;OCTOPUSS.ru
12.01.2024;ODEON-LIGHT-MSK.ru
12.01.2024;ODIN-AUTO.ru
12.01.2024;ODISSEYA-TOURS.ru
12.01.2024;ODNOKOMNATKA.ru
12.01.2024;OF-NMEBEL.ru
12.01.2024;OF6UL7T.ru
12.01.2024;OFD-ORD3595.ru
12.01.2024;OFD-ORD4132.ru
12.01.2024;OFD-ORD5398.ru
12.01.2024;OFD-ORD5522.ru
12.01.2024;OFD-ORD5638.ru
12.01.2024;OFD-ORD5639.ru
12.01.2024;OFD-ORD6354.ru
12.01.2024;OFD-ORD6614.ru
12.01.2024;OFD-ORD6996.ru
12.01.2024;OFD-ORD7751.ru
12.01.2024;OFD-ORD7819.ru
12.01.2024;OFD-ORD8111.ru
12.01.2024;OFD-ORD8415.ru
12.01.2024;OFD-ORD8586.ru
12.01.2024;OFD-ORD8857.ru
12.01.2024;OFD2812.ru
12.01.2024;OFD6830.ru
12.01.2024;OFD9438.ru
12.01.2024;OFF-M.ru
12.01.2024;OFF-TVER.ru
12.01.2024;OFFICEBANK.ru
12.01.2024;OFORMIT-ELEKTROBEZOPASNOST.ru
12.01.2024;OGORODTOP1.ru
12.01.2024;OGOROOOD-INSTRUUMENT.ru
12.01.2024;OGOSUSLUGE.ru
12.01.2024;OHMYCHOKOLATE.ru
12.01.2024;OHZUZA.ru
12.01.2024;OILPARTS.ru
12.01.2024;OKAMI-ZAPAD.ru
12.01.2024;OKASHOP.ru
12.01.2024;OKHRANKA.ru
12.01.2024;OKNACRIM.ru
12.01.2024;OKNAOPTIMA24.ru
12.01.2024;OKNAOTDILLERA.ru
12.01.2024;OKNONAMORE.ru
12.01.2024;OKONTIOKNA.ru
12.01.2024;OKSANA-DANILOVA.ru
12.01.2024;OKUCHINA.ru
12.01.2024;OKUPON.ru
12.01.2024;OLANDYSHEVA.ru
12.01.2024;OLARENT.ru
12.01.2024;OLDASH.ru
12.01.2024;OLDGOROD1213.ru
12.01.2024;OLEJA-TITOFF-PH.ru
12.01.2024;OLGA1974.ru
12.01.2024;OLGADETKA.ru
12.01.2024;OLGAEGOROVA.ru
12.01.2024;OLGAMAKDISK.ru
12.01.2024;OLIGARXBET.ru
12.01.2024;OLIMPBIYSK.ru
12.01.2024;OLLOO.ru
12.01.2024;OMAXWATERJETS.ru
12.01.2024;OMEGA-ART.ru
12.01.2024;OMG-CONSULTING.ru
12.01.2024;OMOZHAEVA.ru
12.01.2024;OMPARTNERS.ru
12.01.2024;ONANCESSA.ru
12.01.2024;ONASTROENIE.ru
12.01.2024;ONE-VIDEOREGISTRATOR.ru
12.01.2024;ONECAP.ru
12.01.2024;ONEFINANSWP.ru
12.01.2024;ONESEX-SHOP.ru
12.01.2024;ONEXBETS.ru
12.01.2024;ONION-CAZINO.ru
12.01.2024;ONIONCAZINO.ru
12.01.2024;ONJEY.ru
12.01.2024;ONLAINETESTPAD.ru
12.01.2024;ONLINE-COURSES2024.ru
12.01.2024;ONLINE-PORNO.ru
12.01.2024;ONLINEDIKTOR.ru
12.01.2024;ONLINEGDB.ru
12.01.2024;ONLINESALE2024.ru
12.01.2024;ONLY-TV.ru
12.01.2024;ONLYPRINTS.ru
12.01.2024;ONLYTOPCHAMP.ru
12.01.2024;ONPIONEER.ru
12.01.2024;ONSALE2024.ru
12.01.2024;ONSURANCE.ru
12.01.2024;ONTIVI.ru
12.01.2024;OOH.ru
12.01.2024;OOO-AVTOSERVISE.ru
12.01.2024;OOO-ERA.ru
12.01.2024;OOO-IPK.ru
12.01.2024;OOO-NB.ru
12.01.2024;OOO-REO.ru
12.01.2024;OOOAMX.ru
12.01.2024;OOOGAG.ru
12.01.2024;OOOREGION47.ru
12.01.2024;OOORIT.ru
12.01.2024;OOORUSSIA.ru
12.01.2024;OOORVD.ru
12.01.2024;OOOVICTORIA-M.ru
12.01.2024;OORION.ru
12.01.2024;OP-LUTCH.ru
12.01.2024;OP-TMIR.ru
12.01.2024;OPALUBKA-VSPB.ru
12.01.2024;OPARTY.ru
12.01.2024;OPEL-MOTOR.ru
12.01.2024;OPEL-MOTORS.ru
12.01.2024;OPELCAR.ru
12.01.2024;OPEN-MIR.ru
12.01.2024;OPEN-TRADES.ru
12.01.2024;OPENDATACHEL.ru
12.01.2024;OPENDEV.ru
12.01.2024;OPENTRACKR.ru
12.01.2024;OPENWORLDFUND.ru
12.01.2024;OPERA-THEATRE.ru
12.01.2024;OPLATA2142.ru
12.01.2024;OPLATA2143.ru
12.01.2024;OPORA-MARKET.ru
12.01.2024;OPRESSOVKA-SISTEMI-OTOPLENIYA-PR1.ru
12.01.2024;OPROC-ONLINE.ru
12.01.2024;OPRS-INF.ru
12.01.2024;OPT-MASLA.ru
12.01.2024;OPT-TABAK.ru
12.01.2024;OPT-VIDEO.ru
12.01.2024;OPTAROMAT.ru
12.01.2024;OPTFLOWERS.ru
12.01.2024;OPTINFORUM.ru
12.01.2024;OPTMARKET77.ru
12.01.2024;OPTPOLIV.ru
12.01.2024;OPTSALEDOORS.ru
12.01.2024;OPTSHOPUFA.ru
12.01.2024;OPTZAKUPKI.ru
12.01.2024;OPUDELE.ru
12.01.2024;OPYTNIYURIST.ru
12.01.2024;ORACRAT.ru
12.01.2024;ORANGE-2.ru
12.01.2024;ORBENTIS.ru
12.01.2024;ORD0871.ru
12.01.2024;ORD28759.ru
12.01.2024;ORD7701.ru
12.01.2024;ORD8703.ru
12.01.2024;ORD9062.ru
12.01.2024;ORD9082.ru
12.01.2024;ORD9270.ru
12.01.2024;ORD9801.ru
12.01.2024;ORDENRUNOLOGOV.ru
12.01.2024;ORDER-1206.ru
12.01.2024;ORDER-4715.ru
12.01.2024;ORDER-7257.ru
12.01.2024;ORDER-8262.ru
12.01.2024;ORDER0067.ru
12.01.2024;ORDER0127.ru
12.01.2024;ORDER0442.ru
12.01.2024;ORDER0481.ru
12.01.2024;ORDER0749.ru
12.01.2024;ORDER1070.ru
12.01.2024;ORDER2362.ru
12.01.2024;ORDER6071.ru
12.01.2024;ORDER6072.ru
12.01.2024;ORDER7202.ru
12.01.2024;ORDER8109.ru
12.01.2024;ORDER8944.ru
12.01.2024;ORDERLY.ru
12.01.2024;OREL-TIRESERVICE.ru
12.01.2024;OREXOVO-BRUSCHATKA.ru
12.01.2024;ORGSERVICE.ru
12.01.2024;ORIGINAL-VULKAN629.ru
12.01.2024;ORION-AVTO.ru
12.01.2024;ORION-TEH.ru
12.01.2024;ORLINKA-BO.ru
12.01.2024;ORSETTO.ru
12.01.2024;ORSKSADIK59.ru
12.01.2024;ORTORIM.ru
12.01.2024;OSA-LAW.ru
12.01.2024;OSAGO-72.ru
12.01.2024;OSAGO-ME.ru
12.01.2024;OSETRINA.ru
12.01.2024;OSHCHERBAN.ru
12.01.2024;OSHIK.ru
12.01.2024;OSOBNYAKSOCHI.ru
12.01.2024;OSPOLOT-MEDIC.ru
12.01.2024;OSPOLOT-RUS.ru
12.01.2024;OSTRIEGRANI.ru
12.01.2024;OSTROV-GARMONII.ru
12.01.2024;OSTROVGARMONII.ru
12.01.2024;OSTVAO.ru
12.01.2024;OSVODRF.ru
12.01.2024;OTDFA8Y.ru
12.01.2024;OTDYKHVSOCHI.ru
12.01.2024;OTEL-SOCHI.ru
12.01.2024;OTKROEMVSE.ru
12.01.2024;OTMENADOLGOW.ru
12.01.2024;OTPECHATOK39.ru
12.01.2024;OUTLETS2024.ru
12.01.2024;OUTSASHKA.ru
12.01.2024;OUWE.ru
12.01.2024;OVERCROSS.ru
12.01.2024;OVERLOR.ru
12.01.2024;OWEBSOFT.ru
12.01.2024;OX-BEAUTY.ru
12.01.2024;OXBEAUTY.ru
12.01.2024;OXIDO.ru
12.01.2024;OXRANA-RABOTA.ru
12.01.2024;OXYGEN-ASSISTANCE.ru
12.01.2024;OXYLADA.ru
12.01.2024;OXYPRO94.ru
12.01.2024;OZARIT.ru
12.01.2024;OZK6FQS.ru
12.01.2024;OZNBEV.ru
12.01.2024;OZONIA.ru
12.01.2024;OZRO.ru
12.01.2024;P-B-T.ru
12.01.2024;PACIFICRESTGROUP.ru
12.01.2024;PACKINGMACHINE.ru
12.01.2024;PAGE-2378.ru
12.01.2024;PAGEPLUS.ru
12.01.2024;PAGES-OF-WISDOM.ru
12.01.2024;PAKKE.ru
12.01.2024;PALITRA23.ru
12.01.2024;PALMAPRO.ru
12.01.2024;PALMIO.ru
12.01.2024;PANELDK.ru
12.01.2024;PANELMMOQO.ru
12.01.2024;PANGO-TECHINCOM.ru
12.01.2024;PAOGEO.ru
12.01.2024;PAPAGRILL-SP.ru
12.01.2024;PAPAYATRAVEL.ru
12.01.2024;PAPERAPP.ru
12.01.2024;PARA-MIMIC.ru
12.01.2024;PARAMIMIC.ru
12.01.2024;PARAPENTE.ru
12.01.2024;PARIKROSTOV.ru
12.01.2024;PARIS64.ru
12.01.2024;PARIUM23.ru
12.01.2024;PARKDUBROVSKY.ru
12.01.2024;PARKLEGENDHOME.ru
12.01.2024;PARKPRE.ru
12.01.2024;PARSING-COURSE.ru
12.01.2024;PART-HOSTINGI.ru
12.01.2024;PARTS33.ru
12.01.2024;PARTYFON-KARAOKE.ru
12.01.2024;PASTAPRODUCTION.ru
12.01.2024;PASTELINK.ru
12.01.2024;PATANEGRA.ru
12.01.2024;PATENTOGRAD.ru
12.01.2024;PATRIOT-NEVA.ru
12.01.2024;PAULARNO.ru
12.01.2024;PAVELFILIN.ru
12.01.2024;PAVLOVSK-REGION.ru
12.01.2024;PAVLOVSK315.ru
12.01.2024;PAY-ID424781.ru
12.01.2024;PAY-ID525213.ru
12.01.2024;PAY-ID749381.ru
12.01.2024;PAY-ID756261.ru
12.01.2024;PAY-ID9041.ru
12.01.2024;PAY-ID9301.ru
12.01.2024;PAY-ID9304.ru
12.01.2024;PAY-YOMONEY.ru
12.01.2024;PAY1082.ru
12.01.2024;PAYD16.ru
12.01.2024;PAYMENT-304.ru
12.01.2024;PAYMENT-306.ru
12.01.2024;PAYMENT-312.ru
12.01.2024;PAYMENT-313.ru
12.01.2024;PBI-PRAVOBEREG.ru
12.01.2024;PCGAMEBUY.ru
12.01.2024;PCGLEFECAR.ru
12.01.2024;PCHELA-SERVICE.ru
12.01.2024;PEAKY-BLINDERS-ONLINE.ru
12.01.2024;PECHERSKAYACOACH.ru
12.01.2024;PECHKA220.ru
12.01.2024;PEDANT-SALEKHARD.ru
12.01.2024;PEDANT-WOW.ru
12.01.2024;PEGASTEHNIKA.ru
12.01.2024;PEKATEKA.ru
12.01.2024;PEKCUU.ru
12.01.2024;PEKINKING.ru
12.01.2024;PELED.ru
12.01.2024;PELMEN-STR.ru
12.01.2024;PENSIONER65.ru
12.01.2024;PENTATRAVEL.ru
12.01.2024;PEONY-CLO.ru
12.01.2024;PEPPERHOUSE.ru
12.01.2024;PERCENQEQR.ru
12.01.2024;PERCEPTIONHELL-HELEN.ru
12.01.2024;PEREDVIZHNOISAD.ru
12.01.2024;PEREPELICA.ru
12.01.2024;PEREPOROSHILO666.ru
12.01.2024;PEREVOZKI72.ru
12.01.2024;PERFECTMOSCOW.ru
12.01.2024;PERFETO-SUITS-MTM.ru
12.01.2024;PERFETOSUITSMTM.ru
12.01.2024;PERILAVSPB.ru
12.01.2024;PERIMETR-DESIGN.ru
12.01.2024;PERIMETR116.ru
12.01.2024;PERM-CT.ru
12.01.2024;PERM-DOSTAVKA-IK.ru
12.01.2024;PERM-DOSTAVKA-SIZO.ru
12.01.2024;PERM-PEREDACHA.ru
12.01.2024;PERM-PEREDACHA-POSILKA.ru
12.01.2024;PERM-PEREDACHA-SIZO.ru
12.01.2024;PERM-PEREDACHA-SIZO-IK.ru
12.01.2024;PERM-POSILKA-SIZO.ru
12.01.2024;PERMANENTULIANA.ru
12.01.2024;PERSCREDI.ru
12.01.2024;PERSONAMSK.ru
12.01.2024;PERVOM.ru
12.01.2024;PESOKSCHEBEN72.ru
12.01.2024;PETR-KHOSHBEKYAN.ru
12.01.2024;PETRIA.ru
12.01.2024;PETROGLYPH.ru
12.01.2024;PETROTRACK.ru
12.01.2024;PETROZAVODSK-DOSUG.ru
12.01.2024;PEUGEOT-MOTORS.ru
12.01.2024;PFGINTRA.ru
12.01.2024;PFQV.ru
12.01.2024;PFT2024.ru
12.01.2024;PFTAGANROG.ru
12.01.2024;PHANZAAA.ru
12.01.2024;PHARMACURE.ru
12.01.2024;PHARMFOOD.ru
12.01.2024;PHARMTECH-CONNECT.ru
12.01.2024;PHOENIX-KIDS-STUDIO.ru
12.01.2024;PHONMART.ru
12.01.2024;PHOTOFIESTA.ru
12.01.2024;PHOTOMUR.ru
12.01.2024;PHOTOVIZIT.ru
12.01.2024;PICNOB.ru
12.01.2024;PIFAGOR-RF.ru
12.01.2024;PIHOST-DEV.ru
12.01.2024;PIKALOVALE.ru
12.01.2024;PIKTOCHART.ru
12.01.2024;PIKYREMONTNOYTBUK24.ru
12.01.2024;PIL59.ru
12.01.2024;PILAELECTR.ru
12.01.2024;PILLOWTALK.ru
12.01.2024;PILNAYAPARK.ru
12.01.2024;PILOT741.ru
12.01.2024;PILOTSAGENCY.ru
12.01.2024;PIN-UP-711.ru
12.01.2024;PIN-UP-EMELYANOVO.ru
12.01.2024;PINK-DREAMS.ru
12.01.2024;PINUP-APK.ru
12.01.2024;PINUP-CASINO-EMELYANOVO.ru
12.01.2024;PINUP-EMELYANOVO.ru
12.01.2024;PINUP-REGISTRACIYA-2024.ru
12.01.2024;PINUP-REGISTRATION-2024.ru
12.01.2024;PINUPHOTSLOTS.ru
12.01.2024;PINUPPLAY-GAME.ru
12.01.2024;PINUPROOMS.ru
12.01.2024;PINUPWINS-CAZINO.ru
12.01.2024;PINUPWINSLOTS-CASINO.ru
12.01.2024;PIOKAL.ru
12.01.2024;PION-CLEANING.ru
12.01.2024;PIONER-SERVIS-CENTR.ru
12.01.2024;PIRAT-KA.ru
12.01.2024;PIRO-MAN.ru
12.01.2024;PISHEM-AGENCY.ru
12.01.2024;PITOMNIC-POBEDITEL.ru
12.01.2024;PIXELDRAIN.ru
12.01.2024;PIXWOX.ru
12.01.2024;PIY-PIY.ru
12.01.2024;PIZZAMONTI.ru
12.01.2024;PKOCEM.ru
12.01.2024;PKPEA.ru
12.01.2024;PLACE4CAR.ru
12.01.2024;PLAKART-PERM.ru
12.01.2024;PLAN-RASSADKI.ru
12.01.2024;PLANET-IX.ru
12.01.2024;PLANETA-KUBIKOV.ru
12.01.2024;PLANETA-REGIONOV-KFS.ru
12.01.2024;PLANETA53.ru
12.01.2024;PLANT-PALACE.ru
12.01.2024;PLASTIVAR.ru
12.01.2024;PLATBOT.ru
12.01.2024;PLATFORM-VIDEO.ru
12.01.2024;PLATINUM-PARK.ru
12.01.2024;PLAY-BOOK.ru
12.01.2024;PLAYDRAGONS.ru
12.01.2024;PLAYGAME-VULKAN342.ru
12.01.2024;PLAYINGTHEDEVIL.ru
12.01.2024;PLAYINLINEEGYPAAD.ru
12.01.2024;PLAYINLINEEGYPAAF.ru
12.01.2024;PLAYINLINEEGYPAAG.ru
12.01.2024;PLAYINLINEEGYPAAI.ru
12.01.2024;PLAYINLINEEGYPAAK.ru
12.01.2024;PLAYINLINEEGYPAAP.ru
12.01.2024;PLAYINLINEEGYPAAQ.ru
12.01.2024;PLAYINLINEEGYPAAS.ru
12.01.2024;PLAYINLINEEGYPAAT.ru
12.01.2024;PLAYPROFE.ru
12.01.2024;PLAYPROFY.ru
12.01.2024;PLAYSTATIONSPLUS.ru
12.01.2024;PLAYWIN-VULKAN24512.ru
12.01.2024;PLAYX-1XSLOTS270.ru
12.01.2024;PLESCHOOL.ru
12.01.2024;PLOJKA-SALE.ru
12.01.2024;PLOMBIRNAYA.ru
12.01.2024;PLPCOMP.ru
12.01.2024;PLUS-DELO.ru
12.01.2024;PLUS-NOPRT7842.ru
12.01.2024;PLUS360.ru
12.01.2024;PLUSADVICE.ru
12.01.2024;PLYKOV.ru
12.01.2024;PM-CONSULTING.ru
12.01.2024;PM-SALON.ru
12.01.2024;PM2000.ru
12.01.2024;PMK-PRV.ru
12.01.2024;PNEVMOBLOK.ru
12.01.2024;PO-GTP.ru
12.01.2024;POBEDA-VULKAN361.ru
12.01.2024;POCHINIMVSE24.ru
12.01.2024;POCHTA-RUSSIA.ru
12.01.2024;PODARI-MECHTY.ru
12.01.2024;PODAROCHNIYBILET.ru
12.01.2024;PODAROCHNYE-KOROBKI.ru
12.01.2024;PODAROKGOOD.ru
12.01.2024;PODBORAVTO48.ru
12.01.2024;PODGOLOVNIK1.ru
12.01.2024;PODHODY.ru
12.01.2024;PODLAB.ru
12.01.2024;PODOBRATZAIMBYSTRO.ru
12.01.2024;PODOLSK-TELE.ru
12.01.2024;PODRUGE-EPILAT.ru
12.01.2024;PODRUGE-EPILATION.ru
12.01.2024;PODRUGEEPILAT.ru
12.01.2024;PODRUGEEPILATION.ru
12.01.2024;PODVESNOI-POTOLOK.ru
12.01.2024;PODVORYE-NSK.ru
12.01.2024;POHUDELKIN.ru
12.01.2024;POHYDENIEDOM.ru
12.01.2024;POKE-BAR.ru
12.01.2024;POKERDOM-MONEYWIN.ru
12.01.2024;POKERDOMCAZINO-VIP.ru
12.01.2024;POKHMELKIN.ru
12.01.2024;POKHOLKOV.ru
12.01.2024;POKRAS-KA.ru
12.01.2024;POKRASIMBYSTRO.ru
12.01.2024;POKRASKA-DISK-SPB.ru
12.01.2024;POKROVSKIY-PARK-SOCHI.ru
12.01.2024;POLI-TECH.ru
12.01.2024;POLICE-CLUB.ru
12.01.2024;POLIFEM.ru
12.01.2024;POLIKAXIN.ru
12.01.2024;POLIMT.ru
12.01.2024;POLING.ru
12.01.2024;POLLYSIU.ru
12.01.2024;POLYGALSAMARA.ru
12.01.2024;POLYPROFICIENCY.ru
12.01.2024;POMIDOR-CS2.ru
12.01.2024;POMOSH-DOLZHNIKAM-TATARSTANA.ru
12.01.2024;POMOSH-DOLZHNIKAM-V-VOLGOGRADE.ru
12.01.2024;POMOZHEM-DOLZHNIKAM-TATARSTANA.ru
12.01.2024;PONOMARENKOAA.ru
12.01.2024;POPMEH.ru
12.01.2024;POPONLINE.ru
12.01.2024;POPROMOKODIM.ru
12.01.2024;POPULARSALES.ru
12.01.2024;PORADACHU.ru
12.01.2024;PORADOMOY.ru
12.01.2024;PORN-BOOK.ru
12.01.2024;PORNOATOM.ru
12.01.2024;POROSLI-ADM.ru
12.01.2024;PORSCHE-MOTORS.ru
12.01.2024;PORTADA.ru
12.01.2024;PORTFOLIOVKP.ru
12.01.2024;PORTNISHKA.ru
12.01.2024;PORTNOV-S-A.ru
12.01.2024;PORTOMALTESE.ru
12.01.2024;PORYADOKBUHUCHET.ru
12.01.2024;POS-PARTS.ru
12.01.2024;POSEIDON-FERRY.ru
12.01.2024;POSEIDON-LINES.ru
12.01.2024;POSEIDON-PAROM.ru
12.01.2024;POSEIDONFERRY.ru
12.01.2024;POSEIDONLINES.ru
12.01.2024;POSEIDONPAROM.ru
12.01.2024;POSHIVODEZDYOPT.ru
12.01.2024;POST-UG.ru
12.01.2024;POSTPUNK.ru
12.01.2024;POSTROIMDOM-ALTAI.ru
12.01.2024;POSTUPAI-SVFU.ru
12.01.2024;POTAMA.ru
12.01.2024;POTERYASHKA.ru
12.01.2024;POTOLKIKOMFORT.ru
12.01.2024;POVERKASCHETCHIKOV.ru
12.01.2024;POWBOW.ru
12.01.2024;POWERINVERTER36.ru
12.01.2024;POWKEY.ru
12.01.2024;POXCLIN.ru
12.01.2024;POXUDEWKA.ru
12.01.2024;POZZITANOMEBEL.ru
12.01.2024;PPINDUSTRIESG.ru
12.01.2024;PR-EV.ru
12.01.2024;PR-FIESTA.ru
12.01.2024;PRAKTIKA-MARKETING.ru
12.01.2024;PRAVILNIEAKB.ru
12.01.2024;PRAVLAB.ru
12.01.2024;PRAVO-BEZDOLGOV.ru
12.01.2024;PRAZDNIK-MULINE.ru
12.01.2024;PRAZDNIK-Y-VAS.ru
12.01.2024;PRAZDPORTAL.ru
12.01.2024;PRDRIVERS.ru
12.01.2024;PRE-STO.ru
12.01.2024;PRE-TRADING.ru
12.01.2024;PRE24NEWSPRO.ru
12.01.2024;PRECISIONCOLLET.ru
12.01.2024;PRECONSTRACTION.ru
12.01.2024;PREDICTIONDRAGON.ru
12.01.2024;PREMIUM-SERVIS-FIRM.ru
12.01.2024;PREMIYAPRORYV.ru
12.01.2024;PREOBRAZHENSKAYA-KLINIKA.ru
12.01.2024;PRESSAUDIT.ru
12.01.2024;PRESSMED.ru
12.01.2024;PRESTO-AGENCY.ru
12.01.2024;PRESTOAGENCY.ru
12.01.2024;PRETTYNAME.ru
12.01.2024;PRI-KID.ru
12.01.2024;PRICE01.ru
12.01.2024;PRICEBESTS.ru
12.01.2024;PRICHALSOCHI.ru
12.01.2024;PRIEM-METALLA-DOMODEDOVO.ru
12.01.2024;PRIEM-METALLA-PODOLSK.ru
12.01.2024;PRIEM-METALLA-TROITSK.ru
12.01.2024;PRIKOSNIS-K-DAO.ru
12.01.2024;PRIMAFOTO.ru
12.01.2024;PRIMAUNO.ru
12.01.2024;PRIME-LINE.ru
12.01.2024;PRIME-START.ru
12.01.2024;PRIME-TRADER.ru
12.01.2024;PRIMETUNINGRUS.ru
12.01.2024;PRINTDOT.ru
12.01.2024;PRINTONLY.ru
12.01.2024;PRIODOFYSD.ru
12.01.2024;PRIPRAVA1.ru
12.01.2024;PRISYNC.ru
12.01.2024;PRIVARI.ru
12.01.2024;PRIVESHOP.ru
12.01.2024;PRIVILEGESCLUB.ru
12.01.2024;PRJB.ru
12.01.2024;PRNALEKOSR.ru
12.01.2024;PRO-CVETI.ru
12.01.2024;PRO-OKNA76.ru
12.01.2024;PRO-STORAGE.ru
12.01.2024;PRO-YSPEX.ru
12.01.2024;PRO100BIZNES.ru
12.01.2024;PRO100KAMEN-ORENBURG.ru
12.01.2024;PROA900KA.ru
12.01.2024;PROAVTOTUNING.ru
12.01.2024;PROBAKURS.ru
12.01.2024;PROBGEO.ru
12.01.2024;PROBLEMBO.ru
12.01.2024;PROCARSHOP.ru
12.01.2024;PROCRYTO.ru
12.01.2024;PRODAMTEXT.ru
12.01.2024;PRODIK.ru
12.01.2024;PRODIVERSECENTR.ru
12.01.2024;PROESKIZ.ru
12.01.2024;PROF-VOROTA.ru
12.01.2024;PROFEDOTA.ru
12.01.2024;PROFESSIONALI54.ru
12.01.2024;PROFFMAGIC-MAGAZIN.ru
12.01.2024;PROFI-SP.ru
12.01.2024;PROFILES-CHEKER.ru
12.01.2024;PROFINVESTIK.ru
12.01.2024;PROFIT-KATALOG.ru
12.01.2024;PROFITSEED.ru
12.01.2024;PROFPRAKTIKUM.ru
12.01.2024;PROGRESS-STANDART.ru
12.01.2024;PROGRESS-TK.ru
12.01.2024;PROGRESSTRAD.ru
12.01.2024;PROILIM.ru
12.01.2024;PROINCOMEONLINE.ru
12.01.2024;PROJECT-INFO.ru
12.01.2024;PROJECTSBUREAU.ru
12.01.2024;PROJECTVEKTOR.ru
12.01.2024;PROLANDSCAPING.ru
12.01.2024;PROMAKZ-SAMARA.ru
12.01.2024;PROMEKB.ru
12.01.2024;PROMETEY-KROV.ru
12.01.2024;PROMISOR.ru
12.01.2024;PROMITR.ru
12.01.2024;PROMO-HAVAL-KRASNODAR.ru
12.01.2024;PROMO-MAGNIT.ru
12.01.2024;PROMO-X5.ru
12.01.2024;PROMO-YUG.ru
12.01.2024;PROMOBY.ru
12.01.2024;PROMPRIBORKOMPLEKT.ru
12.01.2024;PROMTECHNASERVIS.ru
12.01.2024;PROMTEXINERGO.ru
12.01.2024;PRONOPRT7842.ru
12.01.2024;PRONOVATRADE.ru
12.01.2024;PRONOVOSTI24SMI.ru
12.01.2024;PROOALT.ru
12.01.2024;PROPELLERHEAD.ru
12.01.2024;PROPERTYNEW.ru
12.01.2024;PROREMONTTEAM.ru
12.01.2024;PROSPECTEVENT.ru
12.01.2024;PROSTITUTKA-TAMBOV.ru
12.01.2024;PROSTITUTKI--SHELKOVO.ru
12.01.2024;PROSTITUTKI-MINSKA.ru
12.01.2024;PROSTITUTKI-NIJNEKAMSK.ru
12.01.2024;PROSTITUTKI-STERLITAMAK.ru
12.01.2024;PROSTITUTKI-STERLITAMAKA.ru
12.01.2024;PROSTITUTKI-STERLITAMAKA1.ru
12.01.2024;PROSTITUTKISTERLITAMAK.ru
12.01.2024;PROSTO-BITCOIN.ru
12.01.2024;PROSTO-BLOCK.ru
12.01.2024;PROSTOBLOCK.ru
12.01.2024;PROTBOT.ru
12.01.2024;PROTECT-PARTNERS.ru
12.01.2024;PROTEZIROVANIE-ZUBOV-MOSKVA.ru
12.01.2024;PROTIVODOZHD.ru
12.01.2024;PROTON-FILMS.ru
12.01.2024;PROTONFILMS.ru
12.01.2024;PROTVINO-SCHOOL.ru
12.01.2024;PROVIDENIYA.ru
12.01.2024;PROVIDEO-CONVERTER.ru
12.01.2024;PROVIDEOPLUS.ru
12.01.2024;PROZIGZAG.ru
12.01.2024;PRUDNIKOVA28.ru
12.01.2024;PRUSAMEDICA.ru
12.01.2024;PRVTRAVEL.ru
12.01.2024;PRYLIPKO.ru
12.01.2024;PS-P.ru
12.01.2024;PSG-STUDY.ru
12.01.2024;PSG3.ru
12.01.2024;PSIFOUNDATION.ru
12.01.2024;PSITTACUS.ru
12.01.2024;PSKMARLEN.ru
12.01.2024;PSY-OV.ru
12.01.2024;PSYABRAMOVASAMARA.ru
12.01.2024;PSYCHOLOGY-ANNA-MATARI.ru
12.01.2024;PSYCHOLOGY-SCHOOL.ru
12.01.2024;PSYCLINICAL.ru
12.01.2024;PSYDOME.ru
12.01.2024;PSYHOPAT.ru
12.01.2024;PSYOGA.ru
12.01.2024;PSYSAV-OLGA.ru
12.01.2024;PTNCL.ru
12.01.2024;PTPPLUS.ru
12.01.2024;PUB-PRINT.ru
12.01.2024;PUBPRINT.ru
12.01.2024;PUCHKIN-DESIGN.ru
12.01.2024;PUDRIKOVA.ru
12.01.2024;PULSART.ru
12.01.2024;PULSARTSK.ru
12.01.2024;PULSEPAY.ru
12.01.2024;PUMP-AMOS.ru
12.01.2024;PUPENUPUNA.ru
12.01.2024;PUPUPU130.ru
12.01.2024;PURAKODO.ru
12.01.2024;PURIFIERSUPPLY.ru
12.01.2024;PURPLEBURO.ru
12.01.2024;PUSHKATANYSHKA.ru
12.01.2024;PUSHKINOMOTORS.ru
12.01.2024;PUSON.ru
12.01.2024;PUSSYRADIO.ru
12.01.2024;PUTESHESTVUA.ru
12.01.2024;PVD.ru
12.01.2024;PVDGS.ru
12.01.2024;PW2019W.ru
12.01.2024;PWNEWS.ru
12.01.2024;PXTY-HXC.ru
12.01.2024;Q-11-01-23.ru
12.01.2024;QBEEK.ru
12.01.2024;QIQO.ru
12.01.2024;QKDHEEDHLF.ru
12.01.2024;QLEADMAG.ru
12.01.2024;QNICK.ru
12.01.2024;QOSFDYNDCX.ru
12.01.2024;QR-LIRA.ru
12.01.2024;QRFOOD.ru
12.01.2024;QRKOT.ru
12.01.2024;QUADRO-INTERIER.ru
12.01.2024;QUADRO-SOFT.ru
12.01.2024;QUADRODACHA.ru
12.01.2024;QUADROSOFT.ru
12.01.2024;QUEEZ.ru
12.01.2024;QUICKFUNDSNOW.ru
12.01.2024;QWENCYFASHION.ru
12.01.2024;QWENCYSHOP.ru
12.01.2024;QWERTYPAY.ru
12.01.2024;R-ELEC.ru
12.01.2024;R-KO.ru
12.01.2024;R-TELEMATICS.ru
12.01.2024;R-TOK.ru
12.01.2024;R-WHATS.ru
12.01.2024;R0I.ru
12.01.2024;R1-TORG.ru
12.01.2024;RA-AMSTERDAM.ru
12.01.2024;RA-AVANGARD.ru
12.01.2024;RA-PANORAMA.ru
12.01.2024;RABBIT-GIFTS.ru
12.01.2024;RABOSERVICE.ru
12.01.2024;RACEWHEEL.ru
12.01.2024;RACOONDESIGN.ru
12.01.2024;RACTON.ru
12.01.2024;RADIANT-BOILER.ru
12.01.2024;RADIATORINCHINA.ru
12.01.2024;RADIO-DOT.ru
12.01.2024;RADIO-LA.ru
12.01.2024;RADIO-UGRA.ru
12.01.2024;RADIOMEDIA-M.ru
12.01.2024;RADIOSALES.ru
12.01.2024;RADIOWHYNOT.ru
12.01.2024;RAIF-PROMO.ru
12.01.2024;RAILVGK.ru
12.01.2024;RAINBOWCAMP.ru
12.01.2024;RAISALIKHACHEVA.ru
12.01.2024;RAISKAYA-PUTEVOCHKA.ru
12.01.2024;RAKOURS-PR.ru
12.01.2024;RALLY-PENO.ru
12.01.2024;RAMKI81.ru
12.01.2024;RANDEZ-GE.ru
12.01.2024;RANKGIS.ru
12.01.2024;RAPBIZ.ru
12.01.2024;RAPIDMTK.ru
12.01.2024;RASCHISTKA-SNEGA.ru
12.01.2024;RASKROIM.ru
12.01.2024;RASLEPTA.ru
12.01.2024;RASSROCHKA-BANK-ONLINE.ru
12.01.2024;RATESTARS.ru
12.01.2024;RAYZEN-MAIL.ru
12.01.2024;RAZBOR-TSM.ru
12.01.2024;RAZBORKA-AGK.ru
12.01.2024;RAZBORKA1076.ru
12.01.2024;RAZHUB.ru
12.01.2024;RAZRABHUB.ru
12.01.2024;RAZUMNAYAEDA.ru
12.01.2024;RAZZBOX.ru
12.01.2024;RBBASE.ru
12.01.2024;RCIPLEB.ru
12.01.2024;RCOM.ru
12.01.2024;RDKTR.ru
12.01.2024;RDTQBVMCUF.ru
12.01.2024;RE-MOSCOW.ru
12.01.2024;RE-NOVOSTI24PRO.ru
12.01.2024;READMAG.ru
12.01.2024;REAL-VULKAN462.ru
12.01.2024;REALESTATETOP.ru
12.01.2024;REALITYRENTAL.ru
12.01.2024;REALLABFOOD.ru
12.01.2024;REALLABLUNCH.ru
12.01.2024;REALMAIL.ru
12.01.2024;REALTY39.ru
12.01.2024;REALTYPROMOTION.ru
12.01.2024;REALTYSB.ru
12.01.2024;REBER.ru
12.01.2024;REBUKK.ru
12.01.2024;RECMUA.ru
12.01.2024;RED-FOXCARD.ru
12.01.2024;RED-HILLS.ru
12.01.2024;RED4U.ru
12.01.2024;REDFEB.ru
12.01.2024;REDIS-KA.ru
12.01.2024;REDMER.ru
12.01.2024;REDSILVER.ru
12.01.2024;REEROO.ru
12.01.2024;REESTR-SRB24.ru
12.01.2024;REFERENDUM-2011.ru
12.01.2024;REFWORLD.ru
12.01.2024;REGIONBG.ru
12.01.2024;REGISTER-VULKAN331.ru
12.01.2024;REHAUSERVICE.ru
12.01.2024;REJUVE.ru
12.01.2024;REKS-24.ru
12.01.2024;REKTOR2006.ru
12.01.2024;RELATIONSNATALI.ru
12.01.2024;RELAX-PLACE.ru
12.01.2024;RELAX-WORLD.ru
12.01.2024;RELAXATION-WORLD.ru
12.01.2024;RELAXFENIX.ru
12.01.2024;RELEROSTOV.ru
12.01.2024;RELSY-RELSY-SHPALY-SHPALY-CENTR.ru
12.01.2024;REM-AUTOKRD.ru
12.01.2024;REM-IMPULS21.ru
12.01.2024;REM-OLIMP.ru
12.01.2024;REMCANDY24.ru
12.01.2024;REMCOL.ru
12.01.2024;REMELECTROLUX24.ru
12.01.2024;REMOLIMP.ru
12.01.2024;REMONT-KONDICIONER.ru
12.01.2024;REMONT-KVARTIR-BEST.ru
12.01.2024;REMONT-MONOBLOKOV.ru
12.01.2024;REMONT-NOUTBUKOV-HP-SPB.ru
12.01.2024;REMONT-SINTEZATOROV.ru
12.01.2024;REMTEHOREL.ru
12.01.2024;REMUTWYZZORSM24.ru
12.01.2024;RENAULT-FORVARD.ru
12.01.2024;RENESSANS-CHITA.ru
12.01.2024;RENICS.ru
12.01.2024;RENOVA-67.ru
12.01.2024;RENT-SPECTECH.ru
12.01.2024;RENTAL-MANAGEMENT.ru
12.01.2024;RENTALAUTO88.ru
12.01.2024;RENTGENDUSHI.ru
12.01.2024;RENTSPECTECH.ru
12.01.2024;REPITTER.ru
12.01.2024;RERON.ru
12.01.2024;RESTAJPF.ru
12.01.2024;RESTATE-CLOUND.ru
12.01.2024;RESTAURANT-METEL.ru
12.01.2024;RESTING-PLACE.ru
12.01.2024;RESTOBZOR.ru
12.01.2024;RESTORAN-ASTORIYA.ru
12.01.2024;RESTORANDESIGNER.ru
12.01.2024;RESTORANKOVAC.ru
12.01.2024;RESTTRIP.ru
12.01.2024;RETALIX.ru
12.01.2024;RETOPLAB.ru
12.01.2024;RETORNO.ru
12.01.2024;RETOUCH-NEWBORN.ru
12.01.2024;REUSTAURANSEVER.ru
12.01.2024;REVAGEUA-GTA5.ru
12.01.2024;REVOLUTIONGYM.ru
12.01.2024;REVOOL.ru
12.01.2024;REVOPRINT.ru
12.01.2024;REWARDF-FF-GAPENA.ru
12.01.2024;REZIDENTSIYA1864.ru
12.01.2024;RFE-REVIZOR.ru
12.01.2024;RGB-PLUS.ru
12.01.2024;RGRISHANOV.ru
12.01.2024;RGSUN.ru
12.01.2024;RHLAWI.ru
12.01.2024;RIARCONSULT.ru
12.01.2024;RIARLAW.ru
12.01.2024;RIARLTD.ru
12.01.2024;RIARUK.ru
12.01.2024;RIAZAN-EVAKUATOR.ru
12.01.2024;RICCONE-CAFE.ru
12.01.2024;RICH-DIREKTOLOG.ru
12.01.2024;RICHPARTNERS.ru
12.01.2024;RICHSPB.ru
12.01.2024;RICKMORTY-TV.ru
12.01.2024;RIDESHARE.ru
12.01.2024;RIEDELS-MONITORING.ru
12.01.2024;RIELTOR-VERONIKA.ru
12.01.2024;RIFMA-STORE.ru
12.01.2024;RIK-RUS.ru
12.01.2024;RIKY-LIFE.ru
12.01.2024;RINGON.ru
12.01.2024;RINIANT.ru
12.01.2024;RINMOTORS.ru
12.01.2024;RINUM.ru
12.01.2024;RINXGROUP.ru
12.01.2024;RIO-GRAND.ru
12.01.2024;RIOBET-185.ru
12.01.2024;RIOBET-98.ru
12.01.2024;RIOBET-BET1.ru
12.01.2024;RIOBET-CASINO-VER-MAG.ru
12.01.2024;RIOBET-CAZINOCASH.ru
12.01.2024;RIOBET-CAZINOPLAY.ru
12.01.2024;RIOBET-KASINOPLAYS.ru
12.01.2024;RIOBET-KASINOPLAYZ.ru
12.01.2024;RIOBET-KASINOWIN.ru
12.01.2024;RIOBET-KAZINOPLAYZ.ru
12.01.2024;RIOBET-KAZINOS.ru
12.01.2024;RIOBET-PLAYKASINO.ru
12.01.2024;RIOBET-SLOTSWIN.ru
12.01.2024;RIOBET-SLOTWIN.ru
12.01.2024;RIOBET-WINKASINO.ru
12.01.2024;RIOBET106.ru
12.01.2024;RIOBET119.ru
12.01.2024;RIOBET121.ru
12.01.2024;RIOBET130.ru
12.01.2024;RIOBETCASHCAZINO.ru
12.01.2024;RIOBETCASINO-MONEYWIN.ru
12.01.2024;RIOBETCASINO-SLOTS.ru
12.01.2024;RIOBETCASINO-WIN.ru
12.01.2024;RIOBETCASINOMONEY-WIN.ru
12.01.2024;RIOBETCASINOPAY.ru
12.01.2024;RIOBETCASINOPLAY.ru
12.01.2024;RIOBETCASINOWIN.ru
12.01.2024;RIOBETCAZINO-CASH.ru
12.01.2024;RIOBETCAZINOCASH.ru
12.01.2024;RIOBETCAZINOSLOTS.ru
12.01.2024;RIOBETKAZINOPLAYZ.ru
12.01.2024;RIOBETPAYS.ru
12.01.2024;RIOBETPAYZ.ru
12.01.2024;RIOBETS2.ru
12.01.2024;RIOBETS7.ru
12.01.2024;RIOBETSLOTS-PLAY.ru
12.01.2024;RIOBETSLOTZ.ru
12.01.2024;RIRFD.ru
12.01.2024;RISEAGENCY.ru
12.01.2024;RITMIS.ru
12.01.2024;RIZZ-INST.ru
12.01.2024;RIZZPLATFORM.ru
12.01.2024;RKLAB.ru
12.01.2024;RLBFOOD.ru
12.01.2024;RLBK.ru
12.01.2024;RMCNCKWOTG.ru
12.01.2024;RNDBAZASERVIS.ru
12.01.2024;RNKPROF.ru
12.01.2024;ROBLOXGIFTCARD.ru
12.01.2024;ROBO-RUN.ru
12.01.2024;ROBOTICK.ru
12.01.2024;ROCKNVRN.ru
12.01.2024;RODNULYA.ru
12.01.2024;RODOPI-KISLOVODSK.ru
12.01.2024;RODOPIKISLOVODSK.ru
12.01.2024;RODOPIRESIDENCES.ru
12.01.2024;ROGUTDESIGN.ru
12.01.2024;ROLF-FINANCE.ru
12.01.2024;ROLIKIPIZZA.ru
12.01.2024;ROLL20.ru
12.01.2024;ROLLUPS.ru
12.01.2024;ROMANENKOMAKSIM.ru
12.01.2024;ROMANKARAEV.ru
12.01.2024;ROMANTICCITY1.ru
12.01.2024;ROMANZOLIN.ru
12.01.2024;ROMARIOSNEAKERS.ru
12.01.2024;ROMAVELA.ru
12.01.2024;ROOM-MOVIE.ru
12.01.2024;ROOMY-REMONT.ru
12.01.2024;ROS-DOROGA.ru
12.01.2024;ROSAI.ru
12.01.2024;ROSDEZEXPERT.ru
12.01.2024;ROSEOFWIND.ru
12.01.2024;ROSFINTECH.ru
12.01.2024;ROSFINTEH.ru
12.01.2024;ROSHINDSE.ru
12.01.2024;ROSKULTFRONT.ru
12.01.2024;ROSMARI.ru
12.01.2024;ROSOBRNADZOR.ru
12.01.2024;ROSSOSH-TAXI.ru
12.01.2024;ROSTBIZ.ru
12.01.2024;ROSTOV-TNS.ru
12.01.2024;ROSTOVTENNIS.ru
12.01.2024;ROSUPACK-CONNECT.ru
12.01.2024;ROTERMEL.ru
12.01.2024;ROUTERLOGIN.ru
12.01.2024;ROVER-MOTORS.ru
12.01.2024;ROX-CASINO-OPROSROD.ru
12.01.2024;ROYAL-JELLY.ru
12.01.2024;ROZA-KAVKAZA.ru
12.01.2024;ROZANT.ru
12.01.2024;ROZEFLOWERS.ru
12.01.2024;RPGCASH.ru
12.01.2024;RPPTULA.ru
12.01.2024;RQFABRIC.ru
12.01.2024;RSAVINYH.ru
12.01.2024;RSC-DRIVE.ru
12.01.2024;RSLEEK-FACTORY.ru
12.01.2024;RSSMP76.ru
12.01.2024;RSTROYDV.ru
12.01.2024;RTC-EXPRESS.ru
12.01.2024;RTS-GRANIT.ru
12.01.2024;RU-2NDFLSAMARA-KB.ru
12.01.2024;RU-6173.ru
12.01.2024;RU-FOND.ru
12.01.2024;RU-MIELE.ru
12.01.2024;RU-MOBIL.ru
12.01.2024;RU-SECURITY-2233.ru
12.01.2024;RU-SECURITY-5238.ru
12.01.2024;RUBLIK24.ru
12.01.2024;RUCOMMENTS.ru
12.01.2024;RUCREDIT.ru
12.01.2024;RUISINE.ru
12.01.2024;RUKI-OCHYMELI.ru
12.01.2024;RULIFE.ru
12.01.2024;RUMERX.ru
12.01.2024;RUNROBO.ru
12.01.2024;RUREPAK.ru
12.01.2024;RUS-NORD.ru
12.01.2024;RUS-VIDEO.ru
12.01.2024;RUS-WORLD.ru
12.01.2024;RUSALCO24-ZELENOGRAD3.ru
12.01.2024;RUSANOVASVETA.ru
12.01.2024;RUSBUYSHOP.ru
12.01.2024;RUSENERGOALYANS.ru
12.01.2024;RUSFINTECH.ru
12.01.2024;RUSFINTEH.ru
12.01.2024;RUSLAN-I-LYUDMILA.ru
12.01.2024;RUSLITPROM.ru
12.01.2024;RUSOIL24-BASE.ru
12.01.2024;RUSSBILD.ru
12.01.2024;RUSSIA-ASIA.ru
12.01.2024;RUSSIA-BIRDS.ru
12.01.2024;RUSSIA-MOBILE.ru
12.01.2024;RUSSIA-SERES.ru
12.01.2024;RUSSIAINONETAP.ru
12.01.2024;RUSSIANGEMS.ru
12.01.2024;RUSSIANTHEORY.ru
12.01.2024;RUSSIB.ru
12.01.2024;RUSSITCH.ru
12.01.2024;RUSSON.ru
12.01.2024;RUSVIAFILM.ru
12.01.2024;RUSVIDEOPLUS.ru
12.01.2024;RUTUM.ru
12.01.2024;RYBALKATV.ru
12.01.2024;RYIMK.ru
12.01.2024;RYOBI-RUSSIA.ru
12.01.2024;S03XYOT.ru
12.01.2024;S562402.ru
12.01.2024;S6SZ.ru
12.01.2024;SABITOV24.ru
12.01.2024;SABRINATEHNO.ru
12.01.2024;SABULO.ru
12.01.2024;SAD40LOGO.ru
12.01.2024;SADIKROSINKA.ru
12.01.2024;SAFEFROM.ru
12.01.2024;SAFETY-RZN.ru
12.01.2024;SAFFONOV.ru
12.01.2024;SAGBRUK.ru
12.01.2024;SAHA-O-WB.ru
12.01.2024;SAHARVOSKTMN.ru
12.01.2024;SAILING-FAIR.ru
12.01.2024;SAINETE.ru
12.01.2024;SAINTAMPELIO.ru
12.01.2024;SAITSAR.ru
12.01.2024;SAJHANOVA-TOP.ru
12.01.2024;SAKURA-CENTR.ru
12.01.2024;SAKURADESIGN.ru
12.01.2024;SALAMANDRA.ru
12.01.2024;SALE2024FACTORY.ru
12.01.2024;SALES2024.ru
12.01.2024;SALON-SOLNCEVOY.ru
12.01.2024;SALON-VOSTORG.ru
12.01.2024;SALONOPTIC.ru
12.01.2024;SALONPUDRA.ru
12.01.2024;SALUTEM-KRD.ru
12.01.2024;SALUTFEST.ru
12.01.2024;SALYM-SCHOOL.ru
12.01.2024;SALYUS-MED.ru
12.01.2024;SAMARA-MAIL.ru
12.01.2024;SAMARA-SHKOLA.ru
12.01.2024;SAMCA.ru
12.01.2024;SAMINING.ru
12.01.2024;SAMISVITEROV.ru
12.01.2024;SAMOE-INTERESNOE-INFO.ru
12.01.2024;SAMOGON13.ru
12.01.2024;SAMPOHELP.ru
12.01.2024;SAMSUNGDP.ru
12.01.2024;SANATORIY-BRONHOTEL.ru
12.01.2024;SANCHO.ru
12.01.2024;SANITASLIFE.ru
12.01.2024;SANNDRA.ru
12.01.2024;SANTAFOOD.ru
12.01.2024;SANTEHNIKAMARKET.ru
12.01.2024;SANTKOMPLEKT.ru
12.01.2024;SANWEST.ru
12.01.2024;SAPHAR.ru
12.01.2024;SAPR2000.ru
12.01.2024;SARIONS.ru
12.01.2024;SARTIROSA.ru
12.01.2024;SARTVO.ru
12.01.2024;SASH-HOME.ru
12.01.2024;SASHOME.ru
12.01.2024;SATANRUST.ru
12.01.2024;SATNUM.ru
12.01.2024;SATOYA-TBR.ru
12.01.2024;SATPILOT.ru
12.01.2024;SATUR-SHOP.ru
12.01.2024;SAUER-ROLLER.ru
12.01.2024;SAUNA-BARRACUDA.ru
12.01.2024;SAUNA-TAINA.ru
12.01.2024;SAUNA-URAL.ru
12.01.2024;SAUNALOTOS38.ru
12.01.2024;SAV-MACHINERY.ru
12.01.2024;SAVINAMG.ru
12.01.2024;SAVMACHINERY.ru
12.01.2024;SAVORYFOOD.ru
12.01.2024;SAVUHKA2112.ru
12.01.2024;SAVVAFILM.ru
12.01.2024;SAVVATIN.ru
12.01.2024;SAWAY.ru
12.01.2024;SAY-FUTURE.ru
12.01.2024;SAYEAHTHERMOFORMING.ru
12.01.2024;SAYNALAGUNA24.ru
12.01.2024;SAYQUE.ru
12.01.2024;SAZHENCY-IZ-OKTYABRSKOI.ru
12.01.2024;SAZHINA-WEBSITES.ru
12.01.2024;SB-DA.ru
12.01.2024;SBAKLANOVA.ru
12.01.2024;SBER-OPLATA-RU.ru
12.01.2024;SBEREZHENIE.ru
12.01.2024;SBETZ.ru
12.01.2024;SBINVESTGUIDE.ru
12.01.2024;SBINVESTSKILLS.ru
12.01.2024;SBOXGAME.ru
12.01.2024;SBS-SERVIS.ru
12.01.2024;SBURYAKOV.ru
12.01.2024;SC-FUTURE.ru
12.01.2024;SCAN-SIB.ru
12.01.2024;SCH5-GUSEV.ru
12.01.2024;SCHOOL11KGD.ru
12.01.2024;SCHOOL124-PERM.ru
12.01.2024;SCHOOL23SARATOV.ru
12.01.2024;SCHOOL32-KRSK.ru
12.01.2024;SCHOOL56KLGD.ru
12.01.2024;SCHOOLINTELL.ru
12.01.2024;SCI-TEST.ru
12.01.2024;SCMACH.ru
12.01.2024;SCOLLIA.ru
12.01.2024;SCORPIUS-GAME-PROJECT.ru
12.01.2024;SCORPIUSGAMEPROJECT.ru
12.01.2024;SCRATCH-PROGRAMMING.ru
12.01.2024;SCRCOMPRESSORS.ru
12.01.2024;SCUBER.ru
12.01.2024;SCULPTOR-FACE.ru
12.01.2024;SDC-AUTO.ru
12.01.2024;SDELAYYARCHE.ru
12.01.2024;SDELKA7375.ru
12.01.2024;SDKCK.ru
12.01.2024;SDM-KATALOG.ru
12.01.2024;SDOBSFOODS.ru
12.01.2024;SDSERVICE36.ru
12.01.2024;SE-KLIMAT.ru
12.01.2024;SEA-FREIGHT.ru
12.01.2024;SEA-MFOOD.ru
12.01.2024;SEA38.ru
12.01.2024;SEA4YOU.ru
12.01.2024;SEABAY.ru
12.01.2024;SEARCH4FACES.ru
12.01.2024;SEARCHCLONE.ru
12.01.2024;SEASON-RUST.ru
12.01.2024;SECTOR-ALPHA.ru
12.01.2024;SECURE-17301.ru
12.01.2024;SECUREDOLLARS.ru
12.01.2024;SECURIKA-CONNECT.ru
12.01.2024;SECURITY-PRACTICE.ru
12.01.2024;SEDONA1.ru
12.01.2024;SEEDAY.ru
12.01.2024;SEENVE.ru
12.01.2024;SEGADENDY.ru
12.01.2024;SEGEI.ru
12.01.2024;SEIER.ru
12.01.2024;SELECTCAMP.ru
12.01.2024;SELECTOR258.ru
12.01.2024;SELEN-GRAND.ru
12.01.2024;SELFMADEPREMIUM.ru
12.01.2024;SELL-ID.ru
12.01.2024;SELOALTAISKOE.ru
12.01.2024;SELVIX.ru
12.01.2024;SELYATINO-ADM.ru
12.01.2024;SEM24.ru
12.01.2024;SEMGEARS.ru
12.01.2024;SEMIDEL.ru
12.01.2024;SEMITSVETIK-CENTR.ru
12.01.2024;SEMK0.ru
12.01.2024;SEMMM.ru
12.01.2024;SENIORPA.ru
12.01.2024;SENNEBOGENRUS.ru
12.01.2024;SENSES-OF-LIFE.ru
12.01.2024;SENSESOFLIFE.ru
12.01.2024;SENSORICATECH.ru
12.01.2024;SEO-MEBELI.ru
12.01.2024;SEOBYX.ru
12.01.2024;SEOMEOW.ru
12.01.2024;SEOSCOUT.ru
12.01.2024;SERDUCHKA-V.ru
12.01.2024;SERES-MBRUS.ru
12.01.2024;SERES-MOTOR.ru
12.01.2024;SERES-RUSSIA.ru
12.01.2024;SERESAUTO.ru
12.01.2024;SERG-ALGO.ru
12.01.2024;SERG333.ru
12.01.2024;SERGEEVAO.ru
12.01.2024;SERGEI-SOZIN.ru
12.01.2024;SERGEIPROTASOV.ru
12.01.2024;SERIAL-WITCHER.ru
12.01.2024;SERIALAVAM.ru
12.01.2024;SERULEB.ru
12.01.2024;SERVER64.ru
12.01.2024;SERVERCOMMANDER.ru
12.01.2024;SERVICE-6729.ru
12.01.2024;SERVICE-CENTRE-24.ru
12.01.2024;SERVICE-KONDICIONERA.ru
12.01.2024;SERW-ENERGI.ru
12.01.2024;SES-495.ru
12.01.2024;SETUPER.ru
12.01.2024;SEVASTOPOL-MASSAGE.ru
12.01.2024;SEVEN-BRAND.ru
12.01.2024;SEVERNAYAKORONA.ru
12.01.2024;SEVERTRADE-YKT.ru
12.01.2024;SEVILLE-RP.ru
12.01.2024;SEVINFOS.ru
12.01.2024;SEVMASSAZH.ru
12.01.2024;SEVRYBPROJECT.ru
12.01.2024;SEWING-WORKSHOP.ru
12.01.2024;SEWINGS-STORE.ru
12.01.2024;SEXKOMIX22.ru
12.01.2024;SEXSHOP36.ru
12.01.2024;SEZAMOPEN.ru
12.01.2024;SEZONDVERI.ru
12.01.2024;SF-CO.ru
12.01.2024;SFERAPRODUCTION.ru
12.01.2024;SGORYACHA.ru
12.01.2024;SGP-TEAM.ru
12.01.2024;SH-ANNA.ru
12.01.2024;SH-CH.ru
12.01.2024;SH-OS-KS.ru
12.01.2024;SHABOLOVKA-LESSON.ru
12.01.2024;SHAHMATOVO-VILLAGE.ru
12.01.2024;SHALAEVA-PSY.ru
12.01.2024;SHAMBO.ru
12.01.2024;SHAMOV88.ru
12.01.2024;SHANSONPSHEN.ru
12.01.2024;SHAPKI-KUPALNIKI.ru
12.01.2024;SHAPKIKUPALNIKI.ru
12.01.2024;SHAREPLANTS.ru
12.01.2024;SHARIK-MARKET.ru
12.01.2024;SHARINGPOINT.ru
12.01.2024;SHARJ-NSK.ru
12.01.2024;SHARK-MOTORS.ru
12.01.2024;SHARLIB.ru
12.01.2024;SHASHLIK-MYTISHI.ru
12.01.2024;SHATEL-EXPRESS.ru
12.01.2024;SHATO-MANAVI-REST.ru
12.01.2024;SHAURMA-I-TOCHKA.ru
12.01.2024;SHAYKALEYKA.ru
12.01.2024;SHEBAROV.ru
12.01.2024;SHEKONG.ru
12.01.2024;SHENKMAN-PROGRAM.ru
12.01.2024;SHEREMETEVSKAYA-APART.ru
12.01.2024;SHIFTFORM.ru
12.01.2024;SHIIRIIN.ru
12.01.2024;SHIMK.ru
12.01.2024;SHINASERVICEPLUS.ru
12.01.2024;SHINEONMAP.ru
12.01.2024;SHINOPROVOD-EFIBAR.ru
12.01.2024;SHIRTTUNER.ru
12.01.2024;SHISHKINSEEDS.ru
12.01.2024;SHKOLA-TANTSEV-OLDSCHOOL.ru
12.01.2024;SHKUTOVA-PH.ru
12.01.2024;SHLYAPNIKOVA25.ru
12.01.2024;SHLZ-FUN.ru
12.01.2024;SHOGOTEST.ru
12.01.2024;SHOOL4.ru
12.01.2024;SHOP-AIRJORDAN.ru
12.01.2024;SHOPFABER.ru
12.01.2024;SHOPHUAWEI.ru
12.01.2024;SHOPIFYDEVS.ru
12.01.2024;SHOPKORM.ru
12.01.2024;SHOPNORST7842853.ru
12.01.2024;SHOPPLANT.ru
12.01.2024;SHOPS-BEST.ru
12.01.2024;SHOWROOM-ZINNIRA.ru
12.01.2024;SHPLNKT.ru
12.01.2024;SHTEBA.ru
12.01.2024;SHTORKIVAVTO-SALE.ru
12.01.2024;SHUGAYLOV.ru
12.01.2024;SHULGIN-GULISHAN.ru
12.01.2024;SHUM-OFF.ru
12.01.2024;SHUNYATMAN.ru
12.01.2024;SHYXOV.ru
12.01.2024;SIAP-MICROS.ru
12.01.2024;SIB-STROYKA.ru
12.01.2024;SIBAC.ru
12.01.2024;SIBERIANKEDR.ru
12.01.2024;SIBERIANOW.ru
12.01.2024;SIBGIDRAVLIKA.ru
12.01.2024;SIFGROUP.ru
12.01.2024;SIGNATURE-PROD.ru
12.01.2024;SILENCEZONE2.ru
12.01.2024;SILENCEZONE3.ru
12.01.2024;SILENCEZONE4.ru
12.01.2024;SILENCEZONE5.ru
12.01.2024;SILK-LIQUID.ru
12.01.2024;SILKLIQUID.ru
12.01.2024;SILLER-CASSA.ru
12.01.2024;SILLER-KINO.ru
12.01.2024;SILLER-STANDUP.ru
12.01.2024;SILLER-THEATRE.ru
12.01.2024;SILVER-CLOUD.ru
12.01.2024;SILVERLOTOS.ru
12.01.2024;SIMBIRSOFTTESTTASK.ru
12.01.2024;SIMKICK.ru
12.01.2024;SIMPLEFLIGHT24.ru
12.01.2024;SIMPLEGPT.ru
12.01.2024;SIMPLERETAIL.ru
12.01.2024;SIMPLEWINEPRIVE.ru
12.01.2024;SIMPLYKKAE.ru
12.01.2024;SIMVOLIUSS.ru
12.01.2024;SINANTBYLA.ru
12.01.2024;SINGMI.ru
12.01.2024;SINILOVA.ru
12.01.2024;SINSA.ru
12.01.2024;SINZE.ru
12.01.2024;SIP-MELT.ru
12.01.2024;SIRIUSVS.ru
12.01.2024;SITE167TA.ru
12.01.2024;SITIGROUP.ru
12.01.2024;SIVANTEKLAB.ru
12.01.2024;SIZO-IK.ru
12.01.2024;SK-8.ru
12.01.2024;SK-CENTR23.ru
12.01.2024;SK-GRANT13.ru
12.01.2024;SK-GRANT38.ru
12.01.2024;SK-GRANT56.ru
12.01.2024;SKAJEKSPRESS.ru
12.01.2024;SKAZKAPROMENYA.ru
12.01.2024;SKHODZHAEV.ru
12.01.2024;SKI27KHV.ru
12.01.2024;SKIDKAFL.ru
12.01.2024;SKIDKON.ru
12.01.2024;SKILL-SHKAF-SPB.ru
12.01.2024;SKILLEASY.ru
12.01.2024;SKILLS-SCHOOL.ru
12.01.2024;SKILLTECHED.ru
12.01.2024;SKILSPECTR.ru
12.01.2024;SKINALCHEMY.ru
12.01.2024;SKLADVANMART.ru
12.01.2024;SKM-LIFT.ru
12.01.2024;SKODA-MOTORS.ru
12.01.2024;SKOLKOLET.ru
12.01.2024;SKOPIN24.ru
12.01.2024;SKOROHOD-SHOP.ru
12.01.2024;SKORPA.ru
12.01.2024;SKORYJDOKTOR35.ru
12.01.2024;SKPOLISTROY.ru
12.01.2024;SKRMLTARO.ru
12.01.2024;SKU.ru
12.01.2024;SKUDRJASHOV.ru
12.01.2024;SKUPKANOUTBUKOVUFA.ru
12.01.2024;SKUZOVATOFF.ru
12.01.2024;SKY-BEAUTY-LAB.ru
12.01.2024;SKY-FISH-SHOP.ru
12.01.2024;SKY-SOUL-KOKTEBEL.ru
12.01.2024;SKYCITYLOVE1.ru
12.01.2024;SKYLARK-RF.ru
12.01.2024;SKYROMANTIC3.ru
12.01.2024;SKYWATER.ru
12.01.2024;SKYWHYWALKER.ru
12.01.2024;SL-ATELIER.ru
12.01.2024;SLADKIE-FANIAZII.ru
12.01.2024;SLAVTRAPEZA.ru
12.01.2024;SLAYMY-NAILS.ru
12.01.2024;SLBSCHOOL.ru
12.01.2024;SLCRMONEYFLOW.ru
12.01.2024;SLEEPDIARY.ru
12.01.2024;SLEEPWELLIA.ru
12.01.2024;SLES-70.ru
12.01.2024;SLETAJ.ru
12.01.2024;SLETAT-IVANOVO.ru
12.01.2024;SLFFLOWERS.ru
12.01.2024;SLIM-EDUCATION.ru
12.01.2024;SLIPKO-PHOTO.ru
12.01.2024;SLIVINSKII.ru
12.01.2024;SLKMETALL.ru
12.01.2024;SLO-VO-PACANA-1-9.ru
12.01.2024;SLO-VO-PACANAA-1-8.ru
12.01.2024;SLO-VO-PACANAA-1-9.ru
12.01.2024;SLOTHSTRANDED.ru
12.01.2024;SLOTOS-CASH.ru
12.01.2024;SLOTS-XCASINO.ru
12.01.2024;SLOVO-PACOONA.ru
12.01.2024;SLOVOOPACONAA.ru
12.01.2024;SLOVOPACA1SEZON.ru
12.01.2024;SLOVOPACANAA19.ru
12.01.2024;SLOVOPACANAK1.ru
12.01.2024;SLOVOPACANAV1.ru
12.01.2024;SLOVOPACANAVSESERII.ru
12.01.2024;SLOVOPACONA8VSE.ru
12.01.2024;SLOVOPACUNA-1-9.ru
12.01.2024;SLTEC.ru
12.01.2024;SLURRYPUMPDESIGN.ru
12.01.2024;SM-NL.ru
12.01.2024;SMAGINROMAN.ru
12.01.2024;SMART-ELEARNING.ru
12.01.2024;SMART-GRP.ru
12.01.2024;SMART-LUXURY.ru
12.01.2024;SMART-NRJ.ru
12.01.2024;SMART-WAX.ru
12.01.2024;SMART56.ru
12.01.2024;SMARTCUSTOMER.ru
12.01.2024;SMARTHOME-NSK.ru
12.01.2024;SMARTINVESTSCHOOL.ru
12.01.2024;SMARTMILK.ru
12.01.2024;SMARTNEWS55.ru
12.01.2024;SMARTONIZE.ru
12.01.2024;SMARTSERT.ru
12.01.2024;SMARTSKI.ru
12.01.2024;SMARTTRADE.ru
12.01.2024;SMDTMASTERSKAYA.ru
12.01.2024;SMESHARIA.ru
12.01.2024;SMI23.ru
12.01.2024;SMILEFAMILY.ru
12.01.2024;SMIRNOVAAS.ru
12.01.2024;SMOLNIKOFF.ru
12.01.2024;SMPSPB.ru
12.01.2024;SMS-TRACKER.ru
12.01.2024;SMTCENTER.ru
12.01.2024;SMU-SOCHI.ru
12.01.2024;SMU3.ru
12.01.2024;SMUA-145.ru
12.01.2024;SMYSHLENYSH.ru
12.01.2024;SN-TRANSPORT.ru
12.01.2024;SNAAPPSTUDIO.ru
12.01.2024;SNAB-POLYGRAF.ru
12.01.2024;SNAB-SVAROG.ru
12.01.2024;SNABZHENIYE-POCHTA.ru
12.01.2024;SNACKSTAR.ru
12.01.2024;SNEGAUBORKA.ru
12.01.2024;SNHM.ru
12.01.2024;SNT-ZVEZDA.ru
12.01.2024;SNTRANSPORT.ru
12.01.2024;SO-GAZ.ru
12.01.2024;SO2PROMOCOD.ru
12.01.2024;SOBACHYA-SHERST.ru
12.01.2024;SOBAKS.ru
12.01.2024;SOCBOLL.ru
12.01.2024;SOCGARANTII.ru
12.01.2024;SOCHI-JEM-HOT.ru
12.01.2024;SOCHI-MSK.ru
12.01.2024;SOCHI-PRODUCTION.ru
12.01.2024;SOCHISERVISTSENTR.ru
12.01.2024;SOCIALISTY.ru
12.01.2024;SOCREUTOV.ru
12.01.2024;SODIUM-ION.ru
12.01.2024;SOFALAN.ru
12.01.2024;SOFAS365.ru
12.01.2024;SOFIKITCHEN-SITE.ru
12.01.2024;SOFJATKACHENKO.ru
12.01.2024;SOFT-BAZA.ru
12.01.2024;SOFT-E.ru
12.01.2024;SOFT-SKILLS-ACADEMY.ru
12.01.2024;SOFTMINE.ru
12.01.2024;SOFTSKILLSACADEMY.ru
12.01.2024;SOFTSKILLSLAB.ru
12.01.2024;SOFTSLEEP.ru
12.01.2024;SOFYTOUR.ru
12.01.2024;SOKOL-PEDAGOG.ru
12.01.2024;SOKOL-STUDIO.ru
12.01.2024;SOL-CASINO-MARAFON.ru
12.01.2024;SOL-TRAVEL.ru
12.01.2024;SOLARWINDPTZ.ru
12.01.2024;SOLCASINO-CEN.ru
12.01.2024;SOLIDSCONTROL.ru
12.01.2024;SOLLERSSPB.ru
12.01.2024;SOLNTSESAD.ru
12.01.2024;SOLOCARDS.ru
12.01.2024;SOLOPOVKONSTANTIN.ru
12.01.2024;SOLOVEY92.ru
12.01.2024;SOLUTIONLASER.ru
12.01.2024;SOME-COOKIES-EXAMINE.ru
12.01.2024;SOME-COOKIES-EXPERIENCE.ru
12.01.2024;SOME-COOKIES-SMARTLINK.ru
12.01.2024;SOME-EXAMINE-ASSAY.ru
12.01.2024;SOME-EXPERIENCE-ASSAY.ru
12.01.2024;SOME-EXPERIENCE-COOKIES.ru
12.01.2024;SOME-EXPERIENCE-EXAMINE.ru
12.01.2024;SOME-EXPERIENCE-SMARTLINK.ru
12.01.2024;SOMNOS.ru
12.01.2024;SOMOVSMEMORIAL.ru
12.01.2024;SONARIO.ru
12.01.2024;SONDRACAOLIS.ru
12.01.2024;SONIKGAMES.ru
12.01.2024;SONIKSLONIK.ru
12.01.2024;SONINYRADOSTI.ru
12.01.2024;SONMOJ.ru
12.01.2024;SOOKOOK-RUSSIA.ru
12.01.2024;SOROKINA-IELTS.ru
12.01.2024;SOSHNIKOVA8.ru
12.01.2024;SOTA-GROUPP.ru
12.01.2024;SOTAPACK.ru
12.01.2024;SOTKABAKSOV.ru
12.01.2024;SOTSHOP.ru
12.01.2024;SOTSIUM-INFO.ru
12.01.2024;SOULCOMMUNITY.ru
12.01.2024;SOULKNIGHT.ru
12.01.2024;SOULLINE.ru
12.01.2024;SOUVENIR-SHOP24.ru
12.01.2024;SOUZDPO.ru
12.01.2024;SOUZOIL.ru
12.01.2024;SOVA74.ru
12.01.2024;SOVBI-P.ru
12.01.2024;SOVINTER72.ru
12.01.2024;SOY-JOY.ru
12.01.2024;SOZDATELAGENCY.ru
12.01.2024;SPA-HALINA.ru
12.01.2024;SPAINVITE.ru
12.01.2024;SPANISH-MASTIFF.ru
12.01.2024;SPASATEL-SENYA.ru
12.01.2024;SPASATELSENYA.ru
12.01.2024;SPASIBO-OBMEN.ru
12.01.2024;SPB-CLINING.ru
12.01.2024;SPB-KATER.ru
12.01.2024;SPB-TEXCROM.ru
12.01.2024;SPBADMAN.ru
12.01.2024;SPBPOST.ru
12.01.2024;SPBPROFISTROY.ru
12.01.2024;SPD2AFW.ru
12.01.2024;SPEAK.ru
12.01.2024;SPEC-MK.ru
12.01.2024;SPEC-TENT.ru
12.01.2024;SPECAGROSTROI.ru
12.01.2024;SPECHERSKIJ.ru
12.01.2024;SPECHTECH.ru
12.01.2024;SPECNEFTEGAZ.ru
12.01.2024;SPECODEJDAVOLOGDA.ru
12.01.2024;SPECOO.ru
12.01.2024;SPECTAC.ru
12.01.2024;SPECTRWORK.ru
12.01.2024;SPECULASUPERNAT.ru
12.01.2024;SPEED-DOORS.ru
12.01.2024;SPEKTR-PLYUS.ru
12.01.2024;SPEKTR-TORG.ru
12.01.2024;SPETSGAZSERVIS.ru
12.01.2024;SPICEVKA6.ru
12.01.2024;SPICKANDSPAN.ru
12.01.2024;SPICLUB.ru
12.01.2024;SPISHITEDOLG.ru
12.01.2024;SPL24.ru
12.01.2024;SPLAN.ru
12.01.2024;SPLETNI-BAR-BY-ANNA-ASTI.ru
12.01.2024;SPNSR.ru
12.01.2024;SPORT-EXTRIME.ru
12.01.2024;SPORT-PROFIT.ru
12.01.2024;SPORT-VESTI.ru
12.01.2024;SPORTCOMPLEX.ru
12.01.2024;SPORTLOOK.ru
12.01.2024;SPORTS-MAN.ru
12.01.2024;SPORTSTATIONS.ru
12.01.2024;SPORTSTOLICA.ru
12.01.2024;SPRING-PARFUM.ru
12.01.2024;SPRINGPARFUM.ru
12.01.2024;SPRINTNEWS.ru
12.01.2024;SPTEATR.ru
12.01.2024;SPUTNIC-OTEL.ru
12.01.2024;SPUTNIKBIG.ru
12.01.2024;SREDALOFT.ru
12.01.2024;SREDASK.ru
12.01.2024;SROCHNOKVARTI.ru
12.01.2024;SRUBILI.ru
12.01.2024;SS-CONSULTING.ru
12.01.2024;SS-PLUS.ru
12.01.2024;SSART.ru
12.01.2024;SSKN.ru
12.01.2024;SSMPIV.ru
12.01.2024;SSNS.ru
12.01.2024;SSOBS.ru
12.01.2024;SSOLONIN.ru
12.01.2024;SSS888.ru
12.01.2024;SSSSCHOOL.ru
12.01.2024;SSTAROSTINA.ru
12.01.2024;SSVETLIY.ru
12.01.2024;ST49.ru
12.01.2024;STABGROUPP.ru
12.01.2024;STAEMCOMMUNITY.ru
12.01.2024;STAFFHR.ru
12.01.2024;STAIRTECH.ru
12.01.2024;STALAVTOMATIKAPLUS.ru
12.01.2024;STALLKON.ru
12.01.2024;STANDARDCLIMATE.ru
12.01.2024;STANDOFFGIFT.ru
12.01.2024;STANDUPPOKAZ.ru
12.01.2024;STANDUPTOUR.ru
12.01.2024;STAR-DOLLS.ru
12.01.2024;STARDACASINO-BAB1.ru
12.01.2024;STARDACASINO-VID1.ru
12.01.2024;STARDENT24-7.ru
12.01.2024;STARICHKICS.ru
12.01.2024;STARLIGHT-MED.ru
12.01.2024;STARLINGBOX.ru
12.01.2024;STAROSTINS.ru
12.01.2024;START-3K.ru
12.01.2024;START-ROLE.ru
12.01.2024;STARTROP.ru
12.01.2024;STARTUP-REALITY.ru
12.01.2024;STAS1039.ru
12.01.2024;STATUS-STRAHOVANIYE.ru
12.01.2024;STATUS33.ru
12.01.2024;STATUTPRAVO.ru
12.01.2024;STATYS72.ru
12.01.2024;STAVR-STROI.ru
12.01.2024;STBVODOKANAL2024.ru
12.01.2024;STC-L.ru
12.01.2024;STDDNR.ru
12.01.2024;STEADYCONTROL.ru
12.01.2024;STEAMCOMMYNUITY.ru
12.01.2024;STEAMFIRE.ru
12.01.2024;STEEL-ENERGY-PRO.ru
12.01.2024;STEELSERIVCE.ru
12.01.2024;STEFANYNAILS.ru
12.01.2024;STEK86.ru
12.01.2024;STEL-MONTAZH.ru
12.01.2024;STELLASTROY.ru
12.01.2024;STELS-GUARD.ru
12.01.2024;STELSVELO-SPB.ru
12.01.2024;STEM-NN.ru
12.01.2024;STEMCOMMUNYLTY.ru
12.01.2024;STENAGRAFIKA.ru
12.01.2024;STEND48.ru
12.01.2024;STENOREZ63.ru
12.01.2024;STEYASHOP.ru
12.01.2024;STICKERCAT.ru
12.01.2024;STILEWELLNESS.ru
12.01.2024;STILNIE-OKNA.ru
12.01.2024;STILTKANI36.ru
12.01.2024;STIMREMSERVIS.ru
12.01.2024;STINYOURNAL.ru
12.01.2024;STMZAVOD.ru
12.01.2024;STOLOTOOPROS.ru
12.01.2024;STOLOVAYA-NOMER1.ru
12.01.2024;STOLYAVAR.ru
12.01.2024;STOM-MAHDI.ru
12.01.2024;STOM-MZ.ru
12.01.2024;STOM100.ru
12.01.2024;STOMALIGNER.ru
12.01.2024;STOMATOLOGIYA-TRETYE-DYHANIE.ru
12.01.2024;STONEPOINT.ru
12.01.2024;STOPFACE.ru
12.01.2024;STOPGRYZHA.ru
12.01.2024;STOPTOXIN.ru
12.01.2024;STORE-GEMS.ru
12.01.2024;STORE2024.ru
12.01.2024;STORES-01.ru
12.01.2024;STORK-GROUP.ru
12.01.2024;STORMREAVER.ru
12.01.2024;STORTI.ru
12.01.2024;STORYWISE.ru
12.01.2024;STRAHOVKAPLUS161.ru
12.01.2024;STRAHOVKAPLUS777.ru
12.01.2024;STRAJSTER.ru
12.01.2024;STRANAKOVROV.ru
12.01.2024;STRAP-SHOP.ru
12.01.2024;STRASHNYEKVESTY.ru
12.01.2024;STRAWBERRY-MSK.ru
12.01.2024;STRAZH-L.ru
12.01.2024;STREAM-TEX.ru
12.01.2024;STRIKEBOL.ru
12.01.2024;STROI-ZAKAZ34.ru
12.01.2024;STROIKA23.ru
12.01.2024;STROIM-S-UMOM.ru
12.01.2024;STROIM-V-PODMOSKOVIE.ru
12.01.2024;STROIM-VSEX.ru
12.01.2024;STROIMVPODMOSKOVIE.ru
12.01.2024;STROITEL35.ru
12.01.2024;STROLLERSALE.ru
12.01.2024;STRONGSMARTSOUL.ru
12.01.2024;STRONGWOOD.ru
12.01.2024;STROY-INFORM.ru
12.01.2024;STROY-OKNA64.ru
12.01.2024;STROYCONTACT21.ru
12.01.2024;STROYECOGARANT.ru
12.01.2024;STROYGRUPP-NSK.ru
12.01.2024;STROYINVEST-PODRYAD.ru
12.01.2024;STROYKA-MARKET58.ru
12.01.2024;STROYKERAMIKA-YOLA.ru
12.01.2024;STROYKOMRF.ru
12.01.2024;STROYSP-PODRYAD.ru
12.01.2024;STROYTEXIMPULS.ru
12.01.2024;STROYVEY.ru
12.01.2024;STRUCTUR-A.ru
12.01.2024;STS-GR.ru
12.01.2024;STSN-PALCHINO.ru
12.01.2024;STUDIO-DD.ru
12.01.2024;STUDIO-DEV.ru
12.01.2024;STUDIO3DHAUS.ru
12.01.2024;STUDIODOORS.ru
12.01.2024;STUDIOIPR.ru
12.01.2024;STUDIOWP.ru
12.01.2024;STUDREF.ru
12.01.2024;STUDVLG.ru
12.01.2024;STUDYDAILY.ru
12.01.2024;STUMBR.ru
12.01.2024;STYLE2HOME.ru
12.01.2024;STYLEBODY.ru
12.01.2024;SUBACH72.ru
12.01.2024;SUBARU-R2.ru
12.01.2024;SUBBOTINA26KV.ru
12.01.2024;SUBSTATIONPRO.ru
12.01.2024;SUCCESS-PRIME.ru
12.01.2024;SUCHKOV-7.ru
12.01.2024;SUDO-PROM.ru
12.01.2024;SUGAR-PAPER32.ru
12.01.2024;SUITPERFETTO-77-MTM.ru
12.01.2024;SUITPERFETTO77-MTM.ru
12.01.2024;SUITPERFETTO77MTM.ru
12.01.2024;SUITTW-MTM.ru
12.01.2024;SUITTWMTM.ru
12.01.2024;SULTAN-HOUSE.ru
12.01.2024;SUMMITMED.ru
12.01.2024;SUN-RUN.ru
12.01.2024;SUNANDBODY.ru
12.01.2024;SUNDAY-FABRIC.ru
12.01.2024;SUNDAYSTORE.ru
12.01.2024;SUNDUKI-SHOP.ru
12.01.2024;SUNHOUSES.ru
12.01.2024;SUNSOUL-SPACE.ru
12.01.2024;SUNSTUDIOPRO.ru
12.01.2024;SUPER-VIDEO-PORTAL.ru
12.01.2024;SUPERSVAI-NSK.ru
12.01.2024;SUPLER-ELECTRO.ru
12.01.2024;SUPLERELECTRO.ru
12.01.2024;SUPPLY-COMPANY.ru
12.01.2024;SURBIS.ru
12.01.2024;SURGUT-MASSAZH.ru
12.01.2024;SURGUTDESIGN.ru
12.01.2024;SURGUTNEFTEGASS.ru
12.01.2024;SURGUTVIZA.ru
12.01.2024;SURVERSAD.ru
12.01.2024;SURVEVA.ru
12.01.2024;SURVIVALTABS.ru
12.01.2024;SUSHI-GIRL.ru
12.01.2024;SUSHI-HIUSHAKO.ru
12.01.2024;SUSHI-HOUSE73.ru
12.01.2024;SUSHIISET.ru
12.01.2024;SUSHIMOJI.ru
12.01.2024;SUSHITAGILA.ru
12.01.2024;SUSHITVER.ru
12.01.2024;SUTUBE.ru
12.01.2024;SUVITIK.ru
12.01.2024;SUXILEP-APTEKA.ru
12.01.2024;SUZUKIPARTS.ru
12.01.2024;SVADBA24022024.ru
12.01.2024;SVADBADECORMSK.ru
12.01.2024;SVADBAOK.ru
12.01.2024;SVEKLAPP.ru
12.01.2024;SVETLANY-SOKOLOVSKOJ-SALON.ru
12.01.2024;SVETLOGORSK3.ru
12.01.2024;SVINENOK.ru
12.01.2024;SVITER-PULLTONIC.ru
12.01.2024;SVOIALFA.ru
12.01.2024;SVONN.ru
12.01.2024;SWAROVSKISTORE.ru
12.01.2024;SWEETRED.ru
12.01.2024;SWH6UD7.ru
12.01.2024;SWIFPAY.ru
12.01.2024;SWIFTCARDHUB.ru
12.01.2024;SWIMMINGUOR2.ru
12.01.2024;SWIMSENSE.ru
12.01.2024;SWM-AUTOPOLE.ru
12.01.2024;SWPROJECT.ru
12.01.2024;SWS-MEBEL.ru
12.01.2024;SXGIRL.ru
12.01.2024;SYKAAA-CASINO04.ru
12.01.2024;SYKTYVKARMEBEL.ru
12.01.2024;SYLPHIDA.ru
12.01.2024;SYNCHRONOTE.ru
12.01.2024;SYNCOPE.ru
12.01.2024;SYNERGYSTEEL.ru
12.01.2024;SYNIKOVA.ru
12.01.2024;SYOUTUBE.ru
12.01.2024;SYPERS.ru
12.01.2024;SYRNYYDVORIK.ru
12.01.2024;SYS-MANAGE.ru
12.01.2024;SYSTEM59.ru
12.01.2024;SYUTIN.ru
12.01.2024;SZ-LIFT.ru
12.01.2024;SZKH.ru
12.01.2024;T-RIP.ru
12.01.2024;T-WHATS.ru
12.01.2024;TAATI29.ru
12.01.2024;TABLETKA06.ru
12.01.2024;TABLETKA61.ru
12.01.2024;TACKLA-RUSSIA.ru
12.01.2024;TACLAB.ru
12.01.2024;TAG-IT.ru
12.01.2024;TAGANROG-DOSUG.ru
12.01.2024;TAGANROG-XDOSUG.ru
12.01.2024;TAHO-MARI.ru
12.01.2024;TAILOR-LOOK.ru
12.01.2024;TAILORLOOK.ru
12.01.2024;TAKEWAY.ru
12.01.2024;TAKSOPARK-KRASNODAR.ru
12.01.2024;TALIAPHOTO.ru
12.01.2024;TALISTER.ru
12.01.2024;TAMADA56.ru
12.01.2024;TANLAN-SERVICE.ru
12.01.2024;TANYADOULA.ru
12.01.2024;TANYAMELTI.ru
12.01.2024;TAPKIVSEM.ru
12.01.2024;TAPNEWS.ru
12.01.2024;TARA-NSK.ru
12.01.2024;TARAKANOFF-DEZ.ru
12.01.2024;TARGTEIL.ru
12.01.2024;TAROLOGLOVE.ru
12.01.2024;TAROMAGIJA.ru
12.01.2024;TASEEVORULETKA.ru
12.01.2024;TASHLINSKOE.ru
12.01.2024;TASTYLIFEMAG.ru
12.01.2024;TAT-ISK.ru
12.01.2024;TATIANAKHPHOTO.ru
12.01.2024;TATTOO-INDUSTRY.ru
12.01.2024;TATTOO23.ru
12.01.2024;TATTU.ru
12.01.2024;TATU-STYLEZONE.ru
12.01.2024;TATUSPB.ru
12.01.2024;TATYANA1801.ru
12.01.2024;TAURONAT.ru
12.01.2024;TAVTOCARS.ru
12.01.2024;TAXI-ASHUKINO.ru
12.01.2024;TAXIBANGKOK.ru
12.01.2024;TAXIDIGITAL.ru
12.01.2024;TAYNYYOBRAZ.ru
12.01.2024;TBOIL.ru
12.01.2024;TBSI.ru
12.01.2024;TC-1.ru
12.01.2024;TC-LOPATINSKY.ru
12.01.2024;TD-MIRATECH.ru
12.01.2024;TDMEGAPOLIS64.ru
12.01.2024;TDPROMTORG.ru
12.01.2024;TDSELENA.ru
12.01.2024;TDST-RF.ru
12.01.2024;TEACHTARO.ru
12.01.2024;TEALBAND.ru
12.01.2024;TEAMN.ru
12.01.2024;TEASECRETS.ru
12.01.2024;TECH-SVET.ru
12.01.2024;TECHCENTER52.ru
12.01.2024;TECHFUELING4.ru
12.01.2024;TECHNODELO-MARKET.ru
12.01.2024;TECHNODOME.ru
12.01.2024;TECHNOPROD.ru
12.01.2024;TECHNOTRAK.ru
12.01.2024;TECHOPTIMIZE.ru
12.01.2024;TECHRING.ru
12.01.2024;TECHTENT.ru
12.01.2024;TECONG.ru
12.01.2024;TEDOM-HOLDING.ru
12.01.2024;TEELAND22.ru
12.01.2024;TEENAGERS-IN.ru
12.01.2024;TEENAGERSIN.ru
12.01.2024;TEHNADZOR-EXPERT.ru
12.01.2024;TEHNIKA-NEWS.ru
12.01.2024;TEHNOEGVIP.ru
12.01.2024;TEHNOKOM-NSK.ru
12.01.2024;TEHNOVAC.ru
12.01.2024;TEHPARTS72.ru
12.01.2024;TEHSTEEL.ru
12.01.2024;TELECOMPRIMORSKY.ru
12.01.2024;TELEFON-DOCTOR.ru
12.01.2024;TELEGCHATS.ru
12.01.2024;TELEGRAM-GIVEAWAY-BOT.ru
12.01.2024;TELEGRAM-VIP.ru
12.01.2024;TELEGRAMB.ru
12.01.2024;TELEGRAMMPREMIYM.ru
12.01.2024;TELEGRAMTRAID.ru
12.01.2024;TELEGRAPRO.ru
12.01.2024;TELEINFORM-LM.ru
12.01.2024;TELEKARTA-KZ.ru
12.01.2024;TELEQUIL.ru
12.01.2024;TEMAAKC.ru
12.01.2024;TEMAHKAAA.ru
12.01.2024;TEMIROVA.ru
12.01.2024;TEMPESTO-SPB.ru
12.01.2024;TEMPORALIC.ru
12.01.2024;TENDER-BUSINESS.ru
12.01.2024;TENDERAKTIV.ru
12.01.2024;TENERESCO.ru
12.01.2024;TENMAIL.ru
12.01.2024;TENNISGELEN.ru
12.01.2024;TEPLICI-POVOLZHYA12.ru
12.01.2024;TEPLO-ON.ru
12.01.2024;TEPLOMONTAGNIK.ru
12.01.2024;TEPLOTEKHSERVIC86.ru
12.01.2024;TERAPEVTICHESKOJ-OFTALMOLOGII-MED.ru
12.01.2024;TERE.ru
12.01.2024;TEREM-BURG.ru
12.01.2024;TEREMOK-ARHIZ.ru
12.01.2024;TERMATRADE.ru
12.01.2024;TERMINALRESURS.ru
12.01.2024;TERMITSTROY.ru
12.01.2024;TERMODVERKI.ru
12.01.2024;TERMONITI.ru
12.01.2024;TERTYANNONA.ru
12.01.2024;TERUSHKINA.ru
12.01.2024;TESO.ru
12.01.2024;TEST-N.ru
12.01.2024;TEST-SERVIS.ru
12.01.2024;TEST-TRIKOSHOP24.ru
12.01.2024;TESTABC.ru
12.01.2024;TESTBIOM.ru
12.01.2024;TESTGCAAS.ru
12.01.2024;TESTUSER.ru
12.01.2024;TEX-AVTO.ru
12.01.2024;TEXAGROPARK.ru
12.01.2024;TEXOSMOTR-NN.ru
12.01.2024;TEXTILEDESIGN.ru
12.01.2024;TEXTPRINT.ru
12.01.2024;TGCONF.ru
12.01.2024;TGERCXF.ru
12.01.2024;TGKST.ru
12.01.2024;THATCHMAGB.ru
12.01.2024;THE-BIG-DAWGS.ru
12.01.2024;THE-CORELDRAW1.ru
12.01.2024;THE-OUTLOOK1.ru
12.01.2024;THE-TEAMSPEAK1.ru
12.01.2024;THE-VISIO1.ru
12.01.2024;THE-VOYAGER.ru
12.01.2024;THE-WORLD-IS-OURS.ru
12.01.2024;THEATRESHOW-AFISHA.ru
12.01.2024;THEBESTADVENTCALENDAR.ru
12.01.2024;THEBLISS.ru
12.01.2024;THEDVERBAR.ru
12.01.2024;THEEXCLUSIVE.ru
12.01.2024;THEFLOORS.ru
12.01.2024;THEGAMECREATORS.ru
12.01.2024;THEGAMEFORGE.ru
12.01.2024;THEGAMEMAKERS.ru
12.01.2024;THEIOBITUNINSTALLER1.ru
12.01.2024;THEMEZEX.ru
12.01.2024;THEOUTLOOKS1.ru
12.01.2024;THEPOWERPOINTS1.ru
12.01.2024;THEPROTEUS1.ru
12.01.2024;THERAPYGAME.ru
12.01.2024;THERAPYPHOTO.ru
12.01.2024;THEREBIRTHPROJECT.ru
12.01.2024;THERINK-SBER.ru
12.01.2024;THERMECO.ru
12.01.2024;THERMO-CLEAN.ru
12.01.2024;THEROUTER1.ru
12.01.2024;THESCRIVENER1.ru
12.01.2024;THESNOWQUEEN.ru
12.01.2024;THETIMEHOTEL-24.ru
12.01.2024;THEWORLDCUP.ru
12.01.2024;THINGLINK.ru
12.01.2024;THIRTYSECONDSTOMARS.ru
12.01.2024;THREADS-GANG.ru
12.01.2024;THREADS-UNIFORM.ru
12.01.2024;THUDAHAKNO.ru
12.01.2024;TIARTISAN.ru
12.01.2024;TICKET-KHLHOCKEY.ru
12.01.2024;TICORSION.ru
12.01.2024;TIDESNEAKER.ru
12.01.2024;TIHAYA-ROSKOSH.ru
12.01.2024;TIK-TOKKER.ru
12.01.2024;TIKASTUDIO.ru
12.01.2024;TIKTOKPREM.ru
12.01.2024;TILONLINE.ru
12.01.2024;TIMASA.ru
12.01.2024;TIME-CAR.ru
12.01.2024;TIMEFLIP.ru
12.01.2024;TIMEZERO.ru
12.01.2024;TIPOGRAFCHIK.ru
12.01.2024;TIPS-6318.ru
12.01.2024;TIPSYLOVE.ru
12.01.2024;TIREPUNKA.ru
12.01.2024;TISOFT.ru
12.01.2024;TITAN-RITUAL.ru
12.01.2024;TIZMASTER.ru
12.01.2024;TKAMR.ru
12.01.2024;TKANI-MOSKVA.ru
12.01.2024;TKARKIS.ru
12.01.2024;TKMMEDIA.ru
12.01.2024;TL-CONSULTING.ru
12.01.2024;TLECIBE.ru
12.01.2024;TLJA72F.ru
12.01.2024;TLK.ru
12.01.2024;TLK-FOND.ru
12.01.2024;TLPROJECT.ru
12.01.2024;TM-HRAM.ru
12.01.2024;TMHF.ru
12.01.2024;TMK-STEEL.ru
12.01.2024;TMSZ.ru
12.01.2024;TN41.ru
12.01.2024;TNEVG.ru
12.01.2024;TNS-ROSTOV.ru
12.01.2024;TOCHKA-KONTAKTA.ru
12.01.2024;TOCKER.ru
12.01.2024;TOILME.ru
12.01.2024;TOKA.ru
12.01.2024;TOKPOKKI-KAFE.ru
12.01.2024;TOLIMANTSENTR.ru
12.01.2024;TOM-CAT.ru
12.01.2024;TOMAZO.ru
12.01.2024;TOMENKO.ru
12.01.2024;TOMEOFMADNESS2024.ru
12.01.2024;TOMSKPRESS.ru
12.01.2024;TONCASINOS.ru
12.01.2024;TONFASAD.ru
12.01.2024;TONY-MARKET.ru
12.01.2024;TOOLDEPOT.ru
12.01.2024;TOP-SALONOV.ru
12.01.2024;TOP100VK.ru
12.01.2024;TOP1BOOST.ru
12.01.2024;TOPAZ-GARANT.ru
12.01.2024;TOPOLEK-SAMARA.ru
12.01.2024;TOPONLY.ru
12.01.2024;TOPORDORF.ru
12.01.2024;TOPSHOESSHOP.ru
12.01.2024;TOPUNIVERSAL.ru
12.01.2024;TOPWHIELS.ru
12.01.2024;TORDPE.ru
12.01.2024;TORGI-TENDERY.ru
12.01.2024;TORGSHOPP.ru
12.01.2024;TORORU.ru
12.01.2024;TORRENT-YOPTA.ru
12.01.2024;TORTO-ESHKA.ru
12.01.2024;TORTURE-STUDIO.ru
12.01.2024;TOTAL-LOGISTICS.ru
12.01.2024;TOTAL-LUB.ru
12.01.2024;TOTALCNC.ru
12.01.2024;TOTALRENT.ru
12.01.2024;TOTEM-MASTERS.ru
12.01.2024;TOTEMMASTERS.ru
12.01.2024;TOTWEB.ru
12.01.2024;TOUR-CSGO.ru
12.01.2024;TOURBRANDS.ru
12.01.2024;TOURIFY.ru
12.01.2024;TOURREALMS.ru
12.01.2024;TOURZAKAZ.ru
12.01.2024;TOUSTOU-7.ru
12.01.2024;TOVARI24.ru
12.01.2024;TOWTEAM.ru
12.01.2024;TOXIPOL.ru
12.01.2024;TOY-RU.ru
12.01.2024;TOYOTA-AUTOCLUB.ru
12.01.2024;TOYOTA-AVTOSERVICE.ru
12.01.2024;TOYOTA-CAMRY.ru
12.01.2024;TOYS-DM.ru
12.01.2024;TOYSTARS.ru
12.01.2024;TOYZON.ru
12.01.2024;TOYZZSHOP.ru
12.01.2024;TP-GARANT.ru
12.01.2024;TPK-SPECTR.ru
12.01.2024;TPLINKDNS.ru
12.01.2024;TPLINKEXTENDER.ru
12.01.2024;TPLINKMODEM.ru
12.01.2024;TPQT.ru
12.01.2024;TPZO.ru
12.01.2024;TR-77.ru
12.01.2024;TRADERSMART.ru
12.01.2024;TRADESTUDIO.ru
12.01.2024;TRADINGTOOL.ru
12.01.2024;TRAFFICLINKS.ru
12.01.2024;TRAI-AFB.ru
12.01.2024;TRAILVOLGA.ru
12.01.2024;TRAL-74.ru
12.01.2024;TRAL-RF.ru
12.01.2024;TRAMPSET.ru
12.01.2024;TRAMVAYBAR.ru
12.01.2024;TRANS-FINANCE.ru
12.01.2024;TRANSFER-PERM.ru
12.01.2024;TRANSHUMANIZM.ru
12.01.2024;TRANSPARTNER-LOGISTIC.ru
12.01.2024;TRANSPORTATION-SERPUKHOV.ru
12.01.2024;TRANSRUSSIA-CONNECT.ru
12.01.2024;TRAVEL-TONE.ru
12.01.2024;TRAVEL2BE.ru
12.01.2024;TRAVELATATMN.ru
12.01.2024;TRAVELFOREVER.ru
12.01.2024;TRAVELTONE.ru
12.01.2024;TRENINGBS-2.ru
12.01.2024;TRENOGABAND.ru
12.01.2024;TREPAKOV-PRO.ru
12.01.2024;TREYDGRUPP.ru
12.01.2024;TRICHOMED.ru
12.01.2024;TRIP-KAMCHATKA.ru
12.01.2024;TRIP-LINE.ru
12.01.2024;TRIP-WAY.ru
12.01.2024;TRIUMPH-CARS.ru
12.01.2024;TRIUMPHCARS.ru
12.01.2024;TRK-METROPARK.ru
12.01.2024;TROKIG.ru
12.01.2024;TROTUAR-URAL.ru
12.01.2024;TRSHP.ru
12.01.2024;TRUBAARM.ru
12.01.2024;TRUBAVAM.ru
12.01.2024;TRUBOPROVODSERVIS.ru
12.01.2024;TRUCKREM.ru
12.01.2024;TRUE-SMILE.ru
12.01.2024;TRUENDO.ru
12.01.2024;TRUMANMAX.ru
12.01.2024;TRUMPFPLUS.ru
12.01.2024;TRUTH-HR.ru
12.01.2024;TRUTHHR.ru
12.01.2024;TRY-SUCCESS.ru
12.01.2024;TRYPEK.ru
12.01.2024;TSENTRKRASOTI.ru
12.01.2024;TSG.ru
12.01.2024;TSHIRTSTYLE.ru
12.01.2024;TSHKIN.ru
12.01.2024;TSL-UAS.ru
12.01.2024;TSN-LU.ru
12.01.2024;TSN-NEO-PARK.ru
12.01.2024;TSNVOSHOD.ru
12.01.2024;TSUNAMIDV.ru
12.01.2024;TSVETUSHCHIYSAD.ru
12.01.2024;TTC-URAL.ru
12.01.2024;TTERRARIUM.ru
12.01.2024;TTS-SWM.ru
12.01.2024;TUNING-MARKET-URAL.ru
12.01.2024;TUR-HAMAM.ru
12.01.2024;TURIZM-RUS.ru
12.01.2024;TURIZMMARKET.ru
12.01.2024;TURK-NET.ru
12.01.2024;TURKSERALY.ru
12.01.2024;TURNTEAM.ru
12.01.2024;TUSUR-HELP24.ru
12.01.2024;TUTAHQDQYX.ru
12.01.2024;TUTANHAMON-LOMBARD.ru
12.01.2024;TUTEXT.ru
12.01.2024;TUTOPT.ru
12.01.2024;TUTORU.ru
12.01.2024;TUVA-ZAIM.ru
12.01.2024;TVERSKOIBETON.ru
12.01.2024;TVOE24SHOP.ru
12.01.2024;TVOYA-RECLAMA.ru
12.01.2024;TVOYMASTEROK.ru
12.01.2024;TVTG.ru
12.01.2024;TWEDSUIT-MTM.ru
12.01.2024;TWEDSUITMTM.ru
12.01.2024;TWEED-SUITS-MTM.ru
12.01.2024;TWEEDSUITS-MTM.ru
12.01.2024;TWEEDSUITSMTM.ru
12.01.2024;TWOFINANSGJ.ru
12.01.2024;TWOQEESE.ru
12.01.2024;TWOTOP.ru
12.01.2024;TYLS-2386.ru
12.01.2024;TYMANI.ru
12.01.2024;TYT-AKVARIUM.ru
12.01.2024;TYUILRI.ru
12.01.2024;TYULPANS.ru
12.01.2024;U-TRANS.ru
12.01.2024;U-WHATS.ru
12.01.2024;U1SMM1.ru
12.01.2024;UAHDONIC.ru
12.01.2024;UAZ-DESIGN.ru
12.01.2024;UBER-777.ru
12.01.2024;UBEREVZAVAS.ru
12.01.2024;UC-SUPER.ru
12.01.2024;UCENKA36.ru
12.01.2024;UCHET-PLUS.ru
12.01.2024;UCHETENERGO.ru
12.01.2024;UCHIRUVHOD.ru
12.01.2024;UCHITELGOVORIT.ru
12.01.2024;UCHUN.ru
12.01.2024;UD-PRINTER.ru
12.01.2024;UD010224.ru
12.01.2024;UD140124.ru
12.01.2024;UDM-M.ru
12.01.2024;UEORTEYR.ru
12.01.2024;UETK-PERM.ru
12.01.2024;UF-MIAL.ru
12.01.2024;UFA-ABC.ru
12.01.2024;UFA-HOLODILNIKI.ru
12.01.2024;UFA-KITCHEN.ru
12.01.2024;UFA01.ru
12.01.2024;UFC297.ru
12.01.2024;UFO777.ru
12.01.2024;UG26.ru
12.01.2024;UGLICH-OTEL.ru
12.01.2024;UGRADSL.ru
12.01.2024;UISTACK.ru
12.01.2024;UK-PROFSERVICE.ru
12.01.2024;UK-ZHEU18.ru
12.01.2024;UKAC-KONSTANTA.ru
12.01.2024;UKDRAMA.ru
12.01.2024;UKEKBEL.ru
12.01.2024;UKELITDOM.ru
12.01.2024;UKGF-CENTR.ru
12.01.2024;UKRIAR.ru
12.01.2024;UKRIARCONSULT.ru
12.01.2024;UKSERP-REGION.ru
12.01.2024;UKUSPEH.ru
12.01.2024;ULENCOI.ru
12.01.2024;ULTRAHOTKEY.ru
12.01.2024;ULURO-ADO.ru
12.01.2024;ULVISA.ru
12.01.2024;UM-6.ru
12.01.2024;UM-UVENTA.ru
12.01.2024;UMDACHA.ru
12.01.2024;UMKA-RF.ru
12.01.2024;UMKA-SCHOOL-GOSTAGAJ.ru
12.01.2024;UNAICE.ru
12.01.2024;UNGVAKT.ru
12.01.2024;UNI-FLEX.ru
12.01.2024;UNI-NOVYURENGOY.ru
12.01.2024;UNIBLOCK16.ru
12.01.2024;UNIBYTES.ru
12.01.2024;UNICON-TRADE.ru
12.01.2024;UNIQUE-KAMCHATKA.ru
12.01.2024;UNIQUEFUNC.ru
12.01.2024;UNIQUEI3D.ru
12.01.2024;UNIQUEKICK.ru
12.01.2024;UNISEPTIC.ru
12.01.2024;UNIT-DATA.ru
12.01.2024;UNODECK99.ru
12.01.2024;UNQUEFUNC.ru
12.01.2024;UNTITLED-GOOSE-GAME.ru
12.01.2024;UP-X-OFFICIAL-SITETOP.ru
12.01.2024;UP86.ru
12.01.2024;UPACK-LAB.ru
12.01.2024;UPACKOVSKI.ru
12.01.2024;UPAKOFKA.ru
12.01.2024;UPBS.ru
12.01.2024;UPITERREMONT.ru
12.01.2024;UPPRK.ru
12.01.2024;UQB7S5D.ru
12.01.2024;URAL-CON.ru
12.01.2024;URAL-HOSTING.ru
12.01.2024;URALBASHSTROY.ru
12.01.2024;URALMTS.ru
12.01.2024;URALPM.ru
12.01.2024;URALPROMMETALL.ru
12.01.2024;URALSH.ru
12.01.2024;URALSVIP.ru
12.01.2024;URBAN-AUTO.ru
12.01.2024;URBANGARDENING.ru
12.01.2024;URBANUSSUR.ru
12.01.2024;URBANX.ru
12.01.2024;UREREAHS.ru
12.01.2024;UREXPERTUFA.ru
12.01.2024;URIEVSKY.ru
12.01.2024;URIST-PERM.ru
12.01.2024;URKHOUSE.ru
12.01.2024;URLEBIRD.ru
12.01.2024;URLOOKINGFORTHISPAGE.ru
12.01.2024;URLUTM.ru
12.01.2024;UROBORUSGAMES.ru
12.01.2024;URPRAVOEKB.ru
12.01.2024;USADBA-OTRADNOE.ru
12.01.2024;USADBASIB.ru
12.01.2024;USANDONGAREE.ru
12.01.2024;USEDCMACH.ru
12.01.2024;USLUGI-ADVOKATA-SPB.ru
12.01.2024;USLUGI-BUHGALTERSKIE.ru
12.01.2024;USLUGILYUDYAM.ru
12.01.2024;USLUGIVTK.ru
12.01.2024;USOBI.ru
12.01.2024;UST-NUR.ru
12.01.2024;USYNOVI.ru
12.01.2024;UT120124.ru
12.01.2024;UTAMEBEL.ru
12.01.2024;UTILRUS.ru
12.01.2024;UTKADOMA.ru
12.01.2024;UTR-KAZS4.ru
12.01.2024;UTROLIVE.ru
12.01.2024;UVAROVMASLO.ru
12.01.2024;UVENAL.ru
12.01.2024;UVENDA.ru
12.01.2024;UYRGINSKOE.ru
12.01.2024;V-G-K.ru
12.01.2024;V-KAKOE-CASINO-IGRAYET-MELSTROY.ru
12.01.2024;V-KONVERTE.ru
12.01.2024;V-PROSHLOM-DOLGI.ru
12.01.2024;V-TRUDA.ru
12.01.2024;V-WHATSA.ru
12.01.2024;V3IMUSP.ru
12.01.2024;V4A2NR5.ru
12.01.2024;VAATALUN.ru
12.01.2024;VABANKROT.ru
12.01.2024;VABRAMOVICH.ru
12.01.2024;VALCUCINE-MOSCOW.ru
12.01.2024;VALCUCINEMOSCOW.ru
12.01.2024;VALERIEGROUP.ru
12.01.2024;VALIDATECHECK.ru
12.01.2024;VALUE-X.ru
12.01.2024;VALYNKINAALINA.ru
12.01.2024;VAMI7IR.ru
12.01.2024;VAN-CAMPUS.ru
12.01.2024;VANACOS.ru
12.01.2024;VANATUR.ru
12.01.2024;VANGUARDIA.ru
12.01.2024;VANILKI-CLUB.ru
12.01.2024;VANTFILES.ru
12.01.2024;VAOST61.ru
12.01.2024;VAPEONCLOUD.ru
12.01.2024;VAREZ-KNIGA.ru
12.01.2024;VARFOLOMEEV86.ru
12.01.2024;VARICOSIL.ru
12.01.2024;VARYA-KO.ru
12.01.2024;VARYACO.ru
12.01.2024;VARYAKO.ru
12.01.2024;VASHAELKA.ru
12.01.2024;VASHE-STEKLO.ru
12.01.2024;VASKINO-IZHS.ru
12.01.2024;VASSILEK.ru
12.01.2024;VASTECH.ru
12.01.2024;VAVADA-CASINO-GO.ru
12.01.2024;VAVADAMIL.ru
12.01.2024;VBRY.ru
12.01.2024;VBWENGINEERING.ru
12.01.2024;VBYAKIMOV.ru
12.01.2024;VCARDICARD.ru
12.01.2024;VCASINODA.ru
12.01.2024;VCEOHOSTINGAX.ru
12.01.2024;VDK-SERVICE.ru
12.01.2024;VECHERA.ru
12.01.2024;VECHNOST-LNG.ru
12.01.2024;VECTORCAPITAL.ru
12.01.2024;VEDU-SVADBI-TYUMEN.ru
12.01.2024;VEGAPARKING.ru
12.01.2024;VEGAPROSPB.ru
12.01.2024;VEGASGRAND5-ONLINE.ru
12.01.2024;VEGASGRANDCASINOVIP.ru
12.01.2024;VEHICLEPARTSMAKER.ru
12.01.2024;VEKTORCAR.ru
12.01.2024;VELESKORM-ZEL.ru
12.01.2024;VELIKOLEPIYE.ru
12.01.2024;VELOUR35.ru
12.01.2024;VELOYA1.ru
12.01.2024;VENIKVBANY.ru
12.01.2024;VENKIILENTY.ru
12.01.2024;VENTILYACYA.ru
12.01.2024;VENTO-RESTATE.ru
12.01.2024;VENTOBMER.ru
12.01.2024;VENUS-X.ru
12.01.2024;VERANDAKZN.ru
12.01.2024;VERASHESTAKOVA.ru
12.01.2024;VERBART.ru
12.01.2024;VERBAUCTION.ru
12.01.2024;VERBI-VITAE.ru
12.01.2024;VERESKMOSCOW.ru
12.01.2024;VERNADSKOGO-LOFT.ru
12.01.2024;VERNEMIP.ru
12.01.2024;VERNISAJ-TEXTILE.ru
12.01.2024;VEROKI.ru
12.01.2024;VEROLAND.ru
12.01.2024;VERSALHOTEL.ru
12.01.2024;VERSATILEHU.ru
12.01.2024;VERSHOTEL.ru
12.01.2024;VERSTKOV-7.ru
12.01.2024;VERTIGOMUSIC.ru
12.01.2024;VERTOS.ru
12.01.2024;VESELOVAEVGENIYA.ru
12.01.2024;VESTETICA.ru
12.01.2024;VET-EKO.ru
12.01.2024;VETAAPR.ru
12.01.2024;VETKA-COFFEE.ru
12.01.2024;VETMEDICPRO.ru
12.01.2024;VETMISSION.ru
12.01.2024;VETRO-SARATOV.ru
12.01.2024;VEZDEKYATOR.ru
12.01.2024;VGERASIMENKO.ru
12.01.2024;VGRAND-CASINO.ru
12.01.2024;VHRAP.ru
12.01.2024;VIACONCERT.ru
12.01.2024;VIADOOKPRO.ru
12.01.2024;VIAVR.ru
12.01.2024;VIBORY2021.ru
12.01.2024;VIBROTECHNIC.ru
12.01.2024;VICOT.ru
12.01.2024;VIDEO-INFO.ru
12.01.2024;VIDEO-LAND.ru
12.01.2024;VIDEO-PORTALS.ru
12.01.2024;VIDEO-TORG.ru
12.01.2024;VIDEONEO-SALE.ru
12.01.2024;VIEBLANKISOSITEXYI.ru
12.01.2024;VIEW-POSMOTRIMIR.ru
12.01.2024;VIKAYKA.ru
12.01.2024;VIKHANOV.ru
12.01.2024;VIKIONLINE.ru
12.01.2024;VIKO-GEO.ru
12.01.2024;VIKSCHOOL.ru
12.01.2024;VIKSNAB.ru
12.01.2024;VIKSTEK.ru
12.01.2024;VIKTORFRANKL.ru
12.01.2024;VIKTORIA-CENTER.ru
12.01.2024;VIKTORVORONIN.ru
12.01.2024;VILENOVNAA.ru
12.01.2024;VIMBICO.ru
12.01.2024;VINIGRET.ru
12.01.2024;VINO-ORNETA.ru
12.01.2024;VINO66.ru
12.01.2024;VIP-HELP.ru
12.01.2024;VIP-LEPNINA.ru
12.01.2024;VIP-POTOLKI.ru
12.01.2024;VIPAVTO96.ru
12.01.2024;VIPDRESSIROVKA.ru
12.01.2024;VIPVISITS.ru
12.01.2024;VIRANMSK.ru
12.01.2024;VIRTDATING.ru
12.01.2024;VIRTUAL-BANK.ru
12.01.2024;VISA-TO-DUBAI.ru
12.01.2024;VISIKSAT.ru
12.01.2024;VISION-VISTA.ru
12.01.2024;VISITORS-ABC.ru
12.01.2024;VITAEXPRESSO.ru
12.01.2024;VITALY-SHIRIN.ru
12.01.2024;VITIONGROUP-REPAIR-MANAGEMENT.ru
12.01.2024;VITKA921.ru
12.01.2024;VITTAKAM.ru
12.01.2024;VIVA-VIVATA.ru
12.01.2024;VIVADENTAL.ru
12.01.2024;VIVALABRAND.ru
12.01.2024;VIVOZ-M.ru
12.01.2024;VJSKCVG.ru
12.01.2024;VKACHESTVE.ru
12.01.2024;VKONTAKTEHELP.ru
12.01.2024;VKSHOPNEWS.ru
12.01.2024;VKTRUST.ru
12.01.2024;VKUS-ZHIZNI16.ru
12.01.2024;VKUSNYESEKRETY.ru
12.01.2024;VKUSVILLMAGAZIN.ru
12.01.2024;VKZVUK.ru
12.01.2024;VLAAM.ru
12.01.2024;VLAD-KDC.ru
12.01.2024;VLADIMIRVLADIMIRA.ru
12.01.2024;VLADMAKS.ru
12.01.2024;VLADUSEE.ru
12.01.2024;VLASOVA-FRANSHIZA.ru
12.01.2024;VLKSBIZNES-EXPERT.ru
12.01.2024;VM-FORUM.ru
12.01.2024;VM48.ru
12.01.2024;VMESTE-PRIRODE.ru
12.01.2024;VMIRETEPLA.ru
12.01.2024;VMOSIN.ru
12.01.2024;VNIIKUKURUZY.ru
12.01.2024;VOA-USTKUT.ru
12.01.2024;VOASW.ru
12.01.2024;VODOBUR24.ru
12.01.2024;VODOSBOR.ru
12.01.2024;VOLBBRATSTVO.ru
12.01.2024;VOLGAMORE.ru
12.01.2024;VOLGAPS.ru
12.01.2024;VOLGASERT.ru
12.01.2024;VOLGASM.ru
12.01.2024;VOLGOGRAD-SUD.ru
12.01.2024;VOLHOVEC-SHOP.ru
12.01.2024;VOLKOV-ART.ru
12.01.2024;VOLKSWAGEN-MOTORS.ru
12.01.2024;VOLLEYBALLWORLD.ru
12.01.2024;VOLNA-CASINO-024.ru
12.01.2024;VOLNACASINO-TOP4.ru
12.01.2024;VOLNACASINO-TOP5.ru
12.01.2024;VOLNAINTVTEX6.ru
12.01.2024;VOLNAINTVTEX7.ru
12.01.2024;VOLNAKAZINO-MARKET4.ru
12.01.2024;VOLSHCHIKOV.ru
12.01.2024;VOLTEY-RADAR.ru
12.01.2024;VOLVOCARS-AGENT.ru
12.01.2024;VOODOOFOOD.ru
12.01.2024;VOROSHILKI.ru
12.01.2024;VOROZHBITOVHOME.ru
12.01.2024;VOSLINE.ru
12.01.2024;VOSTOK-YUG.ru
12.01.2024;VOSTORG-MEBEL.ru
12.01.2024;VOSTSIBSPRAVKA.ru
12.01.2024;VOSVODRF.ru
12.01.2024;VOTTENAA.ru
12.01.2024;VOVASYUZEV.ru
12.01.2024;VOYAGESHOP24.ru
12.01.2024;VOZMIR.ru
12.01.2024;VPDACHA.ru
12.01.2024;VPLYAS.ru
12.01.2024;VPNBOOK.ru
12.01.2024;VPOKROVSKOE.ru
12.01.2024;VPRACING.ru
12.01.2024;VR-ATTRACTION.ru
12.01.2024;VR-MONUMENTS.ru
12.01.2024;VR-SPORT.ru
12.01.2024;VREMIAVPERED.ru
12.01.2024;VREMYAPERVOY.ru
12.01.2024;VRO-RGO.ru
12.01.2024;VSE-GSM.ru
12.01.2024;VSE-SMOKI-MO.ru
12.01.2024;VSE-SVYAZANO.ru
12.01.2024;VSEATOZAPCHASTI.ru
12.01.2024;VSEGDAKOTOV.ru
12.01.2024;VSEM-TRUBA.ru
12.01.2024;VSEMCVETY.ru
12.01.2024;VSEMDOMKZN.ru
12.01.2024;VSEMREKLAMA.ru
12.01.2024;VSEPLOHO.ru
12.01.2024;VSERIALY.ru
12.01.2024;VSESEKRETI.ru
12.01.2024;VSESTYAZHKI.ru
12.01.2024;VSEVELECTROMOTO.ru
12.01.2024;VSEVSADU.ru
12.01.2024;VSHIKHOV.ru
12.01.2024;VSILAH.ru
12.01.2024;VSM96.ru
12.01.2024;VSMAYKI.ru
12.01.2024;VSOTIKE.ru
12.01.2024;VSPYSHKA-REST.ru
12.01.2024;VSTROENNYE-SHKAFY-NA-ZAKAZ.ru
12.01.2024;VT-CASTINGS.ru
12.01.2024;VTB-3851.ru
12.01.2024;VTB24-OPROS2024.ru
12.01.2024;VTORMETM.ru
12.01.2024;VTRENDE72.ru
12.01.2024;VTS-NN.ru
12.01.2024;VULCAN-APPSWIN.ru
12.01.2024;VULCAN-STARS.ru
12.01.2024;VULKAN-CASINO-MSK.ru
12.01.2024;VULKAN-CASINO-RUSSIA.ru
12.01.2024;VULKAN-CLYB.ru
12.01.2024;VULKAN-DJEKPOT.ru
12.01.2024;VULKAN-IGRAT.ru
12.01.2024;VULKAN-VULKAN.ru
12.01.2024;VULKAN-XSLOTS.ru
12.01.2024;VULKANGAME-APP.ru
12.01.2024;VULKANHQ.ru
12.01.2024;VULKANMONEY-APP.ru
12.01.2024;VULKANOS-ZERKALOS.ru
12.01.2024;VULVEMAB.ru
12.01.2024;VULVEMAE.ru
12.01.2024;VV-TRADE.ru
12.01.2024;VVFI.ru
12.01.2024;VW-STAT.ru
12.01.2024;VYKUP01SPB.ru
12.01.2024;VYKUP56.ru
12.01.2024;VYSHEMIRSKAYA.ru
12.01.2024;VYVOZ-STROITELNOGO-KRASNODAR23.ru
12.01.2024;VZR-NSK.ru
12.01.2024;VZTDN.ru
12.01.2024;W-IMAGE.ru
12.01.2024;W-SIBERIA.ru
12.01.2024;W-WHATS.ru
12.01.2024;WAIREL.ru
12.01.2024;WAITHWARE.ru
12.01.2024;WAKANIM.ru
12.01.2024;WALDVOGEL.ru
12.01.2024;WALLOT.ru
12.01.2024;WALLPANELSSOCHI.ru
12.01.2024;WAPSAT.ru
12.01.2024;WARHEL.ru
12.01.2024;WARIKOZA-NET.ru
12.01.2024;WARLORDS1.ru
12.01.2024;WARM-FLOOR.ru
12.01.2024;WATCH32.ru
12.01.2024;WATERFALL-TYRES.ru
12.01.2024;WATERFALLTIRES.ru
12.01.2024;WATERFALLTYRES.ru
12.01.2024;WATERJET-CUTTERS.ru
12.01.2024;WATERREVOLUTION.ru
12.01.2024;WATT-LAB.ru
12.01.2024;WATTLAB.ru
12.01.2024;WAYNARIELDAS.ru
12.01.2024;WAYSTREAM.ru
12.01.2024;WB-OZONSELLER.ru
12.01.2024;WB-TRASH.ru
12.01.2024;WBBRO-SKOLESNIK.ru
12.01.2024;WBSALE.ru
12.01.2024;WCZ5G37.ru
12.01.2024;WE-IDEAL.ru
12.01.2024;WEALTHCAPITAL.ru
12.01.2024;WEALTHLESSONS.ru
12.01.2024;WEARE2012.ru
12.01.2024;WEB-BOOSTER.ru
12.01.2024;WEB-STREET.ru
12.01.2024;WEBA100.ru
12.01.2024;WEBBLINK.ru
12.01.2024;WEBHOST2.ru
12.01.2024;WEBLITERP.ru
12.01.2024;WEBREKLAMA.ru
12.01.2024;WEBSTRELOK.ru
12.01.2024;WEBTIMESTUDIO.ru
12.01.2024;WEBTUNNEL.ru
12.01.2024;WEBWISES.ru
12.01.2024;WEDPIX.ru
12.01.2024;WEEK02.ru
12.01.2024;WEIGHT-PLAN.ru
12.01.2024;WEIGHTLOSSBLOG.ru
12.01.2024;WEINISHI.ru
12.01.2024;WELCOME62.ru
12.01.2024;WELCOMEMOTHER.ru
12.01.2024;WELDAP.ru
12.01.2024;WELDEX-CONNECT.ru
12.01.2024;WELDOXX.ru
12.01.2024;WELL-CARRY.ru
12.01.2024;WELLBOAT-SPB.ru
12.01.2024;WELT-SHOP.ru
12.01.2024;WELTEWHOME-MOSCOW.ru
12.01.2024;WELTNORM.ru
12.01.2024;WENNABE.ru
12.01.2024;WERTAS.ru
12.01.2024;WEST-GYM.ru
12.01.2024;WESTCOASTGARAGE.ru
12.01.2024;WESTERNCAPITAL.ru
12.01.2024;WETINK.ru
12.01.2024;WEXDIAZ.ru
12.01.2024;WF-CASHBACK.ru
12.01.2024;WF-STORAGE.ru
12.01.2024;WFB-MC.ru
12.01.2024;WG-FRESH2.ru
12.01.2024;WHEELPROS.ru
12.01.2024;WHESTATE.ru
12.01.2024;WHITE-PALM.ru
12.01.2024;WHITE-SEO.ru
12.01.2024;WHITEBOXES.ru
12.01.2024;WHITEPALMDUBAI.ru
12.01.2024;WHITFIELE.ru
12.01.2024;WHOLESALERETAIL.ru
12.01.2024;WHORE-PROXY.ru
12.01.2024;WHSROMA.ru
12.01.2024;WIDEFOR.ru
12.01.2024;WIESER.ru
12.01.2024;WIFIRE-SHOP.ru
12.01.2024;WIKI-RU.ru
12.01.2024;WILDAP.ru
12.01.2024;WILDKINO.ru
12.01.2024;WILDROME.ru
12.01.2024;WINDEROSA.ru
12.01.2024;WINDEX-RT.ru
12.01.2024;WINEKEY.ru
12.01.2024;WINNER-BEAUTY-ROOM.ru
12.01.2024;WINYWAY.ru
12.01.2024;WIPEGIPETSERVIS.ru
12.01.2024;WISHMATRIX.ru
12.01.2024;WITADENT.ru
12.01.2024;WITHOUT-VIRUS.ru
12.01.2024;WIXIT.ru
12.01.2024;WIZARDPRINT.ru
12.01.2024;WLAD14212.ru
12.01.2024;WLIIFF.ru
12.01.2024;WMSTAT.ru
12.01.2024;WMXX.ru
12.01.2024;WOBKIT.ru
12.01.2024;WOGALVA.ru
12.01.2024;WOLFSHEIM.ru
12.01.2024;WOMANS-SCHOOL.ru
12.01.2024;WOMANS-VIAGRA.ru
12.01.2024;WOMANSEKRETS.ru
12.01.2024;WOODBLOCX.ru
12.01.2024;WOODEN-CRAFTS.ru
12.01.2024;WOODEX-CONNECT.ru
12.01.2024;WOODKEDR.ru
12.01.2024;WOODREZ.ru
12.01.2024;WOODSEPTA.ru
12.01.2024;WOODSERVIS.ru
12.01.2024;WOOLWARES.ru
12.01.2024;WORKBIRGE.ru
12.01.2024;WORKER38.ru
12.01.2024;WORKFABERLIC.ru
12.01.2024;WORKINGCARDS.ru
12.01.2024;WORKLENS.ru
12.01.2024;WORKSHOPSTI.ru
12.01.2024;WORKUPLOAD.ru
12.01.2024;WORLD-OF-ANIME.ru
12.01.2024;WORLDCLASS-KRASNODAR.ru
12.01.2024;WORLDDIET.ru
12.01.2024;WORLDFOOD-CONNECT.ru
12.01.2024;WORLDNUT.ru
12.01.2024;WORLDOFBLASTRAC.ru
12.01.2024;WORLDSPOT.ru
12.01.2024;WOWPROJECTS.ru
12.01.2024;WP-CITY.ru
12.01.2024;WPARTY.ru
12.01.2024;WREATHYKWA.ru
12.01.2024;WRITINGBOOK.ru
12.01.2024;WS-CONSULTING.ru
12.01.2024;WS-GLOBAL.ru
12.01.2024;WSAY.ru
12.01.2024;WSITE-M.ru
12.01.2024;WSNT.ru
12.01.2024;WTF-SCORPION.ru
12.01.2024;WUKRUN.ru
12.01.2024;WUSHUVL.ru
12.01.2024;WW-MAGAZIN.ru
12.01.2024;WWCLEAN.ru
12.01.2024;WWW-CLINIQUE.ru
12.01.2024;WWW-CROCS.ru
12.01.2024;WWW-KAYAK.ru
12.01.2024;WWW-KOLESO.ru
12.01.2024;WWW-LACOSTE.ru
12.01.2024;WWW-MOMONDO.ru
12.01.2024;WWWMM.ru
12.01.2024;WWWSRUBILI.ru
12.01.2024;X-KEYS.ru
12.01.2024;X-MOTOS.ru
12.01.2024;X100GEMS.ru
12.01.2024;XBETMIRROR.ru
12.01.2024;XBETSPORT-COM.ru
12.01.2024;XCAMSX.ru
12.01.2024;XCUM9FHVAUEC.ru
12.01.2024;XDOSUG-PETROZAVODSK.ru
12.01.2024;XENUM77.ru
12.01.2024;XERAX.ru
12.01.2024;XILINXSTORE.ru
12.01.2024;XINJE-SINZE.ru
12.01.2024;XLEBSOL-PIROG.ru
12.01.2024;XLIVESEX.ru
12.01.2024;XLURE.ru
12.01.2024;XMAIN.ru
12.01.2024;XMANIA.ru
12.01.2024;XMOTOS.ru
12.01.2024;XOBIT.ru
12.01.2024;XTONGROUP.ru
12.01.2024;XUSER.ru
12.01.2024;XUST.ru
12.01.2024;XWOMEN.ru
12.01.2024;Y-WHATS.ru
12.01.2024;YA-FADEEV.ru
12.01.2024;YACKILENATH.ru
12.01.2024;YACLEANING-ULTIMA.ru
12.01.2024;YACLEANINGULTIMA.ru
12.01.2024;YADISC3310.ru
12.01.2024;YADOMA-MOSCOW.ru
12.01.2024;YAISTOCHNIK.ru
12.01.2024;YAKUTSKIE-SKLADNYE-NOZHI.ru
12.01.2024;YALELODGE.ru
12.01.2024;YALENKINO.ru
12.01.2024;YALHALLA.ru
12.01.2024;YALOGISTIC.ru
12.01.2024;YANAKRYVARUTSKAYA.ru
12.01.2024;YANASHLA.ru
12.01.2024;YANDEX-EDA-KURYER.ru
12.01.2024;YANDEX-ERMILOV.ru
12.01.2024;YANDEX-PLUS.ru
12.01.2024;YANDEX-SPLIT.ru
12.01.2024;YANDEX-TSEPALKINA.ru
12.01.2024;YANDEX-VESELOV.ru
12.01.2024;YANEED.ru
12.01.2024;YANGFIRE.ru
12.01.2024;YAPOEL.ru
12.01.2024;YAPOMOSCHNIK.ru
12.01.2024;YARBANJA.ru
12.01.2024;YARCHECHNYA.ru
12.01.2024;YARDREI.ru
12.01.2024;YAREXPERTPROECT.ru
12.01.2024;YARMARKA-GROUP.ru
12.01.2024;YARMIYCHUK.ru
12.01.2024;YAROSLAVSAVIN.ru
12.01.2024;YAROSSFERA.ru
12.01.2024;YARUS-PREMER.ru
12.01.2024;YARWALD.ru
12.01.2024;YASHKUN.ru
12.01.2024;YASNOVIDYASHAYA-SITE.ru
12.01.2024;YATTA.ru
12.01.2024;YAVSTORAGE.ru
12.01.2024;YCTIPC.ru
12.01.2024;YEEZY-DISKONT.ru
12.01.2024;YELLOWSTONEBAND.ru
12.01.2024;YFARMAMIXX.ru
12.01.2024;YILMAZALANYA.ru
12.01.2024;YK-RUBLEVSKAYA.ru
12.01.2024;YK-RUBLEVSKOE.ru
12.01.2024;YKLISTE.ru
12.01.2024;YKVERESAEVO.ru
12.01.2024;YLEJ63.ru
12.01.2024;YLERICENTIA.ru
12.01.2024;YLFPMPUDON.ru
12.01.2024;YLOGI.ru
12.01.2024;YNDEX-PRACTICUM.ru
12.01.2024;YOLO-OFFICIAL.ru
12.01.2024;YOLOBIT.ru
12.01.2024;YOLOOFFICIAL.ru
12.01.2024;YOSHTA.ru
12.01.2024;YOT14.ru
12.01.2024;YOTA-SAT.ru
12.01.2024;YOTUN.ru
12.01.2024;YOU-FASHION.ru
12.01.2024;YOU-MATRONA.ru
12.01.2024;YOULOVELY.ru
12.01.2024;YOUR-INTERESTS.ru
12.01.2024;YOURCONSIGLIERE.ru
12.01.2024;YOURHEALTHYBODY.ru
12.01.2024;YOUTHFUTURE.ru
12.01.2024;YOUTHPOWER.ru
12.01.2024;YRALMM2.ru
12.01.2024;YU4N.ru
12.01.2024;YUG-MEDIA.ru
12.01.2024;YUGAGRO-CONNECT.ru
12.01.2024;YUGM.ru
12.01.2024;YUGPT.ru
12.01.2024;YULIAZVV.ru
12.01.2024;YUREVA-ART.ru
12.01.2024;YURISAX.ru
12.01.2024;YURNIKPAN.ru
12.01.2024;YURREITIMAGE.ru
12.01.2024;YVG-CREATOR.ru
12.01.2024;Z-WHATSA.ru
12.01.2024;ZA1M-VAM.ru
12.01.2024;ZABELINWORKSHOP.ru
12.01.2024;ZABIAKA.ru
12.01.2024;ZABORY-MOSKVA.ru
12.01.2024;ZAG-ZAG-IT.ru
12.01.2024;ZAGADKI24.ru
12.01.2024;ZAGOROD-EXPO.ru
12.01.2024;ZAGORODNOE-STROITELSTVO.ru
12.01.2024;ZAGORULINA.ru
12.01.2024;ZAGS-YANAO.ru
12.01.2024;ZAHAROVO-ADM.ru
12.01.2024;ZAHAROVSMM.ru
12.01.2024;ZAIDI-K-N.ru
12.01.2024;ZAJKA-MED.ru
12.01.2024;ZAJKINA.ru
12.01.2024;ZAKAZ7375.ru
12.01.2024;ZAKHAROVPHOTO.ru
12.01.2024;ZAKOLKIDLYAVOLOS.ru
12.01.2024;ZALLCLUB.ru
12.01.2024;ZAMKOVSKY-BANKROTSTVO.ru
12.01.2024;ZAMOK-SB.ru
12.01.2024;ZAOEKTSG.ru
12.01.2024;ZAPDOC.ru
12.01.2024;ZAPSTOR.ru
12.01.2024;ZARABOTKIVSETI.ru
12.01.2024;ZARABOTOK-PARTNER.ru
12.01.2024;ZARAMKAMISTORE.ru
12.01.2024;ZARINA-BULATOVA.ru
12.01.2024;ZASORPROFI.ru
12.01.2024;ZATO-SOLNECHNYI.ru
12.01.2024;ZATSEPINA-YULIYA.ru
12.01.2024;ZAVODPRIBOROV.ru
12.01.2024;ZAVODSKOY-BAR.ru
12.01.2024;ZAYNSKTRUD.ru
12.01.2024;ZDESURIST3.ru
12.01.2024;ZDESURIST5.ru
12.01.2024;ZDMITRIJ.ru
12.01.2024;ZDRAVIYA48.ru
12.01.2024;ZEALOT-RUSSIA.ru
12.01.2024;ZEBRAKIDS.ru
12.01.2024;ZELCENTER.ru
12.01.2024;ZELEATHER.ru
12.01.2024;ZELENOGORSKDENTAL.ru
12.01.2024;ZELENOGRAD-IRIDIUM.ru
12.01.2024;ZELINVENTOR.ru
12.01.2024;ZELSG.ru
12.01.2024;ZEM-EKSPERT.ru
12.01.2024;ZEMTSOVVITOR.ru
12.01.2024;ZEMUCH.ru
12.01.2024;ZENCONNECT.ru
12.01.2024;ZEPTIK.ru
12.01.2024;ZERKALO-KENT-CASINO.ru
12.01.2024;ZERNO-KUZBASS.ru
12.01.2024;ZERO-RISK.ru
12.01.2024;ZETTALNS.ru
12.01.2024;ZETTELKASTEN-IT.ru
12.01.2024;ZEUSVSHADESGAME.ru
12.01.2024;ZEVSEVOLOD.ru
12.01.2024;ZHANT.ru
12.01.2024;ZHELTOK-TAXI.ru
12.01.2024;ZHEMCHUZHINA-KABARDINKA.ru
12.01.2024;ZHENYAMUKHINA.ru
12.01.2024;ZHIGLIB.ru
12.01.2024;ZHIRN.ru
12.01.2024;ZHKMANDARIN.ru
12.01.2024;ZHKU-VAGONKA.ru
12.01.2024;ZHMITIN.ru
12.01.2024;ZHONGTAILASER.ru
12.01.2024;ZHUKDECOR.ru
12.01.2024;ZHUKOVSKIY125.ru
12.01.2024;ZHURBUK.ru
12.01.2024;ZHUZHIK.ru
12.01.2024;ZILAONE.ru
12.01.2024;ZILTP.ru
12.01.2024;ZINOVIEW.ru
12.01.2024;ZIP-LUKRUM24.ru
12.01.2024;ZIP-RU.ru
12.01.2024;ZKH-KRASKOVO.ru
12.01.2024;ZLIBRARY.ru
12.01.2024;ZODVL.ru
12.01.2024;ZONA-BBQ.ru
12.01.2024;ZOODOKTOR16.ru
12.01.2024;ZOOMAIR.ru
12.01.2024;ZOOMART-URAL.ru
12.01.2024;ZOOVENTA.ru
12.01.2024;ZORGE.ru
12.01.2024;ZORIANNEDR.ru
12.01.2024;ZORINGROUP.ru
12.01.2024;ZOV32.ru
12.01.2024;ZOV48.ru
12.01.2024;ZPP66.ru
12.01.2024;ZQ-PLATFORM.ru
12.01.2024;ZRVAHTA.ru
12.01.2024;ZSVM9P2.ru
12.01.2024;ZTEDEVICE.ru
12.01.2024;ZTSR.ru
12.01.2024;ZUBOV124.ru
12.01.2024;ZUROPLAST-RUSSIA.ru
12.01.2024;ZVUCK.ru
12.01.2024;ZXA3.ru
12.01.2024;ZYTEX.ru
12.01.2024;ZZ-PRO.ru
12.01.2024;ZZUBBI-KKI.ru
12.01.2024;ZZUBBIKKI.ru
12.01.2024;ZZUUBB-NNOOII.ru
12.01.2024;ZZUUBBNNOOII.ru
12.01.2024;ZZZD.ru
13.01.2024;00-77.ru
13.01.2024;03K.ru
13.01.2024;09SAULUK.ru
13.01.2024;0TPBANK.ru
13.01.2024;0XCHEATS.ru
13.01.2024;1-ASU.ru
13.01.2024;1-ETAGE.ru
13.01.2024;1-PROM.ru
13.01.2024;1000OTZYVOV.ru
13.01.2024;1001ART.ru
13.01.2024;1001SMILE.ru
13.01.2024;100PESEN.ru
13.01.2024;100PRAZDNIKOV.ru
13.01.2024;100TRADES.ru
13.01.2024;10PR.ru
13.01.2024;111ME.ru
13.01.2024;13MTN.ru
13.01.2024;155VP.ru
13.01.2024;17-TRACK.ru
13.01.2024;171ORENSAD.ru
13.01.2024;174VTORMET.ru
13.01.2024;17TREK.ru
13.01.2024;192734.ru
13.01.2024;19TH.ru
13.01.2024;1ASU.ru
13.01.2024;1BALLU.ru
13.01.2024;1BUY.ru
13.01.2024;1CEMENA.ru
13.01.2024;1CFORWARD.ru
13.01.2024;1ELECTROLUX.ru
13.01.2024;1ENERGOLUX.ru
13.01.2024;1FABRIKA72.ru
13.01.2024;1FUNAI.ru
13.01.2024;1GREE.ru
13.01.2024;1HAIER.ru
13.01.2024;1HITACHI.ru
13.01.2024;1I3.ru
13.01.2024;1INSTRUMENT.ru
13.01.2024;1KADRI.ru
13.01.2024;1KADRU.ru
13.01.2024;1MTK.ru
13.01.2024;1PANASONIC.ru
13.01.2024;1PROGRAMS.ru
13.01.2024;1ROLL.ru
13.01.2024;1SBIT.ru
13.01.2024;1SEASSLOVOPACAN.ru
13.01.2024;1SERVIS.ru
13.01.2024;1SESLOVOPACAN.ru
13.01.2024;1SEZSLOVOPACAN.ru
13.01.2024;1TCO.ru
13.01.2024;1TOSHIBA.ru
13.01.2024;1VORLE.ru
13.01.2024;1WIN-2024R.ru
13.01.2024;1WIN-JOYY.ru
13.01.2024;1WIN-LUCK777.ru
13.01.2024;1WIN-LUCKY-JETS.ru
13.01.2024;1WIN-LUCKY777.ru
13.01.2024;1WIN-MIRRORZ.ru
13.01.2024;1WIN-NOW.ru
13.01.2024;1WIN-PRO.ru
13.01.2024;1WIN-PROMOKODE.ru
13.01.2024;1WIN-SIGNAL.ru
13.01.2024;1WIN-TELEGRAM.ru
13.01.2024;1WIN-WIN-BK.ru
13.01.2024;1WIN-X.ru
13.01.2024;1WIN-ZERKALO-ONLINE.ru
13.01.2024;1WIN960.ru
13.01.2024;1WINAPP.ru
13.01.2024;1WINCASINO-ZERKALO.ru
13.01.2024;1WINCASINO2024.ru
13.01.2024;1WINCASINOZ.ru
13.01.2024;1WINFORTUNEISLAND.ru
13.01.2024;1WINSTART.ru
13.01.2024;1X24.ru
13.01.2024;2-DESIGN.ru
13.01.2024;2-FF.ru
13.01.2024;2000585.ru
13.01.2024;2024BONU.ru
13.01.2024;2024JOB.ru
13.01.2024;20AVITO.ru
13.01.2024;20DZEN.ru
13.01.2024;20OK.ru
13.01.2024;20SPORTS.ru
13.01.2024;21NOVOSTROY.ru
13.01.2024;220SMART.ru
13.01.2024;223ASTGOZ.ru
13.01.2024;241SITE.ru
13.01.2024;24COM-RU.ru
13.01.2024;24EURASIAMOTORS.ru
13.01.2024;24FAST-SHOPPING.ru
13.01.2024;24MFS.ru
13.01.2024;24SKS.ru
13.01.2024;24SOVASCHOOL.ru
13.01.2024;24TEHNIK.ru
13.01.2024;24TOVARY-DLYA-DOMA.ru
13.01.2024;24ULTRAPRONEWS.ru
13.01.2024;26SCHOOL.ru
13.01.2024;2DBB.ru
13.01.2024;2HZ.ru
13.01.2024;2JEMSCH.ru
13.01.2024;2LOVES.ru
13.01.2024;2OPEXA.ru
13.01.2024;2RP.ru
13.01.2024;2SSERVICE.ru
13.01.2024;2VIETNAM.ru
13.01.2024;3-DPRINTING.ru
13.01.2024;300MAGAZIN.ru
13.01.2024;31CSS.ru
13.01.2024;32PEARLS.ru
13.01.2024;34SITE.ru
13.01.2024;356SMS.ru
13.01.2024;360DOC.ru
13.01.2024;365-SMS.ru
13.01.2024;365CMC.ru
13.01.2024;3747.ru
13.01.2024;3D-MODELIROVANIE-KURSY.ru
13.01.2024;3DCHITA.ru
13.01.2024;3DRINGS.ru
13.01.2024;3MOTORA.ru
13.01.2024;3OOMAGAZIN.ru
13.01.2024;3OTDEL.ru
13.01.2024;3PSERVER.ru
13.01.2024;3REYH.ru
13.01.2024;3S76MI.ru
13.01.2024;3X3RUS.ru
13.01.2024;4-GPENZA-7.ru
13.01.2024;44ASTGOZ.ru
13.01.2024;44VIDEO.ru
13.01.2024;46346436.ru
13.01.2024;46SALE.ru
13.01.2024;4EBUR.ru
13.01.2024;4EBURASH-TOMSK.ru
13.01.2024;4GPENZA7.ru
13.01.2024;4PHO-FRANCH.ru
13.01.2024;4PRINT29.ru
13.01.2024;4STRONG.ru
13.01.2024;4X4-SERVICE.ru
13.01.2024;5161.ru
13.01.2024;5162.ru
13.01.2024;5163.ru
13.01.2024;5164.ru
13.01.2024;5168.ru
13.01.2024;5169.ru
13.01.2024;5185.ru
13.01.2024;5186.ru
13.01.2024;55OFFICE.ru
13.01.2024;58000.ru
13.01.2024;5CARZ.ru
13.01.2024;5CM.ru
13.01.2024;5XA.ru
13.01.2024;62FORTYNA.ru
13.01.2024;63EF.ru
13.01.2024;63FORUM.ru
13.01.2024;6451535.ru
13.01.2024;64ELKI.ru
13.01.2024;64SAR.ru
13.01.2024;693006.ru
13.01.2024;7-IK.ru
13.01.2024;7230117.ru
13.01.2024;75VDNH.ru
13.01.2024;777OMEGA.ru
13.01.2024;77ORBITA.ru
13.01.2024;7DEV.ru
13.01.2024;7FRIDAYOREL.ru
13.01.2024;7K-CASINO-AMP1.ru
13.01.2024;7K-CASINO-AMP2.ru
13.01.2024;7K-CASINO-AMP3.ru
13.01.2024;7K-CASINO-AMP4.ru
13.01.2024;7K-CASINO-AMP5.ru
13.01.2024;7K-CASINO-AMP6.ru
13.01.2024;7K-KASINO.ru
13.01.2024;7YACHT.ru
13.01.2024;80LET.ru
13.01.2024;81MORG.ru
13.01.2024;898.ru
13.01.2024;911SOFT.ru
13.01.2024;91INFO.ru
13.01.2024;92EDA.ru
13.01.2024;9440337.ru
13.01.2024;959595.ru
13.01.2024;9724702.ru
13.01.2024;9875859.ru
13.01.2024;98J.ru
13.01.2024;9940837.ru
13.01.2024;9994949.ru
13.01.2024;9DIAMONDS.ru
13.01.2024;9STOMAT-FAMILY.ru
13.01.2024;9XBUDDY.ru
13.01.2024;A-LOT-OF-GAMES.ru
13.01.2024;A-PAVLOV.ru
13.01.2024;A-VIKUP.ru
13.01.2024;A1FABANK.ru
13.01.2024;A8ACADEMY.ru
13.01.2024;AAASS1.ru
13.01.2024;AARH-DESIGN.ru
13.01.2024;AB-VID.ru
13.01.2024;ABAKAN-DOSUG.ru
13.01.2024;ABBYGO.ru
13.01.2024;ABC-MINECRAFT.ru
13.01.2024;ABEL-GRGP.ru
13.01.2024;ABELLO.ru
13.01.2024;ABELO.ru
13.01.2024;ABICOACH-7.ru
13.01.2024;ABICOACH7.ru
13.01.2024;ABIENS-ABI.ru
13.01.2024;ABMBL.ru
13.01.2024;ABOUTFINANCECREDIT.ru
13.01.2024;ABOVEANDBEYOND.ru
13.01.2024;ABRANDGOODS.ru
13.01.2024;ABRNAVENTJOG.ru
13.01.2024;ABRNMESTREBONUS.ru
13.01.2024;ABT-MEDIA.ru
13.01.2024;ABUZOV.ru
13.01.2024;ABVAPPART.ru
13.01.2024;ABZ-SERVIS.ru
13.01.2024;ACADEMDACHA.ru
13.01.2024;ACADEMYCONFUCIUS.ru
13.01.2024;ACCORD24.ru
13.01.2024;ACCPLUS.ru
13.01.2024;ACH-RAJON.ru
13.01.2024;ACHAUTAUQUA.ru
13.01.2024;ACHIM-SHKOLA.ru
13.01.2024;ACID-CRAFT.ru
13.01.2024;ACME-SPB.ru
13.01.2024;ACONITZOO.ru
13.01.2024;ACTALIS.ru
13.01.2024;ACTGOZ.ru
13.01.2024;ACTION-WEB.ru
13.01.2024;ACTIVMINE.ru
13.01.2024;ADAMTECH.ru
13.01.2024;ADANA-ADANA.ru
13.01.2024;ADCHAMPAGNE.ru
13.01.2024;ADD-INVESTMENTS.ru
13.01.2024;ADDEGGS.ru
13.01.2024;ADELANA.ru
13.01.2024;ADENKA.ru
13.01.2024;ADF-CONSTRUCTION.ru
13.01.2024;ADILABILTAYEV.ru
13.01.2024;ADLOAD.ru
13.01.2024;ADM-FILINO.ru
13.01.2024;ADMALEKSEEVKA.ru
13.01.2024;ADMBABUSH.ru
13.01.2024;ADMBOLSHEVIK.ru
13.01.2024;ADMYN.ru
13.01.2024;ADPRODUZIONE.ru
13.01.2024;ADRENALINES.ru
13.01.2024;ADSCAPE-MG.ru
13.01.2024;ADSCAPEMG.ru
13.01.2024;ADSTRACK.ru
13.01.2024;ADULTFUN.ru
13.01.2024;ADVANCERP.ru
13.01.2024;ADVDS.ru
13.01.2024;ADVEART.ru
13.01.2024;ADVETEK.ru
13.01.2024;ADVISERIA.ru
13.01.2024;ADVKASH.ru
13.01.2024;ADVOCAT-58.ru
13.01.2024;ADVOCAT58.ru
13.01.2024;ADVOCATEDPR.ru
13.01.2024;ADVOCATUS52.ru
13.01.2024;ADVOCOM.ru
13.01.2024;ADVOKAT-72.ru
13.01.2024;ADVOKAT-KULAGIN.ru
13.01.2024;ADVOKAT-ON-DON.ru
13.01.2024;ADVOKAT-YURIST-MOSKVA.ru
13.01.2024;ADVOKATTELA.ru
13.01.2024;ADVZIURIN.ru
13.01.2024;ADWPALATA-957.ru
13.01.2024;ADWPALATA957.ru
13.01.2024;ADYGREGION-POVERKA.ru
13.01.2024;AE-BIG-DATA.ru
13.01.2024;AEBIGDATA.ru
13.01.2024;AEROBOXSEPTIK.ru
13.01.2024;AEROCRS.ru
13.01.2024;AEROPORT-PLAZA.ru
13.01.2024;AEROSPATIALE.ru
13.01.2024;AFAJZIEV.ru
13.01.2024;AFFDSGN.ru
13.01.2024;AFFINITYMEDIA.ru
13.01.2024;AFFTIMES.ru
13.01.2024;AFONIK.ru
13.01.2024;AFTER-50.ru
13.01.2024;AG-ALFA.ru
13.01.2024;AG-GR.ru
13.01.2024;AG196.ru
13.01.2024;AGAVA-MEDIA.ru
13.01.2024;AGBZGREEN.ru
13.01.2024;AGENTSMIT.ru
13.01.2024;AGENTSTVODB.ru
13.01.2024;AGOLYASHKIN.ru
13.01.2024;AGREGATOR-SHOP.ru
13.01.2024;AGRICIRCLE.ru
13.01.2024;AGROINNOVATSIYA.ru
13.01.2024;AGRONOME.ru
13.01.2024;AGROSOYUS.ru
13.01.2024;AGT4X4.ru
13.01.2024;AHCS.ru
13.01.2024;AI-EXPERIMENTS.ru
13.01.2024;AI-KITCHEN.ru
13.01.2024;AI-STORM.ru
13.01.2024;AI-TI.ru
13.01.2024;AIDARHOROSHII.ru
13.01.2024;AIDAVKRUIZ.ru
13.01.2024;AIGHT.ru
13.01.2024;AIKOFFICE.ru
13.01.2024;AILANT-MEBEL.ru
13.01.2024;AIMASLENNIKOVA.ru
13.01.2024;AIMHOIDING.ru
13.01.2024;AIMHOLDIG.ru
13.01.2024;AIMHOLDIHG.ru
13.01.2024;AIPILOT.ru
13.01.2024;AIPOTAPOVA.ru
13.01.2024;AIR-KOND.ru
13.01.2024;AIRBITCENTR.ru
13.01.2024;AIRBNB-OPLATA.ru
13.01.2024;AIRRELAX.ru
13.01.2024;AIRSERVICEPRO.ru
13.01.2024;AIS2018.ru
13.01.2024;AISTPRO.ru
13.01.2024;AITISERVICE.ru
13.01.2024;AITO-MOTORS.ru
13.01.2024;AITOMOTOR.ru
13.01.2024;AITOMOTORS.ru
13.01.2024;AITORUS.ru
13.01.2024;AITORUSSIA.ru
13.01.2024;AK-2000.ru
13.01.2024;AK-AVTO.ru
13.01.2024;AK-SAI.ru
13.01.2024;AKADEMIYA-UID.ru
13.01.2024;AKBPARTS.ru
13.01.2024;AKCENT-KURS.ru
13.01.2024;AKCII-V-DIKSI.ru
13.01.2024;AKDREMONT.ru
13.01.2024;AKHRENKOV.ru
13.01.2024;AKKP7.ru
13.01.2024;AKMARZHAN.ru
13.01.2024;AKOKORNOV.ru
13.01.2024;AKONOVALENKO.ru
13.01.2024;AKORD-AUTO.ru
13.01.2024;AKPP24-MOSCOW.ru
13.01.2024;AKSHAROV.ru
13.01.2024;AKULAEVAK.ru
13.01.2024;AKVATECHNIKA.ru
13.01.2024;AL-120.ru
13.01.2024;ALADDIN-BOT.ru
13.01.2024;ALANPAKT.ru
13.01.2024;ALAWER.ru
13.01.2024;ALBANNA.ru
13.01.2024;ALBINA-PARAMONOVA.ru
13.01.2024;ALCOBAR54.ru
13.01.2024;ALCOMARXISM.ru
13.01.2024;ALDIMSOFT.ru
13.01.2024;ALEKO-SPORT-7.ru
13.01.2024;ALEKO-SPORT7.ru
13.01.2024;ALEKSANDRASMIRNOVA.ru
13.01.2024;ALEKSANDRSIDOROV.ru
13.01.2024;ALEKSEENKO-WORK.ru
13.01.2024;ALEKSEEV59.ru
13.01.2024;ALEKSMIX.ru
13.01.2024;ALENAANUTS.ru
13.01.2024;ALENASEIDSTORE.ru
13.01.2024;ALENAZHUK.ru
13.01.2024;ALEXANDER-SHOKUROV.ru
13.01.2024;ALEXANDER-THEGAME.ru
13.01.2024;ALEXANDERNM.ru
13.01.2024;ALEXANDERSHOKUROV.ru
13.01.2024;ALEXANDRDENI.ru
13.01.2024;ALEXANISTRATOV.ru
13.01.2024;ALEXEFIMOK.ru
13.01.2024;ALEXEY-GROSHEV.ru
13.01.2024;ALEXEYKONSTANTINOV.ru
13.01.2024;ALEXOLOVO.ru
13.01.2024;ALEYNER.ru
13.01.2024;ALFA-COMPONENT.ru
13.01.2024;ALFA-DEZ.ru
13.01.2024;ALFA-SERVICE-KZN.ru
13.01.2024;ALFASEMINAR20211223.ru
13.01.2024;ALFASTROY36.ru
13.01.2024;ALGORLIYA.ru
13.01.2024;ALGOTREYDING.ru
13.01.2024;ALI-EXPRESS-LOGISTICS-7.ru
13.01.2024;ALI-EXPRESSLOGISTICS7.ru
13.01.2024;ALI-HOME.ru
13.01.2024;ALIANCESS.ru
13.01.2024;ALIANS-AVTO96.ru
13.01.2024;ALIHANOV-1.ru
13.01.2024;ALIINA-SHOP.ru
13.01.2024;ALIMASOVA-DARYA.ru
13.01.2024;ALINAPRITULA.ru
13.01.2024;ALISA-PETRENKO.ru
13.01.2024;ALIVEFIRE.ru
13.01.2024;ALIYEPARUSA30.ru
13.01.2024;ALKOR-PLASTIK.ru
13.01.2024;ALKOR31.ru
13.01.2024;ALL-LIT.ru
13.01.2024;ALL-TECHNICS.ru
13.01.2024;ALL-TIME-NEWS.ru
13.01.2024;ALLADROZD.ru
13.01.2024;ALLAPT.ru
13.01.2024;ALLCROWD.ru
13.01.2024;ALLDECORS.ru
13.01.2024;ALLDIMED.ru
13.01.2024;ALLEGEDLY.ru
13.01.2024;ALLEYROSE.ru
13.01.2024;ALLJUSTCAUSE.ru
13.01.2024;ALLMAGINE-7.ru
13.01.2024;ALLMAGINE7.ru
13.01.2024;ALLPAINTS.ru
13.01.2024;ALLPOET.ru
13.01.2024;ALLSTEKLO.ru
13.01.2024;ALLTEAMNHL.ru
13.01.2024;ALLTRENDO-SHOP.ru
13.01.2024;ALLURNN.ru
13.01.2024;ALMAZ2000.ru
13.01.2024;ALMETYEVSK-POVERKA.ru
13.01.2024;ALMEX24.ru
13.01.2024;ALOGICA.ru
13.01.2024;ALPA-RU.ru
13.01.2024;ALPACABAR.ru
13.01.2024;ALPHA-MAX.ru
13.01.2024;ALPHABLOCK.ru
13.01.2024;ALPHACOLLECT.ru
13.01.2024;ALT-PK.ru
13.01.2024;ALTAYGORNYI.ru
13.01.2024;ALTER27.ru
13.01.2024;ALTSEMENA.ru
13.01.2024;ALU-DOORS.ru
13.01.2024;ALUMNIRUDN.ru
13.01.2024;ALUMSP.ru
13.01.2024;ALURAM-COMPANY.ru
13.01.2024;ALVILD.ru
13.01.2024;ALXOM.ru
13.01.2024;ALZIN.ru
13.01.2024;AMALTEAMIASS.ru
13.01.2024;AMANDA-GOODS.ru
13.01.2024;AMATEURPHOTOGRAPHER.ru
13.01.2024;AMBARR.ru
13.01.2024;AMBERCREWING.ru
13.01.2024;AMBERGPT.ru
13.01.2024;AMEGATRANS.ru
13.01.2024;AMI-MARKET.ru
13.01.2024;AMOZIN.ru
13.01.2024;AMPRO.ru
13.01.2024;AMRITAKISHORI.ru
13.01.2024;AMSKPST.ru
13.01.2024;AN-LUCH.ru
13.01.2024;AN-MOIGOROD.ru
13.01.2024;ANA-DIS.ru
13.01.2024;ANA-SESSIONS.ru
13.01.2024;ANAKA.ru
13.01.2024;ANAPAEKSKURSII.ru
13.01.2024;ANAPAUG-REALTOR.ru
13.01.2024;ANATOMIK-NAIL.ru
13.01.2024;ANC1Z.ru
13.01.2024;ANDEIN.ru
13.01.2024;ANDELTA-NN.ru
13.01.2024;ANDREEVGORODOK.ru
13.01.2024;ANDREI-ARNO.ru
13.01.2024;ANDREIL.ru
13.01.2024;ANDREY-ANDREEVICH.ru
13.01.2024;ANDREY-MASTERBT.ru
13.01.2024;ANDREYSERGIENKO.ru
13.01.2024;ANDREYSIMAKOV.ru
13.01.2024;ANDRIANOVSV.ru
13.01.2024;ANDROID-BANAN.ru
13.01.2024;ANDROIDGAMEMOD.ru
13.01.2024;ANDROIDPRONEWS.ru
13.01.2024;ANDROIDROOM.ru
13.01.2024;ANEKDOTFUN.ru
13.01.2024;ANEXTOUR72.ru
13.01.2024;ANFILADA36.ru
13.01.2024;ANGAR-MASTER.ru
13.01.2024;ANGEL-MODEL.ru
13.01.2024;ANGELLINGERIE.ru
13.01.2024;ANIMALFAMILY.ru
13.01.2024;ANIMALFRIEND.ru
13.01.2024;ANIMELEND.ru
13.01.2024;ANKAGRIGANKA.ru
13.01.2024;ANKERNOEL.ru
13.01.2024;ANKETA-OPROS24.ru
13.01.2024;ANKETA-PROSBER.ru
13.01.2024;ANKODESIGN.ru
13.01.2024;ANLAND.ru
13.01.2024;ANLERBALLET.ru
13.01.2024;ANLPSY.ru
13.01.2024;ANNA-BOGDANOVA.ru
13.01.2024;ANNABIZ.ru
13.01.2024;ANNAGALKINA.ru
13.01.2024;ANNAGIMBI.ru
13.01.2024;ANNETTEKISELEVA.ru
13.01.2024;ANNYNAIL.ru
13.01.2024;ANODOP.ru
13.01.2024;ANOKHIN21.ru
13.01.2024;ANOKHINFAM.ru
13.01.2024;ANTAMIREA.ru
13.01.2024;ANTARES-STUDIO.ru
13.01.2024;ANTIAGECENTRE.ru
13.01.2024;ANTIKUS.ru
13.01.2024;ANTISOC.ru
13.01.2024;ANTKACHEV.ru
13.01.2024;ANTREMARSOVO.ru
13.01.2024;ANUNCIO.ru
13.01.2024;ANYALEO.ru
13.01.2024;ANYWAYPLAY.ru
13.01.2024;AO-GIDRAVLIK.ru
13.01.2024;AODES-WORLD.ru
13.01.2024;AOKMT.ru
13.01.2024;APACSSPORT.ru
13.01.2024;APARTMENTS-IN-DUBAI.ru
13.01.2024;APB-SERP.ru
13.01.2024;API-GUTEN-TAXI.ru
13.01.2024;APK2GIS.ru
13.01.2024;APLNEWS.ru
13.01.2024;APODIT.ru
13.01.2024;APP-SKACHAT-PARI.ru
13.01.2024;APP-SKACHATPARI.ru
13.01.2024;APP-SUMO.ru
13.01.2024;APP1WIN-890.ru
13.01.2024;APPDEALS.ru
13.01.2024;APPDRUHA-APPS.ru
13.01.2024;APPLE-MORE.ru
13.01.2024;APPMETRICS.ru
13.01.2024;APPSKACHATPARI.ru
13.01.2024;APRILCONGRESS.ru
13.01.2024;APRILHOUSE.ru
13.01.2024;APSHERA.ru
13.01.2024;APTEKA-GENERIKOV.ru
13.01.2024;APTEKACATALOG.ru
13.01.2024;AQUA34.ru
13.01.2024;AQUIFERPISZCZY.ru
13.01.2024;ARARATINFO.ru
13.01.2024;ARB-RF.ru
13.01.2024;ARBITRCENTR.ru
13.01.2024;ARCHIMAF.ru
13.01.2024;ARCHNISHE.ru
13.01.2024;ARCHZILLA.ru
13.01.2024;ARCTICSUDSNAB.ru
13.01.2024;AREALME.ru
13.01.2024;AREMINE.ru
13.01.2024;ARENABREAKOUTHACK.ru
13.01.2024;ARENDA-ANDY.ru
13.01.2024;ARENDA-OPALUBKI-SPB.ru
13.01.2024;ARENDA-PULSE.ru
13.01.2024;ARENDA92.ru
13.01.2024;ARENDAAUTO70.ru
13.01.2024;ARENDASKLADASPB.ru
13.01.2024;ARESMAIN.ru
13.01.2024;AREUTSKIY.ru
13.01.2024;ARGOMEDMARKET.ru
13.01.2024;ARGOVO.ru
13.01.2024;ARGUTIOLA.ru
13.01.2024;ARHICO.ru
13.01.2024;ARHKURS29.ru
13.01.2024;ARHREGION-POVERKA.ru
13.01.2024;ARISETHE.ru
13.01.2024;ARISMINE.ru
13.01.2024;ARISTO-DOM.ru
13.01.2024;ARIVA2024.ru
13.01.2024;ARIXUD.ru
13.01.2024;ARIXURBANDESIGN.ru
13.01.2024;ARKADA-M.ru
13.01.2024;ARKHIPOV-PRODUCTION.ru
13.01.2024;ARKMOSCOW.ru
13.01.2024;ARLIGHT-LIGHTS.ru
13.01.2024;ARMA-STROI.ru
13.01.2024;ARMADA-SVET.ru
13.01.2024;ARMAKO.ru
13.01.2024;ARMAVIR-POVERKA.ru
13.01.2024;ARMENF3.ru
13.01.2024;ARMENIA-ARARAT.ru
13.01.2024;ARMENIA-EREVAN.ru
13.01.2024;ARSALON.ru
13.01.2024;ARSAPLAYY.ru
13.01.2024;ARSLANBAEVAGULNARA-ENGLISHTEACHER86.ru
13.01.2024;ARSVSEMOGUSHIJ.ru
13.01.2024;ARSYSHA.ru
13.01.2024;ART-EXIT-7.ru
13.01.2024;ART-LETO.ru
13.01.2024;ART-MASTER76.ru
13.01.2024;ART-SUNNY.ru
13.01.2024;ART116.ru
13.01.2024;ARTBEAUTY37.ru
13.01.2024;ARTBOUTIQUE-REPEYNIK.ru
13.01.2024;ARTBREEDER.ru
13.01.2024;ARTEDITION.ru
13.01.2024;ARTEMOVSKIY.ru
13.01.2024;ARTESA.ru
13.01.2024;ARTEXIT7.ru
13.01.2024;ARTFBB.ru
13.01.2024;ARTHRON-MERIDIAN24.ru
13.01.2024;ARTIFICIAL-MIND.ru
13.01.2024;ARTISHOK72.ru
13.01.2024;ARTISTICTRACTORI.ru
13.01.2024;ARTIVITA.ru
13.01.2024;ARTKOVKA-39.ru
13.01.2024;ARTLIFE-OMSK.ru
13.01.2024;ARTMAJEUR.ru
13.01.2024;ARTMEBEL74.ru
13.01.2024;ARTSTROY-DEVELOPMENT.ru
13.01.2024;ARTUR-NURMUKHAMETOV.ru
13.01.2024;ARXENIA.ru
13.01.2024;ARXITECTURA.ru
13.01.2024;ARZ-LUCSARY.ru
13.01.2024;ARZAMAS-POVERKA.ru
13.01.2024;AS-GLEBOV.ru
13.01.2024;ASADOKGD.ru
13.01.2024;ASAVRASOV.ru
13.01.2024;ASEDL.ru
13.01.2024;ASEPTUAGINT.ru
13.01.2024;ASFALT-USLUGA.ru
13.01.2024;ASFALTIROVANIE-UCHASTKA.ru
13.01.2024;ASFICK.ru
13.01.2024;ASGRD.ru
13.01.2024;ASHERPHOTO.ru
13.01.2024;ASHHAIRSTYLIST.ru
13.01.2024;ASIANCUP.ru
13.01.2024;ASK-CLUB.ru
13.01.2024;ASK-INVEST.ru
13.01.2024;ASKISS.ru
13.01.2024;ASKMAMAS.ru
13.01.2024;ASKO-BRANDSHOP.ru
13.01.2024;ASMESPB.ru
13.01.2024;ASP-PRINT.ru
13.01.2024;ASP-SOFT.ru
13.01.2024;ASSGOR-7.ru
13.01.2024;ASSGOR7.ru
13.01.2024;ASTORG.ru
13.01.2024;ASTRA-CONTINENTAL.ru
13.01.2024;ASTRAHAN-POVERKA.ru
13.01.2024;ASTRALUM.ru
13.01.2024;ASTRO-PSY.ru
13.01.2024;ASTROLOGIKA.ru
13.01.2024;ASTROMEREDIAN.ru
13.01.2024;ASTRUM59.ru
13.01.2024;ASVIRIDOVICH.ru
13.01.2024;ASYAALPEEVA.ru
13.01.2024;AT-BATTERY.ru
13.01.2024;AT-LAS.ru
13.01.2024;ATAGOBAND.ru
13.01.2024;ATC-CHANGAN-K.ru
13.01.2024;ATC-CHANGAN-S.ru
13.01.2024;ATC-CHANGAN-T.ru
13.01.2024;ATELE-NITKA.ru
13.01.2024;ATELIERINDIVIDUAL.ru
13.01.2024;ATLANT-SERVISE-RUS.ru
13.01.2024;ATLANTDOM.ru
13.01.2024;ATM-EXCHANGEE.ru
13.01.2024;ATMOSFERA-KRASOTIGTN.ru
13.01.2024;ATMOSPHERNOPSY.ru
13.01.2024;ATOMYPRO100.ru
13.01.2024;ATU-FISHCOM.ru
13.01.2024;AUDIOCUT.ru
13.01.2024;AUDITSARMA.ru
13.01.2024;AUDIZ.ru
13.01.2024;AUDIZA.ru
13.01.2024;AURA-SOFT.ru
13.01.2024;AURACENTRE.ru
13.01.2024;AURO-KREDIT.ru
13.01.2024;AUSBLICK.ru
13.01.2024;AUTISM63.ru
13.01.2024;AUTO-BREF.ru
13.01.2024;AUTO-PANDI.ru
13.01.2024;AUTO-STELLAR-7.ru
13.01.2024;AUTO-STELLAR7.ru
13.01.2024;AUTO-THUNDER.ru
13.01.2024;AUTO-UCHET.ru
13.01.2024;AUTOBOX1.ru
13.01.2024;AUTOBREF.ru
13.01.2024;AUTOCHMO.ru
13.01.2024;AUTOCONVERTER.ru
13.01.2024;AUTODRAW.ru
13.01.2024;AUTOEXPERT-NN.ru
13.01.2024;AUTOLANDVL.ru
13.01.2024;AUTOLIFE83.ru
13.01.2024;AUTOLNR.ru
13.01.2024;AUTOMATIONSYS.ru
13.01.2024;AUTOMIGOM.ru
13.01.2024;AUTOMOV.ru
13.01.2024;AUTOPREMIUMNN.ru
13.01.2024;AUTOPROFI-KAZAN.ru
13.01.2024;AUTOREADER.ru
13.01.2024;AUTORENT39.ru
13.01.2024;AUTOSERVIC46.ru
13.01.2024;AUTOSOTTA.ru
13.01.2024;AUTOSTEKLO31.ru
13.01.2024;AUTOSTEKLO56.ru
13.01.2024;AUTOTECHNIK-MAGAZIN.ru
13.01.2024;AUTOTHUNDER.ru
13.01.2024;AUTOTOURGROUP.ru
13.01.2024;AVAFIN.ru
13.01.2024;AVAGENCY.ru
13.01.2024;AVALON77.ru
13.01.2024;AVANGARDISM.ru
13.01.2024;AVANT-ARCH.ru
13.01.2024;AVARIJNYJ.ru
13.01.2024;AVC64.ru
13.01.2024;AVEKS-GROUP.ru
13.01.2024;AVESBODY.ru
13.01.2024;AVESMASSAGE.ru
13.01.2024;AVGUST-RASHT.ru
13.01.2024;AVIADEREVNIA.ru
13.01.2024;AVIATIONART.ru
13.01.2024;AVIATORGAMEX.ru
13.01.2024;AVITOSTATA.ru
13.01.2024;AVLUTOV.ru
13.01.2024;AVOCAD.ru
13.01.2024;AVON-KATRIN.ru
13.01.2024;AVONMEGABIZNES.ru
13.01.2024;AVRORAUFA.ru
13.01.2024;AVT-TULA.ru
13.01.2024;AVTBLIZKO.ru
13.01.2024;AVTENT-IT.ru
13.01.2024;AVTO-RASKHODNIKI.ru
13.01.2024;AVTO-REG24.ru
13.01.2024;AVTO-ZNAICA.ru
13.01.2024;AVTOCHOISE.ru
13.01.2024;AVTOCLIMB.ru
13.01.2024;AVTODORRESURS60.ru
13.01.2024;AVTODOSIE.ru
13.01.2024;AVTODUST.ru
13.01.2024;AVTOIMAX.ru
13.01.2024;AVTOIMPORT68.ru
13.01.2024;AVTOLOMBARD-LEO.ru
13.01.2024;AVTOMASTERVIP.ru
13.01.2024;AVTOMATY1.ru
13.01.2024;AVTOMOBILLAND.ru
13.01.2024;AVTOMOBILPLUS.ru
13.01.2024;AVTOMOBILTORG.ru
13.01.2024;AVTOPOLIROVKASPB.ru
13.01.2024;AVTOPRAIM.ru
13.01.2024;AVTORSKIYKIOSK.ru
13.01.2024;AVTOSALON-VOLGOGRAD.ru
13.01.2024;AVTOSALONLIST.ru
13.01.2024;AVTOSERVIS-NESTEROVO.ru
13.01.2024;AVTOSHKOLA-LISKI.ru
13.01.2024;AVTOSHKOLA-PRIMEAVTO.ru
13.01.2024;AVTOSTROY55.ru
13.01.2024;AVTOVYKUP-54.ru
13.01.2024;AVTOVYKUP67.ru
13.01.2024;AVTOZAP-N.ru
13.01.2024;AVTOZAVODI.ru
13.01.2024;AWDDESIGN.ru
13.01.2024;AWESOME-DM.ru
13.01.2024;AWT-COMPANY.ru
13.01.2024;AXEPHONE.ru
13.01.2024;AXIE-CREDIT.ru
13.01.2024;AXSMERALDO.ru
13.01.2024;AYUDD.ru
13.01.2024;AYURVEDA-LANKA.ru
13.01.2024;AZBUKAIZH.ru
13.01.2024;AZINO777-24-2.ru
13.01.2024;AZINO777-24-3.ru
13.01.2024;AZINO777-24-4.ru
13.01.2024;AZINOPLAYVIP777.ru
13.01.2024;AZK16.ru
13.01.2024;AZZAM-ARKHYZ.ru
13.01.2024;B-94117.ru
13.01.2024;B-SELLERS.ru
13.01.2024;B-TALDASCHOOL.ru
13.01.2024;B1RECORDS.ru
13.01.2024;B2B-AUTORUS.ru
13.01.2024;B2BAUTORUS.ru
13.01.2024;B94117.ru
13.01.2024;BABY72.ru
13.01.2024;BABY74.ru
13.01.2024;BABYFEELS.ru
13.01.2024;BABYFORMULA.ru
13.01.2024;BACHINDOM.ru
13.01.2024;BACLAB.ru
13.01.2024;BADM-NNOV.ru
13.01.2024;BAEVO-ALTAI.ru
13.01.2024;BAIRAI.ru
13.01.2024;BAISAN.ru
13.01.2024;BAKE-N-ROLL.ru
13.01.2024;BAKULIN-1.ru
13.01.2024;BALAKOVO-POVERKA.ru
13.01.2024;BALANQ.ru
13.01.2024;BALANTI.ru
13.01.2024;BALKON-POD-KLYUCH74.ru
13.01.2024;BALKONSAR.ru
13.01.2024;BALLARTGALLERY.ru
13.01.2024;BALLOONWORLD.ru
13.01.2024;BALLU-AIRCOND.ru
13.01.2024;BALLU-COMFORT.ru
13.01.2024;BALTSERVICE39.ru
13.01.2024;BANAKALUGA.ru
13.01.2024;BANDY2008.ru
13.01.2024;BANIKA-BANI77.ru
13.01.2024;BANIKA-BANI78.ru
13.01.2024;BANIKA-BANI79.ru
13.01.2024;BANIKA-BANI80.ru
13.01.2024;BANK-KK.ru
13.01.2024;BANK-ONLINER.ru
13.01.2024;BANK-RKB.ru
13.01.2024;BANKET-CENTRE.ru
13.01.2024;BANKING-HELP.ru
13.01.2024;BANKIR-CREDIT.ru
13.01.2024;BANKIR-PRO.ru
13.01.2024;BANKIRPRO.ru
13.01.2024;BANKIRRO-MOSKVA.ru
13.01.2024;BANKIZV.ru
13.01.2024;BANKPODBOR.ru
13.01.2024;BANKROT-MSK.ru
13.01.2024;BANKROTSTVO-V-MIG.ru
13.01.2024;BANKROTSTVO-ZAKON-RUS.ru
13.01.2024;BANYA-PETERBURG.ru
13.01.2024;BANYADLAVSEH.ru
13.01.2024;BAR-SCHOOL.ru
13.01.2024;BARGUZINSPB.ru
13.01.2024;BARKAS22.ru
13.01.2024;BARKOVACLINIC.ru
13.01.2024;BARKOVKA.ru
13.01.2024;BARNE-BF6.ru
13.01.2024;BARNIZHNY.ru
13.01.2024;BARRACUDAHOME.ru
13.01.2024;BARS-CRIMEA.ru
13.01.2024;BARSRUSSIA.ru
13.01.2024;BARTOR.ru
13.01.2024;BAS-COLIBRI.ru
13.01.2024;BASHKORTOSTAN-POVERKA.ru
13.01.2024;BASHMEDVED.ru
13.01.2024;BASHTRIBUNA.ru
13.01.2024;BATAREYA24.ru
13.01.2024;BATAYSK-POVERKA.ru
13.01.2024;BATHGIRL.ru
13.01.2024;BATHGIRLS.ru
13.01.2024;BATINODOM.ru
13.01.2024;BATURSKAJA.ru
13.01.2024;BAYAN-LINE.ru
13.01.2024;BAZARKAZAN.ru
13.01.2024;BCHARI-SCH.ru
13.01.2024;BCUSTOM.ru
13.01.2024;BCWHITESEA.ru
13.01.2024;BDD-05.ru
13.01.2024;BDKBANK.ru
13.01.2024;BDSM-MANAGEMENT.ru
13.01.2024;BE-DIGITAL.ru
13.01.2024;BE-NEWMAN.ru
13.01.2024;BEAUTIFUL-SKIN.ru
13.01.2024;BEAUTYBUYS.ru
13.01.2024;BEAUTYFREE.ru
13.01.2024;BEAUTYMOON.ru
13.01.2024;BEAUTYSFERAKAZAN.ru
13.01.2024;BEAUTYXVOYA.ru
13.01.2024;BEAVERSTROY.ru
13.01.2024;BEGIN-TRADE.ru
13.01.2024;BEGINTRADE.ru
13.01.2024;BEGZAT.ru
13.01.2024;BEL-MEBEL.ru
13.01.2024;BELANOV75.ru
13.01.2024;BELAPTEKA911.ru
13.01.2024;BELARUTIS.ru
13.01.2024;BELIMO-RUS.ru
13.01.2024;BELKINZAIM.ru
13.01.2024;BELLAVA.ru
13.01.2024;BELLESO.ru
13.01.2024;BELMOI.ru
13.01.2024;BELOSTOK.ru
13.01.2024;BELOVDANIIL.ru
13.01.2024;BELREGISTR.ru
13.01.2024;BELRIELTOR-MOSCOW.ru
13.01.2024;BELYSVET-LIGHTS.ru
13.01.2024;BENDEX.ru
13.01.2024;BENDIGO.ru
13.01.2024;BENTLEY-ALL.ru
13.01.2024;BENZINOVYE.ru
13.01.2024;BENZOMAKER-7.ru
13.01.2024;BENZOMAKER7.ru
13.01.2024;BEPROPLAYER.ru
13.01.2024;BEREG-ZAIMOV.ru
13.01.2024;BEREGSPB.ru
13.01.2024;BEREZHOK76.ru
13.01.2024;BEREZUTCKII.ru
13.01.2024;BERIUSU.ru
13.01.2024;BERLIOZHALL.ru
13.01.2024;BESOFFPRINTSFOREVER.ru
13.01.2024;BESSTBOUTIQUE.ru
13.01.2024;BEST-VIDEO-CLIPS.ru
13.01.2024;BEST-VIDEOS.ru
13.01.2024;BESTFONARIK.ru
13.01.2024;BESTGPTS.ru
13.01.2024;BESTLOANNDE.ru
13.01.2024;BESTOCKED.ru
13.01.2024;BESTSALES2021.ru
13.01.2024;BESTSCH.ru
13.01.2024;BESTSELF20.ru
13.01.2024;BESTSWEATSHIRT.ru
13.01.2024;BESTUR.ru
13.01.2024;BESTVIEWHOTEL.ru
13.01.2024;BESTVOLT.ru
13.01.2024;BETA-PAY.ru
13.01.2024;BETAVOLT.ru
13.01.2024;BETON-BETON-NN.ru
13.01.2024;BEYTSBEAT.ru
13.01.2024;BEZAM.ru
13.01.2024;BEZFAMILNYI.ru
13.01.2024;BEZHEDE.ru
13.01.2024;BEZKNOPOK.ru
13.01.2024;BEZOPASNOST-SIBIRI.ru
13.01.2024;BEZVERKHNYAYA.ru
13.01.2024;BHMK.ru
13.01.2024;BI23.ru
13.01.2024;BIABUPAY.ru
13.01.2024;BIBLIOLUBAVA.ru
13.01.2024;BIBVUZ.ru
13.01.2024;BIG-24.ru
13.01.2024;BIG-BASSEIN.ru
13.01.2024;BIG-KIT.ru
13.01.2024;BIGBEAR1515.ru
13.01.2024;BIGDATA-ITCONF.ru
13.01.2024;BIGDATATECHMEDIA.ru
13.01.2024;BIGH5.ru
13.01.2024;BIJSK-INTIM.ru
13.01.2024;BILETY-AFISHA.ru
13.01.2024;BILLING-COLORNEW.ru
13.01.2024;BILTRIX.ru
13.01.2024;BINOCL-VR.ru
13.01.2024;BINOCULAR-VR.ru
13.01.2024;BINOCULARVR.ru
13.01.2024;BINROBOT-LADY.ru
13.01.2024;BIOCHEMSPO.ru
13.01.2024;BIOGENACLINIC.ru
13.01.2024;BIOLOGLILIA.ru
13.01.2024;BIONACT.ru
13.01.2024;BIONOTE.ru
13.01.2024;BIPOLYARKABAND.ru
13.01.2024;BIRSKFM.ru
13.01.2024;BIRUTTI-SUMKI.ru
13.01.2024;BISKO-MGN.ru
13.01.2024;BIT-CODE.ru
13.01.2024;BIT59-INFO.ru
13.01.2024;BITCOINMONEY.ru
13.01.2024;BITPRO.ru
13.01.2024;BIZ-45.ru
13.01.2024;BIZ-NEWS.ru
13.01.2024;BIZNES-PROCESS.ru
13.01.2024;BIZNESROST2024.ru
13.01.2024;BIZNESS-DOOMS.ru
13.01.2024;BIZNOKARTA.ru
13.01.2024;BIZRADARDD.ru
13.01.2024;BKPOTOLOK.ru
13.01.2024;BKSIB.ru
13.01.2024;BLACK-ZEFIR.ru
13.01.2024;BLACKVOLT.ru
13.01.2024;BLAGODARYUTEBYA.ru
13.01.2024;BLAGOTVORITELNO.ru
13.01.2024;BLINKAPP.ru
13.01.2024;BLINOVICH.ru
13.01.2024;BLIPCHAT.ru
13.01.2024;BLIPZAP.ru
13.01.2024;BLITS-CHESS.ru
13.01.2024;BLITZ-PREMIUM.ru
13.01.2024;BLNGA.ru
13.01.2024;BLOCKCAPITAL.ru
13.01.2024;BLOGINETA.ru
13.01.2024;BLOGOPRAKTIKA.ru
13.01.2024;BLUAREGIS-87.ru
13.01.2024;BLUAREGIS87.ru
13.01.2024;BLUEVOLT.ru
13.01.2024;BLUSHMSK.ru
13.01.2024;BMWKIT.ru
13.01.2024;BNM-UFA.ru
13.01.2024;BOGATYREVA-ART.ru
13.01.2024;BOGIPT.ru
13.01.2024;BOGOR-EDU.ru
13.01.2024;BOGOROCKAYAEVGENIYA.ru
13.01.2024;BOKSITOGORSKDO.ru
13.01.2024;BOLNOIZDOROVII-01.ru
13.01.2024;BOLSHOIFORUM.ru
13.01.2024;BOLYAT-ZUBI.ru
13.01.2024;BONGACAMS30.ru
13.01.2024;BONNIE2021.ru
13.01.2024;BONRUPAY.ru
13.01.2024;BONVIVANT66.ru
13.01.2024;BOOKMAKER-1WIN-OFFICIAL.ru
13.01.2024;BOOKOFDEADRU1.ru
13.01.2024;BOOKSRON.ru
13.01.2024;BOOM-BOOTS.ru
13.01.2024;BOOM9.ru
13.01.2024;BOOMBOX54.ru
13.01.2024;BOOST-CONF.ru
13.01.2024;BOOSTCONF.ru
13.01.2024;BOOZILL.ru
13.01.2024;BOPUC.ru
13.01.2024;BORJOMIMI.ru
13.01.2024;BORODACH1.ru
13.01.2024;BOROVSKHOTEL.ru
13.01.2024;BOSCH-DEALER.ru
13.01.2024;BOSCH-HOMESERVICE.ru
13.01.2024;BOSHY.ru
13.01.2024;BOSPB.ru
13.01.2024;BOSSDRIVE.ru
13.01.2024;BOSSTEEL.ru
13.01.2024;BOSTK.ru
13.01.2024;BOT-SOLUTION.ru
13.01.2024;BOTARESCHAS.ru
13.01.2024;BOTENGINE.ru
13.01.2024;BOTH-CAR.ru
13.01.2024;BOTZAIMY.ru
13.01.2024;BOWELL.ru
13.01.2024;BOX4S.ru
13.01.2024;BOXEDSERVICE.ru
13.01.2024;BOXRESERVE.ru
13.01.2024;BOXZ2024.ru
13.01.2024;BOYLANPROPERTY.ru
13.01.2024;BPARTNERCONSULT.ru
13.01.2024;BPRE.ru
13.01.2024;BPROCESSION.ru
13.01.2024;BPSS.ru
13.01.2024;BR59KL1N.ru
13.01.2024;BRAGANZO.ru
13.01.2024;BRAKCONTROL.ru
13.01.2024;BRANDANT.ru
13.01.2024;BRANDGARANT.ru
13.01.2024;BRANDSHOE.ru
13.01.2024;BRATSK-INTIM.ru
13.01.2024;BRAVE-AND-YOUNG.ru
13.01.2024;BRICKSON.ru
13.01.2024;BRIDGE-APART.ru
13.01.2024;BRIDGEWATERPUMP.ru
13.01.2024;BRIGHT-OBUV.ru
13.01.2024;BRILLIANT-STORY.ru
13.01.2024;BRITANICAPOOL.ru
13.01.2024;BRITANSKIE-KOTIKI.ru
13.01.2024;BRITVA-COSMETIC-7.ru
13.01.2024;BRITVA-COSMETIC7.ru
13.01.2024;BROKERAGE-GROUP.ru
13.01.2024;BROKERAGEGROUP.ru
13.01.2024;BROKERCAMP.ru
13.01.2024;BRONI-TRAVEL.ru
13.01.2024;BROSHKINO.ru
13.01.2024;BROWSERGAMER.ru
13.01.2024;BRP-WORLD.ru
13.01.2024;BRPWORLD.ru
13.01.2024;BRTBANK.ru
13.01.2024;BRUGER-BEER.ru
13.01.2024;BRVE.ru
13.01.2024;BRZ-KIBER.ru
13.01.2024;BSIGALOV.ru
13.01.2024;BSUSPENDING.ru
13.01.2024;BTS66.ru
13.01.2024;BTV-SOFT.ru
13.01.2024;BTZM.ru
13.01.2024;BU-SHOP.ru
13.01.2024;BUBUSHA.ru
13.01.2024;BUDDATEXT.ru
13.01.2024;BUERS24X.ru
13.01.2024;BUH-77.ru
13.01.2024;BUHGALTER-ROSTOVA.ru
13.01.2024;BUILD-TECHNO.ru
13.01.2024;BUILDCOIN.ru
13.01.2024;BUILDING-PERSPECTIVA.ru
13.01.2024;BUKETERIYA-FLOWERS.ru
13.01.2024;BUKETONLAJN.ru
13.01.2024;BUKSIK.ru
13.01.2024;BUKVARIKI-SCHOOL.ru
13.01.2024;BULAEVA.ru
13.01.2024;BULDAKOVA.ru
13.01.2024;BULKMESSAGES.ru
13.01.2024;BULLETMOLD.ru
13.01.2024;BUNOVA.ru
13.01.2024;BUQO.ru
13.01.2024;BUR-MASTER.ru
13.01.2024;BUR-TUR.ru
13.01.2024;BURAVLEVA.ru
13.01.2024;BURDUKOVSKAJA-1.ru
13.01.2024;BURENKOVA.ru
13.01.2024;BURIMNAVODU33.ru
13.01.2024;BURO-55.ru
13.01.2024;BURO1316.ru
13.01.2024;BURO50.ru
13.01.2024;BUROUR.ru
13.01.2024;BUS-LUX.ru
13.01.2024;BUSHELORATAIL.ru
13.01.2024;BUSHMAKINA.ru
13.01.2024;BUSHMANOVA.ru
13.01.2024;BUSINES-MOTIVATION.ru
13.01.2024;BUSINESS-TEL.ru
13.01.2024;BUSINESSADVOKAT.ru
13.01.2024;BUTUSOVA.ru
13.01.2024;BUXANKA-UROKI.ru
13.01.2024;BUXIKKK.ru
13.01.2024;BUY-APARTMENT-DUBAI.ru
13.01.2024;BV100.ru
13.01.2024;BWPUMP.ru
13.01.2024;BYAKOW.ru
13.01.2024;BYINNOVATIVE.ru
13.01.2024;BYLOZOVOPT.ru
13.01.2024;BYMETA.ru
13.01.2024;BYRUTOR.ru
13.01.2024;BYTEHELP.ru
13.01.2024;BYTRANS.ru
13.01.2024;BZMERCH.ru
13.01.2024;C-HOLDING.ru
13.01.2024;C-NRG.ru
13.01.2024;C-TREK.ru
13.01.2024;C3875D07F44C.ru
13.01.2024;CAD-CAM-OBORUDOVANIE.ru
13.01.2024;CAFE-TOLSTOFF.ru
13.01.2024;CAFE5HLEBOV.ru
13.01.2024;CAFEMELYNAREST.ru
13.01.2024;CAFEMOH.ru
13.01.2024;CAFETASHKENT.ru
13.01.2024;CAKE-BAR.ru
13.01.2024;CALC24.ru
13.01.2024;CALCURUS.ru
13.01.2024;CALLANALYSIS.ru
13.01.2024;CALLMEBRO.ru
13.01.2024;CAMP-LAND.ru
13.01.2024;CAMPSHARING.ru
13.01.2024;CAN-START-TECH.ru
13.01.2024;CANDY-BRANDSHOP.ru
13.01.2024;CANOERAFT24.ru
13.01.2024;CAPITAL-MARKS.ru
13.01.2024;CAR-MONITORING.ru
13.01.2024;CAR-WAY.ru
13.01.2024;CARAMBA-CARAMBA2.ru
13.01.2024;CARAVANCAMP.ru
13.01.2024;CARD-INFO.ru
13.01.2024;CARD-MAKER.ru
13.01.2024;CARD-PRINT-BOX.ru
13.01.2024;CARDSTEST.ru
13.01.2024;CARE-LINE.ru
13.01.2024;CAREERWAVE.ru
13.01.2024;CARGO-RC.ru
13.01.2024;CARS-AITO.ru
13.01.2024;CARS-TOP.ru
13.01.2024;CARSEO.ru
13.01.2024;CARSINDETAIL.ru
13.01.2024;CARTONEUFA.ru
13.01.2024;CARWORKS-NEVINNOMYSSK.ru
13.01.2024;CARYAR.ru
13.01.2024;CASH-CARRY.ru
13.01.2024;CASHDELIVERYLINKPRO.ru
13.01.2024;CASHROAD.ru
13.01.2024;CASHWEBIK.ru
13.01.2024;CASINO-1WIN-ONLINE.ru
13.01.2024;CASINO-BEZ-VERIFIKACII.ru
13.01.2024;CASINO-PIN-UP-MOBILE.ru
13.01.2024;CASINO-PINUP-BET.ru
13.01.2024;CASINO-PINUP-BETRU.ru
13.01.2024;CASINO-PINUP-MOBILE.ru
13.01.2024;CASINOADVISER.ru
13.01.2024;CASINOWIN-ONLINE.ru
13.01.2024;CASSA-ELECT.ru
13.01.2024;CASTING-PRO.ru
13.01.2024;CATALOGP.ru
13.01.2024;CATCASINOPLAY.ru
13.01.2024;CATERINGPRIME.ru
13.01.2024;CATHERINEMFC.ru
13.01.2024;CATSMM.ru
13.01.2024;CATZZILLA.ru
13.01.2024;CAVISTES.ru
13.01.2024;CBDIGITAL.ru
13.01.2024;CBENEFIT.ru
13.01.2024;CBENEFITS.ru
13.01.2024;CBFL-KRASNODAR.ru
13.01.2024;CBTLT.ru
13.01.2024;CCLIMATOLOGY.ru
13.01.2024;CDEK-MATERIAL.ru
13.01.2024;CDNJS.ru
13.01.2024;CDOSV.ru
13.01.2024;CENTER-MANO.ru
13.01.2024;CENTER-ROSTA.ru
13.01.2024;CENTER-SOUTH.ru
13.01.2024;CENTER-UNION.ru
13.01.2024;CENTERHELPME.ru
13.01.2024;CENTERMANO.ru
13.01.2024;CENTFINTECH.ru
13.01.2024;CENTR-DOLGOV-RUS.ru
13.01.2024;CENTR-HORS.ru
13.01.2024;CENTR-KREDIT-RUS.ru
13.01.2024;CENTR-PSYHODRAMA.ru
13.01.2024;CENTRAL-PLACE.ru
13.01.2024;CENTRAVTOMAG.ru
13.01.2024;CENTRSKOBAR.ru
13.01.2024;CESMA-HOUSE.ru
13.01.2024;CG72.ru
13.01.2024;CHAIHANA-ORDO-7.ru
13.01.2024;CHAIHANA-ORDO7.ru
13.01.2024;CHAMELEON-ART.ru
13.01.2024;CHAMELEON-CC.ru
13.01.2024;CHAMELEONCC.ru
13.01.2024;CHANGAN-BAZIS.ru
13.01.2024;CHANGAN-BRYANSK.ru
13.01.2024;CHANGAN-SAM-2.ru
13.01.2024;CHANGAN-SAM2.ru
13.01.2024;CHANGANAUTO-MURMANSK-SALE.ru
13.01.2024;CHANPEELEDAN.ru
13.01.2024;CHAPIC.ru
13.01.2024;CHAPURINA.ru
13.01.2024;CHARM-TRAVEL.ru
13.01.2024;CHAROVNICA-I-PROKAZNICA.ru
13.01.2024;CHART-R.ru
13.01.2024;CHASY-VOLOGDA.ru
13.01.2024;CHATFUSION.ru
13.01.2024;CHAYHONAONE.ru
13.01.2024;CHAYKABIZ.ru
13.01.2024;CHE125.ru
13.01.2024;CHEAP2024SALE.ru
13.01.2024;CHEAPSALEONLINE2024.ru
13.01.2024;CHEATED.ru
13.01.2024;CHECKYOUR.ru
13.01.2024;CHEFCITY.ru
13.01.2024;CHEHOVA-SHOP.ru
13.01.2024;CHEKI-V-SPB78.ru
13.01.2024;CHEKUNOVA.ru
13.01.2024;CHELNOKOVA.ru
13.01.2024;CHELNY-DOM.ru
13.01.2024;CHEMISTRY-GID.ru
13.01.2024;CHEMODANS.ru
13.01.2024;CHEREPOVETS-POVERKA.ru
13.01.2024;CHERNOBSHAYT.ru
13.01.2024;CHERY-AVTOCAR.ru
13.01.2024;CHERY-PERM.ru
13.01.2024;CHESSKAZAN.ru
13.01.2024;CHESTNAYAKUHNYA.ru
13.01.2024;CHIBISOVA.ru
13.01.2024;CHIC-A-LOCO.ru
13.01.2024;CHIKIDRIKI.ru
13.01.2024;CHIKUNOVA.ru
13.01.2024;CHILDREN-DRAW.ru
13.01.2024;CHINA-INC.ru
13.01.2024;CHINESE-AUTO.ru
13.01.2024;CHINESE-AVTO-KRAS.ru
13.01.2024;CHINESE-AVTO-KRS.ru
13.01.2024;CHIPING.ru
13.01.2024;CHIPLOGIC.ru
13.01.2024;CHIPOLOGY.ru
13.01.2024;CHIPSLON.ru
13.01.2024;CHIPTUNIN.ru
13.01.2024;CHIRKINA.ru
13.01.2024;CHISTEL.ru
13.01.2024;CHISTOAPP.ru
13.01.2024;CHLORELLA-LIVING.ru
13.01.2024;CHOCHOREST.ru
13.01.2024;CHOMOLUNGMA.ru
13.01.2024;CHTOGOTOVITE.ru
13.01.2024;CHU-7.ru
13.01.2024;CHUJOY.ru
13.01.2024;CHURSINDG.ru
13.01.2024;CHUVASH-POVERKA.ru
13.01.2024;CHVLV.ru
13.01.2024;CIEFS.ru
13.01.2024;CIJAN.ru
13.01.2024;CIMAATELIER.ru
13.01.2024;CINEMA-WORLD.ru
13.01.2024;CINEMATOGRAF.ru
13.01.2024;CIRLAND.ru
13.01.2024;CITIMS.ru
13.01.2024;CITY-ON-VOLGA.ru
13.01.2024;CITYGLUSH.ru
13.01.2024;CITYTARA.ru
13.01.2024;CKC-D.ru
13.01.2024;CLADOVAYA-SOLNTSA.ru
13.01.2024;CLANNAZGUL.ru
13.01.2024;CLASSIC-INV.ru
13.01.2024;CLATI-PSKOV.ru
13.01.2024;CLEANNYLIFE.ru
13.01.2024;CLEARANCESALE2024.ru
13.01.2024;CLEVER-AIR.ru
13.01.2024;CLICK-SHOT.ru
13.01.2024;CLIMAT-A.ru
13.01.2024;CLIMAT-ULTRA-7.ru
13.01.2024;CLIMAT-ULTRA7.ru
13.01.2024;CLIMBING-EVENTS.ru
13.01.2024;CLINIC33.ru
13.01.2024;CLINICAZUBOV.ru
13.01.2024;CLINICNOVA.ru
13.01.2024;CLOAKED.ru
13.01.2024;CLOTHINGS-STORE.ru
13.01.2024;CLOUD-CONSULTING.ru
13.01.2024;CLOUDNOVODEZ.ru
13.01.2024;CLOZETT.ru
13.01.2024;CLTILINK.ru
13.01.2024;CLUB-HOUSE-BELKIN.ru
13.01.2024;CLUB9-TELEGRAM.ru
13.01.2024;CLUBCAFE.ru
13.01.2024;CLUBTOURMO.ru
13.01.2024;CLUBWINWIN.ru
13.01.2024;CLWR.ru
13.01.2024;CMC-IM.ru
13.01.2024;CNATEG.ru
13.01.2024;CNDY-FIX.ru
13.01.2024;CNHT.ru
13.01.2024;CO21TULA.ru
13.01.2024;CO23TULA.ru
13.01.2024;COACH-ACADEMY.ru
13.01.2024;COACHFORTEENS.ru
13.01.2024;COACHINGWAY.ru
13.01.2024;CODEFIX.ru
13.01.2024;CODETEMPLATE.ru
13.01.2024;COFFEE-TOCHKA.ru
13.01.2024;COFOUNDERCOIN.ru
13.01.2024;COFUS.ru
13.01.2024;COIN-ACCOUNTING.ru
13.01.2024;COINS-COLLECTION.ru
13.01.2024;COLEMANLS.ru
13.01.2024;COLOR-HILLS.ru
13.01.2024;COLORHILLS.ru
13.01.2024;COM10DEC.ru
13.01.2024;COMFOPLUS.ru
13.01.2024;COMFORTMEBELRF.ru
13.01.2024;COMILFO-ONLINE.ru
13.01.2024;COMPASSES.ru
13.01.2024;COMPASWEB.ru
13.01.2024;COMPERBERG.ru
13.01.2024;COMPIYMSHINKIREM-24.ru
13.01.2024;COMPLLAB.ru
13.01.2024;COMPONENT-A.ru
13.01.2024;COMPOST-AGRO.ru
13.01.2024;COMPOSTAGRO.ru
13.01.2024;COMTRUCKAUTO.ru
13.01.2024;CONC23.ru
13.01.2024;CONCAMOTIVET.ru
13.01.2024;CONCEPTPARK.ru
13.01.2024;CONCRETE-CHEMICALS.ru
13.01.2024;CONGRESS-NEURO.ru
13.01.2024;CONST-GROUP.ru
13.01.2024;CONSTRUCT-SYSTEM.ru
13.01.2024;CONSULTANTLAND.ru
13.01.2024;CONTACTMARKET.ru
13.01.2024;CONTENTMARKETING-COURSE.ru
13.01.2024;CONTRACK.ru
13.01.2024;CONTRAWS.ru
13.01.2024;CONTYNENTAL.ru
13.01.2024;CONVERSE-STATION.ru
13.01.2024;COOKEO.ru
13.01.2024;COOKIES-CAME-EXAMINE.ru
13.01.2024;COOKIES-CAME-EXPERIENCE.ru
13.01.2024;COOKIES-CAME-SMARTLINK.ru
13.01.2024;COOP0.ru
13.01.2024;COORDINATES-SOUL.ru
13.01.2024;COP48.ru
13.01.2024;COPY-ART.ru
13.01.2024;CORAL-MOSCOW.ru
13.01.2024;CORDICEPS1.ru
13.01.2024;CORN2024Z.ru
13.01.2024;CORONA-DESIGN.ru
13.01.2024;CORPFINTECH.ru
13.01.2024;COSMIC-OVERLORD.ru
13.01.2024;COSMICOVERLORD.ru
13.01.2024;COSMOMAN.ru
13.01.2024;COSMOPOLITONLINE.ru
13.01.2024;COTOFAN.ru
13.01.2024;COTTAGESDABRI.ru
13.01.2024;COURIERS-EDA.ru
13.01.2024;COURSESCLUB.ru
13.01.2024;COUTURE-MODELS.ru
13.01.2024;COZHA-OPTOM.ru
13.01.2024;CP-CTM.ru
13.01.2024;CPZ-ARCH.ru
13.01.2024;CRAFTSPONGE.ru
13.01.2024;CRAGRAVORUM.ru
13.01.2024;CRANEMM.ru
13.01.2024;CRAZY-TOWN.ru
13.01.2024;CRAZYQUEENHOME.ru
13.01.2024;CRAZYSUSHI.ru
13.01.2024;CREAGENBAND.ru
13.01.2024;CREAHOME.ru
13.01.2024;CREALLE.ru
13.01.2024;CREAMCHEESE.ru
13.01.2024;CREAMLOTIER.ru
13.01.2024;CREATIVE-DIGITAL.ru
13.01.2024;CREATIVECO.ru
13.01.2024;CREATOR-SPACE.ru
13.01.2024;CREDISTORYA.ru
13.01.2024;CREDIT-BANKIR.ru
13.01.2024;CREDIT-FAMILY.ru
13.01.2024;CREDIT-HAB.ru
13.01.2024;CREDIT-PRIDE.ru
13.01.2024;CREDITGE.ru
13.01.2024;CREDITHAB.ru
13.01.2024;CREDITWEBKA.ru
13.01.2024;CRIDAX.ru
13.01.2024;CRIMEA-POVERKA.ru
13.01.2024;CRISPMOVIES.ru
13.01.2024;CRM-SPECTR.ru
13.01.2024;CRM-UKOZTRADE.ru
13.01.2024;CRMHUB.ru
13.01.2024;CROCO24.ru
13.01.2024;CROCODILATTO.ru
13.01.2024;CROCUS1001NIGHT.ru
13.01.2024;CROCUSPLUS.ru
13.01.2024;CROMT.ru
13.01.2024;CRYOTOWN.ru
13.01.2024;CRYPTO-GURU.ru
13.01.2024;CRYPTOGU.ru
13.01.2024;CRYPTOMONKEYBROKER.ru
13.01.2024;CRYPTORIUM.ru
13.01.2024;CRYPTOVEBINAR.ru
13.01.2024;CRYSTAL18.ru
13.01.2024;CRYSTALMASTER.ru
13.01.2024;CS-B.ru
13.01.2024;CS2-GO.ru
13.01.2024;CS2POP.ru
13.01.2024;CSGOMIRKIT-NEW.ru
13.01.2024;CSKAMINI.ru
13.01.2024;CSMARETK-NEW.ru
13.01.2024;CTB-ALGORITM.ru
13.01.2024;CTKOM.ru
13.01.2024;CTRSA.ru
13.01.2024;CUBE-OIL.ru
13.01.2024;CUBEJECT.ru
13.01.2024;CUBEOIL.ru
13.01.2024;CUBICKGEM.ru
13.01.2024;CUCARECNI.ru
13.01.2024;CUCAREKI.ru
13.01.2024;CUCAREKNI.ru
13.01.2024;CUCAREKU.ru
13.01.2024;CUCARIKI.ru
13.01.2024;CUCKOOS.ru
13.01.2024;CUCRIKI.ru
13.01.2024;CULTES.ru
13.01.2024;CULTSPB.ru
13.01.2024;CUNRECOGNIZED.ru
13.01.2024;CURIER-PARTNER.ru
13.01.2024;CVANT-PLUS.ru
13.01.2024;CVETOCHNY-DOM.ru
13.01.2024;CVETOKUFA.ru
13.01.2024;CVETPITOMNIK.ru
13.01.2024;CVETY-BUGULMA.ru
13.01.2024;CVETY-KAZAN.ru
13.01.2024;CVETY-MINVODY.ru
13.01.2024;CVETY-NABEREZHNYE.ru
13.01.2024;CVETY-NIZHNEKAMSK.ru
13.01.2024;CVETY-STERLITAMAK.ru
13.01.2024;CVETY-UFA.ru
13.01.2024;CYBERTECH-IT.ru
13.01.2024;CYCLOWIKI.ru
13.01.2024;CYPRUSFRIENDS.ru
13.01.2024;CYRIUS-TV.ru
13.01.2024;CYSTIS.ru
13.01.2024;CZL27.ru
13.01.2024;DAAABROOO.ru
13.01.2024;DABBSSON.ru
13.01.2024;DACEN.ru
13.01.2024;DACH-HAUSE.ru
13.01.2024;DADDY-AMP.ru
13.01.2024;DADDY-AMP1.ru
13.01.2024;DADDY-AMP2.ru
13.01.2024;DADIT.ru
13.01.2024;DAGESTAN-VPN.ru
13.01.2024;DAHANRUSSIA.ru
13.01.2024;DAIDA.ru
13.01.2024;DAIMOUS-HOME.ru
13.01.2024;DALBUM.ru
13.01.2024;DALGATOV.ru
13.01.2024;DANABOL.ru
13.01.2024;DANATELLA.ru
13.01.2024;DANAWA.ru
13.01.2024;DANCEEVENTPERM.ru
13.01.2024;DANCEVSCHOL.ru
13.01.2024;DANILP.ru
13.01.2024;DANNSROKK-7.ru
13.01.2024;DANNSROKK7.ru
13.01.2024;DAR-DRAKONOV.ru
13.01.2024;DARBARSMSK.ru
13.01.2024;DARCCRAFT.ru
13.01.2024;DARCPROJECT.ru
13.01.2024;DAREFABRIC.ru
13.01.2024;DARENIN.ru
13.01.2024;DARKLENSGALLERY.ru
13.01.2024;DARKPATRICKS.ru
13.01.2024;DARKPROGECT.ru
13.01.2024;DARKPROJEKT.ru
13.01.2024;DARKROSE.ru
13.01.2024;DARYAM.ru
13.01.2024;DAVIDOVALEX.ru
13.01.2024;DAVLYEV.ru
13.01.2024;DAY-ZAYM.ru
13.01.2024;DAYNA-FLOWERS.ru
13.01.2024;DAYS-NEWS.ru
13.01.2024;DBURO.ru
13.01.2024;DCALCAREOUS.ru
13.01.2024;DCAT.ru
13.01.2024;DCELECTRICAL.ru
13.01.2024;DDANIEL.ru
13.01.2024;DE-NA.ru
13.01.2024;DE-STAR.ru
13.01.2024;DE-VIZ.ru
13.01.2024;DEADLINK.ru
13.01.2024;DECLARATOR.ru
13.01.2024;DECOREF.ru
13.01.2024;DECORETO.ru
13.01.2024;DED-UMA.ru
13.01.2024;DEDAL74.ru
13.01.2024;DEDDOBROZ.ru
13.01.2024;DEDUMA.ru
13.01.2024;DEEPSEAPLC.ru
13.01.2024;DEKORHAUS.ru
13.01.2024;DELAROMPARIS.ru
13.01.2024;DELASHLIHOROSHO.ru
13.01.2024;DELED-LIGHTS.ru
13.01.2024;DELIVERY-3149.ru
13.01.2024;DELIVERY-CONTAINERS.ru
13.01.2024;DELIVERY224.ru
13.01.2024;DELIVSTROY.ru
13.01.2024;DELOPO.ru
13.01.2024;DELPHIST.ru
13.01.2024;DELTASKLAD.ru
13.01.2024;DEMAVENDINFO.ru
13.01.2024;DEMOCODER.ru
13.01.2024;DEMOWATERBOT.ru
13.01.2024;DEMUREPAY.ru
13.01.2024;DEN2024.ru
13.01.2024;DENGI-VZAJMY-ONLAJN.ru
13.01.2024;DENISNSO54.ru
13.01.2024;DENISPEREVOZ.ru
13.01.2024;DENJA.ru
13.01.2024;DENTA-PLUS86.ru
13.01.2024;DENTACLASS.ru
13.01.2024;DENTAL-HUB.ru
13.01.2024;DENTALSOLUTIONSPRO.ru
13.01.2024;DENTERR.ru
13.01.2024;DEPARTAMENT29.ru
13.01.2024;DEPOGROUP.ru
13.01.2024;DEPSAR.ru
13.01.2024;DERGACHEVA.ru
13.01.2024;DESHI8.ru
13.01.2024;DESIGN-BBESITE.ru
13.01.2024;DESIGN4INTERNET.ru
13.01.2024;DESIGNCONFERENCE2024.ru
13.01.2024;DESIGNER1488.ru
13.01.2024;DESIGNMUGINOV.ru
13.01.2024;DETALI-HOLODILNIKOV.ru
13.01.2024;DETPRIUT.ru
13.01.2024;DETSAD-SCHOOL.ru
13.01.2024;DETSKAYA-MEDICYNA.ru
13.01.2024;DETSKAYNOVOUZENSK.ru
13.01.2024;DETSKOE-AVTOKRESLO.ru
13.01.2024;DEVBASICS.ru
13.01.2024;DEVUAL.ru
13.01.2024;DEXTH.ru
13.01.2024;DEZCHEREPOVEC.ru
13.01.2024;DFOXINVEST.ru
13.01.2024;DG-EON.ru
13.01.2024;DGEON.ru
13.01.2024;DHISMATULLINA.ru
13.01.2024;DI-SMIRNOVA.ru
13.01.2024;DIABET03.ru
13.01.2024;DIAMOND-TRAINING.ru
13.01.2024;DIAMONDFLOWERS58.ru
13.01.2024;DIASPORATV.ru
13.01.2024;DICZ.ru
13.01.2024;DIDUCTIO.ru
13.01.2024;DIETA-MENU.ru
13.01.2024;DIGITALFS.ru
13.01.2024;DIGITALPSY.ru
13.01.2024;DIGITALWINE.ru
13.01.2024;DIKAREVA.ru
13.01.2024;DIKO-SHOP.ru
13.01.2024;DILAND2020.ru
13.01.2024;DILARA-AUTO.ru
13.01.2024;DIMAGLAZOVSKIIDAUN.ru
13.01.2024;DIMITROVGRAD-DOSUG.ru
13.01.2024;DIMITROVGRAD-POVERKA.ru
13.01.2024;DIMSTROI.ru
13.01.2024;DINAMIGDAL.ru
13.01.2024;DINAMO27.ru
13.01.2024;DINOCRYPTOPAY.ru
13.01.2024;DINOLOGY.ru
13.01.2024;DIOLOGY.ru
13.01.2024;DIOSA-STUDIO.ru
13.01.2024;DIPLOM-KURSOVICHEK.ru
13.01.2024;DIPLOM5-NOVOSIBIRSK.ru
13.01.2024;DIPLOMA-ECOMMERCE.ru
13.01.2024;DIPLOMSTUD.ru
13.01.2024;DIPVED.ru
13.01.2024;DIREKT-AVTO.ru
13.01.2024;DIREX24.ru
13.01.2024;DIROSA.ru
13.01.2024;DISCIPLINELAB.ru
13.01.2024;DISCOUNTSHOPSALE2024.ru
13.01.2024;DISCOVER-RND.ru
13.01.2024;DISTRIBUTOR-PRO.ru
13.01.2024;DIV24.ru
13.01.2024;DIVESAPHIR.ru
13.01.2024;DIVIF.ru
13.01.2024;DIVINIDOLLES.ru
13.01.2024;DJNATA.ru
13.01.2024;DJROLL.ru
13.01.2024;DKIMTOUR.ru
13.01.2024;DL-POTOLKI.ru
13.01.2024;DM-CLOTHES.ru
13.01.2024;DMAGDMAG.ru
13.01.2024;DMCOMM.ru
13.01.2024;DMCREATIVE.ru
13.01.2024;DMHALL.ru
13.01.2024;DMITRIISVIRIDOV.ru
13.01.2024;DMITRIY-FILCHENKOV.ru
13.01.2024;DMITROVA.ru
13.01.2024;DMONETKIN.ru
13.01.2024;DMSETI.ru
13.01.2024;DNEVNIKELENY.ru
13.01.2024;DNILQ.ru
13.01.2024;DNLQ.ru
13.01.2024;DNP-RODNYEPROSTORY.ru
13.01.2024;DNR-AVTO.ru
13.01.2024;DO-MOS.ru
13.01.2024;DOBR-TEPLO.ru
13.01.2024;DOBROTANV.ru
13.01.2024;DOBUSSE.ru
13.01.2024;DOCHKIISINOCHKI.ru
13.01.2024;DOCREPINA.ru
13.01.2024;DOCS-DATABANK.ru
13.01.2024;DOCTOR-KOROLKOV.ru
13.01.2024;DOCZDRAV.ru
13.01.2024;DODELAYSAM.ru
13.01.2024;DOGBRT.ru
13.01.2024;DOGMA-KRASNODAR.ru
13.01.2024;DOGWALKERS.ru
13.01.2024;DOITBETTER.ru
13.01.2024;DOKTORA-INFO.ru
13.01.2024;DOL-SERVICE.ru
13.01.2024;DOLG24-OBNYLIL.ru
13.01.2024;DOLG24-STOPE.ru
13.01.2024;DOLGA2024-NET.ru
13.01.2024;DOLGORA.ru
13.01.2024;DOLGOSHEEV-1.ru
13.01.2024;DOLGOV-NET2024.ru
13.01.2024;DOLGZNIK2024-NET.ru
13.01.2024;DOLINAPARK.ru
13.01.2024;DOLMATOVSKAYASTUDIO.ru
13.01.2024;DOLZHNIK-STOP2024.ru
13.01.2024;DOM-BRAT.ru
13.01.2024;DOMA-I-KOTTEDZHI.ru
13.01.2024;DOMA-TIXO.ru
13.01.2024;DOMAINTRACKING.ru
13.01.2024;DOMASHNEEHOZAISTVO.ru
13.01.2024;DOMASHNIYMIR.ru
13.01.2024;DOMAVKYSNO.ru
13.01.2024;DOMBAY-KRISTALL.ru
13.01.2024;DOMBAY-PALACE.ru
13.01.2024;DOMIK-SPECM.ru
13.01.2024;DOMIK-TRAVEL.ru
13.01.2024;DOMIKTRAVEL.ru
13.01.2024;DOMIONG.ru
13.01.2024;DOMKANALIZACIYA.ru
13.01.2024;DOMOSEDKAM.ru
13.01.2024;DOMOV-REMONT.ru
13.01.2024;DOMOWODSTWO.ru
13.01.2024;DOMROMANOVIH.ru
13.01.2024;DOMRYBOLOVA.ru
13.01.2024;DOMSBERY.ru
13.01.2024;DOMSHARE.ru
13.01.2024;DOMTRAVEVGENII.ru
13.01.2024;DOMVEDEM.ru
13.01.2024;DOMVLESUEKB.ru
13.01.2024;DON-ASTRO.ru
13.01.2024;DONDVERI.ru
13.01.2024;DONGFENG-LCV-UFA.ru
13.01.2024;DONKIHOTDZE-DOSTAVKA.ru
13.01.2024;DONOR08.ru
13.01.2024;DOOR-TO-DOOR.ru
13.01.2024;DOPSPORT.ru
13.01.2024;DORIAN-GRAY.ru
13.01.2024;DORSAL.ru
13.01.2024;DORSS2007.ru
13.01.2024;DOSTAVKA-7458.ru
13.01.2024;DOSTAVKA-VISTA.ru
13.01.2024;DOSTENBERG.ru
13.01.2024;DOSTIGAYA.ru
13.01.2024;DOSTOPRIMECHATELNOSTI-KALININGRADA.ru
13.01.2024;DOSUDEBNIK.ru
13.01.2024;DOSUG-ARMAVIR.ru
13.01.2024;DOSUG-DZERZHINSKA.ru
13.01.2024;DOSUG-ESSENTUKI.ru
13.01.2024;DOSUG-KAMENSK-URALSKIJ.ru
13.01.2024;DOSUG-MIHAJLOVSK.ru
13.01.2024;DOSUG-NEFTEUGANSK.ru
13.01.2024;DOSUG-NEVINNOMYSSK.ru
13.01.2024;DOSUG-NOVOCHERKASSKA.ru
13.01.2024;DOSUG-NOVOSHAHTINSK.ru
13.01.2024;DOSUG-PETROPAVLOVSK-KAMCHATSKIJ.ru
13.01.2024;DOSUG-RYBINSK.ru
13.01.2024;DOSUG-USSURIJSKA.ru
13.01.2024;DOSUG-VOLGODONSKA.ru
13.01.2024;DOU178.ru
13.01.2024;DOUJIN.ru
13.01.2024;DOWNTONABBEYSERIAL.ru
13.01.2024;DOXERZ24.ru
13.01.2024;DOXODONLINE.ru
13.01.2024;DP3VOLG.ru
13.01.2024;DP62.ru
13.01.2024;DPLELA.ru
13.01.2024;DR-EZH.ru
13.01.2024;DR-SOROKINOY.ru
13.01.2024;DRAGONFISH.ru
13.01.2024;DRAW-SCHEME.ru
13.01.2024;DREAMSTIME.ru
13.01.2024;DRESSEZ.ru
13.01.2024;DRGOLOVANOV.ru
13.01.2024;DRGORSHKOVVET.ru
13.01.2024;DRILLINGART.ru
13.01.2024;DRIVEFREE.ru
13.01.2024;DRIVEMIND.ru
13.01.2024;DRIVERMASTER.ru
13.01.2024;DRIVERPLANET.ru
13.01.2024;DRIVEVOLT.ru
13.01.2024;DRONEVOLT.ru
13.01.2024;DRONYAEVUSINSK.ru
13.01.2024;DROVA3.ru
13.01.2024;DROVOROOB.ru
13.01.2024;DRPROKOFEVA.ru
13.01.2024;DRUGIEDACHI.ru
13.01.2024;DRVORONENKOV.ru
13.01.2024;DS-I.ru
13.01.2024;DS-K.ru
13.01.2024;DSCDONETSK-DNR.ru
13.01.2024;DTHINKCENTRE.ru
13.01.2024;DTIVT.ru
13.01.2024;DTKOM.ru
13.01.2024;DTOIL74.ru
13.01.2024;DTPHELP23.ru
13.01.2024;DUBAI-SERVICE.ru
13.01.2024;DUBAIPEARL.ru
13.01.2024;DUBKI-NK.ru
13.01.2024;DUDINAPHOTO.ru
13.01.2024;DUKUXAK.ru
13.01.2024;DUNE-DZHEMETE.ru
13.01.2024;DVERI-39.ru
13.01.2024;DVERI-BRAVO-1597.ru
13.01.2024;DVIG-CLUB.ru
13.01.2024;DVIGATELI-BMW.ru
13.01.2024;DVIZHENIE-ROSTA.ru
13.01.2024;DVOLE.ru
13.01.2024;DVR77.ru
13.01.2024;DVS-SKLAD.ru
13.01.2024;DWELLINGTON.ru
13.01.2024;DX8.ru
13.01.2024;DXMEDIA.ru
13.01.2024;DYATLOVSKOE-KLADBIGE.ru
13.01.2024;DYING-LIGHT.ru
13.01.2024;DYLDASTOREDA.ru
13.01.2024;DYMOHODY18.ru
13.01.2024;DZERGIRIBU.ru
13.01.2024;DZERJINSK-POVERKA.ru
13.01.2024;DZERZHINSK1930.ru
13.01.2024;DZHEGEROVA.ru
13.01.2024;DZORINA.ru
13.01.2024;E-12-01-23.ru
13.01.2024;E-1SITE.ru
13.01.2024;E-EWEREST.ru
13.01.2024;E-GRUZOVIK.ru
13.01.2024;E-KAD.ru
13.01.2024;E-LOOCH.ru
13.01.2024;E-MULLEN.ru
13.01.2024;E1NS.ru
13.01.2024;EADUVANOV.ru
13.01.2024;EAFARM.ru
13.01.2024;EANONLINE.ru
13.01.2024;EARNCREDIT.ru
13.01.2024;EASYSLIPPER.ru
13.01.2024;EATBALL.ru
13.01.2024;EATBALLS.ru
13.01.2024;EAZ-AKB.ru
13.01.2024;EBEYSHI-7.ru
13.01.2024;EBEYSHI7.ru
13.01.2024;EBIROLL-7.ru
13.01.2024;EBIROLL7.ru
13.01.2024;EBOBYLEVA.ru
13.01.2024;EBONOVA.ru
13.01.2024;EBUREAU.ru
13.01.2024;ECO-KATALOG.ru
13.01.2024;ECOLIS.ru
13.01.2024;ECOLOGICAONLINE.ru
13.01.2024;ECONEX-LIGHTS.ru
13.01.2024;ECORON.ru
13.01.2024;ECOSPETSTORG.ru
13.01.2024;ECOSTYLEPOSM.ru
13.01.2024;ECOTELECOM-TELEMARKETING.ru
13.01.2024;ECP33.ru
13.01.2024;ECPOL.ru
13.01.2024;ECU-COMPANY.ru
13.01.2024;EDAVSEMVKUSNO.ru
13.01.2024;EDELVEISCENTR.ru
13.01.2024;EDENODORATUS.ru
13.01.2024;EDITGROUP.ru
13.01.2024;EDITIONDESIGN.ru
13.01.2024;EDORMIDONTOVA.ru
13.01.2024;EDU-HOLM.ru
13.01.2024;EDU-POLIGON77.ru
13.01.2024;EDUFIN.ru
13.01.2024;EDUMATE.ru
13.01.2024;EDUPLUSIT.ru
13.01.2024;EDUSON-DEPLOY.ru
13.01.2024;EDUSTET.ru
13.01.2024;EDUTORIYA.ru
13.01.2024;EERZOVSKIJ.ru
13.01.2024;EFIMOVGR.ru
13.01.2024;EFLOORBALL.ru
13.01.2024;EFSET.ru
13.01.2024;EGAISECP.ru
13.01.2024;EGTIFESTIVAL.ru
13.01.2024;EHA-NN.ru
13.01.2024;EKARENDA.ru
13.01.2024;EKATERINAKOKHANOVA.ru
13.01.2024;EKATERINALEE.ru
13.01.2024;EKB-NADEZDAPLUS.ru
13.01.2024;EKBSL.ru
13.01.2024;EKIMA.ru
13.01.2024;EKLIK.ru
13.01.2024;EKONA54.ru
13.01.2024;EKOPYLOVASTUDIO.ru
13.01.2024;EKREKLAMA.ru
13.01.2024;EKRISTINAA.ru
13.01.2024;EKZAGON.ru
13.01.2024;EL-AGREGAT.ru
13.01.2024;EL-MO.ru
13.01.2024;EL-SCHOOL.ru
13.01.2024;ELBRAV.ru
13.01.2024;ELBRUS-EXPERT.ru
13.01.2024;ELBRUSCAMPING.ru
13.01.2024;ELDORADOCASINOWIN.ru
13.01.2024;ELECT-CASSA.ru
13.01.2024;ELECT-KINO.ru
13.01.2024;ELECT-STANDUP.ru
13.01.2024;ELECT-THEATRE.ru
13.01.2024;ELECTRICA-HT.ru
13.01.2024;ELECTRICAVSEM.ru
13.01.2024;ELECTROLUX-COMFORT.ru
13.01.2024;ELECTROLUX-SERVICE-COM.ru
13.01.2024;ELECTRON-SYSTEM.ru
13.01.2024;ELEKTRIK-PRO-TB.ru
13.01.2024;ELEKTRO-M-SPB.ru
13.01.2024;ELEMENTREFLECTOR.ru
13.01.2024;ELEMENTSPA.ru
13.01.2024;ELENA-ART.ru
13.01.2024;ELENA-YARDCONSULTING.ru
13.01.2024;ELENIKA-DESIGN.ru
13.01.2024;ELEONPAY.ru
13.01.2024;ELIBCLOUD.ru
13.01.2024;ELISTA-POVERKA.ru
13.01.2024;ELITA-KLINING.ru
13.01.2024;ELITERISE.ru
13.01.2024;ELITMASTER1.ru
13.01.2024;ELKA-VIP.ru
13.01.2024;ELKA44.ru
13.01.2024;ELMCITY.ru
13.01.2024;ELTA98.ru
13.01.2024;ELTEHPRO.ru
13.01.2024;ELTEKPRO.ru
13.01.2024;ELUNN.ru
13.01.2024;ELVENTA.ru
13.01.2024;ELYSIUM-CSS.ru
13.01.2024;ELYTRUM.ru
13.01.2024;EMAHJONG.ru
13.01.2024;EMKISKIDS.ru
13.01.2024;EMPIRE-CRMP.ru
13.01.2024;EMPIREPRINTS.ru
13.01.2024;EN-RG.ru
13.01.2024;ENDAIVOR.ru
13.01.2024;ENDO75.ru
13.01.2024;ENERGOINZHINIRINGRZN.ru
13.01.2024;ENERGOLUX-AIRCOND.ru
13.01.2024;ENERGOSAVING.ru
13.01.2024;ENERGOTRANS96.ru
13.01.2024;ENERGOVIZA.ru
13.01.2024;ENERGY55.ru
13.01.2024;ENERGYOCEAN.ru
13.01.2024;ENERGYVOLT.ru
13.01.2024;ENGELS-POVERKA.ru
13.01.2024;ENGWE.ru
13.01.2024;ENJOY-CO.ru
13.01.2024;ENJOYBMW.ru
13.01.2024;ENJOYSTICK.ru
13.01.2024;ENL-HANDICRAFT.ru
13.01.2024;ENLHANDICRAFT.ru
13.01.2024;ENNIOFURNITURE.ru
13.01.2024;EOOOE.ru
13.01.2024;EPID-LK.ru
13.01.2024;EPIDLK.ru
13.01.2024;EPIPERM.ru
13.01.2024;EPOTOSNN.ru
13.01.2024;ERA-TECHNO.ru
13.01.2024;ERAGAZONOV.ru
13.01.2024;EREVAN-BUS.ru
13.01.2024;ERMI-GROUP.ru
13.01.2024;ERMINOX.ru
13.01.2024;ERMITAGE-GAL.ru
13.01.2024;EROVD.ru
13.01.2024;ERUDITCITY.ru
13.01.2024;ESCORT-PANDORA.ru
13.01.2024;ESCREENPLAY.ru
13.01.2024;ESERVICE-TULA.ru
13.01.2024;ESHAKKZN.ru
13.01.2024;ESHINKA.ru
13.01.2024;ESPANA-GID.ru
13.01.2024;EST108.ru
13.01.2024;ESTATEINFO.ru
13.01.2024;ESTETIC-LEASING.ru
13.01.2024;ESTETIC-LINE.ru
13.01.2024;ESTHETICGLOW.ru
13.01.2024;ETFORME.ru
13.01.2024;ETIO.ru
13.01.2024;ETO-TRAVEL.ru
13.01.2024;ETU-MEDIAFEST2024.ru
13.01.2024;EUBIQRUSSIA.ru
13.01.2024;EUMASTERS.ru
13.01.2024;EUPHORIATEAM.ru
13.01.2024;EURASIAMOTORS-ONLINE.ru
13.01.2024;EURO-PROTOCOL.ru
13.01.2024;EUROPE-AGENCY.ru
13.01.2024;EUROSEF.ru
13.01.2024;EUROTRAVEL-ONLINE.ru
13.01.2024;EVA-SHKOLA-EMOTSIONALNOGO-INTELLEKTA.ru
13.01.2024;EVABOOM.ru
13.01.2024;EVACUATION53.ru
13.01.2024;EVAKUATOR-93.ru
13.01.2024;EVAKUATOR-TLT.ru
13.01.2024;EVAKUATOR026.ru
13.01.2024;EVAKUATORVRAMENSKOM.ru
13.01.2024;EVAKUAZIA.ru
13.01.2024;EVENTBEZZ.ru
13.01.2024;EVENTSKY.ru
13.01.2024;EVGENIA-M.ru
13.01.2024;EVGENSILVER.ru
13.01.2024;EVGUTILITYSERV.ru
13.01.2024;EVLSTACE.ru
13.01.2024;EVRAASIT.ru
13.01.2024;EVRIHBIT.ru
13.01.2024;EVRO-1.ru
13.01.2024;EVROCLIMAT56.ru
13.01.2024;EVROOTDELKA73.ru
13.01.2024;EWRICA.ru
13.01.2024;EWROTORG.ru
13.01.2024;EXAFISHA-7.ru
13.01.2024;EXAFISHA7.ru
13.01.2024;EXCEPT-US.ru
13.01.2024;EXCHINA.ru
13.01.2024;EXCLUDINGSTRAD.ru
13.01.2024;EXDEC.ru
13.01.2024;EXEZA.ru
13.01.2024;EXKAVATORACE.ru
13.01.2024;EXLAEN.ru
13.01.2024;EXPERT-ANALYTICS.ru
13.01.2024;EXPERT02.ru
13.01.2024;EXPERT99.ru
13.01.2024;EXPERTHOMES.ru
13.01.2024;EXPERTKOMI.ru
13.01.2024;EXPERTPLUS08.ru
13.01.2024;EXPERTREPEAT.ru
13.01.2024;EXPERTSPOKERS.ru
13.01.2024;EXPRESS-ALKOGOL-SOCHI-24.ru
13.01.2024;EXPRESS-DIZ-STUDIO.ru
13.01.2024;EXPRESS-DOKI.ru
13.01.2024;EXTRAMED24.ru
13.01.2024;EXTRASENSYONLINE.ru
13.01.2024;EXTRAZ24.ru
13.01.2024;EXTREME-COWBOY.ru
13.01.2024;EYEDRESS0.ru
13.01.2024;EYES4.ru
13.01.2024;EZOSITE.ru
13.01.2024;F-KIP.ru
13.01.2024;F-KP.ru
13.01.2024;F-MEB.ru
13.01.2024;F1SUPPORT.ru
13.01.2024;F5API.ru
13.01.2024;FA-ONLINE.ru
13.01.2024;FABERLICLIFE07.ru
13.01.2024;FABERLICRED.ru
13.01.2024;FABERLIDER.ru
13.01.2024;FABRIKA-BMZ.ru
13.01.2024;FABULADEV.ru
13.01.2024;FACTORY2024SALE.ru
13.01.2024;FACTORY311.ru
13.01.2024;FACTORYBAY.ru
13.01.2024;FACTORYONLINE2024.ru
13.01.2024;FACTORYSTORE2024.ru
13.01.2024;FACTS24.ru
13.01.2024;FADUKBORER.ru
13.01.2024;FADVE.ru
13.01.2024;FAGS-NET.ru
13.01.2024;FAITHANDLIFE.ru
13.01.2024;FAKTOR-ALFA.ru
13.01.2024;FAMILYINVESTOR.ru
13.01.2024;FAMILYLAB-DETI.ru
13.01.2024;FAMILYSOL.ru
13.01.2024;FAMOLYNOSKI.ru
13.01.2024;FANAK.ru
13.01.2024;FANERA-MASTER-7.ru
13.01.2024;FANERAMASTER7.ru
13.01.2024;FARBENPROF.ru
13.01.2024;FARETTI-TRADE.ru
13.01.2024;FASALE.ru
13.01.2024;FASHIONDREAMS-66.ru
13.01.2024;FASTLINKMONEYRU.ru
13.01.2024;FASTVOLT.ru
13.01.2024;FATALFURY.ru
13.01.2024;FAVORIT-SALON.ru
13.01.2024;FAZZET-ORGANIC.ru
13.01.2024;FCTFOUNDATION.ru
13.01.2024;FEDERAL-NEWS.ru
13.01.2024;FEDOROVAES-85.ru
13.01.2024;FEDOROVSKIH.ru
13.01.2024;FEDOTOVA-DOC.ru
13.01.2024;FEDOTOVSTUDIO.ru
13.01.2024;FEELING-BASEIN.ru
13.01.2024;FEINWRLD.ru
13.01.2024;FEMIDA-BEZDOLGOV.ru
13.01.2024;FENINSKOE-KLADBIGE.ru
13.01.2024;FENIX-GSM.ru
13.01.2024;FENOMEN-NADIN.ru
13.01.2024;FEOZAP.ru
13.01.2024;FESTIVALPORA.ru
13.01.2024;FETER-SHOP.ru
13.01.2024;FGALUSHKIN.ru
13.01.2024;FH-YANAO.ru
13.01.2024;FHTTP.ru
13.01.2024;FIDOBIZNES.ru
13.01.2024;FILCHUSHKIN.ru
13.01.2024;FILES-HUB.ru
13.01.2024;FILGRI.ru
13.01.2024;FILL-UP.ru
13.01.2024;FILMINI.ru
13.01.2024;FIN-ASSETS1.ru
13.01.2024;FIN-ECO.ru
13.01.2024;FIN-EXPERT-ONLINE.ru
13.01.2024;FIN-EXPERT78.ru
13.01.2024;FIN-GRADE.ru
13.01.2024;FINDONE.ru
13.01.2024;FINDPROFSKILL.ru
13.01.2024;FINEST-VIDEO.ru
13.01.2024;FINEZGALLERY.ru
13.01.2024;FINLIBRARY.ru
13.01.2024;FINMANIYA.ru
13.01.2024;FINNDESIGN.ru
13.01.2024;FINTECHFUTURES.ru
13.01.2024;FINTECHGC.ru
13.01.2024;FINVITRINATP.ru
13.01.2024;FIPC.ru
13.01.2024;FIPPMGOU.ru
13.01.2024;FIREDRAGONOFF.ru
13.01.2024;FIRMA-CHKALOVSK.ru
13.01.2024;FIRMIMSK.ru
13.01.2024;FIRSTENGLISHBOOK.ru
13.01.2024;FIRSTLUCK.ru
13.01.2024;FISH-WIKI.ru
13.01.2024;FISHINGDO.ru
13.01.2024;FISHKEEPING-STUDIO.ru
13.01.2024;FISHVIDEORUS.ru
13.01.2024;FISKARS-MARKET.ru
13.01.2024;FISKARSMARKET.ru
13.01.2024;FITAMEDICAL.ru
13.01.2024;FITFARE.ru
13.01.2024;FITNES-STUDIO.ru
13.01.2024;FITPACT.ru
13.01.2024;FITSPARTA.ru
13.01.2024;FIX99.ru
13.01.2024;FIXMOST.ru
13.01.2024;FIXZAEM.ru
13.01.2024;FKSGM.ru
13.01.2024;FKUDPOMUC-7.ru
13.01.2024;FKUDPOMUC7.ru
13.01.2024;FLAGAMES.ru
13.01.2024;FLASHSAFE.ru
13.01.2024;FLAT36.ru
13.01.2024;FLER-EL.ru
13.01.2024;FLIP-COINS.ru
13.01.2024;FLIPCHECK.ru
13.01.2024;FLORA-FLOWERS.ru
13.01.2024;FLORA-LUGANSK.ru
13.01.2024;FLORAMANIA.ru
13.01.2024;FLOREALDON.ru
13.01.2024;FLORIVABEL.ru
13.01.2024;FLOW-SMM.ru
13.01.2024;FLOWER-OPT.ru
13.01.2024;FLOWERBERRY.ru
13.01.2024;FLOWERBREST.ru
13.01.2024;FLOWERFLAME.ru
13.01.2024;FLOWERLOVERS.ru
13.01.2024;FLOWERS-BUKETERIYA.ru
13.01.2024;FLOWERS-REPUBLIC.ru
13.01.2024;FLOWERS51.ru
13.01.2024;FLOWERSBYLUIZA.ru
13.01.2024;FNAFREMASTER.ru
13.01.2024;FOCUS74.ru
13.01.2024;FOLGAR.ru
13.01.2024;FOLLOW-SMM.ru
13.01.2024;FOMINA-KOSMETOLOG32.ru
13.01.2024;FONDEDINSTVO.ru
13.01.2024;FONDSVO-UFA.ru
13.01.2024;FOOD-SERVER.ru
13.01.2024;FOODRES.ru
13.01.2024;FOOPETVGD4.ru
13.01.2024;FOOT-BOOT.ru
13.01.2024;FOOTBALL-KICKOFF.ru
13.01.2024;FOOTBALL-TODAY.ru
13.01.2024;FOOTBOOLKA.ru
13.01.2024;FOOTLIFE.ru
13.01.2024;FOREX-RECIPE.ru
13.01.2024;FOREXTRADINGONLINE.ru
13.01.2024;FORMA-BAVARIYA-MSK.ru
13.01.2024;FORMOTHERRUSSIA.ru
13.01.2024;FORMTORG.ru
13.01.2024;FORT14.ru
13.01.2024;FORTE-PRIMO.ru
13.01.2024;FORTRESS-SECURITY.ru
13.01.2024;FORTRESSSECURITY.ru
13.01.2024;FORTYNA-TIGR.ru
13.01.2024;FORUMBZK.ru
13.01.2024;FORUMSISADMINA.ru
13.01.2024;FORVARDOSCREDIT.ru
13.01.2024;FORWARDSTITCH.ru
13.01.2024;FORYOU-HOSTING.ru
13.01.2024;FOSGROUP-LIGHTS.ru
13.01.2024;FOTIKVDEREVNE.ru
13.01.2024;FOTOINTERER72.ru
13.01.2024;FOTON-DOMBAY.ru
13.01.2024;FOTON-EKB.ru
13.01.2024;FOTOS-HOST.ru
13.01.2024;FOXWELLTPMS.ru
13.01.2024;FPOSCHMANN.ru
13.01.2024;FPRINFO.ru
13.01.2024;FR-MIR-CVETOV.ru
13.01.2024;FR-SHAROZ.ru
13.01.2024;FRANKCASINO-LUCK.ru
13.01.2024;FRANKCASINO-LUCK1.ru
13.01.2024;FRANKNN.ru
13.01.2024;FREELO.ru
13.01.2024;FREEZPIC.ru
13.01.2024;FRENCH-STREAM.ru
13.01.2024;FRESH-CASINO-POCHTA.ru
13.01.2024;FRESH-SPORTS-NEWS.ru
13.01.2024;FRESHCASINO-EXP6.ru
13.01.2024;FRESHCASINO-POCHTA.ru
13.01.2024;FRESHCASINOMOSFIN.ru
13.01.2024;FRESHCASINOMOSFIN1.ru
13.01.2024;FRESHMAIL.ru
13.01.2024;FROMABOVE.ru
13.01.2024;FROMSOFT.ru
13.01.2024;FROMSOFTWARE.ru
13.01.2024;FRONTEND-TEST.ru
13.01.2024;FROST-STOCK.ru
13.01.2024;FRUT-R.ru
13.01.2024;FRWRD.ru
13.01.2024;FSIN-PEREDAHA.ru
13.01.2024;FSODART.ru
13.01.2024;FSSSVN-DNR.ru
13.01.2024;FSTUDIOSPB.ru
13.01.2024;FUEL-DIESEL.ru
13.01.2024;FULLNAONLIKE.ru
13.01.2024;FULLSMART.ru
13.01.2024;FUMOST.ru
13.01.2024;FUN-CARS.ru
13.01.2024;FUN-FACTORY26.ru
13.01.2024;FUNAI-AIRCOND.ru
13.01.2024;FUNAI-COMFORT.ru
13.01.2024;FUNAI-MARKET.ru
13.01.2024;FUNAI-ONLINE.ru
13.01.2024;FUNAI-STORE.ru
13.01.2024;FUNDAMENT2024.ru
13.01.2024;FUNDAMENTRUS.ru
13.01.2024;FUNDRUBLEV.ru
13.01.2024;FURNITURA-M6.ru
13.01.2024;FURYOLD.ru
13.01.2024;FUSYANREST.ru
13.01.2024;FVDHCFK.ru
13.01.2024;FWDS.ru
13.01.2024;FY13.ru
13.01.2024;FZ-BOX.ru
13.01.2024;G-DV.ru
13.01.2024;G-EXPERT.ru
13.01.2024;G-TORG.ru
13.01.2024;G-WEBER.ru
13.01.2024;G-WOO.ru
13.01.2024;G0LDENM4N.ru
13.01.2024;G7A.ru
13.01.2024;GA-AUTO.ru
13.01.2024;GA-CERTIFICATION.ru
13.01.2024;GA3PR0M.ru
13.01.2024;GADANIE-MAGGYA.ru
13.01.2024;GADANIE-MAGGYA24.ru
13.01.2024;GADGETSTOK-SKUPKA.ru
13.01.2024;GAFURY.ru
13.01.2024;GAG-RUSSIA.ru
13.01.2024;GAI-CHILD.ru
13.01.2024;GALAGALLERY.ru
13.01.2024;GALAIKIGAI.ru
13.01.2024;GALAKTIKA2021.ru
13.01.2024;GALCOVA.ru
13.01.2024;GALEENA.ru
13.01.2024;GALILEO-APP.ru
13.01.2024;GALILEO25.ru
13.01.2024;GALINA-KHOVZUN.ru
13.01.2024;GALLAANN.ru
13.01.2024;GALO-KONTUR.ru
13.01.2024;GAMA-WINCAZINO.ru
13.01.2024;GAME-BOMBUCKS.ru
13.01.2024;GAMENG-SCHOOL.ru
13.01.2024;GAMEPCNSK.ru
13.01.2024;GAMESPROUT.ru
13.01.2024;GAMEXGAME.ru
13.01.2024;GAMMA-GEMS.ru
13.01.2024;GAMMAGEMS.ru
13.01.2024;GAMMAVOLT.ru
13.01.2024;GANZA39.ru
13.01.2024;GAPMOTORS.ru
13.01.2024;GARANT-ALARM.ru
13.01.2024;GARANT-CLINIC.ru
13.01.2024;GARANTLK.ru
13.01.2024;GARANTSTROJI.ru
13.01.2024;GARDEN-GROUP.ru
13.01.2024;GARDENBLOCX.ru
13.01.2024;GARDENING3.ru
13.01.2024;GARRYS-MOD-GAME.ru
13.01.2024;GARUS-SALON.ru
13.01.2024;GASTARBAITER.ru
13.01.2024;GAUROV.ru
13.01.2024;GAVGAVKULA.ru
13.01.2024;GAZ-INVESTOR.ru
13.01.2024;GAZ-TEHNIKA116.ru
13.01.2024;GAZETALUBOV.ru
13.01.2024;GAZON-PILA.ru
13.01.2024;GAZONPILA.ru
13.01.2024;GAZPART.ru
13.01.2024;GAZVOLGA.ru
13.01.2024;GC-RSK.ru
13.01.2024;GD-KARELIA.ru
13.01.2024;GDJGUDRHD2.ru
13.01.2024;GDZ-5BALLOV.ru
13.01.2024;GDZR.ru
13.01.2024;GEARBOX-JAPAN.ru
13.01.2024;GELEN-TOUR.ru
13.01.2024;GELIDOR.ru
13.01.2024;GEMMA-HALID.ru
13.01.2024;GENIUSINTERN.ru
13.01.2024;GEODEZPROFI.ru
13.01.2024;GEOLOGY24.ru
13.01.2024;GEOMETRIES.ru
13.01.2024;GEOMETRIS.ru
13.01.2024;GEORADARLOZA.ru
13.01.2024;GERMANN63.ru
13.01.2024;GERMESSTROY86.ru
13.01.2024;GERTEC.ru
13.01.2024;GF-CATALOG.ru
13.01.2024;GG-777.ru
13.01.2024;GGGART.ru
13.01.2024;GGGMONEY.ru
13.01.2024;GHOSTSOFTHEPAST.ru
13.01.2024;GIFTSY.ru
13.01.2024;GIG-MAN.ru
13.01.2024;GIGA-CLIPS.ru
13.01.2024;GIINR-1.ru
13.01.2024;GILDYA-PECH24.ru
13.01.2024;GIMKA.ru
13.01.2024;GIMNAZIYA-TOREZ.ru
13.01.2024;GIPNOSE.ru
13.01.2024;GIRLS-ZLATOUST.ru
13.01.2024;GISTOL.ru
13.01.2024;GITARNII-PAROVOZ.ru
13.01.2024;GIUSTOREST.ru
13.01.2024;GJBURO.ru
13.01.2024;GK-IT-CONSULT.ru
13.01.2024;GK-NOVA.ru
13.01.2024;GK-RODON.ru
13.01.2024;GK24KURS.ru
13.01.2024;GKEKSPERT.ru
13.01.2024;GKFINTECH.ru
13.01.2024;GKKRONOS.ru
13.01.2024;GKMETATR.ru
13.01.2024;GKMETROPOLIS.ru
13.01.2024;GKOPAL.ru
13.01.2024;GKRTP.ru
13.01.2024;GKTYUMEN.ru
13.01.2024;GKX-SEVER.ru
13.01.2024;GLASSLOCK.ru
13.01.2024;GLAVBUH48.ru
13.01.2024;GLAVCLEAN.ru
13.01.2024;GLAVED.ru
13.01.2024;GLENDALENEWS.ru
13.01.2024;GLENDRONACH.ru
13.01.2024;GLOBAXWEB.ru
13.01.2024;GLORIAGOLD.ru
13.01.2024;GLOSTY.ru
13.01.2024;GLOWPRINT.ru
13.01.2024;GLUHOVA-7.ru
13.01.2024;GLUSHKOV-SPB.ru
13.01.2024;GMGLANG.ru
13.01.2024;GMTRY.ru
13.01.2024;GO-32.ru
13.01.2024;GO-33.ru
13.01.2024;GO-35.ru
13.01.2024;GO-36.ru
13.01.2024;GO-37.ru
13.01.2024;GO-38.ru
13.01.2024;GO-39.ru
13.01.2024;GO-40.ru
13.01.2024;GO-41.ru
13.01.2024;GO1WIN.ru
13.01.2024;GOCHS31.ru
13.01.2024;GOGEK.ru
13.01.2024;GOLDFISHKA31.ru
13.01.2024;GOLDNAVIGATOR.ru
13.01.2024;GOLIYSHEF.ru
13.01.2024;GOLOS-OVAL-KA.ru
13.01.2024;GOLUBIKAZANI.ru
13.01.2024;GOLUBIUFA.ru
13.01.2024;GOMAPING.ru
13.01.2024;GOMAXFIT.ru
13.01.2024;GONCHAROVCAR.ru
13.01.2024;GONKI-GAMES.ru
13.01.2024;GOOBES.ru
13.01.2024;GOODCORP.ru
13.01.2024;GOODDOCTOR.ru
13.01.2024;GOODHLS.ru
13.01.2024;GOOP6.ru
13.01.2024;GOPSEBAY.ru
13.01.2024;GORBANEVA-7.ru
13.01.2024;GORBOLNICA.ru
13.01.2024;GORDUMANN.ru
13.01.2024;GOREDIRECTME.ru
13.01.2024;GORENJE-BRANDSHOP.ru
13.01.2024;GORENJE-ORIGINAL.ru
13.01.2024;GORENJEORIGINAL.ru
13.01.2024;GOREWARD.ru
13.01.2024;GORIZONT-DPO.ru
13.01.2024;GORKA-KOSTYMI.ru
13.01.2024;GORN-KVART.ru
13.01.2024;GORNY-VOZDUKH.ru
13.01.2024;GORNYE-MASHINY.ru
13.01.2024;GORODCVETOV-RF.ru
13.01.2024;GORODNALADONI.ru
13.01.2024;GORSAH.ru
13.01.2024;GORYACHEVSKAYA.ru
13.01.2024;GOSCAM.ru
13.01.2024;GOSNOMER102.ru
13.01.2024;GOSUTIL.ru
13.01.2024;GOTARANETS.ru
13.01.2024;GOTOVIM-CAMI.ru
13.01.2024;GOVOLT.ru
13.01.2024;GOVORITLEGKO.ru
13.01.2024;GPOU-NK.ru
13.01.2024;GPS4.ru
13.01.2024;GPTTY.ru
13.01.2024;GR-TROPHY.ru
13.01.2024;GR-TROYA.ru
13.01.2024;GRAD77.ru
13.01.2024;GRAF-MASTER.ru
13.01.2024;GRAMAR.ru
13.01.2024;GRANDCITY-THEATRE.ru
13.01.2024;GRANDPROFSTROI.ru
13.01.2024;GRANTBRITT.ru
13.01.2024;GRANTOP-EXPORT35.ru
13.01.2024;GRAPHITEMOLD.ru
13.01.2024;GRECH-KO.ru
13.01.2024;GREE-MARKET.ru
13.01.2024;GREEN-POSELKI.ru
13.01.2024;GREENMADEEKB.ru
13.01.2024;GREENSTROYSPORT.ru
13.01.2024;GREENTIME24.ru
13.01.2024;GRENADA-S.ru
13.01.2024;GRENNOIL.ru
13.01.2024;GRIBANOV-SERGEY.ru
13.01.2024;GRIBBERI.ru
13.01.2024;GRIDASOV-PROCESSING.ru
13.01.2024;GRIDASOVPROCESSING.ru
13.01.2024;GRILLSPOT.ru
13.01.2024;GRIMTEA.ru
13.01.2024;GRITISMEDGROUP.ru
13.01.2024;GRIZLI51.ru
13.01.2024;GRLL.ru
13.01.2024;GROKKING.ru
13.01.2024;GROM-DES.ru
13.01.2024;GROSS-24.ru
13.01.2024;GROUPSFERA.ru
13.01.2024;GRREMLIN.ru
13.01.2024;GRUNT-VSPB.ru
13.01.2024;GRWR.ru
13.01.2024;GRYADKI-KDR.ru
13.01.2024;GSH66.ru
13.01.2024;GSM-BU.ru
13.01.2024;GSMMOBI.ru
13.01.2024;GSSERT.ru
13.01.2024;GTUNERS.ru
13.01.2024;GUBATIE.ru
13.01.2024;GUIDE-BEIJING.ru
13.01.2024;GUIMBERTEAUDANIEL.ru
13.01.2024;GUNNOV.ru
13.01.2024;GURAZHEV.ru
13.01.2024;GURMAN-RESTAURANT.ru
13.01.2024;GURMANREST.ru
13.01.2024;GURU-VOLOS.ru
13.01.2024;GURUANIMAL.ru
13.01.2024;GURUWAY.ru
13.01.2024;GUSILEBEDISPB.ru
13.01.2024;GVCONSULTING.ru
13.01.2024;GVIGORS.ru
13.01.2024;GZOCM-SPLAV.ru
13.01.2024;H-OL-O-P-2.ru
13.01.2024;H300VD.ru
13.01.2024;H8P.ru
13.01.2024;HAFIZOVA-7.ru
13.01.2024;HAIER-BRANDSHOP.ru
13.01.2024;HAIER-COMFORT.ru
13.01.2024;HAIER-MARKET.ru
13.01.2024;HANDICRAFTHOUSE.ru
13.01.2024;HANDRAFILM.ru
13.01.2024;HANDYHELPER.ru
13.01.2024;HANTY-MANSIJSK-GIRLS.ru
13.01.2024;HAPNITANK.ru
13.01.2024;HAPPY-CARE.ru
13.01.2024;HAPPYAPPSCORP.ru
13.01.2024;HAPPYCALC.ru
13.01.2024;HAPPYSHARIK.ru
13.01.2024;HARDUNIVERSE.ru
13.01.2024;HARDVISION.ru
13.01.2024;HARDWIX.ru
13.01.2024;HARMONY-ART.ru
13.01.2024;HASH-7.ru
13.01.2024;HASHCACHE.ru
13.01.2024;HATR.ru
13.01.2024;HAUTECAVIAR.ru
13.01.2024;HAVALPRO.ru
13.01.2024;HAVALPRO-SALES.ru
13.01.2024;HAVALPRO-SPB.ru
13.01.2024;HAVALPROSALES.ru
13.01.2024;HAVALPROSPB.ru
13.01.2024;HDBISEX.ru
13.01.2024;HDSERIALS.ru
13.01.2024;HEALTH-HANDS.ru
13.01.2024;HEALTH-SKIN.ru
13.01.2024;HEALTHBRO.ru
13.01.2024;HEATING-SYSTEMS.ru
13.01.2024;HEATUNDERWEAR.ru
13.01.2024;HEAVENRISE.ru
13.01.2024;HEDONISTMSK.ru
13.01.2024;HEDWIG.ru
13.01.2024;HEILENKLINIK.ru
13.01.2024;HELENDEG.ru
13.01.2024;HELIOENGINEERING.ru
13.01.2024;HELLBOKING.ru
13.01.2024;HELLHOT100SLOT.ru
13.01.2024;HELLO-KOTIKI.ru
13.01.2024;HELLO-PROJECT.ru
13.01.2024;HELLOCHEF.ru
13.01.2024;HELP-AVTO26.ru
13.01.2024;HENVO.ru
13.01.2024;HEROCODETEST.ru
13.01.2024;HEYCHELOVEKK.ru
13.01.2024;HEYHOPPI.ru
13.01.2024;HFREESERVERS.ru
13.01.2024;HIDDENHARBO.ru
13.01.2024;HIJOB.ru
13.01.2024;HIMAXEXTRUDER.ru
13.01.2024;HIMSREDSTVA.ru
13.01.2024;HINKALININO.ru
13.01.2024;HIPE5.ru
13.01.2024;HIPERCLIENT.ru
13.01.2024;HIPPOTERRA.ru
13.01.2024;HIRUDOMARKET.ru
13.01.2024;HISENSE-BRANDSHOP.ru
13.01.2024;HISTORYLAB.ru
13.01.2024;HITACHI-ONLINE.ru
13.01.2024;HLEBUSHKI.ru
13.01.2024;HLRTIMC-769-J-4-T-7.ru
13.01.2024;HLRTIMC769J4T7.ru
13.01.2024;HM48.ru
13.01.2024;HMHOME.ru
13.01.2024;HMULTITUDES.ru
13.01.2024;HOARKET.ru
13.01.2024;HOCKEY-HIMKI.ru
13.01.2024;HOCKEY-WEEK.ru
13.01.2024;HOL-O-P-2.ru
13.01.2024;HOLD-7493.ru
13.01.2024;HOLIDAY-TUR.ru
13.01.2024;HOLKOVSKIY.ru
13.01.2024;HOLLANDGIFTS.ru
13.01.2024;HOLLANDJOB.ru
13.01.2024;HOLO-P-2.ru
13.01.2024;HOLOP-2-202-4.ru
13.01.2024;HOMDECOR.ru
13.01.2024;HOME-INTERNET-365.ru
13.01.2024;HOMEKITS.ru
13.01.2024;HOMESDER.ru
13.01.2024;HOMEVOLT.ru
13.01.2024;HONGQI-HS5.ru
13.01.2024;HONGQI-KEYAUTOSPB.ru
13.01.2024;HONYAMINT.ru
13.01.2024;HOOBO.ru
13.01.2024;HORIN-7.ru
13.01.2024;HORS-SILIKON.ru
13.01.2024;HOS7.ru
13.01.2024;HOSP2-PENZA.ru
13.01.2024;HOST-CHECKER.ru
13.01.2024;HOST-PART.ru
13.01.2024;HOSTINGI-WEB.ru
13.01.2024;HOSTPRESS.ru
13.01.2024;HOTELRC.ru
13.01.2024;HOTODO.ru
13.01.2024;HOTTURS.ru
13.01.2024;HOUERN.ru
13.01.2024;HOUSE-FRAME.ru
13.01.2024;HOUSEAL.ru
13.01.2024;HOUSEBALTIC.ru
13.01.2024;HOUSEINS.ru
13.01.2024;HOUSEKET.ru
13.01.2024;HOUSEKGERMAK.ru
13.01.2024;HOUSENTERN.ru
13.01.2024;HOUSETECHNOLOGIES.ru
13.01.2024;HOUSRKET.ru
13.01.2024;HOWOURAL.ru
13.01.2024;HPEOPLE.ru
13.01.2024;HPTIME.ru
13.01.2024;HR-SMART24.ru
13.01.2024;HRAM-GLINSKOE.ru
13.01.2024;HRMCONSULTING.ru
13.01.2024;HSSDI.ru
13.01.2024;HTML-CSS.ru
13.01.2024;HTONIT.ru
13.01.2024;HUASIN03.ru
13.01.2024;HUAWEI-MOTOR.ru
13.01.2024;HUAWEI-MOTORS.ru
13.01.2024;HUAWEIAUTO.ru
13.01.2024;HUAWEIMOTOR.ru
13.01.2024;HUAWEIMOTORS.ru
13.01.2024;HUDEEM1001.ru
13.01.2024;HUDGIMNASTIKA.ru
13.01.2024;HUDOZHNIK-PEDAGOG.ru
13.01.2024;HUGARDEN.ru
13.01.2024;HUGTECH.ru
13.01.2024;HUMANDESIGNLIBRARY.ru
13.01.2024;HUMANPSYCHOLOGY.ru
13.01.2024;HUTOROKSAMARA.ru
13.01.2024;HVOJA.ru
13.01.2024;HVTL.ru
13.01.2024;HYALABRS.ru
13.01.2024;HYBRID72.ru
13.01.2024;HYGGEBOKSEN.ru
13.01.2024;HYIPGAMESEARN.ru
13.01.2024;HYTALELIVE.ru
13.01.2024;HYUNDAI-PORTER.ru
13.01.2024;I-ANDROIDYM.ru
13.01.2024;I-BC.ru
13.01.2024;IACQUAINTANCES.ru
13.01.2024;IAMVECHNYISON.ru
13.01.2024;IB-SANKT-PETERBURG.ru
13.01.2024;IBERESNEV.ru
13.01.2024;ICEICEMOVIE.ru
13.01.2024;ICEMOVIE.ru
13.01.2024;ICONAVERA.ru
13.01.2024;ICONTRADE.ru
13.01.2024;ICORESTORE.ru
13.01.2024;ID-2437.ru
13.01.2024;ID-4923.ru
13.01.2024;ID-7227.ru
13.01.2024;ID-COURIER.ru
13.01.2024;ID-LEGACY.ru
13.01.2024;ID05914-ORDER.ru
13.01.2024;ID05914-PAY.ru
13.01.2024;ID2158.ru
13.01.2024;ID2161.ru
13.01.2024;ID482957.ru
13.01.2024;ID528974.ru
13.01.2024;ID58099.ru
13.01.2024;ID58100.ru
13.01.2024;ID58101.ru
13.01.2024;ID58103.ru
13.01.2024;ID592743.ru
13.01.2024;ID734.ru
13.01.2024;ID9012-ORDER.ru
13.01.2024;IDC2019.ru
13.01.2024;IDEADAY.ru
13.01.2024;IDEAL-AQUARIUM.ru
13.01.2024;IEGOREVSK.ru
13.01.2024;IENOHBIESHOOSHAE.ru
13.01.2024;IEVE.ru
13.01.2024;IFERTIKOW.ru
13.01.2024;IFYINTERN.ru
13.01.2024;IGMAXIG.ru
13.01.2024;IGORPETRENKO.ru
13.01.2024;IGP-TC.ru
13.01.2024;IGRYSMARIO.ru
13.01.2024;IIJOKI.ru
13.01.2024;IK-PROEKT.ru
13.01.2024;IKARAO.ru
13.01.2024;IKLIMOVSK.ru
13.01.2024;IKORM.ru
13.01.2024;IKS-SOFT.ru
13.01.2024;IKVIDIRYI-PLATEZHI-24.ru
13.01.2024;ILEAN.ru
13.01.2024;ILGIL5.ru
13.01.2024;ILINSKIY1995.ru
13.01.2024;ILITHIA.ru
13.01.2024;ILOBNYA.ru
13.01.2024;ILOMNEWS.ru
13.01.2024;ILSEPO.ru
13.01.2024;ILSHAT-SW.ru
13.01.2024;ILSPO.ru
13.01.2024;IM-NIKART.ru
13.01.2024;IMAGO-GK.ru
13.01.2024;IMBELYAKOVA.ru
13.01.2024;IMBG.ru
13.01.2024;IMBIRCHIK174.ru
13.01.2024;IMCOCOS.ru
13.01.2024;IMCOSCOM.ru
13.01.2024;IMMOBILIZERS.ru
13.01.2024;IMMOLER.ru
13.01.2024;IMMUNOVAX.ru
13.01.2024;IMPERIYA-POZDRAVLENIY.ru
13.01.2024;IMPERIYA-STEKLA.ru
13.01.2024;IMPLANT4YOU.ru
13.01.2024;IN-GRUP.ru
13.01.2024;IN-HOUSE-MSK.ru
13.01.2024;IN4WEB.ru
13.01.2024;INBETHALL24.ru
13.01.2024;INBOXHUB.ru
13.01.2024;INBOXMALL.ru
13.01.2024;INCPU.ru
13.01.2024;INDIVIDUALKA-SYZRAN.ru
13.01.2024;INDIVIDUALKI-EVPATORIYA.ru
13.01.2024;INDIVIDUALKI-SEVERODVINSKA.ru
13.01.2024;INDMEDOPT.ru
13.01.2024;INFINITYMARKET.ru
13.01.2024;INFISMASH.ru
13.01.2024;INFO-CAR.ru
13.01.2024;INFO-UNIVERSE.ru
13.01.2024;INFOACONTI.ru
13.01.2024;INFOALL.ru
13.01.2024;INFOBERTA.ru
13.01.2024;INFOCATALOG.ru
13.01.2024;INFOLUBAVA.ru
13.01.2024;INFOYOGA.ru
13.01.2024;INGCORUSSIA1C.ru
13.01.2024;INGICO.ru
13.01.2024;INGICOTOOLS.ru
13.01.2024;INHELP24.ru
13.01.2024;INICIACII.ru
13.01.2024;INITIATIVE-SIBERIA.ru
13.01.2024;INITYANN.ru
13.01.2024;INKAM-AUTO.ru
13.01.2024;INLOVECHAT.ru
13.01.2024;INNASAKS.ru
13.01.2024;INNER-DIMENSION.ru
13.01.2024;INOMARKO.ru
13.01.2024;INOSIS.ru
13.01.2024;INPRAXIS.ru
13.01.2024;INSFOREST.ru
13.01.2024;INSSR.ru
13.01.2024;INSTA-FILL.ru
13.01.2024;INSTAFILL.ru
13.01.2024;INSTANTSMS.ru
13.01.2024;INSTRUMENTMOSCOW.ru
13.01.2024;INSULATOMORGUN.ru
13.01.2024;INTAKOMB.ru
13.01.2024;INTEKMSK.ru
13.01.2024;INTERACTIVE-RENT.ru
13.01.2024;INTERIO-UFA.ru
13.01.2024;INTERIOR-M.ru
13.01.2024;INTERIORM.ru
13.01.2024;INTERNABLE.ru
13.01.2024;INTERNET-PROFIT24.ru
13.01.2024;INTERVIEWSITE.ru
13.01.2024;INTESHOP.ru
13.01.2024;INTETCOM.ru
13.01.2024;INTIM-MIASS.ru
13.01.2024;INTIM-NOVOMOSKOVSK.ru
13.01.2024;INTIM-NOYABRSK.ru
13.01.2024;INTIM-ORSK.ru
13.01.2024;INTIM-SEXSHOP.ru
13.01.2024;INTIM-STARYJ-OSKOL.ru
13.01.2024;INTIM-SYKTYVKAR.ru
13.01.2024;INTIMATEL.ru
13.01.2024;INTIMEKEYSTESTDOMEN.ru
13.01.2024;INTK35.ru
13.01.2024;INTLI.ru
13.01.2024;INTRAMARKET.ru
13.01.2024;INTRES-SPAS.ru
13.01.2024;INTRO23.ru
13.01.2024;INTSS.ru
13.01.2024;INTUITI.ru
13.01.2024;INUDES.ru
13.01.2024;INVEST44.ru
13.01.2024;INVESTKD.ru
13.01.2024;INVESTMENT-ESTATE.ru
13.01.2024;INVESTMENT-FREE24.ru
13.01.2024;INVESTMENTABROAD.ru
13.01.2024;INVESTPASSPORT.ru
13.01.2024;INVISIBLELOFT.ru
13.01.2024;INVSG.ru
13.01.2024;INYA-ZAPAD.ru
13.01.2024;INZHENERNYE-RESHENIYA.ru
13.01.2024;INZHPROEKTMET.ru
13.01.2024;IODINTSOVO.ru
13.01.2024;IOLA-POVERKA.ru
13.01.2024;IORATORESSA.ru
13.01.2024;IOXOTNIK.ru
13.01.2024;IP-IGNATOV.ru
13.01.2024;IP-PROTECTION.ru
13.01.2024;IPCHUNTS.ru
13.01.2024;IPEXPERTISE.ru
13.01.2024;IPGYLVICHENKO.ru
13.01.2024;IPOLITOV.ru
13.01.2024;IPOWERFUL.ru
13.01.2024;IPTLD.ru
13.01.2024;IQ-SALE.ru
13.01.2024;IQMETA.ru
13.01.2024;IQZONE.ru
13.01.2024;IRAM50.ru
13.01.2024;IRAMENSKOE.ru
13.01.2024;IRANICA.ru
13.01.2024;IRBIS61.ru
13.01.2024;IRINAS.ru
13.01.2024;IRIS-S.ru
13.01.2024;IRKUTSK-CAR.ru
13.01.2024;IRMELIN.ru
13.01.2024;IROIO.ru
13.01.2024;ISAEV-YOGA.ru
13.01.2024;ISEVEROV.ru
13.01.2024;ISHKUVATOV.ru
13.01.2024;ISIAHART.ru
13.01.2024;ISKATELI-JEWELRY.ru
13.01.2024;ISLAMICWORLD.ru
13.01.2024;ISPSHKA.ru
13.01.2024;IST-STUDIO.ru
13.01.2024;IT-LAWYER.ru
13.01.2024;IT-REMOTE.ru
13.01.2024;IT-SETTING.ru
13.01.2024;IT292.ru
13.01.2024;ITAL-LINE.ru
13.01.2024;ITALIAN-STORIES.ru
13.01.2024;ITO86.ru
13.01.2024;ITOFTI.ru
13.01.2024;ITPRODUKTONLINE.ru
13.01.2024;ITREMOTE.ru
13.01.2024;ITSCAN-TECH.ru
13.01.2024;IV-ANISIMOVA.ru
13.01.2024;IVAGIO.ru
13.01.2024;IVANCHENKO30.ru
13.01.2024;IVANEVSEEV.ru
13.01.2024;IVANOV-57.ru
13.01.2024;IVASHKU.ru
13.01.2024;IVLEEVAPODARKI2024.ru
13.01.2024;IVOLVACH.ru
13.01.2024;IVOPTTEXTIL.ru
13.01.2024;IVOSKRESENSK.ru
13.01.2024;IZ-GOSTINIY-DVOR.ru
13.01.2024;IZBAZALTA.ru
13.01.2024;IZBRANNIY.ru
13.01.2024;IZH-SAILS.ru
13.01.2024;IZHALLCOM.ru
13.01.2024;IZHEVSK-POVERKA.ru
13.01.2024;IZHPRINT22.ru
13.01.2024;IZHSAILS.ru
13.01.2024;IZI-ENGLISH.ru
13.01.2024;IZI-TRAVEL.ru
13.01.2024;IZIGIFTS.ru
13.01.2024;IZMAYLOVO.ru
13.01.2024;JACKOFALLTRADES.ru
13.01.2024;JADEAI.ru
13.01.2024;JAMVIDEO.ru
13.01.2024;JAPAN-GEARBOX.ru
13.01.2024;JASTROEVA.ru
13.01.2024;JATCO-IRK.ru
13.01.2024;JAZAIKINA.ru
13.01.2024;JEDVAJZER.ru
13.01.2024;JEDVAJZOR.ru
13.01.2024;JERSEYSTOWHOLESALE.ru
13.01.2024;JESS-I.ru
13.01.2024;JET-BI.ru
13.01.2024;JET-FLIGHTS.ru
13.01.2024;JETX-GAME.ru
13.01.2024;JEVALUATION.ru
13.01.2024;JIKURA.ru
13.01.2024;JIVI200.ru
13.01.2024;JKOL.ru
13.01.2024;JMI-I-ZABERI.ru
13.01.2024;JMIZABERI.ru
13.01.2024;JOALIKAAFU.ru
13.01.2024;JOB-JOY.ru
13.01.2024;JOBSSITE.ru
13.01.2024;JOKERMARKET.ru
13.01.2024;JOKERSTOKER2024.ru
13.01.2024;JOLK.ru
13.01.2024;JOLLI.ru
13.01.2024;JOSSAN.ru
13.01.2024;JOYALCRUSHER.ru
13.01.2024;JOYE-CIG.ru
13.01.2024;JOYFULDAYS.ru
13.01.2024;JOYROOMS.ru
13.01.2024;JOYS-OF-LIFE.ru
13.01.2024;JOYS5.ru
13.01.2024;JOYSMAKER.ru
13.01.2024;JOYSTUDY.ru
13.01.2024;JOYTOUCH.ru
13.01.2024;JOYUONG.ru
13.01.2024;JTPLUS.ru
13.01.2024;JUEM.ru
13.01.2024;JULINTRAVEL.ru
13.01.2024;JULYANAZAROVA.ru
13.01.2024;JUMPQUEEN.ru
13.01.2024;JUNIWARE.ru
13.01.2024;JURADRES-SHOP.ru
13.01.2024;JURISDEXTRA.ru
13.01.2024;JURIST-CATALOG.ru
13.01.2024;JURUMI.ru
13.01.2024;JUST-FIX.ru
13.01.2024;JUST-SMART.ru
13.01.2024;JUWELLAB.ru
13.01.2024;JW-BEADS.ru
13.01.2024;JWINGLER.ru
13.01.2024;JYQBRIDGEWATER.ru
13.01.2024;K-C-C.ru
13.01.2024;K-VTB.ru
13.01.2024;KABELBARABANY.ru
13.01.2024;KADEMY26.ru
13.01.2024;KADSK.ru
13.01.2024;KADURINA.ru
13.01.2024;KAIF-LAB.ru
13.01.2024;KAIFODROM.ru
13.01.2024;KAKADU-DN.ru
13.01.2024;KAKTYSENKA.ru
13.01.2024;KALACHEVA-BORODINA.ru
13.01.2024;KALI-LINUKS.ru
13.01.2024;KALININGRAD-POVERKA.ru
13.01.2024;KALMREGION-POVERKA.ru
13.01.2024;KALUGABLOCK.ru
13.01.2024;KAM-METALL.ru
13.01.2024;KAMA-NK.ru
13.01.2024;KAMEDIK.ru
13.01.2024;KAMENSKOE.ru
13.01.2024;KAMERTON-TEK.ru
13.01.2024;KAMINARI-BRAND.ru
13.01.2024;KAMINBRICK.ru
13.01.2024;KAMLIT.ru
13.01.2024;KAMPYDAKTOR.ru
13.01.2024;KAMTURISM.ru
13.01.2024;KAMYSHIN-POVERKA.ru
13.01.2024;KANDAUROVA-NAIL.ru
13.01.2024;KANDK62.ru
13.01.2024;KANE-X.ru
13.01.2024;KANONERSKIY.ru
13.01.2024;KANRIT.ru
13.01.2024;KANZWILL.ru
13.01.2024;KAPITALDOR.ru
13.01.2024;KAPSTROYMSK.ru
13.01.2024;KARAGA.ru
13.01.2024;KARAMAZABLOG.ru
13.01.2024;KARAMELMEBEL-7.ru
13.01.2024;KARAMELMEBEL7.ru
13.01.2024;KARDICINO.ru
13.01.2024;KARELIASAFARI.ru
13.01.2024;KARIKI.ru
13.01.2024;KARINAMOSTOVAYA.ru
13.01.2024;KARJAKINCHESS.ru
13.01.2024;KARJAKINCLUB.ru
13.01.2024;KARJALANPIIRAKKA.ru
13.01.2024;KARKAS-IZHEVSK.ru
13.01.2024;KARNOV.ru
13.01.2024;KAROSHI.ru
13.01.2024;KARRY-CERAMICS.ru
13.01.2024;KARSAKOVO.ru
13.01.2024;KARTAFFAN.ru
13.01.2024;KARTINGNSO.ru
13.01.2024;KARTINUVDOM.ru
13.01.2024;KARTINY-MIRA.ru
13.01.2024;KARTOON.ru
13.01.2024;KASEPARH.ru
13.01.2024;KASKAD-12.ru
13.01.2024;KASPCRSKY.ru
13.01.2024;KASSI23.ru
13.01.2024;KASSOVIY-APPARAT.ru
13.01.2024;KASSYRZNFILARMONIA.ru
13.01.2024;KASTERSKIE.ru
13.01.2024;KASTOR-AUDIT.ru
13.01.2024;KASTORAUDIT.ru
13.01.2024;KATALIK96.ru
13.01.2024;KATALOGORI.ru
13.01.2024;KATARAKTA-GLAZA.ru
13.01.2024;KATE795.ru
13.01.2024;KATENKAKATYUSHA.ru
13.01.2024;KATERINA-TIM.ru
13.01.2024;KATPROFI53.ru
13.01.2024;KATRINFINANCE.ru
13.01.2024;KATTY-PARFUM.ru
13.01.2024;KATYABROSHKINA.ru
13.01.2024;KATYAMILOS.ru
13.01.2024;KAVALERYA.ru
13.01.2024;KAVKAZ-RESTORAN.ru
13.01.2024;KAVKAZCAMPING.ru
13.01.2024;KAVKAZCLUB.ru
13.01.2024;KAY17.ru
13.01.2024;KAYOTKLIMENKO.ru
13.01.2024;KAYUMOVASTUDIO.ru
13.01.2024;KAZ-GP.ru
13.01.2024;KB46.ru
13.01.2024;KBGR.ru
13.01.2024;KBH-DEV.ru
13.01.2024;KBORTHODOXY.ru
13.01.2024;KCSNI.ru
13.01.2024;KCSONUK.ru
13.01.2024;KDK-547.ru
13.01.2024;KDK547.ru
13.01.2024;KEDRKITCHEN.ru
13.01.2024;KEJFTUR.ru
13.01.2024;KEJFTUR-KMV.ru
13.01.2024;KELISNA.ru
13.01.2024;KEMEROVO-HAVAL-PRO.ru
13.01.2024;KENSTANTIN.ru
13.01.2024;KENT-CASINO10.ru
13.01.2024;KENT-CASINO11.ru
13.01.2024;KENT-CASINO6.ru
13.01.2024;KENT-CASINO8.ru
13.01.2024;KENT-CASINO9.ru
13.01.2024;KENTYRIK-AMP1.ru
13.01.2024;KENTYRIK-AMP2.ru
13.01.2024;KENTYRIK-AMP3.ru
13.01.2024;KEROS-MODS.ru
13.01.2024;KESNEVIN.ru
13.01.2024;KEY-ENERGY.ru
13.01.2024;KEY4CAR.ru
13.01.2024;KEY5.ru
13.01.2024;KEYSPECS.ru
13.01.2024;KEYWORDMASTER.ru
13.01.2024;KEZHEMSKIY.ru
13.01.2024;KFAKA.ru
13.01.2024;KGBARSOV.ru
13.01.2024;KGP45.ru
13.01.2024;KHERSONDORZNAK.ru
13.01.2024;KHINKALOV.ru
13.01.2024;KHLALLSTAR.ru
13.01.2024;KHUKALENKO.ru
13.01.2024;KIARKREMLEV.ru
13.01.2024;KIBERSTORM.ru
13.01.2024;KIDSMAMA.ru
13.01.2024;KIDSSAILS.ru
13.01.2024;KILPRO.ru
13.01.2024;KIMERABETON.ru
13.01.2024;KIMFOR.ru
13.01.2024;KIMONO31.ru
13.01.2024;KINDER-HEALTH.ru
13.01.2024;KINERINA.ru
13.01.2024;KINFAFEST.ru
13.01.2024;KINFALIFE.ru
13.01.2024;KINO-KK.ru
13.01.2024;KINOAN.ru
13.01.2024;KINOSFERAGUU.ru
13.01.2024;KINOZALW.ru
13.01.2024;KIPNV.ru
13.01.2024;KIRAGAZ.ru
13.01.2024;KIRIKORZHAKOV.ru
13.01.2024;KIRIL-LOTIN.ru
13.01.2024;KIRILLGROMKIY-7.ru
13.01.2024;KIRILLGROMKIY7.ru
13.01.2024;KIROV-POVERKA.ru
13.01.2024;KIS-KIS-MARKETING.ru
13.01.2024;KISKACASH.ru
13.01.2024;KISLORODNIY-KONCENTRATOR.ru
13.01.2024;KITAP-CLUB.ru
13.01.2024;KITT-IN.ru
13.01.2024;KIWIKUPON.ru
13.01.2024;KK-BRIZ.ru
13.01.2024;KKOLCHURINA.ru
13.01.2024;KKRILO.ru
13.01.2024;KKRYLO.ru
13.01.2024;KLAKSON55.ru
13.01.2024;KLANOX.ru
13.01.2024;KLEIMOBOI.ru
13.01.2024;KLIKOVO-LAVKA.ru
13.01.2024;KLIMATANET.ru
13.01.2024;KLIMATPOSTAVKA.ru
13.01.2024;KLIMATPROCOOL.ru
13.01.2024;KLINCHISTKA.ru
13.01.2024;KLINIKA-LECHENIYA-NARKOMANII.ru
13.01.2024;KLUKVAVLG.ru
13.01.2024;KMDANCE.ru
13.01.2024;KMGPROD.ru
13.01.2024;KNASCHOOL50.ru
13.01.2024;KNDCHITA.ru
13.01.2024;KNET-HOME.ru
13.01.2024;KNIGIAREPEVA.ru
13.01.2024;KNSEMYKIN.ru
13.01.2024;KOCHBIBL.ru
13.01.2024;KOCHERBECK.ru
13.01.2024;KODKOFE.ru
13.01.2024;KOFEEXPERT.ru
13.01.2024;KOG86SCH6.ru
13.01.2024;KOKONENE.ru
13.01.2024;KOLBASTER.ru
13.01.2024;KOLDIV.ru
13.01.2024;KOLESO-TM.ru
13.01.2024;KOLESOTM.ru
13.01.2024;KOLGANOVFOTO.ru
13.01.2024;KOLIBRI-CLUB.ru
13.01.2024;KOLKAREV.ru
13.01.2024;KOLODES-PRO.ru
13.01.2024;KOLOS-BAZA.ru
13.01.2024;KOMEDARIKI-DED-UMA.ru
13.01.2024;KOMEDARIKI-DEDUMA.ru
13.01.2024;KOMFOBELLE.ru
13.01.2024;KOMFORTPLUS36.ru
13.01.2024;KOMFSERV.ru
13.01.2024;KOMIREGION-POVERKA.ru
13.01.2024;KOMMERLING-PREMIUM.ru
13.01.2024;KOMPAVA.ru
13.01.2024;KOMPEKSTV.ru
13.01.2024;KOMSTLAB.ru
13.01.2024;KONKINIVAN.ru
13.01.2024;KONKURS-PUSHKIN.ru
13.01.2024;KONKURS28.ru
13.01.2024;KONKURSPUSHKIN.ru
13.01.2024;KONNEKSO.ru
13.01.2024;KONSGROUP.ru
13.01.2024;KONSKY.ru
13.01.2024;KONTINENT-HOLDING.ru
13.01.2024;KONTRPRO.ru
13.01.2024;KOOP-YAKOR.ru
13.01.2024;KOP0.ru
13.01.2024;KOPORKA.ru
13.01.2024;KOPYTOV-1.ru
13.01.2024;KOR-1-SCHOOL.ru
13.01.2024;KORA74.ru
13.01.2024;KOREAN-SALAD.ru
13.01.2024;KORNOSENKOV.ru
13.01.2024;KOROL-HALATOV.ru
13.01.2024;KORONA46.ru
13.01.2024;KORPFINTEH.ru
13.01.2024;KORRUS-TEH.ru
13.01.2024;KORTING-ORIGINAL.ru
13.01.2024;KORTINGORIGINAL.ru
13.01.2024;KORZHEVIN.ru
13.01.2024;KORZHEVINA.ru
13.01.2024;KORZINKI24.ru
13.01.2024;KOSTIKOVA.ru
13.01.2024;KOT1C.ru
13.01.2024;KOTANDREY.ru
13.01.2024;KOTOBRUH.ru
13.01.2024;KOV-GROUP.ru
13.01.2024;KOVALEV-FAMILY-7.ru
13.01.2024;KOVALEV-FAMILY7.ru
13.01.2024;KOVKA-VRN.ru
13.01.2024;KOVROV-INDIVIDUALKA.ru
13.01.2024;KOVROVSKOEPATP.ru
13.01.2024;KOVRY-ROSTOV.ru
13.01.2024;KOWEN.ru
13.01.2024;KOXUR.ru
13.01.2024;KOZEL-UAZ.ru
13.01.2024;KP-RIGA.ru
13.01.2024;KP-SEMYA.ru
13.01.2024;KPD-CLUBS.ru
13.01.2024;KPKKRYM.ru
13.01.2024;KPSS72.ru
13.01.2024;KPVG.ru
13.01.2024;KRAFTIKA.ru
13.01.2024;KRAFTUPAK63.ru
13.01.2024;KRAIZAKONA.ru
13.01.2024;KRASKINSKOEPOSELENIE.ru
13.01.2024;KRASNODAR-POVERKA.ru
13.01.2024;KRASNOYARSK-MEDSPRAVKI.ru
13.01.2024;KRASNOYARSK-SPRAVKI.ru
13.01.2024;KRASOTAPESKA.ru
13.01.2024;KRASTUR24.ru
13.01.2024;KRATES.ru
13.01.2024;KRAVT-NEVSKY-HOTEL.ru
13.01.2024;KRD-AMBULANCE.ru
13.01.2024;KREDIT-HAB.ru
13.01.2024;KREDIT-STAR.ru
13.01.2024;KREDIT-START.ru
13.01.2024;KREDIT-X.ru
13.01.2024;KREDITER-BANK.ru
13.01.2024;KREDITHIT.ru
13.01.2024;KREDITI-SRAVNI.ru
13.01.2024;KREMOV.ru
13.01.2024;KRESLA-STULYA.ru
13.01.2024;KRISMOSSTUDIO.ru
13.01.2024;KRISTINAARTGALLERY.ru
13.01.2024;KRIVICHMUSIC.ru
13.01.2024;KRONA-40.ru
13.01.2024;KRONA-PANELS-7.ru
13.01.2024;KRONA-PANELS7.ru
13.01.2024;KRONGEO.ru
13.01.2024;KROSMANN.ru
13.01.2024;KROVKLIMAT.ru
13.01.2024;KRS-CRS.ru
13.01.2024;KRUTOMAIKI.ru
13.01.2024;KRYLATIY-KUZOV.ru
13.01.2024;KS-OFFICIAL.ru
13.01.2024;KSENIARYCHENKOVA.ru
13.01.2024;KSHUGANOVA.ru
13.01.2024;KSK-FENIKS.ru
13.01.2024;KSK-VUKTIL.ru
13.01.2024;KSP142.ru
13.01.2024;KSUHAIR.ru
13.01.2024;KT1.ru
13.01.2024;KTANE.ru
13.01.2024;KTKAUTO.ru
13.01.2024;KUB-MASLA.ru
13.01.2024;KUBANAIRSHOW.ru
13.01.2024;KUBANBANK.ru
13.01.2024;KUBMASLA.ru
13.01.2024;KUBMED.ru
13.01.2024;KUBOKMATSUSHIMASEVER.ru
13.01.2024;KUDASHKA.ru
13.01.2024;KUDONIK.ru
13.01.2024;KUDRINIKULINA.ru
13.01.2024;KUHNI-TRIO.ru
13.01.2024;KULIKBOAT.ru
13.01.2024;KULINARDOM.ru
13.01.2024;KULINARGOTOVIT.ru
13.01.2024;KUPI-DOSKU.ru
13.01.2024;KUPIFILTER.ru
13.01.2024;KUPIFOOD-MARKET.ru
13.01.2024;KUPIJALUZI.ru
13.01.2024;KUPIKLUCH.ru
13.01.2024;KUPILOS.ru
13.01.2024;KUPIT-DOM-V-ANAPE.ru
13.01.2024;KUPITORIGINAL.ru
13.01.2024;KUPPERSBERG-BRANDSHOP.ru
13.01.2024;KUPPERSBERG-ORIGINAL.ru
13.01.2024;KUPPERSBERGORIGINAL.ru
13.01.2024;KUR-KUR.ru
13.01.2024;KURIE7253.ru
13.01.2024;KURIE7254.ru
13.01.2024;KURIER7386.ru
13.01.2024;KURNUGI.ru
13.01.2024;KURS-POVARNPD.ru
13.01.2024;KURS-POVARSMZ.ru
13.01.2024;KURS-UFA.ru
13.01.2024;KURSI-TATUIROVKI.ru
13.01.2024;KURSKHOLLAND.ru
13.01.2024;KURSKI.ru
13.01.2024;KURSY-SEMINARY.ru
13.01.2024;KURTUKOVO.ru
13.01.2024;KUSAMDESIGN.ru
13.01.2024;KUSANOVA.ru
13.01.2024;KUZ-MOTOR.ru
13.01.2024;KUZBASS-EDINROS.ru
13.01.2024;KUZINS.ru
13.01.2024;KUZMINN2008.ru
13.01.2024;KUZOVMASTERRUS.ru
13.01.2024;KUZOVNOY72.ru
13.01.2024;KUZOVREMONTPRO.ru
13.01.2024;KUZYCHENKO-DESIGNER.ru
13.01.2024;KVADRATEKB.ru
13.01.2024;KVADROPIZZA.ru
13.01.2024;KVANTORIUM08.ru
13.01.2024;KVARTIRA-MYTISHI.ru
13.01.2024;KVARTIRA1703.ru
13.01.2024;KVARTIRNYJ-PEREEZD-BARNAUL.ru
13.01.2024;KVESTIS.ru
13.01.2024;KVIRK-1.ru
13.01.2024;KVREMONTSPB.ru
13.01.2024;KVVM.ru
13.01.2024;KYDESA.ru
13.01.2024;KYRGYZEMBASSY.ru
13.01.2024;KZN-POVERKA.ru
13.01.2024;KZOKRUG.ru
13.01.2024;L-SSTUDIO.ru
13.01.2024;L1KA4KA.ru
13.01.2024;L2EARTH.ru
13.01.2024;L2TRAVELER.ru
13.01.2024;LA-PATUL.ru
13.01.2024;LAB-SPACE.ru
13.01.2024;LABAZIK.ru
13.01.2024;LABDETSTVA.ru
13.01.2024;LABEO.ru
13.01.2024;LABERA.ru
13.01.2024;LABNVER.ru
13.01.2024;LABORINFO.ru
13.01.2024;LACCITANE.ru
13.01.2024;LACTIS-ZOO.ru
13.01.2024;LADA-DISCOUNT.ru
13.01.2024;LADA-QUADRAT.ru
13.01.2024;LADAKALINABLOG.ru
13.01.2024;LADASMR.ru
13.01.2024;LADY-CART.ru
13.01.2024;LADYCART.ru
13.01.2024;LADYPATY.ru
13.01.2024;LADYZZ.ru
13.01.2024;LAEPIL.ru
13.01.2024;LAFA-DECOR.ru
13.01.2024;LAFADECOR.ru
13.01.2024;LAFETGROUP.ru
13.01.2024;LAGER-LAND.ru
13.01.2024;LAGERLAND.ru
13.01.2024;LAJKOVSKOE-KLADBIGE.ru
13.01.2024;LAKOMOVTALKS.ru
13.01.2024;LAKOTAH-RUSSIAN.ru
13.01.2024;LALAMED.ru
13.01.2024;LAMP-WORK.ru
13.01.2024;LAMPAKINO.ru
13.01.2024;LANCONI.ru
13.01.2024;LANDSHAFTNYJ-DIZAJN23.ru
13.01.2024;LAOSHI2.ru
13.01.2024;LAPANDACORPORATION.ru
13.01.2024;LAPERLASPB.ru
13.01.2024;LAPINTRADE.ru
13.01.2024;LAPLANDIA-DESIGN.ru
13.01.2024;LARIMAR-UK.ru
13.01.2024;LARISASERGEEVNA.ru
13.01.2024;LAS-ARMS.ru
13.01.2024;LASERCNCCHINA.ru
13.01.2024;LASKIS.ru
13.01.2024;LASTAGE.ru
13.01.2024;LASTOCHKAREST.ru
13.01.2024;LAVAL-TRAVEL.ru
13.01.2024;LAVALAV.ru
13.01.2024;LAVAMED.ru
13.01.2024;LAVANAGENCY.ru
13.01.2024;LAVENTIFR.ru
13.01.2024;LAVITA-IZOL.ru
13.01.2024;LAVKA-SPICE.ru
13.01.2024;LAVTOR.ru
13.01.2024;LAWPLAN.ru
13.01.2024;LAWUREX.ru
13.01.2024;LAWYER-WAR.ru
13.01.2024;LAYS-AKCIYA.ru
13.01.2024;LAZAT81.ru
13.01.2024;LAZEREPI.ru
13.01.2024;LAZURITTRANS.ru
13.01.2024;LAZY-ENG.ru
13.01.2024;LBSK.ru
13.01.2024;LD-PAY12499.ru
13.01.2024;LD-PAY128499.ru
13.01.2024;LD-PAY204922.ru
13.01.2024;LD-PAY28144.ru
13.01.2024;LD-PAY322093.ru
13.01.2024;LD-PAY382174.ru
13.01.2024;LD-PAY402109.ru
13.01.2024;LD-PAY481274.ru
13.01.2024;LD-PAY630117.ru
13.01.2024;LD-PAY731179.ru
13.01.2024;LD-PAY836631.ru
13.01.2024;LD-PAY904219.ru
13.01.2024;LD-PAY9412224.ru
13.01.2024;LD-PAY948218.ru
13.01.2024;LDAG.ru
13.01.2024;LEADERSPLANET.ru
13.01.2024;LEANSECURITY.ru
13.01.2024;LEARNPHRASE.ru
13.01.2024;LEASINGMALL.ru
13.01.2024;LEBANDIT2024.ru
13.01.2024;LEBEDEVAF.ru
13.01.2024;LECHENIE-SPAJS.ru
13.01.2024;LED-EMOTIONS.ru
13.01.2024;LEGKOVYE-AVTOMOBILI.ru
13.01.2024;LEGKUN.ru
13.01.2024;LEGUR.ru
13.01.2024;LEKVARTAL.ru
13.01.2024;LELYANOHRINA001-1.ru
13.01.2024;LEMA-STAIRS.ru
13.01.2024;LEMBEI.ru
13.01.2024;LEMKON.ru
13.01.2024;LENADOMA24.ru
13.01.2024;LENDTECH.ru
13.01.2024;LENOBL-POVERKA.ru
13.01.2024;LENOR-MEBEL.ru
13.01.2024;LENPAS.ru
13.01.2024;LENPODDON.ru
13.01.2024;LEO-SEREZHAAA.ru
13.01.2024;LEOMINOR.ru
13.01.2024;LEON-BK-CASINO.ru
13.01.2024;LEON-CASINO-2024.ru
13.01.2024;LEON-CASINO-BK.ru
13.01.2024;LEOSLOYN.ru
13.01.2024;LEPAS.ru
13.01.2024;LERUSYA.ru
13.01.2024;LES-IMP.ru
13.01.2024;LESARIZ.ru
13.01.2024;LESNYEDALI-PANSIONAT.ru
13.01.2024;LESSAPAY.ru
13.01.2024;LESTNICA-IRKUTSK.ru
13.01.2024;LETO-KRASNOE.ru
13.01.2024;LETOBOOK.ru
13.01.2024;LEVAL-TRAVEL.ru
13.01.2024;LEXREX.ru
13.01.2024;LGBTNET.ru
13.01.2024;LGESCHICHTEN.ru
13.01.2024;LHAI.ru
13.01.2024;LICCITANE.ru
13.01.2024;LICEUM2.ru
13.01.2024;LIDER-DOOR.ru
13.01.2024;LIFEBEGET.ru
13.01.2024;LIFEPARK2.ru
13.01.2024;LIFEPRINTS.ru
13.01.2024;LIFESAIL.ru
13.01.2024;LIFETURKEY.ru
13.01.2024;LIGHTSOFSUN.ru
13.01.2024;LIGOS-BETON.ru
13.01.2024;LIHACHEV-WORK.ru
13.01.2024;LIHACHOVA.ru
13.01.2024;LIKEENEW.ru
13.01.2024;LIKVIDIRYI-DOLG24.ru
13.01.2024;LILIYASAFINA.ru
13.01.2024;LIMSSTR.ru
13.01.2024;LIMYNEWS.ru
13.01.2024;LIN-GA.ru
13.01.2024;LINESSEU.ru
13.01.2024;LINGGAN.ru
13.01.2024;LINGTIME-SCHOOL.ru
13.01.2024;LINGUA-LICEY.ru
13.01.2024;LINGVOSTAR.ru
13.01.2024;LINGVOZNAIKA.ru
13.01.2024;LINKSITE2.ru
13.01.2024;LINKWALL.ru
13.01.2024;LINZA-ZEISS.ru
13.01.2024;LION-EKB.ru
13.01.2024;LIONSBP.ru
13.01.2024;LIPETSK-ELEKTRIK.ru
13.01.2024;LIPSKOY-ZAVOD.ru
13.01.2024;LIPSKOYZAVOD.ru
13.01.2024;LISANA.ru
13.01.2024;LISITCA74.ru
13.01.2024;LISKOV59.ru
13.01.2024;LISKOW.ru
13.01.2024;LISTCREDIT.ru
13.01.2024;LISTVNNITCAPRO.ru
13.01.2024;LITERATOR-HALS.ru
13.01.2024;LITMACH.ru
13.01.2024;LITRAGE-PIVO.ru
13.01.2024;LITVINOVHYPNOACADEMY.ru
13.01.2024;LIVEYS.ru
13.01.2024;LIZA-KHRAMOVA.ru
13.01.2024;LKAIMHOLDING.ru
13.01.2024;LKRASOTINA.ru
13.01.2024;LLDPE.ru
13.01.2024;LLISIMENKA.ru
13.01.2024;LLLLLI.ru
13.01.2024;LLORENS-DOLLS.ru
13.01.2024;LM-KATALOG.ru
13.01.2024;LM-METHOD.ru
13.01.2024;LNESTEROVA.ru
13.01.2024;LNIX.ru
13.01.2024;LNK-IMPULS.ru
13.01.2024;LNR-AVTO.ru
13.01.2024;LOBSERVATION.ru
13.01.2024;LOCATICA.ru
13.01.2024;LOCCITABE.ru
13.01.2024;LOCCITSNE.ru
13.01.2024;LOCITAN.ru
13.01.2024;LOCK-REPAIR.ru
13.01.2024;LOCSITAN.ru
13.01.2024;LODKI-EXPRESS.ru
13.01.2024;LOFTBARKURKUMA.ru
13.01.2024;LOGAN-50.ru
13.01.2024;LOGIST-MS.ru
13.01.2024;LOGISTIKASERVICE.ru
13.01.2024;LOGISTIKHOLOD.ru
13.01.2024;LOGOPED-NADYM.ru
13.01.2024;LOK-FRESH-CASINO.ru
13.01.2024;LOK-FRESHCASINO.ru
13.01.2024;LOKALI.ru
13.01.2024;LOL-LA.ru
13.01.2024;LOOKSMILE.ru
13.01.2024;LOOP7.ru
13.01.2024;LORD-FILM2.ru
13.01.2024;LORDDFILM.ru
13.01.2024;LORRDFILM.ru
13.01.2024;LOSSITANE.ru
13.01.2024;LOSTFILMPIRAT.ru
13.01.2024;LOTOBILETIVLEEVANASTYA.ru
13.01.2024;LOTOS62.ru
13.01.2024;LOTOSPLAZA.ru
13.01.2024;LOV-CHAT.ru
13.01.2024;LOVCHAT.ru
13.01.2024;LOVEGRIEF.ru
13.01.2024;LOVEHOUS.ru
13.01.2024;LOVEPURE.ru
13.01.2024;LOVETIME19.ru
13.01.2024;LOVEWIFES.ru
13.01.2024;LOWPLANET.ru
13.01.2024;LOWSLOW.ru
13.01.2024;LOZALIMANA.ru
13.01.2024;LP-DIGITAL.ru
13.01.2024;LPH-FAUNA-7.ru
13.01.2024;LPH-FAUNA7.ru
13.01.2024;LPZAIM.ru
13.01.2024;LSCRAFT.ru
13.01.2024;LSMAG.ru
13.01.2024;LSVK.ru
13.01.2024;LT-SPB.ru
13.01.2024;LTDCLOUD.ru
13.01.2024;LTDMIRA.ru
13.01.2024;LTOOL.ru
13.01.2024;LU-DVORIK.ru
13.01.2024;LU-MY.ru
13.01.2024;LU10.ru
13.01.2024;LU40.ru
13.01.2024;LU51.ru
13.01.2024;LUAWORLD.ru
13.01.2024;LUBOIDOMENTEST123456.ru
13.01.2024;LUCHIK-KRD.ru
13.01.2024;LUCHSHIEZAJMY.ru
13.01.2024;LUCHSVEN.ru
13.01.2024;LUCKI-JET-GAME.ru
13.01.2024;LUCKY-1WIN.ru
13.01.2024;LUCKY-JET-1GAME.ru
13.01.2024;LUCKY-JET-ROCKET.ru
13.01.2024;LUCKYSAILOR.ru
13.01.2024;LUDCHERRY.ru
13.01.2024;LUEBKE.ru
13.01.2024;LUK-MUZEY.ru
13.01.2024;LULUREST.ru
13.01.2024;LUMIQUE.ru
13.01.2024;LUNA-RADUGA.ru
13.01.2024;LUNARCITY.ru
13.01.2024;LUNEVA-DESIGN.ru
13.01.2024;LUREGION.ru
13.01.2024;LUSTRA-SHOP.ru
13.01.2024;LUSTRAMASTER.ru
13.01.2024;LUVR-STROY.ru
13.01.2024;LUX-FLOWER.ru
13.01.2024;LUXMARKET24.ru
13.01.2024;LUXURY-CENTER.ru
13.01.2024;LUZH-DEV.ru
13.01.2024;LUZHNIKI-DEVELOPMENT.ru
13.01.2024;LV-NEWS.ru
13.01.2024;LVLCARS.ru
13.01.2024;LX63.ru
13.01.2024;M-AISA.ru
13.01.2024;M-CLEANING.ru
13.01.2024;M-GI.ru
13.01.2024;M-GLASS-SPB.ru
13.01.2024;M-R-ROBOT.ru
13.01.2024;M-SISTEMS.ru
13.01.2024;M2-KVM.ru
13.01.2024;M3-OIL.ru
13.01.2024;MA-MARKETING.ru
13.01.2024;MACAFEENKO.ru
13.01.2024;MACROINVEST.ru
13.01.2024;MACRON-OFFICIAL.ru
13.01.2024;MACSUMSUK.ru
13.01.2024;MADDOCTOR.ru
13.01.2024;MADE-LTD.ru
13.01.2024;MADLEN-SOPRANO.ru
13.01.2024;MAFARIX.ru
13.01.2024;MAG-GADALLKA.ru
13.01.2024;MAGADANSPB.ru
13.01.2024;MAGAZIN-AUTOIMPORT.ru
13.01.2024;MAGAZIN75.ru
13.01.2024;MAGGELAN.ru
13.01.2024;MAGIC-NOON.ru
13.01.2024;MAGIC-ONLINEPRIVOROT.ru
13.01.2024;MAGIMIGOM.ru
13.01.2024;MAGISSA.ru
13.01.2024;MAGISTRALYSERVIS.ru
13.01.2024;MAGNEFIT.ru
13.01.2024;MAGNITRETAILMEDIA.ru
13.01.2024;MAGUSS21.ru
13.01.2024;MAIKOP-POVERKA.ru
13.01.2024;MAIL-GURENKO.ru
13.01.2024;MAILCHE.ru
13.01.2024;MAILTRIG.ru
13.01.2024;MAINCOON-MASTINO.ru
13.01.2024;MAINTERN.ru
13.01.2024;MAK71.ru
13.01.2024;MAKARENTSEVA.ru
13.01.2024;MAKASH.ru
13.01.2024;MAKET-MASTER.ru
13.01.2024;MAKFILDENIS.ru
13.01.2024;MAKITA-CLUBS.ru
13.01.2024;MAKLER-SPB.ru
13.01.2024;MAKLIVE-SHOP.ru
13.01.2024;MAKLIVE-TULA.ru
13.01.2024;MAKOIL-RF.ru
13.01.2024;MAKONDO23.ru
13.01.2024;MAKSSIM.ru
13.01.2024;MALAHOFFKAATV.ru
13.01.2024;MALAHOVSKOE-KLADBIGE.ru
13.01.2024;MALINA3.ru
13.01.2024;MALINOVSKAJASV.ru
13.01.2024;MALYSHEVA-OLESYA.ru
13.01.2024;MAMASEK.ru
13.01.2024;MAMKIDS.ru
13.01.2024;MANAGERMP-VLLS.ru
13.01.2024;MANCERA-PERFUME.ru
13.01.2024;MANDALASVETA.ru
13.01.2024;MANDRMOVING.ru
13.01.2024;MANEFON.ru
13.01.2024;MANFOTO.ru
13.01.2024;MANGOMAN-NSK.ru
13.01.2024;MANKI33.ru
13.01.2024;MANTRA-TIME.ru
13.01.2024;MAOU13-TMB.ru
13.01.2024;MAPLESTORY.ru
13.01.2024;MARATIUSIPOV.ru
13.01.2024;MAREKAN-GOLD.ru
13.01.2024;MARI-PETROVA-PRO.ru
13.01.2024;MARINA-KAZIMIROVA.ru
13.01.2024;MARINA-YAKOVLEVA.ru
13.01.2024;MARINEM.ru
13.01.2024;MARIS-GROUP.ru
13.01.2024;MARISGROUP.ru
13.01.2024;MARKAGAME.ru
13.01.2024;MARKASTR.ru
13.01.2024;MARKET-INVESTION.ru
13.01.2024;MARKET-MOGULS24.ru
13.01.2024;MARKET-RELATIONS.ru
13.01.2024;MARKETBRANDS.ru
13.01.2024;MARKETCHART.ru
13.01.2024;MARKETING-ZAVOD.ru
13.01.2024;MARKETSOP.ru
13.01.2024;MARKETSPARK.ru
13.01.2024;MARKOHAPPINESS.ru
13.01.2024;MARKOVSTUDIO.ru
13.01.2024;MARS07.ru
13.01.2024;MASHINA-PARTS.ru
13.01.2024;MASHINA-SLOTOVS.ru
13.01.2024;MASIKREN.ru
13.01.2024;MASIKRENSKIRESORT.ru
13.01.2024;MASIKRYONG.ru
13.01.2024;MASIKRYONGSKIRESORT.ru
13.01.2024;MASSAGE-STAV.ru
13.01.2024;MASSMESSAGES.ru
13.01.2024;MASTER-BOND.ru
13.01.2024;MASTER-SHATOV.ru
13.01.2024;MASTER-TRAFFIK.ru
13.01.2024;MASTER18PLUS.ru
13.01.2024;MASTERAIMUREMY24.ru
13.01.2024;MASTERCRYPTO.ru
13.01.2024;MASTERKOVKI.ru
13.01.2024;MASTERLEOSOMNA.ru
13.01.2024;MASTERSTROY24.ru
13.01.2024;MASTURBATOR-TENGA.ru
13.01.2024;MATCHAPP.ru
13.01.2024;MATCHINI.ru
13.01.2024;MATE-EXPO.ru
13.01.2024;MATEREPEAT.ru
13.01.2024;MATHEGECOURSE.ru
13.01.2024;MATRAS-DREAMLINE.ru
13.01.2024;MATRESHKA-EVENTS.ru
13.01.2024;MATT-DUCK.ru
13.01.2024;MATTDUCK.ru
13.01.2024;MATUR-OPT.ru
13.01.2024;MAUFK.ru
13.01.2024;MAVIS-FINANS.ru
13.01.2024;MAXAPTEKA.ru
13.01.2024;MAXIMAGEO.ru
13.01.2024;MAXIMUM-SAR.ru
13.01.2024;MAXIMUS-SB.ru
13.01.2024;MAXIMUS-STROY.ru
13.01.2024;MAYAKFRUIT.ru
13.01.2024;MAYBELLE.ru
13.01.2024;MAYKACH.ru
13.01.2024;MAZAIMEBEL.ru
13.01.2024;MAZDALAB.ru
13.01.2024;MBMSTROY.ru
13.01.2024;MBSE-EXPERT.ru
13.01.2024;MC-OKTYABRSKII.ru
13.01.2024;MCENSKIE-ISTORII.ru
13.01.2024;MCHS-LICENSE.ru
13.01.2024;MCIMPULS-SPB.ru
13.01.2024;MCINSURGENT.ru
13.01.2024;MCROLL.ru
13.01.2024;MCSM96.ru
13.01.2024;MCTOOLS.ru
13.01.2024;MD-LOGISTIK.ru
13.01.2024;MDMPRINT-UFA.ru
13.01.2024;MDSOL.ru
13.01.2024;MDSSTROY.ru
13.01.2024;MEATFISHREST.ru
13.01.2024;MEBEL-CRAFT.ru
13.01.2024;MEBEL-TITUL.ru
13.01.2024;MEBEL-VR.ru
13.01.2024;MEBELBURUNDUK.ru
13.01.2024;MEBELCOM.ru
13.01.2024;MED-K.ru
13.01.2024;MED-SPRAVKA24.ru
13.01.2024;MED-SPRAVKI-KRASNOYARSK.ru
13.01.2024;MEDALIANS38.ru
13.01.2024;MEDENCPED.ru
13.01.2024;MEDHIMTEH.ru
13.01.2024;MEDIA2P.ru
13.01.2024;MEDIABITCOIN.ru
13.01.2024;MEDIAL-JOURNAL.ru
13.01.2024;MEDIAMAXGROUP.ru
13.01.2024;MEDIARETAILMAGNIT.ru
13.01.2024;MEDIASYSTEMA.ru
13.01.2024;MEDICALCHINA.ru
13.01.2024;MEDICALG.ru
13.01.2024;MEDOK-TIM.ru
13.01.2024;MEDPRIVATE.ru
13.01.2024;MEDSCAPE.ru
13.01.2024;MEDSELECT.ru
13.01.2024;MEDSPRAVKA-KRASNOYARSK.ru
13.01.2024;MEDSPRAVKA124.ru
13.01.2024;MEDSPRAVKI-KRASNOYARSK.ru
13.01.2024;MEDSPRAVKI-MEDKNIGKI-KRASNOYARSK.ru
13.01.2024;MEDTEHNIKA71.ru
13.01.2024;MEDVEDEVFILMSDRIVE.ru
13.01.2024;MEDVOLT.ru
13.01.2024;MEGA-ARIS.ru
13.01.2024;MEGA-MOSAICA.ru
13.01.2024;MEGA-REM.ru
13.01.2024;MEGAAT.ru
13.01.2024;MEGALIST-TAGANROG.ru
13.01.2024;MEGANEGA.ru
13.01.2024;MEGATORG-RF.ru
13.01.2024;MEGETA.ru
13.01.2024;MEKONT.ru
13.01.2024;MELNITSASPB.ru
13.01.2024;MENAKIL.ru
13.01.2024;MENTORHUBS.ru
13.01.2024;MEOTIT.ru
13.01.2024;MERCHPRINTS.ru
13.01.2024;MERIDIAN-DOMBAY.ru
13.01.2024;MERLANGR.ru
13.01.2024;MERMONTRES.ru
13.01.2024;MEROSTRAVEL26.ru
13.01.2024;MERUFF.ru
13.01.2024;MESHAZA.ru
13.01.2024;MESTOREST.ru
13.01.2024;MET-SERV.ru
13.01.2024;META-RUST.ru
13.01.2024;METADEMY.ru
13.01.2024;METAFIZIKA8.ru
13.01.2024;METAFORMULA.ru
13.01.2024;METAL-HOLDING.ru
13.01.2024;METALLDRILL.ru
13.01.2024;METAVOLT.ru
13.01.2024;METIZ96.ru
13.01.2024;METPK.ru
13.01.2024;MEWER.ru
13.01.2024;MEX-KROSSOVKI.ru
13.01.2024;MEYVNDIGITAL.ru
13.01.2024;MF-FAVORIT.ru
13.01.2024;MFOLIST.ru
13.01.2024;MFORANK.ru
13.01.2024;MFORF.ru
13.01.2024;MFTSU.ru
13.01.2024;MGIMO-ORIENTIR.ru
13.01.2024;MGOSNIKPN.ru
13.01.2024;MGOUSSAROV.ru
13.01.2024;MGP73.ru
13.01.2024;MGPPY.ru
13.01.2024;MIA-MEDICAL.ru
13.01.2024;MIA-OW-7.ru
13.01.2024;MIAOW7.ru
13.01.2024;MICHAELLODYANOY.ru
13.01.2024;MICHURINN.ru
13.01.2024;MICRO-ROBOT.ru
13.01.2024;MICRO-ROBOTS.ru
13.01.2024;MICROFORMATS.ru
13.01.2024;MIDASGOLDENTOUCHSLOT.ru
13.01.2024;MIDDLECUP.ru
13.01.2024;MIFIJSLAVYAN.ru
13.01.2024;MIG-ENERGO.ru
13.01.2024;MIHAILUK.ru
13.01.2024;MIHAJLOVSKIJ46.ru
13.01.2024;MIKEDA-ZDOROVIE.ru
13.01.2024;MIKHAIL-SOSIN.ru
13.01.2024;MIKHAILSTETS.ru
13.01.2024;MIKOBER-1.ru
13.01.2024;MIKROZAJM-BEZ-PROVEROK.ru
13.01.2024;MILADIVA.ru
13.01.2024;MILENAMUSIC.ru
13.01.2024;MILITARYANTIQUES.ru
13.01.2024;MILLENNIUM2.ru
13.01.2024;MILMAIL.ru
13.01.2024;MIMOKASSY.ru
13.01.2024;MIN-ASIC-SHOP.ru
13.01.2024;MIND4.ru
13.01.2024;MINDUS.ru
13.01.2024;MINE-LORD.ru
13.01.2024;MINEBRAND.ru
13.01.2024;MINFINKHOGOV.ru
13.01.2024;MINI-PLAY-LOG.ru
13.01.2024;MINIFERMA44.ru
13.01.2024;MINJUST-GOV.ru
13.01.2024;MINOTAURUS2024.ru
13.01.2024;MINUSA.ru
13.01.2024;MIR-2024.ru
13.01.2024;MIR-24.ru
13.01.2024;MIR-INSTRUMENTY.ru
13.01.2024;MIR-ZNANII.ru
13.01.2024;MIRACLEFROOTIES.ru
13.01.2024;MIRAKB26.ru
13.01.2024;MIRELTAXI.ru
13.01.2024;MIRMOK.ru
13.01.2024;MIRO-SPB.ru
13.01.2024;MIROEDT.ru
13.01.2024;MIROUNEMPLOY.ru
13.01.2024;MIRRORKA.ru
13.01.2024;MIRRORMOSCOW.ru
13.01.2024;MIRZDRAF.ru
13.01.2024;MISFILL.ru
13.01.2024;MISS-RUNET.ru
13.01.2024;MIST1977.ru
13.01.2024;MITELTELECOM.ru
13.01.2024;MITROSHINSERGEY.ru
13.01.2024;MIXCARDS.ru
13.01.2024;MIXGLOBAL.ru
13.01.2024;MIXKIDS.ru
13.01.2024;MIXPORTAL.ru
13.01.2024;MIXTIPS.ru
13.01.2024;MJANA.ru
13.01.2024;MK-HISTORY.ru
13.01.2024;MK-MEBEL.ru
13.01.2024;MKA-SZDN.ru
13.01.2024;MKK-FINLITE.ru
13.01.2024;MKRNS.ru
13.01.2024;MKVIDEO.ru
13.01.2024;MLEGENDS.ru
13.01.2024;MLITSKAJA.ru
13.01.2024;MMC-STROY.ru
13.01.2024;MMFLEASING.ru
13.01.2024;MMS-AV.ru
13.01.2024;MMS-INSTAL.ru
13.01.2024;MNEIMAME.ru
13.01.2024;MNOGOPRAVIL.ru
13.01.2024;MNTERN.ru
13.01.2024;MO-240.ru
13.01.2024;MO240.ru
13.01.2024;MOBIDISPLAY.ru
13.01.2024;MOBIDISPLAY-BALASHIHA.ru
13.01.2024;MOBIKOM774.ru
13.01.2024;MOBILE-ESIM.ru
13.01.2024;MOBILE-GID.ru
13.01.2024;MOCHEERLEADING.ru
13.01.2024;MODA21VEK2005.ru
13.01.2024;MODERNFURNITURE.ru
13.01.2024;MODMONY.ru
13.01.2024;MODTRADE.ru
13.01.2024;MODULBAK.ru
13.01.2024;MODULEFACTORY.ru
13.01.2024;MODULFACTORY.ru
13.01.2024;MODULNAYA-MEBEL.ru
13.01.2024;MOEXTRADING.ru
13.01.2024;MOI-ZOJ.ru
13.01.2024;MOICOMP.ru
13.01.2024;MOISEEVA50.ru
13.01.2024;MOITV.ru
13.01.2024;MOIZYB.ru
13.01.2024;MOJMIRSARATOV.ru
13.01.2024;MOLODEZHKAVP.ru
13.01.2024;MOLOKODAILY.ru
13.01.2024;MOMO-MARK.ru
13.01.2024;MOMONG.ru
13.01.2024;MOMOREST.ru
13.01.2024;MONACO-DESIGN.ru
13.01.2024;MONAMIS.ru
13.01.2024;MONEY-BUSINESS.ru
13.01.2024;MONEYFORSMILE.ru
13.01.2024;MONO-OPTIK.ru
13.01.2024;MONTAG-VIDEO.ru
13.01.2024;MONTAGE-MRAMORA.ru
13.01.2024;MONTAJNIK74.ru
13.01.2024;MONTEART.ru
13.01.2024;MONTENIKOLAS.ru
13.01.2024;MONVR03.ru
13.01.2024;MOOD-BEAUTY.ru
13.01.2024;MOON-HOST.ru
13.01.2024;MOONSERVER.ru
13.01.2024;MOONSHEBRAND.ru
13.01.2024;MOONSHESTUDIO.ru
13.01.2024;MOOSEECOM.ru
13.01.2024;MORECHUDES74.ru
13.01.2024;MORGV.ru
13.01.2024;MORILLOVICH.ru
13.01.2024;MOROZ2010.ru
13.01.2024;MOROZOVO-PARK.ru
13.01.2024;MOS-DECO.ru
13.01.2024;MOS-PRIEMKA-KVARTIR.ru
13.01.2024;MOSCOMPASSMAGAZIN.ru
13.01.2024;MOSCOUT.ru
13.01.2024;MOSCOW-PRO.ru
13.01.2024;MOSCOWAGRO.ru
13.01.2024;MOSCOWDOM24.ru
13.01.2024;MOSCOWINFOCENTR.ru
13.01.2024;MOSCOWSOTKA.ru
13.01.2024;MOSDECO.ru
13.01.2024;MOSDOMEXPO.ru
13.01.2024;MOSGORLAB.ru
13.01.2024;MOSHIMTORG77.ru
13.01.2024;MOSKONTEKST.ru
13.01.2024;MOSMARKETRU.ru
13.01.2024;MOSPREMIYA.ru
13.01.2024;MOSTBET-CAZINOS.ru
13.01.2024;MOSTBET-ZERKALO-SITE.ru
13.01.2024;MOSVO.ru
13.01.2024;MOSZIP.ru
13.01.2024;MOTHERS-FOR-FREEDOM.ru
13.01.2024;MOTOEXPERTIZA.ru
13.01.2024;MOTOREMONTPODOLSK.ru
13.01.2024;MOTOROLLA29.ru
13.01.2024;MOTORPARTNER.ru
13.01.2024;MOTORTIME.ru
13.01.2024;MOTORTRADE24.ru
13.01.2024;MOTOSHMOT.ru
13.01.2024;MOUGIMNAZIA-1.ru
13.01.2024;MOUNJARO-RUS.ru
13.01.2024;MOVIE-TRAILERS.ru
13.01.2024;MOVIES-KAIF.ru
13.01.2024;MOVIES2WATCH.ru
13.01.2024;MOXIE-AI.ru
13.01.2024;MOXIEAI.ru
13.01.2024;MOYKAMI.ru
13.01.2024;MOYKOLODEC.ru
13.01.2024;MOYSTYLE.ru
13.01.2024;MOZAS-ROSSA.ru
13.01.2024;MOZGON.ru
13.01.2024;MOZHNOREBENKU.ru
13.01.2024;MP3CONVERTER.ru
13.01.2024;MPANCH.ru
13.01.2024;MPBANDA.ru
13.01.2024;MPC27.ru
13.01.2024;MPL-174.ru
13.01.2024;MPL-URAL.ru
13.01.2024;MPLASTERS.ru
13.01.2024;MPRAKTIK.ru
13.01.2024;MPREPRICER.ru
13.01.2024;MPSERPENT.ru
13.01.2024;MPSKILL.ru
13.01.2024;MR-CARD.ru
13.01.2024;MRAMORBARS.ru
13.01.2024;MRDIZ.ru
13.01.2024;MRFIXPRO.ru
13.01.2024;MRFUSYASH.ru
13.01.2024;MROZHDESTVINA.ru
13.01.2024;MRSAILOR.ru
13.01.2024;MRSLEYLA.ru
13.01.2024;MRT-BUTOVO.ru
13.01.2024;MRT-KT-MYTISCHI.ru
13.01.2024;MRT-STAVROPOL.ru
13.01.2024;MSK-CENTER-REMONT.ru
13.01.2024;MSK-CREDIT.ru
13.01.2024;MSK-METAL.ru
13.01.2024;MSKPLASTCON.ru
13.01.2024;MSKPROPUSK.ru
13.01.2024;MSKSAIT.ru
13.01.2024;MSPMOS.ru
13.01.2024;MTGGROUP.ru
13.01.2024;MTL-SERVICE.ru
13.01.2024;MTN.ru
13.01.2024;MTS-GURU.ru
13.01.2024;MTS-INTERNET-TV.ru
13.01.2024;MTS2024.ru
13.01.2024;MTSLIVE.ru
13.01.2024;MUAVICTORIA-CHEKLIST.ru
13.01.2024;MUITHOM.ru
13.01.2024;MUKAPROMO.ru
13.01.2024;MULTI-BRAND344.ru
13.01.2024;MURKASTUDIO.ru
13.01.2024;MURMANSK-POVERKA.ru
13.01.2024;MURSIC.ru
13.01.2024;MURZANKIN.ru
13.01.2024;MUSCLEKING.ru
13.01.2024;MUSEUM-KANDA.ru
13.01.2024;MUSIC51.ru
13.01.2024;MUSICSHEETIFY.ru
13.01.2024;MUSKAYSHA.ru
13.01.2024;MUSLAC.ru
13.01.2024;MUSLAK.ru
13.01.2024;MUSLEE.ru
13.01.2024;MUTAEV-MEBEL.ru
13.01.2024;MUUHOO.ru
13.01.2024;MUZEISB.ru
13.01.2024;MUZEYSNOV.ru
13.01.2024;MUZH-RUBAHI.ru
13.01.2024;MUZIKI.ru
13.01.2024;MUZLAC.ru
13.01.2024;MUZLAK.ru
13.01.2024;MUZLI.ru
13.01.2024;MUZLIK.ru
13.01.2024;MUZYCHENKO-BLOG.ru
13.01.2024;MV89.ru
13.01.2024;MVNI.ru
13.01.2024;MVV111.ru
13.01.2024;MY-KINDER.ru
13.01.2024;MY-NAIL.ru
13.01.2024;MY-SOUND.ru
13.01.2024;MY-STEAK.ru
13.01.2024;MYAGKIEOKNA365.ru
13.01.2024;MYASOSPB.ru
13.01.2024;MYATA-RIVER-PARK.ru
13.01.2024;MYAUGLY.ru
13.01.2024;MYBEPPY.ru
13.01.2024;MYBISER.ru
13.01.2024;MYCATARSIS.ru
13.01.2024;MYGIP.ru
13.01.2024;MYINTSTUDIO-SALE.ru
13.01.2024;MYMOTO.ru
13.01.2024;MYMULLEN.ru
13.01.2024;MYNEUROSYSTEM.ru
13.01.2024;MYNEXTMODELS.ru
13.01.2024;MYOKINO.ru
13.01.2024;MYPOZVONOK.ru
13.01.2024;MYRASTEM.ru
13.01.2024;MYROCK.ru
13.01.2024;MYSCOOTER.ru
13.01.2024;MYTOCHILKA.ru
13.01.2024;MYWASTE.ru
13.01.2024;N-LOTTO.ru
13.01.2024;N-MALENKOVA.ru
13.01.2024;N-ODES.ru
13.01.2024;N-OSKOLADM.ru
13.01.2024;N-T-N.ru
13.01.2024;NA-NOV-OI.ru
13.01.2024;NA-NOVOI.ru
13.01.2024;NA-RODINE.ru
13.01.2024;NA-YGLYAH.ru
13.01.2024;NABCHELNY-POVERKA.ru
13.01.2024;NADIACARDS.ru
13.01.2024;NADMSHH-DISIGN.ru
13.01.2024;NADO-DENEG-ZAJM.ru
13.01.2024;NAEKVATORE-47.ru
13.01.2024;NAEKVATORE47.ru
13.01.2024;NAFTALANGROUP.ru
13.01.2024;NAKAZOT.ru
13.01.2024;NALICHNYE-24.ru
13.01.2024;NALICHNYE24.ru
13.01.2024;NALIVOCHKI.ru
13.01.2024;NALOCK.ru
13.01.2024;NAMEOVER.ru
13.01.2024;NAMESTIBAR.ru
13.01.2024;NAMI-SERVICE.ru
13.01.2024;NANINANINA.ru
13.01.2024;NANINET.ru
13.01.2024;NANYCLUB-7.ru
13.01.2024;NANYCLUB7.ru
13.01.2024;NAOKNO.ru
13.01.2024;NARKOLOGICHESKII-CENTER.ru
13.01.2024;NARODNOEDELOKTS.ru
13.01.2024;NASH-DOM71.ru
13.01.2024;NASH-INTERNET.ru
13.01.2024;NASHA-RUSSIA2.ru
13.01.2024;NASHI-SRUBY35.ru
13.01.2024;NASTGN.ru
13.01.2024;NASTYA-RITMFOCUS.ru
13.01.2024;NATALIEGRAND.ru
13.01.2024;NATALJASIDORENKO.ru
13.01.2024;NATALYA-RYBINA.ru
13.01.2024;NATHALIELE.ru
13.01.2024;NATIOP.ru
13.01.2024;NATSTUDION.ru
13.01.2024;NATYLEK.ru
13.01.2024;NAUMENKO-PHOTO.ru
13.01.2024;NAVALSHOW.ru
13.01.2024;NAYARMARKE.ru
13.01.2024;NAZARIEVO-PANSIONAT.ru
13.01.2024;NCHEB-POVERKA.ru
13.01.2024;NE-DOLG2024.ru
13.01.2024;NE-DOLGHEN2024.ru
13.01.2024;NE-DOLZHEN2024.ru
13.01.2024;NEBODVIZH.ru
13.01.2024;NECORBUSIER.ru
13.01.2024;NEDELKO17.ru
13.01.2024;NEDLIN.ru
13.01.2024;NEDVIZHHOLDING.ru
13.01.2024;NEDVIZHIMOSTI-ISPANII.ru
13.01.2024;NEDVIZHKA66.ru
13.01.2024;NEDVIZHKACLUB.ru
13.01.2024;NEDVIZHKAINFO.ru
13.01.2024;NEDVIZHKATORG.ru
13.01.2024;NEDYANKA.ru
13.01.2024;NEEDLE-ART.ru
13.01.2024;NEFF-BSH.ru
13.01.2024;NEFTCITY-POVERKA.ru
13.01.2024;NEFTEGAZZNAK.ru
13.01.2024;NEIROBET.ru
13.01.2024;NEIROSETI-12.ru
13.01.2024;NEKASSIR.ru
13.01.2024;NEKTOOPRAVDE.ru
13.01.2024;NEMECKAYA-OVCHARKA.ru
13.01.2024;NEMIROVSKIY-DENT.ru
13.01.2024;NEO-WARM-7.ru
13.01.2024;NEO-WARM7.ru
13.01.2024;NEOLIVETODAY.ru
13.01.2024;NEOMETRIYA.ru
13.01.2024;NEOSTAR-BATTERY.ru
13.01.2024;NEOTECHNIK.ru
13.01.2024;NEPIX.ru
13.01.2024;NEROXMC.ru
13.01.2024;NERUAL-MONEY.ru
13.01.2024;NERUDSTROYCOM.ru
13.01.2024;NEST-DOSTAVKA.ru
13.01.2024;NESTINTER.ru
13.01.2024;NESTOIMNAMESTE.ru
13.01.2024;NET-NE-DOLZHNIK2024.ru
13.01.2024;NET2024-DOLG.ru
13.01.2024;NETMETROV.ru
13.01.2024;NETVERSION.ru
13.01.2024;NETWORKING2024.ru
13.01.2024;NETWORKSTORIES.ru
13.01.2024;NEUJAHRE.ru
13.01.2024;NEUMYVAKINA.ru
13.01.2024;NEURALSKILLS.ru
13.01.2024;NEUROACADEMIA.ru
13.01.2024;NEUROENG.ru
13.01.2024;NEUROMUSHROOM-7.ru
13.01.2024;NEUROMUSHROOM7.ru
13.01.2024;NEUROPROGRAMMING.ru
13.01.2024;NEUROSMAK.ru
13.01.2024;NEVAGROKOM.ru
13.01.2024;NEVEROV-RSH.ru
13.01.2024;NEVITO.ru
13.01.2024;NEW-CAREER.ru
13.01.2024;NEW-FORTNITE.ru
13.01.2024;NEW-GENSHIN.ru
13.01.2024;NEW-RHYTHM.ru
13.01.2024;NEW-STROY.ru
13.01.2024;NEW1WIN.ru
13.01.2024;NEWBORNPHOTOSAMARA.ru
13.01.2024;NEWCREATORS.ru
13.01.2024;NEWDELI.ru
13.01.2024;NEWGIFTVIK.ru
13.01.2024;NEWOPT.ru
13.01.2024;NEWRETROCAZINO.ru
13.01.2024;NEWS-FOR-WOMAN.ru
13.01.2024;NEWS19.ru
13.01.2024;NEWSPEEREXTRA-24-SMI-7.ru
13.01.2024;NEWSPEEREXTRA24SMI7.ru
13.01.2024;NEWSPRO100NEWS.ru
13.01.2024;NEWTERRA22.ru
13.01.2024;NEWTOYOTA.ru
13.01.2024;NEWYEARLAND.ru
13.01.2024;NEWYORKFLOWERS.ru
13.01.2024;NEXTVOLT.ru
13.01.2024;NEYROSETCHAT.ru
13.01.2024;NFT-ANALYTICS.ru
13.01.2024;NFT-FASHION.ru
13.01.2024;NFTANALYTICS.ru
13.01.2024;NFTFASHION.ru
13.01.2024;NG-ESTATE.ru
13.01.2024;NGESTATE.ru
13.01.2024;NGORELOV.ru
13.01.2024;NI-KOMY-NE-DOLGHEN.ru
13.01.2024;NIBK-BRAKES.ru
13.01.2024;NIBK-PARTS.ru
13.01.2024;NIBKBRAKES.ru
13.01.2024;NIC-NPO.ru
13.01.2024;NICE55.ru
13.01.2024;NICKEL-63.ru
13.01.2024;NICKEL63.ru
13.01.2024;NICOLEGOLD.ru
13.01.2024;NIGHT-SHOPPING.ru
13.01.2024;NIGHTLOAD.ru
13.01.2024;NIKEAIR-270.ru
13.01.2024;NIKEMONARCH.ru
13.01.2024;NIKEMSK.ru
13.01.2024;NIKFILV.ru
13.01.2024;NIKI-TOUR.ru
13.01.2024;NIKITAFILIMONOV.ru
13.01.2024;NIKO1560.ru
13.01.2024;NIKOLAEVICHSHOP.ru
13.01.2024;NIKOLAY-DUBOVIK.ru
13.01.2024;NIKOLAYIBRAEV.ru
13.01.2024;NIKOLSKOE-KLADBIGE.ru
13.01.2024;NILA-K.ru
13.01.2024;NIS1.ru
13.01.2024;NISSAN-ONLINE.ru
13.01.2024;NITRO24NEWS.ru
13.01.2024;NIVEAFORMEN.ru
13.01.2024;NIZIX.ru
13.01.2024;NJ-GROUP.ru
13.01.2024;NKODAK.ru
13.01.2024;NKTDNLN.ru
13.01.2024;NLYALYAGO.ru
13.01.2024;NM-CONFERENCE.ru
13.01.2024;NMVSE.ru
13.01.2024;NN-AVTOMAG.ru
13.01.2024;NNOVGOROD-POVERKA.ru
13.01.2024;NNSQUASH.ru
13.01.2024;NOCEN.ru
13.01.2024;NOCHNOY1.ru
13.01.2024;NOKOBOT.ru
13.01.2024;NONNATECH.ru
13.01.2024;NOOBSRIDERS.ru
13.01.2024;NOPE30.ru
13.01.2024;NORDMOTORS-SKODA.ru
13.01.2024;NORILSK-INTIM.ru
13.01.2024;NORMA-TRANS.ru
13.01.2024;NORMAK.ru
13.01.2024;NORPAR.ru
13.01.2024;NORTHSEAROUTE.ru
13.01.2024;NORTHTOURS.ru
13.01.2024;NOT-MAGIC72.ru
13.01.2024;NOTARYNV.ru
13.01.2024;NOTCOIN-BOT-TELEGRAM.ru
13.01.2024;NOTCOIN-NOT.ru
13.01.2024;NOVA-TEAM.ru
13.01.2024;NOVABEST.ru
13.01.2024;NOVAVOLT.ru
13.01.2024;NOVAWATCH.ru
13.01.2024;NOVAYAIDEA.ru
13.01.2024;NOVGOROD-POVERKA.ru
13.01.2024;NOVOCHGRAD-POVERKA.ru
13.01.2024;NOVODEREVENSKOEKLADBIGE.ru
13.01.2024;NOVOLUBERECKOE-KLADBIGE.ru
13.01.2024;NOVOSHAKHTINSK-POVERKA.ru
13.01.2024;NOVOSIBIROCHKI.ru
13.01.2024;NOVOSTISVETA.ru
13.01.2024;NOVOSTIW.ru
13.01.2024;NOVOSTROI-54.ru
13.01.2024;NOVOTEXPLUS.ru
13.01.2024;NOVOURALSK-EVA.ru
13.01.2024;NOVSKOE-KLADBIGE.ru
13.01.2024;NOVYE-MFO-ONLAJN.ru
13.01.2024;NP-BIS.ru
13.01.2024;NP-SUC.ru
13.01.2024;NPN-DOM.ru
13.01.2024;NPO-PTM.ru
13.01.2024;NPORPS.ru
13.01.2024;NPOURS.ru
13.01.2024;NR-DOM.ru
13.01.2024;NRDTRANSPORT.ru
13.01.2024;NREGENERATED.ru
13.01.2024;NRS-SPECIALIST-NAJTI.ru
13.01.2024;NRS-SPECIALIST-NAJTI-RF.ru
13.01.2024;NRS-SPECIALIST-NOPRIZ-NOSTROJ.ru
13.01.2024;NRS-SPECIALIST-NOPRIZ-NOSTROJ-RF.ru
13.01.2024;NRS-SPECIALIST-NOSTROJ-NOPRIZ.ru
13.01.2024;NRS-SPECIALIST-NOSTROJ-NOPRIZ-RF.ru
13.01.2024;NRSMSF0.ru
13.01.2024;NSADY.ru
13.01.2024;NSAFOHINA.ru
13.01.2024;NSK-AC-CARS.ru
13.01.2024;NSK-ARGO.ru
13.01.2024;NSOVOLLEY.ru
13.01.2024;NTASTUDIOS.ru
13.01.2024;NTC-TATNEFT.ru
13.01.2024;NTOTTI.ru
13.01.2024;NTSCIZ.ru
13.01.2024;NTZI.ru
13.01.2024;NUM777.ru
13.01.2024;NUMBOOST.ru
13.01.2024;NUMINUO.ru
13.01.2024;NUTS-GRAINS.ru
13.01.2024;NV-7.ru
13.01.2024;NVPROKOFEVA.ru
13.01.2024;NVRSK-POVERKA.ru
13.01.2024;NYANYASEJCHAS.ru
13.01.2024;NYFINANCE.ru
13.01.2024;O-CVETOVODSTVE.ru
13.01.2024;O-TEST.ru
13.01.2024;O5A33.ru
13.01.2024;OBLIKPERM.ru
13.01.2024;OBNAZHENIE.ru
13.01.2024;OBORISKINA.ru
13.01.2024;OBOVSEMVMIRE.ru
13.01.2024;OBR-PROECT.ru
13.01.2024;OBUSHUEVA.ru
13.01.2024;OCILINDRUEM.ru
13.01.2024;OCTOCAM.ru
13.01.2024;ODACOFFEE.ru
13.01.2024;ODAG17.ru
13.01.2024;ODB2K.ru
13.01.2024;ODENEM.ru
13.01.2024;ODES-WORLD.ru
13.01.2024;ODIKOM.ru
13.01.2024;ODINCOVO-PECH.ru
13.01.2024;ODINCRK.ru
13.01.2024;ODINDEM.ru
13.01.2024;ODINXBET.ru
13.01.2024;OF-GRAD.ru
13.01.2024;OFD-ORD1772.ru
13.01.2024;OFD-ORD2616.ru
13.01.2024;OFD-ORD4065.ru
13.01.2024;OFD-ORD4314.ru
13.01.2024;OFD-ORD4436.ru
13.01.2024;OFD-ORD4498.ru
13.01.2024;OFD-ORD4663.ru
13.01.2024;OFD-ORD4737.ru
13.01.2024;OFD-ORD4797.ru
13.01.2024;OFD-ORD5717.ru
13.01.2024;OFD-ORD7510.ru
13.01.2024;OFD-ORD7706.ru
13.01.2024;OFD-ORD8659.ru
13.01.2024;OFD-ORD8858.ru
13.01.2024;OFD-ORD9956.ru
13.01.2024;OFD1771.ru
13.01.2024;OFD4332.ru
13.01.2024;OFD4481.ru
13.01.2024;OFFICE-CARE.ru
13.01.2024;OFFICE-REMONT-SPB.ru
13.01.2024;OFFICE-TOOLBOX-7.ru
13.01.2024;OFFICEKMS.ru
13.01.2024;OFFICETOOLBOX7.ru
13.01.2024;OFFICIAL-TONIC.ru
13.01.2024;OFICIAL-MOSTBET.ru
13.01.2024;OFMOKE.ru
13.01.2024;OFORMLENIE-SERT.ru
13.01.2024;OFSMOK.ru
13.01.2024;OFSMOKE.ru
13.01.2024;OGAPOU-YAPT-SDO.ru
13.01.2024;OGONIHVOROST.ru
13.01.2024;OGONOKB.ru
13.01.2024;OGUNWAY.ru
13.01.2024;OHAUS-WELCOME.ru
13.01.2024;OHKICK.ru
13.01.2024;OHMYNET.ru
13.01.2024;OILESMAIL.ru
13.01.2024;OILEXPRESS23.ru
13.01.2024;OILZONE123.ru
13.01.2024;OIOGT.ru
13.01.2024;OK-DOMBAY.ru
13.01.2024;OKIDOKI174.ru
13.01.2024;OKNA-SRT.ru
13.01.2024;OKNA-VEKA34.ru
13.01.2024;OKNAALFA-STROITEL.ru
13.01.2024;OKNAPLUS-GEL.ru
13.01.2024;OKNASRT.ru
13.01.2024;OKNAWDOM.ru
13.01.2024;OKRMASTER.ru
13.01.2024;OKT-POVERKA.ru
13.01.2024;OKTAFURNITURE.ru
13.01.2024;OKTYABRSKIY-DOSUG.ru
13.01.2024;OL-PARTNERS.ru
13.01.2024;OLGA-EVSTIGNEEVA.ru
13.01.2024;OLGAFEDOTOVA.ru
13.01.2024;OLGALOPATINA.ru
13.01.2024;OLGASHESTAKOVA.ru
13.01.2024;OLIMP-ELKA.ru
13.01.2024;OLIMPASOU-MO.ru
13.01.2024;OLIMPKGEU.ru
13.01.2024;OLIV-ART.ru
13.01.2024;OLIVIA-SOCHI23.ru
13.01.2024;OLLIPANT.ru
13.01.2024;OMEGA-AVTOLOMBARD.ru
13.01.2024;OMEGA-ING.ru
13.01.2024;OMODACRIMEA.ru
13.01.2024;OMOLOGENYE-MARINA.ru
13.01.2024;ON-STUFF.ru
13.01.2024;ONCO-MEDIC.ru
13.01.2024;ONE-SCHOOL.ru
13.01.2024;ONE1WIN.ru
13.01.2024;ONEGINBT.ru
13.01.2024;ONISAC.ru
13.01.2024;ONK-MOSCOW.ru
13.01.2024;ONLINE-GADANIIEPRIVOROT.ru
13.01.2024;ONLINE-HAIER.ru
13.01.2024;ONLINE-SUPER-VIDEO.ru
13.01.2024;ONLINE-TYROLIT.ru
13.01.2024;ONLINEBUYER.ru
13.01.2024;ONLINECASINOS999.ru
13.01.2024;ONLINEGIBBD.ru
13.01.2024;ONLINEHAIER.ru
13.01.2024;ONLINEPROTECTION.ru
13.01.2024;ONLINESTORES2024.ru
13.01.2024;ONLINETEHNO-7.ru
13.01.2024;ONLINETEHNO7.ru
13.01.2024;ONLIVPN.ru
13.01.2024;ONLY-MENS.ru
13.01.2024;ONLYANIME.ru
13.01.2024;ONLYFUNS.ru
13.01.2024;ONLYGAYS.ru
13.01.2024;ONLYMASSAGE.ru
13.01.2024;ONMYWAYDWD.ru
13.01.2024;ONONAONOONI121212.ru
13.01.2024;ONSHIP.ru
13.01.2024;ONT-PULKOVO1-SPB.ru
13.01.2024;OO-MK.ru
13.01.2024;OOBOZOV.ru
13.01.2024;OOO-IMPERIYA.ru
13.01.2024;OOO-METALLINVEST.ru
13.01.2024;OOO-POZHCENTER.ru
13.01.2024;OOO-SITI-INZHINIRING.ru
13.01.2024;OOO-STEKLOTON.ru
13.01.2024;OOO-STIMUL.ru
13.01.2024;OOO-STROY-LINE.ru
13.01.2024;OOO-TIN.ru
13.01.2024;OOOANKO.ru
13.01.2024;OOOBAMPER.ru
13.01.2024;OOOESR.ru
13.01.2024;OOOGIN.ru
13.01.2024;OOOMETECO.ru
13.01.2024;OOOPALAY.ru
13.01.2024;OOOPEK-7.ru
13.01.2024;OOOPEK7.ru
13.01.2024;OOOSAMAN.ru
13.01.2024;OOOTKS.ru
13.01.2024;OOOTOPT.ru
13.01.2024;OOOVECKTOR.ru
13.01.2024;OOOYUBK.ru
13.01.2024;OOPARINA.ru
13.01.2024;OPELLAB.ru
13.01.2024;OPENAGROI.ru
13.01.2024;OPENHEARTS.ru
13.01.2024;OPENTECH24.ru
13.01.2024;OPENVOLT.ru
13.01.2024;OPERATV.ru
13.01.2024;OPIEN.ru
13.01.2024;OPKMSK.ru
13.01.2024;OPLATA2144.ru
13.01.2024;OPLATA2145.ru
13.01.2024;OPOZZITT.ru
13.01.2024;OPSIA.ru
13.01.2024;OPT-CHEESE.ru
13.01.2024;OPT-KOND.ru
13.01.2024;OPT-SELL.ru
13.01.2024;OPTFUTBOLKA.ru
13.01.2024;OPTIMISTSCIDER.ru
13.01.2024;OPTIMUS-RND.ru
13.01.2024;OPTIMUS-SMESI.ru
13.01.2024;OPTIZAYM.ru
13.01.2024;OPTSLADPODARKI.ru
13.01.2024;ORBITABIO.ru
13.01.2024;ORBITAPERM.ru
13.01.2024;ORD3207.ru
13.01.2024;ORD5502.ru
13.01.2024;ORD7045.ru
13.01.2024;ORD8072.ru
13.01.2024;ORD8408.ru
13.01.2024;ORDER-1207.ru
13.01.2024;ORDER-1208.ru
13.01.2024;ORDER-4729.ru
13.01.2024;ORDER-4731.ru
13.01.2024;ORDER-ID05914.ru
13.01.2024;ORDER-ID9012.ru
13.01.2024;ORDER04213.ru
13.01.2024;ORDER0844.ru
13.01.2024;ORDER1746.ru
13.01.2024;ORDER3856.ru
13.01.2024;ORDER4407.ru
13.01.2024;ORDER5048.ru
13.01.2024;ORDER6693.ru
13.01.2024;ORDER7402.ru
13.01.2024;ORDER8401.ru
13.01.2024;ORDERCONCERT.ru
13.01.2024;OREKH94.ru
13.01.2024;OREL-STEELFASAD.ru
13.01.2024;OREN-SHAL.ru
13.01.2024;OREN-SHAWL.ru
13.01.2024;ORENBURG-POVERKA.ru
13.01.2024;ORENBURGSHAWL.ru
13.01.2024;ORENREMONT.ru
13.01.2024;ORENSAD3.ru
13.01.2024;ORIENTSHOP.ru
13.01.2024;ORIENTSTAR-KZN.ru
13.01.2024;ORIGINSOUND.ru
13.01.2024;ORIONAGENCY.ru
13.01.2024;ORLOVO-ADM.ru
13.01.2024;ORSK-POVERKA.ru
13.01.2024;ORTHOMART.ru
13.01.2024;ORTHOMOL-SHOP.ru
13.01.2024;ORTOPODOCENTR.ru
13.01.2024;ORTPRO.ru
13.01.2024;OSAGO-KASKO1.ru
13.01.2024;OSAGO-PRIDE.ru
13.01.2024;OSCARESTATE.ru
13.01.2024;OSCARHOME.ru
13.01.2024;OSKPROF.ru
13.01.2024;OSTEOCENTER-RU.ru
13.01.2024;OSTROVOK-RENT.ru
13.01.2024;OTDELKA-REM.ru
13.01.2024;OTEKHELP.ru
13.01.2024;OTHER-SALES.ru
13.01.2024;OTHERSALES.ru
13.01.2024;OTING-SAMARA.ru
13.01.2024;OTKOSY-PODOKONNIKI.ru
13.01.2024;OTL-RUSSIA.ru
13.01.2024;OTOGREVER27.ru
13.01.2024;OTOPLENIE-SP.ru
13.01.2024;OTPYSTI-DOLG24.ru
13.01.2024;OTREMONT.ru
13.01.2024;OTSTUKTSTUK.ru
13.01.2024;OTSTUKTSTUKSETEY.ru
13.01.2024;OTTBNEW.ru
13.01.2024;OTTIVIN.ru
13.01.2024;OTULA.ru
13.01.2024;OTZIVTOURS.ru
13.01.2024;OTZIVY-BESTCASINOS.ru
13.01.2024;OUR-SHOP.ru
13.01.2024;OURCLAN.ru
13.01.2024;OURCREW.ru
13.01.2024;OUTGO.ru
13.01.2024;OUTLETDEALS2024.ru
13.01.2024;OUTLINEVPN-UNLIMITED.ru
13.01.2024;OVERCLICK-STUDIO.ru
13.01.2024;OVKTRADE.ru
13.01.2024;OVOCOLLEZIONI.ru
13.01.2024;OWNBASIS.ru
13.01.2024;OZELENENIE-MSK.ru
13.01.2024;OZON-ERID.ru
13.01.2024;P-87.ru
13.01.2024;P15-STORE.ru
13.01.2024;P6736.ru
13.01.2024;P6738B.ru
13.01.2024;PA-IT.ru
13.01.2024;PA6738.ru
13.01.2024;PAARL.ru
13.01.2024;PAGE-3921.ru
13.01.2024;PAKET-STORE.ru
13.01.2024;PAKPAOBEAUTY.ru
13.01.2024;PALITRABAZAR.ru
13.01.2024;PALLAYEDPAY.ru
13.01.2024;PALLET23.ru
13.01.2024;PANAGIO.ru
13.01.2024;PANASONIC-AIRCOND.ru
13.01.2024;PANASONIC-COMFORT.ru
13.01.2024;PANCOMPANY.ru
13.01.2024;PANDORADXL.ru
13.01.2024;PANORAMIX.ru
13.01.2024;PANSHINA.ru
13.01.2024;PAOKPK.ru
13.01.2024;PAPAELLAMSK.ru
13.01.2024;PAPINLAGER.ru
13.01.2024;PARCELDROID.ru
13.01.2024;PARFENOVAEB.ru
13.01.2024;PARK-YUZHNOURALSK.ru
13.01.2024;PARKING77.ru
13.01.2024;PARKRUN-ID.ru
13.01.2024;PAROVOZOV35.ru
13.01.2024;PARTCATALOG.ru
13.01.2024;PARTNER-RF.ru
13.01.2024;PARUS-PIR.ru
13.01.2024;PASHASTSETS82.ru
13.01.2024;PASIYASH.ru
13.01.2024;PASPORTRUS.ru
13.01.2024;PATRONREST.ru
13.01.2024;PAULO-COELHO-FANSITE.ru
13.01.2024;PAVELGOLOVKIN.ru
13.01.2024;PAY-ID401212.ru
13.01.2024;PAY-ID4592.ru
13.01.2024;PAY-ID532662.ru
13.01.2024;PAY-ID634122.ru
13.01.2024;PAY-ID762321.ru
13.01.2024;PAY-ID845311.ru
13.01.2024;PAY-ID888323.ru
13.01.2024;PAY-ID907823.ru
13.01.2024;PAY-ID967232.ru
13.01.2024;PAY8019.ru
13.01.2024;PAYD17.ru
13.01.2024;PAYFORMS11.ru
13.01.2024;PAYROS.ru
13.01.2024;PAYSTAT.ru
13.01.2024;PAYTODAY.ru
13.01.2024;PB-39.ru
13.01.2024;PB7730.ru
13.01.2024;PBASHKIROV.ru
13.01.2024;PBKAPITAL.ru
13.01.2024;PBSSPB.ru
13.01.2024;PCHELOVOD-LORDFILM.ru
13.01.2024;PCPREM.ru
13.01.2024;PD-PAMYAT.ru
13.01.2024;PEA-PERM.ru
13.01.2024;PECHI-DA.ru
13.01.2024;PECHI-TALKOFF-B.ru
13.01.2024;PECHKA59.ru
13.01.2024;PEGASMO.ru
13.01.2024;PEKINAUTOLUX.ru
13.01.2024;PENSIAPODAROK.ru
13.01.2024;PENSIONERVK.ru
13.01.2024;PENTII.ru
13.01.2024;PENZA-POVERKA.ru
13.01.2024;PENZA-SUSHI.ru
13.01.2024;PENZA350.ru
13.01.2024;PENZAMI.ru
13.01.2024;PENZASERVIS.ru
13.01.2024;PEOPLE-OFFER.ru
13.01.2024;PEOPLEMAG.ru
13.01.2024;PEOPLEMAGAZINE.ru
13.01.2024;PEOPLEPOINT.ru
13.01.2024;PEOWR.ru
13.01.2024;PEPELYAEVAPHOTO.ru
13.01.2024;PEPLU.ru
13.01.2024;PEPTIDRESURS.ru
13.01.2024;PERFECT-SMILE-DENTAL.ru
13.01.2024;PERFEVO.ru
13.01.2024;PERM-POVERKA.ru
13.01.2024;PERMANENT-TANYA.ru
13.01.2024;PERMARAG.ru
13.01.2024;PERPETERBURG.ru
13.01.2024;PERSHAY.ru
13.01.2024;PERSONALBERY-SAMARA.ru
13.01.2024;PERSONALCOMPANYBOT.ru
13.01.2024;PERSPEKTIVA-OMSK.ru
13.01.2024;PERVAYAPOLOSA.ru
13.01.2024;PERVOROD.ru
13.01.2024;PERVOURALSK-INTIM.ru
13.01.2024;PERVYENOVOSTI.ru
13.01.2024;PERVYERUKI.ru
13.01.2024;PESHKOVAWEBDESIGN.ru
13.01.2024;PETERBURGTOP.ru
13.01.2024;PETFOODER.ru
13.01.2024;PETINDUSTRY.ru
13.01.2024;PETRA-SVET.ru
13.01.2024;PETROZAVODSK-POVERKA.ru
13.01.2024;PEZMEG.ru
13.01.2024;PF-N.ru
13.01.2024;PFIRST.ru
13.01.2024;PFLEMINGTON.ru
13.01.2024;PFSBANK.ru
13.01.2024;PFUMAN.ru
13.01.2024;PH-KHOKHONYA.ru
13.01.2024;PHILDANI.ru
13.01.2024;PHOENIX-ORDER.ru
13.01.2024;PHOTO-IRA.ru
13.01.2024;PHOTOANNSH.ru
13.01.2024;PHOTOGABKA.ru
13.01.2024;PHOTOMARINA.ru
13.01.2024;PHOTOMAS.ru
13.01.2024;PHOTOSETSTORE.ru
13.01.2024;PHOTOYDOMA.ru
13.01.2024;PHYGITALGAME64.ru
13.01.2024;PICKUPDEPO.ru
13.01.2024;PIKALEVODO.ru
13.01.2024;PILATES-HEALTH7.ru
13.01.2024;PILOMATERIALY-OPTOM.ru
13.01.2024;PILONSTROY.ru
13.01.2024;PIN-TEXT.ru
13.01.2024;PIN-UPCAZINOEXPERT.ru
13.01.2024;PINCHUKOV.ru
13.01.2024;PINEOFPLINKO2.ru
13.01.2024;PINUP-CASINOGO.ru
13.01.2024;PINUP-CAZINORUSSIA.ru
13.01.2024;PINUP-KAZINOSLOT.ru
13.01.2024;PINUP-WINTOPCASINO.ru
13.01.2024;PINUPCASINO-HOL1.ru
13.01.2024;PINUPCASINO-HOL2.ru
13.01.2024;PINUPONLINEPLAY.ru
13.01.2024;PION33.ru
13.01.2024;PIONEER-MAGNITYOLA.ru
13.01.2024;PIRATE-BRAWLS.ru
13.01.2024;PISAREV-WORK.ru
13.01.2024;PISMODEL-VK.ru
13.01.2024;PITCHERBARTEST.ru
13.01.2024;PITERZUB.ru
13.01.2024;PIVO-24-DOSTAVKA.ru
13.01.2024;PIVOVARIXA-KSK.ru
13.01.2024;PIXELGRID.ru
13.01.2024;PIXELTURBOKOT.ru
13.01.2024;PK-BAYARD.ru
13.01.2024;PK-MOTORS.ru
13.01.2024;PK-PROMPLAST.ru
13.01.2024;PK-STROYGRAD.ru
13.01.2024;PKFNGK.ru
13.01.2024;PKG-597.ru
13.01.2024;PKG597.ru
13.01.2024;PKOSTYUK.ru
13.01.2024;PKROSTA.ru
13.01.2024;PLACERP.ru
13.01.2024;PLANETAMETALL.ru
13.01.2024;PLANETAPOKERA.ru
13.01.2024;PLANETARY-RZN.ru
13.01.2024;PLANETASEMINAROV.ru
13.01.2024;PLANOF.ru
13.01.2024;PLANTADOR.ru
13.01.2024;PLANTSB2B.ru
13.01.2024;PLATEZHI24-NET.ru
13.01.2024;PLATINUMASGARD.ru
13.01.2024;PLATIYA-JENSKIE.ru
13.01.2024;PLATZSHT.ru
13.01.2024;PLAVANIEINFO.ru
13.01.2024;PLAY-FRESH-KASINO.ru
13.01.2024;PLAY-FRESHKASINO.ru
13.01.2024;PLAY-MANY.ru
13.01.2024;PLAY-VOLNA-KASINO.ru
13.01.2024;PLAY-VOLNAKASINO.ru
13.01.2024;PLAYAZART.ru
13.01.2024;PLAYDOLLS.ru
13.01.2024;PLED-S-LOGO.ru
13.01.2024;PLENKI-MSK.ru
13.01.2024;PLITSHOV.ru
13.01.2024;PLK-I.ru
13.01.2024;PLOHOPAHNET.ru
13.01.2024;PLSQLBOOK.ru
13.01.2024;PM-MIRKUHNI.ru
13.01.2024;PM-SAYLE.ru
13.01.2024;PMPVETERAN.ru
13.01.2024;POC-MOTORDATA.ru
13.01.2024;POCHINITACHKU.ru
13.01.2024;POCHINKA21.ru
13.01.2024;POCHTAGID.ru
13.01.2024;PODARCHIKI.ru
13.01.2024;PODARKI-1.ru
13.01.2024;PODARKI-BRYANSK.ru
13.01.2024;PODARKI-STICERS-VK.ru
13.01.2024;PODAROK-SITE.ru
13.01.2024;PODBOREMALI.ru
13.01.2024;PODGORE63.ru
13.01.2024;PODWALLBAR.ru
13.01.2024;POHUDEI-KA.ru
13.01.2024;POINTSOFBALANCE.ru
13.01.2024;POIURT.ru
13.01.2024;POKER-HUB.ru
13.01.2024;POKERDOMMONEY-CASINO.ru
13.01.2024;POKERON.ru
13.01.2024;POKERPROFFI13.ru
13.01.2024;POKERS-EXPERTS.ru
13.01.2024;POKRASPROF.ru
13.01.2024;POKRASVIP.ru
13.01.2024;POKUPKAREM.ru
13.01.2024;POKYPATEL-PRAV.ru
13.01.2024;POL-KLINIKA.ru
13.01.2024;POLE-BURO.ru
13.01.2024;POLE-STONE.ru
13.01.2024;POLEEFINY.ru
13.01.2024;POLESTONE01.ru
13.01.2024;POLFASADPRIM.ru
13.01.2024;POLICE-RF.ru
13.01.2024;POLICYRPRASOLA.ru
13.01.2024;POLIMENTOR.ru
13.01.2024;POLLESTEEL.ru
13.01.2024;POLLIANNA.ru
13.01.2024;POLMIRA43.ru
13.01.2024;POLUCHENIYE.ru
13.01.2024;POLYANA55.ru
13.01.2024;POMOSHCH-STUDENTAM-SINERGII.ru
13.01.2024;POORPEOPLE.ru
13.01.2024;POPARTBLOG.ru
13.01.2024;POPJOY.ru
13.01.2024;POPLINUX.ru
13.01.2024;POPMMAXIT.ru
13.01.2024;PORFIRI.ru
13.01.2024;PORTAL-BLIZNETSY.ru
13.01.2024;PORTALMOS.ru
13.01.2024;PORYVAEVA.ru
13.01.2024;POSEREDINKE.ru
13.01.2024;POSEYDONSKIY.ru
13.01.2024;POSFIX.ru
13.01.2024;POSHE.ru
13.01.2024;POSHIVSHTORY.ru
13.01.2024;POST.ru
13.01.2024;POSTAVKALESA.ru
13.01.2024;POSTIDEAS.ru
13.01.2024;POTOK-OOO.ru
13.01.2024;POTOKCOMPANY.ru
13.01.2024;POTOLOKGID.ru
13.01.2024;POTYAKIN.ru
13.01.2024;POVARNPD.ru
13.01.2024;POVARSMZ.ru
13.01.2024;POWERDECK.ru
13.01.2024;POZDRAVEST.ru
13.01.2024;POZDRAVOK100.ru
13.01.2024;PPUN.ru
13.01.2024;PR-ALL.ru
13.01.2024;PR-KNIGA.ru
13.01.2024;PRAGA-BOHEMIA.ru
13.01.2024;PRANKPLACE.ru
13.01.2024;PRAVILNOIVKUSNO.ru
13.01.2024;PRAVILOMOS.ru
13.01.2024;PRAVO-BANKROTSTVO-RB.ru
13.01.2024;PRAVO-KONSALT.ru
13.01.2024;PRBDMN.ru
13.01.2024;PREMIUMELECTRO-ARKONT.ru
13.01.2024;PREMIUMFLOWERS.ru
13.01.2024;PREMIUMGYM.ru
13.01.2024;PREPBASE.ru
13.01.2024;PREVOLUTION.ru
13.01.2024;PREZENT-SPB.ru
13.01.2024;PRF-S.ru
13.01.2024;PRIAZOVIEPORT.ru
13.01.2024;PRIBOR-LAB.ru
13.01.2024;PRICEG.ru
13.01.2024;PRICEPBLOG.ru
13.01.2024;PRICEPPORTAL.ru
13.01.2024;PRIDECLI.ru
13.01.2024;PRIIVOROTY.ru
13.01.2024;PRIMA-PARKINFO.ru
13.01.2024;PRIMAPARK-AUTO.ru
13.01.2024;PRIMAPARK-STORE.ru
13.01.2024;PRIMECHEF.ru
13.01.2024;PRIMERKA21.ru
13.01.2024;PRIMETEXNOS.ru
13.01.2024;PRINCEPSAGENCY.ru
13.01.2024;PRINTERMATOR.ru
13.01.2024;PRINTERTONER.ru
13.01.2024;PRINTPEN.ru
13.01.2024;PRIORITET-34.ru
13.01.2024;PRIUSAD.ru
13.01.2024;PRIUT-IVANOVO.ru
13.01.2024;PRIVETGASTROBAR.ru
13.01.2024;PRIVOROTTARO-ONLINE.ru
13.01.2024;PRK-59.ru
13.01.2024;PRO--HOSTINGI.ru
13.01.2024;PRO-ACE.ru
13.01.2024;PRO-ARKNET.ru
13.01.2024;PRO-BANKIR.ru
13.01.2024;PRO-BIM.ru
13.01.2024;PRO-BLOND.ru
13.01.2024;PRO-HOSTMAN.ru
13.01.2024;PRO-JET-CASINO.ru
13.01.2024;PRO-JETCASINO.ru
13.01.2024;PRO-KREDITI.ru
13.01.2024;PRO-MOROZOVA.ru
13.01.2024;PRO-WEBHOSTING.ru
13.01.2024;PRO100EXTRANEWS.ru
13.01.2024;PRO100PROFESSION.ru
13.01.2024;PRO100TACHKI.ru
13.01.2024;PRO24TORG.ru
13.01.2024;PRO2GAL.ru
13.01.2024;PRO7-MAIL.ru
13.01.2024;PROASBEST.ru
13.01.2024;PROAVTOMOTO.ru
13.01.2024;PROCARNN.ru
13.01.2024;PRODAZHA-GAZGOLDERA.ru
13.01.2024;PRODUCTIONDA.ru
13.01.2024;PROECOTEPLO.ru
13.01.2024;PROECT-DESIGN.ru
13.01.2024;PROECT48.ru
13.01.2024;PROEKT121.ru
13.01.2024;PROEKTIROVANIE-ZDANIJ.ru
13.01.2024;PROF-KLUB.ru
13.01.2024;PROFCOM-DIASCAN.ru
13.01.2024;PROFESSIONALBYFAMA.ru
13.01.2024;PROFI-ADVOKAT.ru
13.01.2024;PROFI-MGN.ru
13.01.2024;PROFI-SEOCLUB.ru
13.01.2024;PROFIAVTOREM.ru
13.01.2024;PROFIGYM28.ru
13.01.2024;PROFILEEX.ru
13.01.2024;PROFIN-NEWS.ru
13.01.2024;PROFIOFFICE69.ru
13.01.2024;PROFISHINGSHOP.ru
13.01.2024;PROFITJET.ru
13.01.2024;PROFITLIKE.ru
13.01.2024;PROFITPROSTO.ru
13.01.2024;PROFMEBEL40.ru
13.01.2024;PROFOKNA33.ru
13.01.2024;PROFPERCHATKI.ru
13.01.2024;PROFREM-JOB.ru
13.01.2024;PROFTEHSNAB.ru
13.01.2024;PROFZABOR-DNR.ru
13.01.2024;PROGINATOR.ru
13.01.2024;PROGRESSB2B.ru
13.01.2024;PROGRUDNICHKOV.ru
13.01.2024;PROGS1.ru
13.01.2024;PROIKEA39.ru
13.01.2024;PROJECTFABERLIC.ru
13.01.2024;PROJECTSTAFEEV-7.ru
13.01.2024;PROJECTSTAFEEV7.ru
13.01.2024;PROKOPEVSK-INTIM.ru
13.01.2024;PROKOVRIK.ru
13.01.2024;PROKTOLAKSAN.ru
13.01.2024;PROLOVEMARK.ru
13.01.2024;PROLOVEMARKS.ru
13.01.2024;PROM-KONTEINER.ru
13.01.2024;PROM-OILOPT.ru
13.01.2024;PROM-STAR.ru
13.01.2024;PROMALPMUROM.ru
13.01.2024;PROMASSAGE.ru
13.01.2024;PROMEBEL174.ru
13.01.2024;PROMIN-PLITKA.ru
13.01.2024;PROMO-KODER.ru
13.01.2024;PROMO116.ru
13.01.2024;PROMWESTOIL.ru
13.01.2024;PRONAILSALON.ru
13.01.2024;PRONIKS.ru
13.01.2024;PROPERSONAL-MSK.ru
13.01.2024;PROPUSKMOS.ru
13.01.2024;PROREALTY24.ru
13.01.2024;PROSIGARETI.ru
13.01.2024;PROSONIC-STUDIO.ru
13.01.2024;PROSPEXIA.ru
13.01.2024;PROSTITUTKA-ANGARSK.ru
13.01.2024;PROSTITUTKA-BEREZNIKI.ru
13.01.2024;PROSTITUTKA-YUZHNO-SAHALINSK.ru
13.01.2024;PROSTITUTKI-ALMETEVSK.ru
13.01.2024;PROSTITUTKI-ARTYOM.ru
13.01.2024;PROSTITUTKI-ELISTA.ru
13.01.2024;PROSTITUTKI-KAMYSHYN.ru
13.01.2024;PROSTITUTKI-KERCH.ru
13.01.2024;PROSTITUTKI-KISLOVODSK.ru
13.01.2024;PROSTITUTKI-KOPEYSK.ru
13.01.2024;PROSTITUTKI-NAHODKI.ru
13.01.2024;PROSTITUTKI-NOVOCHEBOKSARSK.ru
13.01.2024;PROSTOBT.ru
13.01.2024;PROSVET-NN.ru
13.01.2024;PROSVETNN.ru
13.01.2024;PROTECT-EXPERT.ru
13.01.2024;PROTOCOM.ru
13.01.2024;PROTORA.ru
13.01.2024;PROVISO.ru
13.01.2024;PROVSYORU.ru
13.01.2024;PRPHR.ru
13.01.2024;PRPLATFORM.ru
13.01.2024;PRPROEKTOV.ru
13.01.2024;PRTUNE.ru
13.01.2024;PRV-TRAVEL.ru
13.01.2024;PSITO-7.ru
13.01.2024;PSITO7.ru
13.01.2024;PSK-GOST.ru
13.01.2024;PSKOV-GIRLS.ru
13.01.2024;PSKOV-POVERKA.ru
13.01.2024;PSNLAND.ru
13.01.2024;PSOYA.ru
13.01.2024;PSY-MIKHAYLOVA.ru
13.01.2024;PSYCDIGEST.ru
13.01.2024;PSYCHOBESIE.ru
13.01.2024;PSYHODISEASE.ru
13.01.2024;PSYPROSPB.ru
13.01.2024;PTG-PERM.ru
13.01.2024;PTICHKANEVELICHKA.ru
13.01.2024;PTZTOVAR.ru
13.01.2024;PUBLICPROJECT.ru
13.01.2024;PULARISPM.ru
13.01.2024;PULS-O.ru
13.01.2024;PULT-OHRANI.ru
13.01.2024;PUMPLE-7.ru
13.01.2024;PUMPLE7.ru
13.01.2024;PUROVSKOE.ru
13.01.2024;PURSHEVSKOE-KLADBIGE.ru
13.01.2024;PUSHAVTO.ru
13.01.2024;PUSHKIN-KONKURS.ru
13.01.2024;PUSHZAIM.ru
13.01.2024;PUSK12.ru
13.01.2024;PUSSYX.ru
13.01.2024;PVBR.ru
13.01.2024;PYTHON-BOOK.ru
13.01.2024;PYTHONANYWAY.ru
13.01.2024;PZDE.ru
13.01.2024;PZMEDICAL.ru
13.01.2024;Q-12-01-23.ru
13.01.2024;Q-KONKYRS1.ru
13.01.2024;Q-KONKYRS2.ru
13.01.2024;Q-KONKYRS3.ru
13.01.2024;Q666.ru
13.01.2024;QBSTEEL.ru
13.01.2024;QFBY.ru
13.01.2024;QIP5.ru
13.01.2024;QIRK.ru
13.01.2024;QPAPERWEIGHT.ru
13.01.2024;QPLC.ru
13.01.2024;QQRTMPS.ru
13.01.2024;QRAWLER.ru
13.01.2024;QRTECH.ru
13.01.2024;QTRANSLUCENT.ru
13.01.2024;QUADROCODE.ru
13.01.2024;QUATTRO-GROUP.ru
13.01.2024;QUETTA.ru
13.01.2024;QUICK-SITE.ru
13.01.2024;QUIZ-CREALTURK.ru
13.01.2024;QUIZVNOVGOROD.ru
13.01.2024;R-12-01-23.ru
13.01.2024;R-SHEMU.ru
13.01.2024;RABOGA.ru
13.01.2024;RABOTA-RU.ru
13.01.2024;RABOTA15.ru
13.01.2024;RABOTAANDZARPLATA.ru
13.01.2024;RABOTAGR.ru
13.01.2024;RADADEVI.ru
13.01.2024;RADIO-RAZVITIE.ru
13.01.2024;RADIOECONOM.ru
13.01.2024;RAFEXIM.ru
13.01.2024;RAMETODIKA.ru
13.01.2024;RAMPODCAST.ru
13.01.2024;RANDOSE.ru
13.01.2024;RANKS-1.ru
13.01.2024;RAOHOTEL.ru
13.01.2024;RASTELLI-RACCORDI.ru
13.01.2024;RATIFY.ru
13.01.2024;RATING-VIDEO-ONLINE.ru
13.01.2024;RATINGRKO.ru
13.01.2024;RATRACE-SHOP.ru
13.01.2024;RATSTAR.ru
13.01.2024;RAZH52.ru
13.01.2024;RAZUVAEVTRENER.ru
13.01.2024;RBHOME.ru
13.01.2024;RBK-DESIGN.ru
13.01.2024;RBLBALKADO.ru
13.01.2024;RCBALTRASVET.ru
13.01.2024;RCES-TOUR.ru
13.01.2024;RCI48.ru
13.01.2024;RD3AY.ru
13.01.2024;RDEBCRB.ru
13.01.2024;RDK-KAMENKA.ru
13.01.2024;REABIMED.ru
13.01.2024;REACTOTRON.ru
13.01.2024;REAL-REVIEW.ru
13.01.2024;REAL-SCHOOL-ZVEN.ru
13.01.2024;REALAL.ru
13.01.2024;REALIST-BANK.ru
13.01.2024;REALITYANDPRICE.ru
13.01.2024;REALTOR-SARATOV.ru
13.01.2024;REALTORCOMPANY.ru
13.01.2024;REALTY-50.ru
13.01.2024;REALTY-BLOG.ru
13.01.2024;REALTY-DOM.ru
13.01.2024;REALTY-MEDIA.ru
13.01.2024;REB23.ru
13.01.2024;RECEPTYMEDA.ru
13.01.2024;RECOVERYEXPRESS.ru
13.01.2024;REDBLOG.ru
13.01.2024;REDENT-STOM.ru
13.01.2024;REDHEADCLOUD.ru
13.01.2024;REDINDEX.ru
13.01.2024;REDPIANO.ru
13.01.2024;REDVITORG.ru
13.01.2024;REFORMA-RA.ru
13.01.2024;REFORS-RP.ru
13.01.2024;REG-BUILDING.ru
13.01.2024;REG76.ru
13.01.2024;REGION-VOROTA34.ru
13.01.2024;REGIONVTORMET.ru
13.01.2024;REGISTR-MSK.ru
13.01.2024;REGISTRACIYA-V-MOSKVE.ru
13.01.2024;REGISTRYMSK.ru
13.01.2024;REGSDELKA.ru
13.01.2024;REINJECT.ru
13.01.2024;REINTERN.ru
13.01.2024;REKLAMAIZER.ru
13.01.2024;REKOMS.ru
13.01.2024;REKUPERATORI.ru
13.01.2024;RELAWS.ru
13.01.2024;RELAXATION-MUSIC.ru
13.01.2024;RELAXES.ru
13.01.2024;RELOCATA.ru
13.01.2024;RELOZAN.ru
13.01.2024;REM-STROJ.ru
13.01.2024;REMAINTEST.ru
13.01.2024;REMANS.ru
13.01.2024;REMBELSTROY.ru
13.01.2024;REMICT.ru
13.01.2024;REMOBIV.ru
13.01.2024;REMONT-CHELYABINSKE.ru
13.01.2024;REMONT-COFEMASHINY.ru
13.01.2024;REMONT-EKATERINBURGE.ru
13.01.2024;REMONT-KRASNODARE.ru
13.01.2024;REMONT-KRASNOYARSKE.ru
13.01.2024;REMONT-KVALITET72.ru
13.01.2024;REMONT-KVARTIR-V-PERMI.ru
13.01.2024;REMONT-NIZHNIJ-NOVGOROD.ru
13.01.2024;REMONT-NOVOSIBIRSKE.ru
13.01.2024;REMONT-OMSKE.ru
13.01.2024;REMONT-OSTEKLENIA-S-GARANTIEI.ru
13.01.2024;REMONT-ROSTOV-NA-DONU.ru
13.01.2024;REMONT-TV-EXPRESS.ru
13.01.2024;REMONT-VORONEZHE.ru
13.01.2024;REMONTAKPPSOCHI.ru
13.01.2024;REMONTKOMFORT.ru
13.01.2024;REMONTKVARTIR-FOTO.ru
13.01.2024;REMONTMEHA.ru
13.01.2024;REMONTPCNN.ru
13.01.2024;REMONTPROSTO69.ru
13.01.2024;REMONTS-MSK.ru
13.01.2024;REMONTUNET.ru
13.01.2024;REMPLUS56.ru
13.01.2024;REMSTROYEX.ru
13.01.2024;REMTEL-MSK.ru
13.01.2024;RENAULT-CAR.ru
13.01.2024;RENT-SOCHI.ru
13.01.2024;REPLAYS-ED.ru
13.01.2024;REQOPS.ru
13.01.2024;RESANTAS.ru
13.01.2024;RESETILO.ru
13.01.2024;RESIDENCE23.ru
13.01.2024;RESOK.ru
13.01.2024;RESOPAL32.ru
13.01.2024;RESTAROMA.ru
13.01.2024;RESTAVRAT.ru
13.01.2024;RESTAVRATSYA-XL.ru
13.01.2024;RESTAYL.ru
13.01.2024;RESTCUE.ru
13.01.2024;RESTORAN-ATLANTIKA.ru
13.01.2024;RETIVSKAYA.ru
13.01.2024;RETONA-ARGO.ru
13.01.2024;RETREA.ru
13.01.2024;RETROPOINT.ru
13.01.2024;REVATION.ru
13.01.2024;REVEOR.ru
13.01.2024;REVTEK.ru
13.01.2024;REW32.ru
13.01.2024;REXMARKET.ru
13.01.2024;REZKOPIA.ru
13.01.2024;RFCLAB.ru
13.01.2024;RFIKEA.ru
13.01.2024;RFINACADEMY.ru
13.01.2024;RFSLAB.ru
13.01.2024;RG-ZABOR.ru
13.01.2024;RGDK.ru
13.01.2024;RGDZ.ru
13.01.2024;RHASYANOV.ru
13.01.2024;RIAVTO.ru
13.01.2024;RIBXOZDO.ru
13.01.2024;RICH-BICH.ru
13.01.2024;RICOBARATO.ru
13.01.2024;RICOMWOOD.ru
13.01.2024;RIDARCH.ru
13.01.2024;RIDRIS.ru
13.01.2024;RIF27.ru
13.01.2024;RIGACARS.ru
13.01.2024;RIKROOTWEB.ru
13.01.2024;RIMINISTILE.ru
13.01.2024;RIMSKIESHTORY.ru
13.01.2024;RING-STYLE.ru
13.01.2024;RINGOURA.ru
13.01.2024;RINIC.ru
13.01.2024;RIO-GARANT.ru
13.01.2024;RIO-PARKING.ru
13.01.2024;RIOBETGAMESCAZINO.ru
13.01.2024;RIPRESA.ru
13.01.2024;RITUAL-BALABANOVO40.ru
13.01.2024;RIVERGAME.ru
13.01.2024;RK-UNION.ru
13.01.2024;RKADUK.ru
13.01.2024;RKB-BANK.ru
13.01.2024;RKBP.ru
13.01.2024;RKBULVAR.ru
13.01.2024;RKPA.ru
13.01.2024;RMD-L.ru
13.01.2024;RMORGOEV.ru
13.01.2024;RND-MASTER.ru
13.01.2024;RNENERGO.ru
13.01.2024;ROACH-SPORT-7.ru
13.01.2024;ROACHSPORT7.ru
13.01.2024;ROBLOX-GAME.ru
13.01.2024;ROBOBOTOF.ru
13.01.2024;ROBONFT.ru
13.01.2024;ROBOOKI.ru
13.01.2024;ROBOTCLEANERS.ru
13.01.2024;ROCKETANALYTICS.ru
13.01.2024;ROCKETEERS.ru
13.01.2024;ROCKETNAIL.ru
13.01.2024;ROCKETS-QUEEN.ru
13.01.2024;ROCKSKIN.ru
13.01.2024;ROCKWOOLRUS.ru
13.01.2024;RODNEX.ru
13.01.2024;RODNIKOVSKOE-KLADBIGE.ru
13.01.2024;RODSOVET.ru
13.01.2024;ROFUANT.ru
13.01.2024;ROLAND-MO-240.ru
13.01.2024;ROLAND-VERSAOBJECT-MO-240.ru
13.01.2024;ROMAN-BUYLOV.ru
13.01.2024;ROMANRICHTER.ru
13.01.2024;ROMASHKA53.ru
13.01.2024;ROMITOP.ru
13.01.2024;ROMOVYJ.ru
13.01.2024;RONA-PRINT.ru
13.01.2024;ROOM-DIS-7.ru
13.01.2024;ROOMDIS7.ru
13.01.2024;ROOMSTER-CLUB.ru
13.01.2024;ROOMSTERCLUB.ru
13.01.2024;ROPEFORK.ru
13.01.2024;ROS-BANKIR.ru
13.01.2024;ROSATLETIKA.ru
13.01.2024;ROSBANK-IPOTEKA.ru
13.01.2024;ROSELEKTROKOMPLEKT.ru
13.01.2024;ROSGIDROSILA.ru
13.01.2024;ROSSTUR39.ru
13.01.2024;ROSTOV-POVERENO.ru
13.01.2024;ROSTOV-VIPAVTO.ru
13.01.2024;ROSUNIVERSAL34.ru
13.01.2024;ROSVECHNOST.ru
13.01.2024;ROUS-DENT.ru
13.01.2024;ROUSDENT.ru
13.01.2024;ROX-CASINO-PUZ.ru
13.01.2024;ROX-CASINO-SPORT.ru
13.01.2024;ROXCASINO-PUZ.ru
13.01.2024;ROXCASINO-SPORT.ru
13.01.2024;ROXCASINO1560.ru
13.01.2024;ROYAL-ONLINE.ru
13.01.2024;ROYALARBATKARAOKE.ru
13.01.2024;ROYALENFIELD-EKB.ru
13.01.2024;ROYALSODA.ru
13.01.2024;ROZETKA55.ru
13.01.2024;ROZLIV-INFO.ru
13.01.2024;RP-GTA-LIFE.ru
13.01.2024;RPA-GR.ru
13.01.2024;RPOLS.ru
13.01.2024;RPROTESTANT.ru
13.01.2024;RPS-GROUP1.ru
13.01.2024;RSALER.ru
13.01.2024;RSDATASET.ru
13.01.2024;RSHPITOMNIK.ru
13.01.2024;RSS-S.ru
13.01.2024;RSTKM.ru
13.01.2024;RSU-BLAGO.ru
13.01.2024;RU-3782.ru
13.01.2024;RU-RUST.ru
13.01.2024;RUBAXI-M.ru
13.01.2024;RUBBED.ru
13.01.2024;RUBEGTIR.ru
13.01.2024;RUBYLAB.ru
13.01.2024;RUCHNAYACLAD-7.ru
13.01.2024;RUCHNAYACLAD7.ru
13.01.2024;RUCUBA.ru
13.01.2024;RUDAROM.ru
13.01.2024;RUDENKO5656.ru
13.01.2024;RUKOD.ru
13.01.2024;RUKZAK38.ru
13.01.2024;RULAVI.ru
13.01.2024;RULONNIESHTORY.ru
13.01.2024;RUPOLLER.ru
13.01.2024;RUPROBIV.ru
13.01.2024;RUS-BEARS.ru
13.01.2024;RUS-MOUNJARO.ru
13.01.2024;RUS-TOYS.ru
13.01.2024;RUSCRYPTOCLUB.ru
13.01.2024;RUSGAJ.ru
13.01.2024;RUSICH-VOZROZHDENIYE.ru
13.01.2024;RUSLAN-ORLOV.ru
13.01.2024;RUSLANOVND.ru
13.01.2024;RUSS-YUG.ru
13.01.2024;RUSSERVISAVTO.ru
13.01.2024;RUSSIACHINAPLATFORM.ru
13.01.2024;RUSSIACHINAPORTAL.ru
13.01.2024;RUSSIAKITCHEN.ru
13.01.2024;RUSSIAN-HDTV.ru
13.01.2024;RUSSIAN-JOB.ru
13.01.2024;RUSSIANAMARO.ru
13.01.2024;RUSSIANPLAZA.ru
13.01.2024;RUSSIANPORTS.ru
13.01.2024;RUSSIAOCR.ru
13.01.2024;RUSSIATOPPRINT.ru
13.01.2024;RUSSKIY-NINDZYA.ru
13.01.2024;RUSSKYMASSAJ.ru
13.01.2024;RUSSKYMASSAZH.ru
13.01.2024;RUSSNABPLITKA.ru
13.01.2024;RUSTASMOLENSK.ru
13.01.2024;RUSTMS.ru
13.01.2024;RUSTTOP.ru
13.01.2024;RUSWELDGROUP.ru
13.01.2024;RUTEHNIK-APP.ru
13.01.2024;RUW31.ru
13.01.2024;RUZHALYUZI.ru
13.01.2024;RUZON-DIGITAL.ru
13.01.2024;RUZON-M.ru
13.01.2024;RV66.ru
13.01.2024;RVB-2.ru
13.01.2024;RXPRO.ru
13.01.2024;RYABIKIN-YANDEX.ru
13.01.2024;RYABUKHIN.ru
13.01.2024;RYAZANAMELI.ru
13.01.2024;RYB-KA.ru
13.01.2024;RYBALKANAVARZUGE.ru
13.01.2024;RYUKYUKOBUJUTSU.ru
13.01.2024;RZD-MERCH.ru
13.01.2024;S-A-H.ru
13.01.2024;S-CH.ru
13.01.2024;S2B-KRASNODAR.ru
13.01.2024;S6ER.ru
13.01.2024;S6ER6ANK.ru
13.01.2024;SA-LE-COM.ru
13.01.2024;SADPRESTIGE.ru
13.01.2024;SAFARI-PERM.ru
13.01.2024;SAFEAQUA.ru
13.01.2024;SAFEPEREEZD.ru
13.01.2024;SAFINKEYS.ru
13.01.2024;SAGAWOMAN.ru
13.01.2024;SAHIT.ru
13.01.2024;SAILINGLOVERS.ru
13.01.2024;SAILINGTR.ru
13.01.2024;SAILLOVER.ru
13.01.2024;SAILLOVERS.ru
13.01.2024;SAINTPETERSBURGVISIT.ru
13.01.2024;SAITIK33.ru
13.01.2024;SAITOSTROJ.ru
13.01.2024;SAITSARAB.ru
13.01.2024;SAITY-BUKSY.ru
13.01.2024;SAKHSTEEL.ru
13.01.2024;SAKURA-PARTS.ru
13.01.2024;SALAMVPN.ru
13.01.2024;SALAVAT-POVERKA.ru
13.01.2024;SALAVATA-XDOSUG.ru
13.01.2024;SALDA-G.ru
13.01.2024;SALE-LAMP.ru
13.01.2024;SALEONLINE2024.ru
13.01.2024;SALESERV.ru
13.01.2024;SALETYP.ru
13.01.2024;SALON-AYLASHOME2.ru
13.01.2024;SALON-GRUMINGA.ru
13.01.2024;SALONORGANICA.ru
13.01.2024;SALONPREMIUM.ru
13.01.2024;SALSK61YSZN.ru
13.01.2024;SALUTVL.ru
13.01.2024;SALUX-LIGHTS.ru
13.01.2024;SAMARA-POVERKA.ru
13.01.2024;SAMASSHILA.ru
13.01.2024;SAMODELKIN46.ru
13.01.2024;SAMOE-SAMAYA.ru
13.01.2024;SAMORASTITEL-7.ru
13.01.2024;SAMORASTITEL7.ru
13.01.2024;SAMOSVAL-SPB.ru
13.01.2024;SAMOTEC.ru
13.01.2024;SAMP-MOBILE-SYSTEM.ru
13.01.2024;SAMSEBEEMU.ru
13.01.2024;SAN-CENTER.ru
13.01.2024;SAN-VOROVSKOGO.ru
13.01.2024;SAND-ART.ru
13.01.2024;SANDALOVA-DESIGN.ru
13.01.2024;SANEBASTORE.ru
13.01.2024;SANITAR-DEZ.ru
13.01.2024;SANREMOREST.ru
13.01.2024;SANTALIYA.ru
13.01.2024;SANTATIANA.ru
13.01.2024;SANTEH-B2B.ru
13.01.2024;SANTEHBRIGADA.ru
13.01.2024;SANTEHNICAN.ru
13.01.2024;SANTEHREMONT50.ru
13.01.2024;SANTELITA.ru
13.01.2024;SANTOFF-FITNESS.ru
13.01.2024;SAPAROVNA.ru
13.01.2024;SARANSK-POVERKA.ru
13.01.2024;SARANSKCS2.ru
13.01.2024;SARAPULOFF.ru
13.01.2024;SARATOV-POVERENO.ru
13.01.2024;SARVINOZ.ru
13.01.2024;SASCH81.ru
13.01.2024;SASHAMAKES.ru
13.01.2024;SASHULIAA.ru
13.01.2024;SASTASHI.ru
13.01.2024;SATKADEP.ru
13.01.2024;SATURN-RU.ru
13.01.2024;SAVCHENKOFF.ru
13.01.2024;SAVUSHKAWEB.ru
13.01.2024;SAXOFONISTA.ru
13.01.2024;SAYT-RF.ru
13.01.2024;SBORISCHE.ru
13.01.2024;SBORKAMEBELI-SPB.ru
13.01.2024;SBR-CONSULT.ru
13.01.2024;SCABRUS.ru
13.01.2024;SCHLICHTER.ru
13.01.2024;SCHNIPPERMAT.ru
13.01.2024;SCHOL-DETSAD.ru
13.01.2024;SCHOOI-DETSAD.ru
13.01.2024;SCHOOL-SIRIUS.ru
13.01.2024;SCHOOL49EDU.ru
13.01.2024;SCHOOL59-RZN.ru
13.01.2024;SCHOOL600SPB.ru
13.01.2024;SCHOOL70-UL.ru
13.01.2024;SCHOOLINTERNAT1.ru
13.01.2024;SCHOOLMITYAEVO.ru
13.01.2024;SCHOOLVALERIIMORZHOVOY.ru
13.01.2024;SCHOOLWIKI.ru
13.01.2024;SCHWEGER.ru
13.01.2024;SCHWGER.ru
13.01.2024;SCOOL-DETSAD.ru
13.01.2024;SCORTHAM.ru
13.01.2024;SCRAPHOBBYSHOP.ru
13.01.2024;SCRAPTRANS.ru
13.01.2024;SCREAMCODE.ru
13.01.2024;SDAC-EKB.ru
13.01.2024;SDELKA7376.ru
13.01.2024;SDM-ENERGO.ru
13.01.2024;SDOMNIN.ru
13.01.2024;SDUSCHOR-2SOCHI.ru
13.01.2024;SE-SERVICE.ru
13.01.2024;SEACORE.ru
13.01.2024;SEALEKSPHOTO.ru
13.01.2024;SEARCHERRP.ru
13.01.2024;SECPROX.ru
13.01.2024;SECTORPAY.ru
13.01.2024;SECURESPACE.ru
13.01.2024;SEDJU11.ru
13.01.2024;SEHER.ru
13.01.2024;SEILING-SYSTEMS.ru
13.01.2024;SEISM.ru
13.01.2024;SELANA.ru
13.01.2024;SELECT-CCTV.ru
13.01.2024;SELECTOR-PLAY5.ru
13.01.2024;SELFDEVS.ru
13.01.2024;SELFIEMAGAZINE.ru
13.01.2024;SELFMNGMT.ru
13.01.2024;SELIGERSKAIA.ru
13.01.2024;SELLBUYRENT.ru
13.01.2024;SELO-KARA.ru
13.01.2024;SEMKIN-1.ru
13.01.2024;SENDHI.ru
13.01.2024;SENDMSG.ru
13.01.2024;SENKOVA-DESIGN.ru
13.01.2024;SENSE-SENSEI.ru
13.01.2024;SENSERTER.ru
13.01.2024;SENSKVEST.ru
13.01.2024;SENSO-RF.ru
13.01.2024;SEO-SARATOV.ru
13.01.2024;SEOFLAG.ru
13.01.2024;SEOLEND.ru
13.01.2024;SEORYVOK.ru
13.01.2024;SERGEIKOZYKIN.ru
13.01.2024;SERGEYGIL.ru
13.01.2024;SERGEYKLIMOV.ru
13.01.2024;SERPMN.ru
13.01.2024;SERPY.ru
13.01.2024;SERTGRUPKRASNODAR.ru
13.01.2024;SERTIKLION.ru
13.01.2024;SERVERADM.ru
13.01.2024;SERVICE-3150.ru
13.01.2024;SERVICE-REMHOME.ru
13.01.2024;SERVICE-SPISANIE.ru
13.01.2024;SERVICEDAY22.ru
13.01.2024;SERVICEREM-PK.ru
13.01.2024;SERVISENALOG.ru
13.01.2024;SERVISPOKRAS.ru
13.01.2024;SERVISSLESARKA.ru
13.01.2024;SES-OFFICIAL.ru
13.01.2024;SESTRORETSK-FACTORY.ru
13.01.2024;SETGROUP.ru
13.01.2024;SETSMART.ru
13.01.2024;SEVASTOPOL-POVERKA.ru
13.01.2024;SEVENTASTES.ru
13.01.2024;SEVER-SPORT-SHOP.ru
13.01.2024;SEVERALCO.ru
13.01.2024;SEVERBANY.ru
13.01.2024;SEVERODVINSK-POVERKA.ru
13.01.2024;SEVERVAHTA.ru
13.01.2024;SEVPATRONAJ.ru
13.01.2024;SEX-FARM.ru
13.01.2024;SEXINFORM.ru
13.01.2024;SEXVK.ru
13.01.2024;SFB-HERITAGE.ru
13.01.2024;SFERA-KULTURE.ru
13.01.2024;SFERASNAB24.ru
13.01.2024;SFOACTINIUMCREDIT.ru
13.01.2024;SFR-GOV.ru
13.01.2024;SFRGOV.ru
13.01.2024;SFT-COMP.ru
13.01.2024;SGFE.ru
13.01.2024;SGKUB.ru
13.01.2024;SGRAFIKA.ru
13.01.2024;SHADL.ru
13.01.2024;SHAHTY-INTIM.ru
13.01.2024;SHAKHTY-POVERKA.ru
13.01.2024;SHAMASHEV.ru
13.01.2024;SHAMS-VL.ru
13.01.2024;SHANAISAEVA.ru
13.01.2024;SHANGHAICASHFLOW.ru
13.01.2024;SHARDUCK.ru
13.01.2024;SHARNIK.ru
13.01.2024;SHARY-KRASNOGORSK.ru
13.01.2024;SHARZDEV.ru
13.01.2024;SHEBBI-SHIK.ru
13.01.2024;SHEBOBURO.ru
13.01.2024;SHEDYCODE.ru
13.01.2024;SHEMBELEV.ru
13.01.2024;SHERIFDON.ru
13.01.2024;SHERWOOD-REG.ru
13.01.2024;SHERWOOD-WELLNESS.ru
13.01.2024;SHERWOODREG.ru
13.01.2024;SHERWOODWELLNESS.ru
13.01.2024;SHESTAKOFFF.ru
13.01.2024;SHEVRON-NASHIVKI.ru
13.01.2024;SHEWOLF.ru
13.01.2024;SHIPCASTER.ru
13.01.2024;SHISHKINLES-PLUS.ru
13.01.2024;SHISHKOVA-ARTS.ru
13.01.2024;SHIT-PRAVA.ru
13.01.2024;SHKAFINSKI.ru
13.01.2024;SHKOLA-MEDVENKA.ru
13.01.2024;SHKOLAPOLITIKA.ru
13.01.2024;SHKOLAREP.ru
13.01.2024;SHLAPAK.ru
13.01.2024;SHOOL-DETSAD.ru
13.01.2024;SHOP-CMS.ru
13.01.2024;SHOP-GREE.ru
13.01.2024;SHOP-LAMBRE.ru
13.01.2024;SHOPFOREST.ru
13.01.2024;SHOTRAL.ru
13.01.2024;SHOU-YUDASHKINA.ru
13.01.2024;SHOWCASE-CLOTHES.ru
13.01.2024;SHOWER-DOORS.ru
13.01.2024;SHOWMETOO.ru
13.01.2024;SHPIL64.ru
13.01.2024;SHPORA-PYATKA.ru
13.01.2024;SHTORYDARSO.ru
13.01.2024;SHTRAFY-ONLINE.ru
13.01.2024;SHTUCHKI-DRUCHKI.ru
13.01.2024;SHTUCHKI-GLOBAL.ru
13.01.2024;SHU-MILA.ru
13.01.2024;SHUNDROVSKAYA.ru
13.01.2024;SHUNMED.ru
13.01.2024;SHWM.ru
13.01.2024;SIBADS.ru
13.01.2024;SIBAGROTRADEOPT.ru
13.01.2024;SIBENCOM.ru
13.01.2024;SIBERIANWOODS.ru
13.01.2024;SIBMASH-RGSN.ru
13.01.2024;SIBPMK.ru
13.01.2024;SIBSKOM-NSK.ru
13.01.2024;SIBTECHSTROY.ru
13.01.2024;SIBTORGKABEL.ru
13.01.2024;SIDDHASYSTEM.ru
13.01.2024;SIDORIN-A-A.ru
13.01.2024;SIDOROVIPARTNERI.ru
13.01.2024;SIEMENS-DEALER.ru
13.01.2024;SIFKUFA.ru
13.01.2024;SIGMA-PHOTO.ru
13.01.2024;SIGNPHOTO.ru
13.01.2024;SIKA-RU.ru
13.01.2024;SIKARU.ru
13.01.2024;SILA-VDOHA.ru
13.01.2024;SILA-ZNANIYA.ru
13.01.2024;SILAMOEGORODA.ru
13.01.2024;SILKROAD-RUS.ru
13.01.2024;SILO0K.ru
13.01.2024;SILOMED.ru
13.01.2024;SILSTONE.ru
13.01.2024;SILVA66.ru
13.01.2024;SILVERVOLT.ru
13.01.2024;SIMFLASHKIN.ru
13.01.2024;SIMILARWEB.ru
13.01.2024;SIMPLECAST.ru
13.01.2024;SIMPPA.ru
13.01.2024;SINERDGI.ru
13.01.2024;SINGAPUR-TUR.ru
13.01.2024;SIRIUSROLEPLAY.ru
13.01.2024;SIS-TOOLS.ru
13.01.2024;SISTEM-TOOLS.ru
13.01.2024;SISTEMA-FASADA.ru
13.01.2024;SITI-ART.ru
13.01.2024;SITIVOLK.ru
13.01.2024;SITNOVA-JULIA.ru
13.01.2024;SITOK.ru
13.01.2024;SITSMASTER.ru
13.01.2024;SIZTORGOPT.ru
13.01.2024;SK-BIKE.ru
13.01.2024;SK-BRUSKARKAS.ru
13.01.2024;SK-MSKGROUP.ru
13.01.2024;SKA-CHAT-PARI-APP.ru
13.01.2024;SKACHAT-PARI-APP.ru
13.01.2024;SKACHAT-PARI-RU.ru
13.01.2024;SKACHATPARI-APP.ru
13.01.2024;SKACHATPARIAPP.ru
13.01.2024;SKACHATPARIRU.ru
13.01.2024;SKAGAZPROM.ru
13.01.2024;SKALEN.ru
13.01.2024;SKANIS39.ru
13.01.2024;SKAZKIDLYADETEI.ru
13.01.2024;SKAZKOD.ru
13.01.2024;SKAZOCHNAYABANYA.ru
13.01.2024;SKI-SLOPES.ru
13.01.2024;SKIBICKAYA.ru
13.01.2024;SKILL-KUHNYA-MSK.ru
13.01.2024;SKILLLFACTORY.ru
13.01.2024;SKILLRELAX.ru
13.01.2024;SKISLOPES.ru
13.01.2024;SKL-SHOP.ru
13.01.2024;SKLADOLOG.ru
13.01.2024;SKMUZEI.ru
13.01.2024;SKS-TORG.ru
13.01.2024;SKSAR.ru
13.01.2024;SKY-CODE.ru
13.01.2024;SKY-WOOL.ru
13.01.2024;SKYFEET.ru
13.01.2024;SKYNET-PRINT.ru
13.01.2024;SLAM-EX-7.ru
13.01.2024;SLAMEX7.ru
13.01.2024;SLAVLIB.ru
13.01.2024;SLAVYANSKIEVEDY.ru
13.01.2024;SLEDGE-HAMMER.ru
13.01.2024;SLIM-AUTO.ru
13.01.2024;SLIMEFEST.ru
13.01.2024;SLOBODIAN.ru
13.01.2024;SLOTOZAL23.ru
13.01.2024;SLOVO-PACANA-SKACHAT-TORRENT.ru
13.01.2024;SLOVO-PACONA8.ru
13.01.2024;SLOVO-PACONASS.ru
13.01.2024;SLOVO2.ru
13.01.2024;SLOVOPACAN1SEZ.ru
13.01.2024;SLOVOPACANBE1.ru
13.01.2024;SLOVOPACANG1.ru
13.01.2024;SLOVOPACANUY.ru
13.01.2024;SLOVOPACAUNA.ru
13.01.2024;SLOVOPACEN1.ru
13.01.2024;SLOVOPACONA8S1.ru
13.01.2024;SLOVOPACQUNA.ru
13.01.2024;SLOVOPATSANATV.ru
13.01.2024;SLOVOPOCANE.ru
13.01.2024;SLOVOPOCANQ.ru
13.01.2024;SLOVVOPACANA-1-8.ru
13.01.2024;SLOVVOPACANA1-8.ru
13.01.2024;SLOVVOPACANA1-9.ru
13.01.2024;SLOVVOPACANA19.ru
13.01.2024;SLOYKA-BAKERY.ru
13.01.2024;SLYSHBA.ru
13.01.2024;SM-INVESTOR.ru
13.01.2024;SM-SERVICES.ru
13.01.2024;SMALL-JAPAN.ru
13.01.2024;SMALLCOIN.ru
13.01.2024;SMART-AUTOMATION.ru
13.01.2024;SMART-NEURON.ru
13.01.2024;SMART-VITA.ru
13.01.2024;SMARTCOMPARE.ru
13.01.2024;SMARTDATATECH.ru
13.01.2024;SMARTFIXNN.ru
13.01.2024;SMARTNEURON.ru
13.01.2024;SMARTPHONE-34.ru
13.01.2024;SMARTRENT-MSK.ru
13.01.2024;SMAS-GIOVANE.ru
13.01.2024;SMEG-BRANDSHOP.ru
13.01.2024;SMELLS-LIKE.ru
13.01.2024;SMGDEV.ru
13.01.2024;SMILENATA.ru
13.01.2024;SMILEPNZ.ru
13.01.2024;SMILES-PECIALISTS.ru
13.01.2024;SMIRNOVMANUFACTORY.ru
13.01.2024;SMITE2.ru
13.01.2024;SMITTECHNIKS.ru
13.01.2024;SMMACADEMY-MARKIROVKA4.ru
13.01.2024;SMMBUTIK.ru
13.01.2024;SMOL-AZIMUT.ru
13.01.2024;SMSOMSK.ru
13.01.2024;SMTS-LD.ru
13.01.2024;SMTTG1.ru
13.01.2024;SN-OPT-7.ru
13.01.2024;SN-OPT7.ru
13.01.2024;SN-POTOLOK.ru
13.01.2024;SNATCHTRIPLE.ru
13.01.2024;SNEDO-DOORS.ru
13.01.2024;SNKRN.ru
13.01.2024;SNOSMASTER.ru
13.01.2024;SNTSOVETGRO.ru
13.01.2024;SOBAKA-TOP.ru
13.01.2024;SOBAKAM-DA.ru
13.01.2024;SOBAKATOP.ru
13.01.2024;SOCHI-FOTO.ru
13.01.2024;SOCHI-PARK33.ru
13.01.2024;SOCHI-PARK44.ru
13.01.2024;SOCHI-PARK55.ru
13.01.2024;SOCHI-POVERKA.ru
13.01.2024;SOCHIRIVIERA.ru
13.01.2024;SOCIALISSUE.ru
13.01.2024;SOCPOISK.ru
13.01.2024;SOFT-NOKIA.ru
13.01.2024;SOFT-TOUCH.ru
13.01.2024;SOFT-TOYS33.ru
13.01.2024;SOFTOGEN.ru
13.01.2024;SOGDIANA-CRIMEA.ru
13.01.2024;SOKOLCOURS.ru
13.01.2024;SOL-CASINO-EVOLUTION.ru
13.01.2024;SOL-CASINO-SIB.ru
13.01.2024;SOL-CASINO-STUD.ru
13.01.2024;SOL-SOSH.ru
13.01.2024;SOLANA.ru
13.01.2024;SOLCASINO-KUZ.ru
13.01.2024;SOLCASINO-SIB.ru
13.01.2024;SOLCASINO-STUD.ru
13.01.2024;SOLID-WORKER.ru
13.01.2024;SOLIDWORKER.ru
13.01.2024;SOLITERS.ru
13.01.2024;SOLOGPT.ru
13.01.2024;SOM-GROUPS.ru
13.01.2024;SOME-ASSAY-COOKIES.ru
13.01.2024;SOME-ASSAY-EXAMINE.ru
13.01.2024;SOME-ASSAY-EXPERIENCE.ru
13.01.2024;SOME-ASSAY-SMARTLINK.ru
13.01.2024;SOME-COOKIES-ASSAY.ru
13.01.2024;SOMEFIT.ru
13.01.2024;SOMUCTR.ru
13.01.2024;SONGVK.ru
13.01.2024;SONNATA.ru
13.01.2024;SORELLE-MEDIA.ru
13.01.2024;SOROKINA-YULIA.ru
13.01.2024;SORVANAILS.ru
13.01.2024;SOV-MET.ru
13.01.2024;SOVETIPOSVETY.ru
13.01.2024;SOVETS-ONLINE.ru
13.01.2024;SOVETUOR.ru
13.01.2024;SOWDIRNCIRM.ru
13.01.2024;SOYUZCORP.ru
13.01.2024;SP-ACOUSTIC.ru
13.01.2024;SPA-BAMBUK.ru
13.01.2024;SPA-ENERGY.ru
13.01.2024;SPA-INKOGNITO.ru
13.01.2024;SPA-STOL.ru
13.01.2024;SPA-STUDIOCZ.ru
13.01.2024;SPACE-AVTORAY.ru
13.01.2024;SPACEWALKER.ru
13.01.2024;SPACEWARS2024.ru
13.01.2024;SPAIS-LECHENIE.ru
13.01.2024;SPARKINS.ru
13.01.2024;SPARKLINGHOUSE.ru
13.01.2024;SPARKLINGHOUSETEA.ru
13.01.2024;SPAVLOV-INC-ICON.ru
13.01.2024;SPAYS-LECHENIE.ru
13.01.2024;SPB-METALLOPROKAT.ru
13.01.2024;SPB-POVERENO.ru
13.01.2024;SPBARIEL.ru
13.01.2024;SPBFVR.ru
13.01.2024;SPBMTA.ru
13.01.2024;SPEAKGURU.ru
13.01.2024;SPECAVTO32.ru
13.01.2024;SPECAVTOMATIKA05.ru
13.01.2024;SPECEMAL.ru
13.01.2024;SPECIALCASES.ru
13.01.2024;SPECIALIST-NRS-PODBOR.ru
13.01.2024;SPECIALIST-NRS-PODBOR-RF.ru
13.01.2024;SPECMTO.ru
13.01.2024;SPECODEJDA35.ru
13.01.2024;SPECSTROY-SNAB.ru
13.01.2024;SPECTR-UG.ru
13.01.2024;SPEED-N-CASH.ru
13.01.2024;SPEKTR-21SOL.ru
13.01.2024;SPELEOCLUB.ru
13.01.2024;SPETSOBRAZOVANIE.ru
13.01.2024;SPIRITICE.ru
13.01.2024;SPISANIE-DOLGOV-RUS.ru
13.01.2024;SPISANIE-FIZ127-RUS.ru
13.01.2024;SPISANIE-GOS-RUS.ru
13.01.2024;SPISANIE-KREDIT-RUS.ru
13.01.2024;SPISANIE-MOSKVA.ru
13.01.2024;SPISANIE-ZAKON-RUS.ru
13.01.2024;SPISANIE-ZAKON127-RUS.ru
13.01.2024;SPISOK-ZAJMOV-ONLAJN.ru
13.01.2024;SPK-6.ru
13.01.2024;SPK-RAMENKI.ru
13.01.2024;SPMSH.ru
13.01.2024;SPODO.ru
13.01.2024;SPORT-PARQUET.ru
13.01.2024;SPORT-STILE.ru
13.01.2024;SPORT-XL.ru
13.01.2024;SPORT1WIN.ru
13.01.2024;SPORTCITY-ARENA.ru
13.01.2024;SPORTCLUBRONIN.ru
13.01.2024;SPORTIGROSTROY.ru
13.01.2024;SPORTMACTER-7.ru
13.01.2024;SPORTMACTER7.ru
13.01.2024;SPORTX24.ru
13.01.2024;SPRAVKA-HELP.ru
13.01.2024;SPRAVKA-KRASNOYARSK.ru
13.01.2024;SPRAVKI-KRASNOYARSK.ru
13.01.2024;SPRAVOCHNIK-BANKOV.ru
13.01.2024;SPRAVOCHNIK-MOSKVA.ru
13.01.2024;SPRIPR.ru
13.01.2024;SPS-GARANT.ru
13.01.2024;SPUTNIKSERP.ru
13.01.2024;SPY-ACADEMY.ru
13.01.2024;SQIN.ru
13.01.2024;SQUEEN.ru
13.01.2024;SROCHNYI-REMONT24.ru
13.01.2024;SRT-OKNA.ru
13.01.2024;SRTTG.ru
13.01.2024;SRUBLUX.ru
13.01.2024;SRUBPROECT.ru
13.01.2024;SRUBY-IZ-MORDOVII.ru
13.01.2024;SRUIOP.ru
13.01.2024;SSA155.ru
13.01.2024;SSNIT.ru
13.01.2024;SSR-TRUB.ru
13.01.2024;SSS13.ru
13.01.2024;SSSYSTEMS.ru
13.01.2024;SST-KOVKA.ru
13.01.2024;SST-SHOP.ru
13.01.2024;SSTSPB-BOX.ru
13.01.2024;SSUIOK.ru
13.01.2024;STABLE-DIFFUSION.ru
13.01.2024;STAFFLINEHOLDING-7.ru
13.01.2024;STAFFLINEHOLDING7.ru
13.01.2024;STANCIYAAVTO.ru
13.01.2024;STAND2STORE.ru
13.01.2024;STANDART-BEZOPASNOSTY.ru
13.01.2024;STANDARTAVTOSERVIS.ru
13.01.2024;STANDREX.ru
13.01.2024;STANISLAVBUDANV1986-PRO.ru
13.01.2024;STANKI-677.ru
13.01.2024;STANKI677.ru
13.01.2024;STANKORICH.ru
13.01.2024;STANKOSHOP.ru
13.01.2024;STANLIFE.ru
13.01.2024;STAR-BRIGHT.ru
13.01.2024;STARAPRAHAREST.ru
13.01.2024;STARDIZ.ru
13.01.2024;STARSHAKI.ru
13.01.2024;START-GUITAR.ru
13.01.2024;STARTNOKAK.ru
13.01.2024;STARTUPWEEKEND.ru
13.01.2024;STARVOLT.ru
13.01.2024;STATMINER.ru
13.01.2024;STATMINERS.ru
13.01.2024;STATUS-MB.ru
13.01.2024;STATUS-OHRANA96.ru
13.01.2024;STATUSFINANS.ru
13.01.2024;STATUSMARKIROVKA.ru
13.01.2024;STAYHEAVYZINE.ru
13.01.2024;STEAM-CLUB.ru
13.01.2024;STEAMCAMMUNILTY.ru
13.01.2024;STEELCALC.ru
13.01.2024;STEELFORLIFE.ru
13.01.2024;STEFANIMARKOVA.ru
13.01.2024;STEFANYFORNAILS.ru
13.01.2024;STEKLA74.ru
13.01.2024;STEKLO-TRADE.ru
13.01.2024;STEKLOREZ063.ru
13.01.2024;STELKORY.ru
13.01.2024;STELLAGE1.ru
13.01.2024;STELLARDRINK.ru
13.01.2024;STENCILPORTRAIT.ru
13.01.2024;STENDKMS.ru
13.01.2024;STEPNOEPOLE.ru
13.01.2024;STEREOTRACK.ru
13.01.2024;STERLITAMAK-POVERKA.ru
13.01.2024;STERNSMM.ru
13.01.2024;STIHI-STIHLI.ru
13.01.2024;STK-ARINA.ru
13.01.2024;STK-SNACK.ru
13.01.2024;STLKA.ru
13.01.2024;STM-72.ru
13.01.2024;STO-AUTOSERVISPROF.ru
13.01.2024;STO-BERDSK.ru
13.01.2024;STOKPRICE.ru
13.01.2024;STOLIZAPARKETA.ru
13.01.2024;STOLYAR24.ru
13.01.2024;STOMATOFF.ru
13.01.2024;STOMATOLOGICHESKIE-STULYA.ru
13.01.2024;STOMATOLOGICHESKIY-TOMOGRAF.ru
13.01.2024;STOMATVRN.ru
13.01.2024;STONE-MARIUPOL.ru
13.01.2024;STOP-DOLG-2024.ru
13.01.2024;STOP-DOLGOV24.ru
13.01.2024;STORE-AP.ru
13.01.2024;STORE-COIN.ru
13.01.2024;STORE-DR.ru
13.01.2024;STORE-EZ.ru
13.01.2024;STORE-FIND.ru
13.01.2024;STORE-GP.ru
13.01.2024;STORE-RP.ru
13.01.2024;STORE-SS.ru
13.01.2024;STORE-WP.ru
13.01.2024;STORE-Z.ru
13.01.2024;STORE-ZA.ru
13.01.2024;STORMDEV.ru
13.01.2024;STOVIPAVTO.ru
13.01.2024;STP-S.ru
13.01.2024;STR-TECHNIC.ru
13.01.2024;STRAEMCOMMYNITU.ru
13.01.2024;STRAIKBOL.ru
13.01.2024;STRANACHUDES-CHITA.ru
13.01.2024;STRASTISFERA.ru
13.01.2024;STRATEGYONLINESCHOOL.ru
13.01.2024;STREAMSCHOOL.ru
13.01.2024;STREKOZASTYLE.ru
13.01.2024;STRIZHEM.ru
13.01.2024;STRLIMS.ru
13.01.2024;STROI38.ru
13.01.2024;STROIDOMAINVEST.ru
13.01.2024;STROIGROOP18.ru
13.01.2024;STROIHATA.ru
13.01.2024;STROIKALAND.ru
13.01.2024;STROIKAONLINE.ru
13.01.2024;STROIKASTROY.ru
13.01.2024;STROIMKAD-7.ru
13.01.2024;STROIMKAD7.ru
13.01.2024;STRONGBERRY.ru
13.01.2024;STROY-LAZER.ru
13.01.2024;STROY-SKY.ru
13.01.2024;STROY812.ru
13.01.2024;STROYBAZATUCHKOVO.ru
13.01.2024;STROYCOM59.ru
13.01.2024;STROYDOR-AVANGARD.ru
13.01.2024;STROYMARKET-TSMD.ru
13.01.2024;STROYPRAKTIKAPLUS.ru
13.01.2024;STROYSPETC.ru
13.01.2024;STROYTECHGROUP.ru
13.01.2024;STROYTEHGROUP.ru
13.01.2024;STROYY-DOM.ru
13.01.2024;STROYY-REM.ru
13.01.2024;STRTORG.ru
13.01.2024;STS-IRRIGATION.ru
13.01.2024;STUD-MOST.ru
13.01.2024;STUDIO-ZINNIRA.ru
13.01.2024;STUDIOALINE.ru
13.01.2024;STUDIODELAME.ru
13.01.2024;STUDIOMADE.ru
13.01.2024;STUNTORY.ru
13.01.2024;STUZIANA.ru
13.01.2024;STYAZHKAPOLAMOSCOW.ru
13.01.2024;STYLEBYDARIABELYAKINA.ru
13.01.2024;SUCCESSFUL-INVESTMENT.ru
13.01.2024;SULPHURICTRIM.ru
13.01.2024;SULTANSTYLE.ru
13.01.2024;SUMO-LING.ru
13.01.2024;SUNAIS.ru
13.01.2024;SUNCG.ru
13.01.2024;SUNCITYHOTELS.ru
13.01.2024;SUNFLOWERSVL.ru
13.01.2024;SUNNYBABY.ru
13.01.2024;SUNPACEPUMP.ru
13.01.2024;SUNTRAVELING.ru
13.01.2024;SUNWAY-TAXI.ru
13.01.2024;SUPER-NINDZYA.ru
13.01.2024;SUPERCASHCAPTCHA.ru
13.01.2024;SUPERKAT.ru
13.01.2024;SUPERNOVASTUDIO.ru
13.01.2024;SUPERPRIZ-RSHB.ru
13.01.2024;SUPERSEXSHOP.ru
13.01.2024;SUPERSPAS.ru
13.01.2024;SUPPORT-SUPPORT.ru
13.01.2024;SURE-FILTER.ru
13.01.2024;SURF-BALI.ru
13.01.2024;SURGUTBAPTIST.ru
13.01.2024;SURINANATALYA.ru
13.01.2024;SURV-MILITARY.ru
13.01.2024;SURVMILITARY.ru
13.01.2024;SUSHEF59.ru
13.01.2024;SUSHI-RANDEVU.ru
13.01.2024;SUSHIBOY.ru
13.01.2024;SUSHIEST59.ru
13.01.2024;SUSHIMOREKGD.ru
13.01.2024;SUTKIEKB.ru
13.01.2024;SUZDALSKAZKA.ru
13.01.2024;SV-B.ru
13.01.2024;SV444.ru
13.01.2024;SVARKA-CENTER.ru
13.01.2024;SVARKA29.ru
13.01.2024;SVARKALAB.ru
13.01.2024;SVARKARUS.ru
13.01.2024;SVARMIG.ru
13.01.2024;SVELT.ru
13.01.2024;SVESAMI.ru
13.01.2024;SVETDIO.ru
13.01.2024;SVETHOLL-LIGHTS.ru
13.01.2024;SVETLAI.ru
13.01.2024;SVETLANAGUNSTVINA.ru
13.01.2024;SVETLANALINK.ru
13.01.2024;SVETLANARIMSHAYTE.ru
13.01.2024;SVETODOSKA.ru
13.01.2024;SVETOZAR-SPB.ru
13.01.2024;SVGAMES.ru
13.01.2024;SVO-VYPLATY.ru
13.01.2024;SVOBODA-OT-DOLGA2024.ru
13.01.2024;SVODKA567.ru
13.01.2024;SVOI-ALFABANK.ru
13.01.2024;SVOI-SKLAD.ru
13.01.2024;SVOYALFABANK.ru
13.01.2024;SVOYURIST-BEZDOLGOV.ru
13.01.2024;SVRSV.ru
13.01.2024;SVSVEN.ru
13.01.2024;SW-LIB.ru
13.01.2024;SWELLDOM.ru
13.01.2024;SWISSFORCE.ru
13.01.2024;SYKTYVKAR-POVERKA.ru
13.01.2024;SYROVARNYA-MITINO.ru
13.01.2024;SYSOEVA-WORK.ru
13.01.2024;SYZRAN-POVERKA.ru
13.01.2024;SYZRANHISTORY.ru
13.01.2024;T-BEAUTY.ru
13.01.2024;T34-KAPSULI.ru
13.01.2024;TACCHINO.ru
13.01.2024;TACHKANAREMONT.ru
13.01.2024;TAGANROG-POVERKA.ru
13.01.2024;TAKDAROM.ru
13.01.2024;TAKI24.ru
13.01.2024;TAKOSH.ru
13.01.2024;TAKVSEPROSTO.ru
13.01.2024;TALAN82.ru
13.01.2024;TALANTY-STRANA.ru
13.01.2024;TALANTYSTRANA.ru
13.01.2024;TALION27.ru
13.01.2024;TAM-DIVE.ru
13.01.2024;TAMBOV-HAVAL.ru
13.01.2024;TAMIPRO.ru
13.01.2024;TANDEMSTROY58.ru
13.01.2024;TANIA-GRAZIA.ru
13.01.2024;TANIKA06.ru
13.01.2024;TANKS-GAME.ru
13.01.2024;TANKSHOT.ru
13.01.2024;TAPCHANREST.ru
13.01.2024;TARA-TARA.ru
13.01.2024;TARGETELEGRAM.ru
13.01.2024;TARORASKLAD.ru
13.01.2024;TAROSITE.ru
13.01.2024;TASTYMARKET.ru
13.01.2024;TATAR-PRO.ru
13.01.2024;TATARPRAVAGIMS.ru
13.01.2024;TATARSTAN-POVERKA.ru
13.01.2024;TATSU-SUSHI.ru
13.01.2024;TATTY.ru
13.01.2024;TAVRIDATERM-7.ru
13.01.2024;TAVRIDATERM7.ru
13.01.2024;TAXATIONINFO.ru
13.01.2024;TAXI-CO.ru
13.01.2024;TAXI-USLUGI.ru
13.01.2024;TAXI-VIKA.ru
13.01.2024;TAXICLOUD.ru
13.01.2024;TAXIMONEYGAME.ru
13.01.2024;TAYESTBR.ru
13.01.2024;TAZOBEDRENNYJSUSTAV.ru
13.01.2024;TBTK.ru
13.01.2024;TCHAIKOVSKY-PIANO-S.ru
13.01.2024;TCHAIKOVSKYPIANOS.ru
13.01.2024;TCVETKOV.ru
13.01.2024;TD-GZOCM.ru
13.01.2024;TD-VALL-7.ru
13.01.2024;TD-VALL7.ru
13.01.2024;TD-ZABOR.ru
13.01.2024;TDARGUS.ru
13.01.2024;TDARKTIKA-NN.ru
13.01.2024;TDKMPK.ru
13.01.2024;TDMENG.ru
13.01.2024;TDOD2023.ru
13.01.2024;TDREGIONSTALSNAB.ru
13.01.2024;TDTNP.ru
13.01.2024;TEAMVOLT.ru
13.01.2024;TECH-AREA.ru
13.01.2024;TECH-CONTROLLER.ru
13.01.2024;TECHASPECT.ru
13.01.2024;TECHCONTROLLER.ru
13.01.2024;TECHPROFREZKA.ru
13.01.2024;TECHSECRET.ru
13.01.2024;TEH-KONSTRUKTSII.ru
13.01.2024;TEH-PODDERZHKA-SAITA.ru
13.01.2024;TEH-PODDERZHKA-SAJTA.ru
13.01.2024;TEH-PROEKTIROVANIE.ru
13.01.2024;TEHMELADI.ru
13.01.2024;TEHNOMASH76.ru
13.01.2024;TEHVRN.ru
13.01.2024;TEIEGRAM-BOT.ru
13.01.2024;TEIEGRAM-SUPPORT.ru
13.01.2024;TEKHNO-ERA.ru
13.01.2024;TEKSOUND.ru
13.01.2024;TEKSTYLEEKO.ru
13.01.2024;TEKTEC.ru
13.01.2024;TELE-SKLAD.ru
13.01.2024;TELEDETECTIVE.ru
13.01.2024;TELEDOK.ru
13.01.2024;TELEKLASS.ru
13.01.2024;TELEO-AUCH.ru
13.01.2024;TELEPHONE-TAKSI.ru
13.01.2024;TELEPOVAR.ru
13.01.2024;TELETRENER.ru
13.01.2024;TELGORLINII.ru
13.01.2024;TEMIRGAZIYEV.ru
13.01.2024;TENDERRF.ru
13.01.2024;TENNISKAFE.ru
13.01.2024;TENNISLINE.ru
13.01.2024;TENT-MSK.ru
13.01.2024;TENZERO.ru
13.01.2024;TEOUP.ru
13.01.2024;TEPLO-ROD.ru
13.01.2024;TEREMOK-HOTEL.ru
13.01.2024;TEREMOKZVD.ru
13.01.2024;TERMANEN.ru
13.01.2024;TERMINAL-SP.ru
13.01.2024;TERMODOM18.ru
13.01.2024;TERMOPLAST-PLUS.ru
13.01.2024;TERMSOFUSE.ru
13.01.2024;TERRA-LUXE.ru
13.01.2024;TERRITORYREZKA.ru
13.01.2024;TERSPORTA.ru
13.01.2024;TES-SOCHI.ru
13.01.2024;TESLAELECTRO.ru
13.01.2024;TESNGRT.ru
13.01.2024;TESSA-DVERI.ru
13.01.2024;TEST-CPG.ru
13.01.2024;TEST-GRABCRAB.ru
13.01.2024;TEST-KREDITANET.ru
13.01.2024;TESTCS.ru
13.01.2024;TESTDOMAINSE.ru
13.01.2024;TESTDOMAINSITESABFF.ru
13.01.2024;TESTJOB.ru
13.01.2024;TESTLIFE.ru
13.01.2024;TETRA-DESIGN.ru
13.01.2024;TEXASPERM.ru
13.01.2024;TEXELITE.ru
13.01.2024;TEXTIL-PRESTIGE.ru
13.01.2024;TEXTIL-SV.ru
13.01.2024;TGBOTBYVMS.ru
13.01.2024;TGMANSY.ru
13.01.2024;TGMARKETING.ru
13.01.2024;TGU-MED.ru
13.01.2024;THAMAHA.ru
13.01.2024;THDV.ru
13.01.2024;THE-BEST-GIRL.ru
13.01.2024;THE-HILL.ru
13.01.2024;THE-MAN.ru
13.01.2024;THE-MEN.ru
13.01.2024;THE-PISTE.ru
13.01.2024;THE-SEMENA.ru
13.01.2024;THE-STITCH.ru
13.01.2024;THE312.ru
13.01.2024;THEBIRTHPOSTER.ru
13.01.2024;THEBOOSTER.ru
13.01.2024;THECAPSULE.ru
13.01.2024;THECEMENT.ru
13.01.2024;THEDOMAINS.ru
13.01.2024;THEFUKU.ru
13.01.2024;THEJAM.ru
13.01.2024;THEMEDIUMPLUS.ru
13.01.2024;THEONLYN.ru
13.01.2024;THEPISTE.ru
13.01.2024;THERINK-SBERPREMIER.ru
13.01.2024;THERMEX-RUSSIA.ru
13.01.2024;THERMOPOTS.ru
13.01.2024;THESEMENA.ru
13.01.2024;THESKISLOPES.ru
13.01.2024;THEWAITERSMSK.ru
13.01.2024;THLAND.ru
13.01.2024;TICKSALES.ru
13.01.2024;TIDEUNRULYTAN.ru
13.01.2024;TIHVINDO.ru
13.01.2024;TILDA-MANIA.ru
13.01.2024;TILDACOURSE2024.ru
13.01.2024;TILDANADEZHDA.ru
13.01.2024;TILDESIGNER.ru
13.01.2024;TILDIX.ru
13.01.2024;TILS-8356.ru
13.01.2024;TIM-PIT.ru
13.01.2024;TIM-SOSH.ru
13.01.2024;TIM-TRAST.ru
13.01.2024;TIMAIDIATULLIN.ru
13.01.2024;TIME-MATTERS-7.ru
13.01.2024;TIME22.ru
13.01.2024;TIMEMATTERS7.ru
13.01.2024;TIMEPM.ru
13.01.2024;TIMMDESIGN.ru
13.01.2024;TIMO-KAZAN.ru
13.01.2024;TIMSCHOOL.ru
13.01.2024;TIMUR-STORE.ru
13.01.2024;TINT-IT.ru
13.01.2024;TIPIDO.ru
13.01.2024;TIPOMASTER.ru
13.01.2024;TIRSNAB.ru
13.01.2024;TITULV.ru
13.01.2024;TK-BIKOM.ru
13.01.2024;TK-KLT.ru
13.01.2024;TK-SHTRIKHKOD.ru
13.01.2024;TKBAMPER.ru
13.01.2024;TKEVROMASH.ru
13.01.2024;TKPAMIR.ru
13.01.2024;TLK-VEKTOR.ru
13.01.2024;TLM-AFIREM.ru
13.01.2024;TLT-POVERKA.ru
13.01.2024;TM-BIOLAB.ru
13.01.2024;TM-LIFT.ru
13.01.2024;TMKH.ru
13.01.2024;TMPECHAT.ru
13.01.2024;TMST77.ru
13.01.2024;TNAFLIX.ru
13.01.2024;TNTWEB.ru
13.01.2024;TO4KAZAIM.ru
13.01.2024;TODOCORP.ru
13.01.2024;TOKENBONGA.ru
13.01.2024;TOKENTECH.ru
13.01.2024;TOKOTO.ru
13.01.2024;TOLKOVYE-RODITELI-I.ru
13.01.2024;TOMILOV-1.ru
13.01.2024;TOMTAR.ru
13.01.2024;TON-PLACE-MODELS.ru
13.01.2024;TONIROVKA69.ru
13.01.2024;TOOLS13.ru
13.01.2024;TOOLS140.ru
13.01.2024;TOP-DATING.ru
13.01.2024;TOP-ESTATE-DUBAI.ru
13.01.2024;TOP-LEARNING.ru
13.01.2024;TOP-MINER.ru
13.01.2024;TOP-VIZIT.ru
13.01.2024;TOP100DENT.ru
13.01.2024;TOP10TECH.ru
13.01.2024;TOP1ADV.ru
13.01.2024;TOP20PSYCHOLOG.ru
13.01.2024;TOP57.ru
13.01.2024;TOP5CASINO.ru
13.01.2024;TOP72.ru
13.01.2024;TOPBOX54.ru
13.01.2024;TOPGAMELOAD.ru
13.01.2024;TOPJOY-CLUB.ru
13.01.2024;TOPKICKSS.ru
13.01.2024;TOPKNIVES.ru
13.01.2024;TOPOBMENNIKOV.ru
13.01.2024;TOPSISI.ru
13.01.2024;TOPTRAID.ru
13.01.2024;TOPTURNE.ru
13.01.2024;TOPVOLT.ru
13.01.2024;TOPZARYAD.ru
13.01.2024;TOR-DOM.ru
13.01.2024;TORGDELTA.ru
13.01.2024;TORGI-SPACE.ru
13.01.2024;TORGSIN-PACKAGE.ru
13.01.2024;TOSHIBA-AIRCOND.ru
13.01.2024;TOSHIBA-COMFORT.ru
13.01.2024;TOTALMETAL.ru
13.01.2024;TOTCHAT.ru
13.01.2024;TOUNTA.ru
13.01.2024;TOURCONF.ru
13.01.2024;TOURISM-CENTER.ru
13.01.2024;TOURISM-NEKRASOVSKOE.ru
13.01.2024;TOVAR-SO-SKLADA.ru
13.01.2024;TOVARY-KITAYA.ru
13.01.2024;TOVEKL.ru
13.01.2024;TPR-NEFRIT.ru
13.01.2024;TR-RC.ru
13.01.2024;TRA-OIL.ru
13.01.2024;TRACKER-PLUS.ru
13.01.2024;TRADESMEN.ru
13.01.2024;TRADING-ACADEMY.ru
13.01.2024;TRAFLAB.ru
13.01.2024;TRAINING-HELIJET.ru
13.01.2024;TRALOP.ru
13.01.2024;TRANE73.ru
13.01.2024;TRANSCOM-NERUD.ru
13.01.2024;TRANSDIAGNOSTIKA73.ru
13.01.2024;TRANSFER-AIR.ru
13.01.2024;TRANSFER-KISLOVODSK.ru
13.01.2024;TRANSLATESONG.ru
13.01.2024;TRANSPORT-NAVIGATION.ru
13.01.2024;TRASHBOXS.ru
13.01.2024;TRAST-CLEANING.ru
13.01.2024;TRAVEL-FREE.ru
13.01.2024;TRAVELCULT.ru
13.01.2024;TRAVELINSIDER24.ru
13.01.2024;TRAVELNEST.ru
13.01.2024;TRAVELWITHOUTPLANE.ru
13.01.2024;TRAWOSMES.ru
13.01.2024;TRAWOSMESI.ru
13.01.2024;TREENOTES.ru
13.01.2024;TRENDMAX.ru
13.01.2024;TRIKOBELLA.ru
13.01.2024;TRIMDIET.ru
13.01.2024;TRIP-3418.ru
13.01.2024;TRIP-DREAM-LIVE.ru
13.01.2024;TRIPMYDREAMS.ru
13.01.2024;TRIUMF-TRAVEL.ru
13.01.2024;TROLL21.ru
13.01.2024;TROYAN24170.ru
13.01.2024;TROYKA33.ru
13.01.2024;TRTPARTS-7.ru
13.01.2024;TRTPARTS7.ru
13.01.2024;TRTRTRTR.ru
13.01.2024;TRUBAMETALLS.ru
13.01.2024;TRUBITSINO.ru
13.01.2024;TRUCKSPOT.ru
13.01.2024;TRUERUNNING.ru
13.01.2024;TS-E.ru
13.01.2024;TS-KARKAS.ru
13.01.2024;TSELINARAION.ru
13.01.2024;TSET999.ru
13.01.2024;TSK-RATES-CRIMEA.ru
13.01.2024;TSKRSS.ru
13.01.2024;TSLABS.ru
13.01.2024;TSVETOGRAD.ru
13.01.2024;TTH-API.ru
13.01.2024;TUBEHUB.ru
13.01.2024;TUDYMYSITE.ru
13.01.2024;TUER-LIGHTING.ru
13.01.2024;TUERLIGHTING.ru
13.01.2024;TUGULIM.ru
13.01.2024;TULAGBO71.ru
13.01.2024;TULATOVA.ru
13.01.2024;TULP.ru
13.01.2024;TULUN-ADM.ru
13.01.2024;TUMANOGENERATOR.ru
13.01.2024;TUMANOGENERATORY.ru
13.01.2024;TUMANOOBRAZOVATEL.ru
13.01.2024;TUMANOOBRAZOVATELI.ru
13.01.2024;TUNING-PLANET.ru
13.01.2024;TUR26.ru
13.01.2024;TURBASING.ru
13.01.2024;TURBAZING.ru
13.01.2024;TURBO-HELP.ru
13.01.2024;TURBO24NEWS.ru
13.01.2024;TURBOSDENGI.ru
13.01.2024;TURBOZONA74.ru
13.01.2024;TURCHARLIE.ru
13.01.2024;TURELVEST.ru
13.01.2024;TURKANSOCKS.ru
13.01.2024;TURKISHTRENDS.ru
13.01.2024;TURKRB.ru
13.01.2024;TURNIK13.ru
13.01.2024;TURTLEBRO2.ru
13.01.2024;TUT-MNOGO-VIDEO.ru
13.01.2024;TUTMED.ru
13.01.2024;TUTRA.ru
13.01.2024;TUUS-DIES.ru
13.01.2024;TV505.ru
13.01.2024;TVINTEX.ru
13.01.2024;TVMIN.ru
13.01.2024;TVOISNABJENEC.ru
13.01.2024;TVOREZ.ru
13.01.2024;TVT69.ru
13.01.2024;TWITCHFAQ.ru
13.01.2024;TYPTRACTOR.ru
13.01.2024;TYRES-EUROPE.ru
13.01.2024;TYUMEN-ADVOKAT.ru
13.01.2024;TZARLAND.ru
13.01.2024;U-CAMP.ru
13.01.2024;U-VOKZALA.ru
13.01.2024;U1ADV.ru
13.01.2024;UAADMIN.ru
13.01.2024;UAREPON.ru
13.01.2024;UBA7.ru
13.01.2024;UBERCART.ru
13.01.2024;UBOPRO.ru
13.01.2024;UBORKA-SNEGA1.ru
13.01.2024;UBRIRS.ru
13.01.2024;UC-MASCOM.ru
13.01.2024;UCH-FIZ-MIKH.ru
13.01.2024;UCHEBASAIT.ru
13.01.2024;UCHETUM.ru
13.01.2024;UCHYOBA.ru
13.01.2024;UDACHNII.ru
13.01.2024;UDARIX.ru
13.01.2024;UDMURT-POVERKA.ru
13.01.2024;UDOPHOSAGRO.ru
13.01.2024;UELANTHI.ru
13.01.2024;UFA-POVERKA.ru
13.01.2024;UFANEWSRB.ru
13.01.2024;UFAPROSPEKT.ru
13.01.2024;UFKRUSURIST.ru
13.01.2024;UFO-GAME.ru
13.01.2024;UFSINMSK.ru
13.01.2024;UG-STO.ru
13.01.2024;UGGEPATITOF.ru
13.01.2024;UGMATRAS.ru
13.01.2024;UGP-SERVICE.ru
13.01.2024;UIVANA.ru
13.01.2024;UJCENTERMSK.ru
13.01.2024;UJCENTERSPB.ru
13.01.2024;UK108.ru
13.01.2024;UKLAB.ru
13.01.2024;UKONTA.ru
13.01.2024;UKRAINEPRESS.ru
13.01.2024;UKRITTER.ru
13.01.2024;UKS24-GIS.ru
13.01.2024;UKS46.ru
13.01.2024;ULIANA-MAMEDOVA.ru
13.01.2024;ULORUSSIA.ru
13.01.2024;ULTRAISO-WINDOWS.ru
13.01.2024;ULTRAMY-DESIGN.ru
13.01.2024;ULYANOVSK-POVERKA.ru
13.01.2024;UMCOIN.ru
13.01.2024;UMNYEIGRUSHKI.ru
13.01.2024;UNFPA.ru
13.01.2024;UNFX.ru
13.01.2024;UNHFXACJJ.ru
13.01.2024;UNI-CHIP-7.ru
13.01.2024;UNIC-AGRO.ru
13.01.2024;UNICHIP7.ru
13.01.2024;UNIJOBS.ru
13.01.2024;UNIKOIEVENT.ru
13.01.2024;UNILOMB59.ru
13.01.2024;UNIMANIYA.ru
13.01.2024;UNIQA-IMPLANTS.ru
13.01.2024;UNIQUE-TECH.ru
13.01.2024;UNITEDELECTRIC.ru
13.01.2024;UNITNSK.ru
13.01.2024;UNIVERPROF.ru
13.01.2024;UNIVERSITYUSSR.ru
13.01.2024;UNIX-PORTFOLIO.ru
13.01.2024;UNP-AUTO.ru
13.01.2024;UO-ADM-NGO.ru
13.01.2024;UO-GUB.ru
13.01.2024;UPC-YAMAL.ru
13.01.2024;UPECHKINA.ru
13.01.2024;UPREDOMINANT.ru
13.01.2024;UPSEN-RUS.ru
13.01.2024;UPSKILLER.ru
13.01.2024;UPX1000.ru
13.01.2024;UR-MSK-7.ru
13.01.2024;UR-MSK7.ru
13.01.2024;URA-MEBEL.ru
13.01.2024;URAL-NOSTA.ru
13.01.2024;URAL-SPECSTAL.ru
13.01.2024;URALDREV-KP.ru
13.01.2024;URALDREV-SKM.ru
13.01.2024;URALDREVSKM.ru
13.01.2024;URALEVENTFORUM.ru
13.01.2024;URALMETALDETAL.ru
13.01.2024;URALSISB.ru
13.01.2024;URAVA.ru
13.01.2024;URBANKICKFOOTBALL.ru
13.01.2024;URBANSVET-LIGHTS.ru
13.01.2024;URBANVOLT.ru
13.01.2024;UROK-CS.ru
13.01.2024;URUSPAYS.ru
13.01.2024;URYUKKZN.ru
13.01.2024;US-ARBITR.ru
13.01.2024;USDONLINE.ru
13.01.2024;USEFUL-FOOD.ru
13.01.2024;USHAKOV-CLINIC.ru
13.01.2024;USIGONT.ru
13.01.2024;USIGONTU.ru
13.01.2024;USPEHBIZ.ru
13.01.2024;USSPA-ADV.ru
13.01.2024;USSUSPECTS.ru
13.01.2024;UST-CILMY.ru
13.01.2024;UST-LUGA-VK.ru
13.01.2024;USTIMOVABRANDUP.ru
13.01.2024;USTMUO.ru
13.01.2024;UTILSK.ru
13.01.2024;UTKD.ru
13.01.2024;UTMM.ru
13.01.2024;UTONLA.ru
13.01.2024;UTRO24.ru
13.01.2024;UY-JOY-7.ru
13.01.2024;UY-JOY7.ru
13.01.2024;UZBEKMEDIA.ru
13.01.2024;V-DOMASHNIH-USLOVIYAH.ru
13.01.2024;V-MIR-OTDYHA.ru
13.01.2024;VACHES-R.ru
13.01.2024;VAGMOTOR.ru
13.01.2024;VAGON-BYTOVKA.ru
13.01.2024;VAL70.ru
13.01.2024;VALERIJAPONOMAREVA.ru
13.01.2024;VALHALLA-LUZHKI.ru
13.01.2024;VALIDATO.ru
13.01.2024;VALINOK.ru
13.01.2024;VALUAEVA.ru
13.01.2024;VAMMI.ru
13.01.2024;VANATA.ru
13.01.2024;VANDACHEESE.ru
13.01.2024;VANITA.ru
13.01.2024;VANJAANDREEV.ru
13.01.2024;VANYUTA.ru
13.01.2024;VAR-VAR.ru
13.01.2024;VARD-BRANDSHOP.ru
13.01.2024;VARFOLOMEEVKA.ru
13.01.2024;VARIANT35.ru
13.01.2024;VARYANS.ru
13.01.2024;VASHA-SOBAKA.ru
13.01.2024;VASHE-PLATYE.ru
13.01.2024;VASHPRESENT.ru
13.01.2024;VASHTELEMAGAZIN.ru
13.01.2024;VASKHOD.ru
13.01.2024;VASTORE.ru
13.01.2024;VAVADA-GAME2023.ru
13.01.2024;VAYSHASHLIK.ru
13.01.2024;VAZHNAYA-BULKA.ru
13.01.2024;VBVRN.ru
13.01.2024;VCY.ru
13.01.2024;VD24.ru
13.01.2024;VDKUR.ru
13.01.2024;VDOM1.ru
13.01.2024;VDOVICHENKOV.ru
13.01.2024;VDV345POLK.ru
13.01.2024;VDVGAZETA.ru
13.01.2024;VDYLDIN.ru
13.01.2024;VEDUH.ru
13.01.2024;VEEEE.ru
13.01.2024;VEGASTOYS.ru
13.01.2024;VEGODOM.ru
13.01.2024;VEIRA-KARELIA-7.ru
13.01.2024;VEIRA-KARELIA7.ru
13.01.2024;VEKTORCONSULT.ru
13.01.2024;VEKTORSILY.ru
13.01.2024;VEKZAR.ru
13.01.2024;VELES174.ru
13.01.2024;VELESHOTEL.ru
13.01.2024;VELS-SPB.ru
13.01.2024;VENTDECO.ru
13.01.2024;VENTOM.ru
13.01.2024;VENTRUSLANPLUS.ru
13.01.2024;VENTSAN.ru
13.01.2024;VENTZ.ru
13.01.2024;VEQSMINE.ru
13.01.2024;VERAKONEVA.ru
13.01.2024;VERANEKRASOVA.ru
13.01.2024;VERAROMANOVA.ru
13.01.2024;VERBAL-VOYAGER.ru
13.01.2024;VERDIKT-BEZDOLGOV.ru
13.01.2024;VEREYA71.ru
13.01.2024;VERONIKAMODEL.ru
13.01.2024;VERRALION.ru
13.01.2024;VERSAOBJECT-MO-240.ru
13.01.2024;VERSHINAVEL.ru
13.01.2024;VERTELIREST.ru
13.01.2024;VERTICAL-AUTO.ru
13.01.2024;VESELOERADIO33.ru
13.01.2024;VESTAVN.ru
13.01.2024;VESTNIKTKM.ru
13.01.2024;VETINFO39.ru
13.01.2024;VETMAGIC.ru
13.01.2024;VETOPILSKAYA.ru
13.01.2024;VETPLAT.ru
13.01.2024;VEXOTO.ru
13.01.2024;VIAMC-7.ru
13.01.2024;VIAMC7.ru
13.01.2024;VIBEAREA.ru
13.01.2024;VIBORZAIM.ru
13.01.2024;VICTORY-CONSULT.ru
13.01.2024;VICTORY-SUN.ru
13.01.2024;VICTORY13.ru
13.01.2024;VIDACRYL.ru
13.01.2024;VIDENSMART.ru
13.01.2024;VIDEO-VTOPE.ru
13.01.2024;VIDEOFORKIDS.ru
13.01.2024;VIDEOMOBILNIK.ru
13.01.2024;VIDEOPRO-ROSTOV.ru
13.01.2024;VIIKORNIENKO.ru
13.01.2024;VIKAHAZ.ru
13.01.2024;VIKIG-7.ru
13.01.2024;VIKIG7.ru
13.01.2024;VIKUP-MEBELI24.ru
13.01.2024;VIKUP-NEDVIZHIMOSTI.ru
13.01.2024;VIKUPAUTOKARELIA.ru
13.01.2024;VILLA-ROSSA.ru
13.01.2024;VILLAS-IN-DUBAI.ru
13.01.2024;VINITIATIVE.ru
13.01.2024;VINYARSKIY.ru
13.01.2024;VIOLET-BRAND.ru
13.01.2024;VIPFACEBOOK.ru
13.01.2024;VIPLOMBARD-SPB.ru
13.01.2024;VIPRAVI-BANKROTSTVO.ru
13.01.2024;VIPRES.ru
13.01.2024;VIPSMART-PHONE.ru
13.01.2024;VIRAMONTAGE.ru
13.01.2024;VIRLIB.ru
13.01.2024;VISION-PRO-APPLE.ru
13.01.2024;VISIT-ALTAI.ru
13.01.2024;VISIT-KAVKAZ.ru
13.01.2024;VITA-1.ru
13.01.2024;VITA-GUKOVO.ru
13.01.2024;VITHOME.ru
13.01.2024;VITRINA555.ru
13.01.2024;VITRINA777.ru
13.01.2024;VIVODDENEG.ru
13.01.2024;VIX8.ru
13.01.2024;VIZEL-WEB.ru
13.01.2024;VIZITKA73.ru
13.01.2024;VKLAD-DENEG.ru
13.01.2024;VKOPTEVA.ru
13.01.2024;VKULINA.ru
13.01.2024;VKUSBASHKIRII.ru
13.01.2024;VKUSNO-OB-ITALII.ru
13.01.2024;VKUSSEDY.ru
13.01.2024;VKUSSELA.ru
13.01.2024;VKYSNI-DESERT.ru
13.01.2024;VL-CLINIC.ru
13.01.2024;VLAD-EP.ru
13.01.2024;VLADILEN887.ru
13.01.2024;VLADIMIRPETUKHOV.ru
13.01.2024;VLADISSHEKA.ru
13.01.2024;VLASTA-CONSULTING.ru
13.01.2024;VLASTA-DV.ru
13.01.2024;VM-UGRA-GEELY.ru
13.01.2024;VMANUJLOV.ru
13.01.2024;VMBORIS.ru
13.01.2024;VMESTOBULOK.ru
13.01.2024;VMORG.ru
13.01.2024;VMSRECYCLE.ru
13.01.2024;VNSCHOOL-34.ru
13.01.2024;VNZM2.ru
13.01.2024;VOCAL-FHL.ru
13.01.2024;VOCKHOD.ru
13.01.2024;VODKA-24.ru
13.01.2024;VODODEL.ru
13.01.2024;VODVOD.ru
13.01.2024;VOENTORG-MCHS.ru
13.01.2024;VOENTORG5.ru
13.01.2024;VOJDENIE-AVTO.ru
13.01.2024;VOKEZ.ru
13.01.2024;VOLGA-2024.ru
13.01.2024;VOLGA-NEW.ru
13.01.2024;VOLGA2024.ru
13.01.2024;VOLGAZEMPROEKT.ru
13.01.2024;VOLGINA-AVTO.ru
13.01.2024;VOLGODONSK-POVERKA.ru
13.01.2024;VOLGOGRAD-POVERKA.ru
13.01.2024;VOLHOVDO.ru
13.01.2024;VOLHOVPOLITEH.ru
13.01.2024;VOLJSKINVEST.ru
13.01.2024;VOLKODAV-1974.ru
13.01.2024;VOLKOVSKOE-KLADBIGE.ru
13.01.2024;VOLNA-CAZINO-PODARKI4.ru
13.01.2024;VOLNA-CAZINO-STELA.ru
13.01.2024;VOLNA-KAZINOS2.ru
13.01.2024;VOLNA-KAZINOS3.ru
13.01.2024;VOLNACASINO-CLOUD4.ru
13.01.2024;VOLNACASINO-MATTE5.ru
13.01.2024;VOLNACAZINO-ORG6.ru
13.01.2024;VOLNACAZINO-STELA.ru
13.01.2024;VOLOBUEV-PHOTO.ru
13.01.2024;VOLOGDA-POVERKA.ru
13.01.2024;VOLZSKY-POVERKA.ru
13.01.2024;VOO5.ru
13.01.2024;VOPROSY-MIGRANTA.ru
13.01.2024;VOROTAGOOD.ru
13.01.2024;VOROTISHKI.ru
13.01.2024;VOSKSERVIS.ru
13.01.2024;VOYAGE-VL.ru
13.01.2024;VOZAM.ru
13.01.2024;VOZVRATHELP.ru
13.01.2024;VP155.ru
13.01.2024;VPK-MET.ru
13.01.2024;VPORITEIL.ru
13.01.2024;VPRECEDENTS.ru
13.01.2024;VR-BINOCL.ru
13.01.2024;VR-BINOCULAR.ru
13.01.2024;VR-VOLNA-CAZINO.ru
13.01.2024;VR-VOLNACAZINO.ru
13.01.2024;VRABOTE-NSK.ru
13.01.2024;VRBINOCULAR.ru
13.01.2024;VREMIATAXI.ru
13.01.2024;VREMONT24.ru
13.01.2024;VRH42.ru
13.01.2024;VRYABITSKIY.ru
13.01.2024;VS61.ru
13.01.2024;VSE-DOZVOLENO.ru
13.01.2024;VSE-OKREDITAH.ru
13.01.2024;VSE-PRODUMANO.ru
13.01.2024;VSE-VO.ru
13.01.2024;VSECHEKI-SPB.ru
13.01.2024;VSEM-FUTBOLKI.ru
13.01.2024;VSEM-KOTA-7.ru
13.01.2024;VSEMKOTA7.ru
13.01.2024;VSEMPOKROVATE.ru
13.01.2024;VSEORG.ru
13.01.2024;VSEPOSPINE.ru
13.01.2024;VSEPROBEG.ru
13.01.2024;VSEPROCHAI.ru
13.01.2024;VSESOCSETI.ru
13.01.2024;VSESPRAVKI-KRASNOYARSKA.ru
13.01.2024;VSESSLOVOPACAN.ru
13.01.2024;VSESTAROE.ru
13.01.2024;VSEVKLAD.ru
13.01.2024;VSEVOLODMAKAROV.ru
13.01.2024;VSEVSPORT.ru
13.01.2024;VSEVSTAKANE.ru
13.01.2024;VSEZNATOK.ru
13.01.2024;VSOPTTORG.ru
13.01.2024;VSTZLUCH-LIGHTS.ru
13.01.2024;VTB-BANKING.ru
13.01.2024;VTB-BANKIR.ru
13.01.2024;VTB-CRETIX.ru
13.01.2024;VTB-FINTEH.ru
13.01.2024;VTB-HAB.ru
13.01.2024;VTB-KART.ru
13.01.2024;VTB-KRETIX.ru
13.01.2024;VTSLASER.ru
13.01.2024;VUDART.ru
13.01.2024;VULCANSLOT-PLAYS.ru
13.01.2024;VUSHAH.ru
13.01.2024;VUZ-GR.ru
13.01.2024;VUZGR.ru
13.01.2024;VVANBARBRES.ru
13.01.2024;VVS39.ru
13.01.2024;VVSTAIRS.ru
13.01.2024;VX3.ru
13.01.2024;VX5.ru
13.01.2024;VYATKA-DOM.ru
13.01.2024;VYATKA-SIM.ru
13.01.2024;VYDENCE.ru
13.01.2024;VYJLAKOVA.ru
13.01.2024;VYKAY.ru
13.01.2024;VYKUPKVARTIRY.ru
13.01.2024;VYOUGA.ru
13.01.2024;VZAIMO.ru
13.01.2024;VZGLYADZAGRAN.ru
13.01.2024;VZLETBAIKAL.ru
13.01.2024;VZLOMKA.ru
13.01.2024;W76UYQJ.ru
13.01.2024;WA5.ru
13.01.2024;WALKURE.ru
13.01.2024;WANG-DRIVE.ru
13.01.2024;WANGDRIVE.ru
13.01.2024;WANGDRIVER.ru
13.01.2024;WAR-ROBOTS-FRONTIERS.ru
13.01.2024;WAR-THUNDER-HACK.ru
13.01.2024;WARDERVISION.ru
13.01.2024;WARDLEYMAPS.ru
13.01.2024;WASH-CLUB.ru
13.01.2024;WASHMASTER32.ru
13.01.2024;WATCH-CASIO.ru
13.01.2024;WATCHESTALK.ru
13.01.2024;WATCHGARANT.ru
13.01.2024;WAUTOPARTS.ru
13.01.2024;WAVESBRO.ru
13.01.2024;WAY-5.ru
13.01.2024;WBPRIME.ru
13.01.2024;WBTM.ru
13.01.2024;WDCT.ru
13.01.2024;WE-EVENT.ru
13.01.2024;WEB-EME.ru
13.01.2024;WEB-GUILD.ru
13.01.2024;WEB-INSPIRATION.ru
13.01.2024;WEB-TIE.ru
13.01.2024;WEBACEHOME.ru
13.01.2024;WEBCAMTOP.ru
13.01.2024;WEBCRAFT-PRO.ru
13.01.2024;WEBGOD.ru
13.01.2024;WEBINAR-NADPO.ru
13.01.2024;WEBMASTER61.ru
13.01.2024;WEBMETA.ru
13.01.2024;WEBTEENS.ru
13.01.2024;WEDDECOR.ru
13.01.2024;WEDDINGGUIDE.ru
13.01.2024;WEDDINGPNZ.ru
13.01.2024;WEETECH.ru
13.01.2024;WEINBERGER.ru
13.01.2024;WELCOMETOCHINA.ru
13.01.2024;WELD-SHOP.ru
13.01.2024;WELIFT.ru
13.01.2024;WELLSIDE-PRESALE.ru
13.01.2024;WELLSIDE-PRIME.ru
13.01.2024;WELOVESAILING.ru
13.01.2024;WEVOLT.ru
13.01.2024;WEZERSOVVV.ru
13.01.2024;WHATANDWHERE.ru
13.01.2024;WHATSAEPPP.ru
13.01.2024;WHATSAPPFREE.ru
13.01.2024;WHATSAUP.ru
13.01.2024;WHATSBOX.ru
13.01.2024;WHATTSAUP.ru
13.01.2024;WHCOFFEE.ru
13.01.2024;WHITE-CAT22.ru
13.01.2024;WHITE-DOORS.ru
13.01.2024;WHITESEAWEED.ru
13.01.2024;WHYPE.ru
13.01.2024;WILARIBA.ru
13.01.2024;WILDCORES.ru
13.01.2024;WILDPIKE.ru
13.01.2024;WILLAGE.ru
13.01.2024;WILMARKT.ru
13.01.2024;WINDOWS-SINGLE-LANGUAGE.ru
13.01.2024;WINDSURFLADIES.ru
13.01.2024;WINDYWAVES.ru
13.01.2024;WINECO.ru
13.01.2024;WINEFORT.ru
13.01.2024;WING-MEDIA.ru
13.01.2024;WINTERLOCKING.ru
13.01.2024;WISETECO.ru
13.01.2024;WIXKASKO.ru
13.01.2024;WIZARD-W.ru
13.01.2024;WKMED.ru
13.01.2024;WLSAID2.ru
13.01.2024;WOALAND.ru
13.01.2024;WOKANDPIZZA.ru
13.01.2024;WOMENSMART.ru
13.01.2024;WONDERLAND-PHOTO.ru
13.01.2024;WOOD-FLOUR.ru
13.01.2024;WOODAN.ru
13.01.2024;WOODERS.ru
13.01.2024;WOODKRD.ru
13.01.2024;WOODLONG.ru
13.01.2024;WOOLVOLK.ru
13.01.2024;WORDERA.ru
13.01.2024;WORK2024.ru
13.01.2024;WORKERS.ru
13.01.2024;WORKIN314.ru
13.01.2024;WORKING-STAFF-COMPANY.ru
13.01.2024;WORKTIME-GROUP.ru
13.01.2024;WORLD-PRESSA.ru
13.01.2024;WORLDNEWSMI.ru
13.01.2024;WORLDOFZOMBIES.ru
13.01.2024;WORRYCHECK.ru
13.01.2024;WOTHUB.ru
13.01.2024;WOWALFA.ru
13.01.2024;WOWALPHA.ru
13.01.2024;WOWTOUR-TRAVEL.ru
13.01.2024;WOZAM.ru
13.01.2024;WP-LABS.ru
13.01.2024;WRAPNROLL.ru
13.01.2024;WREFERENCED.ru
13.01.2024;WSCENTER.ru
13.01.2024;WSCIENCEDIRECT.ru
13.01.2024;WSINVEST24.ru
13.01.2024;WUDU.ru
13.01.2024;WWWAUTOLNR.ru
13.01.2024;WWWDENISNSO54.ru
13.01.2024;WWWLISKOV.ru
13.01.2024;X-MINYS.ru
13.01.2024;X-SERVICEMSK.ru
13.01.2024;X50PANEL-TEST-1.ru
13.01.2024;X50PANEL-TEST-2.ru
13.01.2024;X50PANEL-TEST-3.ru
13.01.2024;XAN-VID.ru
13.01.2024;XDOSUG-MUROM.ru
13.01.2024;XENONTECH.ru
13.01.2024;XERSON-SERT.ru
13.01.2024;XEZON.ru
13.01.2024;XFITPOINT-VLDMR.ru
13.01.2024;XGMA-RU.ru
13.01.2024;XGMA-TECH.ru
13.01.2024;XIMONIEL.ru
13.01.2024;XINOM.ru
13.01.2024;XIX1.ru
13.01.2024;XKA4KA.ru
13.01.2024;XLEBNIY-DVOR.ru
13.01.2024;XLEBNIYDVOR.ru
13.01.2024;XM4.ru
13.01.2024;XMEASURE.ru
13.01.2024;XOKEP.ru
13.01.2024;XPRAZDNIK.ru
13.01.2024;XRENODER.ru
13.01.2024;XRISTINALEGENDA.ru
13.01.2024;XSTORESSHOP.ru
13.01.2024;XTESTIMONIALS.ru
13.01.2024;XTREME-BONUS.ru
13.01.2024;XWEDDING.ru
13.01.2024;XWGROUP.ru
13.01.2024;XWYV.ru
13.01.2024;XXX-DOLLS.ru
13.01.2024;XXXBOO.ru
13.01.2024;XXXCAB.ru
13.01.2024;XXXQQ.ru
13.01.2024;Y4J.ru
13.01.2024;YA-EDA-JOD.ru
13.01.2024;YA-UTF01.ru
13.01.2024;YABKM.ru
13.01.2024;YACHTCLUBKIDS.ru
13.01.2024;YADRINFACTORY.ru
13.01.2024;YAKTS-LIGA.ru
13.01.2024;YAKUTIAPP.ru
13.01.2024;YAMAMOTO-NUTRITION.ru
13.01.2024;YAMBL.ru
13.01.2024;YANABELPHOTO.ru
13.01.2024;YANADACHU.ru
13.01.2024;YANDERESIMULATOR.ru
13.01.2024;YANDEX-BOROVSKAJA.ru
13.01.2024;YANDULOV.ru
13.01.2024;YANGANG.ru
13.01.2024;YARPOSAD.ru
13.01.2024;YASHKINA.ru
13.01.2024;YASMIN1ROSE.ru
13.01.2024;YASMINROSE.ru
13.01.2024;YATSUN-PRO.ru
13.01.2024;YAXUEGLOT.ru
13.01.2024;YBELAYA.ru
13.01.2024;YEEG.ru
13.01.2024;YELEGANT.ru
13.01.2024;YFVZ.ru
13.01.2024;YINGHUI.ru
13.01.2024;YIONG.ru
13.01.2024;YISHINE.ru
13.01.2024;YKTPOL1.ru
13.01.2024;YOGA18.ru
13.01.2024;YOGAMULTIK.ru
13.01.2024;YOGAVIDEO.ru
13.01.2024;YONISPA.ru
13.01.2024;YOU-MASTER.ru
13.01.2024;YOUHIT.ru
13.01.2024;YOUKONJEWELLERY.ru
13.01.2024;YOUR-LAW.ru
13.01.2024;YOURHOUR.ru
13.01.2024;YOURMODA37SHOP.ru
13.01.2024;YRASAXO.ru
13.01.2024;YTRANSLATIONAL.ru
13.01.2024;YUARZ.ru
13.01.2024;YUG-STOMSERVICE.ru
13.01.2024;YUGMARKETDOM.ru
13.01.2024;YUHUACARD.ru
13.01.2024;YUKAYUMOWA.ru
13.01.2024;YULAB.ru
13.01.2024;YULII.ru
13.01.2024;YUMMYCUP.ru
13.01.2024;YUNIOR.ru
13.01.2024;YUNNA-HAIRBEAUTY.ru
13.01.2024;YURIST-2-NASLEDSTVU.ru
13.01.2024;YURIST-DTP.ru
13.01.2024;YURWEST.ru
13.01.2024;YURYSTARKOV.ru
13.01.2024;Z-TEH.ru
13.01.2024;ZABOR-MAKSIPLAST.ru
13.01.2024;ZABORDER.ru
13.01.2024;ZABTIK.ru
13.01.2024;ZACAZ.ru
13.01.2024;ZAEMCASH.ru
13.01.2024;ZAGORY.ru
13.01.2024;ZAHOBBY.ru
13.01.2024;ZAIM-IRKUTSK.ru
13.01.2024;ZAIM7.ru
13.01.2024;ZAIMXB.ru
13.01.2024;ZAJMY-ONLAJN-KRUGLOSUTOCHNO.ru
13.01.2024;ZAKAZ7376.ru
13.01.2024;ZAKON-STOP-DOLG24.ru
13.01.2024;ZAKON56.ru
13.01.2024;ZALIGIN.ru
13.01.2024;ZALOGPLUS.ru
13.01.2024;ZAMAN18.ru
13.01.2024;ZAMKI-LUARA.ru
13.01.2024;ZAPOROGOMRAYA.ru
13.01.2024;ZAPTYT.ru
13.01.2024;ZAPYATMINUT.ru
13.01.2024;ZARYA-DOC.ru
13.01.2024;ZATORMOZI39.ru
13.01.2024;ZAV-SERVICE.ru
13.01.2024;ZAVADSKAYASOUL.ru
13.01.2024;ZAVODTEPLITS.ru
13.01.2024;ZBI-500.ru
13.01.2024;ZDESURIST7.ru
13.01.2024;ZDOROVIE-CRASSOTA.ru
13.01.2024;ZDOROVIE-DETKI.ru
13.01.2024;ZDOROVIECOM.ru
13.01.2024;ZDOROWIEKRASOTA.ru
13.01.2024;ZDRAVSUSTAV.ru
13.01.2024;ZELENODOLSK-POVERKA.ru
13.01.2024;ZELGRAD-AM.ru
13.01.2024;ZELSILUET.ru
13.01.2024;ZEMENA.ru
13.01.2024;ZEMMSK.ru
13.01.2024;ZENEKO.ru
13.01.2024;ZENIA-ZENIA.ru
13.01.2024;ZERKLO.ru
13.01.2024;ZEROVOLT.ru
13.01.2024;ZETA-INTERIOR.ru
13.01.2024;ZETTA-SALON.ru
13.01.2024;ZETTAINC.ru
13.01.2024;ZETTOINS.ru
13.01.2024;ZHARAFOOD.ru
13.01.2024;ZHERELIN.ru
13.01.2024;ZHILENERGO.ru
13.01.2024;ZHILTEKH.ru
13.01.2024;ZHIRAFA-TUT.ru
13.01.2024;ZHIVAYA-VOLNA-KASINO.ru
13.01.2024;ZHIVAYA-VOLNAKASINO.ru
13.01.2024;ZHOGINA.ru
13.01.2024;ZHUKOVMG.ru
13.01.2024;ZHUODA.ru
13.01.2024;ZIBOT.ru
13.01.2024;ZIL-AVTO.ru
13.01.2024;ZINOVIEV-CONSULT.ru
13.01.2024;ZIP-GLASS.ru
13.01.2024;ZIPVPN.ru
13.01.2024;ZKIDZCLUB.ru
13.01.2024;ZKSOLNCEVO.ru
13.01.2024;ZLATAMODA.ru
13.01.2024;ZMIO.ru
13.01.2024;ZMTOUR.ru
13.01.2024;ZNAKCOM.ru
13.01.2024;ZOLOTOJ-PION.ru
13.01.2024;ZOLOTOYKARKAS.ru
13.01.2024;ZOLUSHKA33.ru
13.01.2024;ZONELENVIRO.ru
13.01.2024;ZOO-MAGAZIN-VRN.ru
13.01.2024;ZORGEE.ru
13.01.2024;ZPRAVORU.ru
13.01.2024;ZPY1.ru
13.01.2024;ZRADOVSKY.ru
13.01.2024;ZRIMO-SHOP.ru
13.01.2024;ZSK-RUCHKI.ru
13.01.2024;ZSTE.ru
13.01.2024;ZUBOMAGIC.ru
13.01.2024;ZUBOTEH-LAB.ru
13.01.2024;ZUR.ru
13.01.2024;ZUVE.ru
13.01.2024;ZVERKOVKIRILL.ru
13.01.2024;ZVEZDAMSK.ru
13.01.2024;ZVS-MEBEL.ru
13.01.2024;ZVUND.ru
13.01.2024;ZXCHUB.ru
13.01.2024;ZYELASER.ru
13.01.2024;ZZBO-BIZNES-INTENSIV.ru
13.01.2024;ZZZO.ru
14.01.2024;0-20.ru
14.01.2024;02LVPO.ru
14.01.2024;09RU.ru
14.01.2024;0WM.ru
14.01.2024;1-MIR.ru
14.01.2024;1-WIN-WEBSITE.ru
14.01.2024;1-YURIST.ru
14.01.2024;10-02.ru
14.01.2024;1000DEL.ru
14.01.2024;1000WHY.ru
14.01.2024;100GAMEPROKAT.ru
14.01.2024;100OTZIVOV.ru
14.01.2024;101-BUKET.ru
14.01.2024;1292.ru
14.01.2024;16K25.ru
14.01.2024;16TATAR.ru
14.01.2024;197684.ru
14.01.2024;1ACC.ru
14.01.2024;1ALBINA.ru
14.01.2024;1APKMOD.ru
14.01.2024;1CXCWRJUMV233021323123FECCDSONIONTORDVDZA.ru
14.01.2024;1LIMON.ru
14.01.2024;1OKNA-DONETCK.ru
14.01.2024;1RUMODS.ru
14.01.2024;1SESSLOVOPACANV.ru
14.01.2024;1WIN-BK1-OFFICIAL.ru
14.01.2024;1WIN-ONE-OFFICIAL.ru
14.01.2024;1WIN-VHOD24.ru
14.01.2024;1XBET-OFFICIAL-BONUS84500.ru
14.01.2024;1XBET-PARTNERS.ru
14.01.2024;1XBET-REG4.ru
14.01.2024;1XBET-REGISTRATION-2024.ru
14.01.2024;1XBET-VHOD-2024.ru
14.01.2024;1XBET-VHOD2024.ru
14.01.2024;1XBET-ZERKALO-2024.ru
14.01.2024;1XBET-ZERKALO2024.ru
14.01.2024;1XBETMIRRORS.ru
14.01.2024;1XSLOTS-SKACHAT.ru
14.01.2024;2151315.ru
14.01.2024;23INFO.ru
14.01.2024;24DIGIBOT.ru
14.01.2024;24MAXBL.ru
14.01.2024;24SITE-RU.ru
14.01.2024;24SITE24.ru
14.01.2024;24XBOX.ru
14.01.2024;27NEXTAUTO.ru
14.01.2024;2ALKOMIR.ru
14.01.2024;2FP.ru
14.01.2024;2IJ.ru
14.01.2024;2NSP.ru
14.01.2024;3-BOBA.ru
14.01.2024;34U.ru
14.01.2024;3BOBA.ru
14.01.2024;3BOBRA.ru
14.01.2024;3MILLE.ru
14.01.2024;44EDUPORTAL.ru
14.01.2024;4APKMOD.ru
14.01.2024;4BOXED.ru
14.01.2024;4HCARE.ru
14.01.2024;4XED.ru
14.01.2024;555PARTS.ru
14.01.2024;5839.ru
14.01.2024;5998822.ru
14.01.2024;59ROZ.ru
14.01.2024;5GRAD.ru
14.01.2024;64SCHOOL.ru
14.01.2024;72FRS.ru
14.01.2024;82-CRIMEA.ru
14.01.2024;89298281001.ru
14.01.2024;8SWZ2R.ru
14.01.2024;9095.ru
14.01.2024;9577.ru
14.01.2024;9858.ru
14.01.2024;9913.ru
14.01.2024;9U5GO8.ru
14.01.2024;A-PVP-A-PVP.ru
14.01.2024;A-PVP-ALFA-PVP.ru
14.01.2024;A-PVP-ALPHA-PVP.ru
14.01.2024;A-PVP-AMPHETAMINE.ru
14.01.2024;A-PVP-COCAINE.ru
14.01.2024;A-PVP-GASHISH.ru
14.01.2024;A-PVP-MARIJUANA.ru
14.01.2024;A-PVP-MARIXUANA.ru
14.01.2024;A-PVP-MDMA.ru
14.01.2024;A-PVP-METHAMPHETAMINE.ru
14.01.2024;A-ROUND.ru
14.01.2024;A2SRO.ru
14.01.2024;AAEXPRESS.ru
14.01.2024;AAOBNINSK.ru
14.01.2024;ABARAKAT.ru
14.01.2024;ABCOSMETIC.ru
14.01.2024;ABHAZ-NEDVIJIMOST.ru
14.01.2024;ABIPLATIN.ru
14.01.2024;ABIRIN.ru
14.01.2024;ABOUTDAGESTAN.ru
14.01.2024;ABPENZA.ru
14.01.2024;AC-AUTO-KRS.ru
14.01.2024;AC-CARS-KRS.ru
14.01.2024;ACADEMWEB.ru
14.01.2024;ACBPDP.ru
14.01.2024;ACTION-AIR.ru
14.01.2024;ACTUALMARKET.ru
14.01.2024;AD-BU.ru
14.01.2024;ADENGJ.ru
14.01.2024;ADIDASGLOBAL.ru
14.01.2024;ADM-MOSHKOVO.ru
14.01.2024;ADMIN-KRAS.ru
14.01.2024;ADMIN-MIRNOE.ru
14.01.2024;ADMIRAL7XXX.ru
14.01.2024;ADONTSOVA.ru
14.01.2024;ADVICE-COAST.ru
14.01.2024;ADVICECOAST.ru
14.01.2024;ADVOKAT-MURUNOV.ru
14.01.2024;ADVOKAT-YASHIN.ru
14.01.2024;ADVOKATCHEL.ru
14.01.2024;ADVOKATSOVET.ru
14.01.2024;ADZ5DT.ru
14.01.2024;AEN107.ru
14.01.2024;AENSSTOM.ru
14.01.2024;AERKFLOT.ru
14.01.2024;AERO-URSHAK.ru
14.01.2024;AFANASIEV-OFFICIAL.ru
14.01.2024;AGARDEN-UFA.ru
14.01.2024;AGARONOVA.ru
14.01.2024;AGEEVOSOSH.ru
14.01.2024;AGENCY-KOP.ru
14.01.2024;AGENT-STRAHOVOJ.ru
14.01.2024;AGEOFMINERS.ru
14.01.2024;AGLAGOLEVA.ru
14.01.2024;AGRILEASING.ru
14.01.2024;AGRODOM100.ru
14.01.2024;AGRODOM500.ru
14.01.2024;AGRODOM700.ru
14.01.2024;AGRODOM900.ru
14.01.2024;AGROTEX100.ru
14.01.2024;AGROTEX500.ru
14.01.2024;AGROTEX700.ru
14.01.2024;AGROTEX900.ru
14.01.2024;AI-MAPS.ru
14.01.2024;AIE-FITNESS.ru
14.01.2024;AILANEX.ru
14.01.2024;AINEOMA.ru
14.01.2024;AIPHASE.ru
14.01.2024;AIPILOTS.ru
14.01.2024;AIR-GAMESTORE.ru
14.01.2024;AIRLINES74.ru
14.01.2024;AIRNETWORKOMSK.ru
14.01.2024;AIRTUNING.ru
14.01.2024;AITO-AUTOPORT.ru
14.01.2024;AIZDOROV.ru
14.01.2024;AIZOKNA.ru
14.01.2024;AJOO.ru
14.01.2024;AKADEM-MINSTROY.ru
14.01.2024;AKANTEMIROV.ru
14.01.2024;AKONIT-ENERGY.ru
14.01.2024;AKSENCH.ru
14.01.2024;ALALLII.ru
14.01.2024;ALANPIR.ru
14.01.2024;ALBARUS.ru
14.01.2024;ALBERTMAMADALIEVYOUTUBE.ru
14.01.2024;ALBOMBEST.ru
14.01.2024;ALCOTIME54.ru
14.01.2024;ALEF-ITS.ru
14.01.2024;ALEKS060514.ru
14.01.2024;ALEKSASHINAE.ru
14.01.2024;ALEKSEEVA-LIT.ru
14.01.2024;ALENCHEP.ru
14.01.2024;ALEX-HOFF.ru
14.01.2024;ALEXTER.ru
14.01.2024;ALFAAVTO-LK.ru
14.01.2024;ALFACASHCARD.ru
14.01.2024;ALFADRIVETEAM.ru
14.01.2024;ALFAGENT.ru
14.01.2024;ALFALFA-SEEDS.ru
14.01.2024;ALFASTROI72.ru
14.01.2024;ALFEROVAGULNARA.ru
14.01.2024;ALFHA-BANK.ru
14.01.2024;ALGORITMIKA124.ru
14.01.2024;ALGWEAR.ru
14.01.2024;ALIEVIP.ru
14.01.2024;ALIMZHAN.ru
14.01.2024;ALINABELYAEVA.ru
14.01.2024;ALISAASEDOVA.ru
14.01.2024;ALIXUEAAAA.ru
14.01.2024;ALLIANCE51.ru
14.01.2024;ALLINSTRUMENTRU.ru
14.01.2024;ALLMIN.ru
14.01.2024;ALLOFDAY.ru
14.01.2024;ALLTOOLSRU.ru
14.01.2024;ALLTOOLSRUSSIA.ru
14.01.2024;ALLTOOLSZONE.ru
14.01.2024;ALOEFEROX.ru
14.01.2024;ALPHA-PULT.ru
14.01.2024;ALPHA42.ru
14.01.2024;ALPHASENDER.ru
14.01.2024;ALSTEPANENKO.ru
14.01.2024;ALUDKOVA.ru
14.01.2024;AM-PEER.ru
14.01.2024;AMAJ7.ru
14.01.2024;AMBRELLA-LIGHTS.ru
14.01.2024;AMESIAHANA.ru
14.01.2024;AMGAHONEY.ru
14.01.2024;AN-OBNINSK.ru
14.01.2024;AN-ORTHO.ru
14.01.2024;ANAPALM.ru
14.01.2024;ANAPSKYBRIZ.ru
14.01.2024;ANASTASIADOR.ru
14.01.2024;ANASTREMDEAL.ru
14.01.2024;ANDARRYN.ru
14.01.2024;ANDREANCLEANER.ru
14.01.2024;ANDREW-D.ru
14.01.2024;ANGRYNEIGHBORS.ru
14.01.2024;ANIMAMEBEL.ru
14.01.2024;ANIMEOVERVIEW.ru
14.01.2024;ANKETA-MEDIA24.ru
14.01.2024;ANKLAYA.ru
14.01.2024;ANNAKOSTINA.ru
14.01.2024;ANNAREKUNOVA.ru
14.01.2024;ANTIRADAR-SHOP.ru
14.01.2024;ANTNLDNV.ru
14.01.2024;ANTONKUPSA.ru
14.01.2024;ANTONLYADOV.ru
14.01.2024;ANTPOTAPOV.ru
14.01.2024;AP-CINEMA.ru
14.01.2024;APARTGURU.ru
14.01.2024;APELSEAN32.ru
14.01.2024;APIFAKE.ru
14.01.2024;APISD.ru
14.01.2024;APOLOZHENTSEV.ru
14.01.2024;APP-PWA.ru
14.01.2024;APPLE-LAVKA.ru
14.01.2024;APPLE-OPTOM.ru
14.01.2024;APPROACHES.ru
14.01.2024;APREL-RPK.ru
14.01.2024;APRIORI-PRAV.ru
14.01.2024;ARC-PRESS.ru
14.01.2024;ARCHALUKURINAR.ru
14.01.2024;ARCHIVE14.ru
14.01.2024;ARCTICFESTIVAL.ru
14.01.2024;ARCUDA-SPB.ru
14.01.2024;ARDECORE.ru
14.01.2024;ARENDACO.ru
14.01.2024;ARENDACONTROL.ru
14.01.2024;ARENDAOPALUBKISPB.ru
14.01.2024;ARESFITNES.ru
14.01.2024;ARGUSPRO.ru
14.01.2024;ARIZONA-LEGEND.ru
14.01.2024;ARMENIYA-DOK.ru
14.01.2024;ARMONIA-ACOUSTICS.ru
14.01.2024;ARMONIAACOUSTICS.ru
14.01.2024;ARNATANA.ru
14.01.2024;AROMARADOSTI.ru
14.01.2024;AROMATBAKERY.ru
14.01.2024;ART-IZMALKO.ru
14.01.2024;ART-LEGION-DESIGN.ru
14.01.2024;ARTBASECOMPANY.ru
14.01.2024;ARTCONST.ru
14.01.2024;ARTDENT56.ru
14.01.2024;ARTELAMPS.ru
14.01.2024;ARTEMIDA-TEXTILES.ru
14.01.2024;ARTFRUKTY.ru
14.01.2024;ARTJUHOV.ru
14.01.2024;ARTROCAL1.ru
14.01.2024;ARTROMOT66.ru
14.01.2024;ARTSEMBLE.ru
14.01.2024;ARTSLATE.ru
14.01.2024;ARTUR-VIMO.ru
14.01.2024;ARTURPRIME.ru
14.01.2024;ARZ-UNIVERSE.ru
14.01.2024;ARZFORCE.ru
14.01.2024;ARZGARANTGAZ.ru
14.01.2024;ASCFT.ru
14.01.2024;ASFALTSTROI33.ru
14.01.2024;ASHEPA.ru
14.01.2024;ASISTANTO.ru
14.01.2024;ASKVIK.ru
14.01.2024;ASPECT-SERVICE.ru
14.01.2024;ASSETSUE.ru
14.01.2024;ASSMEDIA7.ru
14.01.2024;ASTAKHOWW.ru
14.01.2024;ASTRAZABOR.ru
14.01.2024;ASTROLOV.ru
14.01.2024;ASTUTIA.ru
14.01.2024;ASUNTSOVA.ru
14.01.2024;ATELIER-1.ru
14.01.2024;ATI-GRUZOPEREVOZKI.ru
14.01.2024;ATMOSCOM.ru
14.01.2024;ATMOSEW.ru
14.01.2024;ATOM-78.ru
14.01.2024;ATOM78.ru
14.01.2024;ATOMICRUSTDEV.ru
14.01.2024;ATOMYRU.ru
14.01.2024;AURA-MUSIC.ru
14.01.2024;AUTO-KRS.ru
14.01.2024;AUTODOSIE.ru
14.01.2024;AUTOEXPENCE.ru
14.01.2024;AUTOEXPENSE.ru
14.01.2024;AUTOPARTS-MOSCOW.ru
14.01.2024;AUTOREMEXPERT.ru
14.01.2024;AUTOSCRUB.ru
14.01.2024;AVANDARD.ru
14.01.2024;AVANGAD.ru
14.01.2024;AVANGARG.ru
14.01.2024;AVANQARD.ru
14.01.2024;AVARKOM-27.ru
14.01.2024;AVASANT.ru
14.01.2024;AVBGRAD.ru
14.01.2024;AVERS-SK.ru
14.01.2024;AVIASP.ru
14.01.2024;AVITO-ARENDN.ru
14.01.2024;AVITO-PLATA.ru
14.01.2024;AVITOVMO.ru
14.01.2024;AVOCB.ru
14.01.2024;AVSET.ru
14.01.2024;AVTO-PORTRETNAYA.ru
14.01.2024;AVTOINSPECTOR.ru
14.01.2024;AVTOPOLIS26.ru
14.01.2024;AVTORKURSOV.ru
14.01.2024;AVTOSHARK.ru
14.01.2024;AVTOSHKOLA-22.ru
14.01.2024;AVTOTALANT.ru
14.01.2024;AVTOURIST-KAZAN.ru
14.01.2024;AVTOVIKUP-FORTUNA.ru
14.01.2024;AWWAE.ru
14.01.2024;AYMOMO.ru
14.01.2024;AZARENIE.ru
14.01.2024;AZART-PLAYER.ru
14.01.2024;AZARTU-NET.ru
14.01.2024;B-LNK.ru
14.01.2024;BA-KS.ru
14.01.2024;BABLACAR.ru
14.01.2024;BABYBUCKS.ru
14.01.2024;BACKPAYD.ru
14.01.2024;BACKURL.ru
14.01.2024;BAG-RU.ru
14.01.2024;BAGRU.ru
14.01.2024;BAIKAL-MINER.ru
14.01.2024;BAIKALCENTR.ru
14.01.2024;BALLETO-FINAL.ru
14.01.2024;BANDABUFF.ru
14.01.2024;BANI-PODMOSKOVYA.ru
14.01.2024;BANKKI.ru
14.01.2024;BANKNSK.ru
14.01.2024;BANLI.ru
14.01.2024;BANZY.ru
14.01.2024;BARA-GRUNTOREZ.ru
14.01.2024;BARCHAK.ru
14.01.2024;BARGATINA.ru
14.01.2024;BARMEXPRESS.ru
14.01.2024;BARONPOMPON.ru
14.01.2024;BARSKLIMAT63.ru
14.01.2024;BASEMENT2.ru
14.01.2024;BASILREST.ru
14.01.2024;BASKETBALL83.ru
14.01.2024;BASKETBERRIES.ru
14.01.2024;BATTLESHKOLNIKOV.ru
14.01.2024;BAVARIABAU.ru
14.01.2024;BAYRISCHEWUERSTLE.ru
14.01.2024;BAZAR-KAZAN.ru
14.01.2024;BAZZETI.ru
14.01.2024;BAZZOV.ru
14.01.2024;BCVERTICAL.ru
14.01.2024;BDRSO.ru
14.01.2024;BEATIS.ru
14.01.2024;BEAUTY-WITH-ATOMY.ru
14.01.2024;BEAUTYLINE-DV.ru
14.01.2024;BEBIBLOG.ru
14.01.2024;BEBYSONGS.ru
14.01.2024;BEINSUCCESS.ru
14.01.2024;BELARUTINAS.ru
14.01.2024;BELAYALINIA.ru
14.01.2024;BELCANTOFUND.ru
14.01.2024;BELDETSAD.ru
14.01.2024;BELDIMA.ru
14.01.2024;BELFLERDESIGN.ru
14.01.2024;BELIEVEINYOURSKILLS.ru
14.01.2024;BELKAWOOD52.ru
14.01.2024;BELLA-VITA-ANAPA.ru
14.01.2024;BELSLONTUR.ru
14.01.2024;BENALGER.ru
14.01.2024;BENOLI.ru
14.01.2024;BEPLAT.ru
14.01.2024;BERGEN-DECOR.ru
14.01.2024;BEST-CHANCE-BALLET.ru
14.01.2024;BEST-FOR-FRIENDS.ru
14.01.2024;BEST-NOMER.ru
14.01.2024;BEST-OF-CHILDTALANTS.ru
14.01.2024;BEST-TERMOBELIE.ru
14.01.2024;BESTAKE.ru
14.01.2024;BESTAPKMOD.ru
14.01.2024;BESTCARD24.ru
14.01.2024;BESTCHANDE.ru
14.01.2024;BESTCHEAPSALE2024.ru
14.01.2024;BESTSALECHEAP2024.ru
14.01.2024;BESTSALESCHEAP2024.ru
14.01.2024;BESUCCESSFULL.ru
14.01.2024;BETONVAPRELEVKA.ru
14.01.2024;BEZ-DOLGA-V-2024.ru
14.01.2024;BEZ-DOLGA24.ru
14.01.2024;BEZ-DOLGA24-ZHIVI.ru
14.01.2024;BEZ-DOLGOV-2024.ru
14.01.2024;BEZ-DOLGOV24-ZHIVI.ru
14.01.2024;BEZVOLOSNB.ru
14.01.2024;BGODOU2.ru
14.01.2024;BIBIKINET.ru
14.01.2024;BIBLIOSHA-DF6.ru
14.01.2024;BIGAMBITION.ru
14.01.2024;BIGAMBITIONS.ru
14.01.2024;BIGBASSSPLASH1.ru
14.01.2024;BIGTHEATER-SCHOOL.ru
14.01.2024;BIKEONOIR.ru
14.01.2024;BILERIA.ru
14.01.2024;BILERIA-CRAFT.ru
14.01.2024;BILLFANTASY.ru
14.01.2024;BINARIUMM.ru
14.01.2024;BIO-DELTA.ru
14.01.2024;BIO-KARMA.ru
14.01.2024;BIOKARMA.ru
14.01.2024;BIRNA.ru
14.01.2024;BIS-TELECOM.ru
14.01.2024;BITONIT.ru
14.01.2024;BITRIXGOSHEET.ru
14.01.2024;BITS-MEDIA-FORUM.ru
14.01.2024;BITSMEDIA-FORUM.ru
14.01.2024;BIZ-PROG.ru
14.01.2024;BIZNESFABERLIC.ru
14.01.2024;BIZNESNL1974.ru
14.01.2024;BIZNESNOW.ru
14.01.2024;BIZNESONLINEPRO.ru
14.01.2024;BJABJACAR.ru
14.01.2024;BLABLCAR.ru
14.01.2024;BLACK-DEAL.ru
14.01.2024;BLACKNEX.ru
14.01.2024;BLAZETIME.ru
14.01.2024;BLCKLSSS.ru
14.01.2024;BLINDONALDS.ru
14.01.2024;BLOCKIY.ru
14.01.2024;BLOCKLE.ru
14.01.2024;BLOCKLI.ru
14.01.2024;BLOCLY.ru
14.01.2024;BLOG-SEO.ru
14.01.2024;BLOGCODERA.ru
14.01.2024;BLOKLI.ru
14.01.2024;BLOKLY.ru
14.01.2024;BLOOMROSTOV.ru
14.01.2024;BMTSU.ru
14.01.2024;BODROVA-PRO.ru
14.01.2024;BODYYOGALIFE.ru
14.01.2024;BOJLAHG.ru
14.01.2024;BOLLYWOOD-CASINO1.ru
14.01.2024;BOLNITSATODZHINSKAYA.ru
14.01.2024;BOLSHYE-SISKI.ru
14.01.2024;BOLTCORP.ru
14.01.2024;BOMBAPIZZA.ru
14.01.2024;BONANZASLOTS.ru
14.01.2024;BONBON31.ru
14.01.2024;BONMI.ru
14.01.2024;BONUSMAXXX.ru
14.01.2024;BOOKDIER.ru
14.01.2024;BOOKMAKER-REVIEWS.ru
14.01.2024;BOOKOFANIMALS.ru
14.01.2024;BOOKOS.ru
14.01.2024;BORD2024NEWS.ru
14.01.2024;BOREALER.ru
14.01.2024;BORIS-ANDREEV.ru
14.01.2024;BORISANOVARIELTOR.ru
14.01.2024;BORISLOVE.ru
14.01.2024;BORN-NN.ru
14.01.2024;BOSOYBRAND.ru
14.01.2024;BOSSFIGHT.ru
14.01.2024;BOTALOVO-SHKOLA-14.ru
14.01.2024;BOTALOVO-SHKOLA14.ru
14.01.2024;BOTANIC-BIO.ru
14.01.2024;BOTANIC-BIO-GROUP.ru
14.01.2024;BOTANICBIO.ru
14.01.2024;BOTANICBIOGROUP.ru
14.01.2024;BOTECH-TEST.ru
14.01.2024;BOTS-MANAGER.ru
14.01.2024;BOUNEWEB.ru
14.01.2024;BOYKOSVYAT.ru
14.01.2024;BPCHEL.ru
14.01.2024;BRACERUSSIA.ru
14.01.2024;BRANDGB.ru
14.01.2024;BRANDPACKAGE27.ru
14.01.2024;BRAWL-WORLD.ru
14.01.2024;BREND-STORE.ru
14.01.2024;BRILLIANTLOOK.ru
14.01.2024;BROBROLOUNGE.ru
14.01.2024;BROMUSINERMIS.ru
14.01.2024;BROOMMINE.ru
14.01.2024;BROWNEFFEMINA.ru
14.01.2024;BROWNER.ru
14.01.2024;BRRRT.ru
14.01.2024;BRUKGRANDMAST.ru
14.01.2024;BRUXAGENCY.ru
14.01.2024;BRZ23.ru
14.01.2024;BUBBLESTORY.ru
14.01.2024;BUILD-RUS.ru
14.01.2024;BULGAR-METALL.ru
14.01.2024;BULLETTEAM.ru
14.01.2024;BUNIN-YUR.ru
14.01.2024;BURENIE-MO90.ru
14.01.2024;BURGERKING-DELIVERY24.ru
14.01.2024;BURIMA-ON.ru
14.01.2024;BURNHOUSE.ru
14.01.2024;BURNOUT-WORKSHOP.ru
14.01.2024;BURNOUTWORKSHOP.ru
14.01.2024;BUSENER.ru
14.01.2024;BUSINESSDOSKA.ru
14.01.2024;BUSJOURNEY.ru
14.01.2024;BUTINSKIY.ru
14.01.2024;BUTTERFLY59.ru
14.01.2024;BY24.ru
14.01.2024;BYDISH-SVOBODEN-OT-DOLGOV.ru
14.01.2024;BYDRESS.ru
14.01.2024;BYGALYA.ru
14.01.2024;BYMMH.ru
14.01.2024;BYNUMBER.ru
14.01.2024;C-VOLGOGRAD.ru
14.01.2024;CABINET-RUOBR.ru
14.01.2024;CAESMANUL.ru
14.01.2024;CAFEOGONEK.ru
14.01.2024;CAINAIO.ru
14.01.2024;CAINAO.ru
14.01.2024;CAINIA.ru
14.01.2024;CAINIO.ru
14.01.2024;CALLIGRAPHR.ru
14.01.2024;CAMARADS.ru
14.01.2024;CANIAO.ru
14.01.2024;CAR-FLAME.ru
14.01.2024;CARBOPLATIN.ru
14.01.2024;CARD-MAN.ru
14.01.2024;CARDSHARE1.ru
14.01.2024;CARDSHOP24.ru
14.01.2024;CARNICER.ru
14.01.2024;CAS-SPBSTU.ru
14.01.2024;CASDINERO.ru
14.01.2024;CASINOCLASSIC.ru
14.01.2024;CASINODISA.ru
14.01.2024;CASINOFLINT.ru
14.01.2024;CASINOFREESPINS35.ru
14.01.2024;CASSA-TREAT.ru
14.01.2024;CASSINO-1XBET736.ru
14.01.2024;CATDRUG.ru
14.01.2024;CATHEART.ru
14.01.2024;CATTELANSHOP.ru
14.01.2024;CAZINOAURORA.ru
14.01.2024;CCBASE.ru
14.01.2024;CCTV64.ru
14.01.2024;CDEKORDER.ru
14.01.2024;CDSVYATKA.ru
14.01.2024;CE6ADL.ru
14.01.2024;CELESTIALCONNECTIONS13.ru
14.01.2024;CELLMAPPER.ru
14.01.2024;CENTRSVET-DV.ru
14.01.2024;CERAMICAPLUS.ru
14.01.2024;CFASHOW.ru
14.01.2024;CGOTOVIM.ru
14.01.2024;CHAMPIONSHIP4DANCERS.ru
14.01.2024;CHATGPTPROFIT.ru
14.01.2024;CHATPROTECTORBOT.ru
14.01.2024;CHATUBE.ru
14.01.2024;CHATV.ru
14.01.2024;CHEF-HADIZHAT.ru
14.01.2024;CHEFDONER13.ru
14.01.2024;CHEH-ROYAL.ru
14.01.2024;CHEKMAREVAPHOTO.ru
14.01.2024;CHELNYFM.ru
14.01.2024;CHELYABINSKGID24.ru
14.01.2024;CHEPYSHEVA.ru
14.01.2024;CHILDTALANTS-FROM-RUSSIA.ru
14.01.2024;CHOISECARD.ru
14.01.2024;CHUDOPOK.ru
14.01.2024;CHUGAINOV.ru
14.01.2024;CHUVGU.ru
14.01.2024;CIAINAO.ru
14.01.2024;CIANAIO.ru
14.01.2024;CIANAO.ru
14.01.2024;CIANIAO.ru
14.01.2024;CICRF.ru
14.01.2024;CIFROPUT.ru
14.01.2024;CINEMA-INTERIOR.ru
14.01.2024;CINEMAINTERIOR.ru
14.01.2024;CINIAO.ru
14.01.2024;CITY-EVENT.ru
14.01.2024;CITYNNOV.ru
14.01.2024;CITYPOLY-TOMSK.ru
14.01.2024;CITYSENDER.ru
14.01.2024;CIVITAI.ru
14.01.2024;CKINERICAR.ru
14.01.2024;CKULAKOV.ru
14.01.2024;CLANBAND.ru
14.01.2024;CLARET-LL.ru
14.01.2024;CLARINETPOLOTE.ru
14.01.2024;CLCCK.ru
14.01.2024;CLEANH2O.ru
14.01.2024;CLEANNETCODE.ru
14.01.2024;CLEARANCEONLINE2024.ru
14.01.2024;CLEARCARD.ru
14.01.2024;CLIENT-RICH.ru
14.01.2024;CLIENT-UBAR-PRO.ru
14.01.2024;CLIENTRICH.ru
14.01.2024;CLINIKASAMARA.ru
14.01.2024;CLLCK.ru
14.01.2024;CLOTHESONU.ru
14.01.2024;CLUB-CHARISMA-PEOPLE.ru
14.01.2024;CO-EXISTANCE.ru
14.01.2024;CODE-BOT.ru
14.01.2024;CODHD.ru
14.01.2024;COFFEAE.ru
14.01.2024;COFFEETEASET.ru
14.01.2024;COINGLASS.ru
14.01.2024;COLLEGEMG.ru
14.01.2024;COLLTOUCH.ru
14.01.2024;COLORPORN.ru
14.01.2024;COLUMBO-ONLINE.ru
14.01.2024;COMGSPB.ru
14.01.2024;COMMUNICATION-PUBLIC.ru
14.01.2024;COMPOSITY.ru
14.01.2024;COMPUTER-DOMA.ru
14.01.2024;COMWE.ru
14.01.2024;CONBUS.ru
14.01.2024;CONCERORGANOPLAS.ru
14.01.2024;CONSTRUCTIONEMPIRE.ru
14.01.2024;CONSULTAR2.ru
14.01.2024;COORD-CENTER0.ru
14.01.2024;COPROVYDIARYT.ru
14.01.2024;CORTESER.ru
14.01.2024;COSMIC-FINANCE.ru
14.01.2024;COSTOCK.ru
14.01.2024;COTYPE.ru
14.01.2024;COUNTRYGURU.ru
14.01.2024;COURSES-PREDPRINIMATELSTVA.ru
14.01.2024;COURSESALE.ru
14.01.2024;COURSESALES.ru
14.01.2024;CPARICH.ru
14.01.2024;CRAFTSBOX.ru
14.01.2024;CRAFTYOUMC.ru
14.01.2024;CRAIYON.ru
14.01.2024;CRATOCA.ru
14.01.2024;CRAZYZONE.ru
14.01.2024;CREATIVE-1XBET522.ru
14.01.2024;CREATIVE-1XBET980.ru
14.01.2024;CREDITE-OFFER.ru
14.01.2024;CREDITGEST.ru
14.01.2024;CREDITNEST.ru
14.01.2024;CRESTUDIO.ru
14.01.2024;CROCOBYTE.ru
14.01.2024;CROCSOLOGIE.ru
14.01.2024;CROCSOLOGY.ru
14.01.2024;CRYOSCULPT.ru
14.01.2024;CRYPT24.ru
14.01.2024;CRYPTOCROWN.ru
14.01.2024;CS-WA.ru
14.01.2024;CS101.ru
14.01.2024;CS2U.ru
14.01.2024;CSDM-MORTAL.ru
14.01.2024;CSDROPWIN.ru
14.01.2024;CSGOESMANUL.ru
14.01.2024;CSMARK.ru
14.01.2024;CSMARKER.ru
14.01.2024;CSMARKERS.ru
14.01.2024;CSMARKES.ru
14.01.2024;CSMARKET-NEWS.ru
14.01.2024;CSMARKS.ru
14.01.2024;CSMARKT.ru
14.01.2024;CSMONUOL.ru
14.01.2024;CSNOTE.ru
14.01.2024;CSPOPKIT.ru
14.01.2024;CTPAHHUK01.ru
14.01.2024;CULT3D.ru
14.01.2024;CULTOFPERFECT.ru
14.01.2024;CUPKEY.ru
14.01.2024;CUSTOMS-GOV.ru
14.01.2024;CVETNAYA.ru
14.01.2024;CVETOK35.ru
14.01.2024;CVPOL.ru
14.01.2024;CYBERBUNKER.ru
14.01.2024;D-NOVA.ru
14.01.2024;D-P-S2002.ru
14.01.2024;DACENPRINTER.ru
14.01.2024;DACHNYI-SEZON.ru
14.01.2024;DADDYBANK.ru
14.01.2024;DADDYFORTUNA.ru
14.01.2024;DAFEDORCHENKO.ru
14.01.2024;DAGINVESTCLUB.ru
14.01.2024;DAIZAKURIT.ru
14.01.2024;DAN124COM.ru
14.01.2024;DANCE-EMPIRE.ru
14.01.2024;DANCEFITCLUB.ru
14.01.2024;DANCEUX.ru
14.01.2024;DANI-OLGA.ru
14.01.2024;DANILAMASTER27.ru
14.01.2024;DANILYARYGIN.ru
14.01.2024;DANTONYA.ru
14.01.2024;DAPENG.ru
14.01.2024;DAPPLAST.ru
14.01.2024;DARCALIN.ru
14.01.2024;DARIA-DENT.ru
14.01.2024;DARIABALANDOVA.ru
14.01.2024;DARIASHANTI.ru
14.01.2024;DARK-GARANT.ru
14.01.2024;DARK-PRODUCT.ru
14.01.2024;DARKZONEPVP.ru
14.01.2024;DARTHPOOL.ru
14.01.2024;DASHACOOL.ru
14.01.2024;DATACHAT.ru
14.01.2024;DATTABAK.ru
14.01.2024;DAVE-RP.ru
14.01.2024;DAVYDOVMAKR.ru
14.01.2024;DAYFORCEPOWERPAY.ru
14.01.2024;DAYFORCEWALLET.ru
14.01.2024;DAYS-GONE.ru
14.01.2024;DAYZ-PVE-ZONE.ru
14.01.2024;DBELYAKOV.ru
14.01.2024;DBOCENTRINVEST.ru
14.01.2024;DBREC.ru
14.01.2024;DDEREVYANOV.ru
14.01.2024;DDOM-K.ru
14.01.2024;DEADBLONDE-CONCERT.ru
14.01.2024;DEADOC.ru
14.01.2024;DEADSHALL.ru
14.01.2024;DECATSERVICE23.ru
14.01.2024;DECEMBERPROD.ru
14.01.2024;DEDDNR.ru
14.01.2024;DEDSTORE.ru
14.01.2024;DEEPSEAFISHES.ru
14.01.2024;DEFITELIO-DEFIBROTIDE.ru
14.01.2024;DEIIIN.ru
14.01.2024;DEILIN.ru
14.01.2024;DELINGHI.ru
14.01.2024;DELIVERY225.ru
14.01.2024;DELLEN.ru
14.01.2024;DELLISEL.ru
14.01.2024;DELLLIN.ru
14.01.2024;DELLN.ru
14.01.2024;DELO-MASTERA24.ru
14.01.2024;DELOGHI.ru
14.01.2024;DELONGH.ru
14.01.2024;DELTA-BIO.ru
14.01.2024;DELWINSAND.ru
14.01.2024;DEMO-SITE2.ru
14.01.2024;DEMON-ART.ru
14.01.2024;DEMOSCOP.ru
14.01.2024;DENGINOV.ru
14.01.2024;DENTAL-SPACE54.ru
14.01.2024;DEPRESSIJA.ru
14.01.2024;DERINEASTERF.ru
14.01.2024;DESIGN-LANS.ru
14.01.2024;DESIGN4LIFE-KMV.ru
14.01.2024;DESTINYNUMS.ru
14.01.2024;DETALIALL.ru
14.01.2024;DETKI52.ru
14.01.2024;DETOX-KLINIKA.ru
14.01.2024;DETSAD147VRN.ru
14.01.2024;DEVACAFE.ru
14.01.2024;DEVELOPER-LABTESTERS.ru
14.01.2024;DEVICEDK.ru
14.01.2024;DEVPROG777.ru
14.01.2024;DEX22.ru
14.01.2024;DGOVOROV.ru
14.01.2024;DHP-DAYZ.ru
14.01.2024;DI-PARMA.ru
14.01.2024;DIADAG05.ru
14.01.2024;DIADIC.ru
14.01.2024;DIADOCK.ru
14.01.2024;DIADOCKONTUR.ru
14.01.2024;DIAKOVA-SPB.ru
14.01.2024;DIALOGREGIONS.ru
14.01.2024;DIANAPUTINA.ru
14.01.2024;DIAWORK.ru
14.01.2024;DICIDI.ru
14.01.2024;DIESELHALL.ru
14.01.2024;DIGBC.ru
14.01.2024;DIGITAL-GOV.ru
14.01.2024;DIGITALSTATERANEPA.ru
14.01.2024;DILLIN.ru
14.01.2024;DIMITRIADIDI.ru
14.01.2024;DINARYALA.ru
14.01.2024;DINGARD.ru
14.01.2024;DIONIS-AUTO.ru
14.01.2024;DISCOUNTSHOP2024.ru
14.01.2024;DISEASEX.ru
14.01.2024;DISPLAYSPECIFICATIONS.ru
14.01.2024;DIVINEFORTUNERU1.ru
14.01.2024;DIVING-UNION.ru
14.01.2024;DIZFANIT-DESIGN.ru
14.01.2024;DJ392.ru
14.01.2024;DLGMA.ru
14.01.2024;DLKLDL.ru
14.01.2024;DLLIN.ru
14.01.2024;DLMAKEUP.ru
14.01.2024;DMITRIY-DRAGUSHAN.ru
14.01.2024;DMITRIY-NIKOLAEVICH.ru
14.01.2024;DMITRYSUSLOV.ru
14.01.2024;DNA-BLAST.ru
14.01.2024;DNBMARIUPOL.ru
14.01.2024;DNR-MEGAMARKET.ru
14.01.2024;DNX-MARKET.ru
14.01.2024;DOBRILOVO-VILLAGE.ru
14.01.2024;DOBROFEED.ru
14.01.2024;DOCFEDOROV.ru
14.01.2024;DOCTOR-PASHKOVA.ru
14.01.2024;DOLG2024-NET.ru
14.01.2024;DOLG24-BOLSHE-NET.ru
14.01.2024;DOLG24-NET-BOLSHE.ru
14.01.2024;DOLG24-NET-NAVSEGDA.ru
14.01.2024;DOLG24-STOP-NAVSEGDA.ru
14.01.2024;DOLGI-2024.ru
14.01.2024;DOLGI-2024-NET.ru
14.01.2024;DOLGI-V-PROSHLOM.ru
14.01.2024;DOLGI-ZABYDESH.ru
14.01.2024;DOLGI-ZAKONNO-STOP.ru
14.01.2024;DOLGI24-NET.ru
14.01.2024;DOLGI24-ZABYDY.ru
14.01.2024;DOLPHINOTS.ru
14.01.2024;DOM-RENESSANS-PARK.ru
14.01.2024;DOM-SHEKSPIR.ru
14.01.2024;DOM-SMARTCUB.ru
14.01.2024;DOMDRAKONA2.ru
14.01.2024;DOMINO-COMPANY.ru
14.01.2024;DOMKLYUCHIT.ru
14.01.2024;DOMKLYUCHKRD.ru
14.01.2024;DOMOFOND72.ru
14.01.2024;DOMPLAT.ru
14.01.2024;DOMVKLAD.ru
14.01.2024;DOMVKP.ru
14.01.2024;DONVUZ.ru
14.01.2024;DORAFAN.ru
14.01.2024;DORAM-TV.ru
14.01.2024;DORAMA-24.ru
14.01.2024;DORAMA-CLUB.ru
14.01.2024;DORAMA-FOX.ru
14.01.2024;DORAMYTV.ru
14.01.2024;DOSKA2024NEWS.ru
14.01.2024;DOSTAV-ALCHOXA27.ru
14.01.2024;DOSTAV-ALCOXABAROV.ru
14.01.2024;DOSTAVKA-6438.ru
14.01.2024;DOSTAVKA-LAUNCH.ru
14.01.2024;DOSTOIN-ZHIT-BEZ-DOLGA.ru
14.01.2024;DOSTOPRIMECHATELNOSTI-KAZANI.ru
14.01.2024;DOSTUPNOETVORCHESTVO.ru
14.01.2024;DOT-COM.ru
14.01.2024;DOWNLOAD-1XBET297.ru
14.01.2024;DOXORUBICIN-TEVA.ru
14.01.2024;DPALTSEV.ru
14.01.2024;DPH-DAYZ.ru
14.01.2024;DR-ELYNKO.ru
14.01.2024;DR-SLOBODINA.ru
14.01.2024;DR-SOSIDKA.ru
14.01.2024;DRAGON-CRAFT-OFF.ru
14.01.2024;DRAGONMONEYXYZ.ru
14.01.2024;DREVCITY44.ru
14.01.2024;DREVOIGR.ru
14.01.2024;DRIM-DRAGON.ru
14.01.2024;DRIP-DROPPER.ru
14.01.2024;DROM-DRAKONA-2.ru
14.01.2024;DROP-KURS.ru
14.01.2024;DROVOSEK58.ru
14.01.2024;DRVKT.ru
14.01.2024;DS2PLAY.ru
14.01.2024;DSEREBRJAK.ru
14.01.2024;DTPREMIUM.ru
14.01.2024;DUCKTOP.ru
14.01.2024;DUDCHENKO-TOP.ru
14.01.2024;DUGMA.ru
14.01.2024;DVERI-POVOLZHYA.ru
14.01.2024;DVSENDER.ru
14.01.2024;DZENINFA.ru
14.01.2024;E-MAIL-SENDER.ru
14.01.2024;E-YOULA24.ru
14.01.2024;E1Q1.ru
14.01.2024;E407.ru
14.01.2024;EANDEANNAR.ru
14.01.2024;EASYCARD1.ru
14.01.2024;EASYREVIEW.ru
14.01.2024;EBC2024.ru
14.01.2024;ECLAIR-RUSSIA.ru
14.01.2024;ECOENERGY39.ru
14.01.2024;ECOMYASNIKOV.ru
14.01.2024;ECOROOT.ru
14.01.2024;ED-AI.ru
14.01.2024;EDPRAVO.ru
14.01.2024;EDTAS.ru
14.01.2024;EDU-HYI-POIME-KUDA.ru
14.01.2024;EDU-KURS.ru
14.01.2024;EDUARDKARASEV.ru
14.01.2024;EEENS.ru
14.01.2024;EF5STORE.ru
14.01.2024;EFIZICA.ru
14.01.2024;EGGISO.ru
14.01.2024;EGRPZHKH.ru
14.01.2024;EHVAKUATOR-KAMENSK-URALSKIJ.ru
14.01.2024;EIRCRB.ru
14.01.2024;EISK-VITRAJ.ru
14.01.2024;EITANIORG.ru
14.01.2024;EKAPISTA.ru
14.01.2024;EKATERINAKASSS.ru
14.01.2024;EKATERINATSYGANKOVA.ru
14.01.2024;EKFPRO.ru
14.01.2024;EKSSTROY.ru
14.01.2024;EKUZENKO.ru
14.01.2024;EKZO-STELKI.ru
14.01.2024;EL-DEC.ru
14.01.2024;ELAGENTA.ru
14.01.2024;ELALTO.ru
14.01.2024;ELAVEN.ru
14.01.2024;ELECTRO-AUTOMATICA.ru
14.01.2024;ELECTRODUCK.ru
14.01.2024;ELECTROFOKS24.ru
14.01.2024;ELEKOT.ru
14.01.2024;ELEKTRIKA06.ru
14.01.2024;ELENASHEKER.ru
14.01.2024;ELENASOKOL.ru
14.01.2024;ELESKY.ru
14.01.2024;ELEVATEU.ru
14.01.2024;ELEVATOR-EXPERT.ru
14.01.2024;ELISEY22.ru
14.01.2024;ELISTAVDV.ru
14.01.2024;ELIT-DENTRI.ru
14.01.2024;ELITE-DVOR.ru
14.01.2024;ELIZAVETKI.ru
14.01.2024;ELONGHI.ru
14.01.2024;ELSEL-FLOWERS.ru
14.01.2024;ELVA-SHOP.ru
14.01.2024;EMBERQLO.ru
14.01.2024;EMELIANOWSCHURA.ru
14.01.2024;EMIKSHINA.ru
14.01.2024;ENCHANTMAGNOLI.ru
14.01.2024;ENERGY35.ru
14.01.2024;ENERGYMARKETSOLUTIONS.ru
14.01.2024;ENERGYREMONT.ru
14.01.2024;ENGINEPRIMERUS.ru
14.01.2024;ENIODOM.ru
14.01.2024;ENJOY-HOUSE.ru
14.01.2024;ENSMAS-MARINE.ru
14.01.2024;ENTERGODMODE.ru
14.01.2024;ENTRECOEUR.ru
14.01.2024;EPIC-GAMING.ru
14.01.2024;EPICNODES.ru
14.01.2024;EPICSAGA.ru
14.01.2024;EPK-MCX.ru
14.01.2024;EPKMCX.ru
14.01.2024;EPSILON-MATH.ru
14.01.2024;ERGAPHOTO.ru
14.01.2024;ERNEST-AVTORAZBOR.ru
14.01.2024;ERSAVAGE.ru
14.01.2024;ESENDERA.ru
14.01.2024;ESOBOOK.ru
14.01.2024;ESOTERICPREDICTIONS.ru
14.01.2024;ESSANDER.ru
14.01.2024;ESTE-TIC.ru
14.01.2024;ESTERA-BURO.ru
14.01.2024;ETANGELOSAL.ru
14.01.2024;ETARRESERVE.ru
14.01.2024;ETONICA-ATLAS.ru
14.01.2024;ETOPOSID.ru
14.01.2024;EUROFLORISTICS.ru
14.01.2024;EV-KRETOVA.ru
14.01.2024;EVAKUATORYSOCHI.ru
14.01.2024;EVAWEB-DESIGN.ru
14.01.2024;EVELITE.ru
14.01.2024;EVO-NEXT.ru
14.01.2024;EVOMODA.ru
14.01.2024;EVONEXT.ru
14.01.2024;EWA-AKADEMY.ru
14.01.2024;EXAMINE-CAME-EXPERIENCE.ru
14.01.2024;EXAMINE-CAME-SMARTLINK.ru
14.01.2024;EXC-RP.ru
14.01.2024;EXCELLENTHACK.ru
14.01.2024;EXCURSIONSMOSCOW.ru
14.01.2024;EXPERIENCEDRUST.ru
14.01.2024;EXPEZDOSE.ru
14.01.2024;EXPRESSDHL.ru
14.01.2024;EXTAZA.ru
14.01.2024;EXTENDCRAFT.ru
14.01.2024;EXTRA-1XBET132.ru
14.01.2024;EXTRALINKS.ru
14.01.2024;F-CONST.ru
14.01.2024;FABRIQ1.ru
14.01.2024;FACTORLUX.ru
14.01.2024;FACTORYSALES2024.ru
14.01.2024;FAIRFUN.ru
14.01.2024;FAMILY-CRISIS.ru
14.01.2024;FAMILY-TATARSTAN.ru
14.01.2024;FAMILYCRISIS.ru
14.01.2024;FAMOUS-DANCER.ru
14.01.2024;FANBEL.ru
14.01.2024;FANKMC.ru
14.01.2024;FANTASY34.ru
14.01.2024;FAPPENING.ru
14.01.2024;FARMAMINSK.ru
14.01.2024;FARMERER.ru
14.01.2024;FASOVANIE.ru
14.01.2024;FAST-CONNECTION.ru
14.01.2024;FASTDEAL-GARANT.ru
14.01.2024;FASTDEALGARANT.ru
14.01.2024;FASTUBE.ru
14.01.2024;FASTXAN-DEAL.ru
14.01.2024;FASTYGPT.ru
14.01.2024;FAZOREGULYATOR.ru
14.01.2024;FBCENTRAL.ru
14.01.2024;FCTLT.ru
14.01.2024;FEDORKORNILOV.ru
14.01.2024;FEDRESURS-CONSULTING.ru
14.01.2024;FEEDROLLER.ru
14.01.2024;FENIX-DNR.ru
14.01.2024;FENIX-KIR.ru
14.01.2024;FEREXORGRANT.ru
14.01.2024;FERYNTONIAMO.ru
14.01.2024;FEYACVETOV.ru
14.01.2024;FF-CLICK.ru
14.01.2024;FFCLICK.ru
14.01.2024;FFERYNNIELL.ru
14.01.2024;FFIILLTTEERR.ru
14.01.2024;FIERO-SILVER.ru
14.01.2024;FIERST.ru
14.01.2024;FIFAFO.ru
14.01.2024;FIKTO.ru
14.01.2024;FILES-FRAMEUP-DV.ru
14.01.2024;FILIAL579.ru
14.01.2024;FILINFILM.ru
14.01.2024;FILM-MIG.ru
14.01.2024;FILM-TAXI.ru
14.01.2024;FILMSRICH.ru
14.01.2024;FINANCIALLITRISE.ru
14.01.2024;FIND-PETS.ru
14.01.2024;FINTECHLABORATORY.ru
14.01.2024;FIRE-LITE.ru
14.01.2024;FIRELITE.ru
14.01.2024;FIRSTBURGER48.ru
14.01.2024;FISTO.ru
14.01.2024;FITNESS-EXPERT27.ru
14.01.2024;FKNO-MAGVAI.ru
14.01.2024;FLASHWM.ru
14.01.2024;FLELVIRAKRASNOVA.ru
14.01.2024;FLOREOLA.ru
14.01.2024;FLOW-PLAST.ru
14.01.2024;FLOWCOMMUNITY.ru
14.01.2024;FLOWERSMOSKWA.ru
14.01.2024;FLOWPLAST.ru
14.01.2024;FLUXFURY.ru
14.01.2024;FLVOLODINA.ru
14.01.2024;FLYCOM-DOG.ru
14.01.2024;FLYUPS-LOVE.ru
14.01.2024;FNDGOST.ru
14.01.2024;FOCURITY.ru
14.01.2024;FONB-ET-SKACHAT.ru
14.01.2024;FOND-MAMAGABRIELI.ru
14.01.2024;FONOLOG.ru
14.01.2024;FONTFLOW.ru
14.01.2024;FOOD-AGENT.ru
14.01.2024;FOPKO.ru
14.01.2024;FOR-TESTING-PROJCET.ru
14.01.2024;FORAWAYPAY.ru
14.01.2024;FORCEPAYS.ru
14.01.2024;FORMA-BAVARIYA2.ru
14.01.2024;FORMA-LIVERPOOL1.ru
14.01.2024;FORMULA-SHKAFA.ru
14.01.2024;FORREST-KITCHEN.ru
14.01.2024;FORT-PRO.ru
14.01.2024;FORTIS-MEBEL.ru
14.01.2024;FORTUNAE.ru
14.01.2024;FORUM-ARIA.ru
14.01.2024;FORUM-ARZ-UNIVERSE.ru
14.01.2024;FORUM-DAVE-RP.ru
14.01.2024;FORWARD-NT.ru
14.01.2024;FOSCAVIR.ru
14.01.2024;FOTORADOST.ru
14.01.2024;FOTOREALISM.ru
14.01.2024;FOURTAG.ru
14.01.2024;FOXARCTICTEST.ru
14.01.2024;FOXWORLDPROJECT.ru
14.01.2024;FR-FABRIKA-PECHATEY.ru
14.01.2024;FRB-RB.ru
14.01.2024;FREENODES.ru
14.01.2024;FSTSYSTEM.ru
14.01.2024;FUELROBOTICS5.ru
14.01.2024;FUNDICER.ru
14.01.2024;FURSNIKI.ru
14.01.2024;FVOLNA.ru
14.01.2024;FYRKBOMB.ru
14.01.2024;GALAGO7.ru
14.01.2024;GALANT-RT.ru
14.01.2024;GALLABURG.ru
14.01.2024;GALLERYSMILES96.ru
14.01.2024;GAME-AEROFLOT.ru
14.01.2024;GAME-FEVER.ru
14.01.2024;GAME-SALON.ru
14.01.2024;GAME-STREAM.ru
14.01.2024;GAMEKILER.ru
14.01.2024;GAMEOTVETY.ru
14.01.2024;GAMES-BUG.ru
14.01.2024;GAMES100.ru
14.01.2024;GAMES4GAMERS.ru
14.01.2024;GAMESHOCK74.ru
14.01.2024;GAMEYO.ru
14.01.2024;GAMINGVIDEOGALERY.ru
14.01.2024;GANGSWORLD.ru
14.01.2024;GARALER.ru
14.01.2024;GARANTBUILD.ru
14.01.2024;GARANTSTROI116.ru
14.01.2024;GARDEN-GRASS.ru
14.01.2024;GARDEN-NICE.ru
14.01.2024;GARDENRAI.ru
14.01.2024;GARDENV.ru
14.01.2024;GARFILD-CAT.ru
14.01.2024;GARRY-POTTER-LORDFILMS.ru
14.01.2024;GASHISH-A-PVP.ru
14.01.2024;GASHISH-ALFA-PVP.ru
14.01.2024;GASHISH-ALPHA-PVP.ru
14.01.2024;GASHISH-AMPHETAMINE.ru
14.01.2024;GASHISH-COCAINE.ru
14.01.2024;GASHISH-GASHISH.ru
14.01.2024;GASHISH-HASHISH.ru
14.01.2024;GASHISH-MARIJUANA.ru
14.01.2024;GASHISH-MARIXUANA.ru
14.01.2024;GASHISH-MDMA.ru
14.01.2024;GASHISH-MEFEDRON.ru
14.01.2024;GATEWAYGARANT.ru
14.01.2024;GATMN.ru
14.01.2024;GAZETA-SOSNOVOBORSK.ru
14.01.2024;GAZSTROY-SERVICE.ru
14.01.2024;GCLCK.ru
14.01.2024;GDEVZAOKSKOM.ru
14.01.2024;GEBERER.ru
14.01.2024;GECKZONE.ru
14.01.2024;GEDAMAJOR.ru
14.01.2024;GELATOPAY.ru
14.01.2024;GENERELAVTO.ru
14.01.2024;GENERELSAIT.ru
14.01.2024;GENIALNN.ru
14.01.2024;GENIUS05.ru
14.01.2024;GENPILOT.ru
14.01.2024;GENSETSCHINA.ru
14.01.2024;GEO-ESPORTS.ru
14.01.2024;GEO45.ru
14.01.2024;GEOESPORTS.ru
14.01.2024;GEOGSS.ru
14.01.2024;GEORGNYACKI.ru
14.01.2024;GERMES-LOK.ru
14.01.2024;GETHERING4YOURVOICES.ru
14.01.2024;GEYSER-LICENSE.ru
14.01.2024;GF-OIL.ru
14.01.2024;GFDKBREXVFHBZ.ru
14.01.2024;GHAVALAND.ru
14.01.2024;GHOOKAH.ru
14.01.2024;GIBSONDUNN.ru
14.01.2024;GIFTEN.ru
14.01.2024;GIGANT-FILM.ru
14.01.2024;GIRI63.ru
14.01.2024;GIRLS-IN-ASIA.ru
14.01.2024;GIRLSTITS.ru
14.01.2024;GIZMODD.ru
14.01.2024;GKHOUSE.ru
14.01.2024;GKSOLID.ru
14.01.2024;GL-OBALDELA.ru
14.01.2024;GLAFCAMPING.ru
14.01.2024;GLASS-STUDIA.ru
14.01.2024;GLAVPRODTO.ru
14.01.2024;GM-POST.ru
14.01.2024;GMZOTVET.ru
14.01.2024;GO-PROFI.ru
14.01.2024;GO-PT.ru
14.01.2024;GOALSTEAMTOGETHER.ru
14.01.2024;GOFAKE.ru
14.01.2024;GOKITCS.ru
14.01.2024;GOLD-ANTIAGE.ru
14.01.2024;GOLDANTIAGE.ru
14.01.2024;GOLDENVISAHUNGARY.ru
14.01.2024;GOLDENVISAUAE.ru
14.01.2024;GOLDOD.ru
14.01.2024;GOLLOSOVANIE.ru
14.01.2024;GOLOGISTIK.ru
14.01.2024;GOLOSOVANIEONLINE24.ru
14.01.2024;GOLOSOVANIIE.ru
14.01.2024;GOLOSRABOTA.ru
14.01.2024;GOLOSSUI-WATTSAP.ru
14.01.2024;GONGFU-TAIJI.ru
14.01.2024;GOOD-CAPITAN.ru
14.01.2024;GOROD-INSTRUMENTA12.ru
14.01.2024;GORODOOK.ru
14.01.2024;GORSHECHKADVORIKA.ru
14.01.2024;GOUZI.ru
14.01.2024;GOV-GOSUSLUG.ru
14.01.2024;GOVORIGRAYA.ru
14.01.2024;GPRONIN.ru
14.01.2024;GPT-MAPS.ru
14.01.2024;GPTMAPS.ru
14.01.2024;GRADLIP48.ru
14.01.2024;GRAN29ARH.ru
14.01.2024;GRANILICENSING.ru
14.01.2024;GRAZHDANSTVO-KYRGYZSTAN.ru
14.01.2024;GREAT-DEALGARANT.ru
14.01.2024;GREATDEAL-GARANT.ru
14.01.2024;GREATESTBALLETICSCHOOL.ru
14.01.2024;GREEK-CITY.ru
14.01.2024;GREEK-FARM.ru
14.01.2024;GREEK-HOUSE.ru
14.01.2024;GREEN-CORP.ru
14.01.2024;GREEN2013.ru
14.01.2024;GREENAY.ru
14.01.2024;GRELIGORELI.ru
14.01.2024;GRIM34.ru
14.01.2024;GRINNCORP.ru
14.01.2024;GRINNOVATSIYA.ru
14.01.2024;GRISHKE.ru
14.01.2024;GRIZ-TG.ru
14.01.2024;GROW-NOW.ru
14.01.2024;GRUZAVTOLINE.ru
14.01.2024;GRYETSKI.ru
14.01.2024;GSMPERM.ru
14.01.2024;GSTRAIL.ru
14.01.2024;GSTROY66.ru
14.01.2024;GTE-STANKI.ru
14.01.2024;GTSEBRO.ru
14.01.2024;GUDSINS-CO.ru
14.01.2024;GUIANA.ru
14.01.2024;GULIVER-UL.ru
14.01.2024;GURIEVSPORT.ru
14.01.2024;GURUGVOZDI.ru
14.01.2024;GUZHVINA.ru
14.01.2024;H-IM.ru
14.01.2024;H2CWH6.ru
14.01.2024;HACKED-OP.ru
14.01.2024;HAIR-ZONE.ru
14.01.2024;HAIRDOM.ru
14.01.2024;HAJJUMRA.ru
14.01.2024;HARDEGO.ru
14.01.2024;HARDWAREXPERT.ru
14.01.2024;HARICHEVA.ru
14.01.2024;HAROLDBOWERS.ru
14.01.2024;HAVE-LESSON-NEWS.ru
14.01.2024;HAVE-LESSON-PAPERS.ru
14.01.2024;HAVE-READ-NEWS.ru
14.01.2024;HAVE-READ-PAPERS.ru
14.01.2024;HAVE-RECITAL-NEWS.ru
14.01.2024;HAVE-STUDY-NEWS.ru
14.01.2024;HCARE360.ru
14.01.2024;HDCODE.ru
14.01.2024;HEALTHCOD.ru
14.01.2024;HEALTHCOURSE2.ru
14.01.2024;HEARTHSTONE-WIKI.ru
14.01.2024;HELENINI.ru
14.01.2024;HELL666.ru
14.01.2024;HELPDESK1000.ru
14.01.2024;HELPDONE.ru
14.01.2024;HELSDESIGN.ru
14.01.2024;HEPARD.ru
14.01.2024;HERO31.ru
14.01.2024;HEVSR.ru
14.01.2024;HEZERSENCE.ru
14.01.2024;HHFEST.ru
14.01.2024;HI-HOURS.ru
14.01.2024;HIGHTSKILL.ru
14.01.2024;HIHOURS.ru
14.01.2024;HIJINA.ru
14.01.2024;HILLELER.ru
14.01.2024;HIMPOKS.ru
14.01.2024;HISTOFFRONS.ru
14.01.2024;HOCKEYSTARSHOP.ru
14.01.2024;HOLD-9448.ru
14.01.2024;HOLODNIU.ru
14.01.2024;HOLOPE-22024.ru
14.01.2024;HOLYRIDERS.ru
14.01.2024;HOLYRIDERSMC.ru
14.01.2024;HOMEKINO-ZONA.ru
14.01.2024;HOMEOPATHY-RF.ru
14.01.2024;HONEYMONEYKURS.ru
14.01.2024;HONGHI-AUTOPORT.ru
14.01.2024;HOODNIGHT.ru
14.01.2024;HOPEFEST.ru
14.01.2024;HOSTEL42.ru
14.01.2024;HOSTINGI-SHOP.ru
14.01.2024;HOSTMOON.ru
14.01.2024;HOTELGRAY.ru
14.01.2024;HOUSE-ENTOURAGE.ru
14.01.2024;HOUSEGYMNASTICA.ru
14.01.2024;HR2MARS.ru
14.01.2024;HRAMDZI.ru
14.01.2024;HRAMKEM.ru
14.01.2024;HSNL.ru
14.01.2024;HSWEETH.ru
14.01.2024;HUARUI.ru
14.01.2024;HUMANBOTS.ru
14.01.2024;HUMANDESIGN1.ru
14.01.2024;HUNCHO.ru
14.01.2024;HUNTERDEZSERVICE.ru
14.01.2024;HUSQMAG.ru
14.01.2024;I-BSPB.ru
14.01.2024;I-P-POPOV.ru
14.01.2024;IAMKIND.ru
14.01.2024;IAMKINDNESS.ru
14.01.2024;IASTRAHAN.ru
14.01.2024;ICC-DEFENSOR.ru
14.01.2024;ICEQUINGAME.ru
14.01.2024;ID-2499.ru
14.01.2024;ID-4258.ru
14.01.2024;ID-5360.ru
14.01.2024;ID-9532.ru
14.01.2024;ID-TINKOFF.ru
14.01.2024;ID0491-ORDER.ru
14.01.2024;ID0737.ru
14.01.2024;ID07377.ru
14.01.2024;ID15292.ru
14.01.2024;ID17375.ru
14.01.2024;ID2162.ru
14.01.2024;ID2163.ru
14.01.2024;ID58104.ru
14.01.2024;ID58105.ru
14.01.2024;ID58106.ru
14.01.2024;ID58107.ru
14.01.2024;ID58108.ru
14.01.2024;ID582975.ru
14.01.2024;ID72347.ru
14.01.2024;ID745.ru
14.01.2024;ID74843.ru
14.01.2024;ID77192.ru
14.01.2024;ID80129.ru
14.01.2024;ID826928.ru
14.01.2024;ID99032.ru
14.01.2024;IDEALMOVING.ru
14.01.2024;IDEALSMASSAGE.ru
14.01.2024;IDLISHER.ru
14.01.2024;IDTINKOFF.ru
14.01.2024;IESW.ru
14.01.2024;IFISH32.ru
14.01.2024;IGNATTRUDAEV.ru
14.01.2024;IHC-EMAIL.ru
14.01.2024;IKATAEVA.ru
14.01.2024;IKNOWNN.ru
14.01.2024;IKNOWSAMARA.ru
14.01.2024;IKONS19.ru
14.01.2024;ILBYAAKO.ru
14.01.2024;ILOVEMARAT.ru
14.01.2024;IMAIV.ru
14.01.2024;IMAZAY.ru
14.01.2024;IMBASALES.ru
14.01.2024;IMEDIATOR.ru
14.01.2024;IMPATIK8JAK.ru
14.01.2024;IMPAVIDO.ru
14.01.2024;IMPERIA-FILM.ru
14.01.2024;IMPEROR-SCHOOLDANCE.ru
14.01.2024;IMPMUFTA.ru
14.01.2024;IMTATY.ru
14.01.2024;INDEQ-GEO.ru
14.01.2024;INDIGO-GAMES.ru
14.01.2024;INDIGOGROUPLTD.ru
14.01.2024;INDIGOLTD.ru
14.01.2024;INEPTRUNNINGAR.ru
14.01.2024;INFAMOUSGARANT.ru
14.01.2024;INFINITYPROMO-SENDER.ru
14.01.2024;INFOADRESA.ru
14.01.2024;INFRAMARKET.ru
14.01.2024;INGA-ISAKOVA.ru
14.01.2024;INGCOTOOLSRUSSIA.ru
14.01.2024;INIKOLENKO.ru
14.01.2024;INNIELLERMAI.ru
14.01.2024;INNOVATORUS-PROEKT.ru
14.01.2024;INNOVATORUS-TOUR.ru
14.01.2024;INNUSHA-AST.ru
14.01.2024;INPROFILE.ru
14.01.2024;INSIDE-POWER.ru
14.01.2024;INSIGHT-PSYCHOLOG.ru
14.01.2024;INSPECTION27.ru
14.01.2024;INSTAGRAMKURS.ru
14.01.2024;INSTITUTESHIFA.ru
14.01.2024;INSTRUMENTTOTAL.ru
14.01.2024;INSYDENT.ru
14.01.2024;INT12GUKOVO.ru
14.01.2024;INTEGRA-CLUB.ru
14.01.2024;INTEGRALMSK.ru
14.01.2024;INTELLECT-FUSION.ru
14.01.2024;INTELLECTFUSION.ru
14.01.2024;INTELOG.ru
14.01.2024;INTERDIREKT.ru
14.01.2024;INTERESTEDMOSCOW.ru
14.01.2024;INTERLENINSK.ru
14.01.2024;INTERNET-V-KURSE.ru
14.01.2024;INTERRAILCOMMERC.ru
14.01.2024;INTERSENDER.ru
14.01.2024;INYANUSSUR.ru
14.01.2024;IPASHOG.ru
14.01.2024;IPLCLINIC.ru
14.01.2024;IPPODROM68.ru
14.01.2024;IRA-SAID-YES.ru
14.01.2024;IRIDIPLOM.ru
14.01.2024;IRINA-MIRO.ru
14.01.2024;IRINA-PARTNERS.ru
14.01.2024;IRINABEREJNAYA.ru
14.01.2024;IRINAMENSTYLE.ru
14.01.2024;ISADOVNIK.ru
14.01.2024;ISAEVSKIY.ru
14.01.2024;ISAPHOTO.ru
14.01.2024;ISEGOUST.ru
14.01.2024;ISKUSSTVO-TATTOO.ru
14.01.2024;ISLAMETA.ru
14.01.2024;ISOQOV.ru
14.01.2024;ISP-LICENZII.ru
14.01.2024;ISPALVE.ru
14.01.2024;ISS-DEV.ru
14.01.2024;ISTELLAR73.ru
14.01.2024;IT-124.ru
14.01.2024;IT124.ru
14.01.2024;ITCOM-SERVICES.ru
14.01.2024;ITCOOKIES.ru
14.01.2024;ITMSTANKI.ru
14.01.2024;ITOGGALSED56GH.ru
14.01.2024;ITSENDER.ru
14.01.2024;ITVILLAGE-TESTHTML.ru
14.01.2024;IULLIMUR-1.ru
14.01.2024;IVANYICH.ru
14.01.2024;IZI-POLE-DANCE-UFA.ru
14.01.2024;JACKPOT-1XBET785.ru
14.01.2024;JACQUELINE-ATELIER.ru
14.01.2024;JACQUELINEATELIER.ru
14.01.2024;JAHZAREELAND.ru
14.01.2024;JAMERKULOV.ru
14.01.2024;JAMSHIDBEK-AIRWAYS.ru
14.01.2024;JANANDAN.ru
14.01.2024;JANUSHEVICH.ru
14.01.2024;JETEXER.ru
14.01.2024;JETSENDER.ru
14.01.2024;JEWELRYCOMPANY.ru
14.01.2024;JINXPOW.ru
14.01.2024;JOBSSHUB.ru
14.01.2024;JOBTOR.ru
14.01.2024;JOE-FOX.ru
14.01.2024;JOHPA.ru
14.01.2024;JOJKA.ru
14.01.2024;JONOM.ru
14.01.2024;JOY-1XBET306.ru
14.01.2024;JS22.ru
14.01.2024;JUERMOLOVA.ru
14.01.2024;JULIAJULY.ru
14.01.2024;JULIANADETEL.ru
14.01.2024;JUST-ASK.ru
14.01.2024;JUSTSENDER.ru
14.01.2024;K-MAVENS.ru
14.01.2024;K39-STORE.ru
14.01.2024;KAATALIZAT0R04.ru
14.01.2024;KAHUN1.ru
14.01.2024;KAINIAO.ru
14.01.2024;KAKSOVET.ru
14.01.2024;KALBERTZ.ru
14.01.2024;KALINAGA.ru
14.01.2024;KAMAZ-AUTOPORT.ru
14.01.2024;KAMEDWIGH.ru
14.01.2024;KAMNEIGORA.ru
14.01.2024;KANTSCHOOL3.ru
14.01.2024;KAPITANMARKETING.ru
14.01.2024;KARDYOVIN.ru
14.01.2024;KARELFOREL.ru
14.01.2024;KARELO4KA.ru
14.01.2024;KAREVALEKSANDRA.ru
14.01.2024;KARMA-PLUS.ru
14.01.2024;KARTINKOTEKA.ru
14.01.2024;KASEKOAAAA.ru
14.01.2024;KATALOXY.ru
14.01.2024;KATE-YOGA.ru
14.01.2024;KAYL-XY.ru
14.01.2024;KAZBEKBLOK.ru
14.01.2024;KAZFARMA.ru
14.01.2024;KAZINO-GAME24.ru
14.01.2024;KAZINO-LUKSOR.ru
14.01.2024;KAZINO-MOSKVA.ru
14.01.2024;KAZINO-ZODIAK.ru
14.01.2024;KAZINOAURORA.ru
14.01.2024;KAZINOKENT.ru
14.01.2024;KEMTRAVEL.ru
14.01.2024;KEROS-MOD.ru
14.01.2024;KEROSINKASTROY.ru
14.01.2024;KETER-GARDEN.ru
14.01.2024;KFORGE.ru
14.01.2024;KGALEEVA.ru
14.01.2024;KIMASURFSRILANKA.ru
14.01.2024;KING-BONUS.ru
14.01.2024;KINGRESALE.ru
14.01.2024;KINO-I-VSE-O-NEM.ru
14.01.2024;KINOCAMP.ru
14.01.2024;KINOGG.ru
14.01.2024;KINOREZ.ru
14.01.2024;KIP-KLIMAT.ru
14.01.2024;KIPKLIMAT.ru
14.01.2024;KIRPICH-LEGOZAVOD.ru
14.01.2024;KISELYOV-ALEXANDR.ru
14.01.2024;KISKA-KISHLJAKOVA.ru
14.01.2024;KITCHENSSHOP.ru
14.01.2024;KLAPSHTOS.ru
14.01.2024;KLG40.ru
14.01.2024;KLIKAIZABERAI.ru
14.01.2024;KLIMATTE.ru
14.01.2024;KLUSHALENINSK.ru
14.01.2024;KNIGA-KURSANTY.ru
14.01.2024;KNOWLEDGEGUIDE.ru
14.01.2024;KODHD.ru
14.01.2024;KOLDMI.ru
14.01.2024;KOLMYK.ru
14.01.2024;KOMETATV.ru
14.01.2024;KONDITER-LEONOV.ru
14.01.2024;KONKYRSGOLOSA.ru
14.01.2024;KONSTMAXDEV.ru
14.01.2024;KONSULIAR.ru
14.01.2024;KONSULTANT-ROSTOV.ru
14.01.2024;KONTURDIADOC.ru
14.01.2024;KONTURDIADOK.ru
14.01.2024;KOP-TILT.ru
14.01.2024;KOPTEAM-KLD.ru
14.01.2024;KOR99SSAAS.ru
14.01.2024;KOTLY-KOTELNYE.ru
14.01.2024;KOTOKOR.ru
14.01.2024;KOTOPET.ru
14.01.2024;KP-YUZHNAYA-STOLICA.ru
14.01.2024;KRAIDEV.ru
14.01.2024;KRASKARTA.ru
14.01.2024;KRASNODARDVERI.ru
14.01.2024;KREDITMASS.ru
14.01.2024;KREVETKADJO.ru
14.01.2024;KRIM-M-AK.ru
14.01.2024;KRISTAL-SHOP.ru
14.01.2024;KROMATOZIN.ru
14.01.2024;KRUMP-DANCE.ru
14.01.2024;KRUPS-MARKET.ru
14.01.2024;KSANDRSM.ru
14.01.2024;KSEMIN7.ru
14.01.2024;KSU31.ru
14.01.2024;KSUSHAVORONINA.ru
14.01.2024;KSVPRINT68.ru
14.01.2024;KTOLMACHEV.ru
14.01.2024;KUBOVERT.ru
14.01.2024;KUHNI-AURUM.ru
14.01.2024;KUHNI-AVETTE.ru
14.01.2024;KULIKOVA-YURIST.ru
14.01.2024;KULIKR13.ru
14.01.2024;KUMERTAL.ru
14.01.2024;KUPAVKA.ru
14.01.2024;KUPELSPA.ru
14.01.2024;KUPI-A-PVP.ru
14.01.2024;KUPI-ALFA-PVP.ru
14.01.2024;KUPI-ALPHA-PVP.ru
14.01.2024;KUPI-AMPHETAMINE.ru
14.01.2024;KUPI-COCAINE.ru
14.01.2024;KUPI-HASHISH.ru
14.01.2024;KUPI-MARIJUANA.ru
14.01.2024;KUPI-MARIXUANA.ru
14.01.2024;KUPI-MDMA.ru
14.01.2024;KUPI-MEFEDRON.ru
14.01.2024;KUPI-METHAMPHETAMINE.ru
14.01.2024;KUPIGOST.ru
14.01.2024;KUPIMAKITA.ru
14.01.2024;KUPRISHKIN.ru
14.01.2024;KURBANOVB1.ru
14.01.2024;KURIE7255.ru
14.01.2024;KURIE7256.ru
14.01.2024;KURIER7387.ru
14.01.2024;KURS-OZON.ru
14.01.2024;KURSKIEV-1.ru
14.01.2024;KUSVILL.ru
14.01.2024;KUWAITER.ru
14.01.2024;KUZNICA44NR.ru
14.01.2024;KUZOVNOY-UVAO.ru
14.01.2024;KVANTUMPRO.ru
14.01.2024;KVARTIRA-NASUTKI.ru
14.01.2024;KVIL-TECH.ru
14.01.2024;KVILTECH.ru
14.01.2024;KYRGYZBAI.ru
14.01.2024;L-M-S.ru
14.01.2024;L1ROZ1.ru
14.01.2024;L2FIREPOINT.ru
14.01.2024;L2LYDEN.ru
14.01.2024;L2POINT.ru
14.01.2024;L2SONERI.ru
14.01.2024;LA2FILES.ru
14.01.2024;LABYRINTH-FILM.ru
14.01.2024;LADYINVESTMENT-KURSFREE.ru
14.01.2024;LADYLENA.ru
14.01.2024;LAFFALAFFA.ru
14.01.2024;LAHTAGROUP.ru
14.01.2024;LAKHTAGROUP.ru
14.01.2024;LAKSH.ru
14.01.2024;LANS-DESIGN.ru
14.01.2024;LARAX.ru
14.01.2024;LARIONOVK.ru
14.01.2024;LASHTEAM.ru
14.01.2024;LATESTER.ru
14.01.2024;LAVAHOOKAH-KZN.ru
14.01.2024;LAVRAT.ru
14.01.2024;LAVSMB.ru
14.01.2024;LAZIO-TAGANROG.ru
14.01.2024;LAZIO-TNG.ru
14.01.2024;LBERTANLEYN.ru
14.01.2024;LD-PAY329902.ru
14.01.2024;LD-PAY409219.ru
14.01.2024;LD-PAY512201.ru
14.01.2024;LD-PAY523033.ru
14.01.2024;LD-PAY572166.ru
14.01.2024;LD-PAY582188.ru
14.01.2024;LD-PAY724118.ru
14.01.2024;LD-PAY742209.ru
14.01.2024;LD-PAY820455.ru
14.01.2024;LD-PAY820993.ru
14.01.2024;LEADINGWEDDINGS.ru
14.01.2024;LEADMAGNET2.ru
14.01.2024;LEGENDA-LE-O-LEYTIAN.ru
14.01.2024;LEGGINGS-VZAL.ru
14.01.2024;LEGITIMATEPORTAC.ru
14.01.2024;LEOREI96.ru
14.01.2024;LESA44.ru
14.01.2024;LESOPILKATLT.ru
14.01.2024;LESTNICISPB.ru
14.01.2024;LETROZOL.ru
14.01.2024;LEVELUPBYLB.ru
14.01.2024;LIANAAIR.ru
14.01.2024;LIAVVA.ru
14.01.2024;LIBES6.ru
14.01.2024;LIDIAILYD.ru
14.01.2024;LIFE-EVENT.ru
14.01.2024;LIFEASPLAY.ru
14.01.2024;LIFEPO4-AKB.ru
14.01.2024;LIFEPO4AKB.ru
14.01.2024;LIISKINS.ru
14.01.2024;LIKE-MED.ru
14.01.2024;LIM-BO.ru
14.01.2024;LINDA-CONCERT.ru
14.01.2024;LINDAXA.ru
14.01.2024;LINKED012.ru
14.01.2024;LIPTONGRIEF.ru
14.01.2024;LIR-RUS.ru
14.01.2024;LISAVAR.ru
14.01.2024;LISSKINSS.ru
14.01.2024;LIST-RUSADA.ru
14.01.2024;LISTRUSADA.ru
14.01.2024;LITE-CRM.ru
14.01.2024;LITSHORT.ru
14.01.2024;LIVECRAFTS.ru
14.01.2024;LIVETEXNO.ru
14.01.2024;LIVEVITAMINE.ru
14.01.2024;LIXIANG-AUTOPORT.ru
14.01.2024;LLHOUSE.ru
14.01.2024;LLMGAMESSTUDIO.ru
14.01.2024;LOAPT.ru
14.01.2024;LOGISTICN.ru
14.01.2024;LOGISTICSPROF.ru
14.01.2024;LOGOLEILA.ru
14.01.2024;LOGONEWS.ru
14.01.2024;LOGOZIKI.ru
14.01.2024;LOMBARD-V-SOCHI.ru
14.01.2024;LONDON-PARK-DOM.ru
14.01.2024;LONG-SPACE.ru
14.01.2024;LONSURF.ru
14.01.2024;LOPOTUNMEDVED.ru
14.01.2024;LOSKUTOVADARIA.ru
14.01.2024;LOVE-TKANI.ru
14.01.2024;LOVE18.ru
14.01.2024;LOVERULE.ru
14.01.2024;LOVEYOUG.ru
14.01.2024;LOWGAMES.ru
14.01.2024;LPSENDER.ru
14.01.2024;LRPROFI.ru
14.01.2024;LRUBOVSKAJA.ru
14.01.2024;LRUGLOVA.ru
14.01.2024;LSTUDIOEVA.ru
14.01.2024;LUCKY-1XBET624.ru
14.01.2024;LUCKY-JETX.ru
14.01.2024;LUCKYJET-PLAY-ZERKALO.ru
14.01.2024;LUCKYJETW.ru
14.01.2024;LUIZASELEZNEVA.ru
14.01.2024;LUNA29.ru
14.01.2024;LUNAVERA.ru
14.01.2024;LUNWAN.ru
14.01.2024;LUW41.ru
14.01.2024;LUX-NOMER.ru
14.01.2024;LUX-PODS.ru
14.01.2024;LV-SHKOL.ru
14.01.2024;LYSENKOVOLEG.ru
14.01.2024;M-FEDOR-SMIR.ru
14.01.2024;M-GLADKOV.ru
14.01.2024;M-L-O-D.ru
14.01.2024;MACROJOB.ru
14.01.2024;MAD-SERVERS.ru
14.01.2024;MADEINOCEAN.ru
14.01.2024;MADGENTI.ru
14.01.2024;MADUROVA.ru
14.01.2024;MAGIC-UP.ru
14.01.2024;MAGYA24.ru
14.01.2024;MAI-AUTO.ru
14.01.2024;MAIARADOST.ru
14.01.2024;MAIHEMAI.ru
14.01.2024;MAIIOR.ru
14.01.2024;MAIL-MAILER-ACCOUNTS.ru
14.01.2024;MAIL-PODKOLZIN.ru
14.01.2024;MAILDOMRU.ru
14.01.2024;MAILLKS.ru
14.01.2024;MAILSEARCH.ru
14.01.2024;MAINSMM.ru
14.01.2024;MAKAR751.ru
14.01.2024;MAKETSAIT1.ru
14.01.2024;MAKETSAIT2.ru
14.01.2024;MAKETSAIT3.ru
14.01.2024;MAKETSAIT4.ru
14.01.2024;MAKETSAIT5.ru
14.01.2024;MAKETSAIT6.ru
14.01.2024;MAKETSAIT7.ru
14.01.2024;MAKSIMGANZHA.ru
14.01.2024;MALEOKA.ru
14.01.2024;MALIONOVA.ru
14.01.2024;MALTSEVA-EVGENIYA.ru
14.01.2024;MALTSEVMARQ.ru
14.01.2024;MAN-IT-WORKSHOP.ru
14.01.2024;MANGALSHOW.ru
14.01.2024;MANIFESTORARCH.ru
14.01.2024;MAP-AI.ru
14.01.2024;MARBURGOBOI.ru
14.01.2024;MARINASHCHENOVA.ru
14.01.2024;MARINAVOSPITATEL.ru
14.01.2024;MARINE-MARKET.ru
14.01.2024;MARINEENSMAS.ru
14.01.2024;MARINERACING.ru
14.01.2024;MARISABETHE.ru
14.01.2024;MARKET-CSGO-OLD.ru
14.01.2024;MARKETING-GT.ru
14.01.2024;MARKETOLOG-PRO.ru
14.01.2024;MARKETONIC.ru
14.01.2024;MARKETTCSGO-NEW.ru
14.01.2024;MARKOVNAYA.ru
14.01.2024;MARLEATHER.ru
14.01.2024;MARLYRUSSIA.ru
14.01.2024;MARSHR.ru
14.01.2024;MARSRECRUIT.ru
14.01.2024;MARUMEBEL.ru
14.01.2024;MAS-CASE.ru
14.01.2024;MAS-SENDER.ru
14.01.2024;MASCASE.ru
14.01.2024;MASHROOT.ru
14.01.2024;MASHUP24.ru
14.01.2024;MAST-MOBILE.ru
14.01.2024;MASTERSKAYA-MANIKYURA.ru
14.01.2024;MASTERSKAYALZA.ru
14.01.2024;MASTERVIKING.ru
14.01.2024;MAT-CAT.ru
14.01.2024;MATEMAKES.ru
14.01.2024;MATHTUTORPRO.ru
14.01.2024;MATRASOFF174.ru
14.01.2024;MATUREWORLD.ru
14.01.2024;MAXIMERLIN.ru
14.01.2024;MAXROLL.ru
14.01.2024;MAXSLEEP.ru
14.01.2024;MAYBYSAFE.ru
14.01.2024;MAYKAMY.ru
14.01.2024;MBARMINA.ru
14.01.2024;MC-DARMINTIME.ru
14.01.2024;MCX-GOV.ru
14.01.2024;MD-SECRET.ru
14.01.2024;MDADM.ru
14.01.2024;MDSECRET.ru
14.01.2024;MDSHIN.ru
14.01.2024;MEARTSTUDIO.ru
14.01.2024;MEATFIX.ru
14.01.2024;MEBEL-ATLAS.ru
14.01.2024;MEBEL-ZIKO.ru
14.01.2024;MEBELGOOD03.ru
14.01.2024;MEDDSTAR.ru
14.01.2024;MEDIAGET-SETUP.ru
14.01.2024;MEDICPLUSPRO7.ru
14.01.2024;MEDYZZA.ru
14.01.2024;MEFEDRON-A-PVP.ru
14.01.2024;MEFEDRON-ALFA-PVP.ru
14.01.2024;MEFEDRON-ALPHA-PVP.ru
14.01.2024;MEFEDRON-AMPHETAMINE.ru
14.01.2024;MEFEDRON-COCAINE.ru
14.01.2024;MEFEDRON-GASHISH.ru
14.01.2024;MEFEDRON-GEROIN.ru
14.01.2024;MEFEDRON-HASHISH.ru
14.01.2024;MEFEDRON-LSD.ru
14.01.2024;MEFEDRON-MARIXUANA.ru
14.01.2024;MEFEDRON-MDMA.ru
14.01.2024;MEFEDRON-METADON.ru
14.01.2024;MEFEDRON-METHAMPHETAMINE.ru
14.01.2024;MEFEDRON-NBOME.ru
14.01.2024;MEGA555NET4.ru
14.01.2024;MEGAGADGETSTORE.ru
14.01.2024;MEGASBORKA.ru
14.01.2024;MEGASHIROKOVA.ru
14.01.2024;MEIDIZ.ru
14.01.2024;MELMINDSET.ru
14.01.2024;MEMORYOFANCESTORS.ru
14.01.2024;MEOWWOOF.ru
14.01.2024;MERCURYDAIRY.ru
14.01.2024;METALLIG.ru
14.01.2024;METOOL.ru
14.01.2024;MF-BOOKS.ru
14.01.2024;MFRAME.ru
14.01.2024;MIA-DEV.ru
14.01.2024;MIADEV.ru
14.01.2024;MICRO-SITE-DEMO.ru
14.01.2024;MICRO3DS.ru
14.01.2024;MIELRAMENKI.ru
14.01.2024;MIGEXCHANGE.ru
14.01.2024;MIISHOP.ru
14.01.2024;MIK-IT.ru
14.01.2024;MIKYAKOVLEV.ru
14.01.2024;MILELOG.ru
14.01.2024;MILIARAT.ru
14.01.2024;MILLIARAT.ru
14.01.2024;MINDSECRETS.ru
14.01.2024;MINECITY2.ru
14.01.2024;MINERALKA33.ru
14.01.2024;MINI-HOTEL-CHOCOLATE.ru
14.01.2024;MINIMAX3D.ru
14.01.2024;MINOBRNAUKI-GOV.ru
14.01.2024;MINOR-1.ru
14.01.2024;MINS-ONE.ru
14.01.2024;MINUS-MIX.ru
14.01.2024;MIRINDAVIT.ru
14.01.2024;MIRINDAVITA.ru
14.01.2024;MIROSTORIES.ru
14.01.2024;MISLITELS.ru
14.01.2024;MISTICMIR.ru
14.01.2024;MISTVALLEY.ru
14.01.2024;MIXKRISTI.ru
14.01.2024;MJP2.ru
14.01.2024;MKHAS.ru
14.01.2024;MLIOTT.ru
14.01.2024;MMAKC.ru
14.01.2024;MNENII.ru
14.01.2024;MNOGOOPTIC.ru
14.01.2024;MOALEV.ru
14.01.2024;MOBPAYS.ru
14.01.2024;MOBSENDER.ru
14.01.2024;MOD4APK.ru
14.01.2024;MOD4DROID.ru
14.01.2024;MODLAV-SAMARA.ru
14.01.2024;MODSTOP.ru
14.01.2024;MODUS-CRAFT.ru
14.01.2024;MOIWISH.ru
14.01.2024;MOIZAYAVLENIYA.ru
14.01.2024;MOKOSAN.ru
14.01.2024;MOKSELLE-DEV.ru
14.01.2024;MOLOHIN.ru
14.01.2024;MOLOKOIZBOCHKI.ru
14.01.2024;MONERON-SAKH.ru
14.01.2024;MONETA-TMN.ru
14.01.2024;MONEYCARDES.ru
14.01.2024;MONEYINCARDS.ru
14.01.2024;MONEYMOVEMENT.ru
14.01.2024;MONEYSIRONON.ru
14.01.2024;MONEYTRAIN2RU.ru
14.01.2024;MOREV-PRO.ru
14.01.2024;MOS-PROSTOR.ru
14.01.2024;MOSCOWCITYLOVE14.ru
14.01.2024;MOSPARTAVTO.ru
14.01.2024;MOSTESMEBEL.ru
14.01.2024;MOTO-GET.ru
14.01.2024;MOTO-OK.ru
14.01.2024;MOTPRICE.ru
14.01.2024;MOUNJARO-MOSCOW.ru
14.01.2024;MOVINGPROJECT.ru
14.01.2024;MOZZGG.ru
14.01.2024;MP-STROY19.ru
14.01.2024;MPBIGDATA.ru
14.01.2024;MPCTR.ru
14.01.2024;MPDATABASE.ru
14.01.2024;MPHH.ru
14.01.2024;MPHM.ru
14.01.2024;MPMONEYMOVEMENT.ru
14.01.2024;MPNETWORK.ru
14.01.2024;MPONE.ru
14.01.2024;MPTEAMS.ru
14.01.2024;MPWIKI.ru
14.01.2024;MPWORLD.ru
14.01.2024;MRSENDER.ru
14.01.2024;MSDMARKET.ru
14.01.2024;MSDOMEN.ru
14.01.2024;MSH3.ru
14.01.2024;MSK-AUTOGLASS.ru
14.01.2024;MSK-MAZLOVSKI.ru
14.01.2024;MSK-MODUL.ru
14.01.2024;MSPRYGIN.ru
14.01.2024;MSSCRAFT.ru
14.01.2024;MTA-GAMESIB.ru
14.01.2024;MTIHOMIROVA.ru
14.01.2024;MTSENDER.ru
14.01.2024;MTSKRD.ru
14.01.2024;MUHETDINOV-1.ru
14.01.2024;MUKASEJ.ru
14.01.2024;MUNAR-FASHION.ru
14.01.2024;MUNIMUNI.ru
14.01.2024;MUSE-ACCESSORIES.ru
14.01.2024;MUSEACCESSORIES.ru
14.01.2024;MUSIC-INST.ru
14.01.2024;MUST-HAVES.ru
14.01.2024;MUST-LESSON-NEWS.ru
14.01.2024;MUST-LESSON-PAPERS.ru
14.01.2024;MUST-READ-NEWS.ru
14.01.2024;MUST-READ-PAPERS.ru
14.01.2024;MUST-RECITAL-NEWS.ru
14.01.2024;MUST-RECITAL-PAPERS.ru
14.01.2024;MUST-STUDY-NEWS.ru
14.01.2024;MVEIS.ru
14.01.2024;MWO-PRO.ru
14.01.2024;MWRP.ru
14.01.2024;MY-SVC.ru
14.01.2024;MYASNOYDOM67.ru
14.01.2024;MYBEAUTYPLACE.ru
14.01.2024;MYCLOUD-MAIL.ru
14.01.2024;MYDESLAB.ru
14.01.2024;MYHOURS.ru
14.01.2024;MYHUNGARIANPROPERTY.ru
14.01.2024;MYKINDERGARTENS.ru
14.01.2024;MYMINTPEARL.ru
14.01.2024;MYSRVOBSCHAGA.ru
14.01.2024;MYSTERYWORLDTEAM.ru
14.01.2024;MYZHNINADOMUMIY24.ru
14.01.2024;N172.ru
14.01.2024;NACPANEL-SOCPANEL.ru
14.01.2024;NAIBERGER.ru
14.01.2024;NAIBUVSEH.ru
14.01.2024;NAKLEY-STICK.ru
14.01.2024;NAMEIS-SASHA-EGOROV.ru
14.01.2024;NAMZAIM.ru
14.01.2024;NARUZHREKLAMA.ru
14.01.2024;NARVARDESIGN.ru
14.01.2024;NASH-SLED.ru
14.01.2024;NASHSLED.ru
14.01.2024;NASTOZZZ.ru
14.01.2024;NATALIA-ZUBTSOVA.ru
14.01.2024;NATALIYA-YOUREVNA.ru
14.01.2024;NATALYAVODOPYANOVA.ru
14.01.2024;NATASHANOV.ru
14.01.2024;NAUCHASTOK.ru
14.01.2024;NAVERNOESHOW.ru
14.01.2024;NBADANOV.ru
14.01.2024;NCDOM.ru
14.01.2024;NCHERNYH.ru
14.01.2024;NDS-GURU.ru
14.01.2024;NE-BYDET-DOLGA24.ru
14.01.2024;NE-BYDET-DOLGOV24.ru
14.01.2024;NE-BYDISH-DOLZHEN.ru
14.01.2024;NE-BYDY-DOLZHNIK2024.ru
14.01.2024;NE-DOLGI-2024.ru
14.01.2024;NE-NYZHNO-PLATIT-DOLG.ru
14.01.2024;NE-PLATI-ZAKONNO2024.ru
14.01.2024;NE-PLATITE-DOLG24.ru
14.01.2024;NE-SPE-SHI.ru
14.01.2024;NECKROGATINAL.ru
14.01.2024;NECRO-TULA.ru
14.01.2024;NECROPOL-TULA.ru
14.01.2024;NEED-LESSON-NEWS.ru
14.01.2024;NEED-LESSON-PAPERS.ru
14.01.2024;NEED-READ-NEWS.ru
14.01.2024;NEED-READ-PAPERS.ru
14.01.2024;NEED-RECITAL-NEWS.ru
14.01.2024;NEED-STUDY-NEWS.ru
14.01.2024;NEEDSMEBEL.ru
14.01.2024;NEEKEE.ru
14.01.2024;NEMANAGER.ru
14.01.2024;NEO-LEND.ru
14.01.2024;NEO-LENDING.ru
14.01.2024;NEOLEND.ru
14.01.2024;NEOLENDING.ru
14.01.2024;NERADA.ru
14.01.2024;NERUPF.ru
14.01.2024;NESPLETNIK.ru
14.01.2024;NET-DOLG2024-NET.ru
14.01.2024;NET-DOLGY24.ru
14.01.2024;NETMANER.ru
14.01.2024;NETRUNR.ru
14.01.2024;NEURO-VREDENA.ru
14.01.2024;NEUROGRAFICS.ru
14.01.2024;NEVAWATCHHOUSE.ru
14.01.2024;NEW-KINOKRAD.ru
14.01.2024;NEWAGROSNAB.ru
14.01.2024;NEWARMOR.ru
14.01.2024;NEWBALANCEGLOBAL.ru
14.01.2024;NEWBORNCUTE.ru
14.01.2024;NEWCARD1.ru
14.01.2024;NEWINSTRUMENTI.ru
14.01.2024;NEWROMANOVO.ru
14.01.2024;NEWS2024DOSKA.ru
14.01.2024;NEWS4YOU78.ru
14.01.2024;NEWSOFTOPYZ.ru
14.01.2024;NGS-NUR.ru
14.01.2024;NI-KOMY-NI-DOLZHRN2024.ru
14.01.2024;NICETOFAQ.ru
14.01.2024;NIFTALIEVA.ru
14.01.2024;NIGUM.ru
14.01.2024;NIKANDRPOPOV.ru
14.01.2024;NIKBEL3476.ru
14.01.2024;NIKOLAYGUSEV.ru
14.01.2024;NIKZAYTS.ru
14.01.2024;NILSPROJECT.ru
14.01.2024;NIYURKIN.ru
14.01.2024;NMS-MED.ru
14.01.2024;NNCAR.ru
14.01.2024;NO-GAME.ru
14.01.2024;NOLEVIK51.ru
14.01.2024;NONNA-FASHION.ru
14.01.2024;NONNA-FASHIONN.ru
14.01.2024;NOOSPHERE-HOSTEL.ru
14.01.2024;NOSOVASCHOOL.ru
14.01.2024;NOSUGAR-1.ru
14.01.2024;NOTCOIN24.ru
14.01.2024;NOVOSPB.ru
14.01.2024;NRDCRW.ru
14.01.2024;NREUTSKAYA.ru
14.01.2024;NRG35.ru
14.01.2024;NRSRM.ru
14.01.2024;NS-PORTAL.ru
14.01.2024;NSK-HOME-SERVER.ru
14.01.2024;NSPORTAI.ru
14.01.2024;NSPOTAL.ru
14.01.2024;NT-CLOUD.ru
14.01.2024;NTC-MICROTRON.ru
14.01.2024;NUJUMU.ru
14.01.2024;NUMEROLOG-MK.ru
14.01.2024;NURIYAUMAI.ru
14.01.2024;NUTRIENTSLAB.ru
14.01.2024;O-DOLGAX2024.ru
14.01.2024;O-DOLGAX2024-ZABYDISH.ru
14.01.2024;O-DOLGE2024-ZABYDY.ru
14.01.2024;O-TIMUROVNA.ru
14.01.2024;OAUTH-SRV.ru
14.01.2024;OAUTHJAFIJWJ.ru
14.01.2024;OAUTHODNDJRIRB.ru
14.01.2024;OAUTHQUSBJSI.ru
14.01.2024;OAUTHSIWNEIDN.ru
14.01.2024;OAUTHUWHQBJS.ru
14.01.2024;OAZISYOGA.ru
14.01.2024;OBMEN-WOW.ru
14.01.2024;OBNYLIL-DOLG24.ru
14.01.2024;OBNYLIL-DOLGI-2024.ru
14.01.2024;OCENKAIMUSHESTVA.ru
14.01.2024;OCHANY.ru
14.01.2024;OCHKYFEDOROVA.ru
14.01.2024;OCTAVA-HYDRO.ru
14.01.2024;ODEONLIGHTS.ru
14.01.2024;ODIN-DOMA-LORDFILMY.ru
14.01.2024;ODINFOODS.ru
14.01.2024;OFD-ORD1375.ru
14.01.2024;OFD-ORD2200.ru
14.01.2024;OFD-ORD4287.ru
14.01.2024;OFD-ORD5503.ru
14.01.2024;OFD-ORD6608.ru
14.01.2024;OFD-ORD7142.ru
14.01.2024;OFD-ORD8428.ru
14.01.2024;OFD-ORD8602.ru
14.01.2024;OFD-ORD8752.ru
14.01.2024;OFD-ORD9023.ru
14.01.2024;OFD-ORD9397.ru
14.01.2024;OFD-ORD9672.ru
14.01.2024;OFFICERESO.ru
14.01.2024;OFFICIAL66.ru
14.01.2024;OFTALMOLOG48.ru
14.01.2024;OGONIVODA-GAMES.ru
14.01.2024;OKOLCHIN.ru
14.01.2024;OKOLOBOYA.ru
14.01.2024;OKX-V.ru
14.01.2024;OKX-W.ru
14.01.2024;OL-BU.ru
14.01.2024;OLD-LVR.ru
14.01.2024;OLD3GG.ru
14.01.2024;OLD44355.ru
14.01.2024;OLDLUCHXAK.ru
14.01.2024;OLEG-LOKHOV.ru
14.01.2024;OLGA-DEGTYAREVA.ru
14.01.2024;OLGA-GALLERY.ru
14.01.2024;OLGANASIBULLINA.ru
14.01.2024;OLIMP-MAG.ru
14.01.2024;OLIMP-PERMANENT.ru
14.01.2024;OLYASH02.ru
14.01.2024;OLYMP-SOCHI-LAND.ru
14.01.2024;OMAE-MOU-SHINDEI.ru
14.01.2024;OMNIBLOG.ru
14.01.2024;ONESTOPSHOPVISA.ru
14.01.2024;ONFITCLUB.ru
14.01.2024;ONLAYNDOM.ru
14.01.2024;ONLINE-55.ru
14.01.2024;ONLINE-ANKETA24.ru
14.01.2024;ONLINE-CHAT-GPT.ru
14.01.2024;ONLINE-OPROS-3000.ru
14.01.2024;ONLINE-OPROS3000.ru
14.01.2024;ONLINEASTRAL.ru
14.01.2024;ONLINECHAT-GPT.ru
14.01.2024;ONLINEDEBETCARD.ru
14.01.2024;ONLINEFACTORY2024.ru
14.01.2024;ONLINEOPROS3000.ru
14.01.2024;ONLINESALES2024.ru
14.01.2024;ONVIZ-SPB.ru
14.01.2024;OPEN24-ANKETA.ru
14.01.2024;OPENBANKINGAPI.ru
14.01.2024;OPENDBAI.ru
14.01.2024;OPERSTORE.ru
14.01.2024;OPLATA2146.ru
14.01.2024;OPLATA2147.ru
14.01.2024;OPRS-ANKETA.ru
14.01.2024;OPT-MOS.ru
14.01.2024;OPT-TUNING.ru
14.01.2024;OPTDRV.ru
14.01.2024;OPTOVICHOK-TOYS.ru
14.01.2024;ORB03.ru
14.01.2024;ORBITA77.ru
14.01.2024;ORDER-4733.ru
14.01.2024;ORDER-ID0491.ru
14.01.2024;ORDER0240.ru
14.01.2024;ORDER0450.ru
14.01.2024;ORDER1811.ru
14.01.2024;ORDER2658.ru
14.01.2024;ORDER3648.ru
14.01.2024;ORDER3733.ru
14.01.2024;ORDER4043.ru
14.01.2024;ORDER4845.ru
14.01.2024;ORDER6325.ru
14.01.2024;ORDER6367.ru
14.01.2024;ORDER6528.ru
14.01.2024;ORDER7385.ru
14.01.2024;ORDER7492.ru
14.01.2024;ORDER8442.ru
14.01.2024;ORDER8904.ru
14.01.2024;ORDER8930.ru
14.01.2024;ORDWB.ru
14.01.2024;ORENAVPP.ru
14.01.2024;ORIGINMC.ru
14.01.2024;ORION-AL.ru
14.01.2024;OSAGO-CASKO.ru
14.01.2024;OSAGOGEST.ru
14.01.2024;OSAGOMASS.ru
14.01.2024;OSHEAN.ru
14.01.2024;OSIPENKOIRINA.ru
14.01.2024;OSUSHI73.ru
14.01.2024;OSWOOD.ru
14.01.2024;OTPYSTI-DOLGI24.ru
14.01.2024;OTPYSTI-ZADOLZHENNOSTI.ru
14.01.2024;OTREZINYDODISKOV.ru
14.01.2024;OTZOVIK-FORUM.ru
14.01.2024;OTZOVIK-SPACE.ru
14.01.2024;OURANCESTRY.ru
14.01.2024;OUTLETSONLINE2024.ru
14.01.2024;OVALYANII.ru
14.01.2024;OVCODA.ru
14.01.2024;OVERDARVINAH.ru
14.01.2024;OVOLGODONSKE.ru
14.01.2024;OWN-HOME-SERVER.ru
14.01.2024;OZ-TROITSA.ru
14.01.2024;OZANTON.ru
14.01.2024;OZONCTR.ru
14.01.2024;OZONDB.ru
14.01.2024;OZONSTAT.ru
14.01.2024;OZONSTATS.ru
14.01.2024;P-SENDER.ru
14.01.2024;P0ZDRAV.ru
14.01.2024;PACEMAKERS.ru
14.01.2024;PAGE-7313.ru
14.01.2024;PAHIEV.ru
14.01.2024;PAKOLURAL.ru
14.01.2024;PALLETIK.ru
14.01.2024;PALLONI.ru
14.01.2024;PANDAMAIL.ru
14.01.2024;PAPAJALUZI-TLT.ru
14.01.2024;PAPILLOXAN.ru
14.01.2024;PARADOXMANAGER.ru
14.01.2024;PARIMOBIL.ru
14.01.2024;PARKGRAM.ru
14.01.2024;PARNIK33.ru
14.01.2024;PARTNERHOSTING.ru
14.01.2024;PARTNERR93.ru
14.01.2024;PASHOG.ru
14.01.2024;PASSPORT-VANUATU.ru
14.01.2024;PAV-TOP.ru
14.01.2024;PAY-4673.ru
14.01.2024;PAY-ID432115.ru
14.01.2024;PAY-ID723511.ru
14.01.2024;PAY-ID897432.ru
14.01.2024;PAYBITE.ru
14.01.2024;PAYBOSS.ru
14.01.2024;PAYCALENDAR.ru
14.01.2024;PAYCHIEF.ru
14.01.2024;PAYD18.ru
14.01.2024;PAYD19.ru
14.01.2024;PAYDOME.ru
14.01.2024;PAYLONE.ru
14.01.2024;PAYMAGIC.ru
14.01.2024;PAYMEISTER.ru
14.01.2024;PAYMOCK.ru
14.01.2024;PAYONGO.ru
14.01.2024;PAYPOLL.ru
14.01.2024;PAYPULL.ru
14.01.2024;PAYRECURRENT.ru
14.01.2024;PAYROCK.ru
14.01.2024;PAYRULES.ru
14.01.2024;PAYTECHLAB.ru
14.01.2024;PAYTHER.ru
14.01.2024;PAYVIBE.ru
14.01.2024;PBARYSHEV.ru
14.01.2024;PC-SARATOV.ru
14.01.2024;PCHELP-MOSHKOVO.ru
14.01.2024;PCMASTER72.ru
14.01.2024;PECHI-TALKOFF-C.ru
14.01.2024;PECHNIK36.ru
14.01.2024;PEGACTOUR.ru
14.01.2024;PENDLETONS.ru
14.01.2024;PENSION-FORUM.ru
14.01.2024;PEREGONSCHIK.ru
14.01.2024;PEREGONSCHIKI.ru
14.01.2024;PEREVERZEVA-1.ru
14.01.2024;PERFECT-SENDER.ru
14.01.2024;PERFUMEDUDE.ru
14.01.2024;PERSPECTIVA-ANO.ru
14.01.2024;PERSPECTIVA-UC.ru
14.01.2024;PESOK-V-MYTISCHI.ru
14.01.2024;PETDOCSPB.ru
14.01.2024;PETR-AKIMOV.ru
14.01.2024;PETRO-DOMUS.ru
14.01.2024;PETROKAMAUTO.ru
14.01.2024;PETROVICH-KATALOG.ru
14.01.2024;PETROVSKYARSENAL.ru
14.01.2024;PFIZER-ZARONTIN.ru
14.01.2024;PH-CONSTRUCTION.ru
14.01.2024;PHANKSTO.ru
14.01.2024;PHBAGGI.ru
14.01.2024;PHCONSTRUCTION.ru
14.01.2024;PHENIX-DNR.ru
14.01.2024;PHOTOCATALOGS.ru
14.01.2024;PHOTOGRAPH-POLINA-ROSTOVNADONU.ru
14.01.2024;PHOTOREALIISM.ru
14.01.2024;PHOTOREALISMM.ru
14.01.2024;PHOTOREALLISM.ru
14.01.2024;PHOTOZYRIANOVA.ru
14.01.2024;PHPNINE.ru
14.01.2024;PIATHIAN.ru
14.01.2024;PICASO-DIAGNOSTIC.ru
14.01.2024;PICASSODIAGNOSTIC.ru
14.01.2024;PICKYOURVOICE2WHATS.ru
14.01.2024;PILA-LORDFILMS.ru
14.01.2024;PILGRIMS-THEATRE.ru
14.01.2024;PILING-PRO.ru
14.01.2024;PINGUIN21.ru
14.01.2024;PIONATIME.ru
14.01.2024;PIPELINE-WELD.ru
14.01.2024;PITERKONDITER.ru
14.01.2024;PITOMNIKBONSAI.ru
14.01.2024;PIVOVAROVA-VI.ru
14.01.2024;PIXELTEST.ru
14.01.2024;PKEZ.ru
14.01.2024;PLATICHINA.ru
14.01.2024;PLAY-LUFILE.ru
14.01.2024;PLAYFORTUNA9.ru
14.01.2024;PLAYRENT22.ru
14.01.2024;PLOTTER-CE700.ru
14.01.2024;PLOTTER-ZAKAZ.ru
14.01.2024;PLTCH.ru
14.01.2024;PLUSSIZESTYLE.ru
14.01.2024;PLZDONATE.ru
14.01.2024;POCKETANALYTICS.ru
14.01.2024;PODEM-24.ru
14.01.2024;PODLESHYK.ru
14.01.2024;PODOLSK-SEX.ru
14.01.2024;POEZDSERCH.ru
14.01.2024;POJDELO-JOURNAL.ru
14.01.2024;POKERHUB24.ru
14.01.2024;POLEMICIYAWNIN.ru
14.01.2024;POLICYPLUS.ru
14.01.2024;POLIGRAFINYA.ru
14.01.2024;POLITAKS41.ru
14.01.2024;POLITIES.ru
14.01.2024;POLITSYSTEMS.ru
14.01.2024;POLYGARDEN.ru
14.01.2024;POLYGON-STROY.ru
14.01.2024;POLYUBVI72.ru
14.01.2024;POMYTKINA-EFIMOVA.ru
14.01.2024;PONRAVITSA.ru
14.01.2024;POPFROGLAND.ru
14.01.2024;PORT-KUMERTAL.ru
14.01.2024;PORULER.ru
14.01.2024;POSCHITAI.ru
14.01.2024;POSLE-LORD-FILM.ru
14.01.2024;POSTELELITE.ru
14.01.2024;POSTELNOYE-BEST.ru
14.01.2024;POSTERWOW.ru
14.01.2024;POTOLKIPRO39.ru
14.01.2024;POWERGARANT.ru
14.01.2024;POWERWEBZ.ru
14.01.2024;POWGEN.ru
14.01.2024;PR-REVIEWS.ru
14.01.2024;PREMIUMGURU.ru
14.01.2024;PREMIUMMEGASUN.ru
14.01.2024;PRESSET.ru
14.01.2024;PRIMADIGIT-VCARD.ru
14.01.2024;PRIME-AGENCY.ru
14.01.2024;PRIME-VILLA.ru
14.01.2024;PRIME-VILLAGE.ru
14.01.2024;PRIMIKEA.ru
14.01.2024;PRIMTO.ru
14.01.2024;PRIMZONA.ru
14.01.2024;PRINT-2.ru
14.01.2024;PRINTOVYI-MAGAZIN-ODEJDY.ru
14.01.2024;PRIZZM.ru
14.01.2024;PRO-DOU.ru
14.01.2024;PRO-KLEMATIS.ru
14.01.2024;PRO-NASLEDIE.ru
14.01.2024;PRO127.ru
14.01.2024;PROBRACE.ru
14.01.2024;PRODELEGIROVANIE.ru
14.01.2024;PRODETCKISAD.ru
14.01.2024;PROEKT-NASLEDIE.ru
14.01.2024;PROEKTIRUEMITOCHKA.ru
14.01.2024;PROEKTNASLEDIE.ru
14.01.2024;PROFBETON-UL.ru
14.01.2024;PROFESSOR4-6.ru
14.01.2024;PROFFSELLER.ru
14.01.2024;PROFIK-MAG.ru
14.01.2024;PROFIKMAG.ru
14.01.2024;PROFITBOOST.ru
14.01.2024;PROFMAXREMONT.ru
14.01.2024;PROFREIN-ZEUS.ru
14.01.2024;PROGERKOT.ru
14.01.2024;PROGNOZY-SPORT.ru
14.01.2024;PROGOLOSSUI-WATTSAP.ru
14.01.2024;PROGYXBOT.ru
14.01.2024;PROHEADSETS.ru
14.01.2024;PROIDOHA.ru
14.01.2024;PROJECT-PR.ru
14.01.2024;PROKLADOVKA.ru
14.01.2024;PROM-SEPT.ru
14.01.2024;PROM-SEPTIK.ru
14.01.2024;PROM-SEPTIKI.ru
14.01.2024;PROMOSKID.ru
14.01.2024;PROMSEPT.ru
14.01.2024;PROPAGANDA-GANGSTA.ru
14.01.2024;PROSEWIING.ru
14.01.2024;PROSHLOE-ZAVTRA.ru
14.01.2024;PROSTOISTORII.ru
14.01.2024;PROSVEN.ru
14.01.2024;PROSVET-LOFT.ru
14.01.2024;PROTECTIONBEAT.ru
14.01.2024;PROVERKABIZ.ru
14.01.2024;PROXYINSIDER.ru
14.01.2024;PROYDOHA.ru
14.01.2024;PRSPKTV360.ru
14.01.2024;PSIHOK.ru
14.01.2024;PSKOVSTROYKA.ru
14.01.2024;PSKRIS.ru
14.01.2024;PSLDNDP.ru
14.01.2024;PSY-TATYANA-BELOUSOVA.ru
14.01.2024;PSYCHOLOGKIDS.ru
14.01.2024;PSYCOLLEGA.ru
14.01.2024;PTICASHOP.ru
14.01.2024;PTOPRINT.ru
14.01.2024;PTOVL.ru
14.01.2024;PUBLICSPACES17.ru
14.01.2024;PUBLISH-ANKETA.ru
14.01.2024;PULSEOFRUSSIA.ru
14.01.2024;PUNTA-CANA-TOP2024.ru
14.01.2024;PUPYNINCORPORATION.ru
14.01.2024;PUREPLATFORM.ru
14.01.2024;PUSH-SENDER.ru
14.01.2024;PUSTOVOIT-DASHA.ru
14.01.2024;PUTIKRASOTI.ru
14.01.2024;PYATACHOK220.ru
14.01.2024;PYMC.ru
14.01.2024;PYTHONWEB.ru
14.01.2024;PZ4WPZ.ru
14.01.2024;PZDCSOUNDSYSTEM.ru
14.01.2024;QAULITYWOOD.ru
14.01.2024;QERANCHE.ru
14.01.2024;QFFF.ru
14.01.2024;QIZQALASIHOTEL.ru
14.01.2024;QQBB-NEWYUZ.ru
14.01.2024;QUADRANT-GROUP.ru
14.01.2024;QUEENOFHERBS.ru
14.01.2024;QUICK-GARANT.ru
14.01.2024;QUIZTERRA.ru
14.01.2024;QUOREX.ru
14.01.2024;QVETY.ru
14.01.2024;QWINNTY.ru
14.01.2024;R1MO.ru
14.01.2024;R6ZJTA.ru
14.01.2024;RA-BRANDMEDIA.ru
14.01.2024;RABBIT-R1.ru
14.01.2024;RABBITR1.ru
14.01.2024;RACECOIN.ru
14.01.2024;RADUGA-BEZOPASNOSTI.ru
14.01.2024;RAMEN-BET-WW.ru
14.01.2024;RAMENBET-FD.ru
14.01.2024;RAMENBET-HG.ru
14.01.2024;RAMENBETQQ.ru
14.01.2024;RANDEWOUS.ru
14.01.2024;RANDEWOUZ.ru
14.01.2024;RANDEWWO.ru
14.01.2024;RANGULOVA.ru
14.01.2024;RAPID32.ru
14.01.2024;RARPIC.ru
14.01.2024;RASCHET-BUSINESS.ru
14.01.2024;RASHKINO.ru
14.01.2024;RASSTANOVOK.ru
14.01.2024;RAVISHOP.ru
14.01.2024;RAZMAG.ru
14.01.2024;RAZORSHARKRU2.ru
14.01.2024;RAZVALKA.ru
14.01.2024;RBXLAVA.ru
14.01.2024;RCHAUNAA.ru
14.01.2024;RCHERNOVA.ru
14.01.2024;RCOKO-RSO.ru
14.01.2024;RD-GLOBAL.ru
14.01.2024;RE-STATUSS22.ru
14.01.2024;READL.ru
14.01.2024;REALDRAW.ru
14.01.2024;REALESTATE-SOCHI23.ru
14.01.2024;REALESTATE42.ru
14.01.2024;REALFIGHTWORLD.ru
14.01.2024;REBELSABLE.ru
14.01.2024;RECOMEND24.ru
14.01.2024;RECRUIT2MARS.ru
14.01.2024;REDTOWNMC.ru
14.01.2024;REENAZARISA.ru
14.01.2024;REG-NOMER.ru
14.01.2024;REGIONZKH.ru
14.01.2024;REGISTRACIYA-VAVADA.ru
14.01.2024;REGTECHLAB.ru
14.01.2024;REHASHINGWIZAR.ru
14.01.2024;REKLAMA-ADMIRAL.ru
14.01.2024;REKLAMA-OT-RSYA-4.ru
14.01.2024;REKLAMNO-PROIZVODSTVENNAYA-KOMPANIYA-A.ru
14.01.2024;REM-GRUPP.ru
14.01.2024;REMONT-DRONOV-ROSTOV.ru
14.01.2024;REMONT-STIRALNYH-LUGANSK.ru
14.01.2024;REMONTEZEHLPMU24.ru
14.01.2024;REMONTKAK.ru
14.01.2024;REMONTMKD42.ru
14.01.2024;REMONTULSK.ru
14.01.2024;REMONTUPLUS.ru
14.01.2024;REMTORGOB.ru
14.01.2024;RENDEWO.ru
14.01.2024;RENT212.ru
14.01.2024;RENT47.ru
14.01.2024;RENTNEST.ru
14.01.2024;RESIDENT-ALIEN.ru
14.01.2024;RESTATUS-TOMSK.ru
14.01.2024;RESTATUS142.ru
14.01.2024;RESTATUS42.ru
14.01.2024;RESTORAN-AMUR.ru
14.01.2024;RETIVO.ru
14.01.2024;RETROPLAKAT.ru
14.01.2024;REVIZORROSCHOOL.ru
14.01.2024;REVYOS.ru
14.01.2024;RIELT27.ru
14.01.2024;RINGPRINT.ru
14.01.2024;RIOBET187.ru
14.01.2024;RIRFDA.ru
14.01.2024;RITUAL-MS.ru
14.01.2024;RITUAL-TRANSIT.ru
14.01.2024;RIXMEDIA.ru
14.01.2024;RLVOVA.ru
14.01.2024;RNAISCIENCE.ru
14.01.2024;ROAD23.ru
14.01.2024;ROBUST-SOFT.ru
14.01.2024;ROBUXPLANET.ru
14.01.2024;ROCKYOUAPI.ru
14.01.2024;RODENT-CLUB.ru
14.01.2024;RODINA-SUPREME.ru
14.01.2024;ROFL-TV.ru
14.01.2024;ROGIZOBILIYA.ru
14.01.2024;ROKHOEVA.ru
14.01.2024;ROLLY-GAMES.ru
14.01.2024;ROMANTIC-MOSCOW15.ru
14.01.2024;ROMANTICSKY14.ru
14.01.2024;RORROH.ru
14.01.2024;ROSANALYT.ru
14.01.2024;ROSKAZNAGOV.ru
14.01.2024;ROSTREMONT.ru
14.01.2024;ROXEXMEBEL.ru
14.01.2024;RPHORROR.ru
14.01.2024;RU-09.ru
14.01.2024;RU-1XBET.ru
14.01.2024;RU-VULKAN.ru
14.01.2024;RU009.ru
14.01.2024;RU3B.ru
14.01.2024;RUBASHKI-IZLNA.ru
14.01.2024;RUDNITSKAJA.ru
14.01.2024;RUGAMESSTUDIO.ru
14.01.2024;RUMEGAMARKET.ru
14.01.2024;RUMYANTZEV.ru
14.01.2024;RUNES2.ru
14.01.2024;RUNOAMALIE.ru
14.01.2024;RUS-APKS.ru
14.01.2024;RUS-BRANDS.ru
14.01.2024;RUSCUISINEAMBASSADOR.ru
14.01.2024;RUSINFORMATOR.ru
14.01.2024;RUSMOTORLIFE.ru
14.01.2024;RUSMULTIK.ru
14.01.2024;RUSSADA.ru
14.01.2024;RUSSDA.ru
14.01.2024;RUSSIKEA.ru
14.01.2024;RUSSKIISADOVNIK.ru
14.01.2024;RUSSKIY-DOM24.ru
14.01.2024;RUSTAMS.ru
14.01.2024;RUTUAL-MS.ru
14.01.2024;RUZMATOVA.ru
14.01.2024;RVDMACHINE.ru
14.01.2024;RWDBMW.ru
14.01.2024;RWYA.ru
14.01.2024;RY09.ru
14.01.2024;RYSADA.ru
14.01.2024;RZHALILOV.ru
14.01.2024;S-MARINA-PSYCHOLOGIST.ru
14.01.2024;SAFAROV-PRO.ru
14.01.2024;SAGAS-BRAND.ru
14.01.2024;SAGGERER.ru
14.01.2024;SAIFIELD.ru
14.01.2024;SAILANAX.ru
14.01.2024;SAINTBUKET.ru
14.01.2024;SAITDONLIN-TEMP-SWTEST.ru
14.01.2024;SALAMOVA.ru
14.01.2024;SALE-ATOM-MONOCL.ru
14.01.2024;SALE-SPORTKOSTYMI.ru
14.01.2024;SALEOPTOM.ru
14.01.2024;SALESAICRM.ru
14.01.2024;SALON-BEAUTY-BY-LINALAB.ru
14.01.2024;SALONBYS.ru
14.01.2024;SALTMARKETING.ru
14.01.2024;SALUMI-CRAFT.ru
14.01.2024;SAMARA-IPHONE.ru
14.01.2024;SAMARA24-7DOSTAVKA.ru
14.01.2024;SAMARADOC.ru
14.01.2024;SAMARAMET63.ru
14.01.2024;SAMOGON-SITE.ru
14.01.2024;SANELL.ru
14.01.2024;SANGE1.ru
14.01.2024;SANTECHNICK.ru
14.01.2024;SANTECNIC.ru
14.01.2024;SANTECNICK.ru
14.01.2024;SANTEKH-23.ru
14.01.2024;SANTEKH-39.ru
14.01.2024;SASAID.ru
14.01.2024;SASFICTO.ru
14.01.2024;SASHA-I-KATE.ru
14.01.2024;SASHAKULIK.ru
14.01.2024;SAVARENKOV.ru
14.01.2024;SAVFEA.ru
14.01.2024;SAVVIT.ru
14.01.2024;SAYTIMOVA.ru
14.01.2024;SBEBRANK.ru
14.01.2024;SBERBANM.ru
14.01.2024;SBERGANK.ru
14.01.2024;SBERVANK.ru
14.01.2024;SBI-SBERBANK.ru
14.01.2024;SBIAS.ru
14.01.2024;SBVB.ru
14.01.2024;SCALLYFISHBOT.ru
14.01.2024;SCAMCOIN.ru
14.01.2024;SCANDICDOG.ru
14.01.2024;SCANNING-3D.ru
14.01.2024;SCANNING3D.ru
14.01.2024;SCHNEIDER-ATLAS-DESIGN.ru
14.01.2024;SCHOOL-BALEOFACTORY.ru
14.01.2024;SCHOOL-NC.ru
14.01.2024;SCHOOL-VORONTSOVA.ru
14.01.2024;SCHOOL87-VRN.ru
14.01.2024;SCHOOL9-ELZ.ru
14.01.2024;SCHOOL99-ASIOU.ru
14.01.2024;SCHOOLYOUTUBERNAYA.ru
14.01.2024;SCI-BASE.ru
14.01.2024;SCRAPYR.ru
14.01.2024;SDAVA.ru
14.01.2024;SDELKA7377.ru
14.01.2024;SDUSSHOR-7.ru
14.01.2024;SEAMONSSTER.ru
14.01.2024;SEARCH-MEGAMARKET.ru
14.01.2024;SEBRBANK.ru
14.01.2024;SECR-MAIL.ru
14.01.2024;SEE-KOROLEV.ru
14.01.2024;SELECTA-COMPANY.ru
14.01.2024;SELECTOR59.ru
14.01.2024;SELLER-THEATR.ru
14.01.2024;SELO-KAMAKHAL.ru
14.01.2024;SELOALTAYSKOE.ru
14.01.2024;SELOMEDIA.ru
14.01.2024;SEND-ANKETA.ru
14.01.2024;SENDER-CARTELLONE.ru
14.01.2024;SENDER-DISKLIKE.ru
14.01.2024;SENDER-I-1-I.ru
14.01.2024;SENDER-INFOBIZNESLIFE.ru
14.01.2024;SENDER1.ru
14.01.2024;SENDER2.ru
14.01.2024;SENDER4.ru
14.01.2024;SENDER5.ru
14.01.2024;SENDER67.ru
14.01.2024;SENDERH.ru
14.01.2024;SENDERMASTER.ru
14.01.2024;SENDERNIC.ru
14.01.2024;SENDERPECHKIN.ru
14.01.2024;SENDERSENDER.ru
14.01.2024;SEO-COURSES.ru
14.01.2024;SEOPROSOLUTIONS.ru
14.01.2024;SEOPTIMO.ru
14.01.2024;SEPTIC4SEZONA.ru
14.01.2024;SERGEGLEBOV.ru
14.01.2024;SERGROZHKOV.ru
14.01.2024;SERIALPUNK.ru
14.01.2024;SERVAS8.ru
14.01.2024;SERVICE-9013.ru
14.01.2024;SES-KRAS.ru
14.01.2024;SETI-TAT.ru
14.01.2024;SETSITI.ru
14.01.2024;SEVASMTF.ru
14.01.2024;SEVBILET.ru
14.01.2024;SEVERSTROYMAG.ru
14.01.2024;SEVERYANKABOX.ru
14.01.2024;SEWINGPRO.ru
14.01.2024;SGALAKTIONOV.ru
14.01.2024;SHACMAN-S.ru
14.01.2024;SHAD-TCHUP-LING.ru
14.01.2024;SHADYANDCHIC.ru
14.01.2024;SHALEVDAHOVSKOY.ru
14.01.2024;SHAMILALIEV.ru
14.01.2024;SHAMOLUZ.ru
14.01.2024;SHARELY.ru
14.01.2024;SHAURMA-1.ru
14.01.2024;SHEBUY.ru
14.01.2024;SHEIR.ru
14.01.2024;SHELLESHES.ru
14.01.2024;SHICARD.ru
14.01.2024;SHIMANSKAYARU.ru
14.01.2024;SHINA24INFO.ru
14.01.2024;SHINKYOKUSHINDOJO.ru
14.01.2024;SHKOLA-BOLSHOGO-TEATRA.ru
14.01.2024;SHKOLA14-BOTALOVO.ru
14.01.2024;SHKOLA3-BG.ru
14.01.2024;SHLYUKHI-TYUMENI.ru
14.01.2024;SHOLOHOV57.ru
14.01.2024;SHOOTMEUP.ru
14.01.2024;SHOP2024SALE.ru
14.01.2024;SHOS2007.ru
14.01.2024;SHOULD-LESSON-NEWS.ru
14.01.2024;SHOULD-LESSON-PAPERS.ru
14.01.2024;SHOULD-READ-NEWS.ru
14.01.2024;SHOULD-READ-PAPERS.ru
14.01.2024;SHOULD-RECITAL-NEWS.ru
14.01.2024;SHOULD-STUDY-NEWS.ru
14.01.2024;SHPLS.ru
14.01.2024;SHTIRTSCKOBER.ru
14.01.2024;SHTRAYKHER.ru
14.01.2024;SHTUKATURKA-NA-DONU.ru
14.01.2024;SHUKHA.ru
14.01.2024;SHVECARSKIY-STIL.ru
14.01.2024;SIB-SALE.ru
14.01.2024;SIBERIA-GROUPANALYSIS.ru
14.01.2024;SIBHP.ru
14.01.2024;SIBURCAMP.ru
14.01.2024;SIDELKI54.ru
14.01.2024;SIDYAMEMN.ru
14.01.2024;SIGAFORUM.ru
14.01.2024;SIGAINFO.ru
14.01.2024;SIGAYTSEV.ru
14.01.2024;SIGMA-RP.ru
14.01.2024;SIGNAGENCY.ru
14.01.2024;SILADRAKONA.ru
14.01.2024;SILENT-MOVINGS.ru
14.01.2024;SILENTCAR.ru
14.01.2024;SILKEERS.ru
14.01.2024;SIMKIOPTOM.ru
14.01.2024;SIMPLECARD1.ru
14.01.2024;SIMPLESENDER.ru
14.01.2024;SINAPTORIA.ru
14.01.2024;SINGLESOLUTION.ru
14.01.2024;SINODEAL.ru
14.01.2024;SINSOL.ru
14.01.2024;SK-ARGEST.ru
14.01.2024;SK-VICTORIA.ru
14.01.2024;SKAZITE.ru
14.01.2024;SKIDKI-NORM.ru
14.01.2024;SKIDKI-SHOP.ru
14.01.2024;SKILFOLIO.ru
14.01.2024;SKILLSENDER.ru
14.01.2024;SKM1.ru
14.01.2024;SKORAYAPOMOSH1.ru
14.01.2024;SKRIPNIKDESIGN.ru
14.01.2024;SKSMACHINERY.ru
14.01.2024;SKSWORLD.ru
14.01.2024;SKUPKA-53.ru
14.01.2024;SKYCAPITAL-DEMO.ru
14.01.2024;SKYPKA74.ru
14.01.2024;SKYSENDER.ru
14.01.2024;SLAVA-CONCERT.ru
14.01.2024;SLAVEPANEL.ru
14.01.2024;SLOT-CONCERT.ru
14.01.2024;SLOVOPACANAKROS.ru
14.01.2024;SLOVOPACANBU.ru
14.01.2024;SLOVOPACANET.ru
14.01.2024;SLOVOPACANET-1.ru
14.01.2024;SLOVOPACANET-1-8.ru
14.01.2024;SLOVOPACANET18.ru
14.01.2024;SLOVOPACANGU.ru
14.01.2024;SLOVOPACENHD.ru
14.01.2024;SLOVOPACENY.ru
14.01.2024;SMART-REVIEW-SHOP.ru
14.01.2024;SMART43.ru
14.01.2024;SMARTACOUSTICA.ru
14.01.2024;SMARTACUSTICA.ru
14.01.2024;SMARTCARD24.ru
14.01.2024;SMARTFINBOT.ru
14.01.2024;SMARTFUELING5.ru
14.01.2024;SMARTPPC.ru
14.01.2024;SMARTRESENDER.ru
14.01.2024;SMARTTECHSERVICE.ru
14.01.2024;SMARTVIPSHOP.ru
14.01.2024;SMITEGAME.ru
14.01.2024;SMITHDEVELOPERS.ru
14.01.2024;SMOKE-BROTHERS.ru
14.01.2024;SMSENDER.ru
14.01.2024;SNK-DOM.ru
14.01.2024;SNLKBR.ru
14.01.2024;SNTOLYMP.ru
14.01.2024;SOBERVIEW.ru
14.01.2024;SOBOLEVA-BEAUTY.ru
14.01.2024;SOCHI-SUKHUM.ru
14.01.2024;SOFAND.ru
14.01.2024;SOFINEVSKAYA.ru
14.01.2024;SOFT-GIGA.ru
14.01.2024;SOFYTOYS.ru
14.01.2024;SOLID-ELECTRO.ru
14.01.2024;SOLID-ENERGO.ru
14.01.2024;SOLID-STORE.ru
14.01.2024;SOLLERS-SOCHI.ru
14.01.2024;SOLNCEVAGULA.ru
14.01.2024;SON8.ru
14.01.2024;SONNANDA.ru
14.01.2024;SORBENTBIO.ru
14.01.2024;SORRYIAMKUKU.ru
14.01.2024;SOSBUTTON.ru
14.01.2024;SOSPAS.ru
14.01.2024;SOTTOMARINODESIGN.ru
14.01.2024;SOUEAST-MOTOR.ru
14.01.2024;SOUEASTMOTOR.ru
14.01.2024;SOULOFCHIMERA.ru
14.01.2024;SOUNDMASKING.ru
14.01.2024;SOUNDOMSK.ru
14.01.2024;SOVET-MYSKHAKO.ru
14.01.2024;SOZIDATELI-RUSSIA.ru
14.01.2024;SPACEPRINCE.ru
14.01.2024;SPAMOON.ru
14.01.2024;SPAN12.ru
14.01.2024;SPARK-LITE.ru
14.01.2024;SPARTAK-VL.ru
14.01.2024;SPASISVOIMIRUKAMI.ru
14.01.2024;SPB-ADVOKATY.ru
14.01.2024;SPB-COOP.ru
14.01.2024;SPB-SOCCOOP.ru
14.01.2024;SPBAZIN.ru
14.01.2024;SPBENGINEERING.ru
14.01.2024;SPBVOKAL.ru
14.01.2024;SPECTRACKPARTS.ru
14.01.2024;SPEED-SENDER.ru
14.01.2024;SPEEDTORRENT.ru
14.01.2024;SPEKTR-KD.ru
14.01.2024;SPEKTR-METALL.ru
14.01.2024;SPETSOT.ru
14.01.2024;SPIMF.ru
14.01.2024;SPIMLY.ru
14.01.2024;SPINBETTER24.ru
14.01.2024;SPORT-MOTIV.ru
14.01.2024;SPORTBRACE.ru
14.01.2024;SPORTLINE38.ru
14.01.2024;SPOSOBLIVE.ru
14.01.2024;SPRAIM.ru
14.01.2024;SPRAVKA-SEO.ru
14.01.2024;SPRINGPHOTO.ru
14.01.2024;SRUBIMILLION.ru
14.01.2024;SSANGADZHIEVA.ru
14.01.2024;SSERGUST.ru
14.01.2024;SSHARUNOV.ru
14.01.2024;STABILCASH.ru
14.01.2024;STAEMCOMMUNINTIY.ru
14.01.2024;STALERWORKS.ru
14.01.2024;STAN-KRASOTKOI.ru
14.01.2024;STANDOFF-GOLDA.ru
14.01.2024;STANISLAVMARDANOV.ru
14.01.2024;STARKOV1.ru
14.01.2024;STARSENDER.ru
14.01.2024;STATICON.ru
14.01.2024;STAVKI-NA-QATAR2022.ru
14.01.2024;STEACMCOMMUNTY.ru
14.01.2024;STEAMCOXMMUNITY.ru
14.01.2024;STEINNYTECH.ru
14.01.2024;STICKMA.ru
14.01.2024;STKARIER.ru
14.01.2024;STKGROUP39.ru
14.01.2024;STLMOVING.ru
14.01.2024;STONES-STS.ru
14.01.2024;STOP-DOLG2024-NAVSEGDA.ru
14.01.2024;STOP-DOLG2024-STOP.ru
14.01.2024;STOP-PLATEZHI2024.ru
14.01.2024;STORIS-LONG.ru
14.01.2024;STRADIVTR.ru
14.01.2024;STRAYPIX.ru
14.01.2024;STRIGA8.ru
14.01.2024;STRIZHIKI.ru
14.01.2024;STROITELSTVO-OBLAST.ru
14.01.2024;STRUKTURON.ru
14.01.2024;STUDIONR.ru
14.01.2024;STUDYCHUVSU.ru
14.01.2024;STVORCHESTVO.ru
14.01.2024;STYLECAST.ru
14.01.2024;STYLECASUAL.ru
14.01.2024;STYLINON.ru
14.01.2024;STYLIST-ARISTOVAKSENIA.ru
14.01.2024;SUB-SONIC.ru
14.01.2024;SUBARUKARTING.ru
14.01.2024;SUCCESSERVICE.ru
14.01.2024;SUCHWAY.ru
14.01.2024;SUGAR-PAPER33.ru
14.01.2024;SUGAR-RUSHRU1.ru
14.01.2024;SUNDHEIM.ru
14.01.2024;SUNRISERAVEN.ru
14.01.2024;SUNSENDER.ru
14.01.2024;SUNUCU-YEDEK.ru
14.01.2024;SUPER-EKONOMNO24.ru
14.01.2024;SUPERGOROSKOP.ru
14.01.2024;SUPERMEGAMARKET.ru
14.01.2024;SUPPORTIM.ru
14.01.2024;SUSHI-TOKI.ru
14.01.2024;SUTIDZENEURO.ru
14.01.2024;SUUMCUIQUE.ru
14.01.2024;SUXILEP250.ru
14.01.2024;SV0IH-NE-BROSAEM.ru
14.01.2024;SVATMO.ru
14.01.2024;SVET-MEBELMARKET.ru
14.01.2024;SVETISSIMO.ru
14.01.2024;SVEZHIK.ru
14.01.2024;SVEZHOCHEK.ru
14.01.2024;SVIDANIECITY15.ru
14.01.2024;SVKHAIR.ru
14.01.2024;SVKLINOVA.ru
14.01.2024;SVOBODA4YOU.ru
14.01.2024;SVOBODA999.ru
14.01.2024;SVOBODARUSSIA.ru
14.01.2024;SVOI-DOM-74.ru
14.01.2024;SVOIBANI74.ru
14.01.2024;SVOIH-NE-BROSSEM.ru
14.01.2024;SVOISTENI.ru
14.01.2024;SVR0.ru
14.01.2024;SVSCHEKA.ru
14.01.2024;SVSMED.ru
14.01.2024;SWAMUSIC.ru
14.01.2024;SWATHEURANIUM.ru
14.01.2024;SWIMMVICHUGA.ru
14.01.2024;SYNTOPLAST.ru
14.01.2024;SYS-MANAGER.ru
14.01.2024;T-PROD.ru
14.01.2024;TA6A.ru
14.01.2024;TA6AK.ru
14.01.2024;TAFINLAR.ru
14.01.2024;TAFTAF.ru
14.01.2024;TAKEMYNUDE.ru
14.01.2024;TALESFROMTHETABLETOP.ru
14.01.2024;TAMBOV-POTOLKI.ru
14.01.2024;TAMOXIFEN-TEVA.ru
14.01.2024;TANKAMORE.ru
14.01.2024;TANKIMOD.ru
14.01.2024;TAROPREDSKAZANIE.ru
14.01.2024;TARORU.ru
14.01.2024;TASHIROMEDIA.ru
14.01.2024;TATIANABRAMKINA.ru
14.01.2024;TATIANAMTANYA.ru
14.01.2024;TATYANKINO.ru
14.01.2024;TAVROV.ru
14.01.2024;TAXI-DMITRIEV.ru
14.01.2024;TCODER.ru
14.01.2024;TD-BALTIKSOKOL.ru
14.01.2024;TD-EVROCAR.ru
14.01.2024;TE-AMO-PERFUME.ru
14.01.2024;TEAMOOR.ru
14.01.2024;TEAMPRIM.ru
14.01.2024;TEAMSENDER.ru
14.01.2024;TEATR-Z.ru
14.01.2024;TEBE-M.ru
14.01.2024;TECHGALA.ru
14.01.2024;TECHNICUM-K.ru
14.01.2024;TECHNOLOGOVO.ru
14.01.2024;TECHOSMOTR67.ru
14.01.2024;TEDZURA-OFFICIAL.ru
14.01.2024;TELECOM-BIS.ru
14.01.2024;TELEFAN.ru
14.01.2024;TELOGRAM-PREMIUM.ru
14.01.2024;TEMADODGER.ru
14.01.2024;TEPFIL.ru
14.01.2024;TEPLO-MAXIMUM.ru
14.01.2024;TEPLYI-DOM-24.ru
14.01.2024;TEREMDECOR.ru
14.01.2024;TERMINAL-KMV.ru
14.01.2024;TERMODOM-MSK.ru
14.01.2024;TERRA-TURBO.ru
14.01.2024;TESTANDDRIVE-PODBOR.ru
14.01.2024;TESTDLDOMEN.ru
14.01.2024;TESTPUSH.ru
14.01.2024;TEXNOGEEK.ru
14.01.2024;TGD-TEAM.ru
14.01.2024;THE-POSH.ru
14.01.2024;THEATRESCHOOL-KRD.ru
14.01.2024;THEDARKWEBFORUM.ru
14.01.2024;THELOSTAC.ru
14.01.2024;THEPRIMEAGENCY.ru
14.01.2024;THESAUCE.ru
14.01.2024;THETOMSK.ru
14.01.2024;THICK-THIN.ru
14.01.2024;TIAND.ru
14.01.2024;TICKETSME.ru
14.01.2024;TIGEST.ru
14.01.2024;TIMASHEVA-7.ru
14.01.2024;TIMBERK-CENTER.ru
14.01.2024;TINKOFF-ID.ru
14.01.2024;TINKOFFID.ru
14.01.2024;TIPS-6918.ru
14.01.2024;TIR-PUNCTIR.ru
14.01.2024;TITOVAANN.ru
14.01.2024;TIXIURY.ru
14.01.2024;TKGRUZLOGISTIK.ru
14.01.2024;TLTIME.ru
14.01.2024;TNCONVERTER.ru
14.01.2024;TOCHKA-P.ru
14.01.2024;TOCHKALAZERA.ru
14.01.2024;TOCHKAP.ru
14.01.2024;TOKMAKOVA1.ru
14.01.2024;TOKYBAR.ru
14.01.2024;TOLM-PROD.ru
14.01.2024;TOLMPROD.ru
14.01.2024;TOLPLAST.ru
14.01.2024;TOMEOFMADNESS1.ru
14.01.2024;TOMSMOKE.ru
14.01.2024;TON-PAY.ru
14.01.2024;TONFORM.ru
14.01.2024;TONPRISE.ru
14.01.2024;TOP-CARD-24.ru
14.01.2024;TOP4MODS.ru
14.01.2024;TOPARTMOSCOW.ru
14.01.2024;TOPDESIGNERWB.ru
14.01.2024;TOPENAMBUR.ru
14.01.2024;TOPHAIRCOACH.ru
14.01.2024;TOPKIDDYDANCER.ru
14.01.2024;TOPNEWSVK.ru
14.01.2024;TOPORGS.ru
14.01.2024;TOPTHEBEST.ru
14.01.2024;TOPTOPFLOOR.ru
14.01.2024;TOPZHUKOVSKIY.ru
14.01.2024;TORGOVYJ-PAVILON.ru
14.01.2024;TOUR-55.ru
14.01.2024;TOWEARPRINT.ru
14.01.2024;TOWNPLACE.ru
14.01.2024;TOYHAUS.ru
14.01.2024;TOYMARK.ru
14.01.2024;TOYOTA-SENDER.ru
14.01.2024;TP8.ru
14.01.2024;TPROD1932.ru
14.01.2024;TRAFFICGU.ru
14.01.2024;TRAFFKINA.ru
14.01.2024;TRAINZ12ANDROID.ru
14.01.2024;TRANSFER-ZAKAZ24.ru
14.01.2024;TRANSIT-K.ru
14.01.2024;TRAVELLIFE24.ru
14.01.2024;TREAT-CASSA.ru
14.01.2024;TREAT-KINO.ru
14.01.2024;TREAT-REG.ru
14.01.2024;TREAT-STANDUP.ru
14.01.2024;TREAT-THEATRE.ru
14.01.2024;TREHGORNI.ru
14.01.2024;TRENDD.ru
14.01.2024;TRENDISTA.ru
14.01.2024;TREVELPEDIA.ru
14.01.2024;TRIP-6319.ru
14.01.2024;TRIWAR.ru
14.01.2024;TRODELVY-RUSSIA.ru
14.01.2024;TRUDRUSSIA.ru
14.01.2024;TRUST-PILOT-FORUM.ru
14.01.2024;TRUST-PILOTSPACE.ru
14.01.2024;TRYCLIMAT.ru
14.01.2024;TSELEEVOHOTEL.ru
14.01.2024;TSUKANOVMASTER.ru
14.01.2024;TUBFULER.ru
14.01.2024;TUDUR.ru
14.01.2024;TULA-NOVOSTROI.ru
14.01.2024;TUR-V-NSK.ru
14.01.2024;TURAKURGAN-TMZ.ru
14.01.2024;TUSHDOM.ru
14.01.2024;TUT-MOTO.ru
14.01.2024;TUTORMATH.ru
14.01.2024;TUVAST.ru
14.01.2024;TWINTIPS.ru
14.01.2024;TWISTER-GAME.ru
14.01.2024;TWIXER554.ru
14.01.2024;TXM-OMSK.ru
14.01.2024;TYT-O-DOLGE2024.ru
14.01.2024;TYT-RASTYT.ru
14.01.2024;TZSERGO.ru
14.01.2024;UDACHA-3.ru
14.01.2024;UDACHA2024.ru
14.01.2024;UDAHYACK.ru
14.01.2024;UDENSUS.ru
14.01.2024;UEHUB.ru
14.01.2024;UG-BRIZ.ru
14.01.2024;UGRACLO.ru
14.01.2024;UK-OBLAST.ru
14.01.2024;UK-TEKTONIKA.ru
14.01.2024;ULIASAVINA2222.ru
14.01.2024;ULTIMA-CRMP.ru
14.01.2024;ULTIMASENDER.ru
14.01.2024;ULTRA-NR.ru
14.01.2024;UMANETS-PRO.ru
14.01.2024;UNBELIVEBLE-BALLET.ru
14.01.2024;UNDISPUTED-CHAMPION.ru
14.01.2024;UNEBOUCLE.ru
14.01.2024;UNEECOM.ru
14.01.2024;UNIFILE.ru
14.01.2024;UNIX-WEB.ru
14.01.2024;UNIXFLY.ru
14.01.2024;UNNISENDER.ru
14.01.2024;UNOMAINCODE.ru
14.01.2024;UP-RISE.ru
14.01.2024;UPBRAINFOCUS.ru
14.01.2024;UPFURLER.ru
14.01.2024;URAL-AUTOPORT.ru
14.01.2024;URAL-RADIO.ru
14.01.2024;URALBERG.ru
14.01.2024;URALFUTER.ru
14.01.2024;URALSBIT.ru
14.01.2024;URALSBUT.ru
14.01.2024;URDI94.ru
14.01.2024;USADBA-SEMEYNAYA.ru
14.01.2024;USBT174.ru
14.01.2024;USBUFA.ru
14.01.2024;USEFAKE.ru
14.01.2024;USLUGI-AVTOYURISTA.ru
14.01.2024;USOLCHANIN.ru
14.01.2024;UTRO1TV.ru
14.01.2024;UW-PE.ru
14.01.2024;UWPE.ru
14.01.2024;UWVM7M.ru
14.01.2024;UZELTEAM.ru
14.01.2024;UZHASNIE-ISTORII.ru
14.01.2024;V-ELISTRATOV.ru
14.01.2024;V-KRETOV.ru
14.01.2024;V-SANATORII.ru
14.01.2024;VADICKGENIN.ru
14.01.2024;VALEOLOGISTS.ru
14.01.2024;VALMARVINARD.ru
14.01.2024;VAMSPECTEHNIKA.ru
14.01.2024;VANXAK.ru
14.01.2024;VAR-MATCH-TV.ru
14.01.2024;VAR-TV.ru
14.01.2024;VARAPK.ru
14.01.2024;VARDSTROI.ru
14.01.2024;VARIANT-ZVD.ru
14.01.2024;VARIAS-9229.ru
14.01.2024;VARMATCH-TV.ru
14.01.2024;VATEHOME.ru
14.01.2024;VAVADA-153.ru
14.01.2024;VAVADA-2022.ru
14.01.2024;VAVADA-444-ZERKALO.ru
14.01.2024;VAVADA-CASINO-RABOCHEE-ZERKALO.ru
14.01.2024;VAVADA-CASINO-REGISTRATSIYA-ONLAJN.ru
14.01.2024;VAVADA-CASINO2.ru
14.01.2024;VAVADA-OFITSIALNYJ-SAJT-CASINO.ru
14.01.2024;VAVADA-SLOTS-CASINO.ru
14.01.2024;VAVADA-VAWADA-SITE.ru
14.01.2024;VAVADA-VHOD-OFITSIALNYJ-VOWADA.ru
14.01.2024;VAVADA-VIP-ZERKALO.ru
14.01.2024;VAVADA-WAZINO-ONLINE.ru
14.01.2024;VAVADA-ZERCKALO.ru
14.01.2024;VAVADA-ZERKALO-333.ru
14.01.2024;VAVADA-ZERKALO-AKTYALNOE.ru
14.01.2024;VAWADA-RABOCHEE-ZERKALO.ru
14.01.2024;VAWEGO.ru
14.01.2024;VBULAVINOV.ru
14.01.2024;VDETSKOITIHO.ru
14.01.2024;VDOME62.ru
14.01.2024;VDRUGANE.ru
14.01.2024;VECTORLITE.ru
14.01.2024;VEGADOMSTROY.ru
14.01.2024;VELES-SPB.ru
14.01.2024;VELESSPB.ru
14.01.2024;VELO-MIX31.ru
14.01.2024;VENITON.ru
14.01.2024;VERDICKT1-TOP.ru
14.01.2024;VESHKIROOMS.ru
14.01.2024;VEYGUM.ru
14.01.2024;VGANIHIN.ru
14.01.2024;VGENY.ru
14.01.2024;VIBER-SENDER-ELITE.ru
14.01.2024;VIBERBULKSENDER.ru
14.01.2024;VIBERSENDER.ru
14.01.2024;VICINET.ru
14.01.2024;VIDEOCHAT-ROULETTE.ru
14.01.2024;VIDEONEMO.ru
14.01.2024;VIDINEEVMAX.ru
14.01.2024;VIKINIKITORIYA.ru
14.01.2024;VILLA-PRIME.ru
14.01.2024;VILLAGE-PRIME.ru
14.01.2024;VILLAGEPRIME.ru
14.01.2024;VILLAPRIME.ru
14.01.2024;VINTPRO.ru
14.01.2024;VIOLETKINO.ru
14.01.2024;VIP-CLEANING24.ru
14.01.2024;VIPEDU35.ru
14.01.2024;VIPGRANTGARANT.ru
14.01.2024;VIRAG-KOSTROMA.ru
14.01.2024;VIRTDOM.ru
14.01.2024;VITESSE-POSUDA.ru
14.01.2024;VIZOR-TRAFFIC.ru
14.01.2024;VK-SCAN.ru
14.01.2024;VKARTASHEVA.ru
14.01.2024;VKOSHKAROVA.ru
14.01.2024;VLAD-STAIRS.ru
14.01.2024;VLADISLAV-SHABELSKIY.ru
14.01.2024;VLADISLAVBATURIN.ru
14.01.2024;VLADLENAZARECKAYA.ru
14.01.2024;VLADTROTSYUK.ru
14.01.2024;VLIMAROVA.ru
14.01.2024;VLVICTORIA.ru
14.01.2024;VNEBESED.ru
14.01.2024;VNPHOTO.ru
14.01.2024;VODITEL4WB.ru
14.01.2024;VODOSTOKLS.ru
14.01.2024;VOLEOLOGS.ru
14.01.2024;VOLGAHOLIDAY.ru
14.01.2024;VOLKOREZOVA.ru
14.01.2024;VOLLEYLAND.ru
14.01.2024;VOLNAKAZINOTOP6.ru
14.01.2024;VOLNAKAZINOTOP7.ru
14.01.2024;VOLZHSKIY51.ru
14.01.2024;VONDALENELO.ru
14.01.2024;VOPROSKAK.ru
14.01.2024;VORNAKOVA.ru
14.01.2024;VOSPITANIE-PO-SOKOLOVU.ru
14.01.2024;VOYAH-AUTOPORT.ru
14.01.2024;VOZROSDENIE.ru
14.01.2024;VOZVRAT-NALOGA.ru
14.01.2024;VRN-STOMATOLOG.ru
14.01.2024;VS-DOMRU.ru
14.01.2024;VS-FITNESS.ru
14.01.2024;VSDOMRU.ru
14.01.2024;VSDREAM.ru
14.01.2024;VSE-DOLGI2024-NET.ru
14.01.2024;VSE-MASSAZHISTI.ru
14.01.2024;VSE-PRINTY-RUS.ru
14.01.2024;VSE-RADIODETALI.ru
14.01.2024;VSE-STOMATOLOGII.ru
14.01.2024;VSEDENGITEBE.ru
14.01.2024;VSEMKRED.ru
14.01.2024;VSEROSSIYSKIYBATTLE.ru
14.01.2024;VSESERIISLOVPAC.ru
14.01.2024;VSEWPRINTE.ru
14.01.2024;VTGM.ru
14.01.2024;VULKAN231.ru
14.01.2024;VVANBARBERS.ru
14.01.2024;VYATSKY-IVAN-CHAY.ru
14.01.2024;VYKUP-IT-OBORYDOVANIYA.ru
14.01.2024;VYULDASHEV.ru
14.01.2024;VZLOMAPK.ru
14.01.2024;VZLOMMARKET.ru
14.01.2024;VZYAT-ZAJMY-ONLINE.ru
14.01.2024;W-PANELLI.ru
14.01.2024;WAGNERAUDIO.ru
14.01.2024;WANTWANT.ru
14.01.2024;WARTERROLY.ru
14.01.2024;WASHAPOSTEL.ru
14.01.2024;WATCHHOUSENEVA.ru
14.01.2024;WB-PLUS.ru
14.01.2024;WBFINANC.ru
14.01.2024;WEB-CEH.ru
14.01.2024;WEB-TELEGRAMOS.ru
14.01.2024;WEBBAT.ru
14.01.2024;WEBBUX.ru
14.01.2024;WEBSAGE.ru
14.01.2024;WEICHE.ru
14.01.2024;WELOVESERIAL.ru
14.01.2024;WELTSPACE.ru
14.01.2024;WESTMINE.ru
14.01.2024;WEWEQ.ru
14.01.2024;WHATSAP-AND-BALLET.ru
14.01.2024;WHATSAPPBULKSENDER.ru
14.01.2024;WHITEBUX.ru
14.01.2024;WHITELAKECAPITAL.ru
14.01.2024;WINGSHARING.ru
14.01.2024;WINNERPAY.ru
14.01.2024;WISDOMS-STUDY.ru
14.01.2024;WISKAS9661.ru
14.01.2024;WIZCOLOR.ru
14.01.2024;WIZZ77.ru
14.01.2024;WKOLA2.ru
14.01.2024;WNLOAD.ru
14.01.2024;WO1XBET.ru
14.01.2024;WONDERMINE.ru
14.01.2024;WOO-SALON.ru
14.01.2024;WORDSENDER.ru
14.01.2024;WORKONMARS.ru
14.01.2024;WORLD-SKY.ru
14.01.2024;WSBT174.ru
14.01.2024;WSS-UNION.ru
14.01.2024;WWRLD.ru
14.01.2024;WWW-VAVADAKASINO.ru
14.01.2024;WWWMARKET.ru
14.01.2024;X5-ID.ru
14.01.2024;XASEX.ru
14.01.2024;XDRESS.ru
14.01.2024;XFOKUS.ru
14.01.2024;XMINR.ru
14.01.2024;XOLOP--2024.ru
14.01.2024;XTGA.ru
14.01.2024;XXSTAT.ru
14.01.2024;Y1Q.ru
14.01.2024;YAAM1966.ru
14.01.2024;YABLOPASHA.ru
14.01.2024;YALEKALA.ru
14.01.2024;YALEKALO.ru
14.01.2024;YALTA-TAXI.ru
14.01.2024;YAMOL.ru
14.01.2024;YANAXUDEET.ru
14.01.2024;YANDEX-SPORT.ru
14.01.2024;YANGFAMILYTAICHI.ru
14.01.2024;YANKO-GALINA.ru
14.01.2024;YARISPRINT.ru
14.01.2024;YASNOVDICHAYA-IZ-SIBIRI.ru
14.01.2024;YCEEAAAAAA.ru
14.01.2024;YERASSYL.ru
14.01.2024;YKERMAINEZAR.ru
14.01.2024;YOGAFLY.ru
14.01.2024;YOUBESTCARD.ru
14.01.2024;YOUNGNESS.ru
14.01.2024;YOUR-LEVEL-2-0.ru
14.01.2024;YOURFOVOURITEDANCER.ru
14.01.2024;YOURSTYLE-SALON.ru
14.01.2024;YQSLQFB.ru
14.01.2024;YRALSBYT.ru
14.01.2024;YRSHICK0.ru
14.01.2024;YUGANSKSERVICE.ru
14.01.2024;YUGANSKZIP.ru
14.01.2024;YUGOWA.ru
14.01.2024;YUKONABOAT.ru
14.01.2024;YUNNLI.ru
14.01.2024;YUZVIK.ru
14.01.2024;ZA-DOLG-2024.ru
14.01.2024;ZA-DOLG-OPLACHY.ru
14.01.2024;ZA-DOLGI24.ru
14.01.2024;ZA-DOLZHNIK24-STOP.ru
14.01.2024;ZA-PLATITE-DOLG24.ru
14.01.2024;ZABOR-SEVASTOPOL.ru
14.01.2024;ZABORMASTER16.ru
14.01.2024;ZABUDKIN.ru
14.01.2024;ZABYDESH-O-DOLGE24.ru
14.01.2024;ZABYDESH-O-PLATEZHE24.ru
14.01.2024;ZABYDY-O-DOLGAX2024.ru
14.01.2024;ZABYDY-O-DOLGE2024.ru
14.01.2024;ZADOLZHENNOSTI24-STOP.ru
14.01.2024;ZAHAROVAK4T3RINA.ru
14.01.2024;ZAIM2YOU.ru
14.01.2024;ZAIMFAST.ru
14.01.2024;ZAIMTOS.ru
14.01.2024;ZAKAZ20.ru
14.01.2024;ZAKAZ7377.ru
14.01.2024;ZAKON-NET-DOLGAM2024.ru
14.01.2024;ZAKON-NET-DOLGY24.ru
14.01.2024;ZAKONNO-NE-DOLZHEN24.ru
14.01.2024;ZAKONNO-NET-DOLGA24.ru
14.01.2024;ZAKONNO-STOP-DOLG24.ru
14.01.2024;ZAKONNO2024-STOP-PLATEZHI.ru
14.01.2024;ZAKROI-DOLGI24.ru
14.01.2024;ZAKROI-VSE-DOLGI2024.ru
14.01.2024;ZAKROYGLAZA.ru
14.01.2024;ZALUBET.ru
14.01.2024;ZALUPOY.ru
14.01.2024;ZAMETKI-FL.ru
14.01.2024;ZANASCHE.ru
14.01.2024;ZANEVSKAYA-UK.ru
14.01.2024;ZAPCHASTIVTORZHKE.ru
14.01.2024;ZAPLATI-ZA-DOLGI24.ru
14.01.2024;ZAPUSKINFOBIZA.ru
14.01.2024;ZARA22.ru
14.01.2024;ZAREMACLINIC.ru
14.01.2024;ZATEYCHUK.ru
14.01.2024;ZAVOD-BETON-UL.ru
14.01.2024;ZAVOD-MOLOT.ru
14.01.2024;ZDESURISTI.ru
14.01.2024;ZDOROVOEOBSHCHESTVO.ru
14.01.2024;ZDOROVYAR.ru
14.01.2024;ZDRAWO.ru
14.01.2024;ZEBRATECH.ru
14.01.2024;ZEEKR-AUTOPORT.ru
14.01.2024;ZELINALANETH.ru
14.01.2024;ZEMTEACHER.ru
14.01.2024;ZENBANK.ru
14.01.2024;ZERGCS.ru
14.01.2024;ZERKALATRENING.ru
14.01.2024;ZERKALO-LUCKYJET-PLAY.ru
14.01.2024;ZERMANSENDER2.ru
14.01.2024;ZEROCHAN.ru
14.01.2024;ZETTRAINS.ru
14.01.2024;ZHANNAROMANOVA.ru
14.01.2024;ZHENYASNOWBALL.ru
14.01.2024;ZHIVITSI-RAZVITIE.ru
14.01.2024;ZHIVY-BEZ-DOLGA24.ru
14.01.2024;ZHKTRAKT.ru
14.01.2024;ZHORNIK.ru
14.01.2024;ZHUK-PRO.ru
14.01.2024;ZINCNN.ru
14.01.2024;ZIPLLA.ru
14.01.2024;ZJWLY.ru
14.01.2024;ZLOCH63.ru
14.01.2024;ZMEIKASHVEIKA.ru
14.01.2024;ZOLOTOYABLOKO.ru
14.01.2024;ZOTOV-PHOTO.ru
14.01.2024;ZOTOVEA.ru
14.01.2024;ZSMK-39.ru
14.01.2024;ZTEAMCOMMUNLTY.ru
14.01.2024;ZUMBA-TOUR.ru
14.01.2024;ZVEZDA-SPEC.ru
14.01.2024;ZVEZDASPEC.ru
14.01.2024;ZVEZDNIYE-VOYNY-LORDFILM.ru
14.01.2024;ZVUKGOLOSA.ru
14.01.2024;ZZIEANAHIRL.ru
15.01.2024;016VORONEZH.ru
15.01.2024;0DYHANIE.ru
15.01.2024;1-SPIRTMEDCONSALT.ru
15.01.2024;1000IDEAS-TG.ru
15.01.2024;100SECOND.ru
15.01.2024;10MAX.ru
15.01.2024;127-001.ru
15.01.2024;14-SPIRTFARMCONSALT.ru
15.01.2024;15-2.ru
15.01.2024;1CMIX.ru
15.01.2024;1LO.ru
15.01.2024;1NGOS.ru
15.01.2024;1NGOSSTRAH.ru
15.01.2024;1WINLUCKY-1WINGAME.ru
15.01.2024;1XBET-STAVKI-SPORT.ru
15.01.2024;1XSLOTS-ZERKALO.ru
15.01.2024;1XSLOTSBONUSCASINO.ru
15.01.2024;2050HOME.ru
15.01.2024;20OZON.ru
15.01.2024;20RAMBLER.ru
15.01.2024;20YA.ru
15.01.2024;21-12.ru
15.01.2024;220I.ru
15.01.2024;2424RU.ru
15.01.2024;24HOLD24.ru
15.01.2024;24SWSHOP.ru
15.01.2024;24TGO-WORKSHOP.ru
15.01.2024;25BOY.ru
15.01.2024;290624.ru
15.01.2024;2NITRO.ru
15.01.2024;2OVECHKI.ru
15.01.2024;34ENERGOSALE.ru
15.01.2024;35STREET.ru
15.01.2024;39GRAM.ru
15.01.2024;3D-EASYPRINT.ru
15.01.2024;3D-PART.ru
15.01.2024;3DREAMPRINT.ru
15.01.2024;3DRIPPER.ru
15.01.2024;3DZAPOLNENIE.ru
15.01.2024;3X4-PHOTO.ru
15.01.2024;4865.ru
15.01.2024;4DIABETES.ru
15.01.2024;5HERTZ.ru
15.01.2024;63MZ.ru
15.01.2024;64CITYMATIC.ru
15.01.2024;66-ITS.ru
15.01.2024;6GR.ru
15.01.2024;73AUTO.ru
15.01.2024;77BT7S.ru
15.01.2024;77HFMQ.ru
15.01.2024;78REINFORCE.ru
15.01.2024;7K7CASINO.ru
15.01.2024;7ZNANII.ru
15.01.2024;8373.ru
15.01.2024;8588080.ru
15.01.2024;8BA.ru
15.01.2024;94MBOU.ru
15.01.2024;9AKADEMY.ru
15.01.2024;A-CENTER29.ru
15.01.2024;A-EFA-71.ru
15.01.2024;A-EXAM.ru
15.01.2024;A1-RP.ru
15.01.2024;A1YA.ru
15.01.2024;A93283.ru
15.01.2024;AARAFAILOVA.ru
15.01.2024;ABDURA5T.ru
15.01.2024;ABDURAUFABIDOV.ru
15.01.2024;ABGAR.ru
15.01.2024;ABH88.ru
15.01.2024;ACB-HOUSE.ru
15.01.2024;ACCUGROUP.ru
15.01.2024;ACOSKUN.ru
15.01.2024;ACREDIT100.ru
15.01.2024;ACROINFO.ru
15.01.2024;ACTION-WORLD.ru
15.01.2024;ADCFT.ru
15.01.2024;ADKFT.ru
15.01.2024;ADM-ALKIN.ru
15.01.2024;ADM-SPASSKOE.ru
15.01.2024;ADMIN-KIEVKA.ru
15.01.2024;ADMINONLINESCHCOLI.ru
15.01.2024;ADMIRALXCASINOPLAY.ru
15.01.2024;ADNPCSTORE.ru
15.01.2024;ADS-VK.ru
15.01.2024;ADVANCEIRK.ru
15.01.2024;ADVENT-PROMO.ru
15.01.2024;ADVENTURE-RP.ru
15.01.2024;ADVOCAT-VORONIN.ru
15.01.2024;ADVOKAT-SHMATKOV.ru
15.01.2024;ADVOKATYASHINA.ru
15.01.2024;AE-DMIT.ru
15.01.2024;AEROKOMPLEKS.ru
15.01.2024;AFAAXANA.ru
15.01.2024;AFFILIATES-REGISTRATION.ru
15.01.2024;AFFILLIATES-REGISTRATION.ru
15.01.2024;AFFILLIATES-REGISTRATIONS.ru
15.01.2024;AGASALLO.ru
15.01.2024;AGAT1C.ru
15.01.2024;AGATSOFT.ru
15.01.2024;AGENCY-FREEDOM.ru
15.01.2024;AGENTALFA.ru
15.01.2024;AGENTOM.ru
15.01.2024;AGLAS.ru
15.01.2024;AGROSTROYZAVOD.ru
15.01.2024;AIAPK.ru
15.01.2024;AIBOG.ru
15.01.2024;AIC77.ru
15.01.2024;AILBOLLA.ru
15.01.2024;AILI-IBSLEAN.ru
15.01.2024;AIMANSUROV.ru
15.01.2024;AINAZIK.ru
15.01.2024;AINOVOSTI.ru
15.01.2024;AIPROGNOZ.ru
15.01.2024;AIROPERATOR.ru
15.01.2024;AIRSISTER.ru
15.01.2024;AIRTASKS.ru
15.01.2024;AIST-154.ru
15.01.2024;AITASK.ru
15.01.2024;AITASKS.ru
15.01.2024;AKASHI-JEWEL.ru
15.01.2024;AKASYMOV.ru
15.01.2024;AKPP7.ru
15.01.2024;AKVADRAT51.ru
15.01.2024;ALABAR-SENDER.ru
15.01.2024;ALAMPIEVA-NADEZHDA.ru
15.01.2024;ALANMAMIEV.ru
15.01.2024;ALB-SRB.ru
15.01.2024;ALBINA-MOROZOVA.ru
15.01.2024;ALEKSANDRA-BONDAREVA.ru
15.01.2024;ALEKSANDROV3D.ru
15.01.2024;ALENA-MARA.ru
15.01.2024;ALENAKULIK.ru
15.01.2024;ALEX-HYPERTOP.ru
15.01.2024;ALEXANDER-N.ru
15.01.2024;ALEXEIB.ru
15.01.2024;ALEXEYRODIN.ru
15.01.2024;ALEXEYV.ru
15.01.2024;ALFABLOCKS.ru
15.01.2024;ALGORITM-TB.ru
15.01.2024;ALHAOS.ru
15.01.2024;ALHFABANK.ru
15.01.2024;ALL-FINANS.ru
15.01.2024;ALL-IGEVSK.ru
15.01.2024;ALLAKAR.ru
15.01.2024;ALLIERASENDER.ru
15.01.2024;ALPHA-BLOCK.ru
15.01.2024;ALRIP.ru
15.01.2024;ALTAWASOL-EDUCATION.ru
15.01.2024;ALTTABTECH.ru
15.01.2024;ALUKOS.ru
15.01.2024;ALXLMJ.ru
15.01.2024;AM-EPISHINA.ru
15.01.2024;AMALENKOV.ru
15.01.2024;AMATEURMARKET.ru
15.01.2024;AMBERHEARDOFFICIAL.ru
15.01.2024;AMBERHEARTOFFICIAL.ru
15.01.2024;AMBERIA.ru
15.01.2024;AMBERXHEART.ru
15.01.2024;AN-CAFE.ru
15.01.2024;ANASTASIA-PARFENOVA.ru
15.01.2024;ANASTASSIAPERMANENT.ru
15.01.2024;ANBERRY.ru
15.01.2024;ANDREASLAB.ru
15.01.2024;ANDREEVA2024.ru
15.01.2024;ANDREIIKACHANOV.ru
15.01.2024;ANDYPHOTO.ru
15.01.2024;ANDYSCHOOL.ru
15.01.2024;ANENGMULTIMETER.ru
15.01.2024;ANFITHOME.ru
15.01.2024;ANGEL-TRIKOTAJ.ru
15.01.2024;ANIMALCHIC.ru
15.01.2024;ANIMALSWIKI.ru
15.01.2024;ANIMASHKI-SOCHI.ru
15.01.2024;ANIME-LORDFILM.ru
15.01.2024;ANIMEREALM.ru
15.01.2024;ANKETA-OPEN24.ru
15.01.2024;ANKETA24-ONLINE.ru
15.01.2024;ANMA-KAZAN.ru
15.01.2024;ANNA-BEL05.ru
15.01.2024;ANNA-GORDIEVSKAYA.ru
15.01.2024;ANNA-ILINA.ru
15.01.2024;ANNA-STRELETS.ru
15.01.2024;ANNABELJAEVA.ru
15.01.2024;ANNASTRELETS.ru
15.01.2024;ANNSTRELETS.ru
15.01.2024;ANSOLY.ru
15.01.2024;ANTAFINANS.ru
15.01.2024;ANTON-BERDNIKOV.ru
15.01.2024;ANTONGAVRILOV77.ru
15.01.2024;ANTONNPETROV.ru
15.01.2024;ANVINO.ru
15.01.2024;ANYATER2940.ru
15.01.2024;APECSAUTO.ru
15.01.2024;APEX-TELECOM.ru
15.01.2024;APIDZEN.ru
15.01.2024;APISENDER.ru
15.01.2024;APIZEN.ru
15.01.2024;APPLEGOLDVLD.ru
15.01.2024;APPLESKYPKA.ru
15.01.2024;APPSKASINO.ru
15.01.2024;AQUA-PE.ru
15.01.2024;AQUABANI.ru
15.01.2024;ARBENGINEERING.ru
15.01.2024;ARBO66.ru
15.01.2024;ARCFT.ru
15.01.2024;ARCHITECTORSITES.ru
15.01.2024;ARENA-KRSK.ru
15.01.2024;AREOPAGCENTR.ru
15.01.2024;ARESTDOM.ru
15.01.2024;ARH-PROFF.ru
15.01.2024;ARHYZSKI.ru
15.01.2024;ARI-YASAN.ru
15.01.2024;ARKAIM-MEBEL.ru
15.01.2024;ARKAIMEZOO.ru
15.01.2024;ARKFT.ru
15.01.2024;ARMENI25.ru
15.01.2024;ARMOINTEK.ru
15.01.2024;ARPROG.ru
15.01.2024;ARSU-1.ru
15.01.2024;ARTCOVE.ru
15.01.2024;ARTECOFRUIT.ru
15.01.2024;ARTEMKUZMIN2798.ru
15.01.2024;ARTKONDITERKA.ru
15.01.2024;ARTPSKOV.ru
15.01.2024;ARTSMOLENKO.ru
15.01.2024;ARTUR-K-SH.ru
15.01.2024;ARTUR228777.ru
15.01.2024;ARTVAZUZA.ru
15.01.2024;ARXPROEKTCONS.ru
15.01.2024;ARZ-BLACKBERRY.ru
15.01.2024;ASAMORO19.ru
15.01.2024;ASAP-TASKS.ru
15.01.2024;ASBSHOP.ru
15.01.2024;ASCBABZ.ru
15.01.2024;ASCHEKIN.ru
15.01.2024;ASDKASDKD.ru
15.01.2024;ASICTORG.ru
15.01.2024;ASISTEMS.ru
15.01.2024;ASKTEKH.ru
15.01.2024;ASSAY-CAME-EXPERIENCE.ru
15.01.2024;ASTANAPOTOLK.ru
15.01.2024;ASTRO-SYCHEVA.ru
15.01.2024;ASTROKOMPAS-ONLINE.ru
15.01.2024;ASTROLOG1.ru
15.01.2024;ASTROMEDA.ru
15.01.2024;ATOMYMARKET-ONLINE.ru
15.01.2024;AUOJECT.ru
15.01.2024;AURASHU.ru
15.01.2024;AURUS-AUTOPORT.ru
15.01.2024;AUTAL.ru
15.01.2024;AUTO-CARTA.ru
15.01.2024;AUTOBIZNES72.ru
15.01.2024;AUTOBUSINESS72.ru
15.01.2024;AUTODEALERU.ru
15.01.2024;AUTOELEKTRIK67.ru
15.01.2024;AUTOKITAETS.ru
15.01.2024;AUTOLIFEGROUP.ru
15.01.2024;AUTOMOTORZ.ru
15.01.2024;AUTORUSSHELKOVO.ru
15.01.2024;AUTOTECHNIKBONYS.ru
15.01.2024;AV8TO.ru
15.01.2024;AV9TO.ru
15.01.2024;AVALAEV.ru
15.01.2024;AVANGARD-KUHNI.ru
15.01.2024;AVELETSKY.ru
15.01.2024;AVELOOK.ru
15.01.2024;AVIAKUY.ru
15.01.2024;AVIATOR-GAME-10.ru
15.01.2024;AVIATOR-GAME-11.ru
15.01.2024;AVIATOR-GAME10.ru
15.01.2024;AVIATOR-GAME11.ru
15.01.2024;AVIOTO.ru
15.01.2024;AVIT9.ru
15.01.2024;AVITKO.ru
15.01.2024;AVITO-DELIVERY.ru
15.01.2024;AVITO-RU.ru
15.01.2024;AVITOLINK.ru
15.01.2024;AVKSTONE.ru
15.01.2024;AVTITO.ru
15.01.2024;AVTO-2025.ru
15.01.2024;AVTO-PHOENIX.ru
15.01.2024;AVTOBIZNES72.ru
15.01.2024;AVTOBUSINESS72.ru
15.01.2024;AVTOKR.ru
15.01.2024;AVTOPROKAT-RZN62.ru
15.01.2024;AVTORAZBMB.ru
15.01.2024;AVTORSKIE-APARTAMENTY-TAPLINK.ru
15.01.2024;AVTOSALON-TULA.ru
15.01.2024;AVTOSCHKOLLLA-DRIVEEREAL.ru
15.01.2024;AVTOSHKOLA-REFLEX.ru
15.01.2024;AXIDE.ru
15.01.2024;AZATPETROV.ru
15.01.2024;AZEVENT.ru
15.01.2024;AZIMOV-COMPANY.ru
15.01.2024;AZINO777-SLOTY.ru
15.01.2024;AZINO777MYBONUS.ru
15.01.2024;B-MTSBANK.ru
15.01.2024;BABARAB.ru
15.01.2024;BABNYA.ru
15.01.2024;BABORAB.ru
15.01.2024;BACKPACE.ru
15.01.2024;BADBOYS4.ru
15.01.2024;BADIKOV-DEVELOPMENT.ru
15.01.2024;BADPOLYGON.ru
15.01.2024;BAHRAMAS.ru
15.01.2024;BAIKALCHILL.ru
15.01.2024;BALASHIHA-1.ru
15.01.2024;BANIKA-BANI81.ru
15.01.2024;BANIKA-BANI82.ru
15.01.2024;BANIKA-BANI83.ru
15.01.2024;BANIKA-BANI84.ru
15.01.2024;BANIKA-BANI85.ru
15.01.2024;BANIKA-BANI86.ru
15.01.2024;BANJA-ORSK.ru
15.01.2024;BANK-MFO.ru
15.01.2024;BANKPATNER.ru
15.01.2024;BANKROTSTVO-16.ru
15.01.2024;BARAUJO.ru
15.01.2024;BARBI-CLUB.ru
15.01.2024;BARMENFORUM.ru
15.01.2024;BARNAULTUT.ru
15.01.2024;BASESEO.ru
15.01.2024;BASHLAZER.ru
15.01.2024;BATUTTI.ru
15.01.2024;BAZALTTASH.ru
15.01.2024;BAZHANOVA2024.ru
15.01.2024;BAZHEKO.ru
15.01.2024;BBRSHOP.ru
15.01.2024;BEACHANDSALT.ru
15.01.2024;BEAMNG-DRIVE-MODS.ru
15.01.2024;BEASTCOIN.ru
15.01.2024;BEEHELP.ru
15.01.2024;BEGIGACHAD.ru
15.01.2024;BEGUNOV-BEGUNOV.ru
15.01.2024;BELOUSOV-DSGN.ru
15.01.2024;BELTAJNM.ru
15.01.2024;BEOWOOLF.ru
15.01.2024;BERLOGA-CAMP.ru
15.01.2024;BEST-MOD.ru
15.01.2024;BEST-PROGRESS.ru
15.01.2024;BEST-PROGRESS24.ru
15.01.2024;BEST-REPUTATION24.ru
15.01.2024;BEST-SITE-24.ru
15.01.2024;BEST-TOK.ru
15.01.2024;BESTBESZAIM.ru
15.01.2024;BESTKARD2024.ru
15.01.2024;BESTKAVKAZ.ru
15.01.2024;BETA-SPHERE.ru
15.01.2024;BETASPHERE.ru
15.01.2024;BETONTORG67.ru
15.01.2024;BEZOKNA.ru
15.01.2024;BIBLIO-UL-SHOOL28.ru
15.01.2024;BIG-BASS-HALLOWEEN.ru
15.01.2024;BIG-PLAY.ru
15.01.2024;BIGFOXFAMILY.ru
15.01.2024;BIGOSAGO.ru
15.01.2024;BIGPLAYANDWIN.ru
15.01.2024;BIKNEEVA.ru
15.01.2024;BILETLOTOPODAROK.ru
15.01.2024;BINARIUM-BROKERS.ru
15.01.2024;BINARRIUM.ru
15.01.2024;BIO-INV.ru
15.01.2024;BIOBESPREDEL.ru
15.01.2024;BIOMEDU.ru
15.01.2024;BISTRADER.ru
15.01.2024;BISTROZAIMI.ru
15.01.2024;BIT-BOOTS.ru
15.01.2024;BIT-REM.ru
15.01.2024;BIZNESIZDOMAMIR.ru
15.01.2024;BK-TORG.ru
15.01.2024;BLACGLOB.ru
15.01.2024;BLACKRUSS.ru
15.01.2024;BLACKTO.ru
15.01.2024;BLEZNEKOV.ru
15.01.2024;BLGSOSH16.ru
15.01.2024;BLLOB.ru
15.01.2024;BLOCK-PRO.ru
15.01.2024;BLOK16.ru
15.01.2024;BLOO-M.ru
15.01.2024;BLPER.ru
15.01.2024;BLURES-SHOP.ru
15.01.2024;BMTSBANK.ru
15.01.2024;BMWACCESSORIES.ru
15.01.2024;BOBROVS.ru
15.01.2024;BODESCULPT.ru
15.01.2024;BODHI54.ru
15.01.2024;BODIE.ru
15.01.2024;BOMBIBRAND.ru
15.01.2024;BONUSSGIOQ.ru
15.01.2024;BONUSSGIOU.ru
15.01.2024;BOOOKY.ru
15.01.2024;BOSES.ru
15.01.2024;BOSS-HOZ.ru
15.01.2024;BOTPIRATE.ru
15.01.2024;BOTPISA.ru
15.01.2024;BOTTOB.ru
15.01.2024;BOUNDARY-DELIVERY.ru
15.01.2024;BOXBERRY-INFOS.ru
15.01.2024;BOXBERRY-SALES.ru
15.01.2024;BOZDOGAN.ru
15.01.2024;BP-ZAKAZRF.ru
15.01.2024;BPZAKAZRF.ru
15.01.2024;BRAIKOVSKOI.ru
15.01.2024;BRANDSKAZKA.ru
15.01.2024;BRCAMMONET.ru
15.01.2024;BREAND.ru
15.01.2024;BRICSMEDIA.ru
15.01.2024;BRICSPRESS.ru
15.01.2024;BRIGADIR-1959.ru
15.01.2024;BRINGAFRIEND.ru
15.01.2024;BROBROAPP.ru
15.01.2024;BROCANFIX.ru
15.01.2024;BRONBKA.ru
15.01.2024;BROOMINE.ru
15.01.2024;BROWGAME.ru
15.01.2024;BRTOPGAME.ru
15.01.2024;BSOSH-6.ru
15.01.2024;BSPUQUANT.ru
15.01.2024;BT-TRAVEL.ru
15.01.2024;BUBNOVA-7.ru
15.01.2024;BUILDERSLAB.ru
15.01.2024;BUKET-CHOCOLATE.ru
15.01.2024;BUKETBERI.ru
15.01.2024;BULKSENDER.ru
15.01.2024;BULO4KA.ru
15.01.2024;BULOVSEO.ru
15.01.2024;BUMAGARA.ru
15.01.2024;BURGOVA-TUTS.ru
15.01.2024;BURNEFTEGAS.ru
15.01.2024;BURO-INVESTAGENCY.ru
15.01.2024;BUROVELVET.ru
15.01.2024;BURTONMARKET.ru
15.01.2024;BUSINESSDIARIES.ru
15.01.2024;BUXTOCHKA.ru
15.01.2024;BUZIKI.ru
15.01.2024;BXS7SP.ru
15.01.2024;BYBIT-EXCHANGE.ru
15.01.2024;BYRAZUMNO.ru
15.01.2024;BYTHIM24.ru
15.01.2024;BYURO-NEDVIZHIMOSTI-MSK.ru
15.01.2024;BZ7SWS.ru
15.01.2024;CALLER24.ru
15.01.2024;CALLEZ.ru
15.01.2024;CALLING24.ru
15.01.2024;CAP-AS.ru
15.01.2024;CARD-GALLERY.ru
15.01.2024;CARDSECRET.ru
15.01.2024;CARDSECRETS.ru
15.01.2024;CAREFORLIFE.ru
15.01.2024;CARS-MEGA-AUTO.ru
15.01.2024;CARTPROJ.ru
15.01.2024;CARTUN.ru
15.01.2024;CASSA-ETERNAL.ru
15.01.2024;CEMDOLINA.ru
15.01.2024;CENTERZDOROVIE.ru
15.01.2024;CEONIC.ru
15.01.2024;CGAMBINO.ru
15.01.2024;CHALDUSHKINSHURA.ru
15.01.2024;CHANGAN-BAIKAL.ru
15.01.2024;CHANGAN-ORIGINAL.ru
15.01.2024;CHAT-MESH.ru
15.01.2024;CHATMESH.ru
15.01.2024;CHATREEY.ru
15.01.2024;CHEESE-54.ru
15.01.2024;CHEESE-NSK.ru
15.01.2024;CHEESENSK.ru
15.01.2024;CHEKII.ru
15.01.2024;CHEKNET.ru
15.01.2024;CHERY-BAIKALAUTO.ru
15.01.2024;CHERY-ORIGINAL.ru
15.01.2024;CHETVORIT.ru
15.01.2024;CHI-PSY.ru
15.01.2024;CHIKTT.ru
15.01.2024;CHILD-1.ru
15.01.2024;CHILL-BAIKAL.ru
15.01.2024;CHISTONAILS.ru
15.01.2024;CHOIC.ru
15.01.2024;CHOOSEWORK.ru
15.01.2024;CHOUFI.ru
15.01.2024;CHYCHA00.ru
15.01.2024;CIFRA-STUPINO.ru
15.01.2024;CILIAMAX.ru
15.01.2024;CITIMATIC.ru
15.01.2024;CITIMATIK.ru
15.01.2024;CITVER.ru
15.01.2024;CITYMATIK.ru
15.01.2024;CLEARLYDECIDEDTOWIN.ru
15.01.2024;CLICK-BEST.ru
15.01.2024;CLICKBEST.ru
15.01.2024;CLOUDNIGHT.ru
15.01.2024;CLUBVULKANBETS.ru
15.01.2024;CLUBWULKAN.ru
15.01.2024;CMT-MINECRAFT.ru
15.01.2024;COFFEESTORIES.ru
15.01.2024;COILING.ru
15.01.2024;COINFLIPRU1.ru
15.01.2024;COINSCANRRC.ru
15.01.2024;COLLECTIION.ru
15.01.2024;COMPAS-REMONT-SPB.ru
15.01.2024;COMPTEACHERLESSONS.ru
15.01.2024;CONFUS.ru
15.01.2024;CONGTRI0909.ru
15.01.2024;CONTENTSTREAM.ru
15.01.2024;COOKSNOTEBOOK.ru
15.01.2024;COOLONLINECASINOS.ru
15.01.2024;COREINUMS-APPS.ru
15.01.2024;CORPFOOD39.ru
15.01.2024;CORYCOS.ru
15.01.2024;COSMOMOSCOW.ru
15.01.2024;COSMOS-TABAK.ru
15.01.2024;COSTO-TEAM.ru
15.01.2024;COVERBANDSMOLENSK.ru
15.01.2024;CPK-KRASNODAR.ru
15.01.2024;CRAFTNEON.ru
15.01.2024;CRAFTYCORN.ru
15.01.2024;CRASHDATAGROUP.ru
15.01.2024;CREAMCANVAS.ru
15.01.2024;CREAMCOUTURE.ru
15.01.2024;CREAMOFBEAUTY.ru
15.01.2024;CREATIOCONSULT.ru
15.01.2024;CREDIT30.ru
15.01.2024;CREDITRE.ru
15.01.2024;CREDITRG.ru
15.01.2024;CREDITRH.ru
15.01.2024;CREDITRI.ru
15.01.2024;CRIMPS.ru
15.01.2024;CROSSBORD.ru
15.01.2024;CROSSTEMP.ru
15.01.2024;CRTKETAI.ru
15.01.2024;CRYPTO-ETF.ru
15.01.2024;CRYPTOBOILER.ru
15.01.2024;CRYPTOBOSSCASINO456.ru
15.01.2024;CSCGFF.ru
15.01.2024;CSESCAPE.ru
15.01.2024;CSGO-TOUR.ru
15.01.2024;CSTEMA.ru
15.01.2024;CTROYMARKET.ru
15.01.2024;CUBEREALM.ru
15.01.2024;CURAS.ru
15.01.2024;CUTIEMAX.ru
15.01.2024;CVHUNT.ru
15.01.2024;CXXJXHXHXHXHXHXHD.ru
15.01.2024;CYBER-JUNIOR.ru
15.01.2024;CYBERKIRA.ru
15.01.2024;DADJOBS.ru
15.01.2024;DALMIRDO.ru
15.01.2024;DALUKS.ru
15.01.2024;DANYPR.ru
15.01.2024;DAPANICO.ru
15.01.2024;DARINZOHAR.ru
15.01.2024;DARKPAIN1978.ru
15.01.2024;DARKW.ru
15.01.2024;DASHADES.ru
15.01.2024;DASHAPAK.ru
15.01.2024;DATUS14.ru
15.01.2024;DAVEDOV.ru
15.01.2024;DAYBRO.ru
15.01.2024;DBALABAN.ru
15.01.2024;DBASARAB.ru
15.01.2024;DBMOLODEZH.ru
15.01.2024;DCHIKIN.ru
15.01.2024;DDOM5.ru
15.01.2024;DDXFITNES.ru
15.01.2024;DEADPOOL3.ru
15.01.2024;DEADTWENTYMEDIA.ru
15.01.2024;DEAR-MOLLY.ru
15.01.2024;DEBLACK.ru
15.01.2024;DEBRIN.ru
15.01.2024;DED-MOROSSS.ru
15.01.2024;DED-MOROZ-TOP.ru
15.01.2024;DEEPPHOTOS-LIFE.ru
15.01.2024;DEIZENBERG.ru
15.01.2024;DEJASPPROJECT.ru
15.01.2024;DELIVERY-4680.ru
15.01.2024;DELIVERYSENDERONE.ru
15.01.2024;DELIVERYSENDERTWO.ru
15.01.2024;DELTAPSO.ru
15.01.2024;DEMCENCO.ru
15.01.2024;DEMONEEJE.ru
15.01.2024;DEMONIC13DOMINANCE.ru
15.01.2024;DENISDUBROVIN.ru
15.01.2024;DENISEL.ru
15.01.2024;DENTAL-INNOVATION.ru
15.01.2024;DENTALIRIS.ru
15.01.2024;DENYTOO.ru
15.01.2024;DEPOSETI.ru
15.01.2024;DEPVO.ru
15.01.2024;DEREVENPROD.ru
15.01.2024;DEREVYANNYE-LESTNICI.ru
15.01.2024;DESIGN-ADVERTISING.ru
15.01.2024;DESIGN-EASY.ru
15.01.2024;DESMOUNCE.ru
15.01.2024;DETAILING4SEASONS.ru
15.01.2024;DETALI-NSK.ru
15.01.2024;DETALIAUTO72.ru
15.01.2024;DETALIAVTO72.ru
15.01.2024;DETDOMYAHROMA.ru
15.01.2024;DEXENRAGE.ru
15.01.2024;DEZENBERG.ru
15.01.2024;DIGIT-STUDIO.ru
15.01.2024;DIGITECH64.ru
15.01.2024;DIMA123.ru
15.01.2024;DIRECTORYORGANIZATIONS.ru
15.01.2024;DISEASE-X.ru
15.01.2024;DISSUPER.ru
15.01.2024;DIVES-ALMAZ.ru
15.01.2024;DIVINEDERMIS.ru
15.01.2024;DIZAINER05.ru
15.01.2024;DLVCAR.ru
15.01.2024;DMI-RUSSIA.ru
15.01.2024;DMIFIR.ru
15.01.2024;DMOGILEV.ru
15.01.2024;DNEVNIKDIBETIKA.ru
15.01.2024;DNEVNIKIBIZNESA.ru
15.01.2024;DNOVIKOF.ru
15.01.2024;DOBROEYTRORUS.ru
15.01.2024;DOCDVD.ru
15.01.2024;DOCKERHOSTING.ru
15.01.2024;DOCTOR-TURICHEVA.ru
15.01.2024;DODJSHOP.ru
15.01.2024;DOLGOV-2024-NETY.ru
15.01.2024;DOM-LAD.ru
15.01.2024;DOM-PICK.ru
15.01.2024;DOM-POD-KLUCH-MOSKVA.ru
15.01.2024;DOM-POD-KLUCH-MSK.ru
15.01.2024;DOMASHNEYEPORNO.ru
15.01.2024;DOMNADEZHDA.ru
15.01.2024;DOMOSMOTR.ru
15.01.2024;DOMOVOYDUBAI.ru
15.01.2024;DOMPROD.ru
15.01.2024;DOMSANTECH.ru
15.01.2024;DOMVENTMSK.ru
15.01.2024;DOMVPROKAT.ru
15.01.2024;DOODLS.ru
15.01.2024;DOOR16.ru
15.01.2024;DOROGABP.ru
15.01.2024;DOSTAVKA-4276.ru
15.01.2024;DOTACALCULATE.ru
15.01.2024;DOVETAILMOSCOW.ru
15.01.2024;DOXAIH.ru
15.01.2024;DP-FIRPO.ru
15.01.2024;DR-GAZMANOV.ru
15.01.2024;DR-STOLYAROVA.ru
15.01.2024;DR-YANAKOVALEVA.ru
15.01.2024;DRABUBAKAROV.ru
15.01.2024;DRAWDESK.ru
15.01.2024;DREDKO.ru
15.01.2024;DRIVE-RP.ru
15.01.2024;DRVAHAN.ru
15.01.2024;DS7SNU.ru
15.01.2024;DT64.ru
15.01.2024;DTABOLICH.ru
15.01.2024;DUNA2.ru
15.01.2024;DUNAEVAKSENIA.ru
15.01.2024;DUNIVERSITY.ru
15.01.2024;DUYUNOVS.ru
15.01.2024;DV-NAN.ru
15.01.2024;DV4.ru
15.01.2024;E-APS.ru
15.01.2024;E-GRUZDEV.ru
15.01.2024;E-POLIGONBTC.ru
15.01.2024;E-POS77.ru
15.01.2024;E-SAMOKATS.ru
15.01.2024;E-TRUNTRUN.ru
15.01.2024;EASY-MS.ru
15.01.2024;EASY-OS.ru
15.01.2024;EBSVOLGA.ru
15.01.2024;EC354.ru
15.01.2024;ECHASCHIN.ru
15.01.2024;ECHOMN.ru
15.01.2024;ECOM-ANALITICA.ru
15.01.2024;EDMIGITAL.ru
15.01.2024;EDOHA.ru
15.01.2024;EDQRGB.ru
15.01.2024;EDUECHO.ru
15.01.2024;EEXIST.ru
15.01.2024;EGLAZOV.ru
15.01.2024;EGVOROBEVA.ru
15.01.2024;EGYPTVIP.ru
15.01.2024;EGZIST.ru
15.01.2024;EHIST.ru
15.01.2024;EINE32.ru
15.01.2024;EIRISH-DESIGN.ru
15.01.2024;EISSOI.ru
15.01.2024;EIXST.ru
15.01.2024;EK-GOV.ru
15.01.2024;EKASHE.ru
15.01.2024;EKB-TRANSFER.ru
15.01.2024;EKBCHEK96.ru
15.01.2024;EKOKERAMA-STORE.ru
15.01.2024;EKOMIND.ru
15.01.2024;EKOSTUDIYA.ru
15.01.2024;EKSKURSII-NIZHNIJNOVGOROD.ru
15.01.2024;EKSKURSIIPERM.ru
15.01.2024;EKSKURSIIVORONEZH.ru
15.01.2024;EKVISOL.ru
15.01.2024;EL-SCHOOL17.ru
15.01.2024;ELDENCRAFT.ru
15.01.2024;ELEARN-MMU.ru
15.01.2024;ELEARNMMU.ru
15.01.2024;ELECTRICAL71.ru
15.01.2024;ELECTRICALKRD.ru
15.01.2024;ELECTRICS72.ru
15.01.2024;ELEKTRO32.ru
15.01.2024;ELENABEAUTYFAIRY.ru
15.01.2024;ELENADOPLINSKA.ru
15.01.2024;ELENAPOPOVA0507.ru
15.01.2024;ELENAROST.ru
15.01.2024;ELITEPROSPECTS.ru
15.01.2024;ELIZAVETA-VORONTSOVA.ru
15.01.2024;ELLIEVA.ru
15.01.2024;ELLTY.ru
15.01.2024;ELVIRAMARCHENKO.ru
15.01.2024;ELVIRAMUR.ru
15.01.2024;EMAILTRACKER.ru
15.01.2024;EMDIGITA.ru
15.01.2024;EMDIGTAL.ru
15.01.2024;EMDIGUTAL.ru
15.01.2024;EMDIVITAL.ru
15.01.2024;EMGIGITAL.ru
15.01.2024;EMIGITAL.ru
15.01.2024;EMISOFT.ru
15.01.2024;EMOHIREV.ru
15.01.2024;EMOTIONBAND.ru
15.01.2024;EMPIRE-LAND.ru
15.01.2024;EMU4IOS.ru
15.01.2024;EMZ63.ru
15.01.2024;ENCAR-COM.ru
15.01.2024;ENDOCRINCENTER.ru
15.01.2024;ENERGOSAIE34.ru
15.01.2024;ENERGSBIT.ru
15.01.2024;ENERGYCOOTER.ru
15.01.2024;ENGINEER35.ru
15.01.2024;ENGLESSON.ru
15.01.2024;EPILLAZER27.ru
15.01.2024;EPTRF.ru
15.01.2024;ER-ZDRAVMO.ru
15.01.2024;ERAMUSIC78.ru
15.01.2024;ERKCTVER.ru
15.01.2024;ERS51.ru
15.01.2024;ERUBA.ru
15.01.2024;ERUDITEDU.ru
15.01.2024;ERZDRAVMO.ru
15.01.2024;ESB-VOLGA.ru
15.01.2024;ESET32.ru
15.01.2024;ESTIMATION-FRIENDS.ru
15.01.2024;ESTIMATION-FRIENDS24.ru
15.01.2024;ESTIMATION-MOSCOW.ru
15.01.2024;ESTIMATION-MOSCOW24.ru
15.01.2024;ESTIMATION-PEOPLE.ru
15.01.2024;ESTIMATION-PEOPLE24.ru
15.01.2024;ESUDA.ru
15.01.2024;ETERNAL-CASSA.ru
15.01.2024;ETERNAL-KIHO.ru
15.01.2024;ETERNAL-STANDUP.ru
15.01.2024;ETERNAL-THEATRE.ru
15.01.2024;ETERNALPLANET.ru
15.01.2024;ETERNALWAR.ru
15.01.2024;ETOMECTO.ru
15.01.2024;ETP-RF.ru
15.01.2024;ETS-ETP.ru
15.01.2024;ETURKISH.ru
15.01.2024;EUROVOSTOK.ru
15.01.2024;EVA-BAKERY.ru
15.01.2024;EVABAKERY35.ru
15.01.2024;EVEREST-FOR-HOME.ru
15.01.2024;EVG31.ru
15.01.2024;EVGEN-R.ru
15.01.2024;EVGENIAOSTAPTSOVA.ru
15.01.2024;EVGENYTIKHONOVICH.ru
15.01.2024;EVIL-CODING.ru
15.01.2024;EVROLABHOLDING.ru
15.01.2024;EVROOKNA-VORONEJ.ru
15.01.2024;EXAM-I.ru
15.01.2024;EXEED-BAIKALAUTO.ru
15.01.2024;EXIIST.ru
15.01.2024;EXISF.ru
15.01.2024;EXISY.ru
15.01.2024;EXLST.ru
15.01.2024;EXNIHILOPARIS.ru
15.01.2024;EXPLOREDAGESTAN.ru
15.01.2024;EXPOVISPROM.ru
15.01.2024;EXPRESSRUS.ru
15.01.2024;EXTICON.ru
15.01.2024;EZGIF.ru
15.01.2024;EZOTERRIKS.ru
15.01.2024;F-ABRIKA.ru
15.01.2024;FABERLIC-MOBI.ru
15.01.2024;FABRIKA-TRAFIKA.ru
15.01.2024;FADEEV-SHOP.ru
15.01.2024;FAMILYCLINICA.ru
15.01.2024;FAMINOVKOSTYA-7.ru
15.01.2024;FANERART.ru
15.01.2024;FANERNO.ru
15.01.2024;FANSERIAL-ZERKALO.ru
15.01.2024;FARFOR-MART.ru
15.01.2024;FARFORMART.ru
15.01.2024;FAROST.ru
15.01.2024;FARPIST.ru
15.01.2024;FARPOSY.ru
15.01.2024;FASHIONDE.ru
15.01.2024;FASON4IK.ru
15.01.2024;FASTERSENDER.ru
15.01.2024;FASTHELPSHOP.ru
15.01.2024;FASTMANY24.ru
15.01.2024;FATULAEV.ru
15.01.2024;FAVORIT-TERRASA.ru
15.01.2024;FAW-BAIKAL.ru
15.01.2024;FCKUWU.ru
15.01.2024;FEDRESURSRF44.ru
15.01.2024;FEDSDO.ru
15.01.2024;FENERIUM.ru
15.01.2024;FEROZEN.ru
15.01.2024;FESTSTEP.ru
15.01.2024;FETMT.ru
15.01.2024;FFOMS-GOV.ru
15.01.2024;FFOMSGOV.ru
15.01.2024;FIASMO.ru
15.01.2024;FILJUZA.ru
15.01.2024;FILMS-FUSHIONS.ru
15.01.2024;FILYUZA.ru
15.01.2024;FINANCE-GR.ru
15.01.2024;FINANCE-ONLY.ru
15.01.2024;FINCLUB48.ru
15.01.2024;FINNPARTNER.ru
15.01.2024;FIRE-EQUIPMENT.ru
15.01.2024;FIRSTDEVICE-STORE.ru
15.01.2024;FIRSTRESPONSECOURSE-SPB.ru
15.01.2024;FIRSTSTEPFORCHILDREN.ru
15.01.2024;FISH-MEAT74.ru
15.01.2024;FISHERMANSWIFE.ru
15.01.2024;FITEWORLD.ru
15.01.2024;FITNESHAUS.ru
15.01.2024;FL-DEV-RKLD.ru
15.01.2024;FLASH-PLAYER-MSETUP.ru
15.01.2024;FLAYN.ru
15.01.2024;FLIGHT-RADAR.ru
15.01.2024;FLIGHTRADAR-24.ru
15.01.2024;FLIN-BONUS.ru
15.01.2024;FLOWERAGENCY.ru
15.01.2024;FLY-RADAR.ru
15.01.2024;FLYRADAR-24.ru
15.01.2024;FLYRUN.ru
15.01.2024;FOODSVMAG.ru
15.01.2024;FOODTRUCKRUS.ru
15.01.2024;FOONRISE.ru
15.01.2024;FOR-CLIENTS.ru
15.01.2024;FORINQUIRIES.ru
15.01.2024;FORMULA-LITE.ru
15.01.2024;FORSUNKIRZN.ru
15.01.2024;FORUM-ARIZONARPSINTI.ru
15.01.2024;FORUM-TOVAROV.ru
15.01.2024;FOTODIANA.ru
15.01.2024;FOTOOKS.ru
15.01.2024;FOUND-CONTACT.ru
15.01.2024;FRANC-POTOLKI68.ru
15.01.2024;FRASG.ru
15.01.2024;FREEDOM-AGENCY.ru
15.01.2024;FREEDOMGENOME.ru
15.01.2024;FREELANCE-KIT.ru
15.01.2024;FREELANCEAI.ru
15.01.2024;FREELANCETOOLS.ru
15.01.2024;FREEZ-STOP.ru
15.01.2024;FRICHA58.ru
15.01.2024;FRISTINO.ru
15.01.2024;FROLIKS.ru
15.01.2024;FRUIT-FARM.ru
15.01.2024;FRUITCOCKTAIL1.ru
15.01.2024;FSDDMATCH.ru
15.01.2024;FSLOVOPACANA.ru
15.01.2024;FSNN.ru
15.01.2024;FUDZITA.ru
15.01.2024;FUNMATCHED.ru
15.01.2024;FUNNY-CODE.ru
15.01.2024;FURSHTEJN.ru
15.01.2024;FWGB7D.ru
15.01.2024;GABELOTARY.ru
15.01.2024;GAC-BAIKAL.ru
15.01.2024;GADALKAHOROSHA.ru
15.01.2024;GADGETGUIDE.ru
15.01.2024;GALINA-SAIT.ru
15.01.2024;GAMEARMINFONEWS.ru
15.01.2024;GAMELYTICS.ru
15.01.2024;GAMES-VIDEO.ru
15.01.2024;GAMEZOMBOID.ru
15.01.2024;GAMINGPLUS.ru
15.01.2024;GAMITOP.ru
15.01.2024;GAP-ARCH.ru
15.01.2024;GASTRONAUKA.ru
15.01.2024;GATES-OF-OLYMPUSRU1.ru
15.01.2024;GAUROFF.ru
15.01.2024;GD2-SHKOLA.ru
15.01.2024;GEELD.ru
15.01.2024;GEELY-AUTOPORT.ru
15.01.2024;GEELY-BAIKAL.ru
15.01.2024;GEELY-MONJARO-CLUB.ru
15.01.2024;GEELY-TUGELA.ru
15.01.2024;GEELYTUGELA.ru
15.01.2024;GENERATION-T.ru
15.01.2024;GEOMETRYDASHSHOP.ru
15.01.2024;GEOTRADE-24.ru
15.01.2024;GERTA3328.ru
15.01.2024;GEUEBDIRNXOSN.ru
15.01.2024;GEYM7D.ru
15.01.2024;GGTYPE.ru
15.01.2024;GHART.ru
15.01.2024;GHIZZI-BENATTI.ru
15.01.2024;GIANT-PLANTS.ru
15.01.2024;GIANTPLANTS.ru
15.01.2024;GIBGG.ru
15.01.2024;GIGASGEAR.ru
15.01.2024;GINKGOBILOBA-L.ru
15.01.2024;GIPS-DECOR.ru
15.01.2024;GIPTEHNO.ru
15.01.2024;GITLAB-LYSENDE.ru
15.01.2024;GK-GORY-ZDES.ru
15.01.2024;GLADIATOR2.ru
15.01.2024;GLAIMER.ru
15.01.2024;GLANZ-NEON.ru
15.01.2024;GLEBORG.ru
15.01.2024;GLINSKIYLK.ru
15.01.2024;GLOBAL-PROGRESS.ru
15.01.2024;GLOBAL-PROGRESS24.ru
15.01.2024;GLOBING.ru
15.01.2024;GMKTEC.ru
15.01.2024;GOA-TOURISM.ru
15.01.2024;GOBDD.ru
15.01.2024;GOCMF.ru
15.01.2024;GOCS-TOUR.ru
15.01.2024;GODBORIS.ru
15.01.2024;GOGOJERSEY.ru
15.01.2024;GOLD-GAMING.ru
15.01.2024;GOLDBAL.ru
15.01.2024;GOLDENBALLTENNIS.ru
15.01.2024;GOLDFISHKABONUS.ru
15.01.2024;GOLDWEBSITE.ru
15.01.2024;GOLOSUY-ZA-KRASOTY.ru
15.01.2024;GOLOVANOV79.ru
15.01.2024;GOLOVATYUKDACHA.ru
15.01.2024;GOROD-X.ru
15.01.2024;GORODSKOEANGARSK.ru
15.01.2024;GORY-ZDES.ru
15.01.2024;GORYZDES.ru
15.01.2024;GORZHUSZASVOIH.ru
15.01.2024;GOSUPROJECT.ru
15.01.2024;GOT-OUR-CS.ru
15.01.2024;GOTOSENDER.ru
15.01.2024;GOTOURCS.ru
15.01.2024;GOTURCS.ru
15.01.2024;GOVASTUDIO.ru
15.01.2024;GRANATBUKET.ru
15.01.2024;GRAND-ACQUIRING.ru
15.01.2024;GRANDPRIXNADEZHD.ru
15.01.2024;GRANI69.ru
15.01.2024;GRANKAIN.ru
15.01.2024;GRAVILAB.ru
15.01.2024;GREECE-RESTO.ru
15.01.2024;GREENABLE.ru
15.01.2024;GREMINOVOSTI.ru
15.01.2024;GREYFOX96.ru
15.01.2024;GRIBISPB.ru
15.01.2024;GROODSHOP.ru
15.01.2024;GROUPS12.ru
15.01.2024;GRUMPYCAT.ru
15.01.2024;GRUZ-EXPERT-DN.ru
15.01.2024;GRUZOVOETAXI24.ru
15.01.2024;GTA5DM.ru
15.01.2024;GTCODA2.ru
15.01.2024;GTKARAPETYAN.ru
15.01.2024;GUASHACOURSE.ru
15.01.2024;GUDOSHNIKOVDA.ru
15.01.2024;GUDUCHI.ru
15.01.2024;GUMENUK.ru
15.01.2024;GUNINDM.ru
15.01.2024;GUZEL-SW.ru
15.01.2024;GWM-POER.ru
15.01.2024;HABIBOV.ru
15.01.2024;HAIR-FOXX.ru
15.01.2024;HAIRFOXX.ru
15.01.2024;HAMAMCOMPLEXSYSTEM.ru
15.01.2024;HAMETOVCHEF.ru
15.01.2024;HAMMAMCOMPLEXSYSTEM.ru
15.01.2024;HANDSOMETHING.ru
15.01.2024;HARIDRA.ru
15.01.2024;HDTPAY.ru
15.01.2024;HEAH76.ru
15.01.2024;HEALTH-BEAUTY-BUSINESS-GALINA-SW.ru
15.01.2024;HEARTISALONELYHUNTER.ru
15.01.2024;HEARTMAN-CLINIC.ru
15.01.2024;HEARUS.ru
15.01.2024;HEAT-TERM.ru
15.01.2024;HELENFLOWER.ru
15.01.2024;HELLO-WORD.ru
15.01.2024;HELP-CLINIC.ru
15.01.2024;HEMOK98.ru
15.01.2024;HEOTRADE-24.ru
15.01.2024;HERBOLAX.ru
15.01.2024;HEROSTARS.ru
15.01.2024;HEXVOXEL.ru
15.01.2024;HH-AI-SERV.ru
15.01.2024;HHMZPC.ru
15.01.2024;HHPHP.ru
15.01.2024;HIMOZA-SHOP.ru
15.01.2024;HMAFORM.ru
15.01.2024;HOCKEY-VORONEZH.ru
15.01.2024;HOCKEYBALL.ru
15.01.2024;HOLD-4968.ru
15.01.2024;HOLD24.ru
15.01.2024;HOLOCAM.ru
15.01.2024;HOLOP2--2024.ru
15.01.2024;HOLOP2-1.ru
15.01.2024;HOM-1.ru
15.01.2024;HOMELYCUBE.ru
15.01.2024;HOMEPICTURE.ru
15.01.2024;HOMESKIL.ru
15.01.2024;HOMETEPLOSMART.ru
15.01.2024;HONESTS-CASINO.ru
15.01.2024;HORSE-THERAPY.ru
15.01.2024;HOSET.ru
15.01.2024;HOST-VIP.ru
15.01.2024;HOSTING-IN-GOSTING.ru
15.01.2024;HOSTING-QUICK.ru
15.01.2024;HOUMEY.ru
15.01.2024;HOWISRUSSIA.ru
15.01.2024;HP-LINK.ru
15.01.2024;HPLINK.ru
15.01.2024;HR-INK.ru
15.01.2024;HR-LIHK.ru
15.01.2024;HR-LIK.ru
15.01.2024;HR-LIN.ru
15.01.2024;HR-LINC.ru
15.01.2024;HR-LNK.ru
15.01.2024;HRIINK.ru
15.01.2024;HRLINC.ru
15.01.2024;HROBO.ru
15.01.2024;HRPLAN.ru
15.01.2024;HTFPS.ru
15.01.2024;HUSAINOV-1.ru
15.01.2024;HUTOR-MARJA.ru
15.01.2024;HUTOR-MARJAH.ru
15.01.2024;HVOSTIKTECH.ru
15.01.2024;HWDOC.ru
15.01.2024;HYPEGADGET.ru
15.01.2024;I-EXEM.ru
15.01.2024;I-GOODION.ru
15.01.2024;I-MUSICAL.ru
15.01.2024;I13D.ru
15.01.2024;IANEX.ru
15.01.2024;IBETON-93.ru
15.01.2024;ICQPLUS.ru
15.01.2024;ID-2433.ru
15.01.2024;ID-3957.ru
15.01.2024;ID-4112.ru
15.01.2024;ID01296.ru
15.01.2024;ID03804.ru
15.01.2024;ID03808.ru
15.01.2024;ID03843.ru
15.01.2024;ID03846.ru
15.01.2024;ID06982.ru
15.01.2024;ID2164.ru
15.01.2024;ID2165.ru
15.01.2024;ID58109.ru
15.01.2024;ID58110.ru
15.01.2024;ID58111.ru
15.01.2024;ID58112.ru
15.01.2024;ID58113.ru
15.01.2024;ID58114.ru
15.01.2024;ID67922.ru
15.01.2024;ID77432.ru
15.01.2024;ID84826.ru
15.01.2024;ID84836.ru
15.01.2024;IDSENDER.ru
15.01.2024;IGEMSBET.ru
15.01.2024;IGHTINTERIOR.ru
15.01.2024;IGOR-IZMAYLOV.ru
15.01.2024;IGRABOVSKIJ.ru
15.01.2024;IGRAI-SRAZU.ru
15.01.2024;IHERB-STORE.ru
15.01.2024;II-CHAT.ru
15.01.2024;IIAPK.ru
15.01.2024;IISNS.ru
15.01.2024;IKEAARCHIVE.ru
15.01.2024;ILANOSHOP.ru
15.01.2024;ILYAKHIN.ru
15.01.2024;IM-AU.ru
15.01.2024;IMAANIS.ru
15.01.2024;IMCOOKING.ru
15.01.2024;IMIGRO.ru
15.01.2024;IMPERIA-RP.ru
15.01.2024;IMPERIA6-RP.ru
15.01.2024;IMPERIA6RP.ru
15.01.2024;IMPERIAL-REALESTATE.ru
15.01.2024;IMPERIARP.ru
15.01.2024;IMTDATA.ru
15.01.2024;IMUSICAL.ru
15.01.2024;IMYANOSETZ.ru
15.01.2024;IN-THE-GAME.ru
15.01.2024;INC-ARENDA.ru
15.01.2024;INEXBRAND.ru
15.01.2024;INF-MEDIA.ru
15.01.2024;INFINITYPVP.ru
15.01.2024;INFO27.ru
15.01.2024;INFOBUSINESSENDER.ru
15.01.2024;INFONEFTEGAS.ru
15.01.2024;INFONEFTEGAZ.ru
15.01.2024;INFORESEARCH.ru
15.01.2024;INFTRADE-24.ru
15.01.2024;INGRESSDIGITAL.ru
15.01.2024;INICLOUD.ru
15.01.2024;INNAMAKARENKO.ru
15.01.2024;INNASUBBOTINA.ru
15.01.2024;INSSURG3NT.ru
15.01.2024;INSTROYCRIMEA.ru
15.01.2024;INSUPER.ru
15.01.2024;INTEGRATOR-AMOCRM.ru
15.01.2024;INVESTSTROY31.ru
15.01.2024;IPDMA.ru
15.01.2024;IPIROJNOE.ru
15.01.2024;IPSNODNEOS.ru
15.01.2024;IPTAP.ru
15.01.2024;IRENE-CFE.ru
15.01.2024;IRILANS.ru
15.01.2024;IRIS-DENTAL.ru
15.01.2024;IRISDENTAL.ru
15.01.2024;IRONBANKRU1.ru
15.01.2024;ISADOVNIKOV.ru
15.01.2024;ISLOVOPACAN.ru
15.01.2024;ISTOMIN-TOP.ru
15.01.2024;IT-SUMMER.ru
15.01.2024;ITANKER.ru
15.01.2024;ITOPIX.ru
15.01.2024;ITSNEW.ru
15.01.2024;IVAN-TSYRULNIKOV.ru
15.01.2024;IVASHCHENKO-1.ru
15.01.2024;IVRIG.ru
15.01.2024;IWG-CHUVASHIA.ru
15.01.2024;IWG-CHUWASHIA.ru
15.01.2024;IXIST.ru
15.01.2024;IYPA.ru
15.01.2024;IZIOIL.ru
15.01.2024;IZNUTRIGARMONIYA.ru
15.01.2024;IZVODFILM.ru
15.01.2024;J-JOURNAL.ru
15.01.2024;JAC-BAIKAL.ru
15.01.2024;JAGOVKIN.ru
15.01.2024;JAKMARIJA.ru
15.01.2024;JARDARR.ru
15.01.2024;JBOOST.ru
15.01.2024;JEANS-CITY.ru
15.01.2024;JERGASHOV.ru
15.01.2024;JETOUR-BAIKAL.ru
15.01.2024;JETTA-BAIKAL.ru
15.01.2024;JEWEL-DANCE.ru
15.01.2024;JEWELRMASTER.ru
15.01.2024;JIUJITSU-RSO.ru
15.01.2024;JLPT-GAKKO.ru
15.01.2024;JLPT-ONLINE.ru
15.01.2024;JO-TEC.ru
15.01.2024;JOHNPLATE.ru
15.01.2024;JOKER2.ru
15.01.2024;JOOMLA-SAMPLE.ru
15.01.2024;JSHIX.ru
15.01.2024;JULIAGREEN.ru
15.01.2024;JULIAZOTOVA.ru
15.01.2024;JULIEHEEL.ru
15.01.2024;JULTOM.ru
15.01.2024;JUSTSTROY.ru
15.01.2024;KABKAT.ru
15.01.2024;KACHESTVOTELA19.ru
15.01.2024;KAKULIK.ru
15.01.2024;KALABEKOVCOMPANY.ru
15.01.2024;KALIMBA-ONLINE.ru
15.01.2024;KALIPAY.ru
15.01.2024;KAMALTUZ.ru
15.01.2024;KAMC7G.ru
15.01.2024;KAMCHATKA-INSIDE.ru
15.01.2024;KAMCHATKAHELIFISHING.ru
15.01.2024;KAMINTEPLOMARKET.ru
15.01.2024;KANDOUCODE.ru
15.01.2024;KAPIEVA.ru
15.01.2024;KARAVELLA-DEV.ru
15.01.2024;KARJALADOM.ru
15.01.2024;KARMAKARA.ru
15.01.2024;KARTINA-INTERIER.ru
15.01.2024;KASHIRKA-24CH.ru
15.01.2024;KATALOGNEW.ru
15.01.2024;KATRINFLOWERS.ru
15.01.2024;KATRINKAPARFUMER.ru
15.01.2024;KATRINMIMUNDO.ru
15.01.2024;KAVERGRUPPASMOLENSK.ru
15.01.2024;KAVERINO-LIFE.ru
15.01.2024;KAVKAZMOUNT.ru
15.01.2024;KAZ-APART.ru
15.01.2024;KCHET51.ru
15.01.2024;KEBIKE.ru
15.01.2024;KEDADREDGING.ru
15.01.2024;KEDSF.ru
15.01.2024;KERAMZITOBLOK-OMSK.ru
15.01.2024;KEREN-ELECTRIC.ru
15.01.2024;KERNED.ru
15.01.2024;KEY-LOG.ru
15.01.2024;KEYKO-BAITS.ru
15.01.2024;KGLV.ru
15.01.2024;KGP-LIBRARY.ru
15.01.2024;KGRUSHKO.ru
15.01.2024;KHARTINGERS.ru
15.01.2024;KHON888.ru
15.01.2024;KHVATSV.ru
15.01.2024;KIBUTSUJI.ru
15.01.2024;KINDOF.ru
15.01.2024;KINGSHOPS.ru
15.01.2024;KINSMIR.ru
15.01.2024;KIRSCH-LYNN.ru
15.01.2024;KISYAMC.ru
15.01.2024;KITASA.ru
15.01.2024;KITESAFARIHURGHADA.ru
15.01.2024;KLASSINET.ru
15.01.2024;KLDDECOR.ru
15.01.2024;KLIKAIJMI.ru
15.01.2024;KLININGDOMA.ru
15.01.2024;KMD24.ru
15.01.2024;KMRVDENI.ru
15.01.2024;KNIGA1000.ru
15.01.2024;KO-TAI.ru
15.01.2024;KOBELEVDEV.ru
15.01.2024;KOLDASOVAALINA.ru
15.01.2024;KOMMISSIONER.ru
15.01.2024;KONKURS-PICTURES.ru
15.01.2024;KONSTANTINVARLAKOV.ru
15.01.2024;KONTRAKTMSK2024-RU.ru
15.01.2024;KOPAFAMILY.ru
15.01.2024;KORARSHOP.ru
15.01.2024;KORUA.ru
15.01.2024;KORUASHAPES.ru
15.01.2024;KORYAGIISLEBYVINTERIERE.ru
15.01.2024;KORYAGIVINTERIERE.ru
15.01.2024;KOSHELEVA-OLGA.ru
15.01.2024;KOSMETIKA3.ru
15.01.2024;KOVTA.ru
15.01.2024;KP-NOVOE-SONINO.ru
15.01.2024;KRASECOS.ru
15.01.2024;KRASENKOVA-1.ru
15.01.2024;KRASNAJASTRELA.ru
15.01.2024;KRASNODAR-REMONT-KVARTIR.ru
15.01.2024;KRASOTAETOSILA.ru
15.01.2024;KRAZYMOLD.ru
15.01.2024;KREA1OR.ru
15.01.2024;KRIM-PARTENIT.ru
15.01.2024;KRYLOV-DESIGN.ru
15.01.2024;KRYSANOV-1.ru
15.01.2024;KS35.ru
15.01.2024;KSENIYATUKALO.ru
15.01.2024;KTEVLIN.ru
15.01.2024;KUBERSEO.ru
15.01.2024;KUHNI-ONLINE-DESIGN-MSK.ru
15.01.2024;KUHNI-ONLINE-DESIGNMSK.ru
15.01.2024;KUHNI-ONLINEDESIGN-MSK.ru
15.01.2024;KUHNI-ONLINEDESIGNMSK.ru
15.01.2024;KUHNIONLINE-DESIGN-MSK.ru
15.01.2024;KUHNIONLINE-DESIGNMSK.ru
15.01.2024;KUHNIONLINEDESIGN-MSK.ru
15.01.2024;KUHNIONLINEDESIGNMSK.ru
15.01.2024;KULDETI.ru
15.01.2024;KULIKOVAOLGA.ru
15.01.2024;KUNGFUPANDA4.ru
15.01.2024;KUPIBILETOV.ru
15.01.2024;KURBAN0559-1.ru
15.01.2024;KURIE7257.ru
15.01.2024;KURIE7258.ru
15.01.2024;KURIER-KEEP.ru
15.01.2024;KURIER7388.ru
15.01.2024;KUTJANOV.ru
15.01.2024;KUZNER.ru
15.01.2024;KVARTIRA-V-PHUKETE.ru
15.01.2024;KVARTIRAVMERSINE.ru
15.01.2024;KVOTEL.ru
15.01.2024;KY88.ru
15.01.2024;KYTTAROAPP.ru
15.01.2024;KYYEPORN.ru
15.01.2024;KYYQPORN.ru
15.01.2024;KYYRPORN.ru
15.01.2024;KYYWPORN.ru
15.01.2024;KZOER.ru
15.01.2024;L-GOTOVIM-S-UDOVOLSTVIEM.ru
15.01.2024;L-R-U-S.ru
15.01.2024;LA-VEINE.ru
15.01.2024;LA-VENE.ru
15.01.2024;LAB-31.ru
15.01.2024;LAB2024.ru
15.01.2024;LABASU.ru
15.01.2024;LABATEST.ru
15.01.2024;LABDESDV.ru
15.01.2024;LABORATORIYASTROITELSTVA.ru
15.01.2024;LABTIGLI.ru
15.01.2024;LACOSTE-PROMOKODY.ru
15.01.2024;LADOGASENDER.ru
15.01.2024;LADY-GIRL.ru
15.01.2024;LAFOODS.ru
15.01.2024;LANA63.ru
15.01.2024;LANAT24.ru
15.01.2024;LANDINGPOWER.ru
15.01.2024;LANJINGPO.ru
15.01.2024;LATAX.ru
15.01.2024;LAVAWORLD.ru
15.01.2024;LAVEIN.ru
15.01.2024;LAVEINE.ru
15.01.2024;LAVERDU.ru
15.01.2024;LAW-CENTERS.ru
15.01.2024;LAWYERSINFO.ru
15.01.2024;LAZAREVSV.ru
15.01.2024;LCTYCOON.ru
15.01.2024;LD-PAY129909.ru
15.01.2024;LD-PAY210052.ru
15.01.2024;LD-PAY312881.ru
15.01.2024;LD-PAY482188.ru
15.01.2024;LD-PAY620894.ru
15.01.2024;LD-PAY620994.ru
15.01.2024;LD-PAY692188.ru
15.01.2024;LD-PAY7301099.ru
15.01.2024;LD-PAY730994.ru
15.01.2024;LD-PAY749219.ru
15.01.2024;LD-PAY830289.ru
15.01.2024;LD-PAY840219.ru
15.01.2024;LD-PAY932188.ru
15.01.2024;LEADERKMIN.ru
15.01.2024;LEADSHOPMARKET.ru
15.01.2024;LEARNWAY.ru
15.01.2024;LEEMZAIM.ru
15.01.2024;LEI-TAI.ru
15.01.2024;LEIDOL.ru
15.01.2024;LENAMENTOR.ru
15.01.2024;LENSKDDD.ru
15.01.2024;LEODRIVER.ru
15.01.2024;LEOFARMA.ru
15.01.2024;LEOMAX-APSNY.ru
15.01.2024;LEONDIZEL.ru
15.01.2024;LERETTO.ru
15.01.2024;LESNOV-7.ru
15.01.2024;LESSURY.ru
15.01.2024;LETHOBAKERY.ru
15.01.2024;LETIQUE-SHOP.ru
15.01.2024;LEV-JAVA-MENTOR.ru
15.01.2024;LEVELCUP.ru
15.01.2024;LEXA62.ru
15.01.2024;LEXARCONSULTING.ru
15.01.2024;LICENZIONNOE-KAZINO1.ru
15.01.2024;LIFESKETCH.ru
15.01.2024;LIGA-KLIMATA.ru
15.01.2024;LIGHTINTERIOR.ru
15.01.2024;LIGHTNOVELS.ru
15.01.2024;LIKEEGAME.ru
15.01.2024;LIKEMYPHOTO.ru
15.01.2024;LIKEWATCH.ru
15.01.2024;LILSMM.ru
15.01.2024;LIMOVE.ru
15.01.2024;LINE-SMT.ru
15.01.2024;LINGVOPSYPHOLOGY.ru
15.01.2024;LINKFACE.ru
15.01.2024;LINKHR.ru
15.01.2024;LINZA-PROFI.ru
15.01.2024;LIPOKSIN.ru
15.01.2024;LIVE-STOCK.ru
15.01.2024;LIVOICES.ru
15.01.2024;LK-SPB.ru
15.01.2024;LLITOVSKIH.ru
15.01.2024;LLOVEDATING.ru
15.01.2024;LMRG.ru
15.01.2024;LNGOSSTRAH.ru
15.01.2024;LOCA-LOCA.ru
15.01.2024;LOCO-SPB.ru
15.01.2024;LOGISTICSOLUTIONS39.ru
15.01.2024;LOGOSSCENTRE.ru
15.01.2024;LOMBARD-OKEAN.ru
15.01.2024;LOMOV-7.ru
15.01.2024;LOMZO.ru
15.01.2024;LOONA-MOON.ru
15.01.2024;LOVE-MONELLI.ru
15.01.2024;LOVEDDATING.ru
15.01.2024;LOVEMONELLI.ru
15.01.2024;LOVERIAL.ru
15.01.2024;LOWCHEN-SPB.ru
15.01.2024;LOZASCHOOL.ru
15.01.2024;LPIPLAST.ru
15.01.2024;LUBOVSW.ru
15.01.2024;LUCHSHIEVEBKAMMODELI.ru
15.01.2024;LUCHSHIYREGIK23.ru
15.01.2024;LUCKYJETA.ru
15.01.2024;LUCOL.ru
15.01.2024;LUKOMORYE-KOVROV.ru
15.01.2024;LUMARY.ru
15.01.2024;LUMINALUXE.ru
15.01.2024;LUXURYSOFA.ru
15.01.2024;LWEDER.ru
15.01.2024;LYRICMAN.ru
15.01.2024;M-Q-GLOBAL-COM.ru
15.01.2024;M1SF1T99.ru
15.01.2024;MA-NA.ru
15.01.2024;MABLAEV.ru
15.01.2024;MACHU-PICHU.ru
15.01.2024;MACHUPICHU.ru
15.01.2024;MACROINDICATORS.ru
15.01.2024;MADICS.ru
15.01.2024;MAGIC-OIL.ru
15.01.2024;MAGNIFICUSBULLY.ru
15.01.2024;MAGPRO24.ru
15.01.2024;MAHNUTIN.ru
15.01.2024;MAIL000143SENDER.ru
15.01.2024;MAKERIKA.ru
15.01.2024;MAMBAZABBIX.ru
15.01.2024;MAMCI.ru
15.01.2024;MAMIUM.ru
15.01.2024;MAMMAD-ALI.ru
15.01.2024;MANAGER-SYS.ru
15.01.2024;MANCHOR.ru
15.01.2024;MANFIL.ru
15.01.2024;MANGALPECH.ru
15.01.2024;MANIPULATORI-V-ARENDU.ru
15.01.2024;MANJISHTA.ru
15.01.2024;MANYDOG.ru
15.01.2024;MARGARITA-WORK.ru
15.01.2024;MARIAJEWEL.ru
15.01.2024;MARIALAPOCHKINA.ru
15.01.2024;MARIJAVLASOVA.ru
15.01.2024;MARIMIKHNOVABEAUTYPHOTO.ru
15.01.2024;MARINA-RATNIKOVA.ru
15.01.2024;MARIOMUNZ.ru
15.01.2024;MARKET-PROPHET.ru
15.01.2024;MARKOVMSK.ru
15.01.2024;MARKZNAK.ru
15.01.2024;MARRIAGE-VLADISLAV-ANGELINA.ru
15.01.2024;MARS-CAREER.ru
15.01.2024;MARS-TALENTS.ru
15.01.2024;MARUSYAINLOVE.ru
15.01.2024;MARYKUZ.ru
15.01.2024;MASSAGE-ESTET.ru
15.01.2024;MASTER-EDOHA.ru
15.01.2024;MASTER-PETROZAVODSK.ru
15.01.2024;MASTER-TASHI.ru
15.01.2024;MASTERNOMBERONE.ru
15.01.2024;MASTERPLITKA123.ru
15.01.2024;MASTERVSEGO31.ru
15.01.2024;MASTERWIRED.ru
15.01.2024;MATBASE.ru
15.01.2024;MATHCOM.ru
15.01.2024;MATTHEW-EDUCATION.ru
15.01.2024;MATVEY-VORONTSOV.ru
15.01.2024;MAXOTEMP.ru
15.01.2024;MAXY-ASIA.ru
15.01.2024;MAYBEDEV.ru
15.01.2024;MAYONNAISE-PROVANSAL.ru
15.01.2024;MBTCOFFREEMONTIO24.ru
15.01.2024;MC-FULLRP.ru
15.01.2024;MC-NICE.ru
15.01.2024;MC-TRIPLEWORLD.ru
15.01.2024;MEATEL.ru
15.01.2024;MEBEL-IZ-BELARUSI.ru
15.01.2024;MEBELLNO.ru
15.01.2024;MEBELRUKAMI.ru
15.01.2024;MEDIAGET-4-YOU.ru
15.01.2024;MEDIAGET-FOR-PC.ru
15.01.2024;MEDIAVIZOR.ru
15.01.2024;MEDICINAOK.ru
15.01.2024;MEDUCATION70.ru
15.01.2024;MEDVEDKRD.ru
15.01.2024;MEENBABYS.ru
15.01.2024;MEGAPOLISLAB.ru
15.01.2024;MEGASTROIMARKET.ru
15.01.2024;MEGASTROYM.ru
15.01.2024;MEHOVYH.ru
15.01.2024;MEIXIBWBDIEN.ru
15.01.2024;MELLBETS.ru
15.01.2024;MELUNY.ru
15.01.2024;MEMORICHITA.ru
15.01.2024;MERCEDES-ORIGINAL.ru
15.01.2024;METALL-MD.ru
15.01.2024;METFORMA.ru
15.01.2024;METIMEMAG.ru
15.01.2024;MFOLISTING.ru
15.01.2024;MFORANKING.ru
15.01.2024;MFOZAIMING.ru
15.01.2024;MGUSKOVA.ru
15.01.2024;MICKEY17.ru
15.01.2024;MIDASGOLDENTOUCHRU1.ru
15.01.2024;MIHAILSOROKIN.ru
15.01.2024;MIKARTRUS.ru
15.01.2024;MILKACH.ru
15.01.2024;MILLENIUM-RAZVITIE.ru
15.01.2024;MINDOS.ru
15.01.2024;MINE-SUN.ru
15.01.2024;MINVODYTMN.ru
15.01.2024;MIR-FABERLIC-ON-LINE.ru
15.01.2024;MIRATEST.ru
15.01.2024;MIREACTF.ru
15.01.2024;MIREDA.ru
15.01.2024;MIRSUSHIIROLL.ru
15.01.2024;MIRTASSS.ru
15.01.2024;MIRVYVESOK.ru
15.01.2024;MISBLACK.ru
15.01.2024;MISHELOV.ru
15.01.2024;MISHKA-SHOW.ru
15.01.2024;MISSEVGENIA86.ru
15.01.2024;MIST-PROJECT.ru
15.01.2024;MISTER-SENDER.ru
15.01.2024;MISTERSENDER.ru
15.01.2024;MIZLA.ru
15.01.2024;MKARIN.ru
15.01.2024;MKGCUZ.ru
15.01.2024;MKPFLG.ru
15.01.2024;ML-TEAHOUSE.ru
15.01.2024;MMHFILM.ru
15.01.2024;MMKFILM.ru
15.01.2024;MMMFILM.ru
15.01.2024;MMNFILM.ru
15.01.2024;MMOFILM.ru
15.01.2024;MMPFILM.ru
15.01.2024;MMQFILM.ru
15.01.2024;MMRFILM.ru
15.01.2024;MMSFILM.ru
15.01.2024;MMTFILM.ru
15.01.2024;MMUFILM.ru
15.01.2024;MMWFILM.ru
15.01.2024;MMXFILM.ru
15.01.2024;MMZFILM.ru
15.01.2024;MNOGOPORCIY.ru
15.01.2024;MNWEDDING.ru
15.01.2024;MOBILERACE.ru
15.01.2024;MODUL-GRAD.ru
15.01.2024;MODUL18.ru
15.01.2024;MOI-PARTNER.ru
15.01.2024;MOL-7-206.ru
15.01.2024;MOLNIYANEWS.ru
15.01.2024;MOMENTVKUSA.ru
15.01.2024;MONASTYREVA-ONLINE.ru
15.01.2024;MONEY-X6.ru
15.01.2024;MONEYTRAIN3RU.ru
15.01.2024;MONTELEKS-M.ru
15.01.2024;MOONELLY.ru
15.01.2024;MORECHAT.ru
15.01.2024;MOROZOV-ILEZZOV.ru
15.01.2024;MOSCOW-PROGRESS.ru
15.01.2024;MOSCOW-PROGRESS24.ru
15.01.2024;MOSENERGOSYSTEMS.ru
15.01.2024;MOSFILMRENT.ru
15.01.2024;MOSPARTYRENTAL.ru
15.01.2024;MOSPOTTERY.ru
15.01.2024;MOST-AMUR.ru
15.01.2024;MOSTBETZERCKALO.ru
15.01.2024;MOTIONED.ru
15.01.2024;MOTO-MICHANIC.ru
15.01.2024;MOVCHANTAROT.ru
15.01.2024;MOVIE-LORDFILM.ru
15.01.2024;MOY-SCLAD.ru
15.01.2024;MOZAJKA-INTEREROV.ru
15.01.2024;MP-PROFI.ru
15.01.2024;MPCAMP.ru
15.01.2024;MPKAMPUS.ru
15.01.2024;MPORHUNOV.ru
15.01.2024;MPPOINT.ru
15.01.2024;MR-SENDER.ru
15.01.2024;MRFOMINAN.ru
15.01.2024;MRP-HEALTH.ru
15.01.2024;MRSBUSINESSEKB.ru
15.01.2024;MRSKCP.ru
15.01.2024;MRSNN.ru
15.01.2024;MRVVGROUP.ru
15.01.2024;MRYARD.ru
15.01.2024;MS-DIGITAL.ru
15.01.2024;MSHKONDA.ru
15.01.2024;MSK-BRAINCLICK.ru
15.01.2024;MSK-PROGRESS.ru
15.01.2024;MSK-PROGRESS24.ru
15.01.2024;MSK-REPUTATION.ru
15.01.2024;MSKCHEK99.ru
15.01.2024;MSKOU-PERSPEKTIVA.ru
15.01.2024;MSU-VMENDELEEV.ru
15.01.2024;MSUHOVA.ru
15.01.2024;MT-1130.ru
15.01.2024;MTK-ROSTOV.ru
15.01.2024;MTSANK.ru
15.01.2024;MTSBANC.ru
15.01.2024;MTSBNK.ru
15.01.2024;MTSDANK.ru
15.01.2024;MUA96.ru
15.01.2024;MUADOVICH.ru
15.01.2024;MUKANOFF.ru
15.01.2024;MULT-LORDFILM.ru
15.01.2024;MULTATAKA.ru
15.01.2024;MUSIC-XXXL.ru
15.01.2024;MWAAGH.ru
15.01.2024;MXBU.ru
15.01.2024;MYACADEMIYA.ru
15.01.2024;MYDOLINA39.ru
15.01.2024;MYGORKA.ru
15.01.2024;MYMALGOR.ru
15.01.2024;MYMINIBOOK.ru
15.01.2024;MYNAMESOSORRY.ru
15.01.2024;MYSBANK.ru
15.01.2024;MYSPOTIFY.ru
15.01.2024;MYTGUIDE.ru
15.01.2024;MYTMB.ru
15.01.2024;MZ-63.ru
15.01.2024;N1-MARK.ru
15.01.2024;NA-KOLESAH10.ru
15.01.2024;NA-UGLU.ru
15.01.2024;NADEZHDAVSEM.ru
15.01.2024;NADEZHNYYESTROITELY.ru
15.01.2024;NADIN-ARGENTUM.ru
15.01.2024;NADIY-NAILS-SUGAR27.ru
15.01.2024;NADKAPITAL.ru
15.01.2024;NAEBUVSEH.ru
15.01.2024;NAGORELO.ru
15.01.2024;NAGORNAYA-LOFT.ru
15.01.2024;NAIFERS.ru
15.01.2024;NAIMTORG.ru
15.01.2024;NAJRING.ru
15.01.2024;NALNSHDS77.ru
15.01.2024;NAMAFREK.ru
15.01.2024;NAMAKIZAMIN.ru
15.01.2024;NARODSITE.ru
15.01.2024;NASHELTUT.ru
15.01.2024;NASHIPOROGI.ru
15.01.2024;NASOSNYE.ru
15.01.2024;NASTAVIS.ru
15.01.2024;NATALAVE91.ru
15.01.2024;NATALIA-MALTSEVA.ru
15.01.2024;NATOMATIC.ru
15.01.2024;NATOMATICA.ru
15.01.2024;NATURAKAMEN.ru
15.01.2024;NATURIKOL.ru
15.01.2024;NAVAEVENT.ru
15.01.2024;NAVES-METALLIST.ru
15.01.2024;NAVRUZ74.ru
15.01.2024;NAVVYX.ru
15.01.2024;ND123.ru
15.01.2024;NE-PLACHY-PO-ZAKONNY2024.ru
15.01.2024;NE-PLACHY-ZAKONNO2024.ru
15.01.2024;NE-VAM.ru
15.01.2024;NEIYA.ru
15.01.2024;NEONS-SPACE.ru
15.01.2024;NEOPERATOR.ru
15.01.2024;NEROZNIKOVA.ru
15.01.2024;NERURIKOFF.ru
15.01.2024;NERURIKOV.ru
15.01.2024;NETRUNNERSHOP.ru
15.01.2024;NETUZ.ru
15.01.2024;NEU-RUM.ru
15.01.2024;NEURABRAIN.ru
15.01.2024;NEURODOMIK.ru
15.01.2024;NEVOTAXI-PEREVOZKI.ru
15.01.2024;NEW-MEBEL-MSK.ru
15.01.2024;NEWCERAMICS-SCHOOL.ru
15.01.2024;NEWDEVTEK.ru
15.01.2024;NEWFERMASOSEDI.ru
15.01.2024;NEWLEVEL-STROY.ru
15.01.2024;NEWS-STARS.ru
15.01.2024;NGRAMZUGER.ru
15.01.2024;NHBSHOP.ru
15.01.2024;NIKITENKONV.ru
15.01.2024;NIKOLAEVKABEACH.ru
15.01.2024;NIKOLOCHKOV.ru
15.01.2024;NIKOLSKAYA25.ru
15.01.2024;NKADOCHNIKOVA.ru
15.01.2024;NLOPATINA.ru
15.01.2024;NO-CODE-STUDIO.ru
15.01.2024;NOCODR.ru
15.01.2024;NONCLERC.ru
15.01.2024;NONSUPER.ru
15.01.2024;NORCOM-NRK.ru
15.01.2024;NORKAP.ru
15.01.2024;NOSH1.ru
15.01.2024;NOSHA2004.ru
15.01.2024;NOTCOINRUS.ru
15.01.2024;NOTKOIN.ru
15.01.2024;NOVAXAK.ru
15.01.2024;NOVOSELOVA23.ru
15.01.2024;NOVOSTI-AI.ru
15.01.2024;NOVOSTROIKI-KRASNODAR.ru
15.01.2024;NOVOSTROIKIKRASNODAR.ru
15.01.2024;NRG-AUTO.ru
15.01.2024;NSK-ELEKTRA.ru
15.01.2024;NTLAAND.ru
15.01.2024;NUMBER24.ru
15.01.2024;NUMBERS24.ru
15.01.2024;NVF-PRO.ru
15.01.2024;NW-DAYZ.ru
15.01.2024;NXTVX.ru
15.01.2024;NXZNHB.ru
15.01.2024;NYRKOVSKYA.ru
15.01.2024;NYTAFOTO.ru
15.01.2024;NZMATHLMS.ru
15.01.2024;O-SHMELEVA.ru
15.01.2024;OBLAKAFORUM.ru
15.01.2024;OBMADZOR.ru
15.01.2024;OBNOVDOM.ru
15.01.2024;OBOIK.ru
15.01.2024;OBSCHIY.ru
15.01.2024;OBSCHIYJOURNAL.ru
15.01.2024;OBSHEPIT-VOLOGDA.ru
15.01.2024;OBZORCHEK.ru
15.01.2024;OCHKIKZT.ru
15.01.2024;ODM-PK.ru
15.01.2024;OFD-ORD2379.ru
15.01.2024;OFD-ORD5252.ru
15.01.2024;OFD-ORD5380.ru
15.01.2024;OFD-ORD5401.ru
15.01.2024;OFD-ORD6707.ru
15.01.2024;OFD-ORD8013.ru
15.01.2024;OFERTA-AUDIT.ru
15.01.2024;OGOVNE.ru
15.01.2024;OGYCARE.ru
15.01.2024;OGYLAB.ru
15.01.2024;OILGASBUR.ru
15.01.2024;OILGASINFO.ru
15.01.2024;OILGAZBUR.ru
15.01.2024;OILSHOP42.ru
15.01.2024;OIZBRANOVA.ru
15.01.2024;OKEIOPT.ru
15.01.2024;OKNA-TURBO-PAGE-44526.ru
15.01.2024;OKNAVLAD33.ru
15.01.2024;OKOLOMEETS.ru
15.01.2024;OKVIDEOS.ru
15.01.2024;OLAYKS.ru
15.01.2024;OLDMAMMYFOREXBOT.ru
15.01.2024;OLEG-KOPYL.ru
15.01.2024;OLEGLABINSK9.ru
15.01.2024;OLEGMAKET.ru
15.01.2024;OLGAMARCHENKO.ru
15.01.2024;OLGAVKAZAKOVA.ru
15.01.2024;OLYAPROPHOTO.ru
15.01.2024;OMUR-YOGA.ru
15.01.2024;ONDERMATOLOG.ru
15.01.2024;ONEMILLIONBOOK.ru
15.01.2024;ONLAIN-GADALKA.ru
15.01.2024;ONLYPAK.ru
15.01.2024;ONYOGA.ru
15.01.2024;ONYXCASH.ru
15.01.2024;OOKPODAROK.ru
15.01.2024;OOMIKRON.ru
15.01.2024;OOODA.ru
15.01.2024;OOOSALENA.ru
15.01.2024;OOOTZN.ru
15.01.2024;OPEMSEA.ru
15.01.2024;OPEN-OPRS24.ru
15.01.2024;OPENGOOD.ru
15.01.2024;OPENKRAN.ru
15.01.2024;OPENWORLDTOURS.ru
15.01.2024;OPERA-VOL-11.ru
15.01.2024;OPERAVOL-11.ru
15.01.2024;OPERSYSTEM.ru
15.01.2024;OPLATA-AMOCRM.ru
15.01.2024;OPLATA-BITRIX24.ru
15.01.2024;OPLATA2148.ru
15.01.2024;OPLATA2149.ru
15.01.2024;OPRS-ANKETA24.ru
15.01.2024;OPTOHUB.ru
15.01.2024;OPTORGMSK.ru
15.01.2024;ORD0594.ru
15.01.2024;ORD2075.ru
15.01.2024;ORD5019.ru
15.01.2024;ORD8204.ru
15.01.2024;ORD8920.ru
15.01.2024;ORDER-4739.ru
15.01.2024;ORDER0433.ru
15.01.2024;ORDER0482.ru
15.01.2024;ORDER0502.ru
15.01.2024;ORDER0709.ru
15.01.2024;ORDER0723.ru
15.01.2024;ORDER6706.ru
15.01.2024;ORDER7048.ru
15.01.2024;ORDER9055.ru
15.01.2024;ORDER9305.ru
15.01.2024;ORGAZMYAS.ru
15.01.2024;ORION-WG.ru
15.01.2024;ORLOVIA.ru
15.01.2024;OROTUKAN49.ru
15.01.2024;OSIPOVAVED.ru
15.01.2024;OSOBENNYEIGRUSKI.ru
15.01.2024;OSTIOMARKET.ru
15.01.2024;OSTRIEEVREMENI.ru
15.01.2024;OSTROVOK-ZDOROVIYA.ru
15.01.2024;OUDNI.ru
15.01.2024;OUNEZZ.ru
15.01.2024;OVECHENKO-IGOR.ru
15.01.2024;OVSETKA.ru
15.01.2024;OWERFAN.ru
15.01.2024;OX-PRAZDNIK.ru
15.01.2024;OYULUKNAM.ru
15.01.2024;OZHADAN.ru
15.01.2024;PADANCE.ru
15.01.2024;PAGE-2947.ru
15.01.2024;PAHNEVA.ru
15.01.2024;PAINGLITTER.ru
15.01.2024;PALAMAR-PHOTO.ru
15.01.2024;PANDA-EXPORTKRD.ru
15.01.2024;PANFEROVA-CENTER.ru
15.01.2024;PARKING-CHISTOENEBO.ru
15.01.2024;PARTOV-1.ru
15.01.2024;PASKET.ru
15.01.2024;PASSING-GAME.ru
15.01.2024;PASSINGGAMES.ru
15.01.2024;PATRIOTIDAGESTANA.ru
15.01.2024;PATTERNAUTOMATION.ru
15.01.2024;PAVECOM.ru
15.01.2024;PAVELSOSNIN.ru
15.01.2024;PAVLOVPH.ru
15.01.2024;PAY-ID241122.ru
15.01.2024;PAY-ID74523.ru
15.01.2024;PAY-ID765233.ru
15.01.2024;PAYDAY-RP.ru
15.01.2024;PAYMENTS-KZ.ru
15.01.2024;PBABENKO.ru
15.01.2024;PECH-IZ-TALKOHLORITA1.ru
15.01.2024;PECHAT-FELIX.ru
15.01.2024;PECHKIN-AVTO.ru
15.01.2024;PENJERE-STROY.ru
15.01.2024;PENJERESTROY.ru
15.01.2024;PENSION11.ru
15.01.2024;PEOPLE-SITE.ru
15.01.2024;PEREEZD-GRUZCHIKI-SEVASTOPOL.ru
15.01.2024;PEREEZD-SVS.ru
15.01.2024;PEREKATIDOM.ru
15.01.2024;PEREVOZIND.ru
15.01.2024;PEREVOZKA-793172.ru
15.01.2024;PERFECTION-CRAFT.ru
15.01.2024;PERM101NEWS.ru
15.01.2024;PERMANENT24.ru
15.01.2024;PERMANENT49-MAKEUP.ru
15.01.2024;PERRYSJEANS.ru
15.01.2024;PERSONALITY-ESTIMATION.ru
15.01.2024;PERSONALITY-ESTIMATION24.ru
15.01.2024;PERSONAPSY.ru
15.01.2024;PERVET.ru
15.01.2024;PETIT-SOLEIL.ru
15.01.2024;PETROVAEA.ru
15.01.2024;PGNIU.ru
15.01.2024;PHAYZER.ru
15.01.2024;PHCRIMEA.ru
15.01.2024;PHKUHNI.ru
15.01.2024;PHONES24.ru
15.01.2024;PHOTOPTZ.ru
15.01.2024;PHPHH.ru
15.01.2024;PIARZONE.ru
15.01.2024;PITANIE-PPPLAN.ru
15.01.2024;PIXELS-ITBDA.ru
15.01.2024;PIXTY.ru
15.01.2024;PKPOTENCIAL.ru
15.01.2024;PLAN-PITANIYA2024.ru
15.01.2024;PLANETAPES.ru
15.01.2024;PLASTICBALLS.ru
15.01.2024;PLAY-MINEGO.ru
15.01.2024;PLAYHOOK.ru
15.01.2024;PLAYSLOTS-MONEY.ru
15.01.2024;PLGAMING.ru
15.01.2024;PLUS-GAMING.ru
15.01.2024;PLUSGAMING.ru
15.01.2024;PNZPLASTIC.ru
15.01.2024;POAT-OWN.ru
15.01.2024;PODAROCHNIYBILETIVLEEVA.ru
15.01.2024;POEZD-PROEZD.ru
15.01.2024;POISKAIKI.ru
15.01.2024;POKROVRN.ru
15.01.2024;POL40.ru
15.01.2024;POLECOURSE.ru
15.01.2024;POLIKLINIKAC.ru
15.01.2024;POLINAEFREMOVA.ru
15.01.2024;POLISVAM.ru
15.01.2024;POLKA72.ru
15.01.2024;POLNIY-BAK.ru
15.01.2024;POLUEKTOVA.ru
15.01.2024;PONAJMU.ru
15.01.2024;PONOMAREV-EKB.ru
15.01.2024;POREBRIK-CENTER.ru
15.01.2024;PORTALALEKSA.ru
15.01.2024;POSILYA.ru
15.01.2024;POSMAN-DEV.ru
15.01.2024;POSSESSIO-VORONEGSKAYA34K6.ru
15.01.2024;POSTOLOVAVISYAL.ru
15.01.2024;POTOLKI-REMONT27.ru
15.01.2024;POVIDLO-CASINO.ru
15.01.2024;POZDNIAKOFF.ru
15.01.2024;POZDNIAKOVA99.ru
15.01.2024;POZHIDAEVA-PRO.ru
15.01.2024;POZIKI.ru
15.01.2024;PPPOKERHUB.ru
15.01.2024;PR-Q.ru
15.01.2024;PRAXIS-360.ru
15.01.2024;PRAXIS-ANIMATION.ru
15.01.2024;PRAXIS-GROUP.ru
15.01.2024;PRAXIS-PRESENTATION.ru
15.01.2024;PRAXIS-PRODUCTION.ru
15.01.2024;PRAXIS-REPORT.ru
15.01.2024;PRAXIS-ULTRA.ru
15.01.2024;PRESTIGE-GOLD.ru
15.01.2024;PREVIEW-SPIDE-SERVER.ru
15.01.2024;PREVIEW-SPIDESERVER.ru
15.01.2024;PRICEFLY.ru
15.01.2024;PRIM-TUNING.ru
15.01.2024;PRIUT-MUZIKANTA.ru
15.01.2024;PRIVVOROTY24.ru
15.01.2024;PRO-AVITA.ru
15.01.2024;PRO-JEWELRY.ru
15.01.2024;PRODOPROS.ru
15.01.2024;PRODUCTION-NAZMOV.ru
15.01.2024;PROF-BI.ru
15.01.2024;PROFBI.ru
15.01.2024;PROFFI-SENDER.ru
15.01.2024;PROFI-SENDERR.ru
15.01.2024;PROFI-STAGE.ru
15.01.2024;PROFISTAGE.ru
15.01.2024;PROFITOLOGY.ru
15.01.2024;PROFNASTILCENTER.ru
15.01.2024;PROGNOZ-AI.ru
15.01.2024;PROGNOZI-NA-SPORT.ru
15.01.2024;PROHOSTIMEN.ru
15.01.2024;PROJECEN.ru
15.01.2024;PROJECPER.ru
15.01.2024;PROJECTGOSU.ru
15.01.2024;PROJECTMSK24.ru
15.01.2024;PROLINEPACK.ru
15.01.2024;PROMALPVRN.ru
15.01.2024;PROMARKETING17.ru
15.01.2024;PROMBLOG.ru
15.01.2024;PROMCONSTR.ru
15.01.2024;PROMIRAPOLIS.ru
15.01.2024;PROMO-PARTNERS.ru
15.01.2024;PROMOKODIC.ru
15.01.2024;PROMONTAGPERM.ru
15.01.2024;PROMTEKHNOBLOG.ru
15.01.2024;PROPODOLOG.ru
15.01.2024;PROSALES-FINANCE.ru
15.01.2024;PROSHULGINY.ru
15.01.2024;PROSPERITYCLUB.ru
15.01.2024;PROSTOPOEZD.ru
15.01.2024;PROSTOPROONLINE.ru
15.01.2024;PROSTORODITEL.ru
15.01.2024;PROSTRANSTVO-TARO.ru
15.01.2024;PROTONARENA.ru
15.01.2024;PROVRN36.ru
15.01.2024;PSHONKO-TRAVEL.ru
15.01.2024;PSI9.ru
15.01.2024;PSIE.ru
15.01.2024;PSME-TV.ru
15.01.2024;PSSH8.ru
15.01.2024;PSY-COUNS.ru
15.01.2024;PSYCHOLOGIST63.ru
15.01.2024;PSYHOTROPIK.ru
15.01.2024;PSYKSENYA.ru
15.01.2024;PSYWITHYOU.ru
15.01.2024;PTITIM94.ru
15.01.2024;PTSPK.ru
15.01.2024;PUBGFAST.ru
15.01.2024;PUBLIC-DATA.ru
15.01.2024;PUDGEMINE.ru
15.01.2024;PURE-SILK.ru
15.01.2024;PUREPOTION.ru
15.01.2024;PURESILK.ru
15.01.2024;PUSHKIN-ENGLISH.ru
15.01.2024;PUSK-1024.ru
15.01.2024;PUSK-11235.ru
15.01.2024;PUSK-24.ru
15.01.2024;PUSK-8.ru
15.01.2024;PUSK-80.ru
15.01.2024;PUSK1024.ru
15.01.2024;PUSK11235.ru
15.01.2024;PUSK8.ru
15.01.2024;PUSK80.ru
15.01.2024;PUX7YF.ru
15.01.2024;PYZHOVSV.ru
15.01.2024;QAZXCVBNM.ru
15.01.2024;QR-API.ru
15.01.2024;QUADTRAC-RF.ru
15.01.2024;QUOSCARS.ru
15.01.2024;QUOTRIS.ru
15.01.2024;QURSE.ru
15.01.2024;R-A-I-VEDIC-ASTROLOGER2024.ru
15.01.2024;R-EKSPRESS.ru
15.01.2024;R-SPHERE.ru
15.01.2024;RABOCHI-DOMEN.ru
15.01.2024;RADIANTCOMPLEXION.ru
15.01.2024;RADIO-LOM71.ru
15.01.2024;RAIL-HISAMUTDINOV.ru
15.01.2024;RAISIN-RP.ru
15.01.2024;RAISOV.ru
15.01.2024;RAKETADANCE.ru
15.01.2024;RAMILKARIMOV.ru
15.01.2024;RAMKI-12-24.ru
15.01.2024;RANKMFO.ru
15.01.2024;RAPHIEL.ru
15.01.2024;RATING-PROGRESS.ru
15.01.2024;RATING-PROGRESS24.ru
15.01.2024;RAV4EXPERT.ru
15.01.2024;RAVENQUEST.ru
15.01.2024;RAZBORLR.ru
15.01.2024;RC-SADKO.ru
15.01.2024;RCFT.ru
15.01.2024;RCSHOP54.ru
15.01.2024;RE-CANDLE.ru
15.01.2024;RE-CANDLES.ru
15.01.2024;RE-MONT66.ru
15.01.2024;REALARK.ru
15.01.2024;RECEBASEUBONUSA.ru
15.01.2024;RECEBASEUBONUSO.ru
15.01.2024;RECEBASEUBONUSY.ru
15.01.2024;RECIPE-INC.ru
15.01.2024;REDCAT5610.ru
15.01.2024;REDENT-STOMAT.ru
15.01.2024;REGION-35.ru
15.01.2024;REGRESSOLOGIST.ru
15.01.2024;RELAX-OTEL.ru
15.01.2024;REM-STIRAL-MSK.ru
15.01.2024;REMCLE.ru
15.01.2024;REMONT-HOLODILNIKOV-ROSTOV.ru
15.01.2024;REMONT-KRDBRUSNIKA.ru
15.01.2024;REMONT-ORGTEHNIKI-NA-OTLICHNO.ru
15.01.2024;REMONT-TELEVIZORA-SPB.ru
15.01.2024;REMONT-TV-SAMARA.ru
15.01.2024;REMONTDEV.ru
15.01.2024;REMOPLAN.ru
15.01.2024;REMSTROYKUBAN.ru
15.01.2024;REMZEZ.ru
15.01.2024;RENTMO.ru
15.01.2024;RESERVATION-PAYMENT.ru
15.01.2024;RESETSERVICE.ru
15.01.2024;RESORT-INVEST.ru
15.01.2024;RESORTINVEST.ru
15.01.2024;RESTOREDECOR.ru
15.01.2024;RESTPROSTOECO.ru
15.01.2024;RESTRETCHMSK.ru
15.01.2024;RETAILDETAIL.ru
15.01.2024;RETROENOT.ru
15.01.2024;REWARDE-FF-GARENA.ru
15.01.2024;REWERDS-FF-QERANA.ru
15.01.2024;REWERS-FF-QERENA.ru
15.01.2024;REY-51.ru
15.01.2024;RFCHIP.ru
15.01.2024;RFDHX.ru
15.01.2024;RH-LINK.ru
15.01.2024;RIBO-HOD.ru
15.01.2024;RIELTOR-PTZ.ru
15.01.2024;RIMURU.ru
15.01.2024;RIMURUTEMPEST.ru
15.01.2024;RING24.ru
15.01.2024;RINGS24.ru
15.01.2024;RIOMAGAZINE.ru
15.01.2024;RIPLEKS.ru
15.01.2024;RISEWORLD.ru
15.01.2024;RITRUBIC.ru
15.01.2024;RITUALCENTER42.ru
15.01.2024;RITUALUSLUGA.ru
15.01.2024;RKT-LTD.ru
15.01.2024;RNVEST.ru
15.01.2024;ROBOTOZ.ru
15.01.2024;ROCKEY-APPS.ru
15.01.2024;RODEONGEMINA.ru
15.01.2024;RODINAPOMNIT.ru
15.01.2024;RODJERITI.ru
15.01.2024;RODNIK-VODA.ru
15.01.2024;RODVINS.ru
15.01.2024;RODYVMIRE.ru
15.01.2024;ROGACHEV-7.ru
15.01.2024;ROMUGHA.ru
15.01.2024;ROOFALZ.ru
15.01.2024;ROOMTOOR.ru
15.01.2024;ROOTRAIL.ru
15.01.2024;ROSBITCHANGE.ru
15.01.2024;ROSBRS.ru
15.01.2024;ROSBURVOD.ru
15.01.2024;ROSTKILO.ru
15.01.2024;ROTANG-SPB.ru
15.01.2024;ROTARETTO.ru
15.01.2024;ROTNAYA-TARGET.ru
15.01.2024;ROUTER54.ru
15.01.2024;ROYAL-ESSENCES.ru
15.01.2024;ROYALMINESRU1.ru
15.01.2024;RSFERA.ru
15.01.2024;RSPHERE.ru
15.01.2024;RSSAGR.ru
15.01.2024;RTA-MATCH.ru
15.01.2024;RTGT.ru
15.01.2024;RU-SECURITY8257.ru
15.01.2024;RU-STORE-DOWNLOAD.ru
15.01.2024;RU-STORE-MOBILE.ru
15.01.2024;RU0AKG.ru
15.01.2024;RUDZINAUTO.ru
15.01.2024;RUIKI.ru
15.01.2024;RUKODELIEVSLOBODE.ru
15.01.2024;RUNFLY.ru
15.01.2024;RUS-CASINO.ru
15.01.2024;RUSEXPERT-AO.ru
15.01.2024;RUSIKI.ru
15.01.2024;RUSKLIMATSERVIS.ru
15.01.2024;RUSMED-CENTER.ru
15.01.2024;RUSSIAN-COSTUME.ru
15.01.2024;RUSSIAPRINTTOP.ru
15.01.2024;RUSSKYSPA.ru
15.01.2024;RUSTAMT05.ru
15.01.2024;RUWICI.ru
15.01.2024;RUWICKI.ru
15.01.2024;RUWKI.ru
15.01.2024;RUWUKI.ru
15.01.2024;RVWEAT.ru
15.01.2024;RYAZAN-STEELFASAD.ru
15.01.2024;RYRQTA.ru
15.01.2024;RZ-MOTORS.ru
15.01.2024;RZELAZNY.ru
15.01.2024;RZIGANSHINA.ru
15.01.2024;S-COURAGE.ru
15.01.2024;S-GELEZNOVODSK.ru
15.01.2024;S-TORGOFF.ru
15.01.2024;S-UKRAINA.ru
15.01.2024;S22TSN.ru
15.01.2024;SAGA-FEO.ru
15.01.2024;SAINT-FINANS.ru
15.01.2024;SAINYWORLD.ru
15.01.2024;SAKH-BRAND.ru
15.01.2024;SAKHPUDRA.ru
15.01.2024;SALATIERO.ru
15.01.2024;SALIMGIREEV.ru
15.01.2024;SALONDOORS86.ru
15.01.2024;SALUTE-BILLING.ru
15.01.2024;SALUTEBILLING.ru
15.01.2024;SAM-SPACE.ru
15.01.2024;SAMCHEK63.ru
15.01.2024;SAMOGONPROFI.ru
15.01.2024;SAMURAIGAME-KRD.ru
15.01.2024;SAN-PE.ru
15.01.2024;SAN-SLUZHBA.ru
15.01.2024;SAN-TA.ru
15.01.2024;SANDER-MED.ru
15.01.2024;SANSTANKO.ru
15.01.2024;SANTEH-STROJ.ru
15.01.2024;SANTEHBOX.ru
15.01.2024;SANTEXNIKAVIP.ru
15.01.2024;SARAHS.ru
15.01.2024;SARAKHS.ru
15.01.2024;SARKYTBAY.ru
15.01.2024;SATFAMILY.ru
15.01.2024;SATRA-STORE.ru
15.01.2024;SAUNAMIKS.ru
15.01.2024;SAVAL79.ru
15.01.2024;SAVVAKRASAVA.ru
15.01.2024;SBABUSHKIN.ru
15.01.2024;SBERLOGISTICS-INFOS.ru
15.01.2024;SBERLOGISTICS-SALES.ru
15.01.2024;SBREST.ru
15.01.2024;SBTRADE-INFO.ru
15.01.2024;SBURAMSHIN.ru
15.01.2024;SBVOLGA.ru
15.01.2024;SCH001.ru
15.01.2024;SCHAG-ZA-SCHAGOM.ru
15.01.2024;SCHASTJEJEST.ru
15.01.2024;SCHENKI-ANGLIYSKOGO-KOKER-SPANIELYA.ru
15.01.2024;SCHOOL-SIB.ru
15.01.2024;SCOURAGE.ru
15.01.2024;SCRIPTS-NAMALSK.ru
15.01.2024;SD366.ru
15.01.2024;SDELKA7378.ru
15.01.2024;SDISERVER.ru
15.01.2024;SDLGMG.ru
15.01.2024;SEED-PROCESSING.ru
15.01.2024;SEEDPROCESSING.ru
15.01.2024;SEEDSGROUND.ru
15.01.2024;SEKLAB.ru
15.01.2024;SEKUPAS.ru
15.01.2024;SEMA-ALINA-WEDDING.ru
15.01.2024;SEMKO-DEVELOPMENT.ru
15.01.2024;SEMYA-TUR-SOCHI.ru
15.01.2024;SENDER-RV.ru
15.01.2024;SENDER-SOFT.ru
15.01.2024;SENDER1978.ru
15.01.2024;SENDER51.ru
15.01.2024;SENDERMMY.ru
15.01.2024;SENDERMYY.ru
15.01.2024;SENDERPO.ru
15.01.2024;SENDERS-RV.ru
15.01.2024;SENYAFACTORY.ru
15.01.2024;SEO-HOST.ru
15.01.2024;SEOGEOMAG.ru
15.01.2024;SERDECHKINTV1-1.ru
15.01.2024;SERGEID.ru
15.01.2024;SERGEJKOT.ru
15.01.2024;SERGFILIPPOV10.ru
15.01.2024;SERVICE-8575.ru
15.01.2024;SES-MASTER.ru
15.01.2024;SETSPORTSPB.ru
15.01.2024;SEVERGRAD51.ru
15.01.2024;SEVERNYIVETER-TB.ru
15.01.2024;SEX-DOMAHA.ru
15.01.2024;SEXMASTERY.ru
15.01.2024;SEZAM-MSK.ru
15.01.2024;SGLOB.ru
15.01.2024;SHAH-GRAND.ru
15.01.2024;SHAMAN8.ru
15.01.2024;SHAMZA7530.ru
15.01.2024;SHARABANOVA.ru
15.01.2024;SHARNING.ru
15.01.2024;SHARYOTBRUSA.ru
15.01.2024;SHASHLYK-EDA.ru
15.01.2024;SHATANNA2011.ru
15.01.2024;SHAVAPLACE.ru
15.01.2024;SHAVEHUB.ru
15.01.2024;SHEALWORK.ru
15.01.2024;SHELK-BY-AFSANA.ru
15.01.2024;SHENLUNGDAO.ru
15.01.2024;SHEREMETA-1.ru
15.01.2024;SHESTAKOVID.ru
15.01.2024;SHINYCH65.ru
15.01.2024;SHKINDERGAMES.ru
15.01.2024;SHKOLAGRANTOV.ru
15.01.2024;SHKOLKOVO-FREE.ru
15.01.2024;SHM42.ru
15.01.2024;SHOLEMO.ru
15.01.2024;SHOLEMO1.ru
15.01.2024;SHOLEMO2.ru
15.01.2024;SHOLEMO3.ru
15.01.2024;SHOLEMO4.ru
15.01.2024;SHOLEMO5.ru
15.01.2024;SHOLEMO6.ru
15.01.2024;SHOLEMO7.ru
15.01.2024;SHOLEMO8.ru
15.01.2024;SHOLEMO9.ru
15.01.2024;SHOP-DENT-48.ru
15.01.2024;SHOPDENT24.ru
15.01.2024;SHOPINGPLUS.ru
15.01.2024;SHORT-EXPRESS.ru
15.01.2024;SHOW-RUNNER.ru
15.01.2024;SHOW-RUNNERS.ru
15.01.2024;SHOWRUNNERS.ru
15.01.2024;SHRUS-SHOP.ru
15.01.2024;SHULAEVN.ru
15.01.2024;SHULEPNIKOVA.ru
15.01.2024;SHURIKZ.ru
15.01.2024;SHUSNUTDINOVA.ru
15.01.2024;SHVABRAVDOM.ru
15.01.2024;SIBASIC.ru
15.01.2024;SIBMINIG.ru
15.01.2024;SIBSHAPKI.ru
15.01.2024;SIGMA-LIGHTS.ru
15.01.2024;SIGNNINSUPPORT.ru
15.01.2024;SIKACHEVA.ru
15.01.2024;SILA-IDEY.ru
15.01.2024;SILAIDEY.ru
15.01.2024;SILVERMMONEY.ru
15.01.2024;SILVERRCOIN.ru
15.01.2024;SIMF-ELECTRO.ru
15.01.2024;SIMPLETECHSTORE.ru
15.01.2024;SINERGIA-GK.ru
15.01.2024;SINITSYNA-PRO.ru
15.01.2024;SINTESIUM.ru
15.01.2024;SINTIT.ru
15.01.2024;SIP24PANEL-BASHLAKOV.ru
15.01.2024;SIREN-ATELIER.ru
15.01.2024;SISTEMACONSULT.ru
15.01.2024;SITE-HRAD-ONLINE.ru
15.01.2024;SITIINVEST.ru
15.01.2024;SITIMATIK.ru
15.01.2024;SITTY.ru
15.01.2024;SITYMATIC.ru
15.01.2024;SIX-ZERO-PODARKI.ru
15.01.2024;SKAZKAIZKARMANA.ru
15.01.2024;SKHORIZON.ru
15.01.2024;SKIN-MED-CLINIC.ru
15.01.2024;SKINBOX-PROMOCODES.ru
15.01.2024;SKINELIXIR.ru
15.01.2024;SKOSTEV.ru
15.01.2024;SKQ77Y.ru
15.01.2024;SKUPKA-TEKHNIKI.ru
15.01.2024;SKUPKAVTO38.ru
15.01.2024;SKYHVH.ru
15.01.2024;SLAVARYSI.ru
15.01.2024;SLAWO81.ru
15.01.2024;SLEEPZDRAV.ru
15.01.2024;SLIM-PRO.ru
15.01.2024;SLIMEANIME.ru
15.01.2024;SLIV24.ru
15.01.2024;SLIVOCHNOE-MASLO-GOST.ru
15.01.2024;SLNBASE.ru
15.01.2024;SLOTSCASINOBONUS.ru
15.01.2024;SLOVOPACANAJ1.ru
15.01.2024;SLOVOPACANOVSE.ru
15.01.2024;SLOVOPACANY1.ru
15.01.2024;SMARTLINK-CAME-EXPERIENCE.ru
15.01.2024;SMELOVSKIY.ru
15.01.2024;SMLMS.ru
15.01.2024;SMM-ACADEMY9NN.ru
15.01.2024;SMMREELS.ru
15.01.2024;SMS-SENDERS.ru
15.01.2024;SMTPSENDER10.ru
15.01.2024;SMTPSENDER11.ru
15.01.2024;SMTPSENDER12.ru
15.01.2024;SNAPW.ru
15.01.2024;SNEAKERUNION.ru
15.01.2024;SNTJU.ru
15.01.2024;SOBLAZNYKT.ru
15.01.2024;SOC-ANKETA24.ru
15.01.2024;SOCHI-AGENCY.ru
15.01.2024;SOFIKITCHEN-KUXNI.ru
15.01.2024;SOJECT.ru
15.01.2024;SOKCHI.ru
15.01.2024;SOKOLPEDAGOG.ru
15.01.2024;SOLOMIS.ru
15.01.2024;SOLOVYEVADESIGN.ru
15.01.2024;SONTAKOJ.ru
15.01.2024;SONUYUA.ru
15.01.2024;SOTNIKOVI-WEDDING.ru
15.01.2024;SOTUVCHIPLUS.ru
15.01.2024;SPA-YOGADOM-TEPLO.ru
15.01.2024;SPAK22.ru
15.01.2024;SPASIBO-COFFEE.ru
15.01.2024;SPASIBOCOFFEE.ru
15.01.2024;SPB-ATLAS.ru
15.01.2024;SPB-BOAT.ru
15.01.2024;SPB-BRAINCLICK.ru
15.01.2024;SPB-CANDLE.ru
15.01.2024;SPBCANDLE.ru
15.01.2024;SPECIAL-SENDER.ru
15.01.2024;SPECNAZ-EKIP.ru
15.01.2024;SPECTDS.ru
15.01.2024;SPECTEKHNIKA-IMPERIA.ru
15.01.2024;SPEEDANDCASHRU1.ru
15.01.2024;SPIDE-RADIO.ru
15.01.2024;SPIDERADIO.ru
15.01.2024;SPIRIDONOVPF.ru
15.01.2024;SPIRIT-HACK.ru
15.01.2024;SPIZHARSKAIA.ru
15.01.2024;SPM-RES.ru
15.01.2024;SPORT-RECORD.ru
15.01.2024;SPORTJOURNAL24.ru
15.01.2024;SPORTS-BETTINGS.ru
15.01.2024;SPOT-EXPRESS.ru
15.01.2024;SPREDRASTILKA.ru
15.01.2024;SPYSENDER.ru
15.01.2024;SQIZ.ru
15.01.2024;SRDUDW.ru
15.01.2024;SRG321.ru
15.01.2024;SROCHNONEWS.ru
15.01.2024;SROHNONEWS.ru
15.01.2024;SSCIMG.ru
15.01.2024;ST-ALEX.ru
15.01.2024;STAEMCOMNUNINTIY.ru
15.01.2024;STAFFCARE.ru
15.01.2024;STAGE-RF45.ru
15.01.2024;STAND-GOLDIN.ru
15.01.2024;STAND0FFHACK.ru
15.01.2024;STAR-BUILDING.ru
15.01.2024;STARDA-BONUSI.ru
15.01.2024;STARDA-PROMO.ru
15.01.2024;START11.ru
15.01.2024;STARTFOKUS.ru
15.01.2024;STARTUBHUB20.ru
15.01.2024;STASPLATO.ru
15.01.2024;STEACMCOMNNUNTY.ru
15.01.2024;STEAMCOMMUNIFY.ru
15.01.2024;STEAMCOMMUQNITY.ru
15.01.2024;STEAMCOMMURINTY.ru
15.01.2024;STEAMCOMNNUNLTY.ru
15.01.2024;STELLAR-INTERIOR.ru
15.01.2024;STELLITAMK.ru
15.01.2024;STEPPROF.ru
15.01.2024;STEVIKA.ru
15.01.2024;STILL-2857.ru
15.01.2024;STILL-6721.ru
15.01.2024;STO-ORDJO.ru
15.01.2024;STOLICA-TELEKOM.ru
15.01.2024;STOLITSA-KZN.ru
15.01.2024;STOLLABSPB.ru
15.01.2024;STOLMARKETMOS.ru
15.01.2024;STOP-DOLGOV-2024.ru
15.01.2024;STOREYAM.ru
15.01.2024;STPROD.ru
15.01.2024;STRAP1.ru
15.01.2024;STRATEGYINPROF.ru
15.01.2024;STREAMING-PLATFORM.ru
15.01.2024;STROGONOVA-TOP.ru
15.01.2024;STROITELSTVO-DOMA-MOSCOW.ru
15.01.2024;STROITELSTVO-DOMA-MOSKVA.ru
15.01.2024;STROITELSTVO-DOMOV-POD-KLUYCH.ru
15.01.2024;STROITELSTVO-DOMOV-POD-KLUYCH77.ru
15.01.2024;STROPNN.ru
15.01.2024;STROY-ISP.ru
15.01.2024;STROYUPRUD.ru
15.01.2024;STUDIA-TELA.ru
15.01.2024;STUDIO-STOM.ru
15.01.2024;STUDIOGU.ru
15.01.2024;STUDIOLOOK-PM.ru
15.01.2024;STUDIOVBAK.ru
15.01.2024;SUDEBNYE-PRIKAZY.ru
15.01.2024;SUGAR-CARD.ru
15.01.2024;SUGARCARD.ru
15.01.2024;SUHIHCARGO.ru
15.01.2024;SUKHANKINA-ART.ru
15.01.2024;SUKHANKINA-PHOTO.ru
15.01.2024;SULAMITA-CHURCH.ru
15.01.2024;SUN-PHOTO24.ru
15.01.2024;SUNTRUCK.ru
15.01.2024;SUOB.ru
15.01.2024;SUPBOARD42.ru
15.01.2024;SUPECT.ru
15.01.2024;SUPERBB.ru
15.01.2024;SUPERFAMYLI.ru
15.01.2024;SUPETO.ru
15.01.2024;SUPPORTADMINS.ru
15.01.2024;SURACE.ru
15.01.2024;SURF-TECHNOLOGY.ru
15.01.2024;SURFTECHNOLOGY.ru
15.01.2024;SVARIO.ru
15.01.2024;SVCRYPT14.ru
15.01.2024;SVETLANAGALIEVA.ru
15.01.2024;SVFOT.ru
15.01.2024;SVLIST.ru
15.01.2024;SVLIST14.ru
15.01.2024;SVLMFOT.ru
15.01.2024;SVLMFOTO.ru
15.01.2024;SVLMLIST.ru
15.01.2024;SVLMLIST14.ru
15.01.2024;SVLMNWLIST.ru
15.01.2024;SVO-VETERAN.ru
15.01.2024;SVOYVKRD.ru
15.01.2024;SVYAZINTERCOM.ru
15.01.2024;SWEET-HOMEE.ru
15.01.2024;SWEETCUBE.ru
15.01.2024;SWMB7A.ru
15.01.2024;SWTLG.ru
15.01.2024;SWYACHTING.ru
15.01.2024;SYNDROME-X.ru
15.01.2024;SYNDROMEX.ru
15.01.2024;T-FERRAN.ru
15.01.2024;TACTIK-S.ru
15.01.2024;TAJVIDEO.ru
15.01.2024;TANK-BAIKAL.ru
15.01.2024;TANYARUSAKOVA.ru
15.01.2024;TANYASTEP.ru
15.01.2024;TARAPLAS.ru
15.01.2024;TARASENKO-ANDREI.ru
15.01.2024;TARASOVAKV.ru
15.01.2024;TASHAKLYCHKOVA.ru
15.01.2024;TASTY-TWISTS.ru
15.01.2024;TATIANA-F-LIGHT.ru
15.01.2024;TATLAMAHAN.ru
15.01.2024;TATRABUS.ru
15.01.2024;TAXI7VERST.ru
15.01.2024;TDGRANDE.ru
15.01.2024;TDOROSH.ru
15.01.2024;TEAM-TELEGRAM.ru
15.01.2024;TECHBAYSHOP.ru
15.01.2024;TECHGRAPH.ru
15.01.2024;TECHIEV.ru
15.01.2024;TECHLEX.ru
15.01.2024;TECHPRO-NN.ru
15.01.2024;TECHWED.ru
15.01.2024;TELE-TON.ru
15.01.2024;TEMA-AGENCY.ru
15.01.2024;TENDYS.ru
15.01.2024;TENDYSCARE.ru
15.01.2024;TERELOVE.ru
15.01.2024;TERMANPUG.ru
15.01.2024;TERSIPLATFORM.ru
15.01.2024;TESNIRYEM.ru
15.01.2024;TEST-BP.ru
15.01.2024;TEST74.ru
15.01.2024;TESTVK.ru
15.01.2024;TEUFEL666SHOP.ru
15.01.2024;TGDEV-PYTHON.ru
15.01.2024;TGK2-ENERGO.ru
15.01.2024;TGO-WORKSHOP.ru
15.01.2024;TGRAZDACHI.ru
15.01.2024;THANKYOU-COFFEE.ru
15.01.2024;THE-ERSHOVS.ru
15.01.2024;THEFINALSUNIVERSITY.ru
15.01.2024;THEIRINASHABALINA.ru
15.01.2024;THENVK.ru
15.01.2024;THINKOUTSIDE.ru
15.01.2024;TIASAFE.ru
15.01.2024;TICKET-RU.ru
15.01.2024;TIGERTEA.ru
15.01.2024;TIM4ENKO-1.ru
15.01.2024;TIMBIZNES.ru
15.01.2024;TIME-IS-IN-YOUR-HANDS.ru
15.01.2024;TITANSIBINVEST.ru
15.01.2024;TMLOG.ru
15.01.2024;TMOMD.ru
15.01.2024;TOBOLEV.ru
15.01.2024;TOCHILDRENWITHLOVE.ru
15.01.2024;TOGLIATTI-LADA.ru
15.01.2024;TOK36V.ru
15.01.2024;TOKARCNC.ru
15.01.2024;TOKMED.ru
15.01.2024;TOLUCONSTRUCTION.ru
15.01.2024;TOLUGROUP.ru
15.01.2024;TOP-2024.ru
15.01.2024;TOP-KRASOK.ru
15.01.2024;TOP-PROGRESS.ru
15.01.2024;TOP-PROGRESS24.ru
15.01.2024;TOP123.ru
15.01.2024;TOPKAZINO-PLAY.ru
15.01.2024;TOPMYWED.ru
15.01.2024;TOPNEFTEGAS.ru
15.01.2024;TOPSITE-24.ru
15.01.2024;TORINVESTSTROY.ru
15.01.2024;TORME.ru
15.01.2024;TORMEBEL-NSK.ru
15.01.2024;TOSAMOE-SVADBA.ru
15.01.2024;TOURMONSTER.ru
15.01.2024;TOURTUR.ru
15.01.2024;TR-T-KO.ru
15.01.2024;TRACTOROCK.ru
15.01.2024;TRADE-TIME.ru
15.01.2024;TRADER-BIS.ru
15.01.2024;TRADES-INFO24.ru
15.01.2024;TRADINGFINAM.ru
15.01.2024;TRAF-TOP.ru
15.01.2024;TRAINEEANASTASIYA.ru
15.01.2024;TRAKTORINA.ru
15.01.2024;TRANS-INV.ru
15.01.2024;TRANSFERBELOKURIHA.ru
15.01.2024;TRAV-SALE.ru
15.01.2024;TRAVEL-GARUDA.ru
15.01.2024;TRAVIPGO.ru
15.01.2024;TREATMENTCHILDREN.ru
15.01.2024;TREHOR.ru
15.01.2024;TRIADA-GRAFIK-MEDIA.ru
15.01.2024;TRIGGER-YOU.ru
15.01.2024;TRIOTRIA.ru
15.01.2024;TRIP-INSURANCE.ru
15.01.2024;TRISHARIKA.ru
15.01.2024;TRITAMED.ru
15.01.2024;TRITANTE.ru
15.01.2024;TROFIM-N.ru
15.01.2024;TROLYCEUM.ru
15.01.2024;TRUCKS53.ru
15.01.2024;TRUEBETA.ru
15.01.2024;TSETSORIN.ru
15.01.2024;TSIFROVOJ-RUBL.ru
15.01.2024;TSJ-DUBRAVA.ru
15.01.2024;TST-GLORIYA.ru
15.01.2024;TSVETKCOVA.ru
15.01.2024;TUBESENDER.ru
15.01.2024;TURBO-KLIMAT.ru
15.01.2024;TURWORLD.ru
15.01.2024;TUS-REST.ru
15.01.2024;TVKRAS.ru
15.01.2024;TVOYATERRITORIA.ru
15.01.2024;TVOYXALAT.ru
15.01.2024;TWDEN.ru
15.01.2024;TWO-COMPANY.ru
15.01.2024;TWORM.ru
15.01.2024;TWOWINFONEWS.ru
15.01.2024;TYPICALPM.ru
15.01.2024;TYPS-2497.ru
15.01.2024;TYTZNAUT.ru
15.01.2024;UCHIBEZZABOT.ru
15.01.2024;UDACHNIE-MASTERA.ru
15.01.2024;UEKARD.ru
15.01.2024;UGSTROYSOCHI23.ru
15.01.2024;UISCHOOL12.ru
15.01.2024;UKI-HOME.ru
15.01.2024;UKUSAN-DV.ru
15.01.2024;ULINGVA.ru
15.01.2024;UNETEC.ru
15.01.2024;UNI-EXPRESS.ru
15.01.2024;UNLIMCASINO456.ru
15.01.2024;UNLIMCASINOW.ru
15.01.2024;UNUVURMAG.ru
15.01.2024;UPDATEPA.ru
15.01.2024;UPRUST.ru
15.01.2024;URAL-HOST.ru
15.01.2024;URBAN-CONTEXT.ru
15.01.2024;USAMODELKINA24.ru
15.01.2024;USEAPPS.ru
15.01.2024;USERSAI.ru
15.01.2024;USN1PROSENT.ru
15.01.2024;USNKA.ru
15.01.2024;UWIKI.ru
15.01.2024;V-2024-NETY-DOLGA.ru
15.01.2024;V-ARHYZ.ru
15.01.2024;V-ARKHYZ.ru
15.01.2024;VABASE.ru
15.01.2024;VAITO.ru
15.01.2024;VALENTIOLEYNIK.ru
15.01.2024;VALEO-ONLINCENTR.ru
15.01.2024;VALEREVNA-ISAEVA.ru
15.01.2024;VANHOLTER.ru
15.01.2024;VARVICHE.ru
15.01.2024;VASAKA.ru
15.01.2024;VASILIY-FOMA.ru
15.01.2024;VASINANASTYA.ru
15.01.2024;VBR22.ru
15.01.2024;VCTRKSTN.ru
15.01.2024;VDAREEV.ru
15.01.2024;VDOHNOVENIE-CLUB.ru
15.01.2024;VDSDC.ru
15.01.2024;VEDAIREN.ru
15.01.2024;VELESCHAN.ru
15.01.2024;VELVETGLOW.ru
15.01.2024;VELVETVISAGE.ru
15.01.2024;VENKI-NA-MOGILU.ru
15.01.2024;VENOM3.ru
15.01.2024;VERA-SOCHI.ru
15.01.2024;VERSUS-MODA.ru
15.01.2024;VERTEBRA-HEALTH.ru
15.01.2024;VESTNIKEZOO.ru
15.01.2024;VETERSTORE.ru
15.01.2024;VEXMUSIC.ru
15.01.2024;VI-NAILSKLIN.ru
15.01.2024;VIADOOKSOLUTIONS.ru
15.01.2024;VIALECT.ru
15.01.2024;VICTORY-SHCHELKOVA.ru
15.01.2024;VIDEO-24.ru
15.01.2024;VIDEOSYSTEMS-MSK.ru
15.01.2024;VIDNOE-INFORM.ru
15.01.2024;VIK-STROJ.ru
15.01.2024;VIKTADESIGNER.ru
15.01.2024;VILLA-V-PHUKETE.ru
15.01.2024;VINEZI.ru
15.01.2024;VINSTRUMENTE.ru
15.01.2024;VIP-TILERS-SPB.ru
15.01.2024;VIP8.ru
15.01.2024;VIPAVTOZNAK.ru
15.01.2024;VIRGAMASCLEPII.ru
15.01.2024;VISTA-GARDEN.ru
15.01.2024;VITAMIN25.ru
15.01.2024;VITPUTRIN.ru
15.01.2024;VITTABARANOVSKAYA.ru
15.01.2024;VIZANTIYA-APARTAMENTY.ru
15.01.2024;VIZHUTERIA.ru
15.01.2024;VKREDITE5.ru
15.01.2024;VKUSNOPAHNET.ru
15.01.2024;VKUSNOTOP.ru
15.01.2024;VKUSVILL-SOCHI.ru
15.01.2024;VLADAPROFESSIONAL.ru
15.01.2024;VLADGM.ru
15.01.2024;VLADISLAV-SPIRIDONOV.ru
15.01.2024;VLADISLAVLASHKOVTZ.ru
15.01.2024;VLAGA49.ru
15.01.2024;VMGB2.ru
15.01.2024;VMSTRELETS.ru
15.01.2024;VNLIB.ru
15.01.2024;VODKABET444.ru
15.01.2024;VOKVIS.ru
15.01.2024;VOQO.ru
15.01.2024;VOROTAVN.ru
15.01.2024;VOSHOD-TRANS.ru
15.01.2024;VOSTOK-ELEKTRA.ru
15.01.2024;VOZNYAA.ru
15.01.2024;VPSDC.ru
15.01.2024;VREMENAGODA-NN.ru
15.01.2024;VSBAKERY.ru
15.01.2024;VSEDENGIMNE.ru
15.01.2024;VSELENTORG.ru
15.01.2024;VSEMTRUSY.ru
15.01.2024;VSK-BORISOVICH51.ru
15.01.2024;VSTROYMARKET.ru
15.01.2024;VTEKSTE.ru
15.01.2024;VTEXTE.ru
15.01.2024;VTKPRESS.ru
15.01.2024;VUZRF1.ru
15.01.2024;VYKUPDOLGOV.ru
15.01.2024;VYSOTA-78.ru
15.01.2024;VYVESKA-OZON.ru
15.01.2024;VZLOMON.ru
15.01.2024;WALKIRIYA.ru
15.01.2024;WALLSSTYLE.ru
15.01.2024;WAMBATMARKET.ru
15.01.2024;WEB-FRILANS.ru
15.01.2024;WEB-FRILANS68.ru
15.01.2024;WEB-OPTIMIZE.ru
15.01.2024;WEBENE.ru
15.01.2024;WEDSY.ru
15.01.2024;WEECOO.ru
15.01.2024;WEGEEK.ru
15.01.2024;WEGNERSV.ru
15.01.2024;WELAERDETC.ru
15.01.2024;WELCOME-ZONE.ru
15.01.2024;WERMONTE.ru
15.01.2024;WHITEINWHITE.ru
15.01.2024;WILDEM.ru
15.01.2024;WILDGENOME.ru
15.01.2024;WILLEXINE.ru
15.01.2024;WILWARIN.ru
15.01.2024;WINGHURGHADA.ru
15.01.2024;WINO-GRAND.ru
15.01.2024;WINOGRAND.ru
15.01.2024;WINOGRANDE.ru
15.01.2024;WOD-TIRACTOR.ru
15.01.2024;WOLFKEYS.ru
15.01.2024;WOLONTOSRSSE.ru
15.01.2024;WOMENCLUB77.ru
15.01.2024;WOO-KEE.ru
15.01.2024;WOODENLIFE.ru
15.01.2024;WOODLITE.ru
15.01.2024;WOODY-PC.ru
15.01.2024;WORDPRESS-TRUE.ru
15.01.2024;WORK-REKLAMA.ru
15.01.2024;WORKSHOP-V.ru
15.01.2024;WORTWORKS.ru
15.01.2024;WOW-PEDANT.ru
15.01.2024;WTGJXRF.ru
15.01.2024;WWALLS.ru
15.01.2024;WWW-AZURAIR.ru
15.01.2024;X-SYNDROME.ru
15.01.2024;X-TOWN.ru
15.01.2024;X5-RABOTA.ru
15.01.2024;XAKRUSH.ru
15.01.2024;XIVAZ.ru
15.01.2024;XKTN.ru
15.01.2024;XOLOP2--2024.ru
15.01.2024;XRINXY.ru
15.01.2024;XSDIAMOND.ru
15.01.2024;XSDIOMANT.ru
15.01.2024;XSYNDROME.ru
15.01.2024;XTHAI.ru
15.01.2024;Y1P.ru
15.01.2024;Y99392S1.ru
15.01.2024;YA-EDA-DOSTAVKA.ru
15.01.2024;YABAUM.ru
15.01.2024;YAEDA-COURIERS.ru
15.01.2024;YAEDA-RABOTA.ru
15.01.2024;YAGALINA4754.ru
15.01.2024;YAGEORGERIEH.ru
15.01.2024;YAHUDEU2024.ru
15.01.2024;YANDEX-67.ru
15.01.2024;YARYDOM.ru
15.01.2024;YASHINA-T.ru
15.01.2024;YELAMANOV.ru
15.01.2024;YMAK.ru
15.01.2024;YNLAZE.ru
15.01.2024;YORENOV.ru
15.01.2024;YOUNOTALONE.ru
15.01.2024;YOUPLAYLIST.ru
15.01.2024;YOURLACE.ru
15.01.2024;YOURPAJAMAS.ru
15.01.2024;YOUTOBES.ru
15.01.2024;YOUTRACK-LYSENDE.ru
15.01.2024;YQEFQ7.ru
15.01.2024;YSERGEEVA79.ru
15.01.2024;YULENKOV.ru
15.01.2024;YULYA-KAZANINA.ru
15.01.2024;YULYASOK.ru
15.01.2024;YURAWEB.ru
15.01.2024;YUSHCHENKOVA.ru
15.01.2024;ZABAYKALAVTO.ru
15.01.2024;ZABORKRAFT.ru
15.01.2024;ZABOTAOBLIZKIH.ru
15.01.2024;ZAEBEST.ru
15.01.2024;ZAIDIZABERI.ru
15.01.2024;ZAIM-DENT.ru
15.01.2024;ZAIM-FLYING.ru
15.01.2024;ZAIMBESS.ru
15.01.2024;ZAIMDADUT.ru
15.01.2024;ZAIMDOPZP.ru
15.01.2024;ZAITSEVDEV.ru
15.01.2024;ZAKAZ7378.ru
15.01.2024;ZANIMAEMVSEMBYSTROO.ru
15.01.2024;ZAPMERS.ru
15.01.2024;ZARABOTOK134.ru
15.01.2024;ZAVITO.ru
15.01.2024;ZAYVKA-DOSTAVKI.ru
15.01.2024;ZAZAZAZA.ru
15.01.2024;ZBBVAS.ru
15.01.2024;ZDESURISTI3.ru
15.01.2024;ZDOROVOJOURNAL.ru
15.01.2024;ZEBRAGYM.ru
15.01.2024;ZEMLIVSEM.ru
15.01.2024;ZEN-DEV.ru
15.01.2024;ZHILKOMMUNSERVIS.ru
15.01.2024;ZHIRNOVA-TOP.ru
15.01.2024;ZHNYAKIN.ru
15.01.2024;ZHOKHOFF.ru
15.01.2024;ZIKBLO.ru
15.01.2024;ZIVIO.ru
15.01.2024;ZLO-TEACHER.ru
15.01.2024;ZNAIENGLISH.ru
15.01.2024;ZOODRIVER.ru
15.01.2024;ZOOLOGISTIKA.ru
15.01.2024;ZOOTAKSI-MSK.ru
15.01.2024;ZOOTAXI-DRUG.ru
15.01.2024;ZRUSS.ru
15.01.2024;ZSERVISE.ru
15.01.2024;ZVPHOTO.ru
